  0
SECTION
  2
HEADER
  9
$ACADVER
  1
AC1024
  9
$ACADMAINTVER
 70
6
  9
$DWGCODEPAGE
  3
ANSI_1252
  9
$LASTSAVEDBY
  1
ezdxf
  9
$INSBASE
 10
0.0
 20
0.0
 30
0.0
  9
$EXTMIN
 10
1e+20
 20
1e+20
 30
1e+20
  9
$EXTMAX
 10
-1e+20
 20
-1e+20
 30
-1e+20
  9
$LIMMIN
 10
0.0
 20
0.0
  9
$LIMMAX
 10
420.0
 20
297.0
  9
$ORTHOMODE
 70
0
  9
$REGENMODE
 70
1
  9
$FILLMODE
 70
1
  9
$QTEXTMODE
 70
0
  9
$MIRRTEXT
 70
1
  9
$LTSCALE
 40
1.0
  9
$ATTMODE
 70
1
  9
$TEXTSIZE
 40
2.5
  9
$TRACEWID
 40
1.0
  9
$TEXTSTYLE
  7
OpenSans
  9
$CLAYER
  8
0
  9
$CELTYPE
  6
ByLayer
  9
$CECOLOR
 62
256
  9
$CELTSCALE
 40
1.0
  9
$DISPSILH
 70
0
  9
$DIMSCALE
 40
1.0
  9
$DIMASZ
 40
0.175
  9
$DIMEXO
 40
0.125
  9
$DIMDLI
 40
3.75
  9
$DIMRND
 40
0.0
  9
$DIMDLE
 40
0.0
  9
$DIMEXE
 40
0.375
  9
$DIMTP
 40
0.0
  9
$DIMTM
 40
0.0
  9
$DIMTXT
 40
0.25
  9
$DIMCEN
 40
2.5
  9
$DIMTSZ
 40
0.0
  9
$DIMTOL
 70
0
  9
$DIMLIM
 70
0
  9
$DIMTIH
 70
0
  9
$DIMTOH
 70
0
  9
$DIMSE1
 70
0
  9
$DIMSE2
 70
0
  9
$DIMTAD
 70
1
  9
$DIMZIN
 70
12
  9
$DIMBLK
  1
ARCHTICK
  9
$DIMASO
 70
1
  9
$DIMSHO
 70
1
  9
$DIMPOST
  1

  9
$DIMAPOST
  1

  9
$DIMALT
 70
0
  9
$DIMALTD
 70
3
  9
$DIMALTF
 40
0.03937007874
  9
$DIMLFAC
 40
100.0
  9
$DIMTOFL
 70
1
  9
$DIMTVP
 40
0.0
  9
$DIMTIX
 70
0
  9
$DIMSOXD
 70
0
  9
$DIMSAH
 70
0
  9
$DIMBLK1
  1

  9
$DIMBLK2
  1

  9
$DIMSTYLE
  2
EZDXF
  9
$DIMCLRD
 70
0
  9
$DIMCLRE
 70
0
  9
$DIMCLRT
 70
0
  9
$DIMTFAC
 40
0.5
  9
$DIMGAP
 40
0.1
  9
$DIMJUST
 70
0
  9
$DIMSD1
 70
0
  9
$DIMSD2
 70
0
  9
$DIMTOLJ
 70
0
  9
$DIMTZIN
 70
8
  9
$DIMALTZ
 70
0
  9
$DIMALTTZ
 70
0
  9
$DIMUPT
 70
1
  9
$DIMDEC
 70
2
  9
$DIMTDEC
 70
2
  9
$DIMALTU
 70
2
  9
$DIMALTTD
 70
3
  9
$DIMTXSTY
  7
OpenSansCondensed-Light
  9
$DIMAUNIT
 70
0
  9
$DIMADEC
 70
2
  9
$DIMALTRND
 40
0.0
  9
$DIMAZIN
 70
3
  9
$DIMDSEP
 70
46
  9
$DIMATFIT
 70
3
  9
$DIMFRAC
 70
0
  9
$DIMLDRBLK
  1

  9
$DIMLUNIT
 70
2
  9
$DIMLWD
 70
-2
  9
$DIMLWE
 70
-2
  9
$DIMTMOVE
 70
2
  9
$DIMFXL
 40
1.0
  9
$DIMFXLON
 70
0
  9
$DIMJOGANG
 40
0.785398163397
  9
$DIMTFILL
 70
0
  9
$DIMTFILLCLR
 70
0
  9
$DIMARCSYM
 70
0
  9
$DIMLTYPE
  6

  9
$DIMLTEX1
  6

  9
$DIMLTEX2
  6

  9
$DIMTXTDIRECTION
 70
0
  9
$LUNITS
 70
2
  9
$LUPREC
 70
4
  9
$SKETCHINC
 40
1.0
  9
$FILLETRAD
 40
10.0
  9
$AUNITS
 70
0
  9
$AUPREC
 70
2
  9
$MENU
  1
.
  9
$ELEVATION
 40
0.0
  9
$PELEVATION
 40
0.0
  9
$THICKNESS
 40
0.0
  9
$LIMCHECK
 70
0
  9
$CHAMFERA
 40
0.0
  9
$CHAMFERB
 40
0.0
  9
$CHAMFERC
 40
0.0
  9
$CHAMFERD
 40
0.0
  9
$SKPOLY
 70
0
  9
$TDCREATE
 40
2461214.783310185
  9
$TDUCREATE
 40
2458532.153996898
  9
$TDUPDATE
 40
2461214.783310185
  9
$TDUUPDATE
 40
2458532.1544311
  9
$TDINDWG
 40
0.0
  9
$TDUSRTIMER
 40
0.0
  9
$USRTIMER
 70
1
  9
$ANGBASE
 50
0.0
  9
$ANGDIR
 70
0
  9
$PDMODE
 70
0
  9
$PDSIZE
 40
0.0
  9
$PLINEWID
 40
0.0
  9
$SPLFRAME
 70
0
  9
$SPLINETYPE
 70
6
  9
$SPLINESEGS
 70
8
  9
$HANDSEED
  5
B65
  9
$SURFTAB1
 70
6
  9
$SURFTAB2
 70
6
  9
$SURFTYPE
 70
6
  9
$SURFU
 70
6
  9
$SURFV
 70
6
  9
$UCSBASE
  2

  9
$UCSNAME
  2

  9
$UCSORG
 10
0.0
 20
0.0
 30
0.0
  9
$UCSXDIR
 10
1.0
 20
0.0
 30
0.0
  9
$UCSYDIR
 10
0.0
 20
1.0
 30
0.0
  9
$UCSORTHOREF
  2

  9
$UCSORTHOVIEW
 70
0
  9
$UCSORGTOP
 10
0.0
 20
0.0
 30
0.0
  9
$UCSORGBOTTOM
 10
0.0
 20
0.0
 30
0.0
  9
$UCSORGLEFT
 10
0.0
 20
0.0
 30
0.0
  9
$UCSORGRIGHT
 10
0.0
 20
0.0
 30
0.0
  9
$UCSORGFRONT
 10
0.0
 20
0.0
 30
0.0
  9
$UCSORGBACK
 10
0.0
 20
0.0
 30
0.0
  9
$PUCSBASE
  2

  9
$PUCSNAME
  2

  9
$PUCSORG
 10
0.0
 20
0.0
 30
0.0
  9
$PUCSXDIR
 10
1.0
 20
0.0
 30
0.0
  9
$PUCSYDIR
 10
0.0
 20
1.0
 30
0.0
  9
$PUCSORTHOREF
  2

  9
$PUCSORTHOVIEW
 70
0
  9
$PUCSORGTOP
 10
0.0
 20
0.0
 30
0.0
  9
$PUCSORGBOTTOM
 10
0.0
 20
0.0
 30
0.0
  9
$PUCSORGLEFT
 10
0.0
 20
0.0
 30
0.0
  9
$PUCSORGRIGHT
 10
0.0
 20
0.0
 30
0.0
  9
$PUCSORGFRONT
 10
0.0
 20
0.0
 30
0.0
  9
$PUCSORGBACK
 10
0.0
 20
0.0
 30
0.0
  9
$USERI1
 70
0
  9
$USERI2
 70
0
  9
$USERI3
 70
0
  9
$USERI4
 70
0
  9
$USERI5
 70
0
  9
$USERR1
 40
0.0
  9
$USERR2
 40
0.0
  9
$USERR3
 40
0.0
  9
$USERR4
 40
0.0
  9
$USERR5
 40
0.0
  9
$WORLDVIEW
 70
1
  9
$SHADEDGE
 70
3
  9
$SHADEDIF
 70
70
  9
$TILEMODE
 70
1
  9
$MAXACTVP
 70
64
  9
$PINSBASE
 10
0.0
 20
0.0
 30
0.0
  9
$PLIMCHECK
 70
0
  9
$PEXTMIN
 10
1e+20
 20
1e+20
 30
1e+20
  9
$PEXTMAX
 10
-1e+20
 20
-1e+20
 30
-1e+20
  9
$PLIMMIN
 10
0.0
 20
0.0
  9
$PLIMMAX
 10
420.0
 20
297.0
  9
$UNITMODE
 70
0
  9
$VISRETAIN
 70
1
  9
$PLINEGEN
 70
0
  9
$PSLTSCALE
 70
1
  9
$TREEDEPTH
 70
3020
  9
$CMLSTYLE
  2
Standard
  9
$CMLJUST
 70
0
  9
$CMLSCALE
 40
20.0
  9
$PROXYGRAPHICS
 70
1
  9
$MEASUREMENT
 70
1
  9
$CELWEIGHT
370
-1
  9
$ENDCAPS
280
0
  9
$JOINSTYLE
280
0
  9
$LWDISPLAY
290
0
  9
$INSUNITS
 70
6
  9
$HYPERLINKBASE
  1

  9
$STYLESHEET
  1

  9
$XEDIT
290
1
  9
$CEPSNTYPE
380
0
  9
$PSTYLEMODE
290
1
  9
$FINGERPRINTGUID
  2
{BC7BF7A3-8F28-4D59-B4F8-A48CA25BC457}
  9
$VERSIONGUID
  2
{2D347CEF-3393-4922-A80E-5847482A01CD}
  9
$EXTNAMES
290
1
  9
$PSVPSCALE
 40
0.0
  9
$OLESTARTUP
290
0
  9
$SORTENTS
280
127
  9
$INDEXCTL
280
0
  9
$HIDETEXT
280
1
  9
$XCLIPFRAME
280
1
  9
$HALOGAP
280
0
  9
$OBSCOLOR
 70
257
  9
$OBSLTYPE
280
0
  9
$INTERSECTIONDISPLAY
280
0
  9
$INTERSECTIONCOLOR
 70
257
  9
$DIMASSOC
280
2
  9
$PROJECTNAME
  1

  9
$CAMERADISPLAY
290
0
  9
$LENSLENGTH
 40
50.0
  9
$CAMERAHEIGHT
 40
0.0
  9
$STEPSPERSEC
 40
24.0
  9
$STEPSIZE
 40
100.0
  9
$3DDWFPREC
 40
2.0
  9
$PSOLWIDTH
 40
0.005
  9
$PSOLHEIGHT
 40
0.08
  9
$LOFTANG1
 40
1.570796326795
  9
$LOFTANG2
 40
1.570796326795
  9
$LOFTMAG1
 40
0.0
  9
$LOFTMAG2
 40
0.0
  9
$LOFTPARAM
 70
7
  9
$LOFTNORMALS
280
1
  9
$LATITUDE
 40
37.795
  9
$LONGITUDE
 40
-122.394
  9
$NORTHDIRECTION
 40
0.0
  9
$TIMEZONE
 70
-8000
  9
$LIGHTGLYPHDISPLAY
280
1
  9
$TILEMODELIGHTSYNCH
280
1
  9
$CMATERIAL
347
20
  9
$SOLIDHIST
280
0
  9
$SHOWHIST
280
1
  9
$DWFFRAME
280
2
  9
$DGNFRAME
280
2
  9
$REALWORLDSCALE
290
1
  9
$INTERFERECOLOR
 62
256
  9
$CSHADOW
280
0
  9
$SHADOWPLANELOCATION
 40
0.0
  0
ENDSEC
  0
SECTION
  2
CLASSES
  0
CLASS
  1
ACDBDICTIONARYWDFLT
  2
AcDbDictionaryWithDefault
  3
ObjectDBX Classes
 90
0
 91
0
280
0
281
0
  0
CLASS
  1
SUN
  2
AcDbSun
  3
SCENEOE
 90
1153
 91
0
280
0
281
0
  0
CLASS
  1
VISUALSTYLE
  2
AcDbVisualStyle
  3
ObjectDBX Classes
 90
4095
 91
0
280
0
281
0
  0
CLASS
  1
MATERIAL
  2
AcDbMaterial
  3
ObjectDBX Classes
 90
1153
 91
0
280
0
281
0
  0
CLASS
  1
SCALE
  2
AcDbScale
  3
ObjectDBX Classes
 90
1153
 91
0
280
0
281
0
  0
CLASS
  1
TABLESTYLE
  2
AcDbTableStyle
  3
ObjectDBX Classes
 90
4095
 91
0
280
0
281
0
  0
CLASS
  1
MLEADERSTYLE
  2
AcDbMLeaderStyle
  3
ACDB_MLEADERSTYLE_CLASS
 90
4095
 91
0
280
0
281
0
  0
CLASS
  1
DICTIONARYVAR
  2
AcDbDictionaryVar
  3
ObjectDBX Classes
 90
0
 91
0
280
0
281
0
  0
CLASS
  1
CELLSTYLEMAP
  2
AcDbCellStyleMap
  3
ObjectDBX Classes
 90
1152
 91
0
280
0
281
0
  0
CLASS
  1
MENTALRAYRENDERSETTINGS
  2
AcDbMentalRayRenderSettings
  3
SCENEOE
 90
1024
 91
0
280
0
281
0
  0
CLASS
  1
ACDBDETAILVIEWSTYLE
  2
AcDbDetailViewStyle
  3
ObjectDBX Classes
 90
1025
 91
0
280
0
281
0
  0
CLASS
  1
ACDBSECTIONVIEWSTYLE
  2
AcDbSectionViewStyle
  3
ObjectDBX Classes
 90
1025
 91
0
280
0
281
0
  0
CLASS
  1
RASTERVARIABLES
  2
AcDbRasterVariables
  3
ISM
 90
0
 91
0
280
0
281
0
  0
CLASS
  1
ACDBPLACEHOLDER
  2
AcDbPlaceHolder
  3
ObjectDBX Classes
 90
0
 91
0
280
0
281
0
  0
CLASS
  1
LAYOUT
  2
AcDbLayout
  3
ObjectDBX Classes
 90
0
 91
0
280
0
281
0
  0
ENDSEC
  0
SECTION
  2
TABLES
  0
TABLE
  2
VPORT
  5
8
330
0
100
AcDbSymbolTable
 70
1
  0
VPORT
  5
23
330
8
100
AcDbSymbolTableRecord
100
AcDbViewportTableRecord
  2
*Active
 70
0
 10
0.0
 20
0.0
 11
1.0
 21
1.0
 12
0.0
 22
0.0
 13
0.0
 23
0.0
 14
0.5
 24
0.5
 15
0.5
 25
0.5
 16
0.0
 26
0.0
 36
1.0
 17
0.0
 27
0.0
 37
0.0
 40
1000.0
 41
1.34
 42
50.0
 43
0.0
 44
0.0
 50
0.0
 51
0.0
 71
0
 72
1000
 73
1
 74
3
 75
0
 76
0
 77
0
 78
0
281
0
 65
0
146
0.0
  0
ENDTAB
  0
TABLE
  2
LTYPE
  5
2
330
0
100
AcDbSymbolTable
 70
21
  0
LTYPE
  5
24
330
2
100
AcDbSymbolTableRecord
100
AcDbLinetypeTableRecord
  2
ByBlock
 70
0
  3

 72
65
 73
0
 40
0.0
  0
LTYPE
  5
25
330
2
100
AcDbSymbolTableRecord
100
AcDbLinetypeTableRecord
  2
ByLayer
 70
0
  3

 72
65
 73
0
 40
0.0
  0
LTYPE
  5
26
330
2
100
AcDbSymbolTableRecord
100
AcDbLinetypeTableRecord
  2
Continuous
 70
0
  3

 72
65
 73
0
 40
0.0
  0
LTYPE
  5
2F
330
2
100
AcDbSymbolTableRecord
100
AcDbLinetypeTableRecord
  2
CENTER
 70
0
  3
Center ____ _ ____ _ ____ _ ____ _ ____ _ ____
 72
65
 73
4
 40
5.08
 49
3.175
 74
0
 49
-0.635
 74
0
 49
0.635
 74
0
 49
-0.635
 74
0
  0
LTYPE
  5
30
330
2
100
AcDbSymbolTableRecord
100
AcDbLinetypeTableRecord
  2
CENTERX2
 70
0
  3
Center (2x) ________  __  ________  __  ________
 72
65
 73
4
 40
8.89
 49
6.35
 74
0
 49
-0.635
 74
0
 49
1.27
 74
0
 49
-0.635
 74
0
  0
LTYPE
  5
31
330
2
100
AcDbSymbolTableRecord
100
AcDbLinetypeTableRecord
  2
CENTER2
 70
0
  3
Center (.5x) ____ _ ____ _ ____ _ ____ _ ____
 72
65
 73
4
 40
2.54
 49
1.587
 74
0
 49
-0.318
 74
0
 49
0.318
 74
0
 49
-0.318
 74
0
  0
LTYPE
  5
32
330
2
100
AcDbSymbolTableRecord
100
AcDbLinetypeTableRecord
  2
DASHED
 70
0
  3
Dashed __ __ __ __ __ __ __ __ __ __ __ __ __ _
 72
65
 73
2
 40
1.524
 49
1.27
 74
0
 49
-0.254
 74
0
  0
LTYPE
  5
33
330
2
100
AcDbSymbolTableRecord
100
AcDbLinetypeTableRecord
  2
DASHEDX2
 70
0
  3
Dashed (2x) ____  ____  ____  ____  ____  ____
 72
65
 73
2
 40
3.048
 49
2.54
 74
0
 49
-0.508
 74
0
  0
LTYPE
  5
34
330
2
100
AcDbSymbolTableRecord
100
AcDbLinetypeTableRecord
  2
DASHED2
 70
0
  3
Dashed (.5x) _ _ _ _ _ _ _ _ _ _ _ _ _ _
 72
65
 73
2
 40
0.762
 49
0.635
 74
0
 49
-0.127
 74
0
  0
LTYPE
  5
35
330
2
100
AcDbSymbolTableRecord
100
AcDbLinetypeTableRecord
  2
PHANTOM
 70
0
  3
Phantom ______  __  __  ______  __  __  ______
 72
65
 73
6
 40
6.35
 49
3.175
 74
0
 49
-0.635
 74
0
 49
0.635
 74
0
 49
-0.635
 74
0
 49
0.635
 74
0
 49
-0.635
 74
0
  0
LTYPE
  5
36
330
2
100
AcDbSymbolTableRecord
100
AcDbLinetypeTableRecord
  2
PHANTOMX2
 70
0
  3
Phantom (2x)____________    ____    ____    ____________
 72
65
 73
6
 40
10.795
 49
6.35
 74
0
 49
-0.635
 74
0
 49
1.27
 74
0
 49
-0.635
 74
0
 49
1.27
 74
0
 49
-0.635
 74
0
  0
LTYPE
  5
37
330
2
100
AcDbSymbolTableRecord
100
AcDbLinetypeTableRecord
  2
PHANTOM2
 70
0
  3
Phantom (.5x) ___ _ _ ___ _ _ ___ _ _ ___ _ _ ___
 72
65
 73
6
 40
3.175
 49
1.587
 74
0
 49
-0.318
 74
0
 49
0.318
 74
0
 49
-0.318
 74
0
 49
0.318
 74
0
 49
-0.318
 74
0
  0
LTYPE
  5
38
330
2
100
AcDbSymbolTableRecord
100
AcDbLinetypeTableRecord
  2
DASHDOT
 70
0
  3
Dash dot __ . __ . __ . __ . __ . __ . __ . __
 72
65
 73
4
 40
3.556
 49
2.54
 74
0
 49
-0.508
 74
0
 49
0.0
 74
0
 49
-0.508
 74
0
  0
LTYPE
  5
39
330
2
100
AcDbSymbolTableRecord
100
AcDbLinetypeTableRecord
  2
DASHDOTX2
 70
0
  3
Dash dot (2x) ____  .  ____  .  ____  .  ____
 72
65
 73
4
 40
6.096
 49
5.08
 74
0
 49
-0.508
 74
0
 49
0.0
 74
0
 49
-0.508
 74
0
  0
LTYPE
  5
3A
330
2
100
AcDbSymbolTableRecord
100
AcDbLinetypeTableRecord
  2
DASHDOT2
 70
0
  3
Dash dot (.5x) _ . _ . _ . _ . _ . _ . _ . _
 72
65
 73
4
 40
1.778
 49
1.27
 74
0
 49
-0.254
 74
0
 49
0.0
 74
0
 49
-0.254
 74
0
  0
LTYPE
  5
3B
330
2
100
AcDbSymbolTableRecord
100
AcDbLinetypeTableRecord
  2
DOT
 70
0
  3
Dot .  .  .  .  .  .  .  .  .  .  .  .  .  .  .  .
 72
65
 73
2
 40
0.508
 49
0.0
 74
0
 49
-0.508
 74
0
  0
LTYPE
  5
3C
330
2
100
AcDbSymbolTableRecord
100
AcDbLinetypeTableRecord
  2
DOTX2
 70
0
  3
Dot (2x) .    .    .    .    .    .    .    . 
 72
65
 73
2
 40
1.016
 49
0.0
 74
0
 49
-1.016
 74
0
  0
LTYPE
  5
3D
330
2
100
AcDbSymbolTableRecord
100
AcDbLinetypeTableRecord
  2
DOT2
 70
0
  3
Dot (.5) . . . . . . . . . . . . . . . . . . . 
 72
65
 73
2
 40
0.254
 49
0.0
 74
0
 49
-0.254
 74
0
  0
LTYPE
  5
3E
330
2
100
AcDbSymbolTableRecord
100
AcDbLinetypeTableRecord
  2
DIVIDE
 70
0
  3
Divide __ . . __ . . __ . . __ . . __ . . __
 72
65
 73
6
 40
4.064
 49
2.54
 74
0
 49
-0.508
 74
0
 49
0.0
 74
0
 49
-0.508
 74
0
 49
0.0
 74
0
 49
-0.508
 74
0
  0
LTYPE
  5
3F
330
2
100
AcDbSymbolTableRecord
100
AcDbLinetypeTableRecord
  2
DIVIDEX2
 70
0
  3
Divide (2x) ____  . .  ____  . .  ____  . .  ____
 72
65
 73
6
 40
6.604
 49
5.08
 74
0
 49
-0.508
 74
0
 49
0.0
 74
0
 49
-0.508
 74
0
 49
0.0
 74
0
 49
-0.508
 74
0
  0
LTYPE
  5
40
330
2
100
AcDbSymbolTableRecord
100
AcDbLinetypeTableRecord
  2
DIVIDE2
 70
0
  3
Divide(.5x) _ . _ . _ . _ . _ . _ . _ . _
 72
65
 73
6
 40
2.032
 49
1.27
 74
0
 49
-0.254
 74
0
 49
0.0
 74
0
 49
-0.254
 74
0
 49
0.0
 74
0
 49
-0.254
 74
0
  0
ENDTAB
  0
TABLE
  2
LAYER
  5
1
330
0
100
AcDbSymbolTable
 70
13
  0
LAYER
  5
27
330
1
100
AcDbSymbolTableRecord
100
AcDbLayerTableRecord
  2
0
 70
0
 62
7
  6
Continuous
370
-3
390
13
347
21
  0
LAYER
  5
28
330
1
100
AcDbSymbolTableRecord
100
AcDbLayerTableRecord
  2
Defpoints
 70
0
 62
7
  6
Continuous
290
0
370
-3
390
13
347
21
  0
LAYER
  5
8A
330
1
100
AcDbSymbolTableRecord
100
AcDbLayerTableRecord
  2
PISO-MORET
 70
0
 62
30
  6
Continuous
370
-3
390
13
347
21
  0
LAYER
  5
8B
330
1
100
AcDbSymbolTableRecord
100
AcDbLayerTableRecord
  2
PISO-ROYAL-WALNUT
 70
0
 62
4
  6
Continuous
370
-3
390
13
347
21
  0
LAYER
  5
8C
330
1
100
AcDbSymbolTableRecord
100
AcDbLayerTableRecord
  2
ETIQUETAS
 70
0
 62
7
  6
Continuous
370
-3
390
13
347
21
  0
LAYER
  5
8D
330
1
100
AcDbSymbolTableRecord
100
AcDbLayerTableRecord
  2
CORTE-TILE
 70
0
 62
7
  6
Continuous
370
-3
390
13
347
21
  0
LAYER
  5
8E
330
1
100
AcDbSymbolTableRecord
100
AcDbLayerTableRecord
  2
CORTE-RECORTE
 70
0
 62
3
  6
Continuous
370
-3
390
13
347
21
  0
LAYER
  5
8F
330
1
100
AcDbSymbolTableRecord
100
AcDbLayerTableRecord
  2
CORTE-SOBRANTE
 70
0
 62
2
  6
Continuous
370
-3
390
13
347
21
  0
LAYER
  5
90
330
1
100
AcDbSymbolTableRecord
100
AcDbLayerTableRecord
  2
CORTE-DESPERDICIO
 70
0
 62
1
  6
Continuous
370
-3
390
13
347
21
  0
LAYER
  5
91
330
1
100
AcDbSymbolTableRecord
100
AcDbLayerTableRecord
  2
CORTE-TEXTO
 70
0
 62
5
  6
Continuous
370
-3
390
13
347
21
  0
LAYER
  5
92
330
1
100
AcDbSymbolTableRecord
100
AcDbLayerTableRecord
  2
SOBRANTES-MAPA
 70
0
 62
6
  6
Continuous
370
-3
390
13
347
21
  0
LAYER
  5
93
330
1
100
AcDbSymbolTableRecord
100
AcDbLayerTableRecord
  2
SOBRANTES-RECORTE
 70
0
 62
2
  6
Continuous
370
-3
390
13
347
21
  0
LAYER
  5
94
330
1
100
AcDbSymbolTableRecord
100
AcDbLayerTableRecord
  2
SOBRANTES-TEXTO
 70
0
 62
6
  6
Continuous
370
-3
390
13
347
21
  0
ENDTAB
  0
TABLE
  2
STYLE
  5
5
330
0
100
AcDbSymbolTable
 70
26
  0
STYLE
  5
29
330
5
100
AcDbSymbolTableRecord
100
AcDbTextStyleTableRecord
  2
Standard
 70
0
 40
0.0
 41
1.0
 50
0.0
 71
0
 42
2.5
  3
txt
  4

  0
STYLE
  5
41
330
5
100
AcDbSymbolTableRecord
100
AcDbTextStyleTableRecord
  2
OpenSans-Light
 70
0
 40
0.0
 41
1.0
 50
0.0
 71
0
 42
2.5
  3
OpenSans-Light.ttf
  4

  0
STYLE
  5
42
330
5
100
AcDbSymbolTableRecord
100
AcDbTextStyleTableRecord
  2
OpenSans-Light-Italic
 70
0
 40
0.0
 41
1.0
 50
0.0
 71
0
 42
2.5
  3
OpenSans-LightItalic.ttf
  4

  0
STYLE
  5
43
330
5
100
AcDbSymbolTableRecord
100
AcDbTextStyleTableRecord
  2
OpenSans
 70
0
 40
0.0
 41
1.0
 50
0.0
 71
0
 42
2.5
  3
OpenSans-Regular.ttf
  4

  0
STYLE
  5
44
330
5
100
AcDbSymbolTableRecord
100
AcDbTextStyleTableRecord
  2
OpenSans-Italic
 70
0
 40
0.0
 41
1.0
 50
0.0
 71
0
 42
2.5
  3
OpenSans-Italic.ttf
  4

  0
STYLE
  5
45
330
5
100
AcDbSymbolTableRecord
100
AcDbTextStyleTableRecord
  2
OpenSans-SemiBold
 70
0
 40
0.0
 41
1.0
 50
0.0
 71
0
 42
2.5
  3
OpenSans-SemiBold.ttf
  4

  0
STYLE
  5
46
330
5
100
AcDbSymbolTableRecord
100
AcDbTextStyleTableRecord
  2
OpenSans-SemiBoldItalic
 70
0
 40
0.0
 41
1.0
 50
0.0
 71
0
 42
2.5
  3
OpenSans-SemiBoldItalic.ttf
  4

  0
STYLE
  5
47
330
5
100
AcDbSymbolTableRecord
100
AcDbTextStyleTableRecord
  2
OpenSans-Bold
 70
0
 40
0.0
 41
1.0
 50
0.0
 71
0
 42
2.5
  3
OpenSans-Bold.ttf
  4

  0
STYLE
  5
48
330
5
100
AcDbSymbolTableRecord
100
AcDbTextStyleTableRecord
  2
OpenSans-BoldItalic
 70
0
 40
0.0
 41
1.0
 50
0.0
 71
0
 42
2.5
  3
OpenSans-BoldItalic.ttf
  4

  0
STYLE
  5
49
330
5
100
AcDbSymbolTableRecord
100
AcDbTextStyleTableRecord
  2
OpenSans-ExtraBold
 70
0
 40
0.0
 41
1.0
 50
0.0
 71
0
 42
2.5
  3
OpenSans-ExtraBold.ttf
  4

  0
STYLE
  5
4A
330
5
100
AcDbSymbolTableRecord
100
AcDbTextStyleTableRecord
  2
OpenSans-ExtraBoldItalic
 70
0
 40
0.0
 41
1.0
 50
0.0
 71
0
 42
2.5
  3
OpenSans-ExtraBoldItalic.ttf
  4

  0
STYLE
  5
4B
330
5
100
AcDbSymbolTableRecord
100
AcDbTextStyleTableRecord
  2
OpenSansCondensed-Bold
 70
0
 40
0.0
 41
1.0
 50
0.0
 71
0
 42
2.5
  3
OpenSansCondensed-Bold.ttf
  4

  0
STYLE
  5
4C
330
5
100
AcDbSymbolTableRecord
100
AcDbTextStyleTableRecord
  2
OpenSansCondensed-Light
 70
0
 40
0.0
 41
1.0
 50
0.0
 71
0
 42
2.5
  3
OpenSansCondensed-Light.ttf
  4

  0
STYLE
  5
4D
330
5
100
AcDbSymbolTableRecord
100
AcDbTextStyleTableRecord
  2
OpenSansCondensed-Italic
 70
0
 40
0.0
 41
1.0
 50
0.0
 71
0
 42
2.5
  3
OpenSansCondensed-LightItalic.ttf
  4

  0
STYLE
  5
4E
330
5
100
AcDbSymbolTableRecord
100
AcDbTextStyleTableRecord
  2
LiberationSans
 70
0
 40
0.0
 41
1.0
 50
0.0
 71
0
 42
2.5
  3
LiberationSans-Regular.ttf
  4

  0
STYLE
  5
4F
330
5
100
AcDbSymbolTableRecord
100
AcDbTextStyleTableRecord
  2
LiberationSans-Bold
 70
0
 40
0.0
 41
1.0
 50
0.0
 71
0
 42
2.5
  3
LiberationSans-Bold.ttf
  4

  0
STYLE
  5
50
330
5
100
AcDbSymbolTableRecord
100
AcDbTextStyleTableRecord
  2
LiberationSans-BoldItalic
 70
0
 40
0.0
 41
1.0
 50
0.0
 71
0
 42
2.5
  3
LiberationSans-BoldItalic.ttf
  4

  0
STYLE
  5
51
330
5
100
AcDbSymbolTableRecord
100
AcDbTextStyleTableRecord
  2
LiberationSans-Italic
 70
0
 40
0.0
 41
1.0
 50
0.0
 71
0
 42
2.5
  3
LiberationSans-Italic.ttf
  4

  0
STYLE
  5
52
330
5
100
AcDbSymbolTableRecord
100
AcDbTextStyleTableRecord
  2
LiberationSerif
 70
0
 40
0.0
 41
1.0
 50
0.0
 71
0
 42
2.5
  3
LiberationSerif-Regular.ttf
  4

  0
STYLE
  5
53
330
5
100
AcDbSymbolTableRecord
100
AcDbTextStyleTableRecord
  2
LiberationSerif-Bold
 70
0
 40
0.0
 41
1.0
 50
0.0
 71
0
 42
2.5
  3
LiberationSerif-Bold.ttf
  4

  0
STYLE
  5
54
330
5
100
AcDbSymbolTableRecord
100
AcDbTextStyleTableRecord
  2
LiberationSerif-BoldItalic
 70
0
 40
0.0
 41
1.0
 50
0.0
 71
0
 42
2.5
  3
LiberationSerif-BoldItalic.ttf
  4

  0
STYLE
  5
55
330
5
100
AcDbSymbolTableRecord
100
AcDbTextStyleTableRecord
  2
LiberationSerif-Italic
 70
0
 40
0.0
 41
1.0
 50
0.0
 71
0
 42
2.5
  3
LiberationSerif-Italic.ttf
  4

  0
STYLE
  5
56
330
5
100
AcDbSymbolTableRecord
100
AcDbTextStyleTableRecord
  2
LiberationMono
 70
0
 40
0.0
 41
1.0
 50
0.0
 71
0
 42
2.5
  3
LiberationMono-Regular.ttf
  4

  0
STYLE
  5
57
330
5
100
AcDbSymbolTableRecord
100
AcDbTextStyleTableRecord
  2
LiberationMono-Bold
 70
0
 40
0.0
 41
1.0
 50
0.0
 71
0
 42
2.5
  3
LiberationMono-Bold.ttf
  4

  0
STYLE
  5
58
330
5
100
AcDbSymbolTableRecord
100
AcDbTextStyleTableRecord
  2
LiberationMono-BoldItalic
 70
0
 40
0.0
 41
1.0
 50
0.0
 71
0
 42
2.5
  3
LiberationMono-BoldItalic.ttf
  4

  0
STYLE
  5
59
330
5
100
AcDbSymbolTableRecord
100
AcDbTextStyleTableRecord
  2
LiberationMono-Italic
 70
0
 40
0.0
 41
1.0
 50
0.0
 71
0
 42
2.5
  3
LiberationMono-Italic.ttf
  4

  0
ENDTAB
  0
TABLE
  2
VIEW
  5
7
330
0
100
AcDbSymbolTable
 70
0
  0
ENDTAB
  0
TABLE
  2
UCS
  5
6
330
0
100
AcDbSymbolTable
 70
0
  0
ENDTAB
  0
TABLE
  2
APPID
  5
3
330
0
100
AcDbSymbolTable
 70
3
  0
APPID
  5
2A
330
3
100
AcDbSymbolTableRecord
100
AcDbRegAppTableRecord
  2
ACAD
 70
0
  0
APPID
  5
B62
330
3
100
AcDbSymbolTableRecord
100
AcDbRegAppTableRecord
  2
HATCHBACKGROUNDCOLOR
 70
0
  0
APPID
  5
B63
330
3
100
AcDbSymbolTableRecord
100
AcDbRegAppTableRecord
  2
EZDXF
 70
0
  0
ENDTAB
  0
TABLE
  2
DIMSTYLE
  5
4
330
0
100
AcDbSymbolTable
 70
12
100
AcDbDimStyleTable
  0
DIMSTYLE
105
2B
330
4
100
AcDbSymbolTableRecord
100
AcDbDimStyleTableRecord
  2
Standard
 70
0
 40
1.0
 41
2.5
 42
0.625
 43
3.75
 44
1.25
 45
0.0
 46
0.0
 47
0.0
 48
0.0
 49
2.5
140
2.5
141
2.5
142
0.0
143
0.03937007874
144
1.0
145
0.0
146
1.0
147
0.625
148
0.0
 69
0
 70
0
 71
0
 72
0
 73
0
 74
0
 75
0
 76
0
 77
1
 78
8
 79
3
170
0
171
3
172
1
173
0
174
0
175
0
176
0
177
0
178
0
179
2
271
2
272
2
273
2
274
3
275
0
276
0
277
2
278
44
279
0
280
0
281
0
282
0
283
0
284
8
285
0
286
0
288
0
289
3
290
0
371
-2
372
-2
  0
DIMSTYLE
105
73
330
4
100
AcDbSymbolTableRecord
100
AcDbDimStyleTableRecord
  2
EZDXF
 70
0
 40
1.0
 41
0.175
 42
0.125
 43
3.75
 44
0.375
 45
0.0
 46
0.0
 47
0.0
 48
0.0
 49
2.5
140
0.25
141
2.5
142
0.0
143
0.03937007874
144
100.0
145
0.0
146
0.5
147
0.1
148
0.0
 69
0
 70
0
 71
0
 72
0
 73
0
 74
0
 75
0
 76
0
 77
1
 78
12
 79
3
170
0
171
3
172
1
173
0
174
0
175
0
176
0
177
0
178
0
179
2
271
2
272
2
273
2
274
3
275
0
276
0
277
2
278
46
279
2
280
0
281
0
282
0
283
0
284
8
285
0
286
0
288
1
289
3
290
0
340
4C
342
74
371
-2
372
-2
  0
DIMSTYLE
105
7C
330
4
100
AcDbSymbolTableRecord
100
AcDbDimStyleTableRecord
  2
EZ_M_100_H25_CM
 70
0
 40
1.0
 41
0.25
 42
0.125
 43
3.75
 44
0.375
 45
0.0
 46
0.0
 47
0.0
 48
0.0
 49
2.5
140
0.25
141
2.5
142
0.125
143
0.03937007874
144
100.0
145
0.0
146
0.5
147
0.1
148
0.0
 69
0
 70
0
 71
0
 72
0
 73
0
 74
0
 75
0
 76
0
 77
1
 78
12
 79
3
170
0
171
3
172
1
173
0
174
0
175
0
176
0
177
0
178
0
179
2
271
2
272
2
273
2
274
3
275
0
276
0
277
2
278
46
279
2
280
0
281
0
282
0
283
0
284
8
285
0
286
0
288
1
289
3
290
0
340
4C
371
-2
372
-2
  0
DIMSTYLE
105
7D
330
4
100
AcDbSymbolTableRecord
100
AcDbDimStyleTableRecord
  2
EZ_M_50_H25_CM
 70
0
 40
1.0
 41
0.125
 42
0.0625
 43
3.75
 44
0.1875
 45
0.0
 46
0.0
 47
0.0
 48
0.0
 49
2.5
140
0.125
141
2.5
142
0.0625
143
0.03937007874
144
100.0
145
0.0
146
0.5
147
0.05
148
0.0
 69
0
 70
0
 71
0
 72
0
 73
0
 74
0
 75
0
 76
0
 77
1
 78
12
 79
3
170
0
171
3
172
1
173
0
174
0
175
0
176
0
177
0
178
0
179
2
271
2
272
2
273
2
274
3
275
0
276
0
277
2
278
46
279
2
280
0
281
0
282
0
283
0
284
8
285
0
286
0
288
1
289
3
290
0
340
4C
371
-2
372
-2
  0
DIMSTYLE
105
7E
330
4
100
AcDbSymbolTableRecord
100
AcDbDimStyleTableRecord
  2
EZ_M_25_H25_CM
 70
0
 40
1.0
 41
0.0625
 42
0.03125
 43
3.75
 44
0.09375
 45
0.0
 46
0.0
 47
0.0
 48
0.0
 49
2.5
140
0.0625
141
2.5
142
0.03125
143
0.03937007874
144
100.0
145
0.0
146
0.5
147
0.025
148
0.0
 69
0
 70
0
 71
0
 72
0
 73
0
 74
0
 75
0
 76
0
 77
1
 78
12
 79
3
170
0
171
3
172
1
173
0
174
0
175
0
176
0
177
0
178
0
179
2
271
2
272
2
273
2
274
3
275
0
276
0
277
2
278
46
279
2
280
0
281
0
282
0
283
0
284
8
285
0
286
0
288
1
289
3
290
0
340
4C
371
-2
372
-2
  0
DIMSTYLE
105
7F
330
4
100
AcDbSymbolTableRecord
100
AcDbDimStyleTableRecord
  2
EZ_M_20_H25_CM
 70
0
 40
1.0
 41
0.05
 42
0.025
 43
3.75
 44
0.07500000000000001
 45
0.0
 46
0.0
 47
0.0
 48
0.0
 49
2.5
140
0.05
141
2.5
142
0.025
143
0.03937007874
144
100.0
145
0.0
146
0.5
147
0.020000000000000004
148
0.0
 69
0
 70
0
 71
0
 72
0
 73
0
 74
0
 75
0
 76
0
 77
1
 78
12
 79
3
170
0
171
3
172
1
173
0
174
0
175
0
176
0
177
0
178
0
179
2
271
2
272
2
273
2
274
3
275
0
276
0
277
2
278
46
279
2
280
0
281
0
282
0
283
0
284
8
285
0
286
0
288
1
289
3
290
0
340
4C
371
-2
372
-2
  0
DIMSTYLE
105
80
330
4
100
AcDbSymbolTableRecord
100
AcDbDimStyleTableRecord
  2
EZ_M_10_H25_CM
 70
0
 40
1.0
 41
0.025
 42
0.0125
 43
3.75
 44
0.037500000000000006
 45
0.0
 46
0.0
 47
0.0
 48
0.0
 49
2.5
140
0.025
141
2.5
142
0.0125
143
0.03937007874
144
100.0
145
0.0
146
0.5
147
0.010000000000000002
148
0.0
 69
0
 70
0
 71
0
 72
0
 73
0
 74
0
 75
0
 76
0
 77
1
 78
12
 79
3
170
0
171
3
172
1
173
0
174
0
175
0
176
0
177
0
178
0
179
2
271
2
272
2
273
2
274
3
275
0
276
0
277
2
278
46
279
2
280
0
281
0
282
0
283
0
284
8
285
0
286
0
288
1
289
3
290
0
340
4C
371
-2
372
-2
  0
DIMSTYLE
105
81
330
4
100
AcDbSymbolTableRecord
100
AcDbDimStyleTableRecord
  2
EZ_M_5_H25_CM
 70
0
 40
1.0
 41
0.0125
 42
0.00625
 43
3.75
 44
0.018750000000000003
 45
0.0
 46
0.0
 47
0.0
 48
0.0
 49
2.5
140
0.0125
141
2.5
142
0.00625
143
0.03937007874
144
100.0
145
0.0
146
0.5
147
0.005000000000000001
148
0.0
 69
0
 70
0
 71
0
 72
0
 73
0
 74
0
 75
0
 76
0
 77
1
 78
12
 79
3
170
0
171
3
172
1
173
0
174
0
175
0
176
0
177
0
178
0
179
2
271
2
272
2
273
2
274
3
275
0
276
0
277
2
278
46
279
2
280
0
281
0
282
0
283
0
284
8
285
0
286
0
288
1
289
3
290
0
340
4C
371
-2
372
-2
  0
DIMSTYLE
105
82
330
4
100
AcDbSymbolTableRecord
100
AcDbDimStyleTableRecord
  2
EZ_M_1_H25_CM
 70
0
 40
1.0
 41
0.0025
 42
0.00125
 43
3.75
 44
0.00375
 45
0.0
 46
0.0
 47
0.0
 48
0.0
 49
2.5
140
0.0025
141
2.5
142
0.00125
143
0.03937007874
144
100.0
145
0.0
146
0.5
147
0.001
148
0.0
 69
0
 70
0
 71
0
 72
0
 73
0
 74
0
 75
0
 76
0
 77
1
 78
12
 79
3
170
0
171
3
172
1
173
0
174
0
175
0
176
0
177
0
178
0
179
2
271
2
272
2
273
2
274
3
275
0
276
0
277
2
278
46
279
2
280
0
281
0
282
0
283
0
284
8
285
0
286
0
288
1
289
3
290
0
340
4C
371
-2
372
-2
  0
DIMSTYLE
105
83
330
4
100
AcDbSymbolTableRecord
100
AcDbDimStyleTableRecord
  2
EZ_RADIUS
 70
0
 40
1.0
 41
0.25
 42
0.125
 43
3.75
 44
0.375
 45
0.0
 46
0.0
 47
0.0
 48
0.0
 49
2.5
140
0.25
141
0.0
142
0.0
143
0.03937007874
144
100.0
145
0.0
146
0.5
147
0.1
148
0.0
 69
0
 70
0
 71
0
 72
0
 73
0
 74
0
 75
0
 76
0
 77
1
 78
12
 79
3
170
0
171
3
172
0
173
0
174
0
175
0
176
0
177
0
178
0
179
2
271
2
272
2
273
2
274
3
275
0
276
0
277
2
278
46
279
1
280
0
281
0
282
0
283
0
284
8
285
0
286
0
288
1
289
3
290
0
340
4C
342
84
371
-2
372
-2
  0
DIMSTYLE
105
88
330
4
100
AcDbSymbolTableRecord
100
AcDbDimStyleTableRecord
  2
EZ_RADIUS_INSIDE
 70
0
 40
1.0
 41
0.25
 42
0.125
 43
3.75
 44
0.375
 45
0.0
 46
0.0
 47
0.0
 48
0.0
 49
2.5
140
0.25
141
0.0
142
0.0
143
0.03937007874
144
100.0
145
0.0
146
0.5
147
0.1
148
0.0
 69
0
 70
0
 71
0
 72
0
 73
0
 74
0
 75
0
 76
0
 77
0
 78
12
 79
3
170
0
171
3
172
0
173
0
174
1
175
0
176
0
177
0
178
0
179
2
271
2
272
2
273
2
274
3
275
0
276
0
277
2
278
46
279
0
280
0
281
0
282
0
283
0
284
8
285
0
286
0
288
1
289
0
290
0
340
4C
342
84
371
-2
372
-2
  0
DIMSTYLE
105
89
330
4
100
AcDbSymbolTableRecord
100
AcDbDimStyleTableRecord
  2
EZ_CURVED
 70
0
 40
1.0
 41
0.25
 42
0.125
 43
3.75
 44
0.375
 45
0.0
 46
0.0
 47
0.0
 48
0.0
 49
2.5
140
0.25
141
2.5
142
0.0
143
0.03937007874
144
100.0
145
0.0
146
0.5
147
0.1
148
0.0
 69
0
 70
0
 71
0
 72
0
 73
0
 74
0
 75
0
 76
0
 77
1
 78
12
 79
2
 90
2
170
0
171
3
172
1
173
0
174
0
175
0
176
0
177
0
178
0
179
2
271
2
272
2
273
2
274
3
275
0
276
0
277
2
278
46
279
2
280
0
281
0
282
0
283
0
284
8
285
0
286
0
288
1
289
3
290
0
340
4C
371
-2
372
-2
  0
ENDTAB
  0
TABLE
  2
BLOCK_RECORD
  5
9
330
0
100
AcDbSymbolTable
 70
5
  0
BLOCK_RECORD
  5
17
330
9
100
AcDbSymbolTableRecord
100
AcDbBlockTableRecord
  2
*Model_Space
340
1A
 70
0
280
1
281
0
  0
BLOCK_RECORD
  5
1B
330
9
100
AcDbSymbolTableRecord
100
AcDbBlockTableRecord
  2
*Paper_Space
340
1E
 70
0
280
1
281
0
  0
BLOCK_RECORD
  5
74
330
9
100
AcDbSymbolTableRecord
100
AcDbBlockTableRecord
  2
_ARCHTICK
340
0
 70
0
280
1
281
0
  0
BLOCK_RECORD
  5
78
330
9
100
AcDbSymbolTableRecord
100
AcDbBlockTableRecord
  2
_CLOSEDFILLED
340
0
 70
0
280
1
281
0
  0
BLOCK_RECORD
  5
84
330
9
100
AcDbSymbolTableRecord
100
AcDbBlockTableRecord
  2
_CLOSEDBLANK
340
0
 70
0
280
1
281
0
  0
ENDTAB
  0
ENDSEC
  0
SECTION
  2
BLOCKS
  0
BLOCK
  5
18
330
17
100
AcDbEntity
  8
0
100
AcDbBlockBegin
  2
*Model_Space
 70
0
 10
0.0
 20
0.0
 30
0.0
  3
*Model_Space
  1

  0
ENDBLK
  5
19
330
17
100
AcDbEntity
  8
0
100
AcDbBlockEnd
  0
BLOCK
  5
1C
330
1B
100
AcDbEntity
  8
0
100
AcDbBlockBegin
  2
*Paper_Space
 70
0
 10
0.0
 20
0.0
 30
0.0
  3
*Paper_Space
  1

  0
ENDBLK
  5
1D
330
1B
100
AcDbEntity
  8
0
100
AcDbBlockEnd
  0
BLOCK
  5
75
330
74
100
AcDbEntity
  8
0
100
AcDbBlockBegin
  2
_ARCHTICK
 70
0
 10
0.0
 20
0.0
 30
0.0
  3
_ARCHTICK
  1

  0
LWPOLYLINE
  5
77
330
74
100
AcDbEntity
  8
0
  6
BYBLOCK
 62
0
100
AcDbPolyline
 90
2
 70
0
 43
0.15
 10
-0.5
 20
-0.5
 10
0.5
 20
0.5
  0
ENDBLK
  5
76
330
74
100
AcDbEntity
  8
0
100
AcDbBlockEnd
  0
BLOCK
  5
79
330
78
100
AcDbEntity
  8
0
100
AcDbBlockBegin
  2
_CLOSEDFILLED
 70
0
 10
0.0
 20
0.0
 30
0.0
  3
_CLOSEDFILLED
  1

  0
SOLID
  5
7B
330
78
100
AcDbEntity
  8
0
  6
BYBLOCK
 62
0
100
AcDbTrace
 10
-1.0
 20
0.16439898372402537
 30
0.0
 11
0.0
 21
0.0
 31
0.0
 12
-1.0
 22
-0.16439898372402537
 32
0.0
 13
-1.0
 23
-0.16439898372402537
 33
0.0
  0
ENDBLK
  5
7A
330
78
100
AcDbEntity
  8
0
100
AcDbBlockEnd
  0
BLOCK
  5
85
330
84
100
AcDbEntity
  8
0
100
AcDbBlockBegin
  2
_CLOSEDBLANK
 70
0
 10
0.0
 20
0.0
 30
0.0
  3
_CLOSEDBLANK
  1

  0
LWPOLYLINE
  5
87
330
84
100
AcDbEntity
  8
0
  6
BYBLOCK
 62
0
100
AcDbPolyline
 90
3
 70
1
 10
-1.0
 20
0.16439898372402537
 10
0.0
 20
0.0
 10
-1.0
 20
-0.16439898372402537
  0
ENDBLK
  5
86
330
84
100
AcDbEntity
  8
0
100
AcDbBlockEnd
  0
ENDSEC
  0
SECTION
  2
ENTITIES
  0
LWPOLYLINE
  5
95
330
17
100
AcDbEntity
  8
PISO-MORET
100
AcDbPolyline
 90
4
 70
1
 10
280.8815
 20
-70.6923
 10
281.0135
 20
-70.6923
 10
281.0135
 20
-70.2583
 10
280.8815
 20
-70.2583
  0
TEXT
  5
96
330
17
100
AcDbEntity
  8
ETIQUETAS
100
AcDbText
 10
280.947
 20
-70.475
 30
0.0
 40
0.0396
  1
PB-M-184
 72
1
 11
280.947
 21
-70.475
 31
0.0
100
AcDbText
 73
2
  0
LWPOLYLINE
  5
97
330
17
100
AcDbEntity
  8
PISO-MORET
100
AcDbPolyline
 90
4
 70
1
 10
280.2795
 20
-70.6923
 10
280.8795
 20
-70.6923
 10
280.8795
 20
-70.2583
 10
280.2795
 20
-70.2583
  0
TEXT
  5
98
330
17
100
AcDbEntity
  8
ETIQUETAS
100
AcDbText
 10
280.579
 20
-70.475
 30
0.0
 40
0.09
  1
PB-M-183
 72
1
 11
280.579
 21
-70.475
 31
0.0
100
AcDbText
 73
2
  0
LWPOLYLINE
  5
99
330
17
100
AcDbEntity
  8
PISO-MORET
100
AcDbPolyline
 90
4
 70
1
 10
279.6775
 20
-70.6923
 10
280.27750000000003
 20
-70.6923
 10
280.27750000000003
 20
-70.2583
 10
279.6775
 20
-70.2583
  0
TEXT
  5
9A
330
17
100
AcDbEntity
  8
ETIQUETAS
100
AcDbText
 10
279.977
 20
-70.475
 30
0.0
 40
0.09
  1
PB-M-182
 72
1
 11
279.977
 21
-70.475
 31
0.0
100
AcDbText
 73
2
  0
LWPOLYLINE
  5
9B
330
17
100
AcDbEntity
  8
PISO-MORET
100
AcDbPolyline
 90
4
 70
1
 10
279.0755
 20
-70.6923
 10
279.6755
 20
-70.6923
 10
279.6755
 20
-70.2583
 10
279.0755
 20
-70.2583
  0
TEXT
  5
9C
330
17
100
AcDbEntity
  8
ETIQUETAS
100
AcDbText
 10
279.375
 20
-70.475
 30
0.0
 40
0.09
  1
PB-M-181
 72
1
 11
279.375
 21
-70.475
 31
0.0
100
AcDbText
 73
2
  0
LWPOLYLINE
  5
9D
330
17
100
AcDbEntity
  8
PISO-MORET
100
AcDbPolyline
 90
4
 70
1
 10
278.4735
 20
-70.6923
 10
279.0735
 20
-70.6923
 10
279.0735
 20
-70.2583
 10
278.4735
 20
-70.2583
  0
TEXT
  5
9E
330
17
100
AcDbEntity
  8
ETIQUETAS
100
AcDbText
 10
278.773
 20
-70.475
 30
0.0
 40
0.09
  1
PB-M-180
 72
1
 11
278.773
 21
-70.475
 31
0.0
100
AcDbText
 73
2
  0
LWPOLYLINE
  5
9F
330
17
100
AcDbEntity
  8
PISO-MORET
100
AcDbPolyline
 90
4
 70
1
 10
277.8715
 20
-70.6923
 10
278.47150000000005
 20
-70.6923
 10
278.47150000000005
 20
-70.2583
 10
277.8715
 20
-70.2583
  0
TEXT
  5
A0
330
17
100
AcDbEntity
  8
ETIQUETAS
100
AcDbText
 10
278.171
 20
-70.475
 30
0.0
 40
0.09
  1
PB-M-179
 72
1
 11
278.171
 21
-70.475
 31
0.0
100
AcDbText
 73
2
  0
LWPOLYLINE
  5
A1
330
17
100
AcDbEntity
  8
PISO-MORET
100
AcDbPolyline
 90
4
 70
1
 10
277.2695
 20
-70.6923
 10
277.8695
 20
-70.6923
 10
277.8695
 20
-70.2583
 10
277.2695
 20
-70.2583
  0
TEXT
  5
A2
330
17
100
AcDbEntity
  8
ETIQUETAS
100
AcDbText
 10
277.569
 20
-70.475
 30
0.0
 40
0.09
  1
PB-M-178
 72
1
 11
277.569
 21
-70.475
 31
0.0
100
AcDbText
 73
2
  0
LWPOLYLINE
  5
A3
330
17
100
AcDbEntity
  8
PISO-MORET
100
AcDbPolyline
 90
4
 70
1
 10
276.6675
 20
-70.6923
 10
277.26750000000004
 20
-70.6923
 10
277.26750000000004
 20
-70.2583
 10
276.6675
 20
-70.2583
  0
TEXT
  5
A4
330
17
100
AcDbEntity
  8
ETIQUETAS
100
AcDbText
 10
276.967
 20
-70.475
 30
0.0
 40
0.09
  1
PB-M-177
 72
1
 11
276.967
 21
-70.475
 31
0.0
100
AcDbText
 73
2
  0
LWPOLYLINE
  5
A5
330
17
100
AcDbEntity
  8
PISO-MORET
100
AcDbPolyline
 90
4
 70
1
 10
276.0655
 20
-70.8723
 10
276.4735
 20
-70.8723
 10
276.4735
 20
-70.2063
 10
276.0655
 20
-70.2063
  0
TEXT
  5
A6
330
17
100
AcDbEntity
  8
ETIQUETAS
100
AcDbText
 10
276.269
 20
-70.539
 30
0.0
 40
0.09
  1
PB-M-189
 72
1
 11
276.269
 21
-70.539
 31
0.0
100
AcDbText
 73
2
  0
LWPOLYLINE
  5
A7
330
17
100
AcDbEntity
  8
PISO-MORET
100
AcDbPolyline
 90
4
 70
1
 10
276.6535
 20
-70.6923
 10
276.6655
 20
-70.6923
 10
276.6655
 20
-70.2583
 10
276.6535
 20
-70.2583
  0
TEXT
  5
A8
330
17
100
AcDbEntity
  8
ETIQUETAS
100
AcDbText
 10
276.659
 20
-70.475
 30
0.0
 40
0.03
  1
PB-M-176
 72
1
 11
276.659
 21
-70.475
 31
0.0
100
AcDbText
 73
2
  0
LWPOLYLINE
  5
A9
330
17
100
AcDbEntity
  8
PISO-MORET
100
AcDbPolyline
 90
4
 70
1
 10
275.4635
 20
-70.8723
 10
276.06350000000003
 20
-70.8723
 10
276.06350000000003
 20
-70.2063
 10
275.4635
 20
-70.2063
  0
TEXT
  5
AA
330
17
100
AcDbEntity
  8
ETIQUETAS
100
AcDbText
 10
275.763
 20
-70.539
 30
0.0
 40
0.09
  1
PB-M-188
 72
1
 11
275.763
 21
-70.539
 31
0.0
100
AcDbText
 73
2
  0
LWPOLYLINE
  5
AB
330
17
100
AcDbEntity
  8
PISO-MORET
100
AcDbPolyline
 90
4
 70
1
 10
274.8615
 20
-70.8723
 10
275.4615
 20
-70.8723
 10
275.4615
 20
-70.2063
 10
274.8615
 20
-70.2063
  0
TEXT
  5
AC
330
17
100
AcDbEntity
  8
ETIQUETAS
100
AcDbText
 10
275.161
 20
-70.539
 30
0.0
 40
0.09
  1
PB-M-187
 72
1
 11
275.161
 21
-70.539
 31
0.0
100
AcDbText
 73
2
  0
LWPOLYLINE
  5
AD
330
17
100
AcDbEntity
  8
PISO-MORET
100
AcDbPolyline
 90
4
 70
1
 10
274.2595
 20
-70.8723
 10
274.8595
 20
-70.8723
 10
274.8595
 20
-70.2063
 10
274.2595
 20
-70.2063
  0
TEXT
  5
AE
330
17
100
AcDbEntity
  8
ETIQUETAS
100
AcDbText
 10
274.559
 20
-70.539
 30
0.0
 40
0.09
  1
PB-M-186
 72
1
 11
274.559
 21
-70.539
 31
0.0
100
AcDbText
 73
2
  0
LWPOLYLINE
  5
AF
330
17
100
AcDbEntity
  8
PISO-MORET
100
AcDbPolyline
 90
4
 70
1
 10
273.6575
 20
-70.8723
 10
274.25750000000005
 20
-70.8723
 10
274.25750000000005
 20
-70.2063
 10
273.6575
 20
-70.2063
  0
TEXT
  5
B0
330
17
100
AcDbEntity
  8
ETIQUETAS
100
AcDbText
 10
273.957
 20
-70.539
 30
0.0
 40
0.09
  1
PB-M-185
 72
1
 11
273.957
 21
-70.539
 31
0.0
100
AcDbText
 73
2
  0
LWPOLYLINE
  5
B1
330
17
100
AcDbEntity
  8
PISO-MORET
100
AcDbPolyline
 90
4
 70
1
 10
273.0555
 20
-70.6923
 10
273.6555
 20
-70.6923
 10
273.6555
 20
-70.2063
 10
273.0555
 20
-70.2063
  0
TEXT
  5
B2
330
17
100
AcDbEntity
  8
ETIQUETAS
100
AcDbText
 10
273.355
 20
-70.449
 30
0.0
 40
0.09
  1
PB-M-175
 72
1
 11
273.355
 21
-70.449
 31
0.0
100
AcDbText
 73
2
  0
LWPOLYLINE
  5
B3
330
17
100
AcDbEntity
  8
PISO-MORET
100
AcDbPolyline
 90
4
 70
1
 10
272.4535
 20
-70.6923
 10
273.05350000000004
 20
-70.6923
 10
273.05350000000004
 20
-70.2063
 10
272.4535
 20
-70.2063
  0
TEXT
  5
B4
330
17
100
AcDbEntity
  8
ETIQUETAS
100
AcDbText
 10
272.753
 20
-70.449
 30
0.0
 40
0.09
  1
PB-M-174
 72
1
 11
272.753
 21
-70.449
 31
0.0
100
AcDbText
 73
2
  0
LWPOLYLINE
  5
B5
330
17
100
AcDbEntity
  8
PISO-MORET
100
AcDbPolyline
 90
4
 70
1
 10
280.8815
 20
-70.2563
 10
281.0135
 20
-70.2563
 10
281.0135
 20
-69.0563
 10
280.8815
 20
-69.0563
  0
TEXT
  5
B6
330
17
100
AcDbEntity
  8
ETIQUETAS
100
AcDbText
 10
280.947
 20
-69.656
 30
0.0
 40
0.0396
  1
PB-M-173
 72
1
 11
280.947
 21
-69.656
 31
0.0
100
AcDbText
 73
2
  0
LWPOLYLINE
  5
B7
330
17
100
AcDbEntity
  8
PISO-MORET
100
AcDbPolyline
 90
4
 70
1
 10
280.2795
 20
-70.2563
 10
280.8795
 20
-70.2563
 10
280.8795
 20
-69.0563
 10
280.2795
 20
-69.0563
  0
TEXT
  5
B8
330
17
100
AcDbEntity
  8
ETIQUETAS
100
AcDbText
 10
280.579
 20
-69.656
 30
0.0
 40
0.09
  1
PB-M-172
 72
1
 11
280.579
 21
-69.656
 31
0.0
100
AcDbText
 73
2
  0
LWPOLYLINE
  5
B9
330
17
100
AcDbEntity
  8
PISO-MORET
100
AcDbPolyline
 90
4
 70
1
 10
279.6775
 20
-70.2563
 10
280.27750000000003
 20
-70.2563
 10
280.27750000000003
 20
-69.0563
 10
279.6775
 20
-69.0563
  0
TEXT
  5
BA
330
17
100
AcDbEntity
  8
ETIQUETAS
100
AcDbText
 10
279.977
 20
-69.656
 30
0.0
 40
0.09
  1
PB-M-171
 72
1
 11
279.977
 21
-69.656
 31
0.0
100
AcDbText
 73
2
  0
LWPOLYLINE
  5
BB
330
17
100
AcDbEntity
  8
PISO-MORET
100
AcDbPolyline
 90
4
 70
1
 10
279.0755
 20
-70.2563
 10
279.6755
 20
-70.2563
 10
279.6755
 20
-69.0563
 10
279.0755
 20
-69.0563
  0
TEXT
  5
BC
330
17
100
AcDbEntity
  8
ETIQUETAS
100
AcDbText
 10
279.375
 20
-69.656
 30
0.0
 40
0.09
  1
PB-M-170
 72
1
 11
279.375
 21
-69.656
 31
0.0
100
AcDbText
 73
2
  0
LWPOLYLINE
  5
BD
330
17
100
AcDbEntity
  8
PISO-MORET
100
AcDbPolyline
 90
4
 70
1
 10
278.4735
 20
-70.2563
 10
279.0735
 20
-70.2563
 10
279.0735
 20
-69.0563
 10
278.4735
 20
-69.0563
  0
TEXT
  5
BE
330
17
100
AcDbEntity
  8
ETIQUETAS
100
AcDbText
 10
278.773
 20
-69.656
 30
0.0
 40
0.09
  1
PB-M-169
 72
1
 11
278.773
 21
-69.656
 31
0.0
100
AcDbText
 73
2
  0
LWPOLYLINE
  5
BF
330
17
100
AcDbEntity
  8
PISO-MORET
100
AcDbPolyline
 90
4
 70
1
 10
277.8715
 20
-70.2563
 10
278.47150000000005
 20
-70.2563
 10
278.47150000000005
 20
-69.0563
 10
277.8715
 20
-69.0563
  0
TEXT
  5
C0
330
17
100
AcDbEntity
  8
ETIQUETAS
100
AcDbText
 10
278.171
 20
-69.656
 30
0.0
 40
0.09
  1
PB-M-168
 72
1
 11
278.171
 21
-69.656
 31
0.0
100
AcDbText
 73
2
  0
LWPOLYLINE
  5
C1
330
17
100
AcDbEntity
  8
PISO-MORET
100
AcDbPolyline
 90
4
 70
1
 10
277.2695
 20
-70.2563
 10
277.8695
 20
-70.2563
 10
277.8695
 20
-69.0563
 10
277.2695
 20
-69.0563
  0
TEXT
  5
C2
330
17
100
AcDbEntity
  8
ETIQUETAS
100
AcDbText
 10
277.569
 20
-69.656
 30
0.0
 40
0.09
  1
PB-M-167
 72
1
 11
277.569
 21
-69.656
 31
0.0
100
AcDbText
 73
2
  0
LWPOLYLINE
  5
C3
330
17
100
AcDbEntity
  8
PISO-MORET
100
AcDbPolyline
 90
4
 70
1
 10
276.6675
 20
-70.2563
 10
277.26750000000004
 20
-70.2563
 10
277.26750000000004
 20
-69.0563
 10
276.6675
 20
-69.0563
  0
TEXT
  5
C4
330
17
100
AcDbEntity
  8
ETIQUETAS
100
AcDbText
 10
276.967
 20
-69.656
 30
0.0
 40
0.09
  1
PB-M-166
 72
1
 11
276.967
 21
-69.656
 31
0.0
100
AcDbText
 73
2
  0
LWPOLYLINE
  5
C5
330
17
100
AcDbEntity
  8
PISO-MORET
100
AcDbPolyline
 90
4
 70
1
 10
276.6535
 20
-70.2563
 10
276.6655
 20
-70.2563
 10
276.6655
 20
-69.0563
 10
276.6535
 20
-69.0563
  0
TEXT
  5
C6
330
17
100
AcDbEntity
  8
ETIQUETAS
100
AcDbText
 10
276.659
 20
-69.656
 30
0.0
 40
0.03
  1
PB-M-165
 72
1
 11
276.659
 21
-69.656
 31
0.0
100
AcDbText
 73
2
  0
LWPOLYLINE
  5
C7
330
17
100
AcDbEntity
  8
PISO-MORET
100
AcDbPolyline
 90
4
 70
1
 10
276.0655
 20
-70.2043
 10
276.4735
 20
-70.2043
 10
276.4735
 20
-69.0043
 10
276.0655
 20
-69.0043
  0
TEXT
  5
C8
330
17
100
AcDbEntity
  8
ETIQUETAS
100
AcDbText
 10
276.269
 20
-69.604
 30
0.0
 40
0.09
  1
PB-M-164
 72
1
 11
276.269
 21
-69.604
 31
0.0
100
AcDbText
 73
2
  0
LWPOLYLINE
  5
C9
330
17
100
AcDbEntity
  8
PISO-MORET
100
AcDbPolyline
 90
4
 70
1
 10
275.4635
 20
-70.2043
 10
276.06350000000003
 20
-70.2043
 10
276.06350000000003
 20
-69.0043
 10
275.4635
 20
-69.0043
  0
TEXT
  5
CA
330
17
100
AcDbEntity
  8
ETIQUETAS
100
AcDbText
 10
275.763
 20
-69.604
 30
0.0
 40
0.09
  1
PB-M-163
 72
1
 11
275.763
 21
-69.604
 31
0.0
100
AcDbText
 73
2
  0
LWPOLYLINE
  5
CB
330
17
100
AcDbEntity
  8
PISO-MORET
100
AcDbPolyline
 90
4
 70
1
 10
274.8615
 20
-70.2043
 10
275.4615
 20
-70.2043
 10
275.4615
 20
-69.0043
 10
274.8615
 20
-69.0043
  0
TEXT
  5
CC
330
17
100
AcDbEntity
  8
ETIQUETAS
100
AcDbText
 10
275.161
 20
-69.604
 30
0.0
 40
0.09
  1
PB-M-162
 72
1
 11
275.161
 21
-69.604
 31
0.0
100
AcDbText
 73
2
  0
LWPOLYLINE
  5
CD
330
17
100
AcDbEntity
  8
PISO-MORET
100
AcDbPolyline
 90
4
 70
1
 10
274.2595
 20
-70.2043
 10
274.8595
 20
-70.2043
 10
274.8595
 20
-69.0043
 10
274.2595
 20
-69.0043
  0
TEXT
  5
CE
330
17
100
AcDbEntity
  8
ETIQUETAS
100
AcDbText
 10
274.559
 20
-69.604
 30
0.0
 40
0.09
  1
PB-M-161
 72
1
 11
274.559
 21
-69.604
 31
0.0
100
AcDbText
 73
2
  0
LWPOLYLINE
  5
CF
330
17
100
AcDbEntity
  8
PISO-MORET
100
AcDbPolyline
 90
4
 70
1
 10
273.6575
 20
-70.2043
 10
274.25750000000005
 20
-70.2043
 10
274.25750000000005
 20
-69.0043
 10
273.6575
 20
-69.0043
  0
TEXT
  5
D0
330
17
100
AcDbEntity
  8
ETIQUETAS
100
AcDbText
 10
273.957
 20
-69.604
 30
0.0
 40
0.09
  1
PB-M-160
 72
1
 11
273.957
 21
-69.604
 31
0.0
100
AcDbText
 73
2
  0
LWPOLYLINE
  5
D1
330
17
100
AcDbEntity
  8
PISO-MORET
100
AcDbPolyline
 90
4
 70
1
 10
273.0555
 20
-70.2043
 10
273.6555
 20
-70.2043
 10
273.6555
 20
-69.0043
 10
273.0555
 20
-69.0043
  0
TEXT
  5
D2
330
17
100
AcDbEntity
  8
ETIQUETAS
100
AcDbText
 10
273.355
 20
-69.604
 30
0.0
 40
0.09
  1
PB-M-159
 72
1
 11
273.355
 21
-69.604
 31
0.0
100
AcDbText
 73
2
  0
LWPOLYLINE
  5
D3
330
17
100
AcDbEntity
  8
PISO-MORET
100
AcDbPolyline
 90
4
 70
1
 10
272.4535
 20
-70.2043
 10
273.05350000000004
 20
-70.2043
 10
273.05350000000004
 20
-69.0043
 10
272.4535
 20
-69.0043
  0
TEXT
  5
D4
330
17
100
AcDbEntity
  8
ETIQUETAS
100
AcDbText
 10
272.753
 20
-69.604
 30
0.0
 40
0.09
  1
PB-M-158
 72
1
 11
272.753
 21
-69.604
 31
0.0
100
AcDbText
 73
2
  0
LWPOLYLINE
  5
D5
330
17
100
AcDbEntity
  8
PISO-MORET
100
AcDbPolyline
 90
4
 70
1
 10
280.8815
 20
-69.0543
 10
281.0135
 20
-69.0543
 10
281.0135
 20
-67.8523
 10
280.8815
 20
-67.8523
  0
TEXT
  5
D6
330
17
100
AcDbEntity
  8
ETIQUETAS
100
AcDbText
 10
280.947
 20
-68.453
 30
0.0
 40
0.0396
  1
PB-M-154
 72
1
 11
280.947
 21
-68.453
 31
0.0
100
AcDbText
 73
2
  0
LWPOLYLINE
  5
D7
330
17
100
AcDbEntity
  8
PISO-MORET
100
AcDbPolyline
 90
4
 70
1
 10
280.2795
 20
-69.0543
 10
280.8795
 20
-69.0543
 10
280.8795
 20
-67.8523
 10
280.2795
 20
-67.8523
  0
TEXT
  5
D8
330
17
100
AcDbEntity
  8
ETIQUETAS
100
AcDbText
 10
280.579
 20
-68.453
 30
0.0
 40
0.09
  1
PB-M-153
 72
1
 11
280.579
 21
-68.453
 31
0.0
100
AcDbText
 73
2
  0
LWPOLYLINE
  5
D9
330
17
100
AcDbEntity
  8
PISO-MORET
100
AcDbPolyline
 90
4
 70
1
 10
279.6775
 20
-69.0543
 10
280.27750000000003
 20
-69.0543
 10
280.27750000000003
 20
-67.8523
 10
279.6775
 20
-67.8523
  0
TEXT
  5
DA
330
17
100
AcDbEntity
  8
ETIQUETAS
100
AcDbText
 10
279.977
 20
-68.453
 30
0.0
 40
0.09
  1
PB-M-152
 72
1
 11
279.977
 21
-68.453
 31
0.0
100
AcDbText
 73
2
  0
LWPOLYLINE
  5
DB
330
17
100
AcDbEntity
  8
PISO-MORET
100
AcDbPolyline
 90
4
 70
1
 10
279.0755
 20
-69.0543
 10
279.6755
 20
-69.0543
 10
279.6755
 20
-67.8523
 10
279.0755
 20
-67.8523
  0
TEXT
  5
DC
330
17
100
AcDbEntity
  8
ETIQUETAS
100
AcDbText
 10
279.375
 20
-68.453
 30
0.0
 40
0.09
  1
PB-M-151
 72
1
 11
279.375
 21
-68.453
 31
0.0
100
AcDbText
 73
2
  0
LWPOLYLINE
  5
DD
330
17
100
AcDbEntity
  8
PISO-MORET
100
AcDbPolyline
 90
4
 70
1
 10
278.4735
 20
-69.0543
 10
279.0735
 20
-69.0543
 10
279.0735
 20
-67.8523
 10
278.4735
 20
-67.8523
  0
TEXT
  5
DE
330
17
100
AcDbEntity
  8
ETIQUETAS
100
AcDbText
 10
278.773
 20
-68.453
 30
0.0
 40
0.09
  1
PB-M-150
 72
1
 11
278.773
 21
-68.453
 31
0.0
100
AcDbText
 73
2
  0
LWPOLYLINE
  5
DF
330
17
100
AcDbEntity
  8
PISO-MORET
100
AcDbPolyline
 90
4
 70
1
 10
277.8715
 20
-69.0543
 10
278.47150000000005
 20
-69.0543
 10
278.47150000000005
 20
-67.8523
 10
277.8715
 20
-67.8523
  0
TEXT
  5
E0
330
17
100
AcDbEntity
  8
ETIQUETAS
100
AcDbText
 10
278.171
 20
-68.453
 30
0.0
 40
0.09
  1
PB-M-149
 72
1
 11
278.171
 21
-68.453
 31
0.0
100
AcDbText
 73
2
  0
LWPOLYLINE
  5
E1
330
17
100
AcDbEntity
  8
PISO-MORET
100
AcDbPolyline
 90
4
 70
1
 10
276.6535
 20
-69.0543
 10
276.6655
 20
-69.0543
 10
276.6655
 20
-67.8543
 10
276.6535
 20
-67.8543
  0
TEXT
  5
E2
330
17
100
AcDbEntity
  8
ETIQUETAS
100
AcDbText
 10
276.659
 20
-68.454
 30
0.0
 40
0.03
  1
PB-M-155
 72
1
 11
276.659
 21
-68.454
 31
0.0
100
AcDbText
 73
2
  0
LWPOLYLINE
  5
E3
330
17
100
AcDbEntity
  8
PISO-MORET
100
AcDbPolyline
 90
4
 70
1
 10
276.0655
 20
-69.0023
 10
276.4735
 20
-69.0023
 10
276.4735
 20
-67.8523
 10
276.0655
 20
-67.8523
  0
TEXT
  5
E4
330
17
100
AcDbEntity
  8
ETIQUETAS
100
AcDbText
 10
276.269
 20
-68.427
 30
0.0
 40
0.09
  1
PB-M-148
 72
1
 11
276.269
 21
-68.427
 31
0.0
100
AcDbText
 73
2
  0
LWPOLYLINE
  5
E5
330
17
100
AcDbEntity
  8
PISO-MORET
100
AcDbPolyline
 90
4
 70
1
 10
275.4635
 20
-69.0023
 10
276.06350000000003
 20
-69.0023
 10
276.06350000000003
 20
-67.8523
 10
275.4635
 20
-67.8523
  0
TEXT
  5
E6
330
17
100
AcDbEntity
  8
ETIQUETAS
100
AcDbText
 10
275.763
 20
-68.427
 30
0.0
 40
0.09
  1
PB-M-147
 72
1
 11
275.763
 21
-68.427
 31
0.0
100
AcDbText
 73
2
  0
LWPOLYLINE
  5
E7
330
17
100
AcDbEntity
  8
PISO-MORET
100
AcDbPolyline
 90
4
 70
1
 10
274.8615
 20
-69.0023
 10
275.4615
 20
-69.0023
 10
275.4615
 20
-67.8523
 10
274.8615
 20
-67.8523
  0
TEXT
  5
E8
330
17
100
AcDbEntity
  8
ETIQUETAS
100
AcDbText
 10
275.161
 20
-68.427
 30
0.0
 40
0.09
  1
PB-M-146
 72
1
 11
275.161
 21
-68.427
 31
0.0
100
AcDbText
 73
2
  0
LWPOLYLINE
  5
E9
330
17
100
AcDbEntity
  8
PISO-MORET
100
AcDbPolyline
 90
4
 70
1
 10
274.2595
 20
-69.0023
 10
274.8595
 20
-69.0023
 10
274.8595
 20
-67.8523
 10
274.2595
 20
-67.8523
  0
TEXT
  5
EA
330
17
100
AcDbEntity
  8
ETIQUETAS
100
AcDbText
 10
274.559
 20
-68.427
 30
0.0
 40
0.09
  1
PB-M-145
 72
1
 11
274.559
 21
-68.427
 31
0.0
100
AcDbText
 73
2
  0
LWPOLYLINE
  5
EB
330
17
100
AcDbEntity
  8
PISO-MORET
100
AcDbPolyline
 90
4
 70
1
 10
273.6575
 20
-69.0023
 10
274.25750000000005
 20
-69.0023
 10
274.25750000000005
 20
-67.8523
 10
273.6575
 20
-67.8523
  0
TEXT
  5
EC
330
17
100
AcDbEntity
  8
ETIQUETAS
100
AcDbText
 10
273.957
 20
-68.427
 30
0.0
 40
0.09
  1
PB-M-144
 72
1
 11
273.957
 21
-68.427
 31
0.0
100
AcDbText
 73
2
  0
LWPOLYLINE
  5
ED
330
17
100
AcDbEntity
  8
PISO-MORET
100
AcDbPolyline
 90
4
 70
1
 10
273.0555
 20
-69.0023
 10
273.6555
 20
-69.0023
 10
273.6555
 20
-67.8523
 10
273.0555
 20
-67.8523
  0
TEXT
  5
EE
330
17
100
AcDbEntity
  8
ETIQUETAS
100
AcDbText
 10
273.355
 20
-68.427
 30
0.0
 40
0.09
  1
PB-M-143
 72
1
 11
273.355
 21
-68.427
 31
0.0
100
AcDbText
 73
2
  0
LWPOLYLINE
  5
EF
330
17
100
AcDbEntity
  8
PISO-MORET
100
AcDbPolyline
 90
4
 70
1
 10
272.4535
 20
-69.0023
 10
273.05350000000004
 20
-69.0023
 10
273.05350000000004
 20
-67.8523
 10
272.4535
 20
-67.8523
  0
TEXT
  5
F0
330
17
100
AcDbEntity
  8
ETIQUETAS
100
AcDbText
 10
272.753
 20
-68.427
 30
0.0
 40
0.09
  1
PB-M-142
 72
1
 11
272.753
 21
-68.427
 31
0.0
100
AcDbText
 73
2
  0
LWPOLYLINE
  5
F1
330
17
100
AcDbEntity
  8
PISO-MORET
100
AcDbPolyline
 90
4
 70
1
 10
279.6775
 20
-67.6723
 10
279.8435
 20
-67.6723
 10
279.8435
 20
-66.65230000000001
 10
279.6775
 20
-66.65230000000001
  0
TEXT
  5
F2
330
17
100
AcDbEntity
  8
ETIQUETAS
100
AcDbText
 10
279.76
 20
-67.162
 30
0.0
 40
0.049800000000000004
  1
PB-M-125
 72
1
 11
279.76
 21
-67.162
 31
0.0
100
AcDbText
 73
2
  0
LWPOLYLINE
  5
F3
330
17
100
AcDbEntity
  8
PISO-MORET
100
AcDbPolyline
 90
4
 70
1
 10
279.0755
 20
-67.6723
 10
279.6755
 20
-67.6723
 10
279.6755
 20
-66.65230000000001
 10
279.0755
 20
-66.65230000000001
  0
TEXT
  5
F4
330
17
100
AcDbEntity
  8
ETIQUETAS
100
AcDbText
 10
279.375
 20
-67.162
 30
0.0
 40
0.09
  1
PB-M-124
 72
1
 11
279.375
 21
-67.162
 31
0.0
100
AcDbText
 73
2
  0
LWPOLYLINE
  5
F5
330
17
100
AcDbEntity
  8
PISO-MORET
100
AcDbPolyline
 90
4
 70
1
 10
278.4735
 20
-67.6723
 10
279.0735
 20
-67.6723
 10
279.0735
 20
-66.65230000000001
 10
278.4735
 20
-66.65230000000001
  0
TEXT
  5
F6
330
17
100
AcDbEntity
  8
ETIQUETAS
100
AcDbText
 10
278.773
 20
-67.162
 30
0.0
 40
0.09
  1
PB-M-123
 72
1
 11
278.773
 21
-67.162
 31
0.0
100
AcDbText
 73
2
  0
LWPOLYLINE
  5
F7
330
17
100
AcDbEntity
  8
PISO-MORET
100
AcDbPolyline
 90
4
 70
1
 10
277.8715
 20
-67.6723
 10
278.47150000000005
 20
-67.6723
 10
278.47150000000005
 20
-66.65230000000001
 10
277.8715
 20
-66.65230000000001
  0
TEXT
  5
F8
330
17
100
AcDbEntity
  8
ETIQUETAS
100
AcDbText
 10
278.171
 20
-67.162
 30
0.0
 40
0.09
  1
PB-M-122
 72
1
 11
278.171
 21
-67.162
 31
0.0
100
AcDbText
 73
2
  0
LWPOLYLINE
  5
F9
330
17
100
AcDbEntity
  8
PISO-MORET
100
AcDbPolyline
 90
4
 70
1
 10
277.6835
 20
-67.6723
 10
277.86949999999996
 20
-67.6723
 10
277.86949999999996
 20
-66.65230000000001
 10
277.6835
 20
-66.65230000000001
  0
TEXT
  5
FA
330
17
100
AcDbEntity
  8
ETIQUETAS
100
AcDbText
 10
277.776
 20
-67.162
 30
0.0
 40
0.055799999999999995
  1
PB-M-121
 72
1
 11
277.776
 21
-67.162
 31
0.0
100
AcDbText
 73
2
  0
LWPOLYLINE
  5
FB
330
17
100
AcDbEntity
  8
PISO-MORET
100
AcDbPolyline
 90
4
 70
1
 10
276.6535
 20
-67.8523
 10
276.6655
 20
-67.8523
 10
276.6655
 20
-66.6523
 10
276.6535
 20
-66.6523
  0
TEXT
  5
FC
330
17
100
AcDbEntity
  8
ETIQUETAS
100
AcDbText
 10
276.659
 20
-67.252
 30
0.0
 40
0.03
  1
PB-M-134
 72
1
 11
276.659
 21
-67.252
 31
0.0
100
AcDbText
 73
2
  0
LWPOLYLINE
  5
FD
330
17
100
AcDbEntity
  8
PISO-MORET
100
AcDbPolyline
 90
4
 70
1
 10
276.0655
 20
-67.8503
 10
276.4735
 20
-67.8503
 10
276.4735
 20
-66.65230000000001
 10
276.0655
 20
-66.65230000000001
  0
TEXT
  5
FE
330
17
100
AcDbEntity
  8
ETIQUETAS
100
AcDbText
 10
276.269
 20
-67.251
 30
0.0
 40
0.09
  1
PB-M-132
 72
1
 11
276.269
 21
-67.251
 31
0.0
100
AcDbText
 73
2
  0
LWPOLYLINE
  5
FF
330
17
100
AcDbEntity
  8
PISO-MORET
100
AcDbPolyline
 90
4
 70
1
 10
275.4635
 20
-67.8503
 10
276.06350000000003
 20
-67.8503
 10
276.06350000000003
 20
-66.65230000000001
 10
275.4635
 20
-66.65230000000001
  0
TEXT
  5
100
330
17
100
AcDbEntity
  8
ETIQUETAS
100
AcDbText
 10
275.763
 20
-67.251
 30
0.0
 40
0.09
  1
PB-M-131
 72
1
 11
275.763
 21
-67.251
 31
0.0
100
AcDbText
 73
2
  0
LWPOLYLINE
  5
101
330
17
100
AcDbEntity
  8
PISO-MORET
100
AcDbPolyline
 90
4
 70
1
 10
274.8615
 20
-67.8503
 10
275.4615
 20
-67.8503
 10
275.4615
 20
-66.65230000000001
 10
274.8615
 20
-66.65230000000001
  0
TEXT
  5
102
330
17
100
AcDbEntity
  8
ETIQUETAS
100
AcDbText
 10
275.161
 20
-67.251
 30
0.0
 40
0.09
  1
PB-M-130
 72
1
 11
275.161
 21
-67.251
 31
0.0
100
AcDbText
 73
2
  0
LWPOLYLINE
  5
103
330
17
100
AcDbEntity
  8
PISO-MORET
100
AcDbPolyline
 90
4
 70
1
 10
274.2595
 20
-67.8503
 10
274.8595
 20
-67.8503
 10
274.8595
 20
-66.65230000000001
 10
274.2595
 20
-66.65230000000001
  0
TEXT
  5
104
330
17
100
AcDbEntity
  8
ETIQUETAS
100
AcDbText
 10
274.559
 20
-67.251
 30
0.0
 40
0.09
  1
PB-M-129
 72
1
 11
274.559
 21
-67.251
 31
0.0
100
AcDbText
 73
2
  0
LWPOLYLINE
  5
105
330
17
100
AcDbEntity
  8
PISO-MORET
100
AcDbPolyline
 90
4
 70
1
 10
273.6575
 20
-67.8503
 10
274.25750000000005
 20
-67.8503
 10
274.25750000000005
 20
-66.65230000000001
 10
273.6575
 20
-66.65230000000001
  0
TEXT
  5
106
330
17
100
AcDbEntity
  8
ETIQUETAS
100
AcDbText
 10
273.957
 20
-67.251
 30
0.0
 40
0.09
  1
PB-M-128
 72
1
 11
273.957
 21
-67.251
 31
0.0
100
AcDbText
 73
2
  0
LWPOLYLINE
  5
107
330
17
100
AcDbEntity
  8
PISO-MORET
100
AcDbPolyline
 90
4
 70
1
 10
273.0555
 20
-67.8503
 10
273.6555
 20
-67.8503
 10
273.6555
 20
-66.65230000000001
 10
273.0555
 20
-66.65230000000001
  0
TEXT
  5
108
330
17
100
AcDbEntity
  8
ETIQUETAS
100
AcDbText
 10
273.355
 20
-67.251
 30
0.0
 40
0.09
  1
PB-M-127
 72
1
 11
273.355
 21
-67.251
 31
0.0
100
AcDbText
 73
2
  0
LWPOLYLINE
  5
109
330
17
100
AcDbEntity
  8
PISO-MORET
100
AcDbPolyline
 90
4
 70
1
 10
272.4535
 20
-67.8503
 10
273.05350000000004
 20
-67.8503
 10
273.05350000000004
 20
-66.65230000000001
 10
272.4535
 20
-66.65230000000001
  0
TEXT
  5
10A
330
17
100
AcDbEntity
  8
ETIQUETAS
100
AcDbText
 10
272.753
 20
-67.251
 30
0.0
 40
0.09
  1
PB-M-126
 72
1
 11
272.753
 21
-67.251
 31
0.0
100
AcDbText
 73
2
  0
LWPOLYLINE
  5
10B
330
17
100
AcDbEntity
  8
PISO-MORET
100
AcDbPolyline
 90
4
 70
1
 10
277.6835
 20
-66.6503
 10
277.86949999999996
 20
-66.6503
 10
277.86949999999996
 20
-66.3223
 10
277.6835
 20
-66.3223
  0
TEXT
  5
10C
330
17
100
AcDbEntity
  8
ETIQUETAS
100
AcDbText
 10
277.776
 20
-66.486
 30
0.0
 40
0.055799999999999995
  1
PB-M-120
 72
1
 11
277.776
 21
-66.486
 31
0.0
100
AcDbText
 73
2
  0
LWPOLYLINE
  5
10D
330
17
100
AcDbEntity
  8
PISO-MORET
100
AcDbPolyline
 90
4
 70
1
 10
277.2695
 20
-66.6503
 10
277.5035
 20
-66.6503
 10
277.5035
 20
-65.4503
 10
277.2695
 20
-65.4503
  0
TEXT
  5
10E
330
17
100
AcDbEntity
  8
ETIQUETAS
100
AcDbText
 10
277.386
 20
-66.05
 30
0.0
 40
0.0702
  1
PB-M-117
 72
1
 11
277.386
 21
-66.05
 31
0.0
100
AcDbText
 73
2
  0
LWPOLYLINE
  5
10F
330
17
100
AcDbEntity
  8
PISO-MORET
100
AcDbPolyline
 90
4
 70
1
 10
276.6675
 20
-66.6503
 10
277.26750000000004
 20
-66.6503
 10
277.26750000000004
 20
-65.4503
 10
276.6675
 20
-65.4503
  0
TEXT
  5
110
330
17
100
AcDbEntity
  8
ETIQUETAS
100
AcDbText
 10
276.967
 20
-66.05
 30
0.0
 40
0.09
  1
PB-M-116
 72
1
 11
276.967
 21
-66.05
 31
0.0
100
AcDbText
 73
2
  0
LWPOLYLINE
  5
111
330
17
100
AcDbEntity
  8
PISO-MORET
100
AcDbPolyline
 90
4
 70
1
 10
276.0655
 20
-66.6503
 10
276.6655
 20
-66.6503
 10
276.6655
 20
-65.4503
 10
276.0655
 20
-65.4503
  0
TEXT
  5
112
330
17
100
AcDbEntity
  8
ETIQUETAS
100
AcDbText
 10
276.365
 20
-66.05
 30
0.0
 40
0.09
  1
PB-M-115
 72
1
 11
276.365
 21
-66.05
 31
0.0
100
AcDbText
 73
2
  0
LWPOLYLINE
  5
113
330
17
100
AcDbEntity
  8
PISO-MORET
100
AcDbPolyline
 90
4
 70
1
 10
275.4635
 20
-66.6503
 10
276.06350000000003
 20
-66.6503
 10
276.06350000000003
 20
-65.4503
 10
275.4635
 20
-65.4503
  0
TEXT
  5
114
330
17
100
AcDbEntity
  8
ETIQUETAS
100
AcDbText
 10
275.763
 20
-66.05
 30
0.0
 40
0.09
  1
PB-M-114
 72
1
 11
275.763
 21
-66.05
 31
0.0
100
AcDbText
 73
2
  0
LWPOLYLINE
  5
115
330
17
100
AcDbEntity
  8
PISO-MORET
100
AcDbPolyline
 90
4
 70
1
 10
274.8615
 20
-66.6503
 10
275.4615
 20
-66.6503
 10
275.4615
 20
-65.4503
 10
274.8615
 20
-65.4503
  0
TEXT
  5
116
330
17
100
AcDbEntity
  8
ETIQUETAS
100
AcDbText
 10
275.161
 20
-66.05
 30
0.0
 40
0.09
  1
PB-M-113
 72
1
 11
275.161
 21
-66.05
 31
0.0
100
AcDbText
 73
2
  0
LWPOLYLINE
  5
117
330
17
100
AcDbEntity
  8
PISO-MORET
100
AcDbPolyline
 90
4
 70
1
 10
274.2595
 20
-66.6503
 10
274.8595
 20
-66.6503
 10
274.8595
 20
-65.4503
 10
274.2595
 20
-65.4503
  0
TEXT
  5
118
330
17
100
AcDbEntity
  8
ETIQUETAS
100
AcDbText
 10
274.559
 20
-66.05
 30
0.0
 40
0.09
  1
PB-M-112
 72
1
 11
274.559
 21
-66.05
 31
0.0
100
AcDbText
 73
2
  0
LWPOLYLINE
  5
119
330
17
100
AcDbEntity
  8
PISO-MORET
100
AcDbPolyline
 90
4
 70
1
 10
273.6575
 20
-66.6503
 10
274.25750000000005
 20
-66.6503
 10
274.25750000000005
 20
-65.4503
 10
273.6575
 20
-65.4503
  0
TEXT
  5
11A
330
17
100
AcDbEntity
  8
ETIQUETAS
100
AcDbText
 10
273.957
 20
-66.05
 30
0.0
 40
0.09
  1
PB-M-111
 72
1
 11
273.957
 21
-66.05
 31
0.0
100
AcDbText
 73
2
  0
LWPOLYLINE
  5
11B
330
17
100
AcDbEntity
  8
PISO-MORET
100
AcDbPolyline
 90
4
 70
1
 10
273.0555
 20
-66.6503
 10
273.6555
 20
-66.6503
 10
273.6555
 20
-65.4503
 10
273.0555
 20
-65.4503
  0
TEXT
  5
11C
330
17
100
AcDbEntity
  8
ETIQUETAS
100
AcDbText
 10
273.355
 20
-66.05
 30
0.0
 40
0.09
  1
PB-M-110
 72
1
 11
273.355
 21
-66.05
 31
0.0
100
AcDbText
 73
2
  0
LWPOLYLINE
  5
11D
330
17
100
AcDbEntity
  8
PISO-MORET
100
AcDbPolyline
 90
4
 70
1
 10
272.4535
 20
-66.6503
 10
273.05350000000004
 20
-66.6503
 10
273.05350000000004
 20
-65.4503
 10
272.4535
 20
-65.4503
  0
TEXT
  5
11E
330
17
100
AcDbEntity
  8
ETIQUETAS
100
AcDbText
 10
272.753
 20
-66.05
 30
0.0
 40
0.09
  1
PB-M-109
 72
1
 11
272.753
 21
-66.05
 31
0.0
100
AcDbText
 73
2
  0
LWPOLYLINE
  5
11F
330
17
100
AcDbEntity
  8
PISO-MORET
100
AcDbPolyline
 90
4
 70
1
 10
280.8815
 20
-64.4423
 10
281.0135
 20
-64.4423
 10
281.0135
 20
-64.2483
 10
280.8815
 20
-64.2483
  0
TEXT
  5
120
330
17
100
AcDbEntity
  8
ETIQUETAS
100
AcDbText
 10
280.947
 20
-64.345
 30
0.0
 40
0.0396
  1
PB-M-085
 72
1
 11
280.947
 21
-64.345
 31
0.0
100
AcDbText
 73
2
  0
LWPOLYLINE
  5
121
330
17
100
AcDbEntity
  8
PISO-MORET
100
AcDbPolyline
 90
4
 70
1
 10
280.2795
 20
-64.4423
 10
280.8795
 20
-64.4423
 10
280.8795
 20
-64.2483
 10
280.2795
 20
-64.2483
  0
TEXT
  5
122
330
17
100
AcDbEntity
  8
ETIQUETAS
100
AcDbText
 10
280.579
 20
-64.345
 30
0.0
 40
0.0582
  1
PB-M-084
 72
1
 11
280.579
 21
-64.345
 31
0.0
100
AcDbText
 73
2
  0
LWPOLYLINE
  5
123
330
17
100
AcDbEntity
  8
PISO-MORET
100
AcDbPolyline
 90
4
 70
1
 10
279.6775
 20
-64.4423
 10
280.27750000000003
 20
-64.4423
 10
280.27750000000003
 20
-64.2483
 10
279.6775
 20
-64.2483
  0
TEXT
  5
124
330
17
100
AcDbEntity
  8
ETIQUETAS
100
AcDbText
 10
279.977
 20
-64.345
 30
0.0
 40
0.0582
  1
PB-M-083
 72
1
 11
279.977
 21
-64.345
 31
0.0
100
AcDbText
 73
2
  0
LWPOLYLINE
  5
125
330
17
100
AcDbEntity
  8
PISO-MORET
100
AcDbPolyline
 90
4
 70
1
 10
279.0755
 20
-64.4423
 10
279.6755
 20
-64.4423
 10
279.6755
 20
-64.19630000000001
 10
279.0755
 20
-64.19630000000001
  0
TEXT
  5
126
330
17
100
AcDbEntity
  8
ETIQUETAS
100
AcDbText
 10
279.375
 20
-64.319
 30
0.0
 40
0.07379999999999999
  1
PB-M-080
 72
1
 11
279.375
 21
-64.319
 31
0.0
100
AcDbText
 73
2
  0
LWPOLYLINE
  5
127
330
17
100
AcDbEntity
  8
PISO-MORET
100
AcDbPolyline
 90
4
 70
1
 10
277.2695
 20
-64.4423
 10
277.6835
 20
-64.4423
 10
277.6835
 20
-64.2483
 10
277.2695
 20
-64.2483
  0
TEXT
  5
128
330
17
100
AcDbEntity
  8
ETIQUETAS
100
AcDbText
 10
277.476
 20
-64.345
 30
0.0
 40
0.0582
  1
PB-M-082
 72
1
 11
277.476
 21
-64.345
 31
0.0
100
AcDbText
 73
2
  0
LWPOLYLINE
  5
129
330
17
100
AcDbEntity
  8
PISO-MORET
100
AcDbPolyline
 90
4
 70
1
 10
277.6835
 20
-64.6223
 10
277.86949999999996
 20
-64.6223
 10
277.86949999999996
 20
-64.2483
 10
277.6835
 20
-64.2483
  0
TEXT
  5
12A
330
17
100
AcDbEntity
  8
ETIQUETAS
100
AcDbText
 10
277.776
 20
-64.435
 30
0.0
 40
0.055799999999999995
  1
PB-M-086
 72
1
 11
277.776
 21
-64.435
 31
0.0
100
AcDbText
 73
2
  0
LWPOLYLINE
  5
12B
330
17
100
AcDbEntity
  8
PISO-MORET
100
AcDbPolyline
 90
4
 70
1
 10
277.2695
 20
-65.4483
 10
277.5035
 20
-65.4483
 10
277.5035
 20
-64.62230000000001
 10
277.2695
 20
-64.62230000000001
  0
TEXT
  5
12C
330
17
100
AcDbEntity
  8
ETIQUETAS
100
AcDbText
 10
277.386
 20
-65.035
 30
0.0
 40
0.0702
  1
PB-M-101
 72
1
 11
277.386
 21
-65.035
 31
0.0
100
AcDbText
 73
2
  0
LWPOLYLINE
  5
12D
330
17
100
AcDbEntity
  8
PISO-MORET
100
AcDbPolyline
 90
4
 70
1
 10
276.6675
 20
-64.4423
 10
277.26750000000004
 20
-64.4423
 10
277.26750000000004
 20
-64.2483
 10
276.6675
 20
-64.2483
  0
TEXT
  5
12E
330
17
100
AcDbEntity
  8
ETIQUETAS
100
AcDbText
 10
276.967
 20
-64.345
 30
0.0
 40
0.0582
  1
PB-M-081
 72
1
 11
276.967
 21
-64.345
 31
0.0
100
AcDbText
 73
2
  0
LWPOLYLINE
  5
12F
330
17
100
AcDbEntity
  8
PISO-MORET
100
AcDbPolyline
 90
4
 70
1
 10
276.6675
 20
-65.4483
 10
277.26750000000004
 20
-65.4483
 10
277.26750000000004
 20
-64.62230000000001
 10
276.6675
 20
-64.62230000000001
  0
TEXT
  5
130
330
17
100
AcDbEntity
  8
ETIQUETAS
100
AcDbText
 10
276.967
 20
-65.035
 30
0.0
 40
0.09
  1
PB-M-100
 72
1
 11
276.967
 21
-65.035
 31
0.0
100
AcDbText
 73
2
  0
LWPOLYLINE
  5
131
330
17
100
AcDbEntity
  8
PISO-MORET
100
AcDbPolyline
 90
4
 70
1
 10
276.0655
 20
-65.4483
 10
276.6655
 20
-65.4483
 10
276.6655
 20
-64.2483
 10
276.0655
 20
-64.2483
  0
TEXT
  5
132
330
17
100
AcDbEntity
  8
ETIQUETAS
100
AcDbText
 10
276.365
 20
-64.848
 30
0.0
 40
0.09
  1
PB-M-099
 72
1
 11
276.365
 21
-64.848
 31
0.0
100
AcDbText
 73
2
  0
LWPOLYLINE
  5
133
330
17
100
AcDbEntity
  8
PISO-MORET
100
AcDbPolyline
 90
4
 70
1
 10
275.4635
 20
-65.4483
 10
276.06350000000003
 20
-65.4483
 10
276.06350000000003
 20
-64.2483
 10
275.4635
 20
-64.2483
  0
TEXT
  5
134
330
17
100
AcDbEntity
  8
ETIQUETAS
100
AcDbText
 10
275.763
 20
-64.848
 30
0.0
 40
0.09
  1
PB-M-098
 72
1
 11
275.763
 21
-64.848
 31
0.0
100
AcDbText
 73
2
  0
LWPOLYLINE
  5
135
330
17
100
AcDbEntity
  8
PISO-MORET
100
AcDbPolyline
 90
4
 70
1
 10
274.8615
 20
-65.4483
 10
275.4615
 20
-65.4483
 10
275.4615
 20
-64.2483
 10
274.8615
 20
-64.2483
  0
TEXT
  5
136
330
17
100
AcDbEntity
  8
ETIQUETAS
100
AcDbText
 10
275.161
 20
-64.848
 30
0.0
 40
0.09
  1
PB-M-097
 72
1
 11
275.161
 21
-64.848
 31
0.0
100
AcDbText
 73
2
  0
LWPOLYLINE
  5
137
330
17
100
AcDbEntity
  8
PISO-MORET
100
AcDbPolyline
 90
4
 70
1
 10
274.2595
 20
-65.4483
 10
274.8595
 20
-65.4483
 10
274.8595
 20
-64.2483
 10
274.2595
 20
-64.2483
  0
TEXT
  5
138
330
17
100
AcDbEntity
  8
ETIQUETAS
100
AcDbText
 10
274.559
 20
-64.848
 30
0.0
 40
0.09
  1
PB-M-096
 72
1
 11
274.559
 21
-64.848
 31
0.0
100
AcDbText
 73
2
  0
LWPOLYLINE
  5
139
330
17
100
AcDbEntity
  8
PISO-MORET
100
AcDbPolyline
 90
4
 70
1
 10
273.6575
 20
-65.4483
 10
274.25750000000005
 20
-65.4483
 10
274.25750000000005
 20
-64.2483
 10
273.6575
 20
-64.2483
  0
TEXT
  5
13A
330
17
100
AcDbEntity
  8
ETIQUETAS
100
AcDbText
 10
273.957
 20
-64.848
 30
0.0
 40
0.09
  1
PB-M-095
 72
1
 11
273.957
 21
-64.848
 31
0.0
100
AcDbText
 73
2
  0
LWPOLYLINE
  5
13B
330
17
100
AcDbEntity
  8
PISO-MORET
100
AcDbPolyline
 90
4
 70
1
 10
273.0555
 20
-65.4483
 10
273.6555
 20
-65.4483
 10
273.6555
 20
-64.2483
 10
273.0555
 20
-64.2483
  0
TEXT
  5
13C
330
17
100
AcDbEntity
  8
ETIQUETAS
100
AcDbText
 10
273.355
 20
-64.848
 30
0.0
 40
0.09
  1
PB-M-094
 72
1
 11
273.355
 21
-64.848
 31
0.0
100
AcDbText
 73
2
  0
LWPOLYLINE
  5
13D
330
17
100
AcDbEntity
  8
PISO-MORET
100
AcDbPolyline
 90
4
 70
1
 10
272.4535
 20
-65.4483
 10
273.05350000000004
 20
-65.4483
 10
273.05350000000004
 20
-64.2483
 10
272.4535
 20
-64.2483
  0
TEXT
  5
13E
330
17
100
AcDbEntity
  8
ETIQUETAS
100
AcDbText
 10
272.753
 20
-64.848
 30
0.0
 40
0.09
  1
PB-M-093
 72
1
 11
272.753
 21
-64.848
 31
0.0
100
AcDbText
 73
2
  0
LWPOLYLINE
  5
13F
330
17
100
AcDbEntity
  8
PISO-MORET
100
AcDbPolyline
 90
4
 70
1
 10
280.8815
 20
-64.2463
 10
281.0135
 20
-64.2463
 10
281.0135
 20
-63.0463
 10
280.8815
 20
-63.0463
  0
TEXT
  5
140
330
17
100
AcDbEntity
  8
ETIQUETAS
100
AcDbText
 10
280.947
 20
-63.646
 30
0.0
 40
0.0396
  1
PB-M-079
 72
1
 11
280.947
 21
-63.646
 31
0.0
100
AcDbText
 73
2
  0
LWPOLYLINE
  5
141
330
17
100
AcDbEntity
  8
PISO-MORET
100
AcDbPolyline
 90
4
 70
1
 10
280.2795
 20
-64.2463
 10
280.8795
 20
-64.2463
 10
280.8795
 20
-63.0463
 10
280.2795
 20
-63.0463
  0
TEXT
  5
142
330
17
100
AcDbEntity
  8
ETIQUETAS
100
AcDbText
 10
280.579
 20
-63.646
 30
0.0
 40
0.09
  1
PB-M-078
 72
1
 11
280.579
 21
-63.646
 31
0.0
100
AcDbText
 73
2
  0
LWPOLYLINE
  5
143
330
17
100
AcDbEntity
  8
PISO-MORET
100
AcDbPolyline
 90
4
 70
1
 10
279.6775
 20
-64.2463
 10
280.27750000000003
 20
-64.2463
 10
280.27750000000003
 20
-63.0463
 10
279.6775
 20
-63.0463
  0
TEXT
  5
144
330
17
100
AcDbEntity
  8
ETIQUETAS
100
AcDbText
 10
279.977
 20
-63.646
 30
0.0
 40
0.09
  1
PB-M-077
 72
1
 11
279.977
 21
-63.646
 31
0.0
100
AcDbText
 73
2
  0
LWPOLYLINE
  5
145
330
17
100
AcDbEntity
  8
PISO-MORET
100
AcDbPolyline
 90
4
 70
1
 10
279.0755
 20
-64.2463
 10
279.6755
 20
-64.2463
 10
279.6755
 20
-63.0463
 10
279.0755
 20
-63.0463
  0
TEXT
  5
146
330
17
100
AcDbEntity
  8
ETIQUETAS
100
AcDbText
 10
279.375
 20
-63.646
 30
0.0
 40
0.09
  1
PB-M-076
 72
1
 11
279.375
 21
-63.646
 31
0.0
100
AcDbText
 73
2
  0
LWPOLYLINE
  5
147
330
17
100
AcDbEntity
  8
PISO-MORET
100
AcDbPolyline
 90
4
 70
1
 10
278.4735
 20
-64.2463
 10
279.0735
 20
-64.2463
 10
279.0735
 20
-63.0463
 10
278.4735
 20
-63.0463
  0
TEXT
  5
148
330
17
100
AcDbEntity
  8
ETIQUETAS
100
AcDbText
 10
278.773
 20
-63.646
 30
0.0
 40
0.09
  1
PB-M-075
 72
1
 11
278.773
 21
-63.646
 31
0.0
100
AcDbText
 73
2
  0
LWPOLYLINE
  5
149
330
17
100
AcDbEntity
  8
PISO-MORET
100
AcDbPolyline
 90
4
 70
1
 10
277.8715
 20
-64.2463
 10
278.47150000000005
 20
-64.2463
 10
278.47150000000005
 20
-63.0463
 10
277.8715
 20
-63.0463
  0
TEXT
  5
14A
330
17
100
AcDbEntity
  8
ETIQUETAS
100
AcDbText
 10
278.171
 20
-63.646
 30
0.0
 40
0.09
  1
PB-M-074
 72
1
 11
278.171
 21
-63.646
 31
0.0
100
AcDbText
 73
2
  0
LWPOLYLINE
  5
14B
330
17
100
AcDbEntity
  8
PISO-MORET
100
AcDbPolyline
 90
4
 70
1
 10
277.2695
 20
-64.2463
 10
277.8695
 20
-64.2463
 10
277.8695
 20
-63.0463
 10
277.2695
 20
-63.0463
  0
TEXT
  5
14C
330
17
100
AcDbEntity
  8
ETIQUETAS
100
AcDbText
 10
277.569
 20
-63.646
 30
0.0
 40
0.09
  1
PB-M-073
 72
1
 11
277.569
 21
-63.646
 31
0.0
100
AcDbText
 73
2
  0
LWPOLYLINE
  5
14D
330
17
100
AcDbEntity
  8
PISO-MORET
100
AcDbPolyline
 90
4
 70
1
 10
276.6675
 20
-64.2463
 10
277.26750000000004
 20
-64.2463
 10
277.26750000000004
 20
-63.0463
 10
276.6675
 20
-63.0463
  0
TEXT
  5
14E
330
17
100
AcDbEntity
  8
ETIQUETAS
100
AcDbText
 10
276.967
 20
-63.646
 30
0.0
 40
0.09
  1
PB-M-072
 72
1
 11
276.967
 21
-63.646
 31
0.0
100
AcDbText
 73
2
  0
LWPOLYLINE
  5
14F
330
17
100
AcDbEntity
  8
PISO-MORET
100
AcDbPolyline
 90
4
 70
1
 10
276.0655
 20
-64.2463
 10
276.6655
 20
-64.2463
 10
276.6655
 20
-63.0463
 10
276.0655
 20
-63.0463
  0
TEXT
  5
150
330
17
100
AcDbEntity
  8
ETIQUETAS
100
AcDbText
 10
276.365
 20
-63.646
 30
0.0
 40
0.09
  1
PB-M-071
 72
1
 11
276.365
 21
-63.646
 31
0.0
100
AcDbText
 73
2
  0
LWPOLYLINE
  5
151
330
17
100
AcDbEntity
  8
PISO-MORET
100
AcDbPolyline
 90
4
 70
1
 10
275.4635
 20
-64.2463
 10
276.06350000000003
 20
-64.2463
 10
276.06350000000003
 20
-63.0463
 10
275.4635
 20
-63.0463
  0
TEXT
  5
152
330
17
100
AcDbEntity
  8
ETIQUETAS
100
AcDbText
 10
275.763
 20
-63.646
 30
0.0
 40
0.09
  1
PB-M-070
 72
1
 11
275.763
 21
-63.646
 31
0.0
100
AcDbText
 73
2
  0
LWPOLYLINE
  5
153
330
17
100
AcDbEntity
  8
PISO-MORET
100
AcDbPolyline
 90
4
 70
1
 10
274.8615
 20
-64.2463
 10
275.4615
 20
-64.2463
 10
275.4615
 20
-63.0463
 10
274.8615
 20
-63.0463
  0
TEXT
  5
154
330
17
100
AcDbEntity
  8
ETIQUETAS
100
AcDbText
 10
275.161
 20
-63.646
 30
0.0
 40
0.09
  1
PB-M-069
 72
1
 11
275.161
 21
-63.646
 31
0.0
100
AcDbText
 73
2
  0
LWPOLYLINE
  5
155
330
17
100
AcDbEntity
  8
PISO-MORET
100
AcDbPolyline
 90
4
 70
1
 10
274.2595
 20
-64.2463
 10
274.8595
 20
-64.2463
 10
274.8595
 20
-63.0463
 10
274.2595
 20
-63.0463
  0
TEXT
  5
156
330
17
100
AcDbEntity
  8
ETIQUETAS
100
AcDbText
 10
274.559
 20
-63.646
 30
0.0
 40
0.09
  1
PB-M-068
 72
1
 11
274.559
 21
-63.646
 31
0.0
100
AcDbText
 73
2
  0
LWPOLYLINE
  5
157
330
17
100
AcDbEntity
  8
PISO-MORET
100
AcDbPolyline
 90
4
 70
1
 10
273.6575
 20
-64.2463
 10
274.25750000000005
 20
-64.2463
 10
274.25750000000005
 20
-63.0463
 10
273.6575
 20
-63.0463
  0
TEXT
  5
158
330
17
100
AcDbEntity
  8
ETIQUETAS
100
AcDbText
 10
273.957
 20
-63.646
 30
0.0
 40
0.09
  1
PB-M-067
 72
1
 11
273.957
 21
-63.646
 31
0.0
100
AcDbText
 73
2
  0
LWPOLYLINE
  5
159
330
17
100
AcDbEntity
  8
PISO-MORET
100
AcDbPolyline
 90
4
 70
1
 10
273.0555
 20
-64.2463
 10
273.6555
 20
-64.2463
 10
273.6555
 20
-63.0463
 10
273.0555
 20
-63.0463
  0
TEXT
  5
15A
330
17
100
AcDbEntity
  8
ETIQUETAS
100
AcDbText
 10
273.355
 20
-63.646
 30
0.0
 40
0.09
  1
PB-M-066
 72
1
 11
273.355
 21
-63.646
 31
0.0
100
AcDbText
 73
2
  0
LWPOLYLINE
  5
15B
330
17
100
AcDbEntity
  8
PISO-MORET
100
AcDbPolyline
 90
4
 70
1
 10
272.4535
 20
-64.2463
 10
273.05350000000004
 20
-64.2463
 10
273.05350000000004
 20
-63.0463
 10
272.4535
 20
-63.0463
  0
TEXT
  5
15C
330
17
100
AcDbEntity
  8
ETIQUETAS
100
AcDbText
 10
272.753
 20
-63.646
 30
0.0
 40
0.09
  1
PB-M-065
 72
1
 11
272.753
 21
-63.646
 31
0.0
100
AcDbText
 73
2
  0
LWPOLYLINE
  5
15D
330
17
100
AcDbEntity
  8
PISO-MORET
100
AcDbPolyline
 90
4
 70
1
 10
280.8815
 20
-63.0443
 10
281.0135
 20
-63.0443
 10
281.0135
 20
-61.8443
 10
280.8815
 20
-61.8443
  0
TEXT
  5
15E
330
17
100
AcDbEntity
  8
ETIQUETAS
100
AcDbText
 10
280.947
 20
-62.444
 30
0.0
 40
0.0396
  1
PB-M-064
 72
1
 11
280.947
 21
-62.444
 31
0.0
100
AcDbText
 73
2
  0
LWPOLYLINE
  5
15F
330
17
100
AcDbEntity
  8
PISO-MORET
100
AcDbPolyline
 90
4
 70
1
 10
280.2795
 20
-63.0443
 10
280.8795
 20
-63.0443
 10
280.8795
 20
-61.8443
 10
280.2795
 20
-61.8443
  0
TEXT
  5
160
330
17
100
AcDbEntity
  8
ETIQUETAS
100
AcDbText
 10
280.579
 20
-62.444
 30
0.0
 40
0.09
  1
PB-M-063
 72
1
 11
280.579
 21
-62.444
 31
0.0
100
AcDbText
 73
2
  0
LWPOLYLINE
  5
161
330
17
100
AcDbEntity
  8
PISO-MORET
100
AcDbPolyline
 90
4
 70
1
 10
279.6775
 20
-63.0443
 10
280.27750000000003
 20
-63.0443
 10
280.27750000000003
 20
-61.8443
 10
279.6775
 20
-61.8443
  0
TEXT
  5
162
330
17
100
AcDbEntity
  8
ETIQUETAS
100
AcDbText
 10
279.977
 20
-62.444
 30
0.0
 40
0.09
  1
PB-M-062
 72
1
 11
279.977
 21
-62.444
 31
0.0
100
AcDbText
 73
2
  0
LWPOLYLINE
  5
163
330
17
100
AcDbEntity
  8
PISO-MORET
100
AcDbPolyline
 90
4
 70
1
 10
279.0755
 20
-63.0443
 10
279.6755
 20
-63.0443
 10
279.6755
 20
-61.8443
 10
279.0755
 20
-61.8443
  0
TEXT
  5
164
330
17
100
AcDbEntity
  8
ETIQUETAS
100
AcDbText
 10
279.375
 20
-62.444
 30
0.0
 40
0.09
  1
PB-M-061
 72
1
 11
279.375
 21
-62.444
 31
0.0
100
AcDbText
 73
2
  0
LWPOLYLINE
  5
165
330
17
100
AcDbEntity
  8
PISO-MORET
100
AcDbPolyline
 90
4
 70
1
 10
278.4735
 20
-63.0443
 10
279.0735
 20
-63.0443
 10
279.0735
 20
-61.8443
 10
278.4735
 20
-61.8443
  0
TEXT
  5
166
330
17
100
AcDbEntity
  8
ETIQUETAS
100
AcDbText
 10
278.773
 20
-62.444
 30
0.0
 40
0.09
  1
PB-M-060
 72
1
 11
278.773
 21
-62.444
 31
0.0
100
AcDbText
 73
2
  0
LWPOLYLINE
  5
167
330
17
100
AcDbEntity
  8
PISO-MORET
100
AcDbPolyline
 90
4
 70
1
 10
277.8715
 20
-63.0443
 10
278.47150000000005
 20
-63.0443
 10
278.47150000000005
 20
-61.8443
 10
277.8715
 20
-61.8443
  0
TEXT
  5
168
330
17
100
AcDbEntity
  8
ETIQUETAS
100
AcDbText
 10
278.171
 20
-62.444
 30
0.0
 40
0.09
  1
PB-M-059
 72
1
 11
278.171
 21
-62.444
 31
0.0
100
AcDbText
 73
2
  0
LWPOLYLINE
  5
169
330
17
100
AcDbEntity
  8
PISO-MORET
100
AcDbPolyline
 90
4
 70
1
 10
277.2695
 20
-63.0443
 10
277.8695
 20
-63.0443
 10
277.8695
 20
-61.8443
 10
277.2695
 20
-61.8443
  0
TEXT
  5
16A
330
17
100
AcDbEntity
  8
ETIQUETAS
100
AcDbText
 10
277.569
 20
-62.444
 30
0.0
 40
0.09
  1
PB-M-058
 72
1
 11
277.569
 21
-62.444
 31
0.0
100
AcDbText
 73
2
  0
LWPOLYLINE
  5
16B
330
17
100
AcDbEntity
  8
PISO-MORET
100
AcDbPolyline
 90
4
 70
1
 10
276.6675
 20
-63.0443
 10
277.26750000000004
 20
-63.0443
 10
277.26750000000004
 20
-61.8443
 10
276.6675
 20
-61.8443
  0
TEXT
  5
16C
330
17
100
AcDbEntity
  8
ETIQUETAS
100
AcDbText
 10
276.967
 20
-62.444
 30
0.0
 40
0.09
  1
PB-M-057
 72
1
 11
276.967
 21
-62.444
 31
0.0
100
AcDbText
 73
2
  0
LWPOLYLINE
  5
16D
330
17
100
AcDbEntity
  8
PISO-MORET
100
AcDbPolyline
 90
4
 70
1
 10
276.0655
 20
-63.0443
 10
276.6655
 20
-63.0443
 10
276.6655
 20
-61.8443
 10
276.0655
 20
-61.8443
  0
TEXT
  5
16E
330
17
100
AcDbEntity
  8
ETIQUETAS
100
AcDbText
 10
276.365
 20
-62.444
 30
0.0
 40
0.09
  1
PB-M-056
 72
1
 11
276.365
 21
-62.444
 31
0.0
100
AcDbText
 73
2
  0
LWPOLYLINE
  5
16F
330
17
100
AcDbEntity
  8
PISO-MORET
100
AcDbPolyline
 90
4
 70
1
 10
275.4635
 20
-63.0443
 10
276.06350000000003
 20
-63.0443
 10
276.06350000000003
 20
-61.8443
 10
275.4635
 20
-61.8443
  0
TEXT
  5
170
330
17
100
AcDbEntity
  8
ETIQUETAS
100
AcDbText
 10
275.763
 20
-62.444
 30
0.0
 40
0.09
  1
PB-M-055
 72
1
 11
275.763
 21
-62.444
 31
0.0
100
AcDbText
 73
2
  0
LWPOLYLINE
  5
171
330
17
100
AcDbEntity
  8
PISO-MORET
100
AcDbPolyline
 90
4
 70
1
 10
274.8615
 20
-63.0443
 10
275.4615
 20
-63.0443
 10
275.4615
 20
-61.8443
 10
274.8615
 20
-61.8443
  0
TEXT
  5
172
330
17
100
AcDbEntity
  8
ETIQUETAS
100
AcDbText
 10
275.161
 20
-62.444
 30
0.0
 40
0.09
  1
PB-M-054
 72
1
 11
275.161
 21
-62.444
 31
0.0
100
AcDbText
 73
2
  0
LWPOLYLINE
  5
173
330
17
100
AcDbEntity
  8
PISO-MORET
100
AcDbPolyline
 90
4
 70
1
 10
274.2595
 20
-63.0443
 10
274.8595
 20
-63.0443
 10
274.8595
 20
-61.8443
 10
274.2595
 20
-61.8443
  0
TEXT
  5
174
330
17
100
AcDbEntity
  8
ETIQUETAS
100
AcDbText
 10
274.559
 20
-62.444
 30
0.0
 40
0.09
  1
PB-M-053
 72
1
 11
274.559
 21
-62.444
 31
0.0
100
AcDbText
 73
2
  0
LWPOLYLINE
  5
175
330
17
100
AcDbEntity
  8
PISO-MORET
100
AcDbPolyline
 90
4
 70
1
 10
273.6575
 20
-63.0443
 10
274.25750000000005
 20
-63.0443
 10
274.25750000000005
 20
-61.8443
 10
273.6575
 20
-61.8443
  0
TEXT
  5
176
330
17
100
AcDbEntity
  8
ETIQUETAS
100
AcDbText
 10
273.957
 20
-62.444
 30
0.0
 40
0.09
  1
PB-M-052
 72
1
 11
273.957
 21
-62.444
 31
0.0
100
AcDbText
 73
2
  0
LWPOLYLINE
  5
177
330
17
100
AcDbEntity
  8
PISO-MORET
100
AcDbPolyline
 90
4
 70
1
 10
273.0555
 20
-63.0443
 10
273.6555
 20
-63.0443
 10
273.6555
 20
-61.8443
 10
273.0555
 20
-61.8443
  0
TEXT
  5
178
330
17
100
AcDbEntity
  8
ETIQUETAS
100
AcDbText
 10
273.355
 20
-62.444
 30
0.0
 40
0.09
  1
PB-M-051
 72
1
 11
273.355
 21
-62.444
 31
0.0
100
AcDbText
 73
2
  0
LWPOLYLINE
  5
179
330
17
100
AcDbEntity
  8
PISO-MORET
100
AcDbPolyline
 90
4
 70
1
 10
272.4535
 20
-63.0443
 10
273.05350000000004
 20
-63.0443
 10
273.05350000000004
 20
-61.8443
 10
272.4535
 20
-61.8443
  0
TEXT
  5
17A
330
17
100
AcDbEntity
  8
ETIQUETAS
100
AcDbText
 10
272.753
 20
-62.444
 30
0.0
 40
0.09
  1
PB-M-050
 72
1
 11
272.753
 21
-62.444
 31
0.0
100
AcDbText
 73
2
  0
LWPOLYLINE
  5
17B
330
17
100
AcDbEntity
  8
PISO-MORET
100
AcDbPolyline
 90
4
 70
1
 10
280.8815
 20
-61.8423
 10
281.0135
 20
-61.8423
 10
281.0135
 20
-60.7509
 10
280.8815
 20
-60.7509
  0
TEXT
  5
17C
330
17
100
AcDbEntity
  8
ETIQUETAS
100
AcDbText
 10
280.947
 20
-61.297
 30
0.0
 40
0.0396
  1
PB-M-049
 72
1
 11
280.947
 21
-61.297
 31
0.0
100
AcDbText
 73
2
  0
LWPOLYLINE
  5
17D
330
17
100
AcDbEntity
  8
PISO-MORET
100
AcDbPolyline
 90
4
 70
1
 10
280.2795
 20
-61.8423
 10
280.8795
 20
-61.8423
 10
280.8795
 20
-60.7323
 10
280.2795
 20
-60.7323
  0
TEXT
  5
17E
330
17
100
AcDbEntity
  8
ETIQUETAS
100
AcDbText
 10
280.579
 20
-61.287
 30
0.0
 40
0.09
  1
PB-M-048
 72
1
 11
280.579
 21
-61.287
 31
0.0
100
AcDbText
 73
2
  0
LWPOLYLINE
  5
17F
330
17
100
AcDbEntity
  8
PISO-MORET
100
AcDbPolyline
 90
4
 70
1
 10
279.6775
 20
-61.8423
 10
280.27750000000003
 20
-61.8423
 10
280.27750000000003
 20
-60.6723
 10
279.6775
 20
-60.6723
  0
TEXT
  5
180
330
17
100
AcDbEntity
  8
ETIQUETAS
100
AcDbText
 10
279.977
 20
-61.257
 30
0.0
 40
0.09
  1
PB-M-045
 72
1
 11
279.977
 21
-61.257
 31
0.0
100
AcDbText
 73
2
  0
LWPOLYLINE
  5
181
330
17
100
AcDbEntity
  8
PISO-MORET
100
AcDbPolyline
 90
4
 70
1
 10
279.0755
 20
-61.8423
 10
279.6755
 20
-61.8423
 10
279.6755
 20
-60.6723
 10
279.0755
 20
-60.6723
  0
TEXT
  5
182
330
17
100
AcDbEntity
  8
ETIQUETAS
100
AcDbText
 10
279.375
 20
-61.257
 30
0.0
 40
0.09
  1
PB-M-044
 72
1
 11
279.375
 21
-61.257
 31
0.0
100
AcDbText
 73
2
  0
LWPOLYLINE
  5
183
330
17
100
AcDbEntity
  8
PISO-MORET
100
AcDbPolyline
 90
4
 70
1
 10
278.4735
 20
-61.8423
 10
279.0735
 20
-61.8423
 10
279.0735
 20
-60.6723
 10
278.4735
 20
-60.6723
  0
TEXT
  5
184
330
17
100
AcDbEntity
  8
ETIQUETAS
100
AcDbText
 10
278.773
 20
-61.257
 30
0.0
 40
0.09
  1
PB-M-043
 72
1
 11
278.773
 21
-61.257
 31
0.0
100
AcDbText
 73
2
  0
LWPOLYLINE
  5
185
330
17
100
AcDbEntity
  8
PISO-MORET
100
AcDbPolyline
 90
4
 70
1
 10
277.8715
 20
-61.8423
 10
278.47150000000005
 20
-61.8423
 10
278.47150000000005
 20
-60.6323
 10
277.8715
 20
-60.6323
  0
TEXT
  5
186
330
17
100
AcDbEntity
  8
ETIQUETAS
100
AcDbText
 10
278.171
 20
-61.237
 30
0.0
 40
0.09
  1
PB-M-036
 72
1
 11
278.171
 21
-61.237
 31
0.0
100
AcDbText
 73
2
  0
LWPOLYLINE
  5
187
330
17
100
AcDbEntity
  8
PISO-MORET
100
AcDbPolyline
 90
4
 70
1
 10
277.2695
 20
-61.8423
 10
277.8695
 20
-61.8423
 10
277.8695
 20
-60.6323
 10
277.2695
 20
-60.6323
  0
TEXT
  5
188
330
17
100
AcDbEntity
  8
ETIQUETAS
100
AcDbText
 10
277.569
 20
-61.237
 30
0.0
 40
0.09
  1
PB-M-035
 72
1
 11
277.569
 21
-61.237
 31
0.0
100
AcDbText
 73
2
  0
LWPOLYLINE
  5
189
330
17
100
AcDbEntity
  8
PISO-MORET
100
AcDbPolyline
 90
4
 70
1
 10
276.0655
 20
-61.8423
 10
276.6655
 20
-61.8423
 10
276.6655
 20
-60.7323
 10
276.0655
 20
-60.7323
  0
TEXT
  5
18A
330
17
100
AcDbEntity
  8
ETIQUETAS
100
AcDbText
 10
276.365
 20
-61.287
 30
0.0
 40
0.09
  1
PB-M-047
 72
1
 11
276.365
 21
-61.287
 31
0.0
100
AcDbText
 73
2
  0
LWPOLYLINE
  5
18B
330
17
100
AcDbEntity
  8
PISO-MORET
100
AcDbPolyline
 90
4
 70
1
 10
275.4635
 20
-61.8423
 10
276.06350000000003
 20
-61.8423
 10
276.06350000000003
 20
-60.6723
 10
275.4635
 20
-60.6723
  0
TEXT
  5
18C
330
17
100
AcDbEntity
  8
ETIQUETAS
100
AcDbText
 10
275.763
 20
-61.257
 30
0.0
 40
0.09
  1
PB-M-041
 72
1
 11
275.763
 21
-61.257
 31
0.0
100
AcDbText
 73
2
  0
LWPOLYLINE
  5
18D
330
17
100
AcDbEntity
  8
PISO-MORET
100
AcDbPolyline
 90
4
 70
1
 10
274.8615
 20
-61.8423
 10
275.4615
 20
-61.8423
 10
275.4615
 20
-60.6723
 10
274.8615
 20
-60.6723
  0
TEXT
  5
18E
330
17
100
AcDbEntity
  8
ETIQUETAS
100
AcDbText
 10
275.161
 20
-61.257
 30
0.0
 40
0.09
  1
PB-M-040
 72
1
 11
275.161
 21
-61.257
 31
0.0
100
AcDbText
 73
2
  0
LWPOLYLINE
  5
18F
330
17
100
AcDbEntity
  8
PISO-MORET
100
AcDbPolyline
 90
4
 70
1
 10
274.2595
 20
-61.8423
 10
274.8595
 20
-61.8423
 10
274.8595
 20
-60.6723
 10
274.2595
 20
-60.6723
  0
TEXT
  5
190
330
17
100
AcDbEntity
  8
ETIQUETAS
100
AcDbText
 10
274.559
 20
-61.257
 30
0.0
 40
0.09
  1
PB-M-039
 72
1
 11
274.559
 21
-61.257
 31
0.0
100
AcDbText
 73
2
  0
LWPOLYLINE
  5
191
330
17
100
AcDbEntity
  8
PISO-MORET
100
AcDbPolyline
 90
4
 70
1
 10
273.6575
 20
-61.8423
 10
274.25750000000005
 20
-61.8423
 10
274.25750000000005
 20
-60.6723
 10
273.6575
 20
-60.6723
  0
TEXT
  5
192
330
17
100
AcDbEntity
  8
ETIQUETAS
100
AcDbText
 10
273.957
 20
-61.257
 30
0.0
 40
0.09
  1
PB-M-038
 72
1
 11
273.957
 21
-61.257
 31
0.0
100
AcDbText
 73
2
  0
LWPOLYLINE
  5
193
330
17
100
AcDbEntity
  8
PISO-MORET
100
AcDbPolyline
 90
4
 70
1
 10
272.4535
 20
-61.8423
 10
273.05350000000004
 20
-61.8423
 10
273.05350000000004
 20
-60.7323
 10
272.4535
 20
-60.7323
  0
TEXT
  5
194
330
17
100
AcDbEntity
  8
ETIQUETAS
100
AcDbText
 10
272.753
 20
-61.287
 30
0.0
 40
0.09
  1
PB-M-046
 72
1
 11
272.753
 21
-61.287
 31
0.0
100
AcDbText
 73
2
  0
LWPOLYLINE
  5
195
330
17
100
AcDbEntity
  8
PISO-MORET
100
AcDbPolyline
 90
4
 70
1
 10
273.0555
 20
-61.8423
 10
273.6555
 20
-61.8423
 10
273.6555
 20
-60.6723
 10
273.0555
 20
-60.6723
  0
TEXT
  5
196
330
17
100
AcDbEntity
  8
ETIQUETAS
100
AcDbText
 10
273.355
 20
-61.257
 30
0.0
 40
0.09
  1
PB-M-037
 72
1
 11
273.355
 21
-61.257
 31
0.0
100
AcDbText
 73
2
  0
LWPOLYLINE
  5
197
330
17
100
AcDbEntity
  8
PISO-ROYAL-WALNUT
100
AcDbPolyline
 90
4
 70
1
 10
287.4809
 20
-64.0688
 10
287.6809
 20
-64.0688
 10
287.6809
 20
-62.86879999999999
 10
287.4809
 20
-62.86879999999999
  0
TEXT
  5
198
330
17
100
AcDbEntity
  8
ETIQUETAS
100
AcDbText
 10
287.581
 20
-63.469
 30
0.0
 40
0.06
  1
PA-R-079
 72
1
 11
287.581
 21
-63.469
 31
0.0
100
AcDbText
 73
2
  0
LWPOLYLINE
  5
199
330
17
100
AcDbEntity
  8
PISO-ROYAL-WALNUT
100
AcDbPolyline
 90
4
 70
1
 10
287.4809
 20
-62.8678
 10
287.6809
 20
-62.8678
 10
287.6809
 20
-61.6678
 10
287.4809
 20
-61.6678
  0
TEXT
  5
19A
330
17
100
AcDbEntity
  8
ETIQUETAS
100
AcDbText
 10
287.581
 20
-62.268
 30
0.0
 40
0.06
  1
PA-R-053
 72
1
 11
287.581
 21
-62.268
 31
0.0
100
AcDbText
 73
2
  0
LWPOLYLINE
  5
19B
330
17
100
AcDbEntity
  8
PISO-ROYAL-WALNUT
100
AcDbPolyline
 90
4
 70
1
 10
287.2799
 20
-63.4683
 10
287.4799
 20
-63.4683
 10
287.4799
 20
-62.268299999999996
 10
287.2799
 20
-62.268299999999996
  0
TEXT
  5
19C
330
17
100
AcDbEntity
  8
ETIQUETAS
100
AcDbText
 10
287.38
 20
-62.868
 30
0.0
 40
0.06
  1
PA-R-065
 72
1
 11
287.38
 21
-62.868
 31
0.0
100
AcDbText
 73
2
  0
LWPOLYLINE
  5
19D
330
17
100
AcDbEntity
  8
PISO-ROYAL-WALNUT
100
AcDbPolyline
 90
4
 70
1
 10
287.4809
 20
-61.6668
 10
287.6809
 20
-61.6668
 10
287.6809
 20
-60.7323
 10
287.4809
 20
-60.7323
  0
TEXT
  5
19E
330
17
100
AcDbEntity
  8
ETIQUETAS
100
AcDbText
 10
287.581
 20
-61.2
 30
0.0
 40
0.06
  1
PA-R-027
 72
1
 11
287.581
 21
-61.2
 31
0.0
100
AcDbText
 73
2
  0
LWPOLYLINE
  5
19F
330
17
100
AcDbEntity
  8
PISO-ROYAL-WALNUT
100
AcDbPolyline
 90
4
 70
1
 10
287.2799
 20
-62.2673
 10
287.4799
 20
-62.2673
 10
287.4799
 20
-61.067299999999996
 10
287.2799
 20
-61.067299999999996
  0
TEXT
  5
1A0
330
17
100
AcDbEntity
  8
ETIQUETAS
100
AcDbText
 10
287.38
 20
-61.667
 30
0.0
 40
0.06
  1
PA-R-039
 72
1
 11
287.38
 21
-61.667
 31
0.0
100
AcDbText
 73
2
  0
LWPOLYLINE
  5
1A1
330
17
100
AcDbEntity
  8
PISO-ROYAL-WALNUT
100
AcDbPolyline
 90
4
 70
1
 10
287.2799
 20
-61.0663
 10
287.4799
 20
-61.0663
 10
287.4799
 20
-60.732299999999995
 10
287.2799
 20
-60.732299999999995
  0
TEXT
  5
1A2
330
17
100
AcDbEntity
  8
ETIQUETAS
100
AcDbText
 10
287.38
 20
-60.899
 30
0.0
 40
0.06
  1
PA-R-012
 72
1
 11
287.38
 21
-60.899
 31
0.0
100
AcDbText
 73
2
  0
LWPOLYLINE
  5
1A3
330
17
100
AcDbEntity
  8
PISO-ROYAL-WALNUT
100
AcDbPolyline
 90
4
 70
1
 10
287.0789
 20
-64.0688
 10
287.27889999999996
 20
-64.0688
 10
287.27889999999996
 20
-62.86879999999999
 10
287.0789
 20
-62.86879999999999
  0
TEXT
  5
1A4
330
17
100
AcDbEntity
  8
ETIQUETAS
100
AcDbText
 10
287.179
 20
-63.469
 30
0.0
 40
0.06
  1
PA-R-078
 72
1
 11
287.179
 21
-63.469
 31
0.0
100
AcDbText
 73
2
  0
LWPOLYLINE
  5
1A5
330
17
100
AcDbEntity
  8
PISO-ROYAL-WALNUT
100
AcDbPolyline
 90
4
 70
1
 10
287.0789
 20
-62.8678
 10
287.27889999999996
 20
-62.8678
 10
287.27889999999996
 20
-61.6678
 10
287.0789
 20
-61.6678
  0
TEXT
  5
1A6
330
17
100
AcDbEntity
  8
ETIQUETAS
100
AcDbText
 10
287.179
 20
-62.268
 30
0.0
 40
0.06
  1
PA-R-052
 72
1
 11
287.179
 21
-62.268
 31
0.0
100
AcDbText
 73
2
  0
LWPOLYLINE
  5
1A7
330
17
100
AcDbEntity
  8
PISO-ROYAL-WALNUT
100
AcDbPolyline
 90
4
 70
1
 10
286.8779
 20
-63.4683
 10
287.0779
 20
-63.4683
 10
287.0779
 20
-62.268299999999996
 10
286.8779
 20
-62.268299999999996
  0
TEXT
  5
1A8
330
17
100
AcDbEntity
  8
ETIQUETAS
100
AcDbText
 10
286.978
 20
-62.868
 30
0.0
 40
0.06
  1
PA-R-064
 72
1
 11
286.978
 21
-62.868
 31
0.0
100
AcDbText
 73
2
  0
LWPOLYLINE
  5
1A9
330
17
100
AcDbEntity
  8
PISO-ROYAL-WALNUT
100
AcDbPolyline
 90
4
 70
1
 10
287.0789
 20
-61.6668
 10
287.27889999999996
 20
-61.6668
 10
287.27889999999996
 20
-60.7323
 10
287.0789
 20
-60.7323
  0
TEXT
  5
1AA
330
17
100
AcDbEntity
  8
ETIQUETAS
100
AcDbText
 10
287.179
 20
-61.2
 30
0.0
 40
0.06
  1
PA-R-026
 72
1
 11
287.179
 21
-61.2
 31
0.0
100
AcDbText
 73
2
  0
LWPOLYLINE
  5
1AB
330
17
100
AcDbEntity
  8
PISO-ROYAL-WALNUT
100
AcDbPolyline
 90
4
 70
1
 10
286.8779
 20
-62.2673
 10
287.0779
 20
-62.2673
 10
287.0779
 20
-61.067299999999996
 10
286.8779
 20
-61.067299999999996
  0
TEXT
  5
1AC
330
17
100
AcDbEntity
  8
ETIQUETAS
100
AcDbText
 10
286.978
 20
-61.667
 30
0.0
 40
0.06
  1
PA-R-038
 72
1
 11
286.978
 21
-61.667
 31
0.0
100
AcDbText
 73
2
  0
LWPOLYLINE
  5
1AD
330
17
100
AcDbEntity
  8
PISO-ROYAL-WALNUT
100
AcDbPolyline
 90
4
 70
1
 10
286.8779
 20
-61.0663
 10
287.0779
 20
-61.0663
 10
287.0779
 20
-60.732299999999995
 10
286.8779
 20
-60.732299999999995
  0
TEXT
  5
1AE
330
17
100
AcDbEntity
  8
ETIQUETAS
100
AcDbText
 10
286.978
 20
-60.899
 30
0.0
 40
0.06
  1
PA-R-011
 72
1
 11
286.978
 21
-60.899
 31
0.0
100
AcDbText
 73
2
  0
LWPOLYLINE
  5
1AF
330
17
100
AcDbEntity
  8
PISO-ROYAL-WALNUT
100
AcDbPolyline
 90
4
 70
1
 10
286.6769
 20
-64.0688
 10
286.8769
 20
-64.0688
 10
286.8769
 20
-62.86879999999999
 10
286.6769
 20
-62.86879999999999
  0
TEXT
  5
1B0
330
17
100
AcDbEntity
  8
ETIQUETAS
100
AcDbText
 10
286.777
 20
-63.469
 30
0.0
 40
0.06
  1
PA-R-077
 72
1
 11
286.777
 21
-63.469
 31
0.0
100
AcDbText
 73
2
  0
LWPOLYLINE
  5
1B1
330
17
100
AcDbEntity
  8
PISO-ROYAL-WALNUT
100
AcDbPolyline
 90
4
 70
1
 10
286.4759
 20
-64.4423
 10
286.6759
 20
-64.4423
 10
286.6759
 20
-63.469300000000004
 10
286.4759
 20
-63.469300000000004
  0
TEXT
  5
1B2
330
17
100
AcDbEntity
  8
ETIQUETAS
100
AcDbText
 10
286.576
 20
-63.956
 30
0.0
 40
0.06
  1
PA-R-089
 72
1
 11
286.576
 21
-63.956
 31
0.0
100
AcDbText
 73
2
  0
LWPOLYLINE
  5
1B3
330
17
100
AcDbEntity
  8
PISO-ROYAL-WALNUT
100
AcDbPolyline
 90
4
 70
1
 10
286.6769
 20
-62.8678
 10
286.8769
 20
-62.8678
 10
286.8769
 20
-61.6678
 10
286.6769
 20
-61.6678
  0
TEXT
  5
1B4
330
17
100
AcDbEntity
  8
ETIQUETAS
100
AcDbText
 10
286.777
 20
-62.268
 30
0.0
 40
0.06
  1
PA-R-051
 72
1
 11
286.777
 21
-62.268
 31
0.0
100
AcDbText
 73
2
  0
LWPOLYLINE
  5
1B5
330
17
100
AcDbEntity
  8
PISO-ROYAL-WALNUT
100
AcDbPolyline
 90
4
 70
1
 10
286.4759
 20
-63.4683
 10
286.6759
 20
-63.4683
 10
286.6759
 20
-62.268299999999996
 10
286.4759
 20
-62.268299999999996
  0
TEXT
  5
1B6
330
17
100
AcDbEntity
  8
ETIQUETAS
100
AcDbText
 10
286.576
 20
-62.868
 30
0.0
 40
0.06
  1
PA-R-063
 72
1
 11
286.576
 21
-62.868
 31
0.0
100
AcDbText
 73
2
  0
LWPOLYLINE
  5
1B7
330
17
100
AcDbEntity
  8
PISO-ROYAL-WALNUT
100
AcDbPolyline
 90
4
 70
1
 10
286.6769
 20
-61.6668
 10
286.8769
 20
-61.6668
 10
286.8769
 20
-60.7323
 10
286.6769
 20
-60.7323
  0
TEXT
  5
1B8
330
17
100
AcDbEntity
  8
ETIQUETAS
100
AcDbText
 10
286.777
 20
-61.2
 30
0.0
 40
0.06
  1
PA-R-025
 72
1
 11
286.777
 21
-61.2
 31
0.0
100
AcDbText
 73
2
  0
LWPOLYLINE
  5
1B9
330
17
100
AcDbEntity
  8
PISO-ROYAL-WALNUT
100
AcDbPolyline
 90
4
 70
1
 10
286.4759
 20
-62.2673
 10
286.6759
 20
-62.2673
 10
286.6759
 20
-61.067299999999996
 10
286.4759
 20
-61.067299999999996
  0
TEXT
  5
1BA
330
17
100
AcDbEntity
  8
ETIQUETAS
100
AcDbText
 10
286.576
 20
-61.667
 30
0.0
 40
0.06
  1
PA-R-037
 72
1
 11
286.576
 21
-61.667
 31
0.0
100
AcDbText
 73
2
  0
LWPOLYLINE
  5
1BB
330
17
100
AcDbEntity
  8
PISO-ROYAL-WALNUT
100
AcDbPolyline
 90
4
 70
1
 10
286.4759
 20
-61.0663
 10
286.6759
 20
-61.0663
 10
286.6759
 20
-60.732299999999995
 10
286.4759
 20
-60.732299999999995
  0
TEXT
  5
1BC
330
17
100
AcDbEntity
  8
ETIQUETAS
100
AcDbText
 10
286.576
 20
-60.899
 30
0.0
 40
0.06
  1
PA-R-010
 72
1
 11
286.576
 21
-60.899
 31
0.0
100
AcDbText
 73
2
  0
LWPOLYLINE
  5
1BD
330
17
100
AcDbEntity
  8
PISO-ROYAL-WALNUT
100
AcDbPolyline
 90
4
 70
1
 10
286.2749
 20
-64.0688
 10
286.4749
 20
-64.0688
 10
286.4749
 20
-62.86879999999999
 10
286.2749
 20
-62.86879999999999
  0
TEXT
  5
1BE
330
17
100
AcDbEntity
  8
ETIQUETAS
100
AcDbText
 10
286.375
 20
-63.469
 30
0.0
 40
0.06
  1
PA-R-076
 72
1
 11
286.375
 21
-63.469
 31
0.0
100
AcDbText
 73
2
  0
LWPOLYLINE
  5
1BF
330
17
100
AcDbEntity
  8
PISO-ROYAL-WALNUT
100
AcDbPolyline
 90
4
 70
1
 10
286.0739
 20
-64.4423
 10
286.27389999999997
 20
-64.4423
 10
286.27389999999997
 20
-63.469300000000004
 10
286.0739
 20
-63.469300000000004
  0
TEXT
  5
1C0
330
17
100
AcDbEntity
  8
ETIQUETAS
100
AcDbText
 10
286.174
 20
-63.956
 30
0.0
 40
0.06
  1
PA-R-088
 72
1
 11
286.174
 21
-63.956
 31
0.0
100
AcDbText
 73
2
  0
LWPOLYLINE
  5
1C1
330
17
100
AcDbEntity
  8
PISO-ROYAL-WALNUT
100
AcDbPolyline
 90
4
 70
1
 10
286.2749
 20
-62.8678
 10
286.4749
 20
-62.8678
 10
286.4749
 20
-61.6678
 10
286.2749
 20
-61.6678
  0
TEXT
  5
1C2
330
17
100
AcDbEntity
  8
ETIQUETAS
100
AcDbText
 10
286.375
 20
-62.268
 30
0.0
 40
0.06
  1
PA-R-050
 72
1
 11
286.375
 21
-62.268
 31
0.0
100
AcDbText
 73
2
  0
LWPOLYLINE
  5
1C3
330
17
100
AcDbEntity
  8
PISO-ROYAL-WALNUT
100
AcDbPolyline
 90
4
 70
1
 10
286.0739
 20
-63.4683
 10
286.27389999999997
 20
-63.4683
 10
286.27389999999997
 20
-62.268299999999996
 10
286.0739
 20
-62.268299999999996
  0
TEXT
  5
1C4
330
17
100
AcDbEntity
  8
ETIQUETAS
100
AcDbText
 10
286.174
 20
-62.868
 30
0.0
 40
0.06
  1
PA-R-062
 72
1
 11
286.174
 21
-62.868
 31
0.0
100
AcDbText
 73
2
  0
LWPOLYLINE
  5
1C5
330
17
100
AcDbEntity
  8
PISO-ROYAL-WALNUT
100
AcDbPolyline
 90
4
 70
1
 10
286.2749
 20
-61.6668
 10
286.4749
 20
-61.6668
 10
286.4749
 20
-60.7323
 10
286.2749
 20
-60.7323
  0
TEXT
  5
1C6
330
17
100
AcDbEntity
  8
ETIQUETAS
100
AcDbText
 10
286.375
 20
-61.2
 30
0.0
 40
0.06
  1
PA-R-024
 72
1
 11
286.375
 21
-61.2
 31
0.0
100
AcDbText
 73
2
  0
LWPOLYLINE
  5
1C7
330
17
100
AcDbEntity
  8
PISO-ROYAL-WALNUT
100
AcDbPolyline
 90
4
 70
1
 10
286.0739
 20
-62.2673
 10
286.27389999999997
 20
-62.2673
 10
286.27389999999997
 20
-61.067299999999996
 10
286.0739
 20
-61.067299999999996
  0
TEXT
  5
1C8
330
17
100
AcDbEntity
  8
ETIQUETAS
100
AcDbText
 10
286.174
 20
-61.667
 30
0.0
 40
0.06
  1
PA-R-036
 72
1
 11
286.174
 21
-61.667
 31
0.0
100
AcDbText
 73
2
  0
LWPOLYLINE
  5
1C9
330
17
100
AcDbEntity
  8
PISO-ROYAL-WALNUT
100
AcDbPolyline
 90
4
 70
1
 10
286.0739
 20
-61.0663
 10
286.27389999999997
 20
-61.0663
 10
286.27389999999997
 20
-60.732299999999995
 10
286.0739
 20
-60.732299999999995
  0
TEXT
  5
1CA
330
17
100
AcDbEntity
  8
ETIQUETAS
100
AcDbText
 10
286.174
 20
-60.899
 30
0.0
 40
0.06
  1
PA-R-009
 72
1
 11
286.174
 21
-60.899
 31
0.0
100
AcDbText
 73
2
  0
LWPOLYLINE
  5
1CB
330
17
100
AcDbEntity
  8
PISO-ROYAL-WALNUT
100
AcDbPolyline
 90
4
 70
1
 10
285.8729
 20
-64.0688
 10
286.0729
 20
-64.0688
 10
286.0729
 20
-62.86879999999999
 10
285.8729
 20
-62.86879999999999
  0
TEXT
  5
1CC
330
17
100
AcDbEntity
  8
ETIQUETAS
100
AcDbText
 10
285.973
 20
-63.469
 30
0.0
 40
0.06
  1
PA-R-075
 72
1
 11
285.973
 21
-63.469
 31
0.0
100
AcDbText
 73
2
  0
LWPOLYLINE
  5
1CD
330
17
100
AcDbEntity
  8
PISO-ROYAL-WALNUT
100
AcDbPolyline
 90
4
 70
1
 10
285.6719
 20
-64.4423
 10
285.8719
 20
-64.4423
 10
285.8719
 20
-63.469300000000004
 10
285.6719
 20
-63.469300000000004
  0
TEXT
  5
1CE
330
17
100
AcDbEntity
  8
ETIQUETAS
100
AcDbText
 10
285.772
 20
-63.956
 30
0.0
 40
0.06
  1
PA-R-087
 72
1
 11
285.772
 21
-63.956
 31
0.0
100
AcDbText
 73
2
  0
LWPOLYLINE
  5
1CF
330
17
100
AcDbEntity
  8
PISO-ROYAL-WALNUT
100
AcDbPolyline
 90
4
 70
1
 10
285.8729
 20
-62.8678
 10
286.0729
 20
-62.8678
 10
286.0729
 20
-61.6678
 10
285.8729
 20
-61.6678
  0
TEXT
  5
1D0
330
17
100
AcDbEntity
  8
ETIQUETAS
100
AcDbText
 10
285.973
 20
-62.268
 30
0.0
 40
0.06
  1
PA-R-049
 72
1
 11
285.973
 21
-62.268
 31
0.0
100
AcDbText
 73
2
  0
LWPOLYLINE
  5
1D1
330
17
100
AcDbEntity
  8
PISO-ROYAL-WALNUT
100
AcDbPolyline
 90
4
 70
1
 10
285.6719
 20
-63.4683
 10
285.8719
 20
-63.4683
 10
285.8719
 20
-62.268299999999996
 10
285.6719
 20
-62.268299999999996
  0
TEXT
  5
1D2
330
17
100
AcDbEntity
  8
ETIQUETAS
100
AcDbText
 10
285.772
 20
-62.868
 30
0.0
 40
0.06
  1
PA-R-061
 72
1
 11
285.772
 21
-62.868
 31
0.0
100
AcDbText
 73
2
  0
LWPOLYLINE
  5
1D3
330
17
100
AcDbEntity
  8
PISO-ROYAL-WALNUT
100
AcDbPolyline
 90
4
 70
1
 10
285.8729
 20
-61.6668
 10
286.0729
 20
-61.6668
 10
286.0729
 20
-60.7323
 10
285.8729
 20
-60.7323
  0
TEXT
  5
1D4
330
17
100
AcDbEntity
  8
ETIQUETAS
100
AcDbText
 10
285.973
 20
-61.2
 30
0.0
 40
0.06
  1
PA-R-023
 72
1
 11
285.973
 21
-61.2
 31
0.0
100
AcDbText
 73
2
  0
LWPOLYLINE
  5
1D5
330
17
100
AcDbEntity
  8
PISO-ROYAL-WALNUT
100
AcDbPolyline
 90
4
 70
1
 10
285.6719
 20
-62.2673
 10
285.8719
 20
-62.2673
 10
285.8719
 20
-61.067299999999996
 10
285.6719
 20
-61.067299999999996
  0
TEXT
  5
1D6
330
17
100
AcDbEntity
  8
ETIQUETAS
100
AcDbText
 10
285.772
 20
-61.667
 30
0.0
 40
0.06
  1
PA-R-035
 72
1
 11
285.772
 21
-61.667
 31
0.0
100
AcDbText
 73
2
  0
LWPOLYLINE
  5
1D7
330
17
100
AcDbEntity
  8
PISO-ROYAL-WALNUT
100
AcDbPolyline
 90
4
 70
1
 10
285.6719
 20
-61.0663
 10
285.8719
 20
-61.0663
 10
285.8719
 20
-60.732299999999995
 10
285.6719
 20
-60.732299999999995
  0
TEXT
  5
1D8
330
17
100
AcDbEntity
  8
ETIQUETAS
100
AcDbText
 10
285.772
 20
-60.899
 30
0.0
 40
0.06
  1
PA-R-008
 72
1
 11
285.772
 21
-60.899
 31
0.0
100
AcDbText
 73
2
  0
LWPOLYLINE
  5
1D9
330
17
100
AcDbEntity
  8
PISO-ROYAL-WALNUT
100
AcDbPolyline
 90
4
 70
1
 10
285.4709
 20
-64.0688
 10
285.67089999999996
 20
-64.0688
 10
285.67089999999996
 20
-62.86879999999999
 10
285.4709
 20
-62.86879999999999
  0
TEXT
  5
1DA
330
17
100
AcDbEntity
  8
ETIQUETAS
100
AcDbText
 10
285.571
 20
-63.469
 30
0.0
 40
0.06
  1
PA-R-074
 72
1
 11
285.571
 21
-63.469
 31
0.0
100
AcDbText
 73
2
  0
LWPOLYLINE
  5
1DB
330
17
100
AcDbEntity
  8
PISO-ROYAL-WALNUT
100
AcDbPolyline
 90
4
 70
1
 10
285.2699
 20
-64.4423
 10
285.4699
 20
-64.4423
 10
285.4699
 20
-63.469300000000004
 10
285.2699
 20
-63.469300000000004
  0
TEXT
  5
1DC
330
17
100
AcDbEntity
  8
ETIQUETAS
100
AcDbText
 10
285.37
 20
-63.956
 30
0.0
 40
0.06
  1
PA-R-086
 72
1
 11
285.37
 21
-63.956
 31
0.0
100
AcDbText
 73
2
  0
LWPOLYLINE
  5
1DD
330
17
100
AcDbEntity
  8
PISO-ROYAL-WALNUT
100
AcDbPolyline
 90
4
 70
1
 10
285.4709
 20
-62.8678
 10
285.67089999999996
 20
-62.8678
 10
285.67089999999996
 20
-61.6678
 10
285.4709
 20
-61.6678
  0
TEXT
  5
1DE
330
17
100
AcDbEntity
  8
ETIQUETAS
100
AcDbText
 10
285.571
 20
-62.268
 30
0.0
 40
0.06
  1
PA-R-048
 72
1
 11
285.571
 21
-62.268
 31
0.0
100
AcDbText
 73
2
  0
LWPOLYLINE
  5
1DF
330
17
100
AcDbEntity
  8
PISO-ROYAL-WALNUT
100
AcDbPolyline
 90
4
 70
1
 10
285.2699
 20
-63.4683
 10
285.4699
 20
-63.4683
 10
285.4699
 20
-62.268299999999996
 10
285.2699
 20
-62.268299999999996
  0
TEXT
  5
1E0
330
17
100
AcDbEntity
  8
ETIQUETAS
100
AcDbText
 10
285.37
 20
-62.868
 30
0.0
 40
0.06
  1
PA-R-060
 72
1
 11
285.37
 21
-62.868
 31
0.0
100
AcDbText
 73
2
  0
LWPOLYLINE
  5
1E1
330
17
100
AcDbEntity
  8
PISO-ROYAL-WALNUT
100
AcDbPolyline
 90
4
 70
1
 10
285.4709
 20
-61.6668
 10
285.67089999999996
 20
-61.6668
 10
285.67089999999996
 20
-60.7323
 10
285.4709
 20
-60.7323
  0
TEXT
  5
1E2
330
17
100
AcDbEntity
  8
ETIQUETAS
100
AcDbText
 10
285.571
 20
-61.2
 30
0.0
 40
0.06
  1
PA-R-022
 72
1
 11
285.571
 21
-61.2
 31
0.0
100
AcDbText
 73
2
  0
LWPOLYLINE
  5
1E3
330
17
100
AcDbEntity
  8
PISO-ROYAL-WALNUT
100
AcDbPolyline
 90
4
 70
1
 10
285.2699
 20
-62.2673
 10
285.4699
 20
-62.2673
 10
285.4699
 20
-61.067299999999996
 10
285.2699
 20
-61.067299999999996
  0
TEXT
  5
1E4
330
17
100
AcDbEntity
  8
ETIQUETAS
100
AcDbText
 10
285.37
 20
-61.667
 30
0.0
 40
0.06
  1
PA-R-034
 72
1
 11
285.37
 21
-61.667
 31
0.0
100
AcDbText
 73
2
  0
LWPOLYLINE
  5
1E5
330
17
100
AcDbEntity
  8
PISO-ROYAL-WALNUT
100
AcDbPolyline
 90
4
 70
1
 10
285.2699
 20
-61.0663
 10
285.4699
 20
-61.0663
 10
285.4699
 20
-60.732299999999995
 10
285.2699
 20
-60.732299999999995
  0
TEXT
  5
1E6
330
17
100
AcDbEntity
  8
ETIQUETAS
100
AcDbText
 10
285.37
 20
-60.899
 30
0.0
 40
0.06
  1
PA-R-007
 72
1
 11
285.37
 21
-60.899
 31
0.0
100
AcDbText
 73
2
  0
LWPOLYLINE
  5
1E7
330
17
100
AcDbEntity
  8
PISO-ROYAL-WALNUT
100
AcDbPolyline
 90
4
 70
1
 10
285.0689
 20
-64.0688
 10
285.2689
 20
-64.0688
 10
285.2689
 20
-62.86879999999999
 10
285.0689
 20
-62.86879999999999
  0
TEXT
  5
1E8
330
17
100
AcDbEntity
  8
ETIQUETAS
100
AcDbText
 10
285.169
 20
-63.469
 30
0.0
 40
0.06
  1
PA-R-073
 72
1
 11
285.169
 21
-63.469
 31
0.0
100
AcDbText
 73
2
  0
LWPOLYLINE
  5
1E9
330
17
100
AcDbEntity
  8
PISO-ROYAL-WALNUT
100
AcDbPolyline
 90
4
 70
1
 10
284.8679
 20
-64.4423
 10
285.0679
 20
-64.4423
 10
285.0679
 20
-63.469300000000004
 10
284.8679
 20
-63.469300000000004
  0
TEXT
  5
1EA
330
17
100
AcDbEntity
  8
ETIQUETAS
100
AcDbText
 10
284.968
 20
-63.956
 30
0.0
 40
0.06
  1
PA-R-085
 72
1
 11
284.968
 21
-63.956
 31
0.0
100
AcDbText
 73
2
  0
LWPOLYLINE
  5
1EB
330
17
100
AcDbEntity
  8
PISO-ROYAL-WALNUT
100
AcDbPolyline
 90
4
 70
1
 10
285.0689
 20
-62.8678
 10
285.2689
 20
-62.8678
 10
285.2689
 20
-61.6678
 10
285.0689
 20
-61.6678
  0
TEXT
  5
1EC
330
17
100
AcDbEntity
  8
ETIQUETAS
100
AcDbText
 10
285.169
 20
-62.268
 30
0.0
 40
0.06
  1
PA-R-047
 72
1
 11
285.169
 21
-62.268
 31
0.0
100
AcDbText
 73
2
  0
LWPOLYLINE
  5
1ED
330
17
100
AcDbEntity
  8
PISO-ROYAL-WALNUT
100
AcDbPolyline
 90
4
 70
1
 10
284.8679
 20
-63.4683
 10
285.0679
 20
-63.4683
 10
285.0679
 20
-62.268299999999996
 10
284.8679
 20
-62.268299999999996
  0
TEXT
  5
1EE
330
17
100
AcDbEntity
  8
ETIQUETAS
100
AcDbText
 10
284.968
 20
-62.868
 30
0.0
 40
0.06
  1
PA-R-059
 72
1
 11
284.968
 21
-62.868
 31
0.0
100
AcDbText
 73
2
  0
LWPOLYLINE
  5
1EF
330
17
100
AcDbEntity
  8
PISO-ROYAL-WALNUT
100
AcDbPolyline
 90
4
 70
1
 10
285.0689
 20
-61.6668
 10
285.2689
 20
-61.6668
 10
285.2689
 20
-60.7323
 10
285.0689
 20
-60.7323
  0
TEXT
  5
1F0
330
17
100
AcDbEntity
  8
ETIQUETAS
100
AcDbText
 10
285.169
 20
-61.2
 30
0.0
 40
0.06
  1
PA-R-021
 72
1
 11
285.169
 21
-61.2
 31
0.0
100
AcDbText
 73
2
  0
LWPOLYLINE
  5
1F1
330
17
100
AcDbEntity
  8
PISO-ROYAL-WALNUT
100
AcDbPolyline
 90
4
 70
1
 10
284.8679
 20
-62.2673
 10
285.0679
 20
-62.2673
 10
285.0679
 20
-61.067299999999996
 10
284.8679
 20
-61.067299999999996
  0
TEXT
  5
1F2
330
17
100
AcDbEntity
  8
ETIQUETAS
100
AcDbText
 10
284.968
 20
-61.667
 30
0.0
 40
0.06
  1
PA-R-033
 72
1
 11
284.968
 21
-61.667
 31
0.0
100
AcDbText
 73
2
  0
LWPOLYLINE
  5
1F3
330
17
100
AcDbEntity
  8
PISO-ROYAL-WALNUT
100
AcDbPolyline
 90
4
 70
1
 10
284.8679
 20
-61.0663
 10
285.0679
 20
-61.0663
 10
285.0679
 20
-60.732299999999995
 10
284.8679
 20
-60.732299999999995
  0
TEXT
  5
1F4
330
17
100
AcDbEntity
  8
ETIQUETAS
100
AcDbText
 10
284.968
 20
-60.899
 30
0.0
 40
0.06
  1
PA-R-006
 72
1
 11
284.968
 21
-60.899
 31
0.0
100
AcDbText
 73
2
  0
LWPOLYLINE
  5
1F5
330
17
100
AcDbEntity
  8
PISO-ROYAL-WALNUT
100
AcDbPolyline
 90
4
 70
1
 10
284.6669
 20
-64.0688
 10
284.8669
 20
-64.0688
 10
284.8669
 20
-62.86879999999999
 10
284.6669
 20
-62.86879999999999
  0
TEXT
  5
1F6
330
17
100
AcDbEntity
  8
ETIQUETAS
100
AcDbText
 10
284.767
 20
-63.469
 30
0.0
 40
0.06
  1
PA-R-072
 72
1
 11
284.767
 21
-63.469
 31
0.0
100
AcDbText
 73
2
  0
LWPOLYLINE
  5
1F7
330
17
100
AcDbEntity
  8
PISO-ROYAL-WALNUT
100
AcDbPolyline
 90
4
 70
1
 10
284.4659
 20
-64.4423
 10
284.66589999999997
 20
-64.4423
 10
284.66589999999997
 20
-63.469300000000004
 10
284.4659
 20
-63.469300000000004
  0
TEXT
  5
1F8
330
17
100
AcDbEntity
  8
ETIQUETAS
100
AcDbText
 10
284.566
 20
-63.956
 30
0.0
 40
0.06
  1
PA-R-084
 72
1
 11
284.566
 21
-63.956
 31
0.0
100
AcDbText
 73
2
  0
LWPOLYLINE
  5
1F9
330
17
100
AcDbEntity
  8
PISO-ROYAL-WALNUT
100
AcDbPolyline
 90
4
 70
1
 10
284.6669
 20
-62.8678
 10
284.8669
 20
-62.8678
 10
284.8669
 20
-61.6678
 10
284.6669
 20
-61.6678
  0
TEXT
  5
1FA
330
17
100
AcDbEntity
  8
ETIQUETAS
100
AcDbText
 10
284.767
 20
-62.268
 30
0.0
 40
0.06
  1
PA-R-046
 72
1
 11
284.767
 21
-62.268
 31
0.0
100
AcDbText
 73
2
  0
LWPOLYLINE
  5
1FB
330
17
100
AcDbEntity
  8
PISO-ROYAL-WALNUT
100
AcDbPolyline
 90
4
 70
1
 10
284.4659
 20
-63.4683
 10
284.66589999999997
 20
-63.4683
 10
284.66589999999997
 20
-62.268299999999996
 10
284.4659
 20
-62.268299999999996
  0
TEXT
  5
1FC
330
17
100
AcDbEntity
  8
ETIQUETAS
100
AcDbText
 10
284.566
 20
-62.868
 30
0.0
 40
0.06
  1
PA-R-058
 72
1
 11
284.566
 21
-62.868
 31
0.0
100
AcDbText
 73
2
  0
LWPOLYLINE
  5
1FD
330
17
100
AcDbEntity
  8
PISO-ROYAL-WALNUT
100
AcDbPolyline
 90
4
 70
1
 10
284.6669
 20
-61.6668
 10
284.8669
 20
-61.6668
 10
284.8669
 20
-60.7323
 10
284.6669
 20
-60.7323
  0
TEXT
  5
1FE
330
17
100
AcDbEntity
  8
ETIQUETAS
100
AcDbText
 10
284.767
 20
-61.2
 30
0.0
 40
0.06
  1
PA-R-020
 72
1
 11
284.767
 21
-61.2
 31
0.0
100
AcDbText
 73
2
  0
LWPOLYLINE
  5
1FF
330
17
100
AcDbEntity
  8
PISO-ROYAL-WALNUT
100
AcDbPolyline
 90
4
 70
1
 10
284.4659
 20
-62.2673
 10
284.66589999999997
 20
-62.2673
 10
284.66589999999997
 20
-61.067299999999996
 10
284.4659
 20
-61.067299999999996
  0
TEXT
  5
200
330
17
100
AcDbEntity
  8
ETIQUETAS
100
AcDbText
 10
284.566
 20
-61.667
 30
0.0
 40
0.06
  1
PA-R-032
 72
1
 11
284.566
 21
-61.667
 31
0.0
100
AcDbText
 73
2
  0
LWPOLYLINE
  5
201
330
17
100
AcDbEntity
  8
PISO-ROYAL-WALNUT
100
AcDbPolyline
 90
4
 70
1
 10
284.4659
 20
-61.0663
 10
284.66589999999997
 20
-61.0663
 10
284.66589999999997
 20
-60.732299999999995
 10
284.4659
 20
-60.732299999999995
  0
TEXT
  5
202
330
17
100
AcDbEntity
  8
ETIQUETAS
100
AcDbText
 10
284.566
 20
-60.899
 30
0.0
 40
0.06
  1
PA-R-005
 72
1
 11
284.566
 21
-60.899
 31
0.0
100
AcDbText
 73
2
  0
LWPOLYLINE
  5
203
330
17
100
AcDbEntity
  8
PISO-ROYAL-WALNUT
100
AcDbPolyline
 90
4
 70
1
 10
284.2649
 20
-64.0688
 10
284.4649
 20
-64.0688
 10
284.4649
 20
-62.86879999999999
 10
284.2649
 20
-62.86879999999999
  0
TEXT
  5
204
330
17
100
AcDbEntity
  8
ETIQUETAS
100
AcDbText
 10
284.365
 20
-63.469
 30
0.0
 40
0.06
  1
PA-R-071
 72
1
 11
284.365
 21
-63.469
 31
0.0
100
AcDbText
 73
2
  0
LWPOLYLINE
  5
205
330
17
100
AcDbEntity
  8
PISO-ROYAL-WALNUT
100
AcDbPolyline
 90
4
 70
1
 10
284.0639
 20
-64.4423
 10
284.2639
 20
-64.4423
 10
284.2639
 20
-63.469300000000004
 10
284.0639
 20
-63.469300000000004
  0
TEXT
  5
206
330
17
100
AcDbEntity
  8
ETIQUETAS
100
AcDbText
 10
284.164
 20
-63.956
 30
0.0
 40
0.06
  1
PA-R-083
 72
1
 11
284.164
 21
-63.956
 31
0.0
100
AcDbText
 73
2
  0
LWPOLYLINE
  5
207
330
17
100
AcDbEntity
  8
PISO-ROYAL-WALNUT
100
AcDbPolyline
 90
4
 70
1
 10
284.2649
 20
-62.8678
 10
284.4649
 20
-62.8678
 10
284.4649
 20
-61.6678
 10
284.2649
 20
-61.6678
  0
TEXT
  5
208
330
17
100
AcDbEntity
  8
ETIQUETAS
100
AcDbText
 10
284.365
 20
-62.268
 30
0.0
 40
0.06
  1
PA-R-045
 72
1
 11
284.365
 21
-62.268
 31
0.0
100
AcDbText
 73
2
  0
LWPOLYLINE
  5
209
330
17
100
AcDbEntity
  8
PISO-ROYAL-WALNUT
100
AcDbPolyline
 90
4
 70
1
 10
284.0639
 20
-63.4683
 10
284.2639
 20
-63.4683
 10
284.2639
 20
-62.268299999999996
 10
284.0639
 20
-62.268299999999996
  0
TEXT
  5
20A
330
17
100
AcDbEntity
  8
ETIQUETAS
100
AcDbText
 10
284.164
 20
-62.868
 30
0.0
 40
0.06
  1
PA-R-057
 72
1
 11
284.164
 21
-62.868
 31
0.0
100
AcDbText
 73
2
  0
LWPOLYLINE
  5
20B
330
17
100
AcDbEntity
  8
PISO-ROYAL-WALNUT
100
AcDbPolyline
 90
4
 70
1
 10
284.2649
 20
-61.6668
 10
284.4649
 20
-61.6668
 10
284.4649
 20
-60.7323
 10
284.2649
 20
-60.7323
  0
TEXT
  5
20C
330
17
100
AcDbEntity
  8
ETIQUETAS
100
AcDbText
 10
284.365
 20
-61.2
 30
0.0
 40
0.06
  1
PA-R-019
 72
1
 11
284.365
 21
-61.2
 31
0.0
100
AcDbText
 73
2
  0
LWPOLYLINE
  5
20D
330
17
100
AcDbEntity
  8
PISO-ROYAL-WALNUT
100
AcDbPolyline
 90
4
 70
1
 10
284.0639
 20
-62.2673
 10
284.2639
 20
-62.2673
 10
284.2639
 20
-61.067299999999996
 10
284.0639
 20
-61.067299999999996
  0
TEXT
  5
20E
330
17
100
AcDbEntity
  8
ETIQUETAS
100
AcDbText
 10
284.164
 20
-61.667
 30
0.0
 40
0.06
  1
PA-R-031
 72
1
 11
284.164
 21
-61.667
 31
0.0
100
AcDbText
 73
2
  0
LWPOLYLINE
  5
20F
330
17
100
AcDbEntity
  8
PISO-ROYAL-WALNUT
100
AcDbPolyline
 90
4
 70
1
 10
284.0639
 20
-61.0663
 10
284.2639
 20
-61.0663
 10
284.2639
 20
-60.732299999999995
 10
284.0639
 20
-60.732299999999995
  0
TEXT
  5
210
330
17
100
AcDbEntity
  8
ETIQUETAS
100
AcDbText
 10
284.164
 20
-60.899
 30
0.0
 40
0.06
  1
PA-R-004
 72
1
 11
284.164
 21
-60.899
 31
0.0
100
AcDbText
 73
2
  0
LWPOLYLINE
  5
211
330
17
100
AcDbEntity
  8
PISO-ROYAL-WALNUT
100
AcDbPolyline
 90
4
 70
1
 10
283.8629
 20
-64.0688
 10
284.0629
 20
-64.0688
 10
284.0629
 20
-62.86879999999999
 10
283.8629
 20
-62.86879999999999
  0
TEXT
  5
212
330
17
100
AcDbEntity
  8
ETIQUETAS
100
AcDbText
 10
283.963
 20
-63.469
 30
0.0
 40
0.06
  1
PA-R-070
 72
1
 11
283.963
 21
-63.469
 31
0.0
100
AcDbText
 73
2
  0
LWPOLYLINE
  5
213
330
17
100
AcDbEntity
  8
PISO-ROYAL-WALNUT
100
AcDbPolyline
 90
4
 70
1
 10
283.6619
 20
-64.4423
 10
283.8619
 20
-64.4423
 10
283.8619
 20
-63.469300000000004
 10
283.6619
 20
-63.469300000000004
  0
TEXT
  5
214
330
17
100
AcDbEntity
  8
ETIQUETAS
100
AcDbText
 10
283.762
 20
-63.956
 30
0.0
 40
0.06
  1
PA-R-082
 72
1
 11
283.762
 21
-63.956
 31
0.0
100
AcDbText
 73
2
  0
LWPOLYLINE
  5
215
330
17
100
AcDbEntity
  8
PISO-ROYAL-WALNUT
100
AcDbPolyline
 90
4
 70
1
 10
283.8629
 20
-62.8678
 10
284.0629
 20
-62.8678
 10
284.0629
 20
-61.6678
 10
283.8629
 20
-61.6678
  0
TEXT
  5
216
330
17
100
AcDbEntity
  8
ETIQUETAS
100
AcDbText
 10
283.963
 20
-62.268
 30
0.0
 40
0.06
  1
PA-R-044
 72
1
 11
283.963
 21
-62.268
 31
0.0
100
AcDbText
 73
2
  0
LWPOLYLINE
  5
217
330
17
100
AcDbEntity
  8
PISO-ROYAL-WALNUT
100
AcDbPolyline
 90
4
 70
1
 10
283.6619
 20
-63.4683
 10
283.8619
 20
-63.4683
 10
283.8619
 20
-62.268299999999996
 10
283.6619
 20
-62.268299999999996
  0
TEXT
  5
218
330
17
100
AcDbEntity
  8
ETIQUETAS
100
AcDbText
 10
283.762
 20
-62.868
 30
0.0
 40
0.06
  1
PA-R-056
 72
1
 11
283.762
 21
-62.868
 31
0.0
100
AcDbText
 73
2
  0
LWPOLYLINE
  5
219
330
17
100
AcDbEntity
  8
PISO-ROYAL-WALNUT
100
AcDbPolyline
 90
4
 70
1
 10
283.8629
 20
-61.6668
 10
284.0629
 20
-61.6668
 10
284.0629
 20
-60.7323
 10
283.8629
 20
-60.7323
  0
TEXT
  5
21A
330
17
100
AcDbEntity
  8
ETIQUETAS
100
AcDbText
 10
283.963
 20
-61.2
 30
0.0
 40
0.06
  1
PA-R-018
 72
1
 11
283.963
 21
-61.2
 31
0.0
100
AcDbText
 73
2
  0
LWPOLYLINE
  5
21B
330
17
100
AcDbEntity
  8
PISO-ROYAL-WALNUT
100
AcDbPolyline
 90
4
 70
1
 10
283.6619
 20
-62.2673
 10
283.8619
 20
-62.2673
 10
283.8619
 20
-61.067299999999996
 10
283.6619
 20
-61.067299999999996
  0
TEXT
  5
21C
330
17
100
AcDbEntity
  8
ETIQUETAS
100
AcDbText
 10
283.762
 20
-61.667
 30
0.0
 40
0.06
  1
PA-R-030
 72
1
 11
283.762
 21
-61.667
 31
0.0
100
AcDbText
 73
2
  0
LWPOLYLINE
  5
21D
330
17
100
AcDbEntity
  8
PISO-ROYAL-WALNUT
100
AcDbPolyline
 90
4
 70
1
 10
283.6619
 20
-61.0663
 10
283.8619
 20
-61.0663
 10
283.8619
 20
-60.732299999999995
 10
283.6619
 20
-60.732299999999995
  0
TEXT
  5
21E
330
17
100
AcDbEntity
  8
ETIQUETAS
100
AcDbText
 10
283.762
 20
-60.899
 30
0.0
 40
0.06
  1
PA-R-003
 72
1
 11
283.762
 21
-60.899
 31
0.0
100
AcDbText
 73
2
  0
LWPOLYLINE
  5
21F
330
17
100
AcDbEntity
  8
PISO-ROYAL-WALNUT
100
AcDbPolyline
 90
4
 70
1
 10
283.4609
 20
-64.0688
 10
283.66089999999997
 20
-64.0688
 10
283.66089999999997
 20
-62.86879999999999
 10
283.4609
 20
-62.86879999999999
  0
TEXT
  5
220
330
17
100
AcDbEntity
  8
ETIQUETAS
100
AcDbText
 10
283.561
 20
-63.469
 30
0.0
 40
0.06
  1
PA-R-069
 72
1
 11
283.561
 21
-63.469
 31
0.0
100
AcDbText
 73
2
  0
LWPOLYLINE
  5
221
330
17
100
AcDbEntity
  8
PISO-ROYAL-WALNUT
100
AcDbPolyline
 90
4
 70
1
 10
283.2599
 20
-64.4423
 10
283.4599
 20
-64.4423
 10
283.4599
 20
-63.469300000000004
 10
283.2599
 20
-63.469300000000004
  0
TEXT
  5
222
330
17
100
AcDbEntity
  8
ETIQUETAS
100
AcDbText
 10
283.36
 20
-63.956
 30
0.0
 40
0.06
  1
PA-R-081
 72
1
 11
283.36
 21
-63.956
 31
0.0
100
AcDbText
 73
2
  0
LWPOLYLINE
  5
223
330
17
100
AcDbEntity
  8
PISO-ROYAL-WALNUT
100
AcDbPolyline
 90
4
 70
1
 10
283.4609
 20
-62.8678
 10
283.66089999999997
 20
-62.8678
 10
283.66089999999997
 20
-61.6678
 10
283.4609
 20
-61.6678
  0
TEXT
  5
224
330
17
100
AcDbEntity
  8
ETIQUETAS
100
AcDbText
 10
283.561
 20
-62.268
 30
0.0
 40
0.06
  1
PA-R-043
 72
1
 11
283.561
 21
-62.268
 31
0.0
100
AcDbText
 73
2
  0
LWPOLYLINE
  5
225
330
17
100
AcDbEntity
  8
PISO-ROYAL-WALNUT
100
AcDbPolyline
 90
4
 70
1
 10
283.2599
 20
-63.4683
 10
283.4599
 20
-63.4683
 10
283.4599
 20
-62.268299999999996
 10
283.2599
 20
-62.268299999999996
  0
TEXT
  5
226
330
17
100
AcDbEntity
  8
ETIQUETAS
100
AcDbText
 10
283.36
 20
-62.868
 30
0.0
 40
0.06
  1
PA-R-055
 72
1
 11
283.36
 21
-62.868
 31
0.0
100
AcDbText
 73
2
  0
LWPOLYLINE
  5
227
330
17
100
AcDbEntity
  8
PISO-ROYAL-WALNUT
100
AcDbPolyline
 90
4
 70
1
 10
283.4609
 20
-61.6668
 10
283.66089999999997
 20
-61.6668
 10
283.66089999999997
 20
-60.7323
 10
283.4609
 20
-60.7323
  0
TEXT
  5
228
330
17
100
AcDbEntity
  8
ETIQUETAS
100
AcDbText
 10
283.561
 20
-61.2
 30
0.0
 40
0.06
  1
PA-R-017
 72
1
 11
283.561
 21
-61.2
 31
0.0
100
AcDbText
 73
2
  0
LWPOLYLINE
  5
229
330
17
100
AcDbEntity
  8
PISO-ROYAL-WALNUT
100
AcDbPolyline
 90
4
 70
1
 10
283.2599
 20
-62.2673
 10
283.4599
 20
-62.2673
 10
283.4599
 20
-61.067299999999996
 10
283.2599
 20
-61.067299999999996
  0
TEXT
  5
22A
330
17
100
AcDbEntity
  8
ETIQUETAS
100
AcDbText
 10
283.36
 20
-61.667
 30
0.0
 40
0.06
  1
PA-R-029
 72
1
 11
283.36
 21
-61.667
 31
0.0
100
AcDbText
 73
2
  0
LWPOLYLINE
  5
22B
330
17
100
AcDbEntity
  8
PISO-ROYAL-WALNUT
100
AcDbPolyline
 90
4
 70
1
 10
283.2599
 20
-61.0663
 10
283.4599
 20
-61.0663
 10
283.4599
 20
-60.732299999999995
 10
283.2599
 20
-60.732299999999995
  0
TEXT
  5
22C
330
17
100
AcDbEntity
  8
ETIQUETAS
100
AcDbText
 10
283.36
 20
-60.899
 30
0.0
 40
0.06
  1
PA-R-002
 72
1
 11
283.36
 21
-60.899
 31
0.0
100
AcDbText
 73
2
  0
LWPOLYLINE
  5
22D
330
17
100
AcDbEntity
  8
PISO-ROYAL-WALNUT
100
AcDbPolyline
 90
4
 70
1
 10
283.0589
 20
-64.0688
 10
283.2589
 20
-64.0688
 10
283.2589
 20
-62.86879999999999
 10
283.0589
 20
-62.86879999999999
  0
TEXT
  5
22E
330
17
100
AcDbEntity
  8
ETIQUETAS
100
AcDbText
 10
283.159
 20
-63.469
 30
0.0
 40
0.06
  1
PA-R-068
 72
1
 11
283.159
 21
-63.469
 31
0.0
100
AcDbText
 73
2
  0
LWPOLYLINE
  5
22F
330
17
100
AcDbEntity
  8
PISO-ROYAL-WALNUT
100
AcDbPolyline
 90
4
 70
1
 10
282.8579
 20
-64.4423
 10
283.05789999999996
 20
-64.4423
 10
283.05789999999996
 20
-63.469300000000004
 10
282.8579
 20
-63.469300000000004
  0
TEXT
  5
230
330
17
100
AcDbEntity
  8
ETIQUETAS
100
AcDbText
 10
282.958
 20
-63.956
 30
0.0
 40
0.06
  1
PA-R-080
 72
1
 11
282.958
 21
-63.956
 31
0.0
100
AcDbText
 73
2
  0
LWPOLYLINE
  5
231
330
17
100
AcDbEntity
  8
PISO-ROYAL-WALNUT
100
AcDbPolyline
 90
4
 70
1
 10
283.0589
 20
-62.8678
 10
283.2589
 20
-62.8678
 10
283.2589
 20
-61.6678
 10
283.0589
 20
-61.6678
  0
TEXT
  5
232
330
17
100
AcDbEntity
  8
ETIQUETAS
100
AcDbText
 10
283.159
 20
-62.268
 30
0.0
 40
0.06
  1
PA-R-042
 72
1
 11
283.159
 21
-62.268
 31
0.0
100
AcDbText
 73
2
  0
LWPOLYLINE
  5
233
330
17
100
AcDbEntity
  8
PISO-ROYAL-WALNUT
100
AcDbPolyline
 90
4
 70
1
 10
282.8579
 20
-63.4683
 10
283.05789999999996
 20
-63.4683
 10
283.05789999999996
 20
-62.268299999999996
 10
282.8579
 20
-62.268299999999996
  0
TEXT
  5
234
330
17
100
AcDbEntity
  8
ETIQUETAS
100
AcDbText
 10
282.958
 20
-62.868
 30
0.0
 40
0.06
  1
PA-R-054
 72
1
 11
282.958
 21
-62.868
 31
0.0
100
AcDbText
 73
2
  0
LWPOLYLINE
  5
235
330
17
100
AcDbEntity
  8
PISO-ROYAL-WALNUT
100
AcDbPolyline
 90
4
 70
1
 10
283.0589
 20
-61.6668
 10
283.2589
 20
-61.6668
 10
283.2589
 20
-60.7323
 10
283.0589
 20
-60.7323
  0
TEXT
  5
236
330
17
100
AcDbEntity
  8
ETIQUETAS
100
AcDbText
 10
283.159
 20
-61.2
 30
0.0
 40
0.06
  1
PA-R-016
 72
1
 11
283.159
 21
-61.2
 31
0.0
100
AcDbText
 73
2
  0
LWPOLYLINE
  5
237
330
17
100
AcDbEntity
  8
PISO-ROYAL-WALNUT
100
AcDbPolyline
 90
4
 70
1
 10
282.8579
 20
-62.2673
 10
283.05789999999996
 20
-62.2673
 10
283.05789999999996
 20
-61.067299999999996
 10
282.8579
 20
-61.067299999999996
  0
TEXT
  5
238
330
17
100
AcDbEntity
  8
ETIQUETAS
100
AcDbText
 10
282.958
 20
-61.667
 30
0.0
 40
0.06
  1
PA-R-028
 72
1
 11
282.958
 21
-61.667
 31
0.0
100
AcDbText
 73
2
  0
LWPOLYLINE
  5
239
330
17
100
AcDbEntity
  8
PISO-ROYAL-WALNUT
100
AcDbPolyline
 90
4
 70
1
 10
282.8579
 20
-61.0663
 10
283.05789999999996
 20
-61.0663
 10
283.05789999999996
 20
-60.732299999999995
 10
282.8579
 20
-60.732299999999995
  0
TEXT
  5
23A
330
17
100
AcDbEntity
  8
ETIQUETAS
100
AcDbText
 10
282.958
 20
-60.899
 30
0.0
 40
0.06
  1
PA-R-001
 72
1
 11
282.958
 21
-60.899
 31
0.0
100
AcDbText
 73
2
  0
LWPOLYLINE
  5
23B
330
17
100
AcDbEntity
  8
PISO-ROYAL-WALNUT
100
AcDbPolyline
 90
4
 70
1
 10
282.8319
 20
-64.0688
 10
282.8569
 20
-64.0688
 10
282.8569
 20
-62.86879999999999
 10
282.8319
 20
-62.86879999999999
  0
TEXT
  5
23C
330
17
100
AcDbEntity
  8
ETIQUETAS
100
AcDbText
 10
282.844
 20
-63.469
 30
0.0
 40
0.03
  1
PA-R-067
 72
1
 11
282.844
 21
-63.469
 31
0.0
100
AcDbText
 73
2
  0
LWPOLYLINE
  5
23D
330
17
100
AcDbEntity
  8
PISO-ROYAL-WALNUT
100
AcDbPolyline
 90
4
 70
1
 10
282.8319
 20
-62.8678
 10
282.8569
 20
-62.8678
 10
282.8569
 20
-61.6678
 10
282.8319
 20
-61.6678
  0
TEXT
  5
23E
330
17
100
AcDbEntity
  8
ETIQUETAS
100
AcDbText
 10
282.844
 20
-62.268
 30
0.0
 40
0.03
  1
PA-R-041
 72
1
 11
282.844
 21
-62.268
 31
0.0
100
AcDbText
 73
2
  0
LWPOLYLINE
  5
23F
330
17
100
AcDbEntity
  8
PISO-ROYAL-WALNUT
100
AcDbPolyline
 90
4
 70
1
 10
282.8319
 20
-61.6668
 10
282.8569
 20
-61.6668
 10
282.8569
 20
-60.7323
 10
282.8319
 20
-60.7323
  0
TEXT
  5
240
330
17
100
AcDbEntity
  8
ETIQUETAS
100
AcDbText
 10
282.844
 20
-61.2
 30
0.0
 40
0.03
  1
PA-R-015
 72
1
 11
282.844
 21
-61.2
 31
0.0
100
AcDbText
 73
2
  0
LWPOLYLINE
  5
241
330
17
100
AcDbEntity
  8
PISO-ROYAL-WALNUT
100
AcDbPolyline
 90
4
 70
1
 10
287.6819
 20
-61.0663
 10
287.8819
 20
-61.0663
 10
287.8819
 20
-60.732299999999995
 10
287.6819
 20
-60.732299999999995
  0
TEXT
  5
242
330
17
100
AcDbEntity
  8
ETIQUETAS
100
AcDbText
 10
287.782
 20
-60.899
 30
0.0
 40
0.06
  1
PA-R-013
 72
1
 11
287.782
 21
-60.899
 31
0.0
100
AcDbText
 73
2
  0
LWPOLYLINE
  5
243
330
17
100
AcDbEntity
  8
PISO-MORET
100
AcDbPolyline
 90
4
 70
1
 10
286.9303
 20
-70.6923
 10
287.5303
 20
-70.6923
 10
287.5303
 20
-69.5423
 10
286.9303
 20
-69.5423
  0
TEXT
  5
244
330
17
100
AcDbEntity
  8
ETIQUETAS
100
AcDbText
 10
287.23
 20
-70.117
 30
0.0
 40
0.09
  1
PA-M-079
 72
1
 11
287.23
 21
-70.117
 31
0.0
100
AcDbText
 73
2
  0
LWPOLYLINE
  5
245
330
17
100
AcDbEntity
  8
PISO-MORET
100
AcDbPolyline
 90
4
 70
1
 10
286.9303
 20
-69.5403
 10
287.5303
 20
-69.5403
 10
287.5303
 20
-68.3403
 10
286.9303
 20
-68.3403
  0
TEXT
  5
246
330
17
100
AcDbEntity
  8
ETIQUETAS
100
AcDbText
 10
287.23
 20
-68.94
 30
0.0
 40
0.09
  1
PA-M-058
 72
1
 11
287.23
 21
-68.94
 31
0.0
100
AcDbText
 73
2
  0
LWPOLYLINE
  5
247
330
17
100
AcDbEntity
  8
PISO-MORET
100
AcDbPolyline
 90
4
 70
1
 10
286.5786
 20
-69.5403
 10
286.9283
 20
-69.5403
 10
286.9283
 20
-68.3403
 10
286.5786
 20
-68.3403
  0
TEXT
  5
248
330
17
100
AcDbEntity
  8
ETIQUETAS
100
AcDbText
 10
286.753
 20
-68.94
 30
0.0
 40
0.09
  1
PA-M-057
 72
1
 11
286.753
 21
-68.94
 31
0.0
100
AcDbText
 73
2
  0
LWPOLYLINE
  5
249
330
17
100
AcDbEntity
  8
PISO-MORET
100
AcDbPolyline
 90
4
 70
1
 10
286.9303
 20
-68.3383
 10
287.5303
 20
-68.3383
 10
287.5303
 20
-67.1383
 10
286.9303
 20
-67.1383
  0
TEXT
  5
24A
330
17
100
AcDbEntity
  8
ETIQUETAS
100
AcDbText
 10
287.23
 20
-67.738
 30
0.0
 40
0.09
  1
PA-M-047
 72
1
 11
287.23
 21
-67.738
 31
0.0
100
AcDbText
 73
2
  0
LWPOLYLINE
  5
24B
330
17
100
AcDbEntity
  8
PISO-MORET
100
AcDbPolyline
 90
4
 70
1
 10
287.5323
 20
-67.1363
 10
287.882
 20
-67.1363
 10
287.882
 20
-65.9363
 10
287.5323
 20
-65.9363
  0
TEXT
  5
24C
330
17
100
AcDbEntity
  8
ETIQUETAS
100
AcDbText
 10
287.707
 20
-66.536
 30
0.0
 40
0.09
  1
PA-M-045
 72
1
 11
287.707
 21
-66.536
 31
0.0
100
AcDbText
 73
2
  0
LWPOLYLINE
  5
24D
330
17
100
AcDbEntity
  8
PISO-MORET
100
AcDbPolyline
 90
4
 70
1
 10
286.9303
 20
-67.1363
 10
287.5303
 20
-67.1363
 10
287.5303
 20
-65.9363
 10
286.9303
 20
-65.9363
  0
TEXT
  5
24E
330
17
100
AcDbEntity
  8
ETIQUETAS
100
AcDbText
 10
287.23
 20
-66.536
 30
0.0
 40
0.09
  1
PA-M-044
 72
1
 11
287.23
 21
-66.536
 31
0.0
100
AcDbText
 73
2
  0
LWPOLYLINE
  5
24F
330
17
100
AcDbEntity
  8
PISO-MORET
100
AcDbPolyline
 90
4
 70
1
 10
287.5323
 20
-65.9343
 10
287.882
 20
-65.9343
 10
287.882
 20
-64.73429999999999
 10
287.5323
 20
-64.73429999999999
  0
TEXT
  5
250
330
17
100
AcDbEntity
  8
ETIQUETAS
100
AcDbText
 10
287.707
 20
-65.334
 30
0.0
 40
0.09
  1
PA-M-037
 72
1
 11
287.707
 21
-65.334
 31
0.0
100
AcDbText
 73
2
  0
LWPOLYLINE
  5
251
330
17
100
AcDbEntity
  8
PISO-MORET
100
AcDbPolyline
 90
4
 70
1
 10
286.9303
 20
-65.9343
 10
287.5303
 20
-65.9343
 10
287.5303
 20
-64.73429999999999
 10
286.9303
 20
-64.73429999999999
  0
TEXT
  5
252
330
17
100
AcDbEntity
  8
ETIQUETAS
100
AcDbText
 10
287.23
 20
-65.334
 30
0.0
 40
0.09
  1
PA-M-036
 72
1
 11
287.23
 21
-65.334
 31
0.0
100
AcDbText
 73
2
  0
LWPOLYLINE
  5
253
330
17
100
AcDbEntity
  8
PISO-ROYAL-WALNUT
100
AcDbPolyline
 90
4
 70
1
 10
287.5323
 20
-64.7323
 10
287.882
 20
-64.7323
 10
287.882
 20
-64.53229999999999
 10
287.5323
 20
-64.53229999999999
  0
TEXT
  5
254
330
17
100
AcDbEntity
  8
ETIQUETAS
100
AcDbText
 10
287.707
 20
-64.632
 30
0.0
 40
0.06
  1
PA-R-106
 72
1
 11
287.707
 21
-64.632
 31
0.0
100
AcDbText
 73
2
  0
LWPOLYLINE
  5
255
330
17
100
AcDbEntity
  8
PISO-MORET
100
AcDbPolyline
 90
4
 70
1
 10
286.9303
 20
-64.7323
 10
287.5303
 20
-64.7323
 10
287.5303
 20
-64.53229999999999
 10
286.9303
 20
-64.53229999999999
  0
TEXT
  5
256
330
17
100
AcDbEntity
  8
ETIQUETAS
100
AcDbText
 10
287.23
 20
-64.632
 30
0.0
 40
0.06
  1
PA-M-028
 72
1
 11
287.23
 21
-64.632
 31
0.0
100
AcDbText
 73
2
  0
LWPOLYLINE
  5
257
330
17
100
AcDbEntity
  8
PISO-MORET
100
AcDbPolyline
 90
4
 70
1
 10
287.5323
 20
-69.5403
 10
287.882
 20
-69.5403
 10
287.882
 20
-68.3403
 10
287.5323
 20
-68.3403
  0
TEXT
  5
258
330
17
100
AcDbEntity
  8
ETIQUETAS
100
AcDbText
 10
287.707
 20
-68.94
 30
0.0
 40
0.09
  1
PA-M-059
 72
1
 11
287.707
 21
-68.94
 31
0.0
100
AcDbText
 73
2
  0
LWPOLYLINE
  5
259
330
17
100
AcDbEntity
  8
PISO-MORET
100
AcDbPolyline
 90
4
 70
1
 10
287.5323
 20
-70.6923
 10
287.882
 20
-70.6923
 10
287.882
 20
-69.5423
 10
287.5323
 20
-69.5423
  0
TEXT
  5
25A
330
17
100
AcDbEntity
  8
ETIQUETAS
100
AcDbText
 10
287.707
 20
-70.117
 30
0.0
 40
0.09
  1
PA-M-080
 72
1
 11
287.707
 21
-70.117
 31
0.0
100
AcDbText
 73
2
  0
LWPOLYLINE
  5
25B
330
17
100
AcDbEntity
  8
PISO-MORET
100
AcDbPolyline
 90
4
 70
1
 10
286.5786
 20
-68.3383
 10
286.9283
 20
-68.3383
 10
286.9283
 20
-67.1383
 10
286.5786
 20
-67.1383
  0
TEXT
  5
25C
330
17
100
AcDbEntity
  8
ETIQUETAS
100
AcDbText
 10
286.753
 20
-67.738
 30
0.0
 40
0.09
  1
PA-M-046
 72
1
 11
286.753
 21
-67.738
 31
0.0
100
AcDbText
 73
2
  0
LWPOLYLINE
  5
25D
330
17
100
AcDbEntity
  8
PISO-MORET
100
AcDbPolyline
 90
4
 70
1
 10
286.5786
 20
-67.1363
 10
286.9283
 20
-67.1363
 10
286.9283
 20
-65.9363
 10
286.5786
 20
-65.9363
  0
TEXT
  5
25E
330
17
100
AcDbEntity
  8
ETIQUETAS
100
AcDbText
 10
286.753
 20
-66.536
 30
0.0
 40
0.09
  1
PA-M-043
 72
1
 11
286.753
 21
-66.536
 31
0.0
100
AcDbText
 73
2
  0
LWPOLYLINE
  5
25F
330
17
100
AcDbEntity
  8
PISO-MORET
100
AcDbPolyline
 90
4
 70
1
 10
286.5786
 20
-65.9343
 10
286.9283
 20
-65.9343
 10
286.9283
 20
-64.73429999999999
 10
286.5786
 20
-64.73429999999999
  0
TEXT
  5
260
330
17
100
AcDbEntity
  8
ETIQUETAS
100
AcDbText
 10
286.753
 20
-65.334
 30
0.0
 40
0.09
  1
PA-M-035
 72
1
 11
286.753
 21
-65.334
 31
0.0
100
AcDbText
 73
2
  0
LWPOLYLINE
  5
261
330
17
100
AcDbEntity
  8
PISO-MORET
100
AcDbPolyline
 90
4
 70
1
 10
286.5786
 20
-64.7323
 10
286.9283
 20
-64.7323
 10
286.9283
 20
-64.6223
 10
286.5786
 20
-64.6223
  0
TEXT
  5
262
330
17
100
AcDbEntity
  8
ETIQUETAS
100
AcDbText
 10
286.753
 20
-64.677
 30
0.0
 40
0.033
  1
PA-M-029
 72
1
 11
286.753
 21
-64.677
 31
0.0
100
AcDbText
 73
2
  0
LWPOLYLINE
  5
263
330
17
100
AcDbEntity
  8
PISO-MORET
100
AcDbPolyline
 90
4
 70
1
 10
289.7779
 20
-64.4423
 10
290.1921
 20
-64.4423
 10
290.1921
 20
-63.621300000000005
 10
289.7779
 20
-63.621300000000005
  0
TEXT
  5
264
330
17
100
AcDbEntity
  8
ETIQUETAS
100
AcDbText
 10
289.985
 20
-64.032
 30
0.0
 40
0.09
  1
PA-M-026
 72
1
 11
289.985
 21
-64.032
 31
0.0
100
AcDbText
 73
2
  0
LWPOLYLINE
  5
265
330
17
100
AcDbEntity
  8
PISO-MORET
100
AcDbPolyline
 90
4
 70
1
 10
289.1759
 20
-64.4423
 10
289.77590000000004
 20
-64.4423
 10
289.77590000000004
 20
-63.621300000000005
 10
289.1759
 20
-63.621300000000005
  0
TEXT
  5
266
330
17
100
AcDbEntity
  8
ETIQUETAS
100
AcDbText
 10
289.476
 20
-64.032
 30
0.0
 40
0.09
  1
PA-M-025
 72
1
 11
289.476
 21
-64.032
 31
0.0
100
AcDbText
 73
2
  0
LWPOLYLINE
  5
267
330
17
100
AcDbEntity
  8
PISO-MORET
100
AcDbPolyline
 90
4
 70
1
 10
288.5739
 20
-64.4423
 10
289.1739
 20
-64.4423
 10
289.1739
 20
-63.621300000000005
 10
288.5739
 20
-63.621300000000005
  0
TEXT
  5
268
330
17
100
AcDbEntity
  8
ETIQUETAS
100
AcDbText
 10
288.874
 20
-64.032
 30
0.0
 40
0.09
  1
PA-M-024
 72
1
 11
288.874
 21
-64.032
 31
0.0
100
AcDbText
 73
2
  0
LWPOLYLINE
  5
269
330
17
100
AcDbEntity
  8
PISO-MORET
100
AcDbPolyline
 90
4
 70
1
 10
288.0619
 20
-64.4423
 10
288.57189999999997
 20
-64.4423
 10
288.57189999999997
 20
-63.621300000000005
 10
288.0619
 20
-63.621300000000005
  0
TEXT
  5
26A
330
17
100
AcDbEntity
  8
ETIQUETAS
100
AcDbText
 10
288.317
 20
-64.032
 30
0.0
 40
0.09
  1
PA-M-023
 72
1
 11
288.317
 21
-64.032
 31
0.0
100
AcDbText
 73
2
  0
LWPOLYLINE
  5
26B
330
17
100
AcDbEntity
  8
PISO-MORET
100
AcDbPolyline
 90
4
 70
1
 10
290.9819
 20
-62.9473
 10
291.3919
 20
-62.9473
 10
291.3919
 20
-62.4193
 10
290.9819
 20
-62.4193
  0
TEXT
  5
26C
330
17
100
AcDbEntity
  8
ETIQUETAS
100
AcDbText
 10
291.187
 20
-62.683
 30
0.0
 40
0.09
  1
PA-M-018
 72
1
 11
291.187
 21
-62.683
 31
0.0
100
AcDbText
 73
2
  0
LWPOLYLINE
  5
26D
330
17
100
AcDbEntity
  8
PISO-MORET
100
AcDbPolyline
 90
4
 70
1
 10
290.3799
 20
-62.9473
 10
290.97990000000004
 20
-62.9473
 10
290.97990000000004
 20
-62.4193
 10
290.3799
 20
-62.4193
  0
TEXT
  5
26E
330
17
100
AcDbEntity
  8
ETIQUETAS
100
AcDbText
 10
290.68
 20
-62.683
 30
0.0
 40
0.09
  1
PA-M-017
 72
1
 11
290.68
 21
-62.683
 31
0.0
100
AcDbText
 73
2
  0
LWPOLYLINE
  5
26F
330
17
100
AcDbEntity
  8
PISO-MORET
100
AcDbPolyline
 90
4
 70
1
 10
289.7779
 20
-63.6193
 10
290.3779
 20
-63.6193
 10
290.3779
 20
-62.4193
 10
289.7779
 20
-62.4193
  0
TEXT
  5
270
330
17
100
AcDbEntity
  8
ETIQUETAS
100
AcDbText
 10
290.078
 20
-63.019
 30
0.0
 40
0.09
  1
PA-M-022
 72
1
 11
290.078
 21
-63.019
 31
0.0
100
AcDbText
 73
2
  0
LWPOLYLINE
  5
271
330
17
100
AcDbEntity
  8
PISO-MORET
100
AcDbPolyline
 90
4
 70
1
 10
289.1759
 20
-63.6193
 10
289.77590000000004
 20
-63.6193
 10
289.77590000000004
 20
-62.4193
 10
289.1759
 20
-62.4193
  0
TEXT
  5
272
330
17
100
AcDbEntity
  8
ETIQUETAS
100
AcDbText
 10
289.476
 20
-63.019
 30
0.0
 40
0.09
  1
PA-M-021
 72
1
 11
289.476
 21
-63.019
 31
0.0
100
AcDbText
 73
2
  0
LWPOLYLINE
  5
273
330
17
100
AcDbEntity
  8
PISO-MORET
100
AcDbPolyline
 90
4
 70
1
 10
288.5739
 20
-63.6193
 10
289.1739
 20
-63.6193
 10
289.1739
 20
-62.4193
 10
288.5739
 20
-62.4193
  0
TEXT
  5
274
330
17
100
AcDbEntity
  8
ETIQUETAS
100
AcDbText
 10
288.874
 20
-63.019
 30
0.0
 40
0.09
  1
PA-M-020
 72
1
 11
288.874
 21
-63.019
 31
0.0
100
AcDbText
 73
2
  0
LWPOLYLINE
  5
275
330
17
100
AcDbEntity
  8
PISO-MORET
100
AcDbPolyline
 90
4
 70
1
 10
288.0619
 20
-63.6193
 10
288.57189999999997
 20
-63.6193
 10
288.57189999999997
 20
-62.4193
 10
288.0619
 20
-62.4193
  0
TEXT
  5
276
330
17
100
AcDbEntity
  8
ETIQUETAS
100
AcDbText
 10
288.317
 20
-63.019
 30
0.0
 40
0.09
  1
PA-M-019
 72
1
 11
288.317
 21
-63.019
 31
0.0
100
AcDbText
 73
2
  0
LWPOLYLINE
  5
277
330
17
100
AcDbEntity
  8
PISO-MORET
100
AcDbPolyline
 90
4
 70
1
 10
290.9819
 20
-62.4173
 10
291.3919
 20
-62.4173
 10
291.3919
 20
-61.8473
 10
290.9819
 20
-61.8473
  0
TEXT
  5
278
330
17
100
AcDbEntity
  8
ETIQUETAS
100
AcDbText
 10
291.187
 20
-62.132
 30
0.0
 40
0.09
  1
PA-M-016
 72
1
 11
291.187
 21
-62.132
 31
0.0
100
AcDbText
 73
2
  0
LWPOLYLINE
  5
279
330
17
100
AcDbEntity
  8
PISO-MORET
100
AcDbPolyline
 90
4
 70
1
 10
290.3799
 20
-62.4173
 10
290.97990000000004
 20
-62.4173
 10
290.97990000000004
 20
-61.8473
 10
290.3799
 20
-61.8473
  0
TEXT
  5
27A
330
17
100
AcDbEntity
  8
ETIQUETAS
100
AcDbText
 10
290.68
 20
-62.132
 30
0.0
 40
0.09
  1
PA-M-015
 72
1
 11
290.68
 21
-62.132
 31
0.0
100
AcDbText
 73
2
  0
LWPOLYLINE
  5
27B
330
17
100
AcDbEntity
  8
PISO-MORET
100
AcDbPolyline
 90
4
 70
1
 10
289.7779
 20
-62.4173
 10
290.3779
 20
-62.4173
 10
290.3779
 20
-61.217299999999994
 10
289.7779
 20
-61.217299999999994
  0
TEXT
  5
27C
330
17
100
AcDbEntity
  8
ETIQUETAS
100
AcDbText
 10
290.078
 20
-61.817
 30
0.0
 40
0.09
  1
PA-M-014
 72
1
 11
290.078
 21
-61.817
 31
0.0
100
AcDbText
 73
2
  0
LWPOLYLINE
  5
27D
330
17
100
AcDbEntity
  8
PISO-MORET
100
AcDbPolyline
 90
4
 70
1
 10
289.1759
 20
-62.4173
 10
289.77590000000004
 20
-62.4173
 10
289.77590000000004
 20
-61.217299999999994
 10
289.1759
 20
-61.217299999999994
  0
TEXT
  5
27E
330
17
100
AcDbEntity
  8
ETIQUETAS
100
AcDbText
 10
289.476
 20
-61.817
 30
0.0
 40
0.09
  1
PA-M-013
 72
1
 11
289.476
 21
-61.817
 31
0.0
100
AcDbText
 73
2
  0
LWPOLYLINE
  5
27F
330
17
100
AcDbEntity
  8
PISO-MORET
100
AcDbPolyline
 90
4
 70
1
 10
288.5739
 20
-62.4173
 10
289.1739
 20
-62.4173
 10
289.1739
 20
-61.217299999999994
 10
288.5739
 20
-61.217299999999994
  0
TEXT
  5
280
330
17
100
AcDbEntity
  8
ETIQUETAS
100
AcDbText
 10
288.874
 20
-61.817
 30
0.0
 40
0.09
  1
PA-M-012
 72
1
 11
288.874
 21
-61.817
 31
0.0
100
AcDbText
 73
2
  0
LWPOLYLINE
  5
281
330
17
100
AcDbEntity
  8
PISO-MORET
100
AcDbPolyline
 90
4
 70
1
 10
288.0619
 20
-62.4173
 10
288.57189999999997
 20
-62.4173
 10
288.57189999999997
 20
-61.217299999999994
 10
288.0619
 20
-61.217299999999994
  0
TEXT
  5
282
330
17
100
AcDbEntity
  8
ETIQUETAS
100
AcDbText
 10
288.317
 20
-61.817
 30
0.0
 40
0.09
  1
PA-M-011
 72
1
 11
288.317
 21
-61.817
 31
0.0
100
AcDbText
 73
2
  0
LWPOLYLINE
  5
283
330
17
100
AcDbEntity
  8
PISO-MORET
100
AcDbPolyline
 90
4
 70
1
 10
290.9819
 20
-61.2153
 10
291.3919
 20
-61.2153
 10
291.3919
 20
-60.7323
 10
290.9819
 20
-60.7323
  0
TEXT
  5
284
330
17
100
AcDbEntity
  8
ETIQUETAS
100
AcDbText
 10
291.187
 20
-60.974
 30
0.0
 40
0.09
  1
PA-M-006
 72
1
 11
291.187
 21
-60.974
 31
0.0
100
AcDbText
 73
2
  0
LWPOLYLINE
  5
285
330
17
100
AcDbEntity
  8
PISO-MORET
100
AcDbPolyline
 90
4
 70
1
 10
290.3799
 20
-61.2153
 10
290.97990000000004
 20
-61.2153
 10
290.97990000000004
 20
-60.7323
 10
290.3799
 20
-60.7323
  0
TEXT
  5
286
330
17
100
AcDbEntity
  8
ETIQUETAS
100
AcDbText
 10
290.68
 20
-60.974
 30
0.0
 40
0.09
  1
PA-M-005
 72
1
 11
290.68
 21
-60.974
 31
0.0
100
AcDbText
 73
2
  0
LWPOLYLINE
  5
287
330
17
100
AcDbEntity
  8
PISO-MORET
100
AcDbPolyline
 90
4
 70
1
 10
289.7779
 20
-61.2153
 10
290.3779
 20
-61.2153
 10
290.3779
 20
-60.7323
 10
289.7779
 20
-60.7323
  0
TEXT
  5
288
330
17
100
AcDbEntity
  8
ETIQUETAS
100
AcDbText
 10
290.078
 20
-60.974
 30
0.0
 40
0.09
  1
PA-M-004
 72
1
 11
290.078
 21
-60.974
 31
0.0
100
AcDbText
 73
2
  0
LWPOLYLINE
  5
289
330
17
100
AcDbEntity
  8
PISO-MORET
100
AcDbPolyline
 90
4
 70
1
 10
289.1759
 20
-61.2153
 10
289.77590000000004
 20
-61.2153
 10
289.77590000000004
 20
-60.7323
 10
289.1759
 20
-60.7323
  0
TEXT
  5
28A
330
17
100
AcDbEntity
  8
ETIQUETAS
100
AcDbText
 10
289.476
 20
-60.974
 30
0.0
 40
0.09
  1
PA-M-003
 72
1
 11
289.476
 21
-60.974
 31
0.0
100
AcDbText
 73
2
  0
LWPOLYLINE
  5
28B
330
17
100
AcDbEntity
  8
PISO-MORET
100
AcDbPolyline
 90
4
 70
1
 10
288.5739
 20
-61.2153
 10
289.1739
 20
-61.2153
 10
289.1739
 20
-60.7323
 10
288.5739
 20
-60.7323
  0
TEXT
  5
28C
330
17
100
AcDbEntity
  8
ETIQUETAS
100
AcDbText
 10
288.874
 20
-60.974
 30
0.0
 40
0.09
  1
PA-M-002
 72
1
 11
288.874
 21
-60.974
 31
0.0
100
AcDbText
 73
2
  0
LWPOLYLINE
  5
28D
330
17
100
AcDbEntity
  8
PISO-MORET
100
AcDbPolyline
 90
4
 70
1
 10
287.88
 20
-61.215
 10
288.572
 20
-61.215
 10
288.572
 20
-60.732000000000006
 10
287.88
 20
-60.732000000000006
  0
TEXT
  5
28E
330
17
100
AcDbEntity
  8
ETIQUETAS
100
AcDbText
 10
288.226
 20
-60.974
 30
0.0
 40
0.09
  1
PA-M-001
 72
1
 11
288.226
 21
-60.974
 31
0.0
100
AcDbText
 73
2
  0
LWPOLYLINE
  5
28F
330
17
100
AcDbEntity
  8
PISO-ROYAL-WALNUT
100
AcDbPolyline
 90
4
 70
1
 10
287.6819
 20
-62.2673
 10
287.8819
 20
-62.2673
 10
287.8819
 20
-61.067299999999996
 10
287.6819
 20
-61.067299999999996
  0
TEXT
  5
290
330
17
100
AcDbEntity
  8
ETIQUETAS
100
AcDbText
 10
287.782
 20
-61.667
 30
0.0
 40
0.06
  1
PA-R-040
 72
1
 11
287.782
 21
-61.667
 31
0.0
100
AcDbText
 73
2
  0
LWPOLYLINE
  5
291
330
17
100
AcDbEntity
  8
PISO-ROYAL-WALNUT
100
AcDbPolyline
 90
4
 70
1
 10
286.8779
 20
-64.5323
 10
287.0779
 20
-64.5323
 10
287.0779
 20
-63.469300000000004
 10
286.8779
 20
-63.469300000000004
  0
TEXT
  5
292
330
17
100
AcDbEntity
  8
ETIQUETAS
100
AcDbText
 10
286.978
 20
-64.001
 30
0.0
 40
0.06
  1
PA-R-090
 72
1
 11
286.978
 21
-64.001
 31
0.0
100
AcDbText
 73
2
  0
LWPOLYLINE
  5
293
330
17
100
AcDbEntity
  8
PISO-ROYAL-WALNUT
100
AcDbPolyline
 90
4
 70
1
 10
287.2799
 20
-64.5323
 10
287.4799
 20
-64.5323
 10
287.4799
 20
-63.469300000000004
 10
287.2799
 20
-63.469300000000004
  0
TEXT
  5
294
330
17
100
AcDbEntity
  8
ETIQUETAS
100
AcDbText
 10
287.38
 20
-64.001
 30
0.0
 40
0.06
  1
PA-R-091
 72
1
 11
287.38
 21
-64.001
 31
0.0
100
AcDbText
 73
2
  0
LWPOLYLINE
  5
295
330
17
100
AcDbEntity
  8
PISO-ROYAL-WALNUT
100
AcDbPolyline
 90
4
 70
1
 10
287.6819
 20
-63.4683
 10
287.8819
 20
-63.4683
 10
287.8819
 20
-62.268299999999996
 10
287.6819
 20
-62.268299999999996
  0
TEXT
  5
296
330
17
100
AcDbEntity
  8
ETIQUETAS
100
AcDbText
 10
287.782
 20
-62.868
 30
0.0
 40
0.06
  1
PA-R-066
 72
1
 11
287.782
 21
-62.868
 31
0.0
100
AcDbText
 73
2
  0
LWPOLYLINE
  5
297
330
17
100
AcDbEntity
  8
PISO-ROYAL-WALNUT
100
AcDbPolyline
 90
4
 70
1
 10
287.6819
 20
-64.5323
 10
287.8819
 20
-64.5323
 10
287.8819
 20
-63.469300000000004
 10
287.6819
 20
-63.469300000000004
  0
TEXT
  5
298
330
17
100
AcDbEntity
  8
ETIQUETAS
100
AcDbText
 10
287.782
 20
-64.001
 30
0.0
 40
0.06
  1
PA-R-092
 72
1
 11
287.782
 21
-64.001
 31
0.0
100
AcDbText
 73
2
  0
LWPOLYLINE
  5
299
330
17
100
AcDbEntity
  8
PISO-ROYAL-WALNUT
100
AcDbPolyline
 90
4
 70
1
 10
287.4809
 20
-64.5323
 10
287.6809
 20
-64.5323
 10
287.6809
 20
-64.0698
 10
287.4809
 20
-64.0698
  0
TEXT
  5
29A
330
17
100
AcDbEntity
  8
ETIQUETAS
100
AcDbText
 10
287.581
 20
-64.301
 30
0.0
 40
0.06
  1
PA-R-105
 72
1
 11
287.581
 21
-64.301
 31
0.0
100
AcDbText
 73
2
  0
LWPOLYLINE
  5
29B
330
17
100
AcDbEntity
  8
PISO-ROYAL-WALNUT
100
AcDbPolyline
 90
4
 70
1
 10
287.0789
 20
-64.5323
 10
287.27889999999996
 20
-64.5323
 10
287.27889999999996
 20
-64.0698
 10
287.0789
 20
-64.0698
  0
TEXT
  5
29C
330
17
100
AcDbEntity
  8
ETIQUETAS
100
AcDbText
 10
287.179
 20
-64.301
 30
0.0
 40
0.06
  1
PA-R-104
 72
1
 11
287.179
 21
-64.301
 31
0.0
100
AcDbText
 73
2
  0
LWPOLYLINE
  5
29D
330
17
100
AcDbEntity
  8
PISO-ROYAL-WALNUT
100
AcDbPolyline
 90
4
 70
1
 10
286.6769
 20
-64.4423
 10
286.8769
 20
-64.4423
 10
286.8769
 20
-64.0698
 10
286.6769
 20
-64.0698
  0
TEXT
  5
29E
330
17
100
AcDbEntity
  8
ETIQUETAS
100
AcDbText
 10
286.777
 20
-64.256
 30
0.0
 40
0.06
  1
PA-R-103
 72
1
 11
286.777
 21
-64.256
 31
0.0
100
AcDbText
 73
2
  0
LWPOLYLINE
  5
29F
330
17
100
AcDbEntity
  8
PISO-ROYAL-WALNUT
100
AcDbPolyline
 90
4
 70
1
 10
286.2749
 20
-64.4423
 10
286.4749
 20
-64.4423
 10
286.4749
 20
-64.0698
 10
286.2749
 20
-64.0698
  0
TEXT
  5
2A0
330
17
100
AcDbEntity
  8
ETIQUETAS
100
AcDbText
 10
286.375
 20
-64.256
 30
0.0
 40
0.06
  1
PA-R-102
 72
1
 11
286.375
 21
-64.256
 31
0.0
100
AcDbText
 73
2
  0
LWPOLYLINE
  5
2A1
330
17
100
AcDbEntity
  8
PISO-ROYAL-WALNUT
100
AcDbPolyline
 90
4
 70
1
 10
285.8729
 20
-64.4423
 10
286.0729
 20
-64.4423
 10
286.0729
 20
-64.0698
 10
285.8729
 20
-64.0698
  0
TEXT
  5
2A2
330
17
100
AcDbEntity
  8
ETIQUETAS
100
AcDbText
 10
285.973
 20
-64.256
 30
0.0
 40
0.06
  1
PA-R-101
 72
1
 11
285.973
 21
-64.256
 31
0.0
100
AcDbText
 73
2
  0
LWPOLYLINE
  5
2A3
330
17
100
AcDbEntity
  8
PISO-ROYAL-WALNUT
100
AcDbPolyline
 90
4
 70
1
 10
285.4709
 20
-64.4423
 10
285.67089999999996
 20
-64.4423
 10
285.67089999999996
 20
-64.0698
 10
285.4709
 20
-64.0698
  0
TEXT
  5
2A4
330
17
100
AcDbEntity
  8
ETIQUETAS
100
AcDbText
 10
285.571
 20
-64.256
 30
0.0
 40
0.06
  1
PA-R-100
 72
1
 11
285.571
 21
-64.256
 31
0.0
100
AcDbText
 73
2
  0
LWPOLYLINE
  5
2A5
330
17
100
AcDbEntity
  8
PISO-ROYAL-WALNUT
100
AcDbPolyline
 90
4
 70
1
 10
285.0689
 20
-64.4423
 10
285.2689
 20
-64.4423
 10
285.2689
 20
-64.0698
 10
285.0689
 20
-64.0698
  0
TEXT
  5
2A6
330
17
100
AcDbEntity
  8
ETIQUETAS
100
AcDbText
 10
285.169
 20
-64.256
 30
0.0
 40
0.06
  1
PA-R-099
 72
1
 11
285.169
 21
-64.256
 31
0.0
100
AcDbText
 73
2
  0
LWPOLYLINE
  5
2A7
330
17
100
AcDbEntity
  8
PISO-ROYAL-WALNUT
100
AcDbPolyline
 90
4
 70
1
 10
284.6669
 20
-64.4423
 10
284.8669
 20
-64.4423
 10
284.8669
 20
-64.0698
 10
284.6669
 20
-64.0698
  0
TEXT
  5
2A8
330
17
100
AcDbEntity
  8
ETIQUETAS
100
AcDbText
 10
284.767
 20
-64.256
 30
0.0
 40
0.06
  1
PA-R-098
 72
1
 11
284.767
 21
-64.256
 31
0.0
100
AcDbText
 73
2
  0
LWPOLYLINE
  5
2A9
330
17
100
AcDbEntity
  8
PISO-ROYAL-WALNUT
100
AcDbPolyline
 90
4
 70
1
 10
284.2649
 20
-64.4423
 10
284.4649
 20
-64.4423
 10
284.4649
 20
-64.0698
 10
284.2649
 20
-64.0698
  0
TEXT
  5
2AA
330
17
100
AcDbEntity
  8
ETIQUETAS
100
AcDbText
 10
284.365
 20
-64.256
 30
0.0
 40
0.06
  1
PA-R-097
 72
1
 11
284.365
 21
-64.256
 31
0.0
100
AcDbText
 73
2
  0
LWPOLYLINE
  5
2AB
330
17
100
AcDbEntity
  8
PISO-ROYAL-WALNUT
100
AcDbPolyline
 90
4
 70
1
 10
283.8629
 20
-64.4423
 10
284.0629
 20
-64.4423
 10
284.0629
 20
-64.0698
 10
283.8629
 20
-64.0698
  0
TEXT
  5
2AC
330
17
100
AcDbEntity
  8
ETIQUETAS
100
AcDbText
 10
283.963
 20
-64.256
 30
0.0
 40
0.06
  1
PA-R-096
 72
1
 11
283.963
 21
-64.256
 31
0.0
100
AcDbText
 73
2
  0
LWPOLYLINE
  5
2AD
330
17
100
AcDbEntity
  8
PISO-ROYAL-WALNUT
100
AcDbPolyline
 90
4
 70
1
 10
283.4609
 20
-64.4423
 10
283.66089999999997
 20
-64.4423
 10
283.66089999999997
 20
-64.0698
 10
283.4609
 20
-64.0698
  0
TEXT
  5
2AE
330
17
100
AcDbEntity
  8
ETIQUETAS
100
AcDbText
 10
283.561
 20
-64.256
 30
0.0
 40
0.06
  1
PA-R-095
 72
1
 11
283.561
 21
-64.256
 31
0.0
100
AcDbText
 73
2
  0
LWPOLYLINE
  5
2AF
330
17
100
AcDbEntity
  8
PISO-ROYAL-WALNUT
100
AcDbPolyline
 90
4
 70
1
 10
283.0589
 20
-64.4423
 10
283.2589
 20
-64.4423
 10
283.2589
 20
-64.0698
 10
283.0589
 20
-64.0698
  0
TEXT
  5
2B0
330
17
100
AcDbEntity
  8
ETIQUETAS
100
AcDbText
 10
283.159
 20
-64.256
 30
0.0
 40
0.06
  1
PA-R-094
 72
1
 11
283.159
 21
-64.256
 31
0.0
100
AcDbText
 73
2
  0
LWPOLYLINE
  5
2B1
330
17
100
AcDbEntity
  8
PISO-ROYAL-WALNUT
100
AcDbPolyline
 90
4
 70
1
 10
282.8319
 20
-64.4423
 10
282.8569
 20
-64.4423
 10
282.8569
 20
-64.0698
 10
282.8319
 20
-64.0698
  0
TEXT
  5
2B2
330
17
100
AcDbEntity
  8
ETIQUETAS
100
AcDbText
 10
282.844
 20
-64.256
 30
0.0
 40
0.03
  1
PA-R-093
 72
1
 11
282.844
 21
-64.256
 31
0.0
100
AcDbText
 73
2
  0
LWPOLYLINE
  5
2B3
330
17
100
AcDbEntity
  8
PISO-ROYAL-WALNUT
100
AcDbPolyline
 90
4
 70
1
 10
291.2779
 20
-70.6923
 10
291.39189999999996
 20
-70.6923
 10
291.39189999999996
 20
-69.4923
 10
291.2779
 20
-69.4923
  0
TEXT
  5
2B4
330
17
100
AcDbEntity
  8
ETIQUETAS
100
AcDbText
 10
291.335
 20
-70.092
 30
0.0
 40
0.0342
  1
PA-R-178
 72
1
 11
291.335
 21
-70.092
 31
0.0
100
AcDbText
 73
2
  0
LWPOLYLINE
  5
2B5
330
17
100
AcDbEntity
  8
PISO-ROYAL-WALNUT
100
AcDbPolyline
 90
4
 70
1
 10
291.2779
 20
-69.4913
 10
291.39189999999996
 20
-69.4913
 10
291.39189999999996
 20
-68.29129999999999
 10
291.2779
 20
-68.29129999999999
  0
TEXT
  5
2B6
330
17
100
AcDbEntity
  8
ETIQUETAS
100
AcDbText
 10
291.335
 20
-68.891
 30
0.0
 40
0.0342
  1
PA-R-161
 72
1
 11
291.335
 21
-68.891
 31
0.0
100
AcDbText
 73
2
  0
LWPOLYLINE
  5
2B7
330
17
100
AcDbEntity
  8
PISO-ROYAL-WALNUT
100
AcDbPolyline
 90
4
 70
1
 10
291.0769
 20
-70.0918
 10
291.2769
 20
-70.0918
 10
291.2769
 20
-68.8918
 10
291.0769
 20
-68.8918
  0
TEXT
  5
2B8
330
17
100
AcDbEntity
  8
ETIQUETAS
100
AcDbText
 10
291.177
 20
-69.492
 30
0.0
 40
0.06
  1
PA-R-169
 72
1
 11
291.177
 21
-69.492
 31
0.0
100
AcDbText
 73
2
  0
LWPOLYLINE
  5
2B9
330
17
100
AcDbEntity
  8
PISO-ROYAL-WALNUT
100
AcDbPolyline
 90
4
 70
1
 10
291.0769
 20
-70.6923
 10
291.2769
 20
-70.6923
 10
291.2769
 20
-70.0928
 10
291.0769
 20
-70.0928
  0
TEXT
  5
2BA
330
17
100
AcDbEntity
  8
ETIQUETAS
100
AcDbText
 10
291.177
 20
-70.393
 30
0.0
 40
0.06
  1
PA-R-187
 72
1
 11
291.177
 21
-70.393
 31
0.0
100
AcDbText
 73
2
  0
LWPOLYLINE
  5
2BB
330
17
100
AcDbEntity
  8
PISO-ROYAL-WALNUT
100
AcDbPolyline
 90
4
 70
1
 10
291.0769
 20
-68.8908
 10
291.2769
 20
-68.8908
 10
291.2769
 20
-67.6908
 10
291.0769
 20
-67.6908
  0
TEXT
  5
2BC
330
17
100
AcDbEntity
  8
ETIQUETAS
100
AcDbText
 10
291.177
 20
-68.291
 30
0.0
 40
0.06
  1
PA-R-152
 72
1
 11
291.177
 21
-68.291
 31
0.0
100
AcDbText
 73
2
  0
LWPOLYLINE
  5
2BD
330
17
100
AcDbEntity
  8
PISO-ROYAL-WALNUT
100
AcDbPolyline
 90
4
 70
1
 10
290.8759
 20
-70.6923
 10
291.0759
 20
-70.6923
 10
291.0759
 20
-69.4923
 10
290.8759
 20
-69.4923
  0
TEXT
  5
2BE
330
17
100
AcDbEntity
  8
ETIQUETAS
100
AcDbText
 10
290.976
 20
-70.092
 30
0.0
 40
0.06
  1
PA-R-177
 72
1
 11
290.976
 21
-70.092
 31
0.0
100
AcDbText
 73
2
  0
LWPOLYLINE
  5
2BF
330
17
100
AcDbEntity
  8
PISO-ROYAL-WALNUT
100
AcDbPolyline
 90
4
 70
1
 10
290.8759
 20
-69.4913
 10
291.0759
 20
-69.4913
 10
291.0759
 20
-68.29129999999999
 10
290.8759
 20
-68.29129999999999
  0
TEXT
  5
2C0
330
17
100
AcDbEntity
  8
ETIQUETAS
100
AcDbText
 10
290.976
 20
-68.891
 30
0.0
 40
0.06
  1
PA-R-160
 72
1
 11
290.976
 21
-68.891
 31
0.0
100
AcDbText
 73
2
  0
LWPOLYLINE
  5
2C1
330
17
100
AcDbEntity
  8
PISO-ROYAL-WALNUT
100
AcDbPolyline
 90
4
 70
1
 10
290.6749
 20
-70.0918
 10
290.87489999999997
 20
-70.0918
 10
290.87489999999997
 20
-68.8918
 10
290.6749
 20
-68.8918
  0
TEXT
  5
2C2
330
17
100
AcDbEntity
  8
ETIQUETAS
100
AcDbText
 10
290.775
 20
-69.492
 30
0.0
 40
0.06
  1
PA-R-168
 72
1
 11
290.775
 21
-69.492
 31
0.0
100
AcDbText
 73
2
  0
LWPOLYLINE
  5
2C3
330
17
100
AcDbEntity
  8
PISO-ROYAL-WALNUT
100
AcDbPolyline
 90
4
 70
1
 10
290.6749
 20
-70.6923
 10
290.87489999999997
 20
-70.6923
 10
290.87489999999997
 20
-70.0928
 10
290.6749
 20
-70.0928
  0
TEXT
  5
2C4
330
17
100
AcDbEntity
  8
ETIQUETAS
100
AcDbText
 10
290.775
 20
-70.393
 30
0.0
 40
0.06
  1
PA-R-186
 72
1
 11
290.775
 21
-70.393
 31
0.0
100
AcDbText
 73
2
  0
LWPOLYLINE
  5
2C5
330
17
100
AcDbEntity
  8
PISO-ROYAL-WALNUT
100
AcDbPolyline
 90
4
 70
1
 10
290.6749
 20
-68.8908
 10
290.87489999999997
 20
-68.8908
 10
290.87489999999997
 20
-67.6908
 10
290.6749
 20
-67.6908
  0
TEXT
  5
2C6
330
17
100
AcDbEntity
  8
ETIQUETAS
100
AcDbText
 10
290.775
 20
-68.291
 30
0.0
 40
0.06
  1
PA-R-151
 72
1
 11
290.775
 21
-68.291
 31
0.0
100
AcDbText
 73
2
  0
LWPOLYLINE
  5
2C7
330
17
100
AcDbEntity
  8
PISO-ROYAL-WALNUT
100
AcDbPolyline
 90
4
 70
1
 10
290.4739
 20
-70.6923
 10
290.6739
 20
-70.6923
 10
290.6739
 20
-69.4923
 10
290.4739
 20
-69.4923
  0
TEXT
  5
2C8
330
17
100
AcDbEntity
  8
ETIQUETAS
100
AcDbText
 10
290.574
 20
-70.092
 30
0.0
 40
0.06
  1
PA-R-176
 72
1
 11
290.574
 21
-70.092
 31
0.0
100
AcDbText
 73
2
  0
LWPOLYLINE
  5
2C9
330
17
100
AcDbEntity
  8
PISO-ROYAL-WALNUT
100
AcDbPolyline
 90
4
 70
1
 10
290.4739
 20
-69.4913
 10
290.6739
 20
-69.4913
 10
290.6739
 20
-68.29129999999999
 10
290.4739
 20
-68.29129999999999
  0
TEXT
  5
2CA
330
17
100
AcDbEntity
  8
ETIQUETAS
100
AcDbText
 10
290.574
 20
-68.891
 30
0.0
 40
0.06
  1
PA-R-159
 72
1
 11
290.574
 21
-68.891
 31
0.0
100
AcDbText
 73
2
  0
LWPOLYLINE
  5
2CB
330
17
100
AcDbEntity
  8
PISO-ROYAL-WALNUT
100
AcDbPolyline
 90
4
 70
1
 10
290.2729
 20
-70.0918
 10
290.4729
 20
-70.0918
 10
290.4729
 20
-68.8918
 10
290.2729
 20
-68.8918
  0
TEXT
  5
2CC
330
17
100
AcDbEntity
  8
ETIQUETAS
100
AcDbText
 10
290.373
 20
-69.492
 30
0.0
 40
0.06
  1
PA-R-167
 72
1
 11
290.373
 21
-69.492
 31
0.0
100
AcDbText
 73
2
  0
LWPOLYLINE
  5
2CD
330
17
100
AcDbEntity
  8
PISO-ROYAL-WALNUT
100
AcDbPolyline
 90
4
 70
1
 10
290.2729
 20
-70.6923
 10
290.4729
 20
-70.6923
 10
290.4729
 20
-70.0928
 10
290.2729
 20
-70.0928
  0
TEXT
  5
2CE
330
17
100
AcDbEntity
  8
ETIQUETAS
100
AcDbText
 10
290.373
 20
-70.393
 30
0.0
 40
0.06
  1
PA-R-185
 72
1
 11
290.373
 21
-70.393
 31
0.0
100
AcDbText
 73
2
  0
LWPOLYLINE
  5
2CF
330
17
100
AcDbEntity
  8
PISO-ROYAL-WALNUT
100
AcDbPolyline
 90
4
 70
1
 10
290.2729
 20
-68.8908
 10
290.4729
 20
-68.8908
 10
290.4729
 20
-67.6908
 10
290.2729
 20
-67.6908
  0
TEXT
  5
2D0
330
17
100
AcDbEntity
  8
ETIQUETAS
100
AcDbText
 10
290.373
 20
-68.291
 30
0.0
 40
0.06
  1
PA-R-150
 72
1
 11
290.373
 21
-68.291
 31
0.0
100
AcDbText
 73
2
  0
LWPOLYLINE
  5
2D1
330
17
100
AcDbEntity
  8
PISO-ROYAL-WALNUT
100
AcDbPolyline
 90
4
 70
1
 10
290.0719
 20
-70.6923
 10
290.2719
 20
-70.6923
 10
290.2719
 20
-69.4923
 10
290.0719
 20
-69.4923
  0
TEXT
  5
2D2
330
17
100
AcDbEntity
  8
ETIQUETAS
100
AcDbText
 10
290.172
 20
-70.092
 30
0.0
 40
0.06
  1
PA-R-175
 72
1
 11
290.172
 21
-70.092
 31
0.0
100
AcDbText
 73
2
  0
LWPOLYLINE
  5
2D3
330
17
100
AcDbEntity
  8
PISO-ROYAL-WALNUT
100
AcDbPolyline
 90
4
 70
1
 10
290.0719
 20
-69.4913
 10
290.2719
 20
-69.4913
 10
290.2719
 20
-68.29129999999999
 10
290.0719
 20
-68.29129999999999
  0
TEXT
  5
2D4
330
17
100
AcDbEntity
  8
ETIQUETAS
100
AcDbText
 10
290.172
 20
-68.891
 30
0.0
 40
0.06
  1
PA-R-158
 72
1
 11
290.172
 21
-68.891
 31
0.0
100
AcDbText
 73
2
  0
LWPOLYLINE
  5
2D5
330
17
100
AcDbEntity
  8
PISO-ROYAL-WALNUT
100
AcDbPolyline
 90
4
 70
1
 10
289.8709
 20
-70.0918
 10
290.0709
 20
-70.0918
 10
290.0709
 20
-68.8918
 10
289.8709
 20
-68.8918
  0
TEXT
  5
2D6
330
17
100
AcDbEntity
  8
ETIQUETAS
100
AcDbText
 10
289.971
 20
-69.492
 30
0.0
 40
0.06
  1
PA-R-166
 72
1
 11
289.971
 21
-69.492
 31
0.0
100
AcDbText
 73
2
  0
LWPOLYLINE
  5
2D7
330
17
100
AcDbEntity
  8
PISO-ROYAL-WALNUT
100
AcDbPolyline
 90
4
 70
1
 10
289.8709
 20
-70.6923
 10
290.0709
 20
-70.6923
 10
290.0709
 20
-70.0928
 10
289.8709
 20
-70.0928
  0
TEXT
  5
2D8
330
17
100
AcDbEntity
  8
ETIQUETAS
100
AcDbText
 10
289.971
 20
-70.393
 30
0.0
 40
0.06
  1
PA-R-184
 72
1
 11
289.971
 21
-70.393
 31
0.0
100
AcDbText
 73
2
  0
LWPOLYLINE
  5
2D9
330
17
100
AcDbEntity
  8
PISO-ROYAL-WALNUT
100
AcDbPolyline
 90
4
 70
1
 10
289.8709
 20
-68.8908
 10
290.0709
 20
-68.8908
 10
290.0709
 20
-67.6908
 10
289.8709
 20
-67.6908
  0
TEXT
  5
2DA
330
17
100
AcDbEntity
  8
ETIQUETAS
100
AcDbText
 10
289.971
 20
-68.291
 30
0.0
 40
0.06
  1
PA-R-149
 72
1
 11
289.971
 21
-68.291
 31
0.0
100
AcDbText
 73
2
  0
LWPOLYLINE
  5
2DB
330
17
100
AcDbEntity
  8
PISO-ROYAL-WALNUT
100
AcDbPolyline
 90
4
 70
1
 10
289.6699
 20
-70.6923
 10
289.8699
 20
-70.6923
 10
289.8699
 20
-69.4923
 10
289.6699
 20
-69.4923
  0
TEXT
  5
2DC
330
17
100
AcDbEntity
  8
ETIQUETAS
100
AcDbText
 10
289.77
 20
-70.092
 30
0.0
 40
0.06
  1
PA-R-174
 72
1
 11
289.77
 21
-70.092
 31
0.0
100
AcDbText
 73
2
  0
LWPOLYLINE
  5
2DD
330
17
100
AcDbEntity
  8
PISO-ROYAL-WALNUT
100
AcDbPolyline
 90
4
 70
1
 10
289.6699
 20
-69.4913
 10
289.8699
 20
-69.4913
 10
289.8699
 20
-68.29129999999999
 10
289.6699
 20
-68.29129999999999
  0
TEXT
  5
2DE
330
17
100
AcDbEntity
  8
ETIQUETAS
100
AcDbText
 10
289.77
 20
-68.891
 30
0.0
 40
0.06
  1
PA-R-157
 72
1
 11
289.77
 21
-68.891
 31
0.0
100
AcDbText
 73
2
  0
LWPOLYLINE
  5
2DF
330
17
100
AcDbEntity
  8
PISO-ROYAL-WALNUT
100
AcDbPolyline
 90
4
 70
1
 10
289.4689
 20
-70.0918
 10
289.6689
 20
-70.0918
 10
289.6689
 20
-68.8918
 10
289.4689
 20
-68.8918
  0
TEXT
  5
2E0
330
17
100
AcDbEntity
  8
ETIQUETAS
100
AcDbText
 10
289.569
 20
-69.492
 30
0.0
 40
0.06
  1
PA-R-165
 72
1
 11
289.569
 21
-69.492
 31
0.0
100
AcDbText
 73
2
  0
LWPOLYLINE
  5
2E1
330
17
100
AcDbEntity
  8
PISO-ROYAL-WALNUT
100
AcDbPolyline
 90
4
 70
1
 10
289.4689
 20
-70.6923
 10
289.6689
 20
-70.6923
 10
289.6689
 20
-70.0928
 10
289.4689
 20
-70.0928
  0
TEXT
  5
2E2
330
17
100
AcDbEntity
  8
ETIQUETAS
100
AcDbText
 10
289.569
 20
-70.393
 30
0.0
 40
0.06
  1
PA-R-183
 72
1
 11
289.569
 21
-70.393
 31
0.0
100
AcDbText
 73
2
  0
LWPOLYLINE
  5
2E3
330
17
100
AcDbEntity
  8
PISO-ROYAL-WALNUT
100
AcDbPolyline
 90
4
 70
1
 10
289.4689
 20
-68.8908
 10
289.6689
 20
-68.8908
 10
289.6689
 20
-67.6908
 10
289.4689
 20
-67.6908
  0
TEXT
  5
2E4
330
17
100
AcDbEntity
  8
ETIQUETAS
100
AcDbText
 10
289.569
 20
-68.291
 30
0.0
 40
0.06
  1
PA-R-148
 72
1
 11
289.569
 21
-68.291
 31
0.0
100
AcDbText
 73
2
  0
LWPOLYLINE
  5
2E5
330
17
100
AcDbEntity
  8
PISO-ROYAL-WALNUT
100
AcDbPolyline
 90
4
 70
1
 10
289.2679
 20
-70.6923
 10
289.4679
 20
-70.6923
 10
289.4679
 20
-69.4923
 10
289.2679
 20
-69.4923
  0
TEXT
  5
2E6
330
17
100
AcDbEntity
  8
ETIQUETAS
100
AcDbText
 10
289.368
 20
-70.092
 30
0.0
 40
0.06
  1
PA-R-173
 72
1
 11
289.368
 21
-70.092
 31
0.0
100
AcDbText
 73
2
  0
LWPOLYLINE
  5
2E7
330
17
100
AcDbEntity
  8
PISO-ROYAL-WALNUT
100
AcDbPolyline
 90
4
 70
1
 10
289.2679
 20
-69.4913
 10
289.4679
 20
-69.4913
 10
289.4679
 20
-68.29129999999999
 10
289.2679
 20
-68.29129999999999
  0
TEXT
  5
2E8
330
17
100
AcDbEntity
  8
ETIQUETAS
100
AcDbText
 10
289.368
 20
-68.891
 30
0.0
 40
0.06
  1
PA-R-156
 72
1
 11
289.368
 21
-68.891
 31
0.0
100
AcDbText
 73
2
  0
LWPOLYLINE
  5
2E9
330
17
100
AcDbEntity
  8
PISO-ROYAL-WALNUT
100
AcDbPolyline
 90
4
 70
1
 10
289.0669
 20
-70.0918
 10
289.26689999999996
 20
-70.0918
 10
289.26689999999996
 20
-68.8918
 10
289.0669
 20
-68.8918
  0
TEXT
  5
2EA
330
17
100
AcDbEntity
  8
ETIQUETAS
100
AcDbText
 10
289.167
 20
-69.492
 30
0.0
 40
0.06
  1
PA-R-164
 72
1
 11
289.167
 21
-69.492
 31
0.0
100
AcDbText
 73
2
  0
LWPOLYLINE
  5
2EB
330
17
100
AcDbEntity
  8
PISO-ROYAL-WALNUT
100
AcDbPolyline
 90
4
 70
1
 10
289.0669
 20
-70.6923
 10
289.26689999999996
 20
-70.6923
 10
289.26689999999996
 20
-70.0928
 10
289.0669
 20
-70.0928
  0
TEXT
  5
2EC
330
17
100
AcDbEntity
  8
ETIQUETAS
100
AcDbText
 10
289.167
 20
-70.393
 30
0.0
 40
0.06
  1
PA-R-182
 72
1
 11
289.167
 21
-70.393
 31
0.0
100
AcDbText
 73
2
  0
LWPOLYLINE
  5
2ED
330
17
100
AcDbEntity
  8
PISO-ROYAL-WALNUT
100
AcDbPolyline
 90
4
 70
1
 10
289.0669
 20
-68.8908
 10
289.26689999999996
 20
-68.8908
 10
289.26689999999996
 20
-67.6908
 10
289.0669
 20
-67.6908
  0
TEXT
  5
2EE
330
17
100
AcDbEntity
  8
ETIQUETAS
100
AcDbText
 10
289.167
 20
-68.291
 30
0.0
 40
0.06
  1
PA-R-147
 72
1
 11
289.167
 21
-68.291
 31
0.0
100
AcDbText
 73
2
  0
LWPOLYLINE
  5
2EF
330
17
100
AcDbEntity
  8
PISO-ROYAL-WALNUT
100
AcDbPolyline
 90
4
 70
1
 10
288.8659
 20
-70.6923
 10
289.0659
 20
-70.6923
 10
289.0659
 20
-69.4923
 10
288.8659
 20
-69.4923
  0
TEXT
  5
2F0
330
17
100
AcDbEntity
  8
ETIQUETAS
100
AcDbText
 10
288.966
 20
-70.092
 30
0.0
 40
0.06
  1
PA-R-172
 72
1
 11
288.966
 21
-70.092
 31
0.0
100
AcDbText
 73
2
  0
LWPOLYLINE
  5
2F1
330
17
100
AcDbEntity
  8
PISO-ROYAL-WALNUT
100
AcDbPolyline
 90
4
 70
1
 10
288.8659
 20
-69.4913
 10
289.0659
 20
-69.4913
 10
289.0659
 20
-68.29129999999999
 10
288.8659
 20
-68.29129999999999
  0
TEXT
  5
2F2
330
17
100
AcDbEntity
  8
ETIQUETAS
100
AcDbText
 10
288.966
 20
-68.891
 30
0.0
 40
0.06
  1
PA-R-155
 72
1
 11
288.966
 21
-68.891
 31
0.0
100
AcDbText
 73
2
  0
LWPOLYLINE
  5
2F3
330
17
100
AcDbEntity
  8
PISO-ROYAL-WALNUT
100
AcDbPolyline
 90
4
 70
1
 10
288.6649
 20
-70.0918
 10
288.8649
 20
-70.0918
 10
288.8649
 20
-68.8918
 10
288.6649
 20
-68.8918
  0
TEXT
  5
2F4
330
17
100
AcDbEntity
  8
ETIQUETAS
100
AcDbText
 10
288.765
 20
-69.492
 30
0.0
 40
0.06
  1
PA-R-163
 72
1
 11
288.765
 21
-69.492
 31
0.0
100
AcDbText
 73
2
  0
LWPOLYLINE
  5
2F5
330
17
100
AcDbEntity
  8
PISO-ROYAL-WALNUT
100
AcDbPolyline
 90
4
 70
1
 10
288.6649
 20
-70.6923
 10
288.8649
 20
-70.6923
 10
288.8649
 20
-70.0928
 10
288.6649
 20
-70.0928
  0
TEXT
  5
2F6
330
17
100
AcDbEntity
  8
ETIQUETAS
100
AcDbText
 10
288.765
 20
-70.393
 30
0.0
 40
0.06
  1
PA-R-181
 72
1
 11
288.765
 21
-70.393
 31
0.0
100
AcDbText
 73
2
  0
LWPOLYLINE
  5
2F7
330
17
100
AcDbEntity
  8
PISO-ROYAL-WALNUT
100
AcDbPolyline
 90
4
 70
1
 10
288.6649
 20
-68.8908
 10
288.8649
 20
-68.8908
 10
288.8649
 20
-67.6908
 10
288.6649
 20
-67.6908
  0
TEXT
  5
2F8
330
17
100
AcDbEntity
  8
ETIQUETAS
100
AcDbText
 10
288.765
 20
-68.291
 30
0.0
 40
0.06
  1
PA-R-146
 72
1
 11
288.765
 21
-68.291
 31
0.0
100
AcDbText
 73
2
  0
LWPOLYLINE
  5
2F9
330
17
100
AcDbEntity
  8
PISO-ROYAL-WALNUT
100
AcDbPolyline
 90
4
 70
1
 10
288.4639
 20
-70.6923
 10
288.6639
 20
-70.6923
 10
288.6639
 20
-69.4923
 10
288.4639
 20
-69.4923
  0
TEXT
  5
2FA
330
17
100
AcDbEntity
  8
ETIQUETAS
100
AcDbText
 10
288.564
 20
-70.092
 30
0.0
 40
0.06
  1
PA-R-171
 72
1
 11
288.564
 21
-70.092
 31
0.0
100
AcDbText
 73
2
  0
LWPOLYLINE
  5
2FB
330
17
100
AcDbEntity
  8
PISO-ROYAL-WALNUT
100
AcDbPolyline
 90
4
 70
1
 10
288.4639
 20
-69.4913
 10
288.6639
 20
-69.4913
 10
288.6639
 20
-68.29129999999999
 10
288.4639
 20
-68.29129999999999
  0
TEXT
  5
2FC
330
17
100
AcDbEntity
  8
ETIQUETAS
100
AcDbText
 10
288.564
 20
-68.891
 30
0.0
 40
0.06
  1
PA-R-154
 72
1
 11
288.564
 21
-68.891
 31
0.0
100
AcDbText
 73
2
  0
LWPOLYLINE
  5
2FD
330
17
100
AcDbEntity
  8
PISO-ROYAL-WALNUT
100
AcDbPolyline
 90
4
 70
1
 10
288.2629
 20
-70.0918
 10
288.4629
 20
-70.0918
 10
288.4629
 20
-68.8918
 10
288.2629
 20
-68.8918
  0
TEXT
  5
2FE
330
17
100
AcDbEntity
  8
ETIQUETAS
100
AcDbText
 10
288.363
 20
-69.492
 30
0.0
 40
0.06
  1
PA-R-162
 72
1
 11
288.363
 21
-69.492
 31
0.0
100
AcDbText
 73
2
  0
LWPOLYLINE
  5
2FF
330
17
100
AcDbEntity
  8
PISO-ROYAL-WALNUT
100
AcDbPolyline
 90
4
 70
1
 10
288.2629
 20
-70.6923
 10
288.4629
 20
-70.6923
 10
288.4629
 20
-70.0928
 10
288.2629
 20
-70.0928
  0
TEXT
  5
300
330
17
100
AcDbEntity
  8
ETIQUETAS
100
AcDbText
 10
288.363
 20
-70.393
 30
0.0
 40
0.06
  1
PA-R-180
 72
1
 11
288.363
 21
-70.393
 31
0.0
100
AcDbText
 73
2
  0
LWPOLYLINE
  5
301
330
17
100
AcDbEntity
  8
PISO-ROYAL-WALNUT
100
AcDbPolyline
 90
4
 70
1
 10
288.2629
 20
-68.8908
 10
288.4629
 20
-68.8908
 10
288.4629
 20
-67.6908
 10
288.2629
 20
-67.6908
  0
TEXT
  5
302
330
17
100
AcDbEntity
  8
ETIQUETAS
100
AcDbText
 10
288.363
 20
-68.291
 30
0.0
 40
0.06
  1
PA-R-145
 72
1
 11
288.363
 21
-68.291
 31
0.0
100
AcDbText
 73
2
  0
LWPOLYLINE
  5
303
330
17
100
AcDbEntity
  8
PISO-ROYAL-WALNUT
100
AcDbPolyline
 90
4
 70
1
 10
288.0619
 20
-70.6923
 10
288.26189999999997
 20
-70.6923
 10
288.26189999999997
 20
-69.4923
 10
288.0619
 20
-69.4923
  0
TEXT
  5
304
330
17
100
AcDbEntity
  8
ETIQUETAS
100
AcDbText
 10
288.162
 20
-70.092
 30
0.0
 40
0.06
  1
PA-R-170
 72
1
 11
288.162
 21
-70.092
 31
0.0
100
AcDbText
 73
2
  0
LWPOLYLINE
  5
305
330
17
100
AcDbEntity
  8
PISO-ROYAL-WALNUT
100
AcDbPolyline
 90
4
 70
1
 10
288.0619
 20
-69.4913
 10
288.26189999999997
 20
-69.4913
 10
288.26189999999997
 20
-68.29129999999999
 10
288.0619
 20
-68.29129999999999
  0
TEXT
  5
306
330
17
100
AcDbEntity
  8
ETIQUETAS
100
AcDbText
 10
288.162
 20
-68.891
 30
0.0
 40
0.06
  1
PA-R-153
 72
1
 11
288.162
 21
-68.891
 31
0.0
100
AcDbText
 73
2
  0
LWPOLYLINE
  5
307
330
17
100
AcDbEntity
  8
PISO-ROYAL-WALNUT
100
AcDbPolyline
 90
4
 70
1
 10
291.2779
 20
-68.2903
 10
291.39189999999996
 20
-68.2903
 10
291.39189999999996
 20
-67.0903
 10
291.2779
 20
-67.0903
  0
TEXT
  5
308
330
17
100
AcDbEntity
  8
ETIQUETAS
100
AcDbText
 10
291.335
 20
-67.69
 30
0.0
 40
0.0342
  1
PA-R-144
 72
1
 11
291.335
 21
-67.69
 31
0.0
100
AcDbText
 73
2
  0
LWPOLYLINE
  5
309
330
17
100
AcDbEntity
  8
PISO-ROYAL-WALNUT
100
AcDbPolyline
 90
4
 70
1
 10
291.0769
 20
-67.6898
 10
291.2769
 20
-67.6898
 10
291.2769
 20
-66.4898
 10
291.0769
 20
-66.4898
  0
TEXT
  5
30A
330
17
100
AcDbEntity
  8
ETIQUETAS
100
AcDbText
 10
291.177
 20
-67.09
 30
0.0
 40
0.06
  1
PA-R-133
 72
1
 11
291.177
 21
-67.09
 31
0.0
100
AcDbText
 73
2
  0
LWPOLYLINE
  5
30B
330
17
100
AcDbEntity
  8
PISO-ROYAL-WALNUT
100
AcDbPolyline
 90
4
 70
1
 10
290.8759
 20
-68.2903
 10
291.0759
 20
-68.2903
 10
291.0759
 20
-67.0903
 10
290.8759
 20
-67.0903
  0
TEXT
  5
30C
330
17
100
AcDbEntity
  8
ETIQUETAS
100
AcDbText
 10
290.976
 20
-67.69
 30
0.0
 40
0.06
  1
PA-R-143
 72
1
 11
290.976
 21
-67.69
 31
0.0
100
AcDbText
 73
2
  0
LWPOLYLINE
  5
30D
330
17
100
AcDbEntity
  8
PISO-ROYAL-WALNUT
100
AcDbPolyline
 90
4
 70
1
 10
290.6749
 20
-67.6898
 10
290.87489999999997
 20
-67.6898
 10
290.87489999999997
 20
-66.4898
 10
290.6749
 20
-66.4898
  0
TEXT
  5
30E
330
17
100
AcDbEntity
  8
ETIQUETAS
100
AcDbText
 10
290.775
 20
-67.09
 30
0.0
 40
0.06
  1
PA-R-132
 72
1
 11
290.775
 21
-67.09
 31
0.0
100
AcDbText
 73
2
  0
LWPOLYLINE
  5
30F
330
17
100
AcDbEntity
  8
PISO-ROYAL-WALNUT
100
AcDbPolyline
 90
4
 70
1
 10
290.4739
 20
-68.2903
 10
290.6739
 20
-68.2903
 10
290.6739
 20
-67.0903
 10
290.4739
 20
-67.0903
  0
TEXT
  5
310
330
17
100
AcDbEntity
  8
ETIQUETAS
100
AcDbText
 10
290.574
 20
-67.69
 30
0.0
 40
0.06
  1
PA-R-142
 72
1
 11
290.574
 21
-67.69
 31
0.0
100
AcDbText
 73
2
  0
LWPOLYLINE
  5
311
330
17
100
AcDbEntity
  8
PISO-ROYAL-WALNUT
100
AcDbPolyline
 90
4
 70
1
 10
290.2729
 20
-67.6898
 10
290.4729
 20
-67.6898
 10
290.4729
 20
-66.4898
 10
290.2729
 20
-66.4898
  0
TEXT
  5
312
330
17
100
AcDbEntity
  8
ETIQUETAS
100
AcDbText
 10
290.373
 20
-67.09
 30
0.0
 40
0.06
  1
PA-R-131
 72
1
 11
290.373
 21
-67.09
 31
0.0
100
AcDbText
 73
2
  0
LWPOLYLINE
  5
313
330
17
100
AcDbEntity
  8
PISO-ROYAL-WALNUT
100
AcDbPolyline
 90
4
 70
1
 10
290.0719
 20
-68.2903
 10
290.2719
 20
-68.2903
 10
290.2719
 20
-67.0903
 10
290.0719
 20
-67.0903
  0
TEXT
  5
314
330
17
100
AcDbEntity
  8
ETIQUETAS
100
AcDbText
 10
290.172
 20
-67.69
 30
0.0
 40
0.06
  1
PA-R-141
 72
1
 11
290.172
 21
-67.69
 31
0.0
100
AcDbText
 73
2
  0
LWPOLYLINE
  5
315
330
17
100
AcDbEntity
  8
PISO-ROYAL-WALNUT
100
AcDbPolyline
 90
4
 70
1
 10
289.8709
 20
-67.6898
 10
290.0709
 20
-67.6898
 10
290.0709
 20
-66.4898
 10
289.8709
 20
-66.4898
  0
TEXT
  5
316
330
17
100
AcDbEntity
  8
ETIQUETAS
100
AcDbText
 10
289.971
 20
-67.09
 30
0.0
 40
0.06
  1
PA-R-130
 72
1
 11
289.971
 21
-67.09
 31
0.0
100
AcDbText
 73
2
  0
LWPOLYLINE
  5
317
330
17
100
AcDbEntity
  8
PISO-ROYAL-WALNUT
100
AcDbPolyline
 90
4
 70
1
 10
289.6699
 20
-68.2903
 10
289.8699
 20
-68.2903
 10
289.8699
 20
-67.0903
 10
289.6699
 20
-67.0903
  0
TEXT
  5
318
330
17
100
AcDbEntity
  8
ETIQUETAS
100
AcDbText
 10
289.77
 20
-67.69
 30
0.0
 40
0.06
  1
PA-R-140
 72
1
 11
289.77
 21
-67.69
 31
0.0
100
AcDbText
 73
2
  0
LWPOLYLINE
  5
319
330
17
100
AcDbEntity
  8
PISO-ROYAL-WALNUT
100
AcDbPolyline
 90
4
 70
1
 10
289.4689
 20
-67.6898
 10
289.6689
 20
-67.6898
 10
289.6689
 20
-66.4898
 10
289.4689
 20
-66.4898
  0
TEXT
  5
31A
330
17
100
AcDbEntity
  8
ETIQUETAS
100
AcDbText
 10
289.569
 20
-67.09
 30
0.0
 40
0.06
  1
PA-R-129
 72
1
 11
289.569
 21
-67.09
 31
0.0
100
AcDbText
 73
2
  0
LWPOLYLINE
  5
31B
330
17
100
AcDbEntity
  8
PISO-ROYAL-WALNUT
100
AcDbPolyline
 90
4
 70
1
 10
289.2679
 20
-68.2903
 10
289.4679
 20
-68.2903
 10
289.4679
 20
-67.0903
 10
289.2679
 20
-67.0903
  0
TEXT
  5
31C
330
17
100
AcDbEntity
  8
ETIQUETAS
100
AcDbText
 10
289.368
 20
-67.69
 30
0.0
 40
0.06
  1
PA-R-139
 72
1
 11
289.368
 21
-67.69
 31
0.0
100
AcDbText
 73
2
  0
LWPOLYLINE
  5
31D
330
17
100
AcDbEntity
  8
PISO-ROYAL-WALNUT
100
AcDbPolyline
 90
4
 70
1
 10
289.0669
 20
-67.6898
 10
289.26689999999996
 20
-67.6898
 10
289.26689999999996
 20
-66.4898
 10
289.0669
 20
-66.4898
  0
TEXT
  5
31E
330
17
100
AcDbEntity
  8
ETIQUETAS
100
AcDbText
 10
289.167
 20
-67.09
 30
0.0
 40
0.06
  1
PA-R-128
 72
1
 11
289.167
 21
-67.09
 31
0.0
100
AcDbText
 73
2
  0
LWPOLYLINE
  5
31F
330
17
100
AcDbEntity
  8
PISO-ROYAL-WALNUT
100
AcDbPolyline
 90
4
 70
1
 10
288.8659
 20
-68.2903
 10
289.0659
 20
-68.2903
 10
289.0659
 20
-67.0903
 10
288.8659
 20
-67.0903
  0
TEXT
  5
320
330
17
100
AcDbEntity
  8
ETIQUETAS
100
AcDbText
 10
288.966
 20
-67.69
 30
0.0
 40
0.06
  1
PA-R-138
 72
1
 11
288.966
 21
-67.69
 31
0.0
100
AcDbText
 73
2
  0
LWPOLYLINE
  5
321
330
17
100
AcDbEntity
  8
PISO-ROYAL-WALNUT
100
AcDbPolyline
 90
4
 70
1
 10
288.6649
 20
-67.6898
 10
288.8649
 20
-67.6898
 10
288.8649
 20
-66.8407
 10
288.6649
 20
-66.8407
  0
TEXT
  5
322
330
17
100
AcDbEntity
  8
ETIQUETAS
100
AcDbText
 10
288.765
 20
-67.265
 30
0.0
 40
0.06
  1
PA-R-135
 72
1
 11
288.765
 21
-67.265
 31
0.0
100
AcDbText
 73
2
  0
LWPOLYLINE
  5
323
330
17
100
AcDbEntity
  8
PISO-ROYAL-WALNUT
100
AcDbPolyline
 90
4
 70
1
 10
288.4639
 20
-68.2903
 10
288.6639
 20
-68.2903
 10
288.6639
 20
-67.0903
 10
288.4639
 20
-67.0903
  0
TEXT
  5
324
330
17
100
AcDbEntity
  8
ETIQUETAS
100
AcDbText
 10
288.564
 20
-67.69
 30
0.0
 40
0.06
  1
PA-R-137
 72
1
 11
288.564
 21
-67.69
 31
0.0
100
AcDbText
 73
2
  0
LWPOLYLINE
  5
325
330
17
100
AcDbEntity
  8
PISO-ROYAL-WALNUT
100
AcDbPolyline
 90
4
 70
1
 10
288.2629
 20
-67.6898
 10
288.4629
 20
-67.6898
 10
288.4629
 20
-66.8407
 10
288.2629
 20
-66.8407
  0
TEXT
  5
326
330
17
100
AcDbEntity
  8
ETIQUETAS
100
AcDbText
 10
288.363
 20
-67.265
 30
0.0
 40
0.06
  1
PA-R-134
 72
1
 11
288.363
 21
-67.265
 31
0.0
100
AcDbText
 73
2
  0
LWPOLYLINE
  5
327
330
17
100
AcDbEntity
  8
PISO-ROYAL-WALNUT
100
AcDbPolyline
 90
4
 70
1
 10
288.0619
 20
-68.2903
 10
288.26189999999997
 20
-68.2903
 10
288.26189999999997
 20
-67.0903
 10
288.0619
 20
-67.0903
  0
TEXT
  5
328
330
17
100
AcDbEntity
  8
ETIQUETAS
100
AcDbText
 10
288.162
 20
-67.69
 30
0.0
 40
0.06
  1
PA-R-136
 72
1
 11
288.162
 21
-67.69
 31
0.0
100
AcDbText
 73
2
  0
LWPOLYLINE
  5
329
330
17
100
AcDbEntity
  8
PISO-ROYAL-WALNUT
100
AcDbPolyline
 90
4
 70
1
 10
291.2779
 20
-67.0893
 10
291.39189999999996
 20
-67.0893
 10
291.39189999999996
 20
-66.3223
 10
291.2779
 20
-66.3223
  0
TEXT
  5
32A
330
17
100
AcDbEntity
  8
ETIQUETAS
100
AcDbText
 10
291.335
 20
-66.706
 30
0.0
 40
0.0342
  1
PA-R-124
 72
1
 11
291.335
 21
-66.706
 31
0.0
100
AcDbText
 73
2
  0
LWPOLYLINE
  5
32B
330
17
100
AcDbEntity
  8
PISO-ROYAL-WALNUT
100
AcDbPolyline
 90
4
 70
1
 10
291.0769
 20
-66.4888
 10
291.2769
 20
-66.4888
 10
291.2769
 20
-66.3223
 10
291.0769
 20
-66.3223
  0
TEXT
  5
32C
330
17
100
AcDbEntity
  8
ETIQUETAS
100
AcDbText
 10
291.177
 20
-66.406
 30
0.0
 40
0.04995
  1
PA-R-113
 72
1
 11
291.177
 21
-66.406
 31
0.0
100
AcDbText
 73
2
  0
LWPOLYLINE
  5
32D
330
17
100
AcDbEntity
  8
PISO-ROYAL-WALNUT
100
AcDbPolyline
 90
4
 70
1
 10
290.8759
 20
-67.0893
 10
291.0759
 20
-67.0893
 10
291.0759
 20
-66.3223
 10
290.8759
 20
-66.3223
  0
TEXT
  5
32E
330
17
100
AcDbEntity
  8
ETIQUETAS
100
AcDbText
 10
290.976
 20
-66.706
 30
0.0
 40
0.06
  1
PA-R-123
 72
1
 11
290.976
 21
-66.706
 31
0.0
100
AcDbText
 73
2
  0
LWPOLYLINE
  5
32F
330
17
100
AcDbEntity
  8
PISO-ROYAL-WALNUT
100
AcDbPolyline
 90
4
 70
1
 10
290.6749
 20
-66.4888
 10
290.87489999999997
 20
-66.4888
 10
290.87489999999997
 20
-66.3223
 10
290.6749
 20
-66.3223
  0
TEXT
  5
330
330
17
100
AcDbEntity
  8
ETIQUETAS
100
AcDbText
 10
290.775
 20
-66.406
 30
0.0
 40
0.04995
  1
PA-R-112
 72
1
 11
290.775
 21
-66.406
 31
0.0
100
AcDbText
 73
2
  0
LWPOLYLINE
  5
331
330
17
100
AcDbEntity
  8
PISO-ROYAL-WALNUT
100
AcDbPolyline
 90
4
 70
1
 10
290.4739
 20
-67.0893
 10
290.6739
 20
-67.0893
 10
290.6739
 20
-66.3223
 10
290.4739
 20
-66.3223
  0
TEXT
  5
332
330
17
100
AcDbEntity
  8
ETIQUETAS
100
AcDbText
 10
290.574
 20
-66.706
 30
0.0
 40
0.06
  1
PA-R-122
 72
1
 11
290.574
 21
-66.706
 31
0.0
100
AcDbText
 73
2
  0
LWPOLYLINE
  5
333
330
17
100
AcDbEntity
  8
PISO-ROYAL-WALNUT
100
AcDbPolyline
 90
4
 70
1
 10
290.2729
 20
-66.4888
 10
290.4729
 20
-66.4888
 10
290.4729
 20
-66.3223
 10
290.2729
 20
-66.3223
  0
TEXT
  5
334
330
17
100
AcDbEntity
  8
ETIQUETAS
100
AcDbText
 10
290.373
 20
-66.406
 30
0.0
 40
0.04995
  1
PA-R-111
 72
1
 11
290.373
 21
-66.406
 31
0.0
100
AcDbText
 73
2
  0
LWPOLYLINE
  5
335
330
17
100
AcDbEntity
  8
PISO-ROYAL-WALNUT
100
AcDbPolyline
 90
4
 70
1
 10
290.0719
 20
-67.0893
 10
290.2719
 20
-67.0893
 10
290.2719
 20
-66.3223
 10
290.0719
 20
-66.3223
  0
TEXT
  5
336
330
17
100
AcDbEntity
  8
ETIQUETAS
100
AcDbText
 10
290.172
 20
-66.706
 30
0.0
 40
0.06
  1
PA-R-121
 72
1
 11
290.172
 21
-66.706
 31
0.0
100
AcDbText
 73
2
  0
LWPOLYLINE
  5
337
330
17
100
AcDbEntity
  8
PISO-ROYAL-WALNUT
100
AcDbPolyline
 90
4
 70
1
 10
289.8709
 20
-66.4888
 10
290.0709
 20
-66.4888
 10
290.0709
 20
-66.3223
 10
289.8709
 20
-66.3223
  0
TEXT
  5
338
330
17
100
AcDbEntity
  8
ETIQUETAS
100
AcDbText
 10
289.971
 20
-66.406
 30
0.0
 40
0.04995
  1
PA-R-110
 72
1
 11
289.971
 21
-66.406
 31
0.0
100
AcDbText
 73
2
  0
LWPOLYLINE
  5
339
330
17
100
AcDbEntity
  8
PISO-ROYAL-WALNUT
100
AcDbPolyline
 90
4
 70
1
 10
289.6699
 20
-67.0893
 10
289.8699
 20
-67.0893
 10
289.8699
 20
-66.3223
 10
289.6699
 20
-66.3223
  0
TEXT
  5
33A
330
17
100
AcDbEntity
  8
ETIQUETAS
100
AcDbText
 10
289.77
 20
-66.706
 30
0.0
 40
0.06
  1
PA-R-120
 72
1
 11
289.77
 21
-66.706
 31
0.0
100
AcDbText
 73
2
  0
LWPOLYLINE
  5
33B
330
17
100
AcDbEntity
  8
PISO-ROYAL-WALNUT
100
AcDbPolyline
 90
4
 70
1
 10
289.4689
 20
-66.4888
 10
289.6689
 20
-66.4888
 10
289.6689
 20
-66.3223
 10
289.4689
 20
-66.3223
  0
TEXT
  5
33C
330
17
100
AcDbEntity
  8
ETIQUETAS
100
AcDbText
 10
289.569
 20
-66.406
 30
0.0
 40
0.04995
  1
PA-R-109
 72
1
 11
289.569
 21
-66.406
 31
0.0
100
AcDbText
 73
2
  0
LWPOLYLINE
  5
33D
330
17
100
AcDbEntity
  8
PISO-ROYAL-WALNUT
100
AcDbPolyline
 90
4
 70
1
 10
289.2679
 20
-67.0893
 10
289.4679
 20
-67.0893
 10
289.4679
 20
-66.3223
 10
289.2679
 20
-66.3223
  0
TEXT
  5
33E
330
17
100
AcDbEntity
  8
ETIQUETAS
100
AcDbText
 10
289.368
 20
-66.706
 30
0.0
 40
0.06
  1
PA-R-119
 72
1
 11
289.368
 21
-66.706
 31
0.0
100
AcDbText
 73
2
  0
LWPOLYLINE
  5
33F
330
17
100
AcDbEntity
  8
PISO-ROYAL-WALNUT
100
AcDbPolyline
 90
4
 70
1
 10
289.1419
 20
-66.4888
 10
289.2669
 20
-66.4888
 10
289.2669
 20
-66.3223
 10
289.1419
 20
-66.3223
  0
TEXT
  5
340
330
17
100
AcDbEntity
  8
ETIQUETAS
100
AcDbText
 10
289.204
 20
-66.406
 30
0.0
 40
0.0375
  1
PA-R-108
 72
1
 11
289.204
 21
-66.406
 31
0.0
100
AcDbText
 73
2
  0
LWPOLYLINE
  5
341
330
17
100
AcDbEntity
  8
PISO-ROYAL-WALNUT
100
AcDbPolyline
 90
4
 70
1
 10
288.8659
 20
-67.0893
 10
289.0659
 20
-67.0893
 10
289.0659
 20
-66.8407
 10
288.8659
 20
-66.8407
  0
TEXT
  5
342
330
17
100
AcDbEntity
  8
ETIQUETAS
100
AcDbText
 10
288.966
 20
-66.965
 30
0.0
 40
0.06
  1
PA-R-127
 72
1
 11
288.966
 21
-66.965
 31
0.0
100
AcDbText
 73
2
  0
LWPOLYLINE
  5
343
330
17
100
AcDbEntity
  8
PISO-ROYAL-WALNUT
100
AcDbPolyline
 90
4
 70
1
 10
288.4639
 20
-67.0893
 10
288.6639
 20
-67.0893
 10
288.6639
 20
-66.8407
 10
288.4639
 20
-66.8407
  0
TEXT
  5
344
330
17
100
AcDbEntity
  8
ETIQUETAS
100
AcDbText
 10
288.564
 20
-66.965
 30
0.0
 40
0.06
  1
PA-R-126
 72
1
 11
288.564
 21
-66.965
 31
0.0
100
AcDbText
 73
2
  0
LWPOLYLINE
  5
345
330
17
100
AcDbEntity
  8
PISO-ROYAL-WALNUT
100
AcDbPolyline
 90
4
 70
1
 10
288.0619
 20
-67.0893
 10
288.26189999999997
 20
-67.0893
 10
288.26189999999997
 20
-66.8407
 10
288.0619
 20
-66.8407
  0
TEXT
  5
346
330
17
100
AcDbEntity
  8
ETIQUETAS
100
AcDbText
 10
288.162
 20
-66.965
 30
0.0
 40
0.06
  1
PA-R-125
 72
1
 11
288.162
 21
-66.965
 31
0.0
100
AcDbText
 73
2
  0
LWPOLYLINE
  5
347
330
17
100
AcDbEntity
  8
PISO-ROYAL-WALNUT
100
AcDbPolyline
 90
4
 70
1
 10
287.9819
 20
-70.6923
 10
288.0609
 20
-70.6923
 10
288.0609
 20
-69.7923
 10
287.9819
 20
-69.7923
  0
TEXT
  5
348
330
17
100
AcDbEntity
  8
ETIQUETAS
100
AcDbText
 10
288.021
 20
-70.242
 30
0.0
 40
0.03
  1
PA-R-179
 72
1
 11
288.021
 21
-70.242
 31
0.0
100
AcDbText
 73
2
  0
LWPOLYLINE
  5
349
330
17
100
AcDbEntity
  8
PISO-MORET
100
AcDbPolyline
 90
4
 70
1
 10
275.4635
 20
-60.5923
 10
276.06350000000003
 20
-60.5923
 10
276.06350000000003
 20
-59.3983
 10
275.4635
 20
-59.3983
  0
TEXT
  5
34A
330
17
100
AcDbEntity
  8
ETIQUETAS
100
AcDbText
 10
275.763
 20
-59.995
 30
0.0
 40
0.09
  1
PB-M-022
 72
1
 11
275.763
 21
-59.995
 31
0.0
100
AcDbText
 73
2
  0
LWPOLYLINE
  5
34B
330
17
100
AcDbEntity
  8
PISO-MORET
100
AcDbPolyline
 90
4
 70
1
 10
275.4635
 20
-59.3962
 10
276.06350000000003
 20
-59.3962
 10
276.06350000000003
 20
-58.2042
 10
275.4635
 20
-58.2042
  0
TEXT
  5
34C
330
17
100
AcDbEntity
  8
ETIQUETAS
100
AcDbText
 10
275.763
 20
-58.8
 30
0.0
 40
0.09
  1
PB-M-012
 72
1
 11
275.763
 21
-58.8
 31
0.0
100
AcDbText
 73
2
  0
LWPOLYLINE
  5
34D
330
17
100
AcDbEntity
  8
PISO-MORET
100
AcDbPolyline
 90
4
 70
1
 10
276.0655
 20
-60.5523
 10
276.6655
 20
-60.5523
 10
276.6655
 20
-59.398300000000006
 10
276.0655
 20
-59.398300000000006
  0
TEXT
  5
34E
330
17
100
AcDbEntity
  8
ETIQUETAS
100
AcDbText
 10
276.365
 20
-59.975
 30
0.0
 40
0.09
  1
PB-M-017
 72
1
 11
276.365
 21
-59.975
 31
0.0
100
AcDbText
 73
2
  0
LWPOLYLINE
  5
34F
330
17
100
AcDbEntity
  8
PISO-MORET
100
AcDbPolyline
 90
4
 70
1
 10
276.0655
 20
-59.3962
 10
276.6655
 20
-59.3962
 10
276.6655
 20
-58.2042
 10
276.0655
 20
-58.2042
  0
TEXT
  5
350
330
17
100
AcDbEntity
  8
ETIQUETAS
100
AcDbText
 10
276.365
 20
-58.8
 30
0.0
 40
0.09
  1
PB-M-013
 72
1
 11
276.365
 21
-58.8
 31
0.0
100
AcDbText
 73
2
  0
LWPOLYLINE
  5
351
330
17
100
AcDbEntity
  8
PISO-MORET
100
AcDbPolyline
 90
4
 70
1
 10
274.8615
 20
-60.5923
 10
275.4615
 20
-60.5923
 10
275.4615
 20
-59.3983
 10
274.8615
 20
-59.3983
  0
TEXT
  5
352
330
17
100
AcDbEntity
  8
ETIQUETAS
100
AcDbText
 10
275.161
 20
-59.995
 30
0.0
 40
0.09
  1
PB-M-021
 72
1
 11
275.161
 21
-59.995
 31
0.0
100
AcDbText
 73
2
  0
LWPOLYLINE
  5
353
330
17
100
AcDbEntity
  8
PISO-MORET
100
AcDbPolyline
 90
4
 70
1
 10
274.8615
 20
-59.3962
 10
275.4615
 20
-59.3962
 10
275.4615
 20
-58.2042
 10
274.8615
 20
-58.2042
  0
TEXT
  5
354
330
17
100
AcDbEntity
  8
ETIQUETAS
100
AcDbText
 10
275.161
 20
-58.8
 30
0.0
 40
0.09
  1
PB-M-011
 72
1
 11
275.161
 21
-58.8
 31
0.0
100
AcDbText
 73
2
  0
LWPOLYLINE
  5
355
330
17
100
AcDbEntity
  8
PISO-MORET
100
AcDbPolyline
 90
4
 70
1
 10
273.6575
 20
-60.5923
 10
274.25750000000005
 20
-60.5923
 10
274.25750000000005
 20
-59.3983
 10
273.6575
 20
-59.3983
  0
TEXT
  5
356
330
17
100
AcDbEntity
  8
ETIQUETAS
100
AcDbText
 10
273.957
 20
-59.995
 30
0.0
 40
0.09
  1
PB-M-019
 72
1
 11
273.957
 21
-59.995
 31
0.0
100
AcDbText
 73
2
  0
LWPOLYLINE
  5
357
330
17
100
AcDbEntity
  8
PISO-MORET
100
AcDbPolyline
 90
4
 70
1
 10
273.6575
 20
-59.3962
 10
274.25750000000005
 20
-59.3962
 10
274.25750000000005
 20
-58.2042
 10
273.6575
 20
-58.2042
  0
TEXT
  5
358
330
17
100
AcDbEntity
  8
ETIQUETAS
100
AcDbText
 10
273.957
 20
-58.8
 30
0.0
 40
0.09
  1
PB-M-009
 72
1
 11
273.957
 21
-58.8
 31
0.0
100
AcDbText
 73
2
  0
LWPOLYLINE
  5
359
330
17
100
AcDbEntity
  8
PISO-MORET
100
AcDbPolyline
 90
4
 70
1
 10
273.0555
 20
-60.5923
 10
273.6555
 20
-60.5923
 10
273.6555
 20
-59.3983
 10
273.0555
 20
-59.3983
  0
TEXT
  5
35A
330
17
100
AcDbEntity
  8
ETIQUETAS
100
AcDbText
 10
273.355
 20
-59.995
 30
0.0
 40
0.09
  1
PB-M-018
 72
1
 11
273.355
 21
-59.995
 31
0.0
100
AcDbText
 73
2
  0
LWPOLYLINE
  5
35B
330
17
100
AcDbEntity
  8
PISO-MORET
100
AcDbPolyline
 90
4
 70
1
 10
273.0555
 20
-59.3962
 10
273.6555
 20
-59.3962
 10
273.6555
 20
-58.2042
 10
273.0555
 20
-58.2042
  0
TEXT
  5
35C
330
17
100
AcDbEntity
  8
ETIQUETAS
100
AcDbText
 10
273.355
 20
-58.8
 30
0.0
 40
0.09
  1
PB-M-008
 72
1
 11
273.355
 21
-58.8
 31
0.0
100
AcDbText
 73
2
  0
LWPOLYLINE
  5
35D
330
17
100
AcDbEntity
  8
PISO-MORET
100
AcDbPolyline
 90
4
 70
1
 10
272.4535
 20
-60.5523
 10
273.05350000000004
 20
-60.5523
 10
273.05350000000004
 20
-59.398300000000006
 10
272.4535
 20
-59.398300000000006
  0
TEXT
  5
35E
330
17
100
AcDbEntity
  8
ETIQUETAS
100
AcDbText
 10
272.753
 20
-59.975
 30
0.0
 40
0.09
  1
PB-M-016
 72
1
 11
272.753
 21
-59.975
 31
0.0
100
AcDbText
 73
2
  0
LWPOLYLINE
  5
35F
330
17
100
AcDbEntity
  8
PISO-MORET
100
AcDbPolyline
 90
4
 70
1
 10
272.4535
 20
-59.3962
 10
273.05350000000004
 20
-59.3962
 10
273.05350000000004
 20
-58.2042
 10
272.4535
 20
-58.2042
  0
TEXT
  5
360
330
17
100
AcDbEntity
  8
ETIQUETAS
100
AcDbText
 10
272.753
 20
-58.8
 30
0.0
 40
0.09
  1
PB-M-007
 72
1
 11
272.753
 21
-58.8
 31
0.0
100
AcDbText
 73
2
  0
LWPOLYLINE
  5
361
330
17
100
AcDbEntity
  8
PISO-MORET
100
AcDbPolyline
 90
4
 70
1
 10
274.2595
 20
-60.5923
 10
274.8595
 20
-60.5923
 10
274.8595
 20
-59.3983
 10
274.2595
 20
-59.3983
  0
TEXT
  5
362
330
17
100
AcDbEntity
  8
ETIQUETAS
100
AcDbText
 10
274.559
 20
-59.995
 30
0.0
 40
0.09
  1
PB-M-020
 72
1
 11
274.559
 21
-59.995
 31
0.0
100
AcDbText
 73
2
  0
LWPOLYLINE
  5
363
330
17
100
AcDbEntity
  8
PISO-MORET
100
AcDbPolyline
 90
4
 70
1
 10
274.2595
 20
-59.3962
 10
274.8595
 20
-59.3962
 10
274.8595
 20
-58.2042
 10
274.2595
 20
-58.2042
  0
TEXT
  5
364
330
17
100
AcDbEntity
  8
ETIQUETAS
100
AcDbText
 10
274.559
 20
-58.8
 30
0.0
 40
0.09
  1
PB-M-010
 72
1
 11
274.559
 21
-58.8
 31
0.0
100
AcDbText
 73
2
  0
LWPOLYLINE
  5
365
330
17
100
AcDbEntity
  8
PISO-MORET
100
AcDbPolyline
 90
4
 70
1
 10
276.6675
 20
-61.8423
 10
277.26750000000004
 20
-61.8423
 10
277.26750000000004
 20
-60.6723
 10
276.6675
 20
-60.6723
  0
TEXT
  5
366
330
17
100
AcDbEntity
  8
ETIQUETAS
100
AcDbText
 10
276.967
 20
-61.257
 30
0.0
 40
0.09
  1
PB-M-042
 72
1
 11
276.967
 21
-61.257
 31
0.0
100
AcDbText
 73
2
  0
LWPOLYLINE
  5
367
330
17
100
AcDbEntity
  8
PISO-MORET
100
AcDbPolyline
 90
4
 70
1
 10
277.8715
 20
-65.8243
 10
278.47150000000005
 20
-65.8243
 10
278.47150000000005
 20
-64.62429999999999
 10
277.8715
 20
-64.62429999999999
  0
TEXT
  5
368
330
17
100
AcDbEntity
  8
ETIQUETAS
100
AcDbText
 10
278.171
 20
-65.224
 30
0.0
 40
0.09
  1
PB-M-103
 72
1
 11
278.171
 21
-65.224
 31
0.0
100
AcDbText
 73
2
  0
LWPOLYLINE
  5
369
330
17
100
AcDbEntity
  8
PISO-MORET
100
AcDbPolyline
 90
4
 70
1
 10
277.8715
 20
-64.6223
 10
278.47150000000005
 20
-64.6223
 10
278.47150000000005
 20
-64.2483
 10
277.8715
 20
-64.2483
  0
TEXT
  5
36A
330
17
100
AcDbEntity
  8
ETIQUETAS
100
AcDbText
 10
278.171
 20
-64.435
 30
0.0
 40
0.09
  1
PB-M-087
 72
1
 11
278.171
 21
-64.435
 31
0.0
100
AcDbText
 73
2
  0
LWPOLYLINE
  5
36B
330
17
100
AcDbEntity
  8
PISO-MORET
100
AcDbPolyline
 90
4
 70
1
 10
278.4735
 20
-64.6223
 10
279.0735
 20
-64.6223
 10
279.0735
 20
-64.2483
 10
278.4735
 20
-64.2483
  0
TEXT
  5
36C
330
17
100
AcDbEntity
  8
ETIQUETAS
100
AcDbText
 10
278.773
 20
-64.435
 30
0.0
 40
0.09
  1
PB-M-088
 72
1
 11
278.773
 21
-64.435
 31
0.0
100
AcDbText
 73
2
  0
LWPOLYLINE
  5
36D
330
17
100
AcDbEntity
  8
PISO-MORET
100
AcDbPolyline
 90
4
 70
1
 10
277.6835
 20
-65.8243
 10
277.86949999999996
 20
-65.8243
 10
277.86949999999996
 20
-64.62429999999999
 10
277.6835
 20
-64.62429999999999
  0
TEXT
  5
36E
330
17
100
AcDbEntity
  8
ETIQUETAS
100
AcDbText
 10
277.776
 20
-65.224
 30
0.0
 40
0.055799999999999995
  1
PB-M-102
 72
1
 11
277.776
 21
-65.224
 31
0.0
100
AcDbText
 73
2
  0
LWPOLYLINE
  5
36F
330
17
100
AcDbEntity
  8
PISO-MORET
100
AcDbPolyline
 90
4
 70
1
 10
278.4735
 20
-65.8243
 10
279.0735
 20
-65.8243
 10
279.0735
 20
-64.62429999999999
 10
278.4735
 20
-64.62429999999999
  0
TEXT
  5
370
330
17
100
AcDbEntity
  8
ETIQUETAS
100
AcDbText
 10
278.773
 20
-65.224
 30
0.0
 40
0.09
  1
PB-M-104
 72
1
 11
278.773
 21
-65.224
 31
0.0
100
AcDbText
 73
2
  0
LWPOLYLINE
  5
371
330
17
100
AcDbEntity
  8
PISO-MORET
100
AcDbPolyline
 90
4
 70
1
 10
279.0755
 20
-65.8243
 10
279.6755
 20
-65.8243
 10
279.6755
 20
-64.62429999999999
 10
279.0755
 20
-64.62429999999999
  0
TEXT
  5
372
330
17
100
AcDbEntity
  8
ETIQUETAS
100
AcDbText
 10
279.375
 20
-65.224
 30
0.0
 40
0.09
  1
PB-M-105
 72
1
 11
279.375
 21
-65.224
 31
0.0
100
AcDbText
 73
2
  0
LWPOLYLINE
  5
373
330
17
100
AcDbEntity
  8
PISO-MORET
100
AcDbPolyline
 90
4
 70
1
 10
279.6775
 20
-65.8243
 10
280.27750000000003
 20
-65.8243
 10
280.27750000000003
 20
-64.62429999999999
 10
279.6775
 20
-64.62429999999999
  0
TEXT
  5
374
330
17
100
AcDbEntity
  8
ETIQUETAS
100
AcDbText
 10
279.977
 20
-65.224
 30
0.0
 40
0.09
  1
PB-M-106
 72
1
 11
279.977
 21
-65.224
 31
0.0
100
AcDbText
 73
2
  0
LWPOLYLINE
  5
375
330
17
100
AcDbEntity
  8
PISO-MORET
100
AcDbPolyline
 90
4
 70
1
 10
277.6835
 20
-66.1423
 10
277.86949999999996
 20
-66.1423
 10
277.86949999999996
 20
-65.8263
 10
277.6835
 20
-65.8263
  0
TEXT
  5
376
330
17
100
AcDbEntity
  8
ETIQUETAS
100
AcDbText
 10
277.776
 20
-65.984
 30
0.0
 40
0.055799999999999995
  1
PB-M-108
 72
1
 11
277.776
 21
-65.984
 31
0.0
100
AcDbText
 73
2
  0
LWPOLYLINE
  5
377
330
17
100
AcDbEntity
  8
PISO-MORET
100
AcDbPolyline
 90
4
 70
1
 10
290.9819
 20
-61.7273
 10
291.3919
 20
-61.7273
 10
291.3919
 20
-61.2173
 10
290.9819
 20
-61.2173
  0
TEXT
  5
378
330
17
100
AcDbEntity
  8
ETIQUETAS
100
AcDbText
 10
291.187
 20
-61.472
 30
0.0
 40
0.09
  1
PA-M-008
 72
1
 11
291.187
 21
-61.472
 31
0.0
100
AcDbText
 73
2
  0
LWPOLYLINE
  5
379
330
17
100
AcDbEntity
  8
PISO-MORET
100
AcDbPolyline
 90
4
 70
1
 10
290.3799
 20
-61.7273
 10
290.97990000000004
 20
-61.7273
 10
290.97990000000004
 20
-61.2173
 10
290.3799
 20
-61.2173
  0
TEXT
  5
37A
330
17
100
AcDbEntity
  8
ETIQUETAS
100
AcDbText
 10
290.68
 20
-61.472
 30
0.0
 40
0.09
  1
PA-M-007
 72
1
 11
290.68
 21
-61.472
 31
0.0
100
AcDbText
 73
2
  0
LWPOLYLINE
  5
37B
330
17
100
AcDbEntity
  8
PISO-MORET
100
AcDbPolyline
 90
4
 70
1
 10
287.5323
 20
-68.3383
 10
287.882
 20
-68.3383
 10
287.882
 20
-67.1383
 10
287.5323
 20
-67.1383
  0
TEXT
  5
37C
330
17
100
AcDbEntity
  8
ETIQUETAS
100
AcDbText
 10
287.707
 20
-67.738
 30
0.0
 40
0.09
  1
PA-M-048
 72
1
 11
287.707
 21
-67.738
 31
0.0
100
AcDbText
 73
2
  0
LWPOLYLINE
  5
37D
330
17
100
AcDbEntity
  8
PISO-MORET
100
AcDbPolyline
 90
4
 70
1
 10
276.6675
 20
-59.3962
 10
277.26750000000004
 20
-59.3962
 10
277.26750000000004
 20
-58.2042
 10
276.6675
 20
-58.2042
  0
TEXT
  5
37E
330
17
100
AcDbEntity
  8
ETIQUETAS
100
AcDbText
 10
276.967
 20
-58.8
 30
0.0
 40
0.09
  1
PB-M-014
 72
1
 11
276.967
 21
-58.8
 31
0.0
100
AcDbText
 73
2
  0
LWPOLYLINE
  5
37F
330
17
100
AcDbEntity
  8
PISO-MORET
100
AcDbPolyline
 90
4
 70
1
 10
277.2695
 20
-60.5923
 10
277.8695
 20
-60.5923
 10
277.8695
 20
-59.3983
 10
277.2695
 20
-59.3983
  0
TEXT
  5
380
330
17
100
AcDbEntity
  8
ETIQUETAS
100
AcDbText
 10
277.569
 20
-59.995
 30
0.0
 40
0.09
  1
PB-M-024
 72
1
 11
277.569
 21
-59.995
 31
0.0
100
AcDbText
 73
2
  0
LWPOLYLINE
  5
381
330
17
100
AcDbEntity
  8
PISO-MORET
100
AcDbPolyline
 90
4
 70
1
 10
277.2695
 20
-59.3962
 10
277.8695
 20
-59.3962
 10
277.8695
 20
-58.2042
 10
277.2695
 20
-58.2042
  0
TEXT
  5
382
330
17
100
AcDbEntity
  8
ETIQUETAS
100
AcDbText
 10
277.569
 20
-58.8
 30
0.0
 40
0.09
  1
PB-M-015
 72
1
 11
277.569
 21
-58.8
 31
0.0
100
AcDbText
 73
2
  0
LWPOLYLINE
  5
383
330
17
100
AcDbEntity
  8
PISO-MORET
100
AcDbPolyline
 90
4
 70
1
 10
273.6575
 20
-58.2022
 10
274.25750000000005
 20
-58.2022
 10
274.25750000000005
 20
-57.0102
 10
273.6575
 20
-57.0102
  0
TEXT
  5
384
330
17
100
AcDbEntity
  8
ETIQUETAS
100
AcDbText
 10
273.957
 20
-57.606
 30
0.0
 40
0.09
  1
PB-M-006
 72
1
 11
273.957
 21
-57.606
 31
0.0
100
AcDbText
 73
2
  0
LWPOLYLINE
  5
385
330
17
100
AcDbEntity
  8
PISO-MORET
100
AcDbPolyline
 90
4
 70
1
 10
273.0555
 20
-58.2022
 10
273.6555
 20
-58.2022
 10
273.6555
 20
-57.0102
 10
273.0555
 20
-57.0102
  0
TEXT
  5
386
330
17
100
AcDbEntity
  8
ETIQUETAS
100
AcDbText
 10
273.355
 20
-57.606
 30
0.0
 40
0.09
  1
PB-M-005
 72
1
 11
273.355
 21
-57.606
 31
0.0
100
AcDbText
 73
2
  0
LWPOLYLINE
  5
387
330
17
100
AcDbEntity
  8
PISO-MORET
100
AcDbPolyline
 90
4
 70
1
 10
272.4535
 20
-58.2022
 10
273.05350000000004
 20
-58.2022
 10
273.05350000000004
 20
-57.0102
 10
272.4535
 20
-57.0102
  0
TEXT
  5
388
330
17
100
AcDbEntity
  8
ETIQUETAS
100
AcDbText
 10
272.753
 20
-57.606
 30
0.0
 40
0.09
  1
PB-M-004
 72
1
 11
272.753
 21
-57.606
 31
0.0
100
AcDbText
 73
2
  0
LWPOLYLINE
  5
389
330
17
100
AcDbEntity
  8
PISO-MORET
100
AcDbPolyline
 90
4
 70
1
 10
280.2795
 20
-65.8243
 10
280.8795
 20
-65.8243
 10
280.8795
 20
-64.62429999999999
 10
280.2795
 20
-64.62429999999999
  0
TEXT
  5
38A
330
17
100
AcDbEntity
  8
ETIQUETAS
100
AcDbText
 10
280.579
 20
-65.224
 30
0.0
 40
0.09
  1
PB-M-107
 72
1
 11
280.579
 21
-65.224
 31
0.0
100
AcDbText
 73
2
  0
LWPOLYLINE
  5
38B
330
17
100
AcDbEntity
  8
PISO-MORET
100
AcDbPolyline
 90
4
 70
1
 10
274.8615
 20
-72.0923
 10
274.9935
 20
-72.0923
 10
274.9935
 20
-72.07629999999999
 10
274.8615
 20
-72.07629999999999
  0
TEXT
  5
38C
330
17
100
AcDbEntity
  8
ETIQUETAS
100
AcDbText
 10
274.927
 20
-72.084
 30
0.0
 40
0.03
  1
PB-M-199
 72
1
 11
274.927
 21
-72.084
 31
0.0
100
AcDbText
 73
2
  0
LWPOLYLINE
  5
38D
330
17
100
AcDbEntity
  8
PISO-MORET
100
AcDbPolyline
 90
4
 70
1
 10
274.2595
 20
-72.0923
 10
274.8595
 20
-72.0923
 10
274.8595
 20
-72.07629999999999
 10
274.2595
 20
-72.07629999999999
  0
TEXT
  5
38E
330
17
100
AcDbEntity
  8
ETIQUETAS
100
AcDbText
 10
274.559
 20
-72.084
 30
0.0
 40
0.03
  1
PB-M-198
 72
1
 11
274.559
 21
-72.084
 31
0.0
100
AcDbText
 73
2
  0
LWPOLYLINE
  5
38F
330
17
100
AcDbEntity
  8
PISO-MORET
100
AcDbPolyline
 90
4
 70
1
 10
274.8615
 20
-72.0743
 10
274.9935
 20
-72.0743
 10
274.9935
 20
-70.87429999999999
 10
274.8615
 20
-70.87429999999999
  0
TEXT
  5
390
330
17
100
AcDbEntity
  8
ETIQUETAS
100
AcDbText
 10
274.927
 20
-71.474
 30
0.0
 40
0.0396
  1
PB-M-194
 72
1
 11
274.927
 21
-71.474
 31
0.0
100
AcDbText
 73
2
  0
LWPOLYLINE
  5
391
330
17
100
AcDbEntity
  8
PISO-MORET
100
AcDbPolyline
 90
4
 70
1
 10
274.2595
 20
-72.0743
 10
274.8595
 20
-72.0743
 10
274.8595
 20
-70.87429999999999
 10
274.2595
 20
-70.87429999999999
  0
TEXT
  5
392
330
17
100
AcDbEntity
  8
ETIQUETAS
100
AcDbText
 10
274.559
 20
-71.474
 30
0.0
 40
0.09
  1
PB-M-193
 72
1
 11
274.559
 21
-71.474
 31
0.0
100
AcDbText
 73
2
  0
LWPOLYLINE
  5
393
330
17
100
AcDbEntity
  8
PISO-MORET
100
AcDbPolyline
 90
4
 70
1
 10
273.6575
 20
-72.0923
 10
274.25750000000005
 20
-72.0923
 10
274.25750000000005
 20
-72.07629999999999
 10
273.6575
 20
-72.07629999999999
  0
TEXT
  5
394
330
17
100
AcDbEntity
  8
ETIQUETAS
100
AcDbText
 10
273.957
 20
-72.084
 30
0.0
 40
0.03
  1
PB-M-197
 72
1
 11
273.957
 21
-72.084
 31
0.0
100
AcDbText
 73
2
  0
LWPOLYLINE
  5
395
330
17
100
AcDbEntity
  8
PISO-MORET
100
AcDbPolyline
 90
4
 70
1
 10
273.6575
 20
-72.0743
 10
274.25750000000005
 20
-72.0743
 10
274.25750000000005
 20
-70.87429999999999
 10
273.6575
 20
-70.87429999999999
  0
TEXT
  5
396
330
17
100
AcDbEntity
  8
ETIQUETAS
100
AcDbText
 10
273.957
 20
-71.474
 30
0.0
 40
0.09
  1
PB-M-192
 72
1
 11
273.957
 21
-71.474
 31
0.0
100
AcDbText
 73
2
  0
LWPOLYLINE
  5
397
330
17
100
AcDbEntity
  8
PISO-MORET
100
AcDbPolyline
 90
4
 70
1
 10
273.0555
 20
-72.0923
 10
273.6555
 20
-72.0923
 10
273.6555
 20
-72.07629999999999
 10
273.0555
 20
-72.07629999999999
  0
TEXT
  5
398
330
17
100
AcDbEntity
  8
ETIQUETAS
100
AcDbText
 10
273.355
 20
-72.084
 30
0.0
 40
0.03
  1
PB-M-196
 72
1
 11
273.355
 21
-72.084
 31
0.0
100
AcDbText
 73
2
  0
LWPOLYLINE
  5
399
330
17
100
AcDbEntity
  8
PISO-MORET
100
AcDbPolyline
 90
4
 70
1
 10
273.0555
 20
-72.0743
 10
273.6555
 20
-72.0743
 10
273.6555
 20
-70.87429999999999
 10
273.0555
 20
-70.87429999999999
  0
TEXT
  5
39A
330
17
100
AcDbEntity
  8
ETIQUETAS
100
AcDbText
 10
273.355
 20
-71.474
 30
0.0
 40
0.09
  1
PB-M-191
 72
1
 11
273.355
 21
-71.474
 31
0.0
100
AcDbText
 73
2
  0
LWPOLYLINE
  5
39B
330
17
100
AcDbEntity
  8
PISO-MORET
100
AcDbPolyline
 90
4
 70
1
 10
272.4535
 20
-72.0923
 10
273.05350000000004
 20
-72.0923
 10
273.05350000000004
 20
-72.07629999999999
 10
272.4535
 20
-72.07629999999999
  0
TEXT
  5
39C
330
17
100
AcDbEntity
  8
ETIQUETAS
100
AcDbText
 10
272.753
 20
-72.084
 30
0.0
 40
0.03
  1
PB-M-195
 72
1
 11
272.753
 21
-72.084
 31
0.0
100
AcDbText
 73
2
  0
LWPOLYLINE
  5
39D
330
17
100
AcDbEntity
  8
PISO-MORET
100
AcDbPolyline
 90
4
 70
1
 10
272.4535
 20
-72.0743
 10
273.05350000000004
 20
-72.0743
 10
273.05350000000004
 20
-70.87429999999999
 10
272.4535
 20
-70.87429999999999
  0
TEXT
  5
39E
330
17
100
AcDbEntity
  8
ETIQUETAS
100
AcDbText
 10
272.753
 20
-71.474
 30
0.0
 40
0.09
  1
PB-M-190
 72
1
 11
272.753
 21
-71.474
 31
0.0
100
AcDbText
 73
2
  0
LWPOLYLINE
  5
39F
330
17
100
AcDbEntity
  8
PISO-MORET
100
AcDbPolyline
 90
4
 70
1
 10
276.6675
 20
-67.8523
 10
277.26750000000004
 20
-67.8523
 10
277.26750000000004
 20
-66.6523
 10
276.6675
 20
-66.6523
  0
TEXT
  5
3A0
330
17
100
AcDbEntity
  8
ETIQUETAS
100
AcDbText
 10
276.967
 20
-67.252
 30
0.0
 40
0.09
  1
PB-M-135
 72
1
 11
276.967
 21
-67.252
 31
0.0
100
AcDbText
 73
2
  0
LWPOLYLINE
  5
3A1
330
17
100
AcDbEntity
  8
PISO-MORET
100
AcDbPolyline
 90
4
 70
1
 10
276.6675
 20
-69.0543
 10
277.26750000000004
 20
-69.0543
 10
277.26750000000004
 20
-67.8543
 10
276.6675
 20
-67.8543
  0
TEXT
  5
3A2
330
17
100
AcDbEntity
  8
ETIQUETAS
100
AcDbText
 10
276.967
 20
-68.454
 30
0.0
 40
0.09
  1
PB-M-156
 72
1
 11
276.967
 21
-68.454
 31
0.0
100
AcDbText
 73
2
  0
LWPOLYLINE
  5
3A3
330
17
100
AcDbEntity
  8
PISO-MORET
100
AcDbPolyline
 90
4
 70
1
 10
277.2695
 20
-69.0543
 10
277.8695
 20
-69.0543
 10
277.8695
 20
-67.8543
 10
277.2695
 20
-67.8543
  0
TEXT
  5
3A4
330
17
100
AcDbEntity
  8
ETIQUETAS
100
AcDbText
 10
277.569
 20
-68.454
 30
0.0
 40
0.09
  1
PB-M-157
 72
1
 11
277.569
 21
-68.454
 31
0.0
100
AcDbText
 73
2
  0
LWPOLYLINE
  5
3A5
330
17
100
AcDbEntity
  8
PISO-MORET
100
AcDbPolyline
 90
4
 70
1
 10
277.2695
 20
-67.8523
 10
277.8695
 20
-67.8523
 10
277.8695
 20
-66.6523
 10
277.2695
 20
-66.6523
  0
TEXT
  5
3A6
330
17
100
AcDbEntity
  8
ETIQUETAS
100
AcDbText
 10
277.569
 20
-67.252
 30
0.0
 40
0.09
  1
PB-M-136
 72
1
 11
277.569
 21
-67.252
 31
0.0
100
AcDbText
 73
2
  0
LWPOLYLINE
  5
3A7
330
17
100
AcDbEntity
  8
PISO-MORET
100
AcDbPolyline
 90
4
 70
1
 10
283.382
 20
-70.6923
 10
283.932
 20
-70.6923
 10
283.932
 20
-69.5423
 10
283.382
 20
-69.5423
  0
TEXT
  5
3A8
330
17
100
AcDbEntity
  8
ETIQUETAS
100
AcDbText
 10
283.657
 20
-70.117
 30
0.0
 40
0.09
  1
PA-M-069
 72
1
 11
283.657
 21
-70.117
 31
0.0
100
AcDbText
 73
2
  0
LWPOLYLINE
  5
3A9
330
17
100
AcDbEntity
  8
PISO-MORET
100
AcDbPolyline
 90
4
 70
1
 10
282.8319
 20
-70.6923
 10
283.3799
 20
-70.6923
 10
283.3799
 20
-69.5423
 10
282.8319
 20
-69.5423
  0
TEXT
  5
3AA
330
17
100
AcDbEntity
  8
ETIQUETAS
100
AcDbText
 10
283.106
 20
-70.117
 30
0.0
 40
0.09
  1
PA-M-068
 72
1
 11
283.106
 21
-70.117
 31
0.0
100
AcDbText
 73
2
  0
LWPOLYLINE
  5
3AB
330
17
100
AcDbEntity
  8
PISO-MORET
100
AcDbPolyline
 90
4
 70
1
 10
283.932
 20
-70.6923
 10
284.202
 20
-70.6923
 10
284.202
 20
-69.5423
 10
283.932
 20
-69.5423
  0
TEXT
  5
3AC
330
17
100
AcDbEntity
  8
ETIQUETAS
100
AcDbText
 10
284.067
 20
-70.117
 30
0.0
 40
0.081
  1
PA-M-070
 72
1
 11
284.067
 21
-70.117
 31
0.0
100
AcDbText
 73
2
  0
LWPOLYLINE
  5
3AD
330
17
100
AcDbEntity
  8
PISO-MORET
100
AcDbPolyline
 90
4
 70
1
 10
284.202
 20
-70.6923
 10
284.472
 20
-70.6923
 10
284.472
 20
-69.5423
 10
284.202
 20
-69.5423
  0
TEXT
  5
3AE
330
17
100
AcDbEntity
  8
ETIQUETAS
100
AcDbText
 10
284.337
 20
-70.117
 30
0.0
 40
0.081
  1
PA-M-071
 72
1
 11
284.337
 21
-70.117
 31
0.0
100
AcDbText
 73
2
  0
LWPOLYLINE
  5
3AF
330
17
100
AcDbEntity
  8
PISO-MORET
100
AcDbPolyline
 90
4
 70
1
 10
284.472
 20
-70.6923
 10
284.74199999999996
 20
-70.6923
 10
284.74199999999996
 20
-69.5423
 10
284.472
 20
-69.5423
  0
TEXT
  5
3B0
330
17
100
AcDbEntity
  8
ETIQUETAS
100
AcDbText
 10
284.607
 20
-70.117
 30
0.0
 40
0.081
  1
PA-M-072
 72
1
 11
284.607
 21
-70.117
 31
0.0
100
AcDbText
 73
2
  0
LWPOLYLINE
  5
3B1
330
17
100
AcDbEntity
  8
PISO-MORET
100
AcDbPolyline
 90
4
 70
1
 10
284.742
 20
-70.6923
 10
285.012
 20
-70.6923
 10
285.012
 20
-69.5423
 10
284.742
 20
-69.5423
  0
TEXT
  5
3B2
330
17
100
AcDbEntity
  8
ETIQUETAS
100
AcDbText
 10
284.877
 20
-70.117
 30
0.0
 40
0.081
  1
PA-M-073
 72
1
 11
284.877
 21
-70.117
 31
0.0
100
AcDbText
 73
2
  0
LWPOLYLINE
  5
3B3
330
17
100
AcDbEntity
  8
PISO-MORET
100
AcDbPolyline
 90
4
 70
1
 10
285.012
 20
-70.6923
 10
285.282
 20
-70.6923
 10
285.282
 20
-69.5423
 10
285.012
 20
-69.5423
  0
TEXT
  5
3B4
330
17
100
AcDbEntity
  8
ETIQUETAS
100
AcDbText
 10
285.147
 20
-70.117
 30
0.0
 40
0.081
  1
PA-M-074
 72
1
 11
285.147
 21
-70.117
 31
0.0
100
AcDbText
 73
2
  0
LWPOLYLINE
  5
3B5
330
17
100
AcDbEntity
  8
PISO-MORET
100
AcDbPolyline
 90
4
 70
1
 10
285.282
 20
-70.6923
 10
285.55199999999996
 20
-70.6923
 10
285.55199999999996
 20
-69.5423
 10
285.282
 20
-69.5423
  0
TEXT
  5
3B6
330
17
100
AcDbEntity
  8
ETIQUETAS
100
AcDbText
 10
285.417
 20
-70.117
 30
0.0
 40
0.081
  1
PA-M-075
 72
1
 11
285.417
 21
-70.117
 31
0.0
100
AcDbText
 73
2
  0
LWPOLYLINE
  5
3B7
330
17
100
AcDbEntity
  8
PISO-MORET
100
AcDbPolyline
 90
4
 70
1
 10
286.3283
 20
-70.6923
 10
286.92830000000004
 20
-70.6923
 10
286.92830000000004
 20
-69.5423
 10
286.3283
 20
-69.5423
  0
TEXT
  5
3B8
330
17
100
AcDbEntity
  8
ETIQUETAS
100
AcDbText
 10
286.628
 20
-70.117
 30
0.0
 40
0.09
  1
PA-M-078
 72
1
 11
286.628
 21
-70.117
 31
0.0
100
AcDbText
 73
2
  0
LWPOLYLINE
  5
3B9
330
17
100
AcDbEntity
  8
PISO-MORET
100
AcDbPolyline
 90
4
 70
1
 10
285.7263
 20
-70.6923
 10
286.3263
 20
-70.6923
 10
286.3263
 20
-69.5423
 10
285.7263
 20
-69.5423
  0
TEXT
  5
3BA
330
17
100
AcDbEntity
  8
ETIQUETAS
100
AcDbText
 10
286.026
 20
-70.117
 30
0.0
 40
0.09
  1
PA-M-077
 72
1
 11
286.026
 21
-70.117
 31
0.0
100
AcDbText
 73
2
  0
LWPOLYLINE
  5
3BB
330
17
100
AcDbEntity
  8
PISO-MORET
100
AcDbPolyline
 90
4
 70
1
 10
285.5519
 20
-70.6923
 10
285.7242
 20
-70.6923
 10
285.7242
 20
-69.5423
 10
285.5519
 20
-69.5423
  0
TEXT
  5
3BC
330
17
100
AcDbEntity
  8
ETIQUETAS
100
AcDbText
 10
285.638
 20
-70.117
 30
0.0
 40
0.05169
  1
PA-M-076
 72
1
 11
285.638
 21
-70.117
 31
0.0
100
AcDbText
 73
2
  0
LWPOLYLINE
  5
3BD
330
17
100
AcDbEntity
  8
PISO-MORET
100
AcDbPolyline
 90
4
 70
1
 10
282.8319
 20
-69.2723
 10
283.93190000000004
 20
-69.2723
 10
283.93190000000004
 20
-69.0023
 10
282.8319
 20
-69.0023
  0
TEXT
  5
3BE
330
17
100
AcDbEntity
  8
ETIQUETAS
100
AcDbText
 10
283.382
 20
-69.137
 30
0.0
 40
0.081
  1
PA-M-060
 72
1
 11
283.382
 21
-69.137
 31
0.0
100
AcDbText
 73
2
  0
LWPOLYLINE
  5
3BF
330
17
100
AcDbEntity
  8
PISO-MORET
100
AcDbPolyline
 90
4
 70
1
 10
282.8319
 20
-69.5423
 10
283.93190000000004
 20
-69.5423
 10
283.93190000000004
 20
-69.2723
 10
282.8319
 20
-69.2723
  0
TEXT
  5
3C0
330
17
100
AcDbEntity
  8
ETIQUETAS
100
AcDbText
 10
283.382
 20
-69.407
 30
0.0
 40
0.081
  1
PA-M-067
 72
1
 11
283.382
 21
-69.407
 31
0.0
100
AcDbText
 73
2
  0
LWPOLYLINE
  5
3C1
330
17
100
AcDbEntity
  8
PISO-MORET
100
AcDbPolyline
 90
4
 70
1
 10
283.382
 20
-69.0023
 10
283.932
 20
-69.0023
 10
283.932
 20
-67.8523
 10
283.382
 20
-67.8523
  0
TEXT
  5
3C2
330
17
100
AcDbEntity
  8
ETIQUETAS
100
AcDbText
 10
283.657
 20
-68.427
 30
0.0
 40
0.09
  1
PA-M-050
 72
1
 11
283.657
 21
-68.427
 31
0.0
100
AcDbText
 73
2
  0
LWPOLYLINE
  5
3C3
330
17
100
AcDbEntity
  8
PISO-MORET
100
AcDbPolyline
 90
4
 70
1
 10
282.8319
 20
-69.0023
 10
283.3799
 20
-69.0023
 10
283.3799
 20
-67.8523
 10
282.8319
 20
-67.8523
  0
TEXT
  5
3C4
330
17
100
AcDbEntity
  8
ETIQUETAS
100
AcDbText
 10
283.106
 20
-68.427
 30
0.0
 40
0.09
  1
PA-M-049
 72
1
 11
283.106
 21
-68.427
 31
0.0
100
AcDbText
 73
2
  0
LWPOLYLINE
  5
3C5
330
17
100
AcDbEntity
  8
PISO-MORET
100
AcDbPolyline
 90
4
 70
1
 10
283.932
 20
-69.0023
 10
284.202
 20
-69.0023
 10
284.202
 20
-67.8523
 10
283.932
 20
-67.8523
  0
TEXT
  5
3C6
330
17
100
AcDbEntity
  8
ETIQUETAS
100
AcDbText
 10
284.067
 20
-68.427
 30
0.0
 40
0.081
  1
PA-M-051
 72
1
 11
284.067
 21
-68.427
 31
0.0
100
AcDbText
 73
2
  0
LWPOLYLINE
  5
3C7
330
17
100
AcDbEntity
  8
PISO-MORET
100
AcDbPolyline
 90
4
 70
1
 10
284.202
 20
-69.0023
 10
284.472
 20
-69.0023
 10
284.472
 20
-67.8523
 10
284.202
 20
-67.8523
  0
TEXT
  5
3C8
330
17
100
AcDbEntity
  8
ETIQUETAS
100
AcDbText
 10
284.337
 20
-68.427
 30
0.0
 40
0.081
  1
PA-M-052
 72
1
 11
284.337
 21
-68.427
 31
0.0
100
AcDbText
 73
2
  0
LWPOLYLINE
  5
3C9
330
17
100
AcDbEntity
  8
PISO-MORET
100
AcDbPolyline
 90
4
 70
1
 10
284.472
 20
-69.0023
 10
284.74199999999996
 20
-69.0023
 10
284.74199999999996
 20
-67.8523
 10
284.472
 20
-67.8523
  0
TEXT
  5
3CA
330
17
100
AcDbEntity
  8
ETIQUETAS
100
AcDbText
 10
284.607
 20
-68.427
 30
0.0
 40
0.081
  1
PA-M-053
 72
1
 11
284.607
 21
-68.427
 31
0.0
100
AcDbText
 73
2
  0
LWPOLYLINE
  5
3CB
330
17
100
AcDbEntity
  8
PISO-MORET
100
AcDbPolyline
 90
4
 70
1
 10
284.742
 20
-69.0023
 10
285.012
 20
-69.0023
 10
285.012
 20
-67.8523
 10
284.742
 20
-67.8523
  0
TEXT
  5
3CC
330
17
100
AcDbEntity
  8
ETIQUETAS
100
AcDbText
 10
284.877
 20
-68.427
 30
0.0
 40
0.081
  1
PA-M-054
 72
1
 11
284.877
 21
-68.427
 31
0.0
100
AcDbText
 73
2
  0
LWPOLYLINE
  5
3CD
330
17
100
AcDbEntity
  8
PISO-MORET
100
AcDbPolyline
 90
4
 70
1
 10
285.012
 20
-69.0023
 10
285.282
 20
-69.0023
 10
285.282
 20
-67.8523
 10
285.012
 20
-67.8523
  0
TEXT
  5
3CE
330
17
100
AcDbEntity
  8
ETIQUETAS
100
AcDbText
 10
285.147
 20
-68.427
 30
0.0
 40
0.081
  1
PA-M-055
 72
1
 11
285.147
 21
-68.427
 31
0.0
100
AcDbText
 73
2
  0
LWPOLYLINE
  5
3CF
330
17
100
AcDbEntity
  8
PISO-MORET
100
AcDbPolyline
 90
4
 70
1
 10
285.282
 20
-69.0023
 10
285.55199999999996
 20
-69.0023
 10
285.55199999999996
 20
-67.8523
 10
285.282
 20
-67.8523
  0
TEXT
  5
3D0
330
17
100
AcDbEntity
  8
ETIQUETAS
100
AcDbText
 10
285.417
 20
-68.427
 30
0.0
 40
0.081
  1
PA-M-056
 72
1
 11
285.417
 21
-68.427
 31
0.0
100
AcDbText
 73
2
  0
LWPOLYLINE
  5
3D1
330
17
100
AcDbEntity
  8
PISO-MORET
100
AcDbPolyline
 90
4
 70
1
 10
273.6575
 20
-57.0082
 10
274.25750000000005
 20
-57.0082
 10
274.25750000000005
 20
-56.8722
 10
273.6575
 20
-56.8722
  0
TEXT
  5
3D2
330
17
100
AcDbEntity
  8
ETIQUETAS
100
AcDbText
 10
273.957
 20
-56.94
 30
0.0
 40
0.0408
  1
PB-M-003
 72
1
 11
273.957
 21
-56.94
 31
0.0
100
AcDbText
 73
2
  0
LWPOLYLINE
  5
3D3
330
17
100
AcDbEntity
  8
PISO-MORET
100
AcDbPolyline
 90
4
 70
1
 10
273.0555
 20
-57.0082
 10
273.6555
 20
-57.0082
 10
273.6555
 20
-56.8722
 10
273.0555
 20
-56.8722
  0
TEXT
  5
3D4
330
17
100
AcDbEntity
  8
ETIQUETAS
100
AcDbText
 10
273.355
 20
-56.94
 30
0.0
 40
0.0408
  1
PB-M-002
 72
1
 11
273.355
 21
-56.94
 31
0.0
100
AcDbText
 73
2
  0
LWPOLYLINE
  5
3D5
330
17
100
AcDbEntity
  8
PISO-MORET
100
AcDbPolyline
 90
4
 70
1
 10
272.4535
 20
-57.0082
 10
273.05350000000004
 20
-57.0082
 10
273.05350000000004
 20
-56.8722
 10
272.4535
 20
-56.8722
  0
TEXT
  5
3D6
330
17
100
AcDbEntity
  8
ETIQUETAS
100
AcDbText
 10
272.753
 20
-56.94
 30
0.0
 40
0.0408
  1
PB-M-001
 72
1
 11
272.753
 21
-56.94
 31
0.0
100
AcDbText
 73
2
  0
LWPOLYLINE
  5
3D7
330
17
100
AcDbEntity
  8
PISO-MORET
100
AcDbPolyline
 90
4
 70
1
 10
276.6675
 20
-60.5923
 10
277.26750000000004
 20
-60.5923
 10
277.26750000000004
 20
-59.3983
 10
276.6675
 20
-59.3983
  0
TEXT
  5
3D8
330
17
100
AcDbEntity
  8
ETIQUETAS
100
AcDbText
 10
276.967
 20
-59.995
 30
0.0
 40
0.09
  1
PB-M-023
 72
1
 11
276.967
 21
-59.995
 31
0.0
100
AcDbText
 73
2
  0
LWPOLYLINE
  5
3D9
330
17
100
AcDbEntity
  8
PISO-MORET
100
AcDbPolyline
 90
4
 70
1
 10
277.8715
 20
-60.5923
 10
278.47150000000005
 20
-60.5923
 10
278.47150000000005
 20
-60.5523
 10
277.8715
 20
-60.5523
  0
TEXT
  5
3DA
330
17
100
AcDbEntity
  8
ETIQUETAS
100
AcDbText
 10
278.171
 20
-60.572
 30
0.0
 40
0.03
  1
PB-M-025
 72
1
 11
278.171
 21
-60.572
 31
0.0
100
AcDbText
 73
2
  0
LWPOLYLINE
  5
3DB
330
17
100
AcDbEntity
  8
PISO-MORET
100
AcDbPolyline
 90
4
 70
1
 10
278.4735
 20
-60.5922
 10
278.8335
 20
-60.5922
 10
278.8335
 20
-60.5522
 10
278.4735
 20
-60.5522
  0
TEXT
  5
3DC
330
17
100
AcDbEntity
  8
ETIQUETAS
100
AcDbText
 10
278.653
 20
-60.572
 30
0.0
 40
0.03
  1
PB-M-026
 72
1
 11
278.653
 21
-60.572
 31
0.0
100
AcDbText
 73
2
  0
LWPOLYLINE
  5
3DD
330
17
100
AcDbEntity
  8
PISO-MORET
100
AcDbPolyline
 90
4
 70
1
 10
288.2119
 20
-66.1423
 10
288.81190000000004
 20
-66.1423
 10
288.81190000000004
 20
-64.9423
 10
288.2119
 20
-64.9423
  0
TEXT
  5
3DE
330
17
100
AcDbEntity
  8
ETIQUETAS
100
AcDbText
 10
288.512
 20
-65.542
 30
0.0
 40
0.09
  1
PA-M-039
 72
1
 11
288.512
 21
-65.542
 31
0.0
100
AcDbText
 73
2
  0
LWPOLYLINE
  5
3DF
330
17
100
AcDbEntity
  8
PISO-MORET
100
AcDbPolyline
 90
4
 70
1
 10
288.2119
 20
-64.9403
 10
288.81190000000004
 20
-64.9403
 10
288.81190000000004
 20
-64.6223
 10
288.2119
 20
-64.6223
  0
TEXT
  5
3E0
330
17
100
AcDbEntity
  8
ETIQUETAS
100
AcDbText
 10
288.512
 20
-64.781
 30
0.0
 40
0.09
  1
PA-M-031
 72
1
 11
288.512
 21
-64.781
 31
0.0
100
AcDbText
 73
2
  0
LWPOLYLINE
  5
3E1
330
17
100
AcDbEntity
  8
PISO-MORET
100
AcDbPolyline
 90
4
 70
1
 10
288.8139
 20
-66.1423
 10
289.4139
 20
-66.1423
 10
289.4139
 20
-64.9423
 10
288.8139
 20
-64.9423
  0
TEXT
  5
3E2
330
17
100
AcDbEntity
  8
ETIQUETAS
100
AcDbText
 10
289.114
 20
-65.542
 30
0.0
 40
0.09
  1
PA-M-040
 72
1
 11
289.114
 21
-65.542
 31
0.0
100
AcDbText
 73
2
  0
LWPOLYLINE
  5
3E3
330
17
100
AcDbEntity
  8
PISO-MORET
100
AcDbPolyline
 90
4
 70
1
 10
288.8139
 20
-64.9403
 10
289.4139
 20
-64.9403
 10
289.4139
 20
-64.6223
 10
288.8139
 20
-64.6223
  0
TEXT
  5
3E4
330
17
100
AcDbEntity
  8
ETIQUETAS
100
AcDbText
 10
289.114
 20
-64.781
 30
0.0
 40
0.09
  1
PA-M-032
 72
1
 11
289.114
 21
-64.781
 31
0.0
100
AcDbText
 73
2
  0
LWPOLYLINE
  5
3E5
330
17
100
AcDbEntity
  8
PISO-MORET
100
AcDbPolyline
 90
4
 70
1
 10
289.4159
 20
-66.1423
 10
290.01590000000004
 20
-66.1423
 10
290.01590000000004
 20
-64.9423
 10
289.4159
 20
-64.9423
  0
TEXT
  5
3E6
330
17
100
AcDbEntity
  8
ETIQUETAS
100
AcDbText
 10
289.716
 20
-65.542
 30
0.0
 40
0.09
  1
PA-M-041
 72
1
 11
289.716
 21
-65.542
 31
0.0
100
AcDbText
 73
2
  0
LWPOLYLINE
  5
3E7
330
17
100
AcDbEntity
  8
PISO-MORET
100
AcDbPolyline
 90
4
 70
1
 10
289.4159
 20
-64.9403
 10
290.01590000000004
 20
-64.9403
 10
290.01590000000004
 20
-64.6223
 10
289.4159
 20
-64.6223
  0
TEXT
  5
3E8
330
17
100
AcDbEntity
  8
ETIQUETAS
100
AcDbText
 10
289.716
 20
-64.781
 30
0.0
 40
0.09
  1
PA-M-033
 72
1
 11
289.716
 21
-64.781
 31
0.0
100
AcDbText
 73
2
  0
LWPOLYLINE
  5
3E9
330
17
100
AcDbEntity
  8
PISO-MORET
100
AcDbPolyline
 90
4
 70
1
 10
290.0179
 20
-66.1423
 10
290.1921
 20
-66.1423
 10
290.1921
 20
-64.9423
 10
290.0179
 20
-64.9423
  0
TEXT
  5
3EA
330
17
100
AcDbEntity
  8
ETIQUETAS
100
AcDbText
 10
290.105
 20
-65.542
 30
0.0
 40
0.052259999999999994
  1
PA-M-042
 72
1
 11
290.105
 21
-65.542
 31
0.0
100
AcDbText
 73
2
  0
LWPOLYLINE
  5
3EB
330
17
100
AcDbEntity
  8
PISO-MORET
100
AcDbPolyline
 90
4
 70
1
 10
290.0179
 20
-64.9403
 10
290.1921
 20
-64.9403
 10
290.1921
 20
-64.6223
 10
290.0179
 20
-64.6223
  0
TEXT
  5
3EC
330
17
100
AcDbEntity
  8
ETIQUETAS
100
AcDbText
 10
290.105
 20
-64.781
 30
0.0
 40
0.052259999999999994
  1
PA-M-034
 72
1
 11
290.105
 21
-64.781
 31
0.0
100
AcDbText
 73
2
  0
LWPOLYLINE
  5
3ED
330
17
100
AcDbEntity
  8
PISO-MORET
100
AcDbPolyline
 90
4
 70
1
 10
288.0619
 20
-66.1423
 10
288.2099
 20
-66.1423
 10
288.2099
 20
-64.9423
 10
288.0619
 20
-64.9423
  0
TEXT
  5
3EE
330
17
100
AcDbEntity
  8
ETIQUETAS
100
AcDbText
 10
288.136
 20
-65.542
 30
0.0
 40
0.044399999999999995
  1
PA-M-038
 72
1
 11
288.136
 21
-65.542
 31
0.0
100
AcDbText
 73
2
  0
LWPOLYLINE
  5
3EF
330
17
100
AcDbEntity
  8
PISO-MORET
100
AcDbPolyline
 90
4
 70
1
 10
288.0619
 20
-64.9403
 10
288.2099
 20
-64.9403
 10
288.2099
 20
-64.6223
 10
288.0619
 20
-64.6223
  0
TEXT
  5
3F0
330
17
100
AcDbEntity
  8
ETIQUETAS
100
AcDbText
 10
288.136
 20
-64.781
 30
0.0
 40
0.044399999999999995
  1
PA-M-030
 72
1
 11
288.136
 21
-64.781
 31
0.0
100
AcDbText
 73
2
  0
LWPOLYLINE
  5
3F1
330
17
100
AcDbEntity
  8
PISO-MORET
100
AcDbPolyline
 90
4
 70
1
 10
277.503
 20
-67.672
 10
277.683
 20
-67.672
 10
277.683
 20
-66.922
 10
277.503
 20
-66.922
  0
TEXT
  5
3F2
330
17
100
AcDbEntity
  8
ETIQUETAS
100
AcDbText
 10
277.593
 20
-67.297
 30
0.0
 40
0.054
  1
PB-M-137
 72
1
 11
277.593
 21
-67.297
 31
0.0
100
AcDbText
 73
2
  0
LWPOLYLINE
  5
3F3
330
17
100
AcDbEntity
  8
PISO-ROYAL-WALNUT
100
AcDbPolyline
 90
4
 70
1
 10
287.7
 20
-61.215
 10
287.88
 20
-61.215
 10
287.88
 20
-60.732000000000006
 10
287.7
 20
-60.732000000000006
  0
TEXT
  5
3F4
330
17
100
AcDbEntity
  8
ETIQUETAS
100
AcDbText
 10
287.79
 20
-60.974
 30
0.0
 40
0.054
  1
PA-R-014
 72
1
 11
287.79
 21
-60.974
 31
0.0
100
AcDbText
 73
2
  0
LWPOLYLINE
  5
3F5
330
17
100
AcDbEntity
  8
PISO-MORET
100
AcDbPolyline
 90
4
 70
1
 10
277.5035
 20
-66.6503
 10
277.6835
 20
-66.6503
 10
277.6835
 20
-65.4503
 10
277.5035
 20
-65.4503
  0
TEXT
  5
3F6
330
17
100
AcDbEntity
  8
ETIQUETAS
100
AcDbText
 10
277.593
 20
-66.05
 30
0.0
 40
0.054
  1
PB-M-118
 72
1
 11
277.593
 21
-66.05
 31
0.0
100
AcDbText
 73
2
  0
LWPOLYLINE
  5
3F7
330
17
100
AcDbEntity
  8
PISO-MORET
100
AcDbPolyline
 90
4
 70
1
 10
276.4735
 20
-67.8503
 10
276.6535
 20
-67.8503
 10
276.6535
 20
-66.65230000000001
 10
276.4735
 20
-66.65230000000001
  0
TEXT
  5
3F8
330
17
100
AcDbEntity
  8
ETIQUETAS
100
AcDbText
 10
276.563
 20
-67.251
 30
0.0
 40
0.054
  1
PB-M-133
 72
1
 11
276.563
 21
-67.251
 31
0.0
100
AcDbText
 73
2
  0
LWPOLYLINE
  5
3F9
330
17
100
AcDbEntity
  8
PISO-MORET
100
AcDbPolyline
 90
4
 70
1
 10
283.932
 20
-69.5423
 10
284.202
 20
-69.5423
 10
284.202
 20
-69.00229999999999
 10
283.932
 20
-69.00229999999999
  0
TEXT
  5
3FA
330
17
100
AcDbEntity
  8
ETIQUETAS
100
AcDbText
 10
284.067
 20
-69.272
 30
0.0
 40
0.081
  1
PA-M-061
 72
1
 11
284.067
 21
-69.272
 31
0.0
100
AcDbText
 73
2
  0
LWPOLYLINE
  5
3FB
330
17
100
AcDbEntity
  8
PISO-MORET
100
AcDbPolyline
 90
4
 70
1
 10
284.202
 20
-69.5423
 10
284.472
 20
-69.5423
 10
284.472
 20
-69.00229999999999
 10
284.202
 20
-69.00229999999999
  0
TEXT
  5
3FC
330
17
100
AcDbEntity
  8
ETIQUETAS
100
AcDbText
 10
284.337
 20
-69.272
 30
0.0
 40
0.081
  1
PA-M-062
 72
1
 11
284.337
 21
-69.272
 31
0.0
100
AcDbText
 73
2
  0
LWPOLYLINE
  5
3FD
330
17
100
AcDbEntity
  8
PISO-MORET
100
AcDbPolyline
 90
4
 70
1
 10
284.472
 20
-69.5423
 10
284.74199999999996
 20
-69.5423
 10
284.74199999999996
 20
-69.00229999999999
 10
284.472
 20
-69.00229999999999
  0
TEXT
  5
3FE
330
17
100
AcDbEntity
  8
ETIQUETAS
100
AcDbText
 10
284.607
 20
-69.272
 30
0.0
 40
0.081
  1
PA-M-063
 72
1
 11
284.607
 21
-69.272
 31
0.0
100
AcDbText
 73
2
  0
LWPOLYLINE
  5
3FF
330
17
100
AcDbEntity
  8
PISO-MORET
100
AcDbPolyline
 90
4
 70
1
 10
284.742
 20
-69.5423
 10
285.012
 20
-69.5423
 10
285.012
 20
-69.00229999999999
 10
284.742
 20
-69.00229999999999
  0
TEXT
  5
400
330
17
100
AcDbEntity
  8
ETIQUETAS
100
AcDbText
 10
284.877
 20
-69.272
 30
0.0
 40
0.081
  1
PA-M-064
 72
1
 11
284.877
 21
-69.272
 31
0.0
100
AcDbText
 73
2
  0
LWPOLYLINE
  5
401
330
17
100
AcDbEntity
  8
PISO-MORET
100
AcDbPolyline
 90
4
 70
1
 10
285.012
 20
-69.5423
 10
285.282
 20
-69.5423
 10
285.282
 20
-69.00229999999999
 10
285.012
 20
-69.00229999999999
  0
TEXT
  5
402
330
17
100
AcDbEntity
  8
ETIQUETAS
100
AcDbText
 10
285.147
 20
-69.272
 30
0.0
 40
0.081
  1
PA-M-065
 72
1
 11
285.147
 21
-69.272
 31
0.0
100
AcDbText
 73
2
  0
LWPOLYLINE
  5
403
330
17
100
AcDbEntity
  8
PISO-MORET
100
AcDbPolyline
 90
4
 70
1
 10
285.282
 20
-69.5423
 10
285.55199999999996
 20
-69.5423
 10
285.55199999999996
 20
-69.00229999999999
 10
285.282
 20
-69.00229999999999
  0
TEXT
  5
404
330
17
100
AcDbEntity
  8
ETIQUETAS
100
AcDbText
 10
285.417
 20
-69.272
 30
0.0
 40
0.081
  1
PA-M-066
 72
1
 11
285.417
 21
-69.272
 31
0.0
100
AcDbText
 73
2
  0
LWPOLYLINE
  5
405
330
17
100
AcDbEntity
  8
PISO-MORET
100
AcDbPolyline
 90
4
 70
1
 10
280.2795
 20
-64.6243
 10
280.8795
 20
-64.6243
 10
280.8795
 20
-64.4423
 10
280.2795
 20
-64.4423
  0
TEXT
  5
406
330
17
100
AcDbEntity
  8
ETIQUETAS
100
AcDbText
 10
280.579
 20
-64.533
 30
0.0
 40
0.054599999999999996
  1
PB-M-092
 72
1
 11
280.579
 21
-64.533
 31
0.0
100
AcDbText
 73
2
  0
LWPOLYLINE
  5
407
330
17
100
AcDbEntity
  8
PISO-MORET
100
AcDbPolyline
 90
4
 70
1
 10
279.6775
 20
-64.6243
 10
280.27750000000003
 20
-64.6243
 10
280.27750000000003
 20
-64.4423
 10
279.6775
 20
-64.4423
  0
TEXT
  5
408
330
17
100
AcDbEntity
  8
ETIQUETAS
100
AcDbText
 10
279.978
 20
-64.533
 30
0.0
 40
0.054599999999999996
  1
PB-M-091
 72
1
 11
279.978
 21
-64.533
 31
0.0
100
AcDbText
 73
2
  0
LWPOLYLINE
  5
409
330
17
100
AcDbEntity
  8
PISO-MORET
100
AcDbPolyline
 90
4
 70
1
 10
279.0755
 20
-64.6243
 10
279.6755
 20
-64.6243
 10
279.6755
 20
-64.4423
 10
279.0755
 20
-64.4423
  0
TEXT
  5
40A
330
17
100
AcDbEntity
  8
ETIQUETAS
100
AcDbText
 10
279.375
 20
-64.533
 30
0.0
 40
0.054599999999999996
  1
PB-M-090
 72
1
 11
279.375
 21
-64.533
 31
0.0
100
AcDbText
 73
2
  0
LWPOLYLINE
  5
40B
330
17
100
AcDbEntity
  8
PISO-MORET
100
AcDbPolyline
 90
4
 70
1
 10
279.6775
 20
-67.8523
 10
280.27750000000003
 20
-67.8523
 10
280.27750000000003
 20
-67.67229999999999
 10
279.6775
 20
-67.67229999999999
  0
TEXT
  5
40C
330
17
100
AcDbEntity
  8
ETIQUETAS
100
AcDbText
 10
279.978
 20
-67.762
 30
0.0
 40
0.054
  1
PB-M-141
 72
1
 11
279.978
 21
-67.762
 31
0.0
100
AcDbText
 73
2
  0
LWPOLYLINE
  5
40D
330
17
100
AcDbEntity
  8
PISO-MORET
100
AcDbPolyline
 90
4
 70
1
 10
279.0755
 20
-67.8523
 10
279.6755
 20
-67.8523
 10
279.6755
 20
-67.67229999999999
 10
279.0755
 20
-67.67229999999999
  0
TEXT
  5
40E
330
17
100
AcDbEntity
  8
ETIQUETAS
100
AcDbText
 10
279.375
 20
-67.762
 30
0.0
 40
0.054
  1
PB-M-140
 72
1
 11
279.375
 21
-67.762
 31
0.0
100
AcDbText
 73
2
  0
LWPOLYLINE
  5
40F
330
17
100
AcDbEntity
  8
PISO-MORET
100
AcDbPolyline
 90
4
 70
1
 10
278.4735
 20
-67.8523
 10
279.0735
 20
-67.8523
 10
279.0735
 20
-67.67229999999999
 10
278.4735
 20
-67.67229999999999
  0
TEXT
  5
410
330
17
100
AcDbEntity
  8
ETIQUETAS
100
AcDbText
 10
278.774
 20
-67.762
 30
0.0
 40
0.054
  1
PB-M-139
 72
1
 11
278.774
 21
-67.762
 31
0.0
100
AcDbText
 73
2
  0
LWPOLYLINE
  5
411
330
17
100
AcDbEntity
  8
PISO-MORET
100
AcDbPolyline
 90
4
 70
1
 10
277.8715
 20
-67.8523
 10
278.47150000000005
 20
-67.8523
 10
278.47150000000005
 20
-67.67229999999999
 10
277.8715
 20
-67.67229999999999
  0
TEXT
  5
412
330
17
100
AcDbEntity
  8
ETIQUETAS
100
AcDbText
 10
278.172
 20
-67.762
 30
0.0
 40
0.054
  1
PB-M-138
 72
1
 11
278.172
 21
-67.762
 31
0.0
100
AcDbText
 73
2
  0
LWPOLYLINE
  5
413
330
17
100
AcDbEntity
  8
PISO-MORET
100
AcDbPolyline
 90
4
 70
1
 10
276.6675
 20
-64.6223
 10
277.26750000000004
 20
-64.6223
 10
277.26750000000004
 20
-64.44229999999999
 10
276.6675
 20
-64.44229999999999
  0
TEXT
  5
414
330
17
100
AcDbEntity
  8
ETIQUETAS
100
AcDbText
 10
276.968
 20
-64.532
 30
0.0
 40
0.054
  1
PB-M-089
 72
1
 11
276.968
 21
-64.532
 31
0.0
100
AcDbText
 73
2
  0
LWPOLYLINE
  5
415
330
17
100
AcDbEntity
  8
PISO-MORET
100
AcDbPolyline
 90
4
 70
1
 10
276.0655
 20
-60.7323
 10
276.6655
 20
-60.7323
 10
276.6655
 20
-60.5523
 10
276.0655
 20
-60.5523
  0
TEXT
  5
416
330
17
100
AcDbEntity
  8
ETIQUETAS
100
AcDbText
 10
276.365
 20
-60.642
 30
0.0
 40
0.054
  1
PB-M-034
 72
1
 11
276.365
 21
-60.642
 31
0.0
100
AcDbText
 73
2
  0
LWPOLYLINE
  5
417
330
17
100
AcDbEntity
  8
PISO-MORET
100
AcDbPolyline
 90
4
 70
1
 10
288.0619
 20
-64.6223
 10
288.57189999999997
 20
-64.6223
 10
288.57189999999997
 20
-64.44229999999999
 10
288.0619
 20
-64.44229999999999
  0
TEXT
  5
418
330
17
100
AcDbEntity
  8
ETIQUETAS
100
AcDbText
 10
288.317
 20
-64.532
 30
0.0
 40
0.054
  1
PA-M-027
 72
1
 11
288.317
 21
-64.532
 31
0.0
100
AcDbText
 73
2
  0
LWPOLYLINE
  5
419
330
17
100
AcDbEntity
  8
PISO-MORET
100
AcDbPolyline
 90
4
 70
1
 10
290.3799
 20
-61.8473
 10
290.97990000000004
 20
-61.8473
 10
290.97990000000004
 20
-61.7273
 10
290.3799
 20
-61.7273
  0
TEXT
  5
41A
330
17
100
AcDbEntity
  8
ETIQUETAS
100
AcDbText
 10
290.68
 20
-61.787
 30
0.0
 40
0.036
  1
PA-M-009
 72
1
 11
290.68
 21
-61.787
 31
0.0
100
AcDbText
 73
2
  0
LWPOLYLINE
  5
41B
330
17
100
AcDbEntity
  8
PISO-MORET
100
AcDbPolyline
 90
4
 70
1
 10
290.9819
 20
-61.8473
 10
291.3919
 20
-61.8473
 10
291.3919
 20
-61.7273
 10
290.9819
 20
-61.7273
  0
TEXT
  5
41C
330
17
100
AcDbEntity
  8
ETIQUETAS
100
AcDbText
 10
291.187
 20
-61.787
 30
0.0
 40
0.036
  1
PA-M-010
 72
1
 11
291.187
 21
-61.787
 31
0.0
100
AcDbText
 73
2
  0
LWPOLYLINE
  5
41D
330
17
100
AcDbEntity
  8
PISO-MORET
100
AcDbPolyline
 90
4
 70
1
 10
278.4735
 20
-60.6723
 10
279.0735
 20
-60.6723
 10
279.0735
 20
-60.5922
 10
278.4735
 20
-60.5922
  0
TEXT
  5
41E
330
17
100
AcDbEntity
  8
ETIQUETAS
100
AcDbText
 10
278.774
 20
-60.632
 30
0.0
 40
0.03
  1
PB-M-033
 72
1
 11
278.774
 21
-60.632
 31
0.0
100
AcDbText
 73
2
  0
LWPOLYLINE
  5
41F
330
17
100
AcDbEntity
  8
PISO-MORET
100
AcDbPolyline
 90
4
 70
1
 10
276.6675
 20
-60.6723
 10
277.26750000000004
 20
-60.6723
 10
277.26750000000004
 20
-60.5923
 10
276.6675
 20
-60.5923
  0
TEXT
  5
420
330
17
100
AcDbEntity
  8
ETIQUETAS
100
AcDbText
 10
276.968
 20
-60.632
 30
0.0
 40
0.03
  1
PB-M-032
 72
1
 11
276.968
 21
-60.632
 31
0.0
100
AcDbText
 73
2
  0
LWPOLYLINE
  5
421
330
17
100
AcDbEntity
  8
PISO-MORET
100
AcDbPolyline
 90
4
 70
1
 10
275.4635
 20
-60.6723
 10
276.06350000000003
 20
-60.6723
 10
276.06350000000003
 20
-60.5923
 10
275.4635
 20
-60.5923
  0
TEXT
  5
422
330
17
100
AcDbEntity
  8
ETIQUETAS
100
AcDbText
 10
275.764
 20
-60.632
 30
0.0
 40
0.03
  1
PB-M-031
 72
1
 11
275.764
 21
-60.632
 31
0.0
100
AcDbText
 73
2
  0
LWPOLYLINE
  5
423
330
17
100
AcDbEntity
  8
PISO-MORET
100
AcDbPolyline
 90
4
 70
1
 10
274.8615
 20
-60.6723
 10
275.4615
 20
-60.6723
 10
275.4615
 20
-60.5923
 10
274.8615
 20
-60.5923
  0
TEXT
  5
424
330
17
100
AcDbEntity
  8
ETIQUETAS
100
AcDbText
 10
275.161
 20
-60.632
 30
0.0
 40
0.03
  1
PB-M-030
 72
1
 11
275.161
 21
-60.632
 31
0.0
100
AcDbText
 73
2
  0
LWPOLYLINE
  5
425
330
17
100
AcDbEntity
  8
PISO-MORET
100
AcDbPolyline
 90
4
 70
1
 10
274.2595
 20
-60.6723
 10
274.8595
 20
-60.6723
 10
274.8595
 20
-60.5923
 10
274.2595
 20
-60.5923
  0
TEXT
  5
426
330
17
100
AcDbEntity
  8
ETIQUETAS
100
AcDbText
 10
274.56
 20
-60.632
 30
0.0
 40
0.03
  1
PB-M-029
 72
1
 11
274.56
 21
-60.632
 31
0.0
100
AcDbText
 73
2
  0
LWPOLYLINE
  5
427
330
17
100
AcDbEntity
  8
PISO-MORET
100
AcDbPolyline
 90
4
 70
1
 10
273.6575
 20
-60.6723
 10
274.25750000000005
 20
-60.6723
 10
274.25750000000005
 20
-60.5923
 10
273.6575
 20
-60.5923
  0
TEXT
  5
428
330
17
100
AcDbEntity
  8
ETIQUETAS
100
AcDbText
 10
273.958
 20
-60.632
 30
0.0
 40
0.03
  1
PB-M-028
 72
1
 11
273.958
 21
-60.632
 31
0.0
100
AcDbText
 73
2
  0
LWPOLYLINE
  5
429
330
17
100
AcDbEntity
  8
PISO-MORET
100
AcDbPolyline
 90
4
 70
1
 10
273.0555
 20
-60.6723
 10
273.6555
 20
-60.6723
 10
273.6555
 20
-60.5923
 10
273.0555
 20
-60.5923
  0
TEXT
  5
42A
330
17
100
AcDbEntity
  8
ETIQUETAS
100
AcDbText
 10
273.356
 20
-60.632
 30
0.0
 40
0.03
  1
PB-M-027
 72
1
 11
273.356
 21
-60.632
 31
0.0
100
AcDbText
 73
2
  0
LWPOLYLINE
  5
42B
330
17
100
AcDbEntity
  8
PISO-MORET
100
AcDbPolyline
 90
4
 70
1
 10
277.6835
 20
-66.3223
 10
277.86949999999996
 20
-66.3223
 10
277.86949999999996
 20
-66.14229999999999
 10
277.6835
 20
-66.14229999999999
  0
TEXT
  5
42C
330
17
100
AcDbEntity
  8
ETIQUETAS
100
AcDbText
 10
277.776
 20
-66.232
 30
0.0
 40
0.054
  1
PB-M-119
 72
1
 11
277.776
 21
-66.232
 31
0.0
100
AcDbText
 73
2
  0
LWPOLYLINE
  5
42D
330
17
100
AcDbEntity
  8
PISO-ROYAL-WALNUT
100
AcDbPolyline
 90
4
 70
1
 10
289.0669
 20
-66.4898
 10
289.26689999999996
 20
-66.4898
 10
289.26689999999996
 20
-66.3223
 10
289.0669
 20
-66.3223
  0
TEXT
  5
42E
330
17
100
AcDbEntity
  8
ETIQUETAS
100
AcDbText
 10
289.167
 20
-66.406
 30
0.0
 40
0.05025
  1
PA-R-107
 72
1
 11
289.167
 21
-66.406
 31
0.0
100
AcDbText
 73
2
  0
LWPOLYLINE
  5
42F
330
17
100
AcDbEntity
  8
PISO-ROYAL-WALNUT
100
AcDbPolyline
 90
4
 70
1
 10
288.8659
 20
-66.8407
 10
289.0659
 20
-66.8407
 10
289.0659
 20
-66.3223
 10
288.8659
 20
-66.3223
  0
TEXT
  5
430
330
17
100
AcDbEntity
  8
ETIQUETAS
100
AcDbText
 10
288.966
 20
-66.582
 30
0.0
 40
0.06
  1
PA-R-118
 72
1
 11
288.966
 21
-66.582
 31
0.0
100
AcDbText
 73
2
  0
LWPOLYLINE
  5
431
330
17
100
AcDbEntity
  8
PISO-ROYAL-WALNUT
100
AcDbPolyline
 90
4
 70
1
 10
288.6649
 20
-66.8407
 10
288.8649
 20
-66.8407
 10
288.8649
 20
-66.3223
 10
288.6649
 20
-66.3223
  0
TEXT
  5
432
330
17
100
AcDbEntity
  8
ETIQUETAS
100
AcDbText
 10
288.765
 20
-66.582
 30
0.0
 40
0.06
  1
PA-R-117
 72
1
 11
288.765
 21
-66.582
 31
0.0
100
AcDbText
 73
2
  0
LWPOLYLINE
  5
433
330
17
100
AcDbEntity
  8
PISO-ROYAL-WALNUT
100
AcDbPolyline
 90
4
 70
1
 10
288.4639
 20
-66.8407
 10
288.6639
 20
-66.8407
 10
288.6639
 20
-66.3223
 10
288.4639
 20
-66.3223
  0
TEXT
  5
434
330
17
100
AcDbEntity
  8
ETIQUETAS
100
AcDbText
 10
288.564
 20
-66.582
 30
0.0
 40
0.06
  1
PA-R-116
 72
1
 11
288.564
 21
-66.582
 31
0.0
100
AcDbText
 73
2
  0
LWPOLYLINE
  5
435
330
17
100
AcDbEntity
  8
PISO-ROYAL-WALNUT
100
AcDbPolyline
 90
4
 70
1
 10
288.2629
 20
-66.8407
 10
288.4629
 20
-66.8407
 10
288.4629
 20
-66.3223
 10
288.2629
 20
-66.3223
  0
TEXT
  5
436
330
17
100
AcDbEntity
  8
ETIQUETAS
100
AcDbText
 10
288.363
 20
-66.582
 30
0.0
 40
0.06
  1
PA-R-115
 72
1
 11
288.363
 21
-66.582
 31
0.0
100
AcDbText
 73
2
  0
LWPOLYLINE
  5
437
330
17
100
AcDbEntity
  8
PISO-ROYAL-WALNUT
100
AcDbPolyline
 90
4
 70
1
 10
288.0619
 20
-66.8407
 10
288.26189999999997
 20
-66.8407
 10
288.26189999999997
 20
-66.3223
 10
288.0619
 20
-66.3223
  0
TEXT
  5
438
330
17
100
AcDbEntity
  8
ETIQUETAS
100
AcDbText
 10
288.162
 20
-66.582
 30
0.0
 40
0.06
  1
PA-R-114
 72
1
 11
288.162
 21
-66.582
 31
0.0
100
AcDbText
 73
2
  0
LWPOLYLINE
  5
439
330
17
100
AcDbEntity
  8
SOBRANTES-MAPA
100
AcDbPolyline
 90
4
 70
1
 10
280.4175
 20
-71.45230000000001
 10
281.0135
 20
-71.45230000000001
 10
281.0135
 20
-70.2583
 10
280.4175
 20
-70.2583
  0
LWPOLYLINE
  5
43A
330
17
100
AcDbEntity
  8
SOBRANTES-RECORTE
100
AcDbPolyline
 90
4
 70
1
 10
280.4175
 20
-70.6923
 10
280.8815
 20
-70.6923
 10
280.8815
 20
-70.2583
 10
280.4175
 20
-70.2583
  0
LWPOLYLINE
  5
43B
330
17
100
AcDbEntity
  8
SOBRANTES-RECORTE
100
AcDbPolyline
 90
4
 70
1
 10
280.8815
 20
-71.45230000000001
 10
281.0135
 20
-71.45230000000001
 10
281.0135
 20
-70.6923
 10
280.8815
 20
-70.6923
  0
TEXT
  5
43C
330
17
100
AcDbEntity
  8
SOBRANTES-TEXTO
100
AcDbText
 10
280.7155
 20
-70.85530000000001
 30
0.0
 40
0.05
  1
PB-M-184
 72
1
 11
280.7155
 21
-70.85530000000001
 31
0.0
100
AcDbText
 73
2
  0
LWPOLYLINE
  5
43D
330
17
100
AcDbEntity
  8
SOBRANTES-MAPA
100
AcDbPolyline
 90
4
 70
1
 10
280.2795
 20
-71.45230000000001
 10
280.8795
 20
-71.45230000000001
 10
280.8795
 20
-70.2583
 10
280.2795
 20
-70.2583
  0
LWPOLYLINE
  5
43E
330
17
100
AcDbEntity
  8
SOBRANTES-RECORTE
100
AcDbPolyline
 90
4
 70
1
 10
280.2795
 20
-71.45230000000001
 10
280.8795
 20
-71.45230000000001
 10
280.8795
 20
-70.6923
 10
280.2795
 20
-70.6923
  0
TEXT
  5
43F
330
17
100
AcDbEntity
  8
SOBRANTES-TEXTO
100
AcDbText
 10
280.5795
 20
-70.85530000000001
 30
0.0
 40
0.05
  1
PB-M-183
 72
1
 11
280.5795
 21
-70.85530000000001
 31
0.0
100
AcDbText
 73
2
  0
LWPOLYLINE
  5
440
330
17
100
AcDbEntity
  8
SOBRANTES-MAPA
100
AcDbPolyline
 90
4
 70
1
 10
279.6775
 20
-71.45230000000001
 10
280.27750000000003
 20
-71.45230000000001
 10
280.27750000000003
 20
-70.2583
 10
279.6775
 20
-70.2583
  0
LWPOLYLINE
  5
441
330
17
100
AcDbEntity
  8
SOBRANTES-RECORTE
100
AcDbPolyline
 90
4
 70
1
 10
279.6775
 20
-71.45230000000001
 10
280.27750000000003
 20
-71.45230000000001
 10
280.27750000000003
 20
-70.6923
 10
279.6775
 20
-70.6923
  0
TEXT
  5
442
330
17
100
AcDbEntity
  8
SOBRANTES-TEXTO
100
AcDbText
 10
279.9775
 20
-70.85530000000001
 30
0.0
 40
0.05
  1
PB-M-182
 72
1
 11
279.9775
 21
-70.85530000000001
 31
0.0
100
AcDbText
 73
2
  0
LWPOLYLINE
  5
443
330
17
100
AcDbEntity
  8
SOBRANTES-MAPA
100
AcDbPolyline
 90
4
 70
1
 10
279.0755
 20
-71.45230000000001
 10
279.6755
 20
-71.45230000000001
 10
279.6755
 20
-70.2583
 10
279.0755
 20
-70.2583
  0
LWPOLYLINE
  5
444
330
17
100
AcDbEntity
  8
SOBRANTES-RECORTE
100
AcDbPolyline
 90
4
 70
1
 10
279.0755
 20
-71.45230000000001
 10
279.6755
 20
-71.45230000000001
 10
279.6755
 20
-70.6923
 10
279.0755
 20
-70.6923
  0
TEXT
  5
445
330
17
100
AcDbEntity
  8
SOBRANTES-TEXTO
100
AcDbText
 10
279.3755
 20
-70.85530000000001
 30
0.0
 40
0.05
  1
PB-M-181
 72
1
 11
279.3755
 21
-70.85530000000001
 31
0.0
100
AcDbText
 73
2
  0
LWPOLYLINE
  5
446
330
17
100
AcDbEntity
  8
SOBRANTES-MAPA
100
AcDbPolyline
 90
4
 70
1
 10
278.4735
 20
-71.45230000000001
 10
279.0735
 20
-71.45230000000001
 10
279.0735
 20
-70.2583
 10
278.4735
 20
-70.2583
  0
LWPOLYLINE
  5
447
330
17
100
AcDbEntity
  8
SOBRANTES-RECORTE
100
AcDbPolyline
 90
4
 70
1
 10
278.4735
 20
-71.45230000000001
 10
279.0735
 20
-71.45230000000001
 10
279.0735
 20
-70.6923
 10
278.4735
 20
-70.6923
  0
TEXT
  5
448
330
17
100
AcDbEntity
  8
SOBRANTES-TEXTO
100
AcDbText
 10
278.7735
 20
-70.85530000000001
 30
0.0
 40
0.05
  1
PB-M-180
 72
1
 11
278.7735
 21
-70.85530000000001
 31
0.0
100
AcDbText
 73
2
  0
LWPOLYLINE
  5
449
330
17
100
AcDbEntity
  8
SOBRANTES-MAPA
100
AcDbPolyline
 90
4
 70
1
 10
277.8715
 20
-71.45230000000001
 10
278.47150000000005
 20
-71.45230000000001
 10
278.47150000000005
 20
-70.2583
 10
277.8715
 20
-70.2583
  0
LWPOLYLINE
  5
44A
330
17
100
AcDbEntity
  8
SOBRANTES-RECORTE
100
AcDbPolyline
 90
4
 70
1
 10
277.8715
 20
-71.45230000000001
 10
278.47150000000005
 20
-71.45230000000001
 10
278.47150000000005
 20
-70.6923
 10
277.8715
 20
-70.6923
  0
TEXT
  5
44B
330
17
100
AcDbEntity
  8
SOBRANTES-TEXTO
100
AcDbText
 10
278.17150000000004
 20
-70.85530000000001
 30
0.0
 40
0.05
  1
PB-M-179
 72
1
 11
278.17150000000004
 21
-70.85530000000001
 31
0.0
100
AcDbText
 73
2
  0
LWPOLYLINE
  5
44C
330
17
100
AcDbEntity
  8
SOBRANTES-MAPA
100
AcDbPolyline
 90
4
 70
1
 10
277.2695
 20
-71.45230000000001
 10
277.8695
 20
-71.45230000000001
 10
277.8695
 20
-70.2583
 10
277.2695
 20
-70.2583
  0
LWPOLYLINE
  5
44D
330
17
100
AcDbEntity
  8
SOBRANTES-RECORTE
100
AcDbPolyline
 90
4
 70
1
 10
277.2695
 20
-71.45230000000001
 10
277.8695
 20
-71.45230000000001
 10
277.8695
 20
-70.6923
 10
277.2695
 20
-70.6923
  0
TEXT
  5
44E
330
17
100
AcDbEntity
  8
SOBRANTES-TEXTO
100
AcDbText
 10
277.5695
 20
-70.85530000000001
 30
0.0
 40
0.05
  1
PB-M-178
 72
1
 11
277.5695
 21
-70.85530000000001
 31
0.0
100
AcDbText
 73
2
  0
LWPOLYLINE
  5
44F
330
17
100
AcDbEntity
  8
SOBRANTES-MAPA
100
AcDbPolyline
 90
4
 70
1
 10
276.6675
 20
-71.45230000000001
 10
277.26750000000004
 20
-71.45230000000001
 10
277.26750000000004
 20
-70.2583
 10
276.6675
 20
-70.2583
  0
LWPOLYLINE
  5
450
330
17
100
AcDbEntity
  8
SOBRANTES-RECORTE
100
AcDbPolyline
 90
4
 70
1
 10
276.6675
 20
-71.45230000000001
 10
277.26750000000004
 20
-71.45230000000001
 10
277.26750000000004
 20
-70.6923
 10
276.6675
 20
-70.6923
  0
TEXT
  5
451
330
17
100
AcDbEntity
  8
SOBRANTES-TEXTO
100
AcDbText
 10
276.96750000000003
 20
-70.85530000000001
 30
0.0
 40
0.05
  1
PB-M-177
 72
1
 11
276.96750000000003
 21
-70.85530000000001
 31
0.0
100
AcDbText
 73
2
  0
LWPOLYLINE
  5
452
330
17
100
AcDbEntity
  8
SOBRANTES-MAPA
100
AcDbPolyline
 90
4
 70
1
 10
275.8775
 20
-71.4003
 10
276.4735
 20
-71.4003
 10
276.4735
 20
-70.2063
 10
275.8775
 20
-70.2063
  0
LWPOLYLINE
  5
453
330
17
100
AcDbEntity
  8
SOBRANTES-RECORTE
100
AcDbPolyline
 90
4
 70
1
 10
275.8775
 20
-70.8723
 10
276.0655
 20
-70.8723
 10
276.0655
 20
-70.2063
 10
275.8775
 20
-70.2063
  0
LWPOLYLINE
  5
454
330
17
100
AcDbEntity
  8
SOBRANTES-RECORTE
100
AcDbPolyline
 90
4
 70
1
 10
276.0655
 20
-71.4003
 10
276.4735
 20
-71.4003
 10
276.4735
 20
-70.8723
 10
276.0655
 20
-70.8723
  0
TEXT
  5
455
330
17
100
AcDbEntity
  8
SOBRANTES-TEXTO
100
AcDbText
 10
276.1755
 20
-70.80330000000001
 30
0.0
 40
0.05
  1
PB-M-189
 72
1
 11
276.1755
 21
-70.80330000000001
 31
0.0
100
AcDbText
 73
2
  0
LWPOLYLINE
  5
456
330
17
100
AcDbEntity
  8
SOBRANTES-MAPA
100
AcDbPolyline
 90
4
 70
1
 10
276.0695
 20
-71.45230000000001
 10
276.6655
 20
-71.45230000000001
 10
276.6655
 20
-70.2583
 10
276.0695
 20
-70.2583
  0
LWPOLYLINE
  5
457
330
17
100
AcDbEntity
  8
SOBRANTES-RECORTE
100
AcDbPolyline
 90
4
 70
1
 10
276.0695
 20
-70.6923
 10
276.6535
 20
-70.6923
 10
276.6535
 20
-70.2583
 10
276.0695
 20
-70.2583
  0
LWPOLYLINE
  5
458
330
17
100
AcDbEntity
  8
SOBRANTES-RECORTE
100
AcDbPolyline
 90
4
 70
1
 10
276.6535
 20
-71.45230000000001
 10
276.6655
 20
-71.45230000000001
 10
276.6655
 20
-70.6923
 10
276.6535
 20
-70.6923
  0
TEXT
  5
459
330
17
100
AcDbEntity
  8
SOBRANTES-TEXTO
100
AcDbText
 10
276.3675
 20
-70.85530000000001
 30
0.0
 40
0.05
  1
PB-M-176
 72
1
 11
276.3675
 21
-70.85530000000001
 31
0.0
100
AcDbText
 73
2
  0
LWPOLYLINE
  5
45A
330
17
100
AcDbEntity
  8
SOBRANTES-MAPA
100
AcDbPolyline
 90
4
 70
1
 10
275.4635
 20
-71.4003
 10
276.06350000000003
 20
-71.4003
 10
276.06350000000003
 20
-70.2063
 10
275.4635
 20
-70.2063
  0
LWPOLYLINE
  5
45B
330
17
100
AcDbEntity
  8
SOBRANTES-RECORTE
100
AcDbPolyline
 90
4
 70
1
 10
275.4635
 20
-71.4003
 10
276.06350000000003
 20
-71.4003
 10
276.06350000000003
 20
-70.8723
 10
275.4635
 20
-70.8723
  0
TEXT
  5
45C
330
17
100
AcDbEntity
  8
SOBRANTES-TEXTO
100
AcDbText
 10
275.7635
 20
-70.80330000000001
 30
0.0
 40
0.05
  1
PB-M-188
 72
1
 11
275.7635
 21
-70.80330000000001
 31
0.0
100
AcDbText
 73
2
  0
LWPOLYLINE
  5
45D
330
17
100
AcDbEntity
  8
SOBRANTES-MAPA
100
AcDbPolyline
 90
4
 70
1
 10
274.8615
 20
-71.4003
 10
275.4615
 20
-71.4003
 10
275.4615
 20
-70.2063
 10
274.8615
 20
-70.2063
  0
LWPOLYLINE
  5
45E
330
17
100
AcDbEntity
  8
SOBRANTES-RECORTE
100
AcDbPolyline
 90
4
 70
1
 10
274.8615
 20
-71.4003
 10
275.4615
 20
-71.4003
 10
275.4615
 20
-70.8723
 10
274.8615
 20
-70.8723
  0
TEXT
  5
45F
330
17
100
AcDbEntity
  8
SOBRANTES-TEXTO
100
AcDbText
 10
275.1615
 20
-70.80330000000001
 30
0.0
 40
0.05
  1
PB-M-187
 72
1
 11
275.1615
 21
-70.80330000000001
 31
0.0
100
AcDbText
 73
2
  0
LWPOLYLINE
  5
460
330
17
100
AcDbEntity
  8
SOBRANTES-MAPA
100
AcDbPolyline
 90
4
 70
1
 10
274.2595
 20
-71.4003
 10
274.8595
 20
-71.4003
 10
274.8595
 20
-70.2063
 10
274.2595
 20
-70.2063
  0
LWPOLYLINE
  5
461
330
17
100
AcDbEntity
  8
SOBRANTES-RECORTE
100
AcDbPolyline
 90
4
 70
1
 10
274.2595
 20
-71.4003
 10
274.8595
 20
-71.4003
 10
274.8595
 20
-70.8723
 10
274.2595
 20
-70.8723
  0
TEXT
  5
462
330
17
100
AcDbEntity
  8
SOBRANTES-TEXTO
100
AcDbText
 10
274.5595
 20
-70.80330000000001
 30
0.0
 40
0.05
  1
PB-M-186
 72
1
 11
274.5595
 21
-70.80330000000001
 31
0.0
100
AcDbText
 73
2
  0
LWPOLYLINE
  5
463
330
17
100
AcDbEntity
  8
SOBRANTES-MAPA
100
AcDbPolyline
 90
4
 70
1
 10
273.6575
 20
-71.4003
 10
274.25750000000005
 20
-71.4003
 10
274.25750000000005
 20
-70.2063
 10
273.6575
 20
-70.2063
  0
LWPOLYLINE
  5
464
330
17
100
AcDbEntity
  8
SOBRANTES-RECORTE
100
AcDbPolyline
 90
4
 70
1
 10
273.6575
 20
-71.4003
 10
274.25750000000005
 20
-71.4003
 10
274.25750000000005
 20
-70.8723
 10
273.6575
 20
-70.8723
  0
TEXT
  5
465
330
17
100
AcDbEntity
  8
SOBRANTES-TEXTO
100
AcDbText
 10
273.95750000000004
 20
-70.80330000000001
 30
0.0
 40
0.05
  1
PB-M-185
 72
1
 11
273.95750000000004
 21
-70.80330000000001
 31
0.0
100
AcDbText
 73
2
  0
LWPOLYLINE
  5
466
330
17
100
AcDbEntity
  8
SOBRANTES-MAPA
100
AcDbPolyline
 90
4
 70
1
 10
273.0555
 20
-71.4003
 10
273.6555
 20
-71.4003
 10
273.6555
 20
-70.2063
 10
273.0555
 20
-70.2063
  0
LWPOLYLINE
  5
467
330
17
100
AcDbEntity
  8
SOBRANTES-RECORTE
100
AcDbPolyline
 90
4
 70
1
 10
273.0555
 20
-71.4003
 10
273.6555
 20
-71.4003
 10
273.6555
 20
-70.6923
 10
273.0555
 20
-70.6923
  0
TEXT
  5
468
330
17
100
AcDbEntity
  8
SOBRANTES-TEXTO
100
AcDbText
 10
273.3555
 20
-70.80330000000001
 30
0.0
 40
0.05
  1
PB-M-175
 72
1
 11
273.3555
 21
-70.80330000000001
 31
0.0
100
AcDbText
 73
2
  0
LWPOLYLINE
  5
469
330
17
100
AcDbEntity
  8
SOBRANTES-MAPA
100
AcDbPolyline
 90
4
 70
1
 10
272.4535
 20
-71.4003
 10
273.05350000000004
 20
-71.4003
 10
273.05350000000004
 20
-70.2063
 10
272.4535
 20
-70.2063
  0
LWPOLYLINE
  5
46A
330
17
100
AcDbEntity
  8
SOBRANTES-RECORTE
100
AcDbPolyline
 90
4
 70
1
 10
272.4535
 20
-71.4003
 10
273.05350000000004
 20
-71.4003
 10
273.05350000000004
 20
-70.6923
 10
272.4535
 20
-70.6923
  0
TEXT
  5
46B
330
17
100
AcDbEntity
  8
SOBRANTES-TEXTO
100
AcDbText
 10
272.75350000000003
 20
-70.80330000000001
 30
0.0
 40
0.05
  1
PB-M-174
 72
1
 11
272.75350000000003
 21
-70.80330000000001
 31
0.0
100
AcDbText
 73
2
  0
LWPOLYLINE
  5
46C
330
17
100
AcDbEntity
  8
SOBRANTES-MAPA
100
AcDbPolyline
 90
4
 70
1
 10
280.4175
 20
-70.2563
 10
281.0135
 20
-70.2563
 10
281.0135
 20
-69.0563
 10
280.4175
 20
-69.0563
  0
LWPOLYLINE
  5
46D
330
17
100
AcDbEntity
  8
SOBRANTES-RECORTE
100
AcDbPolyline
 90
4
 70
1
 10
280.4175
 20
-70.2563
 10
280.8815
 20
-70.2563
 10
280.8815
 20
-69.0563
 10
280.4175
 20
-69.0563
  0
TEXT
  5
46E
330
17
100
AcDbEntity
  8
SOBRANTES-TEXTO
100
AcDbText
 10
280.7155
 20
-69.6563
 30
0.0
 40
0.05
  1
PB-M-173
 72
1
 11
280.7155
 21
-69.6563
 31
0.0
100
AcDbText
 73
2
  0
LWPOLYLINE
  5
46F
330
17
100
AcDbEntity
  8
SOBRANTES-MAPA
100
AcDbPolyline
 90
4
 70
1
 10
276.0695
 20
-70.2563
 10
276.6655
 20
-70.2563
 10
276.6655
 20
-69.0563
 10
276.0695
 20
-69.0563
  0
LWPOLYLINE
  5
470
330
17
100
AcDbEntity
  8
SOBRANTES-RECORTE
100
AcDbPolyline
 90
4
 70
1
 10
276.0695
 20
-70.2563
 10
276.6535
 20
-70.2563
 10
276.6535
 20
-69.0563
 10
276.0695
 20
-69.0563
  0
TEXT
  5
471
330
17
100
AcDbEntity
  8
SOBRANTES-TEXTO
100
AcDbText
 10
276.3675
 20
-69.6563
 30
0.0
 40
0.05
  1
PB-M-165
 72
1
 11
276.3675
 21
-69.6563
 31
0.0
100
AcDbText
 73
2
  0
LWPOLYLINE
  5
472
330
17
100
AcDbEntity
  8
SOBRANTES-MAPA
100
AcDbPolyline
 90
4
 70
1
 10
275.8775
 20
-70.2043
 10
276.4735
 20
-70.2043
 10
276.4735
 20
-69.0043
 10
275.8775
 20
-69.0043
  0
LWPOLYLINE
  5
473
330
17
100
AcDbEntity
  8
SOBRANTES-RECORTE
100
AcDbPolyline
 90
4
 70
1
 10
275.8775
 20
-70.2043
 10
276.0655
 20
-70.2043
 10
276.0655
 20
-69.0043
 10
275.8775
 20
-69.0043
  0
TEXT
  5
474
330
17
100
AcDbEntity
  8
SOBRANTES-TEXTO
100
AcDbText
 10
276.1755
 20
-69.60430000000001
 30
0.0
 40
0.05
  1
PB-M-164
 72
1
 11
276.1755
 21
-69.60430000000001
 31
0.0
100
AcDbText
 73
2
  0
LWPOLYLINE
  5
475
330
17
100
AcDbEntity
  8
SOBRANTES-MAPA
100
AcDbPolyline
 90
4
 70
1
 10
280.4175
 20
-69.0543
 10
281.0135
 20
-69.0543
 10
281.0135
 20
-67.8523
 10
280.4175
 20
-67.8523
  0
LWPOLYLINE
  5
476
330
17
100
AcDbEntity
  8
SOBRANTES-RECORTE
100
AcDbPolyline
 90
4
 70
1
 10
280.4175
 20
-69.0543
 10
280.8815
 20
-69.0543
 10
280.8815
 20
-67.8523
 10
280.4175
 20
-67.8523
  0
TEXT
  5
477
330
17
100
AcDbEntity
  8
SOBRANTES-TEXTO
100
AcDbText
 10
280.7155
 20
-68.4533
 30
0.0
 40
0.05
  1
PB-M-154
 72
1
 11
280.7155
 21
-68.4533
 31
0.0
100
AcDbText
 73
2
  0
LWPOLYLINE
  5
478
330
17
100
AcDbEntity
  8
SOBRANTES-MAPA
100
AcDbPolyline
 90
4
 70
1
 10
276.0695
 20
-69.0543
 10
276.6655
 20
-69.0543
 10
276.6655
 20
-67.8543
 10
276.0695
 20
-67.8543
  0
LWPOLYLINE
  5
479
330
17
100
AcDbEntity
  8
SOBRANTES-RECORTE
100
AcDbPolyline
 90
4
 70
1
 10
276.0695
 20
-69.0543
 10
276.6535
 20
-69.0543
 10
276.6535
 20
-67.8543
 10
276.0695
 20
-67.8543
  0
TEXT
  5
47A
330
17
100
AcDbEntity
  8
SOBRANTES-TEXTO
100
AcDbText
 10
276.3675
 20
-68.4543
 30
0.0
 40
0.05
  1
PB-M-155
 72
1
 11
276.3675
 21
-68.4543
 31
0.0
100
AcDbText
 73
2
  0
LWPOLYLINE
  5
47B
330
17
100
AcDbEntity
  8
SOBRANTES-MAPA
100
AcDbPolyline
 90
4
 70
1
 10
275.8775
 20
-69.0463
 10
276.4735
 20
-69.0463
 10
276.4735
 20
-67.8523
 10
275.8775
 20
-67.8523
  0
LWPOLYLINE
  5
47C
330
17
100
AcDbEntity
  8
SOBRANTES-RECORTE
100
AcDbPolyline
 90
4
 70
1
 10
275.8775
 20
-69.0023
 10
276.0655
 20
-69.0023
 10
276.0655
 20
-67.8523
 10
275.8775
 20
-67.8523
  0
LWPOLYLINE
  5
47D
330
17
100
AcDbEntity
  8
SOBRANTES-RECORTE
100
AcDbPolyline
 90
4
 70
1
 10
276.0655
 20
-69.0463
 10
276.4735
 20
-69.0463
 10
276.4735
 20
-69.0023
 10
276.0655
 20
-69.0023
  0
TEXT
  5
47E
330
17
100
AcDbEntity
  8
SOBRANTES-TEXTO
100
AcDbText
 10
276.1755
 20
-68.44930000000001
 30
0.0
 40
0.05
  1
PB-M-148
 72
1
 11
276.1755
 21
-68.44930000000001
 31
0.0
100
AcDbText
 73
2
  0
LWPOLYLINE
  5
47F
330
17
100
AcDbEntity
  8
SOBRANTES-MAPA
100
AcDbPolyline
 90
4
 70
1
 10
275.4635
 20
-69.0463
 10
276.06350000000003
 20
-69.0463
 10
276.06350000000003
 20
-67.8523
 10
275.4635
 20
-67.8523
  0
LWPOLYLINE
  5
480
330
17
100
AcDbEntity
  8
SOBRANTES-RECORTE
100
AcDbPolyline
 90
4
 70
1
 10
275.4635
 20
-69.0463
 10
276.06350000000003
 20
-69.0463
 10
276.06350000000003
 20
-69.0023
 10
275.4635
 20
-69.0023
  0
TEXT
  5
481
330
17
100
AcDbEntity
  8
SOBRANTES-TEXTO
100
AcDbText
 10
275.7635
 20
-68.44930000000001
 30
0.0
 40
0.05
  1
PB-M-147
 72
1
 11
275.7635
 21
-68.44930000000001
 31
0.0
100
AcDbText
 73
2
  0
LWPOLYLINE
  5
482
330
17
100
AcDbEntity
  8
SOBRANTES-MAPA
100
AcDbPolyline
 90
4
 70
1
 10
274.8615
 20
-69.0463
 10
275.4615
 20
-69.0463
 10
275.4615
 20
-67.8523
 10
274.8615
 20
-67.8523
  0
LWPOLYLINE
  5
483
330
17
100
AcDbEntity
  8
SOBRANTES-RECORTE
100
AcDbPolyline
 90
4
 70
1
 10
274.8615
 20
-69.0463
 10
275.4615
 20
-69.0463
 10
275.4615
 20
-69.0023
 10
274.8615
 20
-69.0023
  0
TEXT
  5
484
330
17
100
AcDbEntity
  8
SOBRANTES-TEXTO
100
AcDbText
 10
275.1615
 20
-68.44930000000001
 30
0.0
 40
0.05
  1
PB-M-146
 72
1
 11
275.1615
 21
-68.44930000000001
 31
0.0
100
AcDbText
 73
2
  0
LWPOLYLINE
  5
485
330
17
100
AcDbEntity
  8
SOBRANTES-MAPA
100
AcDbPolyline
 90
4
 70
1
 10
274.2595
 20
-69.0463
 10
274.8595
 20
-69.0463
 10
274.8595
 20
-67.8523
 10
274.2595
 20
-67.8523
  0
LWPOLYLINE
  5
486
330
17
100
AcDbEntity
  8
SOBRANTES-RECORTE
100
AcDbPolyline
 90
4
 70
1
 10
274.2595
 20
-69.0463
 10
274.8595
 20
-69.0463
 10
274.8595
 20
-69.0023
 10
274.2595
 20
-69.0023
  0
TEXT
  5
487
330
17
100
AcDbEntity
  8
SOBRANTES-TEXTO
100
AcDbText
 10
274.5595
 20
-68.44930000000001
 30
0.0
 40
0.05
  1
PB-M-145
 72
1
 11
274.5595
 21
-68.44930000000001
 31
0.0
100
AcDbText
 73
2
  0
LWPOLYLINE
  5
488
330
17
100
AcDbEntity
  8
SOBRANTES-MAPA
100
AcDbPolyline
 90
4
 70
1
 10
273.6575
 20
-69.0463
 10
274.25750000000005
 20
-69.0463
 10
274.25750000000005
 20
-67.8523
 10
273.6575
 20
-67.8523
  0
LWPOLYLINE
  5
489
330
17
100
AcDbEntity
  8
SOBRANTES-RECORTE
100
AcDbPolyline
 90
4
 70
1
 10
273.6575
 20
-69.0463
 10
274.25750000000005
 20
-69.0463
 10
274.25750000000005
 20
-69.0023
 10
273.6575
 20
-69.0023
  0
TEXT
  5
48A
330
17
100
AcDbEntity
  8
SOBRANTES-TEXTO
100
AcDbText
 10
273.95750000000004
 20
-68.44930000000001
 30
0.0
 40
0.05
  1
PB-M-144
 72
1
 11
273.95750000000004
 21
-68.44930000000001
 31
0.0
100
AcDbText
 73
2
  0
LWPOLYLINE
  5
48B
330
17
100
AcDbEntity
  8
SOBRANTES-MAPA
100
AcDbPolyline
 90
4
 70
1
 10
273.0555
 20
-69.0463
 10
273.6555
 20
-69.0463
 10
273.6555
 20
-67.8523
 10
273.0555
 20
-67.8523
  0
LWPOLYLINE
  5
48C
330
17
100
AcDbEntity
  8
SOBRANTES-RECORTE
100
AcDbPolyline
 90
4
 70
1
 10
273.0555
 20
-69.0463
 10
273.6555
 20
-69.0463
 10
273.6555
 20
-69.0023
 10
273.0555
 20
-69.0023
  0
TEXT
  5
48D
330
17
100
AcDbEntity
  8
SOBRANTES-TEXTO
100
AcDbText
 10
273.3555
 20
-68.44930000000001
 30
0.0
 40
0.05
  1
PB-M-143
 72
1
 11
273.3555
 21
-68.44930000000001
 31
0.0
100
AcDbText
 73
2
  0
LWPOLYLINE
  5
48E
330
17
100
AcDbEntity
  8
SOBRANTES-MAPA
100
AcDbPolyline
 90
4
 70
1
 10
272.4535
 20
-69.0463
 10
273.05350000000004
 20
-69.0463
 10
273.05350000000004
 20
-67.8523
 10
272.4535
 20
-67.8523
  0
LWPOLYLINE
  5
48F
330
17
100
AcDbEntity
  8
SOBRANTES-RECORTE
100
AcDbPolyline
 90
4
 70
1
 10
272.4535
 20
-69.0463
 10
273.05350000000004
 20
-69.0463
 10
273.05350000000004
 20
-69.0023
 10
272.4535
 20
-69.0023
  0
TEXT
  5
490
330
17
100
AcDbEntity
  8
SOBRANTES-TEXTO
100
AcDbText
 10
272.75350000000003
 20
-68.44930000000001
 30
0.0
 40
0.05
  1
PB-M-142
 72
1
 11
272.75350000000003
 21
-68.44930000000001
 31
0.0
100
AcDbText
 73
2
  0
LWPOLYLINE
  5
491
330
17
100
AcDbEntity
  8
SOBRANTES-MAPA
100
AcDbPolyline
 90
4
 70
1
 10
279.2475
 20
-67.84630000000001
 10
279.8435
 20
-67.84630000000001
 10
279.8435
 20
-66.65230000000001
 10
279.2475
 20
-66.65230000000001
  0
LWPOLYLINE
  5
492
330
17
100
AcDbEntity
  8
SOBRANTES-RECORTE
100
AcDbPolyline
 90
4
 70
1
 10
279.2475
 20
-67.6723
 10
279.6775
 20
-67.6723
 10
279.6775
 20
-66.65230000000001
 10
279.2475
 20
-66.65230000000001
  0
LWPOLYLINE
  5
493
330
17
100
AcDbEntity
  8
SOBRANTES-RECORTE
100
AcDbPolyline
 90
4
 70
1
 10
279.6775
 20
-67.84630000000001
 10
279.8435
 20
-67.84630000000001
 10
279.8435
 20
-67.6723
 10
279.6775
 20
-67.6723
  0
TEXT
  5
494
330
17
100
AcDbEntity
  8
SOBRANTES-TEXTO
100
AcDbText
 10
279.5455
 20
-67.24930000000002
 30
0.0
 40
0.05
  1
PB-M-125
 72
1
 11
279.5455
 21
-67.24930000000002
 31
0.0
100
AcDbText
 73
2
  0
LWPOLYLINE
  5
495
330
17
100
AcDbEntity
  8
SOBRANTES-MAPA
100
AcDbPolyline
 90
4
 70
1
 10
279.0755
 20
-67.84630000000001
 10
279.6755
 20
-67.84630000000001
 10
279.6755
 20
-66.65230000000001
 10
279.0755
 20
-66.65230000000001
  0
LWPOLYLINE
  5
496
330
17
100
AcDbEntity
  8
SOBRANTES-RECORTE
100
AcDbPolyline
 90
4
 70
1
 10
279.0755
 20
-67.84630000000001
 10
279.6755
 20
-67.84630000000001
 10
279.6755
 20
-67.6723
 10
279.0755
 20
-67.6723
  0
TEXT
  5
497
330
17
100
AcDbEntity
  8
SOBRANTES-TEXTO
100
AcDbText
 10
279.3755
 20
-67.24930000000002
 30
0.0
 40
0.05
  1
PB-M-124
 72
1
 11
279.3755
 21
-67.24930000000002
 31
0.0
100
AcDbText
 73
2
  0
LWPOLYLINE
  5
498
330
17
100
AcDbEntity
  8
SOBRANTES-MAPA
100
AcDbPolyline
 90
4
 70
1
 10
278.4735
 20
-67.84630000000001
 10
279.0735
 20
-67.84630000000001
 10
279.0735
 20
-66.65230000000001
 10
278.4735
 20
-66.65230000000001
  0
LWPOLYLINE
  5
499
330
17
100
AcDbEntity
  8
SOBRANTES-RECORTE
100
AcDbPolyline
 90
4
 70
1
 10
278.4735
 20
-67.84630000000001
 10
279.0735
 20
-67.84630000000001
 10
279.0735
 20
-67.6723
 10
278.4735
 20
-67.6723
  0
TEXT
  5
49A
330
17
100
AcDbEntity
  8
SOBRANTES-TEXTO
100
AcDbText
 10
278.7735
 20
-67.24930000000002
 30
0.0
 40
0.05
  1
PB-M-123
 72
1
 11
278.7735
 21
-67.24930000000002
 31
0.0
100
AcDbText
 73
2
  0
LWPOLYLINE
  5
49B
330
17
100
AcDbEntity
  8
SOBRANTES-MAPA
100
AcDbPolyline
 90
4
 70
1
 10
277.8715
 20
-67.84630000000001
 10
278.47150000000005
 20
-67.84630000000001
 10
278.47150000000005
 20
-66.65230000000001
 10
277.8715
 20
-66.65230000000001
  0
LWPOLYLINE
  5
49C
330
17
100
AcDbEntity
  8
SOBRANTES-RECORTE
100
AcDbPolyline
 90
4
 70
1
 10
277.8715
 20
-67.84630000000001
 10
278.47150000000005
 20
-67.84630000000001
 10
278.47150000000005
 20
-67.6723
 10
277.8715
 20
-67.6723
  0
TEXT
  5
49D
330
17
100
AcDbEntity
  8
SOBRANTES-TEXTO
100
AcDbText
 10
278.17150000000004
 20
-67.24930000000002
 30
0.0
 40
0.05
  1
PB-M-122
 72
1
 11
278.17150000000004
 21
-67.24930000000002
 31
0.0
100
AcDbText
 73
2
  0
LWPOLYLINE
  5
49E
330
17
100
AcDbEntity
  8
SOBRANTES-MAPA
100
AcDbPolyline
 90
4
 70
1
 10
277.27349999999996
 20
-67.84630000000001
 10
277.86949999999996
 20
-67.84630000000001
 10
277.86949999999996
 20
-66.65230000000001
 10
277.27349999999996
 20
-66.65230000000001
  0
LWPOLYLINE
  5
49F
330
17
100
AcDbEntity
  8
SOBRANTES-RECORTE
100
AcDbPolyline
 90
4
 70
1
 10
277.27349999999996
 20
-67.6723
 10
277.6835
 20
-67.6723
 10
277.6835
 20
-66.65230000000001
 10
277.27349999999996
 20
-66.65230000000001
  0
LWPOLYLINE
  5
4A0
330
17
100
AcDbEntity
  8
SOBRANTES-RECORTE
100
AcDbPolyline
 90
4
 70
1
 10
277.6835
 20
-67.84630000000001
 10
277.86949999999996
 20
-67.84630000000001
 10
277.86949999999996
 20
-67.6723
 10
277.6835
 20
-67.6723
  0
TEXT
  5
4A1
330
17
100
AcDbEntity
  8
SOBRANTES-TEXTO
100
AcDbText
 10
277.57149999999996
 20
-67.24930000000002
 30
0.0
 40
0.05
  1
PB-M-121
 72
1
 11
277.57149999999996
 21
-67.24930000000002
 31
0.0
100
AcDbText
 73
2
  0
LWPOLYLINE
  5
4A2
330
17
100
AcDbEntity
  8
SOBRANTES-MAPA
100
AcDbPolyline
 90
4
 70
1
 10
276.0695
 20
-67.8523
 10
276.6655
 20
-67.8523
 10
276.6655
 20
-66.6523
 10
276.0695
 20
-66.6523
  0
LWPOLYLINE
  5
4A3
330
17
100
AcDbEntity
  8
SOBRANTES-RECORTE
100
AcDbPolyline
 90
4
 70
1
 10
276.0695
 20
-67.8523
 10
276.6535
 20
-67.8523
 10
276.6535
 20
-66.6523
 10
276.0695
 20
-66.6523
  0
TEXT
  5
4A4
330
17
100
AcDbEntity
  8
SOBRANTES-TEXTO
100
AcDbText
 10
276.3675
 20
-67.2523
 30
0.0
 40
0.05
  1
PB-M-134
 72
1
 11
276.3675
 21
-67.2523
 31
0.0
100
AcDbText
 73
2
  0
LWPOLYLINE
  5
4A5
330
17
100
AcDbEntity
  8
SOBRANTES-MAPA
100
AcDbPolyline
 90
4
 70
1
 10
275.8775
 20
-67.8503
 10
276.4735
 20
-67.8503
 10
276.4735
 20
-66.65230000000001
 10
275.8775
 20
-66.65230000000001
  0
LWPOLYLINE
  5
4A6
330
17
100
AcDbEntity
  8
SOBRANTES-RECORTE
100
AcDbPolyline
 90
4
 70
1
 10
275.8775
 20
-67.8503
 10
276.0655
 20
-67.8503
 10
276.0655
 20
-66.65230000000001
 10
275.8775
 20
-66.65230000000001
  0
TEXT
  5
4A7
330
17
100
AcDbEntity
  8
SOBRANTES-TEXTO
100
AcDbText
 10
276.1755
 20
-67.2513
 30
0.0
 40
0.05
  1
PB-M-132
 72
1
 11
276.1755
 21
-67.2513
 31
0.0
100
AcDbText
 73
2
  0
LWPOLYLINE
  5
4A8
330
17
100
AcDbEntity
  8
SOBRANTES-MAPA
100
AcDbPolyline
 90
4
 70
1
 10
277.27349999999996
 20
-67.5163
 10
277.86949999999996
 20
-67.5163
 10
277.86949999999996
 20
-66.3223
 10
277.27349999999996
 20
-66.3223
  0
LWPOLYLINE
  5
4A9
330
17
100
AcDbEntity
  8
SOBRANTES-RECORTE
100
AcDbPolyline
 90
4
 70
1
 10
277.27349999999996
 20
-66.6503
 10
277.6835
 20
-66.6503
 10
277.6835
 20
-66.3223
 10
277.27349999999996
 20
-66.3223
  0
LWPOLYLINE
  5
4AA
330
17
100
AcDbEntity
  8
SOBRANTES-RECORTE
100
AcDbPolyline
 90
4
 70
1
 10
277.6835
 20
-67.5163
 10
277.86949999999996
 20
-67.5163
 10
277.86949999999996
 20
-66.6503
 10
277.6835
 20
-66.6503
  0
TEXT
  5
4AB
330
17
100
AcDbEntity
  8
SOBRANTES-TEXTO
100
AcDbText
 10
277.57149999999996
 20
-66.9193
 30
0.0
 40
0.05
  1
PB-M-120
 72
1
 11
277.57149999999996
 21
-66.9193
 31
0.0
100
AcDbText
 73
2
  0
LWPOLYLINE
  5
4AC
330
17
100
AcDbEntity
  8
SOBRANTES-MAPA
100
AcDbPolyline
 90
4
 70
1
 10
276.90749999999997
 20
-66.6503
 10
277.5035
 20
-66.6503
 10
277.5035
 20
-65.4503
 10
276.90749999999997
 20
-65.4503
  0
LWPOLYLINE
  5
4AD
330
17
100
AcDbEntity
  8
SOBRANTES-RECORTE
100
AcDbPolyline
 90
4
 70
1
 10
276.90749999999997
 20
-66.6503
 10
277.2695
 20
-66.6503
 10
277.2695
 20
-65.4503
 10
276.90749999999997
 20
-65.4503
  0
TEXT
  5
4AE
330
17
100
AcDbEntity
  8
SOBRANTES-TEXTO
100
AcDbText
 10
277.2055
 20
-66.05030000000001
 30
0.0
 40
0.05
  1
PB-M-117
 72
1
 11
277.2055
 21
-66.05030000000001
 31
0.0
100
AcDbText
 73
2
  0
LWPOLYLINE
  5
4AF
330
17
100
AcDbEntity
  8
SOBRANTES-MAPA
100
AcDbPolyline
 90
4
 70
1
 10
280.4175
 20
-64.4423
 10
281.0135
 20
-64.4423
 10
281.0135
 20
-63.2483
 10
280.4175
 20
-63.2483
  0
LWPOLYLINE
  5
4B0
330
17
100
AcDbEntity
  8
SOBRANTES-RECORTE
100
AcDbPolyline
 90
4
 70
1
 10
280.4175
 20
-64.4423
 10
280.8815
 20
-64.4423
 10
280.8815
 20
-64.2483
 10
280.4175
 20
-64.2483
  0
LWPOLYLINE
  5
4B1
330
17
100
AcDbEntity
  8
SOBRANTES-RECORTE
100
AcDbPolyline
 90
4
 70
1
 10
280.8815
 20
-64.2483
 10
281.0135
 20
-64.2483
 10
281.0135
 20
-63.2483
 10
280.8815
 20
-63.2483
  0
TEXT
  5
4B2
330
17
100
AcDbEntity
  8
SOBRANTES-TEXTO
100
AcDbText
 10
280.7155
 20
-63.8453
 30
0.0
 40
0.05
  1
PB-M-085
 72
1
 11
280.7155
 21
-63.8453
 31
0.0
100
AcDbText
 73
2
  0
LWPOLYLINE
  5
4B3
330
17
100
AcDbEntity
  8
SOBRANTES-MAPA
100
AcDbPolyline
 90
4
 70
1
 10
280.2795
 20
-64.4423
 10
280.8795
 20
-64.4423
 10
280.8795
 20
-63.2483
 10
280.2795
 20
-63.2483
  0
LWPOLYLINE
  5
4B4
330
17
100
AcDbEntity
  8
SOBRANTES-RECORTE
100
AcDbPolyline
 90
4
 70
1
 10
280.2795
 20
-64.2483
 10
280.8795
 20
-64.2483
 10
280.8795
 20
-63.2483
 10
280.2795
 20
-63.2483
  0
TEXT
  5
4B5
330
17
100
AcDbEntity
  8
SOBRANTES-TEXTO
100
AcDbText
 10
280.5795
 20
-63.8453
 30
0.0
 40
0.05
  1
PB-M-084
 72
1
 11
280.5795
 21
-63.8453
 31
0.0
100
AcDbText
 73
2
  0
LWPOLYLINE
  5
4B6
330
17
100
AcDbEntity
  8
SOBRANTES-MAPA
100
AcDbPolyline
 90
4
 70
1
 10
279.6775
 20
-64.4423
 10
280.27750000000003
 20
-64.4423
 10
280.27750000000003
 20
-63.2483
 10
279.6775
 20
-63.2483
  0
LWPOLYLINE
  5
4B7
330
17
100
AcDbEntity
  8
SOBRANTES-RECORTE
100
AcDbPolyline
 90
4
 70
1
 10
279.6775
 20
-64.2483
 10
280.27750000000003
 20
-64.2483
 10
280.27750000000003
 20
-63.2483
 10
279.6775
 20
-63.2483
  0
TEXT
  5
4B8
330
17
100
AcDbEntity
  8
SOBRANTES-TEXTO
100
AcDbText
 10
279.9775
 20
-63.8453
 30
0.0
 40
0.05
  1
PB-M-083
 72
1
 11
279.9775
 21
-63.8453
 31
0.0
100
AcDbText
 73
2
  0
LWPOLYLINE
  5
4B9
330
17
100
AcDbEntity
  8
SOBRANTES-MAPA
100
AcDbPolyline
 90
4
 70
1
 10
279.0755
 20
-64.4423
 10
279.6755
 20
-64.4423
 10
279.6755
 20
-63.2483
 10
279.0755
 20
-63.2483
  0
LWPOLYLINE
  5
4BA
330
17
100
AcDbEntity
  8
SOBRANTES-RECORTE
100
AcDbPolyline
 90
4
 70
1
 10
279.0755
 20
-64.19630000000001
 10
279.6755
 20
-64.19630000000001
 10
279.6755
 20
-63.24830000000001
 10
279.0755
 20
-63.24830000000001
  0
TEXT
  5
4BB
330
17
100
AcDbEntity
  8
SOBRANTES-TEXTO
100
AcDbText
 10
279.3755
 20
-63.8453
 30
0.0
 40
0.05
  1
PB-M-080
 72
1
 11
279.3755
 21
-63.8453
 31
0.0
100
AcDbText
 73
2
  0
LWPOLYLINE
  5
4BC
330
17
100
AcDbEntity
  8
SOBRANTES-MAPA
100
AcDbPolyline
 90
4
 70
1
 10
277.0875
 20
-64.4423
 10
277.6835
 20
-64.4423
 10
277.6835
 20
-63.2483
 10
277.0875
 20
-63.2483
  0
LWPOLYLINE
  5
4BD
330
17
100
AcDbEntity
  8
SOBRANTES-RECORTE
100
AcDbPolyline
 90
4
 70
1
 10
277.0875
 20
-64.4423
 10
277.2695
 20
-64.4423
 10
277.2695
 20
-64.2483
 10
277.0875
 20
-64.2483
  0
LWPOLYLINE
  5
4BE
330
17
100
AcDbEntity
  8
SOBRANTES-RECORTE
100
AcDbPolyline
 90
4
 70
1
 10
277.2695
 20
-64.2483
 10
277.6835
 20
-64.2483
 10
277.6835
 20
-63.2483
 10
277.2695
 20
-63.2483
  0
TEXT
  5
4BF
330
17
100
AcDbEntity
  8
SOBRANTES-TEXTO
100
AcDbText
 10
277.3855
 20
-63.8453
 30
0.0
 40
0.05
  1
PB-M-082
 72
1
 11
277.3855
 21
-63.8453
 31
0.0
100
AcDbText
 73
2
  0
LWPOLYLINE
  5
4C0
330
17
100
AcDbEntity
  8
SOBRANTES-MAPA
100
AcDbPolyline
 90
4
 70
1
 10
277.27349999999996
 20
-64.6223
 10
277.86949999999996
 20
-64.6223
 10
277.86949999999996
 20
-63.42829999999999
 10
277.27349999999996
 20
-63.42829999999999
  0
LWPOLYLINE
  5
4C1
330
17
100
AcDbEntity
  8
SOBRANTES-RECORTE
100
AcDbPolyline
 90
4
 70
1
 10
277.27349999999996
 20
-64.6223
 10
277.6835
 20
-64.6223
 10
277.6835
 20
-64.2483
 10
277.27349999999996
 20
-64.2483
  0
LWPOLYLINE
  5
4C2
330
17
100
AcDbEntity
  8
SOBRANTES-RECORTE
100
AcDbPolyline
 90
4
 70
1
 10
277.6835
 20
-64.2483
 10
277.86949999999996
 20
-64.2483
 10
277.86949999999996
 20
-63.4283
 10
277.6835
 20
-63.4283
  0
TEXT
  5
4C3
330
17
100
AcDbEntity
  8
SOBRANTES-TEXTO
100
AcDbText
 10
277.57149999999996
 20
-64.0253
 30
0.0
 40
0.05
  1
PB-M-086
 72
1
 11
277.57149999999996
 21
-64.0253
 31
0.0
100
AcDbText
 73
2
  0
LWPOLYLINE
  5
4C4
330
17
100
AcDbEntity
  8
SOBRANTES-MAPA
100
AcDbPolyline
 90
4
 70
1
 10
276.90749999999997
 20
-65.4483
 10
277.5035
 20
-65.4483
 10
277.5035
 20
-64.2543
 10
276.90749999999997
 20
-64.2543
  0
LWPOLYLINE
  5
4C5
330
17
100
AcDbEntity
  8
SOBRANTES-RECORTE
100
AcDbPolyline
 90
4
 70
1
 10
276.90749999999997
 20
-65.4483
 10
277.2695
 20
-65.4483
 10
277.2695
 20
-64.62230000000001
 10
276.90749999999997
 20
-64.62230000000001
  0
LWPOLYLINE
  5
4C6
330
17
100
AcDbEntity
  8
SOBRANTES-RECORTE
100
AcDbPolyline
 90
4
 70
1
 10
277.2695
 20
-64.62230000000001
 10
277.5035
 20
-64.62230000000001
 10
277.5035
 20
-64.25430000000001
 10
277.2695
 20
-64.25430000000001
  0
TEXT
  5
4C7
330
17
100
AcDbEntity
  8
SOBRANTES-TEXTO
100
AcDbText
 10
277.2055
 20
-64.85130000000001
 30
0.0
 40
0.05
  1
PB-M-101
 72
1
 11
277.2055
 21
-64.85130000000001
 31
0.0
100
AcDbText
 73
2
  0
LWPOLYLINE
  5
4C8
330
17
100
AcDbEntity
  8
SOBRANTES-MAPA
100
AcDbPolyline
 90
4
 70
1
 10
276.6675
 20
-64.4423
 10
277.26750000000004
 20
-64.4423
 10
277.26750000000004
 20
-63.2483
 10
276.6675
 20
-63.2483
  0
LWPOLYLINE
  5
4C9
330
17
100
AcDbEntity
  8
SOBRANTES-RECORTE
100
AcDbPolyline
 90
4
 70
1
 10
276.6675
 20
-64.2483
 10
277.26750000000004
 20
-64.2483
 10
277.26750000000004
 20
-63.2483
 10
276.6675
 20
-63.2483
  0
TEXT
  5
4CA
330
17
100
AcDbEntity
  8
SOBRANTES-TEXTO
100
AcDbText
 10
276.96750000000003
 20
-63.8453
 30
0.0
 40
0.05
  1
PB-M-081
 72
1
 11
276.96750000000003
 21
-63.8453
 31
0.0
100
AcDbText
 73
2
  0
LWPOLYLINE
  5
4CB
330
17
100
AcDbEntity
  8
SOBRANTES-MAPA
100
AcDbPolyline
 90
4
 70
1
 10
276.6675
 20
-65.4483
 10
277.26750000000004
 20
-65.4483
 10
277.26750000000004
 20
-64.2543
 10
276.6675
 20
-64.2543
  0
LWPOLYLINE
  5
4CC
330
17
100
AcDbEntity
  8
SOBRANTES-RECORTE
100
AcDbPolyline
 90
4
 70
1
 10
276.6675
 20
-64.62230000000001
 10
277.26750000000004
 20
-64.62230000000001
 10
277.26750000000004
 20
-64.25430000000001
 10
276.6675
 20
-64.25430000000001
  0
TEXT
  5
4CD
330
17
100
AcDbEntity
  8
SOBRANTES-TEXTO
100
AcDbText
 10
276.96750000000003
 20
-64.85130000000001
 30
0.0
 40
0.05
  1
PB-M-100
 72
1
 11
276.96750000000003
 21
-64.85130000000001
 31
0.0
100
AcDbText
 73
2
  0
LWPOLYLINE
  5
4CE
330
17
100
AcDbEntity
  8
SOBRANTES-MAPA
100
AcDbPolyline
 90
4
 70
1
 10
280.4175
 20
-64.2463
 10
281.0135
 20
-64.2463
 10
281.0135
 20
-63.0463
 10
280.4175
 20
-63.0463
  0
LWPOLYLINE
  5
4CF
330
17
100
AcDbEntity
  8
SOBRANTES-RECORTE
100
AcDbPolyline
 90
4
 70
1
 10
280.4175
 20
-64.2463
 10
280.8815
 20
-64.2463
 10
280.8815
 20
-63.0463
 10
280.4175
 20
-63.0463
  0
TEXT
  5
4D0
330
17
100
AcDbEntity
  8
SOBRANTES-TEXTO
100
AcDbText
 10
280.7155
 20
-63.646300000000004
 30
0.0
 40
0.05
  1
PB-M-079
 72
1
 11
280.7155
 21
-63.646300000000004
 31
0.0
100
AcDbText
 73
2
  0
LWPOLYLINE
  5
4D1
330
17
100
AcDbEntity
  8
SOBRANTES-MAPA
100
AcDbPolyline
 90
4
 70
1
 10
280.4175
 20
-63.0443
 10
281.0135
 20
-63.0443
 10
281.0135
 20
-61.8443
 10
280.4175
 20
-61.8443
  0
LWPOLYLINE
  5
4D2
330
17
100
AcDbEntity
  8
SOBRANTES-RECORTE
100
AcDbPolyline
 90
4
 70
1
 10
280.4175
 20
-63.0443
 10
280.8815
 20
-63.0443
 10
280.8815
 20
-61.8443
 10
280.4175
 20
-61.8443
  0
TEXT
  5
4D3
330
17
100
AcDbEntity
  8
SOBRANTES-TEXTO
100
AcDbText
 10
280.7155
 20
-62.4443
 30
0.0
 40
0.05
  1
PB-M-064
 72
1
 11
280.7155
 21
-62.4443
 31
0.0
100
AcDbText
 73
2
  0
LWPOLYLINE
  5
4D4
330
17
100
AcDbEntity
  8
SOBRANTES-MAPA
100
AcDbPolyline
 90
4
 70
1
 10
280.4175
 20
-61.8423
 10
281.0135
 20
-61.8423
 10
281.0135
 20
-60.6483
 10
280.4175
 20
-60.6483
  0
LWPOLYLINE
  5
4D5
330
17
100
AcDbEntity
  8
SOBRANTES-RECORTE
100
AcDbPolyline
 90
4
 70
1
 10
280.4175
 20
-61.8423
 10
280.8815
 20
-61.8423
 10
280.8815
 20
-60.7509
 10
280.4175
 20
-60.7509
  0
LWPOLYLINE
  5
4D6
330
17
100
AcDbEntity
  8
SOBRANTES-RECORTE
100
AcDbPolyline
 90
4
 70
1
 10
280.8815
 20
-60.7509
 10
281.0135
 20
-60.7509
 10
281.0135
 20
-60.6483
 10
280.8815
 20
-60.6483
  0
TEXT
  5
4D7
330
17
100
AcDbEntity
  8
SOBRANTES-TEXTO
100
AcDbText
 10
280.7155
 20
-61.2453
 30
0.0
 40
0.05
  1
PB-M-049
 72
1
 11
280.7155
 21
-61.2453
 31
0.0
100
AcDbText
 73
2
  0
LWPOLYLINE
  5
4D8
330
17
100
AcDbEntity
  8
SOBRANTES-MAPA
100
AcDbPolyline
 90
4
 70
1
 10
280.2795
 20
-61.8423
 10
280.8795
 20
-61.8423
 10
280.8795
 20
-60.6483
 10
280.2795
 20
-60.6483
  0
LWPOLYLINE
  5
4D9
330
17
100
AcDbEntity
  8
SOBRANTES-RECORTE
100
AcDbPolyline
 90
4
 70
1
 10
280.2795
 20
-60.7323
 10
280.8795
 20
-60.7323
 10
280.8795
 20
-60.6483
 10
280.2795
 20
-60.6483
  0
TEXT
  5
4DA
330
17
100
AcDbEntity
  8
SOBRANTES-TEXTO
100
AcDbText
 10
280.5795
 20
-61.2453
 30
0.0
 40
0.05
  1
PB-M-048
 72
1
 11
280.5795
 21
-61.2453
 31
0.0
100
AcDbText
 73
2
  0
LWPOLYLINE
  5
4DB
330
17
100
AcDbEntity
  8
SOBRANTES-MAPA
100
AcDbPolyline
 90
4
 70
1
 10
279.6775
 20
-61.8423
 10
280.27750000000003
 20
-61.8423
 10
280.27750000000003
 20
-60.6483
 10
279.6775
 20
-60.6483
  0
LWPOLYLINE
  5
4DC
330
17
100
AcDbEntity
  8
SOBRANTES-RECORTE
100
AcDbPolyline
 90
4
 70
1
 10
279.6775
 20
-60.6723
 10
280.27750000000003
 20
-60.6723
 10
280.27750000000003
 20
-60.6483
 10
279.6775
 20
-60.6483
  0
TEXT
  5
4DD
330
17
100
AcDbEntity
  8
SOBRANTES-TEXTO
100
AcDbText
 10
279.9775
 20
-61.2453
 30
0.0
 40
0.05
  1
PB-M-045
 72
1
 11
279.9775
 21
-61.2453
 31
0.0
100
AcDbText
 73
2
  0
LWPOLYLINE
  5
4DE
330
17
100
AcDbEntity
  8
SOBRANTES-MAPA
100
AcDbPolyline
 90
4
 70
1
 10
279.0755
 20
-61.8423
 10
279.6755
 20
-61.8423
 10
279.6755
 20
-60.6483
 10
279.0755
 20
-60.6483
  0
LWPOLYLINE
  5
4DF
330
17
100
AcDbEntity
  8
SOBRANTES-RECORTE
100
AcDbPolyline
 90
4
 70
1
 10
279.0755
 20
-60.6723
 10
279.6755
 20
-60.6723
 10
279.6755
 20
-60.6483
 10
279.0755
 20
-60.6483
  0
TEXT
  5
4E0
330
17
100
AcDbEntity
  8
SOBRANTES-TEXTO
100
AcDbText
 10
279.3755
 20
-61.2453
 30
0.0
 40
0.05
  1
PB-M-044
 72
1
 11
279.3755
 21
-61.2453
 31
0.0
100
AcDbText
 73
2
  0
LWPOLYLINE
  5
4E1
330
17
100
AcDbEntity
  8
SOBRANTES-MAPA
100
AcDbPolyline
 90
4
 70
1
 10
278.4735
 20
-61.8423
 10
279.0735
 20
-61.8423
 10
279.0735
 20
-60.6483
 10
278.4735
 20
-60.6483
  0
LWPOLYLINE
  5
4E2
330
17
100
AcDbEntity
  8
SOBRANTES-RECORTE
100
AcDbPolyline
 90
4
 70
1
 10
278.4735
 20
-60.6723
 10
279.0735
 20
-60.6723
 10
279.0735
 20
-60.6483
 10
278.4735
 20
-60.6483
  0
TEXT
  5
4E3
330
17
100
AcDbEntity
  8
SOBRANTES-TEXTO
100
AcDbText
 10
278.7735
 20
-61.2453
 30
0.0
 40
0.05
  1
PB-M-043
 72
1
 11
278.7735
 21
-61.2453
 31
0.0
100
AcDbText
 73
2
  0
LWPOLYLINE
  5
4E4
330
17
100
AcDbEntity
  8
SOBRANTES-MAPA
100
AcDbPolyline
 90
4
 70
1
 10
277.8715
 20
-61.8423
 10
278.47150000000005
 20
-61.8423
 10
278.47150000000005
 20
-60.6323
 10
277.8715
 20
-60.6323
  0
TEXT
  5
4E5
330
17
100
AcDbEntity
  8
SOBRANTES-TEXTO
100
AcDbText
 10
278.17150000000004
 20
-61.237300000000005
 30
0.0
 40
0.05
  1
PB-M-036
 72
1
 11
278.17150000000004
 21
-61.237300000000005
 31
0.0
100
AcDbText
 73
2
  0
LWPOLYLINE
  5
4E6
330
17
100
AcDbEntity
  8
SOBRANTES-MAPA
100
AcDbPolyline
 90
4
 70
1
 10
277.2695
 20
-61.8423
 10
277.8695
 20
-61.8423
 10
277.8695
 20
-60.6323
 10
277.2695
 20
-60.6323
  0
TEXT
  5
4E7
330
17
100
AcDbEntity
  8
SOBRANTES-TEXTO
100
AcDbText
 10
277.5695
 20
-61.237300000000005
 30
0.0
 40
0.05
  1
PB-M-035
 72
1
 11
277.5695
 21
-61.237300000000005
 31
0.0
100
AcDbText
 73
2
  0
LWPOLYLINE
  5
4E8
330
17
100
AcDbEntity
  8
SOBRANTES-MAPA
100
AcDbPolyline
 90
4
 70
1
 10
276.0655
 20
-61.8423
 10
276.6655
 20
-61.8423
 10
276.6655
 20
-60.6483
 10
276.0655
 20
-60.6483
  0
LWPOLYLINE
  5
4E9
330
17
100
AcDbEntity
  8
SOBRANTES-RECORTE
100
AcDbPolyline
 90
4
 70
1
 10
276.0655
 20
-60.7323
 10
276.6655
 20
-60.7323
 10
276.6655
 20
-60.6483
 10
276.0655
 20
-60.6483
  0
TEXT
  5
4EA
330
17
100
AcDbEntity
  8
SOBRANTES-TEXTO
100
AcDbText
 10
276.3655
 20
-61.2453
 30
0.0
 40
0.05
  1
PB-M-047
 72
1
 11
276.3655
 21
-61.2453
 31
0.0
100
AcDbText
 73
2
  0
LWPOLYLINE
  5
4EB
330
17
100
AcDbEntity
  8
SOBRANTES-MAPA
100
AcDbPolyline
 90
4
 70
1
 10
275.4635
 20
-61.8423
 10
276.06350000000003
 20
-61.8423
 10
276.06350000000003
 20
-60.6483
 10
275.4635
 20
-60.6483
  0
LWPOLYLINE
  5
4EC
330
17
100
AcDbEntity
  8
SOBRANTES-RECORTE
100
AcDbPolyline
 90
4
 70
1
 10
275.4635
 20
-60.6723
 10
276.06350000000003
 20
-60.6723
 10
276.06350000000003
 20
-60.6483
 10
275.4635
 20
-60.6483
  0
TEXT
  5
4ED
330
17
100
AcDbEntity
  8
SOBRANTES-TEXTO
100
AcDbText
 10
275.7635
 20
-61.2453
 30
0.0
 40
0.05
  1
PB-M-041
 72
1
 11
275.7635
 21
-61.2453
 31
0.0
100
AcDbText
 73
2
  0
LWPOLYLINE
  5
4EE
330
17
100
AcDbEntity
  8
SOBRANTES-MAPA
100
AcDbPolyline
 90
4
 70
1
 10
274.8615
 20
-61.8423
 10
275.4615
 20
-61.8423
 10
275.4615
 20
-60.6483
 10
274.8615
 20
-60.6483
  0
LWPOLYLINE
  5
4EF
330
17
100
AcDbEntity
  8
SOBRANTES-RECORTE
100
AcDbPolyline
 90
4
 70
1
 10
274.8615
 20
-60.6723
 10
275.4615
 20
-60.6723
 10
275.4615
 20
-60.6483
 10
274.8615
 20
-60.6483
  0
TEXT
  5
4F0
330
17
100
AcDbEntity
  8
SOBRANTES-TEXTO
100
AcDbText
 10
275.1615
 20
-61.2453
 30
0.0
 40
0.05
  1
PB-M-040
 72
1
 11
275.1615
 21
-61.2453
 31
0.0
100
AcDbText
 73
2
  0
LWPOLYLINE
  5
4F1
330
17
100
AcDbEntity
  8
SOBRANTES-MAPA
100
AcDbPolyline
 90
4
 70
1
 10
274.2595
 20
-61.8423
 10
274.8595
 20
-61.8423
 10
274.8595
 20
-60.6483
 10
274.2595
 20
-60.6483
  0
LWPOLYLINE
  5
4F2
330
17
100
AcDbEntity
  8
SOBRANTES-RECORTE
100
AcDbPolyline
 90
4
 70
1
 10
274.2595
 20
-60.6723
 10
274.8595
 20
-60.6723
 10
274.8595
 20
-60.6483
 10
274.2595
 20
-60.6483
  0
TEXT
  5
4F3
330
17
100
AcDbEntity
  8
SOBRANTES-TEXTO
100
AcDbText
 10
274.5595
 20
-61.2453
 30
0.0
 40
0.05
  1
PB-M-039
 72
1
 11
274.5595
 21
-61.2453
 31
0.0
100
AcDbText
 73
2
  0
LWPOLYLINE
  5
4F4
330
17
100
AcDbEntity
  8
SOBRANTES-MAPA
100
AcDbPolyline
 90
4
 70
1
 10
273.6575
 20
-61.8423
 10
274.25750000000005
 20
-61.8423
 10
274.25750000000005
 20
-60.6483
 10
273.6575
 20
-60.6483
  0
LWPOLYLINE
  5
4F5
330
17
100
AcDbEntity
  8
SOBRANTES-RECORTE
100
AcDbPolyline
 90
4
 70
1
 10
273.6575
 20
-60.6723
 10
274.25750000000005
 20
-60.6723
 10
274.25750000000005
 20
-60.6483
 10
273.6575
 20
-60.6483
  0
TEXT
  5
4F6
330
17
100
AcDbEntity
  8
SOBRANTES-TEXTO
100
AcDbText
 10
273.95750000000004
 20
-61.2453
 30
0.0
 40
0.05
  1
PB-M-038
 72
1
 11
273.95750000000004
 21
-61.2453
 31
0.0
100
AcDbText
 73
2
  0
LWPOLYLINE
  5
4F7
330
17
100
AcDbEntity
  8
SOBRANTES-MAPA
100
AcDbPolyline
 90
4
 70
1
 10
272.4535
 20
-61.8423
 10
273.05350000000004
 20
-61.8423
 10
273.05350000000004
 20
-60.6483
 10
272.4535
 20
-60.6483
  0
LWPOLYLINE
  5
4F8
330
17
100
AcDbEntity
  8
SOBRANTES-RECORTE
100
AcDbPolyline
 90
4
 70
1
 10
272.4535
 20
-60.7323
 10
273.05350000000004
 20
-60.7323
 10
273.05350000000004
 20
-60.6483
 10
272.4535
 20
-60.6483
  0
TEXT
  5
4F9
330
17
100
AcDbEntity
  8
SOBRANTES-TEXTO
100
AcDbText
 10
272.75350000000003
 20
-61.2453
 30
0.0
 40
0.05
  1
PB-M-046
 72
1
 11
272.75350000000003
 21
-61.2453
 31
0.0
100
AcDbText
 73
2
  0
LWPOLYLINE
  5
4FA
330
17
100
AcDbEntity
  8
SOBRANTES-MAPA
100
AcDbPolyline
 90
4
 70
1
 10
273.0555
 20
-61.8423
 10
273.6555
 20
-61.8423
 10
273.6555
 20
-60.6483
 10
273.0555
 20
-60.6483
  0
LWPOLYLINE
  5
4FB
330
17
100
AcDbEntity
  8
SOBRANTES-RECORTE
100
AcDbPolyline
 90
4
 70
1
 10
273.0555
 20
-60.6723
 10
273.6555
 20
-60.6723
 10
273.6555
 20
-60.6483
 10
273.0555
 20
-60.6483
  0
TEXT
  5
4FC
330
17
100
AcDbEntity
  8
SOBRANTES-TEXTO
100
AcDbText
 10
273.3555
 20
-61.2453
 30
0.0
 40
0.05
  1
PB-M-037
 72
1
 11
273.3555
 21
-61.2453
 31
0.0
100
AcDbText
 73
2
  0
LWPOLYLINE
  5
4FD
330
17
100
AcDbEntity
  8
SOBRANTES-MAPA
100
AcDbPolyline
 90
4
 70
1
 10
287.4809
 20
-61.6668
 10
287.6809
 20
-61.6668
 10
287.6809
 20
-60.4668
 10
287.4809
 20
-60.4668
  0
LWPOLYLINE
  5
4FE
330
17
100
AcDbEntity
  8
SOBRANTES-RECORTE
100
AcDbPolyline
 90
4
 70
1
 10
287.4809
 20
-60.7323
 10
287.6809
 20
-60.7323
 10
287.6809
 20
-60.4668
 10
287.4809
 20
-60.4668
  0
TEXT
  5
4FF
330
17
100
AcDbEntity
  8
SOBRANTES-TEXTO
100
AcDbText
 10
287.58090000000004
 20
-61.0668
 30
0.0
 40
0.05
  1
PA-R-027
 72
1
 11
287.58090000000004
 21
-61.0668
 31
0.0
100
AcDbText
 73
2
  0
LWPOLYLINE
  5
500
330
17
100
AcDbEntity
  8
SOBRANTES-MAPA
100
AcDbPolyline
 90
4
 70
1
 10
287.2799
 20
-61.0663
 10
287.4799
 20
-61.0663
 10
287.4799
 20
-59.866299999999995
 10
287.2799
 20
-59.866299999999995
  0
LWPOLYLINE
  5
501
330
17
100
AcDbEntity
  8
SOBRANTES-RECORTE
100
AcDbPolyline
 90
4
 70
1
 10
287.2799
 20
-60.732299999999995
 10
287.4799
 20
-60.732299999999995
 10
287.4799
 20
-59.866299999999995
 10
287.2799
 20
-59.866299999999995
  0
TEXT
  5
502
330
17
100
AcDbEntity
  8
SOBRANTES-TEXTO
100
AcDbText
 10
287.3799
 20
-60.4663
 30
0.0
 40
0.05
  1
PA-R-012
 72
1
 11
287.3799
 21
-60.4663
 31
0.0
100
AcDbText
 73
2
  0
LWPOLYLINE
  5
503
330
17
100
AcDbEntity
  8
SOBRANTES-MAPA
100
AcDbPolyline
 90
4
 70
1
 10
287.0789
 20
-61.6668
 10
287.27889999999996
 20
-61.6668
 10
287.27889999999996
 20
-60.4668
 10
287.0789
 20
-60.4668
  0
LWPOLYLINE
  5
504
330
17
100
AcDbEntity
  8
SOBRANTES-RECORTE
100
AcDbPolyline
 90
4
 70
1
 10
287.0789
 20
-60.7323
 10
287.27889999999996
 20
-60.7323
 10
287.27889999999996
 20
-60.4668
 10
287.0789
 20
-60.4668
  0
TEXT
  5
505
330
17
100
AcDbEntity
  8
SOBRANTES-TEXTO
100
AcDbText
 10
287.1789
 20
-61.0668
 30
0.0
 40
0.05
  1
PA-R-026
 72
1
 11
287.1789
 21
-61.0668
 31
0.0
100
AcDbText
 73
2
  0
LWPOLYLINE
  5
506
330
17
100
AcDbEntity
  8
SOBRANTES-MAPA
100
AcDbPolyline
 90
4
 70
1
 10
286.8779
 20
-61.0663
 10
287.0779
 20
-61.0663
 10
287.0779
 20
-59.866299999999995
 10
286.8779
 20
-59.866299999999995
  0
LWPOLYLINE
  5
507
330
17
100
AcDbEntity
  8
SOBRANTES-RECORTE
100
AcDbPolyline
 90
4
 70
1
 10
286.8779
 20
-60.732299999999995
 10
287.0779
 20
-60.732299999999995
 10
287.0779
 20
-59.866299999999995
 10
286.8779
 20
-59.866299999999995
  0
TEXT
  5
508
330
17
100
AcDbEntity
  8
SOBRANTES-TEXTO
100
AcDbText
 10
286.97790000000003
 20
-60.4663
 30
0.0
 40
0.05
  1
PA-R-011
 72
1
 11
286.97790000000003
 21
-60.4663
 31
0.0
100
AcDbText
 73
2
  0
LWPOLYLINE
  5
509
330
17
100
AcDbEntity
  8
SOBRANTES-MAPA
100
AcDbPolyline
 90
4
 70
1
 10
286.4759
 20
-64.4423
 10
286.6759
 20
-64.4423
 10
286.6759
 20
-63.2423
 10
286.4759
 20
-63.2423
  0
LWPOLYLINE
  5
50A
330
17
100
AcDbEntity
  8
SOBRANTES-RECORTE
100
AcDbPolyline
 90
4
 70
1
 10
286.4759
 20
-63.469300000000004
 10
286.6759
 20
-63.469300000000004
 10
286.6759
 20
-63.24230000000001
 10
286.4759
 20
-63.24230000000001
  0
TEXT
  5
50B
330
17
100
AcDbEntity
  8
SOBRANTES-TEXTO
100
AcDbText
 10
286.57590000000005
 20
-63.8423
 30
0.0
 40
0.05
  1
PA-R-089
 72
1
 11
286.57590000000005
 21
-63.8423
 31
0.0
100
AcDbText
 73
2
  0
LWPOLYLINE
  5
50C
330
17
100
AcDbEntity
  8
SOBRANTES-MAPA
100
AcDbPolyline
 90
4
 70
1
 10
286.6769
 20
-61.6668
 10
286.8769
 20
-61.6668
 10
286.8769
 20
-60.4668
 10
286.6769
 20
-60.4668
  0
LWPOLYLINE
  5
50D
330
17
100
AcDbEntity
  8
SOBRANTES-RECORTE
100
AcDbPolyline
 90
4
 70
1
 10
286.6769
 20
-60.7323
 10
286.8769
 20
-60.7323
 10
286.8769
 20
-60.4668
 10
286.6769
 20
-60.4668
  0
TEXT
  5
50E
330
17
100
AcDbEntity
  8
SOBRANTES-TEXTO
100
AcDbText
 10
286.7769
 20
-61.0668
 30
0.0
 40
0.05
  1
PA-R-025
 72
1
 11
286.7769
 21
-61.0668
 31
0.0
100
AcDbText
 73
2
  0
LWPOLYLINE
  5
50F
330
17
100
AcDbEntity
  8
SOBRANTES-MAPA
100
AcDbPolyline
 90
4
 70
1
 10
286.4759
 20
-61.0663
 10
286.6759
 20
-61.0663
 10
286.6759
 20
-59.866299999999995
 10
286.4759
 20
-59.866299999999995
  0
LWPOLYLINE
  5
510
330
17
100
AcDbEntity
  8
SOBRANTES-RECORTE
100
AcDbPolyline
 90
4
 70
1
 10
286.4759
 20
-60.732299999999995
 10
286.6759
 20
-60.732299999999995
 10
286.6759
 20
-59.866299999999995
 10
286.4759
 20
-59.866299999999995
  0
TEXT
  5
511
330
17
100
AcDbEntity
  8
SOBRANTES-TEXTO
100
AcDbText
 10
286.57590000000005
 20
-60.4663
 30
0.0
 40
0.05
  1
PA-R-010
 72
1
 11
286.57590000000005
 21
-60.4663
 31
0.0
100
AcDbText
 73
2
  0
LWPOLYLINE
  5
512
330
17
100
AcDbEntity
  8
SOBRANTES-MAPA
100
AcDbPolyline
 90
4
 70
1
 10
286.0739
 20
-64.4423
 10
286.27389999999997
 20
-64.4423
 10
286.27389999999997
 20
-63.2423
 10
286.0739
 20
-63.2423
  0
LWPOLYLINE
  5
513
330
17
100
AcDbEntity
  8
SOBRANTES-RECORTE
100
AcDbPolyline
 90
4
 70
1
 10
286.0739
 20
-63.469300000000004
 10
286.27389999999997
 20
-63.469300000000004
 10
286.27389999999997
 20
-63.24230000000001
 10
286.0739
 20
-63.24230000000001
  0
TEXT
  5
514
330
17
100
AcDbEntity
  8
SOBRANTES-TEXTO
100
AcDbText
 10
286.1739
 20
-63.8423
 30
0.0
 40
0.05
  1
PA-R-088
 72
1
 11
286.1739
 21
-63.8423
 31
0.0
100
AcDbText
 73
2
  0
LWPOLYLINE
  5
515
330
17
100
AcDbEntity
  8
SOBRANTES-MAPA
100
AcDbPolyline
 90
4
 70
1
 10
286.2749
 20
-61.6668
 10
286.4749
 20
-61.6668
 10
286.4749
 20
-60.4668
 10
286.2749
 20
-60.4668
  0
LWPOLYLINE
  5
516
330
17
100
AcDbEntity
  8
SOBRANTES-RECORTE
100
AcDbPolyline
 90
4
 70
1
 10
286.2749
 20
-60.7323
 10
286.4749
 20
-60.7323
 10
286.4749
 20
-60.4668
 10
286.2749
 20
-60.4668
  0
TEXT
  5
517
330
17
100
AcDbEntity
  8
SOBRANTES-TEXTO
100
AcDbText
 10
286.3749
 20
-61.0668
 30
0.0
 40
0.05
  1
PA-R-024
 72
1
 11
286.3749
 21
-61.0668
 31
0.0
100
AcDbText
 73
2
  0
LWPOLYLINE
  5
518
330
17
100
AcDbEntity
  8
SOBRANTES-MAPA
100
AcDbPolyline
 90
4
 70
1
 10
286.0739
 20
-61.0663
 10
286.27389999999997
 20
-61.0663
 10
286.27389999999997
 20
-59.866299999999995
 10
286.0739
 20
-59.866299999999995
  0
LWPOLYLINE
  5
519
330
17
100
AcDbEntity
  8
SOBRANTES-RECORTE
100
AcDbPolyline
 90
4
 70
1
 10
286.0739
 20
-60.732299999999995
 10
286.27389999999997
 20
-60.732299999999995
 10
286.27389999999997
 20
-59.866299999999995
 10
286.0739
 20
-59.866299999999995
  0
TEXT
  5
51A
330
17
100
AcDbEntity
  8
SOBRANTES-TEXTO
100
AcDbText
 10
286.1739
 20
-60.4663
 30
0.0
 40
0.05
  1
PA-R-009
 72
1
 11
286.1739
 21
-60.4663
 31
0.0
100
AcDbText
 73
2
  0
LWPOLYLINE
  5
51B
330
17
100
AcDbEntity
  8
SOBRANTES-MAPA
100
AcDbPolyline
 90
4
 70
1
 10
285.6719
 20
-64.4423
 10
285.8719
 20
-64.4423
 10
285.8719
 20
-63.2423
 10
285.6719
 20
-63.2423
  0
LWPOLYLINE
  5
51C
330
17
100
AcDbEntity
  8
SOBRANTES-RECORTE
100
AcDbPolyline
 90
4
 70
1
 10
285.6719
 20
-63.469300000000004
 10
285.8719
 20
-63.469300000000004
 10
285.8719
 20
-63.24230000000001
 10
285.6719
 20
-63.24230000000001
  0
TEXT
  5
51D
330
17
100
AcDbEntity
  8
SOBRANTES-TEXTO
100
AcDbText
 10
285.7719
 20
-63.8423
 30
0.0
 40
0.05
  1
PA-R-087
 72
1
 11
285.7719
 21
-63.8423
 31
0.0
100
AcDbText
 73
2
  0
LWPOLYLINE
  5
51E
330
17
100
AcDbEntity
  8
SOBRANTES-MAPA
100
AcDbPolyline
 90
4
 70
1
 10
285.8729
 20
-61.6668
 10
286.0729
 20
-61.6668
 10
286.0729
 20
-60.4668
 10
285.8729
 20
-60.4668
  0
LWPOLYLINE
  5
51F
330
17
100
AcDbEntity
  8
SOBRANTES-RECORTE
100
AcDbPolyline
 90
4
 70
1
 10
285.8729
 20
-60.7323
 10
286.0729
 20
-60.7323
 10
286.0729
 20
-60.4668
 10
285.8729
 20
-60.4668
  0
TEXT
  5
520
330
17
100
AcDbEntity
  8
SOBRANTES-TEXTO
100
AcDbText
 10
285.97290000000004
 20
-61.0668
 30
0.0
 40
0.05
  1
PA-R-023
 72
1
 11
285.97290000000004
 21
-61.0668
 31
0.0
100
AcDbText
 73
2
  0
LWPOLYLINE
  5
521
330
17
100
AcDbEntity
  8
SOBRANTES-MAPA
100
AcDbPolyline
 90
4
 70
1
 10
285.6719
 20
-61.0663
 10
285.8719
 20
-61.0663
 10
285.8719
 20
-59.866299999999995
 10
285.6719
 20
-59.866299999999995
  0
LWPOLYLINE
  5
522
330
17
100
AcDbEntity
  8
SOBRANTES-RECORTE
100
AcDbPolyline
 90
4
 70
1
 10
285.6719
 20
-60.732299999999995
 10
285.8719
 20
-60.732299999999995
 10
285.8719
 20
-59.866299999999995
 10
285.6719
 20
-59.866299999999995
  0
TEXT
  5
523
330
17
100
AcDbEntity
  8
SOBRANTES-TEXTO
100
AcDbText
 10
285.7719
 20
-60.4663
 30
0.0
 40
0.05
  1
PA-R-008
 72
1
 11
285.7719
 21
-60.4663
 31
0.0
100
AcDbText
 73
2
  0
LWPOLYLINE
  5
524
330
17
100
AcDbEntity
  8
SOBRANTES-MAPA
100
AcDbPolyline
 90
4
 70
1
 10
285.2699
 20
-64.4423
 10
285.4699
 20
-64.4423
 10
285.4699
 20
-63.2423
 10
285.2699
 20
-63.2423
  0
LWPOLYLINE
  5
525
330
17
100
AcDbEntity
  8
SOBRANTES-RECORTE
100
AcDbPolyline
 90
4
 70
1
 10
285.2699
 20
-63.469300000000004
 10
285.4699
 20
-63.469300000000004
 10
285.4699
 20
-63.24230000000001
 10
285.2699
 20
-63.24230000000001
  0
TEXT
  5
526
330
17
100
AcDbEntity
  8
SOBRANTES-TEXTO
100
AcDbText
 10
285.36990000000003
 20
-63.8423
 30
0.0
 40
0.05
  1
PA-R-086
 72
1
 11
285.36990000000003
 21
-63.8423
 31
0.0
100
AcDbText
 73
2
  0
LWPOLYLINE
  5
527
330
17
100
AcDbEntity
  8
SOBRANTES-MAPA
100
AcDbPolyline
 90
4
 70
1
 10
285.4709
 20
-61.6668
 10
285.67089999999996
 20
-61.6668
 10
285.67089999999996
 20
-60.4668
 10
285.4709
 20
-60.4668
  0
LWPOLYLINE
  5
528
330
17
100
AcDbEntity
  8
SOBRANTES-RECORTE
100
AcDbPolyline
 90
4
 70
1
 10
285.4709
 20
-60.7323
 10
285.67089999999996
 20
-60.7323
 10
285.67089999999996
 20
-60.4668
 10
285.4709
 20
-60.4668
  0
TEXT
  5
529
330
17
100
AcDbEntity
  8
SOBRANTES-TEXTO
100
AcDbText
 10
285.5709
 20
-61.0668
 30
0.0
 40
0.05
  1
PA-R-022
 72
1
 11
285.5709
 21
-61.0668
 31
0.0
100
AcDbText
 73
2
  0
LWPOLYLINE
  5
52A
330
17
100
AcDbEntity
  8
SOBRANTES-MAPA
100
AcDbPolyline
 90
4
 70
1
 10
285.2699
 20
-61.0663
 10
285.4699
 20
-61.0663
 10
285.4699
 20
-59.866299999999995
 10
285.2699
 20
-59.866299999999995
  0
LWPOLYLINE
  5
52B
330
17
100
AcDbEntity
  8
SOBRANTES-RECORTE
100
AcDbPolyline
 90
4
 70
1
 10
285.2699
 20
-60.732299999999995
 10
285.4699
 20
-60.732299999999995
 10
285.4699
 20
-59.866299999999995
 10
285.2699
 20
-59.866299999999995
  0
TEXT
  5
52C
330
17
100
AcDbEntity
  8
SOBRANTES-TEXTO
100
AcDbText
 10
285.36990000000003
 20
-60.4663
 30
0.0
 40
0.05
  1
PA-R-007
 72
1
 11
285.36990000000003
 21
-60.4663
 31
0.0
100
AcDbText
 73
2
  0
LWPOLYLINE
  5
52D
330
17
100
AcDbEntity
  8
SOBRANTES-MAPA
100
AcDbPolyline
 90
4
 70
1
 10
284.8679
 20
-64.4423
 10
285.0679
 20
-64.4423
 10
285.0679
 20
-63.2423
 10
284.8679
 20
-63.2423
  0
LWPOLYLINE
  5
52E
330
17
100
AcDbEntity
  8
SOBRANTES-RECORTE
100
AcDbPolyline
 90
4
 70
1
 10
284.8679
 20
-63.469300000000004
 10
285.0679
 20
-63.469300000000004
 10
285.0679
 20
-63.24230000000001
 10
284.8679
 20
-63.24230000000001
  0
TEXT
  5
52F
330
17
100
AcDbEntity
  8
SOBRANTES-TEXTO
100
AcDbText
 10
284.96790000000004
 20
-63.8423
 30
0.0
 40
0.05
  1
PA-R-085
 72
1
 11
284.96790000000004
 21
-63.8423
 31
0.0
100
AcDbText
 73
2
  0
LWPOLYLINE
  5
530
330
17
100
AcDbEntity
  8
SOBRANTES-MAPA
100
AcDbPolyline
 90
4
 70
1
 10
285.0689
 20
-61.6668
 10
285.2689
 20
-61.6668
 10
285.2689
 20
-60.4668
 10
285.0689
 20
-60.4668
  0
LWPOLYLINE
  5
531
330
17
100
AcDbEntity
  8
SOBRANTES-RECORTE
100
AcDbPolyline
 90
4
 70
1
 10
285.0689
 20
-60.7323
 10
285.2689
 20
-60.7323
 10
285.2689
 20
-60.4668
 10
285.0689
 20
-60.4668
  0
TEXT
  5
532
330
17
100
AcDbEntity
  8
SOBRANTES-TEXTO
100
AcDbText
 10
285.1689
 20
-61.0668
 30
0.0
 40
0.05
  1
PA-R-021
 72
1
 11
285.1689
 21
-61.0668
 31
0.0
100
AcDbText
 73
2
  0
LWPOLYLINE
  5
533
330
17
100
AcDbEntity
  8
SOBRANTES-MAPA
100
AcDbPolyline
 90
4
 70
1
 10
284.8679
 20
-61.0663
 10
285.0679
 20
-61.0663
 10
285.0679
 20
-59.866299999999995
 10
284.8679
 20
-59.866299999999995
  0
LWPOLYLINE
  5
534
330
17
100
AcDbEntity
  8
SOBRANTES-RECORTE
100
AcDbPolyline
 90
4
 70
1
 10
284.8679
 20
-60.732299999999995
 10
285.0679
 20
-60.732299999999995
 10
285.0679
 20
-59.866299999999995
 10
284.8679
 20
-59.866299999999995
  0
TEXT
  5
535
330
17
100
AcDbEntity
  8
SOBRANTES-TEXTO
100
AcDbText
 10
284.96790000000004
 20
-60.4663
 30
0.0
 40
0.05
  1
PA-R-006
 72
1
 11
284.96790000000004
 21
-60.4663
 31
0.0
100
AcDbText
 73
2
  0
LWPOLYLINE
  5
536
330
17
100
AcDbEntity
  8
SOBRANTES-MAPA
100
AcDbPolyline
 90
4
 70
1
 10
284.4659
 20
-64.4423
 10
284.66589999999997
 20
-64.4423
 10
284.66589999999997
 20
-63.2423
 10
284.4659
 20
-63.2423
  0
LWPOLYLINE
  5
537
330
17
100
AcDbEntity
  8
SOBRANTES-RECORTE
100
AcDbPolyline
 90
4
 70
1
 10
284.4659
 20
-63.469300000000004
 10
284.66589999999997
 20
-63.469300000000004
 10
284.66589999999997
 20
-63.24230000000001
 10
284.4659
 20
-63.24230000000001
  0
TEXT
  5
538
330
17
100
AcDbEntity
  8
SOBRANTES-TEXTO
100
AcDbText
 10
284.5659
 20
-63.8423
 30
0.0
 40
0.05
  1
PA-R-084
 72
1
 11
284.5659
 21
-63.8423
 31
0.0
100
AcDbText
 73
2
  0
LWPOLYLINE
  5
539
330
17
100
AcDbEntity
  8
SOBRANTES-MAPA
100
AcDbPolyline
 90
4
 70
1
 10
284.6669
 20
-61.6668
 10
284.8669
 20
-61.6668
 10
284.8669
 20
-60.4668
 10
284.6669
 20
-60.4668
  0
LWPOLYLINE
  5
53A
330
17
100
AcDbEntity
  8
SOBRANTES-RECORTE
100
AcDbPolyline
 90
4
 70
1
 10
284.6669
 20
-60.7323
 10
284.8669
 20
-60.7323
 10
284.8669
 20
-60.4668
 10
284.6669
 20
-60.4668
  0
TEXT
  5
53B
330
17
100
AcDbEntity
  8
SOBRANTES-TEXTO
100
AcDbText
 10
284.7669
 20
-61.0668
 30
0.0
 40
0.05
  1
PA-R-020
 72
1
 11
284.7669
 21
-61.0668
 31
0.0
100
AcDbText
 73
2
  0
LWPOLYLINE
  5
53C
330
17
100
AcDbEntity
  8
SOBRANTES-MAPA
100
AcDbPolyline
 90
4
 70
1
 10
284.4659
 20
-61.0663
 10
284.66589999999997
 20
-61.0663
 10
284.66589999999997
 20
-59.866299999999995
 10
284.4659
 20
-59.866299999999995
  0
LWPOLYLINE
  5
53D
330
17
100
AcDbEntity
  8
SOBRANTES-RECORTE
100
AcDbPolyline
 90
4
 70
1
 10
284.4659
 20
-60.732299999999995
 10
284.66589999999997
 20
-60.732299999999995
 10
284.66589999999997
 20
-59.866299999999995
 10
284.4659
 20
-59.866299999999995
  0
TEXT
  5
53E
330
17
100
AcDbEntity
  8
SOBRANTES-TEXTO
100
AcDbText
 10
284.5659
 20
-60.4663
 30
0.0
 40
0.05
  1
PA-R-005
 72
1
 11
284.5659
 21
-60.4663
 31
0.0
100
AcDbText
 73
2
  0
LWPOLYLINE
  5
53F
330
17
100
AcDbEntity
  8
SOBRANTES-MAPA
100
AcDbPolyline
 90
4
 70
1
 10
284.0639
 20
-64.4423
 10
284.2639
 20
-64.4423
 10
284.2639
 20
-63.2423
 10
284.0639
 20
-63.2423
  0
LWPOLYLINE
  5
540
330
17
100
AcDbEntity
  8
SOBRANTES-RECORTE
100
AcDbPolyline
 90
4
 70
1
 10
284.0639
 20
-63.469300000000004
 10
284.2639
 20
-63.469300000000004
 10
284.2639
 20
-63.24230000000001
 10
284.0639
 20
-63.24230000000001
  0
TEXT
  5
541
330
17
100
AcDbEntity
  8
SOBRANTES-TEXTO
100
AcDbText
 10
284.1639
 20
-63.8423
 30
0.0
 40
0.05
  1
PA-R-083
 72
1
 11
284.1639
 21
-63.8423
 31
0.0
100
AcDbText
 73
2
  0
LWPOLYLINE
  5
542
330
17
100
AcDbEntity
  8
SOBRANTES-MAPA
100
AcDbPolyline
 90
4
 70
1
 10
284.2649
 20
-61.6668
 10
284.4649
 20
-61.6668
 10
284.4649
 20
-60.4668
 10
284.2649
 20
-60.4668
  0
LWPOLYLINE
  5
543
330
17
100
AcDbEntity
  8
SOBRANTES-RECORTE
100
AcDbPolyline
 90
4
 70
1
 10
284.2649
 20
-60.7323
 10
284.4649
 20
-60.7323
 10
284.4649
 20
-60.4668
 10
284.2649
 20
-60.4668
  0
TEXT
  5
544
330
17
100
AcDbEntity
  8
SOBRANTES-TEXTO
100
AcDbText
 10
284.36490000000003
 20
-61.0668
 30
0.0
 40
0.05
  1
PA-R-019
 72
1
 11
284.36490000000003
 21
-61.0668
 31
0.0
100
AcDbText
 73
2
  0
LWPOLYLINE
  5
545
330
17
100
AcDbEntity
  8
SOBRANTES-MAPA
100
AcDbPolyline
 90
4
 70
1
 10
284.0639
 20
-61.0663
 10
284.2639
 20
-61.0663
 10
284.2639
 20
-59.866299999999995
 10
284.0639
 20
-59.866299999999995
  0
LWPOLYLINE
  5
546
330
17
100
AcDbEntity
  8
SOBRANTES-RECORTE
100
AcDbPolyline
 90
4
 70
1
 10
284.0639
 20
-60.732299999999995
 10
284.2639
 20
-60.732299999999995
 10
284.2639
 20
-59.866299999999995
 10
284.0639
 20
-59.866299999999995
  0
TEXT
  5
547
330
17
100
AcDbEntity
  8
SOBRANTES-TEXTO
100
AcDbText
 10
284.1639
 20
-60.4663
 30
0.0
 40
0.05
  1
PA-R-004
 72
1
 11
284.1639
 21
-60.4663
 31
0.0
100
AcDbText
 73
2
  0
LWPOLYLINE
  5
548
330
17
100
AcDbEntity
  8
SOBRANTES-MAPA
100
AcDbPolyline
 90
4
 70
1
 10
283.6619
 20
-64.4423
 10
283.8619
 20
-64.4423
 10
283.8619
 20
-63.2423
 10
283.6619
 20
-63.2423
  0
LWPOLYLINE
  5
549
330
17
100
AcDbEntity
  8
SOBRANTES-RECORTE
100
AcDbPolyline
 90
4
 70
1
 10
283.6619
 20
-63.469300000000004
 10
283.8619
 20
-63.469300000000004
 10
283.8619
 20
-63.24230000000001
 10
283.6619
 20
-63.24230000000001
  0
TEXT
  5
54A
330
17
100
AcDbEntity
  8
SOBRANTES-TEXTO
100
AcDbText
 10
283.7619
 20
-63.8423
 30
0.0
 40
0.05
  1
PA-R-082
 72
1
 11
283.7619
 21
-63.8423
 31
0.0
100
AcDbText
 73
2
  0
LWPOLYLINE
  5
54B
330
17
100
AcDbEntity
  8
SOBRANTES-MAPA
100
AcDbPolyline
 90
4
 70
1
 10
283.8629
 20
-61.6668
 10
284.0629
 20
-61.6668
 10
284.0629
 20
-60.4668
 10
283.8629
 20
-60.4668
  0
LWPOLYLINE
  5
54C
330
17
100
AcDbEntity
  8
SOBRANTES-RECORTE
100
AcDbPolyline
 90
4
 70
1
 10
283.8629
 20
-60.7323
 10
284.0629
 20
-60.7323
 10
284.0629
 20
-60.4668
 10
283.8629
 20
-60.4668
  0
TEXT
  5
54D
330
17
100
AcDbEntity
  8
SOBRANTES-TEXTO
100
AcDbText
 10
283.96290000000005
 20
-61.0668
 30
0.0
 40
0.05
  1
PA-R-018
 72
1
 11
283.96290000000005
 21
-61.0668
 31
0.0
100
AcDbText
 73
2
  0
LWPOLYLINE
  5
54E
330
17
100
AcDbEntity
  8
SOBRANTES-MAPA
100
AcDbPolyline
 90
4
 70
1
 10
283.6619
 20
-61.0663
 10
283.8619
 20
-61.0663
 10
283.8619
 20
-59.866299999999995
 10
283.6619
 20
-59.866299999999995
  0
LWPOLYLINE
  5
54F
330
17
100
AcDbEntity
  8
SOBRANTES-RECORTE
100
AcDbPolyline
 90
4
 70
1
 10
283.6619
 20
-60.732299999999995
 10
283.8619
 20
-60.732299999999995
 10
283.8619
 20
-59.866299999999995
 10
283.6619
 20
-59.866299999999995
  0
TEXT
  5
550
330
17
100
AcDbEntity
  8
SOBRANTES-TEXTO
100
AcDbText
 10
283.7619
 20
-60.4663
 30
0.0
 40
0.05
  1
PA-R-003
 72
1
 11
283.7619
 21
-60.4663
 31
0.0
100
AcDbText
 73
2
  0
LWPOLYLINE
  5
551
330
17
100
AcDbEntity
  8
SOBRANTES-MAPA
100
AcDbPolyline
 90
4
 70
1
 10
283.2599
 20
-64.4423
 10
283.4599
 20
-64.4423
 10
283.4599
 20
-63.2423
 10
283.2599
 20
-63.2423
  0
LWPOLYLINE
  5
552
330
17
100
AcDbEntity
  8
SOBRANTES-RECORTE
100
AcDbPolyline
 90
4
 70
1
 10
283.2599
 20
-63.469300000000004
 10
283.4599
 20
-63.469300000000004
 10
283.4599
 20
-63.24230000000001
 10
283.2599
 20
-63.24230000000001
  0
TEXT
  5
553
330
17
100
AcDbEntity
  8
SOBRANTES-TEXTO
100
AcDbText
 10
283.35990000000004
 20
-63.8423
 30
0.0
 40
0.05
  1
PA-R-081
 72
1
 11
283.35990000000004
 21
-63.8423
 31
0.0
100
AcDbText
 73
2
  0
LWPOLYLINE
  5
554
330
17
100
AcDbEntity
  8
SOBRANTES-MAPA
100
AcDbPolyline
 90
4
 70
1
 10
283.4609
 20
-61.6668
 10
283.66089999999997
 20
-61.6668
 10
283.66089999999997
 20
-60.4668
 10
283.4609
 20
-60.4668
  0
LWPOLYLINE
  5
555
330
17
100
AcDbEntity
  8
SOBRANTES-RECORTE
100
AcDbPolyline
 90
4
 70
1
 10
283.4609
 20
-60.7323
 10
283.66089999999997
 20
-60.7323
 10
283.66089999999997
 20
-60.4668
 10
283.4609
 20
-60.4668
  0
TEXT
  5
556
330
17
100
AcDbEntity
  8
SOBRANTES-TEXTO
100
AcDbText
 10
283.5609
 20
-61.0668
 30
0.0
 40
0.05
  1
PA-R-017
 72
1
 11
283.5609
 21
-61.0668
 31
0.0
100
AcDbText
 73
2
  0
LWPOLYLINE
  5
557
330
17
100
AcDbEntity
  8
SOBRANTES-MAPA
100
AcDbPolyline
 90
4
 70
1
 10
283.2599
 20
-61.0663
 10
283.4599
 20
-61.0663
 10
283.4599
 20
-59.866299999999995
 10
283.2599
 20
-59.866299999999995
  0
LWPOLYLINE
  5
558
330
17
100
AcDbEntity
  8
SOBRANTES-RECORTE
100
AcDbPolyline
 90
4
 70
1
 10
283.2599
 20
-60.732299999999995
 10
283.4599
 20
-60.732299999999995
 10
283.4599
 20
-59.866299999999995
 10
283.2599
 20
-59.866299999999995
  0
TEXT
  5
559
330
17
100
AcDbEntity
  8
SOBRANTES-TEXTO
100
AcDbText
 10
283.35990000000004
 20
-60.4663
 30
0.0
 40
0.05
  1
PA-R-002
 72
1
 11
283.35990000000004
 21
-60.4663
 31
0.0
100
AcDbText
 73
2
  0
LWPOLYLINE
  5
55A
330
17
100
AcDbEntity
  8
SOBRANTES-MAPA
100
AcDbPolyline
 90
4
 70
1
 10
282.8579
 20
-64.4423
 10
283.05789999999996
 20
-64.4423
 10
283.05789999999996
 20
-63.2423
 10
282.8579
 20
-63.2423
  0
LWPOLYLINE
  5
55B
330
17
100
AcDbEntity
  8
SOBRANTES-RECORTE
100
AcDbPolyline
 90
4
 70
1
 10
282.8579
 20
-63.469300000000004
 10
283.05789999999996
 20
-63.469300000000004
 10
283.05789999999996
 20
-63.24230000000001
 10
282.8579
 20
-63.24230000000001
  0
TEXT
  5
55C
330
17
100
AcDbEntity
  8
SOBRANTES-TEXTO
100
AcDbText
 10
282.9579
 20
-63.8423
 30
0.0
 40
0.05
  1
PA-R-080
 72
1
 11
282.9579
 21
-63.8423
 31
0.0
100
AcDbText
 73
2
  0
LWPOLYLINE
  5
55D
330
17
100
AcDbEntity
  8
SOBRANTES-MAPA
100
AcDbPolyline
 90
4
 70
1
 10
283.0589
 20
-61.6668
 10
283.2589
 20
-61.6668
 10
283.2589
 20
-60.4668
 10
283.0589
 20
-60.4668
  0
LWPOLYLINE
  5
55E
330
17
100
AcDbEntity
  8
SOBRANTES-RECORTE
100
AcDbPolyline
 90
4
 70
1
 10
283.0589
 20
-60.7323
 10
283.2589
 20
-60.7323
 10
283.2589
 20
-60.4668
 10
283.0589
 20
-60.4668
  0
TEXT
  5
55F
330
17
100
AcDbEntity
  8
SOBRANTES-TEXTO
100
AcDbText
 10
283.1589
 20
-61.0668
 30
0.0
 40
0.05
  1
PA-R-016
 72
1
 11
283.1589
 21
-61.0668
 31
0.0
100
AcDbText
 73
2
  0
LWPOLYLINE
  5
560
330
17
100
AcDbEntity
  8
SOBRANTES-MAPA
100
AcDbPolyline
 90
4
 70
1
 10
282.8579
 20
-61.0663
 10
283.05789999999996
 20
-61.0663
 10
283.05789999999996
 20
-59.866299999999995
 10
282.8579
 20
-59.866299999999995
  0
LWPOLYLINE
  5
561
330
17
100
AcDbEntity
  8
SOBRANTES-RECORTE
100
AcDbPolyline
 90
4
 70
1
 10
282.8579
 20
-60.732299999999995
 10
283.05789999999996
 20
-60.732299999999995
 10
283.05789999999996
 20
-59.866299999999995
 10
282.8579
 20
-59.866299999999995
  0
TEXT
  5
562
330
17
100
AcDbEntity
  8
SOBRANTES-TEXTO
100
AcDbText
 10
282.9579
 20
-60.4663
 30
0.0
 40
0.05
  1
PA-R-001
 72
1
 11
282.9579
 21
-60.4663
 31
0.0
100
AcDbText
 73
2
  0
LWPOLYLINE
  5
563
330
17
100
AcDbEntity
  8
SOBRANTES-MAPA
100
AcDbPolyline
 90
4
 70
1
 10
282.8319
 20
-64.0688
 10
283.0319
 20
-64.0688
 10
283.0319
 20
-62.86879999999999
 10
282.8319
 20
-62.86879999999999
  0
LWPOLYLINE
  5
564
330
17
100
AcDbEntity
  8
SOBRANTES-RECORTE
100
AcDbPolyline
 90
4
 70
1
 10
282.8569
 20
-64.0688
 10
283.0319
 20
-64.0688
 10
283.0319
 20
-62.86879999999999
 10
282.8569
 20
-62.86879999999999
  0
TEXT
  5
565
330
17
100
AcDbEntity
  8
SOBRANTES-TEXTO
100
AcDbText
 10
282.93190000000004
 20
-63.468799999999995
 30
0.0
 40
0.05
  1
PA-R-067
 72
1
 11
282.93190000000004
 21
-63.468799999999995
 31
0.0
100
AcDbText
 73
2
  0
LWPOLYLINE
  5
566
330
17
100
AcDbEntity
  8
SOBRANTES-MAPA
100
AcDbPolyline
 90
4
 70
1
 10
282.8319
 20
-62.8678
 10
283.0319
 20
-62.8678
 10
283.0319
 20
-61.6678
 10
282.8319
 20
-61.6678
  0
LWPOLYLINE
  5
567
330
17
100
AcDbEntity
  8
SOBRANTES-RECORTE
100
AcDbPolyline
 90
4
 70
1
 10
282.8569
 20
-62.8678
 10
283.0319
 20
-62.8678
 10
283.0319
 20
-61.6678
 10
282.8569
 20
-61.6678
  0
TEXT
  5
568
330
17
100
AcDbEntity
  8
SOBRANTES-TEXTO
100
AcDbText
 10
282.93190000000004
 20
-62.2678
 30
0.0
 40
0.05
  1
PA-R-041
 72
1
 11
282.93190000000004
 21
-62.2678
 31
0.0
100
AcDbText
 73
2
  0
LWPOLYLINE
  5
569
330
17
100
AcDbEntity
  8
SOBRANTES-MAPA
100
AcDbPolyline
 90
4
 70
1
 10
282.8319
 20
-61.6668
 10
283.0319
 20
-61.6668
 10
283.0319
 20
-60.4668
 10
282.8319
 20
-60.4668
  0
LWPOLYLINE
  5
56A
330
17
100
AcDbEntity
  8
SOBRANTES-RECORTE
100
AcDbPolyline
 90
4
 70
1
 10
282.8569
 20
-61.6668
 10
283.0319
 20
-61.6668
 10
283.0319
 20
-60.7323
 10
282.8569
 20
-60.7323
  0
LWPOLYLINE
  5
56B
330
17
100
AcDbEntity
  8
SOBRANTES-RECORTE
100
AcDbPolyline
 90
4
 70
1
 10
282.8319
 20
-60.7323
 10
282.8569
 20
-60.7323
 10
282.8569
 20
-60.4668
 10
282.8319
 20
-60.4668
  0
TEXT
  5
56C
330
17
100
AcDbEntity
  8
SOBRANTES-TEXTO
100
AcDbText
 10
282.93190000000004
 20
-61.0668
 30
0.0
 40
0.05
  1
PA-R-015
 72
1
 11
282.93190000000004
 21
-61.0668
 31
0.0
100
AcDbText
 73
2
  0
LWPOLYLINE
  5
56D
330
17
100
AcDbEntity
  8
SOBRANTES-MAPA
100
AcDbPolyline
 90
4
 70
1
 10
287.6819
 20
-61.0663
 10
287.8819
 20
-61.0663
 10
287.8819
 20
-59.866299999999995
 10
287.6819
 20
-59.866299999999995
  0
LWPOLYLINE
  5
56E
330
17
100
AcDbEntity
  8
SOBRANTES-RECORTE
100
AcDbPolyline
 90
4
 70
1
 10
287.6819
 20
-60.732299999999995
 10
287.8819
 20
-60.732299999999995
 10
287.8819
 20
-59.866299999999995
 10
287.6819
 20
-59.866299999999995
  0
TEXT
  5
56F
330
17
100
AcDbEntity
  8
SOBRANTES-TEXTO
100
AcDbText
 10
287.7819
 20
-60.4663
 30
0.0
 40
0.05
  1
PA-R-013
 72
1
 11
287.7819
 21
-60.4663
 31
0.0
100
AcDbText
 73
2
  0
LWPOLYLINE
  5
570
330
17
100
AcDbEntity
  8
SOBRANTES-MAPA
100
AcDbPolyline
 90
4
 70
1
 10
286.9303
 20
-70.7363
 10
287.5303
 20
-70.7363
 10
287.5303
 20
-69.5423
 10
286.9303
 20
-69.5423
  0
LWPOLYLINE
  5
571
330
17
100
AcDbEntity
  8
SOBRANTES-RECORTE
100
AcDbPolyline
 90
4
 70
1
 10
286.9303
 20
-70.7363
 10
287.5303
 20
-70.7363
 10
287.5303
 20
-70.6923
 10
286.9303
 20
-70.6923
  0
TEXT
  5
572
330
17
100
AcDbEntity
  8
SOBRANTES-TEXTO
100
AcDbText
 10
287.2303
 20
-70.1393
 30
0.0
 40
0.05
  1
PA-M-079
 72
1
 11
287.2303
 21
-70.1393
 31
0.0
100
AcDbText
 73
2
  0
LWPOLYLINE
  5
573
330
17
100
AcDbEntity
  8
SOBRANTES-MAPA
100
AcDbPolyline
 90
4
 70
1
 10
286.5786
 20
-69.5403
 10
287.1746
 20
-69.5403
 10
287.1746
 20
-68.3403
 10
286.5786
 20
-68.3403
  0
LWPOLYLINE
  5
574
330
17
100
AcDbEntity
  8
SOBRANTES-RECORTE
100
AcDbPolyline
 90
4
 70
1
 10
286.9283
 20
-69.5403
 10
287.1746
 20
-69.5403
 10
287.1746
 20
-68.3403
 10
286.9283
 20
-68.3403
  0
TEXT
  5
575
330
17
100
AcDbEntity
  8
SOBRANTES-TEXTO
100
AcDbText
 10
286.8766
 20
-68.94030000000001
 30
0.0
 40
0.05
  1
PA-M-057
 72
1
 11
286.8766
 21
-68.94030000000001
 31
0.0
100
AcDbText
 73
2
  0
LWPOLYLINE
  5
576
330
17
100
AcDbEntity
  8
SOBRANTES-MAPA
100
AcDbPolyline
 90
4
 70
1
 10
287.5323
 20
-67.1363
 10
288.1283
 20
-67.1363
 10
288.1283
 20
-65.9363
 10
287.5323
 20
-65.9363
  0
LWPOLYLINE
  5
577
330
17
100
AcDbEntity
  8
SOBRANTES-RECORTE
100
AcDbPolyline
 90
4
 70
1
 10
287.882
 20
-67.1363
 10
288.1283
 20
-67.1363
 10
288.1283
 20
-65.9363
 10
287.882
 20
-65.9363
  0
TEXT
  5
578
330
17
100
AcDbEntity
  8
SOBRANTES-TEXTO
100
AcDbText
 10
287.8303
 20
-66.53630000000001
 30
0.0
 40
0.05
  1
PA-M-045
 72
1
 11
287.8303
 21
-66.53630000000001
 31
0.0
100
AcDbText
 73
2
  0
LWPOLYLINE
  5
579
330
17
100
AcDbEntity
  8
SOBRANTES-MAPA
100
AcDbPolyline
 90
4
 70
1
 10
287.5323
 20
-65.9343
 10
288.1283
 20
-65.9343
 10
288.1283
 20
-64.73429999999999
 10
287.5323
 20
-64.73429999999999
  0
LWPOLYLINE
  5
57A
330
17
100
AcDbEntity
  8
SOBRANTES-RECORTE
100
AcDbPolyline
 90
4
 70
1
 10
287.882
 20
-65.9343
 10
288.1283
 20
-65.9343
 10
288.1283
 20
-64.73429999999999
 10
287.882
 20
-64.73429999999999
  0
TEXT
  5
57B
330
17
100
AcDbEntity
  8
SOBRANTES-TEXTO
100
AcDbText
 10
287.8303
 20
-65.3343
 30
0.0
 40
0.05
  1
PA-M-037
 72
1
 11
287.8303
 21
-65.3343
 31
0.0
100
AcDbText
 73
2
  0
LWPOLYLINE
  5
57C
330
17
100
AcDbEntity
  8
SOBRANTES-MAPA
100
AcDbPolyline
 90
4
 70
1
 10
287.5323
 20
-64.7323
 10
287.882
 20
-64.7323
 10
287.882
 20
-63.53229999999999
 10
287.5323
 20
-63.53229999999999
  0
LWPOLYLINE
  5
57D
330
17
100
AcDbEntity
  8
SOBRANTES-RECORTE
100
AcDbPolyline
 90
4
 70
1
 10
287.5323
 20
-64.53229999999999
 10
287.882
 20
-64.53229999999999
 10
287.882
 20
-63.53229999999999
 10
287.5323
 20
-63.53229999999999
  0
TEXT
  5
57E
330
17
100
AcDbEntity
  8
SOBRANTES-TEXTO
100
AcDbText
 10
287.70715
 20
-64.1323
 30
0.0
 40
0.05
  1
PA-R-106
 72
1
 11
287.70715
 21
-64.1323
 31
0.0
100
AcDbText
 73
2
  0
LWPOLYLINE
  5
57F
330
17
100
AcDbEntity
  8
SOBRANTES-MAPA
100
AcDbPolyline
 90
4
 70
1
 10
286.9303
 20
-64.7323
 10
287.5303
 20
-64.7323
 10
287.5303
 20
-63.53829999999999
 10
286.9303
 20
-63.53829999999999
  0
LWPOLYLINE
  5
580
330
17
100
AcDbEntity
  8
SOBRANTES-RECORTE
100
AcDbPolyline
 90
4
 70
1
 10
286.9303
 20
-64.53229999999999
 10
287.5303
 20
-64.53229999999999
 10
287.5303
 20
-63.53829999999999
 10
286.9303
 20
-63.53829999999999
  0
TEXT
  5
581
330
17
100
AcDbEntity
  8
SOBRANTES-TEXTO
100
AcDbText
 10
287.2303
 20
-64.1353
 30
0.0
 40
0.05
  1
PA-M-028
 72
1
 11
287.2303
 21
-64.1353
 31
0.0
100
AcDbText
 73
2
  0
LWPOLYLINE
  5
582
330
17
100
AcDbEntity
  8
SOBRANTES-MAPA
100
AcDbPolyline
 90
4
 70
1
 10
287.5323
 20
-69.5403
 10
288.1283
 20
-69.5403
 10
288.1283
 20
-68.3403
 10
287.5323
 20
-68.3403
  0
LWPOLYLINE
  5
583
330
17
100
AcDbEntity
  8
SOBRANTES-RECORTE
100
AcDbPolyline
 90
4
 70
1
 10
287.882
 20
-69.5403
 10
288.1283
 20
-69.5403
 10
288.1283
 20
-68.3403
 10
287.882
 20
-68.3403
  0
TEXT
  5
584
330
17
100
AcDbEntity
  8
SOBRANTES-TEXTO
100
AcDbText
 10
287.8303
 20
-68.94030000000001
 30
0.0
 40
0.05
  1
PA-M-059
 72
1
 11
287.8303
 21
-68.94030000000001
 31
0.0
100
AcDbText
 73
2
  0
LWPOLYLINE
  5
585
330
17
100
AcDbEntity
  8
SOBRANTES-MAPA
100
AcDbPolyline
 90
4
 70
1
 10
287.5323
 20
-70.7363
 10
288.1283
 20
-70.7363
 10
288.1283
 20
-69.5423
 10
287.5323
 20
-69.5423
  0
LWPOLYLINE
  5
586
330
17
100
AcDbEntity
  8
SOBRANTES-RECORTE
100
AcDbPolyline
 90
4
 70
1
 10
287.882
 20
-70.6923
 10
288.1283
 20
-70.6923
 10
288.1283
 20
-69.5423
 10
287.882
 20
-69.5423
  0
LWPOLYLINE
  5
587
330
17
100
AcDbEntity
  8
SOBRANTES-RECORTE
100
AcDbPolyline
 90
4
 70
1
 10
287.5323
 20
-70.7363
 10
287.882
 20
-70.7363
 10
287.882
 20
-70.6923
 10
287.5323
 20
-70.6923
  0
TEXT
  5
588
330
17
100
AcDbEntity
  8
SOBRANTES-TEXTO
100
AcDbText
 10
287.8303
 20
-70.1393
 30
0.0
 40
0.05
  1
PA-M-080
 72
1
 11
287.8303
 21
-70.1393
 31
0.0
100
AcDbText
 73
2
  0
LWPOLYLINE
  5
589
330
17
100
AcDbEntity
  8
SOBRANTES-MAPA
100
AcDbPolyline
 90
4
 70
1
 10
286.5786
 20
-68.3383
 10
287.1746
 20
-68.3383
 10
287.1746
 20
-67.1383
 10
286.5786
 20
-67.1383
  0
LWPOLYLINE
  5
58A
330
17
100
AcDbEntity
  8
SOBRANTES-RECORTE
100
AcDbPolyline
 90
4
 70
1
 10
286.9283
 20
-68.3383
 10
287.1746
 20
-68.3383
 10
287.1746
 20
-67.1383
 10
286.9283
 20
-67.1383
  0
TEXT
  5
58B
330
17
100
AcDbEntity
  8
SOBRANTES-TEXTO
100
AcDbText
 10
286.8766
 20
-67.73830000000001
 30
0.0
 40
0.05
  1
PA-M-046
 72
1
 11
286.8766
 21
-67.73830000000001
 31
0.0
100
AcDbText
 73
2
  0
LWPOLYLINE
  5
58C
330
17
100
AcDbEntity
  8
SOBRANTES-MAPA
100
AcDbPolyline
 90
4
 70
1
 10
286.5786
 20
-67.1363
 10
287.1746
 20
-67.1363
 10
287.1746
 20
-65.9363
 10
286.5786
 20
-65.9363
  0
LWPOLYLINE
  5
58D
330
17
100
AcDbEntity
  8
SOBRANTES-RECORTE
100
AcDbPolyline
 90
4
 70
1
 10
286.9283
 20
-67.1363
 10
287.1746
 20
-67.1363
 10
287.1746
 20
-65.9363
 10
286.9283
 20
-65.9363
  0
TEXT
  5
58E
330
17
100
AcDbEntity
  8
SOBRANTES-TEXTO
100
AcDbText
 10
286.8766
 20
-66.53630000000001
 30
0.0
 40
0.05
  1
PA-M-043
 72
1
 11
286.8766
 21
-66.53630000000001
 31
0.0
100
AcDbText
 73
2
  0
LWPOLYLINE
  5
58F
330
17
100
AcDbEntity
  8
SOBRANTES-MAPA
100
AcDbPolyline
 90
4
 70
1
 10
286.5786
 20
-65.9343
 10
287.1746
 20
-65.9343
 10
287.1746
 20
-64.73429999999999
 10
286.5786
 20
-64.73429999999999
  0
LWPOLYLINE
  5
590
330
17
100
AcDbEntity
  8
SOBRANTES-RECORTE
100
AcDbPolyline
 90
4
 70
1
 10
286.9283
 20
-65.9343
 10
287.1746
 20
-65.9343
 10
287.1746
 20
-64.73429999999999
 10
286.9283
 20
-64.73429999999999
  0
TEXT
  5
591
330
17
100
AcDbEntity
  8
SOBRANTES-TEXTO
100
AcDbText
 10
286.8766
 20
-65.3343
 30
0.0
 40
0.05
  1
PA-M-035
 72
1
 11
286.8766
 21
-65.3343
 31
0.0
100
AcDbText
 73
2
  0
LWPOLYLINE
  5
592
330
17
100
AcDbEntity
  8
SOBRANTES-MAPA
100
AcDbPolyline
 90
4
 70
1
 10
286.5786
 20
-64.7323
 10
287.1746
 20
-64.7323
 10
287.1746
 20
-63.53829999999999
 10
286.5786
 20
-63.53829999999999
  0
LWPOLYLINE
  5
593
330
17
100
AcDbEntity
  8
SOBRANTES-RECORTE
100
AcDbPolyline
 90
4
 70
1
 10
286.9283
 20
-64.7323
 10
287.1746
 20
-64.7323
 10
287.1746
 20
-64.6223
 10
286.9283
 20
-64.6223
  0
LWPOLYLINE
  5
594
330
17
100
AcDbEntity
  8
SOBRANTES-RECORTE
100
AcDbPolyline
 90
4
 70
1
 10
286.5786
 20
-64.6223
 10
286.9283
 20
-64.6223
 10
286.9283
 20
-63.53829999999999
 10
286.5786
 20
-63.53829999999999
  0
TEXT
  5
595
330
17
100
AcDbEntity
  8
SOBRANTES-TEXTO
100
AcDbText
 10
286.8766
 20
-64.1353
 30
0.0
 40
0.05
  1
PA-M-029
 72
1
 11
286.8766
 21
-64.1353
 31
0.0
100
AcDbText
 73
2
  0
LWPOLYLINE
  5
596
330
17
100
AcDbEntity
  8
SOBRANTES-MAPA
100
AcDbPolyline
 90
4
 70
1
 10
289.7779
 20
-64.4423
 10
290.3739
 20
-64.4423
 10
290.3739
 20
-63.2483
 10
289.7779
 20
-63.2483
  0
LWPOLYLINE
  5
597
330
17
100
AcDbEntity
  8
SOBRANTES-RECORTE
100
AcDbPolyline
 90
4
 70
1
 10
290.1921
 20
-64.4423
 10
290.3739
 20
-64.4423
 10
290.3739
 20
-63.621300000000005
 10
290.1921
 20
-63.621300000000005
  0
LWPOLYLINE
  5
598
330
17
100
AcDbEntity
  8
SOBRANTES-RECORTE
100
AcDbPolyline
 90
4
 70
1
 10
289.7779
 20
-63.621300000000005
 10
290.1921
 20
-63.621300000000005
 10
290.1921
 20
-63.24830000000001
 10
289.7779
 20
-63.24830000000001
  0
TEXT
  5
599
330
17
100
AcDbEntity
  8
SOBRANTES-TEXTO
100
AcDbText
 10
290.0759
 20
-63.8453
 30
0.0
 40
0.05
  1
PA-M-026
 72
1
 11
290.0759
 21
-63.8453
 31
0.0
100
AcDbText
 73
2
  0
LWPOLYLINE
  5
59A
330
17
100
AcDbEntity
  8
SOBRANTES-MAPA
100
AcDbPolyline
 90
4
 70
1
 10
289.1759
 20
-64.4423
 10
289.77590000000004
 20
-64.4423
 10
289.77590000000004
 20
-63.2483
 10
289.1759
 20
-63.2483
  0
LWPOLYLINE
  5
59B
330
17
100
AcDbEntity
  8
SOBRANTES-RECORTE
100
AcDbPolyline
 90
4
 70
1
 10
289.1759
 20
-63.621300000000005
 10
289.77590000000004
 20
-63.621300000000005
 10
289.77590000000004
 20
-63.24830000000001
 10
289.1759
 20
-63.24830000000001
  0
TEXT
  5
59C
330
17
100
AcDbEntity
  8
SOBRANTES-TEXTO
100
AcDbText
 10
289.4759
 20
-63.8453
 30
0.0
 40
0.05
  1
PA-M-025
 72
1
 11
289.4759
 21
-63.8453
 31
0.0
100
AcDbText
 73
2
  0
LWPOLYLINE
  5
59D
330
17
100
AcDbEntity
  8
SOBRANTES-MAPA
100
AcDbPolyline
 90
4
 70
1
 10
288.5739
 20
-64.4423
 10
289.1739
 20
-64.4423
 10
289.1739
 20
-63.2483
 10
288.5739
 20
-63.2483
  0
LWPOLYLINE
  5
59E
330
17
100
AcDbEntity
  8
SOBRANTES-RECORTE
100
AcDbPolyline
 90
4
 70
1
 10
288.5739
 20
-63.621300000000005
 10
289.1739
 20
-63.621300000000005
 10
289.1739
 20
-63.24830000000001
 10
288.5739
 20
-63.24830000000001
  0
TEXT
  5
59F
330
17
100
AcDbEntity
  8
SOBRANTES-TEXTO
100
AcDbText
 10
288.8739
 20
-63.8453
 30
0.0
 40
0.05
  1
PA-M-024
 72
1
 11
288.8739
 21
-63.8453
 31
0.0
100
AcDbText
 73
2
  0
LWPOLYLINE
  5
5A0
330
17
100
AcDbEntity
  8
SOBRANTES-MAPA
100
AcDbPolyline
 90
4
 70
1
 10
288.0619
 20
-64.4423
 10
288.6579
 20
-64.4423
 10
288.6579
 20
-63.2483
 10
288.0619
 20
-63.2483
  0
LWPOLYLINE
  5
5A1
330
17
100
AcDbEntity
  8
SOBRANTES-RECORTE
100
AcDbPolyline
 90
4
 70
1
 10
288.57189999999997
 20
-64.4423
 10
288.6579
 20
-64.4423
 10
288.6579
 20
-63.621300000000005
 10
288.57189999999997
 20
-63.621300000000005
  0
LWPOLYLINE
  5
5A2
330
17
100
AcDbEntity
  8
SOBRANTES-RECORTE
100
AcDbPolyline
 90
4
 70
1
 10
288.0619
 20
-63.621300000000005
 10
288.57189999999997
 20
-63.621300000000005
 10
288.57189999999997
 20
-63.24830000000001
 10
288.0619
 20
-63.24830000000001
  0
TEXT
  5
5A3
330
17
100
AcDbEntity
  8
SOBRANTES-TEXTO
100
AcDbText
 10
288.3599
 20
-63.8453
 30
0.0
 40
0.05
  1
PA-M-023
 72
1
 11
288.3599
 21
-63.8453
 31
0.0
100
AcDbText
 73
2
  0
LWPOLYLINE
  5
5A4
330
17
100
AcDbEntity
  8
SOBRANTES-MAPA
100
AcDbPolyline
 90
4
 70
1
 10
290.9819
 20
-62.9473
 10
291.5779
 20
-62.9473
 10
291.5779
 20
-61.753299999999996
 10
290.9819
 20
-61.753299999999996
  0
LWPOLYLINE
  5
5A5
330
17
100
AcDbEntity
  8
SOBRANTES-RECORTE
100
AcDbPolyline
 90
4
 70
1
 10
291.3919
 20
-62.9473
 10
291.5779
 20
-62.9473
 10
291.5779
 20
-62.4193
 10
291.3919
 20
-62.4193
  0
LWPOLYLINE
  5
5A6
330
17
100
AcDbEntity
  8
SOBRANTES-RECORTE
100
AcDbPolyline
 90
4
 70
1
 10
290.9819
 20
-62.4193
 10
291.3919
 20
-62.4193
 10
291.3919
 20
-61.7533
 10
290.9819
 20
-61.7533
  0
TEXT
  5
5A7
330
17
100
AcDbEntity
  8
SOBRANTES-TEXTO
100
AcDbText
 10
291.2799
 20
-62.3503
 30
0.0
 40
0.05
  1
PA-M-018
 72
1
 11
291.2799
 21
-62.3503
 31
0.0
100
AcDbText
 73
2
  0
LWPOLYLINE
  5
5A8
330
17
100
AcDbEntity
  8
SOBRANTES-MAPA
100
AcDbPolyline
 90
4
 70
1
 10
290.3799
 20
-62.9473
 10
290.97990000000004
 20
-62.9473
 10
290.97990000000004
 20
-61.753299999999996
 10
290.3799
 20
-61.753299999999996
  0
LWPOLYLINE
  5
5A9
330
17
100
AcDbEntity
  8
SOBRANTES-RECORTE
100
AcDbPolyline
 90
4
 70
1
 10
290.3799
 20
-62.4193
 10
290.97990000000004
 20
-62.4193
 10
290.97990000000004
 20
-61.7533
 10
290.3799
 20
-61.7533
  0
TEXT
  5
5AA
330
17
100
AcDbEntity
  8
SOBRANTES-TEXTO
100
AcDbText
 10
290.67990000000003
 20
-62.3503
 30
0.0
 40
0.05
  1
PA-M-017
 72
1
 11
290.67990000000003
 21
-62.3503
 31
0.0
100
AcDbText
 73
2
  0
LWPOLYLINE
  5
5AB
330
17
100
AcDbEntity
  8
SOBRANTES-MAPA
100
AcDbPolyline
 90
4
 70
1
 10
288.0619
 20
-63.6193
 10
288.6579
 20
-63.6193
 10
288.6579
 20
-62.4193
 10
288.0619
 20
-62.4193
  0
LWPOLYLINE
  5
5AC
330
17
100
AcDbEntity
  8
SOBRANTES-RECORTE
100
AcDbPolyline
 90
4
 70
1
 10
288.57189999999997
 20
-63.6193
 10
288.6579
 20
-63.6193
 10
288.6579
 20
-62.4193
 10
288.57189999999997
 20
-62.4193
  0
TEXT
  5
5AD
330
17
100
AcDbEntity
  8
SOBRANTES-TEXTO
100
AcDbText
 10
288.3599
 20
-63.0193
 30
0.0
 40
0.05
  1
PA-M-019
 72
1
 11
288.3599
 21
-63.0193
 31
0.0
100
AcDbText
 73
2
  0
LWPOLYLINE
  5
5AE
330
17
100
AcDbEntity
  8
SOBRANTES-MAPA
100
AcDbPolyline
 90
4
 70
1
 10
290.9819
 20
-62.4173
 10
291.5779
 20
-62.4173
 10
291.5779
 20
-61.223299999999995
 10
290.9819
 20
-61.223299999999995
  0
LWPOLYLINE
  5
5AF
330
17
100
AcDbEntity
  8
SOBRANTES-RECORTE
100
AcDbPolyline
 90
4
 70
1
 10
291.3919
 20
-62.4173
 10
291.5779
 20
-62.4173
 10
291.5779
 20
-61.8473
 10
291.3919
 20
-61.8473
  0
LWPOLYLINE
  5
5B0
330
17
100
AcDbEntity
  8
SOBRANTES-RECORTE
100
AcDbPolyline
 90
4
 70
1
 10
290.9819
 20
-61.8473
 10
291.3919
 20
-61.8473
 10
291.3919
 20
-61.223299999999995
 10
290.9819
 20
-61.223299999999995
  0
TEXT
  5
5B1
330
17
100
AcDbEntity
  8
SOBRANTES-TEXTO
100
AcDbText
 10
291.2799
 20
-61.820299999999996
 30
0.0
 40
0.05
  1
PA-M-016
 72
1
 11
291.2799
 21
-61.820299999999996
 31
0.0
100
AcDbText
 73
2
  0
LWPOLYLINE
  5
5B2
330
17
100
AcDbEntity
  8
SOBRANTES-MAPA
100
AcDbPolyline
 90
4
 70
1
 10
290.3799
 20
-62.4173
 10
290.97990000000004
 20
-62.4173
 10
290.97990000000004
 20
-61.223299999999995
 10
290.3799
 20
-61.223299999999995
  0
LWPOLYLINE
  5
5B3
330
17
100
AcDbEntity
  8
SOBRANTES-RECORTE
100
AcDbPolyline
 90
4
 70
1
 10
290.3799
 20
-61.8473
 10
290.97990000000004
 20
-61.8473
 10
290.97990000000004
 20
-61.223299999999995
 10
290.3799
 20
-61.223299999999995
  0
TEXT
  5
5B4
330
17
100
AcDbEntity
  8
SOBRANTES-TEXTO
100
AcDbText
 10
290.67990000000003
 20
-61.820299999999996
 30
0.0
 40
0.05
  1
PA-M-015
 72
1
 11
290.67990000000003
 21
-61.820299999999996
 31
0.0
100
AcDbText
 73
2
  0
LWPOLYLINE
  5
5B5
330
17
100
AcDbEntity
  8
SOBRANTES-MAPA
100
AcDbPolyline
 90
4
 70
1
 10
288.0619
 20
-62.4173
 10
288.6579
 20
-62.4173
 10
288.6579
 20
-61.217299999999994
 10
288.0619
 20
-61.217299999999994
  0
LWPOLYLINE
  5
5B6
330
17
100
AcDbEntity
  8
SOBRANTES-RECORTE
100
AcDbPolyline
 90
4
 70
1
 10
288.57189999999997
 20
-62.4173
 10
288.6579
 20
-62.4173
 10
288.6579
 20
-61.217299999999994
 10
288.57189999999997
 20
-61.217299999999994
  0
TEXT
  5
5B7
330
17
100
AcDbEntity
  8
SOBRANTES-TEXTO
100
AcDbText
 10
288.3599
 20
-61.817299999999996
 30
0.0
 40
0.05
  1
PA-M-011
 72
1
 11
288.3599
 21
-61.817299999999996
 31
0.0
100
AcDbText
 73
2
  0
LWPOLYLINE
  5
5B8
330
17
100
AcDbEntity
  8
SOBRANTES-MAPA
100
AcDbPolyline
 90
4
 70
1
 10
290.9819
 20
-61.2153
 10
291.5779
 20
-61.2153
 10
291.5779
 20
-60.0213
 10
290.9819
 20
-60.0213
  0
LWPOLYLINE
  5
5B9
330
17
100
AcDbEntity
  8
SOBRANTES-RECORTE
100
AcDbPolyline
 90
4
 70
1
 10
291.3919
 20
-61.2153
 10
291.5779
 20
-61.2153
 10
291.5779
 20
-60.7323
 10
291.3919
 20
-60.7323
  0
LWPOLYLINE
  5
5BA
330
17
100
AcDbEntity
  8
SOBRANTES-RECORTE
100
AcDbPolyline
 90
4
 70
1
 10
290.9819
 20
-60.7323
 10
291.3919
 20
-60.7323
 10
291.3919
 20
-60.021300000000004
 10
290.9819
 20
-60.021300000000004
  0
TEXT
  5
5BB
330
17
100
AcDbEntity
  8
SOBRANTES-TEXTO
100
AcDbText
 10
291.2799
 20
-60.6183
 30
0.0
 40
0.05
  1
PA-M-006
 72
1
 11
291.2799
 21
-60.6183
 31
0.0
100
AcDbText
 73
2
  0
LWPOLYLINE
  5
5BC
330
17
100
AcDbEntity
  8
SOBRANTES-MAPA
100
AcDbPolyline
 90
4
 70
1
 10
290.3799
 20
-61.2153
 10
290.97990000000004
 20
-61.2153
 10
290.97990000000004
 20
-60.0213
 10
290.3799
 20
-60.0213
  0
LWPOLYLINE
  5
5BD
330
17
100
AcDbEntity
  8
SOBRANTES-RECORTE
100
AcDbPolyline
 90
4
 70
1
 10
290.3799
 20
-60.7323
 10
290.97990000000004
 20
-60.7323
 10
290.97990000000004
 20
-60.021300000000004
 10
290.3799
 20
-60.021300000000004
  0
TEXT
  5
5BE
330
17
100
AcDbEntity
  8
SOBRANTES-TEXTO
100
AcDbText
 10
290.67990000000003
 20
-60.6183
 30
0.0
 40
0.05
  1
PA-M-005
 72
1
 11
290.67990000000003
 21
-60.6183
 31
0.0
100
AcDbText
 73
2
  0
LWPOLYLINE
  5
5BF
330
17
100
AcDbEntity
  8
SOBRANTES-MAPA
100
AcDbPolyline
 90
4
 70
1
 10
289.7779
 20
-61.2153
 10
290.3779
 20
-61.2153
 10
290.3779
 20
-60.0213
 10
289.7779
 20
-60.0213
  0
LWPOLYLINE
  5
5C0
330
17
100
AcDbEntity
  8
SOBRANTES-RECORTE
100
AcDbPolyline
 90
4
 70
1
 10
289.7779
 20
-60.7323
 10
290.3779
 20
-60.7323
 10
290.3779
 20
-60.021300000000004
 10
289.7779
 20
-60.021300000000004
  0
TEXT
  5
5C1
330
17
100
AcDbEntity
  8
SOBRANTES-TEXTO
100
AcDbText
 10
290.0779
 20
-60.6183
 30
0.0
 40
0.05
  1
PA-M-004
 72
1
 11
290.0779
 21
-60.6183
 31
0.0
100
AcDbText
 73
2
  0
LWPOLYLINE
  5
5C2
330
17
100
AcDbEntity
  8
SOBRANTES-MAPA
100
AcDbPolyline
 90
4
 70
1
 10
289.1759
 20
-61.2153
 10
289.77590000000004
 20
-61.2153
 10
289.77590000000004
 20
-60.0213
 10
289.1759
 20
-60.0213
  0
LWPOLYLINE
  5
5C3
330
17
100
AcDbEntity
  8
SOBRANTES-RECORTE
100
AcDbPolyline
 90
4
 70
1
 10
289.1759
 20
-60.7323
 10
289.77590000000004
 20
-60.7323
 10
289.77590000000004
 20
-60.021300000000004
 10
289.1759
 20
-60.021300000000004
  0
TEXT
  5
5C4
330
17
100
AcDbEntity
  8
SOBRANTES-TEXTO
100
AcDbText
 10
289.4759
 20
-60.6183
 30
0.0
 40
0.05
  1
PA-M-003
 72
1
 11
289.4759
 21
-60.6183
 31
0.0
100
AcDbText
 73
2
  0
LWPOLYLINE
  5
5C5
330
17
100
AcDbEntity
  8
SOBRANTES-MAPA
100
AcDbPolyline
 90
4
 70
1
 10
288.5739
 20
-61.2153
 10
289.1739
 20
-61.2153
 10
289.1739
 20
-60.0213
 10
288.5739
 20
-60.0213
  0
LWPOLYLINE
  5
5C6
330
17
100
AcDbEntity
  8
SOBRANTES-RECORTE
100
AcDbPolyline
 90
4
 70
1
 10
288.5739
 20
-60.7323
 10
289.1739
 20
-60.7323
 10
289.1739
 20
-60.021300000000004
 10
288.5739
 20
-60.021300000000004
  0
TEXT
  5
5C7
330
17
100
AcDbEntity
  8
SOBRANTES-TEXTO
100
AcDbText
 10
288.8739
 20
-60.6183
 30
0.0
 40
0.05
  1
PA-M-002
 72
1
 11
288.8739
 21
-60.6183
 31
0.0
100
AcDbText
 73
2
  0
LWPOLYLINE
  5
5C8
330
17
100
AcDbEntity
  8
SOBRANTES-MAPA
100
AcDbPolyline
 90
4
 70
1
 10
287.88
 20
-61.215
 10
288.572
 20
-61.215
 10
288.572
 20
-60.021
 10
287.88
 20
-60.021
  0
LWPOLYLINE
  5
5C9
330
17
100
AcDbEntity
  8
SOBRANTES-RECORTE
100
AcDbPolyline
 90
4
 70
1
 10
287.88
 20
-60.732000000000006
 10
288.572
 20
-60.732000000000006
 10
288.572
 20
-60.02100000000001
 10
287.88
 20
-60.02100000000001
  0
TEXT
  5
5CA
330
17
100
AcDbEntity
  8
SOBRANTES-TEXTO
100
AcDbText
 10
288.226
 20
-60.618
 30
0.0
 40
0.05
  1
PA-M-001
 72
1
 11
288.226
 21
-60.618
 31
0.0
100
AcDbText
 73
2
  0
LWPOLYLINE
  5
5CB
330
17
100
AcDbEntity
  8
SOBRANTES-MAPA
100
AcDbPolyline
 90
4
 70
1
 10
286.8779
 20
-64.5323
 10
287.0779
 20
-64.5323
 10
287.0779
 20
-63.332300000000004
 10
286.8779
 20
-63.332300000000004
  0
LWPOLYLINE
  5
5CC
330
17
100
AcDbEntity
  8
SOBRANTES-RECORTE
100
AcDbPolyline
 90
4
 70
1
 10
286.8779
 20
-63.469300000000004
 10
287.0779
 20
-63.469300000000004
 10
287.0779
 20
-63.332300000000004
 10
286.8779
 20
-63.332300000000004
  0
TEXT
  5
5CD
330
17
100
AcDbEntity
  8
SOBRANTES-TEXTO
100
AcDbText
 10
286.97790000000003
 20
-63.932300000000005
 30
0.0
 40
0.05
  1
PA-R-090
 72
1
 11
286.97790000000003
 21
-63.932300000000005
 31
0.0
100
AcDbText
 73
2
  0
LWPOLYLINE
  5
5CE
330
17
100
AcDbEntity
  8
SOBRANTES-MAPA
100
AcDbPolyline
 90
4
 70
1
 10
287.2799
 20
-64.5323
 10
287.4799
 20
-64.5323
 10
287.4799
 20
-63.332300000000004
 10
287.2799
 20
-63.332300000000004
  0
LWPOLYLINE
  5
5CF
330
17
100
AcDbEntity
  8
SOBRANTES-RECORTE
100
AcDbPolyline
 90
4
 70
1
 10
287.2799
 20
-63.469300000000004
 10
287.4799
 20
-63.469300000000004
 10
287.4799
 20
-63.332300000000004
 10
287.2799
 20
-63.332300000000004
  0
TEXT
  5
5D0
330
17
100
AcDbEntity
  8
SOBRANTES-TEXTO
100
AcDbText
 10
287.3799
 20
-63.932300000000005
 30
0.0
 40
0.05
  1
PA-R-091
 72
1
 11
287.3799
 21
-63.932300000000005
 31
0.0
100
AcDbText
 73
2
  0
LWPOLYLINE
  5
5D1
330
17
100
AcDbEntity
  8
SOBRANTES-MAPA
100
AcDbPolyline
 90
4
 70
1
 10
287.6819
 20
-64.5323
 10
287.8819
 20
-64.5323
 10
287.8819
 20
-63.332300000000004
 10
287.6819
 20
-63.332300000000004
  0
LWPOLYLINE
  5
5D2
330
17
100
AcDbEntity
  8
SOBRANTES-RECORTE
100
AcDbPolyline
 90
4
 70
1
 10
287.6819
 20
-63.469300000000004
 10
287.8819
 20
-63.469300000000004
 10
287.8819
 20
-63.332300000000004
 10
287.6819
 20
-63.332300000000004
  0
TEXT
  5
5D3
330
17
100
AcDbEntity
  8
SOBRANTES-TEXTO
100
AcDbText
 10
287.7819
 20
-63.932300000000005
 30
0.0
 40
0.05
  1
PA-R-092
 72
1
 11
287.7819
 21
-63.932300000000005
 31
0.0
100
AcDbText
 73
2
  0
LWPOLYLINE
  5
5D4
330
17
100
AcDbEntity
  8
SOBRANTES-MAPA
100
AcDbPolyline
 90
4
 70
1
 10
287.4809
 20
-64.5323
 10
287.6809
 20
-64.5323
 10
287.6809
 20
-63.332300000000004
 10
287.4809
 20
-63.332300000000004
  0
LWPOLYLINE
  5
5D5
330
17
100
AcDbEntity
  8
SOBRANTES-RECORTE
100
AcDbPolyline
 90
4
 70
1
 10
287.4809
 20
-64.0698
 10
287.6809
 20
-64.0698
 10
287.6809
 20
-63.332300000000004
 10
287.4809
 20
-63.332300000000004
  0
TEXT
  5
5D6
330
17
100
AcDbEntity
  8
SOBRANTES-TEXTO
100
AcDbText
 10
287.58090000000004
 20
-63.932300000000005
 30
0.0
 40
0.05
  1
PA-R-105
 72
1
 11
287.58090000000004
 21
-63.932300000000005
 31
0.0
100
AcDbText
 73
2
  0
LWPOLYLINE
  5
5D7
330
17
100
AcDbEntity
  8
SOBRANTES-MAPA
100
AcDbPolyline
 90
4
 70
1
 10
287.0789
 20
-64.5323
 10
287.27889999999996
 20
-64.5323
 10
287.27889999999996
 20
-63.332300000000004
 10
287.0789
 20
-63.332300000000004
  0
LWPOLYLINE
  5
5D8
330
17
100
AcDbEntity
  8
SOBRANTES-RECORTE
100
AcDbPolyline
 90
4
 70
1
 10
287.0789
 20
-64.0698
 10
287.27889999999996
 20
-64.0698
 10
287.27889999999996
 20
-63.332300000000004
 10
287.0789
 20
-63.332300000000004
  0
TEXT
  5
5D9
330
17
100
AcDbEntity
  8
SOBRANTES-TEXTO
100
AcDbText
 10
287.1789
 20
-63.932300000000005
 30
0.0
 40
0.05
  1
PA-R-104
 72
1
 11
287.1789
 21
-63.932300000000005
 31
0.0
100
AcDbText
 73
2
  0
LWPOLYLINE
  5
5DA
330
17
100
AcDbEntity
  8
SOBRANTES-MAPA
100
AcDbPolyline
 90
4
 70
1
 10
286.6769
 20
-64.4423
 10
286.8769
 20
-64.4423
 10
286.8769
 20
-63.2423
 10
286.6769
 20
-63.2423
  0
LWPOLYLINE
  5
5DB
330
17
100
AcDbEntity
  8
SOBRANTES-RECORTE
100
AcDbPolyline
 90
4
 70
1
 10
286.6769
 20
-64.0698
 10
286.8769
 20
-64.0698
 10
286.8769
 20
-63.2423
 10
286.6769
 20
-63.2423
  0
TEXT
  5
5DC
330
17
100
AcDbEntity
  8
SOBRANTES-TEXTO
100
AcDbText
 10
286.7769
 20
-63.8423
 30
0.0
 40
0.05
  1
PA-R-103
 72
1
 11
286.7769
 21
-63.8423
 31
0.0
100
AcDbText
 73
2
  0
LWPOLYLINE
  5
5DD
330
17
100
AcDbEntity
  8
SOBRANTES-MAPA
100
AcDbPolyline
 90
4
 70
1
 10
286.2749
 20
-64.4423
 10
286.4749
 20
-64.4423
 10
286.4749
 20
-63.2423
 10
286.2749
 20
-63.2423
  0
LWPOLYLINE
  5
5DE
330
17
100
AcDbEntity
  8
SOBRANTES-RECORTE
100
AcDbPolyline
 90
4
 70
1
 10
286.2749
 20
-64.0698
 10
286.4749
 20
-64.0698
 10
286.4749
 20
-63.2423
 10
286.2749
 20
-63.2423
  0
TEXT
  5
5DF
330
17
100
AcDbEntity
  8
SOBRANTES-TEXTO
100
AcDbText
 10
286.3749
 20
-63.8423
 30
0.0
 40
0.05
  1
PA-R-102
 72
1
 11
286.3749
 21
-63.8423
 31
0.0
100
AcDbText
 73
2
  0
LWPOLYLINE
  5
5E0
330
17
100
AcDbEntity
  8
SOBRANTES-MAPA
100
AcDbPolyline
 90
4
 70
1
 10
285.8729
 20
-64.4423
 10
286.0729
 20
-64.4423
 10
286.0729
 20
-63.2423
 10
285.8729
 20
-63.2423
  0
LWPOLYLINE
  5
5E1
330
17
100
AcDbEntity
  8
SOBRANTES-RECORTE
100
AcDbPolyline
 90
4
 70
1
 10
285.8729
 20
-64.0698
 10
286.0729
 20
-64.0698
 10
286.0729
 20
-63.2423
 10
285.8729
 20
-63.2423
  0
TEXT
  5
5E2
330
17
100
AcDbEntity
  8
SOBRANTES-TEXTO
100
AcDbText
 10
285.97290000000004
 20
-63.8423
 30
0.0
 40
0.05
  1
PA-R-101
 72
1
 11
285.97290000000004
 21
-63.8423
 31
0.0
100
AcDbText
 73
2
  0
LWPOLYLINE
  5
5E3
330
17
100
AcDbEntity
  8
SOBRANTES-MAPA
100
AcDbPolyline
 90
4
 70
1
 10
285.4709
 20
-64.4423
 10
285.67089999999996
 20
-64.4423
 10
285.67089999999996
 20
-63.2423
 10
285.4709
 20
-63.2423
  0
LWPOLYLINE
  5
5E4
330
17
100
AcDbEntity
  8
SOBRANTES-RECORTE
100
AcDbPolyline
 90
4
 70
1
 10
285.4709
 20
-64.0698
 10
285.67089999999996
 20
-64.0698
 10
285.67089999999996
 20
-63.2423
 10
285.4709
 20
-63.2423
  0
TEXT
  5
5E5
330
17
100
AcDbEntity
  8
SOBRANTES-TEXTO
100
AcDbText
 10
285.5709
 20
-63.8423
 30
0.0
 40
0.05
  1
PA-R-100
 72
1
 11
285.5709
 21
-63.8423
 31
0.0
100
AcDbText
 73
2
  0
LWPOLYLINE
  5
5E6
330
17
100
AcDbEntity
  8
SOBRANTES-MAPA
100
AcDbPolyline
 90
4
 70
1
 10
285.0689
 20
-64.4423
 10
285.2689
 20
-64.4423
 10
285.2689
 20
-63.2423
 10
285.0689
 20
-63.2423
  0
LWPOLYLINE
  5
5E7
330
17
100
AcDbEntity
  8
SOBRANTES-RECORTE
100
AcDbPolyline
 90
4
 70
1
 10
285.0689
 20
-64.0698
 10
285.2689
 20
-64.0698
 10
285.2689
 20
-63.2423
 10
285.0689
 20
-63.2423
  0
TEXT
  5
5E8
330
17
100
AcDbEntity
  8
SOBRANTES-TEXTO
100
AcDbText
 10
285.1689
 20
-63.8423
 30
0.0
 40
0.05
  1
PA-R-099
 72
1
 11
285.1689
 21
-63.8423
 31
0.0
100
AcDbText
 73
2
  0
LWPOLYLINE
  5
5E9
330
17
100
AcDbEntity
  8
SOBRANTES-MAPA
100
AcDbPolyline
 90
4
 70
1
 10
284.6669
 20
-64.4423
 10
284.8669
 20
-64.4423
 10
284.8669
 20
-63.2423
 10
284.6669
 20
-63.2423
  0
LWPOLYLINE
  5
5EA
330
17
100
AcDbEntity
  8
SOBRANTES-RECORTE
100
AcDbPolyline
 90
4
 70
1
 10
284.6669
 20
-64.0698
 10
284.8669
 20
-64.0698
 10
284.8669
 20
-63.2423
 10
284.6669
 20
-63.2423
  0
TEXT
  5
5EB
330
17
100
AcDbEntity
  8
SOBRANTES-TEXTO
100
AcDbText
 10
284.7669
 20
-63.8423
 30
0.0
 40
0.05
  1
PA-R-098
 72
1
 11
284.7669
 21
-63.8423
 31
0.0
100
AcDbText
 73
2
  0
LWPOLYLINE
  5
5EC
330
17
100
AcDbEntity
  8
SOBRANTES-MAPA
100
AcDbPolyline
 90
4
 70
1
 10
284.2649
 20
-64.4423
 10
284.4649
 20
-64.4423
 10
284.4649
 20
-63.2423
 10
284.2649
 20
-63.2423
  0
LWPOLYLINE
  5
5ED
330
17
100
AcDbEntity
  8
SOBRANTES-RECORTE
100
AcDbPolyline
 90
4
 70
1
 10
284.2649
 20
-64.0698
 10
284.4649
 20
-64.0698
 10
284.4649
 20
-63.2423
 10
284.2649
 20
-63.2423
  0
TEXT
  5
5EE
330
17
100
AcDbEntity
  8
SOBRANTES-TEXTO
100
AcDbText
 10
284.36490000000003
 20
-63.8423
 30
0.0
 40
0.05
  1
PA-R-097
 72
1
 11
284.36490000000003
 21
-63.8423
 31
0.0
100
AcDbText
 73
2
  0
LWPOLYLINE
  5
5EF
330
17
100
AcDbEntity
  8
SOBRANTES-MAPA
100
AcDbPolyline
 90
4
 70
1
 10
283.8629
 20
-64.4423
 10
284.0629
 20
-64.4423
 10
284.0629
 20
-63.2423
 10
283.8629
 20
-63.2423
  0
LWPOLYLINE
  5
5F0
330
17
100
AcDbEntity
  8
SOBRANTES-RECORTE
100
AcDbPolyline
 90
4
 70
1
 10
283.8629
 20
-64.0698
 10
284.0629
 20
-64.0698
 10
284.0629
 20
-63.2423
 10
283.8629
 20
-63.2423
  0
TEXT
  5
5F1
330
17
100
AcDbEntity
  8
SOBRANTES-TEXTO
100
AcDbText
 10
283.96290000000005
 20
-63.8423
 30
0.0
 40
0.05
  1
PA-R-096
 72
1
 11
283.96290000000005
 21
-63.8423
 31
0.0
100
AcDbText
 73
2
  0
LWPOLYLINE
  5
5F2
330
17
100
AcDbEntity
  8
SOBRANTES-MAPA
100
AcDbPolyline
 90
4
 70
1
 10
283.4609
 20
-64.4423
 10
283.66089999999997
 20
-64.4423
 10
283.66089999999997
 20
-63.2423
 10
283.4609
 20
-63.2423
  0
LWPOLYLINE
  5
5F3
330
17
100
AcDbEntity
  8
SOBRANTES-RECORTE
100
AcDbPolyline
 90
4
 70
1
 10
283.4609
 20
-64.0698
 10
283.66089999999997
 20
-64.0698
 10
283.66089999999997
 20
-63.2423
 10
283.4609
 20
-63.2423
  0
TEXT
  5
5F4
330
17
100
AcDbEntity
  8
SOBRANTES-TEXTO
100
AcDbText
 10
283.5609
 20
-63.8423
 30
0.0
 40
0.05
  1
PA-R-095
 72
1
 11
283.5609
 21
-63.8423
 31
0.0
100
AcDbText
 73
2
  0
LWPOLYLINE
  5
5F5
330
17
100
AcDbEntity
  8
SOBRANTES-MAPA
100
AcDbPolyline
 90
4
 70
1
 10
283.0589
 20
-64.4423
 10
283.2589
 20
-64.4423
 10
283.2589
 20
-63.2423
 10
283.0589
 20
-63.2423
  0
LWPOLYLINE
  5
5F6
330
17
100
AcDbEntity
  8
SOBRANTES-RECORTE
100
AcDbPolyline
 90
4
 70
1
 10
283.0589
 20
-64.0698
 10
283.2589
 20
-64.0698
 10
283.2589
 20
-63.2423
 10
283.0589
 20
-63.2423
  0
TEXT
  5
5F7
330
17
100
AcDbEntity
  8
SOBRANTES-TEXTO
100
AcDbText
 10
283.1589
 20
-63.8423
 30
0.0
 40
0.05
  1
PA-R-094
 72
1
 11
283.1589
 21
-63.8423
 31
0.0
100
AcDbText
 73
2
  0
LWPOLYLINE
  5
5F8
330
17
100
AcDbEntity
  8
SOBRANTES-MAPA
100
AcDbPolyline
 90
4
 70
1
 10
282.8319
 20
-64.4423
 10
283.0319
 20
-64.4423
 10
283.0319
 20
-63.2423
 10
282.8319
 20
-63.2423
  0
LWPOLYLINE
  5
5F9
330
17
100
AcDbEntity
  8
SOBRANTES-RECORTE
100
AcDbPolyline
 90
4
 70
1
 10
282.8569
 20
-64.4423
 10
283.0319
 20
-64.4423
 10
283.0319
 20
-64.0698
 10
282.8569
 20
-64.0698
  0
LWPOLYLINE
  5
5FA
330
17
100
AcDbEntity
  8
SOBRANTES-RECORTE
100
AcDbPolyline
 90
4
 70
1
 10
282.8319
 20
-64.0698
 10
282.8569
 20
-64.0698
 10
282.8569
 20
-63.2423
 10
282.8319
 20
-63.2423
  0
TEXT
  5
5FB
330
17
100
AcDbEntity
  8
SOBRANTES-TEXTO
100
AcDbText
 10
282.93190000000004
 20
-63.8423
 30
0.0
 40
0.05
  1
PA-R-093
 72
1
 11
282.93190000000004
 21
-63.8423
 31
0.0
100
AcDbText
 73
2
  0
LWPOLYLINE
  5
5FC
330
17
100
AcDbEntity
  8
SOBRANTES-MAPA
100
AcDbPolyline
 90
4
 70
1
 10
291.2779
 20
-70.6923
 10
291.4779
 20
-70.6923
 10
291.4779
 20
-69.4923
 10
291.2779
 20
-69.4923
  0
LWPOLYLINE
  5
5FD
330
17
100
AcDbEntity
  8
SOBRANTES-RECORTE
100
AcDbPolyline
 90
4
 70
1
 10
291.39189999999996
 20
-70.6923
 10
291.4779
 20
-70.6923
 10
291.4779
 20
-69.4923
 10
291.39189999999996
 20
-69.4923
  0
TEXT
  5
5FE
330
17
100
AcDbEntity
  8
SOBRANTES-TEXTO
100
AcDbText
 10
291.3779
 20
-70.09230000000001
 30
0.0
 40
0.05
  1
PA-R-178
 72
1
 11
291.3779
 21
-70.09230000000001
 31
0.0
100
AcDbText
 73
2
  0
LWPOLYLINE
  5
5FF
330
17
100
AcDbEntity
  8
SOBRANTES-MAPA
100
AcDbPolyline
 90
4
 70
1
 10
291.2779
 20
-69.4913
 10
291.4779
 20
-69.4913
 10
291.4779
 20
-68.29129999999999
 10
291.2779
 20
-68.29129999999999
  0
LWPOLYLINE
  5
600
330
17
100
AcDbEntity
  8
SOBRANTES-RECORTE
100
AcDbPolyline
 90
4
 70
1
 10
291.39189999999996
 20
-69.4913
 10
291.4779
 20
-69.4913
 10
291.4779
 20
-68.29129999999999
 10
291.39189999999996
 20
-68.29129999999999
  0
TEXT
  5
601
330
17
100
AcDbEntity
  8
SOBRANTES-TEXTO
100
AcDbText
 10
291.3779
 20
-68.8913
 30
0.0
 40
0.05
  1
PA-R-161
 72
1
 11
291.3779
 21
-68.8913
 31
0.0
100
AcDbText
 73
2
  0
LWPOLYLINE
  5
602
330
17
100
AcDbEntity
  8
SOBRANTES-MAPA
100
AcDbPolyline
 90
4
 70
1
 10
291.0769
 20
-71.2928
 10
291.2769
 20
-71.2928
 10
291.2769
 20
-70.0928
 10
291.0769
 20
-70.0928
  0
LWPOLYLINE
  5
603
330
17
100
AcDbEntity
  8
SOBRANTES-RECORTE
100
AcDbPolyline
 90
4
 70
1
 10
291.0769
 20
-71.2928
 10
291.2769
 20
-71.2928
 10
291.2769
 20
-70.6923
 10
291.0769
 20
-70.6923
  0
TEXT
  5
604
330
17
100
AcDbEntity
  8
SOBRANTES-TEXTO
100
AcDbText
 10
291.17690000000005
 20
-70.6928
 30
0.0
 40
0.05
  1
PA-R-187
 72
1
 11
291.17690000000005
 21
-70.6928
 31
0.0
100
AcDbText
 73
2
  0
LWPOLYLINE
  5
605
330
17
100
AcDbEntity
  8
SOBRANTES-MAPA
100
AcDbPolyline
 90
4
 70
1
 10
290.6749
 20
-71.2928
 10
290.87489999999997
 20
-71.2928
 10
290.87489999999997
 20
-70.0928
 10
290.6749
 20
-70.0928
  0
LWPOLYLINE
  5
606
330
17
100
AcDbEntity
  8
SOBRANTES-RECORTE
100
AcDbPolyline
 90
4
 70
1
 10
290.6749
 20
-71.2928
 10
290.87489999999997
 20
-71.2928
 10
290.87489999999997
 20
-70.6923
 10
290.6749
 20
-70.6923
  0
TEXT
  5
607
330
17
100
AcDbEntity
  8
SOBRANTES-TEXTO
100
AcDbText
 10
290.7749
 20
-70.6928
 30
0.0
 40
0.05
  1
PA-R-186
 72
1
 11
290.7749
 21
-70.6928
 31
0.0
100
AcDbText
 73
2
  0
LWPOLYLINE
  5
608
330
17
100
AcDbEntity
  8
SOBRANTES-MAPA
100
AcDbPolyline
 90
4
 70
1
 10
290.2729
 20
-71.2928
 10
290.4729
 20
-71.2928
 10
290.4729
 20
-70.0928
 10
290.2729
 20
-70.0928
  0
LWPOLYLINE
  5
609
330
17
100
AcDbEntity
  8
SOBRANTES-RECORTE
100
AcDbPolyline
 90
4
 70
1
 10
290.2729
 20
-71.2928
 10
290.4729
 20
-71.2928
 10
290.4729
 20
-70.6923
 10
290.2729
 20
-70.6923
  0
TEXT
  5
60A
330
17
100
AcDbEntity
  8
SOBRANTES-TEXTO
100
AcDbText
 10
290.3729
 20
-70.6928
 30
0.0
 40
0.05
  1
PA-R-185
 72
1
 11
290.3729
 21
-70.6928
 31
0.0
100
AcDbText
 73
2
  0
LWPOLYLINE
  5
60B
330
17
100
AcDbEntity
  8
SOBRANTES-MAPA
100
AcDbPolyline
 90
4
 70
1
 10
289.8709
 20
-71.2928
 10
290.0709
 20
-71.2928
 10
290.0709
 20
-70.0928
 10
289.8709
 20
-70.0928
  0
LWPOLYLINE
  5
60C
330
17
100
AcDbEntity
  8
SOBRANTES-RECORTE
100
AcDbPolyline
 90
4
 70
1
 10
289.8709
 20
-71.2928
 10
290.0709
 20
-71.2928
 10
290.0709
 20
-70.6923
 10
289.8709
 20
-70.6923
  0
TEXT
  5
60D
330
17
100
AcDbEntity
  8
SOBRANTES-TEXTO
100
AcDbText
 10
289.97090000000003
 20
-70.6928
 30
0.0
 40
0.05
  1
PA-R-184
 72
1
 11
289.97090000000003
 21
-70.6928
 31
0.0
100
AcDbText
 73
2
  0
LWPOLYLINE
  5
60E
330
17
100
AcDbEntity
  8
SOBRANTES-MAPA
100
AcDbPolyline
 90
4
 70
1
 10
289.4689
 20
-71.2928
 10
289.6689
 20
-71.2928
 10
289.6689
 20
-70.0928
 10
289.4689
 20
-70.0928
  0
LWPOLYLINE
  5
60F
330
17
100
AcDbEntity
  8
SOBRANTES-RECORTE
100
AcDbPolyline
 90
4
 70
1
 10
289.4689
 20
-71.2928
 10
289.6689
 20
-71.2928
 10
289.6689
 20
-70.6923
 10
289.4689
 20
-70.6923
  0
TEXT
  5
610
330
17
100
AcDbEntity
  8
SOBRANTES-TEXTO
100
AcDbText
 10
289.56890000000004
 20
-70.6928
 30
0.0
 40
0.05
  1
PA-R-183
 72
1
 11
289.56890000000004
 21
-70.6928
 31
0.0
100
AcDbText
 73
2
  0
LWPOLYLINE
  5
611
330
17
100
AcDbEntity
  8
SOBRANTES-MAPA
100
AcDbPolyline
 90
4
 70
1
 10
289.0669
 20
-71.2928
 10
289.26689999999996
 20
-71.2928
 10
289.26689999999996
 20
-70.0928
 10
289.0669
 20
-70.0928
  0
LWPOLYLINE
  5
612
330
17
100
AcDbEntity
  8
SOBRANTES-RECORTE
100
AcDbPolyline
 90
4
 70
1
 10
289.0669
 20
-71.2928
 10
289.26689999999996
 20
-71.2928
 10
289.26689999999996
 20
-70.6923
 10
289.0669
 20
-70.6923
  0
TEXT
  5
613
330
17
100
AcDbEntity
  8
SOBRANTES-TEXTO
100
AcDbText
 10
289.1669
 20
-70.6928
 30
0.0
 40
0.05
  1
PA-R-182
 72
1
 11
289.1669
 21
-70.6928
 31
0.0
100
AcDbText
 73
2
  0
LWPOLYLINE
  5
614
330
17
100
AcDbEntity
  8
SOBRANTES-MAPA
100
AcDbPolyline
 90
4
 70
1
 10
288.6649
 20
-71.2928
 10
288.8649
 20
-71.2928
 10
288.8649
 20
-70.0928
 10
288.6649
 20
-70.0928
  0
LWPOLYLINE
  5
615
330
17
100
AcDbEntity
  8
SOBRANTES-RECORTE
100
AcDbPolyline
 90
4
 70
1
 10
288.6649
 20
-71.2928
 10
288.8649
 20
-71.2928
 10
288.8649
 20
-70.6923
 10
288.6649
 20
-70.6923
  0
TEXT
  5
616
330
17
100
AcDbEntity
  8
SOBRANTES-TEXTO
100
AcDbText
 10
288.7649
 20
-70.6928
 30
0.0
 40
0.05
  1
PA-R-181
 72
1
 11
288.7649
 21
-70.6928
 31
0.0
100
AcDbText
 73
2
  0
LWPOLYLINE
  5
617
330
17
100
AcDbEntity
  8
SOBRANTES-MAPA
100
AcDbPolyline
 90
4
 70
1
 10
288.2629
 20
-71.2928
 10
288.4629
 20
-71.2928
 10
288.4629
 20
-70.0928
 10
288.2629
 20
-70.0928
  0
LWPOLYLINE
  5
618
330
17
100
AcDbEntity
  8
SOBRANTES-RECORTE
100
AcDbPolyline
 90
4
 70
1
 10
288.2629
 20
-71.2928
 10
288.4629
 20
-71.2928
 10
288.4629
 20
-70.6923
 10
288.2629
 20
-70.6923
  0
TEXT
  5
619
330
17
100
AcDbEntity
  8
SOBRANTES-TEXTO
100
AcDbText
 10
288.3629
 20
-70.6928
 30
0.0
 40
0.05
  1
PA-R-180
 72
1
 11
288.3629
 21
-70.6928
 31
0.0
100
AcDbText
 73
2
  0
LWPOLYLINE
  5
61A
330
17
100
AcDbEntity
  8
SOBRANTES-MAPA
100
AcDbPolyline
 90
4
 70
1
 10
291.2779
 20
-68.2903
 10
291.4779
 20
-68.2903
 10
291.4779
 20
-67.0903
 10
291.2779
 20
-67.0903
  0
LWPOLYLINE
  5
61B
330
17
100
AcDbEntity
  8
SOBRANTES-RECORTE
100
AcDbPolyline
 90
4
 70
1
 10
291.39189999999996
 20
-68.2903
 10
291.4779
 20
-68.2903
 10
291.4779
 20
-67.0903
 10
291.39189999999996
 20
-67.0903
  0
TEXT
  5
61C
330
17
100
AcDbEntity
  8
SOBRANTES-TEXTO
100
AcDbText
 10
291.3779
 20
-67.69030000000001
 30
0.0
 40
0.05
  1
PA-R-144
 72
1
 11
291.3779
 21
-67.69030000000001
 31
0.0
100
AcDbText
 73
2
  0
LWPOLYLINE
  5
61D
330
17
100
AcDbEntity
  8
SOBRANTES-MAPA
100
AcDbPolyline
 90
4
 70
1
 10
288.6649
 20
-68.0407
 10
288.8649
 20
-68.0407
 10
288.8649
 20
-66.8407
 10
288.6649
 20
-66.8407
  0
LWPOLYLINE
  5
61E
330
17
100
AcDbEntity
  8
SOBRANTES-RECORTE
100
AcDbPolyline
 90
4
 70
1
 10
288.6649
 20
-68.0407
 10
288.8649
 20
-68.0407
 10
288.8649
 20
-67.6898
 10
288.6649
 20
-67.6898
  0
TEXT
  5
61F
330
17
100
AcDbEntity
  8
SOBRANTES-TEXTO
100
AcDbText
 10
288.7649
 20
-67.4407
 30
0.0
 40
0.05
  1
PA-R-135
 72
1
 11
288.7649
 21
-67.4407
 31
0.0
100
AcDbText
 73
2
  0
LWPOLYLINE
  5
620
330
17
100
AcDbEntity
  8
SOBRANTES-MAPA
100
AcDbPolyline
 90
4
 70
1
 10
288.2629
 20
-68.0407
 10
288.4629
 20
-68.0407
 10
288.4629
 20
-66.8407
 10
288.2629
 20
-66.8407
  0
LWPOLYLINE
  5
621
330
17
100
AcDbEntity
  8
SOBRANTES-RECORTE
100
AcDbPolyline
 90
4
 70
1
 10
288.2629
 20
-68.0407
 10
288.4629
 20
-68.0407
 10
288.4629
 20
-67.6898
 10
288.2629
 20
-67.6898
  0
TEXT
  5
622
330
17
100
AcDbEntity
  8
SOBRANTES-TEXTO
100
AcDbText
 10
288.3629
 20
-67.4407
 30
0.0
 40
0.05
  1
PA-R-134
 72
1
 11
288.3629
 21
-67.4407
 31
0.0
100
AcDbText
 73
2
  0
LWPOLYLINE
  5
623
330
17
100
AcDbEntity
  8
SOBRANTES-MAPA
100
AcDbPolyline
 90
4
 70
1
 10
291.2779
 20
-67.5223
 10
291.4779
 20
-67.5223
 10
291.4779
 20
-66.3223
 10
291.2779
 20
-66.3223
  0
LWPOLYLINE
  5
624
330
17
100
AcDbEntity
  8
SOBRANTES-RECORTE
100
AcDbPolyline
 90
4
 70
1
 10
291.39189999999996
 20
-67.0893
 10
291.4779
 20
-67.0893
 10
291.4779
 20
-66.3223
 10
291.39189999999996
 20
-66.3223
  0
LWPOLYLINE
  5
625
330
17
100
AcDbEntity
  8
SOBRANTES-RECORTE
100
AcDbPolyline
 90
4
 70
1
 10
291.2779
 20
-67.5223
 10
291.39189999999996
 20
-67.5223
 10
291.39189999999996
 20
-67.0893
 10
291.2779
 20
-67.0893
  0
TEXT
  5
626
330
17
100
AcDbEntity
  8
SOBRANTES-TEXTO
100
AcDbText
 10
291.3779
 20
-66.9223
 30
0.0
 40
0.05
  1
PA-R-124
 72
1
 11
291.3779
 21
-66.9223
 31
0.0
100
AcDbText
 73
2
  0
LWPOLYLINE
  5
627
330
17
100
AcDbEntity
  8
SOBRANTES-MAPA
100
AcDbPolyline
 90
4
 70
1
 10
291.0769
 20
-67.5223
 10
291.2769
 20
-67.5223
 10
291.2769
 20
-66.3223
 10
291.0769
 20
-66.3223
  0
LWPOLYLINE
  5
628
330
17
100
AcDbEntity
  8
SOBRANTES-RECORTE
100
AcDbPolyline
 90
4
 70
1
 10
291.0769
 20
-67.5223
 10
291.2769
 20
-67.5223
 10
291.2769
 20
-66.4888
 10
291.0769
 20
-66.4888
  0
TEXT
  5
629
330
17
100
AcDbEntity
  8
SOBRANTES-TEXTO
100
AcDbText
 10
291.17690000000005
 20
-66.9223
 30
0.0
 40
0.05
  1
PA-R-113
 72
1
 11
291.17690000000005
 21
-66.9223
 31
0.0
100
AcDbText
 73
2
  0
LWPOLYLINE
  5
62A
330
17
100
AcDbEntity
  8
SOBRANTES-MAPA
100
AcDbPolyline
 90
4
 70
1
 10
290.8759
 20
-67.5223
 10
291.0759
 20
-67.5223
 10
291.0759
 20
-66.3223
 10
290.8759
 20
-66.3223
  0
LWPOLYLINE
  5
62B
330
17
100
AcDbEntity
  8
SOBRANTES-RECORTE
100
AcDbPolyline
 90
4
 70
1
 10
290.8759
 20
-67.5223
 10
291.0759
 20
-67.5223
 10
291.0759
 20
-67.0893
 10
290.8759
 20
-67.0893
  0
TEXT
  5
62C
330
17
100
AcDbEntity
  8
SOBRANTES-TEXTO
100
AcDbText
 10
290.9759
 20
-66.9223
 30
0.0
 40
0.05
  1
PA-R-123
 72
1
 11
290.9759
 21
-66.9223
 31
0.0
100
AcDbText
 73
2
  0
LWPOLYLINE
  5
62D
330
17
100
AcDbEntity
  8
SOBRANTES-MAPA
100
AcDbPolyline
 90
4
 70
1
 10
290.6749
 20
-67.5223
 10
290.87489999999997
 20
-67.5223
 10
290.87489999999997
 20
-66.3223
 10
290.6749
 20
-66.3223
  0
LWPOLYLINE
  5
62E
330
17
100
AcDbEntity
  8
SOBRANTES-RECORTE
100
AcDbPolyline
 90
4
 70
1
 10
290.6749
 20
-67.5223
 10
290.87489999999997
 20
-67.5223
 10
290.87489999999997
 20
-66.4888
 10
290.6749
 20
-66.4888
  0
TEXT
  5
62F
330
17
100
AcDbEntity
  8
SOBRANTES-TEXTO
100
AcDbText
 10
290.7749
 20
-66.9223
 30
0.0
 40
0.05
  1
PA-R-112
 72
1
 11
290.7749
 21
-66.9223
 31
0.0
100
AcDbText
 73
2
  0
LWPOLYLINE
  5
630
330
17
100
AcDbEntity
  8
SOBRANTES-MAPA
100
AcDbPolyline
 90
4
 70
1
 10
290.4739
 20
-67.5223
 10
290.6739
 20
-67.5223
 10
290.6739
 20
-66.3223
 10
290.4739
 20
-66.3223
  0
LWPOLYLINE
  5
631
330
17
100
AcDbEntity
  8
SOBRANTES-RECORTE
100
AcDbPolyline
 90
4
 70
1
 10
290.4739
 20
-67.5223
 10
290.6739
 20
-67.5223
 10
290.6739
 20
-67.0893
 10
290.4739
 20
-67.0893
  0
TEXT
  5
632
330
17
100
AcDbEntity
  8
SOBRANTES-TEXTO
100
AcDbText
 10
290.57390000000004
 20
-66.9223
 30
0.0
 40
0.05
  1
PA-R-122
 72
1
 11
290.57390000000004
 21
-66.9223
 31
0.0
100
AcDbText
 73
2
  0
LWPOLYLINE
  5
633
330
17
100
AcDbEntity
  8
SOBRANTES-MAPA
100
AcDbPolyline
 90
4
 70
1
 10
290.2729
 20
-67.5223
 10
290.4729
 20
-67.5223
 10
290.4729
 20
-66.3223
 10
290.2729
 20
-66.3223
  0
LWPOLYLINE
  5
634
330
17
100
AcDbEntity
  8
SOBRANTES-RECORTE
100
AcDbPolyline
 90
4
 70
1
 10
290.2729
 20
-67.5223
 10
290.4729
 20
-67.5223
 10
290.4729
 20
-66.4888
 10
290.2729
 20
-66.4888
  0
TEXT
  5
635
330
17
100
AcDbEntity
  8
SOBRANTES-TEXTO
100
AcDbText
 10
290.3729
 20
-66.9223
 30
0.0
 40
0.05
  1
PA-R-111
 72
1
 11
290.3729
 21
-66.9223
 31
0.0
100
AcDbText
 73
2
  0
LWPOLYLINE
  5
636
330
17
100
AcDbEntity
  8
SOBRANTES-MAPA
100
AcDbPolyline
 90
4
 70
1
 10
290.0719
 20
-67.5223
 10
290.2719
 20
-67.5223
 10
290.2719
 20
-66.3223
 10
290.0719
 20
-66.3223
  0
LWPOLYLINE
  5
637
330
17
100
AcDbEntity
  8
SOBRANTES-RECORTE
100
AcDbPolyline
 90
4
 70
1
 10
290.0719
 20
-67.5223
 10
290.2719
 20
-67.5223
 10
290.2719
 20
-67.0893
 10
290.0719
 20
-67.0893
  0
TEXT
  5
638
330
17
100
AcDbEntity
  8
SOBRANTES-TEXTO
100
AcDbText
 10
290.17190000000005
 20
-66.9223
 30
0.0
 40
0.05
  1
PA-R-121
 72
1
 11
290.17190000000005
 21
-66.9223
 31
0.0
100
AcDbText
 73
2
  0
LWPOLYLINE
  5
639
330
17
100
AcDbEntity
  8
SOBRANTES-MAPA
100
AcDbPolyline
 90
4
 70
1
 10
289.8709
 20
-67.5223
 10
290.0709
 20
-67.5223
 10
290.0709
 20
-66.3223
 10
289.8709
 20
-66.3223
  0
LWPOLYLINE
  5
63A
330
17
100
AcDbEntity
  8
SOBRANTES-RECORTE
100
AcDbPolyline
 90
4
 70
1
 10
289.8709
 20
-67.5223
 10
290.0709
 20
-67.5223
 10
290.0709
 20
-66.4888
 10
289.8709
 20
-66.4888
  0
TEXT
  5
63B
330
17
100
AcDbEntity
  8
SOBRANTES-TEXTO
100
AcDbText
 10
289.97090000000003
 20
-66.9223
 30
0.0
 40
0.05
  1
PA-R-110
 72
1
 11
289.97090000000003
 21
-66.9223
 31
0.0
100
AcDbText
 73
2
  0
LWPOLYLINE
  5
63C
330
17
100
AcDbEntity
  8
SOBRANTES-MAPA
100
AcDbPolyline
 90
4
 70
1
 10
289.6699
 20
-67.5223
 10
289.8699
 20
-67.5223
 10
289.8699
 20
-66.3223
 10
289.6699
 20
-66.3223
  0
LWPOLYLINE
  5
63D
330
17
100
AcDbEntity
  8
SOBRANTES-RECORTE
100
AcDbPolyline
 90
4
 70
1
 10
289.6699
 20
-67.5223
 10
289.8699
 20
-67.5223
 10
289.8699
 20
-67.0893
 10
289.6699
 20
-67.0893
  0
TEXT
  5
63E
330
17
100
AcDbEntity
  8
SOBRANTES-TEXTO
100
AcDbText
 10
289.7699
 20
-66.9223
 30
0.0
 40
0.05
  1
PA-R-120
 72
1
 11
289.7699
 21
-66.9223
 31
0.0
100
AcDbText
 73
2
  0
LWPOLYLINE
  5
63F
330
17
100
AcDbEntity
  8
SOBRANTES-MAPA
100
AcDbPolyline
 90
4
 70
1
 10
289.4689
 20
-67.5223
 10
289.6689
 20
-67.5223
 10
289.6689
 20
-66.3223
 10
289.4689
 20
-66.3223
  0
LWPOLYLINE
  5
640
330
17
100
AcDbEntity
  8
SOBRANTES-RECORTE
100
AcDbPolyline
 90
4
 70
1
 10
289.4689
 20
-67.5223
 10
289.6689
 20
-67.5223
 10
289.6689
 20
-66.4888
 10
289.4689
 20
-66.4888
  0
TEXT
  5
641
330
17
100
AcDbEntity
  8
SOBRANTES-TEXTO
100
AcDbText
 10
289.56890000000004
 20
-66.9223
 30
0.0
 40
0.05
  1
PA-R-109
 72
1
 11
289.56890000000004
 21
-66.9223
 31
0.0
100
AcDbText
 73
2
  0
LWPOLYLINE
  5
642
330
17
100
AcDbEntity
  8
SOBRANTES-MAPA
100
AcDbPolyline
 90
4
 70
1
 10
289.2679
 20
-67.5223
 10
289.4679
 20
-67.5223
 10
289.4679
 20
-66.3223
 10
289.2679
 20
-66.3223
  0
LWPOLYLINE
  5
643
330
17
100
AcDbEntity
  8
SOBRANTES-RECORTE
100
AcDbPolyline
 90
4
 70
1
 10
289.2679
 20
-67.5223
 10
289.4679
 20
-67.5223
 10
289.4679
 20
-67.0893
 10
289.2679
 20
-67.0893
  0
TEXT
  5
644
330
17
100
AcDbEntity
  8
SOBRANTES-TEXTO
100
AcDbText
 10
289.3679
 20
-66.9223
 30
0.0
 40
0.05
  1
PA-R-119
 72
1
 11
289.3679
 21
-66.9223
 31
0.0
100
AcDbText
 73
2
  0
LWPOLYLINE
  5
645
330
17
100
AcDbEntity
  8
SOBRANTES-MAPA
100
AcDbPolyline
 90
4
 70
1
 10
289.1419
 20
-67.5223
 10
289.3419
 20
-67.5223
 10
289.3419
 20
-66.3223
 10
289.1419
 20
-66.3223
  0
LWPOLYLINE
  5
646
330
17
100
AcDbEntity
  8
SOBRANTES-RECORTE
100
AcDbPolyline
 90
4
 70
1
 10
289.2669
 20
-66.4888
 10
289.3419
 20
-66.4888
 10
289.3419
 20
-66.3223
 10
289.2669
 20
-66.3223
  0
LWPOLYLINE
  5
647
330
17
100
AcDbEntity
  8
SOBRANTES-RECORTE
100
AcDbPolyline
 90
4
 70
1
 10
289.1419
 20
-67.5223
 10
289.2669
 20
-67.5223
 10
289.2669
 20
-66.4888
 10
289.1419
 20
-66.4888
  0
TEXT
  5
648
330
17
100
AcDbEntity
  8
SOBRANTES-TEXTO
100
AcDbText
 10
289.24190000000004
 20
-66.9223
 30
0.0
 40
0.05
  1
PA-R-108
 72
1
 11
289.24190000000004
 21
-66.9223
 31
0.0
100
AcDbText
 73
2
  0
LWPOLYLINE
  5
649
330
17
100
AcDbEntity
  8
SOBRANTES-MAPA
100
AcDbPolyline
 90
4
 70
1
 10
288.8659
 20
-68.0407
 10
289.0659
 20
-68.0407
 10
289.0659
 20
-66.8407
 10
288.8659
 20
-66.8407
  0
LWPOLYLINE
  5
64A
330
17
100
AcDbEntity
  8
SOBRANTES-RECORTE
100
AcDbPolyline
 90
4
 70
1
 10
288.8659
 20
-68.0407
 10
289.0659
 20
-68.0407
 10
289.0659
 20
-67.0893
 10
288.8659
 20
-67.0893
  0
TEXT
  5
64B
330
17
100
AcDbEntity
  8
SOBRANTES-TEXTO
100
AcDbText
 10
288.96590000000003
 20
-67.4407
 30
0.0
 40
0.05
  1
PA-R-127
 72
1
 11
288.96590000000003
 21
-67.4407
 31
0.0
100
AcDbText
 73
2
  0
LWPOLYLINE
  5
64C
330
17
100
AcDbEntity
  8
SOBRANTES-MAPA
100
AcDbPolyline
 90
4
 70
1
 10
288.4639
 20
-68.0407
 10
288.6639
 20
-68.0407
 10
288.6639
 20
-66.8407
 10
288.4639
 20
-66.8407
  0
LWPOLYLINE
  5
64D
330
17
100
AcDbEntity
  8
SOBRANTES-RECORTE
100
AcDbPolyline
 90
4
 70
1
 10
288.4639
 20
-68.0407
 10
288.6639
 20
-68.0407
 10
288.6639
 20
-67.0893
 10
288.4639
 20
-67.0893
  0
TEXT
  5
64E
330
17
100
AcDbEntity
  8
SOBRANTES-TEXTO
100
AcDbText
 10
288.56390000000005
 20
-67.4407
 30
0.0
 40
0.05
  1
PA-R-126
 72
1
 11
288.56390000000005
 21
-67.4407
 31
0.0
100
AcDbText
 73
2
  0
LWPOLYLINE
  5
64F
330
17
100
AcDbEntity
  8
SOBRANTES-MAPA
100
AcDbPolyline
 90
4
 70
1
 10
288.0619
 20
-68.0407
 10
288.26189999999997
 20
-68.0407
 10
288.26189999999997
 20
-66.8407
 10
288.0619
 20
-66.8407
  0
LWPOLYLINE
  5
650
330
17
100
AcDbEntity
  8
SOBRANTES-RECORTE
100
AcDbPolyline
 90
4
 70
1
 10
288.0619
 20
-68.0407
 10
288.26189999999997
 20
-68.0407
 10
288.26189999999997
 20
-67.0893
 10
288.0619
 20
-67.0893
  0
TEXT
  5
651
330
17
100
AcDbEntity
  8
SOBRANTES-TEXTO
100
AcDbText
 10
288.1619
 20
-67.4407
 30
0.0
 40
0.05
  1
PA-R-125
 72
1
 11
288.1619
 21
-67.4407
 31
0.0
100
AcDbText
 73
2
  0
LWPOLYLINE
  5
652
330
17
100
AcDbEntity
  8
SOBRANTES-MAPA
100
AcDbPolyline
 90
4
 70
1
 10
287.9819
 20
-70.9923
 10
288.1819
 20
-70.9923
 10
288.1819
 20
-69.7923
 10
287.9819
 20
-69.7923
  0
LWPOLYLINE
  5
653
330
17
100
AcDbEntity
  8
SOBRANTES-RECORTE
100
AcDbPolyline
 90
4
 70
1
 10
288.0609
 20
-70.6923
 10
288.1819
 20
-70.6923
 10
288.1819
 20
-69.7923
 10
288.0609
 20
-69.7923
  0
LWPOLYLINE
  5
654
330
17
100
AcDbEntity
  8
SOBRANTES-RECORTE
100
AcDbPolyline
 90
4
 70
1
 10
287.9819
 20
-70.9923
 10
288.0609
 20
-70.9923
 10
288.0609
 20
-70.6923
 10
287.9819
 20
-70.6923
  0
TEXT
  5
655
330
17
100
AcDbEntity
  8
SOBRANTES-TEXTO
100
AcDbText
 10
288.0819
 20
-70.3923
 30
0.0
 40
0.05
  1
PA-R-179
 72
1
 11
288.0819
 21
-70.3923
 31
0.0
100
AcDbText
 73
2
  0
LWPOLYLINE
  5
656
330
17
100
AcDbEntity
  8
SOBRANTES-MAPA
100
AcDbPolyline
 90
4
 70
1
 10
276.0655
 20
-60.5523
 10
276.6655
 20
-60.5523
 10
276.6655
 20
-59.3583
 10
276.0655
 20
-59.3583
  0
LWPOLYLINE
  5
657
330
17
100
AcDbEntity
  8
SOBRANTES-RECORTE
100
AcDbPolyline
 90
4
 70
1
 10
276.0655
 20
-59.398300000000006
 10
276.6655
 20
-59.398300000000006
 10
276.6655
 20
-59.35830000000001
 10
276.0655
 20
-59.35830000000001
  0
TEXT
  5
658
330
17
100
AcDbEntity
  8
SOBRANTES-TEXTO
100
AcDbText
 10
276.3655
 20
-59.9553
 30
0.0
 40
0.05
  1
PB-M-017
 72
1
 11
276.3655
 21
-59.9553
 31
0.0
100
AcDbText
 73
2
  0
LWPOLYLINE
  5
659
330
17
100
AcDbEntity
  8
SOBRANTES-MAPA
100
AcDbPolyline
 90
4
 70
1
 10
272.4535
 20
-60.5523
 10
273.05350000000004
 20
-60.5523
 10
273.05350000000004
 20
-59.3583
 10
272.4535
 20
-59.3583
  0
LWPOLYLINE
  5
65A
330
17
100
AcDbEntity
  8
SOBRANTES-RECORTE
100
AcDbPolyline
 90
4
 70
1
 10
272.4535
 20
-59.398300000000006
 10
273.05350000000004
 20
-59.398300000000006
 10
273.05350000000004
 20
-59.35830000000001
 10
272.4535
 20
-59.35830000000001
  0
TEXT
  5
65B
330
17
100
AcDbEntity
  8
SOBRANTES-TEXTO
100
AcDbText
 10
272.75350000000003
 20
-59.9553
 30
0.0
 40
0.05
  1
PB-M-016
 72
1
 11
272.75350000000003
 21
-59.9553
 31
0.0
100
AcDbText
 73
2
  0
LWPOLYLINE
  5
65C
330
17
100
AcDbEntity
  8
SOBRANTES-MAPA
100
AcDbPolyline
 90
4
 70
1
 10
276.6675
 20
-61.8423
 10
277.26750000000004
 20
-61.8423
 10
277.26750000000004
 20
-60.6483
 10
276.6675
 20
-60.6483
  0
LWPOLYLINE
  5
65D
330
17
100
AcDbEntity
  8
SOBRANTES-RECORTE
100
AcDbPolyline
 90
4
 70
1
 10
276.6675
 20
-60.6723
 10
277.26750000000004
 20
-60.6723
 10
277.26750000000004
 20
-60.6483
 10
276.6675
 20
-60.6483
  0
TEXT
  5
65E
330
17
100
AcDbEntity
  8
SOBRANTES-TEXTO
100
AcDbText
 10
276.96750000000003
 20
-61.2453
 30
0.0
 40
0.05
  1
PB-M-042
 72
1
 11
276.96750000000003
 21
-61.2453
 31
0.0
100
AcDbText
 73
2
  0
LWPOLYLINE
  5
65F
330
17
100
AcDbEntity
  8
SOBRANTES-MAPA
100
AcDbPolyline
 90
4
 70
1
 10
277.8715
 20
-64.6223
 10
278.47150000000005
 20
-64.6223
 10
278.47150000000005
 20
-63.42829999999999
 10
277.8715
 20
-63.42829999999999
  0
LWPOLYLINE
  5
660
330
17
100
AcDbEntity
  8
SOBRANTES-RECORTE
100
AcDbPolyline
 90
4
 70
1
 10
277.8715
 20
-64.2483
 10
278.47150000000005
 20
-64.2483
 10
278.47150000000005
 20
-63.4283
 10
277.8715
 20
-63.4283
  0
TEXT
  5
661
330
17
100
AcDbEntity
  8
SOBRANTES-TEXTO
100
AcDbText
 10
278.17150000000004
 20
-64.0253
 30
0.0
 40
0.05
  1
PB-M-087
 72
1
 11
278.17150000000004
 21
-64.0253
 31
0.0
100
AcDbText
 73
2
  0
LWPOLYLINE
  5
662
330
17
100
AcDbEntity
  8
SOBRANTES-MAPA
100
AcDbPolyline
 90
4
 70
1
 10
278.4735
 20
-64.6223
 10
279.0735
 20
-64.6223
 10
279.0735
 20
-63.42829999999999
 10
278.4735
 20
-63.42829999999999
  0
LWPOLYLINE
  5
663
330
17
100
AcDbEntity
  8
SOBRANTES-RECORTE
100
AcDbPolyline
 90
4
 70
1
 10
278.4735
 20
-64.2483
 10
279.0735
 20
-64.2483
 10
279.0735
 20
-63.4283
 10
278.4735
 20
-63.4283
  0
TEXT
  5
664
330
17
100
AcDbEntity
  8
SOBRANTES-TEXTO
100
AcDbText
 10
278.7735
 20
-64.0253
 30
0.0
 40
0.05
  1
PB-M-088
 72
1
 11
278.7735
 21
-64.0253
 31
0.0
100
AcDbText
 73
2
  0
LWPOLYLINE
  5
665
330
17
100
AcDbEntity
  8
SOBRANTES-MAPA
100
AcDbPolyline
 90
4
 70
1
 10
277.27349999999996
 20
-65.8243
 10
277.86949999999996
 20
-65.8243
 10
277.86949999999996
 20
-64.62429999999999
 10
277.27349999999996
 20
-64.62429999999999
  0
LWPOLYLINE
  5
666
330
17
100
AcDbEntity
  8
SOBRANTES-RECORTE
100
AcDbPolyline
 90
4
 70
1
 10
277.27349999999996
 20
-65.8243
 10
277.6835
 20
-65.8243
 10
277.6835
 20
-64.62429999999999
 10
277.27349999999996
 20
-64.62429999999999
  0
TEXT
  5
667
330
17
100
AcDbEntity
  8
SOBRANTES-TEXTO
100
AcDbText
 10
277.57149999999996
 20
-65.2243
 30
0.0
 40
0.05
  1
PB-M-102
 72
1
 11
277.57149999999996
 21
-65.2243
 31
0.0
100
AcDbText
 73
2
  0
LWPOLYLINE
  5
668
330
17
100
AcDbEntity
  8
SOBRANTES-MAPA
100
AcDbPolyline
 90
4
 70
1
 10
277.27349999999996
 20
-67.0203
 10
277.86949999999996
 20
-67.0203
 10
277.86949999999996
 20
-65.8263
 10
277.27349999999996
 20
-65.8263
  0
LWPOLYLINE
  5
669
330
17
100
AcDbEntity
  8
SOBRANTES-RECORTE
100
AcDbPolyline
 90
4
 70
1
 10
277.27349999999996
 20
-66.1423
 10
277.6835
 20
-66.1423
 10
277.6835
 20
-65.8263
 10
277.27349999999996
 20
-65.8263
  0
LWPOLYLINE
  5
66A
330
17
100
AcDbEntity
  8
SOBRANTES-RECORTE
100
AcDbPolyline
 90
4
 70
1
 10
277.6835
 20
-67.0203
 10
277.86949999999996
 20
-67.0203
 10
277.86949999999996
 20
-66.1423
 10
277.6835
 20
-66.1423
  0
TEXT
  5
66B
330
17
100
AcDbEntity
  8
SOBRANTES-TEXTO
100
AcDbText
 10
277.57149999999996
 20
-66.42330000000001
 30
0.0
 40
0.05
  1
PB-M-108
 72
1
 11
277.57149999999996
 21
-66.42330000000001
 31
0.0
100
AcDbText
 73
2
  0
LWPOLYLINE
  5
66C
330
17
100
AcDbEntity
  8
SOBRANTES-MAPA
100
AcDbPolyline
 90
4
 70
1
 10
290.9819
 20
-61.7273
 10
291.5779
 20
-61.7273
 10
291.5779
 20
-60.5333
 10
290.9819
 20
-60.5333
  0
LWPOLYLINE
  5
66D
330
17
100
AcDbEntity
  8
SOBRANTES-RECORTE
100
AcDbPolyline
 90
4
 70
1
 10
291.3919
 20
-61.7273
 10
291.5779
 20
-61.7273
 10
291.5779
 20
-61.2173
 10
291.3919
 20
-61.2173
  0
LWPOLYLINE
  5
66E
330
17
100
AcDbEntity
  8
SOBRANTES-RECORTE
100
AcDbPolyline
 90
4
 70
1
 10
290.9819
 20
-61.2173
 10
291.3919
 20
-61.2173
 10
291.3919
 20
-60.533300000000004
 10
290.9819
 20
-60.533300000000004
  0
TEXT
  5
66F
330
17
100
AcDbEntity
  8
SOBRANTES-TEXTO
100
AcDbText
 10
291.2799
 20
-61.1303
 30
0.0
 40
0.05
  1
PA-M-008
 72
1
 11
291.2799
 21
-61.1303
 31
0.0
100
AcDbText
 73
2
  0
LWPOLYLINE
  5
670
330
17
100
AcDbEntity
  8
SOBRANTES-MAPA
100
AcDbPolyline
 90
4
 70
1
 10
290.3799
 20
-61.7273
 10
290.97990000000004
 20
-61.7273
 10
290.97990000000004
 20
-60.5333
 10
290.3799
 20
-60.5333
  0
LWPOLYLINE
  5
671
330
17
100
AcDbEntity
  8
SOBRANTES-RECORTE
100
AcDbPolyline
 90
4
 70
1
 10
290.3799
 20
-61.2173
 10
290.97990000000004
 20
-61.2173
 10
290.97990000000004
 20
-60.533300000000004
 10
290.3799
 20
-60.533300000000004
  0
TEXT
  5
672
330
17
100
AcDbEntity
  8
SOBRANTES-TEXTO
100
AcDbText
 10
290.67990000000003
 20
-61.1303
 30
0.0
 40
0.05
  1
PA-M-007
 72
1
 11
290.67990000000003
 21
-61.1303
 31
0.0
100
AcDbText
 73
2
  0
LWPOLYLINE
  5
673
330
17
100
AcDbEntity
  8
SOBRANTES-MAPA
100
AcDbPolyline
 90
4
 70
1
 10
287.5323
 20
-68.3383
 10
288.1283
 20
-68.3383
 10
288.1283
 20
-67.1383
 10
287.5323
 20
-67.1383
  0
LWPOLYLINE
  5
674
330
17
100
AcDbEntity
  8
SOBRANTES-RECORTE
100
AcDbPolyline
 90
4
 70
1
 10
287.882
 20
-68.3383
 10
288.1283
 20
-68.3383
 10
288.1283
 20
-67.1383
 10
287.882
 20
-67.1383
  0
TEXT
  5
675
330
17
100
AcDbEntity
  8
SOBRANTES-TEXTO
100
AcDbText
 10
287.8303
 20
-67.73830000000001
 30
0.0
 40
0.05
  1
PA-M-048
 72
1
 11
287.8303
 21
-67.73830000000001
 31
0.0
100
AcDbText
 73
2
  0
LWPOLYLINE
  5
676
330
17
100
AcDbEntity
  8
SOBRANTES-MAPA
100
AcDbPolyline
 90
4
 70
1
 10
274.3975
 20
-73.27029999999999
 10
274.9935
 20
-73.27029999999999
 10
274.9935
 20
-72.07629999999999
 10
274.3975
 20
-72.07629999999999
  0
LWPOLYLINE
  5
677
330
17
100
AcDbEntity
  8
SOBRANTES-RECORTE
100
AcDbPolyline
 90
4
 70
1
 10
274.3975
 20
-72.0923
 10
274.8615
 20
-72.0923
 10
274.8615
 20
-72.07629999999999
 10
274.3975
 20
-72.07629999999999
  0
LWPOLYLINE
  5
678
330
17
100
AcDbEntity
  8
SOBRANTES-RECORTE
100
AcDbPolyline
 90
4
 70
1
 10
274.8615
 20
-73.27029999999999
 10
274.9935
 20
-73.27029999999999
 10
274.9935
 20
-72.0923
 10
274.8615
 20
-72.0923
  0
TEXT
  5
679
330
17
100
AcDbEntity
  8
SOBRANTES-TEXTO
100
AcDbText
 10
274.6955
 20
-72.6733
 30
0.0
 40
0.05
  1
PB-M-199
 72
1
 11
274.6955
 21
-72.6733
 31
0.0
100
AcDbText
 73
2
  0
LWPOLYLINE
  5
67A
330
17
100
AcDbEntity
  8
SOBRANTES-MAPA
100
AcDbPolyline
 90
4
 70
1
 10
274.2595
 20
-73.27029999999999
 10
274.8595
 20
-73.27029999999999
 10
274.8595
 20
-72.07629999999999
 10
274.2595
 20
-72.07629999999999
  0
LWPOLYLINE
  5
67B
330
17
100
AcDbEntity
  8
SOBRANTES-RECORTE
100
AcDbPolyline
 90
4
 70
1
 10
274.2595
 20
-73.27029999999999
 10
274.8595
 20
-73.27029999999999
 10
274.8595
 20
-72.0923
 10
274.2595
 20
-72.0923
  0
TEXT
  5
67C
330
17
100
AcDbEntity
  8
SOBRANTES-TEXTO
100
AcDbText
 10
274.5595
 20
-72.6733
 30
0.0
 40
0.05
  1
PB-M-198
 72
1
 11
274.5595
 21
-72.6733
 31
0.0
100
AcDbText
 73
2
  0
LWPOLYLINE
  5
67D
330
17
100
AcDbEntity
  8
SOBRANTES-MAPA
100
AcDbPolyline
 90
4
 70
1
 10
274.3975
 20
-72.0743
 10
274.9935
 20
-72.0743
 10
274.9935
 20
-70.87429999999999
 10
274.3975
 20
-70.87429999999999
  0
LWPOLYLINE
  5
67E
330
17
100
AcDbEntity
  8
SOBRANTES-RECORTE
100
AcDbPolyline
 90
4
 70
1
 10
274.3975
 20
-72.0743
 10
274.8615
 20
-72.0743
 10
274.8615
 20
-70.87429999999999
 10
274.3975
 20
-70.87429999999999
  0
TEXT
  5
67F
330
17
100
AcDbEntity
  8
SOBRANTES-TEXTO
100
AcDbText
 10
274.6955
 20
-71.4743
 30
0.0
 40
0.05
  1
PB-M-194
 72
1
 11
274.6955
 21
-71.4743
 31
0.0
100
AcDbText
 73
2
  0
LWPOLYLINE
  5
680
330
17
100
AcDbEntity
  8
SOBRANTES-MAPA
100
AcDbPolyline
 90
4
 70
1
 10
273.6575
 20
-73.27029999999999
 10
274.25750000000005
 20
-73.27029999999999
 10
274.25750000000005
 20
-72.07629999999999
 10
273.6575
 20
-72.07629999999999
  0
LWPOLYLINE
  5
681
330
17
100
AcDbEntity
  8
SOBRANTES-RECORTE
100
AcDbPolyline
 90
4
 70
1
 10
273.6575
 20
-73.27029999999999
 10
274.25750000000005
 20
-73.27029999999999
 10
274.25750000000005
 20
-72.0923
 10
273.6575
 20
-72.0923
  0
TEXT
  5
682
330
17
100
AcDbEntity
  8
SOBRANTES-TEXTO
100
AcDbText
 10
273.95750000000004
 20
-72.6733
 30
0.0
 40
0.05
  1
PB-M-197
 72
1
 11
273.95750000000004
 21
-72.6733
 31
0.0
100
AcDbText
 73
2
  0
LWPOLYLINE
  5
683
330
17
100
AcDbEntity
  8
SOBRANTES-MAPA
100
AcDbPolyline
 90
4
 70
1
 10
273.0555
 20
-73.27029999999999
 10
273.6555
 20
-73.27029999999999
 10
273.6555
 20
-72.07629999999999
 10
273.0555
 20
-72.07629999999999
  0
LWPOLYLINE
  5
684
330
17
100
AcDbEntity
  8
SOBRANTES-RECORTE
100
AcDbPolyline
 90
4
 70
1
 10
273.0555
 20
-73.27029999999999
 10
273.6555
 20
-73.27029999999999
 10
273.6555
 20
-72.0923
 10
273.0555
 20
-72.0923
  0
TEXT
  5
685
330
17
100
AcDbEntity
  8
SOBRANTES-TEXTO
100
AcDbText
 10
273.3555
 20
-72.6733
 30
0.0
 40
0.05
  1
PB-M-196
 72
1
 11
273.3555
 21
-72.6733
 31
0.0
100
AcDbText
 73
2
  0
LWPOLYLINE
  5
686
330
17
100
AcDbEntity
  8
SOBRANTES-MAPA
100
AcDbPolyline
 90
4
 70
1
 10
272.4535
 20
-73.27029999999999
 10
273.05350000000004
 20
-73.27029999999999
 10
273.05350000000004
 20
-72.07629999999999
 10
272.4535
 20
-72.07629999999999
  0
LWPOLYLINE
  5
687
330
17
100
AcDbEntity
  8
SOBRANTES-RECORTE
100
AcDbPolyline
 90
4
 70
1
 10
272.4535
 20
-73.27029999999999
 10
273.05350000000004
 20
-73.27029999999999
 10
273.05350000000004
 20
-72.0923
 10
272.4535
 20
-72.0923
  0
TEXT
  5
688
330
17
100
AcDbEntity
  8
SOBRANTES-TEXTO
100
AcDbText
 10
272.75350000000003
 20
-72.6733
 30
0.0
 40
0.05
  1
PB-M-195
 72
1
 11
272.75350000000003
 21
-72.6733
 31
0.0
100
AcDbText
 73
2
  0
LWPOLYLINE
  5
689
330
17
100
AcDbEntity
  8
SOBRANTES-MAPA
100
AcDbPolyline
 90
4
 70
1
 10
283.382
 20
-70.7363
 10
283.978
 20
-70.7363
 10
283.978
 20
-69.5423
 10
283.382
 20
-69.5423
  0
LWPOLYLINE
  5
68A
330
17
100
AcDbEntity
  8
SOBRANTES-RECORTE
100
AcDbPolyline
 90
4
 70
1
 10
283.932
 20
-70.6923
 10
283.978
 20
-70.6923
 10
283.978
 20
-69.5423
 10
283.932
 20
-69.5423
  0
LWPOLYLINE
  5
68B
330
17
100
AcDbEntity
  8
SOBRANTES-RECORTE
100
AcDbPolyline
 90
4
 70
1
 10
283.382
 20
-70.7363
 10
283.932
 20
-70.7363
 10
283.932
 20
-70.6923
 10
283.382
 20
-70.6923
  0
TEXT
  5
68C
330
17
100
AcDbEntity
  8
SOBRANTES-TEXTO
100
AcDbText
 10
283.68
 20
-70.1393
 30
0.0
 40
0.05
  1
PA-M-069
 72
1
 11
283.68
 21
-70.1393
 31
0.0
100
AcDbText
 73
2
  0
LWPOLYLINE
  5
68D
330
17
100
AcDbEntity
  8
SOBRANTES-MAPA
100
AcDbPolyline
 90
4
 70
1
 10
282.8319
 20
-70.7363
 10
283.4279
 20
-70.7363
 10
283.4279
 20
-69.5423
 10
282.8319
 20
-69.5423
  0
LWPOLYLINE
  5
68E
330
17
100
AcDbEntity
  8
SOBRANTES-RECORTE
100
AcDbPolyline
 90
4
 70
1
 10
283.3799
 20
-70.6923
 10
283.4279
 20
-70.6923
 10
283.4279
 20
-69.5423
 10
283.3799
 20
-69.5423
  0
LWPOLYLINE
  5
68F
330
17
100
AcDbEntity
  8
SOBRANTES-RECORTE
100
AcDbPolyline
 90
4
 70
1
 10
282.8319
 20
-70.7363
 10
283.3799
 20
-70.7363
 10
283.3799
 20
-70.6923
 10
282.8319
 20
-70.6923
  0
TEXT
  5
690
330
17
100
AcDbEntity
  8
SOBRANTES-TEXTO
100
AcDbText
 10
283.1299
 20
-70.1393
 30
0.0
 40
0.05
  1
PA-M-068
 72
1
 11
283.1299
 21
-70.1393
 31
0.0
100
AcDbText
 73
2
  0
LWPOLYLINE
  5
691
330
17
100
AcDbEntity
  8
SOBRANTES-MAPA
100
AcDbPolyline
 90
4
 70
1
 10
283.932
 20
-70.7363
 10
284.528
 20
-70.7363
 10
284.528
 20
-69.5423
 10
283.932
 20
-69.5423
  0
LWPOLYLINE
  5
692
330
17
100
AcDbEntity
  8
SOBRANTES-RECORTE
100
AcDbPolyline
 90
4
 70
1
 10
284.202
 20
-70.6923
 10
284.528
 20
-70.6923
 10
284.528
 20
-69.5423
 10
284.202
 20
-69.5423
  0
LWPOLYLINE
  5
693
330
17
100
AcDbEntity
  8
SOBRANTES-RECORTE
100
AcDbPolyline
 90
4
 70
1
 10
283.932
 20
-70.7363
 10
284.202
 20
-70.7363
 10
284.202
 20
-70.6923
 10
283.932
 20
-70.6923
  0
TEXT
  5
694
330
17
100
AcDbEntity
  8
SOBRANTES-TEXTO
100
AcDbText
 10
284.23
 20
-70.1393
 30
0.0
 40
0.05
  1
PA-M-070
 72
1
 11
284.23
 21
-70.1393
 31
0.0
100
AcDbText
 73
2
  0
LWPOLYLINE
  5
695
330
17
100
AcDbEntity
  8
SOBRANTES-MAPA
100
AcDbPolyline
 90
4
 70
1
 10
284.202
 20
-70.7363
 10
284.798
 20
-70.7363
 10
284.798
 20
-69.5423
 10
284.202
 20
-69.5423
  0
LWPOLYLINE
  5
696
330
17
100
AcDbEntity
  8
SOBRANTES-RECORTE
100
AcDbPolyline
 90
4
 70
1
 10
284.472
 20
-70.6923
 10
284.798
 20
-70.6923
 10
284.798
 20
-69.5423
 10
284.472
 20
-69.5423
  0
LWPOLYLINE
  5
697
330
17
100
AcDbEntity
  8
SOBRANTES-RECORTE
100
AcDbPolyline
 90
4
 70
1
 10
284.202
 20
-70.7363
 10
284.472
 20
-70.7363
 10
284.472
 20
-70.6923
 10
284.202
 20
-70.6923
  0
TEXT
  5
698
330
17
100
AcDbEntity
  8
SOBRANTES-TEXTO
100
AcDbText
 10
284.5
 20
-70.1393
 30
0.0
 40
0.05
  1
PA-M-071
 72
1
 11
284.5
 21
-70.1393
 31
0.0
100
AcDbText
 73
2
  0
LWPOLYLINE
  5
699
330
17
100
AcDbEntity
  8
SOBRANTES-MAPA
100
AcDbPolyline
 90
4
 70
1
 10
284.472
 20
-70.7363
 10
285.068
 20
-70.7363
 10
285.068
 20
-69.5423
 10
284.472
 20
-69.5423
  0
LWPOLYLINE
  5
69A
330
17
100
AcDbEntity
  8
SOBRANTES-RECORTE
100
AcDbPolyline
 90
4
 70
1
 10
284.74199999999996
 20
-70.6923
 10
285.068
 20
-70.6923
 10
285.068
 20
-69.5423
 10
284.74199999999996
 20
-69.5423
  0
LWPOLYLINE
  5
69B
330
17
100
AcDbEntity
  8
SOBRANTES-RECORTE
100
AcDbPolyline
 90
4
 70
1
 10
284.472
 20
-70.7363
 10
284.74199999999996
 20
-70.7363
 10
284.74199999999996
 20
-70.6923
 10
284.472
 20
-70.6923
  0
TEXT
  5
69C
330
17
100
AcDbEntity
  8
SOBRANTES-TEXTO
100
AcDbText
 10
284.77
 20
-70.1393
 30
0.0
 40
0.05
  1
PA-M-072
 72
1
 11
284.77
 21
-70.1393
 31
0.0
100
AcDbText
 73
2
  0
LWPOLYLINE
  5
69D
330
17
100
AcDbEntity
  8
SOBRANTES-MAPA
100
AcDbPolyline
 90
4
 70
1
 10
284.742
 20
-70.7363
 10
285.338
 20
-70.7363
 10
285.338
 20
-69.5423
 10
284.742
 20
-69.5423
  0
LWPOLYLINE
  5
69E
330
17
100
AcDbEntity
  8
SOBRANTES-RECORTE
100
AcDbPolyline
 90
4
 70
1
 10
285.012
 20
-70.6923
 10
285.338
 20
-70.6923
 10
285.338
 20
-69.5423
 10
285.012
 20
-69.5423
  0
LWPOLYLINE
  5
69F
330
17
100
AcDbEntity
  8
SOBRANTES-RECORTE
100
AcDbPolyline
 90
4
 70
1
 10
284.742
 20
-70.7363
 10
285.012
 20
-70.7363
 10
285.012
 20
-70.6923
 10
284.742
 20
-70.6923
  0
TEXT
  5
6A0
330
17
100
AcDbEntity
  8
SOBRANTES-TEXTO
100
AcDbText
 10
285.04
 20
-70.1393
 30
0.0
 40
0.05
  1
PA-M-073
 72
1
 11
285.04
 21
-70.1393
 31
0.0
100
AcDbText
 73
2
  0
LWPOLYLINE
  5
6A1
330
17
100
AcDbEntity
  8
SOBRANTES-MAPA
100
AcDbPolyline
 90
4
 70
1
 10
285.012
 20
-70.7363
 10
285.608
 20
-70.7363
 10
285.608
 20
-69.5423
 10
285.012
 20
-69.5423
  0
LWPOLYLINE
  5
6A2
330
17
100
AcDbEntity
  8
SOBRANTES-RECORTE
100
AcDbPolyline
 90
4
 70
1
 10
285.282
 20
-70.6923
 10
285.608
 20
-70.6923
 10
285.608
 20
-69.5423
 10
285.282
 20
-69.5423
  0
LWPOLYLINE
  5
6A3
330
17
100
AcDbEntity
  8
SOBRANTES-RECORTE
100
AcDbPolyline
 90
4
 70
1
 10
285.012
 20
-70.7363
 10
285.282
 20
-70.7363
 10
285.282
 20
-70.6923
 10
285.012
 20
-70.6923
  0
TEXT
  5
6A4
330
17
100
AcDbEntity
  8
SOBRANTES-TEXTO
100
AcDbText
 10
285.31
 20
-70.1393
 30
0.0
 40
0.05
  1
PA-M-074
 72
1
 11
285.31
 21
-70.1393
 31
0.0
100
AcDbText
 73
2
  0
LWPOLYLINE
  5
6A5
330
17
100
AcDbEntity
  8
SOBRANTES-MAPA
100
AcDbPolyline
 90
4
 70
1
 10
285.282
 20
-70.7363
 10
285.878
 20
-70.7363
 10
285.878
 20
-69.5423
 10
285.282
 20
-69.5423
  0
LWPOLYLINE
  5
6A6
330
17
100
AcDbEntity
  8
SOBRANTES-RECORTE
100
AcDbPolyline
 90
4
 70
1
 10
285.55199999999996
 20
-70.6923
 10
285.878
 20
-70.6923
 10
285.878
 20
-69.5423
 10
285.55199999999996
 20
-69.5423
  0
LWPOLYLINE
  5
6A7
330
17
100
AcDbEntity
  8
SOBRANTES-RECORTE
100
AcDbPolyline
 90
4
 70
1
 10
285.282
 20
-70.7363
 10
285.55199999999996
 20
-70.7363
 10
285.55199999999996
 20
-70.6923
 10
285.282
 20
-70.6923
  0
TEXT
  5
6A8
330
17
100
AcDbEntity
  8
SOBRANTES-TEXTO
100
AcDbText
 10
285.58
 20
-70.1393
 30
0.0
 40
0.05
  1
PA-M-075
 72
1
 11
285.58
 21
-70.1393
 31
0.0
100
AcDbText
 73
2
  0
LWPOLYLINE
  5
6A9
330
17
100
AcDbEntity
  8
SOBRANTES-MAPA
100
AcDbPolyline
 90
4
 70
1
 10
286.3283
 20
-70.7363
 10
286.92830000000004
 20
-70.7363
 10
286.92830000000004
 20
-69.5423
 10
286.3283
 20
-69.5423
  0
LWPOLYLINE
  5
6AA
330
17
100
AcDbEntity
  8
SOBRANTES-RECORTE
100
AcDbPolyline
 90
4
 70
1
 10
286.3283
 20
-70.7363
 10
286.92830000000004
 20
-70.7363
 10
286.92830000000004
 20
-70.6923
 10
286.3283
 20
-70.6923
  0
TEXT
  5
6AB
330
17
100
AcDbEntity
  8
SOBRANTES-TEXTO
100
AcDbText
 10
286.6283
 20
-70.1393
 30
0.0
 40
0.05
  1
PA-M-078
 72
1
 11
286.6283
 21
-70.1393
 31
0.0
100
AcDbText
 73
2
  0
LWPOLYLINE
  5
6AC
330
17
100
AcDbEntity
  8
SOBRANTES-MAPA
100
AcDbPolyline
 90
4
 70
1
 10
285.7263
 20
-70.7363
 10
286.3263
 20
-70.7363
 10
286.3263
 20
-69.5423
 10
285.7263
 20
-69.5423
  0
LWPOLYLINE
  5
6AD
330
17
100
AcDbEntity
  8
SOBRANTES-RECORTE
100
AcDbPolyline
 90
4
 70
1
 10
285.7263
 20
-70.7363
 10
286.3263
 20
-70.7363
 10
286.3263
 20
-70.6923
 10
285.7263
 20
-70.6923
  0
TEXT
  5
6AE
330
17
100
AcDbEntity
  8
SOBRANTES-TEXTO
100
AcDbText
 10
286.0263
 20
-70.1393
 30
0.0
 40
0.05
  1
PA-M-077
 72
1
 11
286.0263
 21
-70.1393
 31
0.0
100
AcDbText
 73
2
  0
LWPOLYLINE
  5
6AF
330
17
100
AcDbEntity
  8
SOBRANTES-MAPA
100
AcDbPolyline
 90
4
 70
1
 10
285.5519
 20
-70.7363
 10
286.1479
 20
-70.7363
 10
286.1479
 20
-69.5423
 10
285.5519
 20
-69.5423
  0
LWPOLYLINE
  5
6B0
330
17
100
AcDbEntity
  8
SOBRANTES-RECORTE
100
AcDbPolyline
 90
4
 70
1
 10
285.7242
 20
-70.6923
 10
286.1479
 20
-70.6923
 10
286.1479
 20
-69.5423
 10
285.7242
 20
-69.5423
  0
LWPOLYLINE
  5
6B1
330
17
100
AcDbEntity
  8
SOBRANTES-RECORTE
100
AcDbPolyline
 90
4
 70
1
 10
285.5519
 20
-70.7363
 10
285.7242
 20
-70.7363
 10
285.7242
 20
-70.6923
 10
285.5519
 20
-70.6923
  0
TEXT
  5
6B2
330
17
100
AcDbEntity
  8
SOBRANTES-TEXTO
100
AcDbText
 10
285.8499
 20
-70.1393
 30
0.0
 40
0.05
  1
PA-M-076
 72
1
 11
285.8499
 21
-70.1393
 31
0.0
100
AcDbText
 73
2
  0
LWPOLYLINE
  5
6B3
330
17
100
AcDbEntity
  8
SOBRANTES-MAPA
100
AcDbPolyline
 90
4
 70
1
 10
282.8319
 20
-70.19630000000001
 10
283.93190000000004
 20
-70.19630000000001
 10
283.93190000000004
 20
-69.0023
 10
282.8319
 20
-69.0023
  0
LWPOLYLINE
  5
6B4
330
17
100
AcDbEntity
  8
SOBRANTES-RECORTE
100
AcDbPolyline
 90
4
 70
1
 10
282.8319
 20
-70.19630000000001
 10
283.93190000000004
 20
-70.19630000000001
 10
283.93190000000004
 20
-69.2723
 10
282.8319
 20
-69.2723
  0
TEXT
  5
6B5
330
17
100
AcDbEntity
  8
SOBRANTES-TEXTO
100
AcDbText
 10
283.38190000000003
 20
-69.59930000000001
 30
0.0
 40
0.05
  1
PA-M-060
 72
1
 11
283.38190000000003
 21
-69.59930000000001
 31
0.0
100
AcDbText
 73
2
  0
LWPOLYLINE
  5
6B6
330
17
100
AcDbEntity
  8
SOBRANTES-MAPA
100
AcDbPolyline
 90
4
 70
1
 10
282.8319
 20
-70.4663
 10
283.93190000000004
 20
-70.4663
 10
283.93190000000004
 20
-69.2723
 10
282.8319
 20
-69.2723
  0
LWPOLYLINE
  5
6B7
330
17
100
AcDbEntity
  8
SOBRANTES-RECORTE
100
AcDbPolyline
 90
4
 70
1
 10
282.8319
 20
-70.4663
 10
283.93190000000004
 20
-70.4663
 10
283.93190000000004
 20
-69.5423
 10
282.8319
 20
-69.5423
  0
TEXT
  5
6B8
330
17
100
AcDbEntity
  8
SOBRANTES-TEXTO
100
AcDbText
 10
283.38190000000003
 20
-69.86930000000001
 30
0.0
 40
0.05
  1
PA-M-067
 72
1
 11
283.38190000000003
 21
-69.86930000000001
 31
0.0
100
AcDbText
 73
2
  0
LWPOLYLINE
  5
6B9
330
17
100
AcDbEntity
  8
SOBRANTES-MAPA
100
AcDbPolyline
 90
4
 70
1
 10
283.382
 20
-69.0463
 10
283.978
 20
-69.0463
 10
283.978
 20
-67.8523
 10
283.382
 20
-67.8523
  0
LWPOLYLINE
  5
6BA
330
17
100
AcDbEntity
  8
SOBRANTES-RECORTE
100
AcDbPolyline
 90
4
 70
1
 10
283.932
 20
-69.0023
 10
283.978
 20
-69.0023
 10
283.978
 20
-67.8523
 10
283.932
 20
-67.8523
  0
LWPOLYLINE
  5
6BB
330
17
100
AcDbEntity
  8
SOBRANTES-RECORTE
100
AcDbPolyline
 90
4
 70
1
 10
283.382
 20
-69.0463
 10
283.932
 20
-69.0463
 10
283.932
 20
-69.0023
 10
283.382
 20
-69.0023
  0
TEXT
  5
6BC
330
17
100
AcDbEntity
  8
SOBRANTES-TEXTO
100
AcDbText
 10
283.68
 20
-68.44930000000001
 30
0.0
 40
0.05
  1
PA-M-050
 72
1
 11
283.68
 21
-68.44930000000001
 31
0.0
100
AcDbText
 73
2
  0
LWPOLYLINE
  5
6BD
330
17
100
AcDbEntity
  8
SOBRANTES-MAPA
100
AcDbPolyline
 90
4
 70
1
 10
282.8319
 20
-69.0463
 10
283.4279
 20
-69.0463
 10
283.4279
 20
-67.8523
 10
282.8319
 20
-67.8523
  0
LWPOLYLINE
  5
6BE
330
17
100
AcDbEntity
  8
SOBRANTES-RECORTE
100
AcDbPolyline
 90
4
 70
1
 10
283.3799
 20
-69.0023
 10
283.4279
 20
-69.0023
 10
283.4279
 20
-67.8523
 10
283.3799
 20
-67.8523
  0
LWPOLYLINE
  5
6BF
330
17
100
AcDbEntity
  8
SOBRANTES-RECORTE
100
AcDbPolyline
 90
4
 70
1
 10
282.8319
 20
-69.0463
 10
283.3799
 20
-69.0463
 10
283.3799
 20
-69.0023
 10
282.8319
 20
-69.0023
  0
TEXT
  5
6C0
330
17
100
AcDbEntity
  8
SOBRANTES-TEXTO
100
AcDbText
 10
283.1299
 20
-68.44930000000001
 30
0.0
 40
0.05
  1
PA-M-049
 72
1
 11
283.1299
 21
-68.44930000000001
 31
0.0
100
AcDbText
 73
2
  0
LWPOLYLINE
  5
6C1
330
17
100
AcDbEntity
  8
SOBRANTES-MAPA
100
AcDbPolyline
 90
4
 70
1
 10
283.932
 20
-69.0463
 10
284.528
 20
-69.0463
 10
284.528
 20
-67.8523
 10
283.932
 20
-67.8523
  0
LWPOLYLINE
  5
6C2
330
17
100
AcDbEntity
  8
SOBRANTES-RECORTE
100
AcDbPolyline
 90
4
 70
1
 10
284.202
 20
-69.0023
 10
284.528
 20
-69.0023
 10
284.528
 20
-67.8523
 10
284.202
 20
-67.8523
  0
LWPOLYLINE
  5
6C3
330
17
100
AcDbEntity
  8
SOBRANTES-RECORTE
100
AcDbPolyline
 90
4
 70
1
 10
283.932
 20
-69.0463
 10
284.202
 20
-69.0463
 10
284.202
 20
-69.0023
 10
283.932
 20
-69.0023
  0
TEXT
  5
6C4
330
17
100
AcDbEntity
  8
SOBRANTES-TEXTO
100
AcDbText
 10
284.23
 20
-68.44930000000001
 30
0.0
 40
0.05
  1
PA-M-051
 72
1
 11
284.23
 21
-68.44930000000001
 31
0.0
100
AcDbText
 73
2
  0
LWPOLYLINE
  5
6C5
330
17
100
AcDbEntity
  8
SOBRANTES-MAPA
100
AcDbPolyline
 90
4
 70
1
 10
284.202
 20
-69.0463
 10
284.798
 20
-69.0463
 10
284.798
 20
-67.8523
 10
284.202
 20
-67.8523
  0
LWPOLYLINE
  5
6C6
330
17
100
AcDbEntity
  8
SOBRANTES-RECORTE
100
AcDbPolyline
 90
4
 70
1
 10
284.472
 20
-69.0023
 10
284.798
 20
-69.0023
 10
284.798
 20
-67.8523
 10
284.472
 20
-67.8523
  0
LWPOLYLINE
  5
6C7
330
17
100
AcDbEntity
  8
SOBRANTES-RECORTE
100
AcDbPolyline
 90
4
 70
1
 10
284.202
 20
-69.0463
 10
284.472
 20
-69.0463
 10
284.472
 20
-69.0023
 10
284.202
 20
-69.0023
  0
TEXT
  5
6C8
330
17
100
AcDbEntity
  8
SOBRANTES-TEXTO
100
AcDbText
 10
284.5
 20
-68.44930000000001
 30
0.0
 40
0.05
  1
PA-M-052
 72
1
 11
284.5
 21
-68.44930000000001
 31
0.0
100
AcDbText
 73
2
  0
LWPOLYLINE
  5
6C9
330
17
100
AcDbEntity
  8
SOBRANTES-MAPA
100
AcDbPolyline
 90
4
 70
1
 10
284.472
 20
-69.0463
 10
285.068
 20
-69.0463
 10
285.068
 20
-67.8523
 10
284.472
 20
-67.8523
  0
LWPOLYLINE
  5
6CA
330
17
100
AcDbEntity
  8
SOBRANTES-RECORTE
100
AcDbPolyline
 90
4
 70
1
 10
284.74199999999996
 20
-69.0023
 10
285.068
 20
-69.0023
 10
285.068
 20
-67.8523
 10
284.74199999999996
 20
-67.8523
  0
LWPOLYLINE
  5
6CB
330
17
100
AcDbEntity
  8
SOBRANTES-RECORTE
100
AcDbPolyline
 90
4
 70
1
 10
284.472
 20
-69.0463
 10
284.74199999999996
 20
-69.0463
 10
284.74199999999996
 20
-69.0023
 10
284.472
 20
-69.0023
  0
TEXT
  5
6CC
330
17
100
AcDbEntity
  8
SOBRANTES-TEXTO
100
AcDbText
 10
284.77
 20
-68.44930000000001
 30
0.0
 40
0.05
  1
PA-M-053
 72
1
 11
284.77
 21
-68.44930000000001
 31
0.0
100
AcDbText
 73
2
  0
LWPOLYLINE
  5
6CD
330
17
100
AcDbEntity
  8
SOBRANTES-MAPA
100
AcDbPolyline
 90
4
 70
1
 10
284.742
 20
-69.0463
 10
285.338
 20
-69.0463
 10
285.338
 20
-67.8523
 10
284.742
 20
-67.8523
  0
LWPOLYLINE
  5
6CE
330
17
100
AcDbEntity
  8
SOBRANTES-RECORTE
100
AcDbPolyline
 90
4
 70
1
 10
285.012
 20
-69.0023
 10
285.338
 20
-69.0023
 10
285.338
 20
-67.8523
 10
285.012
 20
-67.8523
  0
LWPOLYLINE
  5
6CF
330
17
100
AcDbEntity
  8
SOBRANTES-RECORTE
100
AcDbPolyline
 90
4
 70
1
 10
284.742
 20
-69.0463
 10
285.012
 20
-69.0463
 10
285.012
 20
-69.0023
 10
284.742
 20
-69.0023
  0
TEXT
  5
6D0
330
17
100
AcDbEntity
  8
SOBRANTES-TEXTO
100
AcDbText
 10
285.04
 20
-68.44930000000001
 30
0.0
 40
0.05
  1
PA-M-054
 72
1
 11
285.04
 21
-68.44930000000001
 31
0.0
100
AcDbText
 73
2
  0
LWPOLYLINE
  5
6D1
330
17
100
AcDbEntity
  8
SOBRANTES-MAPA
100
AcDbPolyline
 90
4
 70
1
 10
285.012
 20
-69.0463
 10
285.608
 20
-69.0463
 10
285.608
 20
-67.8523
 10
285.012
 20
-67.8523
  0
LWPOLYLINE
  5
6D2
330
17
100
AcDbEntity
  8
SOBRANTES-RECORTE
100
AcDbPolyline
 90
4
 70
1
 10
285.282
 20
-69.0023
 10
285.608
 20
-69.0023
 10
285.608
 20
-67.8523
 10
285.282
 20
-67.8523
  0
LWPOLYLINE
  5
6D3
330
17
100
AcDbEntity
  8
SOBRANTES-RECORTE
100
AcDbPolyline
 90
4
 70
1
 10
285.012
 20
-69.0463
 10
285.282
 20
-69.0463
 10
285.282
 20
-69.0023
 10
285.012
 20
-69.0023
  0
TEXT
  5
6D4
330
17
100
AcDbEntity
  8
SOBRANTES-TEXTO
100
AcDbText
 10
285.31
 20
-68.44930000000001
 30
0.0
 40
0.05
  1
PA-M-055
 72
1
 11
285.31
 21
-68.44930000000001
 31
0.0
100
AcDbText
 73
2
  0
LWPOLYLINE
  5
6D5
330
17
100
AcDbEntity
  8
SOBRANTES-MAPA
100
AcDbPolyline
 90
4
 70
1
 10
285.282
 20
-69.0463
 10
285.878
 20
-69.0463
 10
285.878
 20
-67.8523
 10
285.282
 20
-67.8523
  0
LWPOLYLINE
  5
6D6
330
17
100
AcDbEntity
  8
SOBRANTES-RECORTE
100
AcDbPolyline
 90
4
 70
1
 10
285.55199999999996
 20
-69.0023
 10
285.878
 20
-69.0023
 10
285.878
 20
-67.8523
 10
285.55199999999996
 20
-67.8523
  0
LWPOLYLINE
  5
6D7
330
17
100
AcDbEntity
  8
SOBRANTES-RECORTE
100
AcDbPolyline
 90
4
 70
1
 10
285.282
 20
-69.0463
 10
285.55199999999996
 20
-69.0463
 10
285.55199999999996
 20
-69.0023
 10
285.282
 20
-69.0023
  0
TEXT
  5
6D8
330
17
100
AcDbEntity
  8
SOBRANTES-TEXTO
100
AcDbText
 10
285.58
 20
-68.44930000000001
 30
0.0
 40
0.05
  1
PA-M-056
 72
1
 11
285.58
 21
-68.44930000000001
 31
0.0
100
AcDbText
 73
2
  0
LWPOLYLINE
  5
6D9
330
17
100
AcDbEntity
  8
SOBRANTES-MAPA
100
AcDbPolyline
 90
4
 70
1
 10
273.6575
 20
-57.0082
 10
274.25750000000005
 20
-57.0082
 10
274.25750000000005
 20
-55.8142
 10
273.6575
 20
-55.8142
  0
LWPOLYLINE
  5
6DA
330
17
100
AcDbEntity
  8
SOBRANTES-RECORTE
100
AcDbPolyline
 90
4
 70
1
 10
273.6575
 20
-56.8722
 10
274.25750000000005
 20
-56.8722
 10
274.25750000000005
 20
-55.8142
 10
273.6575
 20
-55.8142
  0
TEXT
  5
6DB
330
17
100
AcDbEntity
  8
SOBRANTES-TEXTO
100
AcDbText
 10
273.95750000000004
 20
-56.4112
 30
0.0
 40
0.05
  1
PB-M-003
 72
1
 11
273.95750000000004
 21
-56.4112
 31
0.0
100
AcDbText
 73
2
  0
LWPOLYLINE
  5
6DC
330
17
100
AcDbEntity
  8
SOBRANTES-MAPA
100
AcDbPolyline
 90
4
 70
1
 10
273.0555
 20
-57.0082
 10
273.6555
 20
-57.0082
 10
273.6555
 20
-55.8142
 10
273.0555
 20
-55.8142
  0
LWPOLYLINE
  5
6DD
330
17
100
AcDbEntity
  8
SOBRANTES-RECORTE
100
AcDbPolyline
 90
4
 70
1
 10
273.0555
 20
-56.8722
 10
273.6555
 20
-56.8722
 10
273.6555
 20
-55.8142
 10
273.0555
 20
-55.8142
  0
TEXT
  5
6DE
330
17
100
AcDbEntity
  8
SOBRANTES-TEXTO
100
AcDbText
 10
273.3555
 20
-56.4112
 30
0.0
 40
0.05
  1
PB-M-002
 72
1
 11
273.3555
 21
-56.4112
 31
0.0
100
AcDbText
 73
2
  0
LWPOLYLINE
  5
6DF
330
17
100
AcDbEntity
  8
SOBRANTES-MAPA
100
AcDbPolyline
 90
4
 70
1
 10
272.4535
 20
-57.0082
 10
273.05350000000004
 20
-57.0082
 10
273.05350000000004
 20
-55.8142
 10
272.4535
 20
-55.8142
  0
LWPOLYLINE
  5
6E0
330
17
100
AcDbEntity
  8
SOBRANTES-RECORTE
100
AcDbPolyline
 90
4
 70
1
 10
272.4535
 20
-56.8722
 10
273.05350000000004
 20
-56.8722
 10
273.05350000000004
 20
-55.8142
 10
272.4535
 20
-55.8142
  0
TEXT
  5
6E1
330
17
100
AcDbEntity
  8
SOBRANTES-TEXTO
100
AcDbText
 10
272.75350000000003
 20
-56.4112
 30
0.0
 40
0.05
  1
PB-M-001
 72
1
 11
272.75350000000003
 21
-56.4112
 31
0.0
100
AcDbText
 73
2
  0
LWPOLYLINE
  5
6E2
330
17
100
AcDbEntity
  8
SOBRANTES-MAPA
100
AcDbPolyline
 90
4
 70
1
 10
277.8715
 20
-60.5923
 10
278.47150000000005
 20
-60.5923
 10
278.47150000000005
 20
-59.3983
 10
277.8715
 20
-59.3983
  0
LWPOLYLINE
  5
6E3
330
17
100
AcDbEntity
  8
SOBRANTES-RECORTE
100
AcDbPolyline
 90
4
 70
1
 10
277.8715
 20
-60.5523
 10
278.47150000000005
 20
-60.5523
 10
278.47150000000005
 20
-59.398300000000006
 10
277.8715
 20
-59.398300000000006
  0
TEXT
  5
6E4
330
17
100
AcDbEntity
  8
SOBRANTES-TEXTO
100
AcDbText
 10
278.17150000000004
 20
-59.9953
 30
0.0
 40
0.05
  1
PB-M-025
 72
1
 11
278.17150000000004
 21
-59.9953
 31
0.0
100
AcDbText
 73
2
  0
LWPOLYLINE
  5
6E5
330
17
100
AcDbEntity
  8
SOBRANTES-MAPA
100
AcDbPolyline
 90
4
 70
1
 10
278.2375
 20
-60.5922
 10
278.8335
 20
-60.5922
 10
278.8335
 20
-59.398199999999996
 10
278.2375
 20
-59.398199999999996
  0
LWPOLYLINE
  5
6E6
330
17
100
AcDbEntity
  8
SOBRANTES-RECORTE
100
AcDbPolyline
 90
4
 70
1
 10
278.2375
 20
-60.5922
 10
278.4735
 20
-60.5922
 10
278.4735
 20
-60.5522
 10
278.2375
 20
-60.5522
  0
LWPOLYLINE
  5
6E7
330
17
100
AcDbEntity
  8
SOBRANTES-RECORTE
100
AcDbPolyline
 90
4
 70
1
 10
278.4735
 20
-60.5522
 10
278.8335
 20
-60.5522
 10
278.8335
 20
-59.3982
 10
278.4735
 20
-59.3982
  0
TEXT
  5
6E8
330
17
100
AcDbEntity
  8
SOBRANTES-TEXTO
100
AcDbText
 10
278.5355
 20
-59.9952
 30
0.0
 40
0.05
  1
PB-M-026
 72
1
 11
278.5355
 21
-59.9952
 31
0.0
100
AcDbText
 73
2
  0
LWPOLYLINE
  5
6E9
330
17
100
AcDbEntity
  8
SOBRANTES-MAPA
100
AcDbPolyline
 90
4
 70
1
 10
288.2119
 20
-64.9403
 10
288.81190000000004
 20
-64.9403
 10
288.81190000000004
 20
-63.74629999999999
 10
288.2119
 20
-63.74629999999999
  0
LWPOLYLINE
  5
6EA
330
17
100
AcDbEntity
  8
SOBRANTES-RECORTE
100
AcDbPolyline
 90
4
 70
1
 10
288.2119
 20
-64.6223
 10
288.81190000000004
 20
-64.6223
 10
288.81190000000004
 20
-63.7463
 10
288.2119
 20
-63.7463
  0
TEXT
  5
6EB
330
17
100
AcDbEntity
  8
SOBRANTES-TEXTO
100
AcDbText
 10
288.5119
 20
-64.3433
 30
0.0
 40
0.05
  1
PA-M-031
 72
1
 11
288.5119
 21
-64.3433
 31
0.0
100
AcDbText
 73
2
  0
LWPOLYLINE
  5
6EC
330
17
100
AcDbEntity
  8
SOBRANTES-MAPA
100
AcDbPolyline
 90
4
 70
1
 10
288.8139
 20
-64.9403
 10
289.4139
 20
-64.9403
 10
289.4139
 20
-63.74629999999999
 10
288.8139
 20
-63.74629999999999
  0
LWPOLYLINE
  5
6ED
330
17
100
AcDbEntity
  8
SOBRANTES-RECORTE
100
AcDbPolyline
 90
4
 70
1
 10
288.8139
 20
-64.6223
 10
289.4139
 20
-64.6223
 10
289.4139
 20
-63.7463
 10
288.8139
 20
-63.7463
  0
TEXT
  5
6EE
330
17
100
AcDbEntity
  8
SOBRANTES-TEXTO
100
AcDbText
 10
289.1139
 20
-64.3433
 30
0.0
 40
0.05
  1
PA-M-032
 72
1
 11
289.1139
 21
-64.3433
 31
0.0
100
AcDbText
 73
2
  0
LWPOLYLINE
  5
6EF
330
17
100
AcDbEntity
  8
SOBRANTES-MAPA
100
AcDbPolyline
 90
4
 70
1
 10
289.4159
 20
-64.9403
 10
290.01590000000004
 20
-64.9403
 10
290.01590000000004
 20
-63.74629999999999
 10
289.4159
 20
-63.74629999999999
  0
LWPOLYLINE
  5
6F0
330
17
100
AcDbEntity
  8
SOBRANTES-RECORTE
100
AcDbPolyline
 90
4
 70
1
 10
289.4159
 20
-64.6223
 10
290.01590000000004
 20
-64.6223
 10
290.01590000000004
 20
-63.7463
 10
289.4159
 20
-63.7463
  0
TEXT
  5
6F1
330
17
100
AcDbEntity
  8
SOBRANTES-TEXTO
100
AcDbText
 10
289.71590000000003
 20
-64.3433
 30
0.0
 40
0.05
  1
PA-M-033
 72
1
 11
289.71590000000003
 21
-64.3433
 31
0.0
100
AcDbText
 73
2
  0
LWPOLYLINE
  5
6F2
330
17
100
AcDbEntity
  8
SOBRANTES-MAPA
100
AcDbPolyline
 90
4
 70
1
 10
290.0179
 20
-66.1423
 10
290.6139
 20
-66.1423
 10
290.6139
 20
-64.9423
 10
290.0179
 20
-64.9423
  0
LWPOLYLINE
  5
6F3
330
17
100
AcDbEntity
  8
SOBRANTES-RECORTE
100
AcDbPolyline
 90
4
 70
1
 10
290.1921
 20
-66.1423
 10
290.6139
 20
-66.1423
 10
290.6139
 20
-64.9423
 10
290.1921
 20
-64.9423
  0
TEXT
  5
6F4
330
17
100
AcDbEntity
  8
SOBRANTES-TEXTO
100
AcDbText
 10
290.3159
 20
-65.54230000000001
 30
0.0
 40
0.05
  1
PA-M-042
 72
1
 11
290.3159
 21
-65.54230000000001
 31
0.0
100
AcDbText
 73
2
  0
LWPOLYLINE
  5
6F5
330
17
100
AcDbEntity
  8
SOBRANTES-MAPA
100
AcDbPolyline
 90
4
 70
1
 10
290.0179
 20
-64.9403
 10
290.6139
 20
-64.9403
 10
290.6139
 20
-63.74629999999999
 10
290.0179
 20
-63.74629999999999
  0
LWPOLYLINE
  5
6F6
330
17
100
AcDbEntity
  8
SOBRANTES-RECORTE
100
AcDbPolyline
 90
4
 70
1
 10
290.1921
 20
-64.9403
 10
290.6139
 20
-64.9403
 10
290.6139
 20
-64.6223
 10
290.1921
 20
-64.6223
  0
LWPOLYLINE
  5
6F7
330
17
100
AcDbEntity
  8
SOBRANTES-RECORTE
100
AcDbPolyline
 90
4
 70
1
 10
290.0179
 20
-64.6223
 10
290.1921
 20
-64.6223
 10
290.1921
 20
-63.7463
 10
290.0179
 20
-63.7463
  0
TEXT
  5
6F8
330
17
100
AcDbEntity
  8
SOBRANTES-TEXTO
100
AcDbText
 10
290.3159
 20
-64.3433
 30
0.0
 40
0.05
  1
PA-M-034
 72
1
 11
290.3159
 21
-64.3433
 31
0.0
100
AcDbText
 73
2
  0
LWPOLYLINE
  5
6F9
330
17
100
AcDbEntity
  8
SOBRANTES-MAPA
100
AcDbPolyline
 90
4
 70
1
 10
288.0619
 20
-66.1423
 10
288.6579
 20
-66.1423
 10
288.6579
 20
-64.9423
 10
288.0619
 20
-64.9423
  0
LWPOLYLINE
  5
6FA
330
17
100
AcDbEntity
  8
SOBRANTES-RECORTE
100
AcDbPolyline
 90
4
 70
1
 10
288.2099
 20
-66.1423
 10
288.6579
 20
-66.1423
 10
288.6579
 20
-64.9423
 10
288.2099
 20
-64.9423
  0
TEXT
  5
6FB
330
17
100
AcDbEntity
  8
SOBRANTES-TEXTO
100
AcDbText
 10
288.3599
 20
-65.54230000000001
 30
0.0
 40
0.05
  1
PA-M-038
 72
1
 11
288.3599
 21
-65.54230000000001
 31
0.0
100
AcDbText
 73
2
  0
LWPOLYLINE
  5
6FC
330
17
100
AcDbEntity
  8
SOBRANTES-MAPA
100
AcDbPolyline
 90
4
 70
1
 10
288.0619
 20
-64.9403
 10
288.6579
 20
-64.9403
 10
288.6579
 20
-63.74629999999999
 10
288.0619
 20
-63.74629999999999
  0
LWPOLYLINE
  5
6FD
330
17
100
AcDbEntity
  8
SOBRANTES-RECORTE
100
AcDbPolyline
 90
4
 70
1
 10
288.2099
 20
-64.9403
 10
288.6579
 20
-64.9403
 10
288.6579
 20
-64.6223
 10
288.2099
 20
-64.6223
  0
LWPOLYLINE
  5
6FE
330
17
100
AcDbEntity
  8
SOBRANTES-RECORTE
100
AcDbPolyline
 90
4
 70
1
 10
288.0619
 20
-64.6223
 10
288.2099
 20
-64.6223
 10
288.2099
 20
-63.7463
 10
288.0619
 20
-63.7463
  0
TEXT
  5
6FF
330
17
100
AcDbEntity
  8
SOBRANTES-TEXTO
100
AcDbText
 10
288.3599
 20
-64.3433
 30
0.0
 40
0.05
  1
PA-M-030
 72
1
 11
288.3599
 21
-64.3433
 31
0.0
100
AcDbText
 73
2
  0
LWPOLYLINE
  5
700
330
17
100
AcDbEntity
  8
SOBRANTES-MAPA
100
AcDbPolyline
 90
4
 70
1
 10
277.087
 20
-68.116
 10
277.683
 20
-68.116
 10
277.683
 20
-66.922
 10
277.087
 20
-66.922
  0
LWPOLYLINE
  5
701
330
17
100
AcDbEntity
  8
SOBRANTES-RECORTE
100
AcDbPolyline
 90
4
 70
1
 10
277.087
 20
-67.672
 10
277.503
 20
-67.672
 10
277.503
 20
-66.922
 10
277.087
 20
-66.922
  0
LWPOLYLINE
  5
702
330
17
100
AcDbEntity
  8
SOBRANTES-RECORTE
100
AcDbPolyline
 90
4
 70
1
 10
277.503
 20
-68.116
 10
277.683
 20
-68.116
 10
277.683
 20
-67.672
 10
277.503
 20
-67.672
  0
TEXT
  5
703
330
17
100
AcDbEntity
  8
SOBRANTES-TEXTO
100
AcDbText
 10
277.385
 20
-67.519
 30
0.0
 40
0.05
  1
PB-M-137
 72
1
 11
277.385
 21
-67.519
 31
0.0
100
AcDbText
 73
2
  0
LWPOLYLINE
  5
704
330
17
100
AcDbEntity
  8
SOBRANTES-MAPA
100
AcDbPolyline
 90
4
 70
1
 10
287.7
 20
-61.215
 10
287.9
 20
-61.215
 10
287.9
 20
-60.015
 10
287.7
 20
-60.015
  0
LWPOLYLINE
  5
705
330
17
100
AcDbEntity
  8
SOBRANTES-RECORTE
100
AcDbPolyline
 90
4
 70
1
 10
287.7
 20
-60.732000000000006
 10
287.88
 20
-60.732000000000006
 10
287.88
 20
-60.01500000000001
 10
287.7
 20
-60.01500000000001
  0
TEXT
  5
706
330
17
100
AcDbEntity
  8
SOBRANTES-TEXTO
100
AcDbText
 10
287.8
 20
-60.615
 30
0.0
 40
0.05
  1
PA-R-014
 72
1
 11
287.8
 21
-60.615
 31
0.0
100
AcDbText
 73
2
  0
LWPOLYLINE
  5
707
330
17
100
AcDbEntity
  8
SOBRANTES-MAPA
100
AcDbPolyline
 90
4
 70
1
 10
277.0875
 20
-66.6503
 10
277.6835
 20
-66.6503
 10
277.6835
 20
-65.4503
 10
277.0875
 20
-65.4503
  0
LWPOLYLINE
  5
708
330
17
100
AcDbEntity
  8
SOBRANTES-RECORTE
100
AcDbPolyline
 90
4
 70
1
 10
277.0875
 20
-66.6503
 10
277.5035
 20
-66.6503
 10
277.5035
 20
-65.4503
 10
277.0875
 20
-65.4503
  0
TEXT
  5
709
330
17
100
AcDbEntity
  8
SOBRANTES-TEXTO
100
AcDbText
 10
277.3855
 20
-66.05030000000001
 30
0.0
 40
0.05
  1
PB-M-118
 72
1
 11
277.3855
 21
-66.05030000000001
 31
0.0
100
AcDbText
 73
2
  0
LWPOLYLINE
  5
70A
330
17
100
AcDbEntity
  8
SOBRANTES-MAPA
100
AcDbPolyline
 90
4
 70
1
 10
276.0575
 20
-67.8503
 10
276.6535
 20
-67.8503
 10
276.6535
 20
-66.65230000000001
 10
276.0575
 20
-66.65230000000001
  0
LWPOLYLINE
  5
70B
330
17
100
AcDbEntity
  8
SOBRANTES-RECORTE
100
AcDbPolyline
 90
4
 70
1
 10
276.0575
 20
-67.8503
 10
276.4735
 20
-67.8503
 10
276.4735
 20
-66.65230000000001
 10
276.0575
 20
-66.65230000000001
  0
TEXT
  5
70C
330
17
100
AcDbEntity
  8
SOBRANTES-TEXTO
100
AcDbText
 10
276.3555
 20
-67.2513
 30
0.0
 40
0.05
  1
PB-M-133
 72
1
 11
276.3555
 21
-67.2513
 31
0.0
100
AcDbText
 73
2
  0
LWPOLYLINE
  5
70D
330
17
100
AcDbEntity
  8
SOBRANTES-MAPA
100
AcDbPolyline
 90
4
 70
1
 10
283.932
 20
-70.1963
 10
284.528
 20
-70.1963
 10
284.528
 20
-69.00229999999999
 10
283.932
 20
-69.00229999999999
  0
LWPOLYLINE
  5
70E
330
17
100
AcDbEntity
  8
SOBRANTES-RECORTE
100
AcDbPolyline
 90
4
 70
1
 10
284.202
 20
-69.5423
 10
284.528
 20
-69.5423
 10
284.528
 20
-69.00229999999999
 10
284.202
 20
-69.00229999999999
  0
LWPOLYLINE
  5
70F
330
17
100
AcDbEntity
  8
SOBRANTES-RECORTE
100
AcDbPolyline
 90
4
 70
1
 10
283.932
 20
-70.1963
 10
284.202
 20
-70.1963
 10
284.202
 20
-69.5423
 10
283.932
 20
-69.5423
  0
TEXT
  5
710
330
17
100
AcDbEntity
  8
SOBRANTES-TEXTO
100
AcDbText
 10
284.23
 20
-69.5993
 30
0.0
 40
0.05
  1
PA-M-061
 72
1
 11
284.23
 21
-69.5993
 31
0.0
100
AcDbText
 73
2
  0
LWPOLYLINE
  5
711
330
17
100
AcDbEntity
  8
SOBRANTES-MAPA
100
AcDbPolyline
 90
4
 70
1
 10
284.202
 20
-70.1963
 10
284.798
 20
-70.1963
 10
284.798
 20
-69.00229999999999
 10
284.202
 20
-69.00229999999999
  0
LWPOLYLINE
  5
712
330
17
100
AcDbEntity
  8
SOBRANTES-RECORTE
100
AcDbPolyline
 90
4
 70
1
 10
284.472
 20
-69.5423
 10
284.798
 20
-69.5423
 10
284.798
 20
-69.00229999999999
 10
284.472
 20
-69.00229999999999
  0
LWPOLYLINE
  5
713
330
17
100
AcDbEntity
  8
SOBRANTES-RECORTE
100
AcDbPolyline
 90
4
 70
1
 10
284.202
 20
-70.1963
 10
284.472
 20
-70.1963
 10
284.472
 20
-69.5423
 10
284.202
 20
-69.5423
  0
TEXT
  5
714
330
17
100
AcDbEntity
  8
SOBRANTES-TEXTO
100
AcDbText
 10
284.5
 20
-69.5993
 30
0.0
 40
0.05
  1
PA-M-062
 72
1
 11
284.5
 21
-69.5993
 31
0.0
100
AcDbText
 73
2
  0
LWPOLYLINE
  5
715
330
17
100
AcDbEntity
  8
SOBRANTES-MAPA
100
AcDbPolyline
 90
4
 70
1
 10
284.472
 20
-70.1963
 10
285.068
 20
-70.1963
 10
285.068
 20
-69.00229999999999
 10
284.472
 20
-69.00229999999999
  0
LWPOLYLINE
  5
716
330
17
100
AcDbEntity
  8
SOBRANTES-RECORTE
100
AcDbPolyline
 90
4
 70
1
 10
284.74199999999996
 20
-69.5423
 10
285.068
 20
-69.5423
 10
285.068
 20
-69.00229999999999
 10
284.74199999999996
 20
-69.00229999999999
  0
LWPOLYLINE
  5
717
330
17
100
AcDbEntity
  8
SOBRANTES-RECORTE
100
AcDbPolyline
 90
4
 70
1
 10
284.472
 20
-70.1963
 10
284.74199999999996
 20
-70.1963
 10
284.74199999999996
 20
-69.5423
 10
284.472
 20
-69.5423
  0
TEXT
  5
718
330
17
100
AcDbEntity
  8
SOBRANTES-TEXTO
100
AcDbText
 10
284.77
 20
-69.5993
 30
0.0
 40
0.05
  1
PA-M-063
 72
1
 11
284.77
 21
-69.5993
 31
0.0
100
AcDbText
 73
2
  0
LWPOLYLINE
  5
719
330
17
100
AcDbEntity
  8
SOBRANTES-MAPA
100
AcDbPolyline
 90
4
 70
1
 10
284.742
 20
-70.1963
 10
285.338
 20
-70.1963
 10
285.338
 20
-69.00229999999999
 10
284.742
 20
-69.00229999999999
  0
LWPOLYLINE
  5
71A
330
17
100
AcDbEntity
  8
SOBRANTES-RECORTE
100
AcDbPolyline
 90
4
 70
1
 10
285.012
 20
-69.5423
 10
285.338
 20
-69.5423
 10
285.338
 20
-69.00229999999999
 10
285.012
 20
-69.00229999999999
  0
LWPOLYLINE
  5
71B
330
17
100
AcDbEntity
  8
SOBRANTES-RECORTE
100
AcDbPolyline
 90
4
 70
1
 10
284.742
 20
-70.1963
 10
285.012
 20
-70.1963
 10
285.012
 20
-69.5423
 10
284.742
 20
-69.5423
  0
TEXT
  5
71C
330
17
100
AcDbEntity
  8
SOBRANTES-TEXTO
100
AcDbText
 10
285.04
 20
-69.5993
 30
0.0
 40
0.05
  1
PA-M-064
 72
1
 11
285.04
 21
-69.5993
 31
0.0
100
AcDbText
 73
2
  0
LWPOLYLINE
  5
71D
330
17
100
AcDbEntity
  8
SOBRANTES-MAPA
100
AcDbPolyline
 90
4
 70
1
 10
285.012
 20
-70.1963
 10
285.608
 20
-70.1963
 10
285.608
 20
-69.00229999999999
 10
285.012
 20
-69.00229999999999
  0
LWPOLYLINE
  5
71E
330
17
100
AcDbEntity
  8
SOBRANTES-RECORTE
100
AcDbPolyline
 90
4
 70
1
 10
285.282
 20
-69.5423
 10
285.608
 20
-69.5423
 10
285.608
 20
-69.00229999999999
 10
285.282
 20
-69.00229999999999
  0
LWPOLYLINE
  5
71F
330
17
100
AcDbEntity
  8
SOBRANTES-RECORTE
100
AcDbPolyline
 90
4
 70
1
 10
285.012
 20
-70.1963
 10
285.282
 20
-70.1963
 10
285.282
 20
-69.5423
 10
285.012
 20
-69.5423
  0
TEXT
  5
720
330
17
100
AcDbEntity
  8
SOBRANTES-TEXTO
100
AcDbText
 10
285.31
 20
-69.5993
 30
0.0
 40
0.05
  1
PA-M-065
 72
1
 11
285.31
 21
-69.5993
 31
0.0
100
AcDbText
 73
2
  0
LWPOLYLINE
  5
721
330
17
100
AcDbEntity
  8
SOBRANTES-MAPA
100
AcDbPolyline
 90
4
 70
1
 10
285.282
 20
-70.1963
 10
285.878
 20
-70.1963
 10
285.878
 20
-69.00229999999999
 10
285.282
 20
-69.00229999999999
  0
LWPOLYLINE
  5
722
330
17
100
AcDbEntity
  8
SOBRANTES-RECORTE
100
AcDbPolyline
 90
4
 70
1
 10
285.55199999999996
 20
-69.5423
 10
285.878
 20
-69.5423
 10
285.878
 20
-69.00229999999999
 10
285.55199999999996
 20
-69.00229999999999
  0
LWPOLYLINE
  5
723
330
17
100
AcDbEntity
  8
SOBRANTES-RECORTE
100
AcDbPolyline
 90
4
 70
1
 10
285.282
 20
-70.1963
 10
285.55199999999996
 20
-70.1963
 10
285.55199999999996
 20
-69.5423
 10
285.282
 20
-69.5423
  0
TEXT
  5
724
330
17
100
AcDbEntity
  8
SOBRANTES-TEXTO
100
AcDbText
 10
285.58
 20
-69.5993
 30
0.0
 40
0.05
  1
PA-M-066
 72
1
 11
285.58
 21
-69.5993
 31
0.0
100
AcDbText
 73
2
  0
LWPOLYLINE
  5
725
330
17
100
AcDbEntity
  8
SOBRANTES-MAPA
100
AcDbPolyline
 90
4
 70
1
 10
280.2795
 20
-64.6243
 10
280.8795
 20
-64.6243
 10
280.8795
 20
-63.4303
 10
280.2795
 20
-63.4303
  0
LWPOLYLINE
  5
726
330
17
100
AcDbEntity
  8
SOBRANTES-RECORTE
100
AcDbPolyline
 90
4
 70
1
 10
280.2795
 20
-64.4423
 10
280.8795
 20
-64.4423
 10
280.8795
 20
-63.4303
 10
280.2795
 20
-63.4303
  0
TEXT
  5
727
330
17
100
AcDbEntity
  8
SOBRANTES-TEXTO
100
AcDbText
 10
280.5795
 20
-64.02730000000001
 30
0.0
 40
0.05
  1
PB-M-092
 72
1
 11
280.5795
 21
-64.02730000000001
 31
0.0
100
AcDbText
 73
2
  0
LWPOLYLINE
  5
728
330
17
100
AcDbEntity
  8
SOBRANTES-MAPA
100
AcDbPolyline
 90
4
 70
1
 10
279.6775
 20
-64.6243
 10
280.27750000000003
 20
-64.6243
 10
280.27750000000003
 20
-63.4303
 10
279.6775
 20
-63.4303
  0
LWPOLYLINE
  5
729
330
17
100
AcDbEntity
  8
SOBRANTES-RECORTE
100
AcDbPolyline
 90
4
 70
1
 10
279.6775
 20
-64.4423
 10
280.27750000000003
 20
-64.4423
 10
280.27750000000003
 20
-63.4303
 10
279.6775
 20
-63.4303
  0
TEXT
  5
72A
330
17
100
AcDbEntity
  8
SOBRANTES-TEXTO
100
AcDbText
 10
279.9775
 20
-64.02730000000001
 30
0.0
 40
0.05
  1
PB-M-091
 72
1
 11
279.9775
 21
-64.02730000000001
 31
0.0
100
AcDbText
 73
2
  0
LWPOLYLINE
  5
72B
330
17
100
AcDbEntity
  8
SOBRANTES-MAPA
100
AcDbPolyline
 90
4
 70
1
 10
279.0755
 20
-64.6243
 10
279.6755
 20
-64.6243
 10
279.6755
 20
-63.4303
 10
279.0755
 20
-63.4303
  0
LWPOLYLINE
  5
72C
330
17
100
AcDbEntity
  8
SOBRANTES-RECORTE
100
AcDbPolyline
 90
4
 70
1
 10
279.0755
 20
-64.4423
 10
279.6755
 20
-64.4423
 10
279.6755
 20
-63.4303
 10
279.0755
 20
-63.4303
  0
TEXT
  5
72D
330
17
100
AcDbEntity
  8
SOBRANTES-TEXTO
100
AcDbText
 10
279.3755
 20
-64.02730000000001
 30
0.0
 40
0.05
  1
PB-M-090
 72
1
 11
279.3755
 21
-64.02730000000001
 31
0.0
100
AcDbText
 73
2
  0
LWPOLYLINE
  5
72E
330
17
100
AcDbEntity
  8
SOBRANTES-MAPA
100
AcDbPolyline
 90
4
 70
1
 10
279.6775
 20
-68.8663
 10
280.27750000000003
 20
-68.8663
 10
280.27750000000003
 20
-67.67229999999999
 10
279.6775
 20
-67.67229999999999
  0
LWPOLYLINE
  5
72F
330
17
100
AcDbEntity
  8
SOBRANTES-RECORTE
100
AcDbPolyline
 90
4
 70
1
 10
279.6775
 20
-68.8663
 10
280.27750000000003
 20
-68.8663
 10
280.27750000000003
 20
-67.8523
 10
279.6775
 20
-67.8523
  0
TEXT
  5
730
330
17
100
AcDbEntity
  8
SOBRANTES-TEXTO
100
AcDbText
 10
279.9775
 20
-68.2693
 30
0.0
 40
0.05
  1
PB-M-141
 72
1
 11
279.9775
 21
-68.2693
 31
0.0
100
AcDbText
 73
2
  0
LWPOLYLINE
  5
731
330
17
100
AcDbEntity
  8
SOBRANTES-MAPA
100
AcDbPolyline
 90
4
 70
1
 10
279.0755
 20
-68.8663
 10
279.6755
 20
-68.8663
 10
279.6755
 20
-67.67229999999999
 10
279.0755
 20
-67.67229999999999
  0
LWPOLYLINE
  5
732
330
17
100
AcDbEntity
  8
SOBRANTES-RECORTE
100
AcDbPolyline
 90
4
 70
1
 10
279.0755
 20
-68.8663
 10
279.6755
 20
-68.8663
 10
279.6755
 20
-67.8523
 10
279.0755
 20
-67.8523
  0
TEXT
  5
733
330
17
100
AcDbEntity
  8
SOBRANTES-TEXTO
100
AcDbText
 10
279.3755
 20
-68.2693
 30
0.0
 40
0.05
  1
PB-M-140
 72
1
 11
279.3755
 21
-68.2693
 31
0.0
100
AcDbText
 73
2
  0
LWPOLYLINE
  5
734
330
17
100
AcDbEntity
  8
SOBRANTES-MAPA
100
AcDbPolyline
 90
4
 70
1
 10
278.4735
 20
-68.8663
 10
279.0735
 20
-68.8663
 10
279.0735
 20
-67.67229999999999
 10
278.4735
 20
-67.67229999999999
  0
LWPOLYLINE
  5
735
330
17
100
AcDbEntity
  8
SOBRANTES-RECORTE
100
AcDbPolyline
 90
4
 70
1
 10
278.4735
 20
-68.8663
 10
279.0735
 20
-68.8663
 10
279.0735
 20
-67.8523
 10
278.4735
 20
-67.8523
  0
TEXT
  5
736
330
17
100
AcDbEntity
  8
SOBRANTES-TEXTO
100
AcDbText
 10
278.7735
 20
-68.2693
 30
0.0
 40
0.05
  1
PB-M-139
 72
1
 11
278.7735
 21
-68.2693
 31
0.0
100
AcDbText
 73
2
  0
LWPOLYLINE
  5
737
330
17
100
AcDbEntity
  8
SOBRANTES-MAPA
100
AcDbPolyline
 90
4
 70
1
 10
277.8715
 20
-68.8663
 10
278.47150000000005
 20
-68.8663
 10
278.47150000000005
 20
-67.67229999999999
 10
277.8715
 20
-67.67229999999999
  0
LWPOLYLINE
  5
738
330
17
100
AcDbEntity
  8
SOBRANTES-RECORTE
100
AcDbPolyline
 90
4
 70
1
 10
277.8715
 20
-68.8663
 10
278.47150000000005
 20
-68.8663
 10
278.47150000000005
 20
-67.8523
 10
277.8715
 20
-67.8523
  0
TEXT
  5
739
330
17
100
AcDbEntity
  8
SOBRANTES-TEXTO
100
AcDbText
 10
278.17150000000004
 20
-68.2693
 30
0.0
 40
0.05
  1
PB-M-138
 72
1
 11
278.17150000000004
 21
-68.2693
 31
0.0
100
AcDbText
 73
2
  0
LWPOLYLINE
  5
73A
330
17
100
AcDbEntity
  8
SOBRANTES-MAPA
100
AcDbPolyline
 90
4
 70
1
 10
276.6675
 20
-64.6223
 10
277.26750000000004
 20
-64.6223
 10
277.26750000000004
 20
-63.42829999999999
 10
276.6675
 20
-63.42829999999999
  0
LWPOLYLINE
  5
73B
330
17
100
AcDbEntity
  8
SOBRANTES-RECORTE
100
AcDbPolyline
 90
4
 70
1
 10
276.6675
 20
-64.44229999999999
 10
277.26750000000004
 20
-64.44229999999999
 10
277.26750000000004
 20
-63.428299999999986
 10
276.6675
 20
-63.428299999999986
  0
TEXT
  5
73C
330
17
100
AcDbEntity
  8
SOBRANTES-TEXTO
100
AcDbText
 10
276.96750000000003
 20
-64.0253
 30
0.0
 40
0.05
  1
PB-M-089
 72
1
 11
276.96750000000003
 21
-64.0253
 31
0.0
100
AcDbText
 73
2
  0
LWPOLYLINE
  5
73D
330
17
100
AcDbEntity
  8
SOBRANTES-MAPA
100
AcDbPolyline
 90
4
 70
1
 10
276.0655
 20
-60.7323
 10
276.6655
 20
-60.7323
 10
276.6655
 20
-59.5383
 10
276.0655
 20
-59.5383
  0
LWPOLYLINE
  5
73E
330
17
100
AcDbEntity
  8
SOBRANTES-RECORTE
100
AcDbPolyline
 90
4
 70
1
 10
276.0655
 20
-60.5523
 10
276.6655
 20
-60.5523
 10
276.6655
 20
-59.5383
 10
276.0655
 20
-59.5383
  0
TEXT
  5
73F
330
17
100
AcDbEntity
  8
SOBRANTES-TEXTO
100
AcDbText
 10
276.3655
 20
-60.1353
 30
0.0
 40
0.05
  1
PB-M-034
 72
1
 11
276.3655
 21
-60.1353
 31
0.0
100
AcDbText
 73
2
  0
LWPOLYLINE
  5
740
330
17
100
AcDbEntity
  8
SOBRANTES-MAPA
100
AcDbPolyline
 90
4
 70
1
 10
288.0619
 20
-64.6223
 10
288.6579
 20
-64.6223
 10
288.6579
 20
-63.42829999999999
 10
288.0619
 20
-63.42829999999999
  0
LWPOLYLINE
  5
741
330
17
100
AcDbEntity
  8
SOBRANTES-RECORTE
100
AcDbPolyline
 90
4
 70
1
 10
288.57189999999997
 20
-64.6223
 10
288.6579
 20
-64.6223
 10
288.6579
 20
-64.44229999999999
 10
288.57189999999997
 20
-64.44229999999999
  0
LWPOLYLINE
  5
742
330
17
100
AcDbEntity
  8
SOBRANTES-RECORTE
100
AcDbPolyline
 90
4
 70
1
 10
288.0619
 20
-64.44229999999999
 10
288.57189999999997
 20
-64.44229999999999
 10
288.57189999999997
 20
-63.428299999999986
 10
288.0619
 20
-63.428299999999986
  0
TEXT
  5
743
330
17
100
AcDbEntity
  8
SOBRANTES-TEXTO
100
AcDbText
 10
288.3599
 20
-64.0253
 30
0.0
 40
0.05
  1
PA-M-027
 72
1
 11
288.3599
 21
-64.0253
 31
0.0
100
AcDbText
 73
2
  0
LWPOLYLINE
  5
744
330
17
100
AcDbEntity
  8
SOBRANTES-MAPA
100
AcDbPolyline
 90
4
 70
1
 10
290.3799
 20
-61.8473
 10
290.97990000000004
 20
-61.8473
 10
290.97990000000004
 20
-60.653299999999994
 10
290.3799
 20
-60.653299999999994
  0
LWPOLYLINE
  5
745
330
17
100
AcDbEntity
  8
SOBRANTES-RECORTE
100
AcDbPolyline
 90
4
 70
1
 10
290.3799
 20
-61.7273
 10
290.97990000000004
 20
-61.7273
 10
290.97990000000004
 20
-60.6533
 10
290.3799
 20
-60.6533
  0
TEXT
  5
746
330
17
100
AcDbEntity
  8
SOBRANTES-TEXTO
100
AcDbText
 10
290.67990000000003
 20
-61.250299999999996
 30
0.0
 40
0.05
  1
PA-M-009
 72
1
 11
290.67990000000003
 21
-61.250299999999996
 31
0.0
100
AcDbText
 73
2
  0
LWPOLYLINE
  5
747
330
17
100
AcDbEntity
  8
SOBRANTES-MAPA
100
AcDbPolyline
 90
4
 70
1
 10
290.9819
 20
-61.8473
 10
291.5779
 20
-61.8473
 10
291.5779
 20
-60.653299999999994
 10
290.9819
 20
-60.653299999999994
  0
LWPOLYLINE
  5
748
330
17
100
AcDbEntity
  8
SOBRANTES-RECORTE
100
AcDbPolyline
 90
4
 70
1
 10
291.3919
 20
-61.8473
 10
291.5779
 20
-61.8473
 10
291.5779
 20
-61.7273
 10
291.3919
 20
-61.7273
  0
LWPOLYLINE
  5
749
330
17
100
AcDbEntity
  8
SOBRANTES-RECORTE
100
AcDbPolyline
 90
4
 70
1
 10
290.9819
 20
-61.7273
 10
291.3919
 20
-61.7273
 10
291.3919
 20
-60.6533
 10
290.9819
 20
-60.6533
  0
TEXT
  5
74A
330
17
100
AcDbEntity
  8
SOBRANTES-TEXTO
100
AcDbText
 10
291.2799
 20
-61.250299999999996
 30
0.0
 40
0.05
  1
PA-M-010
 72
1
 11
291.2799
 21
-61.250299999999996
 31
0.0
100
AcDbText
 73
2
  0
LWPOLYLINE
  5
74B
330
17
100
AcDbEntity
  8
SOBRANTES-MAPA
100
AcDbPolyline
 90
4
 70
1
 10
278.4735
 20
-60.6723
 10
279.0735
 20
-60.6723
 10
279.0735
 20
-59.4783
 10
278.4735
 20
-59.4783
  0
LWPOLYLINE
  5
74C
330
17
100
AcDbEntity
  8
SOBRANTES-RECORTE
100
AcDbPolyline
 90
4
 70
1
 10
278.4735
 20
-60.5922
 10
279.0735
 20
-60.5922
 10
279.0735
 20
-59.4783
 10
278.4735
 20
-59.4783
  0
TEXT
  5
74D
330
17
100
AcDbEntity
  8
SOBRANTES-TEXTO
100
AcDbText
 10
278.7735
 20
-60.0753
 30
0.0
 40
0.05
  1
PB-M-033
 72
1
 11
278.7735
 21
-60.0753
 31
0.0
100
AcDbText
 73
2
  0
LWPOLYLINE
  5
74E
330
17
100
AcDbEntity
  8
SOBRANTES-MAPA
100
AcDbPolyline
 90
4
 70
1
 10
276.6675
 20
-60.6723
 10
277.26750000000004
 20
-60.6723
 10
277.26750000000004
 20
-59.4783
 10
276.6675
 20
-59.4783
  0
LWPOLYLINE
  5
74F
330
17
100
AcDbEntity
  8
SOBRANTES-RECORTE
100
AcDbPolyline
 90
4
 70
1
 10
276.6675
 20
-60.5923
 10
277.26750000000004
 20
-60.5923
 10
277.26750000000004
 20
-59.478300000000004
 10
276.6675
 20
-59.478300000000004
  0
TEXT
  5
750
330
17
100
AcDbEntity
  8
SOBRANTES-TEXTO
100
AcDbText
 10
276.96750000000003
 20
-60.0753
 30
0.0
 40
0.05
  1
PB-M-032
 72
1
 11
276.96750000000003
 21
-60.0753
 31
0.0
100
AcDbText
 73
2
  0
LWPOLYLINE
  5
751
330
17
100
AcDbEntity
  8
SOBRANTES-MAPA
100
AcDbPolyline
 90
4
 70
1
 10
275.4635
 20
-60.6723
 10
276.06350000000003
 20
-60.6723
 10
276.06350000000003
 20
-59.4783
 10
275.4635
 20
-59.4783
  0
LWPOLYLINE
  5
752
330
17
100
AcDbEntity
  8
SOBRANTES-RECORTE
100
AcDbPolyline
 90
4
 70
1
 10
275.4635
 20
-60.5923
 10
276.06350000000003
 20
-60.5923
 10
276.06350000000003
 20
-59.478300000000004
 10
275.4635
 20
-59.478300000000004
  0
TEXT
  5
753
330
17
100
AcDbEntity
  8
SOBRANTES-TEXTO
100
AcDbText
 10
275.7635
 20
-60.0753
 30
0.0
 40
0.05
  1
PB-M-031
 72
1
 11
275.7635
 21
-60.0753
 31
0.0
100
AcDbText
 73
2
  0
LWPOLYLINE
  5
754
330
17
100
AcDbEntity
  8
SOBRANTES-MAPA
100
AcDbPolyline
 90
4
 70
1
 10
274.8615
 20
-60.6723
 10
275.4615
 20
-60.6723
 10
275.4615
 20
-59.4783
 10
274.8615
 20
-59.4783
  0
LWPOLYLINE
  5
755
330
17
100
AcDbEntity
  8
SOBRANTES-RECORTE
100
AcDbPolyline
 90
4
 70
1
 10
274.8615
 20
-60.5923
 10
275.4615
 20
-60.5923
 10
275.4615
 20
-59.478300000000004
 10
274.8615
 20
-59.478300000000004
  0
TEXT
  5
756
330
17
100
AcDbEntity
  8
SOBRANTES-TEXTO
100
AcDbText
 10
275.1615
 20
-60.0753
 30
0.0
 40
0.05
  1
PB-M-030
 72
1
 11
275.1615
 21
-60.0753
 31
0.0
100
AcDbText
 73
2
  0
LWPOLYLINE
  5
757
330
17
100
AcDbEntity
  8
SOBRANTES-MAPA
100
AcDbPolyline
 90
4
 70
1
 10
274.2595
 20
-60.6723
 10
274.8595
 20
-60.6723
 10
274.8595
 20
-59.4783
 10
274.2595
 20
-59.4783
  0
LWPOLYLINE
  5
758
330
17
100
AcDbEntity
  8
SOBRANTES-RECORTE
100
AcDbPolyline
 90
4
 70
1
 10
274.2595
 20
-60.5923
 10
274.8595
 20
-60.5923
 10
274.8595
 20
-59.478300000000004
 10
274.2595
 20
-59.478300000000004
  0
TEXT
  5
759
330
17
100
AcDbEntity
  8
SOBRANTES-TEXTO
100
AcDbText
 10
274.5595
 20
-60.0753
 30
0.0
 40
0.05
  1
PB-M-029
 72
1
 11
274.5595
 21
-60.0753
 31
0.0
100
AcDbText
 73
2
  0
LWPOLYLINE
  5
75A
330
17
100
AcDbEntity
  8
SOBRANTES-MAPA
100
AcDbPolyline
 90
4
 70
1
 10
273.6575
 20
-60.6723
 10
274.25750000000005
 20
-60.6723
 10
274.25750000000005
 20
-59.4783
 10
273.6575
 20
-59.4783
  0
LWPOLYLINE
  5
75B
330
17
100
AcDbEntity
  8
SOBRANTES-RECORTE
100
AcDbPolyline
 90
4
 70
1
 10
273.6575
 20
-60.5923
 10
274.25750000000005
 20
-60.5923
 10
274.25750000000005
 20
-59.478300000000004
 10
273.6575
 20
-59.478300000000004
  0
TEXT
  5
75C
330
17
100
AcDbEntity
  8
SOBRANTES-TEXTO
100
AcDbText
 10
273.95750000000004
 20
-60.0753
 30
0.0
 40
0.05
  1
PB-M-028
 72
1
 11
273.95750000000004
 21
-60.0753
 31
0.0
100
AcDbText
 73
2
  0
LWPOLYLINE
  5
75D
330
17
100
AcDbEntity
  8
SOBRANTES-MAPA
100
AcDbPolyline
 90
4
 70
1
 10
273.0555
 20
-60.6723
 10
273.6555
 20
-60.6723
 10
273.6555
 20
-59.4783
 10
273.0555
 20
-59.4783
  0
LWPOLYLINE
  5
75E
330
17
100
AcDbEntity
  8
SOBRANTES-RECORTE
100
AcDbPolyline
 90
4
 70
1
 10
273.0555
 20
-60.5923
 10
273.6555
 20
-60.5923
 10
273.6555
 20
-59.478300000000004
 10
273.0555
 20
-59.478300000000004
  0
TEXT
  5
75F
330
17
100
AcDbEntity
  8
SOBRANTES-TEXTO
100
AcDbText
 10
273.3555
 20
-60.0753
 30
0.0
 40
0.05
  1
PB-M-027
 72
1
 11
273.3555
 21
-60.0753
 31
0.0
100
AcDbText
 73
2
  0
LWPOLYLINE
  5
760
330
17
100
AcDbEntity
  8
SOBRANTES-MAPA
100
AcDbPolyline
 90
4
 70
1
 10
277.27349999999996
 20
-67.3363
 10
277.86949999999996
 20
-67.3363
 10
277.86949999999996
 20
-66.14229999999999
 10
277.27349999999996
 20
-66.14229999999999
  0
LWPOLYLINE
  5
761
330
17
100
AcDbEntity
  8
SOBRANTES-RECORTE
100
AcDbPolyline
 90
4
 70
1
 10
277.27349999999996
 20
-66.3223
 10
277.6835
 20
-66.3223
 10
277.6835
 20
-66.14229999999999
 10
277.27349999999996
 20
-66.14229999999999
  0
LWPOLYLINE
  5
762
330
17
100
AcDbEntity
  8
SOBRANTES-RECORTE
100
AcDbPolyline
 90
4
 70
1
 10
277.6835
 20
-67.3363
 10
277.86949999999996
 20
-67.3363
 10
277.86949999999996
 20
-66.3223
 10
277.6835
 20
-66.3223
  0
TEXT
  5
763
330
17
100
AcDbEntity
  8
SOBRANTES-TEXTO
100
AcDbText
 10
277.57149999999996
 20
-66.7393
 30
0.0
 40
0.05
  1
PB-M-119
 72
1
 11
277.57149999999996
 21
-66.7393
 31
0.0
100
AcDbText
 73
2
  0
LWPOLYLINE
  5
764
330
17
100
AcDbEntity
  8
SOBRANTES-MAPA
100
AcDbPolyline
 90
4
 70
1
 10
289.0669
 20
-67.5223
 10
289.26689999999996
 20
-67.5223
 10
289.26689999999996
 20
-66.3223
 10
289.0669
 20
-66.3223
  0
LWPOLYLINE
  5
765
330
17
100
AcDbEntity
  8
SOBRANTES-RECORTE
100
AcDbPolyline
 90
4
 70
1
 10
289.0669
 20
-67.5223
 10
289.26689999999996
 20
-67.5223
 10
289.26689999999996
 20
-66.4898
 10
289.0669
 20
-66.4898
  0
TEXT
  5
766
330
17
100
AcDbEntity
  8
SOBRANTES-TEXTO
100
AcDbText
 10
289.1669
 20
-66.9223
 30
0.0
 40
0.05
  1
PA-R-107
 72
1
 11
289.1669
 21
-66.9223
 31
0.0
100
AcDbText
 73
2
  0
LWPOLYLINE
  5
767
330
17
100
AcDbEntity
  8
SOBRANTES-MAPA
100
AcDbPolyline
 90
4
 70
1
 10
288.8659
 20
-67.5223
 10
289.0659
 20
-67.5223
 10
289.0659
 20
-66.3223
 10
288.8659
 20
-66.3223
  0
LWPOLYLINE
  5
768
330
17
100
AcDbEntity
  8
SOBRANTES-RECORTE
100
AcDbPolyline
 90
4
 70
1
 10
288.8659
 20
-67.5223
 10
289.0659
 20
-67.5223
 10
289.0659
 20
-66.8407
 10
288.8659
 20
-66.8407
  0
TEXT
  5
769
330
17
100
AcDbEntity
  8
SOBRANTES-TEXTO
100
AcDbText
 10
288.96590000000003
 20
-66.9223
 30
0.0
 40
0.05
  1
PA-R-118
 72
1
 11
288.96590000000003
 21
-66.9223
 31
0.0
100
AcDbText
 73
2
  0
LWPOLYLINE
  5
76A
330
17
100
AcDbEntity
  8
SOBRANTES-MAPA
100
AcDbPolyline
 90
4
 70
1
 10
288.6649
 20
-67.5223
 10
288.8649
 20
-67.5223
 10
288.8649
 20
-66.3223
 10
288.6649
 20
-66.3223
  0
LWPOLYLINE
  5
76B
330
17
100
AcDbEntity
  8
SOBRANTES-RECORTE
100
AcDbPolyline
 90
4
 70
1
 10
288.6649
 20
-67.5223
 10
288.8649
 20
-67.5223
 10
288.8649
 20
-66.8407
 10
288.6649
 20
-66.8407
  0
TEXT
  5
76C
330
17
100
AcDbEntity
  8
SOBRANTES-TEXTO
100
AcDbText
 10
288.7649
 20
-66.9223
 30
0.0
 40
0.05
  1
PA-R-117
 72
1
 11
288.7649
 21
-66.9223
 31
0.0
100
AcDbText
 73
2
  0
LWPOLYLINE
  5
76D
330
17
100
AcDbEntity
  8
SOBRANTES-MAPA
100
AcDbPolyline
 90
4
 70
1
 10
288.4639
 20
-67.5223
 10
288.6639
 20
-67.5223
 10
288.6639
 20
-66.3223
 10
288.4639
 20
-66.3223
  0
LWPOLYLINE
  5
76E
330
17
100
AcDbEntity
  8
SOBRANTES-RECORTE
100
AcDbPolyline
 90
4
 70
1
 10
288.4639
 20
-67.5223
 10
288.6639
 20
-67.5223
 10
288.6639
 20
-66.8407
 10
288.4639
 20
-66.8407
  0
TEXT
  5
76F
330
17
100
AcDbEntity
  8
SOBRANTES-TEXTO
100
AcDbText
 10
288.56390000000005
 20
-66.9223
 30
0.0
 40
0.05
  1
PA-R-116
 72
1
 11
288.56390000000005
 21
-66.9223
 31
0.0
100
AcDbText
 73
2
  0
LWPOLYLINE
  5
770
330
17
100
AcDbEntity
  8
SOBRANTES-MAPA
100
AcDbPolyline
 90
4
 70
1
 10
288.2629
 20
-67.5223
 10
288.4629
 20
-67.5223
 10
288.4629
 20
-66.3223
 10
288.2629
 20
-66.3223
  0
LWPOLYLINE
  5
771
330
17
100
AcDbEntity
  8
SOBRANTES-RECORTE
100
AcDbPolyline
 90
4
 70
1
 10
288.2629
 20
-67.5223
 10
288.4629
 20
-67.5223
 10
288.4629
 20
-66.8407
 10
288.2629
 20
-66.8407
  0
TEXT
  5
772
330
17
100
AcDbEntity
  8
SOBRANTES-TEXTO
100
AcDbText
 10
288.3629
 20
-66.9223
 30
0.0
 40
0.05
  1
PA-R-115
 72
1
 11
288.3629
 21
-66.9223
 31
0.0
100
AcDbText
 73
2
  0
LWPOLYLINE
  5
773
330
17
100
AcDbEntity
  8
SOBRANTES-MAPA
100
AcDbPolyline
 90
4
 70
1
 10
288.0619
 20
-67.5223
 10
288.26189999999997
 20
-67.5223
 10
288.26189999999997
 20
-66.3223
 10
288.0619
 20
-66.3223
  0
LWPOLYLINE
  5
774
330
17
100
AcDbEntity
  8
SOBRANTES-RECORTE
100
AcDbPolyline
 90
4
 70
1
 10
288.0619
 20
-67.5223
 10
288.26189999999997
 20
-67.5223
 10
288.26189999999997
 20
-66.8407
 10
288.0619
 20
-66.8407
  0
TEXT
  5
775
330
17
100
AcDbEntity
  8
SOBRANTES-TEXTO
100
AcDbText
 10
288.1619
 20
-66.9223
 30
0.0
 40
0.05
  1
PA-R-114
 72
1
 11
288.1619
 21
-66.9223
 31
0.0
100
AcDbText
 73
2
  0
TEXT
  5
776
330
17
100
AcDbEntity
  8
CORTE-TEXTO
100
AcDbText
 10
275.4535
 20
-73.5923
 30
0.0
 40
0.25
  1
PLAN DE CORTE - MORET  (90 baldosas a abrir)
 72
1
 11
275.4535
 21
-73.5923
 31
0.0
100
AcDbText
 73
2
  0
LWPOLYLINE
  5
777
330
17
100
AcDbEntity
  8
CORTE-TILE
100
AcDbPolyline
 90
4
 70
1
 10
272.4535
 20
-75.9863
 10
273.0495
 20
-75.9863
 10
273.0495
 20
-74.7923
 10
272.4535
 20
-74.7923
  0
TEXT
  5
778
330
17
100
AcDbEntity
  8
CORTE-TEXTO
100
AcDbText
 10
272.7515
 20
-74.6523
 30
0.0
 40
0.06
  1
M-01
 72
1
 11
272.7515
 21
-74.6523
 31
0.0
100
AcDbText
 73
2
  0
LWPOLYLINE
  5
779
330
17
100
AcDbEntity
  8
CORTE-RECORTE
100
AcDbPolyline
 90
4
 70
1
 10
272.4535
 20
-75.9863
 10
273.0495
 20
-75.9863
 10
273.0495
 20
-74.7923
 10
272.4535
 20
-74.7923
  0
TEXT
  5
77A
330
17
100
AcDbEntity
  8
CORTE-TEXTO
100
AcDbText
 10
272.7515
 20
-75.3893
 30
0.0
 40
0.035
  1
PB-M-036
 72
1
 11
272.7515
 21
-75.3893
 31
0.0
100
AcDbText
 73
2
  0
LWPOLYLINE
  5
77B
330
17
100
AcDbEntity
  8
CORTE-TILE
100
AcDbPolyline
 90
4
 70
1
 10
273.4995
 20
-75.9863
 10
274.0955
 20
-75.9863
 10
274.0955
 20
-74.7923
 10
273.4995
 20
-74.7923
  0
TEXT
  5
77C
330
17
100
AcDbEntity
  8
CORTE-TEXTO
100
AcDbText
 10
273.7975
 20
-74.6523
 30
0.0
 40
0.06
  1
M-02
 72
1
 11
273.7975
 21
-74.6523
 31
0.0
100
AcDbText
 73
2
  0
LWPOLYLINE
  5
77D
330
17
100
AcDbEntity
  8
CORTE-RECORTE
100
AcDbPolyline
 90
4
 70
1
 10
273.4995
 20
-75.9863
 10
274.0955
 20
-75.9863
 10
274.0955
 20
-74.7923
 10
273.4995
 20
-74.7923
  0
TEXT
  5
77E
330
17
100
AcDbEntity
  8
CORTE-TEXTO
100
AcDbText
 10
273.7975
 20
-75.3893
 30
0.0
 40
0.035
  1
PB-M-035
 72
1
 11
273.7975
 21
-75.3893
 31
0.0
100
AcDbText
 73
2
  0
LWPOLYLINE
  5
77F
330
17
100
AcDbEntity
  8
CORTE-TILE
100
AcDbPolyline
 90
4
 70
1
 10
274.5455
 20
-75.9863
 10
275.1415
 20
-75.9863
 10
275.1415
 20
-74.7923
 10
274.5455
 20
-74.7923
  0
TEXT
  5
780
330
17
100
AcDbEntity
  8
CORTE-TEXTO
100
AcDbText
 10
274.8435
 20
-74.6523
 30
0.0
 40
0.06
  1
M-03
 72
1
 11
274.8435
 21
-74.6523
 31
0.0
100
AcDbText
 73
2
  0
LWPOLYLINE
  5
781
330
17
100
AcDbEntity
  8
CORTE-RECORTE
100
AcDbPolyline
 90
4
 70
1
 10
274.5455
 20
-75.9863
 10
275.1415
 20
-75.9863
 10
275.1415
 20
-74.8163
 10
274.5455
 20
-74.8163
  0
TEXT
  5
782
330
17
100
AcDbEntity
  8
CORTE-TEXTO
100
AcDbText
 10
274.8435
 20
-75.4013
 30
0.0
 40
0.035
  1
PB-M-045
 72
1
 11
274.8435
 21
-75.4013
 31
0.0
100
AcDbText
 73
2
  0
LWPOLYLINE
  5
783
330
17
100
AcDbEntity
  8
CORTE-DESPERDICIO
100
AcDbPolyline
 90
4
 70
1
 10
274.5455
 20
-74.8163
 10
275.1415
 20
-74.8163
 10
275.1415
 20
-74.7923
 10
274.5455
 20
-74.7923
  0
LWPOLYLINE
  5
784
330
17
100
AcDbEntity
  8
CORTE-TILE
100
AcDbPolyline
 90
4
 70
1
 10
275.5915
 20
-75.9863
 10
276.1875
 20
-75.9863
 10
276.1875
 20
-74.7923
 10
275.5915
 20
-74.7923
  0
TEXT
  5
785
330
17
100
AcDbEntity
  8
CORTE-TEXTO
100
AcDbText
 10
275.8895
 20
-74.6523
 30
0.0
 40
0.06
  1
M-04
 72
1
 11
275.8895
 21
-74.6523
 31
0.0
100
AcDbText
 73
2
  0
LWPOLYLINE
  5
786
330
17
100
AcDbEntity
  8
CORTE-RECORTE
100
AcDbPolyline
 90
4
 70
1
 10
275.5915
 20
-75.9863
 10
276.1875
 20
-75.9863
 10
276.1875
 20
-74.8163
 10
275.5915
 20
-74.8163
  0
TEXT
  5
787
330
17
100
AcDbEntity
  8
CORTE-TEXTO
100
AcDbText
 10
275.8895
 20
-75.4013
 30
0.0
 40
0.035
  1
PB-M-044
 72
1
 11
275.8895
 21
-75.4013
 31
0.0
100
AcDbText
 73
2
  0
LWPOLYLINE
  5
788
330
17
100
AcDbEntity
  8
CORTE-DESPERDICIO
100
AcDbPolyline
 90
4
 70
1
 10
275.5915
 20
-74.8163
 10
276.1875
 20
-74.8163
 10
276.1875
 20
-74.7923
 10
275.5915
 20
-74.7923
  0
LWPOLYLINE
  5
789
330
17
100
AcDbEntity
  8
CORTE-TILE
100
AcDbPolyline
 90
4
 70
1
 10
276.63750000000005
 20
-75.9863
 10
277.23350000000005
 20
-75.9863
 10
277.23350000000005
 20
-74.7923
 10
276.63750000000005
 20
-74.7923
  0
TEXT
  5
78A
330
17
100
AcDbEntity
  8
CORTE-TEXTO
100
AcDbText
 10
276.93550000000005
 20
-74.6523
 30
0.0
 40
0.06
  1
M-05
 72
1
 11
276.93550000000005
 21
-74.6523
 31
0.0
100
AcDbText
 73
2
  0
LWPOLYLINE
  5
78B
330
17
100
AcDbEntity
  8
CORTE-RECORTE
100
AcDbPolyline
 90
4
 70
1
 10
276.63750000000005
 20
-75.9863
 10
277.23350000000005
 20
-75.9863
 10
277.23350000000005
 20
-74.8163
 10
276.63750000000005
 20
-74.8163
  0
TEXT
  5
78C
330
17
100
AcDbEntity
  8
CORTE-TEXTO
100
AcDbText
 10
276.93550000000005
 20
-75.4013
 30
0.0
 40
0.035
  1
PB-M-043
 72
1
 11
276.93550000000005
 21
-75.4013
 31
0.0
100
AcDbText
 73
2
  0
LWPOLYLINE
  5
78D
330
17
100
AcDbEntity
  8
CORTE-DESPERDICIO
100
AcDbPolyline
 90
4
 70
1
 10
276.63750000000005
 20
-74.8163
 10
277.23350000000005
 20
-74.8163
 10
277.23350000000005
 20
-74.7923
 10
276.63750000000005
 20
-74.7923
  0
LWPOLYLINE
  5
78E
330
17
100
AcDbEntity
  8
CORTE-TILE
100
AcDbPolyline
 90
4
 70
1
 10
277.68350000000004
 20
-75.9863
 10
278.27950000000004
 20
-75.9863
 10
278.27950000000004
 20
-74.7923
 10
277.68350000000004
 20
-74.7923
  0
TEXT
  5
78F
330
17
100
AcDbEntity
  8
CORTE-TEXTO
100
AcDbText
 10
277.98150000000004
 20
-74.6523
 30
0.0
 40
0.06
  1
M-06
 72
1
 11
277.98150000000004
 21
-74.6523
 31
0.0
100
AcDbText
 73
2
  0
LWPOLYLINE
  5
790
330
17
100
AcDbEntity
  8
CORTE-RECORTE
100
AcDbPolyline
 90
4
 70
1
 10
277.68350000000004
 20
-75.9863
 10
278.27950000000004
 20
-75.9863
 10
278.27950000000004
 20
-74.8163
 10
277.68350000000004
 20
-74.8163
  0
TEXT
  5
791
330
17
100
AcDbEntity
  8
CORTE-TEXTO
100
AcDbText
 10
277.98150000000004
 20
-75.4013
 30
0.0
 40
0.035
  1
PB-M-041
 72
1
 11
277.98150000000004
 21
-75.4013
 31
0.0
100
AcDbText
 73
2
  0
LWPOLYLINE
  5
792
330
17
100
AcDbEntity
  8
CORTE-DESPERDICIO
100
AcDbPolyline
 90
4
 70
1
 10
277.68350000000004
 20
-74.8163
 10
278.27950000000004
 20
-74.8163
 10
278.27950000000004
 20
-74.7923
 10
277.68350000000004
 20
-74.7923
  0
LWPOLYLINE
  5
793
330
17
100
AcDbEntity
  8
CORTE-TILE
100
AcDbPolyline
 90
4
 70
1
 10
278.72950000000003
 20
-75.9863
 10
279.32550000000003
 20
-75.9863
 10
279.32550000000003
 20
-74.7923
 10
278.72950000000003
 20
-74.7923
  0
TEXT
  5
794
330
17
100
AcDbEntity
  8
CORTE-TEXTO
100
AcDbText
 10
279.02750000000003
 20
-74.6523
 30
0.0
 40
0.06
  1
M-07
 72
1
 11
279.02750000000003
 21
-74.6523
 31
0.0
100
AcDbText
 73
2
  0
LWPOLYLINE
  5
795
330
17
100
AcDbEntity
  8
CORTE-RECORTE
100
AcDbPolyline
 90
4
 70
1
 10
278.72950000000003
 20
-75.9863
 10
279.32550000000003
 20
-75.9863
 10
279.32550000000003
 20
-74.8163
 10
278.72950000000003
 20
-74.8163
  0
TEXT
  5
796
330
17
100
AcDbEntity
  8
CORTE-TEXTO
100
AcDbText
 10
279.02750000000003
 20
-75.4013
 30
0.0
 40
0.035
  1
PB-M-040
 72
1
 11
279.02750000000003
 21
-75.4013
 31
0.0
100
AcDbText
 73
2
  0
LWPOLYLINE
  5
797
330
17
100
AcDbEntity
  8
CORTE-DESPERDICIO
100
AcDbPolyline
 90
4
 70
1
 10
278.72950000000003
 20
-74.8163
 10
279.32550000000003
 20
-74.8163
 10
279.32550000000003
 20
-74.7923
 10
278.72950000000003
 20
-74.7923
  0
LWPOLYLINE
  5
798
330
17
100
AcDbEntity
  8
CORTE-TILE
100
AcDbPolyline
 90
4
 70
1
 10
279.7755
 20
-75.9863
 10
280.3715
 20
-75.9863
 10
280.3715
 20
-74.7923
 10
279.7755
 20
-74.7923
  0
TEXT
  5
799
330
17
100
AcDbEntity
  8
CORTE-TEXTO
100
AcDbText
 10
280.0735
 20
-74.6523
 30
0.0
 40
0.06
  1
M-08
 72
1
 11
280.0735
 21
-74.6523
 31
0.0
100
AcDbText
 73
2
  0
LWPOLYLINE
  5
79A
330
17
100
AcDbEntity
  8
CORTE-RECORTE
100
AcDbPolyline
 90
4
 70
1
 10
279.7755
 20
-75.9863
 10
280.3715
 20
-75.9863
 10
280.3715
 20
-74.8163
 10
279.7755
 20
-74.8163
  0
TEXT
  5
79B
330
17
100
AcDbEntity
  8
CORTE-TEXTO
100
AcDbText
 10
280.0735
 20
-75.4013
 30
0.0
 40
0.035
  1
PB-M-039
 72
1
 11
280.0735
 21
-75.4013
 31
0.0
100
AcDbText
 73
2
  0
LWPOLYLINE
  5
79C
330
17
100
AcDbEntity
  8
CORTE-DESPERDICIO
100
AcDbPolyline
 90
4
 70
1
 10
279.7755
 20
-74.8163
 10
280.3715
 20
-74.8163
 10
280.3715
 20
-74.7923
 10
279.7755
 20
-74.7923
  0
LWPOLYLINE
  5
79D
330
17
100
AcDbEntity
  8
CORTE-TILE
100
AcDbPolyline
 90
4
 70
1
 10
280.8215
 20
-75.9863
 10
281.4175
 20
-75.9863
 10
281.4175
 20
-74.7923
 10
280.8215
 20
-74.7923
  0
TEXT
  5
79E
330
17
100
AcDbEntity
  8
CORTE-TEXTO
100
AcDbText
 10
281.1195
 20
-74.6523
 30
0.0
 40
0.06
  1
M-09
 72
1
 11
281.1195
 21
-74.6523
 31
0.0
100
AcDbText
 73
2
  0
LWPOLYLINE
  5
79F
330
17
100
AcDbEntity
  8
CORTE-RECORTE
100
AcDbPolyline
 90
4
 70
1
 10
280.8215
 20
-75.9863
 10
281.4175
 20
-75.9863
 10
281.4175
 20
-74.8163
 10
280.8215
 20
-74.8163
  0
TEXT
  5
7A0
330
17
100
AcDbEntity
  8
CORTE-TEXTO
100
AcDbText
 10
281.1195
 20
-75.4013
 30
0.0
 40
0.035
  1
PB-M-038
 72
1
 11
281.1195
 21
-75.4013
 31
0.0
100
AcDbText
 73
2
  0
LWPOLYLINE
  5
7A1
330
17
100
AcDbEntity
  8
CORTE-DESPERDICIO
100
AcDbPolyline
 90
4
 70
1
 10
280.8215
 20
-74.8163
 10
281.4175
 20
-74.8163
 10
281.4175
 20
-74.7923
 10
280.8215
 20
-74.7923
  0
LWPOLYLINE
  5
7A2
330
17
100
AcDbEntity
  8
CORTE-TILE
100
AcDbPolyline
 90
4
 70
1
 10
281.8675
 20
-75.9863
 10
282.4635
 20
-75.9863
 10
282.4635
 20
-74.7923
 10
281.8675
 20
-74.7923
  0
TEXT
  5
7A3
330
17
100
AcDbEntity
  8
CORTE-TEXTO
100
AcDbText
 10
282.1655
 20
-74.6523
 30
0.0
 40
0.06
  1
M-10
 72
1
 11
282.1655
 21
-74.6523
 31
0.0
100
AcDbText
 73
2
  0
LWPOLYLINE
  5
7A4
330
17
100
AcDbEntity
  8
CORTE-RECORTE
100
AcDbPolyline
 90
4
 70
1
 10
281.8675
 20
-75.9863
 10
282.4635
 20
-75.9863
 10
282.4635
 20
-74.8163
 10
281.8675
 20
-74.8163
  0
TEXT
  5
7A5
330
17
100
AcDbEntity
  8
CORTE-TEXTO
100
AcDbText
 10
282.1655
 20
-75.4013
 30
0.0
 40
0.035
  1
PB-M-037
 72
1
 11
282.1655
 21
-75.4013
 31
0.0
100
AcDbText
 73
2
  0
LWPOLYLINE
  5
7A6
330
17
100
AcDbEntity
  8
CORTE-DESPERDICIO
100
AcDbPolyline
 90
4
 70
1
 10
281.8675
 20
-74.8163
 10
282.4635
 20
-74.8163
 10
282.4635
 20
-74.7923
 10
281.8675
 20
-74.7923
  0
LWPOLYLINE
  5
7A7
330
17
100
AcDbEntity
  8
CORTE-TILE
100
AcDbPolyline
 90
4
 70
1
 10
282.9135
 20
-75.9863
 10
283.5095
 20
-75.9863
 10
283.5095
 20
-74.7923
 10
282.9135
 20
-74.7923
  0
TEXT
  5
7A8
330
17
100
AcDbEntity
  8
CORTE-TEXTO
100
AcDbText
 10
283.2115
 20
-74.6523
 30
0.0
 40
0.06
  1
M-11
 72
1
 11
283.2115
 21
-74.6523
 31
0.0
100
AcDbText
 73
2
  0
LWPOLYLINE
  5
7A9
330
17
100
AcDbEntity
  8
CORTE-RECORTE
100
AcDbPolyline
 90
4
 70
1
 10
282.9135
 20
-75.9863
 10
283.5095
 20
-75.9863
 10
283.5095
 20
-74.8163
 10
282.9135
 20
-74.8163
  0
TEXT
  5
7AA
330
17
100
AcDbEntity
  8
CORTE-TEXTO
100
AcDbText
 10
283.2115
 20
-75.4013
 30
0.0
 40
0.035
  1
PB-M-042
 72
1
 11
283.2115
 21
-75.4013
 31
0.0
100
AcDbText
 73
2
  0
LWPOLYLINE
  5
7AB
330
17
100
AcDbEntity
  8
CORTE-DESPERDICIO
100
AcDbPolyline
 90
4
 70
1
 10
282.9135
 20
-74.8163
 10
283.5095
 20
-74.8163
 10
283.5095
 20
-74.7923
 10
282.9135
 20
-74.7923
  0
LWPOLYLINE
  5
7AC
330
17
100
AcDbEntity
  8
CORTE-TILE
100
AcDbPolyline
 90
4
 70
1
 10
283.95950000000005
 20
-75.9863
 10
284.55550000000005
 20
-75.9863
 10
284.55550000000005
 20
-74.7923
 10
283.95950000000005
 20
-74.7923
  0
TEXT
  5
7AD
330
17
100
AcDbEntity
  8
CORTE-TEXTO
100
AcDbText
 10
284.25750000000005
 20
-74.6523
 30
0.0
 40
0.06
  1
M-12
 72
1
 11
284.25750000000005
 21
-74.6523
 31
0.0
100
AcDbText
 73
2
  0
LWPOLYLINE
  5
7AE
330
17
100
AcDbEntity
  8
CORTE-RECORTE
100
AcDbPolyline
 90
4
 70
1
 10
283.95950000000005
 20
-75.9863
 10
284.55550000000005
 20
-75.9863
 10
284.55550000000005
 20
-74.8323
 10
283.95950000000005
 20
-74.8323
  0
TEXT
  5
7AF
330
17
100
AcDbEntity
  8
CORTE-TEXTO
100
AcDbText
 10
284.25750000000005
 20
-75.4093
 30
0.0
 40
0.035
  1
PB-M-017
 72
1
 11
284.25750000000005
 21
-75.4093
 31
0.0
100
AcDbText
 73
2
  0
LWPOLYLINE
  5
7B0
330
17
100
AcDbEntity
  8
CORTE-DESPERDICIO
100
AcDbPolyline
 90
4
 70
1
 10
283.95950000000005
 20
-74.8323
 10
284.55550000000005
 20
-74.8323
 10
284.55550000000005
 20
-74.7923
 10
283.95950000000005
 20
-74.7923
  0
LWPOLYLINE
  5
7B1
330
17
100
AcDbEntity
  8
CORTE-TILE
100
AcDbPolyline
 90
4
 70
1
 10
285.00550000000004
 20
-75.9863
 10
285.60150000000004
 20
-75.9863
 10
285.60150000000004
 20
-74.7923
 10
285.00550000000004
 20
-74.7923
  0
TEXT
  5
7B2
330
17
100
AcDbEntity
  8
CORTE-TEXTO
100
AcDbText
 10
285.30350000000004
 20
-74.6523
 30
0.0
 40
0.06
  1
M-13
 72
1
 11
285.30350000000004
 21
-74.6523
 31
0.0
100
AcDbText
 73
2
  0
LWPOLYLINE
  5
7B3
330
17
100
AcDbEntity
  8
CORTE-RECORTE
100
AcDbPolyline
 90
4
 70
1
 10
285.00550000000004
 20
-75.9863
 10
285.60150000000004
 20
-75.9863
 10
285.60150000000004
 20
-74.8323
 10
285.00550000000004
 20
-74.8323
  0
TEXT
  5
7B4
330
17
100
AcDbEntity
  8
CORTE-TEXTO
100
AcDbText
 10
285.30350000000004
 20
-75.4093
 30
0.0
 40
0.035
  1
PB-M-016
 72
1
 11
285.30350000000004
 21
-75.4093
 31
0.0
100
AcDbText
 73
2
  0
LWPOLYLINE
  5
7B5
330
17
100
AcDbEntity
  8
CORTE-DESPERDICIO
100
AcDbPolyline
 90
4
 70
1
 10
285.00550000000004
 20
-74.8323
 10
285.60150000000004
 20
-74.8323
 10
285.60150000000004
 20
-74.7923
 10
285.00550000000004
 20
-74.7923
  0
LWPOLYLINE
  5
7B6
330
17
100
AcDbEntity
  8
CORTE-TILE
100
AcDbPolyline
 90
4
 70
1
 10
286.05150000000003
 20
-75.9863
 10
286.64750000000004
 20
-75.9863
 10
286.64750000000004
 20
-74.7923
 10
286.05150000000003
 20
-74.7923
  0
TEXT
  5
7B7
330
17
100
AcDbEntity
  8
CORTE-TEXTO
100
AcDbText
 10
286.34950000000003
 20
-74.6523
 30
0.0
 40
0.06
  1
M-14
 72
1
 11
286.34950000000003
 21
-74.6523
 31
0.0
100
AcDbText
 73
2
  0
LWPOLYLINE
  5
7B8
330
17
100
AcDbEntity
  8
CORTE-RECORTE
100
AcDbPolyline
 90
4
 70
1
 10
286.05150000000003
 20
-75.9863
 10
286.64750000000004
 20
-75.9863
 10
286.64750000000004
 20
-74.8363
 10
286.05150000000003
 20
-74.8363
  0
TEXT
  5
7B9
330
17
100
AcDbEntity
  8
CORTE-TEXTO
100
AcDbText
 10
286.34950000000003
 20
-75.4113
 30
0.0
 40
0.035
  1
PB-M-147
 72
1
 11
286.34950000000003
 21
-75.4113
 31
0.0
100
AcDbText
 73
2
  0
LWPOLYLINE
  5
7BA
330
17
100
AcDbEntity
  8
CORTE-DESPERDICIO
100
AcDbPolyline
 90
4
 70
1
 10
286.05150000000003
 20
-74.8363
 10
286.64750000000004
 20
-74.8363
 10
286.64750000000004
 20
-74.7923
 10
286.05150000000003
 20
-74.7923
  0
LWPOLYLINE
  5
7BB
330
17
100
AcDbEntity
  8
CORTE-TILE
100
AcDbPolyline
 90
4
 70
1
 10
287.0975
 20
-75.9863
 10
287.69350000000003
 20
-75.9863
 10
287.69350000000003
 20
-74.7923
 10
287.0975
 20
-74.7923
  0
TEXT
  5
7BC
330
17
100
AcDbEntity
  8
CORTE-TEXTO
100
AcDbText
 10
287.3955
 20
-74.6523
 30
0.0
 40
0.06
  1
M-15
 72
1
 11
287.3955
 21
-74.6523
 31
0.0
100
AcDbText
 73
2
  0
LWPOLYLINE
  5
7BD
330
17
100
AcDbEntity
  8
CORTE-RECORTE
100
AcDbPolyline
 90
4
 70
1
 10
287.0975
 20
-75.9863
 10
287.69350000000003
 20
-75.9863
 10
287.69350000000003
 20
-74.8363
 10
287.0975
 20
-74.8363
  0
TEXT
  5
7BE
330
17
100
AcDbEntity
  8
CORTE-TEXTO
100
AcDbText
 10
287.3955
 20
-75.4113
 30
0.0
 40
0.035
  1
PB-M-146
 72
1
 11
287.3955
 21
-75.4113
 31
0.0
100
AcDbText
 73
2
  0
LWPOLYLINE
  5
7BF
330
17
100
AcDbEntity
  8
CORTE-DESPERDICIO
100
AcDbPolyline
 90
4
 70
1
 10
287.0975
 20
-74.8363
 10
287.69350000000003
 20
-74.8363
 10
287.69350000000003
 20
-74.7923
 10
287.0975
 20
-74.7923
  0
LWPOLYLINE
  5
7C0
330
17
100
AcDbEntity
  8
CORTE-TILE
100
AcDbPolyline
 90
4
 70
1
 10
288.1435
 20
-75.9863
 10
288.7395
 20
-75.9863
 10
288.7395
 20
-74.7923
 10
288.1435
 20
-74.7923
  0
TEXT
  5
7C1
330
17
100
AcDbEntity
  8
CORTE-TEXTO
100
AcDbText
 10
288.4415
 20
-74.6523
 30
0.0
 40
0.06
  1
M-16
 72
1
 11
288.4415
 21
-74.6523
 31
0.0
100
AcDbText
 73
2
  0
LWPOLYLINE
  5
7C2
330
17
100
AcDbEntity
  8
CORTE-RECORTE
100
AcDbPolyline
 90
4
 70
1
 10
288.1435
 20
-75.9863
 10
288.7395
 20
-75.9863
 10
288.7395
 20
-74.8363
 10
288.1435
 20
-74.8363
  0
TEXT
  5
7C3
330
17
100
AcDbEntity
  8
CORTE-TEXTO
100
AcDbText
 10
288.4415
 20
-75.4113
 30
0.0
 40
0.035
  1
PB-M-145
 72
1
 11
288.4415
 21
-75.4113
 31
0.0
100
AcDbText
 73
2
  0
LWPOLYLINE
  5
7C4
330
17
100
AcDbEntity
  8
CORTE-DESPERDICIO
100
AcDbPolyline
 90
4
 70
1
 10
288.1435
 20
-74.8363
 10
288.7395
 20
-74.8363
 10
288.7395
 20
-74.7923
 10
288.1435
 20
-74.7923
  0
LWPOLYLINE
  5
7C5
330
17
100
AcDbEntity
  8
CORTE-TILE
100
AcDbPolyline
 90
4
 70
1
 10
289.1895
 20
-75.9863
 10
289.7855
 20
-75.9863
 10
289.7855
 20
-74.7923
 10
289.1895
 20
-74.7923
  0
TEXT
  5
7C6
330
17
100
AcDbEntity
  8
CORTE-TEXTO
100
AcDbText
 10
289.4875
 20
-74.6523
 30
0.0
 40
0.06
  1
M-17
 72
1
 11
289.4875
 21
-74.6523
 31
0.0
100
AcDbText
 73
2
  0
LWPOLYLINE
  5
7C7
330
17
100
AcDbEntity
  8
CORTE-RECORTE
100
AcDbPolyline
 90
4
 70
1
 10
289.1895
 20
-75.9863
 10
289.7855
 20
-75.9863
 10
289.7855
 20
-74.8363
 10
289.1895
 20
-74.8363
  0
TEXT
  5
7C8
330
17
100
AcDbEntity
  8
CORTE-TEXTO
100
AcDbText
 10
289.4875
 20
-75.4113
 30
0.0
 40
0.035
  1
PB-M-144
 72
1
 11
289.4875
 21
-75.4113
 31
0.0
100
AcDbText
 73
2
  0
LWPOLYLINE
  5
7C9
330
17
100
AcDbEntity
  8
CORTE-DESPERDICIO
100
AcDbPolyline
 90
4
 70
1
 10
289.1895
 20
-74.8363
 10
289.7855
 20
-74.8363
 10
289.7855
 20
-74.7923
 10
289.1895
 20
-74.7923
  0
LWPOLYLINE
  5
7CA
330
17
100
AcDbEntity
  8
CORTE-TILE
100
AcDbPolyline
 90
4
 70
1
 10
290.2355
 20
-75.9863
 10
290.8315
 20
-75.9863
 10
290.8315
 20
-74.7923
 10
290.2355
 20
-74.7923
  0
TEXT
  5
7CB
330
17
100
AcDbEntity
  8
CORTE-TEXTO
100
AcDbText
 10
290.5335
 20
-74.6523
 30
0.0
 40
0.06
  1
M-18
 72
1
 11
290.5335
 21
-74.6523
 31
0.0
100
AcDbText
 73
2
  0
LWPOLYLINE
  5
7CC
330
17
100
AcDbEntity
  8
CORTE-RECORTE
100
AcDbPolyline
 90
4
 70
1
 10
290.2355
 20
-75.9863
 10
290.8315
 20
-75.9863
 10
290.8315
 20
-74.8363
 10
290.2355
 20
-74.8363
  0
TEXT
  5
7CD
330
17
100
AcDbEntity
  8
CORTE-TEXTO
100
AcDbText
 10
290.5335
 20
-75.4113
 30
0.0
 40
0.035
  1
PB-M-143
 72
1
 11
290.5335
 21
-75.4113
 31
0.0
100
AcDbText
 73
2
  0
LWPOLYLINE
  5
7CE
330
17
100
AcDbEntity
  8
CORTE-DESPERDICIO
100
AcDbPolyline
 90
4
 70
1
 10
290.2355
 20
-74.8363
 10
290.8315
 20
-74.8363
 10
290.8315
 20
-74.7923
 10
290.2355
 20
-74.7923
  0
LWPOLYLINE
  5
7CF
330
17
100
AcDbEntity
  8
CORTE-TILE
100
AcDbPolyline
 90
4
 70
1
 10
291.2815
 20
-75.9863
 10
291.8775
 20
-75.9863
 10
291.8775
 20
-74.7923
 10
291.2815
 20
-74.7923
  0
TEXT
  5
7D0
330
17
100
AcDbEntity
  8
CORTE-TEXTO
100
AcDbText
 10
291.5795
 20
-74.6523
 30
0.0
 40
0.06
  1
M-19
 72
1
 11
291.5795
 21
-74.6523
 31
0.0
100
AcDbText
 73
2
  0
LWPOLYLINE
  5
7D1
330
17
100
AcDbEntity
  8
CORTE-RECORTE
100
AcDbPolyline
 90
4
 70
1
 10
291.2815
 20
-75.9863
 10
291.8775
 20
-75.9863
 10
291.8775
 20
-74.8363
 10
291.2815
 20
-74.8363
  0
TEXT
  5
7D2
330
17
100
AcDbEntity
  8
CORTE-TEXTO
100
AcDbText
 10
291.5795
 20
-75.4113
 30
0.0
 40
0.035
  1
PB-M-142
 72
1
 11
291.5795
 21
-75.4113
 31
0.0
100
AcDbText
 73
2
  0
LWPOLYLINE
  5
7D3
330
17
100
AcDbEntity
  8
CORTE-DESPERDICIO
100
AcDbPolyline
 90
4
 70
1
 10
291.2815
 20
-74.8363
 10
291.8775
 20
-74.8363
 10
291.8775
 20
-74.7923
 10
291.2815
 20
-74.7923
  0
LWPOLYLINE
  5
7D4
330
17
100
AcDbEntity
  8
CORTE-TILE
100
AcDbPolyline
 90
4
 70
1
 10
292.32750000000004
 20
-75.9863
 10
292.92350000000005
 20
-75.9863
 10
292.92350000000005
 20
-74.7923
 10
292.32750000000004
 20
-74.7923
  0
TEXT
  5
7D5
330
17
100
AcDbEntity
  8
CORTE-TEXTO
100
AcDbText
 10
292.62550000000005
 20
-74.6523
 30
0.0
 40
0.06
  1
M-20
 72
1
 11
292.62550000000005
 21
-74.6523
 31
0.0
100
AcDbText
 73
2
  0
LWPOLYLINE
  5
7D6
330
17
100
AcDbEntity
  8
CORTE-RECORTE
100
AcDbPolyline
 90
4
 70
1
 10
292.32750000000004
 20
-75.9863
 10
292.92350000000005
 20
-75.9863
 10
292.92350000000005
 20
-74.8363
 10
292.32750000000004
 20
-74.8363
  0
TEXT
  5
7D7
330
17
100
AcDbEntity
  8
CORTE-TEXTO
100
AcDbText
 10
292.62550000000005
 20
-75.4113
 30
0.0
 40
0.035
  1
PA-M-079
 72
1
 11
292.62550000000005
 21
-75.4113
 31
0.0
100
AcDbText
 73
2
  0
LWPOLYLINE
  5
7D8
330
17
100
AcDbEntity
  8
CORTE-DESPERDICIO
100
AcDbPolyline
 90
4
 70
1
 10
292.32750000000004
 20
-74.8363
 10
292.92350000000005
 20
-74.8363
 10
292.92350000000005
 20
-74.7923
 10
292.32750000000004
 20
-74.7923
  0
LWPOLYLINE
  5
7D9
330
17
100
AcDbEntity
  8
CORTE-TILE
100
AcDbPolyline
 90
4
 70
1
 10
293.37350000000004
 20
-75.9863
 10
293.96950000000004
 20
-75.9863
 10
293.96950000000004
 20
-74.7923
 10
293.37350000000004
 20
-74.7923
  0
TEXT
  5
7DA
330
17
100
AcDbEntity
  8
CORTE-TEXTO
100
AcDbText
 10
293.67150000000004
 20
-74.6523
 30
0.0
 40
0.06
  1
M-21
 72
1
 11
293.67150000000004
 21
-74.6523
 31
0.0
100
AcDbText
 73
2
  0
LWPOLYLINE
  5
7DB
330
17
100
AcDbEntity
  8
CORTE-RECORTE
100
AcDbPolyline
 90
4
 70
1
 10
293.37350000000004
 20
-75.9863
 10
293.96950000000004
 20
-75.9863
 10
293.96950000000004
 20
-74.8363
 10
293.37350000000004
 20
-74.8363
  0
TEXT
  5
7DC
330
17
100
AcDbEntity
  8
CORTE-TEXTO
100
AcDbText
 10
293.67150000000004
 20
-75.4113
 30
0.0
 40
0.035
  1
PA-M-078
 72
1
 11
293.67150000000004
 21
-75.4113
 31
0.0
100
AcDbText
 73
2
  0
LWPOLYLINE
  5
7DD
330
17
100
AcDbEntity
  8
CORTE-DESPERDICIO
100
AcDbPolyline
 90
4
 70
1
 10
293.37350000000004
 20
-74.8363
 10
293.96950000000004
 20
-74.8363
 10
293.96950000000004
 20
-74.7923
 10
293.37350000000004
 20
-74.7923
  0
LWPOLYLINE
  5
7DE
330
17
100
AcDbEntity
  8
CORTE-TILE
100
AcDbPolyline
 90
4
 70
1
 10
294.4195
 20
-75.9863
 10
295.01550000000003
 20
-75.9863
 10
295.01550000000003
 20
-74.7923
 10
294.4195
 20
-74.7923
  0
TEXT
  5
7DF
330
17
100
AcDbEntity
  8
CORTE-TEXTO
100
AcDbText
 10
294.71750000000003
 20
-74.6523
 30
0.0
 40
0.06
  1
M-22
 72
1
 11
294.71750000000003
 21
-74.6523
 31
0.0
100
AcDbText
 73
2
  0
LWPOLYLINE
  5
7E0
330
17
100
AcDbEntity
  8
CORTE-RECORTE
100
AcDbPolyline
 90
4
 70
1
 10
294.4195
 20
-75.9863
 10
295.01550000000003
 20
-75.9863
 10
295.01550000000003
 20
-74.8363
 10
294.4195
 20
-74.8363
  0
TEXT
  5
7E1
330
17
100
AcDbEntity
  8
CORTE-TEXTO
100
AcDbText
 10
294.71750000000003
 20
-75.4113
 30
0.0
 40
0.035
  1
PA-M-077
 72
1
 11
294.71750000000003
 21
-75.4113
 31
0.0
100
AcDbText
 73
2
  0
LWPOLYLINE
  5
7E2
330
17
100
AcDbEntity
  8
CORTE-DESPERDICIO
100
AcDbPolyline
 90
4
 70
1
 10
294.4195
 20
-74.8363
 10
295.01550000000003
 20
-74.8363
 10
295.01550000000003
 20
-74.7923
 10
294.4195
 20
-74.7923
  0
LWPOLYLINE
  5
7E3
330
17
100
AcDbEntity
  8
CORTE-TILE
100
AcDbPolyline
 90
4
 70
1
 10
272.4535
 20
-77.88029999999999
 10
273.0495
 20
-77.88029999999999
 10
273.0495
 20
-76.68629999999999
 10
272.4535
 20
-76.68629999999999
  0
TEXT
  5
7E4
330
17
100
AcDbEntity
  8
CORTE-TEXTO
100
AcDbText
 10
272.7515
 20
-76.54629999999999
 30
0.0
 40
0.06
  1
M-23
 72
1
 11
272.7515
 21
-76.54629999999999
 31
0.0
100
AcDbText
 73
2
  0
LWPOLYLINE
  5
7E5
330
17
100
AcDbEntity
  8
CORTE-RECORTE
100
AcDbPolyline
 90
4
 70
1
 10
272.4535
 20
-77.88029999999999
 10
273.0495
 20
-77.88029999999999
 10
273.0495
 20
-76.77029999999999
 10
272.4535
 20
-76.77029999999999
  0
TEXT
  5
7E6
330
17
100
AcDbEntity
  8
CORTE-TEXTO
100
AcDbText
 10
272.7515
 20
-77.32529999999998
 30
0.0
 40
0.035
  1
PB-M-048
 72
1
 11
272.7515
 21
-77.32529999999998
 31
0.0
100
AcDbText
 73
2
  0
LWPOLYLINE
  5
7E7
330
17
100
AcDbEntity
  8
CORTE-DESPERDICIO
100
AcDbPolyline
 90
4
 70
1
 10
272.4535
 20
-76.77029999999999
 10
273.0495
 20
-76.77029999999999
 10
273.0495
 20
-76.68629999999999
 10
272.4535
 20
-76.68629999999999
  0
LWPOLYLINE
  5
7E8
330
17
100
AcDbEntity
  8
CORTE-TILE
100
AcDbPolyline
 90
4
 70
1
 10
273.4995
 20
-77.88029999999999
 10
274.0955
 20
-77.88029999999999
 10
274.0955
 20
-76.68629999999999
 10
273.4995
 20
-76.68629999999999
  0
TEXT
  5
7E9
330
17
100
AcDbEntity
  8
CORTE-TEXTO
100
AcDbText
 10
273.7975
 20
-76.54629999999999
 30
0.0
 40
0.06
  1
M-24
 72
1
 11
273.7975
 21
-76.54629999999999
 31
0.0
100
AcDbText
 73
2
  0
LWPOLYLINE
  5
7EA
330
17
100
AcDbEntity
  8
CORTE-RECORTE
100
AcDbPolyline
 90
4
 70
1
 10
273.4995
 20
-77.88029999999999
 10
274.0955
 20
-77.88029999999999
 10
274.0955
 20
-76.77029999999999
 10
273.4995
 20
-76.77029999999999
  0
TEXT
  5
7EB
330
17
100
AcDbEntity
  8
CORTE-TEXTO
100
AcDbText
 10
273.7975
 20
-77.32529999999998
 30
0.0
 40
0.035
  1
PB-M-047
 72
1
 11
273.7975
 21
-77.32529999999998
 31
0.0
100
AcDbText
 73
2
  0
LWPOLYLINE
  5
7EC
330
17
100
AcDbEntity
  8
CORTE-DESPERDICIO
100
AcDbPolyline
 90
4
 70
1
 10
273.4995
 20
-76.77029999999999
 10
274.0955
 20
-76.77029999999999
 10
274.0955
 20
-76.68629999999999
 10
273.4995
 20
-76.68629999999999
  0
LWPOLYLINE
  5
7ED
330
17
100
AcDbEntity
  8
CORTE-TILE
100
AcDbPolyline
 90
4
 70
1
 10
274.5455
 20
-77.88029999999999
 10
275.1415
 20
-77.88029999999999
 10
275.1415
 20
-76.68629999999999
 10
274.5455
 20
-76.68629999999999
  0
TEXT
  5
7EE
330
17
100
AcDbEntity
  8
CORTE-TEXTO
100
AcDbText
 10
274.8435
 20
-76.54629999999999
 30
0.0
 40
0.06
  1
M-25
 72
1
 11
274.8435
 21
-76.54629999999999
 31
0.0
100
AcDbText
 73
2
  0
LWPOLYLINE
  5
7EF
330
17
100
AcDbEntity
  8
CORTE-RECORTE
100
AcDbPolyline
 90
4
 70
1
 10
274.5455
 20
-77.88029999999999
 10
275.1415
 20
-77.88029999999999
 10
275.1415
 20
-76.77029999999999
 10
274.5455
 20
-76.77029999999999
  0
TEXT
  5
7F0
330
17
100
AcDbEntity
  8
CORTE-TEXTO
100
AcDbText
 10
274.8435
 20
-77.32529999999998
 30
0.0
 40
0.035
  1
PB-M-046
 72
1
 11
274.8435
 21
-77.32529999999998
 31
0.0
100
AcDbText
 73
2
  0
LWPOLYLINE
  5
7F1
330
17
100
AcDbEntity
  8
CORTE-DESPERDICIO
100
AcDbPolyline
 90
4
 70
1
 10
274.5455
 20
-76.77029999999999
 10
275.1415
 20
-76.77029999999999
 10
275.1415
 20
-76.68629999999999
 10
274.5455
 20
-76.68629999999999
  0
LWPOLYLINE
  5
7F2
330
17
100
AcDbEntity
  8
CORTE-TILE
100
AcDbPolyline
 90
4
 70
1
 10
275.5915
 20
-77.88029999999999
 10
276.1875
 20
-77.88029999999999
 10
276.1875
 20
-76.68629999999999
 10
275.5915
 20
-76.68629999999999
  0
TEXT
  5
7F3
330
17
100
AcDbEntity
  8
CORTE-TEXTO
100
AcDbText
 10
275.8895
 20
-76.54629999999999
 30
0.0
 40
0.06
  1
M-26
 72
1
 11
275.8895
 21
-76.54629999999999
 31
0.0
100
AcDbText
 73
2
  0
LWPOLYLINE
  5
7F4
330
17
100
AcDbEntity
  8
CORTE-RECORTE
100
AcDbPolyline
 90
4
 70
1
 10
275.5915
 20
-77.88029999999999
 10
276.1415
 20
-77.88029999999999
 10
276.1415
 20
-76.73029999999999
 10
275.5915
 20
-76.73029999999999
  0
TEXT
  5
7F5
330
17
100
AcDbEntity
  8
CORTE-TEXTO
100
AcDbText
 10
275.8665
 20
-77.30529999999999
 30
0.0
 40
0.035
  1
PA-M-069
 72
1
 11
275.8665
 21
-77.30529999999999
 31
0.0
100
AcDbText
 73
2
  0
LWPOLYLINE
  5
7F6
330
17
100
AcDbEntity
  8
CORTE-RECORTE
100
AcDbPolyline
 90
4
 70
1
 10
276.1415
 20
-77.88029999999999
 10
276.1535
 20
-77.88029999999999
 10
276.1535
 20
-76.68629999999999
 10
276.1415
 20
-76.68629999999999
  0
TEXT
  5
7F7
330
17
100
AcDbEntity
  8
CORTE-TEXTO
100
AcDbText
 10
276.1475
 20
-77.2833
 30
0.0
 40
0.0026666666666666666
  1
PB-M-155
 72
1
 11
276.1475
 21
-77.2833
 31
0.0
100
AcDbText
 73
2
  0
LWPOLYLINE
  5
7F8
330
17
100
AcDbEntity
  8
CORTE-RECORTE
100
AcDbPolyline
 90
4
 70
1
 10
276.1535
 20
-77.88029999999999
 10
276.1655
 20
-77.88029999999999
 10
276.1655
 20
-76.68629999999999
 10
276.1535
 20
-76.68629999999999
  0
TEXT
  5
7F9
330
17
100
AcDbEntity
  8
CORTE-TEXTO
100
AcDbText
 10
276.1595
 20
-77.2833
 30
0.0
 40
0.0026666666666666666
  1
PB-M-134
 72
1
 11
276.1595
 21
-77.2833
 31
0.0
100
AcDbText
 73
2
  0
LWPOLYLINE
  5
7FA
330
17
100
AcDbEntity
  8
CORTE-DESPERDICIO
100
AcDbPolyline
 90
4
 70
1
 10
275.5915
 20
-76.73029999999999
 10
276.1415
 20
-76.73029999999999
 10
276.1415
 20
-76.68629999999999
 10
275.5915
 20
-76.68629999999999
  0
LWPOLYLINE
  5
7FB
330
17
100
AcDbEntity
  8
CORTE-DESPERDICIO
100
AcDbPolyline
 90
4
 70
1
 10
276.1655
 20
-77.88029999999999
 10
276.1875
 20
-77.88029999999999
 10
276.1875
 20
-76.68629999999999
 10
276.1655
 20
-76.68629999999999
  0
LWPOLYLINE
  5
7FC
330
17
100
AcDbEntity
  8
CORTE-TILE
100
AcDbPolyline
 90
4
 70
1
 10
276.63750000000005
 20
-77.88029999999999
 10
277.23350000000005
 20
-77.88029999999999
 10
277.23350000000005
 20
-76.68629999999999
 10
276.63750000000005
 20
-76.68629999999999
  0
TEXT
  5
7FD
330
17
100
AcDbEntity
  8
CORTE-TEXTO
100
AcDbText
 10
276.93550000000005
 20
-76.54629999999999
 30
0.0
 40
0.06
  1
M-27
 72
1
 11
276.93550000000005
 21
-76.54629999999999
 31
0.0
100
AcDbText
 73
2
  0
LWPOLYLINE
  5
7FE
330
17
100
AcDbEntity
  8
CORTE-RECORTE
100
AcDbPolyline
 90
4
 70
1
 10
276.63750000000005
 20
-77.88029999999999
 10
277.18750000000006
 20
-77.88029999999999
 10
277.18750000000006
 20
-76.73029999999999
 10
276.63750000000005
 20
-76.73029999999999
  0
TEXT
  5
7FF
330
17
100
AcDbEntity
  8
CORTE-TEXTO
100
AcDbText
 10
276.9125
 20
-77.30529999999999
 30
0.0
 40
0.035
  1
PA-M-050
 72
1
 11
276.9125
 21
-77.30529999999999
 31
0.0
100
AcDbText
 73
2
  0
LWPOLYLINE
  5
800
330
17
100
AcDbEntity
  8
CORTE-DESPERDICIO
100
AcDbPolyline
 90
4
 70
1
 10
277.18750000000006
 20
-77.88029999999999
 10
277.23350000000005
 20
-77.88029999999999
 10
277.23350000000005
 20
-76.68629999999999
 10
277.18750000000006
 20
-76.68629999999999
  0
LWPOLYLINE
  5
801
330
17
100
AcDbEntity
  8
CORTE-DESPERDICIO
100
AcDbPolyline
 90
4
 70
1
 10
276.63750000000005
 20
-76.73029999999999
 10
277.18750000000006
 20
-76.73029999999999
 10
277.18750000000006
 20
-76.68629999999999
 10
276.63750000000005
 20
-76.68629999999999
  0
LWPOLYLINE
  5
802
330
17
100
AcDbEntity
  8
CORTE-TILE
100
AcDbPolyline
 90
4
 70
1
 10
277.68350000000004
 20
-77.88029999999999
 10
278.27950000000004
 20
-77.88029999999999
 10
278.27950000000004
 20
-76.68629999999999
 10
277.68350000000004
 20
-76.68629999999999
  0
TEXT
  5
803
330
17
100
AcDbEntity
  8
CORTE-TEXTO
100
AcDbText
 10
277.98150000000004
 20
-76.54629999999999
 30
0.0
 40
0.06
  1
M-28
 72
1
 11
277.98150000000004
 21
-76.54629999999999
 31
0.0
100
AcDbText
 73
2
  0
LWPOLYLINE
  5
804
330
17
100
AcDbEntity
  8
CORTE-RECORTE
100
AcDbPolyline
 90
4
 70
1
 10
277.68350000000004
 20
-77.88029999999999
 10
278.23150000000004
 20
-77.88029999999999
 10
278.23150000000004
 20
-76.73029999999999
 10
277.68350000000004
 20
-76.73029999999999
  0
TEXT
  5
805
330
17
100
AcDbEntity
  8
CORTE-TEXTO
100
AcDbText
 10
277.95750000000004
 20
-77.30529999999999
 30
0.0
 40
0.035
  1
PA-M-068
 72
1
 11
277.95750000000004
 21
-77.30529999999999
 31
0.0
100
AcDbText
 73
2
  0
LWPOLYLINE
  5
806
330
17
100
AcDbEntity
  8
CORTE-DESPERDICIO
100
AcDbPolyline
 90
4
 70
1
 10
278.23150000000004
 20
-77.88029999999999
 10
278.27950000000004
 20
-77.88029999999999
 10
278.27950000000004
 20
-76.68629999999999
 10
278.23150000000004
 20
-76.68629999999999
  0
LWPOLYLINE
  5
807
330
17
100
AcDbEntity
  8
CORTE-DESPERDICIO
100
AcDbPolyline
 90
4
 70
1
 10
277.68350000000004
 20
-76.73029999999999
 10
278.23150000000004
 20
-76.73029999999999
 10
278.23150000000004
 20
-76.68629999999999
 10
277.68350000000004
 20
-76.68629999999999
  0
LWPOLYLINE
  5
808
330
17
100
AcDbEntity
  8
CORTE-TILE
100
AcDbPolyline
 90
4
 70
1
 10
278.72950000000003
 20
-77.88029999999999
 10
279.32550000000003
 20
-77.88029999999999
 10
279.32550000000003
 20
-76.68629999999999
 10
278.72950000000003
 20
-76.68629999999999
  0
TEXT
  5
809
330
17
100
AcDbEntity
  8
CORTE-TEXTO
100
AcDbText
 10
279.02750000000003
 20
-76.54629999999999
 30
0.0
 40
0.06
  1
M-29
 72
1
 11
279.02750000000003
 21
-76.54629999999999
 31
0.0
100
AcDbText
 73
2
  0
LWPOLYLINE
  5
80A
330
17
100
AcDbEntity
  8
CORTE-RECORTE
100
AcDbPolyline
 90
4
 70
1
 10
278.72950000000003
 20
-77.88029999999999
 10
279.27750000000003
 20
-77.88029999999999
 10
279.27750000000003
 20
-76.73029999999999
 10
278.72950000000003
 20
-76.73029999999999
  0
TEXT
  5
80B
330
17
100
AcDbEntity
  8
CORTE-TEXTO
100
AcDbText
 10
279.00350000000003
 20
-77.30529999999999
 30
0.0
 40
0.035
  1
PA-M-049
 72
1
 11
279.00350000000003
 21
-77.30529999999999
 31
0.0
100
AcDbText
 73
2
  0
LWPOLYLINE
  5
80C
330
17
100
AcDbEntity
  8
CORTE-DESPERDICIO
100
AcDbPolyline
 90
4
 70
1
 10
279.27750000000003
 20
-77.88029999999999
 10
279.32550000000003
 20
-77.88029999999999
 10
279.32550000000003
 20
-76.68629999999999
 10
279.27750000000003
 20
-76.68629999999999
  0
LWPOLYLINE
  5
80D
330
17
100
AcDbEntity
  8
CORTE-DESPERDICIO
100
AcDbPolyline
 90
4
 70
1
 10
278.72950000000003
 20
-76.73029999999999
 10
279.27750000000003
 20
-76.73029999999999
 10
279.27750000000003
 20
-76.68629999999999
 10
278.72950000000003
 20
-76.68629999999999
  0
LWPOLYLINE
  5
80E
330
17
100
AcDbEntity
  8
CORTE-TILE
100
AcDbPolyline
 90
4
 70
1
 10
279.7755
 20
-77.88029999999999
 10
280.3715
 20
-77.88029999999999
 10
280.3715
 20
-76.68629999999999
 10
279.7755
 20
-76.68629999999999
  0
TEXT
  5
80F
330
17
100
AcDbEntity
  8
CORTE-TEXTO
100
AcDbText
 10
280.0735
 20
-76.54629999999999
 30
0.0
 40
0.06
  1
M-30
 72
1
 11
280.0735
 21
-76.54629999999999
 31
0.0
100
AcDbText
 73
2
  0
LWPOLYLINE
  5
810
330
17
100
AcDbEntity
  8
CORTE-RECORTE
100
AcDbPolyline
 90
4
 70
1
 10
279.7755
 20
-77.88029999999999
 10
280.2855
 20
-77.88029999999999
 10
280.2855
 20
-76.68629999999999
 10
279.7755
 20
-76.68629999999999
  0
TEXT
  5
811
330
17
100
AcDbEntity
  8
CORTE-TEXTO
100
AcDbText
 10
280.0305
 20
-77.2833
 30
0.0
 40
0.035
  1
PA-M-019
 72
1
 11
280.0305
 21
-77.2833
 31
0.0
100
AcDbText
 73
2
  0
LWPOLYLINE
  5
812
330
17
100
AcDbEntity
  8
CORTE-DESPERDICIO
100
AcDbPolyline
 90
4
 70
1
 10
280.2855
 20
-77.88029999999999
 10
280.3715
 20
-77.88029999999999
 10
280.3715
 20
-76.68629999999999
 10
280.2855
 20
-76.68629999999999
  0
LWPOLYLINE
  5
813
330
17
100
AcDbEntity
  8
CORTE-TILE
100
AcDbPolyline
 90
4
 70
1
 10
280.8215
 20
-77.88029999999999
 10
281.4175
 20
-77.88029999999999
 10
281.4175
 20
-76.68629999999999
 10
280.8215
 20
-76.68629999999999
  0
TEXT
  5
814
330
17
100
AcDbEntity
  8
CORTE-TEXTO
100
AcDbText
 10
281.1195
 20
-76.54629999999999
 30
0.0
 40
0.06
  1
M-31
 72
1
 11
281.1195
 21
-76.54629999999999
 31
0.0
100
AcDbText
 73
2
  0
LWPOLYLINE
  5
815
330
17
100
AcDbEntity
  8
CORTE-RECORTE
100
AcDbPolyline
 90
4
 70
1
 10
280.8215
 20
-77.88029999999999
 10
281.3315
 20
-77.88029999999999
 10
281.3315
 20
-76.68629999999999
 10
280.8215
 20
-76.68629999999999
  0
TEXT
  5
816
330
17
100
AcDbEntity
  8
CORTE-TEXTO
100
AcDbText
 10
281.0765
 20
-77.2833
 30
0.0
 40
0.035
  1
PA-M-011
 72
1
 11
281.0765
 21
-77.2833
 31
0.0
100
AcDbText
 73
2
  0
LWPOLYLINE
  5
817
330
17
100
AcDbEntity
  8
CORTE-DESPERDICIO
100
AcDbPolyline
 90
4
 70
1
 10
281.3315
 20
-77.88029999999999
 10
281.4175
 20
-77.88029999999999
 10
281.4175
 20
-76.68629999999999
 10
281.3315
 20
-76.68629999999999
  0
LWPOLYLINE
  5
818
330
17
100
AcDbEntity
  8
CORTE-TILE
100
AcDbPolyline
 90
4
 70
1
 10
281.8675
 20
-77.88029999999999
 10
282.4635
 20
-77.88029999999999
 10
282.4635
 20
-76.68629999999999
 10
281.8675
 20
-76.68629999999999
  0
TEXT
  5
819
330
17
100
AcDbEntity
  8
CORTE-TEXTO
100
AcDbText
 10
282.1655
 20
-76.54629999999999
 30
0.0
 40
0.06
  1
M-32
 72
1
 11
282.1655
 21
-76.54629999999999
 31
0.0
100
AcDbText
 73
2
  0
LWPOLYLINE
  5
81A
330
17
100
AcDbEntity
  8
CORTE-RECORTE
100
AcDbPolyline
 90
4
 70
1
 10
281.8675
 20
-77.88029999999999
 10
282.4635
 20
-77.88029999999999
 10
282.4635
 20
-76.8603
 10
281.8675
 20
-76.8603
  0
TEXT
  5
81B
330
17
100
AcDbEntity
  8
CORTE-TEXTO
100
AcDbText
 10
282.1655
 20
-77.37029999999999
 30
0.0
 40
0.035
  1
PB-M-124
 72
1
 11
282.1655
 21
-77.37029999999999
 31
0.0
100
AcDbText
 73
2
  0
LWPOLYLINE
  5
81C
330
17
100
AcDbEntity
  8
CORTE-SOBRANTE
100
AcDbPolyline
 90
4
 70
1
 10
281.8675
 20
-76.8603
 10
282.4635
 20
-76.8603
 10
282.4635
 20
-76.68629999999999
 10
281.8675
 20
-76.68629999999999
  0
LWPOLYLINE
  5
81D
330
17
100
AcDbEntity
  8
CORTE-TILE
100
AcDbPolyline
 90
4
 70
1
 10
282.9135
 20
-77.88029999999999
 10
283.5095
 20
-77.88029999999999
 10
283.5095
 20
-76.68629999999999
 10
282.9135
 20
-76.68629999999999
  0
TEXT
  5
81E
330
17
100
AcDbEntity
  8
CORTE-TEXTO
100
AcDbText
 10
283.2115
 20
-76.54629999999999
 30
0.0
 40
0.06
  1
M-33
 72
1
 11
283.2115
 21
-76.54629999999999
 31
0.0
100
AcDbText
 73
2
  0
LWPOLYLINE
  5
81F
330
17
100
AcDbEntity
  8
CORTE-RECORTE
100
AcDbPolyline
 90
4
 70
1
 10
282.9135
 20
-77.88029999999999
 10
283.5095
 20
-77.88029999999999
 10
283.5095
 20
-76.8603
 10
282.9135
 20
-76.8603
  0
TEXT
  5
820
330
17
100
AcDbEntity
  8
CORTE-TEXTO
100
AcDbText
 10
283.2115
 20
-77.37029999999999
 30
0.0
 40
0.035
  1
PB-M-123
 72
1
 11
283.2115
 21
-77.37029999999999
 31
0.0
100
AcDbText
 73
2
  0
LWPOLYLINE
  5
821
330
17
100
AcDbEntity
  8
CORTE-SOBRANTE
100
AcDbPolyline
 90
4
 70
1
 10
282.9135
 20
-76.8603
 10
283.5095
 20
-76.8603
 10
283.5095
 20
-76.68629999999999
 10
282.9135
 20
-76.68629999999999
  0
LWPOLYLINE
  5
822
330
17
100
AcDbEntity
  8
CORTE-TILE
100
AcDbPolyline
 90
4
 70
1
 10
283.95950000000005
 20
-77.88029999999999
 10
284.55550000000005
 20
-77.88029999999999
 10
284.55550000000005
 20
-76.68629999999999
 10
283.95950000000005
 20
-76.68629999999999
  0
TEXT
  5
823
330
17
100
AcDbEntity
  8
CORTE-TEXTO
100
AcDbText
 10
284.25750000000005
 20
-76.54629999999999
 30
0.0
 40
0.06
  1
M-34
 72
1
 11
284.25750000000005
 21
-76.54629999999999
 31
0.0
100
AcDbText
 73
2
  0
LWPOLYLINE
  5
824
330
17
100
AcDbEntity
  8
CORTE-RECORTE
100
AcDbPolyline
 90
4
 70
1
 10
283.95950000000005
 20
-77.88029999999999
 10
284.55550000000005
 20
-77.88029999999999
 10
284.55550000000005
 20
-76.8603
 10
283.95950000000005
 20
-76.8603
  0
TEXT
  5
825
330
17
100
AcDbEntity
  8
CORTE-TEXTO
100
AcDbText
 10
284.25750000000005
 20
-77.37029999999999
 30
0.0
 40
0.035
  1
PB-M-122
 72
1
 11
284.25750000000005
 21
-77.37029999999999
 31
0.0
100
AcDbText
 73
2
  0
LWPOLYLINE
  5
826
330
17
100
AcDbEntity
  8
CORTE-SOBRANTE
100
AcDbPolyline
 90
4
 70
1
 10
283.95950000000005
 20
-76.8603
 10
284.55550000000005
 20
-76.8603
 10
284.55550000000005
 20
-76.68629999999999
 10
283.95950000000005
 20
-76.68629999999999
  0
LWPOLYLINE
  5
827
330
17
100
AcDbEntity
  8
CORTE-TILE
100
AcDbPolyline
 90
4
 70
1
 10
285.00550000000004
 20
-77.88029999999999
 10
285.60150000000004
 20
-77.88029999999999
 10
285.60150000000004
 20
-76.68629999999999
 10
285.00550000000004
 20
-76.68629999999999
  0
TEXT
  5
828
330
17
100
AcDbEntity
  8
CORTE-TEXTO
100
AcDbText
 10
285.30350000000004
 20
-76.54629999999999
 30
0.0
 40
0.06
  1
M-35
 72
1
 11
285.30350000000004
 21
-76.54629999999999
 31
0.0
100
AcDbText
 73
2
  0
LWPOLYLINE
  5
829
330
17
100
AcDbEntity
  8
CORTE-RECORTE
100
AcDbPolyline
 90
4
 70
1
 10
285.00550000000004
 20
-77.88029999999999
 10
285.60150000000004
 20
-77.88029999999999
 10
285.60150000000004
 20
-77.0543
 10
285.00550000000004
 20
-77.0543
  0
TEXT
  5
82A
330
17
100
AcDbEntity
  8
CORTE-TEXTO
100
AcDbText
 10
285.30350000000004
 20
-77.4673
 30
0.0
 40
0.035
  1
PB-M-100
 72
1
 11
285.30350000000004
 21
-77.4673
 31
0.0
100
AcDbText
 73
2
  0
LWPOLYLINE
  5
82B
330
17
100
AcDbEntity
  8
CORTE-SOBRANTE
100
AcDbPolyline
 90
4
 70
1
 10
285.00550000000004
 20
-77.0543
 10
285.60150000000004
 20
-77.0543
 10
285.60150000000004
 20
-76.6863
 10
285.00550000000004
 20
-76.6863
  0
LWPOLYLINE
  5
82C
330
17
100
AcDbEntity
  8
CORTE-TILE
100
AcDbPolyline
 90
4
 70
1
 10
286.05150000000003
 20
-77.88029999999999
 10
286.64750000000004
 20
-77.88029999999999
 10
286.64750000000004
 20
-76.68629999999999
 10
286.05150000000003
 20
-76.68629999999999
  0
TEXT
  5
82D
330
17
100
AcDbEntity
  8
CORTE-TEXTO
100
AcDbText
 10
286.34950000000003
 20
-76.54629999999999
 30
0.0
 40
0.06
  1
M-36
 72
1
 11
286.34950000000003
 21
-76.54629999999999
 31
0.0
100
AcDbText
 73
2
  0
LWPOLYLINE
  5
82E
330
17
100
AcDbEntity
  8
CORTE-RECORTE
100
AcDbPolyline
 90
4
 70
1
 10
286.05150000000003
 20
-77.88029999999999
 10
286.64750000000004
 20
-77.88029999999999
 10
286.64750000000004
 20
-77.0593
 10
286.05150000000003
 20
-77.0593
  0
TEXT
  5
82F
330
17
100
AcDbEntity
  8
CORTE-TEXTO
100
AcDbText
 10
286.34950000000003
 20
-77.46979999999999
 30
0.0
 40
0.035
  1
PA-M-025
 72
1
 11
286.34950000000003
 21
-77.46979999999999
 31
0.0
100
AcDbText
 73
2
  0
LWPOLYLINE
  5
830
330
17
100
AcDbEntity
  8
CORTE-SOBRANTE
100
AcDbPolyline
 90
4
 70
1
 10
286.05150000000003
 20
-77.0593
 10
286.64750000000004
 20
-77.0593
 10
286.64750000000004
 20
-76.68629999999999
 10
286.05150000000003
 20
-76.68629999999999
  0
LWPOLYLINE
  5
831
330
17
100
AcDbEntity
  8
CORTE-TILE
100
AcDbPolyline
 90
4
 70
1
 10
287.0975
 20
-77.88029999999999
 10
287.69350000000003
 20
-77.88029999999999
 10
287.69350000000003
 20
-76.68629999999999
 10
287.0975
 20
-76.68629999999999
  0
TEXT
  5
832
330
17
100
AcDbEntity
  8
CORTE-TEXTO
100
AcDbText
 10
287.3955
 20
-76.54629999999999
 30
0.0
 40
0.06
  1
M-37
 72
1
 11
287.3955
 21
-76.54629999999999
 31
0.0
100
AcDbText
 73
2
  0
LWPOLYLINE
  5
833
330
17
100
AcDbEntity
  8
CORTE-RECORTE
100
AcDbPolyline
 90
4
 70
1
 10
287.0975
 20
-77.88029999999999
 10
287.69350000000003
 20
-77.88029999999999
 10
287.69350000000003
 20
-77.0593
 10
287.0975
 20
-77.0593
  0
TEXT
  5
834
330
17
100
AcDbEntity
  8
CORTE-TEXTO
100
AcDbText
 10
287.3955
 20
-77.46979999999999
 30
0.0
 40
0.035
  1
PA-M-024
 72
1
 11
287.3955
 21
-77.46979999999999
 31
0.0
100
AcDbText
 73
2
  0
LWPOLYLINE
  5
835
330
17
100
AcDbEntity
  8
CORTE-SOBRANTE
100
AcDbPolyline
 90
4
 70
1
 10
287.0975
 20
-77.0593
 10
287.69350000000003
 20
-77.0593
 10
287.69350000000003
 20
-76.68629999999999
 10
287.0975
 20
-76.68629999999999
  0
LWPOLYLINE
  5
836
330
17
100
AcDbEntity
  8
CORTE-TILE
100
AcDbPolyline
 90
4
 70
1
 10
288.1435
 20
-77.88029999999999
 10
288.7395
 20
-77.88029999999999
 10
288.7395
 20
-76.68629999999999
 10
288.1435
 20
-76.68629999999999
  0
TEXT
  5
837
330
17
100
AcDbEntity
  8
CORTE-TEXTO
100
AcDbText
 10
288.4415
 20
-76.54629999999999
 30
0.0
 40
0.06
  1
M-38
 72
1
 11
288.4415
 21
-76.54629999999999
 31
0.0
100
AcDbText
 73
2
  0
LWPOLYLINE
  5
838
330
17
100
AcDbEntity
  8
CORTE-RECORTE
100
AcDbPolyline
 90
4
 70
1
 10
288.1435
 20
-77.88029999999999
 10
288.55150000000003
 20
-77.88029999999999
 10
288.55150000000003
 20
-76.68629999999999
 10
288.1435
 20
-76.68629999999999
  0
TEXT
  5
839
330
17
100
AcDbEntity
  8
CORTE-TEXTO
100
AcDbText
 10
288.3475
 20
-77.2833
 30
0.0
 40
0.035
  1
PB-M-164
 72
1
 11
288.3475
 21
-77.2833
 31
0.0
100
AcDbText
 73
2
  0
LWPOLYLINE
  5
83A
330
17
100
AcDbEntity
  8
CORTE-RECORTE
100
AcDbPolyline
 90
4
 70
1
 10
288.55150000000003
 20
-77.88029999999999
 10
288.7375
 20
-77.88029999999999
 10
288.7375
 20
-76.68629999999999
 10
288.55150000000003
 20
-76.68629999999999
  0
TEXT
  5
83B
330
17
100
AcDbEntity
  8
CORTE-TEXTO
100
AcDbText
 10
288.64450000000005
 20
-77.2833
 30
0.0
 40
0.035
  1
PB-M-102
 72
1
 11
288.64450000000005
 21
-77.2833
 31
0.0
100
AcDbText
 73
2
  0
LWPOLYLINE
  5
83C
330
17
100
AcDbEntity
  8
CORTE-TILE
100
AcDbPolyline
 90
4
 70
1
 10
289.1895
 20
-77.88029999999999
 10
289.7855
 20
-77.88029999999999
 10
289.7855
 20
-76.68629999999999
 10
289.1895
 20
-76.68629999999999
  0
TEXT
  5
83D
330
17
100
AcDbEntity
  8
CORTE-TEXTO
100
AcDbText
 10
289.4875
 20
-76.54629999999999
 30
0.0
 40
0.06
  1
M-39
 72
1
 11
289.4875
 21
-76.54629999999999
 31
0.0
100
AcDbText
 73
2
  0
LWPOLYLINE
  5
83E
330
17
100
AcDbEntity
  8
CORTE-RECORTE
100
AcDbPolyline
 90
4
 70
1
 10
289.1895
 20
-77.88029999999999
 10
289.5975
 20
-77.88029999999999
 10
289.5975
 20
-76.68629999999999
 10
289.1895
 20
-76.68629999999999
  0
TEXT
  5
83F
330
17
100
AcDbEntity
  8
CORTE-TEXTO
100
AcDbText
 10
289.3935
 20
-77.2833
 30
0.0
 40
0.035
  1
PB-M-132
 72
1
 11
289.3935
 21
-77.2833
 31
0.0
100
AcDbText
 73
2
  0
LWPOLYLINE
  5
840
330
17
100
AcDbEntity
  8
CORTE-RECORTE
100
AcDbPolyline
 90
4
 70
1
 10
289.5975
 20
-77.88029999999999
 10
289.77750000000003
 20
-77.88029999999999
 10
289.77750000000003
 20
-76.68629999999999
 10
289.5975
 20
-76.68629999999999
  0
TEXT
  5
841
330
17
100
AcDbEntity
  8
CORTE-TEXTO
100
AcDbText
 10
289.6875
 20
-77.2833
 30
0.0
 40
0.035
  1
PB-M-118
 72
1
 11
289.6875
 21
-77.2833
 31
0.0
100
AcDbText
 73
2
  0
LWPOLYLINE
  5
842
330
17
100
AcDbEntity
  8
CORTE-TILE
100
AcDbPolyline
 90
4
 70
1
 10
290.2355
 20
-77.88029999999999
 10
290.8315
 20
-77.88029999999999
 10
290.8315
 20
-76.68629999999999
 10
290.2355
 20
-76.68629999999999
  0
TEXT
  5
843
330
17
100
AcDbEntity
  8
CORTE-TEXTO
100
AcDbText
 10
290.5335
 20
-76.54629999999999
 30
0.0
 40
0.06
  1
M-40
 72
1
 11
290.5335
 21
-76.54629999999999
 31
0.0
100
AcDbText
 73
2
  0
LWPOLYLINE
  5
844
330
17
100
AcDbEntity
  8
CORTE-RECORTE
100
AcDbPolyline
 90
4
 70
1
 10
290.2355
 20
-77.88029999999999
 10
290.6435
 20
-77.88029999999999
 10
290.6435
 20
-76.73029999999999
 10
290.2355
 20
-76.73029999999999
  0
TEXT
  5
845
330
17
100
AcDbEntity
  8
CORTE-TEXTO
100
AcDbText
 10
290.4395
 20
-77.30529999999999
 30
0.0
 40
0.035
  1
PB-M-148
 72
1
 11
290.4395
 21
-77.30529999999999
 31
0.0
100
AcDbText
 73
2
  0
LWPOLYLINE
  5
846
330
17
100
AcDbEntity
  8
CORTE-RECORTE
100
AcDbPolyline
 90
4
 70
1
 10
290.6435
 20
-77.88029999999999
 10
290.8235
 20
-77.88029999999999
 10
290.8235
 20
-76.68629999999999
 10
290.6435
 20
-76.68629999999999
  0
TEXT
  5
847
330
17
100
AcDbEntity
  8
CORTE-TEXTO
100
AcDbText
 10
290.7335
 20
-77.2833
 30
0.0
 40
0.035
  1
PB-M-133
 72
1
 11
290.7335
 21
-77.2833
 31
0.0
100
AcDbText
 73
2
  0
LWPOLYLINE
  5
848
330
17
100
AcDbEntity
  8
CORTE-DESPERDICIO
100
AcDbPolyline
 90
4
 70
1
 10
290.2355
 20
-76.73029999999999
 10
290.6435
 20
-76.73029999999999
 10
290.6435
 20
-76.68629999999999
 10
290.2355
 20
-76.68629999999999
  0
LWPOLYLINE
  5
849
330
17
100
AcDbEntity
  8
CORTE-TILE
100
AcDbPolyline
 90
4
 70
1
 10
291.2815
 20
-77.88029999999999
 10
291.8775
 20
-77.88029999999999
 10
291.8775
 20
-76.68629999999999
 10
291.2815
 20
-76.68629999999999
  0
TEXT
  5
84A
330
17
100
AcDbEntity
  8
CORTE-TEXTO
100
AcDbText
 10
291.5795
 20
-76.54629999999999
 30
0.0
 40
0.06
  1
M-41
 72
1
 11
291.5795
 21
-76.54629999999999
 31
0.0
100
AcDbText
 73
2
  0
LWPOLYLINE
  5
84B
330
17
100
AcDbEntity
  8
CORTE-RECORTE
100
AcDbPolyline
 90
4
 70
1
 10
291.2815
 20
-77.88029999999999
 10
291.7915
 20
-77.88029999999999
 10
291.7915
 20
-77.0593
 10
291.2815
 20
-77.0593
  0
TEXT
  5
84C
330
17
100
AcDbEntity
  8
CORTE-TEXTO
100
AcDbText
 10
291.5365
 20
-77.46979999999999
 30
0.0
 40
0.035
  1
PA-M-023
 72
1
 11
291.5365
 21
-77.46979999999999
 31
0.0
100
AcDbText
 73
2
  0
LWPOLYLINE
  5
84D
330
17
100
AcDbEntity
  8
CORTE-SOBRANTE
100
AcDbPolyline
 90
4
 70
1
 10
291.2815
 20
-77.0593
 10
291.8775
 20
-77.0593
 10
291.8775
 20
-76.68629999999999
 10
291.2815
 20
-76.68629999999999
  0
LWPOLYLINE
  5
84E
330
17
100
AcDbEntity
  8
CORTE-DESPERDICIO
100
AcDbPolyline
 90
4
 70
1
 10
291.7915
 20
-77.88029999999999
 10
291.8775
 20
-77.88029999999999
 10
291.8775
 20
-77.0593
 10
291.7915
 20
-77.0593
  0
LWPOLYLINE
  5
84F
330
17
100
AcDbEntity
  8
CORTE-TILE
100
AcDbPolyline
 90
4
 70
1
 10
292.32750000000004
 20
-77.88029999999999
 10
292.92350000000005
 20
-77.88029999999999
 10
292.92350000000005
 20
-76.68629999999999
 10
292.32750000000004
 20
-76.68629999999999
  0
TEXT
  5
850
330
17
100
AcDbEntity
  8
CORTE-TEXTO
100
AcDbText
 10
292.62550000000005
 20
-76.54629999999999
 30
0.0
 40
0.06
  1
M-42
 72
1
 11
292.62550000000005
 21
-76.54629999999999
 31
0.0
100
AcDbText
 73
2
  0
LWPOLYLINE
  5
851
330
17
100
AcDbEntity
  8
CORTE-RECORTE
100
AcDbPolyline
 90
4
 70
1
 10
292.32750000000004
 20
-77.88029999999999
 10
292.6772
 20
-77.88029999999999
 10
292.6772
 20
-76.68629999999999
 10
292.32750000000004
 20
-76.68629999999999
  0
TEXT
  5
852
330
17
100
AcDbEntity
  8
CORTE-TEXTO
100
AcDbText
 10
292.50235000000004
 20
-77.2833
 30
0.0
 40
0.035
  1
PA-M-057
 72
1
 11
292.50235000000004
 21
-77.2833
 31
0.0
100
AcDbText
 73
2
  0
LWPOLYLINE
  5
853
330
17
100
AcDbEntity
  8
CORTE-RECORTE
100
AcDbPolyline
 90
4
 70
1
 10
292.6772
 20
-77.88029999999999
 10
292.9112
 20
-77.88029999999999
 10
292.9112
 20
-76.68629999999999
 10
292.6772
 20
-76.68629999999999
  0
TEXT
  5
854
330
17
100
AcDbEntity
  8
CORTE-TEXTO
100
AcDbText
 10
292.79420000000005
 20
-77.2833
 30
0.0
 40
0.035
  1
PB-M-117
 72
1
 11
292.79420000000005
 21
-77.2833
 31
0.0
100
AcDbText
 73
2
  0
LWPOLYLINE
  5
855
330
17
100
AcDbEntity
  8
CORTE-RECORTE
100
AcDbPolyline
 90
4
 70
1
 10
292.91120000000006
 20
-77.88029999999999
 10
292.92320000000007
 20
-77.88029999999999
 10
292.92320000000007
 20
-76.68629999999999
 10
292.91120000000006
 20
-76.68629999999999
  0
TEXT
  5
856
330
17
100
AcDbEntity
  8
CORTE-TEXTO
100
AcDbText
 10
292.91720000000004
 20
-77.2833
 30
0.0
 40
0.0026666666666666666
  1
PB-M-165
 72
1
 11
292.91720000000004
 21
-77.2833
 31
0.0
100
AcDbText
 73
2
  0
LWPOLYLINE
  5
857
330
17
100
AcDbEntity
  8
CORTE-TILE
100
AcDbPolyline
 90
4
 70
1
 10
293.37350000000004
 20
-77.88029999999999
 10
293.96950000000004
 20
-77.88029999999999
 10
293.96950000000004
 20
-76.68629999999999
 10
293.37350000000004
 20
-76.68629999999999
  0
TEXT
  5
858
330
17
100
AcDbEntity
  8
CORTE-TEXTO
100
AcDbText
 10
293.67150000000004
 20
-76.54629999999999
 30
0.0
 40
0.06
  1
M-43
 72
1
 11
293.67150000000004
 21
-76.54629999999999
 31
0.0
100
AcDbText
 73
2
  0
LWPOLYLINE
  5
859
330
17
100
AcDbEntity
  8
CORTE-RECORTE
100
AcDbPolyline
 90
4
 70
1
 10
293.37350000000004
 20
-77.88029999999999
 10
293.7232
 20
-77.88029999999999
 10
293.7232
 20
-76.68629999999999
 10
293.37350000000004
 20
-76.68629999999999
  0
TEXT
  5
85A
330
17
100
AcDbEntity
  8
CORTE-TEXTO
100
AcDbText
 10
293.54835
 20
-77.2833
 30
0.0
 40
0.035
  1
PA-M-045
 72
1
 11
293.54835
 21
-77.2833
 31
0.0
100
AcDbText
 73
2
  0
LWPOLYLINE
  5
85B
330
17
100
AcDbEntity
  8
CORTE-RECORTE
100
AcDbPolyline
 90
4
 70
1
 10
293.7232
 20
-77.88029999999999
 10
293.8974
 20
-77.88029999999999
 10
293.8974
 20
-76.68629999999999
 10
293.7232
 20
-76.68629999999999
  0
TEXT
  5
85C
330
17
100
AcDbEntity
  8
CORTE-TEXTO
100
AcDbText
 10
293.81030000000004
 20
-77.2833
 30
0.0
 40
0.035
  1
PA-M-042
 72
1
 11
293.81030000000004
 21
-77.2833
 31
0.0
100
AcDbText
 73
2
  0
LWPOLYLINE
  5
85D
330
17
100
AcDbEntity
  8
CORTE-DESPERDICIO
100
AcDbPolyline
 90
4
 70
1
 10
293.89740000000006
 20
-77.88029999999999
 10
293.96950000000004
 20
-77.88029999999999
 10
293.96950000000004
 20
-76.68629999999999
 10
293.89740000000006
 20
-76.68629999999999
  0
LWPOLYLINE
  5
85E
330
17
100
AcDbEntity
  8
CORTE-TILE
100
AcDbPolyline
 90
4
 70
1
 10
294.4195
 20
-77.88029999999999
 10
295.01550000000003
 20
-77.88029999999999
 10
295.01550000000003
 20
-76.68629999999999
 10
294.4195
 20
-76.68629999999999
  0
TEXT
  5
85F
330
17
100
AcDbEntity
  8
CORTE-TEXTO
100
AcDbText
 10
294.71750000000003
 20
-76.54629999999999
 30
0.0
 40
0.06
  1
M-44
 72
1
 11
294.71750000000003
 21
-76.54629999999999
 31
0.0
100
AcDbText
 73
2
  0
LWPOLYLINE
  5
860
330
17
100
AcDbEntity
  8
CORTE-RECORTE
100
AcDbPolyline
 90
4
 70
1
 10
294.4195
 20
-77.88029999999999
 10
294.7692
 20
-77.88029999999999
 10
294.7692
 20
-76.68629999999999
 10
294.4195
 20
-76.68629999999999
  0
TEXT
  5
861
330
17
100
AcDbEntity
  8
CORTE-TEXTO
100
AcDbText
 10
294.59435
 20
-77.2833
 30
0.0
 40
0.035
  1
PA-M-037
 72
1
 11
294.59435
 21
-77.2833
 31
0.0
100
AcDbText
 73
2
  0
LWPOLYLINE
  5
862
330
17
100
AcDbEntity
  8
CORTE-RECORTE
100
AcDbPolyline
 90
4
 70
1
 10
294.7692
 20
-77.88029999999999
 10
294.9415
 20
-77.88029999999999
 10
294.9415
 20
-76.73029999999999
 10
294.7692
 20
-76.73029999999999
  0
TEXT
  5
863
330
17
100
AcDbEntity
  8
CORTE-TEXTO
100
AcDbText
 10
294.85535
 20
-77.30529999999999
 30
0.0
 40
0.035
  1
PA-M-076
 72
1
 11
294.85535
 21
-77.30529999999999
 31
0.0
100
AcDbText
 73
2
  0
LWPOLYLINE
  5
864
330
17
100
AcDbEntity
  8
CORTE-DESPERDICIO
100
AcDbPolyline
 90
4
 70
1
 10
294.9415
 20
-77.88029999999999
 10
295.01550000000003
 20
-77.88029999999999
 10
295.01550000000003
 20
-76.68629999999999
 10
294.9415
 20
-76.68629999999999
  0
LWPOLYLINE
  5
865
330
17
100
AcDbEntity
  8
CORTE-DESPERDICIO
100
AcDbPolyline
 90
4
 70
1
 10
294.7692
 20
-76.73029999999999
 10
294.9415
 20
-76.73029999999999
 10
294.9415
 20
-76.68629999999999
 10
294.7692
 20
-76.68629999999999
  0
LWPOLYLINE
  5
866
330
17
100
AcDbEntity
  8
CORTE-TILE
100
AcDbPolyline
 90
4
 70
1
 10
272.4535
 20
-79.7743
 10
273.0495
 20
-79.7743
 10
273.0495
 20
-78.5803
 10
272.4535
 20
-78.5803
  0
TEXT
  5
867
330
17
100
AcDbEntity
  8
CORTE-TEXTO
100
AcDbText
 10
272.7515
 20
-78.4403
 30
0.0
 40
0.06
  1
M-45
 72
1
 11
272.7515
 21
-78.4403
 31
0.0
100
AcDbText
 73
2
  0
LWPOLYLINE
  5
868
330
17
100
AcDbEntity
  8
CORTE-RECORTE
100
AcDbPolyline
 90
4
 70
1
 10
272.4535
 20
-79.7743
 10
272.8032
 20
-79.7743
 10
272.8032
 20
-78.5803
 10
272.4535
 20
-78.5803
  0
TEXT
  5
869
330
17
100
AcDbEntity
  8
CORTE-TEXTO
100
AcDbText
 10
272.62835
 20
-79.1773
 30
0.0
 40
0.035
  1
PA-M-059
 72
1
 11
272.62835
 21
-79.1773
 31
0.0
100
AcDbText
 73
2
  0
LWPOLYLINE
  5
86A
330
17
100
AcDbEntity
  8
CORTE-RECORTE
100
AcDbPolyline
 90
4
 70
1
 10
272.8032
 20
-79.7743
 10
273.0372
 20
-79.7743
 10
273.0372
 20
-78.9483
 10
272.8032
 20
-78.9483
  0
TEXT
  5
86B
330
17
100
AcDbEntity
  8
CORTE-TEXTO
100
AcDbText
 10
272.9202
 20
-79.3613
 30
0.0
 40
0.035
  1
PB-M-101
 72
1
 11
272.9202
 21
-79.3613
 31
0.0
100
AcDbText
 73
2
  0
LWPOLYLINE
  5
86C
330
17
100
AcDbEntity
  8
CORTE-RECORTE
100
AcDbPolyline
 90
4
 70
1
 10
272.8032
 20
-78.9483
 10
272.9892
 20
-78.9483
 10
272.9892
 20
-78.6203
 10
272.8032
 20
-78.6203
  0
TEXT
  5
86D
330
17
100
AcDbEntity
  8
CORTE-TEXTO
100
AcDbText
 10
272.8962
 20
-78.7843
 30
0.0
 40
0.035
  1
PB-M-120
 72
1
 11
272.8962
 21
-78.7843
 31
0.0
100
AcDbText
 73
2
  0
LWPOLYLINE
  5
86E
330
17
100
AcDbEntity
  8
CORTE-RECORTE
100
AcDbPolyline
 90
4
 70
1
 10
273.03720000000004
 20
-79.7743
 10
273.04920000000004
 20
-79.7743
 10
273.04920000000004
 20
-79.3403
 10
273.03720000000004
 20
-79.3403
  0
TEXT
  5
86F
330
17
100
AcDbEntity
  8
CORTE-TEXTO
100
AcDbText
 10
273.0432
 20
-79.5573
 30
0.0
 40
0.0026666666666666666
  1
PB-M-176
 72
1
 11
273.0432
 21
-79.5573
 31
0.0
100
AcDbText
 73
2
  0
LWPOLYLINE
  5
870
330
17
100
AcDbEntity
  8
CORTE-DESPERDICIO
100
AcDbPolyline
 90
4
 70
1
 10
272.98920000000004
 20
-78.9483
 10
273.0495
 20
-78.9483
 10
273.0495
 20
-78.58030000000001
 10
272.98920000000004
 20
-78.58030000000001
  0
LWPOLYLINE
  5
871
330
17
100
AcDbEntity
  8
CORTE-DESPERDICIO
100
AcDbPolyline
 90
4
 70
1
 10
272.8032
 20
-78.6203
 10
272.9892
 20
-78.6203
 10
272.9892
 20
-78.5803
 10
272.8032
 20
-78.5803
  0
LWPOLYLINE
  5
872
330
17
100
AcDbEntity
  8
CORTE-DESPERDICIO
100
AcDbPolyline
 90
4
 70
1
 10
273.03720000000004
 20
-79.3403
 10
273.0495
 20
-79.3403
 10
273.0495
 20
-78.9483
 10
273.03720000000004
 20
-78.9483
  0
LWPOLYLINE
  5
873
330
17
100
AcDbEntity
  8
CORTE-TILE
100
AcDbPolyline
 90
4
 70
1
 10
273.4995
 20
-79.7743
 10
274.0955
 20
-79.7743
 10
274.0955
 20
-78.5803
 10
273.4995
 20
-78.5803
  0
TEXT
  5
874
330
17
100
AcDbEntity
  8
CORTE-TEXTO
100
AcDbText
 10
273.7975
 20
-78.4403
 30
0.0
 40
0.06
  1
M-46
 72
1
 11
273.7975
 21
-78.4403
 31
0.0
100
AcDbText
 73
2
  0
LWPOLYLINE
  5
875
330
17
100
AcDbEntity
  8
CORTE-RECORTE
100
AcDbPolyline
 90
4
 70
1
 10
273.4995
 20
-79.7743
 10
273.8492
 20
-79.7743
 10
273.8492
 20
-78.5803
 10
273.4995
 20
-78.5803
  0
TEXT
  5
876
330
17
100
AcDbEntity
  8
CORTE-TEXTO
100
AcDbText
 10
273.67435
 20
-79.1773
 30
0.0
 40
0.035
  1
PA-M-046
 72
1
 11
273.67435
 21
-79.1773
 31
0.0
100
AcDbText
 73
2
  0
LWPOLYLINE
  5
877
330
17
100
AcDbEntity
  8
CORTE-RECORTE
100
AcDbPolyline
 90
4
 70
1
 10
273.8492
 20
-79.7743
 10
274.0352
 20
-79.7743
 10
274.0352
 20
-78.7543
 10
273.8492
 20
-78.7543
  0
TEXT
  5
878
330
17
100
AcDbEntity
  8
CORTE-TEXTO
100
AcDbText
 10
273.9422
 20
-79.26429999999999
 30
0.0
 40
0.035
  1
PB-M-121
 72
1
 11
273.9422
 21
-79.26429999999999
 31
0.0
100
AcDbText
 73
2
  0
LWPOLYLINE
  5
879
330
17
100
AcDbEntity
  8
CORTE-DESPERDICIO
100
AcDbPolyline
 90
4
 70
1
 10
274.03520000000003
 20
-79.7743
 10
274.0955
 20
-79.7743
 10
274.0955
 20
-78.5803
 10
274.03520000000003
 20
-78.5803
  0
LWPOLYLINE
  5
87A
330
17
100
AcDbEntity
  8
CORTE-SOBRANTE
100
AcDbPolyline
 90
4
 70
1
 10
273.8492
 20
-78.7543
 10
274.0352
 20
-78.7543
 10
274.0352
 20
-78.5803
 10
273.8492
 20
-78.5803
  0
LWPOLYLINE
  5
87B
330
17
100
AcDbEntity
  8
CORTE-TILE
100
AcDbPolyline
 90
4
 70
1
 10
274.5455
 20
-79.7743
 10
275.1415
 20
-79.7743
 10
275.1415
 20
-78.5803
 10
274.5455
 20
-78.5803
  0
TEXT
  5
87C
330
17
100
AcDbEntity
  8
CORTE-TEXTO
100
AcDbText
 10
274.8435
 20
-78.4403
 30
0.0
 40
0.06
  1
M-47
 72
1
 11
274.8435
 21
-78.4403
 31
0.0
100
AcDbText
 73
2
  0
LWPOLYLINE
  5
87D
330
17
100
AcDbEntity
  8
CORTE-RECORTE
100
AcDbPolyline
 90
4
 70
1
 10
274.5455
 20
-79.7743
 10
274.8952
 20
-79.7743
 10
274.8952
 20
-78.5803
 10
274.5455
 20
-78.5803
  0
TEXT
  5
87E
330
17
100
AcDbEntity
  8
CORTE-TEXTO
100
AcDbText
 10
274.72035
 20
-79.1773
 30
0.0
 40
0.035
  1
PA-M-043
 72
1
 11
274.72035
 21
-79.1773
 31
0.0
100
AcDbText
 73
2
  0
LWPOLYLINE
  5
87F
330
17
100
AcDbEntity
  8
CORTE-RECORTE
100
AcDbPolyline
 90
4
 70
1
 10
274.8952
 20
-79.7743
 10
275.0432
 20
-79.7743
 10
275.0432
 20
-78.5803
 10
274.8952
 20
-78.5803
  0
TEXT
  5
880
330
17
100
AcDbEntity
  8
CORTE-TEXTO
100
AcDbText
 10
274.9692
 20
-79.1773
 30
0.0
 40
0.032888888888888884
  1
PA-M-038
 72
1
 11
274.9692
 21
-79.1773
 31
0.0
100
AcDbText
 73
2
  0
LWPOLYLINE
  5
881
330
17
100
AcDbEntity
  8
CORTE-DESPERDICIO
100
AcDbPolyline
 90
4
 70
1
 10
275.0432
 20
-79.7743
 10
275.1415
 20
-79.7743
 10
275.1415
 20
-78.5803
 10
275.0432
 20
-78.5803
  0
LWPOLYLINE
  5
882
330
17
100
AcDbEntity
  8
CORTE-TILE
100
AcDbPolyline
 90
4
 70
1
 10
275.5915
 20
-79.7743
 10
276.1875
 20
-79.7743
 10
276.1875
 20
-78.5803
 10
275.5915
 20
-78.5803
  0
TEXT
  5
883
330
17
100
AcDbEntity
  8
CORTE-TEXTO
100
AcDbText
 10
275.8895
 20
-78.4403
 30
0.0
 40
0.06
  1
M-48
 72
1
 11
275.8895
 21
-78.4403
 31
0.0
100
AcDbText
 73
2
  0
LWPOLYLINE
  5
884
330
17
100
AcDbEntity
  8
CORTE-RECORTE
100
AcDbPolyline
 90
4
 70
1
 10
275.5915
 20
-79.7743
 10
275.9412
 20
-79.7743
 10
275.9412
 20
-78.5803
 10
275.5915
 20
-78.5803
  0
TEXT
  5
885
330
17
100
AcDbEntity
  8
CORTE-TEXTO
100
AcDbText
 10
275.76635
 20
-79.1773
 30
0.0
 40
0.035
  1
PA-M-035
 72
1
 11
275.76635
 21
-79.1773
 31
0.0
100
AcDbText
 73
2
  0
LWPOLYLINE
  5
886
330
17
100
AcDbEntity
  8
CORTE-RECORTE
100
AcDbPolyline
 90
4
 70
1
 10
275.9412
 20
-79.7743
 10
276.1072
 20
-79.7743
 10
276.1072
 20
-78.7543
 10
275.9412
 20
-78.7543
  0
TEXT
  5
887
330
17
100
AcDbEntity
  8
CORTE-TEXTO
100
AcDbText
 10
276.0242
 20
-79.26429999999999
 30
0.0
 40
0.035
  1
PB-M-125
 72
1
 11
276.0242
 21
-79.26429999999999
 31
0.0
100
AcDbText
 73
2
  0
LWPOLYLINE
  5
888
330
17
100
AcDbEntity
  8
CORTE-DESPERDICIO
100
AcDbPolyline
 90
4
 70
1
 10
276.1072
 20
-79.7743
 10
276.1875
 20
-79.7743
 10
276.1875
 20
-78.5803
 10
276.1072
 20
-78.5803
  0
LWPOLYLINE
  5
889
330
17
100
AcDbEntity
  8
CORTE-SOBRANTE
100
AcDbPolyline
 90
4
 70
1
 10
275.9412
 20
-78.7543
 10
276.1072
 20
-78.7543
 10
276.1072
 20
-78.5803
 10
275.9412
 20
-78.5803
  0
LWPOLYLINE
  5
88A
330
17
100
AcDbEntity
  8
CORTE-TILE
100
AcDbPolyline
 90
4
 70
1
 10
276.63750000000005
 20
-79.7743
 10
277.23350000000005
 20
-79.7743
 10
277.23350000000005
 20
-78.5803
 10
276.63750000000005
 20
-78.5803
  0
TEXT
  5
88B
330
17
100
AcDbEntity
  8
CORTE-TEXTO
100
AcDbText
 10
276.93550000000005
 20
-78.4403
 30
0.0
 40
0.06
  1
M-49
 72
1
 11
276.93550000000005
 21
-78.4403
 31
0.0
100
AcDbText
 73
2
  0
LWPOLYLINE
  5
88C
330
17
100
AcDbEntity
  8
CORTE-RECORTE
100
AcDbPolyline
 90
4
 70
1
 10
276.63750000000005
 20
-79.7743
 10
276.98720000000003
 20
-79.7743
 10
276.98720000000003
 20
-78.5803
 10
276.63750000000005
 20
-78.5803
  0
TEXT
  5
88D
330
17
100
AcDbEntity
  8
CORTE-TEXTO
100
AcDbText
 10
276.81235000000004
 20
-79.1773
 30
0.0
 40
0.035
  1
PA-M-048
 72
1
 11
276.81235000000004
 21
-79.1773
 31
0.0
100
AcDbText
 73
2
  0
LWPOLYLINE
  5
88E
330
17
100
AcDbEntity
  8
CORTE-RECORTE
100
AcDbPolyline
 90
4
 70
1
 10
276.98720000000003
 20
-79.7743
 10
277.11920000000003
 20
-79.7743
 10
277.11920000000003
 20
-78.5803
 10
276.98720000000003
 20
-78.5803
  0
TEXT
  5
88F
330
17
100
AcDbEntity
  8
CORTE-TEXTO
100
AcDbText
 10
277.0532
 20
-79.1773
 30
0.0
 40
0.029333333333333336
  1
PB-M-173
 72
1
 11
277.0532
 21
-79.1773
 31
0.0
100
AcDbText
 73
2
  0
LWPOLYLINE
  5
890
330
17
100
AcDbEntity
  8
CORTE-SOBRANTE
100
AcDbPolyline
 90
4
 70
1
 10
277.11920000000003
 20
-79.7743
 10
277.23350000000005
 20
-79.7743
 10
277.23350000000005
 20
-78.5803
 10
277.11920000000003
 20
-78.5803
  0
LWPOLYLINE
  5
891
330
17
100
AcDbEntity
  8
CORTE-TILE
100
AcDbPolyline
 90
4
 70
1
 10
277.68350000000004
 20
-79.7743
 10
278.27950000000004
 20
-79.7743
 10
278.27950000000004
 20
-78.5803
 10
277.68350000000004
 20
-78.5803
  0
TEXT
  5
892
330
17
100
AcDbEntity
  8
CORTE-TEXTO
100
AcDbText
 10
277.98150000000004
 20
-78.4403
 30
0.0
 40
0.06
  1
M-50
 72
1
 11
277.98150000000004
 21
-78.4403
 31
0.0
100
AcDbText
 73
2
  0
LWPOLYLINE
  5
893
330
17
100
AcDbEntity
  8
CORTE-RECORTE
100
AcDbPolyline
 90
4
 70
1
 10
277.68350000000004
 20
-79.7743
 10
278.0332
 20
-79.7743
 10
278.0332
 20
-78.62429999999999
 10
277.68350000000004
 20
-78.62429999999999
  0
TEXT
  5
894
330
17
100
AcDbEntity
  8
CORTE-TEXTO
100
AcDbText
 10
277.85835000000003
 20
-79.1993
 30
0.0
 40
0.035
  1
PA-M-080
 72
1
 11
277.85835000000003
 21
-79.1993
 31
0.0
100
AcDbText
 73
2
  0
LWPOLYLINE
  5
895
330
17
100
AcDbEntity
  8
CORTE-RECORTE
100
AcDbPolyline
 90
4
 70
1
 10
278.0332
 20
-79.7743
 10
278.1652
 20
-79.7743
 10
278.1652
 20
-78.5803
 10
278.0332
 20
-78.5803
  0
TEXT
  5
896
330
17
100
AcDbEntity
  8
CORTE-TEXTO
100
AcDbText
 10
278.0992
 20
-79.1773
 30
0.0
 40
0.029333333333333336
  1
PB-M-154
 72
1
 11
278.0992
 21
-79.1773
 31
0.0
100
AcDbText
 73
2
  0
LWPOLYLINE
  5
897
330
17
100
AcDbEntity
  8
CORTE-DESPERDICIO
100
AcDbPolyline
 90
4
 70
1
 10
277.68350000000004
 20
-78.62429999999999
 10
278.0332
 20
-78.62429999999999
 10
278.0332
 20
-78.5803
 10
277.68350000000004
 20
-78.5803
  0
LWPOLYLINE
  5
898
330
17
100
AcDbEntity
  8
CORTE-SOBRANTE
100
AcDbPolyline
 90
4
 70
1
 10
278.1652
 20
-79.7743
 10
278.27950000000004
 20
-79.7743
 10
278.27950000000004
 20
-78.5803
 10
278.1652
 20
-78.5803
  0
LWPOLYLINE
  5
899
330
17
100
AcDbEntity
  8
CORTE-TILE
100
AcDbPolyline
 90
4
 70
1
 10
278.72950000000003
 20
-79.7743
 10
279.32550000000003
 20
-79.7743
 10
279.32550000000003
 20
-78.5803
 10
278.72950000000003
 20
-78.5803
  0
TEXT
  5
89A
330
17
100
AcDbEntity
  8
CORTE-TEXTO
100
AcDbText
 10
279.02750000000003
 20
-78.4403
 30
0.0
 40
0.06
  1
M-51
 72
1
 11
279.02750000000003
 21
-78.4403
 31
0.0
100
AcDbText
 73
2
  0
LWPOLYLINE
  5
89B
330
17
100
AcDbEntity
  8
CORTE-RECORTE
100
AcDbPolyline
 90
4
 70
1
 10
278.72950000000003
 20
-79.7743
 10
279.32550000000003
 20
-79.7743
 10
279.32550000000003
 20
-79.1083
 10
278.72950000000003
 20
-79.1083
  0
TEXT
  5
89C
330
17
100
AcDbEntity
  8
CORTE-TEXTO
100
AcDbText
 10
279.02750000000003
 20
-79.4413
 30
0.0
 40
0.035
  1
PB-M-188
 72
1
 11
279.02750000000003
 21
-79.4413
 31
0.0
100
AcDbText
 73
2
  0
LWPOLYLINE
  5
89D
330
17
100
AcDbEntity
  8
CORTE-RECORTE
100
AcDbPolyline
 90
4
 70
1
 10
278.72950000000003
 20
-79.1083
 10
279.13950000000006
 20
-79.1083
 10
279.13950000000006
 20
-78.5803
 10
278.72950000000003
 20
-78.5803
  0
TEXT
  5
89E
330
17
100
AcDbEntity
  8
CORTE-TEXTO
100
AcDbText
 10
278.9345
 20
-78.8443
 30
0.0
 40
0.035
  1
PA-M-018
 72
1
 11
278.9345
 21
-78.8443
 31
0.0
100
AcDbText
 73
2
  0
LWPOLYLINE
  5
89F
330
17
100
AcDbEntity
  8
CORTE-RECORTE
100
AcDbPolyline
 90
4
 70
1
 10
279.13950000000006
 20
-79.1083
 10
279.32550000000003
 20
-79.1083
 10
279.32550000000003
 20
-78.7923
 10
279.13950000000006
 20
-78.7923
  0
TEXT
  5
8A0
330
17
100
AcDbEntity
  8
CORTE-TEXTO
100
AcDbText
 10
279.2325000000001
 20
-78.9503
 30
0.0
 40
0.035
  1
PB-M-108
 72
1
 11
279.2325000000001
 21
-78.9503
 31
0.0
100
AcDbText
 73
2
  0
LWPOLYLINE
  5
8A1
330
17
100
AcDbEntity
  8
CORTE-RECORTE
100
AcDbPolyline
 90
4
 70
1
 10
279.13950000000006
 20
-78.7923
 10
279.31950000000006
 20
-78.7923
 10
279.31950000000006
 20
-78.60629999999999
 10
279.13950000000006
 20
-78.60629999999999
  0
TEXT
  5
8A2
330
17
100
AcDbEntity
  8
CORTE-TEXTO
100
AcDbText
 10
279.22950000000003
 20
-78.6993
 30
0.0
 40
0.035
  1
PB-M-119
 72
1
 11
279.22950000000003
 21
-78.6993
 31
0.0
100
AcDbText
 73
2
  0
LWPOLYLINE
  5
8A3
330
17
100
AcDbEntity
  8
CORTE-DESPERDICIO
100
AcDbPolyline
 90
4
 70
1
 10
279.13950000000006
 20
-78.60629999999999
 10
279.32550000000003
 20
-78.60629999999999
 10
279.32550000000003
 20
-78.5803
 10
279.13950000000006
 20
-78.5803
  0
LWPOLYLINE
  5
8A4
330
17
100
AcDbEntity
  8
CORTE-TILE
100
AcDbPolyline
 90
4
 70
1
 10
279.7755
 20
-79.7743
 10
280.3715
 20
-79.7743
 10
280.3715
 20
-78.5803
 10
279.7755
 20
-78.5803
  0
TEXT
  5
8A5
330
17
100
AcDbEntity
  8
CORTE-TEXTO
100
AcDbText
 10
280.0735
 20
-78.4403
 30
0.0
 40
0.06
  1
M-52
 72
1
 11
280.0735
 21
-78.4403
 31
0.0
100
AcDbText
 73
2
  0
LWPOLYLINE
  5
8A6
330
17
100
AcDbEntity
  8
CORTE-RECORTE
100
AcDbPolyline
 90
4
 70
1
 10
279.7755
 20
-79.7743
 10
280.3715
 20
-79.7743
 10
280.3715
 20
-79.1083
 10
279.7755
 20
-79.1083
  0
TEXT
  5
8A7
330
17
100
AcDbEntity
  8
CORTE-TEXTO
100
AcDbText
 10
280.0735
 20
-79.4413
 30
0.0
 40
0.035
  1
PB-M-187
 72
1
 11
280.0735
 21
-79.4413
 31
0.0
100
AcDbText
 73
2
  0
LWPOLYLINE
  5
8A8
330
17
100
AcDbEntity
  8
CORTE-RECORTE
100
AcDbPolyline
 90
4
 70
1
 10
279.7755
 20
-79.1083
 10
280.18550000000005
 20
-79.1083
 10
280.18550000000005
 20
-78.5983
 10
279.7755
 20
-78.5983
  0
TEXT
  5
8A9
330
17
100
AcDbEntity
  8
CORTE-TEXTO
100
AcDbText
 10
279.9805
 20
-78.8533
 30
0.0
 40
0.035
  1
PA-M-008
 72
1
 11
279.9805
 21
-78.8533
 31
0.0
100
AcDbText
 73
2
  0
LWPOLYLINE
  5
8AA
330
17
100
AcDbEntity
  8
CORTE-RECORTE
100
AcDbPolyline
 90
4
 70
1
 10
280.18550000000005
 20
-79.1083
 10
280.36550000000005
 20
-79.1083
 10
280.36550000000005
 20
-78.5983
 10
280.18550000000005
 20
-78.5983
  0
TEXT
  5
8AB
330
17
100
AcDbEntity
  8
CORTE-TEXTO
100
AcDbText
 10
280.2755
 20
-78.8533
 30
0.0
 40
0.035
  1
PA-M-027
 72
1
 11
280.2755
 21
-78.8533
 31
0.0
100
AcDbText
 73
2
  0
LWPOLYLINE
  5
8AC
330
17
100
AcDbEntity
  8
CORTE-DESPERDICIO
100
AcDbPolyline
 90
4
 70
1
 10
279.7755
 20
-78.5983
 10
280.18550000000005
 20
-78.5983
 10
280.18550000000005
 20
-78.5803
 10
279.7755
 20
-78.5803
  0
LWPOLYLINE
  5
8AD
330
17
100
AcDbEntity
  8
CORTE-DESPERDICIO
100
AcDbPolyline
 90
4
 70
1
 10
280.18550000000005
 20
-78.5983
 10
280.3715
 20
-78.5983
 10
280.3715
 20
-78.5803
 10
280.18550000000005
 20
-78.5803
  0
LWPOLYLINE
  5
8AE
330
17
100
AcDbEntity
  8
CORTE-TILE
100
AcDbPolyline
 90
4
 70
1
 10
280.8215
 20
-79.7743
 10
281.4175
 20
-79.7743
 10
281.4175
 20
-78.5803
 10
280.8215
 20
-78.5803
  0
TEXT
  5
8AF
330
17
100
AcDbEntity
  8
CORTE-TEXTO
100
AcDbText
 10
281.1195
 20
-78.4403
 30
0.0
 40
0.06
  1
M-53
 72
1
 11
281.1195
 21
-78.4403
 31
0.0
100
AcDbText
 73
2
  0
LWPOLYLINE
  5
8B0
330
17
100
AcDbEntity
  8
CORTE-RECORTE
100
AcDbPolyline
 90
4
 70
1
 10
280.8215
 20
-79.7743
 10
281.4175
 20
-79.7743
 10
281.4175
 20
-79.1083
 10
280.8215
 20
-79.1083
  0
TEXT
  5
8B1
330
17
100
AcDbEntity
  8
CORTE-TEXTO
100
AcDbText
 10
281.1195
 20
-79.4413
 30
0.0
 40
0.035
  1
PB-M-186
 72
1
 11
281.1195
 21
-79.4413
 31
0.0
100
AcDbText
 73
2
  0
LWPOLYLINE
  5
8B2
330
17
100
AcDbEntity
  8
CORTE-SOBRANTE
100
AcDbPolyline
 90
4
 70
1
 10
280.8215
 20
-79.1083
 10
281.4175
 20
-79.1083
 10
281.4175
 20
-78.5803
 10
280.8215
 20
-78.5803
  0
LWPOLYLINE
  5
8B3
330
17
100
AcDbEntity
  8
CORTE-TILE
100
AcDbPolyline
 90
4
 70
1
 10
281.8675
 20
-79.7743
 10
282.4635
 20
-79.7743
 10
282.4635
 20
-78.5803
 10
281.8675
 20
-78.5803
  0
TEXT
  5
8B4
330
17
100
AcDbEntity
  8
CORTE-TEXTO
100
AcDbText
 10
282.1655
 20
-78.4403
 30
0.0
 40
0.06
  1
M-54
 72
1
 11
282.1655
 21
-78.4403
 31
0.0
100
AcDbText
 73
2
  0
LWPOLYLINE
  5
8B5
330
17
100
AcDbEntity
  8
CORTE-RECORTE
100
AcDbPolyline
 90
4
 70
1
 10
281.8675
 20
-79.7743
 10
282.4635
 20
-79.7743
 10
282.4635
 20
-79.1083
 10
281.8675
 20
-79.1083
  0
TEXT
  5
8B6
330
17
100
AcDbEntity
  8
CORTE-TEXTO
100
AcDbText
 10
282.1655
 20
-79.4413
 30
0.0
 40
0.035
  1
PB-M-185
 72
1
 11
282.1655
 21
-79.4413
 31
0.0
100
AcDbText
 73
2
  0
LWPOLYLINE
  5
8B7
330
17
100
AcDbEntity
  8
CORTE-SOBRANTE
100
AcDbPolyline
 90
4
 70
1
 10
281.8675
 20
-79.1083
 10
282.4635
 20
-79.1083
 10
282.4635
 20
-78.5803
 10
281.8675
 20
-78.5803
  0
LWPOLYLINE
  5
8B8
330
17
100
AcDbEntity
  8
CORTE-TILE
100
AcDbPolyline
 90
4
 70
1
 10
282.9135
 20
-79.7743
 10
283.5095
 20
-79.7743
 10
283.5095
 20
-78.5803
 10
282.9135
 20
-78.5803
  0
TEXT
  5
8B9
330
17
100
AcDbEntity
  8
CORTE-TEXTO
100
AcDbText
 10
283.2115
 20
-78.4403
 30
0.0
 40
0.06
  1
M-55
 72
1
 11
283.2115
 21
-78.4403
 31
0.0
100
AcDbText
 73
2
  0
LWPOLYLINE
  5
8BA
330
17
100
AcDbEntity
  8
CORTE-RECORTE
100
AcDbPolyline
 90
4
 70
1
 10
282.9135
 20
-79.7743
 10
283.4835
 20
-79.7743
 10
283.4835
 20
-79.1743
 10
282.9135
 20
-79.1743
  0
TEXT
  5
8BB
330
17
100
AcDbEntity
  8
CORTE-TEXTO
100
AcDbText
 10
283.1985
 20
-79.4743
 30
0.0
 40
0.035
  1
PA-M-015
 72
1
 11
283.1985
 21
-79.4743
 31
0.0
100
AcDbText
 73
2
  0
LWPOLYLINE
  5
8BC
330
17
100
AcDbEntity
  8
CORTE-RECORTE
100
AcDbPolyline
 90
4
 70
1
 10
282.9135
 20
-79.1743
 10
283.3235
 20
-79.1743
 10
283.3235
 20
-78.60430000000001
 10
282.9135
 20
-78.60430000000001
  0
TEXT
  5
8BD
330
17
100
AcDbEntity
  8
CORTE-TEXTO
100
AcDbText
 10
283.1185
 20
-78.8893
 30
0.0
 40
0.035
  1
PA-M-016
 72
1
 11
283.1185
 21
-78.8893
 31
0.0
100
AcDbText
 73
2
  0
LWPOLYLINE
  5
8BE
330
17
100
AcDbEntity
  8
CORTE-DESPERDICIO
100
AcDbPolyline
 90
4
 70
1
 10
283.4835
 20
-79.7743
 10
283.5095
 20
-79.7743
 10
283.5095
 20
-79.1743
 10
283.4835
 20
-79.1743
  0
LWPOLYLINE
  5
8BF
330
17
100
AcDbEntity
  8
CORTE-SOBRANTE
100
AcDbPolyline
 90
4
 70
1
 10
283.3235
 20
-79.1743
 10
283.5095
 20
-79.1743
 10
283.5095
 20
-78.58030000000001
 10
283.3235
 20
-78.58030000000001
  0
LWPOLYLINE
  5
8C0
330
17
100
AcDbEntity
  8
CORTE-DESPERDICIO
100
AcDbPolyline
 90
4
 70
1
 10
282.9135
 20
-78.6043
 10
283.3235
 20
-78.6043
 10
283.3235
 20
-78.5803
 10
282.9135
 20
-78.5803
  0
LWPOLYLINE
  5
8C1
330
17
100
AcDbEntity
  8
CORTE-TILE
100
AcDbPolyline
 90
4
 70
1
 10
283.95950000000005
 20
-79.7743
 10
284.55550000000005
 20
-79.7743
 10
284.55550000000005
 20
-78.5803
 10
283.95950000000005
 20
-78.5803
  0
TEXT
  5
8C2
330
17
100
AcDbEntity
  8
CORTE-TEXTO
100
AcDbText
 10
284.25750000000005
 20
-78.4403
 30
0.0
 40
0.06
  1
M-56
 72
1
 11
284.25750000000005
 21
-78.4403
 31
0.0
100
AcDbText
 73
2
  0
LWPOLYLINE
  5
8C3
330
17
100
AcDbEntity
  8
CORTE-RECORTE
100
AcDbPolyline
 90
4
 70
1
 10
283.95950000000005
 20
-79.7743
 10
284.37370000000004
 20
-79.7743
 10
284.37370000000004
 20
-78.9533
 10
283.95950000000005
 20
-78.9533
  0
TEXT
  5
8C4
330
17
100
AcDbEntity
  8
CORTE-TEXTO
100
AcDbText
 10
284.1666000000001
 20
-79.3638
 30
0.0
 40
0.035
  1
PA-M-026
 72
1
 11
284.1666000000001
 21
-79.3638
 31
0.0
100
AcDbText
 73
2
  0
LWPOLYLINE
  5
8C5
330
17
100
AcDbEntity
  8
CORTE-RECORTE
100
AcDbPolyline
 90
4
 70
1
 10
284.37370000000004
 20
-79.7743
 10
284.55370000000005
 20
-79.7743
 10
284.55370000000005
 20
-79.0243
 10
284.37370000000004
 20
-79.0243
  0
TEXT
  5
8C6
330
17
100
AcDbEntity
  8
CORTE-TEXTO
100
AcDbText
 10
284.4637
 20
-79.3993
 30
0.0
 40
0.035
  1
PB-M-137
 72
1
 11
284.4637
 21
-79.3993
 31
0.0
100
AcDbText
 73
2
  0
LWPOLYLINE
  5
8C7
330
17
100
AcDbEntity
  8
CORTE-SOBRANTE
100
AcDbPolyline
 90
4
 70
1
 10
283.95950000000005
 20
-78.9533
 10
284.55550000000005
 20
-78.9533
 10
284.55550000000005
 20
-78.5803
 10
283.95950000000005
 20
-78.5803
  0
LWPOLYLINE
  5
8C8
330
17
100
AcDbEntity
  8
CORTE-DESPERDICIO
100
AcDbPolyline
 90
4
 70
1
 10
284.37370000000004
 20
-79.0243
 10
284.55550000000005
 20
-79.0243
 10
284.55550000000005
 20
-78.9533
 10
284.37370000000004
 20
-78.9533
  0
LWPOLYLINE
  5
8C9
330
17
100
AcDbEntity
  8
CORTE-TILE
100
AcDbPolyline
 90
4
 70
1
 10
285.00550000000004
 20
-79.7743
 10
285.60150000000004
 20
-79.7743
 10
285.60150000000004
 20
-78.5803
 10
285.00550000000004
 20
-78.5803
  0
TEXT
  5
8CA
330
17
100
AcDbEntity
  8
CORTE-TEXTO
100
AcDbText
 10
285.30350000000004
 20
-78.4403
 30
0.0
 40
0.06
  1
M-57
 72
1
 11
285.30350000000004
 21
-78.4403
 31
0.0
100
AcDbText
 73
2
  0
LWPOLYLINE
  5
8CB
330
17
100
AcDbEntity
  8
CORTE-RECORTE
100
AcDbPolyline
 90
4
 70
1
 10
285.00550000000004
 20
-79.7743
 10
285.48850000000004
 20
-79.7743
 10
285.48850000000004
 20
-79.0823
 10
285.00550000000004
 20
-79.0823
  0
TEXT
  5
8CC
330
17
100
AcDbEntity
  8
CORTE-TEXTO
100
AcDbText
 10
285.247
 20
-79.4283
 30
0.0
 40
0.035
  1
PA-M-001
 72
1
 11
285.247
 21
-79.4283
 31
0.0
100
AcDbText
 73
2
  0
LWPOLYLINE
  5
8CD
330
17
100
AcDbEntity
  8
CORTE-RECORTE
100
AcDbPolyline
 90
4
 70
1
 10
285.00550000000004
 20
-79.0823
 10
285.41550000000007
 20
-79.0823
 10
285.41550000000007
 20
-78.5993
 10
285.00550000000004
 20
-78.5993
  0
TEXT
  5
8CE
330
17
100
AcDbEntity
  8
CORTE-TEXTO
100
AcDbText
 10
285.2105
 20
-78.8408
 30
0.0
 40
0.035
  1
PA-M-006
 72
1
 11
285.2105
 21
-78.8408
 31
0.0
100
AcDbText
 73
2
  0
LWPOLYLINE
  5
8CF
330
17
100
AcDbEntity
  8
CORTE-RECORTE
100
AcDbPolyline
 90
4
 70
1
 10
285.41550000000007
 20
-79.0823
 10
285.60150000000004
 20
-79.0823
 10
285.60150000000004
 20
-78.70830000000001
 10
285.41550000000007
 20
-78.70830000000001
  0
TEXT
  5
8D0
330
17
100
AcDbEntity
  8
CORTE-TEXTO
100
AcDbText
 10
285.5085000000001
 20
-78.8953
 30
0.0
 40
0.035
  1
PB-M-086
 72
1
 11
285.5085000000001
 21
-78.8953
 31
0.0
100
AcDbText
 73
2
  0
LWPOLYLINE
  5
8D1
330
17
100
AcDbEntity
  8
CORTE-RECORTE
100
AcDbPolyline
 90
4
 70
1
 10
285.48850000000004
 20
-79.7743
 10
285.59850000000006
 20
-79.7743
 10
285.59850000000006
 20
-79.4246
 10
285.48850000000004
 20
-79.4246
  0
TEXT
  5
8D2
330
17
100
AcDbEntity
  8
CORTE-TEXTO
100
AcDbText
 10
285.54350000000005
 20
-79.59944999999999
 30
0.0
 40
0.024444444444444446
  1
PA-M-029
 72
1
 11
285.54350000000005
 21
-79.59944999999999
 31
0.0
100
AcDbText
 73
2
  0
LWPOLYLINE
  5
8D3
330
17
100
AcDbEntity
  8
CORTE-DESPERDICIO
100
AcDbPolyline
 90
4
 70
1
 10
285.00550000000004
 20
-78.5993
 10
285.41550000000007
 20
-78.5993
 10
285.41550000000007
 20
-78.5803
 10
285.00550000000004
 20
-78.5803
  0
LWPOLYLINE
  5
8D4
330
17
100
AcDbEntity
  8
CORTE-SOBRANTE
100
AcDbPolyline
 90
4
 70
1
 10
285.41550000000007
 20
-78.7083
 10
285.60150000000004
 20
-78.7083
 10
285.60150000000004
 20
-78.5803
 10
285.41550000000007
 20
-78.5803
  0
LWPOLYLINE
  5
8D5
330
17
100
AcDbEntity
  8
CORTE-SOBRANTE
100
AcDbPolyline
 90
4
 70
1
 10
285.48850000000004
 20
-79.4246
 10
285.60150000000004
 20
-79.4246
 10
285.60150000000004
 20
-79.0823
 10
285.48850000000004
 20
-79.0823
  0
LWPOLYLINE
  5
8D6
330
17
100
AcDbEntity
  8
CORTE-TILE
100
AcDbPolyline
 90
4
 70
1
 10
286.05150000000003
 20
-79.7743
 10
286.64750000000004
 20
-79.7743
 10
286.64750000000004
 20
-78.5803
 10
286.05150000000003
 20
-78.5803
  0
TEXT
  5
8D7
330
17
100
AcDbEntity
  8
CORTE-TEXTO
100
AcDbText
 10
286.34950000000003
 20
-78.4403
 30
0.0
 40
0.06
  1
M-58
 72
1
 11
286.34950000000003
 21
-78.4403
 31
0.0
100
AcDbText
 73
2
  0
LWPOLYLINE
  5
8D8
330
17
100
AcDbEntity
  8
CORTE-RECORTE
100
AcDbPolyline
 90
4
 70
1
 10
286.05150000000003
 20
-79.7743
 10
286.57950000000005
 20
-79.7743
 10
286.57950000000005
 20
-79.1743
 10
286.05150000000003
 20
-79.1743
  0
TEXT
  5
8D9
330
17
100
AcDbEntity
  8
CORTE-TEXTO
100
AcDbText
 10
286.31550000000004
 20
-79.4743
 30
0.0
 40
0.035
  1
PA-M-017
 72
1
 11
286.31550000000004
 21
-79.4743
 31
0.0
100
AcDbText
 73
2
  0
LWPOLYLINE
  5
8DA
330
17
100
AcDbEntity
  8
CORTE-RECORTE
100
AcDbPolyline
 90
4
 70
1
 10
286.05150000000003
 20
-79.1743
 10
286.3215
 20
-79.1743
 10
286.3215
 20
-78.6343
 10
286.05150000000003
 20
-78.6343
  0
TEXT
  5
8DB
330
17
100
AcDbEntity
  8
CORTE-TEXTO
100
AcDbText
 10
286.1865
 20
-78.9043
 30
0.0
 40
0.035
  1
PA-M-063
 72
1
 11
286.1865
 21
-78.9043
 31
0.0
100
AcDbText
 73
2
  0
LWPOLYLINE
  5
8DC
330
17
100
AcDbEntity
  8
CORTE-RECORTE
100
AcDbPolyline
 90
4
 70
1
 10
286.3215
 20
-79.1743
 10
286.5915
 20
-79.1743
 10
286.5915
 20
-78.6343
 10
286.3215
 20
-78.6343
  0
TEXT
  5
8DD
330
17
100
AcDbEntity
  8
CORTE-TEXTO
100
AcDbText
 10
286.4565
 20
-78.9043
 30
0.0
 40
0.035
  1
PA-M-064
 72
1
 11
286.4565
 21
-78.9043
 31
0.0
100
AcDbText
 73
2
  0
LWPOLYLINE
  5
8DE
330
17
100
AcDbEntity
  8
CORTE-DESPERDICIO
100
AcDbPolyline
 90
4
 70
1
 10
286.57950000000005
 20
-79.7743
 10
286.64750000000004
 20
-79.7743
 10
286.64750000000004
 20
-79.1743
 10
286.57950000000005
 20
-79.1743
  0
LWPOLYLINE
  5
8DF
330
17
100
AcDbEntity
  8
CORTE-DESPERDICIO
100
AcDbPolyline
 90
4
 70
1
 10
286.05150000000003
 20
-78.6343
 10
286.3215
 20
-78.6343
 10
286.3215
 20
-78.5803
 10
286.05150000000003
 20
-78.5803
  0
LWPOLYLINE
  5
8E0
330
17
100
AcDbEntity
  8
CORTE-DESPERDICIO
100
AcDbPolyline
 90
4
 70
1
 10
286.59150000000005
 20
-79.1743
 10
286.64750000000004
 20
-79.1743
 10
286.64750000000004
 20
-78.58030000000001
 10
286.59150000000005
 20
-78.58030000000001
  0
LWPOLYLINE
  5
8E1
330
17
100
AcDbEntity
  8
CORTE-DESPERDICIO
100
AcDbPolyline
 90
4
 70
1
 10
286.3215
 20
-78.6343
 10
286.5915
 20
-78.6343
 10
286.5915
 20
-78.5803
 10
286.3215
 20
-78.5803
  0
LWPOLYLINE
  5
8E2
330
17
100
AcDbEntity
  8
CORTE-TILE
100
AcDbPolyline
 90
4
 70
1
 10
287.0975
 20
-79.7743
 10
287.69350000000003
 20
-79.7743
 10
287.69350000000003
 20
-78.5803
 10
287.0975
 20
-78.5803
  0
TEXT
  5
8E3
330
17
100
AcDbEntity
  8
CORTE-TEXTO
100
AcDbText
 10
287.3955
 20
-78.4403
 30
0.0
 40
0.06
  1
M-59
 72
1
 11
287.3955
 21
-78.4403
 31
0.0
100
AcDbText
 73
2
  0
LWPOLYLINE
  5
8E4
330
17
100
AcDbEntity
  8
CORTE-RECORTE
100
AcDbPolyline
 90
4
 70
1
 10
287.0975
 20
-79.7743
 10
287.3675
 20
-79.7743
 10
287.3675
 20
-78.62429999999999
 10
287.0975
 20
-78.62429999999999
  0
TEXT
  5
8E5
330
17
100
AcDbEntity
  8
CORTE-TEXTO
100
AcDbText
 10
287.2325
 20
-79.1993
 30
0.0
 40
0.035
  1
PA-M-070
 72
1
 11
287.2325
 21
-79.1993
 31
0.0
100
AcDbText
 73
2
  0
LWPOLYLINE
  5
8E6
330
17
100
AcDbEntity
  8
CORTE-RECORTE
100
AcDbPolyline
 90
4
 70
1
 10
287.3675
 20
-79.7743
 10
287.6375
 20
-79.7743
 10
287.6375
 20
-78.62429999999999
 10
287.3675
 20
-78.62429999999999
  0
TEXT
  5
8E7
330
17
100
AcDbEntity
  8
CORTE-TEXTO
100
AcDbText
 10
287.5025
 20
-79.1993
 30
0.0
 40
0.035
  1
PA-M-071
 72
1
 11
287.5025
 21
-79.1993
 31
0.0
100
AcDbText
 73
2
  0
LWPOLYLINE
  5
8E8
330
17
100
AcDbEntity
  8
CORTE-DESPERDICIO
100
AcDbPolyline
 90
4
 70
1
 10
287.0975
 20
-78.62429999999999
 10
287.3675
 20
-78.62429999999999
 10
287.3675
 20
-78.5803
 10
287.0975
 20
-78.5803
  0
LWPOLYLINE
  5
8E9
330
17
100
AcDbEntity
  8
CORTE-DESPERDICIO
100
AcDbPolyline
 90
4
 70
1
 10
287.63750000000005
 20
-79.7743
 10
287.69350000000003
 20
-79.7743
 10
287.69350000000003
 20
-78.5803
 10
287.63750000000005
 20
-78.5803
  0
LWPOLYLINE
  5
8EA
330
17
100
AcDbEntity
  8
CORTE-DESPERDICIO
100
AcDbPolyline
 90
4
 70
1
 10
287.3675
 20
-78.62429999999999
 10
287.6375
 20
-78.62429999999999
 10
287.6375
 20
-78.5803
 10
287.3675
 20
-78.5803
  0
LWPOLYLINE
  5
8EB
330
17
100
AcDbEntity
  8
CORTE-TILE
100
AcDbPolyline
 90
4
 70
1
 10
288.1435
 20
-79.7743
 10
288.7395
 20
-79.7743
 10
288.7395
 20
-78.5803
 10
288.1435
 20
-78.5803
  0
TEXT
  5
8EC
330
17
100
AcDbEntity
  8
CORTE-TEXTO
100
AcDbText
 10
288.4415
 20
-78.4403
 30
0.0
 40
0.06
  1
M-60
 72
1
 11
288.4415
 21
-78.4403
 31
0.0
100
AcDbText
 73
2
  0
LWPOLYLINE
  5
8ED
330
17
100
AcDbEntity
  8
CORTE-RECORTE
100
AcDbPolyline
 90
4
 70
1
 10
288.1435
 20
-79.7743
 10
288.4135
 20
-79.7743
 10
288.4135
 20
-78.62429999999999
 10
288.1435
 20
-78.62429999999999
  0
TEXT
  5
8EE
330
17
100
AcDbEntity
  8
CORTE-TEXTO
100
AcDbText
 10
288.2785
 20
-79.1993
 30
0.0
 40
0.035
  1
PA-M-072
 72
1
 11
288.2785
 21
-79.1993
 31
0.0
100
AcDbText
 73
2
  0
LWPOLYLINE
  5
8EF
330
17
100
AcDbEntity
  8
CORTE-RECORTE
100
AcDbPolyline
 90
4
 70
1
 10
288.4135
 20
-79.7743
 10
288.6835
 20
-79.7743
 10
288.6835
 20
-78.62429999999999
 10
288.4135
 20
-78.62429999999999
  0
TEXT
  5
8F0
330
17
100
AcDbEntity
  8
CORTE-TEXTO
100
AcDbText
 10
288.5485
 20
-79.1993
 30
0.0
 40
0.035
  1
PA-M-073
 72
1
 11
288.5485
 21
-79.1993
 31
0.0
100
AcDbText
 73
2
  0
LWPOLYLINE
  5
8F1
330
17
100
AcDbEntity
  8
CORTE-DESPERDICIO
100
AcDbPolyline
 90
4
 70
1
 10
288.1435
 20
-78.62429999999999
 10
288.4135
 20
-78.62429999999999
 10
288.4135
 20
-78.5803
 10
288.1435
 20
-78.5803
  0
LWPOLYLINE
  5
8F2
330
17
100
AcDbEntity
  8
CORTE-DESPERDICIO
100
AcDbPolyline
 90
4
 70
1
 10
288.68350000000004
 20
-79.7743
 10
288.7395
 20
-79.7743
 10
288.7395
 20
-78.5803
 10
288.68350000000004
 20
-78.5803
  0
LWPOLYLINE
  5
8F3
330
17
100
AcDbEntity
  8
CORTE-DESPERDICIO
100
AcDbPolyline
 90
4
 70
1
 10
288.4135
 20
-78.62429999999999
 10
288.6835
 20
-78.62429999999999
 10
288.6835
 20
-78.5803
 10
288.4135
 20
-78.5803
  0
LWPOLYLINE
  5
8F4
330
17
100
AcDbEntity
  8
CORTE-TILE
100
AcDbPolyline
 90
4
 70
1
 10
289.1895
 20
-79.7743
 10
289.7855
 20
-79.7743
 10
289.7855
 20
-78.5803
 10
289.1895
 20
-78.5803
  0
TEXT
  5
8F5
330
17
100
AcDbEntity
  8
CORTE-TEXTO
100
AcDbText
 10
289.4875
 20
-78.4403
 30
0.0
 40
0.06
  1
M-61
 72
1
 11
289.4875
 21
-78.4403
 31
0.0
100
AcDbText
 73
2
  0
LWPOLYLINE
  5
8F6
330
17
100
AcDbEntity
  8
CORTE-RECORTE
100
AcDbPolyline
 90
4
 70
1
 10
289.1895
 20
-79.7743
 10
289.4595
 20
-79.7743
 10
289.4595
 20
-78.62429999999999
 10
289.1895
 20
-78.62429999999999
  0
TEXT
  5
8F7
330
17
100
AcDbEntity
  8
CORTE-TEXTO
100
AcDbText
 10
289.3245
 20
-79.1993
 30
0.0
 40
0.035
  1
PA-M-074
 72
1
 11
289.3245
 21
-79.1993
 31
0.0
100
AcDbText
 73
2
  0
LWPOLYLINE
  5
8F8
330
17
100
AcDbEntity
  8
CORTE-RECORTE
100
AcDbPolyline
 90
4
 70
1
 10
289.4595
 20
-79.7743
 10
289.7295
 20
-79.7743
 10
289.7295
 20
-78.62429999999999
 10
289.4595
 20
-78.62429999999999
  0
TEXT
  5
8F9
330
17
100
AcDbEntity
  8
CORTE-TEXTO
100
AcDbText
 10
289.5945
 20
-79.1993
 30
0.0
 40
0.035
  1
PA-M-075
 72
1
 11
289.5945
 21
-79.1993
 31
0.0
100
AcDbText
 73
2
  0
LWPOLYLINE
  5
8FA
330
17
100
AcDbEntity
  8
CORTE-DESPERDICIO
100
AcDbPolyline
 90
4
 70
1
 10
289.1895
 20
-78.62429999999999
 10
289.4595
 20
-78.62429999999999
 10
289.4595
 20
-78.5803
 10
289.1895
 20
-78.5803
  0
LWPOLYLINE
  5
8FB
330
17
100
AcDbEntity
  8
CORTE-DESPERDICIO
100
AcDbPolyline
 90
4
 70
1
 10
289.72950000000003
 20
-79.7743
 10
289.7855
 20
-79.7743
 10
289.7855
 20
-78.5803
 10
289.72950000000003
 20
-78.5803
  0
LWPOLYLINE
  5
8FC
330
17
100
AcDbEntity
  8
CORTE-DESPERDICIO
100
AcDbPolyline
 90
4
 70
1
 10
289.4595
 20
-78.62429999999999
 10
289.7295
 20
-78.62429999999999
 10
289.7295
 20
-78.5803
 10
289.4595
 20
-78.5803
  0
LWPOLYLINE
  5
8FD
330
17
100
AcDbEntity
  8
CORTE-TILE
100
AcDbPolyline
 90
4
 70
1
 10
290.2355
 20
-79.7743
 10
290.8315
 20
-79.7743
 10
290.8315
 20
-78.5803
 10
290.2355
 20
-78.5803
  0
TEXT
  5
8FE
330
17
100
AcDbEntity
  8
CORTE-TEXTO
100
AcDbText
 10
290.5335
 20
-78.4403
 30
0.0
 40
0.06
  1
M-62
 72
1
 11
290.5335
 21
-78.4403
 31
0.0
100
AcDbText
 73
2
  0
LWPOLYLINE
  5
8FF
330
17
100
AcDbEntity
  8
CORTE-RECORTE
100
AcDbPolyline
 90
4
 70
1
 10
290.2355
 20
-79.7743
 10
290.5055
 20
-79.7743
 10
290.5055
 20
-78.62429999999999
 10
290.2355
 20
-78.62429999999999
  0
TEXT
  5
900
330
17
100
AcDbEntity
  8
CORTE-TEXTO
100
AcDbText
 10
290.3705
 20
-79.1993
 30
0.0
 40
0.035
  1
PA-M-051
 72
1
 11
290.3705
 21
-79.1993
 31
0.0
100
AcDbText
 73
2
  0
LWPOLYLINE
  5
901
330
17
100
AcDbEntity
  8
CORTE-RECORTE
100
AcDbPolyline
 90
4
 70
1
 10
290.5055
 20
-79.7743
 10
290.77549999999997
 20
-79.7743
 10
290.77549999999997
 20
-78.62429999999999
 10
290.5055
 20
-78.62429999999999
  0
TEXT
  5
902
330
17
100
AcDbEntity
  8
CORTE-TEXTO
100
AcDbText
 10
290.6405
 20
-79.1993
 30
0.0
 40
0.035
  1
PA-M-052
 72
1
 11
290.6405
 21
-79.1993
 31
0.0
100
AcDbText
 73
2
  0
LWPOLYLINE
  5
903
330
17
100
AcDbEntity
  8
CORTE-DESPERDICIO
100
AcDbPolyline
 90
4
 70
1
 10
290.2355
 20
-78.62429999999999
 10
290.5055
 20
-78.62429999999999
 10
290.5055
 20
-78.5803
 10
290.2355
 20
-78.5803
  0
LWPOLYLINE
  5
904
330
17
100
AcDbEntity
  8
CORTE-DESPERDICIO
100
AcDbPolyline
 90
4
 70
1
 10
290.7755
 20
-79.7743
 10
290.8315
 20
-79.7743
 10
290.8315
 20
-78.5803
 10
290.7755
 20
-78.5803
  0
LWPOLYLINE
  5
905
330
17
100
AcDbEntity
  8
CORTE-DESPERDICIO
100
AcDbPolyline
 90
4
 70
1
 10
290.5055
 20
-78.62429999999999
 10
290.77549999999997
 20
-78.62429999999999
 10
290.77549999999997
 20
-78.5803
 10
290.5055
 20
-78.5803
  0
LWPOLYLINE
  5
906
330
17
100
AcDbEntity
  8
CORTE-TILE
100
AcDbPolyline
 90
4
 70
1
 10
291.2815
 20
-79.7743
 10
291.8775
 20
-79.7743
 10
291.8775
 20
-78.5803
 10
291.2815
 20
-78.5803
  0
TEXT
  5
907
330
17
100
AcDbEntity
  8
CORTE-TEXTO
100
AcDbText
 10
291.5795
 20
-78.4403
 30
0.0
 40
0.06
  1
M-63
 72
1
 11
291.5795
 21
-78.4403
 31
0.0
100
AcDbText
 73
2
  0
LWPOLYLINE
  5
908
330
17
100
AcDbEntity
  8
CORTE-RECORTE
100
AcDbPolyline
 90
4
 70
1
 10
291.2815
 20
-79.7743
 10
291.5515
 20
-79.7743
 10
291.5515
 20
-78.62429999999999
 10
291.2815
 20
-78.62429999999999
  0
TEXT
  5
909
330
17
100
AcDbEntity
  8
CORTE-TEXTO
100
AcDbText
 10
291.4165
 20
-79.1993
 30
0.0
 40
0.035
  1
PA-M-053
 72
1
 11
291.4165
 21
-79.1993
 31
0.0
100
AcDbText
 73
2
  0
LWPOLYLINE
  5
90A
330
17
100
AcDbEntity
  8
CORTE-RECORTE
100
AcDbPolyline
 90
4
 70
1
 10
291.5515
 20
-79.7743
 10
291.82149999999996
 20
-79.7743
 10
291.82149999999996
 20
-78.62429999999999
 10
291.5515
 20
-78.62429999999999
  0
TEXT
  5
90B
330
17
100
AcDbEntity
  8
CORTE-TEXTO
100
AcDbText
 10
291.68649999999997
 20
-79.1993
 30
0.0
 40
0.035
  1
PA-M-054
 72
1
 11
291.68649999999997
 21
-79.1993
 31
0.0
100
AcDbText
 73
2
  0
LWPOLYLINE
  5
90C
330
17
100
AcDbEntity
  8
CORTE-DESPERDICIO
100
AcDbPolyline
 90
4
 70
1
 10
291.2815
 20
-78.62429999999999
 10
291.5515
 20
-78.62429999999999
 10
291.5515
 20
-78.5803
 10
291.2815
 20
-78.5803
  0
LWPOLYLINE
  5
90D
330
17
100
AcDbEntity
  8
CORTE-DESPERDICIO
100
AcDbPolyline
 90
4
 70
1
 10
291.8215
 20
-79.7743
 10
291.8775
 20
-79.7743
 10
291.8775
 20
-78.5803
 10
291.8215
 20
-78.5803
  0
LWPOLYLINE
  5
90E
330
17
100
AcDbEntity
  8
CORTE-DESPERDICIO
100
AcDbPolyline
 90
4
 70
1
 10
291.5515
 20
-78.62429999999999
 10
291.82149999999996
 20
-78.62429999999999
 10
291.82149999999996
 20
-78.5803
 10
291.5515
 20
-78.5803
  0
LWPOLYLINE
  5
90F
330
17
100
AcDbEntity
  8
CORTE-TILE
100
AcDbPolyline
 90
4
 70
1
 10
292.32750000000004
 20
-79.7743
 10
292.92350000000005
 20
-79.7743
 10
292.92350000000005
 20
-78.5803
 10
292.32750000000004
 20
-78.5803
  0
TEXT
  5
910
330
17
100
AcDbEntity
  8
CORTE-TEXTO
100
AcDbText
 10
292.62550000000005
 20
-78.4403
 30
0.0
 40
0.06
  1
M-64
 72
1
 11
292.62550000000005
 21
-78.4403
 31
0.0
100
AcDbText
 73
2
  0
LWPOLYLINE
  5
911
330
17
100
AcDbEntity
  8
CORTE-RECORTE
100
AcDbPolyline
 90
4
 70
1
 10
292.32750000000004
 20
-79.7743
 10
292.5975
 20
-79.7743
 10
292.5975
 20
-78.62429999999999
 10
292.32750000000004
 20
-78.62429999999999
  0
TEXT
  5
912
330
17
100
AcDbEntity
  8
CORTE-TEXTO
100
AcDbText
 10
292.46250000000003
 20
-79.1993
 30
0.0
 40
0.035
  1
PA-M-055
 72
1
 11
292.46250000000003
 21
-79.1993
 31
0.0
100
AcDbText
 73
2
  0
LWPOLYLINE
  5
913
330
17
100
AcDbEntity
  8
CORTE-RECORTE
100
AcDbPolyline
 90
4
 70
1
 10
292.5975
 20
-79.7743
 10
292.8675
 20
-79.7743
 10
292.8675
 20
-78.62429999999999
 10
292.5975
 20
-78.62429999999999
  0
TEXT
  5
914
330
17
100
AcDbEntity
  8
CORTE-TEXTO
100
AcDbText
 10
292.7325
 20
-79.1993
 30
0.0
 40
0.035
  1
PA-M-056
 72
1
 11
292.7325
 21
-79.1993
 31
0.0
100
AcDbText
 73
2
  0
LWPOLYLINE
  5
915
330
17
100
AcDbEntity
  8
CORTE-DESPERDICIO
100
AcDbPolyline
 90
4
 70
1
 10
292.32750000000004
 20
-78.62429999999999
 10
292.5975
 20
-78.62429999999999
 10
292.5975
 20
-78.5803
 10
292.32750000000004
 20
-78.5803
  0
LWPOLYLINE
  5
916
330
17
100
AcDbEntity
  8
CORTE-DESPERDICIO
100
AcDbPolyline
 90
4
 70
1
 10
292.86750000000006
 20
-79.7743
 10
292.92350000000005
 20
-79.7743
 10
292.92350000000005
 20
-78.5803
 10
292.86750000000006
 20
-78.5803
  0
LWPOLYLINE
  5
917
330
17
100
AcDbEntity
  8
CORTE-DESPERDICIO
100
AcDbPolyline
 90
4
 70
1
 10
292.5975
 20
-78.62429999999999
 10
292.8675
 20
-78.62429999999999
 10
292.8675
 20
-78.5803
 10
292.5975
 20
-78.5803
  0
LWPOLYLINE
  5
918
330
17
100
AcDbEntity
  8
CORTE-TILE
100
AcDbPolyline
 90
4
 70
1
 10
293.37350000000004
 20
-79.7743
 10
293.96950000000004
 20
-79.7743
 10
293.96950000000004
 20
-78.5803
 10
293.37350000000004
 20
-78.5803
  0
TEXT
  5
919
330
17
100
AcDbEntity
  8
CORTE-TEXTO
100
AcDbText
 10
293.67150000000004
 20
-78.4403
 30
0.0
 40
0.06
  1
M-65
 72
1
 11
293.67150000000004
 21
-78.4403
 31
0.0
100
AcDbText
 73
2
  0
LWPOLYLINE
  5
91A
330
17
100
AcDbEntity
  8
CORTE-RECORTE
100
AcDbPolyline
 90
4
 70
1
 10
293.37350000000004
 20
-79.7743
 10
293.8835
 20
-79.7743
 10
293.8835
 20
-79.1743
 10
293.37350000000004
 20
-79.1743
  0
TEXT
  5
91B
330
17
100
AcDbEntity
  8
CORTE-TEXTO
100
AcDbText
 10
293.62850000000003
 20
-79.4743
 30
0.0
 40
0.035
  1
PA-M-007
 72
1
 11
293.62850000000003
 21
-79.4743
 31
0.0
100
AcDbText
 73
2
  0
LWPOLYLINE
  5
91C
330
17
100
AcDbEntity
  8
CORTE-RECORTE
100
AcDbPolyline
 90
4
 70
1
 10
293.37350000000004
 20
-79.1743
 10
293.6435
 20
-79.1743
 10
293.6435
 20
-78.6343
 10
293.37350000000004
 20
-78.6343
  0
TEXT
  5
91D
330
17
100
AcDbEntity
  8
CORTE-TEXTO
100
AcDbText
 10
293.5085
 20
-78.9043
 30
0.0
 40
0.035
  1
PA-M-065
 72
1
 11
293.5085
 21
-78.9043
 31
0.0
100
AcDbText
 73
2
  0
LWPOLYLINE
  5
91E
330
17
100
AcDbEntity
  8
CORTE-RECORTE
100
AcDbPolyline
 90
4
 70
1
 10
293.6435
 20
-79.1743
 10
293.9135
 20
-79.1743
 10
293.9135
 20
-78.6343
 10
293.6435
 20
-78.6343
  0
TEXT
  5
91F
330
17
100
AcDbEntity
  8
CORTE-TEXTO
100
AcDbText
 10
293.7785
 20
-78.9043
 30
0.0
 40
0.035
  1
PA-M-066
 72
1
 11
293.7785
 21
-78.9043
 31
0.0
100
AcDbText
 73
2
  0
LWPOLYLINE
  5
920
330
17
100
AcDbEntity
  8
CORTE-RECORTE
100
AcDbPolyline
 90
4
 70
1
 10
293.8835
 20
-79.7743
 10
293.96360000000004
 20
-79.7743
 10
293.96360000000004
 20
-79.1743
 10
293.8835
 20
-79.1743
  0
TEXT
  5
921
330
17
100
AcDbEntity
  8
CORTE-TEXTO
100
AcDbText
 10
293.92355000000003
 20
-79.4743
 30
0.0
 40
0.0178
  1
PB-M-033
 72
1
 11
293.92355000000003
 21
-79.4743
 31
0.0
100
AcDbText
 73
2
  0
LWPOLYLINE
  5
922
330
17
100
AcDbEntity
  8
CORTE-DESPERDICIO
100
AcDbPolyline
 90
4
 70
1
 10
293.37350000000004
 20
-78.6343
 10
293.6435
 20
-78.6343
 10
293.6435
 20
-78.5803
 10
293.37350000000004
 20
-78.5803
  0
LWPOLYLINE
  5
923
330
17
100
AcDbEntity
  8
CORTE-DESPERDICIO
100
AcDbPolyline
 90
4
 70
1
 10
293.91350000000006
 20
-79.1743
 10
293.96950000000004
 20
-79.1743
 10
293.96950000000004
 20
-78.58030000000001
 10
293.91350000000006
 20
-78.58030000000001
  0
LWPOLYLINE
  5
924
330
17
100
AcDbEntity
  8
CORTE-DESPERDICIO
100
AcDbPolyline
 90
4
 70
1
 10
293.6435
 20
-78.6343
 10
293.9135
 20
-78.6343
 10
293.9135
 20
-78.5803
 10
293.6435
 20
-78.5803
  0
LWPOLYLINE
  5
925
330
17
100
AcDbEntity
  8
CORTE-TILE
100
AcDbPolyline
 90
4
 70
1
 10
294.4195
 20
-79.7743
 10
295.01550000000003
 20
-79.7743
 10
295.01550000000003
 20
-78.5803
 10
294.4195
 20
-78.5803
  0
TEXT
  5
926
330
17
100
AcDbEntity
  8
CORTE-TEXTO
100
AcDbText
 10
294.71750000000003
 20
-78.4403
 30
0.0
 40
0.06
  1
M-66
 72
1
 11
294.71750000000003
 21
-78.4403
 31
0.0
100
AcDbText
 73
2
  0
LWPOLYLINE
  5
927
330
17
100
AcDbEntity
  8
CORTE-RECORTE
100
AcDbPolyline
 90
4
 70
1
 10
294.4195
 20
-79.7743
 10
294.6895
 20
-79.7743
 10
294.6895
 20
-78.6743
 10
294.4195
 20
-78.6743
  0
TEXT
  5
928
330
17
100
AcDbEntity
  8
CORTE-TEXTO
100
AcDbText
 10
294.5545
 20
-79.2243
 30
0.0
 40
0.035
  1
PA-M-060
 72
1
 11
294.5545
 21
-79.2243
 31
0.0
100
AcDbText
 73
2
  0
LWPOLYLINE
  5
929
330
17
100
AcDbEntity
  8
CORTE-RECORTE
100
AcDbPolyline
 90
4
 70
1
 10
294.6895
 20
-79.7743
 10
294.9595
 20
-79.7743
 10
294.9595
 20
-78.6743
 10
294.6895
 20
-78.6743
  0
TEXT
  5
92A
330
17
100
AcDbEntity
  8
CORTE-TEXTO
100
AcDbText
 10
294.8245
 20
-79.2243
 30
0.0
 40
0.035
  1
PA-M-067
 72
1
 11
294.8245
 21
-79.2243
 31
0.0
100
AcDbText
 73
2
  0
LWPOLYLINE
  5
92B
330
17
100
AcDbEntity
  8
CORTE-DESPERDICIO
100
AcDbPolyline
 90
4
 70
1
 10
294.4195
 20
-78.6743
 10
294.6895
 20
-78.6743
 10
294.6895
 20
-78.58030000000001
 10
294.4195
 20
-78.58030000000001
  0
LWPOLYLINE
  5
92C
330
17
100
AcDbEntity
  8
CORTE-DESPERDICIO
100
AcDbPolyline
 90
4
 70
1
 10
294.95950000000005
 20
-79.7743
 10
295.01550000000003
 20
-79.7743
 10
295.01550000000003
 20
-78.5803
 10
294.95950000000005
 20
-78.5803
  0
LWPOLYLINE
  5
92D
330
17
100
AcDbEntity
  8
CORTE-DESPERDICIO
100
AcDbPolyline
 90
4
 70
1
 10
294.6895
 20
-78.6743
 10
294.9595
 20
-78.6743
 10
294.9595
 20
-78.58030000000001
 10
294.6895
 20
-78.58030000000001
  0
LWPOLYLINE
  5
92E
330
17
100
AcDbEntity
  8
CORTE-TILE
100
AcDbPolyline
 90
4
 70
1
 10
272.4535
 20
-81.66829999999999
 10
273.0495
 20
-81.66829999999999
 10
273.0495
 20
-80.47429999999999
 10
272.4535
 20
-80.47429999999999
  0
TEXT
  5
92F
330
17
100
AcDbEntity
  8
CORTE-TEXTO
100
AcDbText
 10
272.7515
 20
-80.33429999999998
 30
0.0
 40
0.06
  1
M-67
 72
1
 11
272.7515
 21
-80.33429999999998
 31
0.0
100
AcDbText
 73
2
  0
LWPOLYLINE
  5
930
330
17
100
AcDbEntity
  8
CORTE-RECORTE
100
AcDbPolyline
 90
4
 70
1
 10
272.4535
 20
-81.66829999999999
 10
272.9395
 20
-81.66829999999999
 10
272.9395
 20
-81.0683
 10
272.4535
 20
-81.0683
  0
TEXT
  5
931
330
17
100
AcDbEntity
  8
CORTE-TEXTO
100
AcDbText
 10
272.6965
 20
-81.36829999999999
 30
0.0
 40
0.035
  1
PB-M-175
 72
1
 11
272.6965
 21
-81.36829999999999
 31
0.0
100
AcDbText
 73
2
  0
LWPOLYLINE
  5
932
330
17
100
AcDbEntity
  8
CORTE-RECORTE
100
AcDbPolyline
 90
4
 70
1
 10
272.9395
 20
-81.66829999999999
 10
273.0195
 20
-81.66829999999999
 10
273.0195
 20
-81.0683
 10
272.9395
 20
-81.0683
  0
TEXT
  5
933
330
17
100
AcDbEntity
  8
CORTE-TEXTO
100
AcDbText
 10
272.97950000000003
 20
-81.36829999999999
 30
0.0
 40
0.017777777777777778
  1
PB-M-032
 72
1
 11
272.97950000000003
 21
-81.36829999999999
 31
0.0
100
AcDbText
 73
2
  0
LWPOLYLINE
  5
934
330
17
100
AcDbEntity
  8
CORTE-SOBRANTE
100
AcDbPolyline
 90
4
 70
1
 10
272.4535
 20
-81.0683
 10
273.0495
 20
-81.0683
 10
273.0495
 20
-80.4743
 10
272.4535
 20
-80.4743
  0
LWPOLYLINE
  5
935
330
17
100
AcDbEntity
  8
CORTE-DESPERDICIO
100
AcDbPolyline
 90
4
 70
1
 10
273.0195
 20
-81.66829999999999
 10
273.04949999999997
 20
-81.66829999999999
 10
273.04949999999997
 20
-81.0683
 10
273.0195
 20
-81.0683
  0
LWPOLYLINE
  5
936
330
17
100
AcDbEntity
  8
CORTE-TILE
100
AcDbPolyline
 90
4
 70
1
 10
273.4995
 20
-81.66829999999999
 10
274.0955
 20
-81.66829999999999
 10
274.0955
 20
-80.47429999999999
 10
273.4995
 20
-80.47429999999999
  0
TEXT
  5
937
330
17
100
AcDbEntity
  8
CORTE-TEXTO
100
AcDbText
 10
273.7975
 20
-80.33429999999998
 30
0.0
 40
0.06
  1
M-68
 72
1
 11
273.7975
 21
-80.33429999999998
 31
0.0
100
AcDbText
 73
2
  0
LWPOLYLINE
  5
938
330
17
100
AcDbEntity
  8
CORTE-RECORTE
100
AcDbPolyline
 90
4
 70
1
 10
273.4995
 20
-81.66829999999999
 10
273.9855
 20
-81.66829999999999
 10
273.9855
 20
-81.0683
 10
273.4995
 20
-81.0683
  0
TEXT
  5
939
330
17
100
AcDbEntity
  8
CORTE-TEXTO
100
AcDbText
 10
273.7425
 20
-81.36829999999999
 30
0.0
 40
0.035
  1
PB-M-174
 72
1
 11
273.7425
 21
-81.36829999999999
 31
0.0
100
AcDbText
 73
2
  0
LWPOLYLINE
  5
93A
330
17
100
AcDbEntity
  8
CORTE-RECORTE
100
AcDbPolyline
 90
4
 70
1
 10
273.9855
 20
-81.66829999999999
 10
274.0655
 20
-81.66829999999999
 10
274.0655
 20
-81.0683
 10
273.9855
 20
-81.0683
  0
TEXT
  5
93B
330
17
100
AcDbEntity
  8
CORTE-TEXTO
100
AcDbText
 10
274.0255
 20
-81.36829999999999
 30
0.0
 40
0.017777777777777778
  1
PB-M-031
 72
1
 11
274.0255
 21
-81.36829999999999
 31
0.0
100
AcDbText
 73
2
  0
LWPOLYLINE
  5
93C
330
17
100
AcDbEntity
  8
CORTE-SOBRANTE
100
AcDbPolyline
 90
4
 70
1
 10
273.4995
 20
-81.0683
 10
274.0955
 20
-81.0683
 10
274.0955
 20
-80.4743
 10
273.4995
 20
-80.4743
  0
LWPOLYLINE
  5
93D
330
17
100
AcDbEntity
  8
CORTE-DESPERDICIO
100
AcDbPolyline
 90
4
 70
1
 10
274.0655
 20
-81.66829999999999
 10
274.09549999999996
 20
-81.66829999999999
 10
274.09549999999996
 20
-81.0683
 10
274.0655
 20
-81.0683
  0
LWPOLYLINE
  5
93E
330
17
100
AcDbEntity
  8
CORTE-TILE
100
AcDbPolyline
 90
4
 70
1
 10
274.5455
 20
-81.66829999999999
 10
275.1415
 20
-81.66829999999999
 10
275.1415
 20
-80.47429999999999
 10
274.5455
 20
-80.47429999999999
  0
TEXT
  5
93F
330
17
100
AcDbEntity
  8
CORTE-TEXTO
100
AcDbText
 10
274.8435
 20
-80.33429999999998
 30
0.0
 40
0.06
  1
M-69
 72
1
 11
274.8435
 21
-80.33429999999998
 31
0.0
100
AcDbText
 73
2
  0
LWPOLYLINE
  5
940
330
17
100
AcDbEntity
  8
CORTE-RECORTE
100
AcDbPolyline
 90
4
 70
1
 10
274.5455
 20
-81.66829999999999
 10
275.0285
 20
-81.66829999999999
 10
275.0285
 20
-81.0683
 10
274.5455
 20
-81.0683
  0
TEXT
  5
941
330
17
100
AcDbEntity
  8
CORTE-TEXTO
100
AcDbText
 10
274.787
 20
-81.36829999999999
 30
0.0
 40
0.035
  1
PA-M-005
 72
1
 11
274.787
 21
-81.36829999999999
 31
0.0
100
AcDbText
 73
2
  0
LWPOLYLINE
  5
942
330
17
100
AcDbEntity
  8
CORTE-RECORTE
100
AcDbPolyline
 90
4
 70
1
 10
275.0285
 20
-81.66829999999999
 10
275.1085
 20
-81.66829999999999
 10
275.1085
 20
-81.0683
 10
275.0285
 20
-81.0683
  0
TEXT
  5
943
330
17
100
AcDbEntity
  8
CORTE-TEXTO
100
AcDbText
 10
275.06850000000003
 20
-81.36829999999999
 30
0.0
 40
0.017777777777777778
  1
PB-M-030
 72
1
 11
275.06850000000003
 21
-81.36829999999999
 31
0.0
100
AcDbText
 73
2
  0
LWPOLYLINE
  5
944
330
17
100
AcDbEntity
  8
CORTE-SOBRANTE
100
AcDbPolyline
 90
4
 70
1
 10
274.5455
 20
-81.0683
 10
275.1415
 20
-81.0683
 10
275.1415
 20
-80.4743
 10
274.5455
 20
-80.4743
  0
LWPOLYLINE
  5
945
330
17
100
AcDbEntity
  8
CORTE-DESPERDICIO
100
AcDbPolyline
 90
4
 70
1
 10
275.1085
 20
-81.66829999999999
 10
275.1415
 20
-81.66829999999999
 10
275.1415
 20
-81.0683
 10
275.1085
 20
-81.0683
  0
LWPOLYLINE
  5
946
330
17
100
AcDbEntity
  8
CORTE-TILE
100
AcDbPolyline
 90
4
 70
1
 10
275.5915
 20
-81.66829999999999
 10
276.1875
 20
-81.66829999999999
 10
276.1875
 20
-80.47429999999999
 10
275.5915
 20
-80.47429999999999
  0
TEXT
  5
947
330
17
100
AcDbEntity
  8
CORTE-TEXTO
100
AcDbText
 10
275.8895
 20
-80.33429999999998
 30
0.0
 40
0.06
  1
M-70
 72
1
 11
275.8895
 21
-80.33429999999998
 31
0.0
100
AcDbText
 73
2
  0
LWPOLYLINE
  5
948
330
17
100
AcDbEntity
  8
CORTE-RECORTE
100
AcDbPolyline
 90
4
 70
1
 10
275.5915
 20
-81.66829999999999
 10
276.0745
 20
-81.66829999999999
 10
276.0745
 20
-81.0683
 10
275.5915
 20
-81.0683
  0
TEXT
  5
949
330
17
100
AcDbEntity
  8
CORTE-TEXTO
100
AcDbText
 10
275.83299999999997
 20
-81.36829999999999
 30
0.0
 40
0.035
  1
PA-M-004
 72
1
 11
275.83299999999997
 21
-81.36829999999999
 31
0.0
100
AcDbText
 73
2
  0
LWPOLYLINE
  5
94A
330
17
100
AcDbEntity
  8
CORTE-RECORTE
100
AcDbPolyline
 90
4
 70
1
 10
276.0745
 20
-81.66829999999999
 10
276.1545
 20
-81.66829999999999
 10
276.1545
 20
-81.0683
 10
276.0745
 20
-81.0683
  0
TEXT
  5
94B
330
17
100
AcDbEntity
  8
CORTE-TEXTO
100
AcDbText
 10
276.1145
 20
-81.36829999999999
 30
0.0
 40
0.017777777777777778
  1
PB-M-029
 72
1
 11
276.1145
 21
-81.36829999999999
 31
0.0
100
AcDbText
 73
2
  0
LWPOLYLINE
  5
94C
330
17
100
AcDbEntity
  8
CORTE-SOBRANTE
100
AcDbPolyline
 90
4
 70
1
 10
275.5915
 20
-81.0683
 10
276.1875
 20
-81.0683
 10
276.1875
 20
-80.4743
 10
275.5915
 20
-80.4743
  0
LWPOLYLINE
  5
94D
330
17
100
AcDbEntity
  8
CORTE-DESPERDICIO
100
AcDbPolyline
 90
4
 70
1
 10
276.1545
 20
-81.66829999999999
 10
276.1875
 20
-81.66829999999999
 10
276.1875
 20
-81.0683
 10
276.1545
 20
-81.0683
  0
LWPOLYLINE
  5
94E
330
17
100
AcDbEntity
  8
CORTE-TILE
100
AcDbPolyline
 90
4
 70
1
 10
276.63750000000005
 20
-81.66829999999999
 10
277.23350000000005
 20
-81.66829999999999
 10
277.23350000000005
 20
-80.47429999999999
 10
276.63750000000005
 20
-80.47429999999999
  0
TEXT
  5
94F
330
17
100
AcDbEntity
  8
CORTE-TEXTO
100
AcDbText
 10
276.93550000000005
 20
-80.33429999999998
 30
0.0
 40
0.06
  1
M-71
 72
1
 11
276.93550000000005
 21
-80.33429999999998
 31
0.0
100
AcDbText
 73
2
  0
LWPOLYLINE
  5
950
330
17
100
AcDbEntity
  8
CORTE-RECORTE
100
AcDbPolyline
 90
4
 70
1
 10
276.63750000000005
 20
-81.66829999999999
 10
277.12050000000005
 20
-81.66829999999999
 10
277.12050000000005
 20
-81.0683
 10
276.63750000000005
 20
-81.0683
  0
TEXT
  5
951
330
17
100
AcDbEntity
  8
CORTE-TEXTO
100
AcDbText
 10
276.879
 20
-81.36829999999999
 30
0.0
 40
0.035
  1
PA-M-003
 72
1
 11
276.879
 21
-81.36829999999999
 31
0.0
100
AcDbText
 73
2
  0
LWPOLYLINE
  5
952
330
17
100
AcDbEntity
  8
CORTE-RECORTE
100
AcDbPolyline
 90
4
 70
1
 10
277.12050000000005
 20
-81.66829999999999
 10
277.20050000000003
 20
-81.66829999999999
 10
277.20050000000003
 20
-81.0683
 10
277.12050000000005
 20
-81.0683
  0
TEXT
  5
953
330
17
100
AcDbEntity
  8
CORTE-TEXTO
100
AcDbText
 10
277.16050000000007
 20
-81.36829999999999
 30
0.0
 40
0.017777777777777778
  1
PB-M-028
 72
1
 11
277.16050000000007
 21
-81.36829999999999
 31
0.0
100
AcDbText
 73
2
  0
LWPOLYLINE
  5
954
330
17
100
AcDbEntity
  8
CORTE-SOBRANTE
100
AcDbPolyline
 90
4
 70
1
 10
276.63750000000005
 20
-81.0683
 10
277.23350000000005
 20
-81.0683
 10
277.23350000000005
 20
-80.4743
 10
276.63750000000005
 20
-80.4743
  0
LWPOLYLINE
  5
955
330
17
100
AcDbEntity
  8
CORTE-DESPERDICIO
100
AcDbPolyline
 90
4
 70
1
 10
277.20050000000003
 20
-81.66829999999999
 10
277.23350000000005
 20
-81.66829999999999
 10
277.23350000000005
 20
-81.0683
 10
277.20050000000003
 20
-81.0683
  0
LWPOLYLINE
  5
956
330
17
100
AcDbEntity
  8
CORTE-TILE
100
AcDbPolyline
 90
4
 70
1
 10
277.68350000000004
 20
-81.66829999999999
 10
278.27950000000004
 20
-81.66829999999999
 10
278.27950000000004
 20
-80.47429999999999
 10
277.68350000000004
 20
-80.47429999999999
  0
TEXT
  5
957
330
17
100
AcDbEntity
  8
CORTE-TEXTO
100
AcDbText
 10
277.98150000000004
 20
-80.33429999999998
 30
0.0
 40
0.06
  1
M-72
 72
1
 11
277.98150000000004
 21
-80.33429999999998
 31
0.0
100
AcDbText
 73
2
  0
LWPOLYLINE
  5
958
330
17
100
AcDbEntity
  8
CORTE-RECORTE
100
AcDbPolyline
 90
4
 70
1
 10
277.68350000000004
 20
-81.66829999999999
 10
278.16650000000004
 20
-81.66829999999999
 10
278.16650000000004
 20
-81.0683
 10
277.68350000000004
 20
-81.0683
  0
TEXT
  5
959
330
17
100
AcDbEntity
  8
CORTE-TEXTO
100
AcDbText
 10
277.925
 20
-81.36829999999999
 30
0.0
 40
0.035
  1
PA-M-002
 72
1
 11
277.925
 21
-81.36829999999999
 31
0.0
100
AcDbText
 73
2
  0
LWPOLYLINE
  5
95A
330
17
100
AcDbEntity
  8
CORTE-RECORTE
100
AcDbPolyline
 90
4
 70
1
 10
278.16650000000004
 20
-81.66829999999999
 10
278.2465
 20
-81.66829999999999
 10
278.2465
 20
-81.0683
 10
278.16650000000004
 20
-81.0683
  0
TEXT
  5
95B
330
17
100
AcDbEntity
  8
CORTE-TEXTO
100
AcDbText
 10
278.20650000000006
 20
-81.36829999999999
 30
0.0
 40
0.017777777777777778
  1
PB-M-027
 72
1
 11
278.20650000000006
 21
-81.36829999999999
 31
0.0
100
AcDbText
 73
2
  0
LWPOLYLINE
  5
95C
330
17
100
AcDbEntity
  8
CORTE-SOBRANTE
100
AcDbPolyline
 90
4
 70
1
 10
277.68350000000004
 20
-81.0683
 10
278.27950000000004
 20
-81.0683
 10
278.27950000000004
 20
-80.4743
 10
277.68350000000004
 20
-80.4743
  0
LWPOLYLINE
  5
95D
330
17
100
AcDbEntity
  8
CORTE-DESPERDICIO
100
AcDbPolyline
 90
4
 70
1
 10
278.2465
 20
-81.66829999999999
 10
278.27950000000004
 20
-81.66829999999999
 10
278.27950000000004
 20
-81.0683
 10
278.2465
 20
-81.0683
  0
LWPOLYLINE
  5
95E
330
17
100
AcDbEntity
  8
CORTE-TILE
100
AcDbPolyline
 90
4
 70
1
 10
278.72950000000003
 20
-81.66829999999999
 10
279.32550000000003
 20
-81.66829999999999
 10
279.32550000000003
 20
-80.47429999999999
 10
278.72950000000003
 20
-80.47429999999999
  0
TEXT
  5
95F
330
17
100
AcDbEntity
  8
CORTE-TEXTO
100
AcDbText
 10
279.02750000000003
 20
-80.33429999999998
 30
0.0
 40
0.06
  1
M-73
 72
1
 11
279.02750000000003
 21
-80.33429999999998
 31
0.0
100
AcDbText
 73
2
  0
LWPOLYLINE
  5
960
330
17
100
AcDbEntity
  8
CORTE-RECORTE
100
AcDbPolyline
 90
4
 70
1
 10
278.72950000000003
 20
-81.66829999999999
 10
279.13750000000005
 20
-81.66829999999999
 10
279.13750000000005
 20
-81.00229999999999
 10
278.72950000000003
 20
-81.00229999999999
  0
TEXT
  5
961
330
17
100
AcDbEntity
  8
CORTE-TEXTO
100
AcDbText
 10
278.93350000000004
 20
-81.33529999999999
 30
0.0
 40
0.035
  1
PB-M-189
 72
1
 11
278.93350000000004
 21
-81.33529999999999
 31
0.0
100
AcDbText
 73
2
  0
LWPOLYLINE
  5
962
330
17
100
AcDbEntity
  8
CORTE-RECORTE
100
AcDbPolyline
 90
4
 70
1
 10
279.13750000000005
 20
-81.66829999999999
 10
279.31950000000006
 20
-81.66829999999999
 10
279.31950000000006
 20
-81.0683
 10
279.13750000000005
 20
-81.0683
  0
TEXT
  5
963
330
17
100
AcDbEntity
  8
CORTE-TEXTO
100
AcDbText
 10
279.22850000000005
 20
-81.36829999999999
 30
0.0
 40
0.035
  1
PB-M-092
 72
1
 11
279.22850000000005
 21
-81.36829999999999
 31
0.0
100
AcDbText
 73
2
  0
LWPOLYLINE
  5
964
330
17
100
AcDbEntity
  8
CORTE-SOBRANTE
100
AcDbPolyline
 90
4
 70
1
 10
278.72950000000003
 20
-81.00229999999999
 10
279.32550000000003
 20
-81.00229999999999
 10
279.32550000000003
 20
-80.47429999999999
 10
278.72950000000003
 20
-80.47429999999999
  0
LWPOLYLINE
  5
965
330
17
100
AcDbEntity
  8
CORTE-DESPERDICIO
100
AcDbPolyline
 90
4
 70
1
 10
279.13750000000005
 20
-81.0683
 10
279.32550000000003
 20
-81.0683
 10
279.32550000000003
 20
-81.00229999999999
 10
279.13750000000005
 20
-81.00229999999999
  0
LWPOLYLINE
  5
966
330
17
100
AcDbEntity
  8
CORTE-TILE
100
AcDbPolyline
 90
4
 70
1
 10
279.7755
 20
-81.66829999999999
 10
280.3715
 20
-81.66829999999999
 10
280.3715
 20
-80.47429999999999
 10
279.7755
 20
-80.47429999999999
  0
TEXT
  5
967
330
17
100
AcDbEntity
  8
CORTE-TEXTO
100
AcDbText
 10
280.0735
 20
-80.33429999999998
 30
0.0
 40
0.06
  1
M-74
 72
1
 11
280.0735
 21
-80.33429999999998
 31
0.0
100
AcDbText
 73
2
  0
LWPOLYLINE
  5
968
330
17
100
AcDbEntity
  8
CORTE-RECORTE
100
AcDbPolyline
 90
4
 70
1
 10
279.7755
 20
-81.66829999999999
 10
280.20950000000005
 20
-81.66829999999999
 10
280.20950000000005
 20
-81.0683
 10
279.7755
 20
-81.0683
  0
TEXT
  5
969
330
17
100
AcDbEntity
  8
CORTE-TEXTO
100
AcDbText
 10
279.9925
 20
-81.36829999999999
 30
0.0
 40
0.035
  1
PB-M-183
 72
1
 11
279.9925
 21
-81.36829999999999
 31
0.0
100
AcDbText
 73
2
  0
LWPOLYLINE
  5
96A
330
17
100
AcDbEntity
  8
CORTE-RECORTE
100
AcDbPolyline
 90
4
 70
1
 10
280.20950000000005
 20
-81.66829999999999
 10
280.3455000000001
 20
-81.66829999999999
 10
280.3455000000001
 20
-81.0683
 10
280.20950000000005
 20
-81.0683
  0
TEXT
  5
96B
330
17
100
AcDbEntity
  8
CORTE-TEXTO
100
AcDbText
 10
280.27750000000003
 20
-81.36829999999999
 30
0.0
 40
0.030222222222222223
  1
PB-M-003
 72
1
 11
280.27750000000003
 21
-81.36829999999999
 31
0.0
100
AcDbText
 73
2
  0
LWPOLYLINE
  5
96C
330
17
100
AcDbEntity
  8
CORTE-RECORTE
100
AcDbPolyline
 90
4
 70
1
 10
280.3455
 20
-81.66829999999999
 10
280.36150000000004
 20
-81.66829999999999
 10
280.36150000000004
 20
-81.0683
 10
280.3455
 20
-81.0683
  0
TEXT
  5
96D
330
17
100
AcDbEntity
  8
CORTE-TEXTO
100
AcDbText
 10
280.3535
 20
-81.36829999999999
 30
0.0
 40
0.0035555555555555557
  1
PB-M-197
 72
1
 11
280.3535
 21
-81.36829999999999
 31
0.0
100
AcDbText
 73
2
  0
LWPOLYLINE
  5
96E
330
17
100
AcDbEntity
  8
CORTE-SOBRANTE
100
AcDbPolyline
 90
4
 70
1
 10
279.7755
 20
-81.0683
 10
280.3715
 20
-81.0683
 10
280.3715
 20
-80.4743
 10
279.7755
 20
-80.4743
  0
LWPOLYLINE
  5
96F
330
17
100
AcDbEntity
  8
CORTE-TILE
100
AcDbPolyline
 90
4
 70
1
 10
280.8215
 20
-81.66829999999999
 10
281.4175
 20
-81.66829999999999
 10
281.4175
 20
-80.47429999999999
 10
280.8215
 20
-80.47429999999999
  0
TEXT
  5
970
330
17
100
AcDbEntity
  8
CORTE-TEXTO
100
AcDbText
 10
281.1195
 20
-80.33429999999998
 30
0.0
 40
0.06
  1
M-75
 72
1
 11
281.1195
 21
-80.33429999999998
 31
0.0
100
AcDbText
 73
2
  0
LWPOLYLINE
  5
971
330
17
100
AcDbEntity
  8
CORTE-RECORTE
100
AcDbPolyline
 90
4
 70
1
 10
280.8215
 20
-81.66829999999999
 10
281.25550000000004
 20
-81.66829999999999
 10
281.25550000000004
 20
-81.0683
 10
280.8215
 20
-81.0683
  0
TEXT
  5
972
330
17
100
AcDbEntity
  8
CORTE-TEXTO
100
AcDbText
 10
281.0385
 20
-81.36829999999999
 30
0.0
 40
0.035
  1
PB-M-182
 72
1
 11
281.0385
 21
-81.36829999999999
 31
0.0
100
AcDbText
 73
2
  0
LWPOLYLINE
  5
973
330
17
100
AcDbEntity
  8
CORTE-RECORTE
100
AcDbPolyline
 90
4
 70
1
 10
281.25550000000004
 20
-81.66829999999999
 10
281.39150000000006
 20
-81.66829999999999
 10
281.39150000000006
 20
-81.0683
 10
281.25550000000004
 20
-81.0683
  0
TEXT
  5
974
330
17
100
AcDbEntity
  8
CORTE-TEXTO
100
AcDbText
 10
281.3235
 20
-81.36829999999999
 30
0.0
 40
0.030222222222222223
  1
PB-M-002
 72
1
 11
281.3235
 21
-81.36829999999999
 31
0.0
100
AcDbText
 73
2
  0
LWPOLYLINE
  5
975
330
17
100
AcDbEntity
  8
CORTE-RECORTE
100
AcDbPolyline
 90
4
 70
1
 10
281.3915
 20
-81.66829999999999
 10
281.4075
 20
-81.66829999999999
 10
281.4075
 20
-81.0683
 10
281.3915
 20
-81.0683
  0
TEXT
  5
976
330
17
100
AcDbEntity
  8
CORTE-TEXTO
100
AcDbText
 10
281.3995
 20
-81.36829999999999
 30
0.0
 40
0.0035555555555555557
  1
PB-M-196
 72
1
 11
281.3995
 21
-81.36829999999999
 31
0.0
100
AcDbText
 73
2
  0
LWPOLYLINE
  5
977
330
17
100
AcDbEntity
  8
CORTE-SOBRANTE
100
AcDbPolyline
 90
4
 70
1
 10
280.8215
 20
-81.0683
 10
281.4175
 20
-81.0683
 10
281.4175
 20
-80.4743
 10
280.8215
 20
-80.4743
  0
LWPOLYLINE
  5
978
330
17
100
AcDbEntity
  8
CORTE-TILE
100
AcDbPolyline
 90
4
 70
1
 10
281.8675
 20
-81.66829999999999
 10
282.4635
 20
-81.66829999999999
 10
282.4635
 20
-80.47429999999999
 10
281.8675
 20
-80.47429999999999
  0
TEXT
  5
979
330
17
100
AcDbEntity
  8
CORTE-TEXTO
100
AcDbText
 10
282.1655
 20
-80.33429999999998
 30
0.0
 40
0.06
  1
M-76
 72
1
 11
282.1655
 21
-80.33429999999998
 31
0.0
100
AcDbText
 73
2
  0
LWPOLYLINE
  5
97A
330
17
100
AcDbEntity
  8
CORTE-RECORTE
100
AcDbPolyline
 90
4
 70
1
 10
281.8675
 20
-81.66829999999999
 10
282.30150000000003
 20
-81.66829999999999
 10
282.30150000000003
 20
-81.0683
 10
281.8675
 20
-81.0683
  0
TEXT
  5
97B
330
17
100
AcDbEntity
  8
CORTE-TEXTO
100
AcDbText
 10
282.0845
 20
-81.36829999999999
 30
0.0
 40
0.035
  1
PB-M-181
 72
1
 11
282.0845
 21
-81.36829999999999
 31
0.0
100
AcDbText
 73
2
  0
LWPOLYLINE
  5
97C
330
17
100
AcDbEntity
  8
CORTE-RECORTE
100
AcDbPolyline
 90
4
 70
1
 10
282.30150000000003
 20
-81.66829999999999
 10
282.43750000000006
 20
-81.66829999999999
 10
282.43750000000006
 20
-81.0683
 10
282.30150000000003
 20
-81.0683
  0
TEXT
  5
97D
330
17
100
AcDbEntity
  8
CORTE-TEXTO
100
AcDbText
 10
282.3695
 20
-81.36829999999999
 30
0.0
 40
0.030222222222222223
  1
PB-M-001
 72
1
 11
282.3695
 21
-81.36829999999999
 31
0.0
100
AcDbText
 73
2
  0
LWPOLYLINE
  5
97E
330
17
100
AcDbEntity
  8
CORTE-RECORTE
100
AcDbPolyline
 90
4
 70
1
 10
282.4375
 20
-81.66829999999999
 10
282.4535
 20
-81.66829999999999
 10
282.4535
 20
-81.0683
 10
282.4375
 20
-81.0683
  0
TEXT
  5
97F
330
17
100
AcDbEntity
  8
CORTE-TEXTO
100
AcDbText
 10
282.4455
 20
-81.36829999999999
 30
0.0
 40
0.0035555555555555557
  1
PB-M-195
 72
1
 11
282.4455
 21
-81.36829999999999
 31
0.0
100
AcDbText
 73
2
  0
LWPOLYLINE
  5
980
330
17
100
AcDbEntity
  8
CORTE-SOBRANTE
100
AcDbPolyline
 90
4
 70
1
 10
281.8675
 20
-81.0683
 10
282.4635
 20
-81.0683
 10
282.4635
 20
-80.4743
 10
281.8675
 20
-80.4743
  0
LWPOLYLINE
  5
981
330
17
100
AcDbEntity
  8
CORTE-TILE
100
AcDbPolyline
 90
4
 70
1
 10
282.9135
 20
-81.66829999999999
 10
283.5095
 20
-81.66829999999999
 10
283.5095
 20
-80.47429999999999
 10
282.9135
 20
-80.47429999999999
  0
TEXT
  5
982
330
17
100
AcDbEntity
  8
CORTE-TEXTO
100
AcDbText
 10
283.2115
 20
-80.33429999999998
 30
0.0
 40
0.06
  1
M-77
 72
1
 11
283.2115
 21
-80.33429999999998
 31
0.0
100
AcDbText
 73
2
  0
LWPOLYLINE
  5
983
330
17
100
AcDbEntity
  8
CORTE-RECORTE
100
AcDbPolyline
 90
4
 70
1
 10
282.9135
 20
-81.66829999999999
 10
283.3475
 20
-81.66829999999999
 10
283.3475
 20
-81.0683
 10
282.9135
 20
-81.0683
  0
TEXT
  5
984
330
17
100
AcDbEntity
  8
CORTE-TEXTO
100
AcDbText
 10
283.1305
 20
-81.36829999999999
 30
0.0
 40
0.035
  1
PB-M-180
 72
1
 11
283.1305
 21
-81.36829999999999
 31
0.0
100
AcDbText
 73
2
  0
LWPOLYLINE
  5
985
330
17
100
AcDbEntity
  8
CORTE-RECORTE
100
AcDbPolyline
 90
4
 70
1
 10
283.3475
 20
-81.66829999999999
 10
283.46750000000003
 20
-81.66829999999999
 10
283.46750000000003
 20
-81.0683
 10
283.3475
 20
-81.0683
  0
TEXT
  5
986
330
17
100
AcDbEntity
  8
CORTE-TEXTO
100
AcDbText
 10
283.4075
 20
-81.36829999999999
 30
0.0
 40
0.026666666666666665
  1
PA-M-009
 72
1
 11
283.4075
 21
-81.36829999999999
 31
0.0
100
AcDbText
 73
2
  0
LWPOLYLINE
  5
987
330
17
100
AcDbEntity
  8
CORTE-RECORTE
100
AcDbPolyline
 90
4
 70
1
 10
283.4675
 20
-81.66829999999999
 10
283.5075
 20
-81.66829999999999
 10
283.5075
 20
-81.0683
 10
283.4675
 20
-81.0683
  0
TEXT
  5
988
330
17
100
AcDbEntity
  8
CORTE-TEXTO
100
AcDbText
 10
283.48749999999995
 20
-81.36829999999999
 30
0.0
 40
0.008888888888888889
  1
PB-M-025
 72
1
 11
283.48749999999995
 21
-81.36829999999999
 31
0.0
100
AcDbText
 73
2
  0
LWPOLYLINE
  5
989
330
17
100
AcDbEntity
  8
CORTE-SOBRANTE
100
AcDbPolyline
 90
4
 70
1
 10
282.9135
 20
-81.0683
 10
283.5095
 20
-81.0683
 10
283.5095
 20
-80.4743
 10
282.9135
 20
-80.4743
  0
LWPOLYLINE
  5
98A
330
17
100
AcDbEntity
  8
CORTE-TILE
100
AcDbPolyline
 90
4
 70
1
 10
283.95950000000005
 20
-81.66829999999999
 10
284.55550000000005
 20
-81.66829999999999
 10
284.55550000000005
 20
-80.47429999999999
 10
283.95950000000005
 20
-80.47429999999999
  0
TEXT
  5
98B
330
17
100
AcDbEntity
  8
CORTE-TEXTO
100
AcDbText
 10
284.25750000000005
 20
-80.33429999999998
 30
0.0
 40
0.06
  1
M-78
 72
1
 11
284.25750000000005
 21
-80.33429999999998
 31
0.0
100
AcDbText
 73
2
  0
LWPOLYLINE
  5
98C
330
17
100
AcDbEntity
  8
CORTE-RECORTE
100
AcDbPolyline
 90
4
 70
1
 10
283.95950000000005
 20
-81.66829999999999
 10
284.3935000000001
 20
-81.66829999999999
 10
284.3935000000001
 20
-81.0683
 10
283.95950000000005
 20
-81.0683
  0
TEXT
  5
98D
330
17
100
AcDbEntity
  8
CORTE-TEXTO
100
AcDbText
 10
284.17650000000003
 20
-81.36829999999999
 30
0.0
 40
0.035
  1
PB-M-179
 72
1
 11
284.17650000000003
 21
-81.36829999999999
 31
0.0
100
AcDbText
 73
2
  0
LWPOLYLINE
  5
98E
330
17
100
AcDbEntity
  8
CORTE-RECORTE
100
AcDbPolyline
 90
4
 70
1
 10
284.3935000000001
 20
-81.66829999999999
 10
284.5255000000001
 20
-81.66829999999999
 10
284.5255000000001
 20
-81.23429999999999
 10
284.3935000000001
 20
-81.23429999999999
  0
TEXT
  5
98F
330
17
100
AcDbEntity
  8
CORTE-TEXTO
100
AcDbText
 10
284.45950000000005
 20
-81.45129999999999
 30
0.0
 40
0.029333333333333336
  1
PB-M-184
 72
1
 11
284.45950000000005
 21
-81.45129999999999
 31
0.0
100
AcDbText
 73
2
  0
LWPOLYLINE
  5
990
330
17
100
AcDbEntity
  8
CORTE-SOBRANTE
100
AcDbPolyline
 90
4
 70
1
 10
283.95950000000005
 20
-81.0683
 10
284.55550000000005
 20
-81.0683
 10
284.55550000000005
 20
-80.4743
 10
283.95950000000005
 20
-80.4743
  0
LWPOLYLINE
  5
991
330
17
100
AcDbEntity
  8
CORTE-SOBRANTE
100
AcDbPolyline
 90
4
 70
1
 10
284.3935000000001
 20
-81.23429999999999
 10
284.55550000000005
 20
-81.23429999999999
 10
284.55550000000005
 20
-81.0683
 10
284.3935000000001
 20
-81.0683
  0
LWPOLYLINE
  5
992
330
17
100
AcDbEntity
  8
CORTE-DESPERDICIO
100
AcDbPolyline
 90
4
 70
1
 10
284.5255
 20
-81.66829999999999
 10
284.5555
 20
-81.66829999999999
 10
284.5555
 20
-81.23429999999999
 10
284.5255
 20
-81.23429999999999
  0
LWPOLYLINE
  5
993
330
17
100
AcDbEntity
  8
CORTE-TILE
100
AcDbPolyline
 90
4
 70
1
 10
285.00550000000004
 20
-81.66829999999999
 10
285.60150000000004
 20
-81.66829999999999
 10
285.60150000000004
 20
-80.47429999999999
 10
285.00550000000004
 20
-80.47429999999999
  0
TEXT
  5
994
330
17
100
AcDbEntity
  8
CORTE-TEXTO
100
AcDbText
 10
285.30350000000004
 20
-80.33429999999998
 30
0.0
 40
0.06
  1
M-79
 72
1
 11
285.30350000000004
 21
-80.33429999999998
 31
0.0
100
AcDbText
 73
2
  0
LWPOLYLINE
  5
995
330
17
100
AcDbEntity
  8
CORTE-RECORTE
100
AcDbPolyline
 90
4
 70
1
 10
285.00550000000004
 20
-81.66829999999999
 10
285.43950000000007
 20
-81.66829999999999
 10
285.43950000000007
 20
-81.0683
 10
285.00550000000004
 20
-81.0683
  0
TEXT
  5
996
330
17
100
AcDbEntity
  8
CORTE-TEXTO
100
AcDbText
 10
285.2225
 20
-81.36829999999999
 30
0.0
 40
0.035
  1
PB-M-178
 72
1
 11
285.2225
 21
-81.36829999999999
 31
0.0
100
AcDbText
 73
2
  0
LWPOLYLINE
  5
997
330
17
100
AcDbEntity
  8
CORTE-RECORTE
100
AcDbPolyline
 90
4
 70
1
 10
285.43950000000007
 20
-81.66829999999999
 10
285.55950000000007
 20
-81.66829999999999
 10
285.55950000000007
 20
-81.25829999999999
 10
285.43950000000007
 20
-81.25829999999999
  0
TEXT
  5
998
330
17
100
AcDbEntity
  8
CORTE-TEXTO
100
AcDbText
 10
285.49950000000007
 20
-81.46329999999999
 30
0.0
 40
0.026666666666666665
  1
PA-M-010
 72
1
 11
285.49950000000007
 21
-81.46329999999999
 31
0.0
100
AcDbText
 73
2
  0
LWPOLYLINE
  5
999
330
17
100
AcDbEntity
  8
CORTE-RECORTE
100
AcDbPolyline
 90
4
 70
1
 10
285.5595
 20
-81.66829999999999
 10
285.59950000000003
 20
-81.66829999999999
 10
285.59950000000003
 20
-81.30829999999999
 10
285.5595
 20
-81.30829999999999
  0
TEXT
  5
99A
330
17
100
AcDbEntity
  8
CORTE-TEXTO
100
AcDbText
 10
285.5795
 20
-81.48829999999998
 30
0.0
 40
0.008888888888888889
  1
PB-M-026
 72
1
 11
285.5795
 21
-81.48829999999998
 31
0.0
100
AcDbText
 73
2
  0
LWPOLYLINE
  5
99B
330
17
100
AcDbEntity
  8
CORTE-SOBRANTE
100
AcDbPolyline
 90
4
 70
1
 10
285.00550000000004
 20
-81.0683
 10
285.60150000000004
 20
-81.0683
 10
285.60150000000004
 20
-80.4743
 10
285.00550000000004
 20
-80.4743
  0
LWPOLYLINE
  5
99C
330
17
100
AcDbEntity
  8
CORTE-SOBRANTE
100
AcDbPolyline
 90
4
 70
1
 10
285.43950000000007
 20
-81.25829999999999
 10
285.60150000000004
 20
-81.25829999999999
 10
285.60150000000004
 20
-81.0683
 10
285.43950000000007
 20
-81.0683
  0
LWPOLYLINE
  5
99D
330
17
100
AcDbEntity
  8
CORTE-DESPERDICIO
100
AcDbPolyline
 90
4
 70
1
 10
285.5595
 20
-81.30829999999999
 10
285.6015
 20
-81.30829999999999
 10
285.6015
 20
-81.25829999999999
 10
285.5595
 20
-81.25829999999999
  0
LWPOLYLINE
  5
99E
330
17
100
AcDbEntity
  8
CORTE-TILE
100
AcDbPolyline
 90
4
 70
1
 10
286.05150000000003
 20
-81.66829999999999
 10
286.64750000000004
 20
-81.66829999999999
 10
286.64750000000004
 20
-80.47429999999999
 10
286.05150000000003
 20
-80.47429999999999
  0
TEXT
  5
99F
330
17
100
AcDbEntity
  8
CORTE-TEXTO
100
AcDbText
 10
286.34950000000003
 20
-80.33429999999998
 30
0.0
 40
0.06
  1
M-80
 72
1
 11
286.34950000000003
 21
-80.33429999999998
 31
0.0
100
AcDbText
 73
2
  0
LWPOLYLINE
  5
9A0
330
17
100
AcDbEntity
  8
CORTE-RECORTE
100
AcDbPolyline
 90
4
 70
1
 10
286.05150000000003
 20
-81.66829999999999
 10
286.48550000000006
 20
-81.66829999999999
 10
286.48550000000006
 20
-81.0683
 10
286.05150000000003
 20
-81.0683
  0
TEXT
  5
9A1
330
17
100
AcDbEntity
  8
CORTE-TEXTO
100
AcDbText
 10
286.2685
 20
-81.36829999999999
 30
0.0
 40
0.035
  1
PB-M-177
 72
1
 11
286.2685
 21
-81.36829999999999
 31
0.0
100
AcDbText
 73
2
  0
LWPOLYLINE
  5
9A2
330
17
100
AcDbEntity
  8
CORTE-RECORTE
100
AcDbPolyline
 90
4
 70
1
 10
286.48550000000006
 20
-81.66829999999999
 10
286.6335000000001
 20
-81.66829999999999
 10
286.6335000000001
 20
-81.35029999999999
 10
286.48550000000006
 20
-81.35029999999999
  0
TEXT
  5
9A3
330
17
100
AcDbEntity
  8
CORTE-TEXTO
100
AcDbText
 10
286.55950000000007
 20
-81.50929999999998
 30
0.0
 40
0.032888888888888884
  1
PA-M-030
 72
1
 11
286.55950000000007
 21
-81.50929999999998
 31
0.0
100
AcDbText
 73
2
  0
LWPOLYLINE
  5
9A4
330
17
100
AcDbEntity
  8
CORTE-RECORTE
100
AcDbPolyline
 90
4
 70
1
 10
286.48550000000006
 20
-81.35029999999999
 10
286.61750000000006
 20
-81.35029999999999
 10
286.61750000000006
 20
-81.15629999999999
 10
286.48550000000006
 20
-81.15629999999999
  0
TEXT
  5
9A5
330
17
100
AcDbEntity
  8
CORTE-TEXTO
100
AcDbText
 10
286.55150000000003
 20
-81.2533
 30
0.0
 40
0.029333333333333336
  1
PB-M-085
 72
1
 11
286.55150000000003
 21
-81.2533
 31
0.0
100
AcDbText
 73
2
  0
LWPOLYLINE
  5
9A6
330
17
100
AcDbEntity
  8
CORTE-RECORTE
100
AcDbPolyline
 90
4
 70
1
 10
286.6175
 20
-81.35029999999999
 10
286.6335
 20
-81.35029999999999
 10
286.6335
 20
-81.21829999999999
 10
286.6175
 20
-81.21829999999999
  0
TEXT
  5
9A7
330
17
100
AcDbEntity
  8
CORTE-TEXTO
100
AcDbText
 10
286.6255
 20
-81.28429999999999
 30
0.0
 40
0.0035555555555555557
  1
PB-M-199
 72
1
 11
286.6255
 21
-81.28429999999999
 31
0.0
100
AcDbText
 73
2
  0
LWPOLYLINE
  5
9A8
330
17
100
AcDbEntity
  8
CORTE-SOBRANTE
100
AcDbPolyline
 90
4
 70
1
 10
286.05150000000003
 20
-81.0683
 10
286.64750000000004
 20
-81.0683
 10
286.64750000000004
 20
-80.4743
 10
286.05150000000003
 20
-80.4743
  0
LWPOLYLINE
  5
9A9
330
17
100
AcDbEntity
  8
CORTE-DESPERDICIO
100
AcDbPolyline
 90
4
 70
1
 10
286.6335
 20
-81.66829999999999
 10
286.64750000000004
 20
-81.66829999999999
 10
286.64750000000004
 20
-81.35029999999999
 10
286.6335
 20
-81.35029999999999
  0
LWPOLYLINE
  5
9AA
330
17
100
AcDbEntity
  8
CORTE-DESPERDICIO
100
AcDbPolyline
 90
4
 70
1
 10
286.48550000000006
 20
-81.15629999999999
 10
286.64750000000004
 20
-81.15629999999999
 10
286.64750000000004
 20
-81.0683
 10
286.48550000000006
 20
-81.0683
  0
LWPOLYLINE
  5
9AB
330
17
100
AcDbEntity
  8
CORTE-DESPERDICIO
100
AcDbPolyline
 90
4
 70
1
 10
286.6335
 20
-81.35029999999999
 10
286.64750000000004
 20
-81.35029999999999
 10
286.64750000000004
 20
-81.15629999999999
 10
286.6335
 20
-81.15629999999999
  0
LWPOLYLINE
  5
9AC
330
17
100
AcDbEntity
  8
CORTE-DESPERDICIO
100
AcDbPolyline
 90
4
 70
1
 10
286.6175
 20
-81.21829999999999
 10
286.6335
 20
-81.21829999999999
 10
286.6335
 20
-81.15629999999999
 10
286.6175
 20
-81.15629999999999
  0
LWPOLYLINE
  5
9AD
330
17
100
AcDbEntity
  8
CORTE-TILE
100
AcDbPolyline
 90
4
 70
1
 10
287.0975
 20
-81.66829999999999
 10
287.69350000000003
 20
-81.66829999999999
 10
287.69350000000003
 20
-80.47429999999999
 10
287.0975
 20
-80.47429999999999
  0
TEXT
  5
9AE
330
17
100
AcDbEntity
  8
CORTE-TEXTO
100
AcDbText
 10
287.3955
 20
-80.33429999999998
 30
0.0
 40
0.06
  1
M-81
 72
1
 11
287.3955
 21
-80.33429999999998
 31
0.0
100
AcDbText
 73
2
  0
LWPOLYLINE
  5
9AF
330
17
100
AcDbEntity
  8
CORTE-RECORTE
100
AcDbPolyline
 90
4
 70
1
 10
287.0975
 20
-81.66829999999999
 10
287.47150000000005
 20
-81.66829999999999
 10
287.47150000000005
 20
-81.0683
 10
287.0975
 20
-81.0683
  0
TEXT
  5
9B0
330
17
100
AcDbEntity
  8
CORTE-TEXTO
100
AcDbText
 10
287.28450000000004
 20
-81.36829999999999
 30
0.0
 40
0.035
  1
PB-M-087
 72
1
 11
287.28450000000004
 21
-81.36829999999999
 31
0.0
100
AcDbText
 73
2
  0
LWPOLYLINE
  5
9B1
330
17
100
AcDbEntity
  8
CORTE-RECORTE
100
AcDbPolyline
 90
4
 70
1
 10
287.47150000000005
 20
-81.66829999999999
 10
287.67150000000004
 20
-81.66829999999999
 10
287.67150000000004
 20
-81.0683
 10
287.47150000000005
 20
-81.0683
  0
TEXT
  5
9B2
330
17
100
AcDbEntity
  8
CORTE-TEXTO
100
AcDbText
 10
287.57150000000007
 20
-81.36829999999999
 30
0.0
 40
0.035
  1
PA-M-028
 72
1
 11
287.57150000000007
 21
-81.36829999999999
 31
0.0
100
AcDbText
 73
2
  0
LWPOLYLINE
  5
9B3
330
17
100
AcDbEntity
  8
CORTE-RECORTE
100
AcDbPolyline
 90
4
 70
1
 10
287.67150000000004
 20
-81.66829999999999
 10
287.68750000000006
 20
-81.66829999999999
 10
287.68750000000006
 20
-81.0683
 10
287.67150000000004
 20
-81.0683
  0
TEXT
  5
9B4
330
17
100
AcDbEntity
  8
CORTE-TEXTO
100
AcDbText
 10
287.6795
 20
-81.36829999999999
 30
0.0
 40
0.0035555555555555557
  1
PB-M-198
 72
1
 11
287.6795
 21
-81.36829999999999
 31
0.0
100
AcDbText
 73
2
  0
LWPOLYLINE
  5
9B5
330
17
100
AcDbEntity
  8
CORTE-SOBRANTE
100
AcDbPolyline
 90
4
 70
1
 10
287.0975
 20
-81.0683
 10
287.69350000000003
 20
-81.0683
 10
287.69350000000003
 20
-80.4743
 10
287.0975
 20
-80.4743
  0
LWPOLYLINE
  5
9B6
330
17
100
AcDbEntity
  8
CORTE-TILE
100
AcDbPolyline
 90
4
 70
1
 10
288.1435
 20
-81.66829999999999
 10
288.7395
 20
-81.66829999999999
 10
288.7395
 20
-80.47429999999999
 10
288.1435
 20
-80.47429999999999
  0
TEXT
  5
9B7
330
17
100
AcDbEntity
  8
CORTE-TEXTO
100
AcDbText
 10
288.4415
 20
-80.33429999999998
 30
0.0
 40
0.06
  1
M-82
 72
1
 11
288.4415
 21
-80.33429999999998
 31
0.0
100
AcDbText
 73
2
  0
LWPOLYLINE
  5
9B8
330
17
100
AcDbEntity
  8
CORTE-RECORTE
100
AcDbPolyline
 90
4
 70
1
 10
288.1435
 20
-81.66829999999999
 10
288.51750000000004
 20
-81.66829999999999
 10
288.51750000000004
 20
-81.0683
 10
288.1435
 20
-81.0683
  0
TEXT
  5
9B9
330
17
100
AcDbEntity
  8
CORTE-TEXTO
100
AcDbText
 10
288.33050000000003
 20
-81.36829999999999
 30
0.0
 40
0.035
  1
PB-M-088
 72
1
 11
288.33050000000003
 21
-81.36829999999999
 31
0.0
100
AcDbText
 73
2
  0
LWPOLYLINE
  5
9BA
330
17
100
AcDbEntity
  8
CORTE-RECORTE
100
AcDbPolyline
 90
4
 70
1
 10
288.51750000000004
 20
-81.66829999999999
 10
288.71150000000006
 20
-81.66829999999999
 10
288.71150000000006
 20
-81.0683
 10
288.51750000000004
 20
-81.0683
  0
TEXT
  5
9BB
330
17
100
AcDbEntity
  8
CORTE-TEXTO
100
AcDbText
 10
288.6145
 20
-81.36829999999999
 30
0.0
 40
0.035
  1
PB-M-084
 72
1
 11
288.6145
 21
-81.36829999999999
 31
0.0
100
AcDbText
 73
2
  0
LWPOLYLINE
  5
9BC
330
17
100
AcDbEntity
  8
CORTE-SOBRANTE
100
AcDbPolyline
 90
4
 70
1
 10
288.1435
 20
-81.0683
 10
288.7395
 20
-81.0683
 10
288.7395
 20
-80.4743
 10
288.1435
 20
-80.4743
  0
LWPOLYLINE
  5
9BD
330
17
100
AcDbEntity
  8
CORTE-DESPERDICIO
100
AcDbPolyline
 90
4
 70
1
 10
288.7115
 20
-81.66829999999999
 10
288.7395
 20
-81.66829999999999
 10
288.7395
 20
-81.0683
 10
288.7115
 20
-81.0683
  0
LWPOLYLINE
  5
9BE
330
17
100
AcDbEntity
  8
CORTE-TILE
100
AcDbPolyline
 90
4
 70
1
 10
289.1895
 20
-81.66829999999999
 10
289.7855
 20
-81.66829999999999
 10
289.7855
 20
-80.47429999999999
 10
289.1895
 20
-80.47429999999999
  0
TEXT
  5
9BF
330
17
100
AcDbEntity
  8
CORTE-TEXTO
100
AcDbText
 10
289.4875
 20
-80.33429999999998
 30
0.0
 40
0.06
  1
M-83
 72
1
 11
289.4875
 21
-80.33429999999998
 31
0.0
100
AcDbText
 73
2
  0
LWPOLYLINE
  5
9C0
330
17
100
AcDbEntity
  8
CORTE-RECORTE
100
AcDbPolyline
 90
4
 70
1
 10
289.1895
 20
-81.66829999999999
 10
289.5075
 20
-81.66829999999999
 10
289.5075
 20
-81.0683
 10
289.1895
 20
-81.0683
  0
TEXT
  5
9C1
330
17
100
AcDbEntity
  8
CORTE-TEXTO
100
AcDbText
 10
289.3485
 20
-81.36829999999999
 30
0.0
 40
0.035
  1
PA-M-031
 72
1
 11
289.3485
 21
-81.36829999999999
 31
0.0
100
AcDbText
 73
2
  0
LWPOLYLINE
  5
9C2
330
17
100
AcDbEntity
  8
CORTE-RECORTE
100
AcDbPolyline
 90
4
 70
1
 10
289.5075
 20
-81.66829999999999
 10
289.7535
 20
-81.66829999999999
 10
289.7535
 20
-81.0683
 10
289.5075
 20
-81.0683
  0
TEXT
  5
9C3
330
17
100
AcDbEntity
  8
CORTE-TEXTO
100
AcDbText
 10
289.6305
 20
-81.36829999999999
 30
0.0
 40
0.035
  1
PB-M-080
 72
1
 11
289.6305
 21
-81.36829999999999
 31
0.0
100
AcDbText
 73
2
  0
LWPOLYLINE
  5
9C4
330
17
100
AcDbEntity
  8
CORTE-SOBRANTE
100
AcDbPolyline
 90
4
 70
1
 10
289.1895
 20
-81.0683
 10
289.7855
 20
-81.0683
 10
289.7855
 20
-80.4743
 10
289.1895
 20
-80.4743
  0
LWPOLYLINE
  5
9C5
330
17
100
AcDbEntity
  8
CORTE-DESPERDICIO
100
AcDbPolyline
 90
4
 70
1
 10
289.75350000000003
 20
-81.66829999999999
 10
289.7855
 20
-81.66829999999999
 10
289.7855
 20
-81.0683
 10
289.75350000000003
 20
-81.0683
  0
LWPOLYLINE
  5
9C6
330
17
100
AcDbEntity
  8
CORTE-TILE
100
AcDbPolyline
 90
4
 70
1
 10
290.2355
 20
-81.66829999999999
 10
290.8315
 20
-81.66829999999999
 10
290.8315
 20
-80.47429999999999
 10
290.2355
 20
-80.47429999999999
  0
TEXT
  5
9C7
330
17
100
AcDbEntity
  8
CORTE-TEXTO
100
AcDbText
 10
290.5335
 20
-80.33429999999998
 30
0.0
 40
0.06
  1
M-84
 72
1
 11
290.5335
 21
-80.33429999999998
 31
0.0
100
AcDbText
 73
2
  0
LWPOLYLINE
  5
9C8
330
17
100
AcDbEntity
  8
CORTE-RECORTE
100
AcDbPolyline
 90
4
 70
1
 10
290.2355
 20
-81.66829999999999
 10
290.5535
 20
-81.66829999999999
 10
290.5535
 20
-81.0683
 10
290.2355
 20
-81.0683
  0
TEXT
  5
9C9
330
17
100
AcDbEntity
  8
CORTE-TEXTO
100
AcDbText
 10
290.3945
 20
-81.36829999999999
 30
0.0
 40
0.035
  1
PA-M-032
 72
1
 11
290.3945
 21
-81.36829999999999
 31
0.0
100
AcDbText
 73
2
  0
LWPOLYLINE
  5
9CA
330
17
100
AcDbEntity
  8
CORTE-RECORTE
100
AcDbPolyline
 90
4
 70
1
 10
290.5535
 20
-81.66829999999999
 10
290.82349999999997
 20
-81.66829999999999
 10
290.82349999999997
 20
-81.12829999999998
 10
290.5535
 20
-81.12829999999998
  0
TEXT
  5
9CB
330
17
100
AcDbEntity
  8
CORTE-TEXTO
100
AcDbText
 10
290.6885
 20
-81.39829999999999
 30
0.0
 40
0.035
  1
PA-M-061
 72
1
 11
290.6885
 21
-81.39829999999999
 31
0.0
100
AcDbText
 73
2
  0
LWPOLYLINE
  5
9CC
330
17
100
AcDbEntity
  8
CORTE-SOBRANTE
100
AcDbPolyline
 90
4
 70
1
 10
290.2355
 20
-81.0683
 10
290.8315
 20
-81.0683
 10
290.8315
 20
-80.4743
 10
290.2355
 20
-80.4743
  0
LWPOLYLINE
  5
9CD
330
17
100
AcDbEntity
  8
CORTE-DESPERDICIO
100
AcDbPolyline
 90
4
 70
1
 10
290.5535
 20
-81.12829999999998
 10
290.8315
 20
-81.12829999999998
 10
290.8315
 20
-81.06829999999998
 10
290.5535
 20
-81.06829999999998
  0
LWPOLYLINE
  5
9CE
330
17
100
AcDbEntity
  8
CORTE-TILE
100
AcDbPolyline
 90
4
 70
1
 10
291.2815
 20
-81.66829999999999
 10
291.8775
 20
-81.66829999999999
 10
291.8775
 20
-80.47429999999999
 10
291.2815
 20
-80.47429999999999
  0
TEXT
  5
9CF
330
17
100
AcDbEntity
  8
CORTE-TEXTO
100
AcDbText
 10
291.5795
 20
-80.33429999999998
 30
0.0
 40
0.06
  1
M-85
 72
1
 11
291.5795
 21
-80.33429999999998
 31
0.0
100
AcDbText
 73
2
  0
LWPOLYLINE
  5
9D0
330
17
100
AcDbEntity
  8
CORTE-RECORTE
100
AcDbPolyline
 90
4
 70
1
 10
291.2815
 20
-81.66829999999999
 10
291.5995
 20
-81.66829999999999
 10
291.5995
 20
-81.0683
 10
291.2815
 20
-81.0683
  0
TEXT
  5
9D1
330
17
100
AcDbEntity
  8
CORTE-TEXTO
100
AcDbText
 10
291.4405
 20
-81.36829999999999
 30
0.0
 40
0.035
  1
PA-M-033
 72
1
 11
291.4405
 21
-81.36829999999999
 31
0.0
100
AcDbText
 73
2
  0
LWPOLYLINE
  5
9D2
330
17
100
AcDbEntity
  8
CORTE-RECORTE
100
AcDbPolyline
 90
4
 70
1
 10
291.5995
 20
-81.66829999999999
 10
291.86949999999996
 20
-81.66829999999999
 10
291.86949999999996
 20
-81.12829999999998
 10
291.5995
 20
-81.12829999999998
  0
TEXT
  5
9D3
330
17
100
AcDbEntity
  8
CORTE-TEXTO
100
AcDbText
 10
291.73449999999997
 20
-81.39829999999999
 30
0.0
 40
0.035
  1
PA-M-062
 72
1
 11
291.73449999999997
 21
-81.39829999999999
 31
0.0
100
AcDbText
 73
2
  0
LWPOLYLINE
  5
9D4
330
17
100
AcDbEntity
  8
CORTE-SOBRANTE
100
AcDbPolyline
 90
4
 70
1
 10
291.2815
 20
-81.0683
 10
291.8775
 20
-81.0683
 10
291.8775
 20
-80.4743
 10
291.2815
 20
-80.4743
  0
LWPOLYLINE
  5
9D5
330
17
100
AcDbEntity
  8
CORTE-DESPERDICIO
100
AcDbPolyline
 90
4
 70
1
 10
291.5995
 20
-81.12829999999998
 10
291.8775
 20
-81.12829999999998
 10
291.8775
 20
-81.06829999999998
 10
291.5995
 20
-81.06829999999998
  0
LWPOLYLINE
  5
9D6
330
17
100
AcDbEntity
  8
CORTE-TILE
100
AcDbPolyline
 90
4
 70
1
 10
292.32750000000004
 20
-81.66829999999999
 10
292.92350000000005
 20
-81.66829999999999
 10
292.92350000000005
 20
-80.47429999999999
 10
292.32750000000004
 20
-80.47429999999999
  0
TEXT
  5
9D7
330
17
100
AcDbEntity
  8
CORTE-TEXTO
100
AcDbText
 10
292.62550000000005
 20
-80.33429999999998
 30
0.0
 40
0.06
  1
M-86
 72
1
 11
292.62550000000005
 21
-80.33429999999998
 31
0.0
100
AcDbText
 73
2
  0
LWPOLYLINE
  5
9D8
330
17
100
AcDbEntity
  8
CORTE-RECORTE
100
AcDbPolyline
 90
4
 70
1
 10
292.32750000000004
 20
-81.66829999999999
 10
292.45950000000005
 20
-81.66829999999999
 10
292.45950000000005
 20
-80.47429999999999
 10
292.32750000000004
 20
-80.47429999999999
  0
TEXT
  5
9D9
330
17
100
AcDbEntity
  8
CORTE-TEXTO
100
AcDbText
 10
292.3935
 20
-81.0713
 30
0.0
 40
0.029333333333333336
  1
PB-M-079
 72
1
 11
292.3935
 21
-81.0713
 31
0.0
100
AcDbText
 73
2
  0
LWPOLYLINE
  5
9DA
330
17
100
AcDbEntity
  8
CORTE-RECORTE
100
AcDbPolyline
 90
4
 70
1
 10
292.45950000000005
 20
-81.66829999999999
 10
292.59150000000005
 20
-81.66829999999999
 10
292.59150000000005
 20
-80.47429999999999
 10
292.45950000000005
 20
-80.47429999999999
  0
TEXT
  5
9DB
330
17
100
AcDbEntity
  8
CORTE-TEXTO
100
AcDbText
 10
292.5255
 20
-81.0713
 30
0.0
 40
0.029333333333333336
  1
PB-M-064
 72
1
 11
292.5255
 21
-81.0713
 31
0.0
100
AcDbText
 73
2
  0
LWPOLYLINE
  5
9DC
330
17
100
AcDbEntity
  8
CORTE-RECORTE
100
AcDbPolyline
 90
4
 70
1
 10
292.59150000000005
 20
-81.66829999999999
 10
292.72350000000006
 20
-81.66829999999999
 10
292.72350000000006
 20
-80.47429999999999
 10
292.59150000000005
 20
-80.47429999999999
  0
TEXT
  5
9DD
330
17
100
AcDbEntity
  8
CORTE-TEXTO
100
AcDbText
 10
292.6575
 20
-81.0713
 30
0.0
 40
0.029333333333333336
  1
PB-M-194
 72
1
 11
292.6575
 21
-81.0713
 31
0.0
100
AcDbText
 73
2
  0
LWPOLYLINE
  5
9DE
330
17
100
AcDbEntity
  8
CORTE-RECORTE
100
AcDbPolyline
 90
4
 70
1
 10
292.72350000000006
 20
-81.66829999999999
 10
292.85550000000006
 20
-81.66829999999999
 10
292.85550000000006
 20
-80.5769
 10
292.72350000000006
 20
-80.5769
  0
TEXT
  5
9DF
330
17
100
AcDbEntity
  8
CORTE-TEXTO
100
AcDbText
 10
292.78950000000003
 20
-81.12259999999999
 30
0.0
 40
0.029333333333333336
  1
PB-M-049
 72
1
 11
292.78950000000003
 21
-81.12259999999999
 31
0.0
100
AcDbText
 73
2
  0
LWPOLYLINE
  5
9E0
330
17
100
AcDbEntity
  8
CORTE-DESPERDICIO
100
AcDbPolyline
 90
4
 70
1
 10
292.85550000000006
 20
-81.66829999999999
 10
292.92350000000005
 20
-81.66829999999999
 10
292.92350000000005
 20
-80.47429999999999
 10
292.85550000000006
 20
-80.47429999999999
  0
LWPOLYLINE
  5
9E1
330
17
100
AcDbEntity
  8
CORTE-SOBRANTE
100
AcDbPolyline
 90
4
 70
1
 10
292.72350000000006
 20
-80.5769
 10
292.85550000000006
 20
-80.5769
 10
292.85550000000006
 20
-80.4743
 10
292.72350000000006
 20
-80.4743
  0
LWPOLYLINE
  5
9E2
330
17
100
AcDbEntity
  8
CORTE-TILE
100
AcDbPolyline
 90
4
 70
1
 10
293.37350000000004
 20
-81.66829999999999
 10
293.96950000000004
 20
-81.66829999999999
 10
293.96950000000004
 20
-80.47429999999999
 10
293.37350000000004
 20
-80.47429999999999
  0
TEXT
  5
9E3
330
17
100
AcDbEntity
  8
CORTE-TEXTO
100
AcDbText
 10
293.67150000000004
 20
-80.33429999999998
 30
0.0
 40
0.06
  1
M-87
 72
1
 11
293.67150000000004
 21
-80.33429999999998
 31
0.0
100
AcDbText
 73
2
  0
LWPOLYLINE
  5
9E4
330
17
100
AcDbEntity
  8
CORTE-RECORTE
100
AcDbPolyline
 90
4
 70
1
 10
293.37350000000004
 20
-81.66829999999999
 10
293.56750000000005
 20
-81.66829999999999
 10
293.56750000000005
 20
-81.0683
 10
293.37350000000004
 20
-81.0683
  0
TEXT
  5
9E5
330
17
100
AcDbEntity
  8
CORTE-TEXTO
100
AcDbText
 10
293.4705
 20
-81.36829999999999
 30
0.0
 40
0.035
  1
PB-M-083
 72
1
 11
293.4705
 21
-81.36829999999999
 31
0.0
100
AcDbText
 73
2
  0
LWPOLYLINE
  5
9E6
330
17
100
AcDbEntity
  8
CORTE-RECORTE
100
AcDbPolyline
 90
4
 70
1
 10
293.56750000000005
 20
-81.66829999999999
 10
293.76150000000007
 20
-81.66829999999999
 10
293.76150000000007
 20
-81.0683
 10
293.56750000000005
 20
-81.0683
  0
TEXT
  5
9E7
330
17
100
AcDbEntity
  8
CORTE-TEXTO
100
AcDbText
 10
293.66450000000003
 20
-81.36829999999999
 30
0.0
 40
0.035
  1
PB-M-081
 72
1
 11
293.66450000000003
 21
-81.36829999999999
 31
0.0
100
AcDbText
 73
2
  0
LWPOLYLINE
  5
9E8
330
17
100
AcDbEntity
  8
CORTE-RECORTE
100
AcDbPolyline
 90
4
 70
1
 10
293.7615
 20
-81.66829999999999
 10
293.94350000000003
 20
-81.66829999999999
 10
293.94350000000003
 20
-81.0683
 10
293.7615
 20
-81.0683
  0
TEXT
  5
9E9
330
17
100
AcDbEntity
  8
CORTE-TEXTO
100
AcDbText
 10
293.8525
 20
-81.36829999999999
 30
0.0
 40
0.035
  1
PB-M-091
 72
1
 11
293.8525
 21
-81.36829999999999
 31
0.0
100
AcDbText
 73
2
  0
LWPOLYLINE
  5
9EA
330
17
100
AcDbEntity
  8
CORTE-RECORTE
100
AcDbPolyline
 90
4
 70
1
 10
293.37350000000004
 20
-81.0683
 10
293.56750000000005
 20
-81.0683
 10
293.56750000000005
 20
-80.65429999999999
 10
293.37350000000004
 20
-80.65429999999999
  0
TEXT
  5
9EB
330
17
100
AcDbEntity
  8
CORTE-TEXTO
100
AcDbText
 10
293.4705
 20
-80.8613
 30
0.0
 40
0.035
  1
PB-M-082
 72
1
 11
293.4705
 21
-80.8613
 31
0.0
100
AcDbText
 73
2
  0
LWPOLYLINE
  5
9EC
330
17
100
AcDbEntity
  8
CORTE-SOBRANTE
100
AcDbPolyline
 90
4
 70
1
 10
293.56750000000005
 20
-81.0683
 10
293.76150000000007
 20
-81.0683
 10
293.76150000000007
 20
-80.4743
 10
293.56750000000005
 20
-80.4743
  0
LWPOLYLINE
  5
9ED
330
17
100
AcDbEntity
  8
CORTE-SOBRANTE
100
AcDbPolyline
 90
4
 70
1
 10
293.7615
 20
-81.0683
 10
293.96950000000004
 20
-81.0683
 10
293.96950000000004
 20
-80.4743
 10
293.7615
 20
-80.4743
  0
LWPOLYLINE
  5
9EE
330
17
100
AcDbEntity
  8
CORTE-DESPERDICIO
100
AcDbPolyline
 90
4
 70
1
 10
293.94350000000003
 20
-81.66829999999999
 10
293.96950000000004
 20
-81.66829999999999
 10
293.96950000000004
 20
-81.0683
 10
293.94350000000003
 20
-81.0683
  0
LWPOLYLINE
  5
9EF
330
17
100
AcDbEntity
  8
CORTE-SOBRANTE
100
AcDbPolyline
 90
4
 70
1
 10
293.37350000000004
 20
-80.65429999999999
 10
293.56750000000005
 20
-80.65429999999999
 10
293.56750000000005
 20
-80.47429999999999
 10
293.37350000000004
 20
-80.47429999999999
  0
LWPOLYLINE
  5
9F0
330
17
100
AcDbEntity
  8
CORTE-TILE
100
AcDbPolyline
 90
4
 70
1
 10
294.4195
 20
-81.66829999999999
 10
295.01550000000003
 20
-81.66829999999999
 10
295.01550000000003
 20
-80.47429999999999
 10
294.4195
 20
-80.47429999999999
  0
TEXT
  5
9F1
330
17
100
AcDbEntity
  8
CORTE-TEXTO
100
AcDbText
 10
294.71750000000003
 20
-80.33429999999998
 30
0.0
 40
0.06
  1
M-88
 72
1
 11
294.71750000000003
 21
-80.33429999999998
 31
0.0
100
AcDbText
 73
2
  0
LWPOLYLINE
  5
9F2
330
17
100
AcDbEntity
  8
CORTE-RECORTE
100
AcDbPolyline
 90
4
 70
1
 10
294.4195
 20
-81.66829999999999
 10
294.60150000000004
 20
-81.66829999999999
 10
294.60150000000004
 20
-81.0683
 10
294.4195
 20
-81.0683
  0
TEXT
  5
9F3
330
17
100
AcDbEntity
  8
CORTE-TEXTO
100
AcDbText
 10
294.51050000000004
 20
-81.36829999999999
 30
0.0
 40
0.035
  1
PB-M-090
 72
1
 11
294.51050000000004
 21
-81.36829999999999
 31
0.0
100
AcDbText
 73
2
  0
LWPOLYLINE
  5
9F4
330
17
100
AcDbEntity
  8
CORTE-RECORTE
100
AcDbPolyline
 90
4
 70
1
 10
294.60150000000004
 20
-81.66829999999999
 10
294.78150000000005
 20
-81.66829999999999
 10
294.78150000000005
 20
-81.0683
 10
294.60150000000004
 20
-81.0683
  0
TEXT
  5
9F5
330
17
100
AcDbEntity
  8
CORTE-TEXTO
100
AcDbText
 10
294.6915
 20
-81.36829999999999
 30
0.0
 40
0.035
  1
PB-M-141
 72
1
 11
294.6915
 21
-81.36829999999999
 31
0.0
100
AcDbText
 73
2
  0
LWPOLYLINE
  5
9F6
330
17
100
AcDbEntity
  8
CORTE-RECORTE
100
AcDbPolyline
 90
4
 70
1
 10
294.78150000000005
 20
-81.66829999999999
 10
294.96150000000006
 20
-81.66829999999999
 10
294.96150000000006
 20
-81.0683
 10
294.78150000000005
 20
-81.0683
  0
TEXT
  5
9F7
330
17
100
AcDbEntity
  8
CORTE-TEXTO
100
AcDbText
 10
294.8715
 20
-81.36829999999999
 30
0.0
 40
0.035
  1
PB-M-140
 72
1
 11
294.8715
 21
-81.36829999999999
 31
0.0
100
AcDbText
 73
2
  0
LWPOLYLINE
  5
9F8
330
17
100
AcDbEntity
  8
CORTE-RECORTE
100
AcDbPolyline
 90
4
 70
1
 10
294.60150000000004
 20
-81.0683
 10
294.77570000000003
 20
-81.0683
 10
294.77570000000003
 20
-80.7503
 10
294.60150000000004
 20
-80.7503
  0
TEXT
  5
9F9
330
17
100
AcDbEntity
  8
CORTE-TEXTO
100
AcDbText
 10
294.68860000000006
 20
-80.90929999999999
 30
0.0
 40
0.035
  1
PA-M-034
 72
1
 11
294.68860000000006
 21
-80.90929999999999
 31
0.0
100
AcDbText
 73
2
  0
LWPOLYLINE
  5
9FA
330
17
100
AcDbEntity
  8
CORTE-SOBRANTE
100
AcDbPolyline
 90
4
 70
1
 10
294.4195
 20
-81.0683
 10
294.60150000000004
 20
-81.0683
 10
294.60150000000004
 20
-80.4743
 10
294.4195
 20
-80.4743
  0
LWPOLYLINE
  5
9FB
330
17
100
AcDbEntity
  8
CORTE-SOBRANTE
100
AcDbPolyline
 90
4
 70
1
 10
294.78150000000005
 20
-81.0683
 10
295.01550000000003
 20
-81.0683
 10
295.01550000000003
 20
-80.4743
 10
294.78150000000005
 20
-80.4743
  0
LWPOLYLINE
  5
9FC
330
17
100
AcDbEntity
  8
CORTE-DESPERDICIO
100
AcDbPolyline
 90
4
 70
1
 10
294.9615
 20
-81.66829999999999
 10
295.0155
 20
-81.66829999999999
 10
295.0155
 20
-81.0683
 10
294.9615
 20
-81.0683
  0
LWPOLYLINE
  5
9FD
330
17
100
AcDbEntity
  8
CORTE-SOBRANTE
100
AcDbPolyline
 90
4
 70
1
 10
294.60150000000004
 20
-80.75029999999998
 10
294.78150000000005
 20
-80.75029999999998
 10
294.78150000000005
 20
-80.47429999999999
 10
294.60150000000004
 20
-80.47429999999999
  0
LWPOLYLINE
  5
9FE
330
17
100
AcDbEntity
  8
CORTE-TILE
100
AcDbPolyline
 90
4
 70
1
 10
272.4535
 20
-83.5623
 10
273.0495
 20
-83.5623
 10
273.0495
 20
-82.36829999999999
 10
272.4535
 20
-82.36829999999999
  0
TEXT
  5
9FF
330
17
100
AcDbEntity
  8
CORTE-TEXTO
100
AcDbText
 10
272.7515
 20
-82.22829999999999
 30
0.0
 40
0.06
  1
M-89
 72
1
 11
272.7515
 21
-82.22829999999999
 31
0.0
100
AcDbText
 73
2
  0
LWPOLYLINE
  5
A00
330
17
100
AcDbEntity
  8
CORTE-RECORTE
100
AcDbPolyline
 90
4
 70
1
 10
272.4535
 20
-83.5623
 10
272.6335
 20
-83.5623
 10
272.6335
 20
-82.9623
 10
272.4535
 20
-82.9623
  0
TEXT
  5
A01
330
17
100
AcDbEntity
  8
CORTE-TEXTO
100
AcDbText
 10
272.5435
 20
-83.2623
 30
0.0
 40
0.035
  1
PB-M-139
 72
1
 11
272.5435
 21
-83.2623
 31
0.0
100
AcDbText
 73
2
  0
LWPOLYLINE
  5
A02
330
17
100
AcDbEntity
  8
CORTE-RECORTE
100
AcDbPolyline
 90
4
 70
1
 10
272.6335
 20
-83.5623
 10
272.81350000000003
 20
-83.5623
 10
272.81350000000003
 20
-82.9623
 10
272.6335
 20
-82.9623
  0
TEXT
  5
A03
330
17
100
AcDbEntity
  8
CORTE-TEXTO
100
AcDbText
 10
272.7235
 20
-83.2623
 30
0.0
 40
0.035
  1
PB-M-138
 72
1
 11
272.7235
 21
-83.2623
 31
0.0
100
AcDbText
 73
2
  0
LWPOLYLINE
  5
A04
330
17
100
AcDbEntity
  8
CORTE-RECORTE
100
AcDbPolyline
 90
4
 70
1
 10
272.81350000000003
 20
-83.5623
 10
272.99350000000004
 20
-83.5623
 10
272.99350000000004
 20
-82.9623
 10
272.81350000000003
 20
-82.9623
  0
TEXT
  5
A05
330
17
100
AcDbEntity
  8
CORTE-TEXTO
100
AcDbText
 10
272.9035
 20
-83.2623
 30
0.0
 40
0.035
  1
PB-M-089
 72
1
 11
272.9035
 21
-83.2623
 31
0.0
100
AcDbText
 73
2
  0
LWPOLYLINE
  5
A06
330
17
100
AcDbEntity
  8
CORTE-SOBRANTE
100
AcDbPolyline
 90
4
 70
1
 10
272.4535
 20
-82.9623
 10
272.6335
 20
-82.9623
 10
272.6335
 20
-82.3683
 10
272.4535
 20
-82.3683
  0
LWPOLYLINE
  5
A07
330
17
100
AcDbEntity
  8
CORTE-SOBRANTE
100
AcDbPolyline
 90
4
 70
1
 10
272.6335
 20
-82.9623
 10
272.81350000000003
 20
-82.9623
 10
272.81350000000003
 20
-82.3683
 10
272.6335
 20
-82.3683
  0
LWPOLYLINE
  5
A08
330
17
100
AcDbEntity
  8
CORTE-SOBRANTE
100
AcDbPolyline
 90
4
 70
1
 10
272.81350000000003
 20
-82.9623
 10
273.0495
 20
-82.9623
 10
273.0495
 20
-82.3683
 10
272.81350000000003
 20
-82.3683
  0
LWPOLYLINE
  5
A09
330
17
100
AcDbEntity
  8
CORTE-DESPERDICIO
100
AcDbPolyline
 90
4
 70
1
 10
272.99350000000004
 20
-83.5623
 10
273.0495
 20
-83.5623
 10
273.0495
 20
-82.9623
 10
272.99350000000004
 20
-82.9623
  0
LWPOLYLINE
  5
A0A
330
17
100
AcDbEntity
  8
CORTE-TILE
100
AcDbPolyline
 90
4
 70
1
 10
273.4995
 20
-83.5623
 10
274.0955
 20
-83.5623
 10
274.0955
 20
-82.36829999999999
 10
273.4995
 20
-82.36829999999999
  0
TEXT
  5
A0B
330
17
100
AcDbEntity
  8
CORTE-TEXTO
100
AcDbText
 10
273.7975
 20
-82.22829999999999
 30
0.0
 40
0.06
  1
M-90
 72
1
 11
273.7975
 21
-82.22829999999999
 31
0.0
100
AcDbText
 73
2
  0
LWPOLYLINE
  5
A0C
330
17
100
AcDbEntity
  8
CORTE-RECORTE
100
AcDbPolyline
 90
4
 70
1
 10
273.4995
 20
-83.5623
 10
273.6795
 20
-83.5623
 10
273.6795
 20
-82.9623
 10
273.4995
 20
-82.9623
  0
TEXT
  5
A0D
330
17
100
AcDbEntity
  8
CORTE-TEXTO
100
AcDbText
 10
273.5895
 20
-83.2623
 30
0.0
 40
0.035
  1
PB-M-034
 72
1
 11
273.5895
 21
-83.2623
 31
0.0
100
AcDbText
 73
2
  0
LWPOLYLINE
  5
A0E
330
17
100
AcDbEntity
  8
CORTE-SOBRANTE
100
AcDbPolyline
 90
4
 70
1
 10
273.6795
 20
-83.5623
 10
274.0955
 20
-83.5623
 10
274.0955
 20
-82.36829999999999
 10
273.6795
 20
-82.36829999999999
  0
LWPOLYLINE
  5
A0F
330
17
100
AcDbEntity
  8
CORTE-SOBRANTE
100
AcDbPolyline
 90
4
 70
1
 10
273.4995
 20
-82.9623
 10
273.6795
 20
-82.9623
 10
273.6795
 20
-82.3683
 10
273.4995
 20
-82.3683
  0
TEXT
  5
A10
330
17
100
AcDbEntity
  8
CORTE-TEXTO
100
AcDbText
 10
275.4535
 20
-85.0623
 30
0.0
 40
0.25
  1
PLAN DE CORTE - ROYAL WALNUT  (50 baldosas a abrir)
 72
1
 11
275.4535
 21
-85.0623
 31
0.0
100
AcDbText
 73
2
  0
LWPOLYLINE
  5
A11
330
17
100
AcDbEntity
  8
CORTE-TILE
100
AcDbPolyline
 90
4
 70
1
 10
272.4535
 20
-87.4623
 10
272.6535
 20
-87.4623
 10
272.6535
 20
-86.2623
 10
272.4535
 20
-86.2623
  0
TEXT
  5
A12
330
17
100
AcDbEntity
  8
CORTE-TEXTO
100
AcDbText
 10
272.55350000000004
 20
-86.1223
 30
0.0
 40
0.06
  1
RW-01
 72
1
 11
272.55350000000004
 21
-86.1223
 31
0.0
100
AcDbText
 73
2
  0
LWPOLYLINE
  5
A13
330
17
100
AcDbEntity
  8
CORTE-RECORTE
100
AcDbPolyline
 90
4
 70
1
 10
272.4535
 20
-87.4623
 10
272.6535
 20
-87.4623
 10
272.6535
 20
-86.3993
 10
272.4535
 20
-86.3993
  0
TEXT
  5
A14
330
17
100
AcDbEntity
  8
CORTE-TEXTO
100
AcDbText
 10
272.55350000000004
 20
-86.9308
 30
0.0
 40
0.035
  1
PA-R-090
 72
1
 11
272.55350000000004
 21
-86.9308
 31
0.0
100
AcDbText
 73
2
  0
LWPOLYLINE
  5
A15
330
17
100
AcDbEntity
  8
CORTE-SOBRANTE
100
AcDbPolyline
 90
4
 70
1
 10
272.4535
 20
-86.3993
 10
272.6535
 20
-86.3993
 10
272.6535
 20
-86.2623
 10
272.4535
 20
-86.2623
  0
LWPOLYLINE
  5
A16
330
17
100
AcDbEntity
  8
CORTE-TILE
100
AcDbPolyline
 90
4
 70
1
 10
273.1035
 20
-87.4623
 10
273.3035
 20
-87.4623
 10
273.3035
 20
-86.2623
 10
273.1035
 20
-86.2623
  0
TEXT
  5
A17
330
17
100
AcDbEntity
  8
CORTE-TEXTO
100
AcDbText
 10
273.2035
 20
-86.1223
 30
0.0
 40
0.06
  1
RW-02
 72
1
 11
273.2035
 21
-86.1223
 31
0.0
100
AcDbText
 73
2
  0
LWPOLYLINE
  5
A18
330
17
100
AcDbEntity
  8
CORTE-RECORTE
100
AcDbPolyline
 90
4
 70
1
 10
273.1035
 20
-87.4623
 10
273.3035
 20
-87.4623
 10
273.3035
 20
-86.3993
 10
273.1035
 20
-86.3993
  0
TEXT
  5
A19
330
17
100
AcDbEntity
  8
CORTE-TEXTO
100
AcDbText
 10
273.2035
 20
-86.9308
 30
0.0
 40
0.035
  1
PA-R-091
 72
1
 11
273.2035
 21
-86.9308
 31
0.0
100
AcDbText
 73
2
  0
LWPOLYLINE
  5
A1A
330
17
100
AcDbEntity
  8
CORTE-SOBRANTE
100
AcDbPolyline
 90
4
 70
1
 10
273.1035
 20
-86.3993
 10
273.3035
 20
-86.3993
 10
273.3035
 20
-86.2623
 10
273.1035
 20
-86.2623
  0
LWPOLYLINE
  5
A1B
330
17
100
AcDbEntity
  8
CORTE-TILE
100
AcDbPolyline
 90
4
 70
1
 10
273.75350000000003
 20
-87.4623
 10
273.9535
 20
-87.4623
 10
273.9535
 20
-86.2623
 10
273.75350000000003
 20
-86.2623
  0
TEXT
  5
A1C
330
17
100
AcDbEntity
  8
CORTE-TEXTO
100
AcDbText
 10
273.85350000000005
 20
-86.1223
 30
0.0
 40
0.06
  1
RW-03
 72
1
 11
273.85350000000005
 21
-86.1223
 31
0.0
100
AcDbText
 73
2
  0
LWPOLYLINE
  5
A1D
330
17
100
AcDbEntity
  8
CORTE-RECORTE
100
AcDbPolyline
 90
4
 70
1
 10
273.75350000000003
 20
-87.4623
 10
273.9535
 20
-87.4623
 10
273.9535
 20
-86.3993
 10
273.75350000000003
 20
-86.3993
  0
TEXT
  5
A1E
330
17
100
AcDbEntity
  8
CORTE-TEXTO
100
AcDbText
 10
273.85350000000005
 20
-86.9308
 30
0.0
 40
0.035
  1
PA-R-092
 72
1
 11
273.85350000000005
 21
-86.9308
 31
0.0
100
AcDbText
 73
2
  0
LWPOLYLINE
  5
A1F
330
17
100
AcDbEntity
  8
CORTE-SOBRANTE
100
AcDbPolyline
 90
4
 70
1
 10
273.75350000000003
 20
-86.3993
 10
273.9535
 20
-86.3993
 10
273.9535
 20
-86.2623
 10
273.75350000000003
 20
-86.2623
  0
LWPOLYLINE
  5
A20
330
17
100
AcDbEntity
  8
CORTE-TILE
100
AcDbPolyline
 90
4
 70
1
 10
274.4035
 20
-87.4623
 10
274.6035
 20
-87.4623
 10
274.6035
 20
-86.2623
 10
274.4035
 20
-86.2623
  0
TEXT
  5
A21
330
17
100
AcDbEntity
  8
CORTE-TEXTO
100
AcDbText
 10
274.50350000000003
 20
-86.1223
 30
0.0
 40
0.06
  1
RW-04
 72
1
 11
274.50350000000003
 21
-86.1223
 31
0.0
100
AcDbText
 73
2
  0
LWPOLYLINE
  5
A22
330
17
100
AcDbEntity
  8
CORTE-RECORTE
100
AcDbPolyline
 90
4
 70
1
 10
274.4035
 20
-87.4623
 10
274.6035
 20
-87.4623
 10
274.6035
 20
-86.4893
 10
274.4035
 20
-86.4893
  0
TEXT
  5
A23
330
17
100
AcDbEntity
  8
CORTE-TEXTO
100
AcDbText
 10
274.50350000000003
 20
-86.97579999999999
 30
0.0
 40
0.035
  1
PA-R-089
 72
1
 11
274.50350000000003
 21
-86.97579999999999
 31
0.0
100
AcDbText
 73
2
  0
LWPOLYLINE
  5
A24
330
17
100
AcDbEntity
  8
CORTE-RECORTE
100
AcDbPolyline
 90
4
 70
1
 10
274.4035
 20
-86.4893
 10
274.57
 20
-86.4893
 10
274.57
 20
-86.2893
 10
274.4035
 20
-86.2893
  0
TEXT
  5
A25
330
17
100
AcDbEntity
  8
CORTE-TEXTO
100
AcDbText
 10
274.48675000000003
 20
-86.3893
 30
0.0
 40
0.035
  1
PA-R-113
 72
1
 11
274.48675000000003
 21
-86.3893
 31
0.0
100
AcDbText
 73
2
  0
LWPOLYLINE
  5
A26
330
17
100
AcDbEntity
  8
CORTE-DESPERDICIO
100
AcDbPolyline
 90
4
 70
1
 10
274.57
 20
-86.4893
 10
274.6035
 20
-86.4893
 10
274.6035
 20
-86.2623
 10
274.57
 20
-86.2623
  0
LWPOLYLINE
  5
A27
330
17
100
AcDbEntity
  8
CORTE-DESPERDICIO
100
AcDbPolyline
 90
4
 70
1
 10
274.4035
 20
-86.2893
 10
274.57
 20
-86.2893
 10
274.57
 20
-86.2623
 10
274.4035
 20
-86.2623
  0
LWPOLYLINE
  5
A28
330
17
100
AcDbEntity
  8
CORTE-TILE
100
AcDbPolyline
 90
4
 70
1
 10
275.05350000000004
 20
-87.4623
 10
275.25350000000003
 20
-87.4623
 10
275.25350000000003
 20
-86.2623
 10
275.05350000000004
 20
-86.2623
  0
TEXT
  5
A29
330
17
100
AcDbEntity
  8
CORTE-TEXTO
100
AcDbText
 10
275.15350000000007
 20
-86.1223
 30
0.0
 40
0.06
  1
RW-05
 72
1
 11
275.15350000000007
 21
-86.1223
 31
0.0
100
AcDbText
 73
2
  0
LWPOLYLINE
  5
A2A
330
17
100
AcDbEntity
  8
CORTE-RECORTE
100
AcDbPolyline
 90
4
 70
1
 10
275.05350000000004
 20
-87.4623
 10
275.25350000000003
 20
-87.4623
 10
275.25350000000003
 20
-86.4893
 10
275.05350000000004
 20
-86.4893
  0
TEXT
  5
A2B
330
17
100
AcDbEntity
  8
CORTE-TEXTO
100
AcDbText
 10
275.15350000000007
 20
-86.97579999999999
 30
0.0
 40
0.035
  1
PA-R-088
 72
1
 11
275.15350000000007
 21
-86.97579999999999
 31
0.0
100
AcDbText
 73
2
  0
LWPOLYLINE
  5
A2C
330
17
100
AcDbEntity
  8
CORTE-RECORTE
100
AcDbPolyline
 90
4
 70
1
 10
275.05350000000004
 20
-86.4893
 10
275.22
 20
-86.4893
 10
275.22
 20
-86.2893
 10
275.05350000000004
 20
-86.2893
  0
TEXT
  5
A2D
330
17
100
AcDbEntity
  8
CORTE-TEXTO
100
AcDbText
 10
275.13675000000006
 20
-86.3893
 30
0.0
 40
0.035
  1
PA-R-112
 72
1
 11
275.13675000000006
 21
-86.3893
 31
0.0
100
AcDbText
 73
2
  0
LWPOLYLINE
  5
A2E
330
17
100
AcDbEntity
  8
CORTE-DESPERDICIO
100
AcDbPolyline
 90
4
 70
1
 10
275.22
 20
-86.4893
 10
275.25350000000003
 20
-86.4893
 10
275.25350000000003
 20
-86.2623
 10
275.22
 20
-86.2623
  0
LWPOLYLINE
  5
A2F
330
17
100
AcDbEntity
  8
CORTE-DESPERDICIO
100
AcDbPolyline
 90
4
 70
1
 10
275.05350000000004
 20
-86.2893
 10
275.22
 20
-86.2893
 10
275.22
 20
-86.2623
 10
275.05350000000004
 20
-86.2623
  0
LWPOLYLINE
  5
A30
330
17
100
AcDbEntity
  8
CORTE-TILE
100
AcDbPolyline
 90
4
 70
1
 10
275.7035
 20
-87.4623
 10
275.9035
 20
-87.4623
 10
275.9035
 20
-86.2623
 10
275.7035
 20
-86.2623
  0
TEXT
  5
A31
330
17
100
AcDbEntity
  8
CORTE-TEXTO
100
AcDbText
 10
275.80350000000004
 20
-86.1223
 30
0.0
 40
0.06
  1
RW-06
 72
1
 11
275.80350000000004
 21
-86.1223
 31
0.0
100
AcDbText
 73
2
  0
LWPOLYLINE
  5
A32
330
17
100
AcDbEntity
  8
CORTE-RECORTE
100
AcDbPolyline
 90
4
 70
1
 10
275.7035
 20
-87.4623
 10
275.9035
 20
-87.4623
 10
275.9035
 20
-86.4893
 10
275.7035
 20
-86.4893
  0
TEXT
  5
A33
330
17
100
AcDbEntity
  8
CORTE-TEXTO
100
AcDbText
 10
275.80350000000004
 20
-86.97579999999999
 30
0.0
 40
0.035
  1
PA-R-087
 72
1
 11
275.80350000000004
 21
-86.97579999999999
 31
0.0
100
AcDbText
 73
2
  0
LWPOLYLINE
  5
A34
330
17
100
AcDbEntity
  8
CORTE-RECORTE
100
AcDbPolyline
 90
4
 70
1
 10
275.7035
 20
-86.4893
 10
275.87
 20
-86.4893
 10
275.87
 20
-86.2893
 10
275.7035
 20
-86.2893
  0
TEXT
  5
A35
330
17
100
AcDbEntity
  8
CORTE-TEXTO
100
AcDbText
 10
275.78675000000004
 20
-86.3893
 30
0.0
 40
0.035
  1
PA-R-111
 72
1
 11
275.78675000000004
 21
-86.3893
 31
0.0
100
AcDbText
 73
2
  0
LWPOLYLINE
  5
A36
330
17
100
AcDbEntity
  8
CORTE-DESPERDICIO
100
AcDbPolyline
 90
4
 70
1
 10
275.87
 20
-86.4893
 10
275.9035
 20
-86.4893
 10
275.9035
 20
-86.2623
 10
275.87
 20
-86.2623
  0
LWPOLYLINE
  5
A37
330
17
100
AcDbEntity
  8
CORTE-DESPERDICIO
100
AcDbPolyline
 90
4
 70
1
 10
275.7035
 20
-86.2893
 10
275.87
 20
-86.2893
 10
275.87
 20
-86.2623
 10
275.7035
 20
-86.2623
  0
LWPOLYLINE
  5
A38
330
17
100
AcDbEntity
  8
CORTE-TILE
100
AcDbPolyline
 90
4
 70
1
 10
276.3535
 20
-87.4623
 10
276.5535
 20
-87.4623
 10
276.5535
 20
-86.2623
 10
276.3535
 20
-86.2623
  0
TEXT
  5
A39
330
17
100
AcDbEntity
  8
CORTE-TEXTO
100
AcDbText
 10
276.4535
 20
-86.1223
 30
0.0
 40
0.06
  1
RW-07
 72
1
 11
276.4535
 21
-86.1223
 31
0.0
100
AcDbText
 73
2
  0
LWPOLYLINE
  5
A3A
330
17
100
AcDbEntity
  8
CORTE-RECORTE
100
AcDbPolyline
 90
4
 70
1
 10
276.3535
 20
-87.4623
 10
276.5535
 20
-87.4623
 10
276.5535
 20
-86.4893
 10
276.3535
 20
-86.4893
  0
TEXT
  5
A3B
330
17
100
AcDbEntity
  8
CORTE-TEXTO
100
AcDbText
 10
276.4535
 20
-86.97579999999999
 30
0.0
 40
0.035
  1
PA-R-086
 72
1
 11
276.4535
 21
-86.97579999999999
 31
0.0
100
AcDbText
 73
2
  0
LWPOLYLINE
  5
A3C
330
17
100
AcDbEntity
  8
CORTE-RECORTE
100
AcDbPolyline
 90
4
 70
1
 10
276.3535
 20
-86.4893
 10
276.52
 20
-86.4893
 10
276.52
 20
-86.2893
 10
276.3535
 20
-86.2893
  0
TEXT
  5
A3D
330
17
100
AcDbEntity
  8
CORTE-TEXTO
100
AcDbText
 10
276.43675
 20
-86.3893
 30
0.0
 40
0.035
  1
PA-R-110
 72
1
 11
276.43675
 21
-86.3893
 31
0.0
100
AcDbText
 73
2
  0
LWPOLYLINE
  5
A3E
330
17
100
AcDbEntity
  8
CORTE-DESPERDICIO
100
AcDbPolyline
 90
4
 70
1
 10
276.52
 20
-86.4893
 10
276.5535
 20
-86.4893
 10
276.5535
 20
-86.2623
 10
276.52
 20
-86.2623
  0
LWPOLYLINE
  5
A3F
330
17
100
AcDbEntity
  8
CORTE-DESPERDICIO
100
AcDbPolyline
 90
4
 70
1
 10
276.3535
 20
-86.2893
 10
276.52
 20
-86.2893
 10
276.52
 20
-86.2623
 10
276.3535
 20
-86.2623
  0
LWPOLYLINE
  5
A40
330
17
100
AcDbEntity
  8
CORTE-TILE
100
AcDbPolyline
 90
4
 70
1
 10
277.00350000000003
 20
-87.4623
 10
277.2035
 20
-87.4623
 10
277.2035
 20
-86.2623
 10
277.00350000000003
 20
-86.2623
  0
TEXT
  5
A41
330
17
100
AcDbEntity
  8
CORTE-TEXTO
100
AcDbText
 10
277.10350000000005
 20
-86.1223
 30
0.0
 40
0.06
  1
RW-08
 72
1
 11
277.10350000000005
 21
-86.1223
 31
0.0
100
AcDbText
 73
2
  0
LWPOLYLINE
  5
A42
330
17
100
AcDbEntity
  8
CORTE-RECORTE
100
AcDbPolyline
 90
4
 70
1
 10
277.00350000000003
 20
-87.4623
 10
277.2035
 20
-87.4623
 10
277.2035
 20
-86.4893
 10
277.00350000000003
 20
-86.4893
  0
TEXT
  5
A43
330
17
100
AcDbEntity
  8
CORTE-TEXTO
100
AcDbText
 10
277.10350000000005
 20
-86.97579999999999
 30
0.0
 40
0.035
  1
PA-R-085
 72
1
 11
277.10350000000005
 21
-86.97579999999999
 31
0.0
100
AcDbText
 73
2
  0
LWPOLYLINE
  5
A44
330
17
100
AcDbEntity
  8
CORTE-RECORTE
100
AcDbPolyline
 90
4
 70
1
 10
277.00350000000003
 20
-86.4893
 10
277.17
 20
-86.4893
 10
277.17
 20
-86.2893
 10
277.00350000000003
 20
-86.2893
  0
TEXT
  5
A45
330
17
100
AcDbEntity
  8
CORTE-TEXTO
100
AcDbText
 10
277.08675000000005
 20
-86.3893
 30
0.0
 40
0.035
  1
PA-R-109
 72
1
 11
277.08675000000005
 21
-86.3893
 31
0.0
100
AcDbText
 73
2
  0
LWPOLYLINE
  5
A46
330
17
100
AcDbEntity
  8
CORTE-DESPERDICIO
100
AcDbPolyline
 90
4
 70
1
 10
277.17
 20
-86.4893
 10
277.2035
 20
-86.4893
 10
277.2035
 20
-86.2623
 10
277.17
 20
-86.2623
  0
LWPOLYLINE
  5
A47
330
17
100
AcDbEntity
  8
CORTE-DESPERDICIO
100
AcDbPolyline
 90
4
 70
1
 10
277.00350000000003
 20
-86.2893
 10
277.17
 20
-86.2893
 10
277.17
 20
-86.2623
 10
277.00350000000003
 20
-86.2623
  0
LWPOLYLINE
  5
A48
330
17
100
AcDbEntity
  8
CORTE-TILE
100
AcDbPolyline
 90
4
 70
1
 10
277.6535
 20
-87.4623
 10
277.8535
 20
-87.4623
 10
277.8535
 20
-86.2623
 10
277.6535
 20
-86.2623
  0
TEXT
  5
A49
330
17
100
AcDbEntity
  8
CORTE-TEXTO
100
AcDbText
 10
277.75350000000003
 20
-86.1223
 30
0.0
 40
0.06
  1
RW-09
 72
1
 11
277.75350000000003
 21
-86.1223
 31
0.0
100
AcDbText
 73
2
  0
LWPOLYLINE
  5
A4A
330
17
100
AcDbEntity
  8
CORTE-RECORTE
100
AcDbPolyline
 90
4
 70
1
 10
277.6535
 20
-87.4623
 10
277.8535
 20
-87.4623
 10
277.8535
 20
-86.4893
 10
277.6535
 20
-86.4893
  0
TEXT
  5
A4B
330
17
100
AcDbEntity
  8
CORTE-TEXTO
100
AcDbText
 10
277.75350000000003
 20
-86.97579999999999
 30
0.0
 40
0.035
  1
PA-R-084
 72
1
 11
277.75350000000003
 21
-86.97579999999999
 31
0.0
100
AcDbText
 73
2
  0
LWPOLYLINE
  5
A4C
330
17
100
AcDbEntity
  8
CORTE-SOBRANTE
100
AcDbPolyline
 90
4
 70
1
 10
277.6535
 20
-86.4893
 10
277.8535
 20
-86.4893
 10
277.8535
 20
-86.2623
 10
277.6535
 20
-86.2623
  0
LWPOLYLINE
  5
A4D
330
17
100
AcDbEntity
  8
CORTE-TILE
100
AcDbPolyline
 90
4
 70
1
 10
278.30350000000004
 20
-87.4623
 10
278.50350000000003
 20
-87.4623
 10
278.50350000000003
 20
-86.2623
 10
278.30350000000004
 20
-86.2623
  0
TEXT
  5
A4E
330
17
100
AcDbEntity
  8
CORTE-TEXTO
100
AcDbText
 10
278.40350000000007
 20
-86.1223
 30
0.0
 40
0.06
  1
RW-10
 72
1
 11
278.40350000000007
 21
-86.1223
 31
0.0
100
AcDbText
 73
2
  0
LWPOLYLINE
  5
A4F
330
17
100
AcDbEntity
  8
CORTE-RECORTE
100
AcDbPolyline
 90
4
 70
1
 10
278.30350000000004
 20
-87.4623
 10
278.50350000000003
 20
-87.4623
 10
278.50350000000003
 20
-86.4893
 10
278.30350000000004
 20
-86.4893
  0
TEXT
  5
A50
330
17
100
AcDbEntity
  8
CORTE-TEXTO
100
AcDbText
 10
278.40350000000007
 20
-86.97579999999999
 30
0.0
 40
0.035
  1
PA-R-083
 72
1
 11
278.40350000000007
 21
-86.97579999999999
 31
0.0
100
AcDbText
 73
2
  0
LWPOLYLINE
  5
A51
330
17
100
AcDbEntity
  8
CORTE-SOBRANTE
100
AcDbPolyline
 90
4
 70
1
 10
278.30350000000004
 20
-86.4893
 10
278.50350000000003
 20
-86.4893
 10
278.50350000000003
 20
-86.2623
 10
278.30350000000004
 20
-86.2623
  0
LWPOLYLINE
  5
A52
330
17
100
AcDbEntity
  8
CORTE-TILE
100
AcDbPolyline
 90
4
 70
1
 10
278.9535
 20
-87.4623
 10
279.1535
 20
-87.4623
 10
279.1535
 20
-86.2623
 10
278.9535
 20
-86.2623
  0
TEXT
  5
A53
330
17
100
AcDbEntity
  8
CORTE-TEXTO
100
AcDbText
 10
279.05350000000004
 20
-86.1223
 30
0.0
 40
0.06
  1
RW-11
 72
1
 11
279.05350000000004
 21
-86.1223
 31
0.0
100
AcDbText
 73
2
  0
LWPOLYLINE
  5
A54
330
17
100
AcDbEntity
  8
CORTE-RECORTE
100
AcDbPolyline
 90
4
 70
1
 10
278.9535
 20
-87.4623
 10
279.1535
 20
-87.4623
 10
279.1535
 20
-86.4893
 10
278.9535
 20
-86.4893
  0
TEXT
  5
A55
330
17
100
AcDbEntity
  8
CORTE-TEXTO
100
AcDbText
 10
279.05350000000004
 20
-86.97579999999999
 30
0.0
 40
0.035
  1
PA-R-082
 72
1
 11
279.05350000000004
 21
-86.97579999999999
 31
0.0
100
AcDbText
 73
2
  0
LWPOLYLINE
  5
A56
330
17
100
AcDbEntity
  8
CORTE-SOBRANTE
100
AcDbPolyline
 90
4
 70
1
 10
278.9535
 20
-86.4893
 10
279.1535
 20
-86.4893
 10
279.1535
 20
-86.2623
 10
278.9535
 20
-86.2623
  0
LWPOLYLINE
  5
A57
330
17
100
AcDbEntity
  8
CORTE-TILE
100
AcDbPolyline
 90
4
 70
1
 10
279.6035
 20
-87.4623
 10
279.8035
 20
-87.4623
 10
279.8035
 20
-86.2623
 10
279.6035
 20
-86.2623
  0
TEXT
  5
A58
330
17
100
AcDbEntity
  8
CORTE-TEXTO
100
AcDbText
 10
279.7035
 20
-86.1223
 30
0.0
 40
0.06
  1
RW-12
 72
1
 11
279.7035
 21
-86.1223
 31
0.0
100
AcDbText
 73
2
  0
LWPOLYLINE
  5
A59
330
17
100
AcDbEntity
  8
CORTE-RECORTE
100
AcDbPolyline
 90
4
 70
1
 10
279.6035
 20
-87.4623
 10
279.8035
 20
-87.4623
 10
279.8035
 20
-86.4893
 10
279.6035
 20
-86.4893
  0
TEXT
  5
A5A
330
17
100
AcDbEntity
  8
CORTE-TEXTO
100
AcDbText
 10
279.7035
 20
-86.97579999999999
 30
0.0
 40
0.035
  1
PA-R-081
 72
1
 11
279.7035
 21
-86.97579999999999
 31
0.0
100
AcDbText
 73
2
  0
LWPOLYLINE
  5
A5B
330
17
100
AcDbEntity
  8
CORTE-SOBRANTE
100
AcDbPolyline
 90
4
 70
1
 10
279.6035
 20
-86.4893
 10
279.8035
 20
-86.4893
 10
279.8035
 20
-86.2623
 10
279.6035
 20
-86.2623
  0
LWPOLYLINE
  5
A5C
330
17
100
AcDbEntity
  8
CORTE-TILE
100
AcDbPolyline
 90
4
 70
1
 10
280.25350000000003
 20
-87.4623
 10
280.4535
 20
-87.4623
 10
280.4535
 20
-86.2623
 10
280.25350000000003
 20
-86.2623
  0
TEXT
  5
A5D
330
17
100
AcDbEntity
  8
CORTE-TEXTO
100
AcDbText
 10
280.35350000000005
 20
-86.1223
 30
0.0
 40
0.06
  1
RW-13
 72
1
 11
280.35350000000005
 21
-86.1223
 31
0.0
100
AcDbText
 73
2
  0
LWPOLYLINE
  5
A5E
330
17
100
AcDbEntity
  8
CORTE-RECORTE
100
AcDbPolyline
 90
4
 70
1
 10
280.25350000000003
 20
-87.4623
 10
280.4535
 20
-87.4623
 10
280.4535
 20
-86.4893
 10
280.25350000000003
 20
-86.4893
  0
TEXT
  5
A5F
330
17
100
AcDbEntity
  8
CORTE-TEXTO
100
AcDbText
 10
280.35350000000005
 20
-86.97579999999999
 30
0.0
 40
0.035
  1
PA-R-080
 72
1
 11
280.35350000000005
 21
-86.97579999999999
 31
0.0
100
AcDbText
 73
2
  0
LWPOLYLINE
  5
A60
330
17
100
AcDbEntity
  8
CORTE-SOBRANTE
100
AcDbPolyline
 90
4
 70
1
 10
280.25350000000003
 20
-86.4893
 10
280.4535
 20
-86.4893
 10
280.4535
 20
-86.2623
 10
280.25350000000003
 20
-86.2623
  0
LWPOLYLINE
  5
A61
330
17
100
AcDbEntity
  8
CORTE-TILE
100
AcDbPolyline
 90
4
 70
1
 10
280.9035
 20
-87.4623
 10
281.1035
 20
-87.4623
 10
281.1035
 20
-86.2623
 10
280.9035
 20
-86.2623
  0
TEXT
  5
A62
330
17
100
AcDbEntity
  8
CORTE-TEXTO
100
AcDbText
 10
281.00350000000003
 20
-86.1223
 30
0.0
 40
0.06
  1
RW-14
 72
1
 11
281.00350000000003
 21
-86.1223
 31
0.0
100
AcDbText
 73
2
  0
LWPOLYLINE
  5
A63
330
17
100
AcDbEntity
  8
CORTE-RECORTE
100
AcDbPolyline
 90
4
 70
1
 10
280.9035
 20
-87.4623
 10
281.1035
 20
-87.4623
 10
281.1035
 20
-86.5278
 10
280.9035
 20
-86.5278
  0
TEXT
  5
A64
330
17
100
AcDbEntity
  8
CORTE-TEXTO
100
AcDbText
 10
281.00350000000003
 20
-86.99504999999999
 30
0.0
 40
0.035
  1
PA-R-027
 72
1
 11
281.00350000000003
 21
-86.99504999999999
 31
0.0
100
AcDbText
 73
2
  0
LWPOLYLINE
  5
A65
330
17
100
AcDbEntity
  8
CORTE-RECORTE
100
AcDbPolyline
 90
4
 70
1
 10
280.9035
 20
-86.5278
 10
281.1035
 20
-86.5278
 10
281.1035
 20
-86.2792
 10
280.9035
 20
-86.2792
  0
TEXT
  5
A66
330
17
100
AcDbEntity
  8
CORTE-TEXTO
100
AcDbText
 10
281.00350000000003
 20
-86.4035
 30
0.0
 40
0.035
  1
PA-R-126
 72
1
 11
281.00350000000003
 21
-86.4035
 31
0.0
100
AcDbText
 73
2
  0
LWPOLYLINE
  5
A67
330
17
100
AcDbEntity
  8
CORTE-DESPERDICIO
100
AcDbPolyline
 90
4
 70
1
 10
280.9035
 20
-86.2792
 10
281.1035
 20
-86.2792
 10
281.1035
 20
-86.2623
 10
280.9035
 20
-86.2623
  0
LWPOLYLINE
  5
A68
330
17
100
AcDbEntity
  8
CORTE-TILE
100
AcDbPolyline
 90
4
 70
1
 10
281.55350000000004
 20
-87.4623
 10
281.75350000000003
 20
-87.4623
 10
281.75350000000003
 20
-86.2623
 10
281.55350000000004
 20
-86.2623
  0
TEXT
  5
A69
330
17
100
AcDbEntity
  8
CORTE-TEXTO
100
AcDbText
 10
281.65350000000007
 20
-86.1223
 30
0.0
 40
0.06
  1
RW-15
 72
1
 11
281.65350000000007
 21
-86.1223
 31
0.0
100
AcDbText
 73
2
  0
LWPOLYLINE
  5
A6A
330
17
100
AcDbEntity
  8
CORTE-RECORTE
100
AcDbPolyline
 90
4
 70
1
 10
281.55350000000004
 20
-87.4623
 10
281.75350000000003
 20
-87.4623
 10
281.75350000000003
 20
-86.5278
 10
281.55350000000004
 20
-86.5278
  0
TEXT
  5
A6B
330
17
100
AcDbEntity
  8
CORTE-TEXTO
100
AcDbText
 10
281.65350000000007
 20
-86.99504999999999
 30
0.0
 40
0.035
  1
PA-R-026
 72
1
 11
281.65350000000007
 21
-86.99504999999999
 31
0.0
100
AcDbText
 73
2
  0
LWPOLYLINE
  5
A6C
330
17
100
AcDbEntity
  8
CORTE-RECORTE
100
AcDbPolyline
 90
4
 70
1
 10
281.55350000000004
 20
-86.5278
 10
281.75350000000003
 20
-86.5278
 10
281.75350000000003
 20
-86.2792
 10
281.55350000000004
 20
-86.2792
  0
TEXT
  5
A6D
330
17
100
AcDbEntity
  8
CORTE-TEXTO
100
AcDbText
 10
281.65350000000007
 20
-86.4035
 30
0.0
 40
0.035
  1
PA-R-125
 72
1
 11
281.65350000000007
 21
-86.4035
 31
0.0
100
AcDbText
 73
2
  0
LWPOLYLINE
  5
A6E
330
17
100
AcDbEntity
  8
CORTE-DESPERDICIO
100
AcDbPolyline
 90
4
 70
1
 10
281.55350000000004
 20
-86.2792
 10
281.75350000000003
 20
-86.2792
 10
281.75350000000003
 20
-86.2623
 10
281.55350000000004
 20
-86.2623
  0
LWPOLYLINE
  5
A6F
330
17
100
AcDbEntity
  8
CORTE-TILE
100
AcDbPolyline
 90
4
 70
1
 10
282.2035
 20
-87.4623
 10
282.4035
 20
-87.4623
 10
282.4035
 20
-86.2623
 10
282.2035
 20
-86.2623
  0
TEXT
  5
A70
330
17
100
AcDbEntity
  8
CORTE-TEXTO
100
AcDbText
 10
282.30350000000004
 20
-86.1223
 30
0.0
 40
0.06
  1
RW-16
 72
1
 11
282.30350000000004
 21
-86.1223
 31
0.0
100
AcDbText
 73
2
  0
LWPOLYLINE
  5
A71
330
17
100
AcDbEntity
  8
CORTE-RECORTE
100
AcDbPolyline
 90
4
 70
1
 10
282.2035
 20
-87.4623
 10
282.4035
 20
-87.4623
 10
282.4035
 20
-86.5278
 10
282.2035
 20
-86.5278
  0
TEXT
  5
A72
330
17
100
AcDbEntity
  8
CORTE-TEXTO
100
AcDbText
 10
282.30350000000004
 20
-86.99504999999999
 30
0.0
 40
0.035
  1
PA-R-025
 72
1
 11
282.30350000000004
 21
-86.99504999999999
 31
0.0
100
AcDbText
 73
2
  0
LWPOLYLINE
  5
A73
330
17
100
AcDbEntity
  8
CORTE-SOBRANTE
100
AcDbPolyline
 90
4
 70
1
 10
282.2035
 20
-86.5278
 10
282.4035
 20
-86.5278
 10
282.4035
 20
-86.2623
 10
282.2035
 20
-86.2623
  0
LWPOLYLINE
  5
A74
330
17
100
AcDbEntity
  8
CORTE-TILE
100
AcDbPolyline
 90
4
 70
1
 10
282.8535
 20
-87.4623
 10
283.0535
 20
-87.4623
 10
283.0535
 20
-86.2623
 10
282.8535
 20
-86.2623
  0
TEXT
  5
A75
330
17
100
AcDbEntity
  8
CORTE-TEXTO
100
AcDbText
 10
282.9535
 20
-86.1223
 30
0.0
 40
0.06
  1
RW-17
 72
1
 11
282.9535
 21
-86.1223
 31
0.0
100
AcDbText
 73
2
  0
LWPOLYLINE
  5
A76
330
17
100
AcDbEntity
  8
CORTE-RECORTE
100
AcDbPolyline
 90
4
 70
1
 10
282.8535
 20
-87.4623
 10
283.0535
 20
-87.4623
 10
283.0535
 20
-86.5278
 10
282.8535
 20
-86.5278
  0
TEXT
  5
A77
330
17
100
AcDbEntity
  8
CORTE-TEXTO
100
AcDbText
 10
282.9535
 20
-86.99504999999999
 30
0.0
 40
0.035
  1
PA-R-024
 72
1
 11
282.9535
 21
-86.99504999999999
 31
0.0
100
AcDbText
 73
2
  0
LWPOLYLINE
  5
A78
330
17
100
AcDbEntity
  8
CORTE-SOBRANTE
100
AcDbPolyline
 90
4
 70
1
 10
282.8535
 20
-86.5278
 10
283.0535
 20
-86.5278
 10
283.0535
 20
-86.2623
 10
282.8535
 20
-86.2623
  0
LWPOLYLINE
  5
A79
330
17
100
AcDbEntity
  8
CORTE-TILE
100
AcDbPolyline
 90
4
 70
1
 10
283.50350000000003
 20
-87.4623
 10
283.7035
 20
-87.4623
 10
283.7035
 20
-86.2623
 10
283.50350000000003
 20
-86.2623
  0
TEXT
  5
A7A
330
17
100
AcDbEntity
  8
CORTE-TEXTO
100
AcDbText
 10
283.60350000000005
 20
-86.1223
 30
0.0
 40
0.06
  1
RW-18
 72
1
 11
283.60350000000005
 21
-86.1223
 31
0.0
100
AcDbText
 73
2
  0
LWPOLYLINE
  5
A7B
330
17
100
AcDbEntity
  8
CORTE-RECORTE
100
AcDbPolyline
 90
4
 70
1
 10
283.50350000000003
 20
-87.4623
 10
283.7035
 20
-87.4623
 10
283.7035
 20
-86.5278
 10
283.50350000000003
 20
-86.5278
  0
TEXT
  5
A7C
330
17
100
AcDbEntity
  8
CORTE-TEXTO
100
AcDbText
 10
283.60350000000005
 20
-86.99504999999999
 30
0.0
 40
0.035
  1
PA-R-023
 72
1
 11
283.60350000000005
 21
-86.99504999999999
 31
0.0
100
AcDbText
 73
2
  0
LWPOLYLINE
  5
A7D
330
17
100
AcDbEntity
  8
CORTE-SOBRANTE
100
AcDbPolyline
 90
4
 70
1
 10
283.50350000000003
 20
-86.5278
 10
283.7035
 20
-86.5278
 10
283.7035
 20
-86.2623
 10
283.50350000000003
 20
-86.2623
  0
LWPOLYLINE
  5
A7E
330
17
100
AcDbEntity
  8
CORTE-TILE
100
AcDbPolyline
 90
4
 70
1
 10
284.1535
 20
-87.4623
 10
284.3535
 20
-87.4623
 10
284.3535
 20
-86.2623
 10
284.1535
 20
-86.2623
  0
TEXT
  5
A7F
330
17
100
AcDbEntity
  8
CORTE-TEXTO
100
AcDbText
 10
284.25350000000003
 20
-86.1223
 30
0.0
 40
0.06
  1
RW-19
 72
1
 11
284.25350000000003
 21
-86.1223
 31
0.0
100
AcDbText
 73
2
  0
LWPOLYLINE
  5
A80
330
17
100
AcDbEntity
  8
CORTE-RECORTE
100
AcDbPolyline
 90
4
 70
1
 10
284.1535
 20
-87.4623
 10
284.3535
 20
-87.4623
 10
284.3535
 20
-86.5278
 10
284.1535
 20
-86.5278
  0
TEXT
  5
A81
330
17
100
AcDbEntity
  8
CORTE-TEXTO
100
AcDbText
 10
284.25350000000003
 20
-86.99504999999999
 30
0.0
 40
0.035
  1
PA-R-022
 72
1
 11
284.25350000000003
 21
-86.99504999999999
 31
0.0
100
AcDbText
 73
2
  0
LWPOLYLINE
  5
A82
330
17
100
AcDbEntity
  8
CORTE-SOBRANTE
100
AcDbPolyline
 90
4
 70
1
 10
284.1535
 20
-86.5278
 10
284.3535
 20
-86.5278
 10
284.3535
 20
-86.2623
 10
284.1535
 20
-86.2623
  0
LWPOLYLINE
  5
A83
330
17
100
AcDbEntity
  8
CORTE-TILE
100
AcDbPolyline
 90
4
 70
1
 10
284.80350000000004
 20
-87.4623
 10
285.00350000000003
 20
-87.4623
 10
285.00350000000003
 20
-86.2623
 10
284.80350000000004
 20
-86.2623
  0
TEXT
  5
A84
330
17
100
AcDbEntity
  8
CORTE-TEXTO
100
AcDbText
 10
284.90350000000007
 20
-86.1223
 30
0.0
 40
0.06
  1
RW-20
 72
1
 11
284.90350000000007
 21
-86.1223
 31
0.0
100
AcDbText
 73
2
  0
LWPOLYLINE
  5
A85
330
17
100
AcDbEntity
  8
CORTE-RECORTE
100
AcDbPolyline
 90
4
 70
1
 10
284.80350000000004
 20
-87.4623
 10
285.00350000000003
 20
-87.4623
 10
285.00350000000003
 20
-86.5278
 10
284.80350000000004
 20
-86.5278
  0
TEXT
  5
A86
330
17
100
AcDbEntity
  8
CORTE-TEXTO
100
AcDbText
 10
284.90350000000007
 20
-86.99504999999999
 30
0.0
 40
0.035
  1
PA-R-021
 72
1
 11
284.90350000000007
 21
-86.99504999999999
 31
0.0
100
AcDbText
 73
2
  0
LWPOLYLINE
  5
A87
330
17
100
AcDbEntity
  8
CORTE-SOBRANTE
100
AcDbPolyline
 90
4
 70
1
 10
284.80350000000004
 20
-86.5278
 10
285.00350000000003
 20
-86.5278
 10
285.00350000000003
 20
-86.2623
 10
284.80350000000004
 20
-86.2623
  0
LWPOLYLINE
  5
A88
330
17
100
AcDbEntity
  8
CORTE-TILE
100
AcDbPolyline
 90
4
 70
1
 10
285.4535
 20
-87.4623
 10
285.6535
 20
-87.4623
 10
285.6535
 20
-86.2623
 10
285.4535
 20
-86.2623
  0
TEXT
  5
A89
330
17
100
AcDbEntity
  8
CORTE-TEXTO
100
AcDbText
 10
285.55350000000004
 20
-86.1223
 30
0.0
 40
0.06
  1
RW-21
 72
1
 11
285.55350000000004
 21
-86.1223
 31
0.0
100
AcDbText
 73
2
  0
LWPOLYLINE
  5
A8A
330
17
100
AcDbEntity
  8
CORTE-RECORTE
100
AcDbPolyline
 90
4
 70
1
 10
285.4535
 20
-87.4623
 10
285.6535
 20
-87.4623
 10
285.6535
 20
-86.5278
 10
285.4535
 20
-86.5278
  0
TEXT
  5
A8B
330
17
100
AcDbEntity
  8
CORTE-TEXTO
100
AcDbText
 10
285.55350000000004
 20
-86.99504999999999
 30
0.0
 40
0.035
  1
PA-R-020
 72
1
 11
285.55350000000004
 21
-86.99504999999999
 31
0.0
100
AcDbText
 73
2
  0
LWPOLYLINE
  5
A8C
330
17
100
AcDbEntity
  8
CORTE-SOBRANTE
100
AcDbPolyline
 90
4
 70
1
 10
285.4535
 20
-86.5278
 10
285.6535
 20
-86.5278
 10
285.6535
 20
-86.2623
 10
285.4535
 20
-86.2623
  0
LWPOLYLINE
  5
A8D
330
17
100
AcDbEntity
  8
CORTE-TILE
100
AcDbPolyline
 90
4
 70
1
 10
286.1035
 20
-87.4623
 10
286.3035
 20
-87.4623
 10
286.3035
 20
-86.2623
 10
286.1035
 20
-86.2623
  0
TEXT
  5
A8E
330
17
100
AcDbEntity
  8
CORTE-TEXTO
100
AcDbText
 10
286.2035
 20
-86.1223
 30
0.0
 40
0.06
  1
RW-22
 72
1
 11
286.2035
 21
-86.1223
 31
0.0
100
AcDbText
 73
2
  0
LWPOLYLINE
  5
A8F
330
17
100
AcDbEntity
  8
CORTE-RECORTE
100
AcDbPolyline
 90
4
 70
1
 10
286.1035
 20
-87.4623
 10
286.3035
 20
-87.4623
 10
286.3035
 20
-86.5278
 10
286.1035
 20
-86.5278
  0
TEXT
  5
A90
330
17
100
AcDbEntity
  8
CORTE-TEXTO
100
AcDbText
 10
286.2035
 20
-86.99504999999999
 30
0.0
 40
0.035
  1
PA-R-019
 72
1
 11
286.2035
 21
-86.99504999999999
 31
0.0
100
AcDbText
 73
2
  0
LWPOLYLINE
  5
A91
330
17
100
AcDbEntity
  8
CORTE-SOBRANTE
100
AcDbPolyline
 90
4
 70
1
 10
286.1035
 20
-86.5278
 10
286.3035
 20
-86.5278
 10
286.3035
 20
-86.2623
 10
286.1035
 20
-86.2623
  0
LWPOLYLINE
  5
A92
330
17
100
AcDbEntity
  8
CORTE-TILE
100
AcDbPolyline
 90
4
 70
1
 10
272.4535
 20
-89.36229999999999
 10
272.6535
 20
-89.36229999999999
 10
272.6535
 20
-88.16229999999999
 10
272.4535
 20
-88.16229999999999
  0
TEXT
  5
A93
330
17
100
AcDbEntity
  8
CORTE-TEXTO
100
AcDbText
 10
272.55350000000004
 20
-88.02229999999999
 30
0.0
 40
0.06
  1
RW-23
 72
1
 11
272.55350000000004
 21
-88.02229999999999
 31
0.0
100
AcDbText
 73
2
  0
LWPOLYLINE
  5
A94
330
17
100
AcDbEntity
  8
CORTE-RECORTE
100
AcDbPolyline
 90
4
 70
1
 10
272.4535
 20
-89.36229999999999
 10
272.6535
 20
-89.36229999999999
 10
272.6535
 20
-88.42779999999999
 10
272.4535
 20
-88.42779999999999
  0
TEXT
  5
A95
330
17
100
AcDbEntity
  8
CORTE-TEXTO
100
AcDbText
 10
272.55350000000004
 20
-88.89504999999998
 30
0.0
 40
0.035
  1
PA-R-018
 72
1
 11
272.55350000000004
 21
-88.89504999999998
 31
0.0
100
AcDbText
 73
2
  0
LWPOLYLINE
  5
A96
330
17
100
AcDbEntity
  8
CORTE-SOBRANTE
100
AcDbPolyline
 90
4
 70
1
 10
272.4535
 20
-88.42779999999999
 10
272.6535
 20
-88.42779999999999
 10
272.6535
 20
-88.16229999999999
 10
272.4535
 20
-88.16229999999999
  0
LWPOLYLINE
  5
A97
330
17
100
AcDbEntity
  8
CORTE-TILE
100
AcDbPolyline
 90
4
 70
1
 10
273.1035
 20
-89.36229999999999
 10
273.3035
 20
-89.36229999999999
 10
273.3035
 20
-88.16229999999999
 10
273.1035
 20
-88.16229999999999
  0
TEXT
  5
A98
330
17
100
AcDbEntity
  8
CORTE-TEXTO
100
AcDbText
 10
273.2035
 20
-88.02229999999999
 30
0.0
 40
0.06
  1
RW-24
 72
1
 11
273.2035
 21
-88.02229999999999
 31
0.0
100
AcDbText
 73
2
  0
LWPOLYLINE
  5
A99
330
17
100
AcDbEntity
  8
CORTE-RECORTE
100
AcDbPolyline
 90
4
 70
1
 10
273.1035
 20
-89.36229999999999
 10
273.3035
 20
-89.36229999999999
 10
273.3035
 20
-88.42779999999999
 10
273.1035
 20
-88.42779999999999
  0
TEXT
  5
A9A
330
17
100
AcDbEntity
  8
CORTE-TEXTO
100
AcDbText
 10
273.2035
 20
-88.89504999999998
 30
0.0
 40
0.035
  1
PA-R-017
 72
1
 11
273.2035
 21
-88.89504999999998
 31
0.0
100
AcDbText
 73
2
  0
LWPOLYLINE
  5
A9B
330
17
100
AcDbEntity
  8
CORTE-SOBRANTE
100
AcDbPolyline
 90
4
 70
1
 10
273.1035
 20
-88.42779999999999
 10
273.3035
 20
-88.42779999999999
 10
273.3035
 20
-88.16229999999999
 10
273.1035
 20
-88.16229999999999
  0
LWPOLYLINE
  5
A9C
330
17
100
AcDbEntity
  8
CORTE-TILE
100
AcDbPolyline
 90
4
 70
1
 10
273.75350000000003
 20
-89.36229999999999
 10
273.9535
 20
-89.36229999999999
 10
273.9535
 20
-88.16229999999999
 10
273.75350000000003
 20
-88.16229999999999
  0
TEXT
  5
A9D
330
17
100
AcDbEntity
  8
CORTE-TEXTO
100
AcDbText
 10
273.85350000000005
 20
-88.02229999999999
 30
0.0
 40
0.06
  1
RW-25
 72
1
 11
273.85350000000005
 21
-88.02229999999999
 31
0.0
100
AcDbText
 73
2
  0
LWPOLYLINE
  5
A9E
330
17
100
AcDbEntity
  8
CORTE-RECORTE
100
AcDbPolyline
 90
4
 70
1
 10
273.75350000000003
 20
-89.36229999999999
 10
273.9535
 20
-89.36229999999999
 10
273.9535
 20
-88.42779999999999
 10
273.75350000000003
 20
-88.42779999999999
  0
TEXT
  5
A9F
330
17
100
AcDbEntity
  8
CORTE-TEXTO
100
AcDbText
 10
273.85350000000005
 20
-88.89504999999998
 30
0.0
 40
0.035
  1
PA-R-016
 72
1
 11
273.85350000000005
 21
-88.89504999999998
 31
0.0
100
AcDbText
 73
2
  0
LWPOLYLINE
  5
AA0
330
17
100
AcDbEntity
  8
CORTE-SOBRANTE
100
AcDbPolyline
 90
4
 70
1
 10
273.75350000000003
 20
-88.42779999999999
 10
273.9535
 20
-88.42779999999999
 10
273.9535
 20
-88.16229999999999
 10
273.75350000000003
 20
-88.16229999999999
  0
LWPOLYLINE
  5
AA1
330
17
100
AcDbEntity
  8
CORTE-TILE
100
AcDbPolyline
 90
4
 70
1
 10
274.4035
 20
-89.36229999999999
 10
274.6035
 20
-89.36229999999999
 10
274.6035
 20
-88.16229999999999
 10
274.4035
 20
-88.16229999999999
  0
TEXT
  5
AA2
330
17
100
AcDbEntity
  8
CORTE-TEXTO
100
AcDbText
 10
274.50350000000003
 20
-88.02229999999999
 30
0.0
 40
0.06
  1
RW-26
 72
1
 11
274.50350000000003
 21
-88.02229999999999
 31
0.0
100
AcDbText
 73
2
  0
LWPOLYLINE
  5
AA3
330
17
100
AcDbEntity
  8
CORTE-RECORTE
100
AcDbPolyline
 90
4
 70
1
 10
274.4035
 20
-89.36229999999999
 10
274.6035
 20
-89.36229999999999
 10
274.6035
 20
-88.51319999999998
 10
274.4035
 20
-88.51319999999998
  0
TEXT
  5
AA4
330
17
100
AcDbEntity
  8
CORTE-TEXTO
100
AcDbText
 10
274.50350000000003
 20
-88.93775
 30
0.0
 40
0.035
  1
PA-R-135
 72
1
 11
274.50350000000003
 21
-88.93775
 31
0.0
100
AcDbText
 73
2
  0
LWPOLYLINE
  5
AA5
330
17
100
AcDbEntity
  8
CORTE-RECORTE
100
AcDbPolyline
 90
4
 70
1
 10
274.4035
 20
-88.51319999999998
 10
274.6035
 20
-88.51319999999998
 10
274.6035
 20
-88.16349999999998
 10
274.4035
 20
-88.16349999999998
  0
TEXT
  5
AA6
330
17
100
AcDbEntity
  8
CORTE-TEXTO
100
AcDbText
 10
274.50350000000003
 20
-88.33834999999998
 30
0.0
 40
0.035
  1
PA-R-106
 72
1
 11
274.50350000000003
 21
-88.33834999999998
 31
0.0
100
AcDbText
 73
2
  0
LWPOLYLINE
  5
AA7
330
17
100
AcDbEntity
  8
CORTE-TILE
100
AcDbPolyline
 90
4
 70
1
 10
275.05350000000004
 20
-89.36229999999999
 10
275.25350000000003
 20
-89.36229999999999
 10
275.25350000000003
 20
-88.16229999999999
 10
275.05350000000004
 20
-88.16229999999999
  0
TEXT
  5
AA8
330
17
100
AcDbEntity
  8
CORTE-TEXTO
100
AcDbText
 10
275.15350000000007
 20
-88.02229999999999
 30
0.0
 40
0.06
  1
RW-27
 72
1
 11
275.15350000000007
 21
-88.02229999999999
 31
0.0
100
AcDbText
 73
2
  0
LWPOLYLINE
  5
AA9
330
17
100
AcDbEntity
  8
CORTE-RECORTE
100
AcDbPolyline
 90
4
 70
1
 10
275.05350000000004
 20
-89.36229999999999
 10
275.25350000000003
 20
-89.36229999999999
 10
275.25350000000003
 20
-88.51319999999998
 10
275.05350000000004
 20
-88.51319999999998
  0
TEXT
  5
AAA
330
17
100
AcDbEntity
  8
CORTE-TEXTO
100
AcDbText
 10
275.15350000000007
 20
-88.93775
 30
0.0
 40
0.035
  1
PA-R-134
 72
1
 11
275.15350000000007
 21
-88.93775
 31
0.0
100
AcDbText
 73
2
  0
LWPOLYLINE
  5
AAB
330
17
100
AcDbEntity
  8
CORTE-RECORTE
100
AcDbPolyline
 90
4
 70
1
 10
275.05350000000004
 20
-88.51319999999998
 10
275.25350000000003
 20
-88.51319999999998
 10
275.25350000000003
 20
-88.17919999999998
 10
275.05350000000004
 20
-88.17919999999998
  0
TEXT
  5
AAC
330
17
100
AcDbEntity
  8
CORTE-TEXTO
100
AcDbText
 10
275.15350000000007
 20
-88.34619999999998
 30
0.0
 40
0.035
  1
PA-R-012
 72
1
 11
275.15350000000007
 21
-88.34619999999998
 31
0.0
100
AcDbText
 73
2
  0
LWPOLYLINE
  5
AAD
330
17
100
AcDbEntity
  8
CORTE-DESPERDICIO
100
AcDbPolyline
 90
4
 70
1
 10
275.05350000000004
 20
-88.1792
 10
275.25350000000003
 20
-88.1792
 10
275.25350000000003
 20
-88.16229999999999
 10
275.05350000000004
 20
-88.16229999999999
  0
LWPOLYLINE
  5
AAE
330
17
100
AcDbEntity
  8
CORTE-TILE
100
AcDbPolyline
 90
4
 70
1
 10
275.7035
 20
-89.36229999999999
 10
275.9035
 20
-89.36229999999999
 10
275.9035
 20
-88.16229999999999
 10
275.7035
 20
-88.16229999999999
  0
TEXT
  5
AAF
330
17
100
AcDbEntity
  8
CORTE-TEXTO
100
AcDbText
 10
275.80350000000004
 20
-88.02229999999999
 30
0.0
 40
0.06
  1
RW-28
 72
1
 11
275.80350000000004
 21
-88.02229999999999
 31
0.0
100
AcDbText
 73
2
  0
LWPOLYLINE
  5
AB0
330
17
100
AcDbEntity
  8
CORTE-RECORTE
100
AcDbPolyline
 90
4
 70
1
 10
275.7035
 20
-89.36229999999999
 10
275.9035
 20
-89.36229999999999
 10
275.9035
 20
-88.5953
 10
275.7035
 20
-88.5953
  0
TEXT
  5
AB1
330
17
100
AcDbEntity
  8
CORTE-TEXTO
100
AcDbText
 10
275.80350000000004
 20
-88.97879999999999
 30
0.0
 40
0.035
  1
PA-R-123
 72
1
 11
275.80350000000004
 21
-88.97879999999999
 31
0.0
100
AcDbText
 73
2
  0
LWPOLYLINE
  5
AB2
330
17
100
AcDbEntity
  8
CORTE-RECORTE
100
AcDbPolyline
 90
4
 70
1
 10
275.7035
 20
-88.5953
 10
275.9035
 20
-88.5953
 10
275.9035
 20
-88.22279999999999
 10
275.7035
 20
-88.22279999999999
  0
TEXT
  5
AB3
330
17
100
AcDbEntity
  8
CORTE-TEXTO
100
AcDbText
 10
275.80350000000004
 20
-88.40905
 30
0.0
 40
0.035
  1
PA-R-103
 72
1
 11
275.80350000000004
 21
-88.40905
 31
0.0
100
AcDbText
 73
2
  0
LWPOLYLINE
  5
AB4
330
17
100
AcDbEntity
  8
CORTE-DESPERDICIO
100
AcDbPolyline
 90
4
 70
1
 10
275.7035
 20
-88.22279999999999
 10
275.9035
 20
-88.22279999999999
 10
275.9035
 20
-88.16229999999999
 10
275.7035
 20
-88.16229999999999
  0
LWPOLYLINE
  5
AB5
330
17
100
AcDbEntity
  8
CORTE-TILE
100
AcDbPolyline
 90
4
 70
1
 10
276.3535
 20
-89.36229999999999
 10
276.5535
 20
-89.36229999999999
 10
276.5535
 20
-88.16229999999999
 10
276.3535
 20
-88.16229999999999
  0
TEXT
  5
AB6
330
17
100
AcDbEntity
  8
CORTE-TEXTO
100
AcDbText
 10
276.4535
 20
-88.02229999999999
 30
0.0
 40
0.06
  1
RW-29
 72
1
 11
276.4535
 21
-88.02229999999999
 31
0.0
100
AcDbText
 73
2
  0
LWPOLYLINE
  5
AB7
330
17
100
AcDbEntity
  8
CORTE-RECORTE
100
AcDbPolyline
 90
4
 70
1
 10
276.3535
 20
-89.36229999999999
 10
276.5535
 20
-89.36229999999999
 10
276.5535
 20
-88.5953
 10
276.3535
 20
-88.5953
  0
TEXT
  5
AB8
330
17
100
AcDbEntity
  8
CORTE-TEXTO
100
AcDbText
 10
276.4535
 20
-88.97879999999999
 30
0.0
 40
0.035
  1
PA-R-122
 72
1
 11
276.4535
 21
-88.97879999999999
 31
0.0
100
AcDbText
 73
2
  0
LWPOLYLINE
  5
AB9
330
17
100
AcDbEntity
  8
CORTE-RECORTE
100
AcDbPolyline
 90
4
 70
1
 10
276.3535
 20
-88.5953
 10
276.5535
 20
-88.5953
 10
276.5535
 20
-88.22279999999999
 10
276.3535
 20
-88.22279999999999
  0
TEXT
  5
ABA
330
17
100
AcDbEntity
  8
CORTE-TEXTO
100
AcDbText
 10
276.4535
 20
-88.40905
 30
0.0
 40
0.035
  1
PA-R-102
 72
1
 11
276.4535
 21
-88.40905
 31
0.0
100
AcDbText
 73
2
  0
LWPOLYLINE
  5
ABB
330
17
100
AcDbEntity
  8
CORTE-DESPERDICIO
100
AcDbPolyline
 90
4
 70
1
 10
276.3535
 20
-88.22279999999999
 10
276.5535
 20
-88.22279999999999
 10
276.5535
 20
-88.16229999999999
 10
276.3535
 20
-88.16229999999999
  0
LWPOLYLINE
  5
ABC
330
17
100
AcDbEntity
  8
CORTE-TILE
100
AcDbPolyline
 90
4
 70
1
 10
277.00350000000003
 20
-89.36229999999999
 10
277.2035
 20
-89.36229999999999
 10
277.2035
 20
-88.16229999999999
 10
277.00350000000003
 20
-88.16229999999999
  0
TEXT
  5
ABD
330
17
100
AcDbEntity
  8
CORTE-TEXTO
100
AcDbText
 10
277.10350000000005
 20
-88.02229999999999
 30
0.0
 40
0.06
  1
RW-30
 72
1
 11
277.10350000000005
 21
-88.02229999999999
 31
0.0
100
AcDbText
 73
2
  0
LWPOLYLINE
  5
ABE
330
17
100
AcDbEntity
  8
CORTE-RECORTE
100
AcDbPolyline
 90
4
 70
1
 10
277.00350000000003
 20
-89.36229999999999
 10
277.2035
 20
-89.36229999999999
 10
277.2035
 20
-88.5953
 10
277.00350000000003
 20
-88.5953
  0
TEXT
  5
ABF
330
17
100
AcDbEntity
  8
CORTE-TEXTO
100
AcDbText
 10
277.10350000000005
 20
-88.97879999999999
 30
0.0
 40
0.035
  1
PA-R-121
 72
1
 11
277.10350000000005
 21
-88.97879999999999
 31
0.0
100
AcDbText
 73
2
  0
LWPOLYLINE
  5
AC0
330
17
100
AcDbEntity
  8
CORTE-RECORTE
100
AcDbPolyline
 90
4
 70
1
 10
277.00350000000003
 20
-88.5953
 10
277.2035
 20
-88.5953
 10
277.2035
 20
-88.22279999999999
 10
277.00350000000003
 20
-88.22279999999999
  0
TEXT
  5
AC1
330
17
100
AcDbEntity
  8
CORTE-TEXTO
100
AcDbText
 10
277.10350000000005
 20
-88.40905
 30
0.0
 40
0.035
  1
PA-R-101
 72
1
 11
277.10350000000005
 21
-88.40905
 31
0.0
100
AcDbText
 73
2
  0
LWPOLYLINE
  5
AC2
330
17
100
AcDbEntity
  8
CORTE-DESPERDICIO
100
AcDbPolyline
 90
4
 70
1
 10
277.00350000000003
 20
-88.22279999999999
 10
277.2035
 20
-88.22279999999999
 10
277.2035
 20
-88.16229999999999
 10
277.00350000000003
 20
-88.16229999999999
  0
LWPOLYLINE
  5
AC3
330
17
100
AcDbEntity
  8
CORTE-TILE
100
AcDbPolyline
 90
4
 70
1
 10
277.6535
 20
-89.36229999999999
 10
277.8535
 20
-89.36229999999999
 10
277.8535
 20
-88.16229999999999
 10
277.6535
 20
-88.16229999999999
  0
TEXT
  5
AC4
330
17
100
AcDbEntity
  8
CORTE-TEXTO
100
AcDbText
 10
277.75350000000003
 20
-88.02229999999999
 30
0.0
 40
0.06
  1
RW-31
 72
1
 11
277.75350000000003
 21
-88.02229999999999
 31
0.0
100
AcDbText
 73
2
  0
LWPOLYLINE
  5
AC5
330
17
100
AcDbEntity
  8
CORTE-RECORTE
100
AcDbPolyline
 90
4
 70
1
 10
277.6535
 20
-89.36229999999999
 10
277.8535
 20
-89.36229999999999
 10
277.8535
 20
-88.5953
 10
277.6535
 20
-88.5953
  0
TEXT
  5
AC6
330
17
100
AcDbEntity
  8
CORTE-TEXTO
100
AcDbText
 10
277.75350000000003
 20
-88.97879999999999
 30
0.0
 40
0.035
  1
PA-R-120
 72
1
 11
277.75350000000003
 21
-88.97879999999999
 31
0.0
100
AcDbText
 73
2
  0
LWPOLYLINE
  5
AC7
330
17
100
AcDbEntity
  8
CORTE-RECORTE
100
AcDbPolyline
 90
4
 70
1
 10
277.6535
 20
-88.5953
 10
277.8535
 20
-88.5953
 10
277.8535
 20
-88.22279999999999
 10
277.6535
 20
-88.22279999999999
  0
TEXT
  5
AC8
330
17
100
AcDbEntity
  8
CORTE-TEXTO
100
AcDbText
 10
277.75350000000003
 20
-88.40905
 30
0.0
 40
0.035
  1
PA-R-100
 72
1
 11
277.75350000000003
 21
-88.40905
 31
0.0
100
AcDbText
 73
2
  0
LWPOLYLINE
  5
AC9
330
17
100
AcDbEntity
  8
CORTE-DESPERDICIO
100
AcDbPolyline
 90
4
 70
1
 10
277.6535
 20
-88.22279999999999
 10
277.8535
 20
-88.22279999999999
 10
277.8535
 20
-88.16229999999999
 10
277.6535
 20
-88.16229999999999
  0
LWPOLYLINE
  5
ACA
330
17
100
AcDbEntity
  8
CORTE-TILE
100
AcDbPolyline
 90
4
 70
1
 10
278.30350000000004
 20
-89.36229999999999
 10
278.50350000000003
 20
-89.36229999999999
 10
278.50350000000003
 20
-88.16229999999999
 10
278.30350000000004
 20
-88.16229999999999
  0
TEXT
  5
ACB
330
17
100
AcDbEntity
  8
CORTE-TEXTO
100
AcDbText
 10
278.40350000000007
 20
-88.02229999999999
 30
0.0
 40
0.06
  1
RW-32
 72
1
 11
278.40350000000007
 21
-88.02229999999999
 31
0.0
100
AcDbText
 73
2
  0
LWPOLYLINE
  5
ACC
330
17
100
AcDbEntity
  8
CORTE-RECORTE
100
AcDbPolyline
 90
4
 70
1
 10
278.30350000000004
 20
-89.36229999999999
 10
278.50350000000003
 20
-89.36229999999999
 10
278.50350000000003
 20
-88.5953
 10
278.30350000000004
 20
-88.5953
  0
TEXT
  5
ACD
330
17
100
AcDbEntity
  8
CORTE-TEXTO
100
AcDbText
 10
278.40350000000007
 20
-88.97879999999999
 30
0.0
 40
0.035
  1
PA-R-119
 72
1
 11
278.40350000000007
 21
-88.97879999999999
 31
0.0
100
AcDbText
 73
2
  0
LWPOLYLINE
  5
ACE
330
17
100
AcDbEntity
  8
CORTE-RECORTE
100
AcDbPolyline
 90
4
 70
1
 10
278.30350000000004
 20
-88.5953
 10
278.50350000000003
 20
-88.5953
 10
278.50350000000003
 20
-88.22279999999999
 10
278.30350000000004
 20
-88.22279999999999
  0
TEXT
  5
ACF
330
17
100
AcDbEntity
  8
CORTE-TEXTO
100
AcDbText
 10
278.40350000000007
 20
-88.40905
 30
0.0
 40
0.035
  1
PA-R-099
 72
1
 11
278.40350000000007
 21
-88.40905
 31
0.0
100
AcDbText
 73
2
  0
LWPOLYLINE
  5
AD0
330
17
100
AcDbEntity
  8
CORTE-DESPERDICIO
100
AcDbPolyline
 90
4
 70
1
 10
278.30350000000004
 20
-88.22279999999999
 10
278.50350000000003
 20
-88.22279999999999
 10
278.50350000000003
 20
-88.16229999999999
 10
278.30350000000004
 20
-88.16229999999999
  0
LWPOLYLINE
  5
AD1
330
17
100
AcDbEntity
  8
CORTE-TILE
100
AcDbPolyline
 90
4
 70
1
 10
278.9535
 20
-89.36229999999999
 10
279.1535
 20
-89.36229999999999
 10
279.1535
 20
-88.16229999999999
 10
278.9535
 20
-88.16229999999999
  0
TEXT
  5
AD2
330
17
100
AcDbEntity
  8
CORTE-TEXTO
100
AcDbText
 10
279.05350000000004
 20
-88.02229999999999
 30
0.0
 40
0.06
  1
RW-33
 72
1
 11
279.05350000000004
 21
-88.02229999999999
 31
0.0
100
AcDbText
 73
2
  0
LWPOLYLINE
  5
AD3
330
17
100
AcDbEntity
  8
CORTE-RECORTE
100
AcDbPolyline
 90
4
 70
1
 10
278.9535
 20
-89.36229999999999
 10
279.0675
 20
-89.36229999999999
 10
279.0675
 20
-88.16229999999999
 10
278.9535
 20
-88.16229999999999
  0
TEXT
  5
AD4
330
17
100
AcDbEntity
  8
CORTE-TEXTO
100
AcDbText
 10
279.01050000000004
 20
-88.7623
 30
0.0
 40
0.025333333333333333
  1
PA-R-178
 72
1
 11
279.01050000000004
 21
-88.7623
 31
0.0
100
AcDbText
 73
2
  0
LWPOLYLINE
  5
AD5
330
17
100
AcDbEntity
  8
CORTE-RECORTE
100
AcDbPolyline
 90
4
 70
1
 10
279.0675
 20
-89.36229999999999
 10
279.1465
 20
-89.36229999999999
 10
279.1465
 20
-88.46229999999998
 10
279.0675
 20
-88.46229999999998
  0
TEXT
  5
AD6
330
17
100
AcDbEntity
  8
CORTE-TEXTO
100
AcDbText
 10
279.10699999999997
 20
-88.91229999999999
 30
0.0
 40
0.017555555555555557
  1
PA-R-179
 72
1
 11
279.10699999999997
 21
-88.91229999999999
 31
0.0
100
AcDbText
 73
2
  0
LWPOLYLINE
  5
AD7
330
17
100
AcDbEntity
  8
CORTE-DESPERDICIO
100
AcDbPolyline
 90
4
 70
1
 10
279.0675
 20
-88.46229999999998
 10
279.1535
 20
-88.46229999999998
 10
279.1535
 20
-88.16229999999999
 10
279.0675
 20
-88.16229999999999
  0
LWPOLYLINE
  5
AD8
330
17
100
AcDbEntity
  8
CORTE-TILE
100
AcDbPolyline
 90
4
 70
1
 10
279.6035
 20
-89.36229999999999
 10
279.8035
 20
-89.36229999999999
 10
279.8035
 20
-88.16229999999999
 10
279.6035
 20
-88.16229999999999
  0
TEXT
  5
AD9
330
17
100
AcDbEntity
  8
CORTE-TEXTO
100
AcDbText
 10
279.7035
 20
-88.02229999999999
 30
0.0
 40
0.06
  1
RW-34
 72
1
 11
279.7035
 21
-88.02229999999999
 31
0.0
100
AcDbText
 73
2
  0
LWPOLYLINE
  5
ADA
330
17
100
AcDbEntity
  8
CORTE-RECORTE
100
AcDbPolyline
 90
4
 70
1
 10
279.6035
 20
-89.36229999999999
 10
279.7175
 20
-89.36229999999999
 10
279.7175
 20
-88.16229999999999
 10
279.6035
 20
-88.16229999999999
  0
TEXT
  5
ADB
330
17
100
AcDbEntity
  8
CORTE-TEXTO
100
AcDbText
 10
279.6605
 20
-88.7623
 30
0.0
 40
0.025333333333333333
  1
PA-R-161
 72
1
 11
279.6605
 21
-88.7623
 31
0.0
100
AcDbText
 73
2
  0
LWPOLYLINE
  5
ADC
330
17
100
AcDbEntity
  8
CORTE-RECORTE
100
AcDbPolyline
 90
4
 70
1
 10
279.7175
 20
-89.36229999999999
 10
279.74249999999995
 20
-89.36229999999999
 10
279.74249999999995
 20
-88.16229999999999
 10
279.7175
 20
-88.16229999999999
  0
TEXT
  5
ADD
330
17
100
AcDbEntity
  8
CORTE-TEXTO
100
AcDbText
 10
279.72999999999996
 20
-88.7623
 30
0.0
 40
0.005555555555555556
  1
PA-R-067
 72
1
 11
279.72999999999996
 21
-88.7623
 31
0.0
100
AcDbText
 73
2
  0
LWPOLYLINE
  5
ADE
330
17
100
AcDbEntity
  8
CORTE-RECORTE
100
AcDbPolyline
 90
4
 70
1
 10
279.7425
 20
-89.36229999999999
 10
279.7675
 20
-89.36229999999999
 10
279.7675
 20
-88.16229999999999
 10
279.7425
 20
-88.16229999999999
  0
TEXT
  5
ADF
330
17
100
AcDbEntity
  8
CORTE-TEXTO
100
AcDbText
 10
279.755
 20
-88.7623
 30
0.0
 40
0.005555555555555556
  1
PA-R-041
 72
1
 11
279.755
 21
-88.7623
 31
0.0
100
AcDbText
 73
2
  0
LWPOLYLINE
  5
AE0
330
17
100
AcDbEntity
  8
CORTE-RECORTE
100
AcDbPolyline
 90
4
 70
1
 10
279.7675
 20
-89.36229999999999
 10
279.79249999999996
 20
-89.36229999999999
 10
279.79249999999996
 20
-88.42779999999999
 10
279.7675
 20
-88.42779999999999
  0
TEXT
  5
AE1
330
17
100
AcDbEntity
  8
CORTE-TEXTO
100
AcDbText
 10
279.78
 20
-88.89504999999998
 30
0.0
 40
0.005555555555555556
  1
PA-R-015
 72
1
 11
279.78
 21
-88.89504999999998
 31
0.0
100
AcDbText
 73
2
  0
LWPOLYLINE
  5
AE2
330
17
100
AcDbEntity
  8
CORTE-DESPERDICIO
100
AcDbPolyline
 90
4
 70
1
 10
279.7925
 20
-89.36229999999999
 10
279.80350000000004
 20
-89.36229999999999
 10
279.80350000000004
 20
-88.16229999999999
 10
279.7925
 20
-88.16229999999999
  0
LWPOLYLINE
  5
AE3
330
17
100
AcDbEntity
  8
CORTE-DESPERDICIO
100
AcDbPolyline
 90
4
 70
1
 10
279.7675
 20
-88.42779999999999
 10
279.79249999999996
 20
-88.42779999999999
 10
279.79249999999996
 20
-88.16229999999999
 10
279.7675
 20
-88.16229999999999
  0
LWPOLYLINE
  5
AE4
330
17
100
AcDbEntity
  8
CORTE-TILE
100
AcDbPolyline
 90
4
 70
1
 10
280.25350000000003
 20
-89.36229999999999
 10
280.4535
 20
-89.36229999999999
 10
280.4535
 20
-88.16229999999999
 10
280.25350000000003
 20
-88.16229999999999
  0
TEXT
  5
AE5
330
17
100
AcDbEntity
  8
CORTE-TEXTO
100
AcDbText
 10
280.35350000000005
 20
-88.02229999999999
 30
0.0
 40
0.06
  1
RW-35
 72
1
 11
280.35350000000005
 21
-88.02229999999999
 31
0.0
100
AcDbText
 73
2
  0
LWPOLYLINE
  5
AE6
330
17
100
AcDbEntity
  8
CORTE-RECORTE
100
AcDbPolyline
 90
4
 70
1
 10
280.25350000000003
 20
-89.36229999999999
 10
280.3675
 20
-89.36229999999999
 10
280.3675
 20
-88.16229999999999
 10
280.25350000000003
 20
-88.16229999999999
  0
TEXT
  5
AE7
330
17
100
AcDbEntity
  8
CORTE-TEXTO
100
AcDbText
 10
280.31050000000005
 20
-88.7623
 30
0.0
 40
0.025333333333333333
  1
PA-R-144
 72
1
 11
280.31050000000005
 21
-88.7623
 31
0.0
100
AcDbText
 73
2
  0
LWPOLYLINE
  5
AE8
330
17
100
AcDbEntity
  8
CORTE-DESPERDICIO
100
AcDbPolyline
 90
4
 70
1
 10
280.3675
 20
-89.36229999999999
 10
280.4535
 20
-89.36229999999999
 10
280.4535
 20
-88.16229999999999
 10
280.3675
 20
-88.16229999999999
  0
LWPOLYLINE
  5
AE9
330
17
100
AcDbEntity
  8
CORTE-TILE
100
AcDbPolyline
 90
4
 70
1
 10
280.9035
 20
-89.36229999999999
 10
281.1035
 20
-89.36229999999999
 10
281.1035
 20
-88.16229999999999
 10
280.9035
 20
-88.16229999999999
  0
TEXT
  5
AEA
330
17
100
AcDbEntity
  8
CORTE-TEXTO
100
AcDbText
 10
281.00350000000003
 20
-88.02229999999999
 30
0.0
 40
0.06
  1
RW-36
 72
1
 11
281.00350000000003
 21
-88.02229999999999
 31
0.0
100
AcDbText
 73
2
  0
LWPOLYLINE
  5
AEB
330
17
100
AcDbEntity
  8
CORTE-RECORTE
100
AcDbPolyline
 90
4
 70
1
 10
280.9035
 20
-89.36229999999999
 10
281.1035
 20
-89.36229999999999
 10
281.1035
 20
-88.76279999999998
 10
280.9035
 20
-88.76279999999998
  0
TEXT
  5
AEC
330
17
100
AcDbEntity
  8
CORTE-TEXTO
100
AcDbText
 10
281.00350000000003
 20
-89.06254999999999
 30
0.0
 40
0.035
  1
PA-R-187
 72
1
 11
281.00350000000003
 21
-89.06254999999999
 31
0.0
100
AcDbText
 73
2
  0
LWPOLYLINE
  5
AED
330
17
100
AcDbEntity
  8
CORTE-RECORTE
100
AcDbPolyline
 90
4
 70
1
 10
280.9035
 20
-88.76279999999998
 10
281.1035
 20
-88.76279999999998
 10
281.1035
 20
-88.16329999999998
 10
280.9035
 20
-88.16329999999998
  0
TEXT
  5
AEE
330
17
100
AcDbEntity
  8
CORTE-TEXTO
100
AcDbText
 10
281.00350000000003
 20
-88.46304999999998
 30
0.0
 40
0.035
  1
PA-R-186
 72
1
 11
281.00350000000003
 21
-88.46304999999998
 31
0.0
100
AcDbText
 73
2
  0
LWPOLYLINE
  5
AEF
330
17
100
AcDbEntity
  8
CORTE-TILE
100
AcDbPolyline
 90
4
 70
1
 10
281.55350000000004
 20
-89.36229999999999
 10
281.75350000000003
 20
-89.36229999999999
 10
281.75350000000003
 20
-88.16229999999999
 10
281.55350000000004
 20
-88.16229999999999
  0
TEXT
  5
AF0
330
17
100
AcDbEntity
  8
CORTE-TEXTO
100
AcDbText
 10
281.65350000000007
 20
-88.02229999999999
 30
0.0
 40
0.06
  1
RW-37
 72
1
 11
281.65350000000007
 21
-88.02229999999999
 31
0.0
100
AcDbText
 73
2
  0
LWPOLYLINE
  5
AF1
330
17
100
AcDbEntity
  8
CORTE-RECORTE
100
AcDbPolyline
 90
4
 70
1
 10
281.55350000000004
 20
-89.36229999999999
 10
281.75350000000003
 20
-89.36229999999999
 10
281.75350000000003
 20
-88.76279999999998
 10
281.55350000000004
 20
-88.76279999999998
  0
TEXT
  5
AF2
330
17
100
AcDbEntity
  8
CORTE-TEXTO
100
AcDbText
 10
281.65350000000007
 20
-89.06254999999999
 30
0.0
 40
0.035
  1
PA-R-185
 72
1
 11
281.65350000000007
 21
-89.06254999999999
 31
0.0
100
AcDbText
 73
2
  0
LWPOLYLINE
  5
AF3
330
17
100
AcDbEntity
  8
CORTE-RECORTE
100
AcDbPolyline
 90
4
 70
1
 10
281.55350000000004
 20
-88.76279999999998
 10
281.75350000000003
 20
-88.76279999999998
 10
281.75350000000003
 20
-88.16329999999998
 10
281.55350000000004
 20
-88.16329999999998
  0
TEXT
  5
AF4
330
17
100
AcDbEntity
  8
CORTE-TEXTO
100
AcDbText
 10
281.65350000000007
 20
-88.46304999999998
 30
0.0
 40
0.035
  1
PA-R-184
 72
1
 11
281.65350000000007
 21
-88.46304999999998
 31
0.0
100
AcDbText
 73
2
  0
LWPOLYLINE
  5
AF5
330
17
100
AcDbEntity
  8
CORTE-TILE
100
AcDbPolyline
 90
4
 70
1
 10
282.2035
 20
-89.36229999999999
 10
282.4035
 20
-89.36229999999999
 10
282.4035
 20
-88.16229999999999
 10
282.2035
 20
-88.16229999999999
  0
TEXT
  5
AF6
330
17
100
AcDbEntity
  8
CORTE-TEXTO
100
AcDbText
 10
282.30350000000004
 20
-88.02229999999999
 30
0.0
 40
0.06
  1
RW-38
 72
1
 11
282.30350000000004
 21
-88.02229999999999
 31
0.0
100
AcDbText
 73
2
  0
LWPOLYLINE
  5
AF7
330
17
100
AcDbEntity
  8
CORTE-RECORTE
100
AcDbPolyline
 90
4
 70
1
 10
282.2035
 20
-89.36229999999999
 10
282.4035
 20
-89.36229999999999
 10
282.4035
 20
-88.76279999999998
 10
282.2035
 20
-88.76279999999998
  0
TEXT
  5
AF8
330
17
100
AcDbEntity
  8
CORTE-TEXTO
100
AcDbText
 10
282.30350000000004
 20
-89.06254999999999
 30
0.0
 40
0.035
  1
PA-R-183
 72
1
 11
282.30350000000004
 21
-89.06254999999999
 31
0.0
100
AcDbText
 73
2
  0
LWPOLYLINE
  5
AF9
330
17
100
AcDbEntity
  8
CORTE-RECORTE
100
AcDbPolyline
 90
4
 70
1
 10
282.2035
 20
-88.76279999999998
 10
282.4035
 20
-88.76279999999998
 10
282.4035
 20
-88.16329999999998
 10
282.2035
 20
-88.16329999999998
  0
TEXT
  5
AFA
330
17
100
AcDbEntity
  8
CORTE-TEXTO
100
AcDbText
 10
282.30350000000004
 20
-88.46304999999998
 30
0.0
 40
0.035
  1
PA-R-182
 72
1
 11
282.30350000000004
 21
-88.46304999999998
 31
0.0
100
AcDbText
 73
2
  0
LWPOLYLINE
  5
AFB
330
17
100
AcDbEntity
  8
CORTE-TILE
100
AcDbPolyline
 90
4
 70
1
 10
282.8535
 20
-89.36229999999999
 10
283.0535
 20
-89.36229999999999
 10
283.0535
 20
-88.16229999999999
 10
282.8535
 20
-88.16229999999999
  0
TEXT
  5
AFC
330
17
100
AcDbEntity
  8
CORTE-TEXTO
100
AcDbText
 10
282.9535
 20
-88.02229999999999
 30
0.0
 40
0.06
  1
RW-39
 72
1
 11
282.9535
 21
-88.02229999999999
 31
0.0
100
AcDbText
 73
2
  0
LWPOLYLINE
  5
AFD
330
17
100
AcDbEntity
  8
CORTE-RECORTE
100
AcDbPolyline
 90
4
 70
1
 10
282.8535
 20
-89.36229999999999
 10
283.0535
 20
-89.36229999999999
 10
283.0535
 20
-88.76279999999998
 10
282.8535
 20
-88.76279999999998
  0
TEXT
  5
AFE
330
17
100
AcDbEntity
  8
CORTE-TEXTO
100
AcDbText
 10
282.9535
 20
-89.06254999999999
 30
0.0
 40
0.035
  1
PA-R-181
 72
1
 11
282.9535
 21
-89.06254999999999
 31
0.0
100
AcDbText
 73
2
  0
LWPOLYLINE
  5
AFF
330
17
100
AcDbEntity
  8
CORTE-RECORTE
100
AcDbPolyline
 90
4
 70
1
 10
282.8535
 20
-88.76279999999998
 10
283.0535
 20
-88.76279999999998
 10
283.0535
 20
-88.16329999999998
 10
282.8535
 20
-88.16329999999998
  0
TEXT
  5
B00
330
17
100
AcDbEntity
  8
CORTE-TEXTO
100
AcDbText
 10
282.9535
 20
-88.46304999999998
 30
0.0
 40
0.035
  1
PA-R-180
 72
1
 11
282.9535
 21
-88.46304999999998
 31
0.0
100
AcDbText
 73
2
  0
LWPOLYLINE
  5
B01
330
17
100
AcDbEntity
  8
CORTE-TILE
100
AcDbPolyline
 90
4
 70
1
 10
283.50350000000003
 20
-89.36229999999999
 10
283.7035
 20
-89.36229999999999
 10
283.7035
 20
-88.16229999999999
 10
283.50350000000003
 20
-88.16229999999999
  0
TEXT
  5
B02
330
17
100
AcDbEntity
  8
CORTE-TEXTO
100
AcDbText
 10
283.60350000000005
 20
-88.02229999999999
 30
0.0
 40
0.06
  1
RW-40
 72
1
 11
283.60350000000005
 21
-88.02229999999999
 31
0.0
100
AcDbText
 73
2
  0
LWPOLYLINE
  5
B03
330
17
100
AcDbEntity
  8
CORTE-RECORTE
100
AcDbPolyline
 90
4
 70
1
 10
283.50350000000003
 20
-89.36229999999999
 10
283.7035
 20
-89.36229999999999
 10
283.7035
 20
-88.84389999999999
 10
283.50350000000003
 20
-88.84389999999999
  0
TEXT
  5
B04
330
17
100
AcDbEntity
  8
CORTE-TEXTO
100
AcDbText
 10
283.60350000000005
 20
-89.10309999999998
 30
0.0
 40
0.035
  1
PA-R-118
 72
1
 11
283.60350000000005
 21
-89.10309999999998
 31
0.0
100
AcDbText
 73
2
  0
LWPOLYLINE
  5
B05
330
17
100
AcDbEntity
  8
CORTE-RECORTE
100
AcDbPolyline
 90
4
 70
1
 10
283.50350000000003
 20
-88.84389999999999
 10
283.7035
 20
-88.84389999999999
 10
283.7035
 20
-88.32549999999999
 10
283.50350000000003
 20
-88.32549999999999
  0
TEXT
  5
B06
330
17
100
AcDbEntity
  8
CORTE-TEXTO
100
AcDbText
 10
283.60350000000005
 20
-88.58469999999998
 30
0.0
 40
0.035
  1
PA-R-117
 72
1
 11
283.60350000000005
 21
-88.58469999999998
 31
0.0
100
AcDbText
 73
2
  0
LWPOLYLINE
  5
B07
330
17
100
AcDbEntity
  8
CORTE-SOBRANTE
100
AcDbPolyline
 90
4
 70
1
 10
283.50350000000003
 20
-88.32549999999999
 10
283.7035
 20
-88.32549999999999
 10
283.7035
 20
-88.16229999999999
 10
283.50350000000003
 20
-88.16229999999999
  0
LWPOLYLINE
  5
B08
330
17
100
AcDbEntity
  8
CORTE-TILE
100
AcDbPolyline
 90
4
 70
1
 10
284.1535
 20
-89.36229999999999
 10
284.3535
 20
-89.36229999999999
 10
284.3535
 20
-88.16229999999999
 10
284.1535
 20
-88.16229999999999
  0
TEXT
  5
B09
330
17
100
AcDbEntity
  8
CORTE-TEXTO
100
AcDbText
 10
284.25350000000003
 20
-88.02229999999999
 30
0.0
 40
0.06
  1
RW-41
 72
1
 11
284.25350000000003
 21
-88.02229999999999
 31
0.0
100
AcDbText
 73
2
  0
LWPOLYLINE
  5
B0A
330
17
100
AcDbEntity
  8
CORTE-RECORTE
100
AcDbPolyline
 90
4
 70
1
 10
284.1535
 20
-89.36229999999999
 10
284.3535
 20
-89.36229999999999
 10
284.3535
 20
-88.84389999999999
 10
284.1535
 20
-88.84389999999999
  0
TEXT
  5
B0B
330
17
100
AcDbEntity
  8
CORTE-TEXTO
100
AcDbText
 10
284.25350000000003
 20
-89.10309999999998
 30
0.0
 40
0.035
  1
PA-R-116
 72
1
 11
284.25350000000003
 21
-89.10309999999998
 31
0.0
100
AcDbText
 73
2
  0
LWPOLYLINE
  5
B0C
330
17
100
AcDbEntity
  8
CORTE-RECORTE
100
AcDbPolyline
 90
4
 70
1
 10
284.1535
 20
-88.84389999999999
 10
284.3535
 20
-88.84389999999999
 10
284.3535
 20
-88.32549999999999
 10
284.1535
 20
-88.32549999999999
  0
TEXT
  5
B0D
330
17
100
AcDbEntity
  8
CORTE-TEXTO
100
AcDbText
 10
284.25350000000003
 20
-88.58469999999998
 30
0.0
 40
0.035
  1
PA-R-115
 72
1
 11
284.25350000000003
 21
-88.58469999999998
 31
0.0
100
AcDbText
 73
2
  0
LWPOLYLINE
  5
B0E
330
17
100
AcDbEntity
  8
CORTE-SOBRANTE
100
AcDbPolyline
 90
4
 70
1
 10
284.1535
 20
-88.32549999999999
 10
284.3535
 20
-88.32549999999999
 10
284.3535
 20
-88.16229999999999
 10
284.1535
 20
-88.16229999999999
  0
LWPOLYLINE
  5
B0F
330
17
100
AcDbEntity
  8
CORTE-TILE
100
AcDbPolyline
 90
4
 70
1
 10
284.80350000000004
 20
-89.36229999999999
 10
285.00350000000003
 20
-89.36229999999999
 10
285.00350000000003
 20
-88.16229999999999
 10
284.80350000000004
 20
-88.16229999999999
  0
TEXT
  5
B10
330
17
100
AcDbEntity
  8
CORTE-TEXTO
100
AcDbText
 10
284.90350000000007
 20
-88.02229999999999
 30
0.0
 40
0.06
  1
RW-42
 72
1
 11
284.90350000000007
 21
-88.02229999999999
 31
0.0
100
AcDbText
 73
2
  0
LWPOLYLINE
  5
B11
330
17
100
AcDbEntity
  8
CORTE-RECORTE
100
AcDbPolyline
 90
4
 70
1
 10
284.80350000000004
 20
-89.36229999999999
 10
285.00350000000003
 20
-89.36229999999999
 10
285.00350000000003
 20
-88.84389999999999
 10
284.80350000000004
 20
-88.84389999999999
  0
TEXT
  5
B12
330
17
100
AcDbEntity
  8
CORTE-TEXTO
100
AcDbText
 10
284.90350000000007
 20
-89.10309999999998
 30
0.0
 40
0.035
  1
PA-R-114
 72
1
 11
284.90350000000007
 21
-89.10309999999998
 31
0.0
100
AcDbText
 73
2
  0
LWPOLYLINE
  5
B13
330
17
100
AcDbEntity
  8
CORTE-RECORTE
100
AcDbPolyline
 90
4
 70
1
 10
284.80350000000004
 20
-88.84389999999999
 10
285.00350000000003
 20
-88.84389999999999
 10
285.00350000000003
 20
-88.38139999999999
 10
284.80350000000004
 20
-88.38139999999999
  0
TEXT
  5
B14
330
17
100
AcDbEntity
  8
CORTE-TEXTO
100
AcDbText
 10
284.90350000000007
 20
-88.61264999999999
 30
0.0
 40
0.035
  1
PA-R-105
 72
1
 11
284.90350000000007
 21
-88.61264999999999
 31
0.0
100
AcDbText
 73
2
  0
LWPOLYLINE
  5
B15
330
17
100
AcDbEntity
  8
CORTE-RECORTE
100
AcDbPolyline
 90
4
 70
1
 10
284.80350000000004
 20
-88.38139999999999
 10
284.97100000000006
 20
-88.38139999999999
 10
284.97100000000006
 20
-88.18139999999998
 10
284.80350000000004
 20
-88.18139999999998
  0
TEXT
  5
B16
330
17
100
AcDbEntity
  8
CORTE-TEXTO
100
AcDbText
 10
284.88725000000005
 20
-88.28139999999999
 30
0.0
 40
0.035
  1
PA-R-107
 72
1
 11
284.88725000000005
 21
-88.28139999999999
 31
0.0
100
AcDbText
 73
2
  0
LWPOLYLINE
  5
B17
330
17
100
AcDbEntity
  8
CORTE-DESPERDICIO
100
AcDbPolyline
 90
4
 70
1
 10
284.97100000000006
 20
-88.38139999999999
 10
285.0035000000001
 20
-88.38139999999999
 10
285.0035000000001
 20
-88.16229999999999
 10
284.97100000000006
 20
-88.16229999999999
  0
LWPOLYLINE
  5
B18
330
17
100
AcDbEntity
  8
CORTE-DESPERDICIO
100
AcDbPolyline
 90
4
 70
1
 10
284.80350000000004
 20
-88.1814
 10
284.97100000000006
 20
-88.1814
 10
284.97100000000006
 20
-88.1623
 10
284.80350000000004
 20
-88.1623
  0
LWPOLYLINE
  5
B19
330
17
100
AcDbEntity
  8
CORTE-TILE
100
AcDbPolyline
 90
4
 70
1
 10
285.4535
 20
-89.36229999999999
 10
285.6535
 20
-89.36229999999999
 10
285.6535
 20
-88.16229999999999
 10
285.4535
 20
-88.16229999999999
  0
TEXT
  5
B1A
330
17
100
AcDbEntity
  8
CORTE-TEXTO
100
AcDbText
 10
285.55350000000004
 20
-88.02229999999999
 30
0.0
 40
0.06
  1
RW-43
 72
1
 11
285.55350000000004
 21
-88.02229999999999
 31
0.0
100
AcDbText
 73
2
  0
LWPOLYLINE
  5
B1B
330
17
100
AcDbEntity
  8
CORTE-RECORTE
100
AcDbPolyline
 90
4
 70
1
 10
285.4535
 20
-89.36229999999999
 10
285.6535
 20
-89.36229999999999
 10
285.6535
 20
-88.89979999999998
 10
285.4535
 20
-88.89979999999998
  0
TEXT
  5
B1C
330
17
100
AcDbEntity
  8
CORTE-TEXTO
100
AcDbText
 10
285.55350000000004
 20
-89.13104999999999
 30
0.0
 40
0.035
  1
PA-R-104
 72
1
 11
285.55350000000004
 21
-89.13104999999999
 31
0.0
100
AcDbText
 73
2
  0
LWPOLYLINE
  5
B1D
330
17
100
AcDbEntity
  8
CORTE-RECORTE
100
AcDbPolyline
 90
4
 70
1
 10
285.4535
 20
-88.89979999999998
 10
285.6335
 20
-88.89979999999998
 10
285.6335
 20
-88.41679999999998
 10
285.4535
 20
-88.41679999999998
  0
TEXT
  5
B1E
330
17
100
AcDbEntity
  8
CORTE-TEXTO
100
AcDbText
 10
285.5435
 20
-88.65829999999998
 30
0.0
 40
0.035
  1
PA-R-014
 72
1
 11
285.5435
 21
-88.65829999999998
 31
0.0
100
AcDbText
 73
2
  0
LWPOLYLINE
  5
B1F
330
17
100
AcDbEntity
  8
CORTE-RECORTE
100
AcDbPolyline
 90
4
 70
1
 10
285.4535
 20
-88.4168
 10
285.6535
 20
-88.4168
 10
285.6535
 20
-88.1682
 10
285.4535
 20
-88.1682
  0
TEXT
  5
B20
330
17
100
AcDbEntity
  8
CORTE-TEXTO
100
AcDbText
 10
285.55350000000004
 20
-88.29249999999999
 30
0.0
 40
0.035
  1
PA-R-127
 72
1
 11
285.55350000000004
 21
-88.29249999999999
 31
0.0
100
AcDbText
 73
2
  0
LWPOLYLINE
  5
B21
330
17
100
AcDbEntity
  8
CORTE-DESPERDICIO
100
AcDbPolyline
 90
4
 70
1
 10
285.6335
 20
-88.89979999999998
 10
285.6535
 20
-88.89979999999998
 10
285.6535
 20
-88.41679999999998
 10
285.6335
 20
-88.41679999999998
  0
LWPOLYLINE
  5
B22
330
17
100
AcDbEntity
  8
CORTE-TILE
100
AcDbPolyline
 90
4
 70
1
 10
286.1035
 20
-89.36229999999999
 10
286.3035
 20
-89.36229999999999
 10
286.3035
 20
-88.16229999999999
 10
286.1035
 20
-88.16229999999999
  0
TEXT
  5
B23
330
17
100
AcDbEntity
  8
CORTE-TEXTO
100
AcDbText
 10
286.2035
 20
-88.02229999999999
 30
0.0
 40
0.06
  1
RW-44
 72
1
 11
286.2035
 21
-88.02229999999999
 31
0.0
100
AcDbText
 73
2
  0
LWPOLYLINE
  5
B24
330
17
100
AcDbEntity
  8
CORTE-RECORTE
100
AcDbPolyline
 90
4
 70
1
 10
286.1035
 20
-89.36229999999999
 10
286.2175
 20
-89.36229999999999
 10
286.2175
 20
-88.5953
 10
286.1035
 20
-88.5953
  0
TEXT
  5
B25
330
17
100
AcDbEntity
  8
CORTE-TEXTO
100
AcDbText
 10
286.1605
 20
-88.97879999999999
 30
0.0
 40
0.025333333333333333
  1
PA-R-124
 72
1
 11
286.1605
 21
-88.97879999999999
 31
0.0
100
AcDbText
 73
2
  0
LWPOLYLINE
  5
B26
330
17
100
AcDbEntity
  8
CORTE-RECORTE
100
AcDbPolyline
 90
4
 70
1
 10
286.1035
 20
-88.5953
 10
286.1285
 20
-88.5953
 10
286.1285
 20
-88.22279999999999
 10
286.1035
 20
-88.22279999999999
  0
TEXT
  5
B27
330
17
100
AcDbEntity
  8
CORTE-TEXTO
100
AcDbText
 10
286.116
 20
-88.40905
 30
0.0
 40
0.005555555555555556
  1
PA-R-093
 72
1
 11
286.116
 21
-88.40905
 31
0.0
100
AcDbText
 73
2
  0
LWPOLYLINE
  5
B28
330
17
100
AcDbEntity
  8
CORTE-DESPERDICIO
100
AcDbPolyline
 90
4
 70
1
 10
286.2175
 20
-89.36229999999999
 10
286.3035
 20
-89.36229999999999
 10
286.3035
 20
-88.16229999999999
 10
286.2175
 20
-88.16229999999999
  0
LWPOLYLINE
  5
B29
330
17
100
AcDbEntity
  8
CORTE-DESPERDICIO
100
AcDbPolyline
 90
4
 70
1
 10
286.1285
 20
-88.5953
 10
286.2175
 20
-88.5953
 10
286.2175
 20
-88.16229999999999
 10
286.1285
 20
-88.16229999999999
  0
LWPOLYLINE
  5
B2A
330
17
100
AcDbEntity
  8
CORTE-DESPERDICIO
100
AcDbPolyline
 90
4
 70
1
 10
286.1035
 20
-88.22279999999999
 10
286.1285
 20
-88.22279999999999
 10
286.1285
 20
-88.16229999999999
 10
286.1035
 20
-88.16229999999999
  0
LWPOLYLINE
  5
B2B
330
17
100
AcDbEntity
  8
CORTE-TILE
100
AcDbPolyline
 90
4
 70
1
 10
272.4535
 20
-91.2623
 10
272.6535
 20
-91.2623
 10
272.6535
 20
-90.0623
 10
272.4535
 20
-90.0623
  0
TEXT
  5
B2C
330
17
100
AcDbEntity
  8
CORTE-TEXTO
100
AcDbText
 10
272.55350000000004
 20
-89.92229999999999
 30
0.0
 40
0.06
  1
RW-45
 72
1
 11
272.55350000000004
 21
-89.92229999999999
 31
0.0
100
AcDbText
 73
2
  0
LWPOLYLINE
  5
B2D
330
17
100
AcDbEntity
  8
CORTE-RECORTE
100
AcDbPolyline
 90
4
 70
1
 10
272.4535
 20
-91.2623
 10
272.6535
 20
-91.2623
 10
272.6535
 20
-90.8898
 10
272.4535
 20
-90.8898
  0
TEXT
  5
B2E
330
17
100
AcDbEntity
  8
CORTE-TEXTO
100
AcDbText
 10
272.55350000000004
 20
-91.07605
 30
0.0
 40
0.035
  1
PA-R-098
 72
1
 11
272.55350000000004
 21
-91.07605
 31
0.0
100
AcDbText
 73
2
  0
LWPOLYLINE
  5
B2F
330
17
100
AcDbEntity
  8
CORTE-RECORTE
100
AcDbPolyline
 90
4
 70
1
 10
272.4535
 20
-90.8898
 10
272.6535
 20
-90.8898
 10
272.6535
 20
-90.51729999999999
 10
272.4535
 20
-90.51729999999999
  0
TEXT
  5
B30
330
17
100
AcDbEntity
  8
CORTE-TEXTO
100
AcDbText
 10
272.55350000000004
 20
-90.70354999999999
 30
0.0
 40
0.035
  1
PA-R-097
 72
1
 11
272.55350000000004
 21
-90.70354999999999
 31
0.0
100
AcDbText
 73
2
  0
LWPOLYLINE
  5
B31
330
17
100
AcDbEntity
  8
CORTE-RECORTE
100
AcDbPolyline
 90
4
 70
1
 10
272.4535
 20
-90.51729999999999
 10
272.6535
 20
-90.51729999999999
 10
272.6535
 20
-90.14479999999999
 10
272.4535
 20
-90.14479999999999
  0
TEXT
  5
B32
330
17
100
AcDbEntity
  8
CORTE-TEXTO
100
AcDbText
 10
272.55350000000004
 20
-90.33104999999999
 30
0.0
 40
0.035
  1
PA-R-096
 72
1
 11
272.55350000000004
 21
-90.33104999999999
 31
0.0
100
AcDbText
 73
2
  0
LWPOLYLINE
  5
B33
330
17
100
AcDbEntity
  8
CORTE-DESPERDICIO
100
AcDbPolyline
 90
4
 70
1
 10
272.4535
 20
-90.14479999999999
 10
272.6535
 20
-90.14479999999999
 10
272.6535
 20
-90.0623
 10
272.4535
 20
-90.0623
  0
LWPOLYLINE
  5
B34
330
17
100
AcDbEntity
  8
CORTE-TILE
100
AcDbPolyline
 90
4
 70
1
 10
273.1035
 20
-91.2623
 10
273.3035
 20
-91.2623
 10
273.3035
 20
-90.0623
 10
273.1035
 20
-90.0623
  0
TEXT
  5
B35
330
17
100
AcDbEntity
  8
CORTE-TEXTO
100
AcDbText
 10
273.2035
 20
-89.92229999999999
 30
0.0
 40
0.06
  1
RW-46
 72
1
 11
273.2035
 21
-89.92229999999999
 31
0.0
100
AcDbText
 73
2
  0
LWPOLYLINE
  5
B36
330
17
100
AcDbEntity
  8
CORTE-RECORTE
100
AcDbPolyline
 90
4
 70
1
 10
273.1035
 20
-91.2623
 10
273.3035
 20
-91.2623
 10
273.3035
 20
-90.8898
 10
273.1035
 20
-90.8898
  0
TEXT
  5
B37
330
17
100
AcDbEntity
  8
CORTE-TEXTO
100
AcDbText
 10
273.2035
 20
-91.07605
 30
0.0
 40
0.035
  1
PA-R-095
 72
1
 11
273.2035
 21
-91.07605
 31
0.0
100
AcDbText
 73
2
  0
LWPOLYLINE
  5
B38
330
17
100
AcDbEntity
  8
CORTE-RECORTE
100
AcDbPolyline
 90
4
 70
1
 10
273.1035
 20
-90.8898
 10
273.3035
 20
-90.8898
 10
273.3035
 20
-90.51729999999999
 10
273.1035
 20
-90.51729999999999
  0
TEXT
  5
B39
330
17
100
AcDbEntity
  8
CORTE-TEXTO
100
AcDbText
 10
273.2035
 20
-90.70354999999999
 30
0.0
 40
0.035
  1
PA-R-094
 72
1
 11
273.2035
 21
-90.70354999999999
 31
0.0
100
AcDbText
 73
2
  0
LWPOLYLINE
  5
B3A
330
17
100
AcDbEntity
  8
CORTE-RECORTE
100
AcDbPolyline
 90
4
 70
1
 10
273.1035
 20
-90.51729999999999
 10
273.3035
 20
-90.51729999999999
 10
273.3035
 20
-90.18329999999999
 10
273.1035
 20
-90.18329999999999
  0
TEXT
  5
B3B
330
17
100
AcDbEntity
  8
CORTE-TEXTO
100
AcDbText
 10
273.2035
 20
-90.35029999999999
 30
0.0
 40
0.035
  1
PA-R-011
 72
1
 11
273.2035
 21
-90.35029999999999
 31
0.0
100
AcDbText
 73
2
  0
LWPOLYLINE
  5
B3C
330
17
100
AcDbEntity
  8
CORTE-SOBRANTE
100
AcDbPolyline
 90
4
 70
1
 10
273.1035
 20
-90.1833
 10
273.3035
 20
-90.1833
 10
273.3035
 20
-90.06230000000001
 10
273.1035
 20
-90.06230000000001
  0
LWPOLYLINE
  5
B3D
330
17
100
AcDbEntity
  8
CORTE-TILE
100
AcDbPolyline
 90
4
 70
1
 10
273.75350000000003
 20
-91.2623
 10
273.9535
 20
-91.2623
 10
273.9535
 20
-90.0623
 10
273.75350000000003
 20
-90.0623
  0
TEXT
  5
B3E
330
17
100
AcDbEntity
  8
CORTE-TEXTO
100
AcDbText
 10
273.85350000000005
 20
-89.92229999999999
 30
0.0
 40
0.06
  1
RW-47
 72
1
 11
273.85350000000005
 21
-89.92229999999999
 31
0.0
100
AcDbText
 73
2
  0
LWPOLYLINE
  5
B3F
330
17
100
AcDbEntity
  8
CORTE-RECORTE
100
AcDbPolyline
 90
4
 70
1
 10
273.75350000000003
 20
-91.2623
 10
273.9535
 20
-91.2623
 10
273.9535
 20
-90.9283
 10
273.75350000000003
 20
-90.9283
  0
TEXT
  5
B40
330
17
100
AcDbEntity
  8
CORTE-TEXTO
100
AcDbText
 10
273.85350000000005
 20
-91.0953
 30
0.0
 40
0.035
  1
PA-R-010
 72
1
 11
273.85350000000005
 21
-91.0953
 31
0.0
100
AcDbText
 73
2
  0
LWPOLYLINE
  5
B41
330
17
100
AcDbEntity
  8
CORTE-RECORTE
100
AcDbPolyline
 90
4
 70
1
 10
273.75350000000003
 20
-90.9283
 10
273.9535
 20
-90.9283
 10
273.9535
 20
-90.59429999999999
 10
273.75350000000003
 20
-90.59429999999999
  0
TEXT
  5
B42
330
17
100
AcDbEntity
  8
CORTE-TEXTO
100
AcDbText
 10
273.85350000000005
 20
-90.76129999999999
 30
0.0
 40
0.035
  1
PA-R-009
 72
1
 11
273.85350000000005
 21
-90.76129999999999
 31
0.0
100
AcDbText
 73
2
  0
LWPOLYLINE
  5
B43
330
17
100
AcDbEntity
  8
CORTE-RECORTE
100
AcDbPolyline
 90
4
 70
1
 10
273.75350000000003
 20
-90.59429999999999
 10
273.9535
 20
-90.59429999999999
 10
273.9535
 20
-90.26029999999999
 10
273.75350000000003
 20
-90.26029999999999
  0
TEXT
  5
B44
330
17
100
AcDbEntity
  8
CORTE-TEXTO
100
AcDbText
 10
273.85350000000005
 20
-90.42729999999999
 30
0.0
 40
0.035
  1
PA-R-008
 72
1
 11
273.85350000000005
 21
-90.42729999999999
 31
0.0
100
AcDbText
 73
2
  0
LWPOLYLINE
  5
B45
330
17
100
AcDbEntity
  8
CORTE-RECORTE
100
AcDbPolyline
 90
4
 70
1
 10
273.75350000000003
 20
-90.2603
 10
273.87850000000003
 20
-90.2603
 10
273.87850000000003
 20
-90.0938
 10
273.75350000000003
 20
-90.0938
  0
TEXT
  5
B46
330
17
100
AcDbEntity
  8
CORTE-TEXTO
100
AcDbText
 10
273.81600000000003
 20
-90.17705
 30
0.0
 40
0.027777777777777776
  1
PA-R-108
 72
1
 11
273.81600000000003
 21
-90.17705
 31
0.0
100
AcDbText
 73
2
  0
LWPOLYLINE
  5
B47
330
17
100
AcDbEntity
  8
CORTE-DESPERDICIO
100
AcDbPolyline
 90
4
 70
1
 10
273.87850000000003
 20
-90.2603
 10
273.9535
 20
-90.2603
 10
273.9535
 20
-90.06230000000001
 10
273.87850000000003
 20
-90.06230000000001
  0
LWPOLYLINE
  5
B48
330
17
100
AcDbEntity
  8
CORTE-DESPERDICIO
100
AcDbPolyline
 90
4
 70
1
 10
273.75350000000003
 20
-90.0938
 10
273.87850000000003
 20
-90.0938
 10
273.87850000000003
 20
-90.06230000000001
 10
273.75350000000003
 20
-90.06230000000001
  0
LWPOLYLINE
  5
B49
330
17
100
AcDbEntity
  8
CORTE-TILE
100
AcDbPolyline
 90
4
 70
1
 10
274.4035
 20
-91.2623
 10
274.6035
 20
-91.2623
 10
274.6035
 20
-90.0623
 10
274.4035
 20
-90.0623
  0
TEXT
  5
B4A
330
17
100
AcDbEntity
  8
CORTE-TEXTO
100
AcDbText
 10
274.50350000000003
 20
-89.92229999999999
 30
0.0
 40
0.06
  1
RW-48
 72
1
 11
274.50350000000003
 21
-89.92229999999999
 31
0.0
100
AcDbText
 73
2
  0
LWPOLYLINE
  5
B4B
330
17
100
AcDbEntity
  8
CORTE-RECORTE
100
AcDbPolyline
 90
4
 70
1
 10
274.4035
 20
-91.2623
 10
274.6035
 20
-91.2623
 10
274.6035
 20
-90.9283
 10
274.4035
 20
-90.9283
  0
TEXT
  5
B4C
330
17
100
AcDbEntity
  8
CORTE-TEXTO
100
AcDbText
 10
274.50350000000003
 20
-91.0953
 30
0.0
 40
0.035
  1
PA-R-007
 72
1
 11
274.50350000000003
 21
-91.0953
 31
0.0
100
AcDbText
 73
2
  0
LWPOLYLINE
  5
B4D
330
17
100
AcDbEntity
  8
CORTE-RECORTE
100
AcDbPolyline
 90
4
 70
1
 10
274.4035
 20
-90.9283
 10
274.6035
 20
-90.9283
 10
274.6035
 20
-90.59429999999999
 10
274.4035
 20
-90.59429999999999
  0
TEXT
  5
B4E
330
17
100
AcDbEntity
  8
CORTE-TEXTO
100
AcDbText
 10
274.50350000000003
 20
-90.76129999999999
 30
0.0
 40
0.035
  1
PA-R-006
 72
1
 11
274.50350000000003
 21
-90.76129999999999
 31
0.0
100
AcDbText
 73
2
  0
LWPOLYLINE
  5
B4F
330
17
100
AcDbEntity
  8
CORTE-RECORTE
100
AcDbPolyline
 90
4
 70
1
 10
274.4035
 20
-90.59429999999999
 10
274.6035
 20
-90.59429999999999
 10
274.6035
 20
-90.26029999999999
 10
274.4035
 20
-90.26029999999999
  0
TEXT
  5
B50
330
17
100
AcDbEntity
  8
CORTE-TEXTO
100
AcDbText
 10
274.50350000000003
 20
-90.42729999999999
 30
0.0
 40
0.035
  1
PA-R-005
 72
1
 11
274.50350000000003
 21
-90.42729999999999
 31
0.0
100
AcDbText
 73
2
  0
LWPOLYLINE
  5
B51
330
17
100
AcDbEntity
  8
CORTE-SOBRANTE
100
AcDbPolyline
 90
4
 70
1
 10
274.4035
 20
-90.2603
 10
274.6035
 20
-90.2603
 10
274.6035
 20
-90.06230000000001
 10
274.4035
 20
-90.06230000000001
  0
LWPOLYLINE
  5
B52
330
17
100
AcDbEntity
  8
CORTE-TILE
100
AcDbPolyline
 90
4
 70
1
 10
275.05350000000004
 20
-91.2623
 10
275.25350000000003
 20
-91.2623
 10
275.25350000000003
 20
-90.0623
 10
275.05350000000004
 20
-90.0623
  0
TEXT
  5
B53
330
17
100
AcDbEntity
  8
CORTE-TEXTO
100
AcDbText
 10
275.15350000000007
 20
-89.92229999999999
 30
0.0
 40
0.06
  1
RW-49
 72
1
 11
275.15350000000007
 21
-89.92229999999999
 31
0.0
100
AcDbText
 73
2
  0
LWPOLYLINE
  5
B54
330
17
100
AcDbEntity
  8
CORTE-RECORTE
100
AcDbPolyline
 90
4
 70
1
 10
275.05350000000004
 20
-91.2623
 10
275.25350000000003
 20
-91.2623
 10
275.25350000000003
 20
-90.9283
 10
275.05350000000004
 20
-90.9283
  0
TEXT
  5
B55
330
17
100
AcDbEntity
  8
CORTE-TEXTO
100
AcDbText
 10
275.15350000000007
 20
-91.0953
 30
0.0
 40
0.035
  1
PA-R-004
 72
1
 11
275.15350000000007
 21
-91.0953
 31
0.0
100
AcDbText
 73
2
  0
LWPOLYLINE
  5
B56
330
17
100
AcDbEntity
  8
CORTE-RECORTE
100
AcDbPolyline
 90
4
 70
1
 10
275.05350000000004
 20
-90.9283
 10
275.25350000000003
 20
-90.9283
 10
275.25350000000003
 20
-90.59429999999999
 10
275.05350000000004
 20
-90.59429999999999
  0
TEXT
  5
B57
330
17
100
AcDbEntity
  8
CORTE-TEXTO
100
AcDbText
 10
275.15350000000007
 20
-90.76129999999999
 30
0.0
 40
0.035
  1
PA-R-003
 72
1
 11
275.15350000000007
 21
-90.76129999999999
 31
0.0
100
AcDbText
 73
2
  0
LWPOLYLINE
  5
B58
330
17
100
AcDbEntity
  8
CORTE-RECORTE
100
AcDbPolyline
 90
4
 70
1
 10
275.05350000000004
 20
-90.59429999999999
 10
275.25350000000003
 20
-90.59429999999999
 10
275.25350000000003
 20
-90.26029999999999
 10
275.05350000000004
 20
-90.26029999999999
  0
TEXT
  5
B59
330
17
100
AcDbEntity
  8
CORTE-TEXTO
100
AcDbText
 10
275.15350000000007
 20
-90.42729999999999
 30
0.0
 40
0.035
  1
PA-R-002
 72
1
 11
275.15350000000007
 21
-90.42729999999999
 31
0.0
100
AcDbText
 73
2
  0
LWPOLYLINE
  5
B5A
330
17
100
AcDbEntity
  8
CORTE-SOBRANTE
100
AcDbPolyline
 90
4
 70
1
 10
275.05350000000004
 20
-90.2603
 10
275.25350000000003
 20
-90.2603
 10
275.25350000000003
 20
-90.06230000000001
 10
275.05350000000004
 20
-90.06230000000001
  0
LWPOLYLINE
  5
B5B
330
17
100
AcDbEntity
  8
CORTE-TILE
100
AcDbPolyline
 90
4
 70
1
 10
275.7035
 20
-91.2623
 10
275.9035
 20
-91.2623
 10
275.9035
 20
-90.0623
 10
275.7035
 20
-90.0623
  0
TEXT
  5
B5C
330
17
100
AcDbEntity
  8
CORTE-TEXTO
100
AcDbText
 10
275.80350000000004
 20
-89.92229999999999
 30
0.0
 40
0.06
  1
RW-50
 72
1
 11
275.80350000000004
 21
-89.92229999999999
 31
0.0
100
AcDbText
 73
2
  0
LWPOLYLINE
  5
B5D
330
17
100
AcDbEntity
  8
CORTE-RECORTE
100
AcDbPolyline
 90
4
 70
1
 10
275.7035
 20
-91.2623
 10
275.9035
 20
-91.2623
 10
275.9035
 20
-90.9283
 10
275.7035
 20
-90.9283
  0
TEXT
  5
B5E
330
17
100
AcDbEntity
  8
CORTE-TEXTO
100
AcDbText
 10
275.80350000000004
 20
-91.0953
 30
0.0
 40
0.035
  1
PA-R-001
 72
1
 11
275.80350000000004
 21
-91.0953
 31
0.0
100
AcDbText
 73
2
  0
LWPOLYLINE
  5
B5F
330
17
100
AcDbEntity
  8
CORTE-RECORTE
100
AcDbPolyline
 90
4
 70
1
 10
275.7035
 20
-90.9283
 10
275.9035
 20
-90.9283
 10
275.9035
 20
-90.59429999999999
 10
275.7035
 20
-90.59429999999999
  0
TEXT
  5
B60
330
17
100
AcDbEntity
  8
CORTE-TEXTO
100
AcDbText
 10
275.80350000000004
 20
-90.76129999999999
 30
0.0
 40
0.035
  1
PA-R-013
 72
1
 11
275.80350000000004
 21
-90.76129999999999
 31
0.0
100
AcDbText
 73
2
  0
LWPOLYLINE
  5
B61
330
17
100
AcDbEntity
  8
CORTE-SOBRANTE
100
AcDbPolyline
 90
4
 70
1
 10
275.7035
 20
-90.59429999999999
 10
275.9035
 20
-90.59429999999999
 10
275.9035
 20
-90.0623
 10
275.7035
 20
-90.0623
  0
ENDSEC
  0
SECTION
  2
OBJECTS
  0
DICTIONARY
  5
A
330
0
100
AcDbDictionary
281
1
  3
ACAD_COLOR
350
B
  3
ACAD_GROUP
350
C
  3
ACAD_LAYOUT
350
D
  3
ACAD_MATERIAL
350
E
  3
ACAD_MLEADERSTYLE
350
F
  3
ACAD_MLINESTYLE
350
10
  3
ACAD_PLOTSETTINGS
350
11
  3
ACAD_PLOTSTYLENAME
350
12
  3
ACAD_SCALELIST
350
14
  3
ACAD_TABLESTYLE
350
15
  3
ACAD_VISUALSTYLE
350
16
  3
EZDXF_META
350
2D
  0
DICTIONARY
  5
B
330
A
100
AcDbDictionary
281
1
  0
DICTIONARY
  5
C
330
A
100
AcDbDictionary
281
1
  0
DICTIONARY
  5
D
330
A
100
AcDbDictionary
281
1
  3
Model
350
1A
  3
Layout1
350
1E
  0
DICTIONARY
  5
E
330
A
100
AcDbDictionary
281
1
  3
ByBlock
350
1F
  3
ByLayer
350
20
  3
Global
350
21
  0
DICTIONARY
  5
F
330
A
100
AcDbDictionary
281
1
  3
Standard
350
2C
  0
DICTIONARY
  5
10
330
A
100
AcDbDictionary
281
1
  3
Standard
350
22
  0
DICTIONARY
  5
11
330
A
100
AcDbDictionary
281
1
  0
ACDBDICTIONARYWDFLT
  5
12
330
A
100
AcDbDictionary
281
1
  3
Normal
350
13
100
AcDbDictionaryWithDefault
340
13
  0
ACDBPLACEHOLDER
  5
13
330
12
  0
DICTIONARY
  5
14
330
A
100
AcDbDictionary
281
1
  0
DICTIONARY
  5
15
330
A
100
AcDbDictionary
281
1
  0
DICTIONARY
  5
16
330
A
100
AcDbDictionary
281
1
  3
2dWireframe
350
5A
  3
Basic
350
5B
  3
Brighten
350
5C
  3
ColorChange
350
5D
  3
Conceptual
350
5E
  3
Dim
350
5F
  3
EdgeColorOff
350
60
  3
Facepattern
350
61
  3
Flat
350
62
  3
FlatWithEdges
350
63
  3
Gouraud
350
64
  3
GouraudWithEdges
350
65
  3
Hidden
350
66
  3
JitterOff
350
67
  3
Linepattern
350
68
  3
Modeling
350
69
  3
OverhangOff
350
6A
  3
Realistic
350
6B
  3
Shaded
350
6C
  3
Shaded with edges
350
6D
  3
Shades of Gray
350
6E
  3
Sketchy
350
6F
  3
Thicken
350
70
  3
Wireframe
350
71
  3
X-Ray
350
72
  0
LAYOUT
  5
1A
330
D
100
AcDbPlotSettings
  1

  4
A3
  6

 40
7.5
 41
20.0
 42
7.5
 43
20.0
 44
420.0
 45
297.0
 46
0.0
 47
0.0
 48
0.0
 49
0.0
140
0.0
141
0.0
142
1.0
143
1.0
 70
1024
 72
1
 73
0
 74
5
  7

 75
16
 76
0
 77
2
 78
300
147
1.0
148
0.0
149
0.0
100
AcDbLayout
  1
Model
 70
1
 71
0
 10
0.0
 20
0.0
 11
420.0
 21
297.0
 12
0.0
 22
0.0
 32
0.0
 14
1e+20
 24
1e+20
 34
1e+20
 15
-1e+20
 25
-1e+20
 35
-1e+20
146
0.0
 13
0.0
 23
0.0
 33
0.0
 16
1.0
 26
0.0
 36
0.0
 17
0.0
 27
1.0
 37
0.0
 76
1
330
17
  0
LAYOUT
  5
1E
330
D
100
AcDbPlotSettings
  1

  4
A3
  6

 40
7.5
 41
20.0
 42
7.5
 43
20.0
 44
420.0
 45
297.0
 46
0.0
 47
0.0
 48
0.0
 49
0.0
140
0.0
141
0.0
142
1.0
143
1.0
 70
0
 72
1
 73
0
 74
5
  7

 75
16
 76
0
 77
2
 78
300
147
1.0
148
0.0
149
0.0
100
AcDbLayout
  1
Layout1
 70
1
 71
1
 10
0.0
 20
0.0
 11
420.0
 21
297.0
 12
0.0
 22
0.0
 32
0.0
 14
1e+20
 24
1e+20
 34
1e+20
 15
-1e+20
 25
-1e+20
 35
-1e+20
146
0.0
 13
0.0
 23
0.0
 33
0.0
 16
1.0
 26
0.0
 36
0.0
 17
0.0
 27
1.0
 37
0.0
 76
1
330
1B
  0
MATERIAL
  5
1F
102
{ACAD_REACTORS
330
E
102
}
330
E
100
AcDbMaterial
  1
ByBlock
  2

 70
0
 40
1.0
 71
1
 41
1.0
 91
-1023410177
 42
1.0
 72
1
  3

 73
1
 74
1
 75
1
 44
0.5
 73
0
 45
1.0
 46
1.0
 77
1
  4

 78
1
 79
1
170
1
 48
1.0
171
1
  6

172
1
173
1
174
1
140
1.0
141
1.0
175
1
  7

176
1
177
1
178
1
143
1.0
179
1
  8

270
1
271
1
272
1
145
1.0
146
1.0
273
1
  9

274
1
275
1
276
1
 42
1.0
 72
1
  3

 73
1
 74
1
 75
1
 94
63
  0
MATERIAL
  5
20
102
{ACAD_REACTORS
330
E
102
}
330
E
100
AcDbMaterial
  1
ByLayer
  2

 70
0
 40
1.0
 71
1
 41
1.0
 91
-1023410177
 42
1.0
 72
1
  3

 73
1
 74
1
 75
1
 44
0.5
 73
0
 45
1.0
 46
1.0
 77
1
  4

 78
1
 79
1
170
1
 48
1.0
171
1
  6

172
1
173
1
174
1
140
1.0
141
1.0
175
1
  7

176
1
177
1
178
1
143
1.0
179
1
  8

270
1
271
1
272
1
145
1.0
146
1.0
273
1
  9

274
1
275
1
276
1
 42
1.0
 72
1
  3

 73
1
 74
1
 75
1
 94
63
  0
MATERIAL
  5
21
102
{ACAD_REACTORS
330
E
102
}
330
E
100
AcDbMaterial
  1
Global
  2

 70
0
 40
1.0
 71
1
 41
1.0
 91
-1023410177
 42
1.0
 72
1
  3

 73
1
 74
1
 75
1
 44
0.5
 73
0
 45
1.0
 46
1.0
 77
1
  4

 78
1
 79
1
170
1
 48
1.0
171
1
  6

172
1
173
1
174
1
140
1.0
141
1.0
175
1
  7

176
1
177
1
178
1
143
1.0
179
1
  8

270
1
271
1
272
1
145
1.0
146
1.0
273
1
  9

274
1
275
1
276
1
 42
1.0
 72
1
  3

 73
1
 74
1
 75
1
 94
63
  0
MLINESTYLE
  5
22
102
{ACAD_REACTORS
330
10
102
}
330
10
100
AcDbMlineStyle
  2
Standard
 70
0
  3

 62
256
 51
90.0
 52
90.0
 71
2
 49
0.5
 62
256
  6
BYLAYER
 49
-0.5
 62
256
  6
BYLAYER
  0
MLEADERSTYLE
  5
2C
102
{ACAD_REACTORS
330
F
102
}
330
F
100
AcDbMLeaderStyle
179
2
170
2
171
1
172
0
 90
2
 40
0.0
 41
0.0
173
1
 91
-1056964608
 92
-2
290
1
 42
2.0
291
1
 43
8.0
  3
Standard
 44
4.0
300

342
29
174
1
175
1
176
0
178
1
 93
-1056964608
 45
4.0
292
0
297
0
 46
4.0
 94
-1056964608
 47
1.0
 49
1.0
140
1.0
294
1
141
0.0
177
0
142
1.0
295
0
296
0
143
3.75
271
0
272
9
273
9
  0
DICTIONARY
  5
2D
330
A
100
AcDbDictionary
280
1
281
1
  3
CREATED_BY_EZDXF
350
2E
  3
WRITTEN_BY_EZDXF
350
B64
  0
DICTIONARYVAR
  5
2E
330
2D
100
DictionaryVariables
280
0
  1
1.4.4 @ 2026-06-22T18:47:58.083228+00:00
  0
VISUALSTYLE
  5
5A
102
{ACAD_REACTORS
330
16
102
}
330
16
100
AcDbVisualStyle
  2
2dWireframe
 70
4
 90
0
 40
0.6
 62
7
290
0
291
0
  0
VISUALSTYLE
  5
5B
102
{ACAD_REACTORS
330
16
102
}
330
16
100
AcDbVisualStyle
  2
Basic
 70
7
 90
1
 40
0.6
 62
7
290
0
291
1
  0
VISUALSTYLE
  5
5C
102
{ACAD_REACTORS
330
16
102
}
330
16
100
AcDbVisualStyle
  2
Brighten
 70
12
 90
2
 40
0.6
 62
7
290
0
291
1
  0
VISUALSTYLE
  5
5D
102
{ACAD_REACTORS
330
16
102
}
330
16
100
AcDbVisualStyle
  2
ColorChange
 70
16
 90
2
 40
0.6
 62
8
290
0
291
1
  0
VISUALSTYLE
  5
5E
102
{ACAD_REACTORS
330
16
102
}
330
16
100
AcDbVisualStyle
  2
Conceptual
 70
9
 90
3
 40
0.6
 62
7
290
0
291
0
  0
VISUALSTYLE
  5
5F
102
{ACAD_REACTORS
330
16
102
}
330
16
100
AcDbVisualStyle
  2
Dim
 70
11
 90
2
 40
0.6
 62
7
290
0
291
1
  0
VISUALSTYLE
  5
60
102
{ACAD_REACTORS
330
16
102
}
330
16
100
AcDbVisualStyle
  2
EdgeColorOff
 70
22
 90
2
 40
0.6
 62
7
290
0
291
1
  0
VISUALSTYLE
  5
61
102
{ACAD_REACTORS
330
16
102
}
330
16
100
AcDbVisualStyle
  2
Facepattern
 70
15
 90
2
 40
0.6
 62
7
290
0
291
1
  0
VISUALSTYLE
  5
62
102
{ACAD_REACTORS
330
16
102
}
330
16
100
AcDbVisualStyle
  2
Flat
 70
0
 90
2
 40
0.6
 62
7
290
0
291
1
  0
VISUALSTYLE
  5
63
102
{ACAD_REACTORS
330
16
102
}
330
16
100
AcDbVisualStyle
  2
FlatWithEdges
 70
1
 90
2
 40
0.6
 62
7
290
0
291
1
  0
VISUALSTYLE
  5
64
102
{ACAD_REACTORS
330
16
102
}
330
16
100
AcDbVisualStyle
  2
Gouraud
 70
2
 90
2
 40
0.6
 62
7
290
0
291
1
  0
VISUALSTYLE
  5
65
102
{ACAD_REACTORS
330
16
102
}
330
16
100
AcDbVisualStyle
  2
GouraudWithEdges
 70
3
 90
2
 40
0.6
 62
7
290
0
291
1
  0
VISUALSTYLE
  5
66
102
{ACAD_REACTORS
330
16
102
}
330
16
100
AcDbVisualStyle
  2
Hidden
 70
6
 90
1
 40
0.6
 62
7
290
0
291
0
  0
VISUALSTYLE
  5
67
102
{ACAD_REACTORS
330
16
102
}
330
16
100
AcDbVisualStyle
  2
JitterOff
 70
20
 90
2
 40
0.6
 62
7
290
0
291
1
  0
VISUALSTYLE
  5
68
102
{ACAD_REACTORS
330
16
102
}
330
16
100
AcDbVisualStyle
  2
Linepattern
 70
14
 90
2
 40
0.6
 62
7
290
0
291
1
  0
VISUALSTYLE
  5
69
102
{ACAD_REACTORS
330
16
102
}
330
16
100
AcDbVisualStyle
  2
Modeling
 70
10
 90
2
 40
0.6
 62
7
290
0
291
0
  0
VISUALSTYLE
  5
6A
102
{ACAD_REACTORS
330
16
102
}
330
16
100
AcDbVisualStyle
  2
OverhangOff
 70
21
 90
2
 40
0.6
 62
7
290
0
291
1
  0
VISUALSTYLE
  5
6B
102
{ACAD_REACTORS
330
16
102
}
330
16
100
AcDbVisualStyle
  2
Realistic
 70
8
 90
2
 40
0.6
 62
7
290
0
291
0
  0
VISUALSTYLE
  5
6C
102
{ACAD_REACTORS
330
16
102
}
330
16
100
AcDbVisualStyle
  2
Shaded
 70
27
 90
2
 40
0.6
 62
7
290
0
291
0
  0
VISUALSTYLE
  5
6D
102
{ACAD_REACTORS
330
16
102
}
330
16
100
AcDbVisualStyle
  2
Shaded with edges
 70
26
 90
2
 40
0.6
 62
7
290
0
291
0
  0
VISUALSTYLE
  5
6E
102
{ACAD_REACTORS
330
16
102
}
330
16
100
AcDbVisualStyle
  2
Shades of Gray
 70
23
 90
2
 40
0.6
 62
7
290
0
291
0
  0
VISUALSTYLE
  5
6F
102
{ACAD_REACTORS
330
16
102
}
330
16
100
AcDbVisualStyle
  2
Sketchy
 70
24
 90
1
 40
0.6
 62
7
290
0
291
0
  0
VISUALSTYLE
  5
70
102
{ACAD_REACTORS
330
16
102
}
330
16
100
AcDbVisualStyle
  2
Thicken
 70
13
 90
2
 40
0.6
 62
7
290
0
291
1
  0
VISUALSTYLE
  5
71
102
{ACAD_REACTORS
330
16
102
}
330
16
100
AcDbVisualStyle
  2
Wireframe
 70
5
 90
0
 40
0.6
 62
7
290
0
291
0
  0
VISUALSTYLE
  5
72
102
{ACAD_REACTORS
330
16
102
}
330
16
100
AcDbVisualStyle
  2
X-Ray
 70
25
 90
2
 40
0.5
 62
7
290
0
291
0
  0
DICTIONARYVAR
  5
B64
330
2D
100
DictionaryVariables
280
0
  1
1.4.4 @ 2026-06-22T18:47:58.219378+00:00
  0
ENDSEC
  0
EOF
