  0
SECTION
  2
HEADER
  9
$ACADVER
  1
AC1024
  9
$ACADMAINTVER
 70
6
  9
$DWGCODEPAGE
  3
ANSI_1252
  9
$LASTSAVEDBY
  1
ezdxf
  9
$INSBASE
 10
0.0
 20
0.0
 30
0.0
  9
$EXTMIN
 10
1e+20
 20
1e+20
 30
1e+20
  9
$EXTMAX
 10
-1e+20
 20
-1e+20
 30
-1e+20
  9
$LIMMIN
 10
0.0
 20
0.0
  9
$LIMMAX
 10
420.0
 20
297.0
  9
$ORTHOMODE
 70
0
  9
$REGENMODE
 70
1
  9
$FILLMODE
 70
1
  9
$QTEXTMODE
 70
0
  9
$MIRRTEXT
 70
1
  9
$LTSCALE
 40
1.0
  9
$ATTMODE
 70
1
  9
$TEXTSIZE
 40
2.5
  9
$TRACEWID
 40
1.0
  9
$TEXTSTYLE
  7
OpenSans
  9
$CLAYER
  8
0
  9
$CELTYPE
  6
ByLayer
  9
$CECOLOR
 62
256
  9
$CELTSCALE
 40
1.0
  9
$DISPSILH
 70
0
  9
$DIMSCALE
 40
1.0
  9
$DIMASZ
 40
0.175
  9
$DIMEXO
 40
0.125
  9
$DIMDLI
 40
3.75
  9
$DIMRND
 40
0.0
  9
$DIMDLE
 40
0.0
  9
$DIMEXE
 40
0.375
  9
$DIMTP
 40
0.0
  9
$DIMTM
 40
0.0
  9
$DIMTXT
 40
0.25
  9
$DIMCEN
 40
2.5
  9
$DIMTSZ
 40
0.0
  9
$DIMTOL
 70
0
  9
$DIMLIM
 70
0
  9
$DIMTIH
 70
0
  9
$DIMTOH
 70
0
  9
$DIMSE1
 70
0
  9
$DIMSE2
 70
0
  9
$DIMTAD
 70
1
  9
$DIMZIN
 70
12
  9
$DIMBLK
  1
ARCHTICK
  9
$DIMASO
 70
1
  9
$DIMSHO
 70
1
  9
$DIMPOST
  1

  9
$DIMAPOST
  1

  9
$DIMALT
 70
0
  9
$DIMALTD
 70
3
  9
$DIMALTF
 40
0.03937007874
  9
$DIMLFAC
 40
100.0
  9
$DIMTOFL
 70
1
  9
$DIMTVP
 40
0.0
  9
$DIMTIX
 70
0
  9
$DIMSOXD
 70
0
  9
$DIMSAH
 70
0
  9
$DIMBLK1
  1

  9
$DIMBLK2
  1

  9
$DIMSTYLE
  2
EZDXF
  9
$DIMCLRD
 70
0
  9
$DIMCLRE
 70
0
  9
$DIMCLRT
 70
0
  9
$DIMTFAC
 40
0.5
  9
$DIMGAP
 40
0.1
  9
$DIMJUST
 70
0
  9
$DIMSD1
 70
0
  9
$DIMSD2
 70
0
  9
$DIMTOLJ
 70
0
  9
$DIMTZIN
 70
8
  9
$DIMALTZ
 70
0
  9
$DIMALTTZ
 70
0
  9
$DIMUPT
 70
1
  9
$DIMDEC
 70
2
  9
$DIMTDEC
 70
2
  9
$DIMALTU
 70
2
  9
$DIMALTTD
 70
3
  9
$DIMTXSTY
  7
OpenSansCondensed-Light
  9
$DIMAUNIT
 70
0
  9
$DIMADEC
 70
2
  9
$DIMALTRND
 40
0.0
  9
$DIMAZIN
 70
3
  9
$DIMDSEP
 70
46
  9
$DIMATFIT
 70
3
  9
$DIMFRAC
 70
0
  9
$DIMLDRBLK
  1

  9
$DIMLUNIT
 70
2
  9
$DIMLWD
 70
-2
  9
$DIMLWE
 70
-2
  9
$DIMTMOVE
 70
2
  9
$DIMFXL
 40
1.0
  9
$DIMFXLON
 70
0
  9
$DIMJOGANG
 40
0.785398163397
  9
$DIMTFILL
 70
0
  9
$DIMTFILLCLR
 70
0
  9
$DIMARCSYM
 70
0
  9
$DIMLTYPE
  6

  9
$DIMLTEX1
  6

  9
$DIMLTEX2
  6

  9
$DIMTXTDIRECTION
 70
0
  9
$LUNITS
 70
2
  9
$LUPREC
 70
4
  9
$SKETCHINC
 40
1.0
  9
$FILLETRAD
 40
10.0
  9
$AUNITS
 70
0
  9
$AUPREC
 70
2
  9
$MENU
  1
.
  9
$ELEVATION
 40
0.0
  9
$PELEVATION
 40
0.0
  9
$THICKNESS
 40
0.0
  9
$LIMCHECK
 70
0
  9
$CHAMFERA
 40
0.0
  9
$CHAMFERB
 40
0.0
  9
$CHAMFERC
 40
0.0
  9
$CHAMFERD
 40
0.0
  9
$SKPOLY
 70
0
  9
$TDCREATE
 40
2461216.603148148
  9
$TDUCREATE
 40
2458532.153996898
  9
$TDUPDATE
 40
2461216.603148148
  9
$TDUUPDATE
 40
2458532.1544311
  9
$TDINDWG
 40
0.0
  9
$TDUSRTIMER
 40
0.0
  9
$USRTIMER
 70
1
  9
$ANGBASE
 50
0.0
  9
$ANGDIR
 70
0
  9
$PDMODE
 70
0
  9
$PDSIZE
 40
0.0
  9
$PLINEWID
 40
0.0
  9
$SPLFRAME
 70
0
  9
$SPLINETYPE
 70
6
  9
$SPLINESEGS
 70
8
  9
$HANDSEED
  5
98B
  9
$SURFTAB1
 70
6
  9
$SURFTAB2
 70
6
  9
$SURFTYPE
 70
6
  9
$SURFU
 70
6
  9
$SURFV
 70
6
  9
$UCSBASE
  2

  9
$UCSNAME
  2

  9
$UCSORG
 10
0.0
 20
0.0
 30
0.0
  9
$UCSXDIR
 10
1.0
 20
0.0
 30
0.0
  9
$UCSYDIR
 10
0.0
 20
1.0
 30
0.0
  9
$UCSORTHOREF
  2

  9
$UCSORTHOVIEW
 70
0
  9
$UCSORGTOP
 10
0.0
 20
0.0
 30
0.0
  9
$UCSORGBOTTOM
 10
0.0
 20
0.0
 30
0.0
  9
$UCSORGLEFT
 10
0.0
 20
0.0
 30
0.0
  9
$UCSORGRIGHT
 10
0.0
 20
0.0
 30
0.0
  9
$UCSORGFRONT
 10
0.0
 20
0.0
 30
0.0
  9
$UCSORGBACK
 10
0.0
 20
0.0
 30
0.0
  9
$PUCSBASE
  2

  9
$PUCSNAME
  2

  9
$PUCSORG
 10
0.0
 20
0.0
 30
0.0
  9
$PUCSXDIR
 10
1.0
 20
0.0
 30
0.0
  9
$PUCSYDIR
 10
0.0
 20
1.0
 30
0.0
  9
$PUCSORTHOREF
  2

  9
$PUCSORTHOVIEW
 70
0
  9
$PUCSORGTOP
 10
0.0
 20
0.0
 30
0.0
  9
$PUCSORGBOTTOM
 10
0.0
 20
0.0
 30
0.0
  9
$PUCSORGLEFT
 10
0.0
 20
0.0
 30
0.0
  9
$PUCSORGRIGHT
 10
0.0
 20
0.0
 30
0.0
  9
$PUCSORGFRONT
 10
0.0
 20
0.0
 30
0.0
  9
$PUCSORGBACK
 10
0.0
 20
0.0
 30
0.0
  9
$USERI1
 70
0
  9
$USERI2
 70
0
  9
$USERI3
 70
0
  9
$USERI4
 70
0
  9
$USERI5
 70
0
  9
$USERR1
 40
0.0
  9
$USERR2
 40
0.0
  9
$USERR3
 40
0.0
  9
$USERR4
 40
0.0
  9
$USERR5
 40
0.0
  9
$WORLDVIEW
 70
1
  9
$SHADEDGE
 70
3
  9
$SHADEDIF
 70
70
  9
$TILEMODE
 70
1
  9
$MAXACTVP
 70
64
  9
$PINSBASE
 10
0.0
 20
0.0
 30
0.0
  9
$PLIMCHECK
 70
0
  9
$PEXTMIN
 10
1e+20
 20
1e+20
 30
1e+20
  9
$PEXTMAX
 10
-1e+20
 20
-1e+20
 30
-1e+20
  9
$PLIMMIN
 10
0.0
 20
0.0
  9
$PLIMMAX
 10
420.0
 20
297.0
  9
$UNITMODE
 70
0
  9
$VISRETAIN
 70
1
  9
$PLINEGEN
 70
0
  9
$PSLTSCALE
 70
1
  9
$TREEDEPTH
 70
3020
  9
$CMLSTYLE
  2
Standard
  9
$CMLJUST
 70
0
  9
$CMLSCALE
 40
20.0
  9
$PROXYGRAPHICS
 70
1
  9
$MEASUREMENT
 70
1
  9
$CELWEIGHT
370
-1
  9
$ENDCAPS
280
0
  9
$JOINSTYLE
280
0
  9
$LWDISPLAY
290
0
  9
$INSUNITS
 70
6
  9
$HYPERLINKBASE
  1

  9
$STYLESHEET
  1

  9
$XEDIT
290
1
  9
$CEPSNTYPE
380
0
  9
$PSTYLEMODE
290
1
  9
$FINGERPRINTGUID
  2
{3E1A57F1-CAF4-4C81-81A1-14465F363B75}
  9
$VERSIONGUID
  2
{32CC11D2-4CFD-4374-A32A-BF3903C0DCB7}
  9
$EXTNAMES
290
1
  9
$PSVPSCALE
 40
0.0
  9
$OLESTARTUP
290
0
  9
$SORTENTS
280
127
  9
$INDEXCTL
280
0
  9
$HIDETEXT
280
1
  9
$XCLIPFRAME
280
1
  9
$HALOGAP
280
0
  9
$OBSCOLOR
 70
257
  9
$OBSLTYPE
280
0
  9
$INTERSECTIONDISPLAY
280
0
  9
$INTERSECTIONCOLOR
 70
257
  9
$DIMASSOC
280
2
  9
$PROJECTNAME
  1

  9
$CAMERADISPLAY
290
0
  9
$LENSLENGTH
 40
50.0
  9
$CAMERAHEIGHT
 40
0.0
  9
$STEPSPERSEC
 40
24.0
  9
$STEPSIZE
 40
100.0
  9
$3DDWFPREC
 40
2.0
  9
$PSOLWIDTH
 40
0.005
  9
$PSOLHEIGHT
 40
0.08
  9
$LOFTANG1
 40
1.570796326795
  9
$LOFTANG2
 40
1.570796326795
  9
$LOFTMAG1
 40
0.0
  9
$LOFTMAG2
 40
0.0
  9
$LOFTPARAM
 70
7
  9
$LOFTNORMALS
280
1
  9
$LATITUDE
 40
37.795
  9
$LONGITUDE
 40
-122.394
  9
$NORTHDIRECTION
 40
0.0
  9
$TIMEZONE
 70
-8000
  9
$LIGHTGLYPHDISPLAY
280
1
  9
$TILEMODELIGHTSYNCH
280
1
  9
$CMATERIAL
347
20
  9
$SOLIDHIST
280
0
  9
$SHOWHIST
280
1
  9
$DWFFRAME
280
2
  9
$DGNFRAME
280
2
  9
$REALWORLDSCALE
290
1
  9
$INTERFERECOLOR
 62
256
  9
$CSHADOW
280
0
  9
$SHADOWPLANELOCATION
 40
0.0
  0
ENDSEC
  0
SECTION
  2
CLASSES
  0
CLASS
  1
ACDBDICTIONARYWDFLT
  2
AcDbDictionaryWithDefault
  3
ObjectDBX Classes
 90
0
 91
0
280
0
281
0
  0
CLASS
  1
SUN
  2
AcDbSun
  3
SCENEOE
 90
1153
 91
0
280
0
281
0
  0
CLASS
  1
VISUALSTYLE
  2
AcDbVisualStyle
  3
ObjectDBX Classes
 90
4095
 91
0
280
0
281
0
  0
CLASS
  1
MATERIAL
  2
AcDbMaterial
  3
ObjectDBX Classes
 90
1153
 91
0
280
0
281
0
  0
CLASS
  1
SCALE
  2
AcDbScale
  3
ObjectDBX Classes
 90
1153
 91
0
280
0
281
0
  0
CLASS
  1
TABLESTYLE
  2
AcDbTableStyle
  3
ObjectDBX Classes
 90
4095
 91
0
280
0
281
0
  0
CLASS
  1
MLEADERSTYLE
  2
AcDbMLeaderStyle
  3
ACDB_MLEADERSTYLE_CLASS
 90
4095
 91
0
280
0
281
0
  0
CLASS
  1
DICTIONARYVAR
  2
AcDbDictionaryVar
  3
ObjectDBX Classes
 90
0
 91
0
280
0
281
0
  0
CLASS
  1
CELLSTYLEMAP
  2
AcDbCellStyleMap
  3
ObjectDBX Classes
 90
1152
 91
0
280
0
281
0
  0
CLASS
  1
MENTALRAYRENDERSETTINGS
  2
AcDbMentalRayRenderSettings
  3
SCENEOE
 90
1024
 91
0
280
0
281
0
  0
CLASS
  1
ACDBDETAILVIEWSTYLE
  2
AcDbDetailViewStyle
  3
ObjectDBX Classes
 90
1025
 91
0
280
0
281
0
  0
CLASS
  1
ACDBSECTIONVIEWSTYLE
  2
AcDbSectionViewStyle
  3
ObjectDBX Classes
 90
1025
 91
0
280
0
281
0
  0
CLASS
  1
RASTERVARIABLES
  2
AcDbRasterVariables
  3
ISM
 90
0
 91
0
280
0
281
0
  0
CLASS
  1
ACDBPLACEHOLDER
  2
AcDbPlaceHolder
  3
ObjectDBX Classes
 90
0
 91
0
280
0
281
0
  0
CLASS
  1
LAYOUT
  2
AcDbLayout
  3
ObjectDBX Classes
 90
0
 91
0
280
0
281
0
  0
ENDSEC
  0
SECTION
  2
TABLES
  0
TABLE
  2
VPORT
  5
8
330
0
100
AcDbSymbolTable
 70
1
  0
VPORT
  5
23
330
8
100
AcDbSymbolTableRecord
100
AcDbViewportTableRecord
  2
*Active
 70
0
 10
0.0
 20
0.0
 11
1.0
 21
1.0
 12
0.0
 22
0.0
 13
0.0
 23
0.0
 14
0.5
 24
0.5
 15
0.5
 25
0.5
 16
0.0
 26
0.0
 36
1.0
 17
0.0
 27
0.0
 37
0.0
 40
1000.0
 41
1.34
 42
50.0
 43
0.0
 44
0.0
 50
0.0
 51
0.0
 71
0
 72
1000
 73
1
 74
3
 75
0
 76
0
 77
0
 78
0
281
0
 65
0
146
0.0
  0
ENDTAB
  0
TABLE
  2
LTYPE
  5
2
330
0
100
AcDbSymbolTable
 70
21
  0
LTYPE
  5
24
330
2
100
AcDbSymbolTableRecord
100
AcDbLinetypeTableRecord
  2
ByBlock
 70
0
  3

 72
65
 73
0
 40
0.0
  0
LTYPE
  5
25
330
2
100
AcDbSymbolTableRecord
100
AcDbLinetypeTableRecord
  2
ByLayer
 70
0
  3

 72
65
 73
0
 40
0.0
  0
LTYPE
  5
26
330
2
100
AcDbSymbolTableRecord
100
AcDbLinetypeTableRecord
  2
Continuous
 70
0
  3

 72
65
 73
0
 40
0.0
  0
LTYPE
  5
2F
330
2
100
AcDbSymbolTableRecord
100
AcDbLinetypeTableRecord
  2
CENTER
 70
0
  3
Center ____ _ ____ _ ____ _ ____ _ ____ _ ____
 72
65
 73
4
 40
5.08
 49
3.175
 74
0
 49
-0.635
 74
0
 49
0.635
 74
0
 49
-0.635
 74
0
  0
LTYPE
  5
30
330
2
100
AcDbSymbolTableRecord
100
AcDbLinetypeTableRecord
  2
CENTERX2
 70
0
  3
Center (2x) ________  __  ________  __  ________
 72
65
 73
4
 40
8.89
 49
6.35
 74
0
 49
-0.635
 74
0
 49
1.27
 74
0
 49
-0.635
 74
0
  0
LTYPE
  5
31
330
2
100
AcDbSymbolTableRecord
100
AcDbLinetypeTableRecord
  2
CENTER2
 70
0
  3
Center (.5x) ____ _ ____ _ ____ _ ____ _ ____
 72
65
 73
4
 40
2.54
 49
1.587
 74
0
 49
-0.318
 74
0
 49
0.318
 74
0
 49
-0.318
 74
0
  0
LTYPE
  5
32
330
2
100
AcDbSymbolTableRecord
100
AcDbLinetypeTableRecord
  2
DASHED
 70
0
  3
Dashed __ __ __ __ __ __ __ __ __ __ __ __ __ _
 72
65
 73
2
 40
1.524
 49
1.27
 74
0
 49
-0.254
 74
0
  0
LTYPE
  5
33
330
2
100
AcDbSymbolTableRecord
100
AcDbLinetypeTableRecord
  2
DASHEDX2
 70
0
  3
Dashed (2x) ____  ____  ____  ____  ____  ____
 72
65
 73
2
 40
3.048
 49
2.54
 74
0
 49
-0.508
 74
0
  0
LTYPE
  5
34
330
2
100
AcDbSymbolTableRecord
100
AcDbLinetypeTableRecord
  2
DASHED2
 70
0
  3
Dashed (.5x) _ _ _ _ _ _ _ _ _ _ _ _ _ _
 72
65
 73
2
 40
0.762
 49
0.635
 74
0
 49
-0.127
 74
0
  0
LTYPE
  5
35
330
2
100
AcDbSymbolTableRecord
100
AcDbLinetypeTableRecord
  2
PHANTOM
 70
0
  3
Phantom ______  __  __  ______  __  __  ______
 72
65
 73
6
 40
6.35
 49
3.175
 74
0
 49
-0.635
 74
0
 49
0.635
 74
0
 49
-0.635
 74
0
 49
0.635
 74
0
 49
-0.635
 74
0
  0
LTYPE
  5
36
330
2
100
AcDbSymbolTableRecord
100
AcDbLinetypeTableRecord
  2
PHANTOMX2
 70
0
  3
Phantom (2x)____________    ____    ____    ____________
 72
65
 73
6
 40
10.795
 49
6.35
 74
0
 49
-0.635
 74
0
 49
1.27
 74
0
 49
-0.635
 74
0
 49
1.27
 74
0
 49
-0.635
 74
0
  0
LTYPE
  5
37
330
2
100
AcDbSymbolTableRecord
100
AcDbLinetypeTableRecord
  2
PHANTOM2
 70
0
  3
Phantom (.5x) ___ _ _ ___ _ _ ___ _ _ ___ _ _ ___
 72
65
 73
6
 40
3.175
 49
1.587
 74
0
 49
-0.318
 74
0
 49
0.318
 74
0
 49
-0.318
 74
0
 49
0.318
 74
0
 49
-0.318
 74
0
  0
LTYPE
  5
38
330
2
100
AcDbSymbolTableRecord
100
AcDbLinetypeTableRecord
  2
DASHDOT
 70
0
  3
Dash dot __ . __ . __ . __ . __ . __ . __ . __
 72
65
 73
4
 40
3.556
 49
2.54
 74
0
 49
-0.508
 74
0
 49
0.0
 74
0
 49
-0.508
 74
0
  0
LTYPE
  5
39
330
2
100
AcDbSymbolTableRecord
100
AcDbLinetypeTableRecord
  2
DASHDOTX2
 70
0
  3
Dash dot (2x) ____  .  ____  .  ____  .  ____
 72
65
 73
4
 40
6.096
 49
5.08
 74
0
 49
-0.508
 74
0
 49
0.0
 74
0
 49
-0.508
 74
0
  0
LTYPE
  5
3A
330
2
100
AcDbSymbolTableRecord
100
AcDbLinetypeTableRecord
  2
DASHDOT2
 70
0
  3
Dash dot (.5x) _ . _ . _ . _ . _ . _ . _ . _
 72
65
 73
4
 40
1.778
 49
1.27
 74
0
 49
-0.254
 74
0
 49
0.0
 74
0
 49
-0.254
 74
0
  0
LTYPE
  5
3B
330
2
100
AcDbSymbolTableRecord
100
AcDbLinetypeTableRecord
  2
DOT
 70
0
  3
Dot .  .  .  .  .  .  .  .  .  .  .  .  .  .  .  .
 72
65
 73
2
 40
0.508
 49
0.0
 74
0
 49
-0.508
 74
0
  0
LTYPE
  5
3C
330
2
100
AcDbSymbolTableRecord
100
AcDbLinetypeTableRecord
  2
DOTX2
 70
0
  3
Dot (2x) .    .    .    .    .    .    .    . 
 72
65
 73
2
 40
1.016
 49
0.0
 74
0
 49
-1.016
 74
0
  0
LTYPE
  5
3D
330
2
100
AcDbSymbolTableRecord
100
AcDbLinetypeTableRecord
  2
DOT2
 70
0
  3
Dot (.5) . . . . . . . . . . . . . . . . . . . 
 72
65
 73
2
 40
0.254
 49
0.0
 74
0
 49
-0.254
 74
0
  0
LTYPE
  5
3E
330
2
100
AcDbSymbolTableRecord
100
AcDbLinetypeTableRecord
  2
DIVIDE
 70
0
  3
Divide __ . . __ . . __ . . __ . . __ . . __
 72
65
 73
6
 40
4.064
 49
2.54
 74
0
 49
-0.508
 74
0
 49
0.0
 74
0
 49
-0.508
 74
0
 49
0.0
 74
0
 49
-0.508
 74
0
  0
LTYPE
  5
3F
330
2
100
AcDbSymbolTableRecord
100
AcDbLinetypeTableRecord
  2
DIVIDEX2
 70
0
  3
Divide (2x) ____  . .  ____  . .  ____  . .  ____
 72
65
 73
6
 40
6.604
 49
5.08
 74
0
 49
-0.508
 74
0
 49
0.0
 74
0
 49
-0.508
 74
0
 49
0.0
 74
0
 49
-0.508
 74
0
  0
LTYPE
  5
40
330
2
100
AcDbSymbolTableRecord
100
AcDbLinetypeTableRecord
  2
DIVIDE2
 70
0
  3
Divide(.5x) _ . _ . _ . _ . _ . _ . _ . _
 72
65
 73
6
 40
2.032
 49
1.27
 74
0
 49
-0.254
 74
0
 49
0.0
 74
0
 49
-0.254
 74
0
 49
0.0
 74
0
 49
-0.254
 74
0
  0
ENDTAB
  0
TABLE
  2
LAYER
  5
1
330
0
100
AcDbSymbolTable
 70
13
  0
LAYER
  5
27
330
1
100
AcDbSymbolTableRecord
100
AcDbLayerTableRecord
  2
0
 70
0
 62
7
  6
Continuous
370
-3
390
13
347
21
  0
LAYER
  5
28
330
1
100
AcDbSymbolTableRecord
100
AcDbLayerTableRecord
  2
Defpoints
 70
0
 62
7
  6
Continuous
290
0
370
-3
390
13
347
21
  0
LAYER
  5
8A
330
1
100
AcDbSymbolTableRecord
100
AcDbLayerTableRecord
  2
PISO-MORET
 70
0
 62
30
  6
Continuous
370
-3
390
13
347
21
  0
LAYER
  5
8B
330
1
100
AcDbSymbolTableRecord
100
AcDbLayerTableRecord
  2
PISO-ROYAL-WALNUT
 70
0
 62
4
  6
Continuous
370
-3
390
13
347
21
  0
LAYER
  5
8C
330
1
100
AcDbSymbolTableRecord
100
AcDbLayerTableRecord
  2
ETIQUETAS
 70
0
 62
7
  6
Continuous
370
-3
390
13
347
21
  0
LAYER
  5
8D
330
1
100
AcDbSymbolTableRecord
100
AcDbLayerTableRecord
  2
CORTE-TILE
 70
0
 62
7
  6
Continuous
370
-3
390
13
347
21
  0
LAYER
  5
8E
330
1
100
AcDbSymbolTableRecord
100
AcDbLayerTableRecord
  2
CORTE-RECORTE
 70
0
 62
3
  6
Continuous
370
-3
390
13
347
21
  0
LAYER
  5
8F
330
1
100
AcDbSymbolTableRecord
100
AcDbLayerTableRecord
  2
CORTE-SOBRANTE
 70
0
 62
2
  6
Continuous
370
-3
390
13
347
21
  0
LAYER
  5
90
330
1
100
AcDbSymbolTableRecord
100
AcDbLayerTableRecord
  2
CORTE-DESPERDICIO
 70
0
 62
1
  6
Continuous
370
-3
390
13
347
21
  0
LAYER
  5
91
330
1
100
AcDbSymbolTableRecord
100
AcDbLayerTableRecord
  2
CORTE-TEXTO
 70
0
 62
5
  6
Continuous
370
-3
390
13
347
21
  0
LAYER
  5
92
330
1
100
AcDbSymbolTableRecord
100
AcDbLayerTableRecord
  2
SOBRANTES-MAPA
 70
0
 62
6
  6
Continuous
370
-3
390
13
347
21
  0
LAYER
  5
93
330
1
100
AcDbSymbolTableRecord
100
AcDbLayerTableRecord
  2
SOBRANTES-RECORTE
 70
0
 62
2
  6
Continuous
370
-3
390
13
347
21
  0
LAYER
  5
94
330
1
100
AcDbSymbolTableRecord
100
AcDbLayerTableRecord
  2
SOBRANTES-TEXTO
 70
0
 62
6
  6
Continuous
370
-3
390
13
347
21
  0
ENDTAB
  0
TABLE
  2
STYLE
  5
5
330
0
100
AcDbSymbolTable
 70
26
  0
STYLE
  5
29
330
5
100
AcDbSymbolTableRecord
100
AcDbTextStyleTableRecord
  2
Standard
 70
0
 40
0.0
 41
1.0
 50
0.0
 71
0
 42
2.5
  3
txt
  4

  0
STYLE
  5
41
330
5
100
AcDbSymbolTableRecord
100
AcDbTextStyleTableRecord
  2
OpenSans-Light
 70
0
 40
0.0
 41
1.0
 50
0.0
 71
0
 42
2.5
  3
OpenSans-Light.ttf
  4

  0
STYLE
  5
42
330
5
100
AcDbSymbolTableRecord
100
AcDbTextStyleTableRecord
  2
OpenSans-Light-Italic
 70
0
 40
0.0
 41
1.0
 50
0.0
 71
0
 42
2.5
  3
OpenSans-LightItalic.ttf
  4

  0
STYLE
  5
43
330
5
100
AcDbSymbolTableRecord
100
AcDbTextStyleTableRecord
  2
OpenSans
 70
0
 40
0.0
 41
1.0
 50
0.0
 71
0
 42
2.5
  3
OpenSans-Regular.ttf
  4

  0
STYLE
  5
44
330
5
100
AcDbSymbolTableRecord
100
AcDbTextStyleTableRecord
  2
OpenSans-Italic
 70
0
 40
0.0
 41
1.0
 50
0.0
 71
0
 42
2.5
  3
OpenSans-Italic.ttf
  4

  0
STYLE
  5
45
330
5
100
AcDbSymbolTableRecord
100
AcDbTextStyleTableRecord
  2
OpenSans-SemiBold
 70
0
 40
0.0
 41
1.0
 50
0.0
 71
0
 42
2.5
  3
OpenSans-SemiBold.ttf
  4

  0
STYLE
  5
46
330
5
100
AcDbSymbolTableRecord
100
AcDbTextStyleTableRecord
  2
OpenSans-SemiBoldItalic
 70
0
 40
0.0
 41
1.0
 50
0.0
 71
0
 42
2.5
  3
OpenSans-SemiBoldItalic.ttf
  4

  0
STYLE
  5
47
330
5
100
AcDbSymbolTableRecord
100
AcDbTextStyleTableRecord
  2
OpenSans-Bold
 70
0
 40
0.0
 41
1.0
 50
0.0
 71
0
 42
2.5
  3
OpenSans-Bold.ttf
  4

  0
STYLE
  5
48
330
5
100
AcDbSymbolTableRecord
100
AcDbTextStyleTableRecord
  2
OpenSans-BoldItalic
 70
0
 40
0.0
 41
1.0
 50
0.0
 71
0
 42
2.5
  3
OpenSans-BoldItalic.ttf
  4

  0
STYLE
  5
49
330
5
100
AcDbSymbolTableRecord
100
AcDbTextStyleTableRecord
  2
OpenSans-ExtraBold
 70
0
 40
0.0
 41
1.0
 50
0.0
 71
0
 42
2.5
  3
OpenSans-ExtraBold.ttf
  4

  0
STYLE
  5
4A
330
5
100
AcDbSymbolTableRecord
100
AcDbTextStyleTableRecord
  2
OpenSans-ExtraBoldItalic
 70
0
 40
0.0
 41
1.0
 50
0.0
 71
0
 42
2.5
  3
OpenSans-ExtraBoldItalic.ttf
  4

  0
STYLE
  5
4B
330
5
100
AcDbSymbolTableRecord
100
AcDbTextStyleTableRecord
  2
OpenSansCondensed-Bold
 70
0
 40
0.0
 41
1.0
 50
0.0
 71
0
 42
2.5
  3
OpenSansCondensed-Bold.ttf
  4

  0
STYLE
  5
4C
330
5
100
AcDbSymbolTableRecord
100
AcDbTextStyleTableRecord
  2
OpenSansCondensed-Light
 70
0
 40
0.0
 41
1.0
 50
0.0
 71
0
 42
2.5
  3
OpenSansCondensed-Light.ttf
  4

  0
STYLE
  5
4D
330
5
100
AcDbSymbolTableRecord
100
AcDbTextStyleTableRecord
  2
OpenSansCondensed-Italic
 70
0
 40
0.0
 41
1.0
 50
0.0
 71
0
 42
2.5
  3
OpenSansCondensed-LightItalic.ttf
  4

  0
STYLE
  5
4E
330
5
100
AcDbSymbolTableRecord
100
AcDbTextStyleTableRecord
  2
LiberationSans
 70
0
 40
0.0
 41
1.0
 50
0.0
 71
0
 42
2.5
  3
LiberationSans-Regular.ttf
  4

  0
STYLE
  5
4F
330
5
100
AcDbSymbolTableRecord
100
AcDbTextStyleTableRecord
  2
LiberationSans-Bold
 70
0
 40
0.0
 41
1.0
 50
0.0
 71
0
 42
2.5
  3
LiberationSans-Bold.ttf
  4

  0
STYLE
  5
50
330
5
100
AcDbSymbolTableRecord
100
AcDbTextStyleTableRecord
  2
LiberationSans-BoldItalic
 70
0
 40
0.0
 41
1.0
 50
0.0
 71
0
 42
2.5
  3
LiberationSans-BoldItalic.ttf
  4

  0
STYLE
  5
51
330
5
100
AcDbSymbolTableRecord
100
AcDbTextStyleTableRecord
  2
LiberationSans-Italic
 70
0
 40
0.0
 41
1.0
 50
0.0
 71
0
 42
2.5
  3
LiberationSans-Italic.ttf
  4

  0
STYLE
  5
52
330
5
100
AcDbSymbolTableRecord
100
AcDbTextStyleTableRecord
  2
LiberationSerif
 70
0
 40
0.0
 41
1.0
 50
0.0
 71
0
 42
2.5
  3
LiberationSerif-Regular.ttf
  4

  0
STYLE
  5
53
330
5
100
AcDbSymbolTableRecord
100
AcDbTextStyleTableRecord
  2
LiberationSerif-Bold
 70
0
 40
0.0
 41
1.0
 50
0.0
 71
0
 42
2.5
  3
LiberationSerif-Bold.ttf
  4

  0
STYLE
  5
54
330
5
100
AcDbSymbolTableRecord
100
AcDbTextStyleTableRecord
  2
LiberationSerif-BoldItalic
 70
0
 40
0.0
 41
1.0
 50
0.0
 71
0
 42
2.5
  3
LiberationSerif-BoldItalic.ttf
  4

  0
STYLE
  5
55
330
5
100
AcDbSymbolTableRecord
100
AcDbTextStyleTableRecord
  2
LiberationSerif-Italic
 70
0
 40
0.0
 41
1.0
 50
0.0
 71
0
 42
2.5
  3
LiberationSerif-Italic.ttf
  4

  0
STYLE
  5
56
330
5
100
AcDbSymbolTableRecord
100
AcDbTextStyleTableRecord
  2
LiberationMono
 70
0
 40
0.0
 41
1.0
 50
0.0
 71
0
 42
2.5
  3
LiberationMono-Regular.ttf
  4

  0
STYLE
  5
57
330
5
100
AcDbSymbolTableRecord
100
AcDbTextStyleTableRecord
  2
LiberationMono-Bold
 70
0
 40
0.0
 41
1.0
 50
0.0
 71
0
 42
2.5
  3
LiberationMono-Bold.ttf
  4

  0
STYLE
  5
58
330
5
100
AcDbSymbolTableRecord
100
AcDbTextStyleTableRecord
  2
LiberationMono-BoldItalic
 70
0
 40
0.0
 41
1.0
 50
0.0
 71
0
 42
2.5
  3
LiberationMono-BoldItalic.ttf
  4

  0
STYLE
  5
59
330
5
100
AcDbSymbolTableRecord
100
AcDbTextStyleTableRecord
  2
LiberationMono-Italic
 70
0
 40
0.0
 41
1.0
 50
0.0
 71
0
 42
2.5
  3
LiberationMono-Italic.ttf
  4

  0
ENDTAB
  0
TABLE
  2
VIEW
  5
7
330
0
100
AcDbSymbolTable
 70
0
  0
ENDTAB
  0
TABLE
  2
UCS
  5
6
330
0
100
AcDbSymbolTable
 70
0
  0
ENDTAB
  0
TABLE
  2
APPID
  5
3
330
0
100
AcDbSymbolTable
 70
3
  0
APPID
  5
2A
330
3
100
AcDbSymbolTableRecord
100
AcDbRegAppTableRecord
  2
ACAD
 70
0
  0
APPID
  5
988
330
3
100
AcDbSymbolTableRecord
100
AcDbRegAppTableRecord
  2
HATCHBACKGROUNDCOLOR
 70
0
  0
APPID
  5
989
330
3
100
AcDbSymbolTableRecord
100
AcDbRegAppTableRecord
  2
EZDXF
 70
0
  0
ENDTAB
  0
TABLE
  2
DIMSTYLE
  5
4
330
0
100
AcDbSymbolTable
 70
12
100
AcDbDimStyleTable
  0
DIMSTYLE
105
2B
330
4
100
AcDbSymbolTableRecord
100
AcDbDimStyleTableRecord
  2
Standard
 70
0
 40
1.0
 41
2.5
 42
0.625
 43
3.75
 44
1.25
 45
0.0
 46
0.0
 47
0.0
 48
0.0
 49
2.5
140
2.5
141
2.5
142
0.0
143
0.03937007874
144
1.0
145
0.0
146
1.0
147
0.625
148
0.0
 69
0
 70
0
 71
0
 72
0
 73
0
 74
0
 75
0
 76
0
 77
1
 78
8
 79
3
170
0
171
3
172
1
173
0
174
0
175
0
176
0
177
0
178
0
179
2
271
2
272
2
273
2
274
3
275
0
276
0
277
2
278
44
279
0
280
0
281
0
282
0
283
0
284
8
285
0
286
0
288
0
289
3
290
0
371
-2
372
-2
  0
DIMSTYLE
105
73
330
4
100
AcDbSymbolTableRecord
100
AcDbDimStyleTableRecord
  2
EZDXF
 70
0
 40
1.0
 41
0.175
 42
0.125
 43
3.75
 44
0.375
 45
0.0
 46
0.0
 47
0.0
 48
0.0
 49
2.5
140
0.25
141
2.5
142
0.0
143
0.03937007874
144
100.0
145
0.0
146
0.5
147
0.1
148
0.0
 69
0
 70
0
 71
0
 72
0
 73
0
 74
0
 75
0
 76
0
 77
1
 78
12
 79
3
170
0
171
3
172
1
173
0
174
0
175
0
176
0
177
0
178
0
179
2
271
2
272
2
273
2
274
3
275
0
276
0
277
2
278
46
279
2
280
0
281
0
282
0
283
0
284
8
285
0
286
0
288
1
289
3
290
0
340
4C
342
74
371
-2
372
-2
  0
DIMSTYLE
105
7C
330
4
100
AcDbSymbolTableRecord
100
AcDbDimStyleTableRecord
  2
EZ_M_100_H25_CM
 70
0
 40
1.0
 41
0.25
 42
0.125
 43
3.75
 44
0.375
 45
0.0
 46
0.0
 47
0.0
 48
0.0
 49
2.5
140
0.25
141
2.5
142
0.125
143
0.03937007874
144
100.0
145
0.0
146
0.5
147
0.1
148
0.0
 69
0
 70
0
 71
0
 72
0
 73
0
 74
0
 75
0
 76
0
 77
1
 78
12
 79
3
170
0
171
3
172
1
173
0
174
0
175
0
176
0
177
0
178
0
179
2
271
2
272
2
273
2
274
3
275
0
276
0
277
2
278
46
279
2
280
0
281
0
282
0
283
0
284
8
285
0
286
0
288
1
289
3
290
0
340
4C
371
-2
372
-2
  0
DIMSTYLE
105
7D
330
4
100
AcDbSymbolTableRecord
100
AcDbDimStyleTableRecord
  2
EZ_M_50_H25_CM
 70
0
 40
1.0
 41
0.125
 42
0.0625
 43
3.75
 44
0.1875
 45
0.0
 46
0.0
 47
0.0
 48
0.0
 49
2.5
140
0.125
141
2.5
142
0.0625
143
0.03937007874
144
100.0
145
0.0
146
0.5
147
0.05
148
0.0
 69
0
 70
0
 71
0
 72
0
 73
0
 74
0
 75
0
 76
0
 77
1
 78
12
 79
3
170
0
171
3
172
1
173
0
174
0
175
0
176
0
177
0
178
0
179
2
271
2
272
2
273
2
274
3
275
0
276
0
277
2
278
46
279
2
280
0
281
0
282
0
283
0
284
8
285
0
286
0
288
1
289
3
290
0
340
4C
371
-2
372
-2
  0
DIMSTYLE
105
7E
330
4
100
AcDbSymbolTableRecord
100
AcDbDimStyleTableRecord
  2
EZ_M_25_H25_CM
 70
0
 40
1.0
 41
0.0625
 42
0.03125
 43
3.75
 44
0.09375
 45
0.0
 46
0.0
 47
0.0
 48
0.0
 49
2.5
140
0.0625
141
2.5
142
0.03125
143
0.03937007874
144
100.0
145
0.0
146
0.5
147
0.025
148
0.0
 69
0
 70
0
 71
0
 72
0
 73
0
 74
0
 75
0
 76
0
 77
1
 78
12
 79
3
170
0
171
3
172
1
173
0
174
0
175
0
176
0
177
0
178
0
179
2
271
2
272
2
273
2
274
3
275
0
276
0
277
2
278
46
279
2
280
0
281
0
282
0
283
0
284
8
285
0
286
0
288
1
289
3
290
0
340
4C
371
-2
372
-2
  0
DIMSTYLE
105
7F
330
4
100
AcDbSymbolTableRecord
100
AcDbDimStyleTableRecord
  2
EZ_M_20_H25_CM
 70
0
 40
1.0
 41
0.05
 42
0.025
 43
3.75
 44
0.07500000000000001
 45
0.0
 46
0.0
 47
0.0
 48
0.0
 49
2.5
140
0.05
141
2.5
142
0.025
143
0.03937007874
144
100.0
145
0.0
146
0.5
147
0.020000000000000004
148
0.0
 69
0
 70
0
 71
0
 72
0
 73
0
 74
0
 75
0
 76
0
 77
1
 78
12
 79
3
170
0
171
3
172
1
173
0
174
0
175
0
176
0
177
0
178
0
179
2
271
2
272
2
273
2
274
3
275
0
276
0
277
2
278
46
279
2
280
0
281
0
282
0
283
0
284
8
285
0
286
0
288
1
289
3
290
0
340
4C
371
-2
372
-2
  0
DIMSTYLE
105
80
330
4
100
AcDbSymbolTableRecord
100
AcDbDimStyleTableRecord
  2
EZ_M_10_H25_CM
 70
0
 40
1.0
 41
0.025
 42
0.0125
 43
3.75
 44
0.037500000000000006
 45
0.0
 46
0.0
 47
0.0
 48
0.0
 49
2.5
140
0.025
141
2.5
142
0.0125
143
0.03937007874
144
100.0
145
0.0
146
0.5
147
0.010000000000000002
148
0.0
 69
0
 70
0
 71
0
 72
0
 73
0
 74
0
 75
0
 76
0
 77
1
 78
12
 79
3
170
0
171
3
172
1
173
0
174
0
175
0
176
0
177
0
178
0
179
2
271
2
272
2
273
2
274
3
275
0
276
0
277
2
278
46
279
2
280
0
281
0
282
0
283
0
284
8
285
0
286
0
288
1
289
3
290
0
340
4C
371
-2
372
-2
  0
DIMSTYLE
105
81
330
4
100
AcDbSymbolTableRecord
100
AcDbDimStyleTableRecord
  2
EZ_M_5_H25_CM
 70
0
 40
1.0
 41
0.0125
 42
0.00625
 43
3.75
 44
0.018750000000000003
 45
0.0
 46
0.0
 47
0.0
 48
0.0
 49
2.5
140
0.0125
141
2.5
142
0.00625
143
0.03937007874
144
100.0
145
0.0
146
0.5
147
0.005000000000000001
148
0.0
 69
0
 70
0
 71
0
 72
0
 73
0
 74
0
 75
0
 76
0
 77
1
 78
12
 79
3
170
0
171
3
172
1
173
0
174
0
175
0
176
0
177
0
178
0
179
2
271
2
272
2
273
2
274
3
275
0
276
0
277
2
278
46
279
2
280
0
281
0
282
0
283
0
284
8
285
0
286
0
288
1
289
3
290
0
340
4C
371
-2
372
-2
  0
DIMSTYLE
105
82
330
4
100
AcDbSymbolTableRecord
100
AcDbDimStyleTableRecord
  2
EZ_M_1_H25_CM
 70
0
 40
1.0
 41
0.0025
 42
0.00125
 43
3.75
 44
0.00375
 45
0.0
 46
0.0
 47
0.0
 48
0.0
 49
2.5
140
0.0025
141
2.5
142
0.00125
143
0.03937007874
144
100.0
145
0.0
146
0.5
147
0.001
148
0.0
 69
0
 70
0
 71
0
 72
0
 73
0
 74
0
 75
0
 76
0
 77
1
 78
12
 79
3
170
0
171
3
172
1
173
0
174
0
175
0
176
0
177
0
178
0
179
2
271
2
272
2
273
2
274
3
275
0
276
0
277
2
278
46
279
2
280
0
281
0
282
0
283
0
284
8
285
0
286
0
288
1
289
3
290
0
340
4C
371
-2
372
-2
  0
DIMSTYLE
105
83
330
4
100
AcDbSymbolTableRecord
100
AcDbDimStyleTableRecord
  2
EZ_RADIUS
 70
0
 40
1.0
 41
0.25
 42
0.125
 43
3.75
 44
0.375
 45
0.0
 46
0.0
 47
0.0
 48
0.0
 49
2.5
140
0.25
141
0.0
142
0.0
143
0.03937007874
144
100.0
145
0.0
146
0.5
147
0.1
148
0.0
 69
0
 70
0
 71
0
 72
0
 73
0
 74
0
 75
0
 76
0
 77
1
 78
12
 79
3
170
0
171
3
172
0
173
0
174
0
175
0
176
0
177
0
178
0
179
2
271
2
272
2
273
2
274
3
275
0
276
0
277
2
278
46
279
1
280
0
281
0
282
0
283
0
284
8
285
0
286
0
288
1
289
3
290
0
340
4C
342
84
371
-2
372
-2
  0
DIMSTYLE
105
88
330
4
100
AcDbSymbolTableRecord
100
AcDbDimStyleTableRecord
  2
EZ_RADIUS_INSIDE
 70
0
 40
1.0
 41
0.25
 42
0.125
 43
3.75
 44
0.375
 45
0.0
 46
0.0
 47
0.0
 48
0.0
 49
2.5
140
0.25
141
0.0
142
0.0
143
0.03937007874
144
100.0
145
0.0
146
0.5
147
0.1
148
0.0
 69
0
 70
0
 71
0
 72
0
 73
0
 74
0
 75
0
 76
0
 77
0
 78
12
 79
3
170
0
171
3
172
0
173
0
174
1
175
0
176
0
177
0
178
0
179
2
271
2
272
2
273
2
274
3
275
0
276
0
277
2
278
46
279
0
280
0
281
0
282
0
283
0
284
8
285
0
286
0
288
1
289
0
290
0
340
4C
342
84
371
-2
372
-2
  0
DIMSTYLE
105
89
330
4
100
AcDbSymbolTableRecord
100
AcDbDimStyleTableRecord
  2
EZ_CURVED
 70
0
 40
1.0
 41
0.25
 42
0.125
 43
3.75
 44
0.375
 45
0.0
 46
0.0
 47
0.0
 48
0.0
 49
2.5
140
0.25
141
2.5
142
0.0
143
0.03937007874
144
100.0
145
0.0
146
0.5
147
0.1
148
0.0
 69
0
 70
0
 71
0
 72
0
 73
0
 74
0
 75
0
 76
0
 77
1
 78
12
 79
2
 90
2
170
0
171
3
172
1
173
0
174
0
175
0
176
0
177
0
178
0
179
2
271
2
272
2
273
2
274
3
275
0
276
0
277
2
278
46
279
2
280
0
281
0
282
0
283
0
284
8
285
0
286
0
288
1
289
3
290
0
340
4C
371
-2
372
-2
  0
ENDTAB
  0
TABLE
  2
BLOCK_RECORD
  5
9
330
0
100
AcDbSymbolTable
 70
5
  0
BLOCK_RECORD
  5
17
330
9
100
AcDbSymbolTableRecord
100
AcDbBlockTableRecord
  2
*Model_Space
340
1A
 70
0
280
1
281
0
  0
BLOCK_RECORD
  5
1B
330
9
100
AcDbSymbolTableRecord
100
AcDbBlockTableRecord
  2
*Paper_Space
340
1E
 70
0
280
1
281
0
  0
BLOCK_RECORD
  5
74
330
9
100
AcDbSymbolTableRecord
100
AcDbBlockTableRecord
  2
_ARCHTICK
340
0
 70
0
280
1
281
0
  0
BLOCK_RECORD
  5
78
330
9
100
AcDbSymbolTableRecord
100
AcDbBlockTableRecord
  2
_CLOSEDFILLED
340
0
 70
0
280
1
281
0
  0
BLOCK_RECORD
  5
84
330
9
100
AcDbSymbolTableRecord
100
AcDbBlockTableRecord
  2
_CLOSEDBLANK
340
0
 70
0
280
1
281
0
  0
ENDTAB
  0
ENDSEC
  0
SECTION
  2
BLOCKS
  0
BLOCK
  5
18
330
17
100
AcDbEntity
  8
0
100
AcDbBlockBegin
  2
*Model_Space
 70
0
 10
0.0
 20
0.0
 30
0.0
  3
*Model_Space
  1

  0
ENDBLK
  5
19
330
17
100
AcDbEntity
  8
0
100
AcDbBlockEnd
  0
BLOCK
  5
1C
330
1B
100
AcDbEntity
  8
0
100
AcDbBlockBegin
  2
*Paper_Space
 70
0
 10
0.0
 20
0.0
 30
0.0
  3
*Paper_Space
  1

  0
ENDBLK
  5
1D
330
1B
100
AcDbEntity
  8
0
100
AcDbBlockEnd
  0
BLOCK
  5
75
330
74
100
AcDbEntity
  8
0
100
AcDbBlockBegin
  2
_ARCHTICK
 70
0
 10
0.0
 20
0.0
 30
0.0
  3
_ARCHTICK
  1

  0
LWPOLYLINE
  5
77
330
74
100
AcDbEntity
  8
0
  6
BYBLOCK
 62
0
100
AcDbPolyline
 90
2
 70
0
 43
0.15
 10
-0.5
 20
-0.5
 10
0.5
 20
0.5
  0
ENDBLK
  5
76
330
74
100
AcDbEntity
  8
0
100
AcDbBlockEnd
  0
BLOCK
  5
79
330
78
100
AcDbEntity
  8
0
100
AcDbBlockBegin
  2
_CLOSEDFILLED
 70
0
 10
0.0
 20
0.0
 30
0.0
  3
_CLOSEDFILLED
  1

  0
SOLID
  5
7B
330
78
100
AcDbEntity
  8
0
  6
BYBLOCK
 62
0
100
AcDbTrace
 10
-1.0
 20
0.16439898372402537
 30
0.0
 11
0.0
 21
0.0
 31
0.0
 12
-1.0
 22
-0.16439898372402537
 32
0.0
 13
-1.0
 23
-0.16439898372402537
 33
0.0
  0
ENDBLK
  5
7A
330
78
100
AcDbEntity
  8
0
100
AcDbBlockEnd
  0
BLOCK
  5
85
330
84
100
AcDbEntity
  8
0
100
AcDbBlockBegin
  2
_CLOSEDBLANK
 70
0
 10
0.0
 20
0.0
 30
0.0
  3
_CLOSEDBLANK
  1

  0
LWPOLYLINE
  5
87
330
84
100
AcDbEntity
  8
0
  6
BYBLOCK
 62
0
100
AcDbPolyline
 90
3
 70
1
 10
-1.0
 20
0.16439898372402537
 10
0.0
 20
0.0
 10
-1.0
 20
-0.16439898372402537
  0
ENDBLK
  5
86
330
84
100
AcDbEntity
  8
0
100
AcDbBlockEnd
  0
ENDSEC
  0
SECTION
  2
ENTITIES
  0
LWPOLYLINE
  5
95
330
17
100
AcDbEntity
  8
PISO-MORET
100
AcDbPolyline
 90
4
 70
1
 10
331.079
 20
-127.385
 10
331.677
 20
-127.385
 10
331.677
 20
-126.191
 10
331.079
 20
-126.191
  0
TEXT
  5
96
330
17
100
AcDbEntity
  8
ETIQUETAS
100
AcDbText
 10
331.378
 20
-126.788
 30
0.0
 40
0.09
  1
PA-M-021
 72
1
 11
331.378
 21
-126.788
 31
0.0
100
AcDbText
 73
2
  0
LWPOLYLINE
  5
97
330
17
100
AcDbEntity
  8
PISO-MORET
100
AcDbPolyline
 90
4
 70
1
 10
320.0467
 20
-127.7999
 10
320.6427
 20
-127.7999
 10
320.6427
 20
-126.60589999999999
 10
320.0467
 20
-126.60589999999999
  0
TEXT
  5
98
330
17
100
AcDbEntity
  8
ETIQUETAS
100
AcDbText
 10
320.345
 20
-127.203
 30
0.0
 40
0.09
  1
PB-M-089
 72
1
 11
320.345
 21
-127.203
 31
0.0
100
AcDbText
 73
2
  0
LWPOLYLINE
  5
99
330
17
100
AcDbEntity
  8
PISO-MORET
100
AcDbPolyline
 90
4
 70
1
 10
319.4487
 20
-127.7999
 10
320.0447
 20
-127.7999
 10
320.0447
 20
-126.60589999999999
 10
319.4487
 20
-126.60589999999999
  0
TEXT
  5
9A
330
17
100
AcDbEntity
  8
ETIQUETAS
100
AcDbText
 10
319.747
 20
-127.203
 30
0.0
 40
0.09
  1
PB-M-088
 72
1
 11
319.747
 21
-127.203
 31
0.0
100
AcDbText
 73
2
  0
LWPOLYLINE
  5
9B
330
17
100
AcDbEntity
  8
PISO-MORET
100
AcDbPolyline
 90
4
 70
1
 10
318.8508
 20
-127.7999
 10
319.4468
 20
-127.7999
 10
319.4468
 20
-126.60589999999999
 10
318.8508
 20
-126.60589999999999
  0
TEXT
  5
9C
330
17
100
AcDbEntity
  8
ETIQUETAS
100
AcDbText
 10
319.149
 20
-127.203
 30
0.0
 40
0.09
  1
PB-M-087
 72
1
 11
319.149
 21
-127.203
 31
0.0
100
AcDbText
 73
2
  0
LWPOLYLINE
  5
9D
330
17
100
AcDbEntity
  8
PISO-MORET
100
AcDbPolyline
 90
4
 70
1
 10
318.2528
 20
-127.7999
 10
318.8488
 20
-127.7999
 10
318.8488
 20
-126.60589999999999
 10
318.2528
 20
-126.60589999999999
  0
TEXT
  5
9E
330
17
100
AcDbEntity
  8
ETIQUETAS
100
AcDbText
 10
318.551
 20
-127.203
 30
0.0
 40
0.09
  1
PB-M-086
 72
1
 11
318.551
 21
-127.203
 31
0.0
100
AcDbText
 73
2
  0
LWPOLYLINE
  5
9F
330
17
100
AcDbEntity
  8
PISO-MORET
100
AcDbPolyline
 90
4
 70
1
 10
317.6548
 20
-127.7999
 10
318.2508
 20
-127.7999
 10
318.2508
 20
-126.60589999999999
 10
317.6548
 20
-126.60589999999999
  0
TEXT
  5
A0
330
17
100
AcDbEntity
  8
ETIQUETAS
100
AcDbText
 10
317.953
 20
-127.203
 30
0.0
 40
0.09
  1
PB-M-085
 72
1
 11
317.953
 21
-127.203
 31
0.0
100
AcDbText
 73
2
  0
LWPOLYLINE
  5
A1
330
17
100
AcDbEntity
  8
PISO-MORET
100
AcDbPolyline
 90
4
 70
1
 10
317.0568
 20
-127.7999
 10
317.6528
 20
-127.7999
 10
317.6528
 20
-126.60589999999999
 10
317.0568
 20
-126.60589999999999
  0
TEXT
  5
A2
330
17
100
AcDbEntity
  8
ETIQUETAS
100
AcDbText
 10
317.355
 20
-127.203
 30
0.0
 40
0.09
  1
PB-M-084
 72
1
 11
317.355
 21
-127.203
 31
0.0
100
AcDbText
 73
2
  0
LWPOLYLINE
  5
A3
330
17
100
AcDbEntity
  8
PISO-MORET
100
AcDbPolyline
 90
4
 70
1
 10
316.4588
 20
-127.7999
 10
317.0548
 20
-127.7999
 10
317.0548
 20
-126.60589999999999
 10
316.4588
 20
-126.60589999999999
  0
TEXT
  5
A4
330
17
100
AcDbEntity
  8
ETIQUETAS
100
AcDbText
 10
316.757
 20
-127.203
 30
0.0
 40
0.09
  1
PB-M-083
 72
1
 11
316.757
 21
-127.203
 31
0.0
100
AcDbText
 73
2
  0
LWPOLYLINE
  5
A5
330
17
100
AcDbEntity
  8
PISO-MORET
100
AcDbPolyline
 90
4
 70
1
 10
321.2427
 20
-128.4182
 10
321.8387
 20
-128.4182
 10
321.8387
 20
-127.22420000000001
 10
321.2427
 20
-127.22420000000001
  0
TEXT
  5
A6
330
17
100
AcDbEntity
  8
ETIQUETAS
100
AcDbText
 10
321.541
 20
-127.821
 30
0.0
 40
0.09
  1
PB-M-091
 72
1
 11
321.541
 21
-127.821
 31
0.0
100
AcDbText
 73
2
  0
LWPOLYLINE
  5
A7
330
17
100
AcDbEntity
  8
PISO-MORET
100
AcDbPolyline
 90
4
 70
1
 10
320.0467
 20
-128.9959
 10
320.6427
 20
-128.9959
 10
320.6427
 20
-127.8019
 10
320.0467
 20
-127.8019
  0
TEXT
  5
A8
330
17
100
AcDbEntity
  8
ETIQUETAS
100
AcDbText
 10
320.345
 20
-128.399
 30
0.0
 40
0.09
  1
PB-M-102
 72
1
 11
320.345
 21
-128.399
 31
0.0
100
AcDbText
 73
2
  0
LWPOLYLINE
  5
A9
330
17
100
AcDbEntity
  8
PISO-MORET
100
AcDbPolyline
 90
4
 70
1
 10
319.4487
 20
-128.9959
 10
320.0447
 20
-128.9959
 10
320.0447
 20
-127.8019
 10
319.4487
 20
-127.8019
  0
TEXT
  5
AA
330
17
100
AcDbEntity
  8
ETIQUETAS
100
AcDbText
 10
319.747
 20
-128.399
 30
0.0
 40
0.09
  1
PB-M-101
 72
1
 11
319.747
 21
-128.399
 31
0.0
100
AcDbText
 73
2
  0
LWPOLYLINE
  5
AB
330
17
100
AcDbEntity
  8
PISO-MORET
100
AcDbPolyline
 90
4
 70
1
 10
318.8508
 20
-128.9959
 10
319.4468
 20
-128.9959
 10
319.4468
 20
-127.8019
 10
318.8508
 20
-127.8019
  0
TEXT
  5
AC
330
17
100
AcDbEntity
  8
ETIQUETAS
100
AcDbText
 10
319.149
 20
-128.399
 30
0.0
 40
0.09
  1
PB-M-100
 72
1
 11
319.149
 21
-128.399
 31
0.0
100
AcDbText
 73
2
  0
LWPOLYLINE
  5
AD
330
17
100
AcDbEntity
  8
PISO-MORET
100
AcDbPolyline
 90
4
 70
1
 10
318.2528
 20
-128.9959
 10
318.8488
 20
-128.9959
 10
318.8488
 20
-127.8019
 10
318.2528
 20
-127.8019
  0
TEXT
  5
AE
330
17
100
AcDbEntity
  8
ETIQUETAS
100
AcDbText
 10
318.551
 20
-128.399
 30
0.0
 40
0.09
  1
PB-M-099
 72
1
 11
318.551
 21
-128.399
 31
0.0
100
AcDbText
 73
2
  0
LWPOLYLINE
  5
AF
330
17
100
AcDbEntity
  8
PISO-MORET
100
AcDbPolyline
 90
4
 70
1
 10
317.6548
 20
-128.9959
 10
318.2508
 20
-128.9959
 10
318.2508
 20
-127.8019
 10
317.6548
 20
-127.8019
  0
TEXT
  5
B0
330
17
100
AcDbEntity
  8
ETIQUETAS
100
AcDbText
 10
317.953
 20
-128.399
 30
0.0
 40
0.09
  1
PB-M-098
 72
1
 11
317.953
 21
-128.399
 31
0.0
100
AcDbText
 73
2
  0
LWPOLYLINE
  5
B1
330
17
100
AcDbEntity
  8
PISO-MORET
100
AcDbPolyline
 90
4
 70
1
 10
317.0568
 20
-128.9959
 10
317.6528
 20
-128.9959
 10
317.6528
 20
-127.8019
 10
317.0568
 20
-127.8019
  0
TEXT
  5
B2
330
17
100
AcDbEntity
  8
ETIQUETAS
100
AcDbText
 10
317.355
 20
-128.399
 30
0.0
 40
0.09
  1
PB-M-097
 72
1
 11
317.355
 21
-128.399
 31
0.0
100
AcDbText
 73
2
  0
LWPOLYLINE
  5
B3
330
17
100
AcDbEntity
  8
PISO-MORET
100
AcDbPolyline
 90
4
 70
1
 10
316.4588
 20
-128.9959
 10
317.0548
 20
-128.9959
 10
317.0548
 20
-127.8019
 10
316.4588
 20
-127.8019
  0
TEXT
  5
B4
330
17
100
AcDbEntity
  8
ETIQUETAS
100
AcDbText
 10
316.757
 20
-128.399
 30
0.0
 40
0.09
  1
PB-M-096
 72
1
 11
316.757
 21
-128.399
 31
0.0
100
AcDbText
 73
2
  0
LWPOLYLINE
  5
B5
330
17
100
AcDbEntity
  8
PISO-MORET
100
AcDbPolyline
 90
4
 70
1
 10
320.0467
 20
-130.1919
 10
320.6427
 20
-130.1919
 10
320.6427
 20
-128.99790000000002
 10
320.0467
 20
-128.99790000000002
  0
TEXT
  5
B6
330
17
100
AcDbEntity
  8
ETIQUETAS
100
AcDbText
 10
320.345
 20
-129.595
 30
0.0
 40
0.09
  1
PB-M-116
 72
1
 11
320.345
 21
-129.595
 31
0.0
100
AcDbText
 73
2
  0
LWPOLYLINE
  5
B7
330
17
100
AcDbEntity
  8
PISO-MORET
100
AcDbPolyline
 90
4
 70
1
 10
319.4487
 20
-130.1919
 10
320.0447
 20
-130.1919
 10
320.0447
 20
-128.99790000000002
 10
319.4487
 20
-128.99790000000002
  0
TEXT
  5
B8
330
17
100
AcDbEntity
  8
ETIQUETAS
100
AcDbText
 10
319.747
 20
-129.595
 30
0.0
 40
0.09
  1
PB-M-115
 72
1
 11
319.747
 21
-129.595
 31
0.0
100
AcDbText
 73
2
  0
LWPOLYLINE
  5
B9
330
17
100
AcDbEntity
  8
PISO-MORET
100
AcDbPolyline
 90
4
 70
1
 10
318.8508
 20
-130.1919
 10
319.4468
 20
-130.1919
 10
319.4468
 20
-128.99790000000002
 10
318.8508
 20
-128.99790000000002
  0
TEXT
  5
BA
330
17
100
AcDbEntity
  8
ETIQUETAS
100
AcDbText
 10
319.149
 20
-129.595
 30
0.0
 40
0.09
  1
PB-M-114
 72
1
 11
319.149
 21
-129.595
 31
0.0
100
AcDbText
 73
2
  0
LWPOLYLINE
  5
BB
330
17
100
AcDbEntity
  8
PISO-MORET
100
AcDbPolyline
 90
4
 70
1
 10
318.2528
 20
-130.1919
 10
318.8488
 20
-130.1919
 10
318.8488
 20
-128.99790000000002
 10
318.2528
 20
-128.99790000000002
  0
TEXT
  5
BC
330
17
100
AcDbEntity
  8
ETIQUETAS
100
AcDbText
 10
318.551
 20
-129.595
 30
0.0
 40
0.09
  1
PB-M-113
 72
1
 11
318.551
 21
-129.595
 31
0.0
100
AcDbText
 73
2
  0
LWPOLYLINE
  5
BD
330
17
100
AcDbEntity
  8
PISO-MORET
100
AcDbPolyline
 90
4
 70
1
 10
317.6548
 20
-130.1919
 10
318.2508
 20
-130.1919
 10
318.2508
 20
-128.99790000000002
 10
317.6548
 20
-128.99790000000002
  0
TEXT
  5
BE
330
17
100
AcDbEntity
  8
ETIQUETAS
100
AcDbText
 10
317.953
 20
-129.595
 30
0.0
 40
0.09
  1
PB-M-112
 72
1
 11
317.953
 21
-129.595
 31
0.0
100
AcDbText
 73
2
  0
LWPOLYLINE
  5
BF
330
17
100
AcDbEntity
  8
PISO-MORET
100
AcDbPolyline
 90
4
 70
1
 10
317.0568
 20
-130.1919
 10
317.6528
 20
-130.1919
 10
317.6528
 20
-128.99790000000002
 10
317.0568
 20
-128.99790000000002
  0
TEXT
  5
C0
330
17
100
AcDbEntity
  8
ETIQUETAS
100
AcDbText
 10
317.355
 20
-129.595
 30
0.0
 40
0.09
  1
PB-M-111
 72
1
 11
317.355
 21
-129.595
 31
0.0
100
AcDbText
 73
2
  0
LWPOLYLINE
  5
C1
330
17
100
AcDbEntity
  8
PISO-MORET
100
AcDbPolyline
 90
4
 70
1
 10
316.4588
 20
-130.1919
 10
317.0548
 20
-130.1919
 10
317.0548
 20
-128.99790000000002
 10
316.4588
 20
-128.99790000000002
  0
TEXT
  5
C2
330
17
100
AcDbEntity
  8
ETIQUETAS
100
AcDbText
 10
316.757
 20
-129.595
 30
0.0
 40
0.09
  1
PB-M-110
 72
1
 11
316.757
 21
-129.595
 31
0.0
100
AcDbText
 73
2
  0
LWPOLYLINE
  5
C3
330
17
100
AcDbEntity
  8
PISO-MORET
100
AcDbPolyline
 90
4
 70
1
 10
320.6447
 20
-130.1919
 10
321.2407
 20
-130.1919
 10
321.2407
 20
-128.99790000000002
 10
320.6447
 20
-128.99790000000002
  0
TEXT
  5
C4
330
17
100
AcDbEntity
  8
ETIQUETAS
100
AcDbText
 10
320.943
 20
-129.595
 30
0.0
 40
0.09
  1
PB-M-117
 72
1
 11
320.943
 21
-129.595
 31
0.0
100
AcDbText
 73
2
  0
LWPOLYLINE
  5
C5
330
17
100
AcDbEntity
  8
PISO-MORET
100
AcDbPolyline
 90
4
 70
1
 10
321.8407
 20
-130.1919
 10
322.43670000000003
 20
-130.1919
 10
322.43670000000003
 20
-128.99790000000002
 10
321.8407
 20
-128.99790000000002
  0
TEXT
  5
C6
330
17
100
AcDbEntity
  8
ETIQUETAS
100
AcDbText
 10
322.139
 20
-129.595
 30
0.0
 40
0.09
  1
PB-M-119
 72
1
 11
322.139
 21
-129.595
 31
0.0
100
AcDbText
 73
2
  0
LWPOLYLINE
  5
C7
330
17
100
AcDbEntity
  8
PISO-MORET
100
AcDbPolyline
 90
4
 70
1
 10
321.2427
 20
-130.1919
 10
321.8387
 20
-130.1919
 10
321.8387
 20
-128.99790000000002
 10
321.2427
 20
-128.99790000000002
  0
TEXT
  5
C8
330
17
100
AcDbEntity
  8
ETIQUETAS
100
AcDbText
 10
321.541
 20
-129.595
 30
0.0
 40
0.09
  1
PB-M-118
 72
1
 11
321.541
 21
-129.595
 31
0.0
100
AcDbText
 73
2
  0
LWPOLYLINE
  5
C9
330
17
100
AcDbEntity
  8
PISO-MORET
100
AcDbPolyline
 90
4
 70
1
 10
320.0467
 20
-125.4519
 10
320.6427
 20
-125.4519
 10
320.6427
 20
-124.25789999999999
 10
320.0467
 20
-124.25789999999999
  0
TEXT
  5
CA
330
17
100
AcDbEntity
  8
ETIQUETAS
100
AcDbText
 10
320.345
 20
-124.855
 30
0.0
 40
0.09
  1
PB-M-058
 72
1
 11
320.345
 21
-124.855
 31
0.0
100
AcDbText
 73
2
  0
LWPOLYLINE
  5
CB
330
17
100
AcDbEntity
  8
PISO-MORET
100
AcDbPolyline
 90
4
 70
1
 10
319.4487
 20
-125.4519
 10
320.0447
 20
-125.4519
 10
320.0447
 20
-124.25789999999999
 10
319.4487
 20
-124.25789999999999
  0
TEXT
  5
CC
330
17
100
AcDbEntity
  8
ETIQUETAS
100
AcDbText
 10
319.747
 20
-124.855
 30
0.0
 40
0.09
  1
PB-M-057
 72
1
 11
319.747
 21
-124.855
 31
0.0
100
AcDbText
 73
2
  0
LWPOLYLINE
  5
CD
330
17
100
AcDbEntity
  8
PISO-MORET
100
AcDbPolyline
 90
4
 70
1
 10
318.8508
 20
-125.4519
 10
319.4468
 20
-125.4519
 10
319.4468
 20
-124.25789999999999
 10
318.8508
 20
-124.25789999999999
  0
TEXT
  5
CE
330
17
100
AcDbEntity
  8
ETIQUETAS
100
AcDbText
 10
319.149
 20
-124.855
 30
0.0
 40
0.09
  1
PB-M-056
 72
1
 11
319.149
 21
-124.855
 31
0.0
100
AcDbText
 73
2
  0
LWPOLYLINE
  5
CF
330
17
100
AcDbEntity
  8
PISO-MORET
100
AcDbPolyline
 90
4
 70
1
 10
318.2528
 20
-125.4519
 10
318.8488
 20
-125.4519
 10
318.8488
 20
-124.25789999999999
 10
318.2528
 20
-124.25789999999999
  0
TEXT
  5
D0
330
17
100
AcDbEntity
  8
ETIQUETAS
100
AcDbText
 10
318.551
 20
-124.855
 30
0.0
 40
0.09
  1
PB-M-055
 72
1
 11
318.551
 21
-124.855
 31
0.0
100
AcDbText
 73
2
  0
LWPOLYLINE
  5
D1
330
17
100
AcDbEntity
  8
PISO-MORET
100
AcDbPolyline
 90
4
 70
1
 10
317.6548
 20
-125.4519
 10
318.2508
 20
-125.4519
 10
318.2508
 20
-124.25789999999999
 10
317.6548
 20
-124.25789999999999
  0
TEXT
  5
D2
330
17
100
AcDbEntity
  8
ETIQUETAS
100
AcDbText
 10
317.953
 20
-124.855
 30
0.0
 40
0.09
  1
PB-M-054
 72
1
 11
317.953
 21
-124.855
 31
0.0
100
AcDbText
 73
2
  0
LWPOLYLINE
  5
D3
330
17
100
AcDbEntity
  8
PISO-MORET
100
AcDbPolyline
 90
4
 70
1
 10
317.0568
 20
-125.4519
 10
317.6528
 20
-125.4519
 10
317.6528
 20
-124.25789999999999
 10
317.0568
 20
-124.25789999999999
  0
TEXT
  5
D4
330
17
100
AcDbEntity
  8
ETIQUETAS
100
AcDbText
 10
317.355
 20
-124.855
 30
0.0
 40
0.09
  1
PB-M-053
 72
1
 11
317.355
 21
-124.855
 31
0.0
100
AcDbText
 73
2
  0
LWPOLYLINE
  5
D5
330
17
100
AcDbEntity
  8
PISO-MORET
100
AcDbPolyline
 90
4
 70
1
 10
316.4588
 20
-125.4519
 10
317.0548
 20
-125.4519
 10
317.0548
 20
-124.25789999999999
 10
316.4588
 20
-124.25789999999999
  0
TEXT
  5
D6
330
17
100
AcDbEntity
  8
ETIQUETAS
100
AcDbText
 10
316.757
 20
-124.855
 30
0.0
 40
0.09
  1
PB-M-052
 72
1
 11
316.757
 21
-124.855
 31
0.0
100
AcDbText
 73
2
  0
LWPOLYLINE
  5
D7
330
17
100
AcDbEntity
  8
PISO-MORET
100
AcDbPolyline
 90
4
 70
1
 10
321.2427
 20
-125.4519
 10
321.8387
 20
-125.4519
 10
321.8387
 20
-124.25789999999999
 10
321.2427
 20
-124.25789999999999
  0
TEXT
  5
D8
330
17
100
AcDbEntity
  8
ETIQUETAS
100
AcDbText
 10
321.541
 20
-124.855
 30
0.0
 40
0.09
  1
PB-M-060
 72
1
 11
321.541
 21
-124.855
 31
0.0
100
AcDbText
 73
2
  0
LWPOLYLINE
  5
D9
330
17
100
AcDbEntity
  8
PISO-MORET
100
AcDbPolyline
 90
4
 70
1
 10
320.6447
 20
-125.4519
 10
321.2407
 20
-125.4519
 10
321.2407
 20
-124.25789999999999
 10
320.6447
 20
-124.25789999999999
  0
TEXT
  5
DA
330
17
100
AcDbEntity
  8
ETIQUETAS
100
AcDbText
 10
320.943
 20
-124.855
 30
0.0
 40
0.09
  1
PB-M-059
 72
1
 11
320.943
 21
-124.855
 31
0.0
100
AcDbText
 73
2
  0
LWPOLYLINE
  5
DB
330
17
100
AcDbEntity
  8
PISO-MORET
100
AcDbPolyline
 90
4
 70
1
 10
322.4387
 20
-125.4519
 10
323.0347
 20
-125.4519
 10
323.0347
 20
-124.25789999999999
 10
322.4387
 20
-124.25789999999999
  0
TEXT
  5
DC
330
17
100
AcDbEntity
  8
ETIQUETAS
100
AcDbText
 10
322.737
 20
-124.855
 30
0.0
 40
0.09
  1
PB-M-062
 72
1
 11
322.737
 21
-124.855
 31
0.0
100
AcDbText
 73
2
  0
LWPOLYLINE
  5
DD
330
17
100
AcDbEntity
  8
PISO-MORET
100
AcDbPolyline
 90
4
 70
1
 10
321.8407
 20
-125.4519
 10
322.43670000000003
 20
-125.4519
 10
322.43670000000003
 20
-124.25789999999999
 10
321.8407
 20
-124.25789999999999
  0
TEXT
  5
DE
330
17
100
AcDbEntity
  8
ETIQUETAS
100
AcDbText
 10
322.139
 20
-124.855
 30
0.0
 40
0.09
  1
PB-M-061
 72
1
 11
322.139
 21
-124.855
 31
0.0
100
AcDbText
 73
2
  0
LWPOLYLINE
  5
DF
330
17
100
AcDbEntity
  8
PISO-MORET
100
AcDbPolyline
 90
4
 70
1
 10
323.0367
 20
-125.4519
 10
323.6327
 20
-125.4519
 10
323.6327
 20
-124.25789999999999
 10
323.0367
 20
-124.25789999999999
  0
TEXT
  5
E0
330
17
100
AcDbEntity
  8
ETIQUETAS
100
AcDbText
 10
323.335
 20
-124.855
 30
0.0
 40
0.09
  1
PB-M-063
 72
1
 11
323.335
 21
-124.855
 31
0.0
100
AcDbText
 73
2
  0
LWPOLYLINE
  5
E1
330
17
100
AcDbEntity
  8
PISO-MORET
100
AcDbPolyline
 90
4
 70
1
 10
320.0467
 20
-124.2559
 10
320.6427
 20
-124.2559
 10
320.6427
 20
-123.0619
 10
320.0467
 20
-123.0619
  0
TEXT
  5
E2
330
17
100
AcDbEntity
  8
ETIQUETAS
100
AcDbText
 10
320.345
 20
-123.659
 30
0.0
 40
0.09
  1
PB-M-045
 72
1
 11
320.345
 21
-123.659
 31
0.0
100
AcDbText
 73
2
  0
LWPOLYLINE
  5
E3
330
17
100
AcDbEntity
  8
PISO-MORET
100
AcDbPolyline
 90
4
 70
1
 10
319.4487
 20
-124.2559
 10
320.0447
 20
-124.2559
 10
320.0447
 20
-123.0619
 10
319.4487
 20
-123.0619
  0
TEXT
  5
E4
330
17
100
AcDbEntity
  8
ETIQUETAS
100
AcDbText
 10
319.747
 20
-123.659
 30
0.0
 40
0.09
  1
PB-M-044
 72
1
 11
319.747
 21
-123.659
 31
0.0
100
AcDbText
 73
2
  0
LWPOLYLINE
  5
E5
330
17
100
AcDbEntity
  8
PISO-MORET
100
AcDbPolyline
 90
4
 70
1
 10
318.8508
 20
-124.2559
 10
319.4468
 20
-124.2559
 10
319.4468
 20
-123.0619
 10
318.8508
 20
-123.0619
  0
TEXT
  5
E6
330
17
100
AcDbEntity
  8
ETIQUETAS
100
AcDbText
 10
319.149
 20
-123.659
 30
0.0
 40
0.09
  1
PB-M-043
 72
1
 11
319.149
 21
-123.659
 31
0.0
100
AcDbText
 73
2
  0
LWPOLYLINE
  5
E7
330
17
100
AcDbEntity
  8
PISO-MORET
100
AcDbPolyline
 90
4
 70
1
 10
318.2528
 20
-124.2559
 10
318.8488
 20
-124.2559
 10
318.8488
 20
-123.0619
 10
318.2528
 20
-123.0619
  0
TEXT
  5
E8
330
17
100
AcDbEntity
  8
ETIQUETAS
100
AcDbText
 10
318.551
 20
-123.659
 30
0.0
 40
0.09
  1
PB-M-042
 72
1
 11
318.551
 21
-123.659
 31
0.0
100
AcDbText
 73
2
  0
LWPOLYLINE
  5
E9
330
17
100
AcDbEntity
  8
PISO-MORET
100
AcDbPolyline
 90
4
 70
1
 10
317.6548
 20
-124.2559
 10
318.2508
 20
-124.2559
 10
318.2508
 20
-123.0619
 10
317.6548
 20
-123.0619
  0
TEXT
  5
EA
330
17
100
AcDbEntity
  8
ETIQUETAS
100
AcDbText
 10
317.953
 20
-123.659
 30
0.0
 40
0.09
  1
PB-M-041
 72
1
 11
317.953
 21
-123.659
 31
0.0
100
AcDbText
 73
2
  0
LWPOLYLINE
  5
EB
330
17
100
AcDbEntity
  8
PISO-MORET
100
AcDbPolyline
 90
4
 70
1
 10
317.0568
 20
-124.2559
 10
317.6528
 20
-124.2559
 10
317.6528
 20
-123.0619
 10
317.0568
 20
-123.0619
  0
TEXT
  5
EC
330
17
100
AcDbEntity
  8
ETIQUETAS
100
AcDbText
 10
317.355
 20
-123.659
 30
0.0
 40
0.09
  1
PB-M-040
 72
1
 11
317.355
 21
-123.659
 31
0.0
100
AcDbText
 73
2
  0
LWPOLYLINE
  5
ED
330
17
100
AcDbEntity
  8
PISO-MORET
100
AcDbPolyline
 90
4
 70
1
 10
316.4588
 20
-124.2559
 10
317.0548
 20
-124.2559
 10
317.0548
 20
-123.0619
 10
316.4588
 20
-123.0619
  0
TEXT
  5
EE
330
17
100
AcDbEntity
  8
ETIQUETAS
100
AcDbText
 10
316.757
 20
-123.659
 30
0.0
 40
0.09
  1
PB-M-039
 72
1
 11
316.757
 21
-123.659
 31
0.0
100
AcDbText
 73
2
  0
LWPOLYLINE
  5
EF
330
17
100
AcDbEntity
  8
PISO-MORET
100
AcDbPolyline
 90
4
 70
1
 10
321.2427
 20
-124.2559
 10
321.8387
 20
-124.2559
 10
321.8387
 20
-123.0619
 10
321.2427
 20
-123.0619
  0
TEXT
  5
F0
330
17
100
AcDbEntity
  8
ETIQUETAS
100
AcDbText
 10
321.541
 20
-123.659
 30
0.0
 40
0.09
  1
PB-M-047
 72
1
 11
321.541
 21
-123.659
 31
0.0
100
AcDbText
 73
2
  0
LWPOLYLINE
  5
F1
330
17
100
AcDbEntity
  8
PISO-MORET
100
AcDbPolyline
 90
4
 70
1
 10
320.6447
 20
-124.2559
 10
321.2407
 20
-124.2559
 10
321.2407
 20
-123.0619
 10
320.6447
 20
-123.0619
  0
TEXT
  5
F2
330
17
100
AcDbEntity
  8
ETIQUETAS
100
AcDbText
 10
320.943
 20
-123.659
 30
0.0
 40
0.09
  1
PB-M-046
 72
1
 11
320.943
 21
-123.659
 31
0.0
100
AcDbText
 73
2
  0
LWPOLYLINE
  5
F3
330
17
100
AcDbEntity
  8
PISO-MORET
100
AcDbPolyline
 90
4
 70
1
 10
322.4387
 20
-124.2559
 10
323.0347
 20
-124.2559
 10
323.0347
 20
-123.0619
 10
322.4387
 20
-123.0619
  0
TEXT
  5
F4
330
17
100
AcDbEntity
  8
ETIQUETAS
100
AcDbText
 10
322.737
 20
-123.659
 30
0.0
 40
0.09
  1
PB-M-049
 72
1
 11
322.737
 21
-123.659
 31
0.0
100
AcDbText
 73
2
  0
LWPOLYLINE
  5
F5
330
17
100
AcDbEntity
  8
PISO-MORET
100
AcDbPolyline
 90
4
 70
1
 10
321.8407
 20
-124.2559
 10
322.43670000000003
 20
-124.2559
 10
322.43670000000003
 20
-123.0619
 10
321.8407
 20
-123.0619
  0
TEXT
  5
F6
330
17
100
AcDbEntity
  8
ETIQUETAS
100
AcDbText
 10
322.139
 20
-123.659
 30
0.0
 40
0.09
  1
PB-M-048
 72
1
 11
322.139
 21
-123.659
 31
0.0
100
AcDbText
 73
2
  0
LWPOLYLINE
  5
F7
330
17
100
AcDbEntity
  8
PISO-MORET
100
AcDbPolyline
 90
4
 70
1
 10
323.0367
 20
-124.2559
 10
323.6327
 20
-124.2559
 10
323.6327
 20
-123.0619
 10
323.0367
 20
-123.0619
  0
TEXT
  5
F8
330
17
100
AcDbEntity
  8
ETIQUETAS
100
AcDbText
 10
323.335
 20
-123.659
 30
0.0
 40
0.09
  1
PB-M-050
 72
1
 11
323.335
 21
-123.659
 31
0.0
100
AcDbText
 73
2
  0
LWPOLYLINE
  5
F9
330
17
100
AcDbEntity
  8
PISO-MORET
100
AcDbPolyline
 90
4
 70
1
 10
320.0467
 20
-121.8929
 10
320.6427
 20
-121.8929
 10
320.6427
 20
-120.6989
 10
320.0467
 20
-120.6989
  0
TEXT
  5
FA
330
17
100
AcDbEntity
  8
ETIQUETAS
100
AcDbText
 10
320.345
 20
-121.296
 30
0.0
 40
0.09
  1
PB-M-007
 72
1
 11
320.345
 21
-121.296
 31
0.0
100
AcDbText
 73
2
  0
LWPOLYLINE
  5
FB
330
17
100
AcDbEntity
  8
PISO-MORET
100
AcDbPolyline
 90
4
 70
1
 10
319.4487
 20
-121.8929
 10
320.0447
 20
-121.8929
 10
320.0447
 20
-120.6989
 10
319.4487
 20
-120.6989
  0
TEXT
  5
FC
330
17
100
AcDbEntity
  8
ETIQUETAS
100
AcDbText
 10
319.747
 20
-121.296
 30
0.0
 40
0.09
  1
PB-M-006
 72
1
 11
319.747
 21
-121.296
 31
0.0
100
AcDbText
 73
2
  0
LWPOLYLINE
  5
FD
330
17
100
AcDbEntity
  8
PISO-MORET
100
AcDbPolyline
 90
4
 70
1
 10
318.8508
 20
-121.8929
 10
319.4468
 20
-121.8929
 10
319.4468
 20
-120.6989
 10
318.8508
 20
-120.6989
  0
TEXT
  5
FE
330
17
100
AcDbEntity
  8
ETIQUETAS
100
AcDbText
 10
319.149
 20
-121.296
 30
0.0
 40
0.09
  1
PB-M-005
 72
1
 11
319.149
 21
-121.296
 31
0.0
100
AcDbText
 73
2
  0
LWPOLYLINE
  5
FF
330
17
100
AcDbEntity
  8
PISO-MORET
100
AcDbPolyline
 90
4
 70
1
 10
318.2528
 20
-121.8929
 10
318.8488
 20
-121.8929
 10
318.8488
 20
-120.6989
 10
318.2528
 20
-120.6989
  0
TEXT
  5
100
330
17
100
AcDbEntity
  8
ETIQUETAS
100
AcDbText
 10
318.551
 20
-121.296
 30
0.0
 40
0.09
  1
PB-M-004
 72
1
 11
318.551
 21
-121.296
 31
0.0
100
AcDbText
 73
2
  0
LWPOLYLINE
  5
101
330
17
100
AcDbEntity
  8
PISO-MORET
100
AcDbPolyline
 90
4
 70
1
 10
317.6548
 20
-121.8929
 10
318.2508
 20
-121.8929
 10
318.2508
 20
-120.6989
 10
317.6548
 20
-120.6989
  0
TEXT
  5
102
330
17
100
AcDbEntity
  8
ETIQUETAS
100
AcDbText
 10
317.953
 20
-121.296
 30
0.0
 40
0.09
  1
PB-M-003
 72
1
 11
317.953
 21
-121.296
 31
0.0
100
AcDbText
 73
2
  0
LWPOLYLINE
  5
103
330
17
100
AcDbEntity
  8
PISO-MORET
100
AcDbPolyline
 90
4
 70
1
 10
317.0568
 20
-121.8929
 10
317.6528
 20
-121.8929
 10
317.6528
 20
-120.6989
 10
317.0568
 20
-120.6989
  0
TEXT
  5
104
330
17
100
AcDbEntity
  8
ETIQUETAS
100
AcDbText
 10
317.355
 20
-121.296
 30
0.0
 40
0.09
  1
PB-M-002
 72
1
 11
317.355
 21
-121.296
 31
0.0
100
AcDbText
 73
2
  0
LWPOLYLINE
  5
105
330
17
100
AcDbEntity
  8
PISO-MORET
100
AcDbPolyline
 90
4
 70
1
 10
316.4588
 20
-121.8929
 10
317.0548
 20
-121.8929
 10
317.0548
 20
-120.6989
 10
316.4588
 20
-120.6989
  0
TEXT
  5
106
330
17
100
AcDbEntity
  8
ETIQUETAS
100
AcDbText
 10
316.757
 20
-121.296
 30
0.0
 40
0.09
  1
PB-M-001
 72
1
 11
316.757
 21
-121.296
 31
0.0
100
AcDbText
 73
2
  0
LWPOLYLINE
  5
107
330
17
100
AcDbEntity
  8
PISO-MORET
100
AcDbPolyline
 90
4
 70
1
 10
321.2427
 20
-121.8929
 10
321.8387
 20
-121.8929
 10
321.8387
 20
-120.6989
 10
321.2427
 20
-120.6989
  0
TEXT
  5
108
330
17
100
AcDbEntity
  8
ETIQUETAS
100
AcDbText
 10
321.541
 20
-121.296
 30
0.0
 40
0.09
  1
PB-M-009
 72
1
 11
321.541
 21
-121.296
 31
0.0
100
AcDbText
 73
2
  0
LWPOLYLINE
  5
109
330
17
100
AcDbEntity
  8
PISO-MORET
100
AcDbPolyline
 90
4
 70
1
 10
320.6447
 20
-121.8929
 10
321.2407
 20
-121.8929
 10
321.2407
 20
-120.6989
 10
320.6447
 20
-120.6989
  0
TEXT
  5
10A
330
17
100
AcDbEntity
  8
ETIQUETAS
100
AcDbText
 10
320.943
 20
-121.296
 30
0.0
 40
0.09
  1
PB-M-008
 72
1
 11
320.943
 21
-121.296
 31
0.0
100
AcDbText
 73
2
  0
LWPOLYLINE
  5
10B
330
17
100
AcDbEntity
  8
PISO-MORET
100
AcDbPolyline
 90
4
 70
1
 10
322.4387
 20
-121.8929
 10
323.0347
 20
-121.8929
 10
323.0347
 20
-120.6989
 10
322.4387
 20
-120.6989
  0
TEXT
  5
10C
330
17
100
AcDbEntity
  8
ETIQUETAS
100
AcDbText
 10
322.737
 20
-121.296
 30
0.0
 40
0.09
  1
PB-M-011
 72
1
 11
322.737
 21
-121.296
 31
0.0
100
AcDbText
 73
2
  0
LWPOLYLINE
  5
10D
330
17
100
AcDbEntity
  8
PISO-MORET
100
AcDbPolyline
 90
4
 70
1
 10
321.8407
 20
-121.8929
 10
322.43670000000003
 20
-121.8929
 10
322.43670000000003
 20
-120.6989
 10
321.8407
 20
-120.6989
  0
TEXT
  5
10E
330
17
100
AcDbEntity
  8
ETIQUETAS
100
AcDbText
 10
322.139
 20
-121.296
 30
0.0
 40
0.09
  1
PB-M-010
 72
1
 11
322.139
 21
-121.296
 31
0.0
100
AcDbText
 73
2
  0
LWPOLYLINE
  5
10F
330
17
100
AcDbEntity
  8
PISO-MORET
100
AcDbPolyline
 90
4
 70
1
 10
323.0367
 20
-121.8929
 10
323.6327
 20
-121.8929
 10
323.6327
 20
-120.6989
 10
323.0367
 20
-120.6989
  0
TEXT
  5
110
330
17
100
AcDbEntity
  8
ETIQUETAS
100
AcDbText
 10
323.335
 20
-121.296
 30
0.0
 40
0.09
  1
PB-M-012
 72
1
 11
323.335
 21
-121.296
 31
0.0
100
AcDbText
 73
2
  0
LWPOLYLINE
  5
111
330
17
100
AcDbEntity
  8
PISO-MORET
100
AcDbPolyline
 90
4
 70
1
 10
322.4387
 20
-128.4182
 10
323.0347
 20
-128.4182
 10
323.0347
 20
-127.22420000000001
 10
322.4387
 20
-127.22420000000001
  0
TEXT
  5
112
330
17
100
AcDbEntity
  8
ETIQUETAS
100
AcDbText
 10
322.737
 20
-127.821
 30
0.0
 40
0.09
  1
PB-M-093
 72
1
 11
322.737
 21
-127.821
 31
0.0
100
AcDbText
 73
2
  0
LWPOLYLINE
  5
113
330
17
100
AcDbEntity
  8
PISO-MORET
100
AcDbPolyline
 90
4
 70
1
 10
321.8407
 20
-128.4182
 10
322.43670000000003
 20
-128.4182
 10
322.43670000000003
 20
-127.22420000000001
 10
321.8407
 20
-127.22420000000001
  0
TEXT
  5
114
330
17
100
AcDbEntity
  8
ETIQUETAS
100
AcDbText
 10
322.139
 20
-127.821
 30
0.0
 40
0.09
  1
PB-M-092
 72
1
 11
322.139
 21
-127.821
 31
0.0
100
AcDbText
 73
2
  0
LWPOLYLINE
  5
115
330
17
100
AcDbEntity
  8
PISO-MORET
100
AcDbPolyline
 90
4
 70
1
 10
323.6346
 20
-128.4182
 10
324.2306
 20
-128.4182
 10
324.2306
 20
-127.22420000000001
 10
323.6346
 20
-127.22420000000001
  0
TEXT
  5
116
330
17
100
AcDbEntity
  8
ETIQUETAS
100
AcDbText
 10
323.933
 20
-127.821
 30
0.0
 40
0.09
  1
PB-M-095
 72
1
 11
323.933
 21
-127.821
 31
0.0
100
AcDbText
 73
2
  0
LWPOLYLINE
  5
117
330
17
100
AcDbEntity
  8
PISO-MORET
100
AcDbPolyline
 90
4
 70
1
 10
323.0367
 20
-128.4182
 10
323.6327
 20
-128.4182
 10
323.6327
 20
-127.22420000000001
 10
323.0367
 20
-127.22420000000001
  0
TEXT
  5
118
330
17
100
AcDbEntity
  8
ETIQUETAS
100
AcDbText
 10
323.335
 20
-127.821
 30
0.0
 40
0.09
  1
PB-M-094
 72
1
 11
323.335
 21
-127.821
 31
0.0
100
AcDbText
 73
2
  0
LWPOLYLINE
  5
119
330
17
100
AcDbEntity
  8
PISO-MORET
100
AcDbPolyline
 90
4
 70
1
 10
329.2489
 20
-128.9499
 10
329.8449
 20
-128.9499
 10
329.8449
 20
-127.75590000000001
 10
329.2489
 20
-127.75590000000001
  0
TEXT
  5
11A
330
17
100
AcDbEntity
  8
ETIQUETAS
100
AcDbText
 10
329.547
 20
-128.353
 30
0.0
 40
0.09
  1
PA-M-037
 72
1
 11
329.547
 21
-128.353
 31
0.0
100
AcDbText
 73
2
  0
LWPOLYLINE
  5
11B
330
17
100
AcDbEntity
  8
PISO-MORET
100
AcDbPolyline
 90
4
 70
1
 10
329.2489
 20
-130.1459
 10
329.8449
 20
-130.1459
 10
329.8449
 20
-128.95190000000002
 10
329.2489
 20
-128.95190000000002
  0
TEXT
  5
11C
330
17
100
AcDbEntity
  8
ETIQUETAS
100
AcDbText
 10
329.547
 20
-129.549
 30
0.0
 40
0.09
  1
PA-M-040
 72
1
 11
329.547
 21
-129.549
 31
0.0
100
AcDbText
 73
2
  0
LWPOLYLINE
  5
11D
330
17
100
AcDbEntity
  8
PISO-MORET
100
AcDbPolyline
 90
4
 70
1
 10
329.2489
 20
-126.6019
 10
329.8449
 20
-126.6019
 10
329.8449
 20
-125.4079
 10
329.2489
 20
-125.4079
  0
TEXT
  5
11E
330
17
100
AcDbEntity
  8
ETIQUETAS
100
AcDbText
 10
329.547
 20
-126.005
 30
0.0
 40
0.09
  1
PA-M-017
 72
1
 11
329.547
 21
-126.005
 31
0.0
100
AcDbText
 73
2
  0
LWPOLYLINE
  5
11F
330
17
100
AcDbEntity
  8
PISO-MORET
100
AcDbPolyline
 90
4
 70
1
 10
329.2489
 20
-125.4059
 10
329.8449
 20
-125.4059
 10
329.8449
 20
-124.2119
 10
329.2489
 20
-124.2119
  0
TEXT
  5
120
330
17
100
AcDbEntity
  8
ETIQUETAS
100
AcDbText
 10
329.547
 20
-124.809
 30
0.0
 40
0.09
  1
PA-M-010
 72
1
 11
329.547
 21
-124.809
 31
0.0
100
AcDbText
 73
2
  0
LWPOLYLINE
  5
121
330
17
100
AcDbEntity
  8
PISO-MORET
100
AcDbPolyline
 90
4
 70
1
 10
329.2489
 20
-124.2099
 10
329.8449
 20
-124.2099
 10
329.8449
 20
-123.0159
 10
329.2489
 20
-123.0159
  0
TEXT
  5
122
330
17
100
AcDbEntity
  8
ETIQUETAS
100
AcDbText
 10
329.547
 20
-123.613
 30
0.0
 40
0.09
  1
PA-M-007
 72
1
 11
329.547
 21
-123.613
 31
0.0
100
AcDbText
 73
2
  0
LWPOLYLINE
  5
123
330
17
100
AcDbEntity
  8
PISO-MORET
100
AcDbPolyline
 90
4
 70
1
 10
331.6766
 20
-127.3852
 10
332.2726
 20
-127.3852
 10
332.2726
 20
-126.1912
 10
331.6766
 20
-126.1912
  0
TEXT
  5
124
330
17
100
AcDbEntity
  8
ETIQUETAS
100
AcDbText
 10
331.975
 20
-126.788
 30
0.0
 40
0.09
  1
PA-M-022
 72
1
 11
331.975
 21
-126.788
 31
0.0
100
AcDbText
 73
2
  0
LWPOLYLINE
  5
125
330
17
100
AcDbEntity
  8
PISO-MORET
100
AcDbPolyline
 90
4
 70
1
 10
330.4806
 20
-127.3852
 10
331.0766
 20
-127.3852
 10
331.0766
 20
-126.1912
 10
330.4806
 20
-126.1912
  0
TEXT
  5
126
330
17
100
AcDbEntity
  8
ETIQUETAS
100
AcDbText
 10
330.779
 20
-126.788
 30
0.0
 40
0.09
  1
PA-M-020
 72
1
 11
330.779
 21
-126.788
 31
0.0
100
AcDbText
 73
2
  0
LWPOLYLINE
  5
127
330
17
100
AcDbEntity
  8
PISO-MORET
100
AcDbPolyline
 90
4
 70
1
 10
331.6766
 20
-128.5812
 10
332.2726
 20
-128.5812
 10
332.2726
 20
-127.38719999999999
 10
331.6766
 20
-127.38719999999999
  0
TEXT
  5
128
330
17
100
AcDbEntity
  8
ETIQUETAS
100
AcDbText
 10
331.975
 20
-127.984
 30
0.0
 40
0.09
  1
PA-M-035
 72
1
 11
331.975
 21
-127.984
 31
0.0
100
AcDbText
 73
2
  0
LWPOLYLINE
  5
129
330
17
100
AcDbEntity
  8
PISO-MORET
100
AcDbPolyline
 90
4
 70
1
 10
331.0786
 20
-128.5812
 10
331.6746
 20
-128.5812
 10
331.6746
 20
-127.38719999999999
 10
331.0786
 20
-127.38719999999999
  0
TEXT
  5
12A
330
17
100
AcDbEntity
  8
ETIQUETAS
100
AcDbText
 10
331.377
 20
-127.984
 30
0.0
 40
0.09
  1
PA-M-034
 72
1
 11
331.377
 21
-127.984
 31
0.0
100
AcDbText
 73
2
  0
LWPOLYLINE
  5
12B
330
17
100
AcDbEntity
  8
PISO-MORET
100
AcDbPolyline
 90
4
 70
1
 10
330.4806
 20
-128.5812
 10
331.0766
 20
-128.5812
 10
331.0766
 20
-127.38719999999999
 10
330.4806
 20
-127.38719999999999
  0
TEXT
  5
12C
330
17
100
AcDbEntity
  8
ETIQUETAS
100
AcDbText
 10
330.779
 20
-127.984
 30
0.0
 40
0.09
  1
PA-M-033
 72
1
 11
330.779
 21
-127.984
 31
0.0
100
AcDbText
 73
2
  0
LWPOLYLINE
  5
12D
330
17
100
AcDbEntity
  8
PISO-MORET
100
AcDbPolyline
 90
4
 70
1
 10
317.0568
 20
-126.6039
 10
317.6528
 20
-126.6039
 10
317.6528
 20
-125.45389999999999
 10
317.0568
 20
-125.45389999999999
  0
TEXT
  5
12E
330
17
100
AcDbEntity
  8
ETIQUETAS
100
AcDbText
 10
317.355
 20
-126.029
 30
0.0
 40
0.09
  1
PB-M-066
 72
1
 11
317.355
 21
-126.029
 31
0.0
100
AcDbText
 73
2
  0
LWPOLYLINE
  5
12F
330
17
100
AcDbEntity
  8
PISO-MORET
100
AcDbPolyline
 90
4
 70
1
 10
316.4588
 20
-126.6039
 10
317.0548
 20
-126.6039
 10
317.0548
 20
-125.45389999999999
 10
316.4588
 20
-125.45389999999999
  0
TEXT
  5
130
330
17
100
AcDbEntity
  8
ETIQUETAS
100
AcDbText
 10
316.757
 20
-126.029
 30
0.0
 40
0.09
  1
PB-M-065
 72
1
 11
316.757
 21
-126.029
 31
0.0
100
AcDbText
 73
2
  0
LWPOLYLINE
  5
131
330
17
100
AcDbEntity
  8
PISO-MORET
100
AcDbPolyline
 90
4
 70
1
 10
317.6548
 20
-126.6039
 10
318.2508
 20
-126.6039
 10
318.2508
 20
-125.45389999999999
 10
317.6548
 20
-125.45389999999999
  0
TEXT
  5
132
330
17
100
AcDbEntity
  8
ETIQUETAS
100
AcDbText
 10
317.953
 20
-126.029
 30
0.0
 40
0.09
  1
PB-M-067
 72
1
 11
317.953
 21
-126.029
 31
0.0
100
AcDbText
 73
2
  0
LWPOLYLINE
  5
133
330
17
100
AcDbEntity
  8
PISO-MORET
100
AcDbPolyline
 90
4
 70
1
 10
318.2528
 20
-126.6039
 10
318.8488
 20
-126.6039
 10
318.8488
 20
-125.45389999999999
 10
318.2528
 20
-125.45389999999999
  0
TEXT
  5
134
330
17
100
AcDbEntity
  8
ETIQUETAS
100
AcDbText
 10
318.551
 20
-126.029
 30
0.0
 40
0.09
  1
PB-M-068
 72
1
 11
318.551
 21
-126.029
 31
0.0
100
AcDbText
 73
2
  0
LWPOLYLINE
  5
135
330
17
100
AcDbEntity
  8
PISO-MORET
100
AcDbPolyline
 90
4
 70
1
 10
318.8508
 20
-126.6039
 10
319.4468
 20
-126.6039
 10
319.4468
 20
-125.45389999999999
 10
318.8508
 20
-125.45389999999999
  0
TEXT
  5
136
330
17
100
AcDbEntity
  8
ETIQUETAS
100
AcDbText
 10
319.149
 20
-126.029
 30
0.0
 40
0.09
  1
PB-M-069
 72
1
 11
319.149
 21
-126.029
 31
0.0
100
AcDbText
 73
2
  0
LWPOLYLINE
  5
137
330
17
100
AcDbEntity
  8
PISO-MORET
100
AcDbPolyline
 90
4
 70
1
 10
319.4487
 20
-126.6039
 10
320.0447
 20
-126.6039
 10
320.0447
 20
-125.45389999999999
 10
319.4487
 20
-125.45389999999999
  0
TEXT
  5
138
330
17
100
AcDbEntity
  8
ETIQUETAS
100
AcDbText
 10
319.747
 20
-126.029
 30
0.0
 40
0.09
  1
PB-M-070
 72
1
 11
319.747
 21
-126.029
 31
0.0
100
AcDbText
 73
2
  0
LWPOLYLINE
  5
139
330
17
100
AcDbEntity
  8
PISO-MORET
100
AcDbPolyline
 90
4
 70
1
 10
320.0467
 20
-126.6039
 10
320.6427
 20
-126.6039
 10
320.6427
 20
-125.45389999999999
 10
320.0467
 20
-125.45389999999999
  0
TEXT
  5
13A
330
17
100
AcDbEntity
  8
ETIQUETAS
100
AcDbText
 10
320.345
 20
-126.029
 30
0.0
 40
0.09
  1
PB-M-071
 72
1
 11
320.345
 21
-126.029
 31
0.0
100
AcDbText
 73
2
  0
LWPOLYLINE
  5
13B
330
17
100
AcDbEntity
  8
PISO-MORET
100
AcDbPolyline
 90
4
 70
1
 10
320.6447
 20
-126.6039
 10
321.2407
 20
-126.6039
 10
321.2407
 20
-125.45389999999999
 10
320.6447
 20
-125.45389999999999
  0
TEXT
  5
13C
330
17
100
AcDbEntity
  8
ETIQUETAS
100
AcDbText
 10
320.943
 20
-126.029
 30
0.0
 40
0.09
  1
PB-M-072
 72
1
 11
320.943
 21
-126.029
 31
0.0
100
AcDbText
 73
2
  0
LWPOLYLINE
  5
13D
330
17
100
AcDbEntity
  8
PISO-MORET
100
AcDbPolyline
 90
4
 70
1
 10
321.2427
 20
-126.6039
 10
321.8387
 20
-126.6039
 10
321.8387
 20
-125.45389999999999
 10
321.2427
 20
-125.45389999999999
  0
TEXT
  5
13E
330
17
100
AcDbEntity
  8
ETIQUETAS
100
AcDbText
 10
321.541
 20
-126.029
 30
0.0
 40
0.09
  1
PB-M-073
 72
1
 11
321.541
 21
-126.029
 31
0.0
100
AcDbText
 73
2
  0
LWPOLYLINE
  5
13F
330
17
100
AcDbEntity
  8
PISO-MORET
100
AcDbPolyline
 90
4
 70
1
 10
321.8407
 20
-126.6039
 10
322.43670000000003
 20
-126.6039
 10
322.43670000000003
 20
-125.45389999999999
 10
321.8407
 20
-125.45389999999999
  0
TEXT
  5
140
330
17
100
AcDbEntity
  8
ETIQUETAS
100
AcDbText
 10
322.139
 20
-126.029
 30
0.0
 40
0.09
  1
PB-M-074
 72
1
 11
322.139
 21
-126.029
 31
0.0
100
AcDbText
 73
2
  0
LWPOLYLINE
  5
141
330
17
100
AcDbEntity
  8
PISO-MORET
100
AcDbPolyline
 90
4
 70
1
 10
322.4387
 20
-126.6039
 10
323.0347
 20
-126.6039
 10
323.0347
 20
-125.45389999999999
 10
322.4387
 20
-125.45389999999999
  0
TEXT
  5
142
330
17
100
AcDbEntity
  8
ETIQUETAS
100
AcDbText
 10
322.737
 20
-126.029
 30
0.0
 40
0.09
  1
PB-M-075
 72
1
 11
322.737
 21
-126.029
 31
0.0
100
AcDbText
 73
2
  0
LWPOLYLINE
  5
143
330
17
100
AcDbEntity
  8
PISO-MORET
100
AcDbPolyline
 90
4
 70
1
 10
323.0367
 20
-126.6039
 10
323.6327
 20
-126.6039
 10
323.6327
 20
-125.45389999999999
 10
323.0367
 20
-125.45389999999999
  0
TEXT
  5
144
330
17
100
AcDbEntity
  8
ETIQUETAS
100
AcDbText
 10
323.335
 20
-126.029
 30
0.0
 40
0.09
  1
PB-M-076
 72
1
 11
323.335
 21
-126.029
 31
0.0
100
AcDbText
 73
2
  0
LWPOLYLINE
  5
145
330
17
100
AcDbEntity
  8
PISO-MORET
100
AcDbPolyline
 90
4
 70
1
 10
329.2489
 20
-127.7539
 10
329.8449
 20
-127.7539
 10
329.8449
 20
-126.6039
 10
329.2489
 20
-126.6039
  0
TEXT
  5
146
330
17
100
AcDbEntity
  8
ETIQUETAS
100
AcDbText
 10
329.547
 20
-127.179
 30
0.0
 40
0.09
  1
PA-M-027
 72
1
 11
329.547
 21
-127.179
 31
0.0
100
AcDbText
 73
2
  0
LWPOLYLINE
  5
147
330
17
100
AcDbEntity
  8
PISO-MORET
100
AcDbPolyline
 90
4
 70
1
 10
332.8726
 20
-128.4912
 10
333.4686
 20
-128.4912
 10
333.4686
 20
-127.38719999999999
 10
332.8726
 20
-127.38719999999999
  0
TEXT
  5
148
330
17
100
AcDbEntity
  8
ETIQUETAS
100
AcDbText
 10
333.171
 20
-127.939
 30
0.0
 40
0.09
  1
PA-M-031
 72
1
 11
333.171
 21
-127.939
 31
0.0
100
AcDbText
 73
2
  0
LWPOLYLINE
  5
149
330
17
100
AcDbEntity
  8
PISO-MORET
100
AcDbPolyline
 90
4
 70
1
 10
332.2746
 20
-128.4912
 10
332.8706
 20
-128.4912
 10
332.8706
 20
-127.38719999999999
 10
332.2746
 20
-127.38719999999999
  0
TEXT
  5
14A
330
17
100
AcDbEntity
  8
ETIQUETAS
100
AcDbText
 10
332.573
 20
-127.939
 30
0.0
 40
0.09
  1
PA-M-030
 72
1
 11
332.573
 21
-127.939
 31
0.0
100
AcDbText
 73
2
  0
LWPOLYLINE
  5
14B
330
17
100
AcDbEntity
  8
PISO-MORET
100
AcDbPolyline
 90
4
 70
1
 10
323.0367
 20
-130.9539
 10
323.6327
 20
-130.9539
 10
323.6327
 20
-129.8691
 10
323.0367
 20
-129.8691
  0
TEXT
  5
14C
330
17
100
AcDbEntity
  8
ETIQUETAS
100
AcDbText
 10
323.335
 20
-130.412
 30
0.0
 40
0.09
  1
PB-M-121
 72
1
 11
323.335
 21
-130.412
 31
0.0
100
AcDbText
 73
2
  0
LWPOLYLINE
  5
14D
330
17
100
AcDbEntity
  8
PISO-MORET
100
AcDbPolyline
 90
4
 70
1
 10
329.2489
 20
-123.0139
 10
329.8449
 20
-123.0139
 10
329.8449
 20
-121.92970000000001
 10
329.2489
 20
-121.92970000000001
  0
TEXT
  5
14E
330
17
100
AcDbEntity
  8
ETIQUETAS
100
AcDbText
 10
329.547
 20
-122.472
 30
0.0
 40
0.09
  1
PA-M-002
 72
1
 11
329.547
 21
-122.472
 31
0.0
100
AcDbText
 73
2
  0
LWPOLYLINE
  5
14F
330
17
100
AcDbEntity
  8
PISO-MORET
100
AcDbPolyline
 90
4
 70
1
 10
329.8469
 20
-123.0139
 10
330.4429
 20
-123.0139
 10
330.4429
 20
-121.92970000000001
 10
329.8469
 20
-121.92970000000001
  0
TEXT
  5
150
330
17
100
AcDbEntity
  8
ETIQUETAS
100
AcDbText
 10
330.145
 20
-122.472
 30
0.0
 40
0.09
  1
PA-M-003
 72
1
 11
330.145
 21
-122.472
 31
0.0
100
AcDbText
 73
2
  0
LWPOLYLINE
  5
151
330
17
100
AcDbEntity
  8
PISO-MORET
100
AcDbPolyline
 90
4
 70
1
 10
323.6346
 20
-121.8929
 10
324.2306
 20
-121.8929
 10
324.2306
 20
-120.8789
 10
323.6346
 20
-120.8789
  0
TEXT
  5
152
330
17
100
AcDbEntity
  8
ETIQUETAS
100
AcDbText
 10
323.933
 20
-121.386
 30
0.0
 40
0.09
  1
PB-M-013
 72
1
 11
323.933
 21
-121.386
 31
0.0
100
AcDbText
 73
2
  0
LWPOLYLINE
  5
153
330
17
100
AcDbEntity
  8
PISO-MORET
100
AcDbPolyline
 90
4
 70
1
 10
322.4783
 20
-130.9539
 10
323.0346
 20
-130.9539
 10
323.0346
 20
-129.8691
 10
322.4783
 20
-129.8691
  0
TEXT
  5
154
330
17
100
AcDbEntity
  8
ETIQUETAS
100
AcDbText
 10
322.756
 20
-130.412
 30
0.0
 40
0.09
  1
PB-M-120
 72
1
 11
322.756
 21
-130.412
 31
0.0
100
AcDbText
 73
2
  0
LWPOLYLINE
  5
155
330
17
100
AcDbEntity
  8
PISO-MORET
100
AcDbPolyline
 90
4
 70
1
 10
320.6447
 20
-131.1339
 10
321.2407
 20
-131.1339
 10
321.2407
 20
-130.1939
 10
320.6447
 20
-130.1939
  0
TEXT
  5
156
330
17
100
AcDbEntity
  8
ETIQUETAS
100
AcDbText
 10
320.943
 20
-130.664
 30
0.0
 40
0.09
  1
PB-M-130
 72
1
 11
320.943
 21
-130.664
 31
0.0
100
AcDbText
 73
2
  0
LWPOLYLINE
  5
157
330
17
100
AcDbEntity
  8
PISO-MORET
100
AcDbPolyline
 90
4
 70
1
 10
321.2427
 20
-131.1339
 10
321.8387
 20
-131.1339
 10
321.8387
 20
-130.1939
 10
321.2427
 20
-130.1939
  0
TEXT
  5
158
330
17
100
AcDbEntity
  8
ETIQUETAS
100
AcDbText
 10
321.541
 20
-130.664
 30
0.0
 40
0.09
  1
PB-M-131
 72
1
 11
321.541
 21
-130.664
 31
0.0
100
AcDbText
 73
2
  0
LWPOLYLINE
  5
159
330
17
100
AcDbEntity
  8
PISO-MORET
100
AcDbPolyline
 90
4
 70
1
 10
323.6346
 20
-130.9539
 10
324.12809999999996
 20
-130.9539
 10
324.12809999999996
 20
-129.8691
 10
323.6346
 20
-129.8691
  0
TEXT
  5
15A
330
17
100
AcDbEntity
  8
ETIQUETAS
100
AcDbText
 10
323.881
 20
-130.412
 30
0.0
 40
0.09
  1
PB-M-122
 72
1
 11
323.881
 21
-130.412
 31
0.0
100
AcDbText
 73
2
  0
LWPOLYLINE
  5
15B
330
17
100
AcDbEntity
  8
PISO-MORET
100
AcDbPolyline
 90
4
 70
1
 10
322.4387
 20
-129.8671
 10
323.0347
 20
-129.8671
 10
323.0347
 20
-128.9979
 10
322.4387
 20
-128.9979
  0
TEXT
  5
15C
330
17
100
AcDbEntity
  8
ETIQUETAS
100
AcDbText
 10
322.737
 20
-129.432
 30
0.0
 40
0.09
  1
PB-M-108
 72
1
 11
322.737
 21
-129.432
 31
0.0
100
AcDbText
 73
2
  0
LWPOLYLINE
  5
15D
330
17
100
AcDbEntity
  8
PISO-MORET
100
AcDbPolyline
 90
4
 70
1
 10
323.6346
 20
-125.4519
 10
324.0682
 20
-125.4519
 10
324.0682
 20
-124.25789999999999
 10
323.6346
 20
-124.25789999999999
  0
TEXT
  5
15E
330
17
100
AcDbEntity
  8
ETIQUETAS
100
AcDbText
 10
323.851
 20
-124.855
 30
0.0
 40
0.09
  1
PB-M-064
 72
1
 11
323.851
 21
-124.855
 31
0.0
100
AcDbText
 73
2
  0
LWPOLYLINE
  5
15F
330
17
100
AcDbEntity
  8
PISO-MORET
100
AcDbPolyline
 90
4
 70
1
 10
323.6346
 20
-124.2559
 10
324.0682
 20
-124.2559
 10
324.0682
 20
-123.0619
 10
323.6346
 20
-123.0619
  0
TEXT
  5
160
330
17
100
AcDbEntity
  8
ETIQUETAS
100
AcDbText
 10
323.851
 20
-123.659
 30
0.0
 40
0.09
  1
PB-M-051
 72
1
 11
323.851
 21
-123.659
 31
0.0
100
AcDbText
 73
2
  0
LWPOLYLINE
  5
161
330
17
100
AcDbEntity
  8
PISO-MORET
100
AcDbPolyline
 90
4
 70
1
 10
329.8469
 20
-124.2099
 10
330.2767
 20
-124.2099
 10
330.2767
 20
-123.0159
 10
329.8469
 20
-123.0159
  0
TEXT
  5
162
330
17
100
AcDbEntity
  8
ETIQUETAS
100
AcDbText
 10
330.062
 20
-123.613
 30
0.0
 40
0.09
  1
PA-M-008
 72
1
 11
330.062
 21
-123.613
 31
0.0
100
AcDbText
 73
2
  0
LWPOLYLINE
  5
163
330
17
100
AcDbEntity
  8
PISO-MORET
100
AcDbPolyline
 90
4
 70
1
 10
323.6346
 20
-126.6039
 10
324.0682
 20
-126.6039
 10
324.0682
 20
-125.45389999999999
 10
323.6346
 20
-125.45389999999999
  0
TEXT
  5
164
330
17
100
AcDbEntity
  8
ETIQUETAS
100
AcDbText
 10
323.851
 20
-126.029
 30
0.0
 40
0.09
  1
PB-M-077
 72
1
 11
323.851
 21
-126.029
 31
0.0
100
AcDbText
 73
2
  0
LWPOLYLINE
  5
165
330
17
100
AcDbEntity
  8
PISO-MORET
100
AcDbPolyline
 90
4
 70
1
 10
323.0367
 20
-129.8671
 10
323.56419999999997
 20
-129.8671
 10
323.56419999999997
 20
-128.9979
 10
323.0367
 20
-128.9979
  0
TEXT
  5
166
330
17
100
AcDbEntity
  8
ETIQUETAS
100
AcDbText
 10
323.3
 20
-129.432
 30
0.0
 40
0.09
  1
PB-M-109
 72
1
 11
323.3
 21
-129.432
 31
0.0
100
AcDbText
 73
2
  0
LWPOLYLINE
  5
167
330
17
100
AcDbEntity
  8
PISO-MORET
100
AcDbPolyline
 90
4
 70
1
 10
320.0467
 20
-122.6545
 10
320.6427
 20
-122.6545
 10
320.6427
 20
-121.8948
 10
320.0467
 20
-121.8948
  0
TEXT
  5
168
330
17
100
AcDbEntity
  8
ETIQUETAS
100
AcDbText
 10
320.345
 20
-122.275
 30
0.0
 40
0.09
  1
PB-M-021
 72
1
 11
320.345
 21
-122.275
 31
0.0
100
AcDbText
 73
2
  0
LWPOLYLINE
  5
169
330
17
100
AcDbEntity
  8
PISO-MORET
100
AcDbPolyline
 90
4
 70
1
 10
319.4487
 20
-122.6545
 10
320.0447
 20
-122.6545
 10
320.0447
 20
-121.8948
 10
319.4487
 20
-121.8948
  0
TEXT
  5
16A
330
17
100
AcDbEntity
  8
ETIQUETAS
100
AcDbText
 10
319.747
 20
-122.275
 30
0.0
 40
0.09
  1
PB-M-020
 72
1
 11
319.747
 21
-122.275
 31
0.0
100
AcDbText
 73
2
  0
LWPOLYLINE
  5
16B
330
17
100
AcDbEntity
  8
PISO-MORET
100
AcDbPolyline
 90
4
 70
1
 10
318.8508
 20
-122.6545
 10
319.4468
 20
-122.6545
 10
319.4468
 20
-121.8948
 10
318.8508
 20
-121.8948
  0
TEXT
  5
16C
330
17
100
AcDbEntity
  8
ETIQUETAS
100
AcDbText
 10
319.149
 20
-122.275
 30
0.0
 40
0.09
  1
PB-M-019
 72
1
 11
319.149
 21
-122.275
 31
0.0
100
AcDbText
 73
2
  0
LWPOLYLINE
  5
16D
330
17
100
AcDbEntity
  8
PISO-MORET
100
AcDbPolyline
 90
4
 70
1
 10
318.2528
 20
-122.6545
 10
318.8488
 20
-122.6545
 10
318.8488
 20
-121.8948
 10
318.2528
 20
-121.8948
  0
TEXT
  5
16E
330
17
100
AcDbEntity
  8
ETIQUETAS
100
AcDbText
 10
318.551
 20
-122.275
 30
0.0
 40
0.09
  1
PB-M-018
 72
1
 11
318.551
 21
-122.275
 31
0.0
100
AcDbText
 73
2
  0
LWPOLYLINE
  5
16F
330
17
100
AcDbEntity
  8
PISO-MORET
100
AcDbPolyline
 90
4
 70
1
 10
317.6548
 20
-122.6545
 10
318.2508
 20
-122.6545
 10
318.2508
 20
-121.8948
 10
317.6548
 20
-121.8948
  0
TEXT
  5
170
330
17
100
AcDbEntity
  8
ETIQUETAS
100
AcDbText
 10
317.953
 20
-122.275
 30
0.0
 40
0.09
  1
PB-M-017
 72
1
 11
317.953
 21
-122.275
 31
0.0
100
AcDbText
 73
2
  0
LWPOLYLINE
  5
171
330
17
100
AcDbEntity
  8
PISO-MORET
100
AcDbPolyline
 90
4
 70
1
 10
317.0568
 20
-122.6545
 10
317.6528
 20
-122.6545
 10
317.6528
 20
-121.8948
 10
317.0568
 20
-121.8948
  0
TEXT
  5
172
330
17
100
AcDbEntity
  8
ETIQUETAS
100
AcDbText
 10
317.355
 20
-122.275
 30
0.0
 40
0.09
  1
PB-M-016
 72
1
 11
317.355
 21
-122.275
 31
0.0
100
AcDbText
 73
2
  0
LWPOLYLINE
  5
173
330
17
100
AcDbEntity
  8
PISO-MORET
100
AcDbPolyline
 90
4
 70
1
 10
321.2427
 20
-122.6545
 10
321.8387
 20
-122.6545
 10
321.8387
 20
-121.8948
 10
321.2427
 20
-121.8948
  0
TEXT
  5
174
330
17
100
AcDbEntity
  8
ETIQUETAS
100
AcDbText
 10
321.541
 20
-122.275
 30
0.0
 40
0.09
  1
PB-M-023
 72
1
 11
321.541
 21
-122.275
 31
0.0
100
AcDbText
 73
2
  0
LWPOLYLINE
  5
175
330
17
100
AcDbEntity
  8
PISO-MORET
100
AcDbPolyline
 90
4
 70
1
 10
320.6447
 20
-122.6545
 10
321.2407
 20
-122.6545
 10
321.2407
 20
-121.8948
 10
320.6447
 20
-121.8948
  0
TEXT
  5
176
330
17
100
AcDbEntity
  8
ETIQUETAS
100
AcDbText
 10
320.943
 20
-122.275
 30
0.0
 40
0.09
  1
PB-M-022
 72
1
 11
320.943
 21
-122.275
 31
0.0
100
AcDbText
 73
2
  0
LWPOLYLINE
  5
177
330
17
100
AcDbEntity
  8
PISO-MORET
100
AcDbPolyline
 90
4
 70
1
 10
322.4387
 20
-122.6545
 10
323.0347
 20
-122.6545
 10
323.0347
 20
-121.8948
 10
322.4387
 20
-121.8948
  0
TEXT
  5
178
330
17
100
AcDbEntity
  8
ETIQUETAS
100
AcDbText
 10
322.737
 20
-122.275
 30
0.0
 40
0.09
  1
PB-M-025
 72
1
 11
322.737
 21
-122.275
 31
0.0
100
AcDbText
 73
2
  0
LWPOLYLINE
  5
179
330
17
100
AcDbEntity
  8
PISO-MORET
100
AcDbPolyline
 90
4
 70
1
 10
321.8407
 20
-122.6545
 10
322.43670000000003
 20
-122.6545
 10
322.43670000000003
 20
-121.8948
 10
321.8407
 20
-121.8948
  0
TEXT
  5
17A
330
17
100
AcDbEntity
  8
ETIQUETAS
100
AcDbText
 10
322.139
 20
-122.275
 30
0.0
 40
0.09
  1
PB-M-024
 72
1
 11
322.139
 21
-122.275
 31
0.0
100
AcDbText
 73
2
  0
LWPOLYLINE
  5
17B
330
17
100
AcDbEntity
  8
PISO-MORET
100
AcDbPolyline
 90
4
 70
1
 10
323.0367
 20
-122.6545
 10
323.6327
 20
-122.6545
 10
323.6327
 20
-121.8948
 10
323.0367
 20
-121.8948
  0
TEXT
  5
17C
330
17
100
AcDbEntity
  8
ETIQUETAS
100
AcDbText
 10
323.335
 20
-122.275
 30
0.0
 40
0.09
  1
PB-M-026
 72
1
 11
323.335
 21
-122.275
 31
0.0
100
AcDbText
 73
2
  0
LWPOLYLINE
  5
17D
330
17
100
AcDbEntity
  8
PISO-MORET
100
AcDbPolyline
 90
4
 70
1
 10
331.0786
 20
-126.1892
 10
331.6746
 20
-126.1892
 10
331.6746
 20
-125.4414
 10
331.0786
 20
-125.4414
  0
TEXT
  5
17E
330
17
100
AcDbEntity
  8
ETIQUETAS
100
AcDbText
 10
331.377
 20
-125.815
 30
0.0
 40
0.09
  1
PA-M-014
 72
1
 11
331.377
 21
-125.815
 31
0.0
100
AcDbText
 73
2
  0
LWPOLYLINE
  5
17F
330
17
100
AcDbEntity
  8
PISO-MORET
100
AcDbPolyline
 90
4
 70
1
 10
330.4806
 20
-126.1892
 10
331.0766
 20
-126.1892
 10
331.0766
 20
-125.4414
 10
330.4806
 20
-125.4414
  0
TEXT
  5
180
330
17
100
AcDbEntity
  8
ETIQUETAS
100
AcDbText
 10
330.779
 20
-125.815
 30
0.0
 40
0.09
  1
PA-M-013
 72
1
 11
330.779
 21
-125.815
 31
0.0
100
AcDbText
 73
2
  0
LWPOLYLINE
  5
181
330
17
100
AcDbEntity
  8
PISO-MORET
100
AcDbPolyline
 90
4
 70
1
 10
332.8726
 20
-127.3852
 10
333.4686
 20
-127.3852
 10
333.4686
 20
-126.6414
 10
332.8726
 20
-126.6414
  0
TEXT
  5
182
330
17
100
AcDbEntity
  8
ETIQUETAS
100
AcDbText
 10
333.171
 20
-127.013
 30
0.0
 40
0.09
  1
PA-M-024
 72
1
 11
333.171
 21
-127.013
 31
0.0
100
AcDbText
 73
2
  0
LWPOLYLINE
  5
183
330
17
100
AcDbEntity
  8
PISO-MORET
100
AcDbPolyline
 90
4
 70
1
 10
332.2746
 20
-127.3852
 10
332.8706
 20
-127.3852
 10
332.8706
 20
-126.6414
 10
332.2746
 20
-126.6414
  0
TEXT
  5
184
330
17
100
AcDbEntity
  8
ETIQUETAS
100
AcDbText
 10
332.573
 20
-127.013
 30
0.0
 40
0.09
  1
PA-M-023
 72
1
 11
332.573
 21
-127.013
 31
0.0
100
AcDbText
 73
2
  0
LWPOLYLINE
  5
185
330
17
100
AcDbEntity
  8
PISO-MORET
100
AcDbPolyline
 90
4
 70
1
 10
329.8469
 20
-128.9499
 10
330.2106
 20
-128.9499
 10
330.2106
 20
-127.75590000000001
 10
329.8469
 20
-127.75590000000001
  0
TEXT
  5
186
330
17
100
AcDbEntity
  8
ETIQUETAS
100
AcDbText
 10
330.029
 20
-128.353
 30
0.0
 40
0.09
  1
PA-M-038
 72
1
 11
330.029
 21
-128.353
 31
0.0
100
AcDbText
 73
2
  0
LWPOLYLINE
  5
187
330
17
100
AcDbEntity
  8
PISO-MORET
100
AcDbPolyline
 90
4
 70
1
 10
329.8469
 20
-130.1459
 10
330.2106
 20
-130.1459
 10
330.2106
 20
-128.95190000000002
 10
329.8469
 20
-128.95190000000002
  0
TEXT
  5
188
330
17
100
AcDbEntity
  8
ETIQUETAS
100
AcDbText
 10
330.029
 20
-129.549
 30
0.0
 40
0.09
  1
PA-M-041
 72
1
 11
330.029
 21
-129.549
 31
0.0
100
AcDbText
 73
2
  0
LWPOLYLINE
  5
189
330
17
100
AcDbEntity
  8
PISO-MORET
100
AcDbPolyline
 90
4
 70
1
 10
329.8469
 20
-125.4059
 10
330.2106
 20
-125.4059
 10
330.2106
 20
-124.2119
 10
329.8469
 20
-124.2119
  0
TEXT
  5
18A
330
17
100
AcDbEntity
  8
ETIQUETAS
100
AcDbText
 10
330.029
 20
-124.809
 30
0.0
 40
0.09
  1
PA-M-011
 72
1
 11
330.029
 21
-124.809
 31
0.0
100
AcDbText
 73
2
  0
LWPOLYLINE
  5
18B
330
17
100
AcDbEntity
  8
PISO-MORET
100
AcDbPolyline
 90
4
 70
1
 10
321.8407
 20
-131.1339
 10
322.29830000000004
 20
-131.1339
 10
322.29830000000004
 20
-130.1939
 10
321.8407
 20
-130.1939
  0
TEXT
  5
18C
330
17
100
AcDbEntity
  8
ETIQUETAS
100
AcDbText
 10
322.07
 20
-130.664
 30
0.0
 40
0.09
  1
PB-M-132
 72
1
 11
322.07
 21
-130.664
 31
0.0
100
AcDbText
 73
2
  0
LWPOLYLINE
  5
18D
330
17
100
AcDbEntity
  8
PISO-MORET
100
AcDbPolyline
 90
4
 70
1
 10
316.4588
 20
-122.6145
 10
317.0548
 20
-122.6145
 10
317.0548
 20
-121.8948
 10
316.4588
 20
-121.8948
  0
TEXT
  5
18E
330
17
100
AcDbEntity
  8
ETIQUETAS
100
AcDbText
 10
316.757
 20
-122.255
 30
0.0
 40
0.09
  1
PB-M-014
 72
1
 11
316.757
 21
-122.255
 31
0.0
100
AcDbText
 73
2
  0
LWPOLYLINE
  5
18F
330
17
100
AcDbEntity
  8
PISO-MORET
100
AcDbPolyline
 90
4
 70
1
 10
323.6346
 20
-122.6145
 10
324.2306
 20
-122.6145
 10
324.2306
 20
-121.8948
 10
323.6346
 20
-121.8948
  0
TEXT
  5
190
330
17
100
AcDbEntity
  8
ETIQUETAS
100
AcDbText
 10
323.933
 20
-122.255
 30
0.0
 40
0.09
  1
PB-M-015
 72
1
 11
323.933
 21
-122.255
 31
0.0
100
AcDbText
 73
2
  0
LWPOLYLINE
  5
191
330
17
100
AcDbEntity
  8
PISO-MORET
100
AcDbPolyline
 90
4
 70
1
 10
329.2489
 20
-130.8539
 10
329.8449
 20
-130.8539
 10
329.8449
 20
-130.14790000000002
 10
329.2489
 20
-130.14790000000002
  0
TEXT
  5
192
330
17
100
AcDbEntity
  8
ETIQUETAS
100
AcDbText
 10
329.547
 20
-130.501
 30
0.0
 40
0.09
  1
PA-M-043
 72
1
 11
329.547
 21
-130.501
 31
0.0
100
AcDbText
 73
2
  0
LWPOLYLINE
  5
193
330
17
100
AcDbEntity
  8
PISO-MORET
100
AcDbPolyline
 90
4
 70
1
 10
320.0467
 20
-130.8539
 10
320.6427
 20
-130.8539
 10
320.6427
 20
-130.1939
 10
320.0467
 20
-130.1939
  0
TEXT
  5
194
330
17
100
AcDbEntity
  8
ETIQUETAS
100
AcDbText
 10
320.345
 20
-130.524
 30
0.0
 40
0.09
  1
PB-M-129
 72
1
 11
320.345
 21
-130.524
 31
0.0
100
AcDbText
 73
2
  0
LWPOLYLINE
  5
195
330
17
100
AcDbEntity
  8
PISO-MORET
100
AcDbPolyline
 90
4
 70
1
 10
319.4487
 20
-130.8539
 10
320.0447
 20
-130.8539
 10
320.0447
 20
-130.1939
 10
319.4487
 20
-130.1939
  0
TEXT
  5
196
330
17
100
AcDbEntity
  8
ETIQUETAS
100
AcDbText
 10
319.747
 20
-130.524
 30
0.0
 40
0.09
  1
PB-M-128
 72
1
 11
319.747
 21
-130.524
 31
0.0
100
AcDbText
 73
2
  0
LWPOLYLINE
  5
197
330
17
100
AcDbEntity
  8
PISO-MORET
100
AcDbPolyline
 90
4
 70
1
 10
318.8508
 20
-130.8539
 10
319.4468
 20
-130.8539
 10
319.4468
 20
-130.1939
 10
318.8508
 20
-130.1939
  0
TEXT
  5
198
330
17
100
AcDbEntity
  8
ETIQUETAS
100
AcDbText
 10
319.149
 20
-130.524
 30
0.0
 40
0.09
  1
PB-M-127
 72
1
 11
319.149
 21
-130.524
 31
0.0
100
AcDbText
 73
2
  0
LWPOLYLINE
  5
199
330
17
100
AcDbEntity
  8
PISO-MORET
100
AcDbPolyline
 90
4
 70
1
 10
318.2528
 20
-130.8539
 10
318.8488
 20
-130.8539
 10
318.8488
 20
-130.1939
 10
318.2528
 20
-130.1939
  0
TEXT
  5
19A
330
17
100
AcDbEntity
  8
ETIQUETAS
100
AcDbText
 10
318.551
 20
-130.524
 30
0.0
 40
0.09
  1
PB-M-126
 72
1
 11
318.551
 21
-130.524
 31
0.0
100
AcDbText
 73
2
  0
LWPOLYLINE
  5
19B
330
17
100
AcDbEntity
  8
PISO-MORET
100
AcDbPolyline
 90
4
 70
1
 10
317.6548
 20
-130.8539
 10
318.2508
 20
-130.8539
 10
318.2508
 20
-130.1939
 10
317.6548
 20
-130.1939
  0
TEXT
  5
19C
330
17
100
AcDbEntity
  8
ETIQUETAS
100
AcDbText
 10
317.953
 20
-130.524
 30
0.0
 40
0.09
  1
PB-M-125
 72
1
 11
317.953
 21
-130.524
 31
0.0
100
AcDbText
 73
2
  0
LWPOLYLINE
  5
19D
330
17
100
AcDbEntity
  8
PISO-MORET
100
AcDbPolyline
 90
4
 70
1
 10
317.0568
 20
-130.8539
 10
317.6528
 20
-130.8539
 10
317.6528
 20
-130.1939
 10
317.0568
 20
-130.1939
  0
TEXT
  5
19E
330
17
100
AcDbEntity
  8
ETIQUETAS
100
AcDbText
 10
317.355
 20
-130.524
 30
0.0
 40
0.09
  1
PB-M-124
 72
1
 11
317.355
 21
-130.524
 31
0.0
100
AcDbText
 73
2
  0
LWPOLYLINE
  5
19F
330
17
100
AcDbEntity
  8
PISO-MORET
100
AcDbPolyline
 90
4
 70
1
 10
316.4588
 20
-130.8539
 10
317.0548
 20
-130.8539
 10
317.0548
 20
-130.1939
 10
316.4588
 20
-130.1939
  0
TEXT
  5
1A0
330
17
100
AcDbEntity
  8
ETIQUETAS
100
AcDbText
 10
316.757
 20
-130.524
 30
0.0
 40
0.09
  1
PB-M-123
 72
1
 11
316.757
 21
-130.524
 31
0.0
100
AcDbText
 73
2
  0
LWPOLYLINE
  5
1A1
330
17
100
AcDbEntity
  8
PISO-MORET
100
AcDbPolyline
 90
4
 70
1
 10
323.0367
 20
-127.2242
 10
323.6327
 20
-127.2242
 10
323.6327
 20
-126.60589999999999
 10
323.0367
 20
-126.60589999999999
  0
TEXT
  5
1A2
330
17
100
AcDbEntity
  8
ETIQUETAS
100
AcDbText
 10
323.335
 20
-126.915
 30
0.0
 40
0.09
  1
PB-M-082
 72
1
 11
323.335
 21
-126.915
 31
0.0
100
AcDbText
 73
2
  0
LWPOLYLINE
  5
1A3
330
17
100
AcDbEntity
  8
PISO-MORET
100
AcDbPolyline
 90
4
 70
1
 10
321.8407
 20
-127.2222
 10
322.43670000000003
 20
-127.2222
 10
322.43670000000003
 20
-126.6059
 10
321.8407
 20
-126.6059
  0
TEXT
  5
1A4
330
17
100
AcDbEntity
  8
ETIQUETAS
100
AcDbText
 10
322.139
 20
-126.914
 30
0.0
 40
0.09
  1
PB-M-080
 72
1
 11
322.139
 21
-126.914
 31
0.0
100
AcDbText
 73
2
  0
LWPOLYLINE
  5
1A5
330
17
100
AcDbEntity
  8
PISO-MORET
100
AcDbPolyline
 90
4
 70
1
 10
322.4387
 20
-127.2222
 10
323.0347
 20
-127.2222
 10
323.0347
 20
-126.6059
 10
322.4387
 20
-126.6059
  0
TEXT
  5
1A6
330
17
100
AcDbEntity
  8
ETIQUETAS
100
AcDbText
 10
322.737
 20
-126.914
 30
0.0
 40
0.09
  1
PB-M-081
 72
1
 11
322.737
 21
-126.914
 31
0.0
100
AcDbText
 73
2
  0
LWPOLYLINE
  5
1A7
330
17
100
AcDbEntity
  8
PISO-MORET
100
AcDbPolyline
 90
4
 70
1
 10
320.6447
 20
-127.7999
 10
320.9184
 20
-127.7999
 10
320.9184
 20
-126.60589999999999
 10
320.6447
 20
-126.60589999999999
  0
TEXT
  5
1A8
330
17
100
AcDbEntity
  8
ETIQUETAS
100
AcDbText
 10
320.782
 20
-127.203
 30
0.0
 40
0.08211
  1
PB-M-090
 72
1
 11
320.782
 21
-127.203
 31
0.0
100
AcDbText
 73
2
  0
LWPOLYLINE
  5
1A9
330
17
100
AcDbEntity
  8
PISO-MORET
100
AcDbPolyline
 90
4
 70
1
 10
320.6447
 20
-128.9959
 10
320.9184
 20
-128.9959
 10
320.9184
 20
-127.8019
 10
320.6447
 20
-127.8019
  0
TEXT
  5
1AA
330
17
100
AcDbEntity
  8
ETIQUETAS
100
AcDbText
 10
320.782
 20
-128.399
 30
0.0
 40
0.08211
  1
PB-M-103
 72
1
 11
320.782
 21
-128.399
 31
0.0
100
AcDbText
 73
2
  0
LWPOLYLINE
  5
1AB
330
17
100
AcDbEntity
  8
PISO-MORET
100
AcDbPolyline
 90
4
 70
1
 10
328.9971
 20
-128.9499
 10
329.2469
 20
-128.9499
 10
329.2469
 20
-127.75590000000001
 10
328.9971
 20
-127.75590000000001
  0
TEXT
  5
1AC
330
17
100
AcDbEntity
  8
ETIQUETAS
100
AcDbText
 10
329.122
 20
-128.353
 30
0.0
 40
0.07493999999999999
  1
PA-M-036
 72
1
 11
329.122
 21
-128.353
 31
0.0
100
AcDbText
 73
2
  0
LWPOLYLINE
  5
1AD
330
17
100
AcDbEntity
  8
PISO-MORET
100
AcDbPolyline
 90
4
 70
1
 10
328.9971
 20
-130.1459
 10
329.2469
 20
-130.1459
 10
329.2469
 20
-128.95190000000002
 10
328.9971
 20
-128.95190000000002
  0
TEXT
  5
1AE
330
17
100
AcDbEntity
  8
ETIQUETAS
100
AcDbText
 10
329.122
 20
-129.549
 30
0.0
 40
0.07493999999999999
  1
PA-M-039
 72
1
 11
329.122
 21
-129.549
 31
0.0
100
AcDbText
 73
2
  0
LWPOLYLINE
  5
1AF
330
17
100
AcDbEntity
  8
PISO-MORET
100
AcDbPolyline
 90
4
 70
1
 10
328.9971
 20
-126.6019
 10
329.2469
 20
-126.6019
 10
329.2469
 20
-125.4079
 10
328.9971
 20
-125.4079
  0
TEXT
  5
1B0
330
17
100
AcDbEntity
  8
ETIQUETAS
100
AcDbText
 10
329.122
 20
-126.005
 30
0.0
 40
0.07493999999999999
  1
PA-M-016
 72
1
 11
329.122
 21
-126.005
 31
0.0
100
AcDbText
 73
2
  0
LWPOLYLINE
  5
1B1
330
17
100
AcDbEntity
  8
PISO-MORET
100
AcDbPolyline
 90
4
 70
1
 10
329.8469
 20
-126.6019
 10
330.0967
 20
-126.6019
 10
330.0967
 20
-125.4079
 10
329.8469
 20
-125.4079
  0
TEXT
  5
1B2
330
17
100
AcDbEntity
  8
ETIQUETAS
100
AcDbText
 10
329.972
 20
-126.005
 30
0.0
 40
0.07493999999999999
  1
PA-M-018
 72
1
 11
329.972
 21
-126.005
 31
0.0
100
AcDbText
 73
2
  0
LWPOLYLINE
  5
1B3
330
17
100
AcDbEntity
  8
PISO-MORET
100
AcDbPolyline
 90
4
 70
1
 10
328.9971
 20
-125.4059
 10
329.2469
 20
-125.4059
 10
329.2469
 20
-124.2119
 10
328.9971
 20
-124.2119
  0
TEXT
  5
1B4
330
17
100
AcDbEntity
  8
ETIQUETAS
100
AcDbText
 10
329.122
 20
-124.809
 30
0.0
 40
0.07493999999999999
  1
PA-M-009
 72
1
 11
329.122
 21
-124.809
 31
0.0
100
AcDbText
 73
2
  0
LWPOLYLINE
  5
1B5
330
17
100
AcDbEntity
  8
PISO-MORET
100
AcDbPolyline
 90
4
 70
1
 10
328.9971
 20
-124.2099
 10
329.2469
 20
-124.2099
 10
329.2469
 20
-123.0159
 10
328.9971
 20
-123.0159
  0
TEXT
  5
1B6
330
17
100
AcDbEntity
  8
ETIQUETAS
100
AcDbText
 10
329.122
 20
-123.613
 30
0.0
 40
0.07493999999999999
  1
PA-M-006
 72
1
 11
329.122
 21
-123.613
 31
0.0
100
AcDbText
 73
2
  0
LWPOLYLINE
  5
1B7
330
17
100
AcDbEntity
  8
PISO-MORET
100
AcDbPolyline
 90
4
 70
1
 10
328.9971
 20
-127.7539
 10
329.2469
 20
-127.7539
 10
329.2469
 20
-126.6039
 10
328.9971
 20
-126.6039
  0
TEXT
  5
1B8
330
17
100
AcDbEntity
  8
ETIQUETAS
100
AcDbText
 10
329.122
 20
-127.179
 30
0.0
 40
0.07493999999999999
  1
PA-M-026
 72
1
 11
329.122
 21
-127.179
 31
0.0
100
AcDbText
 73
2
  0
LWPOLYLINE
  5
1B9
330
17
100
AcDbEntity
  8
PISO-MORET
100
AcDbPolyline
 90
4
 70
1
 10
329.8469
 20
-127.7539
 10
330.0967
 20
-127.7539
 10
330.0967
 20
-126.6039
 10
329.8469
 20
-126.6039
  0
TEXT
  5
1BA
330
17
100
AcDbEntity
  8
ETIQUETAS
100
AcDbText
 10
329.972
 20
-127.179
 30
0.0
 40
0.07493999999999999
  1
PA-M-028
 72
1
 11
329.972
 21
-127.179
 31
0.0
100
AcDbText
 73
2
  0
LWPOLYLINE
  5
1BB
330
17
100
AcDbEntity
  8
PISO-MORET
100
AcDbPolyline
 90
4
 70
1
 10
321.2427
 20
-127.0739
 10
321.8387
 20
-127.0739
 10
321.8387
 20
-126.60589999999999
 10
321.2427
 20
-126.60589999999999
  0
TEXT
  5
1BC
330
17
100
AcDbEntity
  8
ETIQUETAS
100
AcDbText
 10
321.541
 20
-126.84
 30
0.0
 40
0.09
  1
PB-M-079
 72
1
 11
321.541
 21
-126.84
 31
0.0
100
AcDbText
 73
2
  0
LWPOLYLINE
  5
1BD
330
17
100
AcDbEntity
  8
PISO-MORET
100
AcDbPolyline
 90
4
 70
1
 10
331.6766
 20
-126.1892
 10
332.02660000000003
 20
-126.1892
 10
332.02660000000003
 20
-125.4414
 10
331.6766
 20
-125.4414
  0
TEXT
  5
1BE
330
17
100
AcDbEntity
  8
ETIQUETAS
100
AcDbText
 10
331.852
 20
-125.815
 30
0.0
 40
0.09
  1
PA-M-015
 72
1
 11
331.852
 21
-125.815
 31
0.0
100
AcDbText
 73
2
  0
LWPOLYLINE
  5
1BF
330
17
100
AcDbEntity
  8
PISO-MORET
100
AcDbPolyline
 90
4
 70
1
 10
330.2767
 20
-127.3852
 10
330.47860000000003
 20
-127.3852
 10
330.47860000000003
 20
-126.1912
 10
330.2767
 20
-126.1912
  0
TEXT
  5
1C0
330
17
100
AcDbEntity
  8
ETIQUETAS
100
AcDbText
 10
330.378
 20
-126.788
 30
0.0
 40
0.06057
  1
PA-M-019
 72
1
 11
330.378
 21
-126.788
 31
0.0
100
AcDbText
 73
2
  0
LWPOLYLINE
  5
1C1
330
17
100
AcDbEntity
  8
PISO-ROYAL-WALNUT
100
AcDbPolyline
 90
4
 70
1
 10
328.7068
 20
-124.8289
 10
328.9068
 20
-124.8289
 10
328.9068
 20
-123.6289
 10
328.7068
 20
-123.6289
  0
TEXT
  5
1C2
330
17
100
AcDbEntity
  8
ETIQUETAS
100
AcDbText
 10
328.807
 20
-124.229
 30
0.0
 40
0.06
  1
PA-R-099
 72
1
 11
328.807
 21
-124.229
 31
0.0
100
AcDbText
 73
2
  0
LWPOLYLINE
  5
1C3
330
17
100
AcDbEntity
  8
PISO-ROYAL-WALNUT
100
AcDbPolyline
 90
4
 70
1
 10
328.5058
 20
-124.2284
 10
328.7058
 20
-124.2284
 10
328.7058
 20
-123.02839999999999
 10
328.5058
 20
-123.02839999999999
  0
TEXT
  5
1C4
330
17
100
AcDbEntity
  8
ETIQUETAS
100
AcDbText
 10
328.606
 20
-123.628
 30
0.0
 40
0.06
  1
PA-R-083
 72
1
 11
328.606
 21
-123.628
 31
0.0
100
AcDbText
 73
2
  0
LWPOLYLINE
  5
1C5
330
17
100
AcDbEntity
  8
PISO-ROYAL-WALNUT
100
AcDbPolyline
 90
4
 70
1
 10
328.3048
 20
-124.8289
 10
328.5048
 20
-124.8289
 10
328.5048
 20
-123.6289
 10
328.3048
 20
-123.6289
  0
TEXT
  5
1C6
330
17
100
AcDbEntity
  8
ETIQUETAS
100
AcDbText
 10
328.405
 20
-124.229
 30
0.0
 40
0.06
  1
PA-R-098
 72
1
 11
328.405
 21
-124.229
 31
0.0
100
AcDbText
 73
2
  0
LWPOLYLINE
  5
1C7
330
17
100
AcDbEntity
  8
PISO-ROYAL-WALNUT
100
AcDbPolyline
 90
4
 70
1
 10
328.1038
 20
-124.2284
 10
328.30379999999997
 20
-124.2284
 10
328.30379999999997
 20
-123.02839999999999
 10
328.1038
 20
-123.02839999999999
  0
TEXT
  5
1C8
330
17
100
AcDbEntity
  8
ETIQUETAS
100
AcDbText
 10
328.204
 20
-123.628
 30
0.0
 40
0.06
  1
PA-R-082
 72
1
 11
328.204
 21
-123.628
 31
0.0
100
AcDbText
 73
2
  0
LWPOLYLINE
  5
1C9
330
17
100
AcDbEntity
  8
PISO-ROYAL-WALNUT
100
AcDbPolyline
 90
4
 70
1
 10
327.9028
 20
-124.8289
 10
328.1028
 20
-124.8289
 10
328.1028
 20
-123.6289
 10
327.9028
 20
-123.6289
  0
TEXT
  5
1CA
330
17
100
AcDbEntity
  8
ETIQUETAS
100
AcDbText
 10
328.003
 20
-124.229
 30
0.0
 40
0.06
  1
PA-R-097
 72
1
 11
328.003
 21
-124.229
 31
0.0
100
AcDbText
 73
2
  0
LWPOLYLINE
  5
1CB
330
17
100
AcDbEntity
  8
PISO-ROYAL-WALNUT
100
AcDbPolyline
 90
4
 70
1
 10
327.7018
 20
-124.2284
 10
327.9018
 20
-124.2284
 10
327.9018
 20
-123.02839999999999
 10
327.7018
 20
-123.02839999999999
  0
TEXT
  5
1CC
330
17
100
AcDbEntity
  8
ETIQUETAS
100
AcDbText
 10
327.802
 20
-123.628
 30
0.0
 40
0.06
  1
PA-R-081
 72
1
 11
327.802
 21
-123.628
 31
0.0
100
AcDbText
 73
2
  0
LWPOLYLINE
  5
1CD
330
17
100
AcDbEntity
  8
PISO-ROYAL-WALNUT
100
AcDbPolyline
 90
4
 70
1
 10
327.5008
 20
-124.8289
 10
327.7008
 20
-124.8289
 10
327.7008
 20
-123.6289
 10
327.5008
 20
-123.6289
  0
TEXT
  5
1CE
330
17
100
AcDbEntity
  8
ETIQUETAS
100
AcDbText
 10
327.601
 20
-124.229
 30
0.0
 40
0.06
  1
PA-R-096
 72
1
 11
327.601
 21
-124.229
 31
0.0
100
AcDbText
 73
2
  0
LWPOLYLINE
  5
1CF
330
17
100
AcDbEntity
  8
PISO-ROYAL-WALNUT
100
AcDbPolyline
 90
4
 70
1
 10
327.2998
 20
-124.2284
 10
327.4998
 20
-124.2284
 10
327.4998
 20
-123.02839999999999
 10
327.2998
 20
-123.02839999999999
  0
TEXT
  5
1D0
330
17
100
AcDbEntity
  8
ETIQUETAS
100
AcDbText
 10
327.4
 20
-123.628
 30
0.0
 40
0.06
  1
PA-R-080
 72
1
 11
327.4
 21
-123.628
 31
0.0
100
AcDbText
 73
2
  0
LWPOLYLINE
  5
1D1
330
17
100
AcDbEntity
  8
PISO-ROYAL-WALNUT
100
AcDbPolyline
 90
4
 70
1
 10
327.0988
 20
-124.8289
 10
327.29879999999997
 20
-124.8289
 10
327.29879999999997
 20
-123.6289
 10
327.0988
 20
-123.6289
  0
TEXT
  5
1D2
330
17
100
AcDbEntity
  8
ETIQUETAS
100
AcDbText
 10
327.199
 20
-124.229
 30
0.0
 40
0.06
  1
PA-R-095
 72
1
 11
327.199
 21
-124.229
 31
0.0
100
AcDbText
 73
2
  0
LWPOLYLINE
  5
1D3
330
17
100
AcDbEntity
  8
PISO-ROYAL-WALNUT
100
AcDbPolyline
 90
4
 70
1
 10
326.8978
 20
-124.2284
 10
327.0978
 20
-124.2284
 10
327.0978
 20
-123.02839999999999
 10
326.8978
 20
-123.02839999999999
  0
TEXT
  5
1D4
330
17
100
AcDbEntity
  8
ETIQUETAS
100
AcDbText
 10
326.998
 20
-123.628
 30
0.0
 40
0.06
  1
PA-R-079
 72
1
 11
326.998
 21
-123.628
 31
0.0
100
AcDbText
 73
2
  0
LWPOLYLINE
  5
1D5
330
17
100
AcDbEntity
  8
PISO-ROYAL-WALNUT
100
AcDbPolyline
 90
4
 70
1
 10
326.6968
 20
-124.8289
 10
326.8968
 20
-124.8289
 10
326.8968
 20
-123.6289
 10
326.6968
 20
-123.6289
  0
TEXT
  5
1D6
330
17
100
AcDbEntity
  8
ETIQUETAS
100
AcDbText
 10
326.797
 20
-124.229
 30
0.0
 40
0.06
  1
PA-R-094
 72
1
 11
326.797
 21
-124.229
 31
0.0
100
AcDbText
 73
2
  0
LWPOLYLINE
  5
1D7
330
17
100
AcDbEntity
  8
PISO-ROYAL-WALNUT
100
AcDbPolyline
 90
4
 70
1
 10
326.4958
 20
-124.2284
 10
326.69579999999996
 20
-124.2284
 10
326.69579999999996
 20
-123.02839999999999
 10
326.4958
 20
-123.02839999999999
  0
TEXT
  5
1D8
330
17
100
AcDbEntity
  8
ETIQUETAS
100
AcDbText
 10
326.596
 20
-123.628
 30
0.0
 40
0.06
  1
PA-R-078
 72
1
 11
326.596
 21
-123.628
 31
0.0
100
AcDbText
 73
2
  0
LWPOLYLINE
  5
1D9
330
17
100
AcDbEntity
  8
PISO-ROYAL-WALNUT
100
AcDbPolyline
 90
4
 70
1
 10
326.2948
 20
-124.8289
 10
326.4948
 20
-124.8289
 10
326.4948
 20
-123.6289
 10
326.2948
 20
-123.6289
  0
TEXT
  5
1DA
330
17
100
AcDbEntity
  8
ETIQUETAS
100
AcDbText
 10
326.395
 20
-124.229
 30
0.0
 40
0.06
  1
PA-R-093
 72
1
 11
326.395
 21
-124.229
 31
0.0
100
AcDbText
 73
2
  0
LWPOLYLINE
  5
1DB
330
17
100
AcDbEntity
  8
PISO-ROYAL-WALNUT
100
AcDbPolyline
 90
4
 70
1
 10
326.0938
 20
-124.2284
 10
326.2938
 20
-124.2284
 10
326.2938
 20
-123.02839999999999
 10
326.0938
 20
-123.02839999999999
  0
TEXT
  5
1DC
330
17
100
AcDbEntity
  8
ETIQUETAS
100
AcDbText
 10
326.194
 20
-123.628
 30
0.0
 40
0.06
  1
PA-R-077
 72
1
 11
326.194
 21
-123.628
 31
0.0
100
AcDbText
 73
2
  0
LWPOLYLINE
  5
1DD
330
17
100
AcDbEntity
  8
PISO-ROYAL-WALNUT
100
AcDbPolyline
 90
4
 70
1
 10
328.7068
 20
-123.6279
 10
328.9068
 20
-123.6279
 10
328.9068
 20
-122.4279
 10
328.7068
 20
-122.4279
  0
TEXT
  5
1DE
330
17
100
AcDbEntity
  8
ETIQUETAS
100
AcDbText
 10
328.807
 20
-123.028
 30
0.0
 40
0.06
  1
PA-R-068
 72
1
 11
328.807
 21
-123.028
 31
0.0
100
AcDbText
 73
2
  0
LWPOLYLINE
  5
1DF
330
17
100
AcDbEntity
  8
PISO-ROYAL-WALNUT
100
AcDbPolyline
 90
4
 70
1
 10
328.5058
 20
-123.0274
 10
328.7058
 20
-123.0274
 10
328.7058
 20
-121.8274
 10
328.5058
 20
-121.8274
  0
TEXT
  5
1E0
330
17
100
AcDbEntity
  8
ETIQUETAS
100
AcDbText
 10
328.606
 20
-122.427
 30
0.0
 40
0.06
  1
PA-R-053
 72
1
 11
328.606
 21
-122.427
 31
0.0
100
AcDbText
 73
2
  0
LWPOLYLINE
  5
1E1
330
17
100
AcDbEntity
  8
PISO-ROYAL-WALNUT
100
AcDbPolyline
 90
4
 70
1
 10
328.3048
 20
-123.6279
 10
328.5048
 20
-123.6279
 10
328.5048
 20
-122.4279
 10
328.3048
 20
-122.4279
  0
TEXT
  5
1E2
330
17
100
AcDbEntity
  8
ETIQUETAS
100
AcDbText
 10
328.405
 20
-123.028
 30
0.0
 40
0.06
  1
PA-R-067
 72
1
 11
328.405
 21
-123.028
 31
0.0
100
AcDbText
 73
2
  0
LWPOLYLINE
  5
1E3
330
17
100
AcDbEntity
  8
PISO-ROYAL-WALNUT
100
AcDbPolyline
 90
4
 70
1
 10
328.1038
 20
-123.0274
 10
328.30379999999997
 20
-123.0274
 10
328.30379999999997
 20
-121.8274
 10
328.1038
 20
-121.8274
  0
TEXT
  5
1E4
330
17
100
AcDbEntity
  8
ETIQUETAS
100
AcDbText
 10
328.204
 20
-122.427
 30
0.0
 40
0.06
  1
PA-R-052
 72
1
 11
328.204
 21
-122.427
 31
0.0
100
AcDbText
 73
2
  0
LWPOLYLINE
  5
1E5
330
17
100
AcDbEntity
  8
PISO-ROYAL-WALNUT
100
AcDbPolyline
 90
4
 70
1
 10
327.9028
 20
-123.6279
 10
328.1028
 20
-123.6279
 10
328.1028
 20
-122.4279
 10
327.9028
 20
-122.4279
  0
TEXT
  5
1E6
330
17
100
AcDbEntity
  8
ETIQUETAS
100
AcDbText
 10
328.003
 20
-123.028
 30
0.0
 40
0.06
  1
PA-R-066
 72
1
 11
328.003
 21
-123.028
 31
0.0
100
AcDbText
 73
2
  0
LWPOLYLINE
  5
1E7
330
17
100
AcDbEntity
  8
PISO-ROYAL-WALNUT
100
AcDbPolyline
 90
4
 70
1
 10
327.7018
 20
-123.0274
 10
327.9018
 20
-123.0274
 10
327.9018
 20
-121.8274
 10
327.7018
 20
-121.8274
  0
TEXT
  5
1E8
330
17
100
AcDbEntity
  8
ETIQUETAS
100
AcDbText
 10
327.802
 20
-122.427
 30
0.0
 40
0.06
  1
PA-R-051
 72
1
 11
327.802
 21
-122.427
 31
0.0
100
AcDbText
 73
2
  0
LWPOLYLINE
  5
1E9
330
17
100
AcDbEntity
  8
PISO-ROYAL-WALNUT
100
AcDbPolyline
 90
4
 70
1
 10
327.5008
 20
-123.6279
 10
327.7008
 20
-123.6279
 10
327.7008
 20
-122.4279
 10
327.5008
 20
-122.4279
  0
TEXT
  5
1EA
330
17
100
AcDbEntity
  8
ETIQUETAS
100
AcDbText
 10
327.601
 20
-123.028
 30
0.0
 40
0.06
  1
PA-R-065
 72
1
 11
327.601
 21
-123.028
 31
0.0
100
AcDbText
 73
2
  0
LWPOLYLINE
  5
1EB
330
17
100
AcDbEntity
  8
PISO-ROYAL-WALNUT
100
AcDbPolyline
 90
4
 70
1
 10
327.2998
 20
-123.0274
 10
327.4998
 20
-123.0274
 10
327.4998
 20
-121.8274
 10
327.2998
 20
-121.8274
  0
TEXT
  5
1EC
330
17
100
AcDbEntity
  8
ETIQUETAS
100
AcDbText
 10
327.4
 20
-122.427
 30
0.0
 40
0.06
  1
PA-R-050
 72
1
 11
327.4
 21
-122.427
 31
0.0
100
AcDbText
 73
2
  0
LWPOLYLINE
  5
1ED
330
17
100
AcDbEntity
  8
PISO-ROYAL-WALNUT
100
AcDbPolyline
 90
4
 70
1
 10
327.0988
 20
-123.6279
 10
327.29879999999997
 20
-123.6279
 10
327.29879999999997
 20
-122.4279
 10
327.0988
 20
-122.4279
  0
TEXT
  5
1EE
330
17
100
AcDbEntity
  8
ETIQUETAS
100
AcDbText
 10
327.199
 20
-123.028
 30
0.0
 40
0.06
  1
PA-R-064
 72
1
 11
327.199
 21
-123.028
 31
0.0
100
AcDbText
 73
2
  0
LWPOLYLINE
  5
1EF
330
17
100
AcDbEntity
  8
PISO-ROYAL-WALNUT
100
AcDbPolyline
 90
4
 70
1
 10
326.8978
 20
-123.0274
 10
327.0978
 20
-123.0274
 10
327.0978
 20
-121.8274
 10
326.8978
 20
-121.8274
  0
TEXT
  5
1F0
330
17
100
AcDbEntity
  8
ETIQUETAS
100
AcDbText
 10
326.998
 20
-122.427
 30
0.0
 40
0.06
  1
PA-R-049
 72
1
 11
326.998
 21
-122.427
 31
0.0
100
AcDbText
 73
2
  0
LWPOLYLINE
  5
1F1
330
17
100
AcDbEntity
  8
PISO-ROYAL-WALNUT
100
AcDbPolyline
 90
4
 70
1
 10
326.6968
 20
-123.6279
 10
326.8968
 20
-123.6279
 10
326.8968
 20
-122.4279
 10
326.6968
 20
-122.4279
  0
TEXT
  5
1F2
330
17
100
AcDbEntity
  8
ETIQUETAS
100
AcDbText
 10
326.797
 20
-123.028
 30
0.0
 40
0.06
  1
PA-R-063
 72
1
 11
326.797
 21
-123.028
 31
0.0
100
AcDbText
 73
2
  0
LWPOLYLINE
  5
1F3
330
17
100
AcDbEntity
  8
PISO-ROYAL-WALNUT
100
AcDbPolyline
 90
4
 70
1
 10
326.4958
 20
-123.0274
 10
326.69579999999996
 20
-123.0274
 10
326.69579999999996
 20
-121.8274
 10
326.4958
 20
-121.8274
  0
TEXT
  5
1F4
330
17
100
AcDbEntity
  8
ETIQUETAS
100
AcDbText
 10
326.596
 20
-122.427
 30
0.0
 40
0.06
  1
PA-R-048
 72
1
 11
326.596
 21
-122.427
 31
0.0
100
AcDbText
 73
2
  0
LWPOLYLINE
  5
1F5
330
17
100
AcDbEntity
  8
PISO-ROYAL-WALNUT
100
AcDbPolyline
 90
4
 70
1
 10
326.2948
 20
-123.6279
 10
326.4948
 20
-123.6279
 10
326.4948
 20
-122.4279
 10
326.2948
 20
-122.4279
  0
TEXT
  5
1F6
330
17
100
AcDbEntity
  8
ETIQUETAS
100
AcDbText
 10
326.395
 20
-123.028
 30
0.0
 40
0.06
  1
PA-R-062
 72
1
 11
326.395
 21
-123.028
 31
0.0
100
AcDbText
 73
2
  0
LWPOLYLINE
  5
1F7
330
17
100
AcDbEntity
  8
PISO-ROYAL-WALNUT
100
AcDbPolyline
 90
4
 70
1
 10
326.0938
 20
-123.0274
 10
326.2938
 20
-123.0274
 10
326.2938
 20
-121.8274
 10
326.0938
 20
-121.8274
  0
TEXT
  5
1F8
330
17
100
AcDbEntity
  8
ETIQUETAS
100
AcDbText
 10
326.194
 20
-122.427
 30
0.0
 40
0.06
  1
PA-R-047
 72
1
 11
326.194
 21
-122.427
 31
0.0
100
AcDbText
 73
2
  0
LWPOLYLINE
  5
1F9
330
17
100
AcDbEntity
  8
PISO-ROYAL-WALNUT
100
AcDbPolyline
 90
4
 70
1
 10
328.7068
 20
-122.4269
 10
328.9068
 20
-122.4269
 10
328.9068
 20
-121.2269
 10
328.7068
 20
-121.2269
  0
TEXT
  5
1FA
330
17
100
AcDbEntity
  8
ETIQUETAS
100
AcDbText
 10
328.807
 20
-121.827
 30
0.0
 40
0.06
  1
PA-R-038
 72
1
 11
328.807
 21
-121.827
 31
0.0
100
AcDbText
 73
2
  0
LWPOLYLINE
  5
1FB
330
17
100
AcDbEntity
  8
PISO-ROYAL-WALNUT
100
AcDbPolyline
 90
4
 70
1
 10
328.3048
 20
-122.4269
 10
328.5048
 20
-122.4269
 10
328.5048
 20
-121.2269
 10
328.3048
 20
-121.2269
  0
TEXT
  5
1FC
330
17
100
AcDbEntity
  8
ETIQUETAS
100
AcDbText
 10
328.405
 20
-121.827
 30
0.0
 40
0.06
  1
PA-R-037
 72
1
 11
328.405
 21
-121.827
 31
0.0
100
AcDbText
 73
2
  0
LWPOLYLINE
  5
1FD
330
17
100
AcDbEntity
  8
PISO-ROYAL-WALNUT
100
AcDbPolyline
 90
4
 70
1
 10
327.9028
 20
-122.4269
 10
328.1028
 20
-122.4269
 10
328.1028
 20
-121.2269
 10
327.9028
 20
-121.2269
  0
TEXT
  5
1FE
330
17
100
AcDbEntity
  8
ETIQUETAS
100
AcDbText
 10
328.003
 20
-121.827
 30
0.0
 40
0.06
  1
PA-R-036
 72
1
 11
328.003
 21
-121.827
 31
0.0
100
AcDbText
 73
2
  0
LWPOLYLINE
  5
1FF
330
17
100
AcDbEntity
  8
PISO-ROYAL-WALNUT
100
AcDbPolyline
 90
4
 70
1
 10
327.5008
 20
-122.4269
 10
327.7008
 20
-122.4269
 10
327.7008
 20
-121.2269
 10
327.5008
 20
-121.2269
  0
TEXT
  5
200
330
17
100
AcDbEntity
  8
ETIQUETAS
100
AcDbText
 10
327.601
 20
-121.827
 30
0.0
 40
0.06
  1
PA-R-035
 72
1
 11
327.601
 21
-121.827
 31
0.0
100
AcDbText
 73
2
  0
LWPOLYLINE
  5
201
330
17
100
AcDbEntity
  8
PISO-ROYAL-WALNUT
100
AcDbPolyline
 90
4
 70
1
 10
327.0988
 20
-122.4269
 10
327.29879999999997
 20
-122.4269
 10
327.29879999999997
 20
-121.2269
 10
327.0988
 20
-121.2269
  0
TEXT
  5
202
330
17
100
AcDbEntity
  8
ETIQUETAS
100
AcDbText
 10
327.199
 20
-121.827
 30
0.0
 40
0.06
  1
PA-R-034
 72
1
 11
327.199
 21
-121.827
 31
0.0
100
AcDbText
 73
2
  0
LWPOLYLINE
  5
203
330
17
100
AcDbEntity
  8
PISO-ROYAL-WALNUT
100
AcDbPolyline
 90
4
 70
1
 10
326.6968
 20
-122.4269
 10
326.8968
 20
-122.4269
 10
326.8968
 20
-121.2269
 10
326.6968
 20
-121.2269
  0
TEXT
  5
204
330
17
100
AcDbEntity
  8
ETIQUETAS
100
AcDbText
 10
326.797
 20
-121.827
 30
0.0
 40
0.06
  1
PA-R-033
 72
1
 11
326.797
 21
-121.827
 31
0.0
100
AcDbText
 73
2
  0
LWPOLYLINE
  5
205
330
17
100
AcDbEntity
  8
PISO-ROYAL-WALNUT
100
AcDbPolyline
 90
4
 70
1
 10
326.2948
 20
-122.4269
 10
326.4948
 20
-122.4269
 10
326.4948
 20
-121.2269
 10
326.2948
 20
-121.2269
  0
TEXT
  5
206
330
17
100
AcDbEntity
  8
ETIQUETAS
100
AcDbText
 10
326.395
 20
-121.827
 30
0.0
 40
0.06
  1
PA-R-032
 72
1
 11
326.395
 21
-121.827
 31
0.0
100
AcDbText
 73
2
  0
LWPOLYLINE
  5
207
330
17
100
AcDbEntity
  8
PISO-ROYAL-WALNUT
100
AcDbPolyline
 90
4
 70
1
 10
330.6787
 20
-124.8289
 10
330.8787
 20
-124.8289
 10
330.8787
 20
-123.6289
 10
330.6787
 20
-123.6289
  0
TEXT
  5
208
330
17
100
AcDbEntity
  8
ETIQUETAS
100
AcDbText
 10
330.779
 20
-124.229
 30
0.0
 40
0.06
  1
PA-R-100
 72
1
 11
330.779
 21
-124.229
 31
0.0
100
AcDbText
 73
2
  0
LWPOLYLINE
  5
209
330
17
100
AcDbEntity
  8
PISO-ROYAL-WALNUT
100
AcDbPolyline
 90
4
 70
1
 10
330.8797
 20
-124.2284
 10
331.0797
 20
-124.2284
 10
331.0797
 20
-123.02839999999999
 10
330.8797
 20
-123.02839999999999
  0
TEXT
  5
20A
330
17
100
AcDbEntity
  8
ETIQUETAS
100
AcDbText
 10
330.98
 20
-123.628
 30
0.0
 40
0.06
  1
PA-R-084
 72
1
 11
330.98
 21
-123.628
 31
0.0
100
AcDbText
 73
2
  0
LWPOLYLINE
  5
20B
330
17
100
AcDbEntity
  8
PISO-ROYAL-WALNUT
100
AcDbPolyline
 90
4
 70
1
 10
331.0807
 20
-124.8289
 10
331.28069999999997
 20
-124.8289
 10
331.28069999999997
 20
-123.6289
 10
331.0807
 20
-123.6289
  0
TEXT
  5
20C
330
17
100
AcDbEntity
  8
ETIQUETAS
100
AcDbText
 10
331.181
 20
-124.229
 30
0.0
 40
0.06
  1
PA-R-101
 72
1
 11
331.181
 21
-124.229
 31
0.0
100
AcDbText
 73
2
  0
LWPOLYLINE
  5
20D
330
17
100
AcDbEntity
  8
PISO-ROYAL-WALNUT
100
AcDbPolyline
 90
4
 70
1
 10
331.2817
 20
-124.2284
 10
331.4817
 20
-124.2284
 10
331.4817
 20
-123.02839999999999
 10
331.2817
 20
-123.02839999999999
  0
TEXT
  5
20E
330
17
100
AcDbEntity
  8
ETIQUETAS
100
AcDbText
 10
331.382
 20
-123.628
 30
0.0
 40
0.06
  1
PA-R-085
 72
1
 11
331.382
 21
-123.628
 31
0.0
100
AcDbText
 73
2
  0
LWPOLYLINE
  5
20F
330
17
100
AcDbEntity
  8
PISO-ROYAL-WALNUT
100
AcDbPolyline
 90
4
 70
1
 10
331.4827
 20
-124.8289
 10
331.6827
 20
-124.8289
 10
331.6827
 20
-123.6289
 10
331.4827
 20
-123.6289
  0
TEXT
  5
210
330
17
100
AcDbEntity
  8
ETIQUETAS
100
AcDbText
 10
331.583
 20
-124.229
 30
0.0
 40
0.06
  1
PA-R-102
 72
1
 11
331.583
 21
-124.229
 31
0.0
100
AcDbText
 73
2
  0
LWPOLYLINE
  5
211
330
17
100
AcDbEntity
  8
PISO-ROYAL-WALNUT
100
AcDbPolyline
 90
4
 70
1
 10
331.6837
 20
-124.2284
 10
331.8837
 20
-124.2284
 10
331.8837
 20
-123.02839999999999
 10
331.6837
 20
-123.02839999999999
  0
TEXT
  5
212
330
17
100
AcDbEntity
  8
ETIQUETAS
100
AcDbText
 10
331.784
 20
-123.628
 30
0.0
 40
0.06
  1
PA-R-086
 72
1
 11
331.784
 21
-123.628
 31
0.0
100
AcDbText
 73
2
  0
LWPOLYLINE
  5
213
330
17
100
AcDbEntity
  8
PISO-ROYAL-WALNUT
100
AcDbPolyline
 90
4
 70
1
 10
331.8847
 20
-124.8289
 10
332.0847
 20
-124.8289
 10
332.0847
 20
-123.6289
 10
331.8847
 20
-123.6289
  0
TEXT
  5
214
330
17
100
AcDbEntity
  8
ETIQUETAS
100
AcDbText
 10
331.985
 20
-124.229
 30
0.0
 40
0.06
  1
PA-R-103
 72
1
 11
331.985
 21
-124.229
 31
0.0
100
AcDbText
 73
2
  0
LWPOLYLINE
  5
215
330
17
100
AcDbEntity
  8
PISO-ROYAL-WALNUT
100
AcDbPolyline
 90
4
 70
1
 10
332.0857
 20
-124.2284
 10
332.28569999999996
 20
-124.2284
 10
332.28569999999996
 20
-123.02839999999999
 10
332.0857
 20
-123.02839999999999
  0
TEXT
  5
216
330
17
100
AcDbEntity
  8
ETIQUETAS
100
AcDbText
 10
332.186
 20
-123.628
 30
0.0
 40
0.06
  1
PA-R-087
 72
1
 11
332.186
 21
-123.628
 31
0.0
100
AcDbText
 73
2
  0
LWPOLYLINE
  5
217
330
17
100
AcDbEntity
  8
PISO-ROYAL-WALNUT
100
AcDbPolyline
 90
4
 70
1
 10
332.2867
 20
-124.8289
 10
332.4867
 20
-124.8289
 10
332.4867
 20
-123.6289
 10
332.2867
 20
-123.6289
  0
TEXT
  5
218
330
17
100
AcDbEntity
  8
ETIQUETAS
100
AcDbText
 10
332.387
 20
-124.229
 30
0.0
 40
0.06
  1
PA-R-104
 72
1
 11
332.387
 21
-124.229
 31
0.0
100
AcDbText
 73
2
  0
LWPOLYLINE
  5
219
330
17
100
AcDbEntity
  8
PISO-ROYAL-WALNUT
100
AcDbPolyline
 90
4
 70
1
 10
332.4877
 20
-124.2284
 10
332.6877
 20
-124.2284
 10
332.6877
 20
-123.02839999999999
 10
332.4877
 20
-123.02839999999999
  0
TEXT
  5
21A
330
17
100
AcDbEntity
  8
ETIQUETAS
100
AcDbText
 10
332.588
 20
-123.628
 30
0.0
 40
0.06
  1
PA-R-088
 72
1
 11
332.588
 21
-123.628
 31
0.0
100
AcDbText
 73
2
  0
LWPOLYLINE
  5
21B
330
17
100
AcDbEntity
  8
PISO-ROYAL-WALNUT
100
AcDbPolyline
 90
4
 70
1
 10
332.6887
 20
-124.8289
 10
332.8887
 20
-124.8289
 10
332.8887
 20
-123.6289
 10
332.6887
 20
-123.6289
  0
TEXT
  5
21C
330
17
100
AcDbEntity
  8
ETIQUETAS
100
AcDbText
 10
332.789
 20
-124.229
 30
0.0
 40
0.06
  1
PA-R-105
 72
1
 11
332.789
 21
-124.229
 31
0.0
100
AcDbText
 73
2
  0
LWPOLYLINE
  5
21D
330
17
100
AcDbEntity
  8
PISO-ROYAL-WALNUT
100
AcDbPolyline
 90
4
 70
1
 10
332.8897
 20
-124.2284
 10
333.0897
 20
-124.2284
 10
333.0897
 20
-123.02839999999999
 10
332.8897
 20
-123.02839999999999
  0
TEXT
  5
21E
330
17
100
AcDbEntity
  8
ETIQUETAS
100
AcDbText
 10
332.99
 20
-123.628
 30
0.0
 40
0.06
  1
PA-R-089
 72
1
 11
332.99
 21
-123.628
 31
0.0
100
AcDbText
 73
2
  0
LWPOLYLINE
  5
21F
330
17
100
AcDbEntity
  8
PISO-ROYAL-WALNUT
100
AcDbPolyline
 90
4
 70
1
 10
330.8797
 20
-123.0274
 10
331.0797
 20
-123.0274
 10
331.0797
 20
-121.8274
 10
330.8797
 20
-121.8274
  0
TEXT
  5
220
330
17
100
AcDbEntity
  8
ETIQUETAS
100
AcDbText
 10
330.98
 20
-122.427
 30
0.0
 40
0.06
  1
PA-R-054
 72
1
 11
330.98
 21
-122.427
 31
0.0
100
AcDbText
 73
2
  0
LWPOLYLINE
  5
221
330
17
100
AcDbEntity
  8
PISO-ROYAL-WALNUT
100
AcDbPolyline
 90
4
 70
1
 10
331.0807
 20
-123.6279
 10
331.28069999999997
 20
-123.6279
 10
331.28069999999997
 20
-122.4279
 10
331.0807
 20
-122.4279
  0
TEXT
  5
222
330
17
100
AcDbEntity
  8
ETIQUETAS
100
AcDbText
 10
331.181
 20
-123.028
 30
0.0
 40
0.06
  1
PA-R-070
 72
1
 11
331.181
 21
-123.028
 31
0.0
100
AcDbText
 73
2
  0
LWPOLYLINE
  5
223
330
17
100
AcDbEntity
  8
PISO-ROYAL-WALNUT
100
AcDbPolyline
 90
4
 70
1
 10
331.2817
 20
-123.0274
 10
331.4817
 20
-123.0274
 10
331.4817
 20
-121.8274
 10
331.2817
 20
-121.8274
  0
TEXT
  5
224
330
17
100
AcDbEntity
  8
ETIQUETAS
100
AcDbText
 10
331.382
 20
-122.427
 30
0.0
 40
0.06
  1
PA-R-055
 72
1
 11
331.382
 21
-122.427
 31
0.0
100
AcDbText
 73
2
  0
LWPOLYLINE
  5
225
330
17
100
AcDbEntity
  8
PISO-ROYAL-WALNUT
100
AcDbPolyline
 90
4
 70
1
 10
331.4827
 20
-123.6279
 10
331.6827
 20
-123.6279
 10
331.6827
 20
-122.4279
 10
331.4827
 20
-122.4279
  0
TEXT
  5
226
330
17
100
AcDbEntity
  8
ETIQUETAS
100
AcDbText
 10
331.583
 20
-123.028
 30
0.0
 40
0.06
  1
PA-R-071
 72
1
 11
331.583
 21
-123.028
 31
0.0
100
AcDbText
 73
2
  0
LWPOLYLINE
  5
227
330
17
100
AcDbEntity
  8
PISO-ROYAL-WALNUT
100
AcDbPolyline
 90
4
 70
1
 10
331.6837
 20
-123.0274
 10
331.8837
 20
-123.0274
 10
331.8837
 20
-121.8274
 10
331.6837
 20
-121.8274
  0
TEXT
  5
228
330
17
100
AcDbEntity
  8
ETIQUETAS
100
AcDbText
 10
331.784
 20
-122.427
 30
0.0
 40
0.06
  1
PA-R-056
 72
1
 11
331.784
 21
-122.427
 31
0.0
100
AcDbText
 73
2
  0
LWPOLYLINE
  5
229
330
17
100
AcDbEntity
  8
PISO-ROYAL-WALNUT
100
AcDbPolyline
 90
4
 70
1
 10
331.8847
 20
-123.6279
 10
332.0847
 20
-123.6279
 10
332.0847
 20
-122.4279
 10
331.8847
 20
-122.4279
  0
TEXT
  5
22A
330
17
100
AcDbEntity
  8
ETIQUETAS
100
AcDbText
 10
331.985
 20
-123.028
 30
0.0
 40
0.06
  1
PA-R-072
 72
1
 11
331.985
 21
-123.028
 31
0.0
100
AcDbText
 73
2
  0
LWPOLYLINE
  5
22B
330
17
100
AcDbEntity
  8
PISO-ROYAL-WALNUT
100
AcDbPolyline
 90
4
 70
1
 10
332.0857
 20
-123.0274
 10
332.28569999999996
 20
-123.0274
 10
332.28569999999996
 20
-121.8274
 10
332.0857
 20
-121.8274
  0
TEXT
  5
22C
330
17
100
AcDbEntity
  8
ETIQUETAS
100
AcDbText
 10
332.186
 20
-122.427
 30
0.0
 40
0.06
  1
PA-R-057
 72
1
 11
332.186
 21
-122.427
 31
0.0
100
AcDbText
 73
2
  0
LWPOLYLINE
  5
22D
330
17
100
AcDbEntity
  8
PISO-ROYAL-WALNUT
100
AcDbPolyline
 90
4
 70
1
 10
332.2867
 20
-123.6279
 10
332.4867
 20
-123.6279
 10
332.4867
 20
-122.4279
 10
332.2867
 20
-122.4279
  0
TEXT
  5
22E
330
17
100
AcDbEntity
  8
ETIQUETAS
100
AcDbText
 10
332.387
 20
-123.028
 30
0.0
 40
0.06
  1
PA-R-073
 72
1
 11
332.387
 21
-123.028
 31
0.0
100
AcDbText
 73
2
  0
LWPOLYLINE
  5
22F
330
17
100
AcDbEntity
  8
PISO-ROYAL-WALNUT
100
AcDbPolyline
 90
4
 70
1
 10
332.4877
 20
-123.0274
 10
332.6877
 20
-123.0274
 10
332.6877
 20
-121.8274
 10
332.4877
 20
-121.8274
  0
TEXT
  5
230
330
17
100
AcDbEntity
  8
ETIQUETAS
100
AcDbText
 10
332.588
 20
-122.427
 30
0.0
 40
0.06
  1
PA-R-058
 72
1
 11
332.588
 21
-122.427
 31
0.0
100
AcDbText
 73
2
  0
LWPOLYLINE
  5
231
330
17
100
AcDbEntity
  8
PISO-ROYAL-WALNUT
100
AcDbPolyline
 90
4
 70
1
 10
332.6887
 20
-123.6279
 10
332.8887
 20
-123.6279
 10
332.8887
 20
-122.4279
 10
332.6887
 20
-122.4279
  0
TEXT
  5
232
330
17
100
AcDbEntity
  8
ETIQUETAS
100
AcDbText
 10
332.789
 20
-123.028
 30
0.0
 40
0.06
  1
PA-R-074
 72
1
 11
332.789
 21
-123.028
 31
0.0
100
AcDbText
 73
2
  0
LWPOLYLINE
  5
233
330
17
100
AcDbEntity
  8
PISO-ROYAL-WALNUT
100
AcDbPolyline
 90
4
 70
1
 10
332.8897
 20
-123.0274
 10
333.0897
 20
-123.0274
 10
333.0897
 20
-121.8274
 10
332.8897
 20
-121.8274
  0
TEXT
  5
234
330
17
100
AcDbEntity
  8
ETIQUETAS
100
AcDbText
 10
332.99
 20
-122.427
 30
0.0
 40
0.06
  1
PA-R-059
 72
1
 11
332.99
 21
-122.427
 31
0.0
100
AcDbText
 73
2
  0
LWPOLYLINE
  5
235
330
17
100
AcDbEntity
  8
PISO-ROYAL-WALNUT
100
AcDbPolyline
 90
4
 70
1
 10
331.0807
 20
-122.4269
 10
331.28069999999997
 20
-122.4269
 10
331.28069999999997
 20
-121.2269
 10
331.0807
 20
-121.2269
  0
TEXT
  5
236
330
17
100
AcDbEntity
  8
ETIQUETAS
100
AcDbText
 10
331.181
 20
-121.827
 30
0.0
 40
0.06
  1
PA-R-040
 72
1
 11
331.181
 21
-121.827
 31
0.0
100
AcDbText
 73
2
  0
LWPOLYLINE
  5
237
330
17
100
AcDbEntity
  8
PISO-ROYAL-WALNUT
100
AcDbPolyline
 90
4
 70
1
 10
331.4827
 20
-122.4269
 10
331.6827
 20
-122.4269
 10
331.6827
 20
-121.2269
 10
331.4827
 20
-121.2269
  0
TEXT
  5
238
330
17
100
AcDbEntity
  8
ETIQUETAS
100
AcDbText
 10
331.583
 20
-121.827
 30
0.0
 40
0.06
  1
PA-R-041
 72
1
 11
331.583
 21
-121.827
 31
0.0
100
AcDbText
 73
2
  0
LWPOLYLINE
  5
239
330
17
100
AcDbEntity
  8
PISO-ROYAL-WALNUT
100
AcDbPolyline
 90
4
 70
1
 10
331.8847
 20
-122.4269
 10
332.0847
 20
-122.4269
 10
332.0847
 20
-121.2269
 10
331.8847
 20
-121.2269
  0
TEXT
  5
23A
330
17
100
AcDbEntity
  8
ETIQUETAS
100
AcDbText
 10
331.985
 20
-121.827
 30
0.0
 40
0.06
  1
PA-R-042
 72
1
 11
331.985
 21
-121.827
 31
0.0
100
AcDbText
 73
2
  0
LWPOLYLINE
  5
23B
330
17
100
AcDbEntity
  8
PISO-ROYAL-WALNUT
100
AcDbPolyline
 90
4
 70
1
 10
332.2867
 20
-122.4269
 10
332.4867
 20
-122.4269
 10
332.4867
 20
-121.2269
 10
332.2867
 20
-121.2269
  0
TEXT
  5
23C
330
17
100
AcDbEntity
  8
ETIQUETAS
100
AcDbText
 10
332.387
 20
-121.827
 30
0.0
 40
0.06
  1
PA-R-043
 72
1
 11
332.387
 21
-121.827
 31
0.0
100
AcDbText
 73
2
  0
LWPOLYLINE
  5
23D
330
17
100
AcDbEntity
  8
PISO-ROYAL-WALNUT
100
AcDbPolyline
 90
4
 70
1
 10
332.6887
 20
-122.4269
 10
332.8887
 20
-122.4269
 10
332.8887
 20
-121.2269
 10
332.6887
 20
-121.2269
  0
TEXT
  5
23E
330
17
100
AcDbEntity
  8
ETIQUETAS
100
AcDbText
 10
332.789
 20
-121.827
 30
0.0
 40
0.06
  1
PA-R-044
 72
1
 11
332.789
 21
-121.827
 31
0.0
100
AcDbText
 73
2
  0
LWPOLYLINE
  5
23F
330
17
100
AcDbEntity
  8
PISO-ROYAL-WALNUT
100
AcDbPolyline
 90
4
 70
1
 10
333.0907
 20
-124.8289
 10
333.2907
 20
-124.8289
 10
333.2907
 20
-123.6289
 10
333.0907
 20
-123.6289
  0
TEXT
  5
240
330
17
100
AcDbEntity
  8
ETIQUETAS
100
AcDbText
 10
333.191
 20
-124.229
 30
0.0
 40
0.06
  1
PA-R-106
 72
1
 11
333.191
 21
-124.229
 31
0.0
100
AcDbText
 73
2
  0
LWPOLYLINE
  5
241
330
17
100
AcDbEntity
  8
PISO-ROYAL-WALNUT
100
AcDbPolyline
 90
4
 70
1
 10
333.2917
 20
-124.2284
 10
333.4917
 20
-124.2284
 10
333.4917
 20
-123.02839999999999
 10
333.2917
 20
-123.02839999999999
  0
TEXT
  5
242
330
17
100
AcDbEntity
  8
ETIQUETAS
100
AcDbText
 10
333.392
 20
-123.628
 30
0.0
 40
0.06
  1
PA-R-090
 72
1
 11
333.392
 21
-123.628
 31
0.0
100
AcDbText
 73
2
  0
LWPOLYLINE
  5
243
330
17
100
AcDbEntity
  8
PISO-ROYAL-WALNUT
100
AcDbPolyline
 90
4
 70
1
 10
333.0907
 20
-123.6279
 10
333.2907
 20
-123.6279
 10
333.2907
 20
-122.4279
 10
333.0907
 20
-122.4279
  0
TEXT
  5
244
330
17
100
AcDbEntity
  8
ETIQUETAS
100
AcDbText
 10
333.191
 20
-123.028
 30
0.0
 40
0.06
  1
PA-R-075
 72
1
 11
333.191
 21
-123.028
 31
0.0
100
AcDbText
 73
2
  0
LWPOLYLINE
  5
245
330
17
100
AcDbEntity
  8
PISO-ROYAL-WALNUT
100
AcDbPolyline
 90
4
 70
1
 10
333.2917
 20
-123.0274
 10
333.4917
 20
-123.0274
 10
333.4917
 20
-121.8274
 10
333.2917
 20
-121.8274
  0
TEXT
  5
246
330
17
100
AcDbEntity
  8
ETIQUETAS
100
AcDbText
 10
333.392
 20
-122.427
 30
0.0
 40
0.06
  1
PA-R-060
 72
1
 11
333.392
 21
-122.427
 31
0.0
100
AcDbText
 73
2
  0
LWPOLYLINE
  5
247
330
17
100
AcDbEntity
  8
PISO-ROYAL-WALNUT
100
AcDbPolyline
 90
4
 70
1
 10
333.0907
 20
-122.4269
 10
333.2907
 20
-122.4269
 10
333.2907
 20
-121.2269
 10
333.0907
 20
-121.2269
  0
TEXT
  5
248
330
17
100
AcDbEntity
  8
ETIQUETAS
100
AcDbText
 10
333.191
 20
-121.827
 30
0.0
 40
0.06
  1
PA-R-045
 72
1
 11
333.191
 21
-121.827
 31
0.0
100
AcDbText
 73
2
  0
LWPOLYLINE
  5
249
330
17
100
AcDbEntity
  8
PISO-ROYAL-WALNUT
100
AcDbPolyline
 90
4
 70
1
 10
333.2917
 20
-131.7555
 10
333.4917
 20
-131.7555
 10
333.4917
 20
-130.55550000000002
 10
333.2917
 20
-130.55550000000002
  0
TEXT
  5
24A
330
17
100
AcDbEntity
  8
ETIQUETAS
100
AcDbText
 10
333.392
 20
-131.156
 30
0.0
 40
0.06
  1
PA-R-190
 72
1
 11
333.392
 21
-131.156
 31
0.0
100
AcDbText
 73
2
  0
LWPOLYLINE
  5
24B
330
17
100
AcDbEntity
  8
PISO-ROYAL-WALNUT
100
AcDbPolyline
 90
4
 70
1
 10
333.0907
 20
-131.155
 10
333.2907
 20
-131.155
 10
333.2907
 20
-129.955
 10
333.0907
 20
-129.955
  0
TEXT
  5
24C
330
17
100
AcDbEntity
  8
ETIQUETAS
100
AcDbText
 10
333.191
 20
-130.555
 30
0.0
 40
0.06
  1
PA-R-181
 72
1
 11
333.191
 21
-130.555
 31
0.0
100
AcDbText
 73
2
  0
LWPOLYLINE
  5
24D
330
17
100
AcDbEntity
  8
PISO-ROYAL-WALNUT
100
AcDbPolyline
 90
4
 70
1
 10
332.8897
 20
-131.7555
 10
333.0897
 20
-131.7555
 10
333.0897
 20
-130.55550000000002
 10
332.8897
 20
-130.55550000000002
  0
TEXT
  5
24E
330
17
100
AcDbEntity
  8
ETIQUETAS
100
AcDbText
 10
332.99
 20
-131.156
 30
0.0
 40
0.06
  1
PA-R-189
 72
1
 11
332.99
 21
-131.156
 31
0.0
100
AcDbText
 73
2
  0
LWPOLYLINE
  5
24F
330
17
100
AcDbEntity
  8
PISO-ROYAL-WALNUT
100
AcDbPolyline
 90
4
 70
1
 10
332.6887
 20
-131.155
 10
332.8887
 20
-131.155
 10
332.8887
 20
-129.955
 10
332.6887
 20
-129.955
  0
TEXT
  5
250
330
17
100
AcDbEntity
  8
ETIQUETAS
100
AcDbText
 10
332.789
 20
-130.555
 30
0.0
 40
0.06
  1
PA-R-180
 72
1
 11
332.789
 21
-130.555
 31
0.0
100
AcDbText
 73
2
  0
LWPOLYLINE
  5
251
330
17
100
AcDbEntity
  8
PISO-ROYAL-WALNUT
100
AcDbPolyline
 90
4
 70
1
 10
332.4877
 20
-131.7555
 10
332.6877
 20
-131.7555
 10
332.6877
 20
-130.55550000000002
 10
332.4877
 20
-130.55550000000002
  0
TEXT
  5
252
330
17
100
AcDbEntity
  8
ETIQUETAS
100
AcDbText
 10
332.588
 20
-131.156
 30
0.0
 40
0.06
  1
PA-R-188
 72
1
 11
332.588
 21
-131.156
 31
0.0
100
AcDbText
 73
2
  0
LWPOLYLINE
  5
253
330
17
100
AcDbEntity
  8
PISO-ROYAL-WALNUT
100
AcDbPolyline
 90
4
 70
1
 10
332.2867
 20
-131.155
 10
332.4867
 20
-131.155
 10
332.4867
 20
-129.955
 10
332.2867
 20
-129.955
  0
TEXT
  5
254
330
17
100
AcDbEntity
  8
ETIQUETAS
100
AcDbText
 10
332.387
 20
-130.555
 30
0.0
 40
0.06
  1
PA-R-179
 72
1
 11
332.387
 21
-130.555
 31
0.0
100
AcDbText
 73
2
  0
LWPOLYLINE
  5
255
330
17
100
AcDbEntity
  8
PISO-ROYAL-WALNUT
100
AcDbPolyline
 90
4
 70
1
 10
332.0857
 20
-131.7555
 10
332.28569999999996
 20
-131.7555
 10
332.28569999999996
 20
-130.55550000000002
 10
332.0857
 20
-130.55550000000002
  0
TEXT
  5
256
330
17
100
AcDbEntity
  8
ETIQUETAS
100
AcDbText
 10
332.186
 20
-131.156
 30
0.0
 40
0.06
  1
PA-R-187
 72
1
 11
332.186
 21
-131.156
 31
0.0
100
AcDbText
 73
2
  0
LWPOLYLINE
  5
257
330
17
100
AcDbEntity
  8
PISO-ROYAL-WALNUT
100
AcDbPolyline
 90
4
 70
1
 10
331.8847
 20
-131.155
 10
332.0847
 20
-131.155
 10
332.0847
 20
-129.955
 10
331.8847
 20
-129.955
  0
TEXT
  5
258
330
17
100
AcDbEntity
  8
ETIQUETAS
100
AcDbText
 10
331.985
 20
-130.555
 30
0.0
 40
0.06
  1
PA-R-178
 72
1
 11
331.985
 21
-130.555
 31
0.0
100
AcDbText
 73
2
  0
LWPOLYLINE
  5
259
330
17
100
AcDbEntity
  8
PISO-ROYAL-WALNUT
100
AcDbPolyline
 90
4
 70
1
 10
331.6837
 20
-131.7555
 10
331.8837
 20
-131.7555
 10
331.8837
 20
-130.55550000000002
 10
331.6837
 20
-130.55550000000002
  0
TEXT
  5
25A
330
17
100
AcDbEntity
  8
ETIQUETAS
100
AcDbText
 10
331.784
 20
-131.156
 30
0.0
 40
0.06
  1
PA-R-186
 72
1
 11
331.784
 21
-131.156
 31
0.0
100
AcDbText
 73
2
  0
LWPOLYLINE
  5
25B
330
17
100
AcDbEntity
  8
PISO-ROYAL-WALNUT
100
AcDbPolyline
 90
4
 70
1
 10
331.4827
 20
-131.155
 10
331.6827
 20
-131.155
 10
331.6827
 20
-129.955
 10
331.4827
 20
-129.955
  0
TEXT
  5
25C
330
17
100
AcDbEntity
  8
ETIQUETAS
100
AcDbText
 10
331.583
 20
-130.555
 30
0.0
 40
0.06
  1
PA-R-177
 72
1
 11
331.583
 21
-130.555
 31
0.0
100
AcDbText
 73
2
  0
LWPOLYLINE
  5
25D
330
17
100
AcDbEntity
  8
PISO-ROYAL-WALNUT
100
AcDbPolyline
 90
4
 70
1
 10
331.2817
 20
-131.7555
 10
331.4817
 20
-131.7555
 10
331.4817
 20
-130.55550000000002
 10
331.2817
 20
-130.55550000000002
  0
TEXT
  5
25E
330
17
100
AcDbEntity
  8
ETIQUETAS
100
AcDbText
 10
331.382
 20
-131.156
 30
0.0
 40
0.06
  1
PA-R-185
 72
1
 11
331.382
 21
-131.156
 31
0.0
100
AcDbText
 73
2
  0
LWPOLYLINE
  5
25F
330
17
100
AcDbEntity
  8
PISO-ROYAL-WALNUT
100
AcDbPolyline
 90
4
 70
1
 10
331.0807
 20
-131.155
 10
331.28069999999997
 20
-131.155
 10
331.28069999999997
 20
-129.955
 10
331.0807
 20
-129.955
  0
TEXT
  5
260
330
17
100
AcDbEntity
  8
ETIQUETAS
100
AcDbText
 10
331.181
 20
-130.555
 30
0.0
 40
0.06
  1
PA-R-176
 72
1
 11
331.181
 21
-130.555
 31
0.0
100
AcDbText
 73
2
  0
LWPOLYLINE
  5
261
330
17
100
AcDbEntity
  8
PISO-ROYAL-WALNUT
100
AcDbPolyline
 90
4
 70
1
 10
330.8797
 20
-131.7555
 10
331.0797
 20
-131.7555
 10
331.0797
 20
-130.55550000000002
 10
330.8797
 20
-130.55550000000002
  0
TEXT
  5
262
330
17
100
AcDbEntity
  8
ETIQUETAS
100
AcDbText
 10
330.98
 20
-131.156
 30
0.0
 40
0.06
  1
PA-R-184
 72
1
 11
330.98
 21
-131.156
 31
0.0
100
AcDbText
 73
2
  0
LWPOLYLINE
  5
263
330
17
100
AcDbEntity
  8
PISO-ROYAL-WALNUT
100
AcDbPolyline
 90
4
 70
1
 10
330.6787
 20
-131.155
 10
330.8787
 20
-131.155
 10
330.8787
 20
-129.955
 10
330.6787
 20
-129.955
  0
TEXT
  5
264
330
17
100
AcDbEntity
  8
ETIQUETAS
100
AcDbText
 10
330.779
 20
-130.555
 30
0.0
 40
0.06
  1
PA-R-175
 72
1
 11
330.779
 21
-130.555
 31
0.0
100
AcDbText
 73
2
  0
LWPOLYLINE
  5
265
330
17
100
AcDbEntity
  8
PISO-ROYAL-WALNUT
100
AcDbPolyline
 90
4
 70
1
 10
330.4777
 20
-131.7555
 10
330.6777
 20
-131.7555
 10
330.6777
 20
-130.55550000000002
 10
330.4777
 20
-130.55550000000002
  0
TEXT
  5
266
330
17
100
AcDbEntity
  8
ETIQUETAS
100
AcDbText
 10
330.578
 20
-131.156
 30
0.0
 40
0.06
  1
PA-R-183
 72
1
 11
330.578
 21
-131.156
 31
0.0
100
AcDbText
 73
2
  0
LWPOLYLINE
  5
267
330
17
100
AcDbEntity
  8
PISO-ROYAL-WALNUT
100
AcDbPolyline
 90
4
 70
1
 10
330.2767
 20
-131.155
 10
330.4767
 20
-131.155
 10
330.4767
 20
-129.955
 10
330.2767
 20
-129.955
  0
TEXT
  5
268
330
17
100
AcDbEntity
  8
ETIQUETAS
100
AcDbText
 10
330.377
 20
-130.555
 30
0.0
 40
0.06
  1
PA-R-174
 72
1
 11
330.377
 21
-130.555
 31
0.0
100
AcDbText
 73
2
  0
LWPOLYLINE
  5
269
330
17
100
AcDbEntity
  8
PISO-ROYAL-WALNUT
100
AcDbPolyline
 90
4
 70
1
 10
333.2917
 20
-130.5545
 10
333.4917
 20
-130.5545
 10
333.4917
 20
-129.3545
 10
333.2917
 20
-129.3545
  0
TEXT
  5
26A
330
17
100
AcDbEntity
  8
ETIQUETAS
100
AcDbText
 10
333.392
 20
-129.955
 30
0.0
 40
0.06
  1
PA-R-173
 72
1
 11
333.392
 21
-129.955
 31
0.0
100
AcDbText
 73
2
  0
LWPOLYLINE
  5
26B
330
17
100
AcDbEntity
  8
PISO-ROYAL-WALNUT
100
AcDbPolyline
 90
4
 70
1
 10
333.0907
 20
-129.954
 10
333.2907
 20
-129.954
 10
333.2907
 20
-128.75400000000002
 10
333.0907
 20
-128.75400000000002
  0
TEXT
  5
26C
330
17
100
AcDbEntity
  8
ETIQUETAS
100
AcDbText
 10
333.191
 20
-129.354
 30
0.0
 40
0.06
  1
PA-R-164
 72
1
 11
333.191
 21
-129.354
 31
0.0
100
AcDbText
 73
2
  0
LWPOLYLINE
  5
26D
330
17
100
AcDbEntity
  8
PISO-ROYAL-WALNUT
100
AcDbPolyline
 90
4
 70
1
 10
332.8897
 20
-130.5545
 10
333.0897
 20
-130.5545
 10
333.0897
 20
-129.3545
 10
332.8897
 20
-129.3545
  0
TEXT
  5
26E
330
17
100
AcDbEntity
  8
ETIQUETAS
100
AcDbText
 10
332.99
 20
-129.955
 30
0.0
 40
0.06
  1
PA-R-172
 72
1
 11
332.99
 21
-129.955
 31
0.0
100
AcDbText
 73
2
  0
LWPOLYLINE
  5
26F
330
17
100
AcDbEntity
  8
PISO-ROYAL-WALNUT
100
AcDbPolyline
 90
4
 70
1
 10
332.6887
 20
-129.954
 10
332.8887
 20
-129.954
 10
332.8887
 20
-128.75400000000002
 10
332.6887
 20
-128.75400000000002
  0
TEXT
  5
270
330
17
100
AcDbEntity
  8
ETIQUETAS
100
AcDbText
 10
332.789
 20
-129.354
 30
0.0
 40
0.06
  1
PA-R-163
 72
1
 11
332.789
 21
-129.354
 31
0.0
100
AcDbText
 73
2
  0
LWPOLYLINE
  5
271
330
17
100
AcDbEntity
  8
PISO-ROYAL-WALNUT
100
AcDbPolyline
 90
4
 70
1
 10
332.4877
 20
-130.5545
 10
332.6877
 20
-130.5545
 10
332.6877
 20
-129.3545
 10
332.4877
 20
-129.3545
  0
TEXT
  5
272
330
17
100
AcDbEntity
  8
ETIQUETAS
100
AcDbText
 10
332.588
 20
-129.955
 30
0.0
 40
0.06
  1
PA-R-171
 72
1
 11
332.588
 21
-129.955
 31
0.0
100
AcDbText
 73
2
  0
LWPOLYLINE
  5
273
330
17
100
AcDbEntity
  8
PISO-ROYAL-WALNUT
100
AcDbPolyline
 90
4
 70
1
 10
332.2867
 20
-129.954
 10
332.4867
 20
-129.954
 10
332.4867
 20
-128.75400000000002
 10
332.2867
 20
-128.75400000000002
  0
TEXT
  5
274
330
17
100
AcDbEntity
  8
ETIQUETAS
100
AcDbText
 10
332.387
 20
-129.354
 30
0.0
 40
0.06
  1
PA-R-162
 72
1
 11
332.387
 21
-129.354
 31
0.0
100
AcDbText
 73
2
  0
LWPOLYLINE
  5
275
330
17
100
AcDbEntity
  8
PISO-ROYAL-WALNUT
100
AcDbPolyline
 90
4
 70
1
 10
332.0857
 20
-130.5545
 10
332.28569999999996
 20
-130.5545
 10
332.28569999999996
 20
-129.3545
 10
332.0857
 20
-129.3545
  0
TEXT
  5
276
330
17
100
AcDbEntity
  8
ETIQUETAS
100
AcDbText
 10
332.186
 20
-129.955
 30
0.0
 40
0.06
  1
PA-R-170
 72
1
 11
332.186
 21
-129.955
 31
0.0
100
AcDbText
 73
2
  0
LWPOLYLINE
  5
277
330
17
100
AcDbEntity
  8
PISO-ROYAL-WALNUT
100
AcDbPolyline
 90
4
 70
1
 10
331.8847
 20
-129.954
 10
332.0847
 20
-129.954
 10
332.0847
 20
-128.75400000000002
 10
331.8847
 20
-128.75400000000002
  0
TEXT
  5
278
330
17
100
AcDbEntity
  8
ETIQUETAS
100
AcDbText
 10
331.985
 20
-129.354
 30
0.0
 40
0.06
  1
PA-R-161
 72
1
 11
331.985
 21
-129.354
 31
0.0
100
AcDbText
 73
2
  0
LWPOLYLINE
  5
279
330
17
100
AcDbEntity
  8
PISO-ROYAL-WALNUT
100
AcDbPolyline
 90
4
 70
1
 10
331.6837
 20
-130.5545
 10
331.8837
 20
-130.5545
 10
331.8837
 20
-129.3545
 10
331.6837
 20
-129.3545
  0
TEXT
  5
27A
330
17
100
AcDbEntity
  8
ETIQUETAS
100
AcDbText
 10
331.784
 20
-129.955
 30
0.0
 40
0.06
  1
PA-R-169
 72
1
 11
331.784
 21
-129.955
 31
0.0
100
AcDbText
 73
2
  0
LWPOLYLINE
  5
27B
330
17
100
AcDbEntity
  8
PISO-ROYAL-WALNUT
100
AcDbPolyline
 90
4
 70
1
 10
331.4827
 20
-129.954
 10
331.6827
 20
-129.954
 10
331.6827
 20
-128.75400000000002
 10
331.4827
 20
-128.75400000000002
  0
TEXT
  5
27C
330
17
100
AcDbEntity
  8
ETIQUETAS
100
AcDbText
 10
331.583
 20
-129.354
 30
0.0
 40
0.06
  1
PA-R-160
 72
1
 11
331.583
 21
-129.354
 31
0.0
100
AcDbText
 73
2
  0
LWPOLYLINE
  5
27D
330
17
100
AcDbEntity
  8
PISO-ROYAL-WALNUT
100
AcDbPolyline
 90
4
 70
1
 10
331.2817
 20
-130.5545
 10
331.4817
 20
-130.5545
 10
331.4817
 20
-129.3545
 10
331.2817
 20
-129.3545
  0
TEXT
  5
27E
330
17
100
AcDbEntity
  8
ETIQUETAS
100
AcDbText
 10
331.382
 20
-129.955
 30
0.0
 40
0.06
  1
PA-R-168
 72
1
 11
331.382
 21
-129.955
 31
0.0
100
AcDbText
 73
2
  0
LWPOLYLINE
  5
27F
330
17
100
AcDbEntity
  8
PISO-ROYAL-WALNUT
100
AcDbPolyline
 90
4
 70
1
 10
331.0807
 20
-129.954
 10
331.28069999999997
 20
-129.954
 10
331.28069999999997
 20
-128.75400000000002
 10
331.0807
 20
-128.75400000000002
  0
TEXT
  5
280
330
17
100
AcDbEntity
  8
ETIQUETAS
100
AcDbText
 10
331.181
 20
-129.354
 30
0.0
 40
0.06
  1
PA-R-159
 72
1
 11
331.181
 21
-129.354
 31
0.0
100
AcDbText
 73
2
  0
LWPOLYLINE
  5
281
330
17
100
AcDbEntity
  8
PISO-ROYAL-WALNUT
100
AcDbPolyline
 90
4
 70
1
 10
330.8797
 20
-130.5545
 10
331.0797
 20
-130.5545
 10
331.0797
 20
-129.3545
 10
330.8797
 20
-129.3545
  0
TEXT
  5
282
330
17
100
AcDbEntity
  8
ETIQUETAS
100
AcDbText
 10
330.98
 20
-129.955
 30
0.0
 40
0.06
  1
PA-R-167
 72
1
 11
330.98
 21
-129.955
 31
0.0
100
AcDbText
 73
2
  0
LWPOLYLINE
  5
283
330
17
100
AcDbEntity
  8
PISO-ROYAL-WALNUT
100
AcDbPolyline
 90
4
 70
1
 10
330.6787
 20
-129.954
 10
330.8787
 20
-129.954
 10
330.8787
 20
-128.75400000000002
 10
330.6787
 20
-128.75400000000002
  0
TEXT
  5
284
330
17
100
AcDbEntity
  8
ETIQUETAS
100
AcDbText
 10
330.779
 20
-129.354
 30
0.0
 40
0.06
  1
PA-R-158
 72
1
 11
330.779
 21
-129.354
 31
0.0
100
AcDbText
 73
2
  0
LWPOLYLINE
  5
285
330
17
100
AcDbEntity
  8
PISO-ROYAL-WALNUT
100
AcDbPolyline
 90
4
 70
1
 10
330.4777
 20
-130.5545
 10
330.6777
 20
-130.5545
 10
330.6777
 20
-129.3545
 10
330.4777
 20
-129.3545
  0
TEXT
  5
286
330
17
100
AcDbEntity
  8
ETIQUETAS
100
AcDbText
 10
330.578
 20
-129.955
 30
0.0
 40
0.06
  1
PA-R-166
 72
1
 11
330.578
 21
-129.955
 31
0.0
100
AcDbText
 73
2
  0
LWPOLYLINE
  5
287
330
17
100
AcDbEntity
  8
PISO-ROYAL-WALNUT
100
AcDbPolyline
 90
4
 70
1
 10
330.2767
 20
-129.954
 10
330.4767
 20
-129.954
 10
330.4767
 20
-128.75400000000002
 10
330.2767
 20
-128.75400000000002
  0
TEXT
  5
288
330
17
100
AcDbEntity
  8
ETIQUETAS
100
AcDbText
 10
330.377
 20
-129.354
 30
0.0
 40
0.06
  1
PA-R-157
 72
1
 11
330.377
 21
-129.354
 31
0.0
100
AcDbText
 73
2
  0
LWPOLYLINE
  5
289
330
17
100
AcDbEntity
  8
PISO-MORET
100
AcDbPolyline
 90
4
 70
1
 10
330.2767
 20
-128.4912
 10
330.47860000000003
 20
-128.4912
 10
330.47860000000003
 20
-127.38719999999999
 10
330.2767
 20
-127.38719999999999
  0
TEXT
  5
28A
330
17
100
AcDbEntity
  8
ETIQUETAS
100
AcDbText
 10
330.378
 20
-127.939
 30
0.0
 40
0.06057
  1
PA-M-029
 72
1
 11
330.378
 21
-127.939
 31
0.0
100
AcDbText
 73
2
  0
LWPOLYLINE
  5
28B
330
17
100
AcDbEntity
  8
PISO-MORET
100
AcDbPolyline
 90
4
 70
1
 10
323.0367
 20
-128.7741
 10
323.6327
 20
-128.7741
 10
323.6327
 20
-128.4202
 10
323.0367
 20
-128.4202
  0
TEXT
  5
28C
330
17
100
AcDbEntity
  8
ETIQUETAS
100
AcDbText
 10
323.335
 20
-128.597
 30
0.0
 40
0.09
  1
PB-M-107
 72
1
 11
323.335
 21
-128.597
 31
0.0
100
AcDbText
 73
2
  0
LWPOLYLINE
  5
28D
330
17
100
AcDbEntity
  8
PISO-MORET
100
AcDbPolyline
 90
4
 70
1
 10
322.4387
 20
-128.7741
 10
323.0347
 20
-128.7741
 10
323.0347
 20
-128.4202
 10
322.4387
 20
-128.4202
  0
TEXT
  5
28E
330
17
100
AcDbEntity
  8
ETIQUETAS
100
AcDbText
 10
322.737
 20
-128.597
 30
0.0
 40
0.09
  1
PB-M-106
 72
1
 11
322.737
 21
-128.597
 31
0.0
100
AcDbText
 73
2
  0
LWPOLYLINE
  5
28F
330
17
100
AcDbEntity
  8
PISO-MORET
100
AcDbPolyline
 90
4
 70
1
 10
321.8407
 20
-128.7741
 10
322.43670000000003
 20
-128.7741
 10
322.43670000000003
 20
-128.4202
 10
321.8407
 20
-128.4202
  0
TEXT
  5
290
330
17
100
AcDbEntity
  8
ETIQUETAS
100
AcDbText
 10
322.139
 20
-128.597
 30
0.0
 40
0.09
  1
PB-M-105
 72
1
 11
322.139
 21
-128.597
 31
0.0
100
AcDbText
 73
2
  0
LWPOLYLINE
  5
291
330
17
100
AcDbEntity
  8
PISO-MORET
100
AcDbPolyline
 90
4
 70
1
 10
321.2427
 20
-128.7741
 10
321.8387
 20
-128.7741
 10
321.8387
 20
-128.4202
 10
321.2427
 20
-128.4202
  0
TEXT
  5
292
330
17
100
AcDbEntity
  8
ETIQUETAS
100
AcDbText
 10
321.541
 20
-128.597
 30
0.0
 40
0.09
  1
PB-M-104
 72
1
 11
321.541
 21
-128.597
 31
0.0
100
AcDbText
 73
2
  0
LWPOLYLINE
  5
293
330
17
100
AcDbEntity
  8
PISO-ROYAL-WALNUT
100
AcDbPolyline
 90
4
 70
1
 10
328.5058
 20
-125.2615
 10
328.7058
 20
-125.2615
 10
328.7058
 20
-124.2295
 10
328.5058
 20
-124.2295
  0
TEXT
  5
294
330
17
100
AcDbEntity
  8
ETIQUETAS
100
AcDbText
 10
328.606
 20
-124.745
 30
0.0
 40
0.06
  1
PA-R-115
 72
1
 11
328.606
 21
-124.745
 31
0.0
100
AcDbText
 73
2
  0
LWPOLYLINE
  5
295
330
17
100
AcDbEntity
  8
PISO-ROYAL-WALNUT
100
AcDbPolyline
 90
4
 70
1
 10
328.1038
 20
-125.2615
 10
328.30379999999997
 20
-125.2615
 10
328.30379999999997
 20
-124.2295
 10
328.1038
 20
-124.2295
  0
TEXT
  5
296
330
17
100
AcDbEntity
  8
ETIQUETAS
100
AcDbText
 10
328.204
 20
-124.745
 30
0.0
 40
0.06
  1
PA-R-114
 72
1
 11
328.204
 21
-124.745
 31
0.0
100
AcDbText
 73
2
  0
LWPOLYLINE
  5
297
330
17
100
AcDbEntity
  8
PISO-ROYAL-WALNUT
100
AcDbPolyline
 90
4
 70
1
 10
327.7018
 20
-125.2615
 10
327.9018
 20
-125.2615
 10
327.9018
 20
-124.2295
 10
327.7018
 20
-124.2295
  0
TEXT
  5
298
330
17
100
AcDbEntity
  8
ETIQUETAS
100
AcDbText
 10
327.802
 20
-124.745
 30
0.0
 40
0.06
  1
PA-R-113
 72
1
 11
327.802
 21
-124.745
 31
0.0
100
AcDbText
 73
2
  0
LWPOLYLINE
  5
299
330
17
100
AcDbEntity
  8
PISO-ROYAL-WALNUT
100
AcDbPolyline
 90
4
 70
1
 10
327.2998
 20
-125.2615
 10
327.4998
 20
-125.2615
 10
327.4998
 20
-124.2295
 10
327.2998
 20
-124.2295
  0
TEXT
  5
29A
330
17
100
AcDbEntity
  8
ETIQUETAS
100
AcDbText
 10
327.4
 20
-124.745
 30
0.0
 40
0.06
  1
PA-R-112
 72
1
 11
327.4
 21
-124.745
 31
0.0
100
AcDbText
 73
2
  0
LWPOLYLINE
  5
29B
330
17
100
AcDbEntity
  8
PISO-ROYAL-WALNUT
100
AcDbPolyline
 90
4
 70
1
 10
326.8978
 20
-125.2615
 10
327.0978
 20
-125.2615
 10
327.0978
 20
-124.2295
 10
326.8978
 20
-124.2295
  0
TEXT
  5
29C
330
17
100
AcDbEntity
  8
ETIQUETAS
100
AcDbText
 10
326.998
 20
-124.745
 30
0.0
 40
0.06
  1
PA-R-111
 72
1
 11
326.998
 21
-124.745
 31
0.0
100
AcDbText
 73
2
  0
LWPOLYLINE
  5
29D
330
17
100
AcDbEntity
  8
PISO-ROYAL-WALNUT
100
AcDbPolyline
 90
4
 70
1
 10
326.4958
 20
-125.2615
 10
326.69579999999996
 20
-125.2615
 10
326.69579999999996
 20
-124.2295
 10
326.4958
 20
-124.2295
  0
TEXT
  5
29E
330
17
100
AcDbEntity
  8
ETIQUETAS
100
AcDbText
 10
326.596
 20
-124.745
 30
0.0
 40
0.06
  1
PA-R-110
 72
1
 11
326.596
 21
-124.745
 31
0.0
100
AcDbText
 73
2
  0
LWPOLYLINE
  5
29F
330
17
100
AcDbEntity
  8
PISO-ROYAL-WALNUT
100
AcDbPolyline
 90
4
 70
1
 10
326.0938
 20
-125.2615
 10
326.2938
 20
-125.2615
 10
326.2938
 20
-124.2295
 10
326.0938
 20
-124.2295
  0
TEXT
  5
2A0
330
17
100
AcDbEntity
  8
ETIQUETAS
100
AcDbText
 10
326.194
 20
-124.745
 30
0.0
 40
0.06
  1
PA-R-109
 72
1
 11
326.194
 21
-124.745
 31
0.0
100
AcDbText
 73
2
  0
LWPOLYLINE
  5
2A1
330
17
100
AcDbEntity
  8
PISO-ROYAL-WALNUT
100
AcDbPolyline
 90
4
 70
1
 10
330.4777
 20
-125.2615
 10
330.6777
 20
-125.2615
 10
330.6777
 20
-124.2295
 10
330.4777
 20
-124.2295
  0
TEXT
  5
2A2
330
17
100
AcDbEntity
  8
ETIQUETAS
100
AcDbText
 10
330.578
 20
-124.745
 30
0.0
 40
0.06
  1
PA-R-116
 72
1
 11
330.578
 21
-124.745
 31
0.0
100
AcDbText
 73
2
  0
LWPOLYLINE
  5
2A3
330
17
100
AcDbEntity
  8
PISO-ROYAL-WALNUT
100
AcDbPolyline
 90
4
 70
1
 10
330.8797
 20
-125.2615
 10
331.0797
 20
-125.2615
 10
331.0797
 20
-124.2295
 10
330.8797
 20
-124.2295
  0
TEXT
  5
2A4
330
17
100
AcDbEntity
  8
ETIQUETAS
100
AcDbText
 10
330.98
 20
-124.745
 30
0.0
 40
0.06
  1
PA-R-117
 72
1
 11
330.98
 21
-124.745
 31
0.0
100
AcDbText
 73
2
  0
LWPOLYLINE
  5
2A5
330
17
100
AcDbEntity
  8
PISO-ROYAL-WALNUT
100
AcDbPolyline
 90
4
 70
1
 10
331.2817
 20
-125.2615
 10
331.4817
 20
-125.2615
 10
331.4817
 20
-124.2295
 10
331.2817
 20
-124.2295
  0
TEXT
  5
2A6
330
17
100
AcDbEntity
  8
ETIQUETAS
100
AcDbText
 10
331.382
 20
-124.745
 30
0.0
 40
0.06
  1
PA-R-118
 72
1
 11
331.382
 21
-124.745
 31
0.0
100
AcDbText
 73
2
  0
LWPOLYLINE
  5
2A7
330
17
100
AcDbEntity
  8
PISO-ROYAL-WALNUT
100
AcDbPolyline
 90
4
 70
1
 10
331.6837
 20
-125.2615
 10
331.8837
 20
-125.2615
 10
331.8837
 20
-124.2295
 10
331.6837
 20
-124.2295
  0
TEXT
  5
2A8
330
17
100
AcDbEntity
  8
ETIQUETAS
100
AcDbText
 10
331.784
 20
-124.745
 30
0.0
 40
0.06
  1
PA-R-119
 72
1
 11
331.784
 21
-124.745
 31
0.0
100
AcDbText
 73
2
  0
LWPOLYLINE
  5
2A9
330
17
100
AcDbEntity
  8
PISO-ROYAL-WALNUT
100
AcDbPolyline
 90
4
 70
1
 10
332.0857
 20
-125.2615
 10
332.28569999999996
 20
-125.2615
 10
332.28569999999996
 20
-124.2295
 10
332.0857
 20
-124.2295
  0
TEXT
  5
2AA
330
17
100
AcDbEntity
  8
ETIQUETAS
100
AcDbText
 10
332.186
 20
-124.745
 30
0.0
 40
0.06
  1
PA-R-120
 72
1
 11
332.186
 21
-124.745
 31
0.0
100
AcDbText
 73
2
  0
LWPOLYLINE
  5
2AB
330
17
100
AcDbEntity
  8
PISO-ROYAL-WALNUT
100
AcDbPolyline
 90
4
 70
1
 10
332.4877
 20
-125.2615
 10
332.6877
 20
-125.2615
 10
332.6877
 20
-124.2295
 10
332.4877
 20
-124.2295
  0
TEXT
  5
2AC
330
17
100
AcDbEntity
  8
ETIQUETAS
100
AcDbText
 10
332.588
 20
-124.745
 30
0.0
 40
0.06
  1
PA-R-121
 72
1
 11
332.588
 21
-124.745
 31
0.0
100
AcDbText
 73
2
  0
LWPOLYLINE
  5
2AD
330
17
100
AcDbEntity
  8
PISO-ROYAL-WALNUT
100
AcDbPolyline
 90
4
 70
1
 10
332.8897
 20
-125.2615
 10
333.0897
 20
-125.2615
 10
333.0897
 20
-124.2295
 10
332.8897
 20
-124.2295
  0
TEXT
  5
2AE
330
17
100
AcDbEntity
  8
ETIQUETAS
100
AcDbText
 10
332.99
 20
-124.745
 30
0.0
 40
0.06
  1
PA-R-122
 72
1
 11
332.99
 21
-124.745
 31
0.0
100
AcDbText
 73
2
  0
LWPOLYLINE
  5
2AF
330
17
100
AcDbEntity
  8
PISO-ROYAL-WALNUT
100
AcDbPolyline
 90
4
 70
1
 10
333.2917
 20
-125.2615
 10
333.4917
 20
-125.2615
 10
333.4917
 20
-124.2295
 10
333.2917
 20
-124.2295
  0
TEXT
  5
2B0
330
17
100
AcDbEntity
  8
ETIQUETAS
100
AcDbText
 10
333.392
 20
-124.745
 30
0.0
 40
0.06
  1
PA-R-123
 72
1
 11
333.392
 21
-124.745
 31
0.0
100
AcDbText
 73
2
  0
LWPOLYLINE
  5
2B1
330
17
100
AcDbEntity
  8
PISO-ROYAL-WALNUT
100
AcDbPolyline
 90
4
 70
1
 10
330.2767
 20
-124.8289
 10
330.4767
 20
-124.8289
 10
330.4767
 20
-123.8044
 10
330.2767
 20
-123.8044
  0
TEXT
  5
2B2
330
17
100
AcDbEntity
  8
ETIQUETAS
100
AcDbText
 10
330.377
 20
-124.317
 30
0.0
 40
0.06
  1
PA-R-108
 72
1
 11
330.377
 21
-124.317
 31
0.0
100
AcDbText
 73
2
  0
LWPOLYLINE
  5
2B3
330
17
100
AcDbEntity
  8
PISO-MORET
100
AcDbPolyline
 90
4
 70
1
 10
317.0568
 20
-123.0599
 10
317.6528
 20
-123.0599
 10
317.6528
 20
-122.7346
 10
317.0568
 20
-122.7346
  0
TEXT
  5
2B4
330
17
100
AcDbEntity
  8
ETIQUETAS
100
AcDbText
 10
317.355
 20
-122.897
 30
0.0
 40
0.09
  1
PB-M-027
 72
1
 11
317.355
 21
-122.897
 31
0.0
100
AcDbText
 73
2
  0
LWPOLYLINE
  5
2B5
330
17
100
AcDbEntity
  8
PISO-MORET
100
AcDbPolyline
 90
4
 70
1
 10
317.6548
 20
-123.0599
 10
318.2508
 20
-123.0599
 10
318.2508
 20
-122.7346
 10
317.6548
 20
-122.7346
  0
TEXT
  5
2B6
330
17
100
AcDbEntity
  8
ETIQUETAS
100
AcDbText
 10
317.953
 20
-122.897
 30
0.0
 40
0.09
  1
PB-M-028
 72
1
 11
317.953
 21
-122.897
 31
0.0
100
AcDbText
 73
2
  0
LWPOLYLINE
  5
2B7
330
17
100
AcDbEntity
  8
PISO-MORET
100
AcDbPolyline
 90
4
 70
1
 10
318.2528
 20
-123.0599
 10
318.8488
 20
-123.0599
 10
318.8488
 20
-122.7346
 10
318.2528
 20
-122.7346
  0
TEXT
  5
2B8
330
17
100
AcDbEntity
  8
ETIQUETAS
100
AcDbText
 10
318.551
 20
-122.897
 30
0.0
 40
0.09
  1
PB-M-029
 72
1
 11
318.551
 21
-122.897
 31
0.0
100
AcDbText
 73
2
  0
LWPOLYLINE
  5
2B9
330
17
100
AcDbEntity
  8
PISO-MORET
100
AcDbPolyline
 90
4
 70
1
 10
318.8508
 20
-123.0599
 10
319.4468
 20
-123.0599
 10
319.4468
 20
-122.7346
 10
318.8508
 20
-122.7346
  0
TEXT
  5
2BA
330
17
100
AcDbEntity
  8
ETIQUETAS
100
AcDbText
 10
319.149
 20
-122.897
 30
0.0
 40
0.09
  1
PB-M-030
 72
1
 11
319.149
 21
-122.897
 31
0.0
100
AcDbText
 73
2
  0
LWPOLYLINE
  5
2BB
330
17
100
AcDbEntity
  8
PISO-MORET
100
AcDbPolyline
 90
4
 70
1
 10
319.4487
 20
-123.0599
 10
320.0447
 20
-123.0599
 10
320.0447
 20
-122.7346
 10
319.4487
 20
-122.7346
  0
TEXT
  5
2BC
330
17
100
AcDbEntity
  8
ETIQUETAS
100
AcDbText
 10
319.747
 20
-122.897
 30
0.0
 40
0.09
  1
PB-M-031
 72
1
 11
319.747
 21
-122.897
 31
0.0
100
AcDbText
 73
2
  0
LWPOLYLINE
  5
2BD
330
17
100
AcDbEntity
  8
PISO-MORET
100
AcDbPolyline
 90
4
 70
1
 10
320.0467
 20
-123.0599
 10
320.6427
 20
-123.0599
 10
320.6427
 20
-122.7346
 10
320.0467
 20
-122.7346
  0
TEXT
  5
2BE
330
17
100
AcDbEntity
  8
ETIQUETAS
100
AcDbText
 10
320.345
 20
-122.897
 30
0.0
 40
0.09
  1
PB-M-032
 72
1
 11
320.345
 21
-122.897
 31
0.0
100
AcDbText
 73
2
  0
LWPOLYLINE
  5
2BF
330
17
100
AcDbEntity
  8
PISO-MORET
100
AcDbPolyline
 90
4
 70
1
 10
321.2427
 20
-123.0599
 10
321.8387
 20
-123.0599
 10
321.8387
 20
-122.7346
 10
321.2427
 20
-122.7346
  0
TEXT
  5
2C0
330
17
100
AcDbEntity
  8
ETIQUETAS
100
AcDbText
 10
321.541
 20
-122.897
 30
0.0
 40
0.09
  1
PB-M-033
 72
1
 11
321.541
 21
-122.897
 31
0.0
100
AcDbText
 73
2
  0
LWPOLYLINE
  5
2C1
330
17
100
AcDbEntity
  8
PISO-MORET
100
AcDbPolyline
 90
4
 70
1
 10
321.8407
 20
-123.0599
 10
322.43670000000003
 20
-123.0599
 10
322.43670000000003
 20
-122.7346
 10
321.8407
 20
-122.7346
  0
TEXT
  5
2C2
330
17
100
AcDbEntity
  8
ETIQUETAS
100
AcDbText
 10
322.139
 20
-122.897
 30
0.0
 40
0.09
  1
PB-M-034
 72
1
 11
322.139
 21
-122.897
 31
0.0
100
AcDbText
 73
2
  0
LWPOLYLINE
  5
2C3
330
17
100
AcDbEntity
  8
PISO-MORET
100
AcDbPolyline
 90
4
 70
1
 10
322.4387
 20
-123.0599
 10
323.0347
 20
-123.0599
 10
323.0347
 20
-122.7346
 10
322.4387
 20
-122.7346
  0
TEXT
  5
2C4
330
17
100
AcDbEntity
  8
ETIQUETAS
100
AcDbText
 10
322.737
 20
-122.897
 30
0.0
 40
0.09
  1
PB-M-035
 72
1
 11
322.737
 21
-122.897
 31
0.0
100
AcDbText
 73
2
  0
LWPOLYLINE
  5
2C5
330
17
100
AcDbEntity
  8
PISO-MORET
100
AcDbPolyline
 90
4
 70
1
 10
323.0367
 20
-123.0599
 10
323.6327
 20
-123.0599
 10
323.6327
 20
-122.7346
 10
323.0367
 20
-122.7346
  0
TEXT
  5
2C6
330
17
100
AcDbEntity
  8
ETIQUETAS
100
AcDbText
 10
323.335
 20
-122.897
 30
0.0
 40
0.09
  1
PB-M-036
 72
1
 11
323.335
 21
-122.897
 31
0.0
100
AcDbText
 73
2
  0
LWPOLYLINE
  5
2C7
330
17
100
AcDbEntity
  8
PISO-MORET
100
AcDbPolyline
 90
4
 70
1
 10
323.6346
 20
-127.0442
 10
324.0682
 20
-127.0442
 10
324.0682
 20
-126.6059
 10
323.6346
 20
-126.6059
  0
TEXT
  5
2C8
330
17
100
AcDbEntity
  8
ETIQUETAS
100
AcDbText
 10
323.851
 20
-126.825
 30
0.0
 40
0.09
  1
PB-M-078
 72
1
 11
323.851
 21
-126.825
 31
0.0
100
AcDbText
 73
2
  0
LWPOLYLINE
  5
2C9
330
17
100
AcDbEntity
  8
PISO-ROYAL-WALNUT
100
AcDbPolyline
 90
4
 70
1
 10
328.5058
 20
-121.8264
 10
328.7058
 20
-121.8264
 10
328.7058
 20
-120.8797
 10
328.5058
 20
-120.8797
  0
TEXT
  5
2CA
330
17
100
AcDbEntity
  8
ETIQUETAS
100
AcDbText
 10
328.606
 20
-121.353
 30
0.0
 40
0.06
  1
PA-R-023
 72
1
 11
328.606
 21
-121.353
 31
0.0
100
AcDbText
 73
2
  0
LWPOLYLINE
  5
2CB
330
17
100
AcDbEntity
  8
PISO-ROYAL-WALNUT
100
AcDbPolyline
 90
4
 70
1
 10
328.1038
 20
-121.8264
 10
328.30379999999997
 20
-121.8264
 10
328.30379999999997
 20
-120.8797
 10
328.1038
 20
-120.8797
  0
TEXT
  5
2CC
330
17
100
AcDbEntity
  8
ETIQUETAS
100
AcDbText
 10
328.204
 20
-121.353
 30
0.0
 40
0.06
  1
PA-R-022
 72
1
 11
328.204
 21
-121.353
 31
0.0
100
AcDbText
 73
2
  0
LWPOLYLINE
  5
2CD
330
17
100
AcDbEntity
  8
PISO-ROYAL-WALNUT
100
AcDbPolyline
 90
4
 70
1
 10
327.7018
 20
-121.8264
 10
327.9018
 20
-121.8264
 10
327.9018
 20
-120.8797
 10
327.7018
 20
-120.8797
  0
TEXT
  5
2CE
330
17
100
AcDbEntity
  8
ETIQUETAS
100
AcDbText
 10
327.802
 20
-121.353
 30
0.0
 40
0.06
  1
PA-R-021
 72
1
 11
327.802
 21
-121.353
 31
0.0
100
AcDbText
 73
2
  0
LWPOLYLINE
  5
2CF
330
17
100
AcDbEntity
  8
PISO-ROYAL-WALNUT
100
AcDbPolyline
 90
4
 70
1
 10
327.2998
 20
-121.8264
 10
327.4998
 20
-121.8264
 10
327.4998
 20
-120.8797
 10
327.2998
 20
-120.8797
  0
TEXT
  5
2D0
330
17
100
AcDbEntity
  8
ETIQUETAS
100
AcDbText
 10
327.4
 20
-121.353
 30
0.0
 40
0.06
  1
PA-R-020
 72
1
 11
327.4
 21
-121.353
 31
0.0
100
AcDbText
 73
2
  0
LWPOLYLINE
  5
2D1
330
17
100
AcDbEntity
  8
PISO-ROYAL-WALNUT
100
AcDbPolyline
 90
4
 70
1
 10
326.8978
 20
-121.8264
 10
327.0978
 20
-121.8264
 10
327.0978
 20
-120.8797
 10
326.8978
 20
-120.8797
  0
TEXT
  5
2D2
330
17
100
AcDbEntity
  8
ETIQUETAS
100
AcDbText
 10
326.998
 20
-121.353
 30
0.0
 40
0.06
  1
PA-R-019
 72
1
 11
326.998
 21
-121.353
 31
0.0
100
AcDbText
 73
2
  0
LWPOLYLINE
  5
2D3
330
17
100
AcDbEntity
  8
PISO-ROYAL-WALNUT
100
AcDbPolyline
 90
4
 70
1
 10
326.4958
 20
-121.8264
 10
326.69579999999996
 20
-121.8264
 10
326.69579999999996
 20
-120.8797
 10
326.4958
 20
-120.8797
  0
TEXT
  5
2D4
330
17
100
AcDbEntity
  8
ETIQUETAS
100
AcDbText
 10
326.596
 20
-121.353
 30
0.0
 40
0.06
  1
PA-R-018
 72
1
 11
326.596
 21
-121.353
 31
0.0
100
AcDbText
 73
2
  0
LWPOLYLINE
  5
2D5
330
17
100
AcDbEntity
  8
PISO-ROYAL-WALNUT
100
AcDbPolyline
 90
4
 70
1
 10
326.0938
 20
-121.8264
 10
326.2938
 20
-121.8264
 10
326.2938
 20
-120.8797
 10
326.0938
 20
-120.8797
  0
TEXT
  5
2D6
330
17
100
AcDbEntity
  8
ETIQUETAS
100
AcDbText
 10
326.194
 20
-121.353
 30
0.0
 40
0.06
  1
PA-R-017
 72
1
 11
326.194
 21
-121.353
 31
0.0
100
AcDbText
 73
2
  0
LWPOLYLINE
  5
2D7
330
17
100
AcDbEntity
  8
PISO-ROYAL-WALNUT
100
AcDbPolyline
 90
4
 70
1
 10
330.8797
 20
-121.8264
 10
331.0797
 20
-121.8264
 10
331.0797
 20
-120.8797
 10
330.8797
 20
-120.8797
  0
TEXT
  5
2D8
330
17
100
AcDbEntity
  8
ETIQUETAS
100
AcDbText
 10
330.98
 20
-121.353
 30
0.0
 40
0.06
  1
PA-R-024
 72
1
 11
330.98
 21
-121.353
 31
0.0
100
AcDbText
 73
2
  0
LWPOLYLINE
  5
2D9
330
17
100
AcDbEntity
  8
PISO-ROYAL-WALNUT
100
AcDbPolyline
 90
4
 70
1
 10
331.2817
 20
-121.8264
 10
331.4817
 20
-121.8264
 10
331.4817
 20
-120.8797
 10
331.2817
 20
-120.8797
  0
TEXT
  5
2DA
330
17
100
AcDbEntity
  8
ETIQUETAS
100
AcDbText
 10
331.382
 20
-121.353
 30
0.0
 40
0.06
  1
PA-R-025
 72
1
 11
331.382
 21
-121.353
 31
0.0
100
AcDbText
 73
2
  0
LWPOLYLINE
  5
2DB
330
17
100
AcDbEntity
  8
PISO-ROYAL-WALNUT
100
AcDbPolyline
 90
4
 70
1
 10
331.6837
 20
-121.8264
 10
331.8837
 20
-121.8264
 10
331.8837
 20
-120.8797
 10
331.6837
 20
-120.8797
  0
TEXT
  5
2DC
330
17
100
AcDbEntity
  8
ETIQUETAS
100
AcDbText
 10
331.784
 20
-121.353
 30
0.0
 40
0.06
  1
PA-R-026
 72
1
 11
331.784
 21
-121.353
 31
0.0
100
AcDbText
 73
2
  0
LWPOLYLINE
  5
2DD
330
17
100
AcDbEntity
  8
PISO-ROYAL-WALNUT
100
AcDbPolyline
 90
4
 70
1
 10
332.0857
 20
-121.8264
 10
332.28569999999996
 20
-121.8264
 10
332.28569999999996
 20
-120.8797
 10
332.0857
 20
-120.8797
  0
TEXT
  5
2DE
330
17
100
AcDbEntity
  8
ETIQUETAS
100
AcDbText
 10
332.186
 20
-121.353
 30
0.0
 40
0.06
  1
PA-R-027
 72
1
 11
332.186
 21
-121.353
 31
0.0
100
AcDbText
 73
2
  0
LWPOLYLINE
  5
2DF
330
17
100
AcDbEntity
  8
PISO-ROYAL-WALNUT
100
AcDbPolyline
 90
4
 70
1
 10
332.4877
 20
-121.8264
 10
332.6877
 20
-121.8264
 10
332.6877
 20
-120.8797
 10
332.4877
 20
-120.8797
  0
TEXT
  5
2E0
330
17
100
AcDbEntity
  8
ETIQUETAS
100
AcDbText
 10
332.588
 20
-121.353
 30
0.0
 40
0.06
  1
PA-R-028
 72
1
 11
332.588
 21
-121.353
 31
0.0
100
AcDbText
 73
2
  0
LWPOLYLINE
  5
2E1
330
17
100
AcDbEntity
  8
PISO-ROYAL-WALNUT
100
AcDbPolyline
 90
4
 70
1
 10
332.8897
 20
-121.8264
 10
333.0897
 20
-121.8264
 10
333.0897
 20
-120.8797
 10
332.8897
 20
-120.8797
  0
TEXT
  5
2E2
330
17
100
AcDbEntity
  8
ETIQUETAS
100
AcDbText
 10
332.99
 20
-121.353
 30
0.0
 40
0.06
  1
PA-R-029
 72
1
 11
332.99
 21
-121.353
 31
0.0
100
AcDbText
 73
2
  0
LWPOLYLINE
  5
2E3
330
17
100
AcDbEntity
  8
PISO-ROYAL-WALNUT
100
AcDbPolyline
 90
4
 70
1
 10
333.2917
 20
-121.8264
 10
333.4917
 20
-121.8264
 10
333.4917
 20
-120.8797
 10
333.2917
 20
-120.8797
  0
TEXT
  5
2E4
330
17
100
AcDbEntity
  8
ETIQUETAS
100
AcDbText
 10
333.392
 20
-121.353
 30
0.0
 40
0.06
  1
PA-R-030
 72
1
 11
333.392
 21
-121.353
 31
0.0
100
AcDbText
 73
2
  0
LWPOLYLINE
  5
2E5
330
17
100
AcDbEntity
  8
PISO-ROYAL-WALNUT
100
AcDbPolyline
 90
4
 70
1
 10
333.0907
 20
-132.0738
 10
333.2907
 20
-132.0738
 10
333.2907
 20
-131.156
 10
333.0907
 20
-131.156
  0
TEXT
  5
2E6
330
17
100
AcDbEntity
  8
ETIQUETAS
100
AcDbText
 10
333.191
 20
-131.615
 30
0.0
 40
0.06
  1
PA-R-198
 72
1
 11
333.191
 21
-131.615
 31
0.0
100
AcDbText
 73
2
  0
LWPOLYLINE
  5
2E7
330
17
100
AcDbEntity
  8
PISO-ROYAL-WALNUT
100
AcDbPolyline
 90
4
 70
1
 10
332.6887
 20
-132.0738
 10
332.8887
 20
-132.0738
 10
332.8887
 20
-131.156
 10
332.6887
 20
-131.156
  0
TEXT
  5
2E8
330
17
100
AcDbEntity
  8
ETIQUETAS
100
AcDbText
 10
332.789
 20
-131.615
 30
0.0
 40
0.06
  1
PA-R-197
 72
1
 11
332.789
 21
-131.615
 31
0.0
100
AcDbText
 73
2
  0
LWPOLYLINE
  5
2E9
330
17
100
AcDbEntity
  8
PISO-ROYAL-WALNUT
100
AcDbPolyline
 90
4
 70
1
 10
332.2867
 20
-132.0738
 10
332.4867
 20
-132.0738
 10
332.4867
 20
-131.156
 10
332.2867
 20
-131.156
  0
TEXT
  5
2EA
330
17
100
AcDbEntity
  8
ETIQUETAS
100
AcDbText
 10
332.387
 20
-131.615
 30
0.0
 40
0.06
  1
PA-R-196
 72
1
 11
332.387
 21
-131.615
 31
0.0
100
AcDbText
 73
2
  0
LWPOLYLINE
  5
2EB
330
17
100
AcDbEntity
  8
PISO-ROYAL-WALNUT
100
AcDbPolyline
 90
4
 70
1
 10
331.8847
 20
-132.0738
 10
332.0847
 20
-132.0738
 10
332.0847
 20
-131.156
 10
331.8847
 20
-131.156
  0
TEXT
  5
2EC
330
17
100
AcDbEntity
  8
ETIQUETAS
100
AcDbText
 10
331.985
 20
-131.615
 30
0.0
 40
0.06
  1
PA-R-195
 72
1
 11
331.985
 21
-131.615
 31
0.0
100
AcDbText
 73
2
  0
LWPOLYLINE
  5
2ED
330
17
100
AcDbEntity
  8
PISO-ROYAL-WALNUT
100
AcDbPolyline
 90
4
 70
1
 10
331.4827
 20
-132.0738
 10
331.6827
 20
-132.0738
 10
331.6827
 20
-131.156
 10
331.4827
 20
-131.156
  0
TEXT
  5
2EE
330
17
100
AcDbEntity
  8
ETIQUETAS
100
AcDbText
 10
331.583
 20
-131.615
 30
0.0
 40
0.06
  1
PA-R-194
 72
1
 11
331.583
 21
-131.615
 31
0.0
100
AcDbText
 73
2
  0
LWPOLYLINE
  5
2EF
330
17
100
AcDbEntity
  8
PISO-ROYAL-WALNUT
100
AcDbPolyline
 90
4
 70
1
 10
331.0807
 20
-132.0738
 10
331.28069999999997
 20
-132.0738
 10
331.28069999999997
 20
-131.156
 10
331.0807
 20
-131.156
  0
TEXT
  5
2F0
330
17
100
AcDbEntity
  8
ETIQUETAS
100
AcDbText
 10
331.181
 20
-131.615
 30
0.0
 40
0.06
  1
PA-R-193
 72
1
 11
331.181
 21
-131.615
 31
0.0
100
AcDbText
 73
2
  0
LWPOLYLINE
  5
2F1
330
17
100
AcDbEntity
  8
PISO-ROYAL-WALNUT
100
AcDbPolyline
 90
4
 70
1
 10
330.6787
 20
-132.0738
 10
330.8787
 20
-132.0738
 10
330.8787
 20
-131.156
 10
330.6787
 20
-131.156
  0
TEXT
  5
2F2
330
17
100
AcDbEntity
  8
ETIQUETAS
100
AcDbText
 10
330.779
 20
-131.615
 30
0.0
 40
0.06
  1
PA-R-192
 72
1
 11
330.779
 21
-131.615
 31
0.0
100
AcDbText
 73
2
  0
LWPOLYLINE
  5
2F3
330
17
100
AcDbEntity
  8
PISO-ROYAL-WALNUT
100
AcDbPolyline
 90
4
 70
1
 10
330.2767
 20
-132.0738
 10
330.4767
 20
-132.0738
 10
330.4767
 20
-131.156
 10
330.2767
 20
-131.156
  0
TEXT
  5
2F4
330
17
100
AcDbEntity
  8
ETIQUETAS
100
AcDbText
 10
330.377
 20
-131.615
 30
0.0
 40
0.06
  1
PA-R-191
 72
1
 11
330.377
 21
-131.615
 31
0.0
100
AcDbText
 73
2
  0
LWPOLYLINE
  5
2F5
330
17
100
AcDbEntity
  8
PISO-MORET
100
AcDbPolyline
 90
4
 70
1
 10
328.9971
 20
-130.8539
 10
329.2469
 20
-130.8539
 10
329.2469
 20
-130.14790000000002
 10
328.9971
 20
-130.14790000000002
  0
TEXT
  5
2F6
330
17
100
AcDbEntity
  8
ETIQUETAS
100
AcDbText
 10
329.122
 20
-130.501
 30
0.0
 40
0.07493999999999999
  1
PA-M-042
 72
1
 11
329.122
 21
-130.501
 31
0.0
100
AcDbText
 73
2
  0
LWPOLYLINE
  5
2F7
330
17
100
AcDbEntity
  8
PISO-MORET
100
AcDbPolyline
 90
4
 70
1
 10
329.8469
 20
-130.8539
 10
330.0967
 20
-130.8539
 10
330.0967
 20
-130.14790000000002
 10
329.8469
 20
-130.14790000000002
  0
TEXT
  5
2F8
330
17
100
AcDbEntity
  8
ETIQUETAS
100
AcDbText
 10
329.972
 20
-130.501
 30
0.0
 40
0.07493999999999999
  1
PA-M-044
 72
1
 11
329.972
 21
-130.501
 31
0.0
100
AcDbText
 73
2
  0
LWPOLYLINE
  5
2F9
330
17
100
AcDbEntity
  8
PISO-MORET
100
AcDbPolyline
 90
4
 70
1
 10
329.0868
 20
-123.0139
 10
329.2469
 20
-123.0139
 10
329.2469
 20
-121.92970000000001
 10
329.0868
 20
-121.92970000000001
  0
TEXT
  5
2FA
330
17
100
AcDbEntity
  8
ETIQUETAS
100
AcDbText
 10
329.167
 20
-122.472
 30
0.0
 40
0.048029999999999996
  1
PA-M-001
 72
1
 11
329.167
 21
-122.472
 31
0.0
100
AcDbText
 73
2
  0
LWPOLYLINE
  5
2FB
330
17
100
AcDbEntity
  8
PISO-ROYAL-WALNUT
100
AcDbPolyline
 90
4
 70
1
 10
330.7367
 20
-123.6279
 10
330.8788
 20
-123.6279
 10
330.8788
 20
-122.4279
 10
330.7367
 20
-122.4279
  0
TEXT
  5
2FC
330
17
100
AcDbEntity
  8
ETIQUETAS
100
AcDbText
 10
330.808
 20
-123.028
 30
0.0
 40
0.04263
  1
PA-R-069
 72
1
 11
330.808
 21
-123.028
 31
0.0
100
AcDbText
 73
2
  0
LWPOLYLINE
  5
2FD
330
17
100
AcDbEntity
  8
PISO-ROYAL-WALNUT
100
AcDbPolyline
 90
4
 70
1
 10
330.7367
 20
-122.4269
 10
330.8788
 20
-122.4269
 10
330.8788
 20
-121.2269
 10
330.7367
 20
-121.2269
  0
TEXT
  5
2FE
330
17
100
AcDbEntity
  8
ETIQUETAS
100
AcDbText
 10
330.808
 20
-121.827
 30
0.0
 40
0.04263
  1
PA-R-039
 72
1
 11
330.808
 21
-121.827
 31
0.0
100
AcDbText
 73
2
  0
LWPOLYLINE
  5
2FF
330
17
100
AcDbEntity
  8
PISO-MORET
100
AcDbPolyline
 90
4
 70
1
 10
333.4706
 20
-128.4912
 10
333.6165
 20
-128.4912
 10
333.6165
 20
-127.38719999999999
 10
333.4706
 20
-127.38719999999999
  0
TEXT
  5
300
330
17
100
AcDbEntity
  8
ETIQUETAS
100
AcDbText
 10
333.543
 20
-127.939
 30
0.0
 40
0.043769999999999996
  1
PA-M-032
 72
1
 11
333.543
 21
-127.939
 31
0.0
100
AcDbText
 73
2
  0
LWPOLYLINE
  5
301
330
17
100
AcDbEntity
  8
PISO-MORET
100
AcDbPolyline
 90
4
 70
1
 10
320.6447
 20
-123.0599
 10
321.2407
 20
-123.0599
 10
321.2407
 20
-122.7946
 10
320.6447
 20
-122.7946
  0
TEXT
  5
302
330
17
100
AcDbEntity
  8
ETIQUETAS
100
AcDbText
 10
320.943
 20
-122.927
 30
0.0
 40
0.07959
  1
PB-M-038
 72
1
 11
320.943
 21
-122.927
 31
0.0
100
AcDbText
 73
2
  0
LWPOLYLINE
  5
303
330
17
100
AcDbEntity
  8
PISO-MORET
100
AcDbPolyline
 90
4
 70
1
 10
316.4588
 20
-123.0599
 10
317.0548
 20
-123.0599
 10
317.0548
 20
-122.7946
 10
316.4588
 20
-122.7946
  0
TEXT
  5
304
330
17
100
AcDbEntity
  8
ETIQUETAS
100
AcDbText
 10
316.757
 20
-122.927
 30
0.0
 40
0.07959
  1
PB-M-037
 72
1
 11
316.757
 21
-122.927
 31
0.0
100
AcDbText
 73
2
  0
LWPOLYLINE
  5
305
330
17
100
AcDbEntity
  8
PISO-ROYAL-WALNUT
100
AcDbPolyline
 90
4
 70
1
 10
331.6837
 20
-129.3535
 10
331.8837
 20
-129.3535
 10
331.8837
 20
-128.5812
 10
331.6837
 20
-128.5812
  0
TEXT
  5
306
330
17
100
AcDbEntity
  8
ETIQUETAS
100
AcDbText
 10
331.784
 20
-128.967
 30
0.0
 40
0.06
  1
PA-R-151
 72
1
 11
331.784
 21
-128.967
 31
0.0
100
AcDbText
 73
2
  0
LWPOLYLINE
  5
307
330
17
100
AcDbEntity
  8
PISO-ROYAL-WALNUT
100
AcDbPolyline
 90
4
 70
1
 10
331.2817
 20
-129.3535
 10
331.4817
 20
-129.3535
 10
331.4817
 20
-128.5812
 10
331.2817
 20
-128.5812
  0
TEXT
  5
308
330
17
100
AcDbEntity
  8
ETIQUETAS
100
AcDbText
 10
331.382
 20
-128.967
 30
0.0
 40
0.06
  1
PA-R-150
 72
1
 11
331.382
 21
-128.967
 31
0.0
100
AcDbText
 73
2
  0
LWPOLYLINE
  5
309
330
17
100
AcDbEntity
  8
PISO-ROYAL-WALNUT
100
AcDbPolyline
 90
4
 70
1
 10
330.8797
 20
-129.3535
 10
331.0797
 20
-129.3535
 10
331.0797
 20
-128.5812
 10
330.8797
 20
-128.5812
  0
TEXT
  5
30A
330
17
100
AcDbEntity
  8
ETIQUETAS
100
AcDbText
 10
330.98
 20
-128.967
 30
0.0
 40
0.06
  1
PA-R-149
 72
1
 11
330.98
 21
-128.967
 31
0.0
100
AcDbText
 73
2
  0
LWPOLYLINE
  5
30B
330
17
100
AcDbEntity
  8
PISO-MORET
100
AcDbPolyline
 90
4
 70
1
 10
330.2767
 20
-126.1892
 10
330.47860000000003
 20
-126.1892
 10
330.47860000000003
 20
-125.4414
 10
330.2767
 20
-125.4414
  0
TEXT
  5
30C
330
17
100
AcDbEntity
  8
ETIQUETAS
100
AcDbText
 10
330.378
 20
-125.815
 30
0.0
 40
0.06057
  1
PA-M-012
 72
1
 11
330.378
 21
-125.815
 31
0.0
100
AcDbText
 73
2
  0
LWPOLYLINE
  5
30D
330
17
100
AcDbEntity
  8
PISO-ROYAL-WALNUT
100
AcDbPolyline
 90
4
 70
1
 10
333.4927
 20
-124.8289
 10
333.6164
 20
-124.8289
 10
333.6164
 20
-123.6289
 10
333.4927
 20
-123.6289
  0
TEXT
  5
30E
330
17
100
AcDbEntity
  8
ETIQUETAS
100
AcDbText
 10
333.555
 20
-124.229
 30
0.0
 40
0.03711
  1
PA-R-107
 72
1
 11
333.555
 21
-124.229
 31
0.0
100
AcDbText
 73
2
  0
LWPOLYLINE
  5
30F
330
17
100
AcDbEntity
  8
PISO-ROYAL-WALNUT
100
AcDbPolyline
 90
4
 70
1
 10
333.4927
 20
-123.6279
 10
333.6164
 20
-123.6279
 10
333.6164
 20
-122.4279
 10
333.4927
 20
-122.4279
  0
TEXT
  5
310
330
17
100
AcDbEntity
  8
ETIQUETAS
100
AcDbText
 10
333.555
 20
-123.028
 30
0.0
 40
0.03711
  1
PA-R-076
 72
1
 11
333.555
 21
-123.028
 31
0.0
100
AcDbText
 73
2
  0
LWPOLYLINE
  5
311
330
17
100
AcDbEntity
  8
PISO-ROYAL-WALNUT
100
AcDbPolyline
 90
4
 70
1
 10
333.4927
 20
-122.4269
 10
333.6164
 20
-122.4269
 10
333.6164
 20
-121.2269
 10
333.4927
 20
-121.2269
  0
TEXT
  5
312
330
17
100
AcDbEntity
  8
ETIQUETAS
100
AcDbText
 10
333.555
 20
-121.827
 30
0.0
 40
0.03711
  1
PA-R-046
 72
1
 11
333.555
 21
-121.827
 31
0.0
100
AcDbText
 73
2
  0
LWPOLYLINE
  5
313
330
17
100
AcDbEntity
  8
PISO-ROYAL-WALNUT
100
AcDbPolyline
 90
4
 70
1
 10
333.4927
 20
-131.155
 10
333.6164
 20
-131.155
 10
333.6164
 20
-129.955
 10
333.4927
 20
-129.955
  0
TEXT
  5
314
330
17
100
AcDbEntity
  8
ETIQUETAS
100
AcDbText
 10
333.555
 20
-130.555
 30
0.0
 40
0.03711
  1
PA-R-182
 72
1
 11
333.555
 21
-130.555
 31
0.0
100
AcDbText
 73
2
  0
LWPOLYLINE
  5
315
330
17
100
AcDbEntity
  8
PISO-ROYAL-WALNUT
100
AcDbPolyline
 90
4
 70
1
 10
333.4927
 20
-129.954
 10
333.6164
 20
-129.954
 10
333.6164
 20
-128.75400000000002
 10
333.4927
 20
-128.75400000000002
  0
TEXT
  5
316
330
17
100
AcDbEntity
  8
ETIQUETAS
100
AcDbText
 10
333.555
 20
-129.354
 30
0.0
 40
0.03711
  1
PA-R-165
 72
1
 11
333.555
 21
-129.354
 31
0.0
100
AcDbText
 73
2
  0
LWPOLYLINE
  5
317
330
17
100
AcDbEntity
  8
PISO-ROYAL-WALNUT
100
AcDbPolyline
 90
4
 70
1
 10
333.2917
 20
-129.3535
 10
333.4917
 20
-129.3535
 10
333.4917
 20
-128.6712
 10
333.2917
 20
-128.6712
  0
TEXT
  5
318
330
17
100
AcDbEntity
  8
ETIQUETAS
100
AcDbText
 10
333.392
 20
-129.012
 30
0.0
 40
0.06
  1
PA-R-156
 72
1
 11
333.392
 21
-129.012
 31
0.0
100
AcDbText
 73
2
  0
LWPOLYLINE
  5
319
330
17
100
AcDbEntity
  8
PISO-ROYAL-WALNUT
100
AcDbPolyline
 90
4
 70
1
 10
332.8897
 20
-129.3535
 10
333.0897
 20
-129.3535
 10
333.0897
 20
-128.6712
 10
332.8897
 20
-128.6712
  0
TEXT
  5
31A
330
17
100
AcDbEntity
  8
ETIQUETAS
100
AcDbText
 10
332.99
 20
-129.012
 30
0.0
 40
0.06
  1
PA-R-155
 72
1
 11
332.99
 21
-129.012
 31
0.0
100
AcDbText
 73
2
  0
LWPOLYLINE
  5
31B
330
17
100
AcDbEntity
  8
PISO-ROYAL-WALNUT
100
AcDbPolyline
 90
4
 70
1
 10
332.4877
 20
-129.3535
 10
332.6877
 20
-129.3535
 10
332.6877
 20
-128.6712
 10
332.4877
 20
-128.6712
  0
TEXT
  5
31C
330
17
100
AcDbEntity
  8
ETIQUETAS
100
AcDbText
 10
332.588
 20
-129.012
 30
0.0
 40
0.06
  1
PA-R-154
 72
1
 11
332.588
 21
-129.012
 31
0.0
100
AcDbText
 73
2
  0
LWPOLYLINE
  5
31D
330
17
100
AcDbEntity
  8
PISO-ROYAL-WALNUT
100
AcDbPolyline
 90
4
 70
1
 10
332.0857
 20
-129.3535
 10
332.28569999999996
 20
-129.3535
 10
332.28569999999996
 20
-128.6712
 10
332.0857
 20
-128.6712
  0
TEXT
  5
31E
330
17
100
AcDbEntity
  8
ETIQUETAS
100
AcDbText
 10
332.186
 20
-129.012
 30
0.0
 40
0.06
  1
PA-R-153
 72
1
 11
332.186
 21
-129.012
 31
0.0
100
AcDbText
 73
2
  0
LWPOLYLINE
  5
31F
330
17
100
AcDbEntity
  8
PISO-ROYAL-WALNUT
100
AcDbPolyline
 90
4
 70
1
 10
330.4777
 20
-129.3535
 10
330.6777
 20
-129.3535
 10
330.6777
 20
-128.6712
 10
330.4777
 20
-128.6712
  0
TEXT
  5
320
330
17
100
AcDbEntity
  8
ETIQUETAS
100
AcDbText
 10
330.578
 20
-129.012
 30
0.0
 40
0.06
  1
PA-R-152
 72
1
 11
330.578
 21
-129.012
 31
0.0
100
AcDbText
 73
2
  0
LWPOLYLINE
  5
321
330
17
100
AcDbEntity
  8
PISO-MORET
100
AcDbPolyline
 90
4
 70
1
 10
330.4449
 20
-123.0139
 10
330.55670000000003
 20
-123.0139
 10
330.55670000000003
 20
-121.92970000000001
 10
330.4449
 20
-121.92970000000001
  0
TEXT
  5
322
330
17
100
AcDbEntity
  8
ETIQUETAS
100
AcDbText
 10
330.501
 20
-122.472
 30
0.0
 40
0.03354
  1
PA-M-004
 72
1
 11
330.501
 21
-122.472
 31
0.0
100
AcDbText
 73
2
  0
LWPOLYLINE
  5
323
330
17
100
AcDbEntity
  8
PISO-ROYAL-WALNUT
100
AcDbPolyline
 90
4
 70
1
 10
333.4927
 20
-132.0738
 10
333.6164
 20
-132.0738
 10
333.6164
 20
-131.156
 10
333.4927
 20
-131.156
  0
TEXT
  5
324
330
17
100
AcDbEntity
  8
ETIQUETAS
100
AcDbText
 10
333.555
 20
-131.615
 30
0.0
 40
0.03711
  1
PA-R-199
 72
1
 11
333.555
 21
-131.615
 31
0.0
100
AcDbText
 73
2
  0
LWPOLYLINE
  5
325
330
17
100
AcDbEntity
  8
PISO-MORET
100
AcDbPolyline
 90
4
 70
1
 10
333.4706
 20
-127.3852
 10
333.6165
 20
-127.3852
 10
333.6165
 20
-126.6414
 10
333.4706
 20
-126.6414
  0
TEXT
  5
326
330
17
100
AcDbEntity
  8
ETIQUETAS
100
AcDbText
 10
333.543
 20
-127.013
 30
0.0
 40
0.043769999999999996
  1
PA-M-025
 72
1
 11
333.543
 21
-127.013
 31
0.0
100
AcDbText
 73
2
  0
LWPOLYLINE
  5
327
330
17
100
AcDbEntity
  8
PISO-ROYAL-WALNUT
100
AcDbPolyline
 90
4
 70
1
 10
326.007
 20
-124.8289
 10
326.0928
 20
-124.8289
 10
326.0928
 20
-123.6289
 10
326.007
 20
-123.6289
  0
TEXT
  5
328
330
17
100
AcDbEntity
  8
ETIQUETAS
100
AcDbText
 10
326.05
 20
-124.229
 30
0.0
 40
0.03
  1
PA-R-092
 72
1
 11
326.05
 21
-124.229
 31
0.0
100
AcDbText
 73
2
  0
LWPOLYLINE
  5
329
330
17
100
AcDbEntity
  8
PISO-ROYAL-WALNUT
100
AcDbPolyline
 90
4
 70
1
 10
326.007
 20
-123.6279
 10
326.0928
 20
-123.6279
 10
326.0928
 20
-122.4279
 10
326.007
 20
-122.4279
  0
TEXT
  5
32A
330
17
100
AcDbEntity
  8
ETIQUETAS
100
AcDbText
 10
326.05
 20
-123.028
 30
0.0
 40
0.03
  1
PA-R-061
 72
1
 11
326.05
 21
-123.028
 31
0.0
100
AcDbText
 73
2
  0
LWPOLYLINE
  5
32B
330
17
100
AcDbEntity
  8
PISO-ROYAL-WALNUT
100
AcDbPolyline
 90
4
 70
1
 10
326.007
 20
-122.4269
 10
326.0928
 20
-122.4269
 10
326.0928
 20
-121.2269
 10
326.007
 20
-121.2269
  0
TEXT
  5
32C
330
17
100
AcDbEntity
  8
ETIQUETAS
100
AcDbText
 10
326.05
 20
-121.827
 30
0.0
 40
0.03
  1
PA-R-031
 72
1
 11
326.05
 21
-121.827
 31
0.0
100
AcDbText
 73
2
  0
LWPOLYLINE
  5
32D
330
17
100
AcDbEntity
  8
PISO-ROYAL-WALNUT
100
AcDbPolyline
 90
4
 70
1
 10
328.7068
 20
-125.2615
 10
328.9068
 20
-125.2615
 10
328.9068
 20
-124.83
 10
328.7068
 20
-124.83
  0
TEXT
  5
32E
330
17
100
AcDbEntity
  8
ETIQUETAS
100
AcDbText
 10
328.807
 20
-125.046
 30
0.0
 40
0.06
  1
PA-R-131
 72
1
 11
328.807
 21
-125.046
 31
0.0
100
AcDbText
 73
2
  0
LWPOLYLINE
  5
32F
330
17
100
AcDbEntity
  8
PISO-ROYAL-WALNUT
100
AcDbPolyline
 90
4
 70
1
 10
328.3048
 20
-125.2615
 10
328.5048
 20
-125.2615
 10
328.5048
 20
-124.83
 10
328.3048
 20
-124.83
  0
TEXT
  5
330
330
17
100
AcDbEntity
  8
ETIQUETAS
100
AcDbText
 10
328.405
 20
-125.046
 30
0.0
 40
0.06
  1
PA-R-130
 72
1
 11
328.405
 21
-125.046
 31
0.0
100
AcDbText
 73
2
  0
LWPOLYLINE
  5
331
330
17
100
AcDbEntity
  8
PISO-ROYAL-WALNUT
100
AcDbPolyline
 90
4
 70
1
 10
327.9028
 20
-125.2615
 10
328.1028
 20
-125.2615
 10
328.1028
 20
-124.83
 10
327.9028
 20
-124.83
  0
TEXT
  5
332
330
17
100
AcDbEntity
  8
ETIQUETAS
100
AcDbText
 10
328.003
 20
-125.046
 30
0.0
 40
0.06
  1
PA-R-129
 72
1
 11
328.003
 21
-125.046
 31
0.0
100
AcDbText
 73
2
  0
LWPOLYLINE
  5
333
330
17
100
AcDbEntity
  8
PISO-ROYAL-WALNUT
100
AcDbPolyline
 90
4
 70
1
 10
327.5008
 20
-125.2615
 10
327.7008
 20
-125.2615
 10
327.7008
 20
-124.83
 10
327.5008
 20
-124.83
  0
TEXT
  5
334
330
17
100
AcDbEntity
  8
ETIQUETAS
100
AcDbText
 10
327.601
 20
-125.046
 30
0.0
 40
0.06
  1
PA-R-128
 72
1
 11
327.601
 21
-125.046
 31
0.0
100
AcDbText
 73
2
  0
LWPOLYLINE
  5
335
330
17
100
AcDbEntity
  8
PISO-ROYAL-WALNUT
100
AcDbPolyline
 90
4
 70
1
 10
327.0988
 20
-125.2615
 10
327.29879999999997
 20
-125.2615
 10
327.29879999999997
 20
-124.83
 10
327.0988
 20
-124.83
  0
TEXT
  5
336
330
17
100
AcDbEntity
  8
ETIQUETAS
100
AcDbText
 10
327.199
 20
-125.046
 30
0.0
 40
0.06
  1
PA-R-127
 72
1
 11
327.199
 21
-125.046
 31
0.0
100
AcDbText
 73
2
  0
LWPOLYLINE
  5
337
330
17
100
AcDbEntity
  8
PISO-ROYAL-WALNUT
100
AcDbPolyline
 90
4
 70
1
 10
326.6968
 20
-125.2615
 10
326.8968
 20
-125.2615
 10
326.8968
 20
-124.83
 10
326.6968
 20
-124.83
  0
TEXT
  5
338
330
17
100
AcDbEntity
  8
ETIQUETAS
100
AcDbText
 10
326.797
 20
-125.046
 30
0.0
 40
0.06
  1
PA-R-126
 72
1
 11
326.797
 21
-125.046
 31
0.0
100
AcDbText
 73
2
  0
LWPOLYLINE
  5
339
330
17
100
AcDbEntity
  8
PISO-ROYAL-WALNUT
100
AcDbPolyline
 90
4
 70
1
 10
326.2948
 20
-125.2615
 10
326.4948
 20
-125.2615
 10
326.4948
 20
-124.83
 10
326.2948
 20
-124.83
  0
TEXT
  5
33A
330
17
100
AcDbEntity
  8
ETIQUETAS
100
AcDbText
 10
326.395
 20
-125.046
 30
0.0
 40
0.06
  1
PA-R-125
 72
1
 11
326.395
 21
-125.046
 31
0.0
100
AcDbText
 73
2
  0
LWPOLYLINE
  5
33B
330
17
100
AcDbEntity
  8
PISO-ROYAL-WALNUT
100
AcDbPolyline
 90
4
 70
1
 10
330.2767
 20
-125.2615
 10
330.4767
 20
-125.2615
 10
330.4767
 20
-124.83
 10
330.2767
 20
-124.83
  0
TEXT
  5
33C
330
17
100
AcDbEntity
  8
ETIQUETAS
100
AcDbText
 10
330.377
 20
-125.046
 30
0.0
 40
0.06
  1
PA-R-132
 72
1
 11
330.377
 21
-125.046
 31
0.0
100
AcDbText
 73
2
  0
LWPOLYLINE
  5
33D
330
17
100
AcDbEntity
  8
PISO-ROYAL-WALNUT
100
AcDbPolyline
 90
4
 70
1
 10
330.6787
 20
-125.2615
 10
330.8787
 20
-125.2615
 10
330.8787
 20
-124.83
 10
330.6787
 20
-124.83
  0
TEXT
  5
33E
330
17
100
AcDbEntity
  8
ETIQUETAS
100
AcDbText
 10
330.779
 20
-125.046
 30
0.0
 40
0.06
  1
PA-R-133
 72
1
 11
330.779
 21
-125.046
 31
0.0
100
AcDbText
 73
2
  0
LWPOLYLINE
  5
33F
330
17
100
AcDbEntity
  8
PISO-ROYAL-WALNUT
100
AcDbPolyline
 90
4
 70
1
 10
331.0807
 20
-125.2615
 10
331.28069999999997
 20
-125.2615
 10
331.28069999999997
 20
-124.83
 10
331.0807
 20
-124.83
  0
TEXT
  5
340
330
17
100
AcDbEntity
  8
ETIQUETAS
100
AcDbText
 10
331.181
 20
-125.046
 30
0.0
 40
0.06
  1
PA-R-134
 72
1
 11
331.181
 21
-125.046
 31
0.0
100
AcDbText
 73
2
  0
LWPOLYLINE
  5
341
330
17
100
AcDbEntity
  8
PISO-ROYAL-WALNUT
100
AcDbPolyline
 90
4
 70
1
 10
331.4827
 20
-125.2615
 10
331.6827
 20
-125.2615
 10
331.6827
 20
-124.83
 10
331.4827
 20
-124.83
  0
TEXT
  5
342
330
17
100
AcDbEntity
  8
ETIQUETAS
100
AcDbText
 10
331.583
 20
-125.046
 30
0.0
 40
0.06
  1
PA-R-135
 72
1
 11
331.583
 21
-125.046
 31
0.0
100
AcDbText
 73
2
  0
LWPOLYLINE
  5
343
330
17
100
AcDbEntity
  8
PISO-ROYAL-WALNUT
100
AcDbPolyline
 90
4
 70
1
 10
331.8847
 20
-125.2615
 10
332.0847
 20
-125.2615
 10
332.0847
 20
-124.83
 10
331.8847
 20
-124.83
  0
TEXT
  5
344
330
17
100
AcDbEntity
  8
ETIQUETAS
100
AcDbText
 10
331.985
 20
-125.046
 30
0.0
 40
0.06
  1
PA-R-136
 72
1
 11
331.985
 21
-125.046
 31
0.0
100
AcDbText
 73
2
  0
LWPOLYLINE
  5
345
330
17
100
AcDbEntity
  8
PISO-ROYAL-WALNUT
100
AcDbPolyline
 90
4
 70
1
 10
332.2867
 20
-125.2615
 10
332.4867
 20
-125.2615
 10
332.4867
 20
-124.83
 10
332.2867
 20
-124.83
  0
TEXT
  5
346
330
17
100
AcDbEntity
  8
ETIQUETAS
100
AcDbText
 10
332.387
 20
-125.046
 30
0.0
 40
0.06
  1
PA-R-137
 72
1
 11
332.387
 21
-125.046
 31
0.0
100
AcDbText
 73
2
  0
LWPOLYLINE
  5
347
330
17
100
AcDbEntity
  8
PISO-ROYAL-WALNUT
100
AcDbPolyline
 90
4
 70
1
 10
332.6887
 20
-125.2615
 10
332.8887
 20
-125.2615
 10
332.8887
 20
-124.83
 10
332.6887
 20
-124.83
  0
TEXT
  5
348
330
17
100
AcDbEntity
  8
ETIQUETAS
100
AcDbText
 10
332.789
 20
-125.046
 30
0.0
 40
0.06
  1
PA-R-138
 72
1
 11
332.789
 21
-125.046
 31
0.0
100
AcDbText
 73
2
  0
LWPOLYLINE
  5
349
330
17
100
AcDbEntity
  8
PISO-ROYAL-WALNUT
100
AcDbPolyline
 90
4
 70
1
 10
333.0907
 20
-125.2615
 10
333.2907
 20
-125.2615
 10
333.2907
 20
-124.83
 10
333.0907
 20
-124.83
  0
TEXT
  5
34A
330
17
100
AcDbEntity
  8
ETIQUETAS
100
AcDbText
 10
333.191
 20
-125.046
 30
0.0
 40
0.06
  1
PA-R-139
 72
1
 11
333.191
 21
-125.046
 31
0.0
100
AcDbText
 73
2
  0
LWPOLYLINE
  5
34B
330
17
100
AcDbEntity
  8
PISO-ROYAL-WALNUT
100
AcDbPolyline
 90
4
 70
1
 10
330.4777
 20
-124.2284
 10
330.6777
 20
-124.2284
 10
330.6777
 20
-123.80439999999999
 10
330.4777
 20
-123.80439999999999
  0
TEXT
  5
34C
330
17
100
AcDbEntity
  8
ETIQUETAS
100
AcDbText
 10
330.578
 20
-124.016
 30
0.0
 40
0.06
  1
PA-R-091
 72
1
 11
330.578
 21
-124.016
 31
0.0
100
AcDbText
 73
2
  0
LWPOLYLINE
  5
34D
330
17
100
AcDbEntity
  8
PISO-ROYAL-WALNUT
100
AcDbPolyline
 90
4
 70
1
 10
328.7068
 20
-121.2259
 10
328.9068
 20
-121.2259
 10
328.9068
 20
-120.8797
 10
328.7068
 20
-120.8797
  0
TEXT
  5
34E
330
17
100
AcDbEntity
  8
ETIQUETAS
100
AcDbText
 10
328.807
 20
-121.053
 30
0.0
 40
0.06
  1
PA-R-008
 72
1
 11
328.807
 21
-121.053
 31
0.0
100
AcDbText
 73
2
  0
LWPOLYLINE
  5
34F
330
17
100
AcDbEntity
  8
PISO-ROYAL-WALNUT
100
AcDbPolyline
 90
4
 70
1
 10
328.3048
 20
-121.2259
 10
328.5048
 20
-121.2259
 10
328.5048
 20
-120.8797
 10
328.3048
 20
-120.8797
  0
TEXT
  5
350
330
17
100
AcDbEntity
  8
ETIQUETAS
100
AcDbText
 10
328.405
 20
-121.053
 30
0.0
 40
0.06
  1
PA-R-007
 72
1
 11
328.405
 21
-121.053
 31
0.0
100
AcDbText
 73
2
  0
LWPOLYLINE
  5
351
330
17
100
AcDbEntity
  8
PISO-ROYAL-WALNUT
100
AcDbPolyline
 90
4
 70
1
 10
327.9028
 20
-121.2259
 10
328.1028
 20
-121.2259
 10
328.1028
 20
-120.8797
 10
327.9028
 20
-120.8797
  0
TEXT
  5
352
330
17
100
AcDbEntity
  8
ETIQUETAS
100
AcDbText
 10
328.003
 20
-121.053
 30
0.0
 40
0.06
  1
PA-R-006
 72
1
 11
328.003
 21
-121.053
 31
0.0
100
AcDbText
 73
2
  0
LWPOLYLINE
  5
353
330
17
100
AcDbEntity
  8
PISO-ROYAL-WALNUT
100
AcDbPolyline
 90
4
 70
1
 10
327.5008
 20
-121.2259
 10
327.7008
 20
-121.2259
 10
327.7008
 20
-120.8797
 10
327.5008
 20
-120.8797
  0
TEXT
  5
354
330
17
100
AcDbEntity
  8
ETIQUETAS
100
AcDbText
 10
327.601
 20
-121.053
 30
0.0
 40
0.06
  1
PA-R-005
 72
1
 11
327.601
 21
-121.053
 31
0.0
100
AcDbText
 73
2
  0
LWPOLYLINE
  5
355
330
17
100
AcDbEntity
  8
PISO-ROYAL-WALNUT
100
AcDbPolyline
 90
4
 70
1
 10
327.0988
 20
-121.2259
 10
327.29879999999997
 20
-121.2259
 10
327.29879999999997
 20
-120.8797
 10
327.0988
 20
-120.8797
  0
TEXT
  5
356
330
17
100
AcDbEntity
  8
ETIQUETAS
100
AcDbText
 10
327.199
 20
-121.053
 30
0.0
 40
0.06
  1
PA-R-004
 72
1
 11
327.199
 21
-121.053
 31
0.0
100
AcDbText
 73
2
  0
LWPOLYLINE
  5
357
330
17
100
AcDbEntity
  8
PISO-ROYAL-WALNUT
100
AcDbPolyline
 90
4
 70
1
 10
326.6968
 20
-121.2259
 10
326.8968
 20
-121.2259
 10
326.8968
 20
-120.8797
 10
326.6968
 20
-120.8797
  0
TEXT
  5
358
330
17
100
AcDbEntity
  8
ETIQUETAS
100
AcDbText
 10
326.797
 20
-121.053
 30
0.0
 40
0.06
  1
PA-R-003
 72
1
 11
326.797
 21
-121.053
 31
0.0
100
AcDbText
 73
2
  0
LWPOLYLINE
  5
359
330
17
100
AcDbEntity
  8
PISO-ROYAL-WALNUT
100
AcDbPolyline
 90
4
 70
1
 10
326.2948
 20
-121.2259
 10
326.4948
 20
-121.2259
 10
326.4948
 20
-120.8797
 10
326.2948
 20
-120.8797
  0
TEXT
  5
35A
330
17
100
AcDbEntity
  8
ETIQUETAS
100
AcDbText
 10
326.395
 20
-121.053
 30
0.0
 40
0.06
  1
PA-R-002
 72
1
 11
326.395
 21
-121.053
 31
0.0
100
AcDbText
 73
2
  0
LWPOLYLINE
  5
35B
330
17
100
AcDbEntity
  8
PISO-ROYAL-WALNUT
100
AcDbPolyline
 90
4
 70
1
 10
331.0807
 20
-121.2259
 10
331.28069999999997
 20
-121.2259
 10
331.28069999999997
 20
-120.8797
 10
331.0807
 20
-120.8797
  0
TEXT
  5
35C
330
17
100
AcDbEntity
  8
ETIQUETAS
100
AcDbText
 10
331.181
 20
-121.053
 30
0.0
 40
0.06
  1
PA-R-010
 72
1
 11
331.181
 21
-121.053
 31
0.0
100
AcDbText
 73
2
  0
LWPOLYLINE
  5
35D
330
17
100
AcDbEntity
  8
PISO-ROYAL-WALNUT
100
AcDbPolyline
 90
4
 70
1
 10
331.4827
 20
-121.2259
 10
331.6827
 20
-121.2259
 10
331.6827
 20
-120.8797
 10
331.4827
 20
-120.8797
  0
TEXT
  5
35E
330
17
100
AcDbEntity
  8
ETIQUETAS
100
AcDbText
 10
331.583
 20
-121.053
 30
0.0
 40
0.06
  1
PA-R-011
 72
1
 11
331.583
 21
-121.053
 31
0.0
100
AcDbText
 73
2
  0
LWPOLYLINE
  5
35F
330
17
100
AcDbEntity
  8
PISO-ROYAL-WALNUT
100
AcDbPolyline
 90
4
 70
1
 10
331.8847
 20
-121.2259
 10
332.0847
 20
-121.2259
 10
332.0847
 20
-120.8797
 10
331.8847
 20
-120.8797
  0
TEXT
  5
360
330
17
100
AcDbEntity
  8
ETIQUETAS
100
AcDbText
 10
331.985
 20
-121.053
 30
0.0
 40
0.06
  1
PA-R-012
 72
1
 11
331.985
 21
-121.053
 31
0.0
100
AcDbText
 73
2
  0
LWPOLYLINE
  5
361
330
17
100
AcDbEntity
  8
PISO-ROYAL-WALNUT
100
AcDbPolyline
 90
4
 70
1
 10
332.2867
 20
-121.2259
 10
332.4867
 20
-121.2259
 10
332.4867
 20
-120.8797
 10
332.2867
 20
-120.8797
  0
TEXT
  5
362
330
17
100
AcDbEntity
  8
ETIQUETAS
100
AcDbText
 10
332.387
 20
-121.053
 30
0.0
 40
0.06
  1
PA-R-013
 72
1
 11
332.387
 21
-121.053
 31
0.0
100
AcDbText
 73
2
  0
LWPOLYLINE
  5
363
330
17
100
AcDbEntity
  8
PISO-ROYAL-WALNUT
100
AcDbPolyline
 90
4
 70
1
 10
332.6887
 20
-121.2259
 10
332.8887
 20
-121.2259
 10
332.8887
 20
-120.8797
 10
332.6887
 20
-120.8797
  0
TEXT
  5
364
330
17
100
AcDbEntity
  8
ETIQUETAS
100
AcDbText
 10
332.789
 20
-121.053
 30
0.0
 40
0.06
  1
PA-R-014
 72
1
 11
332.789
 21
-121.053
 31
0.0
100
AcDbText
 73
2
  0
LWPOLYLINE
  5
365
330
17
100
AcDbEntity
  8
PISO-ROYAL-WALNUT
100
AcDbPolyline
 90
4
 70
1
 10
333.0907
 20
-121.2259
 10
333.2907
 20
-121.2259
 10
333.2907
 20
-120.8797
 10
333.0907
 20
-120.8797
  0
TEXT
  5
366
330
17
100
AcDbEntity
  8
ETIQUETAS
100
AcDbText
 10
333.191
 20
-121.053
 30
0.0
 40
0.06
  1
PA-R-015
 72
1
 11
333.191
 21
-121.053
 31
0.0
100
AcDbText
 73
2
  0
LWPOLYLINE
  5
367
330
17
100
AcDbEntity
  8
PISO-MORET
100
AcDbPolyline
 90
4
 70
1
 10
330.4449
 20
-123.6245
 10
330.55670000000003
 20
-123.6245
 10
330.55670000000003
 20
-123.0159
 10
330.4449
 20
-123.0159
  0
TEXT
  5
368
330
17
100
AcDbEntity
  8
ETIQUETAS
100
AcDbText
 10
330.501
 20
-123.32
 30
0.0
 40
0.03354
  1
PA-M-005
 72
1
 11
330.501
 21
-123.32
 31
0.0
100
AcDbText
 73
2
  0
LWPOLYLINE
  5
369
330
17
100
AcDbEntity
  8
PISO-ROYAL-WALNUT
100
AcDbPolyline
 90
4
 70
1
 10
333.2917
 20
-132.0738
 10
333.4917
 20
-132.0738
 10
333.4917
 20
-131.75650000000002
 10
333.2917
 20
-131.75650000000002
  0
TEXT
  5
36A
330
17
100
AcDbEntity
  8
ETIQUETAS
100
AcDbText
 10
333.392
 20
-131.915
 30
0.0
 40
0.06
  1
PA-R-207
 72
1
 11
333.392
 21
-131.915
 31
0.0
100
AcDbText
 73
2
  0
LWPOLYLINE
  5
36B
330
17
100
AcDbEntity
  8
PISO-ROYAL-WALNUT
100
AcDbPolyline
 90
4
 70
1
 10
332.8897
 20
-132.0738
 10
333.0897
 20
-132.0738
 10
333.0897
 20
-131.75650000000002
 10
332.8897
 20
-131.75650000000002
  0
TEXT
  5
36C
330
17
100
AcDbEntity
  8
ETIQUETAS
100
AcDbText
 10
332.99
 20
-131.915
 30
0.0
 40
0.06
  1
PA-R-206
 72
1
 11
332.99
 21
-131.915
 31
0.0
100
AcDbText
 73
2
  0
LWPOLYLINE
  5
36D
330
17
100
AcDbEntity
  8
PISO-ROYAL-WALNUT
100
AcDbPolyline
 90
4
 70
1
 10
332.4877
 20
-132.0738
 10
332.6877
 20
-132.0738
 10
332.6877
 20
-131.75650000000002
 10
332.4877
 20
-131.75650000000002
  0
TEXT
  5
36E
330
17
100
AcDbEntity
  8
ETIQUETAS
100
AcDbText
 10
332.588
 20
-131.915
 30
0.0
 40
0.06
  1
PA-R-205
 72
1
 11
332.588
 21
-131.915
 31
0.0
100
AcDbText
 73
2
  0
LWPOLYLINE
  5
36F
330
17
100
AcDbEntity
  8
PISO-ROYAL-WALNUT
100
AcDbPolyline
 90
4
 70
1
 10
332.0857
 20
-132.0738
 10
332.28569999999996
 20
-132.0738
 10
332.28569999999996
 20
-131.75650000000002
 10
332.0857
 20
-131.75650000000002
  0
TEXT
  5
370
330
17
100
AcDbEntity
  8
ETIQUETAS
100
AcDbText
 10
332.186
 20
-131.915
 30
0.0
 40
0.06
  1
PA-R-204
 72
1
 11
332.186
 21
-131.915
 31
0.0
100
AcDbText
 73
2
  0
LWPOLYLINE
  5
371
330
17
100
AcDbEntity
  8
PISO-ROYAL-WALNUT
100
AcDbPolyline
 90
4
 70
1
 10
331.6837
 20
-132.0738
 10
331.8837
 20
-132.0738
 10
331.8837
 20
-131.75650000000002
 10
331.6837
 20
-131.75650000000002
  0
TEXT
  5
372
330
17
100
AcDbEntity
  8
ETIQUETAS
100
AcDbText
 10
331.784
 20
-131.915
 30
0.0
 40
0.06
  1
PA-R-203
 72
1
 11
331.784
 21
-131.915
 31
0.0
100
AcDbText
 73
2
  0
LWPOLYLINE
  5
373
330
17
100
AcDbEntity
  8
PISO-ROYAL-WALNUT
100
AcDbPolyline
 90
4
 70
1
 10
331.2817
 20
-132.0738
 10
331.4817
 20
-132.0738
 10
331.4817
 20
-131.75650000000002
 10
331.2817
 20
-131.75650000000002
  0
TEXT
  5
374
330
17
100
AcDbEntity
  8
ETIQUETAS
100
AcDbText
 10
331.382
 20
-131.915
 30
0.0
 40
0.06
  1
PA-R-202
 72
1
 11
331.382
 21
-131.915
 31
0.0
100
AcDbText
 73
2
  0
LWPOLYLINE
  5
375
330
17
100
AcDbEntity
  8
PISO-ROYAL-WALNUT
100
AcDbPolyline
 90
4
 70
1
 10
330.8797
 20
-132.0738
 10
331.0797
 20
-132.0738
 10
331.0797
 20
-131.75650000000002
 10
330.8797
 20
-131.75650000000002
  0
TEXT
  5
376
330
17
100
AcDbEntity
  8
ETIQUETAS
100
AcDbText
 10
330.98
 20
-131.915
 30
0.0
 40
0.06
  1
PA-R-201
 72
1
 11
330.98
 21
-131.915
 31
0.0
100
AcDbText
 73
2
  0
LWPOLYLINE
  5
377
330
17
100
AcDbEntity
  8
PISO-ROYAL-WALNUT
100
AcDbPolyline
 90
4
 70
1
 10
330.4777
 20
-132.0738
 10
330.6777
 20
-132.0738
 10
330.6777
 20
-131.75650000000002
 10
330.4777
 20
-131.75650000000002
  0
TEXT
  5
378
330
17
100
AcDbEntity
  8
ETIQUETAS
100
AcDbText
 10
330.578
 20
-131.915
 30
0.0
 40
0.06
  1
PA-R-200
 72
1
 11
330.578
 21
-131.915
 31
0.0
100
AcDbText
 73
2
  0
LWPOLYLINE
  5
379
330
17
100
AcDbEntity
  8
PISO-ROYAL-WALNUT
100
AcDbPolyline
 90
4
 70
1
 10
333.4927
 20
-125.2615
 10
333.6164
 20
-125.2615
 10
333.6164
 20
-124.83
 10
333.4927
 20
-124.83
  0
TEXT
  5
37A
330
17
100
AcDbEntity
  8
ETIQUETAS
100
AcDbText
 10
333.555
 20
-125.046
 30
0.0
 40
0.03711
  1
PA-R-140
 72
1
 11
333.555
 21
-125.046
 31
0.0
100
AcDbText
 73
2
  0
LWPOLYLINE
  5
37B
330
17
100
AcDbEntity
  8
PISO-ROYAL-WALNUT
100
AcDbPolyline
 90
4
 70
1
 10
330.7367
 20
-121.2259
 10
330.8788
 20
-121.2259
 10
330.8788
 20
-120.8797
 10
330.7367
 20
-120.8797
  0
TEXT
  5
37C
330
17
100
AcDbEntity
  8
ETIQUETAS
100
AcDbText
 10
330.808
 20
-121.053
 30
0.0
 40
0.04263
  1
PA-R-009
 72
1
 11
330.808
 21
-121.053
 31
0.0
100
AcDbText
 73
2
  0
LWPOLYLINE
  5
37D
330
17
100
AcDbEntity
  8
PISO-ROYAL-WALNUT
100
AcDbPolyline
 90
4
 70
1
 10
333.4927
 20
-121.2259
 10
333.6164
 20
-121.2259
 10
333.6164
 20
-120.8797
 10
333.4927
 20
-120.8797
  0
TEXT
  5
37E
330
17
100
AcDbEntity
  8
ETIQUETAS
100
AcDbText
 10
333.555
 20
-121.053
 30
0.0
 40
0.03711
  1
PA-R-016
 72
1
 11
333.555
 21
-121.053
 31
0.0
100
AcDbText
 73
2
  0
LWPOLYLINE
  5
37F
330
17
100
AcDbEntity
  8
PISO-ROYAL-WALNUT
100
AcDbPolyline
 90
4
 70
1
 10
326.007
 20
-125.2615
 10
326.0928
 20
-125.2615
 10
326.0928
 20
-124.83
 10
326.007
 20
-124.83
  0
TEXT
  5
380
330
17
100
AcDbEntity
  8
ETIQUETAS
100
AcDbText
 10
326.05
 20
-125.046
 30
0.0
 40
0.03
  1
PA-R-124
 72
1
 11
326.05
 21
-125.046
 31
0.0
100
AcDbText
 73
2
  0
LWPOLYLINE
  5
381
330
17
100
AcDbEntity
  8
PISO-ROYAL-WALNUT
100
AcDbPolyline
 90
4
 70
1
 10
331.4827
 20
-128.753
 10
331.6827
 20
-128.753
 10
331.6827
 20
-128.5812
 10
331.4827
 20
-128.5812
  0
TEXT
  5
382
330
17
100
AcDbEntity
  8
ETIQUETAS
100
AcDbText
 10
331.583
 20
-128.667
 30
0.0
 40
0.05154
  1
PA-R-142
 72
1
 11
331.583
 21
-128.667
 31
0.0
100
AcDbText
 73
2
  0
LWPOLYLINE
  5
383
330
17
100
AcDbEntity
  8
PISO-ROYAL-WALNUT
100
AcDbPolyline
 90
4
 70
1
 10
331.0807
 20
-128.753
 10
331.28069999999997
 20
-128.753
 10
331.28069999999997
 20
-128.5812
 10
331.0807
 20
-128.5812
  0
TEXT
  5
384
330
17
100
AcDbEntity
  8
ETIQUETAS
100
AcDbText
 10
331.181
 20
-128.667
 30
0.0
 40
0.05154
  1
PA-R-141
 72
1
 11
331.181
 21
-128.667
 31
0.0
100
AcDbText
 73
2
  0
LWPOLYLINE
  5
385
330
17
100
AcDbEntity
  8
PISO-ROYAL-WALNUT
100
AcDbPolyline
 90
4
 70
1
 10
326.007
 20
-121.2259
 10
326.0928
 20
-121.2259
 10
326.0928
 20
-120.8797
 10
326.007
 20
-120.8797
  0
TEXT
  5
386
330
17
100
AcDbEntity
  8
ETIQUETAS
100
AcDbText
 10
326.05
 20
-121.053
 30
0.0
 40
0.03
  1
PA-R-001
 72
1
 11
326.05
 21
-121.053
 31
0.0
100
AcDbText
 73
2
  0
LWPOLYLINE
  5
387
330
17
100
AcDbEntity
  8
PISO-ROYAL-WALNUT
100
AcDbPolyline
 90
4
 70
1
 10
333.0907
 20
-128.754
 10
333.2907
 20
-128.754
 10
333.2907
 20
-128.5812
 10
333.0907
 20
-128.5812
  0
TEXT
  5
388
330
17
100
AcDbEntity
  8
ETIQUETAS
100
AcDbText
 10
333.191
 20
-128.668
 30
0.0
 40
0.051840000000000004
  1
PA-R-148
 72
1
 11
333.191
 21
-128.668
 31
0.0
100
AcDbText
 73
2
  0
LWPOLYLINE
  5
389
330
17
100
AcDbEntity
  8
PISO-ROYAL-WALNUT
100
AcDbPolyline
 90
4
 70
1
 10
332.6887
 20
-128.754
 10
332.8887
 20
-128.754
 10
332.8887
 20
-128.5812
 10
332.6887
 20
-128.5812
  0
TEXT
  5
38A
330
17
100
AcDbEntity
  8
ETIQUETAS
100
AcDbText
 10
332.789
 20
-128.668
 30
0.0
 40
0.051840000000000004
  1
PA-R-147
 72
1
 11
332.789
 21
-128.668
 31
0.0
100
AcDbText
 73
2
  0
LWPOLYLINE
  5
38B
330
17
100
AcDbEntity
  8
PISO-ROYAL-WALNUT
100
AcDbPolyline
 90
4
 70
1
 10
332.2867
 20
-128.754
 10
332.4867
 20
-128.754
 10
332.4867
 20
-128.5812
 10
332.2867
 20
-128.5812
  0
TEXT
  5
38C
330
17
100
AcDbEntity
  8
ETIQUETAS
100
AcDbText
 10
332.387
 20
-128.668
 30
0.0
 40
0.051840000000000004
  1
PA-R-146
 72
1
 11
332.387
 21
-128.668
 31
0.0
100
AcDbText
 73
2
  0
LWPOLYLINE
  5
38D
330
17
100
AcDbEntity
  8
PISO-ROYAL-WALNUT
100
AcDbPolyline
 90
4
 70
1
 10
331.8847
 20
-128.754
 10
332.0847
 20
-128.754
 10
332.0847
 20
-128.5812
 10
331.8847
 20
-128.5812
  0
TEXT
  5
38E
330
17
100
AcDbEntity
  8
ETIQUETAS
100
AcDbText
 10
331.985
 20
-128.668
 30
0.0
 40
0.051840000000000004
  1
PA-R-145
 72
1
 11
331.985
 21
-128.668
 31
0.0
100
AcDbText
 73
2
  0
LWPOLYLINE
  5
38F
330
17
100
AcDbEntity
  8
PISO-ROYAL-WALNUT
100
AcDbPolyline
 90
4
 70
1
 10
330.6787
 20
-128.754
 10
330.8787
 20
-128.754
 10
330.8787
 20
-128.5812
 10
330.6787
 20
-128.5812
  0
TEXT
  5
390
330
17
100
AcDbEntity
  8
ETIQUETAS
100
AcDbText
 10
330.779
 20
-128.668
 30
0.0
 40
0.051840000000000004
  1
PA-R-144
 72
1
 11
330.779
 21
-128.668
 31
0.0
100
AcDbText
 73
2
  0
LWPOLYLINE
  5
391
330
17
100
AcDbEntity
  8
PISO-ROYAL-WALNUT
100
AcDbPolyline
 90
4
 70
1
 10
330.2767
 20
-128.754
 10
330.4767
 20
-128.754
 10
330.4767
 20
-128.5812
 10
330.2767
 20
-128.5812
  0
TEXT
  5
392
330
17
100
AcDbEntity
  8
ETIQUETAS
100
AcDbText
 10
330.377
 20
-128.668
 30
0.0
 40
0.051840000000000004
  1
PA-R-143
 72
1
 11
330.377
 21
-128.668
 31
0.0
100
AcDbText
 73
2
  0
LWPOLYLINE
  5
393
330
17
100
AcDbEntity
  8
SOBRANTES-MAPA
100
AcDbPolyline
 90
4
 70
1
 10
317.0568
 20
-126.64789999999999
 10
317.6528
 20
-126.64789999999999
 10
317.6528
 20
-125.45389999999999
 10
317.0568
 20
-125.45389999999999
  0
LWPOLYLINE
  5
394
330
17
100
AcDbEntity
  8
SOBRANTES-RECORTE
100
AcDbPolyline
 90
4
 70
1
 10
317.0568
 20
-126.64789999999999
 10
317.6528
 20
-126.64789999999999
 10
317.6528
 20
-126.6039
 10
317.0568
 20
-126.6039
  0
TEXT
  5
395
330
17
100
AcDbEntity
  8
SOBRANTES-TEXTO
100
AcDbText
 10
317.3548
 20
-126.0509
 30
0.0
 40
0.05
  1
PB-M-066
 72
1
 11
317.3548
 21
-126.0509
 31
0.0
100
AcDbText
 73
2
  0
LWPOLYLINE
  5
396
330
17
100
AcDbEntity
  8
SOBRANTES-MAPA
100
AcDbPolyline
 90
4
 70
1
 10
316.4588
 20
-126.64789999999999
 10
317.0548
 20
-126.64789999999999
 10
317.0548
 20
-125.45389999999999
 10
316.4588
 20
-125.45389999999999
  0
LWPOLYLINE
  5
397
330
17
100
AcDbEntity
  8
SOBRANTES-RECORTE
100
AcDbPolyline
 90
4
 70
1
 10
316.4588
 20
-126.64789999999999
 10
317.0548
 20
-126.64789999999999
 10
317.0548
 20
-126.6039
 10
316.4588
 20
-126.6039
  0
TEXT
  5
398
330
17
100
AcDbEntity
  8
SOBRANTES-TEXTO
100
AcDbText
 10
316.7568
 20
-126.0509
 30
0.0
 40
0.05
  1
PB-M-065
 72
1
 11
316.7568
 21
-126.0509
 31
0.0
100
AcDbText
 73
2
  0
LWPOLYLINE
  5
399
330
17
100
AcDbEntity
  8
SOBRANTES-MAPA
100
AcDbPolyline
 90
4
 70
1
 10
317.6548
 20
-126.64789999999999
 10
318.2508
 20
-126.64789999999999
 10
318.2508
 20
-125.45389999999999
 10
317.6548
 20
-125.45389999999999
  0
LWPOLYLINE
  5
39A
330
17
100
AcDbEntity
  8
SOBRANTES-RECORTE
100
AcDbPolyline
 90
4
 70
1
 10
317.6548
 20
-126.64789999999999
 10
318.2508
 20
-126.64789999999999
 10
318.2508
 20
-126.6039
 10
317.6548
 20
-126.6039
  0
TEXT
  5
39B
330
17
100
AcDbEntity
  8
SOBRANTES-TEXTO
100
AcDbText
 10
317.9528
 20
-126.0509
 30
0.0
 40
0.05
  1
PB-M-067
 72
1
 11
317.9528
 21
-126.0509
 31
0.0
100
AcDbText
 73
2
  0
LWPOLYLINE
  5
39C
330
17
100
AcDbEntity
  8
SOBRANTES-MAPA
100
AcDbPolyline
 90
4
 70
1
 10
318.2528
 20
-126.64789999999999
 10
318.8488
 20
-126.64789999999999
 10
318.8488
 20
-125.45389999999999
 10
318.2528
 20
-125.45389999999999
  0
LWPOLYLINE
  5
39D
330
17
100
AcDbEntity
  8
SOBRANTES-RECORTE
100
AcDbPolyline
 90
4
 70
1
 10
318.2528
 20
-126.64789999999999
 10
318.8488
 20
-126.64789999999999
 10
318.8488
 20
-126.6039
 10
318.2528
 20
-126.6039
  0
TEXT
  5
39E
330
17
100
AcDbEntity
  8
SOBRANTES-TEXTO
100
AcDbText
 10
318.5508
 20
-126.0509
 30
0.0
 40
0.05
  1
PB-M-068
 72
1
 11
318.5508
 21
-126.0509
 31
0.0
100
AcDbText
 73
2
  0
LWPOLYLINE
  5
39F
330
17
100
AcDbEntity
  8
SOBRANTES-MAPA
100
AcDbPolyline
 90
4
 70
1
 10
318.8508
 20
-126.64789999999999
 10
319.4468
 20
-126.64789999999999
 10
319.4468
 20
-125.45389999999999
 10
318.8508
 20
-125.45389999999999
  0
LWPOLYLINE
  5
3A0
330
17
100
AcDbEntity
  8
SOBRANTES-RECORTE
100
AcDbPolyline
 90
4
 70
1
 10
318.8508
 20
-126.64789999999999
 10
319.4468
 20
-126.64789999999999
 10
319.4468
 20
-126.6039
 10
318.8508
 20
-126.6039
  0
TEXT
  5
3A1
330
17
100
AcDbEntity
  8
SOBRANTES-TEXTO
100
AcDbText
 10
319.1488
 20
-126.0509
 30
0.0
 40
0.05
  1
PB-M-069
 72
1
 11
319.1488
 21
-126.0509
 31
0.0
100
AcDbText
 73
2
  0
LWPOLYLINE
  5
3A2
330
17
100
AcDbEntity
  8
SOBRANTES-MAPA
100
AcDbPolyline
 90
4
 70
1
 10
319.4487
 20
-126.64789999999999
 10
320.0447
 20
-126.64789999999999
 10
320.0447
 20
-125.45389999999999
 10
319.4487
 20
-125.45389999999999
  0
LWPOLYLINE
  5
3A3
330
17
100
AcDbEntity
  8
SOBRANTES-RECORTE
100
AcDbPolyline
 90
4
 70
1
 10
319.4487
 20
-126.64789999999999
 10
320.0447
 20
-126.64789999999999
 10
320.0447
 20
-126.6039
 10
319.4487
 20
-126.6039
  0
TEXT
  5
3A4
330
17
100
AcDbEntity
  8
SOBRANTES-TEXTO
100
AcDbText
 10
319.7467
 20
-126.0509
 30
0.0
 40
0.05
  1
PB-M-070
 72
1
 11
319.7467
 21
-126.0509
 31
0.0
100
AcDbText
 73
2
  0
LWPOLYLINE
  5
3A5
330
17
100
AcDbEntity
  8
SOBRANTES-MAPA
100
AcDbPolyline
 90
4
 70
1
 10
320.0467
 20
-126.64789999999999
 10
320.6427
 20
-126.64789999999999
 10
320.6427
 20
-125.45389999999999
 10
320.0467
 20
-125.45389999999999
  0
LWPOLYLINE
  5
3A6
330
17
100
AcDbEntity
  8
SOBRANTES-RECORTE
100
AcDbPolyline
 90
4
 70
1
 10
320.0467
 20
-126.64789999999999
 10
320.6427
 20
-126.64789999999999
 10
320.6427
 20
-126.6039
 10
320.0467
 20
-126.6039
  0
TEXT
  5
3A7
330
17
100
AcDbEntity
  8
SOBRANTES-TEXTO
100
AcDbText
 10
320.3447
 20
-126.0509
 30
0.0
 40
0.05
  1
PB-M-071
 72
1
 11
320.3447
 21
-126.0509
 31
0.0
100
AcDbText
 73
2
  0
LWPOLYLINE
  5
3A8
330
17
100
AcDbEntity
  8
SOBRANTES-MAPA
100
AcDbPolyline
 90
4
 70
1
 10
320.6447
 20
-126.64789999999999
 10
321.2407
 20
-126.64789999999999
 10
321.2407
 20
-125.45389999999999
 10
320.6447
 20
-125.45389999999999
  0
LWPOLYLINE
  5
3A9
330
17
100
AcDbEntity
  8
SOBRANTES-RECORTE
100
AcDbPolyline
 90
4
 70
1
 10
320.6447
 20
-126.64789999999999
 10
321.2407
 20
-126.64789999999999
 10
321.2407
 20
-126.6039
 10
320.6447
 20
-126.6039
  0
TEXT
  5
3AA
330
17
100
AcDbEntity
  8
SOBRANTES-TEXTO
100
AcDbText
 10
320.9427
 20
-126.0509
 30
0.0
 40
0.05
  1
PB-M-072
 72
1
 11
320.9427
 21
-126.0509
 31
0.0
100
AcDbText
 73
2
  0
LWPOLYLINE
  5
3AB
330
17
100
AcDbEntity
  8
SOBRANTES-MAPA
100
AcDbPolyline
 90
4
 70
1
 10
321.2427
 20
-126.64789999999999
 10
321.8387
 20
-126.64789999999999
 10
321.8387
 20
-125.45389999999999
 10
321.2427
 20
-125.45389999999999
  0
LWPOLYLINE
  5
3AC
330
17
100
AcDbEntity
  8
SOBRANTES-RECORTE
100
AcDbPolyline
 90
4
 70
1
 10
321.2427
 20
-126.64789999999999
 10
321.8387
 20
-126.64789999999999
 10
321.8387
 20
-126.6039
 10
321.2427
 20
-126.6039
  0
TEXT
  5
3AD
330
17
100
AcDbEntity
  8
SOBRANTES-TEXTO
100
AcDbText
 10
321.5407
 20
-126.0509
 30
0.0
 40
0.05
  1
PB-M-073
 72
1
 11
321.5407
 21
-126.0509
 31
0.0
100
AcDbText
 73
2
  0
LWPOLYLINE
  5
3AE
330
17
100
AcDbEntity
  8
SOBRANTES-MAPA
100
AcDbPolyline
 90
4
 70
1
 10
321.8407
 20
-126.64789999999999
 10
322.43670000000003
 20
-126.64789999999999
 10
322.43670000000003
 20
-125.45389999999999
 10
321.8407
 20
-125.45389999999999
  0
LWPOLYLINE
  5
3AF
330
17
100
AcDbEntity
  8
SOBRANTES-RECORTE
100
AcDbPolyline
 90
4
 70
1
 10
321.8407
 20
-126.64789999999999
 10
322.43670000000003
 20
-126.64789999999999
 10
322.43670000000003
 20
-126.6039
 10
321.8407
 20
-126.6039
  0
TEXT
  5
3B0
330
17
100
AcDbEntity
  8
SOBRANTES-TEXTO
100
AcDbText
 10
322.13870000000003
 20
-126.0509
 30
0.0
 40
0.05
  1
PB-M-074
 72
1
 11
322.13870000000003
 21
-126.0509
 31
0.0
100
AcDbText
 73
2
  0
LWPOLYLINE
  5
3B1
330
17
100
AcDbEntity
  8
SOBRANTES-MAPA
100
AcDbPolyline
 90
4
 70
1
 10
322.4387
 20
-126.64789999999999
 10
323.0347
 20
-126.64789999999999
 10
323.0347
 20
-125.45389999999999
 10
322.4387
 20
-125.45389999999999
  0
LWPOLYLINE
  5
3B2
330
17
100
AcDbEntity
  8
SOBRANTES-RECORTE
100
AcDbPolyline
 90
4
 70
1
 10
322.4387
 20
-126.64789999999999
 10
323.0347
 20
-126.64789999999999
 10
323.0347
 20
-126.6039
 10
322.4387
 20
-126.6039
  0
TEXT
  5
3B3
330
17
100
AcDbEntity
  8
SOBRANTES-TEXTO
100
AcDbText
 10
322.7367
 20
-126.0509
 30
0.0
 40
0.05
  1
PB-M-075
 72
1
 11
322.7367
 21
-126.0509
 31
0.0
100
AcDbText
 73
2
  0
LWPOLYLINE
  5
3B4
330
17
100
AcDbEntity
  8
SOBRANTES-MAPA
100
AcDbPolyline
 90
4
 70
1
 10
323.0367
 20
-126.64789999999999
 10
323.6327
 20
-126.64789999999999
 10
323.6327
 20
-125.45389999999999
 10
323.0367
 20
-125.45389999999999
  0
LWPOLYLINE
  5
3B5
330
17
100
AcDbEntity
  8
SOBRANTES-RECORTE
100
AcDbPolyline
 90
4
 70
1
 10
323.0367
 20
-126.64789999999999
 10
323.6327
 20
-126.64789999999999
 10
323.6327
 20
-126.6039
 10
323.0367
 20
-126.6039
  0
TEXT
  5
3B6
330
17
100
AcDbEntity
  8
SOBRANTES-TEXTO
100
AcDbText
 10
323.3347
 20
-126.0509
 30
0.0
 40
0.05
  1
PB-M-076
 72
1
 11
323.3347
 21
-126.0509
 31
0.0
100
AcDbText
 73
2
  0
LWPOLYLINE
  5
3B7
330
17
100
AcDbEntity
  8
SOBRANTES-MAPA
100
AcDbPolyline
 90
4
 70
1
 10
329.2489
 20
-127.7979
 10
329.8449
 20
-127.7979
 10
329.8449
 20
-126.6039
 10
329.2489
 20
-126.6039
  0
LWPOLYLINE
  5
3B8
330
17
100
AcDbEntity
  8
SOBRANTES-RECORTE
100
AcDbPolyline
 90
4
 70
1
 10
329.2489
 20
-127.7979
 10
329.8449
 20
-127.7979
 10
329.8449
 20
-127.7539
 10
329.2489
 20
-127.7539
  0
TEXT
  5
3B9
330
17
100
AcDbEntity
  8
SOBRANTES-TEXTO
100
AcDbText
 10
329.5469
 20
-127.2009
 30
0.0
 40
0.05
  1
PA-M-027
 72
1
 11
329.5469
 21
-127.2009
 31
0.0
100
AcDbText
 73
2
  0
LWPOLYLINE
  5
3BA
330
17
100
AcDbEntity
  8
SOBRANTES-MAPA
100
AcDbPolyline
 90
4
 70
1
 10
332.8726
 20
-128.5812
 10
333.4686
 20
-128.5812
 10
333.4686
 20
-127.38719999999999
 10
332.8726
 20
-127.38719999999999
  0
LWPOLYLINE
  5
3BB
330
17
100
AcDbEntity
  8
SOBRANTES-RECORTE
100
AcDbPolyline
 90
4
 70
1
 10
332.8726
 20
-128.5812
 10
333.4686
 20
-128.5812
 10
333.4686
 20
-128.4912
 10
332.8726
 20
-128.4912
  0
TEXT
  5
3BC
330
17
100
AcDbEntity
  8
SOBRANTES-TEXTO
100
AcDbText
 10
333.1706
 20
-127.9842
 30
0.0
 40
0.05
  1
PA-M-031
 72
1
 11
333.1706
 21
-127.9842
 31
0.0
100
AcDbText
 73
2
  0
LWPOLYLINE
  5
3BD
330
17
100
AcDbEntity
  8
SOBRANTES-MAPA
100
AcDbPolyline
 90
4
 70
1
 10
332.2746
 20
-128.5812
 10
332.8706
 20
-128.5812
 10
332.8706
 20
-127.38719999999999
 10
332.2746
 20
-127.38719999999999
  0
LWPOLYLINE
  5
3BE
330
17
100
AcDbEntity
  8
SOBRANTES-RECORTE
100
AcDbPolyline
 90
4
 70
1
 10
332.2746
 20
-128.5812
 10
332.8706
 20
-128.5812
 10
332.8706
 20
-128.4912
 10
332.2746
 20
-128.4912
  0
TEXT
  5
3BF
330
17
100
AcDbEntity
  8
SOBRANTES-TEXTO
100
AcDbText
 10
332.5726
 20
-127.9842
 30
0.0
 40
0.05
  1
PA-M-030
 72
1
 11
332.5726
 21
-127.9842
 31
0.0
100
AcDbText
 73
2
  0
LWPOLYLINE
  5
3C0
330
17
100
AcDbEntity
  8
SOBRANTES-MAPA
100
AcDbPolyline
 90
4
 70
1
 10
323.0367
 20
-131.0631
 10
323.6327
 20
-131.0631
 10
323.6327
 20
-129.8691
 10
323.0367
 20
-129.8691
  0
LWPOLYLINE
  5
3C1
330
17
100
AcDbEntity
  8
SOBRANTES-RECORTE
100
AcDbPolyline
 90
4
 70
1
 10
323.0367
 20
-131.0631
 10
323.6327
 20
-131.0631
 10
323.6327
 20
-130.9539
 10
323.0367
 20
-130.9539
  0
TEXT
  5
3C2
330
17
100
AcDbEntity
  8
SOBRANTES-TEXTO
100
AcDbText
 10
323.3347
 20
-130.46609999999998
 30
0.0
 40
0.05
  1
PB-M-121
 72
1
 11
323.3347
 21
-130.46609999999998
 31
0.0
100
AcDbText
 73
2
  0
LWPOLYLINE
  5
3C3
330
17
100
AcDbEntity
  8
SOBRANTES-MAPA
100
AcDbPolyline
 90
4
 70
1
 10
329.2489
 20
-123.0139
 10
329.8449
 20
-123.0139
 10
329.8449
 20
-121.8199
 10
329.2489
 20
-121.8199
  0
LWPOLYLINE
  5
3C4
330
17
100
AcDbEntity
  8
SOBRANTES-RECORTE
100
AcDbPolyline
 90
4
 70
1
 10
329.2489
 20
-121.92970000000001
 10
329.8449
 20
-121.92970000000001
 10
329.8449
 20
-121.81990000000002
 10
329.2489
 20
-121.81990000000002
  0
TEXT
  5
3C5
330
17
100
AcDbEntity
  8
SOBRANTES-TEXTO
100
AcDbText
 10
329.5469
 20
-122.41690000000001
 30
0.0
 40
0.05
  1
PA-M-002
 72
1
 11
329.5469
 21
-122.41690000000001
 31
0.0
100
AcDbText
 73
2
  0
LWPOLYLINE
  5
3C6
330
17
100
AcDbEntity
  8
SOBRANTES-MAPA
100
AcDbPolyline
 90
4
 70
1
 10
329.8469
 20
-123.0139
 10
330.4429
 20
-123.0139
 10
330.4429
 20
-121.8199
 10
329.8469
 20
-121.8199
  0
LWPOLYLINE
  5
3C7
330
17
100
AcDbEntity
  8
SOBRANTES-RECORTE
100
AcDbPolyline
 90
4
 70
1
 10
329.8469
 20
-121.92970000000001
 10
330.4429
 20
-121.92970000000001
 10
330.4429
 20
-121.81990000000002
 10
329.8469
 20
-121.81990000000002
  0
TEXT
  5
3C8
330
17
100
AcDbEntity
  8
SOBRANTES-TEXTO
100
AcDbText
 10
330.1449
 20
-122.41690000000001
 30
0.0
 40
0.05
  1
PA-M-003
 72
1
 11
330.1449
 21
-122.41690000000001
 31
0.0
100
AcDbText
 73
2
  0
LWPOLYLINE
  5
3C9
330
17
100
AcDbEntity
  8
SOBRANTES-MAPA
100
AcDbPolyline
 90
4
 70
1
 10
323.6346
 20
-121.8929
 10
324.2306
 20
-121.8929
 10
324.2306
 20
-120.6989
 10
323.6346
 20
-120.6989
  0
LWPOLYLINE
  5
3CA
330
17
100
AcDbEntity
  8
SOBRANTES-RECORTE
100
AcDbPolyline
 90
4
 70
1
 10
323.6346
 20
-120.8789
 10
324.2306
 20
-120.8789
 10
324.2306
 20
-120.6989
 10
323.6346
 20
-120.6989
  0
TEXT
  5
3CB
330
17
100
AcDbEntity
  8
SOBRANTES-TEXTO
100
AcDbText
 10
323.9326
 20
-121.2959
 30
0.0
 40
0.05
  1
PB-M-013
 72
1
 11
323.9326
 21
-121.2959
 31
0.0
100
AcDbText
 73
2
  0
LWPOLYLINE
  5
3CC
330
17
100
AcDbEntity
  8
SOBRANTES-MAPA
100
AcDbPolyline
 90
4
 70
1
 10
322.4386
 20
-131.0631
 10
323.0346
 20
-131.0631
 10
323.0346
 20
-129.8691
 10
322.4386
 20
-129.8691
  0
LWPOLYLINE
  5
3CD
330
17
100
AcDbEntity
  8
SOBRANTES-RECORTE
100
AcDbPolyline
 90
4
 70
1
 10
322.4386
 20
-130.9539
 10
322.4783
 20
-130.9539
 10
322.4783
 20
-129.8691
 10
322.4386
 20
-129.8691
  0
LWPOLYLINE
  5
3CE
330
17
100
AcDbEntity
  8
SOBRANTES-RECORTE
100
AcDbPolyline
 90
4
 70
1
 10
322.4783
 20
-131.0631
 10
323.0346
 20
-131.0631
 10
323.0346
 20
-130.9539
 10
322.4783
 20
-130.9539
  0
TEXT
  5
3CF
330
17
100
AcDbEntity
  8
SOBRANTES-TEXTO
100
AcDbText
 10
322.7366
 20
-130.46609999999998
 30
0.0
 40
0.05
  1
PB-M-120
 72
1
 11
322.7366
 21
-130.46609999999998
 31
0.0
100
AcDbText
 73
2
  0
LWPOLYLINE
  5
3D0
330
17
100
AcDbEntity
  8
SOBRANTES-MAPA
100
AcDbPolyline
 90
4
 70
1
 10
320.6447
 20
-131.3879
 10
321.2407
 20
-131.3879
 10
321.2407
 20
-130.1939
 10
320.6447
 20
-130.1939
  0
LWPOLYLINE
  5
3D1
330
17
100
AcDbEntity
  8
SOBRANTES-RECORTE
100
AcDbPolyline
 90
4
 70
1
 10
320.6447
 20
-131.3879
 10
321.2407
 20
-131.3879
 10
321.2407
 20
-131.1339
 10
320.6447
 20
-131.1339
  0
TEXT
  5
3D2
330
17
100
AcDbEntity
  8
SOBRANTES-TEXTO
100
AcDbText
 10
320.9427
 20
-130.7909
 30
0.0
 40
0.05
  1
PB-M-130
 72
1
 11
320.9427
 21
-130.7909
 31
0.0
100
AcDbText
 73
2
  0
LWPOLYLINE
  5
3D3
330
17
100
AcDbEntity
  8
SOBRANTES-MAPA
100
AcDbPolyline
 90
4
 70
1
 10
321.2427
 20
-131.3879
 10
321.8387
 20
-131.3879
 10
321.8387
 20
-130.1939
 10
321.2427
 20
-130.1939
  0
LWPOLYLINE
  5
3D4
330
17
100
AcDbEntity
  8
SOBRANTES-RECORTE
100
AcDbPolyline
 90
4
 70
1
 10
321.2427
 20
-131.3879
 10
321.8387
 20
-131.3879
 10
321.8387
 20
-131.1339
 10
321.2427
 20
-131.1339
  0
TEXT
  5
3D5
330
17
100
AcDbEntity
  8
SOBRANTES-TEXTO
100
AcDbText
 10
321.5407
 20
-130.7909
 30
0.0
 40
0.05
  1
PB-M-131
 72
1
 11
321.5407
 21
-130.7909
 31
0.0
100
AcDbText
 73
2
  0
LWPOLYLINE
  5
3D6
330
17
100
AcDbEntity
  8
SOBRANTES-MAPA
100
AcDbPolyline
 90
4
 70
1
 10
323.53209999999996
 20
-131.0631
 10
324.12809999999996
 20
-131.0631
 10
324.12809999999996
 20
-129.8691
 10
323.53209999999996
 20
-129.8691
  0
LWPOLYLINE
  5
3D7
330
17
100
AcDbEntity
  8
SOBRANTES-RECORTE
100
AcDbPolyline
 90
4
 70
1
 10
323.53209999999996
 20
-130.9539
 10
323.6346
 20
-130.9539
 10
323.6346
 20
-129.8691
 10
323.53209999999996
 20
-129.8691
  0
LWPOLYLINE
  5
3D8
330
17
100
AcDbEntity
  8
SOBRANTES-RECORTE
100
AcDbPolyline
 90
4
 70
1
 10
323.6346
 20
-131.0631
 10
324.12809999999996
 20
-131.0631
 10
324.12809999999996
 20
-130.9539
 10
323.6346
 20
-130.9539
  0
TEXT
  5
3D9
330
17
100
AcDbEntity
  8
SOBRANTES-TEXTO
100
AcDbText
 10
323.83009999999996
 20
-130.46609999999998
 30
0.0
 40
0.05
  1
PB-M-122
 72
1
 11
323.83009999999996
 21
-130.46609999999998
 31
0.0
100
AcDbText
 73
2
  0
LWPOLYLINE
  5
3DA
330
17
100
AcDbEntity
  8
SOBRANTES-MAPA
100
AcDbPolyline
 90
4
 70
1
 10
322.4387
 20
-130.19189999999998
 10
323.0347
 20
-130.19189999999998
 10
323.0347
 20
-128.9979
 10
322.4387
 20
-128.9979
  0
LWPOLYLINE
  5
3DB
330
17
100
AcDbEntity
  8
SOBRANTES-RECORTE
100
AcDbPolyline
 90
4
 70
1
 10
322.4387
 20
-130.19189999999998
 10
323.0347
 20
-130.19189999999998
 10
323.0347
 20
-129.86709999999997
 10
322.4387
 20
-129.86709999999997
  0
TEXT
  5
3DC
330
17
100
AcDbEntity
  8
SOBRANTES-TEXTO
100
AcDbText
 10
322.7367
 20
-129.59489999999997
 30
0.0
 40
0.05
  1
PB-M-108
 72
1
 11
322.7367
 21
-129.59489999999997
 31
0.0
100
AcDbText
 73
2
  0
LWPOLYLINE
  5
3DD
330
17
100
AcDbEntity
  8
SOBRANTES-MAPA
100
AcDbPolyline
 90
4
 70
1
 10
323.4722
 20
-125.4519
 10
324.0682
 20
-125.4519
 10
324.0682
 20
-124.25789999999999
 10
323.4722
 20
-124.25789999999999
  0
LWPOLYLINE
  5
3DE
330
17
100
AcDbEntity
  8
SOBRANTES-RECORTE
100
AcDbPolyline
 90
4
 70
1
 10
323.4722
 20
-125.4519
 10
323.6346
 20
-125.4519
 10
323.6346
 20
-124.25789999999999
 10
323.4722
 20
-124.25789999999999
  0
TEXT
  5
3DF
330
17
100
AcDbEntity
  8
SOBRANTES-TEXTO
100
AcDbText
 10
323.7702
 20
-124.8549
 30
0.0
 40
0.05
  1
PB-M-064
 72
1
 11
323.7702
 21
-124.8549
 31
0.0
100
AcDbText
 73
2
  0
LWPOLYLINE
  5
3E0
330
17
100
AcDbEntity
  8
SOBRANTES-MAPA
100
AcDbPolyline
 90
4
 70
1
 10
323.4722
 20
-124.2559
 10
324.0682
 20
-124.2559
 10
324.0682
 20
-123.0619
 10
323.4722
 20
-123.0619
  0
LWPOLYLINE
  5
3E1
330
17
100
AcDbEntity
  8
SOBRANTES-RECORTE
100
AcDbPolyline
 90
4
 70
1
 10
323.4722
 20
-124.2559
 10
323.6346
 20
-124.2559
 10
323.6346
 20
-123.0619
 10
323.4722
 20
-123.0619
  0
TEXT
  5
3E2
330
17
100
AcDbEntity
  8
SOBRANTES-TEXTO
100
AcDbText
 10
323.7702
 20
-123.6589
 30
0.0
 40
0.05
  1
PB-M-051
 72
1
 11
323.7702
 21
-123.6589
 31
0.0
100
AcDbText
 73
2
  0
LWPOLYLINE
  5
3E3
330
17
100
AcDbEntity
  8
SOBRANTES-MAPA
100
AcDbPolyline
 90
4
 70
1
 10
329.8469
 20
-124.2099
 10
330.4429
 20
-124.2099
 10
330.4429
 20
-123.0159
 10
329.8469
 20
-123.0159
  0
LWPOLYLINE
  5
3E4
330
17
100
AcDbEntity
  8
SOBRANTES-RECORTE
100
AcDbPolyline
 90
4
 70
1
 10
330.2767
 20
-124.2099
 10
330.4429
 20
-124.2099
 10
330.4429
 20
-123.0159
 10
330.2767
 20
-123.0159
  0
TEXT
  5
3E5
330
17
100
AcDbEntity
  8
SOBRANTES-TEXTO
100
AcDbText
 10
330.1449
 20
-123.61290000000001
 30
0.0
 40
0.05
  1
PA-M-008
 72
1
 11
330.1449
 21
-123.61290000000001
 31
0.0
100
AcDbText
 73
2
  0
LWPOLYLINE
  5
3E6
330
17
100
AcDbEntity
  8
SOBRANTES-MAPA
100
AcDbPolyline
 90
4
 70
1
 10
323.4722
 20
-126.64789999999999
 10
324.0682
 20
-126.64789999999999
 10
324.0682
 20
-125.45389999999999
 10
323.4722
 20
-125.45389999999999
  0
LWPOLYLINE
  5
3E7
330
17
100
AcDbEntity
  8
SOBRANTES-RECORTE
100
AcDbPolyline
 90
4
 70
1
 10
323.4722
 20
-126.6039
 10
323.6346
 20
-126.6039
 10
323.6346
 20
-125.45389999999999
 10
323.4722
 20
-125.45389999999999
  0
LWPOLYLINE
  5
3E8
330
17
100
AcDbEntity
  8
SOBRANTES-RECORTE
100
AcDbPolyline
 90
4
 70
1
 10
323.6346
 20
-126.64789999999999
 10
324.0682
 20
-126.64789999999999
 10
324.0682
 20
-126.6039
 10
323.6346
 20
-126.6039
  0
TEXT
  5
3E9
330
17
100
AcDbEntity
  8
SOBRANTES-TEXTO
100
AcDbText
 10
323.7702
 20
-126.0509
 30
0.0
 40
0.05
  1
PB-M-077
 72
1
 11
323.7702
 21
-126.0509
 31
0.0
100
AcDbText
 73
2
  0
LWPOLYLINE
  5
3EA
330
17
100
AcDbEntity
  8
SOBRANTES-MAPA
100
AcDbPolyline
 90
4
 70
1
 10
322.96819999999997
 20
-130.19189999999998
 10
323.56419999999997
 20
-130.19189999999998
 10
323.56419999999997
 20
-128.9979
 10
322.96819999999997
 20
-128.9979
  0
LWPOLYLINE
  5
3EB
330
17
100
AcDbEntity
  8
SOBRANTES-RECORTE
100
AcDbPolyline
 90
4
 70
1
 10
322.96819999999997
 20
-129.8671
 10
323.03669999999994
 20
-129.8671
 10
323.03669999999994
 20
-128.9979
 10
322.96819999999997
 20
-128.9979
  0
LWPOLYLINE
  5
3EC
330
17
100
AcDbEntity
  8
SOBRANTES-RECORTE
100
AcDbPolyline
 90
4
 70
1
 10
323.0367
 20
-130.19189999999998
 10
323.56419999999997
 20
-130.19189999999998
 10
323.56419999999997
 20
-129.86709999999997
 10
323.0367
 20
-129.86709999999997
  0
TEXT
  5
3ED
330
17
100
AcDbEntity
  8
SOBRANTES-TEXTO
100
AcDbText
 10
323.26619999999997
 20
-129.59489999999997
 30
0.0
 40
0.05
  1
PB-M-109
 72
1
 11
323.26619999999997
 21
-129.59489999999997
 31
0.0
100
AcDbText
 73
2
  0
LWPOLYLINE
  5
3EE
330
17
100
AcDbEntity
  8
SOBRANTES-MAPA
100
AcDbPolyline
 90
4
 70
1
 10
320.0467
 20
-122.6545
 10
320.6427
 20
-122.6545
 10
320.6427
 20
-121.4605
 10
320.0467
 20
-121.4605
  0
LWPOLYLINE
  5
3EF
330
17
100
AcDbEntity
  8
SOBRANTES-RECORTE
100
AcDbPolyline
 90
4
 70
1
 10
320.0467
 20
-121.8948
 10
320.6427
 20
-121.8948
 10
320.6427
 20
-121.46050000000001
 10
320.0467
 20
-121.46050000000001
  0
TEXT
  5
3F0
330
17
100
AcDbEntity
  8
SOBRANTES-TEXTO
100
AcDbText
 10
320.3447
 20
-122.0575
 30
0.0
 40
0.05
  1
PB-M-021
 72
1
 11
320.3447
 21
-122.0575
 31
0.0
100
AcDbText
 73
2
  0
LWPOLYLINE
  5
3F1
330
17
100
AcDbEntity
  8
SOBRANTES-MAPA
100
AcDbPolyline
 90
4
 70
1
 10
319.4487
 20
-122.6545
 10
320.0447
 20
-122.6545
 10
320.0447
 20
-121.4605
 10
319.4487
 20
-121.4605
  0
LWPOLYLINE
  5
3F2
330
17
100
AcDbEntity
  8
SOBRANTES-RECORTE
100
AcDbPolyline
 90
4
 70
1
 10
319.4487
 20
-121.8948
 10
320.0447
 20
-121.8948
 10
320.0447
 20
-121.46050000000001
 10
319.4487
 20
-121.46050000000001
  0
TEXT
  5
3F3
330
17
100
AcDbEntity
  8
SOBRANTES-TEXTO
100
AcDbText
 10
319.7467
 20
-122.0575
 30
0.0
 40
0.05
  1
PB-M-020
 72
1
 11
319.7467
 21
-122.0575
 31
0.0
100
AcDbText
 73
2
  0
LWPOLYLINE
  5
3F4
330
17
100
AcDbEntity
  8
SOBRANTES-MAPA
100
AcDbPolyline
 90
4
 70
1
 10
318.8508
 20
-122.6545
 10
319.4468
 20
-122.6545
 10
319.4468
 20
-121.4605
 10
318.8508
 20
-121.4605
  0
LWPOLYLINE
  5
3F5
330
17
100
AcDbEntity
  8
SOBRANTES-RECORTE
100
AcDbPolyline
 90
4
 70
1
 10
318.8508
 20
-121.8948
 10
319.4468
 20
-121.8948
 10
319.4468
 20
-121.46050000000001
 10
318.8508
 20
-121.46050000000001
  0
TEXT
  5
3F6
330
17
100
AcDbEntity
  8
SOBRANTES-TEXTO
100
AcDbText
 10
319.1488
 20
-122.0575
 30
0.0
 40
0.05
  1
PB-M-019
 72
1
 11
319.1488
 21
-122.0575
 31
0.0
100
AcDbText
 73
2
  0
LWPOLYLINE
  5
3F7
330
17
100
AcDbEntity
  8
SOBRANTES-MAPA
100
AcDbPolyline
 90
4
 70
1
 10
318.2528
 20
-122.6545
 10
318.8488
 20
-122.6545
 10
318.8488
 20
-121.4605
 10
318.2528
 20
-121.4605
  0
LWPOLYLINE
  5
3F8
330
17
100
AcDbEntity
  8
SOBRANTES-RECORTE
100
AcDbPolyline
 90
4
 70
1
 10
318.2528
 20
-121.8948
 10
318.8488
 20
-121.8948
 10
318.8488
 20
-121.46050000000001
 10
318.2528
 20
-121.46050000000001
  0
TEXT
  5
3F9
330
17
100
AcDbEntity
  8
SOBRANTES-TEXTO
100
AcDbText
 10
318.5508
 20
-122.0575
 30
0.0
 40
0.05
  1
PB-M-018
 72
1
 11
318.5508
 21
-122.0575
 31
0.0
100
AcDbText
 73
2
  0
LWPOLYLINE
  5
3FA
330
17
100
AcDbEntity
  8
SOBRANTES-MAPA
100
AcDbPolyline
 90
4
 70
1
 10
317.6548
 20
-122.6545
 10
318.2508
 20
-122.6545
 10
318.2508
 20
-121.4605
 10
317.6548
 20
-121.4605
  0
LWPOLYLINE
  5
3FB
330
17
100
AcDbEntity
  8
SOBRANTES-RECORTE
100
AcDbPolyline
 90
4
 70
1
 10
317.6548
 20
-121.8948
 10
318.2508
 20
-121.8948
 10
318.2508
 20
-121.46050000000001
 10
317.6548
 20
-121.46050000000001
  0
TEXT
  5
3FC
330
17
100
AcDbEntity
  8
SOBRANTES-TEXTO
100
AcDbText
 10
317.9528
 20
-122.0575
 30
0.0
 40
0.05
  1
PB-M-017
 72
1
 11
317.9528
 21
-122.0575
 31
0.0
100
AcDbText
 73
2
  0
LWPOLYLINE
  5
3FD
330
17
100
AcDbEntity
  8
SOBRANTES-MAPA
100
AcDbPolyline
 90
4
 70
1
 10
317.0568
 20
-122.6545
 10
317.6528
 20
-122.6545
 10
317.6528
 20
-121.4605
 10
317.0568
 20
-121.4605
  0
LWPOLYLINE
  5
3FE
330
17
100
AcDbEntity
  8
SOBRANTES-RECORTE
100
AcDbPolyline
 90
4
 70
1
 10
317.0568
 20
-121.8948
 10
317.6528
 20
-121.8948
 10
317.6528
 20
-121.46050000000001
 10
317.0568
 20
-121.46050000000001
  0
TEXT
  5
3FF
330
17
100
AcDbEntity
  8
SOBRANTES-TEXTO
100
AcDbText
 10
317.3548
 20
-122.0575
 30
0.0
 40
0.05
  1
PB-M-016
 72
1
 11
317.3548
 21
-122.0575
 31
0.0
100
AcDbText
 73
2
  0
LWPOLYLINE
  5
400
330
17
100
AcDbEntity
  8
SOBRANTES-MAPA
100
AcDbPolyline
 90
4
 70
1
 10
321.2427
 20
-122.6545
 10
321.8387
 20
-122.6545
 10
321.8387
 20
-121.4605
 10
321.2427
 20
-121.4605
  0
LWPOLYLINE
  5
401
330
17
100
AcDbEntity
  8
SOBRANTES-RECORTE
100
AcDbPolyline
 90
4
 70
1
 10
321.2427
 20
-121.8948
 10
321.8387
 20
-121.8948
 10
321.8387
 20
-121.46050000000001
 10
321.2427
 20
-121.46050000000001
  0
TEXT
  5
402
330
17
100
AcDbEntity
  8
SOBRANTES-TEXTO
100
AcDbText
 10
321.5407
 20
-122.0575
 30
0.0
 40
0.05
  1
PB-M-023
 72
1
 11
321.5407
 21
-122.0575
 31
0.0
100
AcDbText
 73
2
  0
LWPOLYLINE
  5
403
330
17
100
AcDbEntity
  8
SOBRANTES-MAPA
100
AcDbPolyline
 90
4
 70
1
 10
320.6447
 20
-122.6545
 10
321.2407
 20
-122.6545
 10
321.2407
 20
-121.4605
 10
320.6447
 20
-121.4605
  0
LWPOLYLINE
  5
404
330
17
100
AcDbEntity
  8
SOBRANTES-RECORTE
100
AcDbPolyline
 90
4
 70
1
 10
320.6447
 20
-121.8948
 10
321.2407
 20
-121.8948
 10
321.2407
 20
-121.46050000000001
 10
320.6447
 20
-121.46050000000001
  0
TEXT
  5
405
330
17
100
AcDbEntity
  8
SOBRANTES-TEXTO
100
AcDbText
 10
320.9427
 20
-122.0575
 30
0.0
 40
0.05
  1
PB-M-022
 72
1
 11
320.9427
 21
-122.0575
 31
0.0
100
AcDbText
 73
2
  0
LWPOLYLINE
  5
406
330
17
100
AcDbEntity
  8
SOBRANTES-MAPA
100
AcDbPolyline
 90
4
 70
1
 10
322.4387
 20
-122.6545
 10
323.0347
 20
-122.6545
 10
323.0347
 20
-121.4605
 10
322.4387
 20
-121.4605
  0
LWPOLYLINE
  5
407
330
17
100
AcDbEntity
  8
SOBRANTES-RECORTE
100
AcDbPolyline
 90
4
 70
1
 10
322.4387
 20
-121.8948
 10
323.0347
 20
-121.8948
 10
323.0347
 20
-121.46050000000001
 10
322.4387
 20
-121.46050000000001
  0
TEXT
  5
408
330
17
100
AcDbEntity
  8
SOBRANTES-TEXTO
100
AcDbText
 10
322.7367
 20
-122.0575
 30
0.0
 40
0.05
  1
PB-M-025
 72
1
 11
322.7367
 21
-122.0575
 31
0.0
100
AcDbText
 73
2
  0
LWPOLYLINE
  5
409
330
17
100
AcDbEntity
  8
SOBRANTES-MAPA
100
AcDbPolyline
 90
4
 70
1
 10
321.8407
 20
-122.6545
 10
322.43670000000003
 20
-122.6545
 10
322.43670000000003
 20
-121.4605
 10
321.8407
 20
-121.4605
  0
LWPOLYLINE
  5
40A
330
17
100
AcDbEntity
  8
SOBRANTES-RECORTE
100
AcDbPolyline
 90
4
 70
1
 10
321.8407
 20
-121.8948
 10
322.43670000000003
 20
-121.8948
 10
322.43670000000003
 20
-121.46050000000001
 10
321.8407
 20
-121.46050000000001
  0
TEXT
  5
40B
330
17
100
AcDbEntity
  8
SOBRANTES-TEXTO
100
AcDbText
 10
322.13870000000003
 20
-122.0575
 30
0.0
 40
0.05
  1
PB-M-024
 72
1
 11
322.13870000000003
 21
-122.0575
 31
0.0
100
AcDbText
 73
2
  0
LWPOLYLINE
  5
40C
330
17
100
AcDbEntity
  8
SOBRANTES-MAPA
100
AcDbPolyline
 90
4
 70
1
 10
323.0367
 20
-122.6545
 10
323.6327
 20
-122.6545
 10
323.6327
 20
-121.4605
 10
323.0367
 20
-121.4605
  0
LWPOLYLINE
  5
40D
330
17
100
AcDbEntity
  8
SOBRANTES-RECORTE
100
AcDbPolyline
 90
4
 70
1
 10
323.0367
 20
-121.8948
 10
323.6327
 20
-121.8948
 10
323.6327
 20
-121.46050000000001
 10
323.0367
 20
-121.46050000000001
  0
TEXT
  5
40E
330
17
100
AcDbEntity
  8
SOBRANTES-TEXTO
100
AcDbText
 10
323.3347
 20
-122.0575
 30
0.0
 40
0.05
  1
PB-M-026
 72
1
 11
323.3347
 21
-122.0575
 31
0.0
100
AcDbText
 73
2
  0
LWPOLYLINE
  5
40F
330
17
100
AcDbEntity
  8
SOBRANTES-MAPA
100
AcDbPolyline
 90
4
 70
1
 10
331.0786
 20
-126.6354
 10
331.6746
 20
-126.6354
 10
331.6746
 20
-125.4414
 10
331.0786
 20
-125.4414
  0
LWPOLYLINE
  5
410
330
17
100
AcDbEntity
  8
SOBRANTES-RECORTE
100
AcDbPolyline
 90
4
 70
1
 10
331.0786
 20
-126.6354
 10
331.6746
 20
-126.6354
 10
331.6746
 20
-126.1892
 10
331.0786
 20
-126.1892
  0
TEXT
  5
411
330
17
100
AcDbEntity
  8
SOBRANTES-TEXTO
100
AcDbText
 10
331.3766
 20
-126.03840000000001
 30
0.0
 40
0.05
  1
PA-M-014
 72
1
 11
331.3766
 21
-126.03840000000001
 31
0.0
100
AcDbText
 73
2
  0
LWPOLYLINE
  5
412
330
17
100
AcDbEntity
  8
SOBRANTES-MAPA
100
AcDbPolyline
 90
4
 70
1
 10
330.4806
 20
-126.6354
 10
331.0766
 20
-126.6354
 10
331.0766
 20
-125.4414
 10
330.4806
 20
-125.4414
  0
LWPOLYLINE
  5
413
330
17
100
AcDbEntity
  8
SOBRANTES-RECORTE
100
AcDbPolyline
 90
4
 70
1
 10
330.4806
 20
-126.6354
 10
331.0766
 20
-126.6354
 10
331.0766
 20
-126.1892
 10
330.4806
 20
-126.1892
  0
TEXT
  5
414
330
17
100
AcDbEntity
  8
SOBRANTES-TEXTO
100
AcDbText
 10
330.7786
 20
-126.03840000000001
 30
0.0
 40
0.05
  1
PA-M-013
 72
1
 11
330.7786
 21
-126.03840000000001
 31
0.0
100
AcDbText
 73
2
  0
LWPOLYLINE
  5
415
330
17
100
AcDbEntity
  8
SOBRANTES-MAPA
100
AcDbPolyline
 90
4
 70
1
 10
332.8726
 20
-127.8354
 10
333.4686
 20
-127.8354
 10
333.4686
 20
-126.6414
 10
332.8726
 20
-126.6414
  0
LWPOLYLINE
  5
416
330
17
100
AcDbEntity
  8
SOBRANTES-RECORTE
100
AcDbPolyline
 90
4
 70
1
 10
332.8726
 20
-127.8354
 10
333.4686
 20
-127.8354
 10
333.4686
 20
-127.38520000000001
 10
332.8726
 20
-127.38520000000001
  0
TEXT
  5
417
330
17
100
AcDbEntity
  8
SOBRANTES-TEXTO
100
AcDbText
 10
333.1706
 20
-127.23840000000001
 30
0.0
 40
0.05
  1
PA-M-024
 72
1
 11
333.1706
 21
-127.23840000000001
 31
0.0
100
AcDbText
 73
2
  0
LWPOLYLINE
  5
418
330
17
100
AcDbEntity
  8
SOBRANTES-MAPA
100
AcDbPolyline
 90
4
 70
1
 10
332.2746
 20
-127.8354
 10
332.8706
 20
-127.8354
 10
332.8706
 20
-126.6414
 10
332.2746
 20
-126.6414
  0
LWPOLYLINE
  5
419
330
17
100
AcDbEntity
  8
SOBRANTES-RECORTE
100
AcDbPolyline
 90
4
 70
1
 10
332.2746
 20
-127.8354
 10
332.8706
 20
-127.8354
 10
332.8706
 20
-127.38520000000001
 10
332.2746
 20
-127.38520000000001
  0
TEXT
  5
41A
330
17
100
AcDbEntity
  8
SOBRANTES-TEXTO
100
AcDbText
 10
332.5726
 20
-127.23840000000001
 30
0.0
 40
0.05
  1
PA-M-023
 72
1
 11
332.5726
 21
-127.23840000000001
 31
0.0
100
AcDbText
 73
2
  0
LWPOLYLINE
  5
41B
330
17
100
AcDbEntity
  8
SOBRANTES-MAPA
100
AcDbPolyline
 90
4
 70
1
 10
329.8469
 20
-128.9499
 10
330.4429
 20
-128.9499
 10
330.4429
 20
-127.75590000000001
 10
329.8469
 20
-127.75590000000001
  0
LWPOLYLINE
  5
41C
330
17
100
AcDbEntity
  8
SOBRANTES-RECORTE
100
AcDbPolyline
 90
4
 70
1
 10
330.2106
 20
-128.9499
 10
330.4429
 20
-128.9499
 10
330.4429
 20
-127.75590000000001
 10
330.2106
 20
-127.75590000000001
  0
TEXT
  5
41D
330
17
100
AcDbEntity
  8
SOBRANTES-TEXTO
100
AcDbText
 10
330.1449
 20
-128.3529
 30
0.0
 40
0.05
  1
PA-M-038
 72
1
 11
330.1449
 21
-128.3529
 31
0.0
100
AcDbText
 73
2
  0
LWPOLYLINE
  5
41E
330
17
100
AcDbEntity
  8
SOBRANTES-MAPA
100
AcDbPolyline
 90
4
 70
1
 10
329.8469
 20
-130.1459
 10
330.4429
 20
-130.1459
 10
330.4429
 20
-128.95190000000002
 10
329.8469
 20
-128.95190000000002
  0
LWPOLYLINE
  5
41F
330
17
100
AcDbEntity
  8
SOBRANTES-RECORTE
100
AcDbPolyline
 90
4
 70
1
 10
330.2106
 20
-130.1459
 10
330.4429
 20
-130.1459
 10
330.4429
 20
-128.95190000000002
 10
330.2106
 20
-128.95190000000002
  0
TEXT
  5
420
330
17
100
AcDbEntity
  8
SOBRANTES-TEXTO
100
AcDbText
 10
330.1449
 20
-129.5489
 30
0.0
 40
0.05
  1
PA-M-041
 72
1
 11
330.1449
 21
-129.5489
 31
0.0
100
AcDbText
 73
2
  0
LWPOLYLINE
  5
421
330
17
100
AcDbEntity
  8
SOBRANTES-MAPA
100
AcDbPolyline
 90
4
 70
1
 10
329.8469
 20
-125.4059
 10
330.4429
 20
-125.4059
 10
330.4429
 20
-124.2119
 10
329.8469
 20
-124.2119
  0
LWPOLYLINE
  5
422
330
17
100
AcDbEntity
  8
SOBRANTES-RECORTE
100
AcDbPolyline
 90
4
 70
1
 10
330.2106
 20
-125.4059
 10
330.4429
 20
-125.4059
 10
330.4429
 20
-124.2119
 10
330.2106
 20
-124.2119
  0
TEXT
  5
423
330
17
100
AcDbEntity
  8
SOBRANTES-TEXTO
100
AcDbText
 10
330.1449
 20
-124.80890000000001
 30
0.0
 40
0.05
  1
PA-M-011
 72
1
 11
330.1449
 21
-124.80890000000001
 31
0.0
100
AcDbText
 73
2
  0
LWPOLYLINE
  5
424
330
17
100
AcDbEntity
  8
SOBRANTES-MAPA
100
AcDbPolyline
 90
4
 70
1
 10
321.70230000000004
 20
-131.3879
 10
322.29830000000004
 20
-131.3879
 10
322.29830000000004
 20
-130.1939
 10
321.70230000000004
 20
-130.1939
  0
LWPOLYLINE
  5
425
330
17
100
AcDbEntity
  8
SOBRANTES-RECORTE
100
AcDbPolyline
 90
4
 70
1
 10
321.70230000000004
 20
-131.1339
 10
321.8407
 20
-131.1339
 10
321.8407
 20
-130.1939
 10
321.70230000000004
 20
-130.1939
  0
LWPOLYLINE
  5
426
330
17
100
AcDbEntity
  8
SOBRANTES-RECORTE
100
AcDbPolyline
 90
4
 70
1
 10
321.8407
 20
-131.3879
 10
322.29830000000004
 20
-131.3879
 10
322.29830000000004
 20
-131.1339
 10
321.8407
 20
-131.1339
  0
TEXT
  5
427
330
17
100
AcDbEntity
  8
SOBRANTES-TEXTO
100
AcDbText
 10
322.00030000000004
 20
-130.7909
 30
0.0
 40
0.05
  1
PB-M-132
 72
1
 11
322.00030000000004
 21
-130.7909
 31
0.0
100
AcDbText
 73
2
  0
LWPOLYLINE
  5
428
330
17
100
AcDbEntity
  8
SOBRANTES-MAPA
100
AcDbPolyline
 90
4
 70
1
 10
316.4588
 20
-122.6145
 10
317.0548
 20
-122.6145
 10
317.0548
 20
-121.4205
 10
316.4588
 20
-121.4205
  0
LWPOLYLINE
  5
429
330
17
100
AcDbEntity
  8
SOBRANTES-RECORTE
100
AcDbPolyline
 90
4
 70
1
 10
316.4588
 20
-121.8948
 10
317.0548
 20
-121.8948
 10
317.0548
 20
-121.4205
 10
316.4588
 20
-121.4205
  0
TEXT
  5
42A
330
17
100
AcDbEntity
  8
SOBRANTES-TEXTO
100
AcDbText
 10
316.7568
 20
-122.01750000000001
 30
0.0
 40
0.05
  1
PB-M-014
 72
1
 11
316.7568
 21
-122.01750000000001
 31
0.0
100
AcDbText
 73
2
  0
LWPOLYLINE
  5
42B
330
17
100
AcDbEntity
  8
SOBRANTES-MAPA
100
AcDbPolyline
 90
4
 70
1
 10
323.6346
 20
-122.6145
 10
324.2306
 20
-122.6145
 10
324.2306
 20
-121.4205
 10
323.6346
 20
-121.4205
  0
LWPOLYLINE
  5
42C
330
17
100
AcDbEntity
  8
SOBRANTES-RECORTE
100
AcDbPolyline
 90
4
 70
1
 10
323.6346
 20
-121.8948
 10
324.2306
 20
-121.8948
 10
324.2306
 20
-121.4205
 10
323.6346
 20
-121.4205
  0
TEXT
  5
42D
330
17
100
AcDbEntity
  8
SOBRANTES-TEXTO
100
AcDbText
 10
323.9326
 20
-122.01750000000001
 30
0.0
 40
0.05
  1
PB-M-015
 72
1
 11
323.9326
 21
-122.01750000000001
 31
0.0
100
AcDbText
 73
2
  0
LWPOLYLINE
  5
42E
330
17
100
AcDbEntity
  8
SOBRANTES-MAPA
100
AcDbPolyline
 90
4
 70
1
 10
329.2489
 20
-131.3419
 10
329.8449
 20
-131.3419
 10
329.8449
 20
-130.14790000000002
 10
329.2489
 20
-130.14790000000002
  0
LWPOLYLINE
  5
42F
330
17
100
AcDbEntity
  8
SOBRANTES-RECORTE
100
AcDbPolyline
 90
4
 70
1
 10
329.2489
 20
-131.3419
 10
329.8449
 20
-131.3419
 10
329.8449
 20
-130.8539
 10
329.2489
 20
-130.8539
  0
TEXT
  5
430
330
17
100
AcDbEntity
  8
SOBRANTES-TEXTO
100
AcDbText
 10
329.5469
 20
-130.7449
 30
0.0
 40
0.05
  1
PA-M-043
 72
1
 11
329.5469
 21
-130.7449
 31
0.0
100
AcDbText
 73
2
  0
LWPOLYLINE
  5
431
330
17
100
AcDbEntity
  8
SOBRANTES-MAPA
100
AcDbPolyline
 90
4
 70
1
 10
320.0467
 20
-131.3879
 10
320.6427
 20
-131.3879
 10
320.6427
 20
-130.1939
 10
320.0467
 20
-130.1939
  0
LWPOLYLINE
  5
432
330
17
100
AcDbEntity
  8
SOBRANTES-RECORTE
100
AcDbPolyline
 90
4
 70
1
 10
320.0467
 20
-131.3879
 10
320.6427
 20
-131.3879
 10
320.6427
 20
-130.8539
 10
320.0467
 20
-130.8539
  0
TEXT
  5
433
330
17
100
AcDbEntity
  8
SOBRANTES-TEXTO
100
AcDbText
 10
320.3447
 20
-130.7909
 30
0.0
 40
0.05
  1
PB-M-129
 72
1
 11
320.3447
 21
-130.7909
 31
0.0
100
AcDbText
 73
2
  0
LWPOLYLINE
  5
434
330
17
100
AcDbEntity
  8
SOBRANTES-MAPA
100
AcDbPolyline
 90
4
 70
1
 10
319.4487
 20
-131.3879
 10
320.0447
 20
-131.3879
 10
320.0447
 20
-130.1939
 10
319.4487
 20
-130.1939
  0
LWPOLYLINE
  5
435
330
17
100
AcDbEntity
  8
SOBRANTES-RECORTE
100
AcDbPolyline
 90
4
 70
1
 10
319.4487
 20
-131.3879
 10
320.0447
 20
-131.3879
 10
320.0447
 20
-130.8539
 10
319.4487
 20
-130.8539
  0
TEXT
  5
436
330
17
100
AcDbEntity
  8
SOBRANTES-TEXTO
100
AcDbText
 10
319.7467
 20
-130.7909
 30
0.0
 40
0.05
  1
PB-M-128
 72
1
 11
319.7467
 21
-130.7909
 31
0.0
100
AcDbText
 73
2
  0
LWPOLYLINE
  5
437
330
17
100
AcDbEntity
  8
SOBRANTES-MAPA
100
AcDbPolyline
 90
4
 70
1
 10
318.8508
 20
-131.3879
 10
319.4468
 20
-131.3879
 10
319.4468
 20
-130.1939
 10
318.8508
 20
-130.1939
  0
LWPOLYLINE
  5
438
330
17
100
AcDbEntity
  8
SOBRANTES-RECORTE
100
AcDbPolyline
 90
4
 70
1
 10
318.8508
 20
-131.3879
 10
319.4468
 20
-131.3879
 10
319.4468
 20
-130.8539
 10
318.8508
 20
-130.8539
  0
TEXT
  5
439
330
17
100
AcDbEntity
  8
SOBRANTES-TEXTO
100
AcDbText
 10
319.1488
 20
-130.7909
 30
0.0
 40
0.05
  1
PB-M-127
 72
1
 11
319.1488
 21
-130.7909
 31
0.0
100
AcDbText
 73
2
  0
LWPOLYLINE
  5
43A
330
17
100
AcDbEntity
  8
SOBRANTES-MAPA
100
AcDbPolyline
 90
4
 70
1
 10
318.2528
 20
-131.3879
 10
318.8488
 20
-131.3879
 10
318.8488
 20
-130.1939
 10
318.2528
 20
-130.1939
  0
LWPOLYLINE
  5
43B
330
17
100
AcDbEntity
  8
SOBRANTES-RECORTE
100
AcDbPolyline
 90
4
 70
1
 10
318.2528
 20
-131.3879
 10
318.8488
 20
-131.3879
 10
318.8488
 20
-130.8539
 10
318.2528
 20
-130.8539
  0
TEXT
  5
43C
330
17
100
AcDbEntity
  8
SOBRANTES-TEXTO
100
AcDbText
 10
318.5508
 20
-130.7909
 30
0.0
 40
0.05
  1
PB-M-126
 72
1
 11
318.5508
 21
-130.7909
 31
0.0
100
AcDbText
 73
2
  0
LWPOLYLINE
  5
43D
330
17
100
AcDbEntity
  8
SOBRANTES-MAPA
100
AcDbPolyline
 90
4
 70
1
 10
317.6548
 20
-131.3879
 10
318.2508
 20
-131.3879
 10
318.2508
 20
-130.1939
 10
317.6548
 20
-130.1939
  0
LWPOLYLINE
  5
43E
330
17
100
AcDbEntity
  8
SOBRANTES-RECORTE
100
AcDbPolyline
 90
4
 70
1
 10
317.6548
 20
-131.3879
 10
318.2508
 20
-131.3879
 10
318.2508
 20
-130.8539
 10
317.6548
 20
-130.8539
  0
TEXT
  5
43F
330
17
100
AcDbEntity
  8
SOBRANTES-TEXTO
100
AcDbText
 10
317.9528
 20
-130.7909
 30
0.0
 40
0.05
  1
PB-M-125
 72
1
 11
317.9528
 21
-130.7909
 31
0.0
100
AcDbText
 73
2
  0
LWPOLYLINE
  5
440
330
17
100
AcDbEntity
  8
SOBRANTES-MAPA
100
AcDbPolyline
 90
4
 70
1
 10
317.0568
 20
-131.3879
 10
317.6528
 20
-131.3879
 10
317.6528
 20
-130.1939
 10
317.0568
 20
-130.1939
  0
LWPOLYLINE
  5
441
330
17
100
AcDbEntity
  8
SOBRANTES-RECORTE
100
AcDbPolyline
 90
4
 70
1
 10
317.0568
 20
-131.3879
 10
317.6528
 20
-131.3879
 10
317.6528
 20
-130.8539
 10
317.0568
 20
-130.8539
  0
TEXT
  5
442
330
17
100
AcDbEntity
  8
SOBRANTES-TEXTO
100
AcDbText
 10
317.3548
 20
-130.7909
 30
0.0
 40
0.05
  1
PB-M-124
 72
1
 11
317.3548
 21
-130.7909
 31
0.0
100
AcDbText
 73
2
  0
LWPOLYLINE
  5
443
330
17
100
AcDbEntity
  8
SOBRANTES-MAPA
100
AcDbPolyline
 90
4
 70
1
 10
316.4588
 20
-131.3879
 10
317.0548
 20
-131.3879
 10
317.0548
 20
-130.1939
 10
316.4588
 20
-130.1939
  0
LWPOLYLINE
  5
444
330
17
100
AcDbEntity
  8
SOBRANTES-RECORTE
100
AcDbPolyline
 90
4
 70
1
 10
316.4588
 20
-131.3879
 10
317.0548
 20
-131.3879
 10
317.0548
 20
-130.8539
 10
316.4588
 20
-130.8539
  0
TEXT
  5
445
330
17
100
AcDbEntity
  8
SOBRANTES-TEXTO
100
AcDbText
 10
316.7568
 20
-130.7909
 30
0.0
 40
0.05
  1
PB-M-123
 72
1
 11
316.7568
 21
-130.7909
 31
0.0
100
AcDbText
 73
2
  0
LWPOLYLINE
  5
446
330
17
100
AcDbEntity
  8
SOBRANTES-MAPA
100
AcDbPolyline
 90
4
 70
1
 10
323.0367
 20
-127.7999
 10
323.6327
 20
-127.7999
 10
323.6327
 20
-126.60589999999999
 10
323.0367
 20
-126.60589999999999
  0
LWPOLYLINE
  5
447
330
17
100
AcDbEntity
  8
SOBRANTES-RECORTE
100
AcDbPolyline
 90
4
 70
1
 10
323.0367
 20
-127.7999
 10
323.6327
 20
-127.7999
 10
323.6327
 20
-127.2242
 10
323.0367
 20
-127.2242
  0
TEXT
  5
448
330
17
100
AcDbEntity
  8
SOBRANTES-TEXTO
100
AcDbText
 10
323.3347
 20
-127.2029
 30
0.0
 40
0.05
  1
PB-M-082
 72
1
 11
323.3347
 21
-127.2029
 31
0.0
100
AcDbText
 73
2
  0
LWPOLYLINE
  5
449
330
17
100
AcDbEntity
  8
SOBRANTES-MAPA
100
AcDbPolyline
 90
4
 70
1
 10
321.8407
 20
-127.79990000000001
 10
322.43670000000003
 20
-127.79990000000001
 10
322.43670000000003
 20
-126.6059
 10
321.8407
 20
-126.6059
  0
LWPOLYLINE
  5
44A
330
17
100
AcDbEntity
  8
SOBRANTES-RECORTE
100
AcDbPolyline
 90
4
 70
1
 10
321.8407
 20
-127.79990000000001
 10
322.43670000000003
 20
-127.79990000000001
 10
322.43670000000003
 20
-127.22220000000002
 10
321.8407
 20
-127.22220000000002
  0
TEXT
  5
44B
330
17
100
AcDbEntity
  8
SOBRANTES-TEXTO
100
AcDbText
 10
322.13870000000003
 20
-127.20290000000001
 30
0.0
 40
0.05
  1
PB-M-080
 72
1
 11
322.13870000000003
 21
-127.20290000000001
 31
0.0
100
AcDbText
 73
2
  0
LWPOLYLINE
  5
44C
330
17
100
AcDbEntity
  8
SOBRANTES-MAPA
100
AcDbPolyline
 90
4
 70
1
 10
322.4387
 20
-127.79990000000001
 10
323.0347
 20
-127.79990000000001
 10
323.0347
 20
-126.6059
 10
322.4387
 20
-126.6059
  0
LWPOLYLINE
  5
44D
330
17
100
AcDbEntity
  8
SOBRANTES-RECORTE
100
AcDbPolyline
 90
4
 70
1
 10
322.4387
 20
-127.79990000000001
 10
323.0347
 20
-127.79990000000001
 10
323.0347
 20
-127.22220000000002
 10
322.4387
 20
-127.22220000000002
  0
TEXT
  5
44E
330
17
100
AcDbEntity
  8
SOBRANTES-TEXTO
100
AcDbText
 10
322.7367
 20
-127.20290000000001
 30
0.0
 40
0.05
  1
PB-M-081
 72
1
 11
322.7367
 21
-127.20290000000001
 31
0.0
100
AcDbText
 73
2
  0
LWPOLYLINE
  5
44F
330
17
100
AcDbEntity
  8
SOBRANTES-MAPA
100
AcDbPolyline
 90
4
 70
1
 10
320.3224
 20
-127.7999
 10
320.9184
 20
-127.7999
 10
320.9184
 20
-126.60589999999999
 10
320.3224
 20
-126.60589999999999
  0
LWPOLYLINE
  5
450
330
17
100
AcDbEntity
  8
SOBRANTES-RECORTE
100
AcDbPolyline
 90
4
 70
1
 10
320.3224
 20
-127.7999
 10
320.6447
 20
-127.7999
 10
320.6447
 20
-126.60589999999999
 10
320.3224
 20
-126.60589999999999
  0
TEXT
  5
451
330
17
100
AcDbEntity
  8
SOBRANTES-TEXTO
100
AcDbText
 10
320.6204
 20
-127.2029
 30
0.0
 40
0.05
  1
PB-M-090
 72
1
 11
320.6204
 21
-127.2029
 31
0.0
100
AcDbText
 73
2
  0
LWPOLYLINE
  5
452
330
17
100
AcDbEntity
  8
SOBRANTES-MAPA
100
AcDbPolyline
 90
4
 70
1
 10
320.3224
 20
-128.9959
 10
320.9184
 20
-128.9959
 10
320.9184
 20
-127.8019
 10
320.3224
 20
-127.8019
  0
LWPOLYLINE
  5
453
330
17
100
AcDbEntity
  8
SOBRANTES-RECORTE
100
AcDbPolyline
 90
4
 70
1
 10
320.3224
 20
-128.9959
 10
320.6447
 20
-128.9959
 10
320.6447
 20
-127.8019
 10
320.3224
 20
-127.8019
  0
TEXT
  5
454
330
17
100
AcDbEntity
  8
SOBRANTES-TEXTO
100
AcDbText
 10
320.6204
 20
-128.3989
 30
0.0
 40
0.05
  1
PB-M-103
 72
1
 11
320.6204
 21
-128.3989
 31
0.0
100
AcDbText
 73
2
  0
LWPOLYLINE
  5
455
330
17
100
AcDbEntity
  8
SOBRANTES-MAPA
100
AcDbPolyline
 90
4
 70
1
 10
328.9971
 20
-128.9499
 10
329.5931
 20
-128.9499
 10
329.5931
 20
-127.75590000000001
 10
328.9971
 20
-127.75590000000001
  0
LWPOLYLINE
  5
456
330
17
100
AcDbEntity
  8
SOBRANTES-RECORTE
100
AcDbPolyline
 90
4
 70
1
 10
329.2469
 20
-128.9499
 10
329.5931
 20
-128.9499
 10
329.5931
 20
-127.75590000000001
 10
329.2469
 20
-127.75590000000001
  0
TEXT
  5
457
330
17
100
AcDbEntity
  8
SOBRANTES-TEXTO
100
AcDbText
 10
329.2951
 20
-128.3529
 30
0.0
 40
0.05
  1
PA-M-036
 72
1
 11
329.2951
 21
-128.3529
 31
0.0
100
AcDbText
 73
2
  0
LWPOLYLINE
  5
458
330
17
100
AcDbEntity
  8
SOBRANTES-MAPA
100
AcDbPolyline
 90
4
 70
1
 10
328.9971
 20
-130.1459
 10
329.5931
 20
-130.1459
 10
329.5931
 20
-128.95190000000002
 10
328.9971
 20
-128.95190000000002
  0
LWPOLYLINE
  5
459
330
17
100
AcDbEntity
  8
SOBRANTES-RECORTE
100
AcDbPolyline
 90
4
 70
1
 10
329.2469
 20
-130.1459
 10
329.5931
 20
-130.1459
 10
329.5931
 20
-128.95190000000002
 10
329.2469
 20
-128.95190000000002
  0
TEXT
  5
45A
330
17
100
AcDbEntity
  8
SOBRANTES-TEXTO
100
AcDbText
 10
329.2951
 20
-129.5489
 30
0.0
 40
0.05
  1
PA-M-039
 72
1
 11
329.2951
 21
-129.5489
 31
0.0
100
AcDbText
 73
2
  0
LWPOLYLINE
  5
45B
330
17
100
AcDbEntity
  8
SOBRANTES-MAPA
100
AcDbPolyline
 90
4
 70
1
 10
328.9971
 20
-126.6019
 10
329.5931
 20
-126.6019
 10
329.5931
 20
-125.4079
 10
328.9971
 20
-125.4079
  0
LWPOLYLINE
  5
45C
330
17
100
AcDbEntity
  8
SOBRANTES-RECORTE
100
AcDbPolyline
 90
4
 70
1
 10
329.2469
 20
-126.6019
 10
329.5931
 20
-126.6019
 10
329.5931
 20
-125.4079
 10
329.2469
 20
-125.4079
  0
TEXT
  5
45D
330
17
100
AcDbEntity
  8
SOBRANTES-TEXTO
100
AcDbText
 10
329.2951
 20
-126.0049
 30
0.0
 40
0.05
  1
PA-M-016
 72
1
 11
329.2951
 21
-126.0049
 31
0.0
100
AcDbText
 73
2
  0
LWPOLYLINE
  5
45E
330
17
100
AcDbEntity
  8
SOBRANTES-MAPA
100
AcDbPolyline
 90
4
 70
1
 10
329.8469
 20
-126.6019
 10
330.4429
 20
-126.6019
 10
330.4429
 20
-125.4079
 10
329.8469
 20
-125.4079
  0
LWPOLYLINE
  5
45F
330
17
100
AcDbEntity
  8
SOBRANTES-RECORTE
100
AcDbPolyline
 90
4
 70
1
 10
330.0967
 20
-126.6019
 10
330.4429
 20
-126.6019
 10
330.4429
 20
-125.4079
 10
330.0967
 20
-125.4079
  0
TEXT
  5
460
330
17
100
AcDbEntity
  8
SOBRANTES-TEXTO
100
AcDbText
 10
330.1449
 20
-126.0049
 30
0.0
 40
0.05
  1
PA-M-018
 72
1
 11
330.1449
 21
-126.0049
 31
0.0
100
AcDbText
 73
2
  0
LWPOLYLINE
  5
461
330
17
100
AcDbEntity
  8
SOBRANTES-MAPA
100
AcDbPolyline
 90
4
 70
1
 10
328.9971
 20
-125.4059
 10
329.5931
 20
-125.4059
 10
329.5931
 20
-124.2119
 10
328.9971
 20
-124.2119
  0
LWPOLYLINE
  5
462
330
17
100
AcDbEntity
  8
SOBRANTES-RECORTE
100
AcDbPolyline
 90
4
 70
1
 10
329.2469
 20
-125.4059
 10
329.5931
 20
-125.4059
 10
329.5931
 20
-124.2119
 10
329.2469
 20
-124.2119
  0
TEXT
  5
463
330
17
100
AcDbEntity
  8
SOBRANTES-TEXTO
100
AcDbText
 10
329.2951
 20
-124.80890000000001
 30
0.0
 40
0.05
  1
PA-M-009
 72
1
 11
329.2951
 21
-124.80890000000001
 31
0.0
100
AcDbText
 73
2
  0
LWPOLYLINE
  5
464
330
17
100
AcDbEntity
  8
SOBRANTES-MAPA
100
AcDbPolyline
 90
4
 70
1
 10
328.9971
 20
-124.2099
 10
329.5931
 20
-124.2099
 10
329.5931
 20
-123.0159
 10
328.9971
 20
-123.0159
  0
LWPOLYLINE
  5
465
330
17
100
AcDbEntity
  8
SOBRANTES-RECORTE
100
AcDbPolyline
 90
4
 70
1
 10
329.2469
 20
-124.2099
 10
329.5931
 20
-124.2099
 10
329.5931
 20
-123.0159
 10
329.2469
 20
-123.0159
  0
TEXT
  5
466
330
17
100
AcDbEntity
  8
SOBRANTES-TEXTO
100
AcDbText
 10
329.2951
 20
-123.61290000000001
 30
0.0
 40
0.05
  1
PA-M-006
 72
1
 11
329.2951
 21
-123.61290000000001
 31
0.0
100
AcDbText
 73
2
  0
LWPOLYLINE
  5
467
330
17
100
AcDbEntity
  8
SOBRANTES-MAPA
100
AcDbPolyline
 90
4
 70
1
 10
328.9971
 20
-127.7979
 10
329.5931
 20
-127.7979
 10
329.5931
 20
-126.6039
 10
328.9971
 20
-126.6039
  0
LWPOLYLINE
  5
468
330
17
100
AcDbEntity
  8
SOBRANTES-RECORTE
100
AcDbPolyline
 90
4
 70
1
 10
329.2469
 20
-127.7539
 10
329.5931
 20
-127.7539
 10
329.5931
 20
-126.6039
 10
329.2469
 20
-126.6039
  0
LWPOLYLINE
  5
469
330
17
100
AcDbEntity
  8
SOBRANTES-RECORTE
100
AcDbPolyline
 90
4
 70
1
 10
328.9971
 20
-127.7979
 10
329.2469
 20
-127.7979
 10
329.2469
 20
-127.7539
 10
328.9971
 20
-127.7539
  0
TEXT
  5
46A
330
17
100
AcDbEntity
  8
SOBRANTES-TEXTO
100
AcDbText
 10
329.2951
 20
-127.2009
 30
0.0
 40
0.05
  1
PA-M-026
 72
1
 11
329.2951
 21
-127.2009
 31
0.0
100
AcDbText
 73
2
  0
LWPOLYLINE
  5
46B
330
17
100
AcDbEntity
  8
SOBRANTES-MAPA
100
AcDbPolyline
 90
4
 70
1
 10
329.8469
 20
-127.7979
 10
330.4429
 20
-127.7979
 10
330.4429
 20
-126.6039
 10
329.8469
 20
-126.6039
  0
LWPOLYLINE
  5
46C
330
17
100
AcDbEntity
  8
SOBRANTES-RECORTE
100
AcDbPolyline
 90
4
 70
1
 10
330.0967
 20
-127.7539
 10
330.4429
 20
-127.7539
 10
330.4429
 20
-126.6039
 10
330.0967
 20
-126.6039
  0
LWPOLYLINE
  5
46D
330
17
100
AcDbEntity
  8
SOBRANTES-RECORTE
100
AcDbPolyline
 90
4
 70
1
 10
329.8469
 20
-127.7979
 10
330.0967
 20
-127.7979
 10
330.0967
 20
-127.7539
 10
329.8469
 20
-127.7539
  0
TEXT
  5
46E
330
17
100
AcDbEntity
  8
SOBRANTES-TEXTO
100
AcDbText
 10
330.1449
 20
-127.2009
 30
0.0
 40
0.05
  1
PA-M-028
 72
1
 11
330.1449
 21
-127.2009
 31
0.0
100
AcDbText
 73
2
  0
LWPOLYLINE
  5
46F
330
17
100
AcDbEntity
  8
SOBRANTES-MAPA
100
AcDbPolyline
 90
4
 70
1
 10
321.2427
 20
-127.7999
 10
321.8387
 20
-127.7999
 10
321.8387
 20
-126.60589999999999
 10
321.2427
 20
-126.60589999999999
  0
LWPOLYLINE
  5
470
330
17
100
AcDbEntity
  8
SOBRANTES-RECORTE
100
AcDbPolyline
 90
4
 70
1
 10
321.2427
 20
-127.7999
 10
321.8387
 20
-127.7999
 10
321.8387
 20
-127.0739
 10
321.2427
 20
-127.0739
  0
TEXT
  5
471
330
17
100
AcDbEntity
  8
SOBRANTES-TEXTO
100
AcDbText
 10
321.5407
 20
-127.2029
 30
0.0
 40
0.05
  1
PB-M-079
 72
1
 11
321.5407
 21
-127.2029
 31
0.0
100
AcDbText
 73
2
  0
LWPOLYLINE
  5
472
330
17
100
AcDbEntity
  8
SOBRANTES-MAPA
100
AcDbPolyline
 90
4
 70
1
 10
331.6766
 20
-126.6354
 10
332.2726
 20
-126.6354
 10
332.2726
 20
-125.4414
 10
331.6766
 20
-125.4414
  0
LWPOLYLINE
  5
473
330
17
100
AcDbEntity
  8
SOBRANTES-RECORTE
100
AcDbPolyline
 90
4
 70
1
 10
332.02660000000003
 20
-126.1892
 10
332.2726
 20
-126.1892
 10
332.2726
 20
-125.4414
 10
332.02660000000003
 20
-125.4414
  0
LWPOLYLINE
  5
474
330
17
100
AcDbEntity
  8
SOBRANTES-RECORTE
100
AcDbPolyline
 90
4
 70
1
 10
331.6766
 20
-126.6354
 10
332.02660000000003
 20
-126.6354
 10
332.02660000000003
 20
-126.1892
 10
331.6766
 20
-126.1892
  0
TEXT
  5
475
330
17
100
AcDbEntity
  8
SOBRANTES-TEXTO
100
AcDbText
 10
331.9746
 20
-126.03840000000001
 30
0.0
 40
0.05
  1
PA-M-015
 72
1
 11
331.9746
 21
-126.03840000000001
 31
0.0
100
AcDbText
 73
2
  0
LWPOLYLINE
  5
476
330
17
100
AcDbEntity
  8
SOBRANTES-MAPA
100
AcDbPolyline
 90
4
 70
1
 10
330.2767
 20
-127.3852
 10
330.8727
 20
-127.3852
 10
330.8727
 20
-126.1912
 10
330.2767
 20
-126.1912
  0
LWPOLYLINE
  5
477
330
17
100
AcDbEntity
  8
SOBRANTES-RECORTE
100
AcDbPolyline
 90
4
 70
1
 10
330.47860000000003
 20
-127.3852
 10
330.8727
 20
-127.3852
 10
330.8727
 20
-126.1912
 10
330.47860000000003
 20
-126.1912
  0
TEXT
  5
478
330
17
100
AcDbEntity
  8
SOBRANTES-TEXTO
100
AcDbText
 10
330.5747
 20
-126.7882
 30
0.0
 40
0.05
  1
PA-M-019
 72
1
 11
330.5747
 21
-126.7882
 31
0.0
100
AcDbText
 73
2
  0
LWPOLYLINE
  5
479
330
17
100
AcDbEntity
  8
SOBRANTES-MAPA
100
AcDbPolyline
 90
4
 70
1
 10
330.2767
 20
-128.5812
 10
330.8727
 20
-128.5812
 10
330.8727
 20
-127.38719999999999
 10
330.2767
 20
-127.38719999999999
  0
LWPOLYLINE
  5
47A
330
17
100
AcDbEntity
  8
SOBRANTES-RECORTE
100
AcDbPolyline
 90
4
 70
1
 10
330.47860000000003
 20
-128.4912
 10
330.8727
 20
-128.4912
 10
330.8727
 20
-127.38719999999999
 10
330.47860000000003
 20
-127.38719999999999
  0
LWPOLYLINE
  5
47B
330
17
100
AcDbEntity
  8
SOBRANTES-RECORTE
100
AcDbPolyline
 90
4
 70
1
 10
330.2767
 20
-128.5812
 10
330.47860000000003
 20
-128.5812
 10
330.47860000000003
 20
-128.4912
 10
330.2767
 20
-128.4912
  0
TEXT
  5
47C
330
17
100
AcDbEntity
  8
SOBRANTES-TEXTO
100
AcDbText
 10
330.5747
 20
-127.9842
 30
0.0
 40
0.05
  1
PA-M-029
 72
1
 11
330.5747
 21
-127.9842
 31
0.0
100
AcDbText
 73
2
  0
LWPOLYLINE
  5
47D
330
17
100
AcDbEntity
  8
SOBRANTES-MAPA
100
AcDbPolyline
 90
4
 70
1
 10
323.0367
 20
-129.61419999999998
 10
323.6327
 20
-129.61419999999998
 10
323.6327
 20
-128.4202
 10
323.0367
 20
-128.4202
  0
LWPOLYLINE
  5
47E
330
17
100
AcDbEntity
  8
SOBRANTES-RECORTE
100
AcDbPolyline
 90
4
 70
1
 10
323.0367
 20
-129.61419999999998
 10
323.6327
 20
-129.61419999999998
 10
323.6327
 20
-128.77409999999998
 10
323.0367
 20
-128.77409999999998
  0
TEXT
  5
47F
330
17
100
AcDbEntity
  8
SOBRANTES-TEXTO
100
AcDbText
 10
323.3347
 20
-129.01719999999997
 30
0.0
 40
0.05
  1
PB-M-107
 72
1
 11
323.3347
 21
-129.01719999999997
 31
0.0
100
AcDbText
 73
2
  0
LWPOLYLINE
  5
480
330
17
100
AcDbEntity
  8
SOBRANTES-MAPA
100
AcDbPolyline
 90
4
 70
1
 10
322.4387
 20
-129.61419999999998
 10
323.0347
 20
-129.61419999999998
 10
323.0347
 20
-128.4202
 10
322.4387
 20
-128.4202
  0
LWPOLYLINE
  5
481
330
17
100
AcDbEntity
  8
SOBRANTES-RECORTE
100
AcDbPolyline
 90
4
 70
1
 10
322.4387
 20
-129.61419999999998
 10
323.0347
 20
-129.61419999999998
 10
323.0347
 20
-128.77409999999998
 10
322.4387
 20
-128.77409999999998
  0
TEXT
  5
482
330
17
100
AcDbEntity
  8
SOBRANTES-TEXTO
100
AcDbText
 10
322.7367
 20
-129.01719999999997
 30
0.0
 40
0.05
  1
PB-M-106
 72
1
 11
322.7367
 21
-129.01719999999997
 31
0.0
100
AcDbText
 73
2
  0
LWPOLYLINE
  5
483
330
17
100
AcDbEntity
  8
SOBRANTES-MAPA
100
AcDbPolyline
 90
4
 70
1
 10
321.8407
 20
-129.61419999999998
 10
322.43670000000003
 20
-129.61419999999998
 10
322.43670000000003
 20
-128.4202
 10
321.8407
 20
-128.4202
  0
LWPOLYLINE
  5
484
330
17
100
AcDbEntity
  8
SOBRANTES-RECORTE
100
AcDbPolyline
 90
4
 70
1
 10
321.8407
 20
-129.61419999999998
 10
322.43670000000003
 20
-129.61419999999998
 10
322.43670000000003
 20
-128.77409999999998
 10
321.8407
 20
-128.77409999999998
  0
TEXT
  5
485
330
17
100
AcDbEntity
  8
SOBRANTES-TEXTO
100
AcDbText
 10
322.13870000000003
 20
-129.01719999999997
 30
0.0
 40
0.05
  1
PB-M-105
 72
1
 11
322.13870000000003
 21
-129.01719999999997
 31
0.0
100
AcDbText
 73
2
  0
LWPOLYLINE
  5
486
330
17
100
AcDbEntity
  8
SOBRANTES-MAPA
100
AcDbPolyline
 90
4
 70
1
 10
321.2427
 20
-129.61419999999998
 10
321.8387
 20
-129.61419999999998
 10
321.8387
 20
-128.4202
 10
321.2427
 20
-128.4202
  0
LWPOLYLINE
  5
487
330
17
100
AcDbEntity
  8
SOBRANTES-RECORTE
100
AcDbPolyline
 90
4
 70
1
 10
321.2427
 20
-129.61419999999998
 10
321.8387
 20
-129.61419999999998
 10
321.8387
 20
-128.77409999999998
 10
321.2427
 20
-128.77409999999998
  0
TEXT
  5
488
330
17
100
AcDbEntity
  8
SOBRANTES-TEXTO
100
AcDbText
 10
321.5407
 20
-129.01719999999997
 30
0.0
 40
0.05
  1
PB-M-104
 72
1
 11
321.5407
 21
-129.01719999999997
 31
0.0
100
AcDbText
 73
2
  0
LWPOLYLINE
  5
489
330
17
100
AcDbEntity
  8
SOBRANTES-MAPA
100
AcDbPolyline
 90
4
 70
1
 10
328.5058
 20
-125.2615
 10
328.7058
 20
-125.2615
 10
328.7058
 20
-124.0615
 10
328.5058
 20
-124.0615
  0
LWPOLYLINE
  5
48A
330
17
100
AcDbEntity
  8
SOBRANTES-RECORTE
100
AcDbPolyline
 90
4
 70
1
 10
328.5058
 20
-124.2295
 10
328.7058
 20
-124.2295
 10
328.7058
 20
-124.0615
 10
328.5058
 20
-124.0615
  0
TEXT
  5
48B
330
17
100
AcDbEntity
  8
SOBRANTES-TEXTO
100
AcDbText
 10
328.60580000000004
 20
-124.6615
 30
0.0
 40
0.05
  1
PA-R-115
 72
1
 11
328.60580000000004
 21
-124.6615
 31
0.0
100
AcDbText
 73
2
  0
LWPOLYLINE
  5
48C
330
17
100
AcDbEntity
  8
SOBRANTES-MAPA
100
AcDbPolyline
 90
4
 70
1
 10
328.1038
 20
-125.2615
 10
328.30379999999997
 20
-125.2615
 10
328.30379999999997
 20
-124.0615
 10
328.1038
 20
-124.0615
  0
LWPOLYLINE
  5
48D
330
17
100
AcDbEntity
  8
SOBRANTES-RECORTE
100
AcDbPolyline
 90
4
 70
1
 10
328.1038
 20
-124.2295
 10
328.30379999999997
 20
-124.2295
 10
328.30379999999997
 20
-124.0615
 10
328.1038
 20
-124.0615
  0
TEXT
  5
48E
330
17
100
AcDbEntity
  8
SOBRANTES-TEXTO
100
AcDbText
 10
328.2038
 20
-124.6615
 30
0.0
 40
0.05
  1
PA-R-114
 72
1
 11
328.2038
 21
-124.6615
 31
0.0
100
AcDbText
 73
2
  0
LWPOLYLINE
  5
48F
330
17
100
AcDbEntity
  8
SOBRANTES-MAPA
100
AcDbPolyline
 90
4
 70
1
 10
327.7018
 20
-125.2615
 10
327.9018
 20
-125.2615
 10
327.9018
 20
-124.0615
 10
327.7018
 20
-124.0615
  0
LWPOLYLINE
  5
490
330
17
100
AcDbEntity
  8
SOBRANTES-RECORTE
100
AcDbPolyline
 90
4
 70
1
 10
327.7018
 20
-124.2295
 10
327.9018
 20
-124.2295
 10
327.9018
 20
-124.0615
 10
327.7018
 20
-124.0615
  0
TEXT
  5
491
330
17
100
AcDbEntity
  8
SOBRANTES-TEXTO
100
AcDbText
 10
327.8018
 20
-124.6615
 30
0.0
 40
0.05
  1
PA-R-113
 72
1
 11
327.8018
 21
-124.6615
 31
0.0
100
AcDbText
 73
2
  0
LWPOLYLINE
  5
492
330
17
100
AcDbEntity
  8
SOBRANTES-MAPA
100
AcDbPolyline
 90
4
 70
1
 10
327.2998
 20
-125.2615
 10
327.4998
 20
-125.2615
 10
327.4998
 20
-124.0615
 10
327.2998
 20
-124.0615
  0
LWPOLYLINE
  5
493
330
17
100
AcDbEntity
  8
SOBRANTES-RECORTE
100
AcDbPolyline
 90
4
 70
1
 10
327.2998
 20
-124.2295
 10
327.4998
 20
-124.2295
 10
327.4998
 20
-124.0615
 10
327.2998
 20
-124.0615
  0
TEXT
  5
494
330
17
100
AcDbEntity
  8
SOBRANTES-TEXTO
100
AcDbText
 10
327.3998
 20
-124.6615
 30
0.0
 40
0.05
  1
PA-R-112
 72
1
 11
327.3998
 21
-124.6615
 31
0.0
100
AcDbText
 73
2
  0
LWPOLYLINE
  5
495
330
17
100
AcDbEntity
  8
SOBRANTES-MAPA
100
AcDbPolyline
 90
4
 70
1
 10
326.8978
 20
-125.2615
 10
327.0978
 20
-125.2615
 10
327.0978
 20
-124.0615
 10
326.8978
 20
-124.0615
  0
LWPOLYLINE
  5
496
330
17
100
AcDbEntity
  8
SOBRANTES-RECORTE
100
AcDbPolyline
 90
4
 70
1
 10
326.8978
 20
-124.2295
 10
327.0978
 20
-124.2295
 10
327.0978
 20
-124.0615
 10
326.8978
 20
-124.0615
  0
TEXT
  5
497
330
17
100
AcDbEntity
  8
SOBRANTES-TEXTO
100
AcDbText
 10
326.99780000000004
 20
-124.6615
 30
0.0
 40
0.05
  1
PA-R-111
 72
1
 11
326.99780000000004
 21
-124.6615
 31
0.0
100
AcDbText
 73
2
  0
LWPOLYLINE
  5
498
330
17
100
AcDbEntity
  8
SOBRANTES-MAPA
100
AcDbPolyline
 90
4
 70
1
 10
326.4958
 20
-125.2615
 10
326.69579999999996
 20
-125.2615
 10
326.69579999999996
 20
-124.0615
 10
326.4958
 20
-124.0615
  0
LWPOLYLINE
  5
499
330
17
100
AcDbEntity
  8
SOBRANTES-RECORTE
100
AcDbPolyline
 90
4
 70
1
 10
326.4958
 20
-124.2295
 10
326.69579999999996
 20
-124.2295
 10
326.69579999999996
 20
-124.0615
 10
326.4958
 20
-124.0615
  0
TEXT
  5
49A
330
17
100
AcDbEntity
  8
SOBRANTES-TEXTO
100
AcDbText
 10
326.5958
 20
-124.6615
 30
0.0
 40
0.05
  1
PA-R-110
 72
1
 11
326.5958
 21
-124.6615
 31
0.0
100
AcDbText
 73
2
  0
LWPOLYLINE
  5
49B
330
17
100
AcDbEntity
  8
SOBRANTES-MAPA
100
AcDbPolyline
 90
4
 70
1
 10
326.0938
 20
-125.2615
 10
326.2938
 20
-125.2615
 10
326.2938
 20
-124.0615
 10
326.0938
 20
-124.0615
  0
LWPOLYLINE
  5
49C
330
17
100
AcDbEntity
  8
SOBRANTES-RECORTE
100
AcDbPolyline
 90
4
 70
1
 10
326.0938
 20
-124.2295
 10
326.2938
 20
-124.2295
 10
326.2938
 20
-124.0615
 10
326.0938
 20
-124.0615
  0
TEXT
  5
49D
330
17
100
AcDbEntity
  8
SOBRANTES-TEXTO
100
AcDbText
 10
326.1938
 20
-124.6615
 30
0.0
 40
0.05
  1
PA-R-109
 72
1
 11
326.1938
 21
-124.6615
 31
0.0
100
AcDbText
 73
2
  0
LWPOLYLINE
  5
49E
330
17
100
AcDbEntity
  8
SOBRANTES-MAPA
100
AcDbPolyline
 90
4
 70
1
 10
330.4777
 20
-125.2615
 10
330.6777
 20
-125.2615
 10
330.6777
 20
-124.0615
 10
330.4777
 20
-124.0615
  0
LWPOLYLINE
  5
49F
330
17
100
AcDbEntity
  8
SOBRANTES-RECORTE
100
AcDbPolyline
 90
4
 70
1
 10
330.4777
 20
-124.2295
 10
330.6777
 20
-124.2295
 10
330.6777
 20
-124.0615
 10
330.4777
 20
-124.0615
  0
TEXT
  5
4A0
330
17
100
AcDbEntity
  8
SOBRANTES-TEXTO
100
AcDbText
 10
330.57770000000005
 20
-124.6615
 30
0.0
 40
0.05
  1
PA-R-116
 72
1
 11
330.57770000000005
 21
-124.6615
 31
0.0
100
AcDbText
 73
2
  0
LWPOLYLINE
  5
4A1
330
17
100
AcDbEntity
  8
SOBRANTES-MAPA
100
AcDbPolyline
 90
4
 70
1
 10
330.8797
 20
-125.2615
 10
331.0797
 20
-125.2615
 10
331.0797
 20
-124.0615
 10
330.8797
 20
-124.0615
  0
LWPOLYLINE
  5
4A2
330
17
100
AcDbEntity
  8
SOBRANTES-RECORTE
100
AcDbPolyline
 90
4
 70
1
 10
330.8797
 20
-124.2295
 10
331.0797
 20
-124.2295
 10
331.0797
 20
-124.0615
 10
330.8797
 20
-124.0615
  0
TEXT
  5
4A3
330
17
100
AcDbEntity
  8
SOBRANTES-TEXTO
100
AcDbText
 10
330.97970000000004
 20
-124.6615
 30
0.0
 40
0.05
  1
PA-R-117
 72
1
 11
330.97970000000004
 21
-124.6615
 31
0.0
100
AcDbText
 73
2
  0
LWPOLYLINE
  5
4A4
330
17
100
AcDbEntity
  8
SOBRANTES-MAPA
100
AcDbPolyline
 90
4
 70
1
 10
331.2817
 20
-125.2615
 10
331.4817
 20
-125.2615
 10
331.4817
 20
-124.0615
 10
331.2817
 20
-124.0615
  0
LWPOLYLINE
  5
4A5
330
17
100
AcDbEntity
  8
SOBRANTES-RECORTE
100
AcDbPolyline
 90
4
 70
1
 10
331.2817
 20
-124.2295
 10
331.4817
 20
-124.2295
 10
331.4817
 20
-124.0615
 10
331.2817
 20
-124.0615
  0
TEXT
  5
4A6
330
17
100
AcDbEntity
  8
SOBRANTES-TEXTO
100
AcDbText
 10
331.3817
 20
-124.6615
 30
0.0
 40
0.05
  1
PA-R-118
 72
1
 11
331.3817
 21
-124.6615
 31
0.0
100
AcDbText
 73
2
  0
LWPOLYLINE
  5
4A7
330
17
100
AcDbEntity
  8
SOBRANTES-MAPA
100
AcDbPolyline
 90
4
 70
1
 10
331.6837
 20
-125.2615
 10
331.8837
 20
-125.2615
 10
331.8837
 20
-124.0615
 10
331.6837
 20
-124.0615
  0
LWPOLYLINE
  5
4A8
330
17
100
AcDbEntity
  8
SOBRANTES-RECORTE
100
AcDbPolyline
 90
4
 70
1
 10
331.6837
 20
-124.2295
 10
331.8837
 20
-124.2295
 10
331.8837
 20
-124.0615
 10
331.6837
 20
-124.0615
  0
TEXT
  5
4A9
330
17
100
AcDbEntity
  8
SOBRANTES-TEXTO
100
AcDbText
 10
331.7837
 20
-124.6615
 30
0.0
 40
0.05
  1
PA-R-119
 72
1
 11
331.7837
 21
-124.6615
 31
0.0
100
AcDbText
 73
2
  0
LWPOLYLINE
  5
4AA
330
17
100
AcDbEntity
  8
SOBRANTES-MAPA
100
AcDbPolyline
 90
4
 70
1
 10
332.0857
 20
-125.2615
 10
332.28569999999996
 20
-125.2615
 10
332.28569999999996
 20
-124.0615
 10
332.0857
 20
-124.0615
  0
LWPOLYLINE
  5
4AB
330
17
100
AcDbEntity
  8
SOBRANTES-RECORTE
100
AcDbPolyline
 90
4
 70
1
 10
332.0857
 20
-124.2295
 10
332.28569999999996
 20
-124.2295
 10
332.28569999999996
 20
-124.0615
 10
332.0857
 20
-124.0615
  0
TEXT
  5
4AC
330
17
100
AcDbEntity
  8
SOBRANTES-TEXTO
100
AcDbText
 10
332.1857
 20
-124.6615
 30
0.0
 40
0.05
  1
PA-R-120
 72
1
 11
332.1857
 21
-124.6615
 31
0.0
100
AcDbText
 73
2
  0
LWPOLYLINE
  5
4AD
330
17
100
AcDbEntity
  8
SOBRANTES-MAPA
100
AcDbPolyline
 90
4
 70
1
 10
332.4877
 20
-125.2615
 10
332.6877
 20
-125.2615
 10
332.6877
 20
-124.0615
 10
332.4877
 20
-124.0615
  0
LWPOLYLINE
  5
4AE
330
17
100
AcDbEntity
  8
SOBRANTES-RECORTE
100
AcDbPolyline
 90
4
 70
1
 10
332.4877
 20
-124.2295
 10
332.6877
 20
-124.2295
 10
332.6877
 20
-124.0615
 10
332.4877
 20
-124.0615
  0
TEXT
  5
4AF
330
17
100
AcDbEntity
  8
SOBRANTES-TEXTO
100
AcDbText
 10
332.58770000000004
 20
-124.6615
 30
0.0
 40
0.05
  1
PA-R-121
 72
1
 11
332.58770000000004
 21
-124.6615
 31
0.0
100
AcDbText
 73
2
  0
LWPOLYLINE
  5
4B0
330
17
100
AcDbEntity
  8
SOBRANTES-MAPA
100
AcDbPolyline
 90
4
 70
1
 10
332.8897
 20
-125.2615
 10
333.0897
 20
-125.2615
 10
333.0897
 20
-124.0615
 10
332.8897
 20
-124.0615
  0
LWPOLYLINE
  5
4B1
330
17
100
AcDbEntity
  8
SOBRANTES-RECORTE
100
AcDbPolyline
 90
4
 70
1
 10
332.8897
 20
-124.2295
 10
333.0897
 20
-124.2295
 10
333.0897
 20
-124.0615
 10
332.8897
 20
-124.0615
  0
TEXT
  5
4B2
330
17
100
AcDbEntity
  8
SOBRANTES-TEXTO
100
AcDbText
 10
332.9897
 20
-124.6615
 30
0.0
 40
0.05
  1
PA-R-122
 72
1
 11
332.9897
 21
-124.6615
 31
0.0
100
AcDbText
 73
2
  0
LWPOLYLINE
  5
4B3
330
17
100
AcDbEntity
  8
SOBRANTES-MAPA
100
AcDbPolyline
 90
4
 70
1
 10
333.2917
 20
-125.2615
 10
333.4917
 20
-125.2615
 10
333.4917
 20
-124.0615
 10
333.2917
 20
-124.0615
  0
LWPOLYLINE
  5
4B4
330
17
100
AcDbEntity
  8
SOBRANTES-RECORTE
100
AcDbPolyline
 90
4
 70
1
 10
333.2917
 20
-124.2295
 10
333.4917
 20
-124.2295
 10
333.4917
 20
-124.0615
 10
333.2917
 20
-124.0615
  0
TEXT
  5
4B5
330
17
100
AcDbEntity
  8
SOBRANTES-TEXTO
100
AcDbText
 10
333.3917
 20
-124.6615
 30
0.0
 40
0.05
  1
PA-R-123
 72
1
 11
333.3917
 21
-124.6615
 31
0.0
100
AcDbText
 73
2
  0
LWPOLYLINE
  5
4B6
330
17
100
AcDbEntity
  8
SOBRANTES-MAPA
100
AcDbPolyline
 90
4
 70
1
 10
330.2767
 20
-124.8289
 10
330.4767
 20
-124.8289
 10
330.4767
 20
-123.6289
 10
330.2767
 20
-123.6289
  0
LWPOLYLINE
  5
4B7
330
17
100
AcDbEntity
  8
SOBRANTES-RECORTE
100
AcDbPolyline
 90
4
 70
1
 10
330.2767
 20
-123.8044
 10
330.4767
 20
-123.8044
 10
330.4767
 20
-123.6289
 10
330.2767
 20
-123.6289
  0
TEXT
  5
4B8
330
17
100
AcDbEntity
  8
SOBRANTES-TEXTO
100
AcDbText
 10
330.3767
 20
-124.22890000000001
 30
0.0
 40
0.05
  1
PA-R-108
 72
1
 11
330.3767
 21
-124.22890000000001
 31
0.0
100
AcDbText
 73
2
  0
LWPOLYLINE
  5
4B9
330
17
100
AcDbEntity
  8
SOBRANTES-MAPA
100
AcDbPolyline
 90
4
 70
1
 10
317.0568
 20
-123.0599
 10
317.6528
 20
-123.0599
 10
317.6528
 20
-121.8659
 10
317.0568
 20
-121.8659
  0
LWPOLYLINE
  5
4BA
330
17
100
AcDbEntity
  8
SOBRANTES-RECORTE
100
AcDbPolyline
 90
4
 70
1
 10
317.0568
 20
-122.7346
 10
317.6528
 20
-122.7346
 10
317.6528
 20
-121.8659
 10
317.0568
 20
-121.8659
  0
TEXT
  5
4BB
330
17
100
AcDbEntity
  8
SOBRANTES-TEXTO
100
AcDbText
 10
317.3548
 20
-122.4629
 30
0.0
 40
0.05
  1
PB-M-027
 72
1
 11
317.3548
 21
-122.4629
 31
0.0
100
AcDbText
 73
2
  0
LWPOLYLINE
  5
4BC
330
17
100
AcDbEntity
  8
SOBRANTES-MAPA
100
AcDbPolyline
 90
4
 70
1
 10
317.6548
 20
-123.0599
 10
318.2508
 20
-123.0599
 10
318.2508
 20
-121.8659
 10
317.6548
 20
-121.8659
  0
LWPOLYLINE
  5
4BD
330
17
100
AcDbEntity
  8
SOBRANTES-RECORTE
100
AcDbPolyline
 90
4
 70
1
 10
317.6548
 20
-122.7346
 10
318.2508
 20
-122.7346
 10
318.2508
 20
-121.8659
 10
317.6548
 20
-121.8659
  0
TEXT
  5
4BE
330
17
100
AcDbEntity
  8
SOBRANTES-TEXTO
100
AcDbText
 10
317.9528
 20
-122.4629
 30
0.0
 40
0.05
  1
PB-M-028
 72
1
 11
317.9528
 21
-122.4629
 31
0.0
100
AcDbText
 73
2
  0
LWPOLYLINE
  5
4BF
330
17
100
AcDbEntity
  8
SOBRANTES-MAPA
100
AcDbPolyline
 90
4
 70
1
 10
318.2528
 20
-123.0599
 10
318.8488
 20
-123.0599
 10
318.8488
 20
-121.8659
 10
318.2528
 20
-121.8659
  0
LWPOLYLINE
  5
4C0
330
17
100
AcDbEntity
  8
SOBRANTES-RECORTE
100
AcDbPolyline
 90
4
 70
1
 10
318.2528
 20
-122.7346
 10
318.8488
 20
-122.7346
 10
318.8488
 20
-121.8659
 10
318.2528
 20
-121.8659
  0
TEXT
  5
4C1
330
17
100
AcDbEntity
  8
SOBRANTES-TEXTO
100
AcDbText
 10
318.5508
 20
-122.4629
 30
0.0
 40
0.05
  1
PB-M-029
 72
1
 11
318.5508
 21
-122.4629
 31
0.0
100
AcDbText
 73
2
  0
LWPOLYLINE
  5
4C2
330
17
100
AcDbEntity
  8
SOBRANTES-MAPA
100
AcDbPolyline
 90
4
 70
1
 10
318.8508
 20
-123.0599
 10
319.4468
 20
-123.0599
 10
319.4468
 20
-121.8659
 10
318.8508
 20
-121.8659
  0
LWPOLYLINE
  5
4C3
330
17
100
AcDbEntity
  8
SOBRANTES-RECORTE
100
AcDbPolyline
 90
4
 70
1
 10
318.8508
 20
-122.7346
 10
319.4468
 20
-122.7346
 10
319.4468
 20
-121.8659
 10
318.8508
 20
-121.8659
  0
TEXT
  5
4C4
330
17
100
AcDbEntity
  8
SOBRANTES-TEXTO
100
AcDbText
 10
319.1488
 20
-122.4629
 30
0.0
 40
0.05
  1
PB-M-030
 72
1
 11
319.1488
 21
-122.4629
 31
0.0
100
AcDbText
 73
2
  0
LWPOLYLINE
  5
4C5
330
17
100
AcDbEntity
  8
SOBRANTES-MAPA
100
AcDbPolyline
 90
4
 70
1
 10
319.4487
 20
-123.0599
 10
320.0447
 20
-123.0599
 10
320.0447
 20
-121.8659
 10
319.4487
 20
-121.8659
  0
LWPOLYLINE
  5
4C6
330
17
100
AcDbEntity
  8
SOBRANTES-RECORTE
100
AcDbPolyline
 90
4
 70
1
 10
319.4487
 20
-122.7346
 10
320.0447
 20
-122.7346
 10
320.0447
 20
-121.8659
 10
319.4487
 20
-121.8659
  0
TEXT
  5
4C7
330
17
100
AcDbEntity
  8
SOBRANTES-TEXTO
100
AcDbText
 10
319.7467
 20
-122.4629
 30
0.0
 40
0.05
  1
PB-M-031
 72
1
 11
319.7467
 21
-122.4629
 31
0.0
100
AcDbText
 73
2
  0
LWPOLYLINE
  5
4C8
330
17
100
AcDbEntity
  8
SOBRANTES-MAPA
100
AcDbPolyline
 90
4
 70
1
 10
320.0467
 20
-123.0599
 10
320.6427
 20
-123.0599
 10
320.6427
 20
-121.8659
 10
320.0467
 20
-121.8659
  0
LWPOLYLINE
  5
4C9
330
17
100
AcDbEntity
  8
SOBRANTES-RECORTE
100
AcDbPolyline
 90
4
 70
1
 10
320.0467
 20
-122.7346
 10
320.6427
 20
-122.7346
 10
320.6427
 20
-121.8659
 10
320.0467
 20
-121.8659
  0
TEXT
  5
4CA
330
17
100
AcDbEntity
  8
SOBRANTES-TEXTO
100
AcDbText
 10
320.3447
 20
-122.4629
 30
0.0
 40
0.05
  1
PB-M-032
 72
1
 11
320.3447
 21
-122.4629
 31
0.0
100
AcDbText
 73
2
  0
LWPOLYLINE
  5
4CB
330
17
100
AcDbEntity
  8
SOBRANTES-MAPA
100
AcDbPolyline
 90
4
 70
1
 10
321.2427
 20
-123.0599
 10
321.8387
 20
-123.0599
 10
321.8387
 20
-121.8659
 10
321.2427
 20
-121.8659
  0
LWPOLYLINE
  5
4CC
330
17
100
AcDbEntity
  8
SOBRANTES-RECORTE
100
AcDbPolyline
 90
4
 70
1
 10
321.2427
 20
-122.7346
 10
321.8387
 20
-122.7346
 10
321.8387
 20
-121.8659
 10
321.2427
 20
-121.8659
  0
TEXT
  5
4CD
330
17
100
AcDbEntity
  8
SOBRANTES-TEXTO
100
AcDbText
 10
321.5407
 20
-122.4629
 30
0.0
 40
0.05
  1
PB-M-033
 72
1
 11
321.5407
 21
-122.4629
 31
0.0
100
AcDbText
 73
2
  0
LWPOLYLINE
  5
4CE
330
17
100
AcDbEntity
  8
SOBRANTES-MAPA
100
AcDbPolyline
 90
4
 70
1
 10
321.8407
 20
-123.0599
 10
322.43670000000003
 20
-123.0599
 10
322.43670000000003
 20
-121.8659
 10
321.8407
 20
-121.8659
  0
LWPOLYLINE
  5
4CF
330
17
100
AcDbEntity
  8
SOBRANTES-RECORTE
100
AcDbPolyline
 90
4
 70
1
 10
321.8407
 20
-122.7346
 10
322.43670000000003
 20
-122.7346
 10
322.43670000000003
 20
-121.8659
 10
321.8407
 20
-121.8659
  0
TEXT
  5
4D0
330
17
100
AcDbEntity
  8
SOBRANTES-TEXTO
100
AcDbText
 10
322.13870000000003
 20
-122.4629
 30
0.0
 40
0.05
  1
PB-M-034
 72
1
 11
322.13870000000003
 21
-122.4629
 31
0.0
100
AcDbText
 73
2
  0
LWPOLYLINE
  5
4D1
330
17
100
AcDbEntity
  8
SOBRANTES-MAPA
100
AcDbPolyline
 90
4
 70
1
 10
322.4387
 20
-123.0599
 10
323.0347
 20
-123.0599
 10
323.0347
 20
-121.8659
 10
322.4387
 20
-121.8659
  0
LWPOLYLINE
  5
4D2
330
17
100
AcDbEntity
  8
SOBRANTES-RECORTE
100
AcDbPolyline
 90
4
 70
1
 10
322.4387
 20
-122.7346
 10
323.0347
 20
-122.7346
 10
323.0347
 20
-121.8659
 10
322.4387
 20
-121.8659
  0
TEXT
  5
4D3
330
17
100
AcDbEntity
  8
SOBRANTES-TEXTO
100
AcDbText
 10
322.7367
 20
-122.4629
 30
0.0
 40
0.05
  1
PB-M-035
 72
1
 11
322.7367
 21
-122.4629
 31
0.0
100
AcDbText
 73
2
  0
LWPOLYLINE
  5
4D4
330
17
100
AcDbEntity
  8
SOBRANTES-MAPA
100
AcDbPolyline
 90
4
 70
1
 10
323.0367
 20
-123.0599
 10
323.6327
 20
-123.0599
 10
323.6327
 20
-121.8659
 10
323.0367
 20
-121.8659
  0
LWPOLYLINE
  5
4D5
330
17
100
AcDbEntity
  8
SOBRANTES-RECORTE
100
AcDbPolyline
 90
4
 70
1
 10
323.0367
 20
-122.7346
 10
323.6327
 20
-122.7346
 10
323.6327
 20
-121.8659
 10
323.0367
 20
-121.8659
  0
TEXT
  5
4D6
330
17
100
AcDbEntity
  8
SOBRANTES-TEXTO
100
AcDbText
 10
323.3347
 20
-122.4629
 30
0.0
 40
0.05
  1
PB-M-036
 72
1
 11
323.3347
 21
-122.4629
 31
0.0
100
AcDbText
 73
2
  0
LWPOLYLINE
  5
4D7
330
17
100
AcDbEntity
  8
SOBRANTES-MAPA
100
AcDbPolyline
 90
4
 70
1
 10
323.4722
 20
-127.79990000000001
 10
324.0682
 20
-127.79990000000001
 10
324.0682
 20
-126.6059
 10
323.4722
 20
-126.6059
  0
LWPOLYLINE
  5
4D8
330
17
100
AcDbEntity
  8
SOBRANTES-RECORTE
100
AcDbPolyline
 90
4
 70
1
 10
323.4722
 20
-127.0442
 10
323.6346
 20
-127.0442
 10
323.6346
 20
-126.6059
 10
323.4722
 20
-126.6059
  0
LWPOLYLINE
  5
4D9
330
17
100
AcDbEntity
  8
SOBRANTES-RECORTE
100
AcDbPolyline
 90
4
 70
1
 10
323.6346
 20
-127.79990000000001
 10
324.0682
 20
-127.79990000000001
 10
324.0682
 20
-127.0442
 10
323.6346
 20
-127.0442
  0
TEXT
  5
4DA
330
17
100
AcDbEntity
  8
SOBRANTES-TEXTO
100
AcDbText
 10
323.7702
 20
-127.20290000000001
 30
0.0
 40
0.05
  1
PB-M-078
 72
1
 11
323.7702
 21
-127.20290000000001
 31
0.0
100
AcDbText
 73
2
  0
LWPOLYLINE
  5
4DB
330
17
100
AcDbEntity
  8
SOBRANTES-MAPA
100
AcDbPolyline
 90
4
 70
1
 10
328.5058
 20
-121.8264
 10
328.7058
 20
-121.8264
 10
328.7058
 20
-120.6264
 10
328.5058
 20
-120.6264
  0
LWPOLYLINE
  5
4DC
330
17
100
AcDbEntity
  8
SOBRANTES-RECORTE
100
AcDbPolyline
 90
4
 70
1
 10
328.5058
 20
-120.8797
 10
328.7058
 20
-120.8797
 10
328.7058
 20
-120.6264
 10
328.5058
 20
-120.6264
  0
TEXT
  5
4DD
330
17
100
AcDbEntity
  8
SOBRANTES-TEXTO
100
AcDbText
 10
328.60580000000004
 20
-121.22640000000001
 30
0.0
 40
0.05
  1
PA-R-023
 72
1
 11
328.60580000000004
 21
-121.22640000000001
 31
0.0
100
AcDbText
 73
2
  0
LWPOLYLINE
  5
4DE
330
17
100
AcDbEntity
  8
SOBRANTES-MAPA
100
AcDbPolyline
 90
4
 70
1
 10
328.1038
 20
-121.8264
 10
328.30379999999997
 20
-121.8264
 10
328.30379999999997
 20
-120.6264
 10
328.1038
 20
-120.6264
  0
LWPOLYLINE
  5
4DF
330
17
100
AcDbEntity
  8
SOBRANTES-RECORTE
100
AcDbPolyline
 90
4
 70
1
 10
328.1038
 20
-120.8797
 10
328.30379999999997
 20
-120.8797
 10
328.30379999999997
 20
-120.6264
 10
328.1038
 20
-120.6264
  0
TEXT
  5
4E0
330
17
100
AcDbEntity
  8
SOBRANTES-TEXTO
100
AcDbText
 10
328.2038
 20
-121.22640000000001
 30
0.0
 40
0.05
  1
PA-R-022
 72
1
 11
328.2038
 21
-121.22640000000001
 31
0.0
100
AcDbText
 73
2
  0
LWPOLYLINE
  5
4E1
330
17
100
AcDbEntity
  8
SOBRANTES-MAPA
100
AcDbPolyline
 90
4
 70
1
 10
327.7018
 20
-121.8264
 10
327.9018
 20
-121.8264
 10
327.9018
 20
-120.6264
 10
327.7018
 20
-120.6264
  0
LWPOLYLINE
  5
4E2
330
17
100
AcDbEntity
  8
SOBRANTES-RECORTE
100
AcDbPolyline
 90
4
 70
1
 10
327.7018
 20
-120.8797
 10
327.9018
 20
-120.8797
 10
327.9018
 20
-120.6264
 10
327.7018
 20
-120.6264
  0
TEXT
  5
4E3
330
17
100
AcDbEntity
  8
SOBRANTES-TEXTO
100
AcDbText
 10
327.8018
 20
-121.22640000000001
 30
0.0
 40
0.05
  1
PA-R-021
 72
1
 11
327.8018
 21
-121.22640000000001
 31
0.0
100
AcDbText
 73
2
  0
LWPOLYLINE
  5
4E4
330
17
100
AcDbEntity
  8
SOBRANTES-MAPA
100
AcDbPolyline
 90
4
 70
1
 10
327.2998
 20
-121.8264
 10
327.4998
 20
-121.8264
 10
327.4998
 20
-120.6264
 10
327.2998
 20
-120.6264
  0
LWPOLYLINE
  5
4E5
330
17
100
AcDbEntity
  8
SOBRANTES-RECORTE
100
AcDbPolyline
 90
4
 70
1
 10
327.2998
 20
-120.8797
 10
327.4998
 20
-120.8797
 10
327.4998
 20
-120.6264
 10
327.2998
 20
-120.6264
  0
TEXT
  5
4E6
330
17
100
AcDbEntity
  8
SOBRANTES-TEXTO
100
AcDbText
 10
327.3998
 20
-121.22640000000001
 30
0.0
 40
0.05
  1
PA-R-020
 72
1
 11
327.3998
 21
-121.22640000000001
 31
0.0
100
AcDbText
 73
2
  0
LWPOLYLINE
  5
4E7
330
17
100
AcDbEntity
  8
SOBRANTES-MAPA
100
AcDbPolyline
 90
4
 70
1
 10
326.8978
 20
-121.8264
 10
327.0978
 20
-121.8264
 10
327.0978
 20
-120.6264
 10
326.8978
 20
-120.6264
  0
LWPOLYLINE
  5
4E8
330
17
100
AcDbEntity
  8
SOBRANTES-RECORTE
100
AcDbPolyline
 90
4
 70
1
 10
326.8978
 20
-120.8797
 10
327.0978
 20
-120.8797
 10
327.0978
 20
-120.6264
 10
326.8978
 20
-120.6264
  0
TEXT
  5
4E9
330
17
100
AcDbEntity
  8
SOBRANTES-TEXTO
100
AcDbText
 10
326.99780000000004
 20
-121.22640000000001
 30
0.0
 40
0.05
  1
PA-R-019
 72
1
 11
326.99780000000004
 21
-121.22640000000001
 31
0.0
100
AcDbText
 73
2
  0
LWPOLYLINE
  5
4EA
330
17
100
AcDbEntity
  8
SOBRANTES-MAPA
100
AcDbPolyline
 90
4
 70
1
 10
326.4958
 20
-121.8264
 10
326.69579999999996
 20
-121.8264
 10
326.69579999999996
 20
-120.6264
 10
326.4958
 20
-120.6264
  0
LWPOLYLINE
  5
4EB
330
17
100
AcDbEntity
  8
SOBRANTES-RECORTE
100
AcDbPolyline
 90
4
 70
1
 10
326.4958
 20
-120.8797
 10
326.69579999999996
 20
-120.8797
 10
326.69579999999996
 20
-120.6264
 10
326.4958
 20
-120.6264
  0
TEXT
  5
4EC
330
17
100
AcDbEntity
  8
SOBRANTES-TEXTO
100
AcDbText
 10
326.5958
 20
-121.22640000000001
 30
0.0
 40
0.05
  1
PA-R-018
 72
1
 11
326.5958
 21
-121.22640000000001
 31
0.0
100
AcDbText
 73
2
  0
LWPOLYLINE
  5
4ED
330
17
100
AcDbEntity
  8
SOBRANTES-MAPA
100
AcDbPolyline
 90
4
 70
1
 10
326.0938
 20
-121.8264
 10
326.2938
 20
-121.8264
 10
326.2938
 20
-120.6264
 10
326.0938
 20
-120.6264
  0
LWPOLYLINE
  5
4EE
330
17
100
AcDbEntity
  8
SOBRANTES-RECORTE
100
AcDbPolyline
 90
4
 70
1
 10
326.0938
 20
-120.8797
 10
326.2938
 20
-120.8797
 10
326.2938
 20
-120.6264
 10
326.0938
 20
-120.6264
  0
TEXT
  5
4EF
330
17
100
AcDbEntity
  8
SOBRANTES-TEXTO
100
AcDbText
 10
326.1938
 20
-121.22640000000001
 30
0.0
 40
0.05
  1
PA-R-017
 72
1
 11
326.1938
 21
-121.22640000000001
 31
0.0
100
AcDbText
 73
2
  0
LWPOLYLINE
  5
4F0
330
17
100
AcDbEntity
  8
SOBRANTES-MAPA
100
AcDbPolyline
 90
4
 70
1
 10
330.8797
 20
-121.8264
 10
331.0797
 20
-121.8264
 10
331.0797
 20
-120.6264
 10
330.8797
 20
-120.6264
  0
LWPOLYLINE
  5
4F1
330
17
100
AcDbEntity
  8
SOBRANTES-RECORTE
100
AcDbPolyline
 90
4
 70
1
 10
330.8797
 20
-120.8797
 10
331.0797
 20
-120.8797
 10
331.0797
 20
-120.6264
 10
330.8797
 20
-120.6264
  0
TEXT
  5
4F2
330
17
100
AcDbEntity
  8
SOBRANTES-TEXTO
100
AcDbText
 10
330.97970000000004
 20
-121.22640000000001
 30
0.0
 40
0.05
  1
PA-R-024
 72
1
 11
330.97970000000004
 21
-121.22640000000001
 31
0.0
100
AcDbText
 73
2
  0
LWPOLYLINE
  5
4F3
330
17
100
AcDbEntity
  8
SOBRANTES-MAPA
100
AcDbPolyline
 90
4
 70
1
 10
331.2817
 20
-121.8264
 10
331.4817
 20
-121.8264
 10
331.4817
 20
-120.6264
 10
331.2817
 20
-120.6264
  0
LWPOLYLINE
  5
4F4
330
17
100
AcDbEntity
  8
SOBRANTES-RECORTE
100
AcDbPolyline
 90
4
 70
1
 10
331.2817
 20
-120.8797
 10
331.4817
 20
-120.8797
 10
331.4817
 20
-120.6264
 10
331.2817
 20
-120.6264
  0
TEXT
  5
4F5
330
17
100
AcDbEntity
  8
SOBRANTES-TEXTO
100
AcDbText
 10
331.3817
 20
-121.22640000000001
 30
0.0
 40
0.05
  1
PA-R-025
 72
1
 11
331.3817
 21
-121.22640000000001
 31
0.0
100
AcDbText
 73
2
  0
LWPOLYLINE
  5
4F6
330
17
100
AcDbEntity
  8
SOBRANTES-MAPA
100
AcDbPolyline
 90
4
 70
1
 10
331.6837
 20
-121.8264
 10
331.8837
 20
-121.8264
 10
331.8837
 20
-120.6264
 10
331.6837
 20
-120.6264
  0
LWPOLYLINE
  5
4F7
330
17
100
AcDbEntity
  8
SOBRANTES-RECORTE
100
AcDbPolyline
 90
4
 70
1
 10
331.6837
 20
-120.8797
 10
331.8837
 20
-120.8797
 10
331.8837
 20
-120.6264
 10
331.6837
 20
-120.6264
  0
TEXT
  5
4F8
330
17
100
AcDbEntity
  8
SOBRANTES-TEXTO
100
AcDbText
 10
331.7837
 20
-121.22640000000001
 30
0.0
 40
0.05
  1
PA-R-026
 72
1
 11
331.7837
 21
-121.22640000000001
 31
0.0
100
AcDbText
 73
2
  0
LWPOLYLINE
  5
4F9
330
17
100
AcDbEntity
  8
SOBRANTES-MAPA
100
AcDbPolyline
 90
4
 70
1
 10
332.0857
 20
-121.8264
 10
332.28569999999996
 20
-121.8264
 10
332.28569999999996
 20
-120.6264
 10
332.0857
 20
-120.6264
  0
LWPOLYLINE
  5
4FA
330
17
100
AcDbEntity
  8
SOBRANTES-RECORTE
100
AcDbPolyline
 90
4
 70
1
 10
332.0857
 20
-120.8797
 10
332.28569999999996
 20
-120.8797
 10
332.28569999999996
 20
-120.6264
 10
332.0857
 20
-120.6264
  0
TEXT
  5
4FB
330
17
100
AcDbEntity
  8
SOBRANTES-TEXTO
100
AcDbText
 10
332.1857
 20
-121.22640000000001
 30
0.0
 40
0.05
  1
PA-R-027
 72
1
 11
332.1857
 21
-121.22640000000001
 31
0.0
100
AcDbText
 73
2
  0
LWPOLYLINE
  5
4FC
330
17
100
AcDbEntity
  8
SOBRANTES-MAPA
100
AcDbPolyline
 90
4
 70
1
 10
332.4877
 20
-121.8264
 10
332.6877
 20
-121.8264
 10
332.6877
 20
-120.6264
 10
332.4877
 20
-120.6264
  0
LWPOLYLINE
  5
4FD
330
17
100
AcDbEntity
  8
SOBRANTES-RECORTE
100
AcDbPolyline
 90
4
 70
1
 10
332.4877
 20
-120.8797
 10
332.6877
 20
-120.8797
 10
332.6877
 20
-120.6264
 10
332.4877
 20
-120.6264
  0
TEXT
  5
4FE
330
17
100
AcDbEntity
  8
SOBRANTES-TEXTO
100
AcDbText
 10
332.58770000000004
 20
-121.22640000000001
 30
0.0
 40
0.05
  1
PA-R-028
 72
1
 11
332.58770000000004
 21
-121.22640000000001
 31
0.0
100
AcDbText
 73
2
  0
LWPOLYLINE
  5
4FF
330
17
100
AcDbEntity
  8
SOBRANTES-MAPA
100
AcDbPolyline
 90
4
 70
1
 10
332.8897
 20
-121.8264
 10
333.0897
 20
-121.8264
 10
333.0897
 20
-120.6264
 10
332.8897
 20
-120.6264
  0
LWPOLYLINE
  5
500
330
17
100
AcDbEntity
  8
SOBRANTES-RECORTE
100
AcDbPolyline
 90
4
 70
1
 10
332.8897
 20
-120.8797
 10
333.0897
 20
-120.8797
 10
333.0897
 20
-120.6264
 10
332.8897
 20
-120.6264
  0
TEXT
  5
501
330
17
100
AcDbEntity
  8
SOBRANTES-TEXTO
100
AcDbText
 10
332.9897
 20
-121.22640000000001
 30
0.0
 40
0.05
  1
PA-R-029
 72
1
 11
332.9897
 21
-121.22640000000001
 31
0.0
100
AcDbText
 73
2
  0
LWPOLYLINE
  5
502
330
17
100
AcDbEntity
  8
SOBRANTES-MAPA
100
AcDbPolyline
 90
4
 70
1
 10
333.2917
 20
-121.8264
 10
333.4917
 20
-121.8264
 10
333.4917
 20
-120.6264
 10
333.2917
 20
-120.6264
  0
LWPOLYLINE
  5
503
330
17
100
AcDbEntity
  8
SOBRANTES-RECORTE
100
AcDbPolyline
 90
4
 70
1
 10
333.2917
 20
-120.8797
 10
333.4917
 20
-120.8797
 10
333.4917
 20
-120.6264
 10
333.2917
 20
-120.6264
  0
TEXT
  5
504
330
17
100
AcDbEntity
  8
SOBRANTES-TEXTO
100
AcDbText
 10
333.3917
 20
-121.22640000000001
 30
0.0
 40
0.05
  1
PA-R-030
 72
1
 11
333.3917
 21
-121.22640000000001
 31
0.0
100
AcDbText
 73
2
  0
LWPOLYLINE
  5
505
330
17
100
AcDbEntity
  8
SOBRANTES-MAPA
100
AcDbPolyline
 90
4
 70
1
 10
333.0907
 20
-132.356
 10
333.2907
 20
-132.356
 10
333.2907
 20
-131.156
 10
333.0907
 20
-131.156
  0
LWPOLYLINE
  5
506
330
17
100
AcDbEntity
  8
SOBRANTES-RECORTE
100
AcDbPolyline
 90
4
 70
1
 10
333.0907
 20
-132.356
 10
333.2907
 20
-132.356
 10
333.2907
 20
-132.0738
 10
333.0907
 20
-132.0738
  0
TEXT
  5
507
330
17
100
AcDbEntity
  8
SOBRANTES-TEXTO
100
AcDbText
 10
333.19070000000005
 20
-131.756
 30
0.0
 40
0.05
  1
PA-R-198
 72
1
 11
333.19070000000005
 21
-131.756
 31
0.0
100
AcDbText
 73
2
  0
LWPOLYLINE
  5
508
330
17
100
AcDbEntity
  8
SOBRANTES-MAPA
100
AcDbPolyline
 90
4
 70
1
 10
332.6887
 20
-132.356
 10
332.8887
 20
-132.356
 10
332.8887
 20
-131.156
 10
332.6887
 20
-131.156
  0
LWPOLYLINE
  5
509
330
17
100
AcDbEntity
  8
SOBRANTES-RECORTE
100
AcDbPolyline
 90
4
 70
1
 10
332.6887
 20
-132.356
 10
332.8887
 20
-132.356
 10
332.8887
 20
-132.0738
 10
332.6887
 20
-132.0738
  0
TEXT
  5
50A
330
17
100
AcDbEntity
  8
SOBRANTES-TEXTO
100
AcDbText
 10
332.7887
 20
-131.756
 30
0.0
 40
0.05
  1
PA-R-197
 72
1
 11
332.7887
 21
-131.756
 31
0.0
100
AcDbText
 73
2
  0
LWPOLYLINE
  5
50B
330
17
100
AcDbEntity
  8
SOBRANTES-MAPA
100
AcDbPolyline
 90
4
 70
1
 10
332.2867
 20
-132.356
 10
332.4867
 20
-132.356
 10
332.4867
 20
-131.156
 10
332.2867
 20
-131.156
  0
LWPOLYLINE
  5
50C
330
17
100
AcDbEntity
  8
SOBRANTES-RECORTE
100
AcDbPolyline
 90
4
 70
1
 10
332.2867
 20
-132.356
 10
332.4867
 20
-132.356
 10
332.4867
 20
-132.0738
 10
332.2867
 20
-132.0738
  0
TEXT
  5
50D
330
17
100
AcDbEntity
  8
SOBRANTES-TEXTO
100
AcDbText
 10
332.3867
 20
-131.756
 30
0.0
 40
0.05
  1
PA-R-196
 72
1
 11
332.3867
 21
-131.756
 31
0.0
100
AcDbText
 73
2
  0
LWPOLYLINE
  5
50E
330
17
100
AcDbEntity
  8
SOBRANTES-MAPA
100
AcDbPolyline
 90
4
 70
1
 10
331.8847
 20
-132.356
 10
332.0847
 20
-132.356
 10
332.0847
 20
-131.156
 10
331.8847
 20
-131.156
  0
LWPOLYLINE
  5
50F
330
17
100
AcDbEntity
  8
SOBRANTES-RECORTE
100
AcDbPolyline
 90
4
 70
1
 10
331.8847
 20
-132.356
 10
332.0847
 20
-132.356
 10
332.0847
 20
-132.0738
 10
331.8847
 20
-132.0738
  0
TEXT
  5
510
330
17
100
AcDbEntity
  8
SOBRANTES-TEXTO
100
AcDbText
 10
331.98470000000003
 20
-131.756
 30
0.0
 40
0.05
  1
PA-R-195
 72
1
 11
331.98470000000003
 21
-131.756
 31
0.0
100
AcDbText
 73
2
  0
LWPOLYLINE
  5
511
330
17
100
AcDbEntity
  8
SOBRANTES-MAPA
100
AcDbPolyline
 90
4
 70
1
 10
331.4827
 20
-132.356
 10
331.6827
 20
-132.356
 10
331.6827
 20
-131.156
 10
331.4827
 20
-131.156
  0
LWPOLYLINE
  5
512
330
17
100
AcDbEntity
  8
SOBRANTES-RECORTE
100
AcDbPolyline
 90
4
 70
1
 10
331.4827
 20
-132.356
 10
331.6827
 20
-132.356
 10
331.6827
 20
-132.0738
 10
331.4827
 20
-132.0738
  0
TEXT
  5
513
330
17
100
AcDbEntity
  8
SOBRANTES-TEXTO
100
AcDbText
 10
331.58270000000005
 20
-131.756
 30
0.0
 40
0.05
  1
PA-R-194
 72
1
 11
331.58270000000005
 21
-131.756
 31
0.0
100
AcDbText
 73
2
  0
LWPOLYLINE
  5
514
330
17
100
AcDbEntity
  8
SOBRANTES-MAPA
100
AcDbPolyline
 90
4
 70
1
 10
331.0807
 20
-132.356
 10
331.28069999999997
 20
-132.356
 10
331.28069999999997
 20
-131.156
 10
331.0807
 20
-131.156
  0
LWPOLYLINE
  5
515
330
17
100
AcDbEntity
  8
SOBRANTES-RECORTE
100
AcDbPolyline
 90
4
 70
1
 10
331.0807
 20
-132.356
 10
331.28069999999997
 20
-132.356
 10
331.28069999999997
 20
-132.0738
 10
331.0807
 20
-132.0738
  0
TEXT
  5
516
330
17
100
AcDbEntity
  8
SOBRANTES-TEXTO
100
AcDbText
 10
331.1807
 20
-131.756
 30
0.0
 40
0.05
  1
PA-R-193
 72
1
 11
331.1807
 21
-131.756
 31
0.0
100
AcDbText
 73
2
  0
LWPOLYLINE
  5
517
330
17
100
AcDbEntity
  8
SOBRANTES-MAPA
100
AcDbPolyline
 90
4
 70
1
 10
330.6787
 20
-132.356
 10
330.8787
 20
-132.356
 10
330.8787
 20
-131.156
 10
330.6787
 20
-131.156
  0
LWPOLYLINE
  5
518
330
17
100
AcDbEntity
  8
SOBRANTES-RECORTE
100
AcDbPolyline
 90
4
 70
1
 10
330.6787
 20
-132.356
 10
330.8787
 20
-132.356
 10
330.8787
 20
-132.0738
 10
330.6787
 20
-132.0738
  0
TEXT
  5
519
330
17
100
AcDbEntity
  8
SOBRANTES-TEXTO
100
AcDbText
 10
330.7787
 20
-131.756
 30
0.0
 40
0.05
  1
PA-R-192
 72
1
 11
330.7787
 21
-131.756
 31
0.0
100
AcDbText
 73
2
  0
LWPOLYLINE
  5
51A
330
17
100
AcDbEntity
  8
SOBRANTES-MAPA
100
AcDbPolyline
 90
4
 70
1
 10
330.2767
 20
-132.356
 10
330.4767
 20
-132.356
 10
330.4767
 20
-131.156
 10
330.2767
 20
-131.156
  0
LWPOLYLINE
  5
51B
330
17
100
AcDbEntity
  8
SOBRANTES-RECORTE
100
AcDbPolyline
 90
4
 70
1
 10
330.2767
 20
-132.356
 10
330.4767
 20
-132.356
 10
330.4767
 20
-132.0738
 10
330.2767
 20
-132.0738
  0
TEXT
  5
51C
330
17
100
AcDbEntity
  8
SOBRANTES-TEXTO
100
AcDbText
 10
330.3767
 20
-131.756
 30
0.0
 40
0.05
  1
PA-R-191
 72
1
 11
330.3767
 21
-131.756
 31
0.0
100
AcDbText
 73
2
  0
LWPOLYLINE
  5
51D
330
17
100
AcDbEntity
  8
SOBRANTES-MAPA
100
AcDbPolyline
 90
4
 70
1
 10
328.9971
 20
-131.3419
 10
329.5931
 20
-131.3419
 10
329.5931
 20
-130.14790000000002
 10
328.9971
 20
-130.14790000000002
  0
LWPOLYLINE
  5
51E
330
17
100
AcDbEntity
  8
SOBRANTES-RECORTE
100
AcDbPolyline
 90
4
 70
1
 10
329.2469
 20
-130.8539
 10
329.5931
 20
-130.8539
 10
329.5931
 20
-130.14790000000002
 10
329.2469
 20
-130.14790000000002
  0
LWPOLYLINE
  5
51F
330
17
100
AcDbEntity
  8
SOBRANTES-RECORTE
100
AcDbPolyline
 90
4
 70
1
 10
328.9971
 20
-131.3419
 10
329.2469
 20
-131.3419
 10
329.2469
 20
-130.8539
 10
328.9971
 20
-130.8539
  0
TEXT
  5
520
330
17
100
AcDbEntity
  8
SOBRANTES-TEXTO
100
AcDbText
 10
329.2951
 20
-130.7449
 30
0.0
 40
0.05
  1
PA-M-042
 72
1
 11
329.2951
 21
-130.7449
 31
0.0
100
AcDbText
 73
2
  0
LWPOLYLINE
  5
521
330
17
100
AcDbEntity
  8
SOBRANTES-MAPA
100
AcDbPolyline
 90
4
 70
1
 10
329.8469
 20
-131.3419
 10
330.4429
 20
-131.3419
 10
330.4429
 20
-130.14790000000002
 10
329.8469
 20
-130.14790000000002
  0
LWPOLYLINE
  5
522
330
17
100
AcDbEntity
  8
SOBRANTES-RECORTE
100
AcDbPolyline
 90
4
 70
1
 10
330.0967
 20
-130.8539
 10
330.4429
 20
-130.8539
 10
330.4429
 20
-130.14790000000002
 10
330.0967
 20
-130.14790000000002
  0
LWPOLYLINE
  5
523
330
17
100
AcDbEntity
  8
SOBRANTES-RECORTE
100
AcDbPolyline
 90
4
 70
1
 10
329.8469
 20
-131.3419
 10
330.0967
 20
-131.3419
 10
330.0967
 20
-130.8539
 10
329.8469
 20
-130.8539
  0
TEXT
  5
524
330
17
100
AcDbEntity
  8
SOBRANTES-TEXTO
100
AcDbText
 10
330.1449
 20
-130.7449
 30
0.0
 40
0.05
  1
PA-M-044
 72
1
 11
330.1449
 21
-130.7449
 31
0.0
100
AcDbText
 73
2
  0
LWPOLYLINE
  5
525
330
17
100
AcDbEntity
  8
SOBRANTES-MAPA
100
AcDbPolyline
 90
4
 70
1
 10
329.0868
 20
-123.0139
 10
329.6828
 20
-123.0139
 10
329.6828
 20
-121.8199
 10
329.0868
 20
-121.8199
  0
LWPOLYLINE
  5
526
330
17
100
AcDbEntity
  8
SOBRANTES-RECORTE
100
AcDbPolyline
 90
4
 70
1
 10
329.2469
 20
-123.0139
 10
329.6828
 20
-123.0139
 10
329.6828
 20
-121.92970000000001
 10
329.2469
 20
-121.92970000000001
  0
LWPOLYLINE
  5
527
330
17
100
AcDbEntity
  8
SOBRANTES-RECORTE
100
AcDbPolyline
 90
4
 70
1
 10
329.0868
 20
-121.92970000000001
 10
329.2469
 20
-121.92970000000001
 10
329.2469
 20
-121.81990000000002
 10
329.0868
 20
-121.81990000000002
  0
TEXT
  5
528
330
17
100
AcDbEntity
  8
SOBRANTES-TEXTO
100
AcDbText
 10
329.3848
 20
-122.41690000000001
 30
0.0
 40
0.05
  1
PA-M-001
 72
1
 11
329.3848
 21
-122.41690000000001
 31
0.0
100
AcDbText
 73
2
  0
LWPOLYLINE
  5
529
330
17
100
AcDbEntity
  8
SOBRANTES-MAPA
100
AcDbPolyline
 90
4
 70
1
 10
330.7367
 20
-123.6279
 10
330.9367
 20
-123.6279
 10
330.9367
 20
-122.4279
 10
330.7367
 20
-122.4279
  0
LWPOLYLINE
  5
52A
330
17
100
AcDbEntity
  8
SOBRANTES-RECORTE
100
AcDbPolyline
 90
4
 70
1
 10
330.8788
 20
-123.6279
 10
330.93670000000003
 20
-123.6279
 10
330.93670000000003
 20
-122.4279
 10
330.8788
 20
-122.4279
  0
TEXT
  5
52B
330
17
100
AcDbEntity
  8
SOBRANTES-TEXTO
100
AcDbText
 10
330.8367
 20
-123.0279
 30
0.0
 40
0.05
  1
PA-R-069
 72
1
 11
330.8367
 21
-123.0279
 31
0.0
100
AcDbText
 73
2
  0
LWPOLYLINE
  5
52C
330
17
100
AcDbEntity
  8
SOBRANTES-MAPA
100
AcDbPolyline
 90
4
 70
1
 10
330.7367
 20
-122.4269
 10
330.9367
 20
-122.4269
 10
330.9367
 20
-121.2269
 10
330.7367
 20
-121.2269
  0
LWPOLYLINE
  5
52D
330
17
100
AcDbEntity
  8
SOBRANTES-RECORTE
100
AcDbPolyline
 90
4
 70
1
 10
330.8788
 20
-122.4269
 10
330.93670000000003
 20
-122.4269
 10
330.93670000000003
 20
-121.2269
 10
330.8788
 20
-121.2269
  0
TEXT
  5
52E
330
17
100
AcDbEntity
  8
SOBRANTES-TEXTO
100
AcDbText
 10
330.8367
 20
-121.82690000000001
 30
0.0
 40
0.05
  1
PA-R-039
 72
1
 11
330.8367
 21
-121.82690000000001
 31
0.0
100
AcDbText
 73
2
  0
LWPOLYLINE
  5
52F
330
17
100
AcDbEntity
  8
SOBRANTES-MAPA
100
AcDbPolyline
 90
4
 70
1
 10
333.4706
 20
-128.5812
 10
334.0666
 20
-128.5812
 10
334.0666
 20
-127.38719999999999
 10
333.4706
 20
-127.38719999999999
  0
LWPOLYLINE
  5
530
330
17
100
AcDbEntity
  8
SOBRANTES-RECORTE
100
AcDbPolyline
 90
4
 70
1
 10
333.6165
 20
-128.4912
 10
334.0666
 20
-128.4912
 10
334.0666
 20
-127.38719999999999
 10
333.6165
 20
-127.38719999999999
  0
LWPOLYLINE
  5
531
330
17
100
AcDbEntity
  8
SOBRANTES-RECORTE
100
AcDbPolyline
 90
4
 70
1
 10
333.4706
 20
-128.5812
 10
333.6165
 20
-128.5812
 10
333.6165
 20
-128.4912
 10
333.4706
 20
-128.4912
  0
TEXT
  5
532
330
17
100
AcDbEntity
  8
SOBRANTES-TEXTO
100
AcDbText
 10
333.7686
 20
-127.9842
 30
0.0
 40
0.05
  1
PA-M-032
 72
1
 11
333.7686
 21
-127.9842
 31
0.0
100
AcDbText
 73
2
  0
LWPOLYLINE
  5
533
330
17
100
AcDbEntity
  8
SOBRANTES-MAPA
100
AcDbPolyline
 90
4
 70
1
 10
320.6447
 20
-123.0599
 10
321.2407
 20
-123.0599
 10
321.2407
 20
-121.8659
 10
320.6447
 20
-121.8659
  0
LWPOLYLINE
  5
534
330
17
100
AcDbEntity
  8
SOBRANTES-RECORTE
100
AcDbPolyline
 90
4
 70
1
 10
320.6447
 20
-122.7946
 10
321.2407
 20
-122.7946
 10
321.2407
 20
-121.8659
 10
320.6447
 20
-121.8659
  0
TEXT
  5
535
330
17
100
AcDbEntity
  8
SOBRANTES-TEXTO
100
AcDbText
 10
320.9427
 20
-122.4629
 30
0.0
 40
0.05
  1
PB-M-038
 72
1
 11
320.9427
 21
-122.4629
 31
0.0
100
AcDbText
 73
2
  0
LWPOLYLINE
  5
536
330
17
100
AcDbEntity
  8
SOBRANTES-MAPA
100
AcDbPolyline
 90
4
 70
1
 10
316.4588
 20
-123.0599
 10
317.0548
 20
-123.0599
 10
317.0548
 20
-121.8659
 10
316.4588
 20
-121.8659
  0
LWPOLYLINE
  5
537
330
17
100
AcDbEntity
  8
SOBRANTES-RECORTE
100
AcDbPolyline
 90
4
 70
1
 10
316.4588
 20
-122.7946
 10
317.0548
 20
-122.7946
 10
317.0548
 20
-121.8659
 10
316.4588
 20
-121.8659
  0
TEXT
  5
538
330
17
100
AcDbEntity
  8
SOBRANTES-TEXTO
100
AcDbText
 10
316.7568
 20
-122.4629
 30
0.0
 40
0.05
  1
PB-M-037
 72
1
 11
316.7568
 21
-122.4629
 31
0.0
100
AcDbText
 73
2
  0
LWPOLYLINE
  5
539
330
17
100
AcDbEntity
  8
SOBRANTES-MAPA
100
AcDbPolyline
 90
4
 70
1
 10
331.6837
 20
-129.78119999999998
 10
331.8837
 20
-129.78119999999998
 10
331.8837
 20
-128.5812
 10
331.6837
 20
-128.5812
  0
LWPOLYLINE
  5
53A
330
17
100
AcDbEntity
  8
SOBRANTES-RECORTE
100
AcDbPolyline
 90
4
 70
1
 10
331.6837
 20
-129.78119999999998
 10
331.8837
 20
-129.78119999999998
 10
331.8837
 20
-129.3535
 10
331.6837
 20
-129.3535
  0
TEXT
  5
53B
330
17
100
AcDbEntity
  8
SOBRANTES-TEXTO
100
AcDbText
 10
331.7837
 20
-129.1812
 30
0.0
 40
0.05
  1
PA-R-151
 72
1
 11
331.7837
 21
-129.1812
 31
0.0
100
AcDbText
 73
2
  0
LWPOLYLINE
  5
53C
330
17
100
AcDbEntity
  8
SOBRANTES-MAPA
100
AcDbPolyline
 90
4
 70
1
 10
331.2817
 20
-129.78119999999998
 10
331.4817
 20
-129.78119999999998
 10
331.4817
 20
-128.5812
 10
331.2817
 20
-128.5812
  0
LWPOLYLINE
  5
53D
330
17
100
AcDbEntity
  8
SOBRANTES-RECORTE
100
AcDbPolyline
 90
4
 70
1
 10
331.2817
 20
-129.78119999999998
 10
331.4817
 20
-129.78119999999998
 10
331.4817
 20
-129.3535
 10
331.2817
 20
-129.3535
  0
TEXT
  5
53E
330
17
100
AcDbEntity
  8
SOBRANTES-TEXTO
100
AcDbText
 10
331.3817
 20
-129.1812
 30
0.0
 40
0.05
  1
PA-R-150
 72
1
 11
331.3817
 21
-129.1812
 31
0.0
100
AcDbText
 73
2
  0
LWPOLYLINE
  5
53F
330
17
100
AcDbEntity
  8
SOBRANTES-MAPA
100
AcDbPolyline
 90
4
 70
1
 10
330.8797
 20
-129.78119999999998
 10
331.0797
 20
-129.78119999999998
 10
331.0797
 20
-128.5812
 10
330.8797
 20
-128.5812
  0
LWPOLYLINE
  5
540
330
17
100
AcDbEntity
  8
SOBRANTES-RECORTE
100
AcDbPolyline
 90
4
 70
1
 10
330.8797
 20
-129.78119999999998
 10
331.0797
 20
-129.78119999999998
 10
331.0797
 20
-129.3535
 10
330.8797
 20
-129.3535
  0
TEXT
  5
541
330
17
100
AcDbEntity
  8
SOBRANTES-TEXTO
100
AcDbText
 10
330.97970000000004
 20
-129.1812
 30
0.0
 40
0.05
  1
PA-R-149
 72
1
 11
330.97970000000004
 21
-129.1812
 31
0.0
100
AcDbText
 73
2
  0
LWPOLYLINE
  5
542
330
17
100
AcDbEntity
  8
SOBRANTES-MAPA
100
AcDbPolyline
 90
4
 70
1
 10
330.2767
 20
-126.6354
 10
330.8727
 20
-126.6354
 10
330.8727
 20
-125.4414
 10
330.2767
 20
-125.4414
  0
LWPOLYLINE
  5
543
330
17
100
AcDbEntity
  8
SOBRANTES-RECORTE
100
AcDbPolyline
 90
4
 70
1
 10
330.47860000000003
 20
-126.1892
 10
330.8727
 20
-126.1892
 10
330.8727
 20
-125.4414
 10
330.47860000000003
 20
-125.4414
  0
LWPOLYLINE
  5
544
330
17
100
AcDbEntity
  8
SOBRANTES-RECORTE
100
AcDbPolyline
 90
4
 70
1
 10
330.2767
 20
-126.6354
 10
330.47860000000003
 20
-126.6354
 10
330.47860000000003
 20
-126.1892
 10
330.2767
 20
-126.1892
  0
TEXT
  5
545
330
17
100
AcDbEntity
  8
SOBRANTES-TEXTO
100
AcDbText
 10
330.5747
 20
-126.03840000000001
 30
0.0
 40
0.05
  1
PA-M-012
 72
1
 11
330.5747
 21
-126.03840000000001
 31
0.0
100
AcDbText
 73
2
  0
LWPOLYLINE
  5
546
330
17
100
AcDbEntity
  8
SOBRANTES-MAPA
100
AcDbPolyline
 90
4
 70
1
 10
333.4927
 20
-124.8289
 10
333.6927
 20
-124.8289
 10
333.6927
 20
-123.6289
 10
333.4927
 20
-123.6289
  0
LWPOLYLINE
  5
547
330
17
100
AcDbEntity
  8
SOBRANTES-RECORTE
100
AcDbPolyline
 90
4
 70
1
 10
333.6164
 20
-124.8289
 10
333.6927
 20
-124.8289
 10
333.6927
 20
-123.6289
 10
333.6164
 20
-123.6289
  0
TEXT
  5
548
330
17
100
AcDbEntity
  8
SOBRANTES-TEXTO
100
AcDbText
 10
333.59270000000004
 20
-124.22890000000001
 30
0.0
 40
0.05
  1
PA-R-107
 72
1
 11
333.59270000000004
 21
-124.22890000000001
 31
0.0
100
AcDbText
 73
2
  0
LWPOLYLINE
  5
549
330
17
100
AcDbEntity
  8
SOBRANTES-MAPA
100
AcDbPolyline
 90
4
 70
1
 10
333.4927
 20
-123.6279
 10
333.6927
 20
-123.6279
 10
333.6927
 20
-122.4279
 10
333.4927
 20
-122.4279
  0
LWPOLYLINE
  5
54A
330
17
100
AcDbEntity
  8
SOBRANTES-RECORTE
100
AcDbPolyline
 90
4
 70
1
 10
333.6164
 20
-123.6279
 10
333.6927
 20
-123.6279
 10
333.6927
 20
-122.4279
 10
333.6164
 20
-122.4279
  0
TEXT
  5
54B
330
17
100
AcDbEntity
  8
SOBRANTES-TEXTO
100
AcDbText
 10
333.59270000000004
 20
-123.0279
 30
0.0
 40
0.05
  1
PA-R-076
 72
1
 11
333.59270000000004
 21
-123.0279
 31
0.0
100
AcDbText
 73
2
  0
LWPOLYLINE
  5
54C
330
17
100
AcDbEntity
  8
SOBRANTES-MAPA
100
AcDbPolyline
 90
4
 70
1
 10
333.4927
 20
-122.4269
 10
333.6927
 20
-122.4269
 10
333.6927
 20
-121.2269
 10
333.4927
 20
-121.2269
  0
LWPOLYLINE
  5
54D
330
17
100
AcDbEntity
  8
SOBRANTES-RECORTE
100
AcDbPolyline
 90
4
 70
1
 10
333.6164
 20
-122.4269
 10
333.6927
 20
-122.4269
 10
333.6927
 20
-121.2269
 10
333.6164
 20
-121.2269
  0
TEXT
  5
54E
330
17
100
AcDbEntity
  8
SOBRANTES-TEXTO
100
AcDbText
 10
333.59270000000004
 20
-121.82690000000001
 30
0.0
 40
0.05
  1
PA-R-046
 72
1
 11
333.59270000000004
 21
-121.82690000000001
 31
0.0
100
AcDbText
 73
2
  0
LWPOLYLINE
  5
54F
330
17
100
AcDbEntity
  8
SOBRANTES-MAPA
100
AcDbPolyline
 90
4
 70
1
 10
333.4927
 20
-131.155
 10
333.6927
 20
-131.155
 10
333.6927
 20
-129.955
 10
333.4927
 20
-129.955
  0
LWPOLYLINE
  5
550
330
17
100
AcDbEntity
  8
SOBRANTES-RECORTE
100
AcDbPolyline
 90
4
 70
1
 10
333.6164
 20
-131.155
 10
333.6927
 20
-131.155
 10
333.6927
 20
-129.955
 10
333.6164
 20
-129.955
  0
TEXT
  5
551
330
17
100
AcDbEntity
  8
SOBRANTES-TEXTO
100
AcDbText
 10
333.59270000000004
 20
-130.555
 30
0.0
 40
0.05
  1
PA-R-182
 72
1
 11
333.59270000000004
 21
-130.555
 31
0.0
100
AcDbText
 73
2
  0
LWPOLYLINE
  5
552
330
17
100
AcDbEntity
  8
SOBRANTES-MAPA
100
AcDbPolyline
 90
4
 70
1
 10
333.4927
 20
-129.954
 10
333.6927
 20
-129.954
 10
333.6927
 20
-128.75400000000002
 10
333.4927
 20
-128.75400000000002
  0
LWPOLYLINE
  5
553
330
17
100
AcDbEntity
  8
SOBRANTES-RECORTE
100
AcDbPolyline
 90
4
 70
1
 10
333.6164
 20
-129.954
 10
333.6927
 20
-129.954
 10
333.6927
 20
-128.75400000000002
 10
333.6164
 20
-128.75400000000002
  0
TEXT
  5
554
330
17
100
AcDbEntity
  8
SOBRANTES-TEXTO
100
AcDbText
 10
333.59270000000004
 20
-129.354
 30
0.0
 40
0.05
  1
PA-R-165
 72
1
 11
333.59270000000004
 21
-129.354
 31
0.0
100
AcDbText
 73
2
  0
LWPOLYLINE
  5
555
330
17
100
AcDbEntity
  8
SOBRANTES-MAPA
100
AcDbPolyline
 90
4
 70
1
 10
333.2917
 20
-129.8712
 10
333.4917
 20
-129.8712
 10
333.4917
 20
-128.6712
 10
333.2917
 20
-128.6712
  0
LWPOLYLINE
  5
556
330
17
100
AcDbEntity
  8
SOBRANTES-RECORTE
100
AcDbPolyline
 90
4
 70
1
 10
333.2917
 20
-129.8712
 10
333.4917
 20
-129.8712
 10
333.4917
 20
-129.3535
 10
333.2917
 20
-129.3535
  0
TEXT
  5
557
330
17
100
AcDbEntity
  8
SOBRANTES-TEXTO
100
AcDbText
 10
333.3917
 20
-129.2712
 30
0.0
 40
0.05
  1
PA-R-156
 72
1
 11
333.3917
 21
-129.2712
 31
0.0
100
AcDbText
 73
2
  0
LWPOLYLINE
  5
558
330
17
100
AcDbEntity
  8
SOBRANTES-MAPA
100
AcDbPolyline
 90
4
 70
1
 10
332.8897
 20
-129.8712
 10
333.0897
 20
-129.8712
 10
333.0897
 20
-128.6712
 10
332.8897
 20
-128.6712
  0
LWPOLYLINE
  5
559
330
17
100
AcDbEntity
  8
SOBRANTES-RECORTE
100
AcDbPolyline
 90
4
 70
1
 10
332.8897
 20
-129.8712
 10
333.0897
 20
-129.8712
 10
333.0897
 20
-129.3535
 10
332.8897
 20
-129.3535
  0
TEXT
  5
55A
330
17
100
AcDbEntity
  8
SOBRANTES-TEXTO
100
AcDbText
 10
332.9897
 20
-129.2712
 30
0.0
 40
0.05
  1
PA-R-155
 72
1
 11
332.9897
 21
-129.2712
 31
0.0
100
AcDbText
 73
2
  0
LWPOLYLINE
  5
55B
330
17
100
AcDbEntity
  8
SOBRANTES-MAPA
100
AcDbPolyline
 90
4
 70
1
 10
332.4877
 20
-129.8712
 10
332.6877
 20
-129.8712
 10
332.6877
 20
-128.6712
 10
332.4877
 20
-128.6712
  0
LWPOLYLINE
  5
55C
330
17
100
AcDbEntity
  8
SOBRANTES-RECORTE
100
AcDbPolyline
 90
4
 70
1
 10
332.4877
 20
-129.8712
 10
332.6877
 20
-129.8712
 10
332.6877
 20
-129.3535
 10
332.4877
 20
-129.3535
  0
TEXT
  5
55D
330
17
100
AcDbEntity
  8
SOBRANTES-TEXTO
100
AcDbText
 10
332.58770000000004
 20
-129.2712
 30
0.0
 40
0.05
  1
PA-R-154
 72
1
 11
332.58770000000004
 21
-129.2712
 31
0.0
100
AcDbText
 73
2
  0
LWPOLYLINE
  5
55E
330
17
100
AcDbEntity
  8
SOBRANTES-MAPA
100
AcDbPolyline
 90
4
 70
1
 10
332.0857
 20
-129.8712
 10
332.28569999999996
 20
-129.8712
 10
332.28569999999996
 20
-128.6712
 10
332.0857
 20
-128.6712
  0
LWPOLYLINE
  5
55F
330
17
100
AcDbEntity
  8
SOBRANTES-RECORTE
100
AcDbPolyline
 90
4
 70
1
 10
332.0857
 20
-129.8712
 10
332.28569999999996
 20
-129.8712
 10
332.28569999999996
 20
-129.3535
 10
332.0857
 20
-129.3535
  0
TEXT
  5
560
330
17
100
AcDbEntity
  8
SOBRANTES-TEXTO
100
AcDbText
 10
332.1857
 20
-129.2712
 30
0.0
 40
0.05
  1
PA-R-153
 72
1
 11
332.1857
 21
-129.2712
 31
0.0
100
AcDbText
 73
2
  0
LWPOLYLINE
  5
561
330
17
100
AcDbEntity
  8
SOBRANTES-MAPA
100
AcDbPolyline
 90
4
 70
1
 10
330.4777
 20
-129.8712
 10
330.6777
 20
-129.8712
 10
330.6777
 20
-128.6712
 10
330.4777
 20
-128.6712
  0
LWPOLYLINE
  5
562
330
17
100
AcDbEntity
  8
SOBRANTES-RECORTE
100
AcDbPolyline
 90
4
 70
1
 10
330.4777
 20
-129.8712
 10
330.6777
 20
-129.8712
 10
330.6777
 20
-129.3535
 10
330.4777
 20
-129.3535
  0
TEXT
  5
563
330
17
100
AcDbEntity
  8
SOBRANTES-TEXTO
100
AcDbText
 10
330.57770000000005
 20
-129.2712
 30
0.0
 40
0.05
  1
PA-R-152
 72
1
 11
330.57770000000005
 21
-129.2712
 31
0.0
100
AcDbText
 73
2
  0
LWPOLYLINE
  5
564
330
17
100
AcDbEntity
  8
SOBRANTES-MAPA
100
AcDbPolyline
 90
4
 70
1
 10
330.4449
 20
-123.0139
 10
331.0409
 20
-123.0139
 10
331.0409
 20
-121.8199
 10
330.4449
 20
-121.8199
  0
LWPOLYLINE
  5
565
330
17
100
AcDbEntity
  8
SOBRANTES-RECORTE
100
AcDbPolyline
 90
4
 70
1
 10
330.55670000000003
 20
-123.0139
 10
331.0409
 20
-123.0139
 10
331.0409
 20
-121.92970000000001
 10
330.55670000000003
 20
-121.92970000000001
  0
LWPOLYLINE
  5
566
330
17
100
AcDbEntity
  8
SOBRANTES-RECORTE
100
AcDbPolyline
 90
4
 70
1
 10
330.4449
 20
-121.92970000000001
 10
330.55670000000003
 20
-121.92970000000001
 10
330.55670000000003
 20
-121.81990000000002
 10
330.4449
 20
-121.81990000000002
  0
TEXT
  5
567
330
17
100
AcDbEntity
  8
SOBRANTES-TEXTO
100
AcDbText
 10
330.7429
 20
-122.41690000000001
 30
0.0
 40
0.05
  1
PA-M-004
 72
1
 11
330.7429
 21
-122.41690000000001
 31
0.0
100
AcDbText
 73
2
  0
LWPOLYLINE
  5
568
330
17
100
AcDbEntity
  8
SOBRANTES-MAPA
100
AcDbPolyline
 90
4
 70
1
 10
333.4927
 20
-132.356
 10
333.6927
 20
-132.356
 10
333.6927
 20
-131.156
 10
333.4927
 20
-131.156
  0
LWPOLYLINE
  5
569
330
17
100
AcDbEntity
  8
SOBRANTES-RECORTE
100
AcDbPolyline
 90
4
 70
1
 10
333.6164
 20
-132.0738
 10
333.6927
 20
-132.0738
 10
333.6927
 20
-131.156
 10
333.6164
 20
-131.156
  0
LWPOLYLINE
  5
56A
330
17
100
AcDbEntity
  8
SOBRANTES-RECORTE
100
AcDbPolyline
 90
4
 70
1
 10
333.4927
 20
-132.356
 10
333.6164
 20
-132.356
 10
333.6164
 20
-132.0738
 10
333.4927
 20
-132.0738
  0
TEXT
  5
56B
330
17
100
AcDbEntity
  8
SOBRANTES-TEXTO
100
AcDbText
 10
333.59270000000004
 20
-131.756
 30
0.0
 40
0.05
  1
PA-R-199
 72
1
 11
333.59270000000004
 21
-131.756
 31
0.0
100
AcDbText
 73
2
  0
LWPOLYLINE
  5
56C
330
17
100
AcDbEntity
  8
SOBRANTES-MAPA
100
AcDbPolyline
 90
4
 70
1
 10
333.4706
 20
-127.8354
 10
334.0666
 20
-127.8354
 10
334.0666
 20
-126.6414
 10
333.4706
 20
-126.6414
  0
LWPOLYLINE
  5
56D
330
17
100
AcDbEntity
  8
SOBRANTES-RECORTE
100
AcDbPolyline
 90
4
 70
1
 10
333.6165
 20
-127.3852
 10
334.0666
 20
-127.3852
 10
334.0666
 20
-126.6414
 10
333.6165
 20
-126.6414
  0
LWPOLYLINE
  5
56E
330
17
100
AcDbEntity
  8
SOBRANTES-RECORTE
100
AcDbPolyline
 90
4
 70
1
 10
333.4706
 20
-127.8354
 10
333.6165
 20
-127.8354
 10
333.6165
 20
-127.38520000000001
 10
333.4706
 20
-127.38520000000001
  0
TEXT
  5
56F
330
17
100
AcDbEntity
  8
SOBRANTES-TEXTO
100
AcDbText
 10
333.7686
 20
-127.23840000000001
 30
0.0
 40
0.05
  1
PA-M-025
 72
1
 11
333.7686
 21
-127.23840000000001
 31
0.0
100
AcDbText
 73
2
  0
LWPOLYLINE
  5
570
330
17
100
AcDbEntity
  8
SOBRANTES-MAPA
100
AcDbPolyline
 90
4
 70
1
 10
325.8928
 20
-124.8289
 10
326.0928
 20
-124.8289
 10
326.0928
 20
-123.6289
 10
325.8928
 20
-123.6289
  0
LWPOLYLINE
  5
571
330
17
100
AcDbEntity
  8
SOBRANTES-RECORTE
100
AcDbPolyline
 90
4
 70
1
 10
325.8928
 20
-124.8289
 10
326.007
 20
-124.8289
 10
326.007
 20
-123.6289
 10
325.8928
 20
-123.6289
  0
TEXT
  5
572
330
17
100
AcDbEntity
  8
SOBRANTES-TEXTO
100
AcDbText
 10
325.99280000000005
 20
-124.22890000000001
 30
0.0
 40
0.05
  1
PA-R-092
 72
1
 11
325.99280000000005
 21
-124.22890000000001
 31
0.0
100
AcDbText
 73
2
  0
LWPOLYLINE
  5
573
330
17
100
AcDbEntity
  8
SOBRANTES-MAPA
100
AcDbPolyline
 90
4
 70
1
 10
325.8928
 20
-123.6279
 10
326.0928
 20
-123.6279
 10
326.0928
 20
-122.4279
 10
325.8928
 20
-122.4279
  0
LWPOLYLINE
  5
574
330
17
100
AcDbEntity
  8
SOBRANTES-RECORTE
100
AcDbPolyline
 90
4
 70
1
 10
325.8928
 20
-123.6279
 10
326.007
 20
-123.6279
 10
326.007
 20
-122.4279
 10
325.8928
 20
-122.4279
  0
TEXT
  5
575
330
17
100
AcDbEntity
  8
SOBRANTES-TEXTO
100
AcDbText
 10
325.99280000000005
 20
-123.0279
 30
0.0
 40
0.05
  1
PA-R-061
 72
1
 11
325.99280000000005
 21
-123.0279
 31
0.0
100
AcDbText
 73
2
  0
LWPOLYLINE
  5
576
330
17
100
AcDbEntity
  8
SOBRANTES-MAPA
100
AcDbPolyline
 90
4
 70
1
 10
325.8928
 20
-122.4269
 10
326.0928
 20
-122.4269
 10
326.0928
 20
-121.2269
 10
325.8928
 20
-121.2269
  0
LWPOLYLINE
  5
577
330
17
100
AcDbEntity
  8
SOBRANTES-RECORTE
100
AcDbPolyline
 90
4
 70
1
 10
325.8928
 20
-122.4269
 10
326.007
 20
-122.4269
 10
326.007
 20
-121.2269
 10
325.8928
 20
-121.2269
  0
TEXT
  5
578
330
17
100
AcDbEntity
  8
SOBRANTES-TEXTO
100
AcDbText
 10
325.99280000000005
 20
-121.82690000000001
 30
0.0
 40
0.05
  1
PA-R-031
 72
1
 11
325.99280000000005
 21
-121.82690000000001
 31
0.0
100
AcDbText
 73
2
  0
LWPOLYLINE
  5
579
330
17
100
AcDbEntity
  8
SOBRANTES-MAPA
100
AcDbPolyline
 90
4
 70
1
 10
328.7068
 20
-125.2615
 10
328.9068
 20
-125.2615
 10
328.9068
 20
-124.0615
 10
328.7068
 20
-124.0615
  0
LWPOLYLINE
  5
57A
330
17
100
AcDbEntity
  8
SOBRANTES-RECORTE
100
AcDbPolyline
 90
4
 70
1
 10
328.7068
 20
-124.83
 10
328.9068
 20
-124.83
 10
328.9068
 20
-124.0615
 10
328.7068
 20
-124.0615
  0
TEXT
  5
57B
330
17
100
AcDbEntity
  8
SOBRANTES-TEXTO
100
AcDbText
 10
328.8068
 20
-124.6615
 30
0.0
 40
0.05
  1
PA-R-131
 72
1
 11
328.8068
 21
-124.6615
 31
0.0
100
AcDbText
 73
2
  0
LWPOLYLINE
  5
57C
330
17
100
AcDbEntity
  8
SOBRANTES-MAPA
100
AcDbPolyline
 90
4
 70
1
 10
328.3048
 20
-125.2615
 10
328.5048
 20
-125.2615
 10
328.5048
 20
-124.0615
 10
328.3048
 20
-124.0615
  0
LWPOLYLINE
  5
57D
330
17
100
AcDbEntity
  8
SOBRANTES-RECORTE
100
AcDbPolyline
 90
4
 70
1
 10
328.3048
 20
-124.83
 10
328.5048
 20
-124.83
 10
328.5048
 20
-124.0615
 10
328.3048
 20
-124.0615
  0
TEXT
  5
57E
330
17
100
AcDbEntity
  8
SOBRANTES-TEXTO
100
AcDbText
 10
328.4048
 20
-124.6615
 30
0.0
 40
0.05
  1
PA-R-130
 72
1
 11
328.4048
 21
-124.6615
 31
0.0
100
AcDbText
 73
2
  0
LWPOLYLINE
  5
57F
330
17
100
AcDbEntity
  8
SOBRANTES-MAPA
100
AcDbPolyline
 90
4
 70
1
 10
327.9028
 20
-125.2615
 10
328.1028
 20
-125.2615
 10
328.1028
 20
-124.0615
 10
327.9028
 20
-124.0615
  0
LWPOLYLINE
  5
580
330
17
100
AcDbEntity
  8
SOBRANTES-RECORTE
100
AcDbPolyline
 90
4
 70
1
 10
327.9028
 20
-124.83
 10
328.1028
 20
-124.83
 10
328.1028
 20
-124.0615
 10
327.9028
 20
-124.0615
  0
TEXT
  5
581
330
17
100
AcDbEntity
  8
SOBRANTES-TEXTO
100
AcDbText
 10
328.00280000000004
 20
-124.6615
 30
0.0
 40
0.05
  1
PA-R-129
 72
1
 11
328.00280000000004
 21
-124.6615
 31
0.0
100
AcDbText
 73
2
  0
LWPOLYLINE
  5
582
330
17
100
AcDbEntity
  8
SOBRANTES-MAPA
100
AcDbPolyline
 90
4
 70
1
 10
327.5008
 20
-125.2615
 10
327.7008
 20
-125.2615
 10
327.7008
 20
-124.0615
 10
327.5008
 20
-124.0615
  0
LWPOLYLINE
  5
583
330
17
100
AcDbEntity
  8
SOBRANTES-RECORTE
100
AcDbPolyline
 90
4
 70
1
 10
327.5008
 20
-124.83
 10
327.7008
 20
-124.83
 10
327.7008
 20
-124.0615
 10
327.5008
 20
-124.0615
  0
TEXT
  5
584
330
17
100
AcDbEntity
  8
SOBRANTES-TEXTO
100
AcDbText
 10
327.60080000000005
 20
-124.6615
 30
0.0
 40
0.05
  1
PA-R-128
 72
1
 11
327.60080000000005
 21
-124.6615
 31
0.0
100
AcDbText
 73
2
  0
LWPOLYLINE
  5
585
330
17
100
AcDbEntity
  8
SOBRANTES-MAPA
100
AcDbPolyline
 90
4
 70
1
 10
327.0988
 20
-125.2615
 10
327.29879999999997
 20
-125.2615
 10
327.29879999999997
 20
-124.0615
 10
327.0988
 20
-124.0615
  0
LWPOLYLINE
  5
586
330
17
100
AcDbEntity
  8
SOBRANTES-RECORTE
100
AcDbPolyline
 90
4
 70
1
 10
327.0988
 20
-124.83
 10
327.29879999999997
 20
-124.83
 10
327.29879999999997
 20
-124.0615
 10
327.0988
 20
-124.0615
  0
TEXT
  5
587
330
17
100
AcDbEntity
  8
SOBRANTES-TEXTO
100
AcDbText
 10
327.1988
 20
-124.6615
 30
0.0
 40
0.05
  1
PA-R-127
 72
1
 11
327.1988
 21
-124.6615
 31
0.0
100
AcDbText
 73
2
  0
LWPOLYLINE
  5
588
330
17
100
AcDbEntity
  8
SOBRANTES-MAPA
100
AcDbPolyline
 90
4
 70
1
 10
326.6968
 20
-125.2615
 10
326.8968
 20
-125.2615
 10
326.8968
 20
-124.0615
 10
326.6968
 20
-124.0615
  0
LWPOLYLINE
  5
589
330
17
100
AcDbEntity
  8
SOBRANTES-RECORTE
100
AcDbPolyline
 90
4
 70
1
 10
326.6968
 20
-124.83
 10
326.8968
 20
-124.83
 10
326.8968
 20
-124.0615
 10
326.6968
 20
-124.0615
  0
TEXT
  5
58A
330
17
100
AcDbEntity
  8
SOBRANTES-TEXTO
100
AcDbText
 10
326.7968
 20
-124.6615
 30
0.0
 40
0.05
  1
PA-R-126
 72
1
 11
326.7968
 21
-124.6615
 31
0.0
100
AcDbText
 73
2
  0
LWPOLYLINE
  5
58B
330
17
100
AcDbEntity
  8
SOBRANTES-MAPA
100
AcDbPolyline
 90
4
 70
1
 10
326.2948
 20
-125.2615
 10
326.4948
 20
-125.2615
 10
326.4948
 20
-124.0615
 10
326.2948
 20
-124.0615
  0
LWPOLYLINE
  5
58C
330
17
100
AcDbEntity
  8
SOBRANTES-RECORTE
100
AcDbPolyline
 90
4
 70
1
 10
326.2948
 20
-124.83
 10
326.4948
 20
-124.83
 10
326.4948
 20
-124.0615
 10
326.2948
 20
-124.0615
  0
TEXT
  5
58D
330
17
100
AcDbEntity
  8
SOBRANTES-TEXTO
100
AcDbText
 10
326.39480000000003
 20
-124.6615
 30
0.0
 40
0.05
  1
PA-R-125
 72
1
 11
326.39480000000003
 21
-124.6615
 31
0.0
100
AcDbText
 73
2
  0
LWPOLYLINE
  5
58E
330
17
100
AcDbEntity
  8
SOBRANTES-MAPA
100
AcDbPolyline
 90
4
 70
1
 10
330.2767
 20
-125.2615
 10
330.4767
 20
-125.2615
 10
330.4767
 20
-124.0615
 10
330.2767
 20
-124.0615
  0
LWPOLYLINE
  5
58F
330
17
100
AcDbEntity
  8
SOBRANTES-RECORTE
100
AcDbPolyline
 90
4
 70
1
 10
330.2767
 20
-124.83
 10
330.4767
 20
-124.83
 10
330.4767
 20
-124.0615
 10
330.2767
 20
-124.0615
  0
TEXT
  5
590
330
17
100
AcDbEntity
  8
SOBRANTES-TEXTO
100
AcDbText
 10
330.3767
 20
-124.6615
 30
0.0
 40
0.05
  1
PA-R-132
 72
1
 11
330.3767
 21
-124.6615
 31
0.0
100
AcDbText
 73
2
  0
LWPOLYLINE
  5
591
330
17
100
AcDbEntity
  8
SOBRANTES-MAPA
100
AcDbPolyline
 90
4
 70
1
 10
330.6787
 20
-125.2615
 10
330.8787
 20
-125.2615
 10
330.8787
 20
-124.0615
 10
330.6787
 20
-124.0615
  0
LWPOLYLINE
  5
592
330
17
100
AcDbEntity
  8
SOBRANTES-RECORTE
100
AcDbPolyline
 90
4
 70
1
 10
330.6787
 20
-124.83
 10
330.8787
 20
-124.83
 10
330.8787
 20
-124.0615
 10
330.6787
 20
-124.0615
  0
TEXT
  5
593
330
17
100
AcDbEntity
  8
SOBRANTES-TEXTO
100
AcDbText
 10
330.7787
 20
-124.6615
 30
0.0
 40
0.05
  1
PA-R-133
 72
1
 11
330.7787
 21
-124.6615
 31
0.0
100
AcDbText
 73
2
  0
LWPOLYLINE
  5
594
330
17
100
AcDbEntity
  8
SOBRANTES-MAPA
100
AcDbPolyline
 90
4
 70
1
 10
331.0807
 20
-125.2615
 10
331.28069999999997
 20
-125.2615
 10
331.28069999999997
 20
-124.0615
 10
331.0807
 20
-124.0615
  0
LWPOLYLINE
  5
595
330
17
100
AcDbEntity
  8
SOBRANTES-RECORTE
100
AcDbPolyline
 90
4
 70
1
 10
331.0807
 20
-124.83
 10
331.28069999999997
 20
-124.83
 10
331.28069999999997
 20
-124.0615
 10
331.0807
 20
-124.0615
  0
TEXT
  5
596
330
17
100
AcDbEntity
  8
SOBRANTES-TEXTO
100
AcDbText
 10
331.1807
 20
-124.6615
 30
0.0
 40
0.05
  1
PA-R-134
 72
1
 11
331.1807
 21
-124.6615
 31
0.0
100
AcDbText
 73
2
  0
LWPOLYLINE
  5
597
330
17
100
AcDbEntity
  8
SOBRANTES-MAPA
100
AcDbPolyline
 90
4
 70
1
 10
331.4827
 20
-125.2615
 10
331.6827
 20
-125.2615
 10
331.6827
 20
-124.0615
 10
331.4827
 20
-124.0615
  0
LWPOLYLINE
  5
598
330
17
100
AcDbEntity
  8
SOBRANTES-RECORTE
100
AcDbPolyline
 90
4
 70
1
 10
331.4827
 20
-124.83
 10
331.6827
 20
-124.83
 10
331.6827
 20
-124.0615
 10
331.4827
 20
-124.0615
  0
TEXT
  5
599
330
17
100
AcDbEntity
  8
SOBRANTES-TEXTO
100
AcDbText
 10
331.58270000000005
 20
-124.6615
 30
0.0
 40
0.05
  1
PA-R-135
 72
1
 11
331.58270000000005
 21
-124.6615
 31
0.0
100
AcDbText
 73
2
  0
LWPOLYLINE
  5
59A
330
17
100
AcDbEntity
  8
SOBRANTES-MAPA
100
AcDbPolyline
 90
4
 70
1
 10
331.8847
 20
-125.2615
 10
332.0847
 20
-125.2615
 10
332.0847
 20
-124.0615
 10
331.8847
 20
-124.0615
  0
LWPOLYLINE
  5
59B
330
17
100
AcDbEntity
  8
SOBRANTES-RECORTE
100
AcDbPolyline
 90
4
 70
1
 10
331.8847
 20
-124.83
 10
332.0847
 20
-124.83
 10
332.0847
 20
-124.0615
 10
331.8847
 20
-124.0615
  0
TEXT
  5
59C
330
17
100
AcDbEntity
  8
SOBRANTES-TEXTO
100
AcDbText
 10
331.98470000000003
 20
-124.6615
 30
0.0
 40
0.05
  1
PA-R-136
 72
1
 11
331.98470000000003
 21
-124.6615
 31
0.0
100
AcDbText
 73
2
  0
LWPOLYLINE
  5
59D
330
17
100
AcDbEntity
  8
SOBRANTES-MAPA
100
AcDbPolyline
 90
4
 70
1
 10
332.2867
 20
-125.2615
 10
332.4867
 20
-125.2615
 10
332.4867
 20
-124.0615
 10
332.2867
 20
-124.0615
  0
LWPOLYLINE
  5
59E
330
17
100
AcDbEntity
  8
SOBRANTES-RECORTE
100
AcDbPolyline
 90
4
 70
1
 10
332.2867
 20
-124.83
 10
332.4867
 20
-124.83
 10
332.4867
 20
-124.0615
 10
332.2867
 20
-124.0615
  0
TEXT
  5
59F
330
17
100
AcDbEntity
  8
SOBRANTES-TEXTO
100
AcDbText
 10
332.3867
 20
-124.6615
 30
0.0
 40
0.05
  1
PA-R-137
 72
1
 11
332.3867
 21
-124.6615
 31
0.0
100
AcDbText
 73
2
  0
LWPOLYLINE
  5
5A0
330
17
100
AcDbEntity
  8
SOBRANTES-MAPA
100
AcDbPolyline
 90
4
 70
1
 10
332.6887
 20
-125.2615
 10
332.8887
 20
-125.2615
 10
332.8887
 20
-124.0615
 10
332.6887
 20
-124.0615
  0
LWPOLYLINE
  5
5A1
330
17
100
AcDbEntity
  8
SOBRANTES-RECORTE
100
AcDbPolyline
 90
4
 70
1
 10
332.6887
 20
-124.83
 10
332.8887
 20
-124.83
 10
332.8887
 20
-124.0615
 10
332.6887
 20
-124.0615
  0
TEXT
  5
5A2
330
17
100
AcDbEntity
  8
SOBRANTES-TEXTO
100
AcDbText
 10
332.7887
 20
-124.6615
 30
0.0
 40
0.05
  1
PA-R-138
 72
1
 11
332.7887
 21
-124.6615
 31
0.0
100
AcDbText
 73
2
  0
LWPOLYLINE
  5
5A3
330
17
100
AcDbEntity
  8
SOBRANTES-MAPA
100
AcDbPolyline
 90
4
 70
1
 10
333.0907
 20
-125.2615
 10
333.2907
 20
-125.2615
 10
333.2907
 20
-124.0615
 10
333.0907
 20
-124.0615
  0
LWPOLYLINE
  5
5A4
330
17
100
AcDbEntity
  8
SOBRANTES-RECORTE
100
AcDbPolyline
 90
4
 70
1
 10
333.0907
 20
-124.83
 10
333.2907
 20
-124.83
 10
333.2907
 20
-124.0615
 10
333.0907
 20
-124.0615
  0
TEXT
  5
5A5
330
17
100
AcDbEntity
  8
SOBRANTES-TEXTO
100
AcDbText
 10
333.19070000000005
 20
-124.6615
 30
0.0
 40
0.05
  1
PA-R-139
 72
1
 11
333.19070000000005
 21
-124.6615
 31
0.0
100
AcDbText
 73
2
  0
LWPOLYLINE
  5
5A6
330
17
100
AcDbEntity
  8
SOBRANTES-MAPA
100
AcDbPolyline
 90
4
 70
1
 10
330.4777
 20
-124.2284
 10
330.6777
 20
-124.2284
 10
330.6777
 20
-123.02839999999999
 10
330.4777
 20
-123.02839999999999
  0
LWPOLYLINE
  5
5A7
330
17
100
AcDbEntity
  8
SOBRANTES-RECORTE
100
AcDbPolyline
 90
4
 70
1
 10
330.4777
 20
-123.80439999999999
 10
330.6777
 20
-123.80439999999999
 10
330.6777
 20
-123.02839999999999
 10
330.4777
 20
-123.02839999999999
  0
TEXT
  5
5A8
330
17
100
AcDbEntity
  8
SOBRANTES-TEXTO
100
AcDbText
 10
330.57770000000005
 20
-123.6284
 30
0.0
 40
0.05
  1
PA-R-091
 72
1
 11
330.57770000000005
 21
-123.6284
 31
0.0
100
AcDbText
 73
2
  0
LWPOLYLINE
  5
5A9
330
17
100
AcDbEntity
  8
SOBRANTES-MAPA
100
AcDbPolyline
 90
4
 70
1
 10
328.7068
 20
-121.2259
 10
328.9068
 20
-121.2259
 10
328.9068
 20
-120.0259
 10
328.7068
 20
-120.0259
  0
LWPOLYLINE
  5
5AA
330
17
100
AcDbEntity
  8
SOBRANTES-RECORTE
100
AcDbPolyline
 90
4
 70
1
 10
328.7068
 20
-120.8797
 10
328.9068
 20
-120.8797
 10
328.9068
 20
-120.0259
 10
328.7068
 20
-120.0259
  0
TEXT
  5
5AB
330
17
100
AcDbEntity
  8
SOBRANTES-TEXTO
100
AcDbText
 10
328.8068
 20
-120.6259
 30
0.0
 40
0.05
  1
PA-R-008
 72
1
 11
328.8068
 21
-120.6259
 31
0.0
100
AcDbText
 73
2
  0
LWPOLYLINE
  5
5AC
330
17
100
AcDbEntity
  8
SOBRANTES-MAPA
100
AcDbPolyline
 90
4
 70
1
 10
328.3048
 20
-121.2259
 10
328.5048
 20
-121.2259
 10
328.5048
 20
-120.0259
 10
328.3048
 20
-120.0259
  0
LWPOLYLINE
  5
5AD
330
17
100
AcDbEntity
  8
SOBRANTES-RECORTE
100
AcDbPolyline
 90
4
 70
1
 10
328.3048
 20
-120.8797
 10
328.5048
 20
-120.8797
 10
328.5048
 20
-120.0259
 10
328.3048
 20
-120.0259
  0
TEXT
  5
5AE
330
17
100
AcDbEntity
  8
SOBRANTES-TEXTO
100
AcDbText
 10
328.4048
 20
-120.6259
 30
0.0
 40
0.05
  1
PA-R-007
 72
1
 11
328.4048
 21
-120.6259
 31
0.0
100
AcDbText
 73
2
  0
LWPOLYLINE
  5
5AF
330
17
100
AcDbEntity
  8
SOBRANTES-MAPA
100
AcDbPolyline
 90
4
 70
1
 10
327.9028
 20
-121.2259
 10
328.1028
 20
-121.2259
 10
328.1028
 20
-120.0259
 10
327.9028
 20
-120.0259
  0
LWPOLYLINE
  5
5B0
330
17
100
AcDbEntity
  8
SOBRANTES-RECORTE
100
AcDbPolyline
 90
4
 70
1
 10
327.9028
 20
-120.8797
 10
328.1028
 20
-120.8797
 10
328.1028
 20
-120.0259
 10
327.9028
 20
-120.0259
  0
TEXT
  5
5B1
330
17
100
AcDbEntity
  8
SOBRANTES-TEXTO
100
AcDbText
 10
328.00280000000004
 20
-120.6259
 30
0.0
 40
0.05
  1
PA-R-006
 72
1
 11
328.00280000000004
 21
-120.6259
 31
0.0
100
AcDbText
 73
2
  0
LWPOLYLINE
  5
5B2
330
17
100
AcDbEntity
  8
SOBRANTES-MAPA
100
AcDbPolyline
 90
4
 70
1
 10
327.5008
 20
-121.2259
 10
327.7008
 20
-121.2259
 10
327.7008
 20
-120.0259
 10
327.5008
 20
-120.0259
  0
LWPOLYLINE
  5
5B3
330
17
100
AcDbEntity
  8
SOBRANTES-RECORTE
100
AcDbPolyline
 90
4
 70
1
 10
327.5008
 20
-120.8797
 10
327.7008
 20
-120.8797
 10
327.7008
 20
-120.0259
 10
327.5008
 20
-120.0259
  0
TEXT
  5
5B4
330
17
100
AcDbEntity
  8
SOBRANTES-TEXTO
100
AcDbText
 10
327.60080000000005
 20
-120.6259
 30
0.0
 40
0.05
  1
PA-R-005
 72
1
 11
327.60080000000005
 21
-120.6259
 31
0.0
100
AcDbText
 73
2
  0
LWPOLYLINE
  5
5B5
330
17
100
AcDbEntity
  8
SOBRANTES-MAPA
100
AcDbPolyline
 90
4
 70
1
 10
327.0988
 20
-121.2259
 10
327.29879999999997
 20
-121.2259
 10
327.29879999999997
 20
-120.0259
 10
327.0988
 20
-120.0259
  0
LWPOLYLINE
  5
5B6
330
17
100
AcDbEntity
  8
SOBRANTES-RECORTE
100
AcDbPolyline
 90
4
 70
1
 10
327.0988
 20
-120.8797
 10
327.29879999999997
 20
-120.8797
 10
327.29879999999997
 20
-120.0259
 10
327.0988
 20
-120.0259
  0
TEXT
  5
5B7
330
17
100
AcDbEntity
  8
SOBRANTES-TEXTO
100
AcDbText
 10
327.1988
 20
-120.6259
 30
0.0
 40
0.05
  1
PA-R-004
 72
1
 11
327.1988
 21
-120.6259
 31
0.0
100
AcDbText
 73
2
  0
LWPOLYLINE
  5
5B8
330
17
100
AcDbEntity
  8
SOBRANTES-MAPA
100
AcDbPolyline
 90
4
 70
1
 10
326.6968
 20
-121.2259
 10
326.8968
 20
-121.2259
 10
326.8968
 20
-120.0259
 10
326.6968
 20
-120.0259
  0
LWPOLYLINE
  5
5B9
330
17
100
AcDbEntity
  8
SOBRANTES-RECORTE
100
AcDbPolyline
 90
4
 70
1
 10
326.6968
 20
-120.8797
 10
326.8968
 20
-120.8797
 10
326.8968
 20
-120.0259
 10
326.6968
 20
-120.0259
  0
TEXT
  5
5BA
330
17
100
AcDbEntity
  8
SOBRANTES-TEXTO
100
AcDbText
 10
326.7968
 20
-120.6259
 30
0.0
 40
0.05
  1
PA-R-003
 72
1
 11
326.7968
 21
-120.6259
 31
0.0
100
AcDbText
 73
2
  0
LWPOLYLINE
  5
5BB
330
17
100
AcDbEntity
  8
SOBRANTES-MAPA
100
AcDbPolyline
 90
4
 70
1
 10
326.2948
 20
-121.2259
 10
326.4948
 20
-121.2259
 10
326.4948
 20
-120.0259
 10
326.2948
 20
-120.0259
  0
LWPOLYLINE
  5
5BC
330
17
100
AcDbEntity
  8
SOBRANTES-RECORTE
100
AcDbPolyline
 90
4
 70
1
 10
326.2948
 20
-120.8797
 10
326.4948
 20
-120.8797
 10
326.4948
 20
-120.0259
 10
326.2948
 20
-120.0259
  0
TEXT
  5
5BD
330
17
100
AcDbEntity
  8
SOBRANTES-TEXTO
100
AcDbText
 10
326.39480000000003
 20
-120.6259
 30
0.0
 40
0.05
  1
PA-R-002
 72
1
 11
326.39480000000003
 21
-120.6259
 31
0.0
100
AcDbText
 73
2
  0
LWPOLYLINE
  5
5BE
330
17
100
AcDbEntity
  8
SOBRANTES-MAPA
100
AcDbPolyline
 90
4
 70
1
 10
331.0807
 20
-121.2259
 10
331.28069999999997
 20
-121.2259
 10
331.28069999999997
 20
-120.0259
 10
331.0807
 20
-120.0259
  0
LWPOLYLINE
  5
5BF
330
17
100
AcDbEntity
  8
SOBRANTES-RECORTE
100
AcDbPolyline
 90
4
 70
1
 10
331.0807
 20
-120.8797
 10
331.28069999999997
 20
-120.8797
 10
331.28069999999997
 20
-120.0259
 10
331.0807
 20
-120.0259
  0
TEXT
  5
5C0
330
17
100
AcDbEntity
  8
SOBRANTES-TEXTO
100
AcDbText
 10
331.1807
 20
-120.6259
 30
0.0
 40
0.05
  1
PA-R-010
 72
1
 11
331.1807
 21
-120.6259
 31
0.0
100
AcDbText
 73
2
  0
LWPOLYLINE
  5
5C1
330
17
100
AcDbEntity
  8
SOBRANTES-MAPA
100
AcDbPolyline
 90
4
 70
1
 10
331.4827
 20
-121.2259
 10
331.6827
 20
-121.2259
 10
331.6827
 20
-120.0259
 10
331.4827
 20
-120.0259
  0
LWPOLYLINE
  5
5C2
330
17
100
AcDbEntity
  8
SOBRANTES-RECORTE
100
AcDbPolyline
 90
4
 70
1
 10
331.4827
 20
-120.8797
 10
331.6827
 20
-120.8797
 10
331.6827
 20
-120.0259
 10
331.4827
 20
-120.0259
  0
TEXT
  5
5C3
330
17
100
AcDbEntity
  8
SOBRANTES-TEXTO
100
AcDbText
 10
331.58270000000005
 20
-120.6259
 30
0.0
 40
0.05
  1
PA-R-011
 72
1
 11
331.58270000000005
 21
-120.6259
 31
0.0
100
AcDbText
 73
2
  0
LWPOLYLINE
  5
5C4
330
17
100
AcDbEntity
  8
SOBRANTES-MAPA
100
AcDbPolyline
 90
4
 70
1
 10
331.8847
 20
-121.2259
 10
332.0847
 20
-121.2259
 10
332.0847
 20
-120.0259
 10
331.8847
 20
-120.0259
  0
LWPOLYLINE
  5
5C5
330
17
100
AcDbEntity
  8
SOBRANTES-RECORTE
100
AcDbPolyline
 90
4
 70
1
 10
331.8847
 20
-120.8797
 10
332.0847
 20
-120.8797
 10
332.0847
 20
-120.0259
 10
331.8847
 20
-120.0259
  0
TEXT
  5
5C6
330
17
100
AcDbEntity
  8
SOBRANTES-TEXTO
100
AcDbText
 10
331.98470000000003
 20
-120.6259
 30
0.0
 40
0.05
  1
PA-R-012
 72
1
 11
331.98470000000003
 21
-120.6259
 31
0.0
100
AcDbText
 73
2
  0
LWPOLYLINE
  5
5C7
330
17
100
AcDbEntity
  8
SOBRANTES-MAPA
100
AcDbPolyline
 90
4
 70
1
 10
332.2867
 20
-121.2259
 10
332.4867
 20
-121.2259
 10
332.4867
 20
-120.0259
 10
332.2867
 20
-120.0259
  0
LWPOLYLINE
  5
5C8
330
17
100
AcDbEntity
  8
SOBRANTES-RECORTE
100
AcDbPolyline
 90
4
 70
1
 10
332.2867
 20
-120.8797
 10
332.4867
 20
-120.8797
 10
332.4867
 20
-120.0259
 10
332.2867
 20
-120.0259
  0
TEXT
  5
5C9
330
17
100
AcDbEntity
  8
SOBRANTES-TEXTO
100
AcDbText
 10
332.3867
 20
-120.6259
 30
0.0
 40
0.05
  1
PA-R-013
 72
1
 11
332.3867
 21
-120.6259
 31
0.0
100
AcDbText
 73
2
  0
LWPOLYLINE
  5
5CA
330
17
100
AcDbEntity
  8
SOBRANTES-MAPA
100
AcDbPolyline
 90
4
 70
1
 10
332.6887
 20
-121.2259
 10
332.8887
 20
-121.2259
 10
332.8887
 20
-120.0259
 10
332.6887
 20
-120.0259
  0
LWPOLYLINE
  5
5CB
330
17
100
AcDbEntity
  8
SOBRANTES-RECORTE
100
AcDbPolyline
 90
4
 70
1
 10
332.6887
 20
-120.8797
 10
332.8887
 20
-120.8797
 10
332.8887
 20
-120.0259
 10
332.6887
 20
-120.0259
  0
TEXT
  5
5CC
330
17
100
AcDbEntity
  8
SOBRANTES-TEXTO
100
AcDbText
 10
332.7887
 20
-120.6259
 30
0.0
 40
0.05
  1
PA-R-014
 72
1
 11
332.7887
 21
-120.6259
 31
0.0
100
AcDbText
 73
2
  0
LWPOLYLINE
  5
5CD
330
17
100
AcDbEntity
  8
SOBRANTES-MAPA
100
AcDbPolyline
 90
4
 70
1
 10
333.0907
 20
-121.2259
 10
333.2907
 20
-121.2259
 10
333.2907
 20
-120.0259
 10
333.0907
 20
-120.0259
  0
LWPOLYLINE
  5
5CE
330
17
100
AcDbEntity
  8
SOBRANTES-RECORTE
100
AcDbPolyline
 90
4
 70
1
 10
333.0907
 20
-120.8797
 10
333.2907
 20
-120.8797
 10
333.2907
 20
-120.0259
 10
333.0907
 20
-120.0259
  0
TEXT
  5
5CF
330
17
100
AcDbEntity
  8
SOBRANTES-TEXTO
100
AcDbText
 10
333.19070000000005
 20
-120.6259
 30
0.0
 40
0.05
  1
PA-R-015
 72
1
 11
333.19070000000005
 21
-120.6259
 31
0.0
100
AcDbText
 73
2
  0
LWPOLYLINE
  5
5D0
330
17
100
AcDbEntity
  8
SOBRANTES-MAPA
100
AcDbPolyline
 90
4
 70
1
 10
330.4449
 20
-123.6245
 10
331.0409
 20
-123.6245
 10
331.0409
 20
-122.4305
 10
330.4449
 20
-122.4305
  0
LWPOLYLINE
  5
5D1
330
17
100
AcDbEntity
  8
SOBRANTES-RECORTE
100
AcDbPolyline
 90
4
 70
1
 10
330.55670000000003
 20
-123.6245
 10
331.0409
 20
-123.6245
 10
331.0409
 20
-123.0159
 10
330.55670000000003
 20
-123.0159
  0
LWPOLYLINE
  5
5D2
330
17
100
AcDbEntity
  8
SOBRANTES-RECORTE
100
AcDbPolyline
 90
4
 70
1
 10
330.4449
 20
-123.0159
 10
330.55670000000003
 20
-123.0159
 10
330.55670000000003
 20
-122.4305
 10
330.4449
 20
-122.4305
  0
TEXT
  5
5D3
330
17
100
AcDbEntity
  8
SOBRANTES-TEXTO
100
AcDbText
 10
330.7429
 20
-123.0275
 30
0.0
 40
0.05
  1
PA-M-005
 72
1
 11
330.7429
 21
-123.0275
 31
0.0
100
AcDbText
 73
2
  0
LWPOLYLINE
  5
5D4
330
17
100
AcDbEntity
  8
SOBRANTES-MAPA
100
AcDbPolyline
 90
4
 70
1
 10
333.2917
 20
-132.9565
 10
333.4917
 20
-132.9565
 10
333.4917
 20
-131.75650000000002
 10
333.2917
 20
-131.75650000000002
  0
LWPOLYLINE
  5
5D5
330
17
100
AcDbEntity
  8
SOBRANTES-RECORTE
100
AcDbPolyline
 90
4
 70
1
 10
333.2917
 20
-132.9565
 10
333.4917
 20
-132.9565
 10
333.4917
 20
-132.0738
 10
333.2917
 20
-132.0738
  0
TEXT
  5
5D6
330
17
100
AcDbEntity
  8
SOBRANTES-TEXTO
100
AcDbText
 10
333.3917
 20
-132.3565
 30
0.0
 40
0.05
  1
PA-R-207
 72
1
 11
333.3917
 21
-132.3565
 31
0.0
100
AcDbText
 73
2
  0
LWPOLYLINE
  5
5D7
330
17
100
AcDbEntity
  8
SOBRANTES-MAPA
100
AcDbPolyline
 90
4
 70
1
 10
332.8897
 20
-132.9565
 10
333.0897
 20
-132.9565
 10
333.0897
 20
-131.75650000000002
 10
332.8897
 20
-131.75650000000002
  0
LWPOLYLINE
  5
5D8
330
17
100
AcDbEntity
  8
SOBRANTES-RECORTE
100
AcDbPolyline
 90
4
 70
1
 10
332.8897
 20
-132.9565
 10
333.0897
 20
-132.9565
 10
333.0897
 20
-132.0738
 10
332.8897
 20
-132.0738
  0
TEXT
  5
5D9
330
17
100
AcDbEntity
  8
SOBRANTES-TEXTO
100
AcDbText
 10
332.9897
 20
-132.3565
 30
0.0
 40
0.05
  1
PA-R-206
 72
1
 11
332.9897
 21
-132.3565
 31
0.0
100
AcDbText
 73
2
  0
LWPOLYLINE
  5
5DA
330
17
100
AcDbEntity
  8
SOBRANTES-MAPA
100
AcDbPolyline
 90
4
 70
1
 10
332.4877
 20
-132.9565
 10
332.6877
 20
-132.9565
 10
332.6877
 20
-131.75650000000002
 10
332.4877
 20
-131.75650000000002
  0
LWPOLYLINE
  5
5DB
330
17
100
AcDbEntity
  8
SOBRANTES-RECORTE
100
AcDbPolyline
 90
4
 70
1
 10
332.4877
 20
-132.9565
 10
332.6877
 20
-132.9565
 10
332.6877
 20
-132.0738
 10
332.4877
 20
-132.0738
  0
TEXT
  5
5DC
330
17
100
AcDbEntity
  8
SOBRANTES-TEXTO
100
AcDbText
 10
332.58770000000004
 20
-132.3565
 30
0.0
 40
0.05
  1
PA-R-205
 72
1
 11
332.58770000000004
 21
-132.3565
 31
0.0
100
AcDbText
 73
2
  0
LWPOLYLINE
  5
5DD
330
17
100
AcDbEntity
  8
SOBRANTES-MAPA
100
AcDbPolyline
 90
4
 70
1
 10
332.0857
 20
-132.9565
 10
332.28569999999996
 20
-132.9565
 10
332.28569999999996
 20
-131.75650000000002
 10
332.0857
 20
-131.75650000000002
  0
LWPOLYLINE
  5
5DE
330
17
100
AcDbEntity
  8
SOBRANTES-RECORTE
100
AcDbPolyline
 90
4
 70
1
 10
332.0857
 20
-132.9565
 10
332.28569999999996
 20
-132.9565
 10
332.28569999999996
 20
-132.0738
 10
332.0857
 20
-132.0738
  0
TEXT
  5
5DF
330
17
100
AcDbEntity
  8
SOBRANTES-TEXTO
100
AcDbText
 10
332.1857
 20
-132.3565
 30
0.0
 40
0.05
  1
PA-R-204
 72
1
 11
332.1857
 21
-132.3565
 31
0.0
100
AcDbText
 73
2
  0
LWPOLYLINE
  5
5E0
330
17
100
AcDbEntity
  8
SOBRANTES-MAPA
100
AcDbPolyline
 90
4
 70
1
 10
331.6837
 20
-132.9565
 10
331.8837
 20
-132.9565
 10
331.8837
 20
-131.75650000000002
 10
331.6837
 20
-131.75650000000002
  0
LWPOLYLINE
  5
5E1
330
17
100
AcDbEntity
  8
SOBRANTES-RECORTE
100
AcDbPolyline
 90
4
 70
1
 10
331.6837
 20
-132.9565
 10
331.8837
 20
-132.9565
 10
331.8837
 20
-132.0738
 10
331.6837
 20
-132.0738
  0
TEXT
  5
5E2
330
17
100
AcDbEntity
  8
SOBRANTES-TEXTO
100
AcDbText
 10
331.7837
 20
-132.3565
 30
0.0
 40
0.05
  1
PA-R-203
 72
1
 11
331.7837
 21
-132.3565
 31
0.0
100
AcDbText
 73
2
  0
LWPOLYLINE
  5
5E3
330
17
100
AcDbEntity
  8
SOBRANTES-MAPA
100
AcDbPolyline
 90
4
 70
1
 10
331.2817
 20
-132.9565
 10
331.4817
 20
-132.9565
 10
331.4817
 20
-131.75650000000002
 10
331.2817
 20
-131.75650000000002
  0
LWPOLYLINE
  5
5E4
330
17
100
AcDbEntity
  8
SOBRANTES-RECORTE
100
AcDbPolyline
 90
4
 70
1
 10
331.2817
 20
-132.9565
 10
331.4817
 20
-132.9565
 10
331.4817
 20
-132.0738
 10
331.2817
 20
-132.0738
  0
TEXT
  5
5E5
330
17
100
AcDbEntity
  8
SOBRANTES-TEXTO
100
AcDbText
 10
331.3817
 20
-132.3565
 30
0.0
 40
0.05
  1
PA-R-202
 72
1
 11
331.3817
 21
-132.3565
 31
0.0
100
AcDbText
 73
2
  0
LWPOLYLINE
  5
5E6
330
17
100
AcDbEntity
  8
SOBRANTES-MAPA
100
AcDbPolyline
 90
4
 70
1
 10
330.8797
 20
-132.9565
 10
331.0797
 20
-132.9565
 10
331.0797
 20
-131.75650000000002
 10
330.8797
 20
-131.75650000000002
  0
LWPOLYLINE
  5
5E7
330
17
100
AcDbEntity
  8
SOBRANTES-RECORTE
100
AcDbPolyline
 90
4
 70
1
 10
330.8797
 20
-132.9565
 10
331.0797
 20
-132.9565
 10
331.0797
 20
-132.0738
 10
330.8797
 20
-132.0738
  0
TEXT
  5
5E8
330
17
100
AcDbEntity
  8
SOBRANTES-TEXTO
100
AcDbText
 10
330.97970000000004
 20
-132.3565
 30
0.0
 40
0.05
  1
PA-R-201
 72
1
 11
330.97970000000004
 21
-132.3565
 31
0.0
100
AcDbText
 73
2
  0
LWPOLYLINE
  5
5E9
330
17
100
AcDbEntity
  8
SOBRANTES-MAPA
100
AcDbPolyline
 90
4
 70
1
 10
330.4777
 20
-132.9565
 10
330.6777
 20
-132.9565
 10
330.6777
 20
-131.75650000000002
 10
330.4777
 20
-131.75650000000002
  0
LWPOLYLINE
  5
5EA
330
17
100
AcDbEntity
  8
SOBRANTES-RECORTE
100
AcDbPolyline
 90
4
 70
1
 10
330.4777
 20
-132.9565
 10
330.6777
 20
-132.9565
 10
330.6777
 20
-132.0738
 10
330.4777
 20
-132.0738
  0
TEXT
  5
5EB
330
17
100
AcDbEntity
  8
SOBRANTES-TEXTO
100
AcDbText
 10
330.57770000000005
 20
-132.3565
 30
0.0
 40
0.05
  1
PA-R-200
 72
1
 11
330.57770000000005
 21
-132.3565
 31
0.0
100
AcDbText
 73
2
  0
LWPOLYLINE
  5
5EC
330
17
100
AcDbEntity
  8
SOBRANTES-MAPA
100
AcDbPolyline
 90
4
 70
1
 10
333.4927
 20
-125.2615
 10
333.6927
 20
-125.2615
 10
333.6927
 20
-124.0615
 10
333.4927
 20
-124.0615
  0
LWPOLYLINE
  5
5ED
330
17
100
AcDbEntity
  8
SOBRANTES-RECORTE
100
AcDbPolyline
 90
4
 70
1
 10
333.6164
 20
-125.2615
 10
333.6927
 20
-125.2615
 10
333.6927
 20
-124.83
 10
333.6164
 20
-124.83
  0
LWPOLYLINE
  5
5EE
330
17
100
AcDbEntity
  8
SOBRANTES-RECORTE
100
AcDbPolyline
 90
4
 70
1
 10
333.4927
 20
-124.83
 10
333.6164
 20
-124.83
 10
333.6164
 20
-124.0615
 10
333.4927
 20
-124.0615
  0
TEXT
  5
5EF
330
17
100
AcDbEntity
  8
SOBRANTES-TEXTO
100
AcDbText
 10
333.59270000000004
 20
-124.6615
 30
0.0
 40
0.05
  1
PA-R-140
 72
1
 11
333.59270000000004
 21
-124.6615
 31
0.0
100
AcDbText
 73
2
  0
LWPOLYLINE
  5
5F0
330
17
100
AcDbEntity
  8
SOBRANTES-MAPA
100
AcDbPolyline
 90
4
 70
1
 10
330.7367
 20
-121.2259
 10
330.9367
 20
-121.2259
 10
330.9367
 20
-120.0259
 10
330.7367
 20
-120.0259
  0
LWPOLYLINE
  5
5F1
330
17
100
AcDbEntity
  8
SOBRANTES-RECORTE
100
AcDbPolyline
 90
4
 70
1
 10
330.8788
 20
-121.2259
 10
330.93670000000003
 20
-121.2259
 10
330.93670000000003
 20
-120.8797
 10
330.8788
 20
-120.8797
  0
LWPOLYLINE
  5
5F2
330
17
100
AcDbEntity
  8
SOBRANTES-RECORTE
100
AcDbPolyline
 90
4
 70
1
 10
330.7367
 20
-120.8797
 10
330.8788
 20
-120.8797
 10
330.8788
 20
-120.0259
 10
330.7367
 20
-120.0259
  0
TEXT
  5
5F3
330
17
100
AcDbEntity
  8
SOBRANTES-TEXTO
100
AcDbText
 10
330.8367
 20
-120.6259
 30
0.0
 40
0.05
  1
PA-R-009
 72
1
 11
330.8367
 21
-120.6259
 31
0.0
100
AcDbText
 73
2
  0
LWPOLYLINE
  5
5F4
330
17
100
AcDbEntity
  8
SOBRANTES-MAPA
100
AcDbPolyline
 90
4
 70
1
 10
333.4927
 20
-121.2259
 10
333.6927
 20
-121.2259
 10
333.6927
 20
-120.0259
 10
333.4927
 20
-120.0259
  0
LWPOLYLINE
  5
5F5
330
17
100
AcDbEntity
  8
SOBRANTES-RECORTE
100
AcDbPolyline
 90
4
 70
1
 10
333.6164
 20
-121.2259
 10
333.6927
 20
-121.2259
 10
333.6927
 20
-120.8797
 10
333.6164
 20
-120.8797
  0
LWPOLYLINE
  5
5F6
330
17
100
AcDbEntity
  8
SOBRANTES-RECORTE
100
AcDbPolyline
 90
4
 70
1
 10
333.4927
 20
-120.8797
 10
333.6164
 20
-120.8797
 10
333.6164
 20
-120.0259
 10
333.4927
 20
-120.0259
  0
TEXT
  5
5F7
330
17
100
AcDbEntity
  8
SOBRANTES-TEXTO
100
AcDbText
 10
333.59270000000004
 20
-120.6259
 30
0.0
 40
0.05
  1
PA-R-016
 72
1
 11
333.59270000000004
 21
-120.6259
 31
0.0
100
AcDbText
 73
2
  0
LWPOLYLINE
  5
5F8
330
17
100
AcDbEntity
  8
SOBRANTES-MAPA
100
AcDbPolyline
 90
4
 70
1
 10
325.8928
 20
-125.2615
 10
326.0928
 20
-125.2615
 10
326.0928
 20
-124.0615
 10
325.8928
 20
-124.0615
  0
LWPOLYLINE
  5
5F9
330
17
100
AcDbEntity
  8
SOBRANTES-RECORTE
100
AcDbPolyline
 90
4
 70
1
 10
325.8928
 20
-125.2615
 10
326.007
 20
-125.2615
 10
326.007
 20
-124.83
 10
325.8928
 20
-124.83
  0
LWPOLYLINE
  5
5FA
330
17
100
AcDbEntity
  8
SOBRANTES-RECORTE
100
AcDbPolyline
 90
4
 70
1
 10
326.007
 20
-124.83
 10
326.0928
 20
-124.83
 10
326.0928
 20
-124.0615
 10
326.007
 20
-124.0615
  0
TEXT
  5
5FB
330
17
100
AcDbEntity
  8
SOBRANTES-TEXTO
100
AcDbText
 10
325.99280000000005
 20
-124.6615
 30
0.0
 40
0.05
  1
PA-R-124
 72
1
 11
325.99280000000005
 21
-124.6615
 31
0.0
100
AcDbText
 73
2
  0
LWPOLYLINE
  5
5FC
330
17
100
AcDbEntity
  8
SOBRANTES-MAPA
100
AcDbPolyline
 90
4
 70
1
 10
331.4827
 20
-129.78119999999998
 10
331.6827
 20
-129.78119999999998
 10
331.6827
 20
-128.5812
 10
331.4827
 20
-128.5812
  0
LWPOLYLINE
  5
5FD
330
17
100
AcDbEntity
  8
SOBRANTES-RECORTE
100
AcDbPolyline
 90
4
 70
1
 10
331.4827
 20
-129.78119999999998
 10
331.6827
 20
-129.78119999999998
 10
331.6827
 20
-128.753
 10
331.4827
 20
-128.753
  0
TEXT
  5
5FE
330
17
100
AcDbEntity
  8
SOBRANTES-TEXTO
100
AcDbText
 10
331.58270000000005
 20
-129.1812
 30
0.0
 40
0.05
  1
PA-R-142
 72
1
 11
331.58270000000005
 21
-129.1812
 31
0.0
100
AcDbText
 73
2
  0
LWPOLYLINE
  5
5FF
330
17
100
AcDbEntity
  8
SOBRANTES-MAPA
100
AcDbPolyline
 90
4
 70
1
 10
331.0807
 20
-129.78119999999998
 10
331.28069999999997
 20
-129.78119999999998
 10
331.28069999999997
 20
-128.5812
 10
331.0807
 20
-128.5812
  0
LWPOLYLINE
  5
600
330
17
100
AcDbEntity
  8
SOBRANTES-RECORTE
100
AcDbPolyline
 90
4
 70
1
 10
331.0807
 20
-129.78119999999998
 10
331.28069999999997
 20
-129.78119999999998
 10
331.28069999999997
 20
-128.753
 10
331.0807
 20
-128.753
  0
TEXT
  5
601
330
17
100
AcDbEntity
  8
SOBRANTES-TEXTO
100
AcDbText
 10
331.1807
 20
-129.1812
 30
0.0
 40
0.05
  1
PA-R-141
 72
1
 11
331.1807
 21
-129.1812
 31
0.0
100
AcDbText
 73
2
  0
LWPOLYLINE
  5
602
330
17
100
AcDbEntity
  8
SOBRANTES-MAPA
100
AcDbPolyline
 90
4
 70
1
 10
325.8928
 20
-121.2259
 10
326.0928
 20
-121.2259
 10
326.0928
 20
-120.0259
 10
325.8928
 20
-120.0259
  0
LWPOLYLINE
  5
603
330
17
100
AcDbEntity
  8
SOBRANTES-RECORTE
100
AcDbPolyline
 90
4
 70
1
 10
325.8928
 20
-121.2259
 10
326.007
 20
-121.2259
 10
326.007
 20
-120.8797
 10
325.8928
 20
-120.8797
  0
LWPOLYLINE
  5
604
330
17
100
AcDbEntity
  8
SOBRANTES-RECORTE
100
AcDbPolyline
 90
4
 70
1
 10
326.007
 20
-120.8797
 10
326.0928
 20
-120.8797
 10
326.0928
 20
-120.0259
 10
326.007
 20
-120.0259
  0
TEXT
  5
605
330
17
100
AcDbEntity
  8
SOBRANTES-TEXTO
100
AcDbText
 10
325.99280000000005
 20
-120.6259
 30
0.0
 40
0.05
  1
PA-R-001
 72
1
 11
325.99280000000005
 21
-120.6259
 31
0.0
100
AcDbText
 73
2
  0
LWPOLYLINE
  5
606
330
17
100
AcDbEntity
  8
SOBRANTES-MAPA
100
AcDbPolyline
 90
4
 70
1
 10
333.0907
 20
-129.78119999999998
 10
333.2907
 20
-129.78119999999998
 10
333.2907
 20
-128.5812
 10
333.0907
 20
-128.5812
  0
LWPOLYLINE
  5
607
330
17
100
AcDbEntity
  8
SOBRANTES-RECORTE
100
AcDbPolyline
 90
4
 70
1
 10
333.0907
 20
-129.78119999999998
 10
333.2907
 20
-129.78119999999998
 10
333.2907
 20
-128.754
 10
333.0907
 20
-128.754
  0
TEXT
  5
608
330
17
100
AcDbEntity
  8
SOBRANTES-TEXTO
100
AcDbText
 10
333.19070000000005
 20
-129.1812
 30
0.0
 40
0.05
  1
PA-R-148
 72
1
 11
333.19070000000005
 21
-129.1812
 31
0.0
100
AcDbText
 73
2
  0
LWPOLYLINE
  5
609
330
17
100
AcDbEntity
  8
SOBRANTES-MAPA
100
AcDbPolyline
 90
4
 70
1
 10
332.6887
 20
-129.78119999999998
 10
332.8887
 20
-129.78119999999998
 10
332.8887
 20
-128.5812
 10
332.6887
 20
-128.5812
  0
LWPOLYLINE
  5
60A
330
17
100
AcDbEntity
  8
SOBRANTES-RECORTE
100
AcDbPolyline
 90
4
 70
1
 10
332.6887
 20
-129.78119999999998
 10
332.8887
 20
-129.78119999999998
 10
332.8887
 20
-128.754
 10
332.6887
 20
-128.754
  0
TEXT
  5
60B
330
17
100
AcDbEntity
  8
SOBRANTES-TEXTO
100
AcDbText
 10
332.7887
 20
-129.1812
 30
0.0
 40
0.05
  1
PA-R-147
 72
1
 11
332.7887
 21
-129.1812
 31
0.0
100
AcDbText
 73
2
  0
LWPOLYLINE
  5
60C
330
17
100
AcDbEntity
  8
SOBRANTES-MAPA
100
AcDbPolyline
 90
4
 70
1
 10
332.2867
 20
-129.78119999999998
 10
332.4867
 20
-129.78119999999998
 10
332.4867
 20
-128.5812
 10
332.2867
 20
-128.5812
  0
LWPOLYLINE
  5
60D
330
17
100
AcDbEntity
  8
SOBRANTES-RECORTE
100
AcDbPolyline
 90
4
 70
1
 10
332.2867
 20
-129.78119999999998
 10
332.4867
 20
-129.78119999999998
 10
332.4867
 20
-128.754
 10
332.2867
 20
-128.754
  0
TEXT
  5
60E
330
17
100
AcDbEntity
  8
SOBRANTES-TEXTO
100
AcDbText
 10
332.3867
 20
-129.1812
 30
0.0
 40
0.05
  1
PA-R-146
 72
1
 11
332.3867
 21
-129.1812
 31
0.0
100
AcDbText
 73
2
  0
LWPOLYLINE
  5
60F
330
17
100
AcDbEntity
  8
SOBRANTES-MAPA
100
AcDbPolyline
 90
4
 70
1
 10
331.8847
 20
-129.78119999999998
 10
332.0847
 20
-129.78119999999998
 10
332.0847
 20
-128.5812
 10
331.8847
 20
-128.5812
  0
LWPOLYLINE
  5
610
330
17
100
AcDbEntity
  8
SOBRANTES-RECORTE
100
AcDbPolyline
 90
4
 70
1
 10
331.8847
 20
-129.78119999999998
 10
332.0847
 20
-129.78119999999998
 10
332.0847
 20
-128.754
 10
331.8847
 20
-128.754
  0
TEXT
  5
611
330
17
100
AcDbEntity
  8
SOBRANTES-TEXTO
100
AcDbText
 10
331.98470000000003
 20
-129.1812
 30
0.0
 40
0.05
  1
PA-R-145
 72
1
 11
331.98470000000003
 21
-129.1812
 31
0.0
100
AcDbText
 73
2
  0
LWPOLYLINE
  5
612
330
17
100
AcDbEntity
  8
SOBRANTES-MAPA
100
AcDbPolyline
 90
4
 70
1
 10
330.6787
 20
-129.78119999999998
 10
330.8787
 20
-129.78119999999998
 10
330.8787
 20
-128.5812
 10
330.6787
 20
-128.5812
  0
LWPOLYLINE
  5
613
330
17
100
AcDbEntity
  8
SOBRANTES-RECORTE
100
AcDbPolyline
 90
4
 70
1
 10
330.6787
 20
-129.78119999999998
 10
330.8787
 20
-129.78119999999998
 10
330.8787
 20
-128.754
 10
330.6787
 20
-128.754
  0
TEXT
  5
614
330
17
100
AcDbEntity
  8
SOBRANTES-TEXTO
100
AcDbText
 10
330.7787
 20
-129.1812
 30
0.0
 40
0.05
  1
PA-R-144
 72
1
 11
330.7787
 21
-129.1812
 31
0.0
100
AcDbText
 73
2
  0
LWPOLYLINE
  5
615
330
17
100
AcDbEntity
  8
SOBRANTES-MAPA
100
AcDbPolyline
 90
4
 70
1
 10
330.2767
 20
-129.78119999999998
 10
330.4767
 20
-129.78119999999998
 10
330.4767
 20
-128.5812
 10
330.2767
 20
-128.5812
  0
LWPOLYLINE
  5
616
330
17
100
AcDbEntity
  8
SOBRANTES-RECORTE
100
AcDbPolyline
 90
4
 70
1
 10
330.2767
 20
-129.78119999999998
 10
330.4767
 20
-129.78119999999998
 10
330.4767
 20
-128.754
 10
330.2767
 20
-128.754
  0
TEXT
  5
617
330
17
100
AcDbEntity
  8
SOBRANTES-TEXTO
100
AcDbText
 10
330.3767
 20
-129.1812
 30
0.0
 40
0.05
  1
PA-R-143
 72
1
 11
330.3767
 21
-129.1812
 31
0.0
100
AcDbText
 73
2
  0
TEXT
  5
618
330
17
100
AcDbEntity
  8
CORTE-TEXTO
100
AcDbText
 10
319.4588
 20
-133.5738
 30
0.0
 40
0.25
  1
PLAN DE CORTE - MORET  (76 baldosas a abrir)
 72
1
 11
319.4588
 21
-133.5738
 31
0.0
100
AcDbText
 73
2
  0
LWPOLYLINE
  5
619
330
17
100
AcDbEntity
  8
CORTE-TILE
100
AcDbPolyline
 90
4
 70
1
 10
316.4588
 20
-135.9678
 10
317.0548
 20
-135.9678
 10
317.0548
 20
-134.77380000000002
 10
316.4588
 20
-134.77380000000002
  0
TEXT
  5
61A
330
17
100
AcDbEntity
  8
CORTE-TEXTO
100
AcDbText
 10
316.7568
 20
-134.63380000000004
 30
0.0
 40
0.06
  1
M-01
 72
1
 11
316.7568
 21
-134.63380000000004
 31
0.0
100
AcDbText
 73
2
  0
LWPOLYLINE
  5
61B
330
17
100
AcDbEntity
  8
CORTE-RECORTE
100
AcDbPolyline
 90
4
 70
1
 10
316.4588
 20
-135.9678
 10
317.0548
 20
-135.9678
 10
317.0548
 20
-134.8178
 10
316.4588
 20
-134.8178
  0
TEXT
  5
61C
330
17
100
AcDbEntity
  8
CORTE-TEXTO
100
AcDbText
 10
316.7568
 20
-135.39280000000002
 30
0.0
 40
0.035
  1
PB-M-066
 72
1
 11
316.7568
 21
-135.39280000000002
 31
0.0
100
AcDbText
 73
2
  0
LWPOLYLINE
  5
61D
330
17
100
AcDbEntity
  8
CORTE-DESPERDICIO
100
AcDbPolyline
 90
4
 70
1
 10
316.4588
 20
-134.8178
 10
317.0548
 20
-134.8178
 10
317.0548
 20
-134.7738
 10
316.4588
 20
-134.7738
  0
LWPOLYLINE
  5
61E
330
17
100
AcDbEntity
  8
CORTE-TILE
100
AcDbPolyline
 90
4
 70
1
 10
317.5048
 20
-135.9678
 10
318.1008
 20
-135.9678
 10
318.1008
 20
-134.77380000000002
 10
317.5048
 20
-134.77380000000002
  0
TEXT
  5
61F
330
17
100
AcDbEntity
  8
CORTE-TEXTO
100
AcDbText
 10
317.8028
 20
-134.63380000000004
 30
0.0
 40
0.06
  1
M-02
 72
1
 11
317.8028
 21
-134.63380000000004
 31
0.0
100
AcDbText
 73
2
  0
LWPOLYLINE
  5
620
330
17
100
AcDbEntity
  8
CORTE-RECORTE
100
AcDbPolyline
 90
4
 70
1
 10
317.5048
 20
-135.9678
 10
318.1008
 20
-135.9678
 10
318.1008
 20
-134.8178
 10
317.5048
 20
-134.8178
  0
TEXT
  5
621
330
17
100
AcDbEntity
  8
CORTE-TEXTO
100
AcDbText
 10
317.8028
 20
-135.39280000000002
 30
0.0
 40
0.035
  1
PB-M-065
 72
1
 11
317.8028
 21
-135.39280000000002
 31
0.0
100
AcDbText
 73
2
  0
LWPOLYLINE
  5
622
330
17
100
AcDbEntity
  8
CORTE-DESPERDICIO
100
AcDbPolyline
 90
4
 70
1
 10
317.5048
 20
-134.8178
 10
318.1008
 20
-134.8178
 10
318.1008
 20
-134.7738
 10
317.5048
 20
-134.7738
  0
LWPOLYLINE
  5
623
330
17
100
AcDbEntity
  8
CORTE-TILE
100
AcDbPolyline
 90
4
 70
1
 10
318.5508
 20
-135.9678
 10
319.1468
 20
-135.9678
 10
319.1468
 20
-134.77380000000002
 10
318.5508
 20
-134.77380000000002
  0
TEXT
  5
624
330
17
100
AcDbEntity
  8
CORTE-TEXTO
100
AcDbText
 10
318.8488
 20
-134.63380000000004
 30
0.0
 40
0.06
  1
M-03
 72
1
 11
318.8488
 21
-134.63380000000004
 31
0.0
100
AcDbText
 73
2
  0
LWPOLYLINE
  5
625
330
17
100
AcDbEntity
  8
CORTE-RECORTE
100
AcDbPolyline
 90
4
 70
1
 10
318.5508
 20
-135.9678
 10
319.1468
 20
-135.9678
 10
319.1468
 20
-134.8178
 10
318.5508
 20
-134.8178
  0
TEXT
  5
626
330
17
100
AcDbEntity
  8
CORTE-TEXTO
100
AcDbText
 10
318.8488
 20
-135.39280000000002
 30
0.0
 40
0.035
  1
PB-M-067
 72
1
 11
318.8488
 21
-135.39280000000002
 31
0.0
100
AcDbText
 73
2
  0
LWPOLYLINE
  5
627
330
17
100
AcDbEntity
  8
CORTE-DESPERDICIO
100
AcDbPolyline
 90
4
 70
1
 10
318.5508
 20
-134.8178
 10
319.1468
 20
-134.8178
 10
319.1468
 20
-134.7738
 10
318.5508
 20
-134.7738
  0
LWPOLYLINE
  5
628
330
17
100
AcDbEntity
  8
CORTE-TILE
100
AcDbPolyline
 90
4
 70
1
 10
319.5968
 20
-135.9678
 10
320.1928
 20
-135.9678
 10
320.1928
 20
-134.77380000000002
 10
319.5968
 20
-134.77380000000002
  0
TEXT
  5
629
330
17
100
AcDbEntity
  8
CORTE-TEXTO
100
AcDbText
 10
319.8948
 20
-134.63380000000004
 30
0.0
 40
0.06
  1
M-04
 72
1
 11
319.8948
 21
-134.63380000000004
 31
0.0
100
AcDbText
 73
2
  0
LWPOLYLINE
  5
62A
330
17
100
AcDbEntity
  8
CORTE-RECORTE
100
AcDbPolyline
 90
4
 70
1
 10
319.5968
 20
-135.9678
 10
320.1928
 20
-135.9678
 10
320.1928
 20
-134.8178
 10
319.5968
 20
-134.8178
  0
TEXT
  5
62B
330
17
100
AcDbEntity
  8
CORTE-TEXTO
100
AcDbText
 10
319.8948
 20
-135.39280000000002
 30
0.0
 40
0.035
  1
PB-M-068
 72
1
 11
319.8948
 21
-135.39280000000002
 31
0.0
100
AcDbText
 73
2
  0
LWPOLYLINE
  5
62C
330
17
100
AcDbEntity
  8
CORTE-DESPERDICIO
100
AcDbPolyline
 90
4
 70
1
 10
319.5968
 20
-134.8178
 10
320.1928
 20
-134.8178
 10
320.1928
 20
-134.7738
 10
319.5968
 20
-134.7738
  0
LWPOLYLINE
  5
62D
330
17
100
AcDbEntity
  8
CORTE-TILE
100
AcDbPolyline
 90
4
 70
1
 10
320.6428
 20
-135.9678
 10
321.2388
 20
-135.9678
 10
321.2388
 20
-134.77380000000002
 10
320.6428
 20
-134.77380000000002
  0
TEXT
  5
62E
330
17
100
AcDbEntity
  8
CORTE-TEXTO
100
AcDbText
 10
320.9408
 20
-134.63380000000004
 30
0.0
 40
0.06
  1
M-05
 72
1
 11
320.9408
 21
-134.63380000000004
 31
0.0
100
AcDbText
 73
2
  0
LWPOLYLINE
  5
62F
330
17
100
AcDbEntity
  8
CORTE-RECORTE
100
AcDbPolyline
 90
4
 70
1
 10
320.6428
 20
-135.9678
 10
321.2388
 20
-135.9678
 10
321.2388
 20
-134.8178
 10
320.6428
 20
-134.8178
  0
TEXT
  5
630
330
17
100
AcDbEntity
  8
CORTE-TEXTO
100
AcDbText
 10
320.9408
 20
-135.39280000000002
 30
0.0
 40
0.035
  1
PB-M-069
 72
1
 11
320.9408
 21
-135.39280000000002
 31
0.0
100
AcDbText
 73
2
  0
LWPOLYLINE
  5
631
330
17
100
AcDbEntity
  8
CORTE-DESPERDICIO
100
AcDbPolyline
 90
4
 70
1
 10
320.6428
 20
-134.8178
 10
321.2388
 20
-134.8178
 10
321.2388
 20
-134.7738
 10
320.6428
 20
-134.7738
  0
LWPOLYLINE
  5
632
330
17
100
AcDbEntity
  8
CORTE-TILE
100
AcDbPolyline
 90
4
 70
1
 10
321.6888
 20
-135.9678
 10
322.2848
 20
-135.9678
 10
322.2848
 20
-134.77380000000002
 10
321.6888
 20
-134.77380000000002
  0
TEXT
  5
633
330
17
100
AcDbEntity
  8
CORTE-TEXTO
100
AcDbText
 10
321.9868
 20
-134.63380000000004
 30
0.0
 40
0.06
  1
M-06
 72
1
 11
321.9868
 21
-134.63380000000004
 31
0.0
100
AcDbText
 73
2
  0
LWPOLYLINE
  5
634
330
17
100
AcDbEntity
  8
CORTE-RECORTE
100
AcDbPolyline
 90
4
 70
1
 10
321.6888
 20
-135.9678
 10
322.2848
 20
-135.9678
 10
322.2848
 20
-134.8178
 10
321.6888
 20
-134.8178
  0
TEXT
  5
635
330
17
100
AcDbEntity
  8
CORTE-TEXTO
100
AcDbText
 10
321.9868
 20
-135.39280000000002
 30
0.0
 40
0.035
  1
PB-M-070
 72
1
 11
321.9868
 21
-135.39280000000002
 31
0.0
100
AcDbText
 73
2
  0
LWPOLYLINE
  5
636
330
17
100
AcDbEntity
  8
CORTE-DESPERDICIO
100
AcDbPolyline
 90
4
 70
1
 10
321.6888
 20
-134.8178
 10
322.2848
 20
-134.8178
 10
322.2848
 20
-134.7738
 10
321.6888
 20
-134.7738
  0
LWPOLYLINE
  5
637
330
17
100
AcDbEntity
  8
CORTE-TILE
100
AcDbPolyline
 90
4
 70
1
 10
322.7348
 20
-135.9678
 10
323.3308
 20
-135.9678
 10
323.3308
 20
-134.77380000000002
 10
322.7348
 20
-134.77380000000002
  0
TEXT
  5
638
330
17
100
AcDbEntity
  8
CORTE-TEXTO
100
AcDbText
 10
323.0328
 20
-134.63380000000004
 30
0.0
 40
0.06
  1
M-07
 72
1
 11
323.0328
 21
-134.63380000000004
 31
0.0
100
AcDbText
 73
2
  0
LWPOLYLINE
  5
639
330
17
100
AcDbEntity
  8
CORTE-RECORTE
100
AcDbPolyline
 90
4
 70
1
 10
322.7348
 20
-135.9678
 10
323.3308
 20
-135.9678
 10
323.3308
 20
-134.8178
 10
322.7348
 20
-134.8178
  0
TEXT
  5
63A
330
17
100
AcDbEntity
  8
CORTE-TEXTO
100
AcDbText
 10
323.0328
 20
-135.39280000000002
 30
0.0
 40
0.035
  1
PB-M-071
 72
1
 11
323.0328
 21
-135.39280000000002
 31
0.0
100
AcDbText
 73
2
  0
LWPOLYLINE
  5
63B
330
17
100
AcDbEntity
  8
CORTE-DESPERDICIO
100
AcDbPolyline
 90
4
 70
1
 10
322.7348
 20
-134.8178
 10
323.3308
 20
-134.8178
 10
323.3308
 20
-134.7738
 10
322.7348
 20
-134.7738
  0
LWPOLYLINE
  5
63C
330
17
100
AcDbEntity
  8
CORTE-TILE
100
AcDbPolyline
 90
4
 70
1
 10
323.7808
 20
-135.9678
 10
324.3768
 20
-135.9678
 10
324.3768
 20
-134.77380000000002
 10
323.7808
 20
-134.77380000000002
  0
TEXT
  5
63D
330
17
100
AcDbEntity
  8
CORTE-TEXTO
100
AcDbText
 10
324.0788
 20
-134.63380000000004
 30
0.0
 40
0.06
  1
M-08
 72
1
 11
324.0788
 21
-134.63380000000004
 31
0.0
100
AcDbText
 73
2
  0
LWPOLYLINE
  5
63E
330
17
100
AcDbEntity
  8
CORTE-RECORTE
100
AcDbPolyline
 90
4
 70
1
 10
323.7808
 20
-135.9678
 10
324.3768
 20
-135.9678
 10
324.3768
 20
-134.8178
 10
323.7808
 20
-134.8178
  0
TEXT
  5
63F
330
17
100
AcDbEntity
  8
CORTE-TEXTO
100
AcDbText
 10
324.0788
 20
-135.39280000000002
 30
0.0
 40
0.035
  1
PB-M-072
 72
1
 11
324.0788
 21
-135.39280000000002
 31
0.0
100
AcDbText
 73
2
  0
LWPOLYLINE
  5
640
330
17
100
AcDbEntity
  8
CORTE-DESPERDICIO
100
AcDbPolyline
 90
4
 70
1
 10
323.7808
 20
-134.8178
 10
324.3768
 20
-134.8178
 10
324.3768
 20
-134.7738
 10
323.7808
 20
-134.7738
  0
LWPOLYLINE
  5
641
330
17
100
AcDbEntity
  8
CORTE-TILE
100
AcDbPolyline
 90
4
 70
1
 10
324.8268
 20
-135.9678
 10
325.4228
 20
-135.9678
 10
325.4228
 20
-134.77380000000002
 10
324.8268
 20
-134.77380000000002
  0
TEXT
  5
642
330
17
100
AcDbEntity
  8
CORTE-TEXTO
100
AcDbText
 10
325.1248
 20
-134.63380000000004
 30
0.0
 40
0.06
  1
M-09
 72
1
 11
325.1248
 21
-134.63380000000004
 31
0.0
100
AcDbText
 73
2
  0
LWPOLYLINE
  5
643
330
17
100
AcDbEntity
  8
CORTE-RECORTE
100
AcDbPolyline
 90
4
 70
1
 10
324.8268
 20
-135.9678
 10
325.4228
 20
-135.9678
 10
325.4228
 20
-134.8178
 10
324.8268
 20
-134.8178
  0
TEXT
  5
644
330
17
100
AcDbEntity
  8
CORTE-TEXTO
100
AcDbText
 10
325.1248
 20
-135.39280000000002
 30
0.0
 40
0.035
  1
PB-M-073
 72
1
 11
325.1248
 21
-135.39280000000002
 31
0.0
100
AcDbText
 73
2
  0
LWPOLYLINE
  5
645
330
17
100
AcDbEntity
  8
CORTE-DESPERDICIO
100
AcDbPolyline
 90
4
 70
1
 10
324.8268
 20
-134.8178
 10
325.4228
 20
-134.8178
 10
325.4228
 20
-134.7738
 10
324.8268
 20
-134.7738
  0
LWPOLYLINE
  5
646
330
17
100
AcDbEntity
  8
CORTE-TILE
100
AcDbPolyline
 90
4
 70
1
 10
325.8728
 20
-135.9678
 10
326.4688
 20
-135.9678
 10
326.4688
 20
-134.77380000000002
 10
325.8728
 20
-134.77380000000002
  0
TEXT
  5
647
330
17
100
AcDbEntity
  8
CORTE-TEXTO
100
AcDbText
 10
326.1708
 20
-134.63380000000004
 30
0.0
 40
0.06
  1
M-10
 72
1
 11
326.1708
 21
-134.63380000000004
 31
0.0
100
AcDbText
 73
2
  0
LWPOLYLINE
  5
648
330
17
100
AcDbEntity
  8
CORTE-RECORTE
100
AcDbPolyline
 90
4
 70
1
 10
325.8728
 20
-135.9678
 10
326.4688
 20
-135.9678
 10
326.4688
 20
-134.8178
 10
325.8728
 20
-134.8178
  0
TEXT
  5
649
330
17
100
AcDbEntity
  8
CORTE-TEXTO
100
AcDbText
 10
326.1708
 20
-135.39280000000002
 30
0.0
 40
0.035
  1
PB-M-074
 72
1
 11
326.1708
 21
-135.39280000000002
 31
0.0
100
AcDbText
 73
2
  0
LWPOLYLINE
  5
64A
330
17
100
AcDbEntity
  8
CORTE-DESPERDICIO
100
AcDbPolyline
 90
4
 70
1
 10
325.8728
 20
-134.8178
 10
326.4688
 20
-134.8178
 10
326.4688
 20
-134.7738
 10
325.8728
 20
-134.7738
  0
LWPOLYLINE
  5
64B
330
17
100
AcDbEntity
  8
CORTE-TILE
100
AcDbPolyline
 90
4
 70
1
 10
326.9188
 20
-135.9678
 10
327.5148
 20
-135.9678
 10
327.5148
 20
-134.77380000000002
 10
326.9188
 20
-134.77380000000002
  0
TEXT
  5
64C
330
17
100
AcDbEntity
  8
CORTE-TEXTO
100
AcDbText
 10
327.2168
 20
-134.63380000000004
 30
0.0
 40
0.06
  1
M-11
 72
1
 11
327.2168
 21
-134.63380000000004
 31
0.0
100
AcDbText
 73
2
  0
LWPOLYLINE
  5
64D
330
17
100
AcDbEntity
  8
CORTE-RECORTE
100
AcDbPolyline
 90
4
 70
1
 10
326.9188
 20
-135.9678
 10
327.5148
 20
-135.9678
 10
327.5148
 20
-134.8178
 10
326.9188
 20
-134.8178
  0
TEXT
  5
64E
330
17
100
AcDbEntity
  8
CORTE-TEXTO
100
AcDbText
 10
327.2168
 20
-135.39280000000002
 30
0.0
 40
0.035
  1
PB-M-075
 72
1
 11
327.2168
 21
-135.39280000000002
 31
0.0
100
AcDbText
 73
2
  0
LWPOLYLINE
  5
64F
330
17
100
AcDbEntity
  8
CORTE-DESPERDICIO
100
AcDbPolyline
 90
4
 70
1
 10
326.9188
 20
-134.8178
 10
327.5148
 20
-134.8178
 10
327.5148
 20
-134.7738
 10
326.9188
 20
-134.7738
  0
LWPOLYLINE
  5
650
330
17
100
AcDbEntity
  8
CORTE-TILE
100
AcDbPolyline
 90
4
 70
1
 10
327.96479999999997
 20
-135.9678
 10
328.5608
 20
-135.9678
 10
328.5608
 20
-134.77380000000002
 10
327.96479999999997
 20
-134.77380000000002
  0
TEXT
  5
651
330
17
100
AcDbEntity
  8
CORTE-TEXTO
100
AcDbText
 10
328.26279999999997
 20
-134.63380000000004
 30
0.0
 40
0.06
  1
M-12
 72
1
 11
328.26279999999997
 21
-134.63380000000004
 31
0.0
100
AcDbText
 73
2
  0
LWPOLYLINE
  5
652
330
17
100
AcDbEntity
  8
CORTE-RECORTE
100
AcDbPolyline
 90
4
 70
1
 10
327.96479999999997
 20
-135.9678
 10
328.5608
 20
-135.9678
 10
328.5608
 20
-134.8178
 10
327.96479999999997
 20
-134.8178
  0
TEXT
  5
653
330
17
100
AcDbEntity
  8
CORTE-TEXTO
100
AcDbText
 10
328.26279999999997
 20
-135.39280000000002
 30
0.0
 40
0.035
  1
PB-M-076
 72
1
 11
328.26279999999997
 21
-135.39280000000002
 31
0.0
100
AcDbText
 73
2
  0
LWPOLYLINE
  5
654
330
17
100
AcDbEntity
  8
CORTE-DESPERDICIO
100
AcDbPolyline
 90
4
 70
1
 10
327.96479999999997
 20
-134.8178
 10
328.5608
 20
-134.8178
 10
328.5608
 20
-134.7738
 10
327.96479999999997
 20
-134.7738
  0
LWPOLYLINE
  5
655
330
17
100
AcDbEntity
  8
CORTE-TILE
100
AcDbPolyline
 90
4
 70
1
 10
329.0108
 20
-135.9678
 10
329.6068
 20
-135.9678
 10
329.6068
 20
-134.77380000000002
 10
329.0108
 20
-134.77380000000002
  0
TEXT
  5
656
330
17
100
AcDbEntity
  8
CORTE-TEXTO
100
AcDbText
 10
329.3088
 20
-134.63380000000004
 30
0.0
 40
0.06
  1
M-13
 72
1
 11
329.3088
 21
-134.63380000000004
 31
0.0
100
AcDbText
 73
2
  0
LWPOLYLINE
  5
657
330
17
100
AcDbEntity
  8
CORTE-RECORTE
100
AcDbPolyline
 90
4
 70
1
 10
329.0108
 20
-135.9678
 10
329.6068
 20
-135.9678
 10
329.6068
 20
-134.8178
 10
329.0108
 20
-134.8178
  0
TEXT
  5
658
330
17
100
AcDbEntity
  8
CORTE-TEXTO
100
AcDbText
 10
329.3088
 20
-135.39280000000002
 30
0.0
 40
0.035
  1
PA-M-027
 72
1
 11
329.3088
 21
-135.39280000000002
 31
0.0
100
AcDbText
 73
2
  0
LWPOLYLINE
  5
659
330
17
100
AcDbEntity
  8
CORTE-DESPERDICIO
100
AcDbPolyline
 90
4
 70
1
 10
329.0108
 20
-134.8178
 10
329.6068
 20
-134.8178
 10
329.6068
 20
-134.7738
 10
329.0108
 20
-134.7738
  0
LWPOLYLINE
  5
65A
330
17
100
AcDbEntity
  8
CORTE-TILE
100
AcDbPolyline
 90
4
 70
1
 10
330.0568
 20
-135.9678
 10
330.6528
 20
-135.9678
 10
330.6528
 20
-134.77380000000002
 10
330.0568
 20
-134.77380000000002
  0
TEXT
  5
65B
330
17
100
AcDbEntity
  8
CORTE-TEXTO
100
AcDbText
 10
330.3548
 20
-134.63380000000004
 30
0.0
 40
0.06
  1
M-14
 72
1
 11
330.3548
 21
-134.63380000000004
 31
0.0
100
AcDbText
 73
2
  0
LWPOLYLINE
  5
65C
330
17
100
AcDbEntity
  8
CORTE-RECORTE
100
AcDbPolyline
 90
4
 70
1
 10
330.0568
 20
-135.9678
 10
330.6528
 20
-135.9678
 10
330.6528
 20
-134.8638
 10
330.0568
 20
-134.8638
  0
TEXT
  5
65D
330
17
100
AcDbEntity
  8
CORTE-TEXTO
100
AcDbText
 10
330.3548
 20
-135.41580000000002
 30
0.0
 40
0.035
  1
PA-M-031
 72
1
 11
330.3548
 21
-135.41580000000002
 31
0.0
100
AcDbText
 73
2
  0
LWPOLYLINE
  5
65E
330
17
100
AcDbEntity
  8
CORTE-DESPERDICIO
100
AcDbPolyline
 90
4
 70
1
 10
330.0568
 20
-134.8638
 10
330.6528
 20
-134.8638
 10
330.6528
 20
-134.7738
 10
330.0568
 20
-134.7738
  0
LWPOLYLINE
  5
65F
330
17
100
AcDbEntity
  8
CORTE-TILE
100
AcDbPolyline
 90
4
 70
1
 10
331.1028
 20
-135.9678
 10
331.6988
 20
-135.9678
 10
331.6988
 20
-134.77380000000002
 10
331.1028
 20
-134.77380000000002
  0
TEXT
  5
660
330
17
100
AcDbEntity
  8
CORTE-TEXTO
100
AcDbText
 10
331.4008
 20
-134.63380000000004
 30
0.0
 40
0.06
  1
M-15
 72
1
 11
331.4008
 21
-134.63380000000004
 31
0.0
100
AcDbText
 73
2
  0
LWPOLYLINE
  5
661
330
17
100
AcDbEntity
  8
CORTE-RECORTE
100
AcDbPolyline
 90
4
 70
1
 10
331.1028
 20
-135.9678
 10
331.6988
 20
-135.9678
 10
331.6988
 20
-134.8638
 10
331.1028
 20
-134.8638
  0
TEXT
  5
662
330
17
100
AcDbEntity
  8
CORTE-TEXTO
100
AcDbText
 10
331.4008
 20
-135.41580000000002
 30
0.0
 40
0.035
  1
PA-M-030
 72
1
 11
331.4008
 21
-135.41580000000002
 31
0.0
100
AcDbText
 73
2
  0
LWPOLYLINE
  5
663
330
17
100
AcDbEntity
  8
CORTE-DESPERDICIO
100
AcDbPolyline
 90
4
 70
1
 10
331.1028
 20
-134.8638
 10
331.6988
 20
-134.8638
 10
331.6988
 20
-134.7738
 10
331.1028
 20
-134.7738
  0
LWPOLYLINE
  5
664
330
17
100
AcDbEntity
  8
CORTE-TILE
100
AcDbPolyline
 90
4
 70
1
 10
332.1488
 20
-135.9678
 10
332.7448
 20
-135.9678
 10
332.7448
 20
-134.77380000000002
 10
332.1488
 20
-134.77380000000002
  0
TEXT
  5
665
330
17
100
AcDbEntity
  8
CORTE-TEXTO
100
AcDbText
 10
332.4468
 20
-134.63380000000004
 30
0.0
 40
0.06
  1
M-16
 72
1
 11
332.4468
 21
-134.63380000000004
 31
0.0
100
AcDbText
 73
2
  0
LWPOLYLINE
  5
666
330
17
100
AcDbEntity
  8
CORTE-RECORTE
100
AcDbPolyline
 90
4
 70
1
 10
332.1488
 20
-135.9678
 10
332.7448
 20
-135.9678
 10
332.7448
 20
-134.883
 10
332.1488
 20
-134.883
  0
TEXT
  5
667
330
17
100
AcDbEntity
  8
CORTE-TEXTO
100
AcDbText
 10
332.4468
 20
-135.42540000000002
 30
0.0
 40
0.035
  1
PB-M-121
 72
1
 11
332.4468
 21
-135.42540000000002
 31
0.0
100
AcDbText
 73
2
  0
LWPOLYLINE
  5
668
330
17
100
AcDbEntity
  8
CORTE-SOBRANTE
100
AcDbPolyline
 90
4
 70
1
 10
332.1488
 20
-134.883
 10
332.7448
 20
-134.883
 10
332.7448
 20
-134.77380000000002
 10
332.1488
 20
-134.77380000000002
  0
LWPOLYLINE
  5
669
330
17
100
AcDbEntity
  8
CORTE-TILE
100
AcDbPolyline
 90
4
 70
1
 10
333.1948
 20
-135.9678
 10
333.7908
 20
-135.9678
 10
333.7908
 20
-134.77380000000002
 10
333.1948
 20
-134.77380000000002
  0
TEXT
  5
66A
330
17
100
AcDbEntity
  8
CORTE-TEXTO
100
AcDbText
 10
333.4928
 20
-134.63380000000004
 30
0.0
 40
0.06
  1
M-17
 72
1
 11
333.4928
 21
-134.63380000000004
 31
0.0
100
AcDbText
 73
2
  0
LWPOLYLINE
  5
66B
330
17
100
AcDbEntity
  8
CORTE-RECORTE
100
AcDbPolyline
 90
4
 70
1
 10
333.1948
 20
-135.9678
 10
333.7908
 20
-135.9678
 10
333.7908
 20
-134.8836
 10
333.1948
 20
-134.8836
  0
TEXT
  5
66C
330
17
100
AcDbEntity
  8
CORTE-TEXTO
100
AcDbText
 10
333.4928
 20
-135.4257
 30
0.0
 40
0.035
  1
PA-M-002
 72
1
 11
333.4928
 21
-135.4257
 31
0.0
100
AcDbText
 73
2
  0
LWPOLYLINE
  5
66D
330
17
100
AcDbEntity
  8
CORTE-SOBRANTE
100
AcDbPolyline
 90
4
 70
1
 10
333.1948
 20
-134.8836
 10
333.7908
 20
-134.8836
 10
333.7908
 20
-134.7738
 10
333.1948
 20
-134.7738
  0
LWPOLYLINE
  5
66E
330
17
100
AcDbEntity
  8
CORTE-TILE
100
AcDbPolyline
 90
4
 70
1
 10
334.2408
 20
-135.9678
 10
334.8368
 20
-135.9678
 10
334.8368
 20
-134.77380000000002
 10
334.2408
 20
-134.77380000000002
  0
TEXT
  5
66F
330
17
100
AcDbEntity
  8
CORTE-TEXTO
100
AcDbText
 10
334.5388
 20
-134.63380000000004
 30
0.0
 40
0.06
  1
M-18
 72
1
 11
334.5388
 21
-134.63380000000004
 31
0.0
100
AcDbText
 73
2
  0
LWPOLYLINE
  5
670
330
17
100
AcDbEntity
  8
CORTE-RECORTE
100
AcDbPolyline
 90
4
 70
1
 10
334.2408
 20
-135.9678
 10
334.8368
 20
-135.9678
 10
334.8368
 20
-134.8836
 10
334.2408
 20
-134.8836
  0
TEXT
  5
671
330
17
100
AcDbEntity
  8
CORTE-TEXTO
100
AcDbText
 10
334.5388
 20
-135.4257
 30
0.0
 40
0.035
  1
PA-M-003
 72
1
 11
334.5388
 21
-135.4257
 31
0.0
100
AcDbText
 73
2
  0
LWPOLYLINE
  5
672
330
17
100
AcDbEntity
  8
CORTE-SOBRANTE
100
AcDbPolyline
 90
4
 70
1
 10
334.2408
 20
-134.8836
 10
334.8368
 20
-134.8836
 10
334.8368
 20
-134.7738
 10
334.2408
 20
-134.7738
  0
LWPOLYLINE
  5
673
330
17
100
AcDbEntity
  8
CORTE-TILE
100
AcDbPolyline
 90
4
 70
1
 10
335.28679999999997
 20
-135.9678
 10
335.8828
 20
-135.9678
 10
335.8828
 20
-134.77380000000002
 10
335.28679999999997
 20
-134.77380000000002
  0
TEXT
  5
674
330
17
100
AcDbEntity
  8
CORTE-TEXTO
100
AcDbText
 10
335.5848
 20
-134.63380000000004
 30
0.0
 40
0.06
  1
M-19
 72
1
 11
335.5848
 21
-134.63380000000004
 31
0.0
100
AcDbText
 73
2
  0
LWPOLYLINE
  5
675
330
17
100
AcDbEntity
  8
CORTE-RECORTE
100
AcDbPolyline
 90
4
 70
1
 10
335.28679999999997
 20
-135.9678
 10
335.8828
 20
-135.9678
 10
335.8828
 20
-134.9538
 10
335.28679999999997
 20
-134.9538
  0
TEXT
  5
676
330
17
100
AcDbEntity
  8
CORTE-TEXTO
100
AcDbText
 10
335.5848
 20
-135.4608
 30
0.0
 40
0.035
  1
PB-M-013
 72
1
 11
335.5848
 21
-135.4608
 31
0.0
100
AcDbText
 73
2
  0
LWPOLYLINE
  5
677
330
17
100
AcDbEntity
  8
CORTE-SOBRANTE
100
AcDbPolyline
 90
4
 70
1
 10
335.28679999999997
 20
-134.9538
 10
335.8828
 20
-134.9538
 10
335.8828
 20
-134.7738
 10
335.28679999999997
 20
-134.7738
  0
LWPOLYLINE
  5
678
330
17
100
AcDbEntity
  8
CORTE-TILE
100
AcDbPolyline
 90
4
 70
1
 10
336.3328
 20
-135.9678
 10
336.9288
 20
-135.9678
 10
336.9288
 20
-134.77380000000002
 10
336.3328
 20
-134.77380000000002
  0
TEXT
  5
679
330
17
100
AcDbEntity
  8
CORTE-TEXTO
100
AcDbText
 10
336.6308
 20
-134.63380000000004
 30
0.0
 40
0.06
  1
M-20
 72
1
 11
336.6308
 21
-134.63380000000004
 31
0.0
100
AcDbText
 73
2
  0
LWPOLYLINE
  5
67A
330
17
100
AcDbEntity
  8
CORTE-RECORTE
100
AcDbPolyline
 90
4
 70
1
 10
336.3328
 20
-135.9678
 10
336.88910000000004
 20
-135.9678
 10
336.88910000000004
 20
-134.883
 10
336.3328
 20
-134.883
  0
TEXT
  5
67B
330
17
100
AcDbEntity
  8
CORTE-TEXTO
100
AcDbText
 10
336.61095
 20
-135.42540000000002
 30
0.0
 40
0.035
  1
PB-M-120
 72
1
 11
336.61095
 21
-135.42540000000002
 31
0.0
100
AcDbText
 73
2
  0
LWPOLYLINE
  5
67C
330
17
100
AcDbEntity
  8
CORTE-SOBRANTE
100
AcDbPolyline
 90
4
 70
1
 10
336.3328
 20
-134.883
 10
336.9288
 20
-134.883
 10
336.9288
 20
-134.77380000000002
 10
336.3328
 20
-134.77380000000002
  0
LWPOLYLINE
  5
67D
330
17
100
AcDbEntity
  8
CORTE-DESPERDICIO
100
AcDbPolyline
 90
4
 70
1
 10
336.88910000000004
 20
-135.9678
 10
336.9288
 20
-135.9678
 10
336.9288
 20
-134.883
 10
336.88910000000004
 20
-134.883
  0
LWPOLYLINE
  5
67E
330
17
100
AcDbEntity
  8
CORTE-TILE
100
AcDbPolyline
 90
4
 70
1
 10
337.3788
 20
-135.9678
 10
337.9748
 20
-135.9678
 10
337.9748
 20
-134.77380000000002
 10
337.3788
 20
-134.77380000000002
  0
TEXT
  5
67F
330
17
100
AcDbEntity
  8
CORTE-TEXTO
100
AcDbText
 10
337.6768
 20
-134.63380000000004
 30
0.0
 40
0.06
  1
M-21
 72
1
 11
337.6768
 21
-134.63380000000004
 31
0.0
100
AcDbText
 73
2
  0
LWPOLYLINE
  5
680
330
17
100
AcDbEntity
  8
CORTE-RECORTE
100
AcDbPolyline
 90
4
 70
1
 10
337.3788
 20
-135.9678
 10
337.9748
 20
-135.9678
 10
337.9748
 20
-135.0278
 10
337.3788
 20
-135.0278
  0
TEXT
  5
681
330
17
100
AcDbEntity
  8
CORTE-TEXTO
100
AcDbText
 10
337.6768
 20
-135.4978
 30
0.0
 40
0.035
  1
PB-M-130
 72
1
 11
337.6768
 21
-135.4978
 31
0.0
100
AcDbText
 73
2
  0
LWPOLYLINE
  5
682
330
17
100
AcDbEntity
  8
CORTE-SOBRANTE
100
AcDbPolyline
 90
4
 70
1
 10
337.3788
 20
-135.0278
 10
337.9748
 20
-135.0278
 10
337.9748
 20
-134.77380000000002
 10
337.3788
 20
-134.77380000000002
  0
LWPOLYLINE
  5
683
330
17
100
AcDbEntity
  8
CORTE-TILE
100
AcDbPolyline
 90
4
 70
1
 10
338.4248
 20
-135.9678
 10
339.0208
 20
-135.9678
 10
339.0208
 20
-134.77380000000002
 10
338.4248
 20
-134.77380000000002
  0
TEXT
  5
684
330
17
100
AcDbEntity
  8
CORTE-TEXTO
100
AcDbText
 10
338.7228
 20
-134.63380000000004
 30
0.0
 40
0.06
  1
M-22
 72
1
 11
338.7228
 21
-134.63380000000004
 31
0.0
100
AcDbText
 73
2
  0
LWPOLYLINE
  5
685
330
17
100
AcDbEntity
  8
CORTE-RECORTE
100
AcDbPolyline
 90
4
 70
1
 10
338.4248
 20
-135.9678
 10
339.0208
 20
-135.9678
 10
339.0208
 20
-135.0278
 10
338.4248
 20
-135.0278
  0
TEXT
  5
686
330
17
100
AcDbEntity
  8
CORTE-TEXTO
100
AcDbText
 10
338.7228
 20
-135.4978
 30
0.0
 40
0.035
  1
PB-M-131
 72
1
 11
338.7228
 21
-135.4978
 31
0.0
100
AcDbText
 73
2
  0
LWPOLYLINE
  5
687
330
17
100
AcDbEntity
  8
CORTE-SOBRANTE
100
AcDbPolyline
 90
4
 70
1
 10
338.4248
 20
-135.0278
 10
339.0208
 20
-135.0278
 10
339.0208
 20
-134.77380000000002
 10
338.4248
 20
-134.77380000000002
  0
LWPOLYLINE
  5
688
330
17
100
AcDbEntity
  8
CORTE-TILE
100
AcDbPolyline
 90
4
 70
1
 10
316.4588
 20
-137.86180000000002
 10
317.0548
 20
-137.86180000000002
 10
317.0548
 20
-136.66780000000003
 10
316.4588
 20
-136.66780000000003
  0
TEXT
  5
689
330
17
100
AcDbEntity
  8
CORTE-TEXTO
100
AcDbText
 10
316.7568
 20
-136.52780000000004
 30
0.0
 40
0.06
  1
M-23
 72
1
 11
316.7568
 21
-136.52780000000004
 31
0.0
100
AcDbText
 73
2
  0
LWPOLYLINE
  5
68A
330
17
100
AcDbEntity
  8
CORTE-RECORTE
100
AcDbPolyline
 90
4
 70
1
 10
316.4588
 20
-137.86180000000002
 10
316.9523
 20
-137.86180000000002
 10
316.9523
 20
-136.77700000000002
 10
316.4588
 20
-136.77700000000002
  0
TEXT
  5
68B
330
17
100
AcDbEntity
  8
CORTE-TEXTO
100
AcDbText
 10
316.70555
 20
-137.31940000000003
 30
0.0
 40
0.035
  1
PB-M-122
 72
1
 11
316.70555
 21
-137.31940000000003
 31
0.0
100
AcDbText
 73
2
  0
LWPOLYLINE
  5
68C
330
17
100
AcDbEntity
  8
CORTE-SOBRANTE
100
AcDbPolyline
 90
4
 70
1
 10
316.9523
 20
-137.86180000000002
 10
317.0548
 20
-137.86180000000002
 10
317.0548
 20
-136.66780000000003
 10
316.9523
 20
-136.66780000000003
  0
LWPOLYLINE
  5
68D
330
17
100
AcDbEntity
  8
CORTE-SOBRANTE
100
AcDbPolyline
 90
4
 70
1
 10
316.4588
 20
-136.77700000000002
 10
316.9523
 20
-136.77700000000002
 10
316.9523
 20
-136.66780000000003
 10
316.4588
 20
-136.66780000000003
  0
LWPOLYLINE
  5
68E
330
17
100
AcDbEntity
  8
CORTE-TILE
100
AcDbPolyline
 90
4
 70
1
 10
317.5048
 20
-137.86180000000002
 10
318.1008
 20
-137.86180000000002
 10
318.1008
 20
-136.66780000000003
 10
317.5048
 20
-136.66780000000003
  0
TEXT
  5
68F
330
17
100
AcDbEntity
  8
CORTE-TEXTO
100
AcDbText
 10
317.8028
 20
-136.52780000000004
 30
0.0
 40
0.06
  1
M-24
 72
1
 11
317.8028
 21
-136.52780000000004
 31
0.0
100
AcDbText
 73
2
  0
LWPOLYLINE
  5
690
330
17
100
AcDbEntity
  8
CORTE-RECORTE
100
AcDbPolyline
 90
4
 70
1
 10
317.5048
 20
-137.86180000000002
 10
318.1008
 20
-137.86180000000002
 10
318.1008
 20
-136.9926
 10
317.5048
 20
-136.9926
  0
TEXT
  5
691
330
17
100
AcDbEntity
  8
CORTE-TEXTO
100
AcDbText
 10
317.8028
 20
-137.42720000000003
 30
0.0
 40
0.035
  1
PB-M-108
 72
1
 11
317.8028
 21
-137.42720000000003
 31
0.0
100
AcDbText
 73
2
  0
LWPOLYLINE
  5
692
330
17
100
AcDbEntity
  8
CORTE-SOBRANTE
100
AcDbPolyline
 90
4
 70
1
 10
317.5048
 20
-136.9926
 10
318.1008
 20
-136.9926
 10
318.1008
 20
-136.6678
 10
317.5048
 20
-136.6678
  0
LWPOLYLINE
  5
693
330
17
100
AcDbEntity
  8
CORTE-TILE
100
AcDbPolyline
 90
4
 70
1
 10
318.5508
 20
-137.86180000000002
 10
319.1468
 20
-137.86180000000002
 10
319.1468
 20
-136.66780000000003
 10
318.5508
 20
-136.66780000000003
  0
TEXT
  5
694
330
17
100
AcDbEntity
  8
CORTE-TEXTO
100
AcDbText
 10
318.8488
 20
-136.52780000000004
 30
0.0
 40
0.06
  1
M-25
 72
1
 11
318.8488
 21
-136.52780000000004
 31
0.0
100
AcDbText
 73
2
  0
LWPOLYLINE
  5
695
330
17
100
AcDbEntity
  8
CORTE-RECORTE
100
AcDbPolyline
 90
4
 70
1
 10
318.5508
 20
-137.86180000000002
 10
318.9844
 20
-137.86180000000002
 10
318.9844
 20
-136.66780000000003
 10
318.5508
 20
-136.66780000000003
  0
TEXT
  5
696
330
17
100
AcDbEntity
  8
CORTE-TEXTO
100
AcDbText
 10
318.76759999999996
 20
-137.2648
 30
0.0
 40
0.035
  1
PB-M-064
 72
1
 11
318.76759999999996
 21
-137.2648
 31
0.0
100
AcDbText
 73
2
  0
LWPOLYLINE
  5
697
330
17
100
AcDbEntity
  8
CORTE-RECORTE
100
AcDbPolyline
 90
4
 70
1
 10
318.9844
 20
-137.86180000000002
 10
319.1445
 20
-137.86180000000002
 10
319.1445
 20
-136.7776
 10
318.9844
 20
-136.7776
  0
TEXT
  5
698
330
17
100
AcDbEntity
  8
CORTE-TEXTO
100
AcDbText
 10
319.06445
 20
-137.3197
 30
0.0
 40
0.035
  1
PA-M-001
 72
1
 11
319.06445
 21
-137.3197
 31
0.0
100
AcDbText
 73
2
  0
LWPOLYLINE
  5
699
330
17
100
AcDbEntity
  8
CORTE-SOBRANTE
100
AcDbPolyline
 90
4
 70
1
 10
318.9844
 20
-136.7776
 10
319.1468
 20
-136.7776
 10
319.1468
 20
-136.6678
 10
318.9844
 20
-136.6678
  0
LWPOLYLINE
  5
69A
330
17
100
AcDbEntity
  8
CORTE-TILE
100
AcDbPolyline
 90
4
 70
1
 10
319.5968
 20
-137.86180000000002
 10
320.1928
 20
-137.86180000000002
 10
320.1928
 20
-136.66780000000003
 10
319.5968
 20
-136.66780000000003
  0
TEXT
  5
69B
330
17
100
AcDbEntity
  8
CORTE-TEXTO
100
AcDbText
 10
319.8948
 20
-136.52780000000004
 30
0.0
 40
0.06
  1
M-26
 72
1
 11
319.8948
 21
-136.52780000000004
 31
0.0
100
AcDbText
 73
2
  0
LWPOLYLINE
  5
69C
330
17
100
AcDbEntity
  8
CORTE-RECORTE
100
AcDbPolyline
 90
4
 70
1
 10
319.5968
 20
-137.86180000000002
 10
320.0304
 20
-137.86180000000002
 10
320.0304
 20
-136.66780000000003
 10
319.5968
 20
-136.66780000000003
  0
TEXT
  5
69D
330
17
100
AcDbEntity
  8
CORTE-TEXTO
100
AcDbText
 10
319.81359999999995
 20
-137.2648
 30
0.0
 40
0.035
  1
PB-M-051
 72
1
 11
319.81359999999995
 21
-137.2648
 31
0.0
100
AcDbText
 73
2
  0
LWPOLYLINE
  5
69E
330
17
100
AcDbEntity
  8
CORTE-RECORTE
100
AcDbPolyline
 90
4
 70
1
 10
320.0304
 20
-137.86180000000002
 10
320.17629999999997
 20
-137.86180000000002
 10
320.17629999999997
 20
-136.7578
 10
320.0304
 20
-136.7578
  0
TEXT
  5
69F
330
17
100
AcDbEntity
  8
CORTE-TEXTO
100
AcDbText
 10
320.10335
 20
-137.30980000000002
 30
0.0
 40
0.03242222222222222
  1
PA-M-032
 72
1
 11
320.10335
 21
-137.30980000000002
 31
0.0
100
AcDbText
 73
2
  0
LWPOLYLINE
  5
6A0
330
17
100
AcDbEntity
  8
CORTE-DESPERDICIO
100
AcDbPolyline
 90
4
 70
1
 10
320.17629999999997
 20
-137.86180000000002
 10
320.1928
 20
-137.86180000000002
 10
320.1928
 20
-136.66780000000003
 10
320.17629999999997
 20
-136.66780000000003
  0
LWPOLYLINE
  5
6A1
330
17
100
AcDbEntity
  8
CORTE-DESPERDICIO
100
AcDbPolyline
 90
4
 70
1
 10
320.0304
 20
-136.7578
 10
320.17629999999997
 20
-136.7578
 10
320.17629999999997
 20
-136.6678
 10
320.0304
 20
-136.6678
  0
LWPOLYLINE
  5
6A2
330
17
100
AcDbEntity
  8
CORTE-TILE
100
AcDbPolyline
 90
4
 70
1
 10
320.6428
 20
-137.86180000000002
 10
321.2388
 20
-137.86180000000002
 10
321.2388
 20
-136.66780000000003
 10
320.6428
 20
-136.66780000000003
  0
TEXT
  5
6A3
330
17
100
AcDbEntity
  8
CORTE-TEXTO
100
AcDbText
 10
320.9408
 20
-136.52780000000004
 30
0.0
 40
0.06
  1
M-27
 72
1
 11
320.9408
 21
-136.52780000000004
 31
0.0
100
AcDbText
 73
2
  0
LWPOLYLINE
  5
6A4
330
17
100
AcDbEntity
  8
CORTE-RECORTE
100
AcDbPolyline
 90
4
 70
1
 10
320.6428
 20
-137.86180000000002
 10
321.0726
 20
-137.86180000000002
 10
321.0726
 20
-136.66780000000003
 10
320.6428
 20
-136.66780000000003
  0
TEXT
  5
6A5
330
17
100
AcDbEntity
  8
CORTE-TEXTO
100
AcDbText
 10
320.8577
 20
-137.2648
 30
0.0
 40
0.035
  1
PA-M-008
 72
1
 11
320.8577
 21
-137.2648
 31
0.0
100
AcDbText
 73
2
  0
LWPOLYLINE
  5
6A6
330
17
100
AcDbEntity
  8
CORTE-RECORTE
100
AcDbPolyline
 90
4
 70
1
 10
321.0726
 20
-137.86180000000002
 10
321.18440000000004
 20
-137.86180000000002
 10
321.18440000000004
 20
-137.25320000000002
 10
321.0726
 20
-137.25320000000002
  0
TEXT
  5
6A7
330
17
100
AcDbEntity
  8
CORTE-TEXTO
100
AcDbText
 10
321.12850000000003
 20
-137.5575
 30
0.0
 40
0.024844444444444443
  1
PA-M-005
 72
1
 11
321.12850000000003
 21
-137.5575
 31
0.0
100
AcDbText
 73
2
  0
LWPOLYLINE
  5
6A8
330
17
100
AcDbEntity
  8
CORTE-SOBRANTE
100
AcDbPolyline
 90
4
 70
1
 10
321.0726
 20
-137.25320000000002
 10
321.2388
 20
-137.25320000000002
 10
321.2388
 20
-136.66780000000003
 10
321.0726
 20
-136.66780000000003
  0
LWPOLYLINE
  5
6A9
330
17
100
AcDbEntity
  8
CORTE-DESPERDICIO
100
AcDbPolyline
 90
4
 70
1
 10
321.18440000000004
 20
-137.86180000000002
 10
321.2388
 20
-137.86180000000002
 10
321.2388
 20
-137.25320000000002
 10
321.18440000000004
 20
-137.25320000000002
  0
LWPOLYLINE
  5
6AA
330
17
100
AcDbEntity
  8
CORTE-TILE
100
AcDbPolyline
 90
4
 70
1
 10
321.6888
 20
-137.86180000000002
 10
322.2848
 20
-137.86180000000002
 10
322.2848
 20
-136.66780000000003
 10
321.6888
 20
-136.66780000000003
  0
TEXT
  5
6AB
330
17
100
AcDbEntity
  8
CORTE-TEXTO
100
AcDbText
 10
321.9868
 20
-136.52780000000004
 30
0.0
 40
0.06
  1
M-28
 72
1
 11
321.9868
 21
-136.52780000000004
 31
0.0
100
AcDbText
 73
2
  0
LWPOLYLINE
  5
6AC
330
17
100
AcDbEntity
  8
CORTE-RECORTE
100
AcDbPolyline
 90
4
 70
1
 10
321.6888
 20
-137.86180000000002
 10
322.1224
 20
-137.86180000000002
 10
322.1224
 20
-136.7118
 10
321.6888
 20
-136.7118
  0
TEXT
  5
6AD
330
17
100
AcDbEntity
  8
CORTE-TEXTO
100
AcDbText
 10
321.9056
 20
-137.28680000000003
 30
0.0
 40
0.035
  1
PB-M-077
 72
1
 11
321.9056
 21
-137.28680000000003
 31
0.0
100
AcDbText
 73
2
  0
LWPOLYLINE
  5
6AE
330
17
100
AcDbEntity
  8
CORTE-RECORTE
100
AcDbPolyline
 90
4
 70
1
 10
322.1224
 20
-137.86180000000002
 10
322.2683
 20
-137.86180000000002
 10
322.2683
 20
-137.11800000000002
 10
322.1224
 20
-137.11800000000002
  0
TEXT
  5
6AF
330
17
100
AcDbEntity
  8
CORTE-TEXTO
100
AcDbText
 10
322.19535
 20
-137.4899
 30
0.0
 40
0.03242222222222222
  1
PA-M-025
 72
1
 11
322.19535
 21
-137.4899
 31
0.0
100
AcDbText
 73
2
  0
LWPOLYLINE
  5
6B0
330
17
100
AcDbEntity
  8
CORTE-DESPERDICIO
100
AcDbPolyline
 90
4
 70
1
 10
321.6888
 20
-136.7118
 10
322.1224
 20
-136.7118
 10
322.1224
 20
-136.6678
 10
321.6888
 20
-136.6678
  0
LWPOLYLINE
  5
6B1
330
17
100
AcDbEntity
  8
CORTE-SOBRANTE
100
AcDbPolyline
 90
4
 70
1
 10
322.1224
 20
-137.11800000000002
 10
322.2848
 20
-137.11800000000002
 10
322.2848
 20
-136.66780000000003
 10
322.1224
 20
-136.66780000000003
  0
LWPOLYLINE
  5
6B2
330
17
100
AcDbEntity
  8
CORTE-DESPERDICIO
100
AcDbPolyline
 90
4
 70
1
 10
322.2683
 20
-137.86180000000002
 10
322.2848
 20
-137.86180000000002
 10
322.2848
 20
-137.11800000000002
 10
322.2683
 20
-137.11800000000002
  0
LWPOLYLINE
  5
6B3
330
17
100
AcDbEntity
  8
CORTE-TILE
100
AcDbPolyline
 90
4
 70
1
 10
322.7348
 20
-137.86180000000002
 10
323.3308
 20
-137.86180000000002
 10
323.3308
 20
-136.66780000000003
 10
322.7348
 20
-136.66780000000003
  0
TEXT
  5
6B4
330
17
100
AcDbEntity
  8
CORTE-TEXTO
100
AcDbText
 10
323.0328
 20
-136.52780000000004
 30
0.0
 40
0.06
  1
M-29
 72
1
 11
323.0328
 21
-136.52780000000004
 31
0.0
100
AcDbText
 73
2
  0
LWPOLYLINE
  5
6B5
330
17
100
AcDbEntity
  8
CORTE-RECORTE
100
AcDbPolyline
 90
4
 70
1
 10
322.7348
 20
-137.86180000000002
 10
323.2623
 20
-137.86180000000002
 10
323.2623
 20
-136.9926
 10
322.7348
 20
-136.9926
  0
TEXT
  5
6B6
330
17
100
AcDbEntity
  8
CORTE-TEXTO
100
AcDbText
 10
322.99855
 20
-137.42720000000003
 30
0.0
 40
0.035
  1
PB-M-109
 72
1
 11
322.99855
 21
-137.42720000000003
 31
0.0
100
AcDbText
 73
2
  0
LWPOLYLINE
  5
6B7
330
17
100
AcDbEntity
  8
CORTE-SOBRANTE
100
AcDbPolyline
 90
4
 70
1
 10
322.7348
 20
-136.9926
 10
323.3308
 20
-136.9926
 10
323.3308
 20
-136.6678
 10
322.7348
 20
-136.6678
  0
LWPOLYLINE
  5
6B8
330
17
100
AcDbEntity
  8
CORTE-DESPERDICIO
100
AcDbPolyline
 90
4
 70
1
 10
323.2623
 20
-137.86180000000002
 10
323.33079999999995
 20
-137.86180000000002
 10
323.33079999999995
 20
-136.9926
 10
323.2623
 20
-136.9926
  0
LWPOLYLINE
  5
6B9
330
17
100
AcDbEntity
  8
CORTE-TILE
100
AcDbPolyline
 90
4
 70
1
 10
323.7808
 20
-137.86180000000002
 10
324.3768
 20
-137.86180000000002
 10
324.3768
 20
-136.66780000000003
 10
323.7808
 20
-136.66780000000003
  0
TEXT
  5
6BA
330
17
100
AcDbEntity
  8
CORTE-TEXTO
100
AcDbText
 10
324.0788
 20
-136.52780000000004
 30
0.0
 40
0.06
  1
M-30
 72
1
 11
324.0788
 21
-136.52780000000004
 31
0.0
100
AcDbText
 73
2
  0
LWPOLYLINE
  5
6BB
330
17
100
AcDbEntity
  8
CORTE-RECORTE
100
AcDbPolyline
 90
4
 70
1
 10
323.7808
 20
-137.86180000000002
 10
324.3768
 20
-137.86180000000002
 10
324.3768
 20
-137.1021
 10
323.7808
 20
-137.1021
  0
TEXT
  5
6BC
330
17
100
AcDbEntity
  8
CORTE-TEXTO
100
AcDbText
 10
324.0788
 20
-137.48195
 30
0.0
 40
0.035
  1
PB-M-021
 72
1
 11
324.0788
 21
-137.48195
 31
0.0
100
AcDbText
 73
2
  0
LWPOLYLINE
  5
6BD
330
17
100
AcDbEntity
  8
CORTE-SOBRANTE
100
AcDbPolyline
 90
4
 70
1
 10
323.7808
 20
-137.1021
 10
324.3768
 20
-137.1021
 10
324.3768
 20
-136.6678
 10
323.7808
 20
-136.6678
  0
LWPOLYLINE
  5
6BE
330
17
100
AcDbEntity
  8
CORTE-TILE
100
AcDbPolyline
 90
4
 70
1
 10
324.8268
 20
-137.86180000000002
 10
325.4228
 20
-137.86180000000002
 10
325.4228
 20
-136.66780000000003
 10
324.8268
 20
-136.66780000000003
  0
TEXT
  5
6BF
330
17
100
AcDbEntity
  8
CORTE-TEXTO
100
AcDbText
 10
325.1248
 20
-136.52780000000004
 30
0.0
 40
0.06
  1
M-31
 72
1
 11
325.1248
 21
-136.52780000000004
 31
0.0
100
AcDbText
 73
2
  0
LWPOLYLINE
  5
6C0
330
17
100
AcDbEntity
  8
CORTE-RECORTE
100
AcDbPolyline
 90
4
 70
1
 10
324.8268
 20
-137.86180000000002
 10
325.4228
 20
-137.86180000000002
 10
325.4228
 20
-137.1021
 10
324.8268
 20
-137.1021
  0
TEXT
  5
6C1
330
17
100
AcDbEntity
  8
CORTE-TEXTO
100
AcDbText
 10
325.1248
 20
-137.48195
 30
0.0
 40
0.035
  1
PB-M-020
 72
1
 11
325.1248
 21
-137.48195
 31
0.0
100
AcDbText
 73
2
  0
LWPOLYLINE
  5
6C2
330
17
100
AcDbEntity
  8
CORTE-SOBRANTE
100
AcDbPolyline
 90
4
 70
1
 10
324.8268
 20
-137.1021
 10
325.4228
 20
-137.1021
 10
325.4228
 20
-136.6678
 10
324.8268
 20
-136.6678
  0
LWPOLYLINE
  5
6C3
330
17
100
AcDbEntity
  8
CORTE-TILE
100
AcDbPolyline
 90
4
 70
1
 10
325.8728
 20
-137.86180000000002
 10
326.4688
 20
-137.86180000000002
 10
326.4688
 20
-136.66780000000003
 10
325.8728
 20
-136.66780000000003
  0
TEXT
  5
6C4
330
17
100
AcDbEntity
  8
CORTE-TEXTO
100
AcDbText
 10
326.1708
 20
-136.52780000000004
 30
0.0
 40
0.06
  1
M-32
 72
1
 11
326.1708
 21
-136.52780000000004
 31
0.0
100
AcDbText
 73
2
  0
LWPOLYLINE
  5
6C5
330
17
100
AcDbEntity
  8
CORTE-RECORTE
100
AcDbPolyline
 90
4
 70
1
 10
325.8728
 20
-137.86180000000002
 10
326.4688
 20
-137.86180000000002
 10
326.4688
 20
-137.1021
 10
325.8728
 20
-137.1021
  0
TEXT
  5
6C6
330
17
100
AcDbEntity
  8
CORTE-TEXTO
100
AcDbText
 10
326.1708
 20
-137.48195
 30
0.0
 40
0.035
  1
PB-M-019
 72
1
 11
326.1708
 21
-137.48195
 31
0.0
100
AcDbText
 73
2
  0
LWPOLYLINE
  5
6C7
330
17
100
AcDbEntity
  8
CORTE-SOBRANTE
100
AcDbPolyline
 90
4
 70
1
 10
325.8728
 20
-137.1021
 10
326.4688
 20
-137.1021
 10
326.4688
 20
-136.6678
 10
325.8728
 20
-136.6678
  0
LWPOLYLINE
  5
6C8
330
17
100
AcDbEntity
  8
CORTE-TILE
100
AcDbPolyline
 90
4
 70
1
 10
326.9188
 20
-137.86180000000002
 10
327.5148
 20
-137.86180000000002
 10
327.5148
 20
-136.66780000000003
 10
326.9188
 20
-136.66780000000003
  0
TEXT
  5
6C9
330
17
100
AcDbEntity
  8
CORTE-TEXTO
100
AcDbText
 10
327.2168
 20
-136.52780000000004
 30
0.0
 40
0.06
  1
M-33
 72
1
 11
327.2168
 21
-136.52780000000004
 31
0.0
100
AcDbText
 73
2
  0
LWPOLYLINE
  5
6CA
330
17
100
AcDbEntity
  8
CORTE-RECORTE
100
AcDbPolyline
 90
4
 70
1
 10
326.9188
 20
-137.86180000000002
 10
327.5148
 20
-137.86180000000002
 10
327.5148
 20
-137.1021
 10
326.9188
 20
-137.1021
  0
TEXT
  5
6CB
330
17
100
AcDbEntity
  8
CORTE-TEXTO
100
AcDbText
 10
327.2168
 20
-137.48195
 30
0.0
 40
0.035
  1
PB-M-018
 72
1
 11
327.2168
 21
-137.48195
 31
0.0
100
AcDbText
 73
2
  0
LWPOLYLINE
  5
6CC
330
17
100
AcDbEntity
  8
CORTE-SOBRANTE
100
AcDbPolyline
 90
4
 70
1
 10
326.9188
 20
-137.1021
 10
327.5148
 20
-137.1021
 10
327.5148
 20
-136.6678
 10
326.9188
 20
-136.6678
  0
LWPOLYLINE
  5
6CD
330
17
100
AcDbEntity
  8
CORTE-TILE
100
AcDbPolyline
 90
4
 70
1
 10
327.96479999999997
 20
-137.86180000000002
 10
328.5608
 20
-137.86180000000002
 10
328.5608
 20
-136.66780000000003
 10
327.96479999999997
 20
-136.66780000000003
  0
TEXT
  5
6CE
330
17
100
AcDbEntity
  8
CORTE-TEXTO
100
AcDbText
 10
328.26279999999997
 20
-136.52780000000004
 30
0.0
 40
0.06
  1
M-34
 72
1
 11
328.26279999999997
 21
-136.52780000000004
 31
0.0
100
AcDbText
 73
2
  0
LWPOLYLINE
  5
6CF
330
17
100
AcDbEntity
  8
CORTE-RECORTE
100
AcDbPolyline
 90
4
 70
1
 10
327.96479999999997
 20
-137.86180000000002
 10
328.5608
 20
-137.86180000000002
 10
328.5608
 20
-137.1021
 10
327.96479999999997
 20
-137.1021
  0
TEXT
  5
6D0
330
17
100
AcDbEntity
  8
CORTE-TEXTO
100
AcDbText
 10
328.26279999999997
 20
-137.48195
 30
0.0
 40
0.035
  1
PB-M-017
 72
1
 11
328.26279999999997
 21
-137.48195
 31
0.0
100
AcDbText
 73
2
  0
LWPOLYLINE
  5
6D1
330
17
100
AcDbEntity
  8
CORTE-SOBRANTE
100
AcDbPolyline
 90
4
 70
1
 10
327.96479999999997
 20
-137.1021
 10
328.5608
 20
-137.1021
 10
328.5608
 20
-136.6678
 10
327.96479999999997
 20
-136.6678
  0
LWPOLYLINE
  5
6D2
330
17
100
AcDbEntity
  8
CORTE-TILE
100
AcDbPolyline
 90
4
 70
1
 10
329.0108
 20
-137.86180000000002
 10
329.6068
 20
-137.86180000000002
 10
329.6068
 20
-136.66780000000003
 10
329.0108
 20
-136.66780000000003
  0
TEXT
  5
6D3
330
17
100
AcDbEntity
  8
CORTE-TEXTO
100
AcDbText
 10
329.3088
 20
-136.52780000000004
 30
0.0
 40
0.06
  1
M-35
 72
1
 11
329.3088
 21
-136.52780000000004
 31
0.0
100
AcDbText
 73
2
  0
LWPOLYLINE
  5
6D4
330
17
100
AcDbEntity
  8
CORTE-RECORTE
100
AcDbPolyline
 90
4
 70
1
 10
329.0108
 20
-137.86180000000002
 10
329.6068
 20
-137.86180000000002
 10
329.6068
 20
-137.1021
 10
329.0108
 20
-137.1021
  0
TEXT
  5
6D5
330
17
100
AcDbEntity
  8
CORTE-TEXTO
100
AcDbText
 10
329.3088
 20
-137.48195
 30
0.0
 40
0.035
  1
PB-M-016
 72
1
 11
329.3088
 21
-137.48195
 31
0.0
100
AcDbText
 73
2
  0
LWPOLYLINE
  5
6D6
330
17
100
AcDbEntity
  8
CORTE-SOBRANTE
100
AcDbPolyline
 90
4
 70
1
 10
329.0108
 20
-137.1021
 10
329.6068
 20
-137.1021
 10
329.6068
 20
-136.6678
 10
329.0108
 20
-136.6678
  0
LWPOLYLINE
  5
6D7
330
17
100
AcDbEntity
  8
CORTE-TILE
100
AcDbPolyline
 90
4
 70
1
 10
330.0568
 20
-137.86180000000002
 10
330.6528
 20
-137.86180000000002
 10
330.6528
 20
-136.66780000000003
 10
330.0568
 20
-136.66780000000003
  0
TEXT
  5
6D8
330
17
100
AcDbEntity
  8
CORTE-TEXTO
100
AcDbText
 10
330.3548
 20
-136.52780000000004
 30
0.0
 40
0.06
  1
M-36
 72
1
 11
330.3548
 21
-136.52780000000004
 31
0.0
100
AcDbText
 73
2
  0
LWPOLYLINE
  5
6D9
330
17
100
AcDbEntity
  8
CORTE-RECORTE
100
AcDbPolyline
 90
4
 70
1
 10
330.0568
 20
-137.86180000000002
 10
330.6528
 20
-137.86180000000002
 10
330.6528
 20
-137.1021
 10
330.0568
 20
-137.1021
  0
TEXT
  5
6DA
330
17
100
AcDbEntity
  8
CORTE-TEXTO
100
AcDbText
 10
330.3548
 20
-137.48195
 30
0.0
 40
0.035
  1
PB-M-023
 72
1
 11
330.3548
 21
-137.48195
 31
0.0
100
AcDbText
 73
2
  0
LWPOLYLINE
  5
6DB
330
17
100
AcDbEntity
  8
CORTE-SOBRANTE
100
AcDbPolyline
 90
4
 70
1
 10
330.0568
 20
-137.1021
 10
330.6528
 20
-137.1021
 10
330.6528
 20
-136.6678
 10
330.0568
 20
-136.6678
  0
LWPOLYLINE
  5
6DC
330
17
100
AcDbEntity
  8
CORTE-TILE
100
AcDbPolyline
 90
4
 70
1
 10
331.1028
 20
-137.86180000000002
 10
331.6988
 20
-137.86180000000002
 10
331.6988
 20
-136.66780000000003
 10
331.1028
 20
-136.66780000000003
  0
TEXT
  5
6DD
330
17
100
AcDbEntity
  8
CORTE-TEXTO
100
AcDbText
 10
331.4008
 20
-136.52780000000004
 30
0.0
 40
0.06
  1
M-37
 72
1
 11
331.4008
 21
-136.52780000000004
 31
0.0
100
AcDbText
 73
2
  0
LWPOLYLINE
  5
6DE
330
17
100
AcDbEntity
  8
CORTE-RECORTE
100
AcDbPolyline
 90
4
 70
1
 10
331.1028
 20
-137.86180000000002
 10
331.6988
 20
-137.86180000000002
 10
331.6988
 20
-137.1021
 10
331.1028
 20
-137.1021
  0
TEXT
  5
6DF
330
17
100
AcDbEntity
  8
CORTE-TEXTO
100
AcDbText
 10
331.4008
 20
-137.48195
 30
0.0
 40
0.035
  1
PB-M-022
 72
1
 11
331.4008
 21
-137.48195
 31
0.0
100
AcDbText
 73
2
  0
LWPOLYLINE
  5
6E0
330
17
100
AcDbEntity
  8
CORTE-SOBRANTE
100
AcDbPolyline
 90
4
 70
1
 10
331.1028
 20
-137.1021
 10
331.6988
 20
-137.1021
 10
331.6988
 20
-136.6678
 10
331.1028
 20
-136.6678
  0
LWPOLYLINE
  5
6E1
330
17
100
AcDbEntity
  8
CORTE-TILE
100
AcDbPolyline
 90
4
 70
1
 10
332.1488
 20
-137.86180000000002
 10
332.7448
 20
-137.86180000000002
 10
332.7448
 20
-136.66780000000003
 10
332.1488
 20
-136.66780000000003
  0
TEXT
  5
6E2
330
17
100
AcDbEntity
  8
CORTE-TEXTO
100
AcDbText
 10
332.4468
 20
-136.52780000000004
 30
0.0
 40
0.06
  1
M-38
 72
1
 11
332.4468
 21
-136.52780000000004
 31
0.0
100
AcDbText
 73
2
  0
LWPOLYLINE
  5
6E3
330
17
100
AcDbEntity
  8
CORTE-RECORTE
100
AcDbPolyline
 90
4
 70
1
 10
332.1488
 20
-137.86180000000002
 10
332.7448
 20
-137.86180000000002
 10
332.7448
 20
-137.1021
 10
332.1488
 20
-137.1021
  0
TEXT
  5
6E4
330
17
100
AcDbEntity
  8
CORTE-TEXTO
100
AcDbText
 10
332.4468
 20
-137.48195
 30
0.0
 40
0.035
  1
PB-M-025
 72
1
 11
332.4468
 21
-137.48195
 31
0.0
100
AcDbText
 73
2
  0
LWPOLYLINE
  5
6E5
330
17
100
AcDbEntity
  8
CORTE-SOBRANTE
100
AcDbPolyline
 90
4
 70
1
 10
332.1488
 20
-137.1021
 10
332.7448
 20
-137.1021
 10
332.7448
 20
-136.6678
 10
332.1488
 20
-136.6678
  0
LWPOLYLINE
  5
6E6
330
17
100
AcDbEntity
  8
CORTE-TILE
100
AcDbPolyline
 90
4
 70
1
 10
333.1948
 20
-137.86180000000002
 10
333.7908
 20
-137.86180000000002
 10
333.7908
 20
-136.66780000000003
 10
333.1948
 20
-136.66780000000003
  0
TEXT
  5
6E7
330
17
100
AcDbEntity
  8
CORTE-TEXTO
100
AcDbText
 10
333.4928
 20
-136.52780000000004
 30
0.0
 40
0.06
  1
M-39
 72
1
 11
333.4928
 21
-136.52780000000004
 31
0.0
100
AcDbText
 73
2
  0
LWPOLYLINE
  5
6E8
330
17
100
AcDbEntity
  8
CORTE-RECORTE
100
AcDbPolyline
 90
4
 70
1
 10
333.1948
 20
-137.86180000000002
 10
333.7908
 20
-137.86180000000002
 10
333.7908
 20
-137.1021
 10
333.1948
 20
-137.1021
  0
TEXT
  5
6E9
330
17
100
AcDbEntity
  8
CORTE-TEXTO
100
AcDbText
 10
333.4928
 20
-137.48195
 30
0.0
 40
0.035
  1
PB-M-024
 72
1
 11
333.4928
 21
-137.48195
 31
0.0
100
AcDbText
 73
2
  0
LWPOLYLINE
  5
6EA
330
17
100
AcDbEntity
  8
CORTE-SOBRANTE
100
AcDbPolyline
 90
4
 70
1
 10
333.1948
 20
-137.1021
 10
333.7908
 20
-137.1021
 10
333.7908
 20
-136.6678
 10
333.1948
 20
-136.6678
  0
LWPOLYLINE
  5
6EB
330
17
100
AcDbEntity
  8
CORTE-TILE
100
AcDbPolyline
 90
4
 70
1
 10
334.2408
 20
-137.86180000000002
 10
334.8368
 20
-137.86180000000002
 10
334.8368
 20
-136.66780000000003
 10
334.2408
 20
-136.66780000000003
  0
TEXT
  5
6EC
330
17
100
AcDbEntity
  8
CORTE-TEXTO
100
AcDbText
 10
334.5388
 20
-136.52780000000004
 30
0.0
 40
0.06
  1
M-40
 72
1
 11
334.5388
 21
-136.52780000000004
 31
0.0
100
AcDbText
 73
2
  0
LWPOLYLINE
  5
6ED
330
17
100
AcDbEntity
  8
CORTE-RECORTE
100
AcDbPolyline
 90
4
 70
1
 10
334.2408
 20
-137.86180000000002
 10
334.8368
 20
-137.86180000000002
 10
334.8368
 20
-137.1021
 10
334.2408
 20
-137.1021
  0
TEXT
  5
6EE
330
17
100
AcDbEntity
  8
CORTE-TEXTO
100
AcDbText
 10
334.5388
 20
-137.48195
 30
0.0
 40
0.035
  1
PB-M-026
 72
1
 11
334.5388
 21
-137.48195
 31
0.0
100
AcDbText
 73
2
  0
LWPOLYLINE
  5
6EF
330
17
100
AcDbEntity
  8
CORTE-SOBRANTE
100
AcDbPolyline
 90
4
 70
1
 10
334.2408
 20
-137.1021
 10
334.8368
 20
-137.1021
 10
334.8368
 20
-136.6678
 10
334.2408
 20
-136.6678
  0
LWPOLYLINE
  5
6F0
330
17
100
AcDbEntity
  8
CORTE-TILE
100
AcDbPolyline
 90
4
 70
1
 10
335.28679999999997
 20
-137.86180000000002
 10
335.8828
 20
-137.86180000000002
 10
335.8828
 20
-136.66780000000003
 10
335.28679999999997
 20
-136.66780000000003
  0
TEXT
  5
6F1
330
17
100
AcDbEntity
  8
CORTE-TEXTO
100
AcDbText
 10
335.5848
 20
-136.52780000000004
 30
0.0
 40
0.06
  1
M-41
 72
1
 11
335.5848
 21
-136.52780000000004
 31
0.0
100
AcDbText
 73
2
  0
LWPOLYLINE
  5
6F2
330
17
100
AcDbEntity
  8
CORTE-RECORTE
100
AcDbPolyline
 90
4
 70
1
 10
335.28679999999997
 20
-137.86180000000002
 10
335.8828
 20
-137.86180000000002
 10
335.8828
 20
-137.114
 10
335.28679999999997
 20
-137.114
  0
TEXT
  5
6F3
330
17
100
AcDbEntity
  8
CORTE-TEXTO
100
AcDbText
 10
335.5848
 20
-137.48790000000002
 30
0.0
 40
0.035
  1
PA-M-014
 72
1
 11
335.5848
 21
-137.48790000000002
 31
0.0
100
AcDbText
 73
2
  0
LWPOLYLINE
  5
6F4
330
17
100
AcDbEntity
  8
CORTE-RECORTE
100
AcDbPolyline
 90
4
 70
1
 10
335.28679999999997
 20
-137.114
 10
335.7204
 20
-137.114
 10
335.7204
 20
-136.6757
 10
335.28679999999997
 20
-136.6757
  0
TEXT
  5
6F5
330
17
100
AcDbEntity
  8
CORTE-TEXTO
100
AcDbText
 10
335.50359999999995
 20
-136.89485
 30
0.0
 40
0.035
  1
PB-M-078
 72
1
 11
335.50359999999995
 21
-136.89485
 31
0.0
100
AcDbText
 73
2
  0
LWPOLYLINE
  5
6F6
330
17
100
AcDbEntity
  8
CORTE-SOBRANTE
100
AcDbPolyline
 90
4
 70
1
 10
335.7204
 20
-137.114
 10
335.8828
 20
-137.114
 10
335.8828
 20
-136.6678
 10
335.7204
 20
-136.6678
  0
LWPOLYLINE
  5
6F7
330
17
100
AcDbEntity
  8
CORTE-TILE
100
AcDbPolyline
 90
4
 70
1
 10
336.3328
 20
-137.86180000000002
 10
336.9288
 20
-137.86180000000002
 10
336.9288
 20
-136.66780000000003
 10
336.3328
 20
-136.66780000000003
  0
TEXT
  5
6F8
330
17
100
AcDbEntity
  8
CORTE-TEXTO
100
AcDbText
 10
336.6308
 20
-136.52780000000004
 30
0.0
 40
0.06
  1
M-42
 72
1
 11
336.6308
 21
-136.52780000000004
 31
0.0
100
AcDbText
 73
2
  0
LWPOLYLINE
  5
6F9
330
17
100
AcDbEntity
  8
CORTE-RECORTE
100
AcDbPolyline
 90
4
 70
1
 10
336.3328
 20
-137.86180000000002
 10
336.9288
 20
-137.86180000000002
 10
336.9288
 20
-137.114
 10
336.3328
 20
-137.114
  0
TEXT
  5
6FA
330
17
100
AcDbEntity
  8
CORTE-TEXTO
100
AcDbText
 10
336.6308
 20
-137.48790000000002
 30
0.0
 40
0.035
  1
PA-M-013
 72
1
 11
336.6308
 21
-137.48790000000002
 31
0.0
100
AcDbText
 73
2
  0
LWPOLYLINE
  5
6FB
330
17
100
AcDbEntity
  8
CORTE-SOBRANTE
100
AcDbPolyline
 90
4
 70
1
 10
336.3328
 20
-137.114
 10
336.9288
 20
-137.114
 10
336.9288
 20
-136.6678
 10
336.3328
 20
-136.6678
  0
LWPOLYLINE
  5
6FC
330
17
100
AcDbEntity
  8
CORTE-TILE
100
AcDbPolyline
 90
4
 70
1
 10
337.3788
 20
-137.86180000000002
 10
337.9748
 20
-137.86180000000002
 10
337.9748
 20
-136.66780000000003
 10
337.3788
 20
-136.66780000000003
  0
TEXT
  5
6FD
330
17
100
AcDbEntity
  8
CORTE-TEXTO
100
AcDbText
 10
337.6768
 20
-136.52780000000004
 30
0.0
 40
0.06
  1
M-43
 72
1
 11
337.6768
 21
-136.52780000000004
 31
0.0
100
AcDbText
 73
2
  0
LWPOLYLINE
  5
6FE
330
17
100
AcDbEntity
  8
CORTE-RECORTE
100
AcDbPolyline
 90
4
 70
1
 10
337.3788
 20
-137.86180000000002
 10
337.9748
 20
-137.86180000000002
 10
337.9748
 20
-137.11800000000002
 10
337.3788
 20
-137.11800000000002
  0
TEXT
  5
6FF
330
17
100
AcDbEntity
  8
CORTE-TEXTO
100
AcDbText
 10
337.6768
 20
-137.4899
 30
0.0
 40
0.035
  1
PA-M-024
 72
1
 11
337.6768
 21
-137.4899
 31
0.0
100
AcDbText
 73
2
  0
LWPOLYLINE
  5
700
330
17
100
AcDbEntity
  8
CORTE-SOBRANTE
100
AcDbPolyline
 90
4
 70
1
 10
337.3788
 20
-137.11800000000002
 10
337.9748
 20
-137.11800000000002
 10
337.9748
 20
-136.66780000000003
 10
337.3788
 20
-136.66780000000003
  0
LWPOLYLINE
  5
701
330
17
100
AcDbEntity
  8
CORTE-TILE
100
AcDbPolyline
 90
4
 70
1
 10
338.4248
 20
-137.86180000000002
 10
339.0208
 20
-137.86180000000002
 10
339.0208
 20
-136.66780000000003
 10
338.4248
 20
-136.66780000000003
  0
TEXT
  5
702
330
17
100
AcDbEntity
  8
CORTE-TEXTO
100
AcDbText
 10
338.7228
 20
-136.52780000000004
 30
0.0
 40
0.06
  1
M-44
 72
1
 11
338.7228
 21
-136.52780000000004
 31
0.0
100
AcDbText
 73
2
  0
LWPOLYLINE
  5
703
330
17
100
AcDbEntity
  8
CORTE-RECORTE
100
AcDbPolyline
 90
4
 70
1
 10
338.4248
 20
-137.86180000000002
 10
339.0208
 20
-137.86180000000002
 10
339.0208
 20
-137.11800000000002
 10
338.4248
 20
-137.11800000000002
  0
TEXT
  5
704
330
17
100
AcDbEntity
  8
CORTE-TEXTO
100
AcDbText
 10
338.7228
 20
-137.4899
 30
0.0
 40
0.035
  1
PA-M-023
 72
1
 11
338.7228
 21
-137.4899
 31
0.0
100
AcDbText
 73
2
  0
LWPOLYLINE
  5
705
330
17
100
AcDbEntity
  8
CORTE-SOBRANTE
100
AcDbPolyline
 90
4
 70
1
 10
338.4248
 20
-137.11800000000002
 10
339.0208
 20
-137.11800000000002
 10
339.0208
 20
-136.66780000000003
 10
338.4248
 20
-136.66780000000003
  0
LWPOLYLINE
  5
706
330
17
100
AcDbEntity
  8
CORTE-TILE
100
AcDbPolyline
 90
4
 70
1
 10
316.4588
 20
-139.7558
 10
317.0548
 20
-139.7558
 10
317.0548
 20
-138.5618
 10
316.4588
 20
-138.5618
  0
TEXT
  5
707
330
17
100
AcDbEntity
  8
CORTE-TEXTO
100
AcDbText
 10
316.7568
 20
-138.42180000000002
 30
0.0
 40
0.06
  1
M-45
 72
1
 11
316.7568
 21
-138.42180000000002
 31
0.0
100
AcDbText
 73
2
  0
LWPOLYLINE
  5
708
330
17
100
AcDbEntity
  8
CORTE-RECORTE
100
AcDbPolyline
 90
4
 70
1
 10
316.4588
 20
-139.7558
 10
316.8225
 20
-139.7558
 10
316.8225
 20
-138.5618
 10
316.4588
 20
-138.5618
  0
TEXT
  5
709
330
17
100
AcDbEntity
  8
CORTE-TEXTO
100
AcDbText
 10
316.64065
 20
-139.15879999999999
 30
0.0
 40
0.035
  1
PA-M-038
 72
1
 11
316.64065
 21
-139.15879999999999
 31
0.0
100
AcDbText
 73
2
  0
LWPOLYLINE
  5
70A
330
17
100
AcDbEntity
  8
CORTE-RECORTE
100
AcDbPolyline
 90
4
 70
1
 10
316.8225
 20
-139.7558
 10
317.0244
 20
-139.7558
 10
317.0244
 20
-138.5618
 10
316.8225
 20
-138.5618
  0
TEXT
  5
70B
330
17
100
AcDbEntity
  8
CORTE-TEXTO
100
AcDbText
 10
316.92345
 20
-139.15879999999999
 30
0.0
 40
0.035
  1
PA-M-019
 72
1
 11
316.92345
 21
-139.15879999999999
 31
0.0
100
AcDbText
 73
2
  0
LWPOLYLINE
  5
70C
330
17
100
AcDbEntity
  8
CORTE-DESPERDICIO
100
AcDbPolyline
 90
4
 70
1
 10
317.0244
 20
-139.7558
 10
317.0548
 20
-139.7558
 10
317.0548
 20
-138.5618
 10
317.0244
 20
-138.5618
  0
LWPOLYLINE
  5
70D
330
17
100
AcDbEntity
  8
CORTE-TILE
100
AcDbPolyline
 90
4
 70
1
 10
317.5048
 20
-139.7558
 10
318.1008
 20
-139.7558
 10
318.1008
 20
-138.5618
 10
317.5048
 20
-138.5618
  0
TEXT
  5
70E
330
17
100
AcDbEntity
  8
CORTE-TEXTO
100
AcDbText
 10
317.8028
 20
-138.42180000000002
 30
0.0
 40
0.06
  1
M-46
 72
1
 11
317.8028
 21
-138.42180000000002
 31
0.0
100
AcDbText
 73
2
  0
LWPOLYLINE
  5
70F
330
17
100
AcDbEntity
  8
CORTE-RECORTE
100
AcDbPolyline
 90
4
 70
1
 10
317.5048
 20
-139.7558
 10
317.8685
 20
-139.7558
 10
317.8685
 20
-138.5618
 10
317.5048
 20
-138.5618
  0
TEXT
  5
710
330
17
100
AcDbEntity
  8
CORTE-TEXTO
100
AcDbText
 10
317.68665
 20
-139.15879999999999
 30
0.0
 40
0.035
  1
PA-M-041
 72
1
 11
317.68665
 21
-139.15879999999999
 31
0.0
100
AcDbText
 73
2
  0
LWPOLYLINE
  5
711
330
17
100
AcDbEntity
  8
CORTE-RECORTE
100
AcDbPolyline
 90
4
 70
1
 10
317.8685
 20
-139.7558
 10
318.0704
 20
-139.7558
 10
318.0704
 20
-138.65179999999998
 10
317.8685
 20
-138.65179999999998
  0
TEXT
  5
712
330
17
100
AcDbEntity
  8
CORTE-TEXTO
100
AcDbText
 10
317.96945
 20
-139.2038
 30
0.0
 40
0.035
  1
PA-M-029
 72
1
 11
317.96945
 21
-139.2038
 31
0.0
100
AcDbText
 73
2
  0
LWPOLYLINE
  5
713
330
17
100
AcDbEntity
  8
CORTE-DESPERDICIO
100
AcDbPolyline
 90
4
 70
1
 10
318.0704
 20
-139.7558
 10
318.1008
 20
-139.7558
 10
318.1008
 20
-138.5618
 10
318.0704
 20
-138.5618
  0
LWPOLYLINE
  5
714
330
17
100
AcDbEntity
  8
CORTE-DESPERDICIO
100
AcDbPolyline
 90
4
 70
1
 10
317.8685
 20
-138.65179999999998
 10
318.0704
 20
-138.65179999999998
 10
318.0704
 20
-138.56179999999998
 10
317.8685
 20
-138.56179999999998
  0
LWPOLYLINE
  5
715
330
17
100
AcDbEntity
  8
CORTE-TILE
100
AcDbPolyline
 90
4
 70
1
 10
318.5508
 20
-139.7558
 10
319.1468
 20
-139.7558
 10
319.1468
 20
-138.5618
 10
318.5508
 20
-138.5618
  0
TEXT
  5
716
330
17
100
AcDbEntity
  8
CORTE-TEXTO
100
AcDbText
 10
318.8488
 20
-138.42180000000002
 30
0.0
 40
0.06
  1
M-47
 72
1
 11
318.8488
 21
-138.42180000000002
 31
0.0
100
AcDbText
 73
2
  0
LWPOLYLINE
  5
717
330
17
100
AcDbEntity
  8
CORTE-RECORTE
100
AcDbPolyline
 90
4
 70
1
 10
318.5508
 20
-139.7558
 10
318.9145
 20
-139.7558
 10
318.9145
 20
-138.5618
 10
318.5508
 20
-138.5618
  0
TEXT
  5
718
330
17
100
AcDbEntity
  8
CORTE-TEXTO
100
AcDbText
 10
318.73265
 20
-139.15879999999999
 30
0.0
 40
0.035
  1
PA-M-011
 72
1
 11
318.73265
 21
-139.15879999999999
 31
0.0
100
AcDbText
 73
2
  0
LWPOLYLINE
  5
719
330
17
100
AcDbEntity
  8
CORTE-RECORTE
100
AcDbPolyline
 90
4
 70
1
 10
318.9145
 20
-139.7558
 10
319.1164
 20
-139.7558
 10
319.1164
 20
-139.00799999999998
 10
318.9145
 20
-139.00799999999998
  0
TEXT
  5
71A
330
17
100
AcDbEntity
  8
CORTE-TEXTO
100
AcDbText
 10
319.01545
 20
-139.3819
 30
0.0
 40
0.035
  1
PA-M-012
 72
1
 11
319.01545
 21
-139.3819
 31
0.0
100
AcDbText
 73
2
  0
LWPOLYLINE
  5
71B
330
17
100
AcDbEntity
  8
CORTE-SOBRANTE
100
AcDbPolyline
 90
4
 70
1
 10
318.9145
 20
-139.00799999999998
 10
319.1468
 20
-139.00799999999998
 10
319.1468
 20
-138.56179999999998
 10
318.9145
 20
-138.56179999999998
  0
LWPOLYLINE
  5
71C
330
17
100
AcDbEntity
  8
CORTE-DESPERDICIO
100
AcDbPolyline
 90
4
 70
1
 10
319.1164
 20
-139.7558
 10
319.1468
 20
-139.7558
 10
319.1468
 20
-139.00799999999998
 10
319.1164
 20
-139.00799999999998
  0
LWPOLYLINE
  5
71D
330
17
100
AcDbEntity
  8
CORTE-TILE
100
AcDbPolyline
 90
4
 70
1
 10
319.5968
 20
-139.7558
 10
320.1928
 20
-139.7558
 10
320.1928
 20
-138.5618
 10
319.5968
 20
-138.5618
  0
TEXT
  5
71E
330
17
100
AcDbEntity
  8
CORTE-TEXTO
100
AcDbText
 10
319.8948
 20
-138.42180000000002
 30
0.0
 40
0.06
  1
M-48
 72
1
 11
319.8948
 21
-138.42180000000002
 31
0.0
100
AcDbText
 73
2
  0
LWPOLYLINE
  5
71F
330
17
100
AcDbEntity
  8
CORTE-RECORTE
100
AcDbPolyline
 90
4
 70
1
 10
319.5968
 20
-139.7558
 10
320.0544
 20
-139.7558
 10
320.0544
 20
-138.8158
 10
319.5968
 20
-138.8158
  0
TEXT
  5
720
330
17
100
AcDbEntity
  8
CORTE-TEXTO
100
AcDbText
 10
319.82559999999995
 20
-139.2858
 30
0.0
 40
0.035
  1
PB-M-132
 72
1
 11
319.82559999999995
 21
-139.2858
 31
0.0
100
AcDbText
 73
2
  0
LWPOLYLINE
  5
721
330
17
100
AcDbEntity
  8
CORTE-RECORTE
100
AcDbPolyline
 90
4
 70
1
 10
320.0544
 20
-139.7558
 10
320.1662
 20
-139.7558
 10
320.1662
 20
-138.67159999999998
 10
320.0544
 20
-138.67159999999998
  0
TEXT
  5
722
330
17
100
AcDbEntity
  8
CORTE-TEXTO
100
AcDbText
 10
320.1103
 20
-139.2137
 30
0.0
 40
0.024844444444444443
  1
PA-M-004
 72
1
 11
320.1103
 21
-139.2137
 31
0.0
100
AcDbText
 73
2
  0
LWPOLYLINE
  5
723
330
17
100
AcDbEntity
  8
CORTE-SOBRANTE
100
AcDbPolyline
 90
4
 70
1
 10
319.5968
 20
-138.8158
 10
320.0544
 20
-138.8158
 10
320.0544
 20
-138.5618
 10
319.5968
 20
-138.5618
  0
LWPOLYLINE
  5
724
330
17
100
AcDbEntity
  8
CORTE-DESPERDICIO
100
AcDbPolyline
 90
4
 70
1
 10
320.16619999999995
 20
-139.7558
 10
320.1927999999999
 20
-139.7558
 10
320.1927999999999
 20
-138.5618
 10
320.16619999999995
 20
-138.5618
  0
LWPOLYLINE
  5
725
330
17
100
AcDbEntity
  8
CORTE-SOBRANTE
100
AcDbPolyline
 90
4
 70
1
 10
320.0544
 20
-138.67159999999998
 10
320.1662
 20
-138.67159999999998
 10
320.1662
 20
-138.56179999999998
 10
320.0544
 20
-138.56179999999998
  0
LWPOLYLINE
  5
726
330
17
100
AcDbEntity
  8
CORTE-TILE
100
AcDbPolyline
 90
4
 70
1
 10
320.6428
 20
-139.7558
 10
321.2388
 20
-139.7558
 10
321.2388
 20
-138.5618
 10
320.6428
 20
-138.5618
  0
TEXT
  5
727
330
17
100
AcDbEntity
  8
CORTE-TEXTO
100
AcDbText
 10
320.9408
 20
-138.42180000000002
 30
0.0
 40
0.06
  1
M-49
 72
1
 11
320.9408
 21
-138.42180000000002
 31
0.0
100
AcDbText
 73
2
  0
LWPOLYLINE
  5
728
330
17
100
AcDbEntity
  8
CORTE-RECORTE
100
AcDbPolyline
 90
4
 70
1
 10
320.6428
 20
-139.7558
 10
321.2388
 20
-139.7558
 10
321.2388
 20
-139.0361
 10
320.6428
 20
-139.0361
  0
TEXT
  5
729
330
17
100
AcDbEntity
  8
CORTE-TEXTO
100
AcDbText
 10
320.9408
 20
-139.39595
 30
0.0
 40
0.035
  1
PB-M-014
 72
1
 11
320.9408
 21
-139.39595
 31
0.0
100
AcDbText
 73
2
  0
LWPOLYLINE
  5
72A
330
17
100
AcDbEntity
  8
CORTE-SOBRANTE
100
AcDbPolyline
 90
4
 70
1
 10
320.6428
 20
-139.0361
 10
321.2388
 20
-139.0361
 10
321.2388
 20
-138.5618
 10
320.6428
 20
-138.5618
  0
LWPOLYLINE
  5
72B
330
17
100
AcDbEntity
  8
CORTE-TILE
100
AcDbPolyline
 90
4
 70
1
 10
321.6888
 20
-139.7558
 10
322.2848
 20
-139.7558
 10
322.2848
 20
-138.5618
 10
321.6888
 20
-138.5618
  0
TEXT
  5
72C
330
17
100
AcDbEntity
  8
CORTE-TEXTO
100
AcDbText
 10
321.9868
 20
-138.42180000000002
 30
0.0
 40
0.06
  1
M-50
 72
1
 11
321.9868
 21
-138.42180000000002
 31
0.0
100
AcDbText
 73
2
  0
LWPOLYLINE
  5
72D
330
17
100
AcDbEntity
  8
CORTE-RECORTE
100
AcDbPolyline
 90
4
 70
1
 10
321.6888
 20
-139.7558
 10
322.2848
 20
-139.7558
 10
322.2848
 20
-139.0361
 10
321.6888
 20
-139.0361
  0
TEXT
  5
72E
330
17
100
AcDbEntity
  8
CORTE-TEXTO
100
AcDbText
 10
321.9868
 20
-139.39595
 30
0.0
 40
0.035
  1
PB-M-015
 72
1
 11
321.9868
 21
-139.39595
 31
0.0
100
AcDbText
 73
2
  0
LWPOLYLINE
  5
72F
330
17
100
AcDbEntity
  8
CORTE-SOBRANTE
100
AcDbPolyline
 90
4
 70
1
 10
321.6888
 20
-139.0361
 10
322.2848
 20
-139.0361
 10
322.2848
 20
-138.5618
 10
321.6888
 20
-138.5618
  0
LWPOLYLINE
  5
730
330
17
100
AcDbEntity
  8
CORTE-TILE
100
AcDbPolyline
 90
4
 70
1
 10
322.7348
 20
-139.7558
 10
323.3308
 20
-139.7558
 10
323.3308
 20
-138.5618
 10
322.7348
 20
-138.5618
  0
TEXT
  5
731
330
17
100
AcDbEntity
  8
CORTE-TEXTO
100
AcDbText
 10
323.0328
 20
-138.42180000000002
 30
0.0
 40
0.06
  1
M-51
 72
1
 11
323.0328
 21
-138.42180000000002
 31
0.0
100
AcDbText
 73
2
  0
LWPOLYLINE
  5
732
330
17
100
AcDbEntity
  8
CORTE-RECORTE
100
AcDbPolyline
 90
4
 70
1
 10
322.7348
 20
-139.7558
 10
323.3308
 20
-139.7558
 10
323.3308
 20
-139.0498
 10
322.7348
 20
-139.0498
  0
TEXT
  5
733
330
17
100
AcDbEntity
  8
CORTE-TEXTO
100
AcDbText
 10
323.0328
 20
-139.40279999999998
 30
0.0
 40
0.035
  1
PA-M-043
 72
1
 11
323.0328
 21
-139.40279999999998
 31
0.0
100
AcDbText
 73
2
  0
LWPOLYLINE
  5
734
330
17
100
AcDbEntity
  8
CORTE-SOBRANTE
100
AcDbPolyline
 90
4
 70
1
 10
322.7348
 20
-139.0498
 10
323.3308
 20
-139.0498
 10
323.3308
 20
-138.5618
 10
322.7348
 20
-138.5618
  0
LWPOLYLINE
  5
735
330
17
100
AcDbEntity
  8
CORTE-TILE
100
AcDbPolyline
 90
4
 70
1
 10
323.7808
 20
-139.7558
 10
324.3768
 20
-139.7558
 10
324.3768
 20
-138.5618
 10
323.7808
 20
-138.5618
  0
TEXT
  5
736
330
17
100
AcDbEntity
  8
CORTE-TEXTO
100
AcDbText
 10
324.0788
 20
-138.42180000000002
 30
0.0
 40
0.06
  1
M-52
 72
1
 11
324.0788
 21
-138.42180000000002
 31
0.0
100
AcDbText
 73
2
  0
LWPOLYLINE
  5
737
330
17
100
AcDbEntity
  8
CORTE-RECORTE
100
AcDbPolyline
 90
4
 70
1
 10
323.7808
 20
-139.7558
 10
324.3768
 20
-139.7558
 10
324.3768
 20
-139.0958
 10
323.7808
 20
-139.0958
  0
TEXT
  5
738
330
17
100
AcDbEntity
  8
CORTE-TEXTO
100
AcDbText
 10
324.0788
 20
-139.42579999999998
 30
0.0
 40
0.035
  1
PB-M-129
 72
1
 11
324.0788
 21
-139.42579999999998
 31
0.0
100
AcDbText
 73
2
  0
LWPOLYLINE
  5
739
330
17
100
AcDbEntity
  8
CORTE-SOBRANTE
100
AcDbPolyline
 90
4
 70
1
 10
323.7808
 20
-139.0958
 10
324.3768
 20
-139.0958
 10
324.3768
 20
-138.5618
 10
323.7808
 20
-138.5618
  0
LWPOLYLINE
  5
73A
330
17
100
AcDbEntity
  8
CORTE-TILE
100
AcDbPolyline
 90
4
 70
1
 10
324.8268
 20
-139.7558
 10
325.4228
 20
-139.7558
 10
325.4228
 20
-138.5618
 10
324.8268
 20
-138.5618
  0
TEXT
  5
73B
330
17
100
AcDbEntity
  8
CORTE-TEXTO
100
AcDbText
 10
325.1248
 20
-138.42180000000002
 30
0.0
 40
0.06
  1
M-53
 72
1
 11
325.1248
 21
-138.42180000000002
 31
0.0
100
AcDbText
 73
2
  0
LWPOLYLINE
  5
73C
330
17
100
AcDbEntity
  8
CORTE-RECORTE
100
AcDbPolyline
 90
4
 70
1
 10
324.8268
 20
-139.7558
 10
325.4228
 20
-139.7558
 10
325.4228
 20
-139.0958
 10
324.8268
 20
-139.0958
  0
TEXT
  5
73D
330
17
100
AcDbEntity
  8
CORTE-TEXTO
100
AcDbText
 10
325.1248
 20
-139.42579999999998
 30
0.0
 40
0.035
  1
PB-M-128
 72
1
 11
325.1248
 21
-139.42579999999998
 31
0.0
100
AcDbText
 73
2
  0
LWPOLYLINE
  5
73E
330
17
100
AcDbEntity
  8
CORTE-SOBRANTE
100
AcDbPolyline
 90
4
 70
1
 10
324.8268
 20
-139.0958
 10
325.4228
 20
-139.0958
 10
325.4228
 20
-138.5618
 10
324.8268
 20
-138.5618
  0
LWPOLYLINE
  5
73F
330
17
100
AcDbEntity
  8
CORTE-TILE
100
AcDbPolyline
 90
4
 70
1
 10
325.8728
 20
-139.7558
 10
326.4688
 20
-139.7558
 10
326.4688
 20
-138.5618
 10
325.8728
 20
-138.5618
  0
TEXT
  5
740
330
17
100
AcDbEntity
  8
CORTE-TEXTO
100
AcDbText
 10
326.1708
 20
-138.42180000000002
 30
0.0
 40
0.06
  1
M-54
 72
1
 11
326.1708
 21
-138.42180000000002
 31
0.0
100
AcDbText
 73
2
  0
LWPOLYLINE
  5
741
330
17
100
AcDbEntity
  8
CORTE-RECORTE
100
AcDbPolyline
 90
4
 70
1
 10
325.8728
 20
-139.7558
 10
326.4688
 20
-139.7558
 10
326.4688
 20
-139.0958
 10
325.8728
 20
-139.0958
  0
TEXT
  5
742
330
17
100
AcDbEntity
  8
CORTE-TEXTO
100
AcDbText
 10
326.1708
 20
-139.42579999999998
 30
0.0
 40
0.035
  1
PB-M-127
 72
1
 11
326.1708
 21
-139.42579999999998
 31
0.0
100
AcDbText
 73
2
  0
LWPOLYLINE
  5
743
330
17
100
AcDbEntity
  8
CORTE-SOBRANTE
100
AcDbPolyline
 90
4
 70
1
 10
325.8728
 20
-139.0958
 10
326.4688
 20
-139.0958
 10
326.4688
 20
-138.5618
 10
325.8728
 20
-138.5618
  0
LWPOLYLINE
  5
744
330
17
100
AcDbEntity
  8
CORTE-TILE
100
AcDbPolyline
 90
4
 70
1
 10
326.9188
 20
-139.7558
 10
327.5148
 20
-139.7558
 10
327.5148
 20
-138.5618
 10
326.9188
 20
-138.5618
  0
TEXT
  5
745
330
17
100
AcDbEntity
  8
CORTE-TEXTO
100
AcDbText
 10
327.2168
 20
-138.42180000000002
 30
0.0
 40
0.06
  1
M-55
 72
1
 11
327.2168
 21
-138.42180000000002
 31
0.0
100
AcDbText
 73
2
  0
LWPOLYLINE
  5
746
330
17
100
AcDbEntity
  8
CORTE-RECORTE
100
AcDbPolyline
 90
4
 70
1
 10
326.9188
 20
-139.7558
 10
327.5148
 20
-139.7558
 10
327.5148
 20
-139.0958
 10
326.9188
 20
-139.0958
  0
TEXT
  5
747
330
17
100
AcDbEntity
  8
CORTE-TEXTO
100
AcDbText
 10
327.2168
 20
-139.42579999999998
 30
0.0
 40
0.035
  1
PB-M-126
 72
1
 11
327.2168
 21
-139.42579999999998
 31
0.0
100
AcDbText
 73
2
  0
LWPOLYLINE
  5
748
330
17
100
AcDbEntity
  8
CORTE-SOBRANTE
100
AcDbPolyline
 90
4
 70
1
 10
326.9188
 20
-139.0958
 10
327.5148
 20
-139.0958
 10
327.5148
 20
-138.5618
 10
326.9188
 20
-138.5618
  0
LWPOLYLINE
  5
749
330
17
100
AcDbEntity
  8
CORTE-TILE
100
AcDbPolyline
 90
4
 70
1
 10
327.96479999999997
 20
-139.7558
 10
328.5608
 20
-139.7558
 10
328.5608
 20
-138.5618
 10
327.96479999999997
 20
-138.5618
  0
TEXT
  5
74A
330
17
100
AcDbEntity
  8
CORTE-TEXTO
100
AcDbText
 10
328.26279999999997
 20
-138.42180000000002
 30
0.0
 40
0.06
  1
M-56
 72
1
 11
328.26279999999997
 21
-138.42180000000002
 31
0.0
100
AcDbText
 73
2
  0
LWPOLYLINE
  5
74B
330
17
100
AcDbEntity
  8
CORTE-RECORTE
100
AcDbPolyline
 90
4
 70
1
 10
327.96479999999997
 20
-139.7558
 10
328.5608
 20
-139.7558
 10
328.5608
 20
-139.0958
 10
327.96479999999997
 20
-139.0958
  0
TEXT
  5
74C
330
17
100
AcDbEntity
  8
CORTE-TEXTO
100
AcDbText
 10
328.26279999999997
 20
-139.42579999999998
 30
0.0
 40
0.035
  1
PB-M-125
 72
1
 11
328.26279999999997
 21
-139.42579999999998
 31
0.0
100
AcDbText
 73
2
  0
LWPOLYLINE
  5
74D
330
17
100
AcDbEntity
  8
CORTE-SOBRANTE
100
AcDbPolyline
 90
4
 70
1
 10
327.96479999999997
 20
-139.0958
 10
328.5608
 20
-139.0958
 10
328.5608
 20
-138.5618
 10
327.96479999999997
 20
-138.5618
  0
LWPOLYLINE
  5
74E
330
17
100
AcDbEntity
  8
CORTE-TILE
100
AcDbPolyline
 90
4
 70
1
 10
329.0108
 20
-139.7558
 10
329.6068
 20
-139.7558
 10
329.6068
 20
-138.5618
 10
329.0108
 20
-138.5618
  0
TEXT
  5
74F
330
17
100
AcDbEntity
  8
CORTE-TEXTO
100
AcDbText
 10
329.3088
 20
-138.42180000000002
 30
0.0
 40
0.06
  1
M-57
 72
1
 11
329.3088
 21
-138.42180000000002
 31
0.0
100
AcDbText
 73
2
  0
LWPOLYLINE
  5
750
330
17
100
AcDbEntity
  8
CORTE-RECORTE
100
AcDbPolyline
 90
4
 70
1
 10
329.0108
 20
-139.7558
 10
329.6068
 20
-139.7558
 10
329.6068
 20
-139.0958
 10
329.0108
 20
-139.0958
  0
TEXT
  5
751
330
17
100
AcDbEntity
  8
CORTE-TEXTO
100
AcDbText
 10
329.3088
 20
-139.42579999999998
 30
0.0
 40
0.035
  1
PB-M-124
 72
1
 11
329.3088
 21
-139.42579999999998
 31
0.0
100
AcDbText
 73
2
  0
LWPOLYLINE
  5
752
330
17
100
AcDbEntity
  8
CORTE-SOBRANTE
100
AcDbPolyline
 90
4
 70
1
 10
329.0108
 20
-139.0958
 10
329.6068
 20
-139.0958
 10
329.6068
 20
-138.5618
 10
329.0108
 20
-138.5618
  0
LWPOLYLINE
  5
753
330
17
100
AcDbEntity
  8
CORTE-TILE
100
AcDbPolyline
 90
4
 70
1
 10
330.0568
 20
-139.7558
 10
330.6528
 20
-139.7558
 10
330.6528
 20
-138.5618
 10
330.0568
 20
-138.5618
  0
TEXT
  5
754
330
17
100
AcDbEntity
  8
CORTE-TEXTO
100
AcDbText
 10
330.3548
 20
-138.42180000000002
 30
0.0
 40
0.06
  1
M-58
 72
1
 11
330.3548
 21
-138.42180000000002
 31
0.0
100
AcDbText
 73
2
  0
LWPOLYLINE
  5
755
330
17
100
AcDbEntity
  8
CORTE-RECORTE
100
AcDbPolyline
 90
4
 70
1
 10
330.0568
 20
-139.7558
 10
330.6528
 20
-139.7558
 10
330.6528
 20
-139.0958
 10
330.0568
 20
-139.0958
  0
TEXT
  5
756
330
17
100
AcDbEntity
  8
CORTE-TEXTO
100
AcDbText
 10
330.3548
 20
-139.42579999999998
 30
0.0
 40
0.035
  1
PB-M-123
 72
1
 11
330.3548
 21
-139.42579999999998
 31
0.0
100
AcDbText
 73
2
  0
LWPOLYLINE
  5
757
330
17
100
AcDbEntity
  8
CORTE-SOBRANTE
100
AcDbPolyline
 90
4
 70
1
 10
330.0568
 20
-139.0958
 10
330.6528
 20
-139.0958
 10
330.6528
 20
-138.5618
 10
330.0568
 20
-138.5618
  0
LWPOLYLINE
  5
758
330
17
100
AcDbEntity
  8
CORTE-TILE
100
AcDbPolyline
 90
4
 70
1
 10
331.1028
 20
-139.7558
 10
331.6988
 20
-139.7558
 10
331.6988
 20
-138.5618
 10
331.1028
 20
-138.5618
  0
TEXT
  5
759
330
17
100
AcDbEntity
  8
CORTE-TEXTO
100
AcDbText
 10
331.4008
 20
-138.42180000000002
 30
0.0
 40
0.06
  1
M-59
 72
1
 11
331.4008
 21
-138.42180000000002
 31
0.0
100
AcDbText
 73
2
  0
LWPOLYLINE
  5
75A
330
17
100
AcDbEntity
  8
CORTE-RECORTE
100
AcDbPolyline
 90
4
 70
1
 10
331.1028
 20
-139.7558
 10
331.6988
 20
-139.7558
 10
331.6988
 20
-139.1375
 10
331.1028
 20
-139.1375
  0
TEXT
  5
75B
330
17
100
AcDbEntity
  8
CORTE-TEXTO
100
AcDbText
 10
331.4008
 20
-139.44665
 30
0.0
 40
0.035
  1
PB-M-082
 72
1
 11
331.4008
 21
-139.44665
 31
0.0
100
AcDbText
 73
2
  0
LWPOLYLINE
  5
75C
330
17
100
AcDbEntity
  8
CORTE-SOBRANTE
100
AcDbPolyline
 90
4
 70
1
 10
331.1028
 20
-139.1375
 10
331.6988
 20
-139.1375
 10
331.6988
 20
-138.56179999999998
 10
331.1028
 20
-138.56179999999998
  0
LWPOLYLINE
  5
75D
330
17
100
AcDbEntity
  8
CORTE-TILE
100
AcDbPolyline
 90
4
 70
1
 10
332.1488
 20
-139.7558
 10
332.7448
 20
-139.7558
 10
332.7448
 20
-138.5618
 10
332.1488
 20
-138.5618
  0
TEXT
  5
75E
330
17
100
AcDbEntity
  8
CORTE-TEXTO
100
AcDbText
 10
332.4468
 20
-138.42180000000002
 30
0.0
 40
0.06
  1
M-60
 72
1
 11
332.4468
 21
-138.42180000000002
 31
0.0
100
AcDbText
 73
2
  0
LWPOLYLINE
  5
75F
330
17
100
AcDbEntity
  8
CORTE-RECORTE
100
AcDbPolyline
 90
4
 70
1
 10
332.1488
 20
-139.7558
 10
332.7448
 20
-139.7558
 10
332.7448
 20
-139.1395
 10
332.1488
 20
-139.1395
  0
TEXT
  5
760
330
17
100
AcDbEntity
  8
CORTE-TEXTO
100
AcDbText
 10
332.4468
 20
-139.44764999999998
 30
0.0
 40
0.035
  1
PB-M-080
 72
1
 11
332.4468
 21
-139.44764999999998
 31
0.0
100
AcDbText
 73
2
  0
LWPOLYLINE
  5
761
330
17
100
AcDbEntity
  8
CORTE-SOBRANTE
100
AcDbPolyline
 90
4
 70
1
 10
332.1488
 20
-139.1395
 10
332.7448
 20
-139.1395
 10
332.7448
 20
-138.5618
 10
332.1488
 20
-138.5618
  0
LWPOLYLINE
  5
762
330
17
100
AcDbEntity
  8
CORTE-TILE
100
AcDbPolyline
 90
4
 70
1
 10
333.1948
 20
-139.7558
 10
333.7908
 20
-139.7558
 10
333.7908
 20
-138.5618
 10
333.1948
 20
-138.5618
  0
TEXT
  5
763
330
17
100
AcDbEntity
  8
CORTE-TEXTO
100
AcDbText
 10
333.4928
 20
-138.42180000000002
 30
0.0
 40
0.06
  1
M-61
 72
1
 11
333.4928
 21
-138.42180000000002
 31
0.0
100
AcDbText
 73
2
  0
LWPOLYLINE
  5
764
330
17
100
AcDbEntity
  8
CORTE-RECORTE
100
AcDbPolyline
 90
4
 70
1
 10
333.1948
 20
-139.7558
 10
333.7908
 20
-139.7558
 10
333.7908
 20
-139.1395
 10
333.1948
 20
-139.1395
  0
TEXT
  5
765
330
17
100
AcDbEntity
  8
CORTE-TEXTO
100
AcDbText
 10
333.4928
 20
-139.44764999999998
 30
0.0
 40
0.035
  1
PB-M-081
 72
1
 11
333.4928
 21
-139.44764999999998
 31
0.0
100
AcDbText
 73
2
  0
LWPOLYLINE
  5
766
330
17
100
AcDbEntity
  8
CORTE-SOBRANTE
100
AcDbPolyline
 90
4
 70
1
 10
333.1948
 20
-139.1395
 10
333.7908
 20
-139.1395
 10
333.7908
 20
-138.5618
 10
333.1948
 20
-138.5618
  0
LWPOLYLINE
  5
767
330
17
100
AcDbEntity
  8
CORTE-TILE
100
AcDbPolyline
 90
4
 70
1
 10
334.2408
 20
-139.7558
 10
334.8368
 20
-139.7558
 10
334.8368
 20
-138.5618
 10
334.2408
 20
-138.5618
  0
TEXT
  5
768
330
17
100
AcDbEntity
  8
CORTE-TEXTO
100
AcDbText
 10
334.5388
 20
-138.42180000000002
 30
0.0
 40
0.06
  1
M-62
 72
1
 11
334.5388
 21
-138.42180000000002
 31
0.0
100
AcDbText
 73
2
  0
LWPOLYLINE
  5
769
330
17
100
AcDbEntity
  8
CORTE-RECORTE
100
AcDbPolyline
 90
4
 70
1
 10
334.2408
 20
-139.7558
 10
334.5145
 20
-139.7558
 10
334.5145
 20
-138.5618
 10
334.2408
 20
-138.5618
  0
TEXT
  5
76A
330
17
100
AcDbEntity
  8
CORTE-TEXTO
100
AcDbText
 10
334.37764999999996
 20
-139.15879999999999
 30
0.0
 40
0.035
  1
PB-M-090
 72
1
 11
334.37764999999996
 21
-139.15879999999999
 31
0.0
100
AcDbText
 73
2
  0
LWPOLYLINE
  5
76B
330
17
100
AcDbEntity
  8
CORTE-RECORTE
100
AcDbPolyline
 90
4
 70
1
 10
334.5145
 20
-139.7558
 10
334.7882
 20
-139.7558
 10
334.7882
 20
-138.5618
 10
334.5145
 20
-138.5618
  0
TEXT
  5
76C
330
17
100
AcDbEntity
  8
CORTE-TEXTO
100
AcDbText
 10
334.65135
 20
-139.15879999999999
 30
0.0
 40
0.035
  1
PB-M-103
 72
1
 11
334.65135
 21
-139.15879999999999
 31
0.0
100
AcDbText
 73
2
  0
LWPOLYLINE
  5
76D
330
17
100
AcDbEntity
  8
CORTE-DESPERDICIO
100
AcDbPolyline
 90
4
 70
1
 10
334.78819999999996
 20
-139.7558
 10
334.8368
 20
-139.7558
 10
334.8368
 20
-138.5618
 10
334.78819999999996
 20
-138.5618
  0
LWPOLYLINE
  5
76E
330
17
100
AcDbEntity
  8
CORTE-TILE
100
AcDbPolyline
 90
4
 70
1
 10
335.28679999999997
 20
-139.7558
 10
335.8828
 20
-139.7558
 10
335.8828
 20
-138.5618
 10
335.28679999999997
 20
-138.5618
  0
TEXT
  5
76F
330
17
100
AcDbEntity
  8
CORTE-TEXTO
100
AcDbText
 10
335.5848
 20
-138.42180000000002
 30
0.0
 40
0.06
  1
M-63
 72
1
 11
335.5848
 21
-138.42180000000002
 31
0.0
100
AcDbText
 73
2
  0
LWPOLYLINE
  5
770
330
17
100
AcDbEntity
  8
CORTE-RECORTE
100
AcDbPolyline
 90
4
 70
1
 10
335.28679999999997
 20
-139.7558
 10
335.53659999999996
 20
-139.7558
 10
335.53659999999996
 20
-138.5618
 10
335.28679999999997
 20
-138.5618
  0
TEXT
  5
771
330
17
100
AcDbEntity
  8
CORTE-TEXTO
100
AcDbText
 10
335.4117
 20
-139.15879999999999
 30
0.0
 40
0.035
  1
PA-M-036
 72
1
 11
335.4117
 21
-139.15879999999999
 31
0.0
100
AcDbText
 73
2
  0
LWPOLYLINE
  5
772
330
17
100
AcDbEntity
  8
CORTE-RECORTE
100
AcDbPolyline
 90
4
 70
1
 10
335.53659999999996
 20
-139.7558
 10
335.78639999999996
 20
-139.7558
 10
335.78639999999996
 20
-138.5618
 10
335.53659999999996
 20
-138.5618
  0
TEXT
  5
773
330
17
100
AcDbEntity
  8
CORTE-TEXTO
100
AcDbText
 10
335.6615
 20
-139.15879999999999
 30
0.0
 40
0.035
  1
PA-M-039
 72
1
 11
335.6615
 21
-139.15879999999999
 31
0.0
100
AcDbText
 73
2
  0
LWPOLYLINE
  5
774
330
17
100
AcDbEntity
  8
CORTE-DESPERDICIO
100
AcDbPolyline
 90
4
 70
1
 10
335.78639999999996
 20
-139.7558
 10
335.8828
 20
-139.7558
 10
335.8828
 20
-138.5618
 10
335.78639999999996
 20
-138.5618
  0
LWPOLYLINE
  5
775
330
17
100
AcDbEntity
  8
CORTE-TILE
100
AcDbPolyline
 90
4
 70
1
 10
336.3328
 20
-139.7558
 10
336.9288
 20
-139.7558
 10
336.9288
 20
-138.5618
 10
336.3328
 20
-138.5618
  0
TEXT
  5
776
330
17
100
AcDbEntity
  8
CORTE-TEXTO
100
AcDbText
 10
336.6308
 20
-138.42180000000002
 30
0.0
 40
0.06
  1
M-64
 72
1
 11
336.6308
 21
-138.42180000000002
 31
0.0
100
AcDbText
 73
2
  0
LWPOLYLINE
  5
777
330
17
100
AcDbEntity
  8
CORTE-RECORTE
100
AcDbPolyline
 90
4
 70
1
 10
336.3328
 20
-139.7558
 10
336.5826
 20
-139.7558
 10
336.5826
 20
-138.5618
 10
336.3328
 20
-138.5618
  0
TEXT
  5
778
330
17
100
AcDbEntity
  8
CORTE-TEXTO
100
AcDbText
 10
336.45770000000005
 20
-139.15879999999999
 30
0.0
 40
0.035
  1
PA-M-016
 72
1
 11
336.45770000000005
 21
-139.15879999999999
 31
0.0
100
AcDbText
 73
2
  0
LWPOLYLINE
  5
779
330
17
100
AcDbEntity
  8
CORTE-RECORTE
100
AcDbPolyline
 90
4
 70
1
 10
336.5826
 20
-139.7558
 10
336.8324
 20
-139.7558
 10
336.8324
 20
-138.5618
 10
336.5826
 20
-138.5618
  0
TEXT
  5
77A
330
17
100
AcDbEntity
  8
CORTE-TEXTO
100
AcDbText
 10
336.70750000000004
 20
-139.15879999999999
 30
0.0
 40
0.035
  1
PA-M-018
 72
1
 11
336.70750000000004
 21
-139.15879999999999
 31
0.0
100
AcDbText
 73
2
  0
LWPOLYLINE
  5
77B
330
17
100
AcDbEntity
  8
CORTE-DESPERDICIO
100
AcDbPolyline
 90
4
 70
1
 10
336.8324
 20
-139.7558
 10
336.9288
 20
-139.7558
 10
336.9288
 20
-138.5618
 10
336.8324
 20
-138.5618
  0
LWPOLYLINE
  5
77C
330
17
100
AcDbEntity
  8
CORTE-TILE
100
AcDbPolyline
 90
4
 70
1
 10
337.3788
 20
-139.7558
 10
337.9748
 20
-139.7558
 10
337.9748
 20
-138.5618
 10
337.3788
 20
-138.5618
  0
TEXT
  5
77D
330
17
100
AcDbEntity
  8
CORTE-TEXTO
100
AcDbText
 10
337.6768
 20
-138.42180000000002
 30
0.0
 40
0.06
  1
M-65
 72
1
 11
337.6768
 21
-138.42180000000002
 31
0.0
100
AcDbText
 73
2
  0
LWPOLYLINE
  5
77E
330
17
100
AcDbEntity
  8
CORTE-RECORTE
100
AcDbPolyline
 90
4
 70
1
 10
337.3788
 20
-139.7558
 10
337.6286
 20
-139.7558
 10
337.6286
 20
-138.5618
 10
337.3788
 20
-138.5618
  0
TEXT
  5
77F
330
17
100
AcDbEntity
  8
CORTE-TEXTO
100
AcDbText
 10
337.50370000000004
 20
-139.15879999999999
 30
0.0
 40
0.035
  1
PA-M-009
 72
1
 11
337.50370000000004
 21
-139.15879999999999
 31
0.0
100
AcDbText
 73
2
  0
LWPOLYLINE
  5
780
330
17
100
AcDbEntity
  8
CORTE-RECORTE
100
AcDbPolyline
 90
4
 70
1
 10
337.6286
 20
-139.7558
 10
337.8784
 20
-139.7558
 10
337.8784
 20
-138.5618
 10
337.6286
 20
-138.5618
  0
TEXT
  5
781
330
17
100
AcDbEntity
  8
CORTE-TEXTO
100
AcDbText
 10
337.75350000000003
 20
-139.15879999999999
 30
0.0
 40
0.035
  1
PA-M-006
 72
1
 11
337.75350000000003
 21
-139.15879999999999
 31
0.0
100
AcDbText
 73
2
  0
LWPOLYLINE
  5
782
330
17
100
AcDbEntity
  8
CORTE-DESPERDICIO
100
AcDbPolyline
 90
4
 70
1
 10
337.8784
 20
-139.7558
 10
337.9748
 20
-139.7558
 10
337.9748
 20
-138.5618
 10
337.8784
 20
-138.5618
  0
LWPOLYLINE
  5
783
330
17
100
AcDbEntity
  8
CORTE-TILE
100
AcDbPolyline
 90
4
 70
1
 10
338.4248
 20
-139.7558
 10
339.0208
 20
-139.7558
 10
339.0208
 20
-138.5618
 10
338.4248
 20
-138.5618
  0
TEXT
  5
784
330
17
100
AcDbEntity
  8
CORTE-TEXTO
100
AcDbText
 10
338.7228
 20
-138.42180000000002
 30
0.0
 40
0.06
  1
M-66
 72
1
 11
338.7228
 21
-138.42180000000002
 31
0.0
100
AcDbText
 73
2
  0
LWPOLYLINE
  5
785
330
17
100
AcDbEntity
  8
CORTE-RECORTE
100
AcDbPolyline
 90
4
 70
1
 10
338.4248
 20
-139.7558
 10
338.6746
 20
-139.7558
 10
338.6746
 20
-138.6058
 10
338.4248
 20
-138.6058
  0
TEXT
  5
786
330
17
100
AcDbEntity
  8
CORTE-TEXTO
100
AcDbText
 10
338.54970000000003
 20
-139.1808
 30
0.0
 40
0.035
  1
PA-M-026
 72
1
 11
338.54970000000003
 21
-139.1808
 31
0.0
100
AcDbText
 73
2
  0
LWPOLYLINE
  5
787
330
17
100
AcDbEntity
  8
CORTE-RECORTE
100
AcDbPolyline
 90
4
 70
1
 10
338.6746
 20
-139.7558
 10
338.9244
 20
-139.7558
 10
338.9244
 20
-138.6058
 10
338.6746
 20
-138.6058
  0
TEXT
  5
788
330
17
100
AcDbEntity
  8
CORTE-TEXTO
100
AcDbText
 10
338.7995
 20
-139.1808
 30
0.0
 40
0.035
  1
PA-M-028
 72
1
 11
338.7995
 21
-139.1808
 31
0.0
100
AcDbText
 73
2
  0
LWPOLYLINE
  5
789
330
17
100
AcDbEntity
  8
CORTE-DESPERDICIO
100
AcDbPolyline
 90
4
 70
1
 10
338.4248
 20
-138.6058
 10
338.6746
 20
-138.6058
 10
338.6746
 20
-138.56179999999998
 10
338.4248
 20
-138.56179999999998
  0
LWPOLYLINE
  5
78A
330
17
100
AcDbEntity
  8
CORTE-DESPERDICIO
100
AcDbPolyline
 90
4
 70
1
 10
338.9244
 20
-139.7558
 10
339.0208
 20
-139.7558
 10
339.0208
 20
-138.5618
 10
338.9244
 20
-138.5618
  0
LWPOLYLINE
  5
78B
330
17
100
AcDbEntity
  8
CORTE-DESPERDICIO
100
AcDbPolyline
 90
4
 70
1
 10
338.6746
 20
-138.6058
 10
338.9244
 20
-138.6058
 10
338.9244
 20
-138.56179999999998
 10
338.6746
 20
-138.56179999999998
  0
LWPOLYLINE
  5
78C
330
17
100
AcDbEntity
  8
CORTE-TILE
100
AcDbPolyline
 90
4
 70
1
 10
316.4588
 20
-141.6498
 10
317.0548
 20
-141.6498
 10
317.0548
 20
-140.4558
 10
316.4588
 20
-140.4558
  0
TEXT
  5
78D
330
17
100
AcDbEntity
  8
CORTE-TEXTO
100
AcDbText
 10
316.7568
 20
-140.31580000000002
 30
0.0
 40
0.06
  1
M-67
 72
1
 11
316.7568
 21
-140.31580000000002
 31
0.0
100
AcDbText
 73
2
  0
LWPOLYLINE
  5
78E
330
17
100
AcDbEntity
  8
CORTE-RECORTE
100
AcDbPolyline
 90
4
 70
1
 10
316.4588
 20
-141.6498
 10
316.9268
 20
-141.6498
 10
316.9268
 20
-141.0538
 10
316.4588
 20
-141.0538
  0
TEXT
  5
78F
330
17
100
AcDbEntity
  8
CORTE-TEXTO
100
AcDbText
 10
316.6928
 20
-141.3518
 30
0.0
 40
0.035
  1
PB-M-079
 72
1
 11
316.6928
 21
-141.3518
 31
0.0
100
AcDbText
 73
2
  0
LWPOLYLINE
  5
790
330
17
100
AcDbEntity
  8
CORTE-RECORTE
100
AcDbPolyline
 90
4
 70
1
 10
316.4588
 20
-141.0538
 10
316.8127
 20
-141.0538
 10
316.8127
 20
-140.4578
 10
316.4588
 20
-140.4578
  0
TEXT
  5
791
330
17
100
AcDbEntity
  8
CORTE-TEXTO
100
AcDbText
 10
316.63575
 20
-140.7558
 30
0.0
 40
0.035
  1
PB-M-107
 72
1
 11
316.63575
 21
-140.7558
 31
0.0
100
AcDbText
 73
2
  0
LWPOLYLINE
  5
792
330
17
100
AcDbEntity
  8
CORTE-SOBRANTE
100
AcDbPolyline
 90
4
 70
1
 10
316.9268
 20
-141.6498
 10
317.0548
 20
-141.6498
 10
317.0548
 20
-141.0538
 10
316.9268
 20
-141.0538
  0
LWPOLYLINE
  5
793
330
17
100
AcDbEntity
  8
CORTE-SOBRANTE
100
AcDbPolyline
 90
4
 70
1
 10
316.8127
 20
-141.0538
 10
317.0548
 20
-141.0538
 10
317.0548
 20
-140.45579999999998
 10
316.8127
 20
-140.45579999999998
  0
LWPOLYLINE
  5
794
330
17
100
AcDbEntity
  8
CORTE-TILE
100
AcDbPolyline
 90
4
 70
1
 10
317.5048
 20
-141.6498
 10
318.1008
 20
-141.6498
 10
318.1008
 20
-140.4558
 10
317.5048
 20
-140.4558
  0
TEXT
  5
795
330
17
100
AcDbEntity
  8
CORTE-TEXTO
100
AcDbText
 10
317.8028
 20
-140.31580000000002
 30
0.0
 40
0.06
  1
M-68
 72
1
 11
317.8028
 21
-140.31580000000002
 31
0.0
100
AcDbText
 73
2
  0
LWPOLYLINE
  5
796
330
17
100
AcDbEntity
  8
CORTE-RECORTE
100
AcDbPolyline
 90
4
 70
1
 10
317.5048
 20
-141.6498
 10
317.8548
 20
-141.6498
 10
317.8548
 20
-140.902
 10
317.5048
 20
-140.902
  0
TEXT
  5
797
330
17
100
AcDbEntity
  8
CORTE-TEXTO
100
AcDbText
 10
317.6798
 20
-141.2759
 30
0.0
 40
0.035
  1
PA-M-015
 72
1
 11
317.6798
 21
-141.2759
 31
0.0
100
AcDbText
 73
2
  0
LWPOLYLINE
  5
798
330
17
100
AcDbEntity
  8
CORTE-SOBRANTE
100
AcDbPolyline
 90
4
 70
1
 10
317.8548
 20
-141.6498
 10
318.1008
 20
-141.6498
 10
318.1008
 20
-140.4558
 10
317.8548
 20
-140.4558
  0
LWPOLYLINE
  5
799
330
17
100
AcDbEntity
  8
CORTE-SOBRANTE
100
AcDbPolyline
 90
4
 70
1
 10
317.5048
 20
-140.902
 10
317.8548
 20
-140.902
 10
317.8548
 20
-140.45579999999998
 10
317.5048
 20
-140.45579999999998
  0
LWPOLYLINE
  5
79A
330
17
100
AcDbEntity
  8
CORTE-TILE
100
AcDbPolyline
 90
4
 70
1
 10
318.5508
 20
-141.6498
 10
319.1468
 20
-141.6498
 10
319.1468
 20
-140.4558
 10
318.5508
 20
-140.4558
  0
TEXT
  5
79B
330
17
100
AcDbEntity
  8
CORTE-TEXTO
100
AcDbText
 10
318.8488
 20
-140.31580000000002
 30
0.0
 40
0.06
  1
M-69
 72
1
 11
318.8488
 21
-140.31580000000002
 31
0.0
100
AcDbText
 73
2
  0
LWPOLYLINE
  5
79C
330
17
100
AcDbEntity
  8
CORTE-RECORTE
100
AcDbPolyline
 90
4
 70
1
 10
318.5508
 20
-141.6498
 10
318.9047
 20
-141.6498
 10
318.9047
 20
-141.0538
 10
318.5508
 20
-141.0538
  0
TEXT
  5
79D
330
17
100
AcDbEntity
  8
CORTE-TEXTO
100
AcDbText
 10
318.72774999999996
 20
-141.3518
 30
0.0
 40
0.035
  1
PB-M-106
 72
1
 11
318.72774999999996
 21
-141.3518
 31
0.0
100
AcDbText
 73
2
  0
LWPOLYLINE
  5
79E
330
17
100
AcDbEntity
  8
CORTE-RECORTE
100
AcDbPolyline
 90
4
 70
1
 10
318.5508
 20
-141.0538
 10
318.9047
 20
-141.0538
 10
318.9047
 20
-140.4578
 10
318.5508
 20
-140.4578
  0
TEXT
  5
79F
330
17
100
AcDbEntity
  8
CORTE-TEXTO
100
AcDbText
 10
318.72774999999996
 20
-140.7558
 30
0.0
 40
0.035
  1
PB-M-105
 72
1
 11
318.72774999999996
 21
-140.7558
 31
0.0
100
AcDbText
 73
2
  0
LWPOLYLINE
  5
7A0
330
17
100
AcDbEntity
  8
CORTE-SOBRANTE
100
AcDbPolyline
 90
4
 70
1
 10
318.9047
 20
-141.6498
 10
319.1468
 20
-141.6498
 10
319.1468
 20
-141.0538
 10
318.9047
 20
-141.0538
  0
LWPOLYLINE
  5
7A1
330
17
100
AcDbEntity
  8
CORTE-SOBRANTE
100
AcDbPolyline
 90
4
 70
1
 10
318.9047
 20
-141.0538
 10
319.1468
 20
-141.0538
 10
319.1468
 20
-140.45579999999998
 10
318.9047
 20
-140.45579999999998
  0
LWPOLYLINE
  5
7A2
330
17
100
AcDbEntity
  8
CORTE-TILE
100
AcDbPolyline
 90
4
 70
1
 10
319.5968
 20
-141.6498
 10
320.1928
 20
-141.6498
 10
320.1928
 20
-140.4558
 10
319.5968
 20
-140.4558
  0
TEXT
  5
7A3
330
17
100
AcDbEntity
  8
CORTE-TEXTO
100
AcDbText
 10
319.8948
 20
-140.31580000000002
 30
0.0
 40
0.06
  1
M-70
 72
1
 11
319.8948
 21
-140.31580000000002
 31
0.0
100
AcDbText
 73
2
  0
LWPOLYLINE
  5
7A4
330
17
100
AcDbEntity
  8
CORTE-RECORTE
100
AcDbPolyline
 90
4
 70
1
 10
319.5968
 20
-141.6498
 10
319.9507
 20
-141.6498
 10
319.9507
 20
-141.0538
 10
319.5968
 20
-141.0538
  0
TEXT
  5
7A5
330
17
100
AcDbEntity
  8
CORTE-TEXTO
100
AcDbText
 10
319.77374999999995
 20
-141.3518
 30
0.0
 40
0.035
  1
PB-M-104
 72
1
 11
319.77374999999995
 21
-141.3518
 31
0.0
100
AcDbText
 73
2
  0
LWPOLYLINE
  5
7A6
330
17
100
AcDbEntity
  8
CORTE-RECORTE
100
AcDbPolyline
 90
4
 70
1
 10
319.5968
 20
-141.0538
 10
319.9221
 20
-141.0538
 10
319.9221
 20
-140.4578
 10
319.5968
 20
-140.4578
  0
TEXT
  5
7A7
330
17
100
AcDbEntity
  8
CORTE-TEXTO
100
AcDbText
 10
319.75944999999996
 20
-140.7558
 30
0.0
 40
0.035
  1
PB-M-027
 72
1
 11
319.75944999999996
 21
-140.7558
 31
0.0
100
AcDbText
 73
2
  0
LWPOLYLINE
  5
7A8
330
17
100
AcDbEntity
  8
CORTE-SOBRANTE
100
AcDbPolyline
 90
4
 70
1
 10
319.9507
 20
-141.6498
 10
320.1928
 20
-141.6498
 10
320.1928
 20
-141.0538
 10
319.9507
 20
-141.0538
  0
LWPOLYLINE
  5
7A9
330
17
100
AcDbEntity
  8
CORTE-SOBRANTE
100
AcDbPolyline
 90
4
 70
1
 10
319.9221
 20
-141.0538
 10
320.1928
 20
-141.0538
 10
320.1928
 20
-140.45579999999998
 10
319.9221
 20
-140.45579999999998
  0
LWPOLYLINE
  5
7AA
330
17
100
AcDbEntity
  8
CORTE-TILE
100
AcDbPolyline
 90
4
 70
1
 10
320.6428
 20
-141.6498
 10
321.2388
 20
-141.6498
 10
321.2388
 20
-140.4558
 10
320.6428
 20
-140.4558
  0
TEXT
  5
7AB
330
17
100
AcDbEntity
  8
CORTE-TEXTO
100
AcDbText
 10
320.9408
 20
-140.31580000000002
 30
0.0
 40
0.06
  1
M-71
 72
1
 11
320.9408
 21
-140.31580000000002
 31
0.0
100
AcDbText
 73
2
  0
LWPOLYLINE
  5
7AC
330
17
100
AcDbEntity
  8
CORTE-RECORTE
100
AcDbPolyline
 90
4
 70
1
 10
320.6428
 20
-141.6498
 10
320.96810000000005
 20
-141.6498
 10
320.96810000000005
 20
-141.0538
 10
320.6428
 20
-141.0538
  0
TEXT
  5
7AD
330
17
100
AcDbEntity
  8
CORTE-TEXTO
100
AcDbText
 10
320.80545
 20
-141.3518
 30
0.0
 40
0.035
  1
PB-M-028
 72
1
 11
320.80545
 21
-141.3518
 31
0.0
100
AcDbText
 73
2
  0
LWPOLYLINE
  5
7AE
330
17
100
AcDbEntity
  8
CORTE-RECORTE
100
AcDbPolyline
 90
4
 70
1
 10
320.6428
 20
-141.0538
 10
320.96810000000005
 20
-141.0538
 10
320.96810000000005
 20
-140.4578
 10
320.6428
 20
-140.4578
  0
TEXT
  5
7AF
330
17
100
AcDbEntity
  8
CORTE-TEXTO
100
AcDbText
 10
320.80545
 20
-140.7558
 30
0.0
 40
0.035
  1
PB-M-029
 72
1
 11
320.80545
 21
-140.7558
 31
0.0
100
AcDbText
 73
2
  0
LWPOLYLINE
  5
7B0
330
17
100
AcDbEntity
  8
CORTE-RECORTE
100
AcDbPolyline
 90
4
 70
1
 10
320.96810000000005
 20
-141.6498
 10
321.2334000000001
 20
-141.6498
 10
321.2334000000001
 20
-141.0538
 10
320.96810000000005
 20
-141.0538
  0
TEXT
  5
7B1
330
17
100
AcDbEntity
  8
CORTE-TEXTO
100
AcDbText
 10
321.10075000000006
 20
-141.3518
 30
0.0
 40
0.035
  1
PB-M-038
 72
1
 11
321.10075000000006
 21
-141.3518
 31
0.0
100
AcDbText
 73
2
  0
LWPOLYLINE
  5
7B2
330
17
100
AcDbEntity
  8
CORTE-SOBRANTE
100
AcDbPolyline
 90
4
 70
1
 10
320.96810000000005
 20
-141.0538
 10
321.2388
 20
-141.0538
 10
321.2388
 20
-140.45579999999998
 10
320.96810000000005
 20
-140.45579999999998
  0
LWPOLYLINE
  5
7B3
330
17
100
AcDbEntity
  8
CORTE-TILE
100
AcDbPolyline
 90
4
 70
1
 10
321.6888
 20
-141.6498
 10
322.2848
 20
-141.6498
 10
322.2848
 20
-140.4558
 10
321.6888
 20
-140.4558
  0
TEXT
  5
7B4
330
17
100
AcDbEntity
  8
CORTE-TEXTO
100
AcDbText
 10
321.9868
 20
-140.31580000000002
 30
0.0
 40
0.06
  1
M-72
 72
1
 11
321.9868
 21
-140.31580000000002
 31
0.0
100
AcDbText
 73
2
  0
LWPOLYLINE
  5
7B5
330
17
100
AcDbEntity
  8
CORTE-RECORTE
100
AcDbPolyline
 90
4
 70
1
 10
321.6888
 20
-141.6498
 10
322.01410000000004
 20
-141.6498
 10
322.01410000000004
 20
-141.0538
 10
321.6888
 20
-141.0538
  0
TEXT
  5
7B6
330
17
100
AcDbEntity
  8
CORTE-TEXTO
100
AcDbText
 10
321.85145
 20
-141.3518
 30
0.0
 40
0.035
  1
PB-M-030
 72
1
 11
321.85145
 21
-141.3518
 31
0.0
100
AcDbText
 73
2
  0
LWPOLYLINE
  5
7B7
330
17
100
AcDbEntity
  8
CORTE-RECORTE
100
AcDbPolyline
 90
4
 70
1
 10
321.6888
 20
-141.0538
 10
322.01410000000004
 20
-141.0538
 10
322.01410000000004
 20
-140.4578
 10
321.6888
 20
-140.4578
  0
TEXT
  5
7B8
330
17
100
AcDbEntity
  8
CORTE-TEXTO
100
AcDbText
 10
321.85145
 20
-140.7558
 30
0.0
 40
0.035
  1
PB-M-031
 72
1
 11
321.85145
 21
-140.7558
 31
0.0
100
AcDbText
 73
2
  0
LWPOLYLINE
  5
7B9
330
17
100
AcDbEntity
  8
CORTE-RECORTE
100
AcDbPolyline
 90
4
 70
1
 10
322.01410000000004
 20
-141.6498
 10
322.27940000000007
 20
-141.6498
 10
322.27940000000007
 20
-141.0538
 10
322.01410000000004
 20
-141.0538
  0
TEXT
  5
7BA
330
17
100
AcDbEntity
  8
CORTE-TEXTO
100
AcDbText
 10
322.14675000000005
 20
-141.3518
 30
0.0
 40
0.035
  1
PB-M-037
 72
1
 11
322.14675000000005
 21
-141.3518
 31
0.0
100
AcDbText
 73
2
  0
LWPOLYLINE
  5
7BB
330
17
100
AcDbEntity
  8
CORTE-SOBRANTE
100
AcDbPolyline
 90
4
 70
1
 10
322.01410000000004
 20
-141.0538
 10
322.2848
 20
-141.0538
 10
322.2848
 20
-140.45579999999998
 10
322.01410000000004
 20
-140.45579999999998
  0
LWPOLYLINE
  5
7BC
330
17
100
AcDbEntity
  8
CORTE-TILE
100
AcDbPolyline
 90
4
 70
1
 10
322.7348
 20
-141.6498
 10
323.3308
 20
-141.6498
 10
323.3308
 20
-140.4558
 10
322.7348
 20
-140.4558
  0
TEXT
  5
7BD
330
17
100
AcDbEntity
  8
CORTE-TEXTO
100
AcDbText
 10
323.0328
 20
-140.31580000000002
 30
0.0
 40
0.06
  1
M-73
 72
1
 11
323.0328
 21
-140.31580000000002
 31
0.0
100
AcDbText
 73
2
  0
LWPOLYLINE
  5
7BE
330
17
100
AcDbEntity
  8
CORTE-RECORTE
100
AcDbPolyline
 90
4
 70
1
 10
322.7348
 20
-141.6498
 10
323.06010000000003
 20
-141.6498
 10
323.06010000000003
 20
-141.0538
 10
322.7348
 20
-141.0538
  0
TEXT
  5
7BF
330
17
100
AcDbEntity
  8
CORTE-TEXTO
100
AcDbText
 10
322.89745
 20
-141.3518
 30
0.0
 40
0.035
  1
PB-M-032
 72
1
 11
322.89745
 21
-141.3518
 31
0.0
100
AcDbText
 73
2
  0
LWPOLYLINE
  5
7C0
330
17
100
AcDbEntity
  8
CORTE-RECORTE
100
AcDbPolyline
 90
4
 70
1
 10
322.7348
 20
-141.0538
 10
323.06010000000003
 20
-141.0538
 10
323.06010000000003
 20
-140.4578
 10
322.7348
 20
-140.4578
  0
TEXT
  5
7C1
330
17
100
AcDbEntity
  8
CORTE-TEXTO
100
AcDbText
 10
322.89745
 20
-140.7558
 30
0.0
 40
0.035
  1
PB-M-033
 72
1
 11
322.89745
 21
-140.7558
 31
0.0
100
AcDbText
 73
2
  0
LWPOLYLINE
  5
7C2
330
17
100
AcDbEntity
  8
CORTE-SOBRANTE
100
AcDbPolyline
 90
4
 70
1
 10
323.06010000000003
 20
-141.6498
 10
323.3308
 20
-141.6498
 10
323.3308
 20
-141.0538
 10
323.06010000000003
 20
-141.0538
  0
LWPOLYLINE
  5
7C3
330
17
100
AcDbEntity
  8
CORTE-SOBRANTE
100
AcDbPolyline
 90
4
 70
1
 10
323.06010000000003
 20
-141.0538
 10
323.3308
 20
-141.0538
 10
323.3308
 20
-140.45579999999998
 10
323.06010000000003
 20
-140.45579999999998
  0
LWPOLYLINE
  5
7C4
330
17
100
AcDbEntity
  8
CORTE-TILE
100
AcDbPolyline
 90
4
 70
1
 10
323.7808
 20
-141.6498
 10
324.3768
 20
-141.6498
 10
324.3768
 20
-140.4558
 10
323.7808
 20
-140.4558
  0
TEXT
  5
7C5
330
17
100
AcDbEntity
  8
CORTE-TEXTO
100
AcDbText
 10
324.0788
 20
-140.31580000000002
 30
0.0
 40
0.06
  1
M-74
 72
1
 11
324.0788
 21
-140.31580000000002
 31
0.0
100
AcDbText
 73
2
  0
LWPOLYLINE
  5
7C6
330
17
100
AcDbEntity
  8
CORTE-RECORTE
100
AcDbPolyline
 90
4
 70
1
 10
323.7808
 20
-141.6498
 10
324.1061
 20
-141.6498
 10
324.1061
 20
-141.0538
 10
323.7808
 20
-141.0538
  0
TEXT
  5
7C7
330
17
100
AcDbEntity
  8
CORTE-TEXTO
100
AcDbText
 10
323.94345
 20
-141.3518
 30
0.0
 40
0.035
  1
PB-M-034
 72
1
 11
323.94345
 21
-141.3518
 31
0.0
100
AcDbText
 73
2
  0
LWPOLYLINE
  5
7C8
330
17
100
AcDbEntity
  8
CORTE-RECORTE
100
AcDbPolyline
 90
4
 70
1
 10
323.7808
 20
-141.0538
 10
324.1061
 20
-141.0538
 10
324.1061
 20
-140.4578
 10
323.7808
 20
-140.4578
  0
TEXT
  5
7C9
330
17
100
AcDbEntity
  8
CORTE-TEXTO
100
AcDbText
 10
323.94345
 20
-140.7558
 30
0.0
 40
0.035
  1
PB-M-035
 72
1
 11
323.94345
 21
-140.7558
 31
0.0
100
AcDbText
 73
2
  0
LWPOLYLINE
  5
7CA
330
17
100
AcDbEntity
  8
CORTE-SOBRANTE
100
AcDbPolyline
 90
4
 70
1
 10
324.1061
 20
-141.6498
 10
324.3768
 20
-141.6498
 10
324.3768
 20
-141.0538
 10
324.1061
 20
-141.0538
  0
LWPOLYLINE
  5
7CB
330
17
100
AcDbEntity
  8
CORTE-SOBRANTE
100
AcDbPolyline
 90
4
 70
1
 10
324.1061
 20
-141.0538
 10
324.3768
 20
-141.0538
 10
324.3768
 20
-140.45579999999998
 10
324.1061
 20
-140.45579999999998
  0
LWPOLYLINE
  5
7CC
330
17
100
AcDbEntity
  8
CORTE-TILE
100
AcDbPolyline
 90
4
 70
1
 10
324.8268
 20
-141.6498
 10
325.4228
 20
-141.6498
 10
325.4228
 20
-140.4558
 10
324.8268
 20
-140.4558
  0
TEXT
  5
7CD
330
17
100
AcDbEntity
  8
CORTE-TEXTO
100
AcDbText
 10
325.1248
 20
-140.31580000000002
 30
0.0
 40
0.06
  1
M-75
 72
1
 11
325.1248
 21
-140.31580000000002
 31
0.0
100
AcDbText
 73
2
  0
LWPOLYLINE
  5
7CE
330
17
100
AcDbEntity
  8
CORTE-RECORTE
100
AcDbPolyline
 90
4
 70
1
 10
324.8268
 20
-141.6498
 10
325.1521
 20
-141.6498
 10
325.1521
 20
-141.0538
 10
324.8268
 20
-141.0538
  0
TEXT
  5
7CF
330
17
100
AcDbEntity
  8
CORTE-TEXTO
100
AcDbText
 10
324.98945
 20
-141.3518
 30
0.0
 40
0.035
  1
PB-M-036
 72
1
 11
324.98945
 21
-141.3518
 31
0.0
100
AcDbText
 73
2
  0
LWPOLYLINE
  5
7D0
330
17
100
AcDbEntity
  8
CORTE-SOBRANTE
100
AcDbPolyline
 90
4
 70
1
 10
324.8268
 20
-141.0538
 10
325.4228
 20
-141.0538
 10
325.4228
 20
-140.45579999999998
 10
324.8268
 20
-140.45579999999998
  0
LWPOLYLINE
  5
7D1
330
17
100
AcDbEntity
  8
CORTE-SOBRANTE
100
AcDbPolyline
 90
4
 70
1
 10
325.1521
 20
-141.6498
 10
325.4228
 20
-141.6498
 10
325.4228
 20
-141.0538
 10
325.1521
 20
-141.0538
  0
LWPOLYLINE
  5
7D2
330
17
100
AcDbEntity
  8
CORTE-TILE
100
AcDbPolyline
 90
4
 70
1
 10
325.8728
 20
-141.6498
 10
326.4688
 20
-141.6498
 10
326.4688
 20
-140.4558
 10
325.8728
 20
-140.4558
  0
TEXT
  5
7D3
330
17
100
AcDbEntity
  8
CORTE-TEXTO
100
AcDbText
 10
326.1708
 20
-140.31580000000002
 30
0.0
 40
0.06
  1
M-76
 72
1
 11
326.1708
 21
-140.31580000000002
 31
0.0
100
AcDbText
 73
2
  0
LWPOLYLINE
  5
7D4
330
17
100
AcDbEntity
  8
CORTE-RECORTE
100
AcDbPolyline
 90
4
 70
1
 10
325.8728
 20
-141.6498
 10
326.1226
 20
-141.6498
 10
326.1226
 20
-140.9438
 10
325.8728
 20
-140.9438
  0
TEXT
  5
7D5
330
17
100
AcDbEntity
  8
CORTE-TEXTO
100
AcDbText
 10
325.9977
 20
-141.2968
 30
0.0
 40
0.035
  1
PA-M-042
 72
1
 11
325.9977
 21
-141.2968
 31
0.0
100
AcDbText
 73
2
  0
LWPOLYLINE
  5
7D6
330
17
100
AcDbEntity
  8
CORTE-RECORTE
100
AcDbPolyline
 90
4
 70
1
 10
326.1226
 20
-141.6498
 10
326.37239999999997
 20
-141.6498
 10
326.37239999999997
 20
-140.9438
 10
326.1226
 20
-140.9438
  0
TEXT
  5
7D7
330
17
100
AcDbEntity
  8
CORTE-TEXTO
100
AcDbText
 10
326.2475
 20
-141.2968
 30
0.0
 40
0.035
  1
PA-M-044
 72
1
 11
326.2475
 21
-141.2968
 31
0.0
100
AcDbText
 73
2
  0
LWPOLYLINE
  5
7D8
330
17
100
AcDbEntity
  8
CORTE-SOBRANTE
100
AcDbPolyline
 90
4
 70
1
 10
325.8728
 20
-140.9438
 10
326.1226
 20
-140.9438
 10
326.1226
 20
-140.4558
 10
325.8728
 20
-140.4558
  0
LWPOLYLINE
  5
7D9
330
17
100
AcDbEntity
  8
CORTE-SOBRANTE
100
AcDbPolyline
 90
4
 70
1
 10
326.1226
 20
-140.9438
 10
326.4688
 20
-140.9438
 10
326.4688
 20
-140.4558
 10
326.1226
 20
-140.4558
  0
LWPOLYLINE
  5
7DA
330
17
100
AcDbEntity
  8
CORTE-DESPERDICIO
100
AcDbPolyline
 90
4
 70
1
 10
326.37239999999997
 20
-141.6498
 10
326.4688
 20
-141.6498
 10
326.4688
 20
-140.9438
 10
326.37239999999997
 20
-140.9438
  0
TEXT
  5
7DB
330
17
100
AcDbEntity
  8
CORTE-TEXTO
100
AcDbText
 10
319.4588
 20
-143.1498
 30
0.0
 40
0.25
  1
PLAN DE CORTE - ROYAL WALNUT  (67 baldosas a abrir)
 72
1
 11
319.4588
 21
-143.1498
 31
0.0
100
AcDbText
 73
2
  0
LWPOLYLINE
  5
7DC
330
17
100
AcDbEntity
  8
CORTE-TILE
100
AcDbPolyline
 90
4
 70
1
 10
316.4588
 20
-145.5498
 10
316.6588
 20
-145.5498
 10
316.6588
 20
-144.34980000000002
 10
316.4588
 20
-144.34980000000002
  0
TEXT
  5
7DD
330
17
100
AcDbEntity
  8
CORTE-TEXTO
100
AcDbText
 10
316.5588
 20
-144.20980000000003
 30
0.0
 40
0.06
  1
RW-01
 72
1
 11
316.5588
 21
-144.20980000000003
 31
0.0
100
AcDbText
 73
2
  0
LWPOLYLINE
  5
7DE
330
17
100
AcDbEntity
  8
CORTE-RECORTE
100
AcDbPolyline
 90
4
 70
1
 10
316.4588
 20
-145.5498
 10
316.6588
 20
-145.5498
 10
316.6588
 20
-144.5178
 10
316.4588
 20
-144.5178
  0
TEXT
  5
7DF
330
17
100
AcDbEntity
  8
CORTE-TEXTO
100
AcDbText
 10
316.5588
 20
-145.0338
 30
0.0
 40
0.035
  1
PA-R-115
 72
1
 11
316.5588
 21
-145.0338
 31
0.0
100
AcDbText
 73
2
  0
LWPOLYLINE
  5
7E0
330
17
100
AcDbEntity
  8
CORTE-SOBRANTE
100
AcDbPolyline
 90
4
 70
1
 10
316.4588
 20
-144.5178
 10
316.6588
 20
-144.5178
 10
316.6588
 20
-144.3498
 10
316.4588
 20
-144.3498
  0
LWPOLYLINE
  5
7E1
330
17
100
AcDbEntity
  8
CORTE-TILE
100
AcDbPolyline
 90
4
 70
1
 10
317.1088
 20
-145.5498
 10
317.30879999999996
 20
-145.5498
 10
317.30879999999996
 20
-144.34980000000002
 10
317.1088
 20
-144.34980000000002
  0
TEXT
  5
7E2
330
17
100
AcDbEntity
  8
CORTE-TEXTO
100
AcDbText
 10
317.2088
 20
-144.20980000000003
 30
0.0
 40
0.06
  1
RW-02
 72
1
 11
317.2088
 21
-144.20980000000003
 31
0.0
100
AcDbText
 73
2
  0
LWPOLYLINE
  5
7E3
330
17
100
AcDbEntity
  8
CORTE-RECORTE
100
AcDbPolyline
 90
4
 70
1
 10
317.1088
 20
-145.5498
 10
317.30879999999996
 20
-145.5498
 10
317.30879999999996
 20
-144.5178
 10
317.1088
 20
-144.5178
  0
TEXT
  5
7E4
330
17
100
AcDbEntity
  8
CORTE-TEXTO
100
AcDbText
 10
317.2088
 20
-145.0338
 30
0.0
 40
0.035
  1
PA-R-114
 72
1
 11
317.2088
 21
-145.0338
 31
0.0
100
AcDbText
 73
2
  0
LWPOLYLINE
  5
7E5
330
17
100
AcDbEntity
  8
CORTE-SOBRANTE
100
AcDbPolyline
 90
4
 70
1
 10
317.1088
 20
-144.5178
 10
317.30879999999996
 20
-144.5178
 10
317.30879999999996
 20
-144.3498
 10
317.1088
 20
-144.3498
  0
LWPOLYLINE
  5
7E6
330
17
100
AcDbEntity
  8
CORTE-TILE
100
AcDbPolyline
 90
4
 70
1
 10
317.7588
 20
-145.5498
 10
317.9588
 20
-145.5498
 10
317.9588
 20
-144.34980000000002
 10
317.7588
 20
-144.34980000000002
  0
TEXT
  5
7E7
330
17
100
AcDbEntity
  8
CORTE-TEXTO
100
AcDbText
 10
317.85880000000003
 20
-144.20980000000003
 30
0.0
 40
0.06
  1
RW-03
 72
1
 11
317.85880000000003
 21
-144.20980000000003
 31
0.0
100
AcDbText
 73
2
  0
LWPOLYLINE
  5
7E8
330
17
100
AcDbEntity
  8
CORTE-RECORTE
100
AcDbPolyline
 90
4
 70
1
 10
317.7588
 20
-145.5498
 10
317.9588
 20
-145.5498
 10
317.9588
 20
-144.5178
 10
317.7588
 20
-144.5178
  0
TEXT
  5
7E9
330
17
100
AcDbEntity
  8
CORTE-TEXTO
100
AcDbText
 10
317.85880000000003
 20
-145.0338
 30
0.0
 40
0.035
  1
PA-R-113
 72
1
 11
317.85880000000003
 21
-145.0338
 31
0.0
100
AcDbText
 73
2
  0
LWPOLYLINE
  5
7EA
330
17
100
AcDbEntity
  8
CORTE-SOBRANTE
100
AcDbPolyline
 90
4
 70
1
 10
317.7588
 20
-144.5178
 10
317.9588
 20
-144.5178
 10
317.9588
 20
-144.3498
 10
317.7588
 20
-144.3498
  0
LWPOLYLINE
  5
7EB
330
17
100
AcDbEntity
  8
CORTE-TILE
100
AcDbPolyline
 90
4
 70
1
 10
318.4088
 20
-145.5498
 10
318.6088
 20
-145.5498
 10
318.6088
 20
-144.34980000000002
 10
318.4088
 20
-144.34980000000002
  0
TEXT
  5
7EC
330
17
100
AcDbEntity
  8
CORTE-TEXTO
100
AcDbText
 10
318.5088
 20
-144.20980000000003
 30
0.0
 40
0.06
  1
RW-04
 72
1
 11
318.5088
 21
-144.20980000000003
 31
0.0
100
AcDbText
 73
2
  0
LWPOLYLINE
  5
7ED
330
17
100
AcDbEntity
  8
CORTE-RECORTE
100
AcDbPolyline
 90
4
 70
1
 10
318.4088
 20
-145.5498
 10
318.6088
 20
-145.5498
 10
318.6088
 20
-144.5178
 10
318.4088
 20
-144.5178
  0
TEXT
  5
7EE
330
17
100
AcDbEntity
  8
CORTE-TEXTO
100
AcDbText
 10
318.5088
 20
-145.0338
 30
0.0
 40
0.035
  1
PA-R-112
 72
1
 11
318.5088
 21
-145.0338
 31
0.0
100
AcDbText
 73
2
  0
LWPOLYLINE
  5
7EF
330
17
100
AcDbEntity
  8
CORTE-SOBRANTE
100
AcDbPolyline
 90
4
 70
1
 10
318.4088
 20
-144.5178
 10
318.6088
 20
-144.5178
 10
318.6088
 20
-144.3498
 10
318.4088
 20
-144.3498
  0
LWPOLYLINE
  5
7F0
330
17
100
AcDbEntity
  8
CORTE-TILE
100
AcDbPolyline
 90
4
 70
1
 10
319.0588
 20
-145.5498
 10
319.2588
 20
-145.5498
 10
319.2588
 20
-144.34980000000002
 10
319.0588
 20
-144.34980000000002
  0
TEXT
  5
7F1
330
17
100
AcDbEntity
  8
CORTE-TEXTO
100
AcDbText
 10
319.15880000000004
 20
-144.20980000000003
 30
0.0
 40
0.06
  1
RW-05
 72
1
 11
319.15880000000004
 21
-144.20980000000003
 31
0.0
100
AcDbText
 73
2
  0
LWPOLYLINE
  5
7F2
330
17
100
AcDbEntity
  8
CORTE-RECORTE
100
AcDbPolyline
 90
4
 70
1
 10
319.0588
 20
-145.5498
 10
319.2588
 20
-145.5498
 10
319.2588
 20
-144.5178
 10
319.0588
 20
-144.5178
  0
TEXT
  5
7F3
330
17
100
AcDbEntity
  8
CORTE-TEXTO
100
AcDbText
 10
319.15880000000004
 20
-145.0338
 30
0.0
 40
0.035
  1
PA-R-111
 72
1
 11
319.15880000000004
 21
-145.0338
 31
0.0
100
AcDbText
 73
2
  0
LWPOLYLINE
  5
7F4
330
17
100
AcDbEntity
  8
CORTE-SOBRANTE
100
AcDbPolyline
 90
4
 70
1
 10
319.0588
 20
-144.5178
 10
319.2588
 20
-144.5178
 10
319.2588
 20
-144.3498
 10
319.0588
 20
-144.3498
  0
LWPOLYLINE
  5
7F5
330
17
100
AcDbEntity
  8
CORTE-TILE
100
AcDbPolyline
 90
4
 70
1
 10
319.7088
 20
-145.5498
 10
319.9088
 20
-145.5498
 10
319.9088
 20
-144.34980000000002
 10
319.7088
 20
-144.34980000000002
  0
TEXT
  5
7F6
330
17
100
AcDbEntity
  8
CORTE-TEXTO
100
AcDbText
 10
319.8088
 20
-144.20980000000003
 30
0.0
 40
0.06
  1
RW-06
 72
1
 11
319.8088
 21
-144.20980000000003
 31
0.0
100
AcDbText
 73
2
  0
LWPOLYLINE
  5
7F7
330
17
100
AcDbEntity
  8
CORTE-RECORTE
100
AcDbPolyline
 90
4
 70
1
 10
319.7088
 20
-145.5498
 10
319.9088
 20
-145.5498
 10
319.9088
 20
-144.5178
 10
319.7088
 20
-144.5178
  0
TEXT
  5
7F8
330
17
100
AcDbEntity
  8
CORTE-TEXTO
100
AcDbText
 10
319.8088
 20
-145.0338
 30
0.0
 40
0.035
  1
PA-R-110
 72
1
 11
319.8088
 21
-145.0338
 31
0.0
100
AcDbText
 73
2
  0
LWPOLYLINE
  5
7F9
330
17
100
AcDbEntity
  8
CORTE-SOBRANTE
100
AcDbPolyline
 90
4
 70
1
 10
319.7088
 20
-144.5178
 10
319.9088
 20
-144.5178
 10
319.9088
 20
-144.3498
 10
319.7088
 20
-144.3498
  0
LWPOLYLINE
  5
7FA
330
17
100
AcDbEntity
  8
CORTE-TILE
100
AcDbPolyline
 90
4
 70
1
 10
320.3588
 20
-145.5498
 10
320.55879999999996
 20
-145.5498
 10
320.55879999999996
 20
-144.34980000000002
 10
320.3588
 20
-144.34980000000002
  0
TEXT
  5
7FB
330
17
100
AcDbEntity
  8
CORTE-TEXTO
100
AcDbText
 10
320.4588
 20
-144.20980000000003
 30
0.0
 40
0.06
  1
RW-07
 72
1
 11
320.4588
 21
-144.20980000000003
 31
0.0
100
AcDbText
 73
2
  0
LWPOLYLINE
  5
7FC
330
17
100
AcDbEntity
  8
CORTE-RECORTE
100
AcDbPolyline
 90
4
 70
1
 10
320.3588
 20
-145.5498
 10
320.55879999999996
 20
-145.5498
 10
320.55879999999996
 20
-144.5178
 10
320.3588
 20
-144.5178
  0
TEXT
  5
7FD
330
17
100
AcDbEntity
  8
CORTE-TEXTO
100
AcDbText
 10
320.4588
 20
-145.0338
 30
0.0
 40
0.035
  1
PA-R-109
 72
1
 11
320.4588
 21
-145.0338
 31
0.0
100
AcDbText
 73
2
  0
LWPOLYLINE
  5
7FE
330
17
100
AcDbEntity
  8
CORTE-SOBRANTE
100
AcDbPolyline
 90
4
 70
1
 10
320.3588
 20
-144.5178
 10
320.55879999999996
 20
-144.5178
 10
320.55879999999996
 20
-144.3498
 10
320.3588
 20
-144.3498
  0
LWPOLYLINE
  5
7FF
330
17
100
AcDbEntity
  8
CORTE-TILE
100
AcDbPolyline
 90
4
 70
1
 10
321.0088
 20
-145.5498
 10
321.2088
 20
-145.5498
 10
321.2088
 20
-144.34980000000002
 10
321.0088
 20
-144.34980000000002
  0
TEXT
  5
800
330
17
100
AcDbEntity
  8
CORTE-TEXTO
100
AcDbText
 10
321.10880000000003
 20
-144.20980000000003
 30
0.0
 40
0.06
  1
RW-08
 72
1
 11
321.10880000000003
 21
-144.20980000000003
 31
0.0
100
AcDbText
 73
2
  0
LWPOLYLINE
  5
801
330
17
100
AcDbEntity
  8
CORTE-RECORTE
100
AcDbPolyline
 90
4
 70
1
 10
321.0088
 20
-145.5498
 10
321.2088
 20
-145.5498
 10
321.2088
 20
-144.5178
 10
321.0088
 20
-144.5178
  0
TEXT
  5
802
330
17
100
AcDbEntity
  8
CORTE-TEXTO
100
AcDbText
 10
321.10880000000003
 20
-145.0338
 30
0.0
 40
0.035
  1
PA-R-116
 72
1
 11
321.10880000000003
 21
-145.0338
 31
0.0
100
AcDbText
 73
2
  0
LWPOLYLINE
  5
803
330
17
100
AcDbEntity
  8
CORTE-SOBRANTE
100
AcDbPolyline
 90
4
 70
1
 10
321.0088
 20
-144.5178
 10
321.2088
 20
-144.5178
 10
321.2088
 20
-144.3498
 10
321.0088
 20
-144.3498
  0
LWPOLYLINE
  5
804
330
17
100
AcDbEntity
  8
CORTE-TILE
100
AcDbPolyline
 90
4
 70
1
 10
321.6588
 20
-145.5498
 10
321.8588
 20
-145.5498
 10
321.8588
 20
-144.34980000000002
 10
321.6588
 20
-144.34980000000002
  0
TEXT
  5
805
330
17
100
AcDbEntity
  8
CORTE-TEXTO
100
AcDbText
 10
321.7588
 20
-144.20980000000003
 30
0.0
 40
0.06
  1
RW-09
 72
1
 11
321.7588
 21
-144.20980000000003
 31
0.0
100
AcDbText
 73
2
  0
LWPOLYLINE
  5
806
330
17
100
AcDbEntity
  8
CORTE-RECORTE
100
AcDbPolyline
 90
4
 70
1
 10
321.6588
 20
-145.5498
 10
321.8588
 20
-145.5498
 10
321.8588
 20
-144.5178
 10
321.6588
 20
-144.5178
  0
TEXT
  5
807
330
17
100
AcDbEntity
  8
CORTE-TEXTO
100
AcDbText
 10
321.7588
 20
-145.0338
 30
0.0
 40
0.035
  1
PA-R-117
 72
1
 11
321.7588
 21
-145.0338
 31
0.0
100
AcDbText
 73
2
  0
LWPOLYLINE
  5
808
330
17
100
AcDbEntity
  8
CORTE-SOBRANTE
100
AcDbPolyline
 90
4
 70
1
 10
321.6588
 20
-144.5178
 10
321.8588
 20
-144.5178
 10
321.8588
 20
-144.3498
 10
321.6588
 20
-144.3498
  0
LWPOLYLINE
  5
809
330
17
100
AcDbEntity
  8
CORTE-TILE
100
AcDbPolyline
 90
4
 70
1
 10
322.3088
 20
-145.5498
 10
322.5088
 20
-145.5498
 10
322.5088
 20
-144.34980000000002
 10
322.3088
 20
-144.34980000000002
  0
TEXT
  5
80A
330
17
100
AcDbEntity
  8
CORTE-TEXTO
100
AcDbText
 10
322.40880000000004
 20
-144.20980000000003
 30
0.0
 40
0.06
  1
RW-10
 72
1
 11
322.40880000000004
 21
-144.20980000000003
 31
0.0
100
AcDbText
 73
2
  0
LWPOLYLINE
  5
80B
330
17
100
AcDbEntity
  8
CORTE-RECORTE
100
AcDbPolyline
 90
4
 70
1
 10
322.3088
 20
-145.5498
 10
322.5088
 20
-145.5498
 10
322.5088
 20
-144.5178
 10
322.3088
 20
-144.5178
  0
TEXT
  5
80C
330
17
100
AcDbEntity
  8
CORTE-TEXTO
100
AcDbText
 10
322.40880000000004
 20
-145.0338
 30
0.0
 40
0.035
  1
PA-R-118
 72
1
 11
322.40880000000004
 21
-145.0338
 31
0.0
100
AcDbText
 73
2
  0
LWPOLYLINE
  5
80D
330
17
100
AcDbEntity
  8
CORTE-SOBRANTE
100
AcDbPolyline
 90
4
 70
1
 10
322.3088
 20
-144.5178
 10
322.5088
 20
-144.5178
 10
322.5088
 20
-144.3498
 10
322.3088
 20
-144.3498
  0
LWPOLYLINE
  5
80E
330
17
100
AcDbEntity
  8
CORTE-TILE
100
AcDbPolyline
 90
4
 70
1
 10
322.9588
 20
-145.5498
 10
323.1588
 20
-145.5498
 10
323.1588
 20
-144.34980000000002
 10
322.9588
 20
-144.34980000000002
  0
TEXT
  5
80F
330
17
100
AcDbEntity
  8
CORTE-TEXTO
100
AcDbText
 10
323.0588
 20
-144.20980000000003
 30
0.0
 40
0.06
  1
RW-11
 72
1
 11
323.0588
 21
-144.20980000000003
 31
0.0
100
AcDbText
 73
2
  0
LWPOLYLINE
  5
810
330
17
100
AcDbEntity
  8
CORTE-RECORTE
100
AcDbPolyline
 90
4
 70
1
 10
322.9588
 20
-145.5498
 10
323.1588
 20
-145.5498
 10
323.1588
 20
-144.5178
 10
322.9588
 20
-144.5178
  0
TEXT
  5
811
330
17
100
AcDbEntity
  8
CORTE-TEXTO
100
AcDbText
 10
323.0588
 20
-145.0338
 30
0.0
 40
0.035
  1
PA-R-119
 72
1
 11
323.0588
 21
-145.0338
 31
0.0
100
AcDbText
 73
2
  0
LWPOLYLINE
  5
812
330
17
100
AcDbEntity
  8
CORTE-SOBRANTE
100
AcDbPolyline
 90
4
 70
1
 10
322.9588
 20
-144.5178
 10
323.1588
 20
-144.5178
 10
323.1588
 20
-144.3498
 10
322.9588
 20
-144.3498
  0
LWPOLYLINE
  5
813
330
17
100
AcDbEntity
  8
CORTE-TILE
100
AcDbPolyline
 90
4
 70
1
 10
323.6088
 20
-145.5498
 10
323.80879999999996
 20
-145.5498
 10
323.80879999999996
 20
-144.34980000000002
 10
323.6088
 20
-144.34980000000002
  0
TEXT
  5
814
330
17
100
AcDbEntity
  8
CORTE-TEXTO
100
AcDbText
 10
323.7088
 20
-144.20980000000003
 30
0.0
 40
0.06
  1
RW-12
 72
1
 11
323.7088
 21
-144.20980000000003
 31
0.0
100
AcDbText
 73
2
  0
LWPOLYLINE
  5
815
330
17
100
AcDbEntity
  8
CORTE-RECORTE
100
AcDbPolyline
 90
4
 70
1
 10
323.6088
 20
-145.5498
 10
323.80879999999996
 20
-145.5498
 10
323.80879999999996
 20
-144.5178
 10
323.6088
 20
-144.5178
  0
TEXT
  5
816
330
17
100
AcDbEntity
  8
CORTE-TEXTO
100
AcDbText
 10
323.7088
 20
-145.0338
 30
0.0
 40
0.035
  1
PA-R-120
 72
1
 11
323.7088
 21
-145.0338
 31
0.0
100
AcDbText
 73
2
  0
LWPOLYLINE
  5
817
330
17
100
AcDbEntity
  8
CORTE-SOBRANTE
100
AcDbPolyline
 90
4
 70
1
 10
323.6088
 20
-144.5178
 10
323.80879999999996
 20
-144.5178
 10
323.80879999999996
 20
-144.3498
 10
323.6088
 20
-144.3498
  0
LWPOLYLINE
  5
818
330
17
100
AcDbEntity
  8
CORTE-TILE
100
AcDbPolyline
 90
4
 70
1
 10
324.2588
 20
-145.5498
 10
324.4588
 20
-145.5498
 10
324.4588
 20
-144.34980000000002
 10
324.2588
 20
-144.34980000000002
  0
TEXT
  5
819
330
17
100
AcDbEntity
  8
CORTE-TEXTO
100
AcDbText
 10
324.35880000000003
 20
-144.20980000000003
 30
0.0
 40
0.06
  1
RW-13
 72
1
 11
324.35880000000003
 21
-144.20980000000003
 31
0.0
100
AcDbText
 73
2
  0
LWPOLYLINE
  5
81A
330
17
100
AcDbEntity
  8
CORTE-RECORTE
100
AcDbPolyline
 90
4
 70
1
 10
324.2588
 20
-145.5498
 10
324.4588
 20
-145.5498
 10
324.4588
 20
-144.5178
 10
324.2588
 20
-144.5178
  0
TEXT
  5
81B
330
17
100
AcDbEntity
  8
CORTE-TEXTO
100
AcDbText
 10
324.35880000000003
 20
-145.0338
 30
0.0
 40
0.035
  1
PA-R-121
 72
1
 11
324.35880000000003
 21
-145.0338
 31
0.0
100
AcDbText
 73
2
  0
LWPOLYLINE
  5
81C
330
17
100
AcDbEntity
  8
CORTE-SOBRANTE
100
AcDbPolyline
 90
4
 70
1
 10
324.2588
 20
-144.5178
 10
324.4588
 20
-144.5178
 10
324.4588
 20
-144.3498
 10
324.2588
 20
-144.3498
  0
LWPOLYLINE
  5
81D
330
17
100
AcDbEntity
  8
CORTE-TILE
100
AcDbPolyline
 90
4
 70
1
 10
324.9088
 20
-145.5498
 10
325.1088
 20
-145.5498
 10
325.1088
 20
-144.34980000000002
 10
324.9088
 20
-144.34980000000002
  0
TEXT
  5
81E
330
17
100
AcDbEntity
  8
CORTE-TEXTO
100
AcDbText
 10
325.0088
 20
-144.20980000000003
 30
0.0
 40
0.06
  1
RW-14
 72
1
 11
325.0088
 21
-144.20980000000003
 31
0.0
100
AcDbText
 73
2
  0
LWPOLYLINE
  5
81F
330
17
100
AcDbEntity
  8
CORTE-RECORTE
100
AcDbPolyline
 90
4
 70
1
 10
324.9088
 20
-145.5498
 10
325.1088
 20
-145.5498
 10
325.1088
 20
-144.5178
 10
324.9088
 20
-144.5178
  0
TEXT
  5
820
330
17
100
AcDbEntity
  8
CORTE-TEXTO
100
AcDbText
 10
325.0088
 20
-145.0338
 30
0.0
 40
0.035
  1
PA-R-122
 72
1
 11
325.0088
 21
-145.0338
 31
0.0
100
AcDbText
 73
2
  0
LWPOLYLINE
  5
821
330
17
100
AcDbEntity
  8
CORTE-SOBRANTE
100
AcDbPolyline
 90
4
 70
1
 10
324.9088
 20
-144.5178
 10
325.1088
 20
-144.5178
 10
325.1088
 20
-144.3498
 10
324.9088
 20
-144.3498
  0
LWPOLYLINE
  5
822
330
17
100
AcDbEntity
  8
CORTE-TILE
100
AcDbPolyline
 90
4
 70
1
 10
325.5588
 20
-145.5498
 10
325.7588
 20
-145.5498
 10
325.7588
 20
-144.34980000000002
 10
325.5588
 20
-144.34980000000002
  0
TEXT
  5
823
330
17
100
AcDbEntity
  8
CORTE-TEXTO
100
AcDbText
 10
325.65880000000004
 20
-144.20980000000003
 30
0.0
 40
0.06
  1
RW-15
 72
1
 11
325.65880000000004
 21
-144.20980000000003
 31
0.0
100
AcDbText
 73
2
  0
LWPOLYLINE
  5
824
330
17
100
AcDbEntity
  8
CORTE-RECORTE
100
AcDbPolyline
 90
4
 70
1
 10
325.5588
 20
-145.5498
 10
325.7588
 20
-145.5498
 10
325.7588
 20
-144.5178
 10
325.5588
 20
-144.5178
  0
TEXT
  5
825
330
17
100
AcDbEntity
  8
CORTE-TEXTO
100
AcDbText
 10
325.65880000000004
 20
-145.0338
 30
0.0
 40
0.035
  1
PA-R-123
 72
1
 11
325.65880000000004
 21
-145.0338
 31
0.0
100
AcDbText
 73
2
  0
LWPOLYLINE
  5
826
330
17
100
AcDbEntity
  8
CORTE-SOBRANTE
100
AcDbPolyline
 90
4
 70
1
 10
325.5588
 20
-144.5178
 10
325.7588
 20
-144.5178
 10
325.7588
 20
-144.3498
 10
325.5588
 20
-144.3498
  0
LWPOLYLINE
  5
827
330
17
100
AcDbEntity
  8
CORTE-TILE
100
AcDbPolyline
 90
4
 70
1
 10
326.2088
 20
-145.5498
 10
326.4088
 20
-145.5498
 10
326.4088
 20
-144.34980000000002
 10
326.2088
 20
-144.34980000000002
  0
TEXT
  5
828
330
17
100
AcDbEntity
  8
CORTE-TEXTO
100
AcDbText
 10
326.3088
 20
-144.20980000000003
 30
0.0
 40
0.06
  1
RW-16
 72
1
 11
326.3088
 21
-144.20980000000003
 31
0.0
100
AcDbText
 73
2
  0
LWPOLYLINE
  5
829
330
17
100
AcDbEntity
  8
CORTE-RECORTE
100
AcDbPolyline
 90
4
 70
1
 10
326.2088
 20
-145.5498
 10
326.4088
 20
-145.5498
 10
326.4088
 20
-144.52530000000002
 10
326.2088
 20
-144.52530000000002
  0
TEXT
  5
82A
330
17
100
AcDbEntity
  8
CORTE-TEXTO
100
AcDbText
 10
326.3088
 20
-145.03755
 30
0.0
 40
0.035
  1
PA-R-108
 72
1
 11
326.3088
 21
-145.03755
 31
0.0
100
AcDbText
 73
2
  0
LWPOLYLINE
  5
82B
330
17
100
AcDbEntity
  8
CORTE-SOBRANTE
100
AcDbPolyline
 90
4
 70
1
 10
326.2088
 20
-144.52530000000002
 10
326.4088
 20
-144.52530000000002
 10
326.4088
 20
-144.34980000000002
 10
326.2088
 20
-144.34980000000002
  0
LWPOLYLINE
  5
82C
330
17
100
AcDbEntity
  8
CORTE-TILE
100
AcDbPolyline
 90
4
 70
1
 10
326.8588
 20
-145.5498
 10
327.05879999999996
 20
-145.5498
 10
327.05879999999996
 20
-144.34980000000002
 10
326.8588
 20
-144.34980000000002
  0
TEXT
  5
82D
330
17
100
AcDbEntity
  8
CORTE-TEXTO
100
AcDbText
 10
326.9588
 20
-144.20980000000003
 30
0.0
 40
0.06
  1
RW-17
 72
1
 11
326.9588
 21
-144.20980000000003
 31
0.0
100
AcDbText
 73
2
  0
LWPOLYLINE
  5
82E
330
17
100
AcDbEntity
  8
CORTE-RECORTE
100
AcDbPolyline
 90
4
 70
1
 10
326.8588
 20
-145.5498
 10
327.05879999999996
 20
-145.5498
 10
327.05879999999996
 20
-144.6031
 10
326.8588
 20
-144.6031
  0
TEXT
  5
82F
330
17
100
AcDbEntity
  8
CORTE-TEXTO
100
AcDbText
 10
326.9588
 20
-145.07645
 30
0.0
 40
0.035
  1
PA-R-023
 72
1
 11
326.9588
 21
-145.07645
 31
0.0
100
AcDbText
 73
2
  0
LWPOLYLINE
  5
830
330
17
100
AcDbEntity
  8
CORTE-RECORTE
100
AcDbPolyline
 90
4
 70
1
 10
326.8588
 20
-144.6031
 10
327.03159999999997
 20
-144.6031
 10
327.03159999999997
 20
-144.40310000000002
 10
326.8588
 20
-144.40310000000002
  0
TEXT
  5
831
330
17
100
AcDbEntity
  8
CORTE-TEXTO
100
AcDbText
 10
326.9452
 20
-144.50310000000002
 30
0.0
 40
0.035
  1
PA-R-148
 72
1
 11
326.9452
 21
-144.50310000000002
 31
0.0
100
AcDbText
 73
2
  0
LWPOLYLINE
  5
832
330
17
100
AcDbEntity
  8
CORTE-DESPERDICIO
100
AcDbPolyline
 90
4
 70
1
 10
326.8588
 20
-144.4031
 10
327.05879999999996
 20
-144.4031
 10
327.05879999999996
 20
-144.3498
 10
326.8588
 20
-144.3498
  0
LWPOLYLINE
  5
833
330
17
100
AcDbEntity
  8
CORTE-DESPERDICIO
100
AcDbPolyline
 90
4
 70
1
 10
327.03159999999997
 20
-144.6031
 10
327.05879999999996
 20
-144.6031
 10
327.05879999999996
 20
-144.40310000000002
 10
327.03159999999997
 20
-144.40310000000002
  0
LWPOLYLINE
  5
834
330
17
100
AcDbEntity
  8
CORTE-TILE
100
AcDbPolyline
 90
4
 70
1
 10
327.5088
 20
-145.5498
 10
327.7088
 20
-145.5498
 10
327.7088
 20
-144.34980000000002
 10
327.5088
 20
-144.34980000000002
  0
TEXT
  5
835
330
17
100
AcDbEntity
  8
CORTE-TEXTO
100
AcDbText
 10
327.60880000000003
 20
-144.20980000000003
 30
0.0
 40
0.06
  1
RW-18
 72
1
 11
327.60880000000003
 21
-144.20980000000003
 31
0.0
100
AcDbText
 73
2
  0
LWPOLYLINE
  5
836
330
17
100
AcDbEntity
  8
CORTE-RECORTE
100
AcDbPolyline
 90
4
 70
1
 10
327.5088
 20
-145.5498
 10
327.7088
 20
-145.5498
 10
327.7088
 20
-144.6031
 10
327.5088
 20
-144.6031
  0
TEXT
  5
837
330
17
100
AcDbEntity
  8
CORTE-TEXTO
100
AcDbText
 10
327.60880000000003
 20
-145.07645
 30
0.0
 40
0.035
  1
PA-R-022
 72
1
 11
327.60880000000003
 21
-145.07645
 31
0.0
100
AcDbText
 73
2
  0
LWPOLYLINE
  5
838
330
17
100
AcDbEntity
  8
CORTE-RECORTE
100
AcDbPolyline
 90
4
 70
1
 10
327.5088
 20
-144.6031
 10
327.6816
 20
-144.6031
 10
327.6816
 20
-144.40310000000002
 10
327.5088
 20
-144.40310000000002
  0
TEXT
  5
839
330
17
100
AcDbEntity
  8
CORTE-TEXTO
100
AcDbText
 10
327.59520000000003
 20
-144.50310000000002
 30
0.0
 40
0.035
  1
PA-R-147
 72
1
 11
327.59520000000003
 21
-144.50310000000002
 31
0.0
100
AcDbText
 73
2
  0
LWPOLYLINE
  5
83A
330
17
100
AcDbEntity
  8
CORTE-DESPERDICIO
100
AcDbPolyline
 90
4
 70
1
 10
327.5088
 20
-144.4031
 10
327.7088
 20
-144.4031
 10
327.7088
 20
-144.3498
 10
327.5088
 20
-144.3498
  0
LWPOLYLINE
  5
83B
330
17
100
AcDbEntity
  8
CORTE-DESPERDICIO
100
AcDbPolyline
 90
4
 70
1
 10
327.6816
 20
-144.6031
 10
327.7088
 20
-144.6031
 10
327.7088
 20
-144.40310000000002
 10
327.6816
 20
-144.40310000000002
  0
LWPOLYLINE
  5
83C
330
17
100
AcDbEntity
  8
CORTE-TILE
100
AcDbPolyline
 90
4
 70
1
 10
328.1588
 20
-145.5498
 10
328.3588
 20
-145.5498
 10
328.3588
 20
-144.34980000000002
 10
328.1588
 20
-144.34980000000002
  0
TEXT
  5
83D
330
17
100
AcDbEntity
  8
CORTE-TEXTO
100
AcDbText
 10
328.2588
 20
-144.20980000000003
 30
0.0
 40
0.06
  1
RW-19
 72
1
 11
328.2588
 21
-144.20980000000003
 31
0.0
100
AcDbText
 73
2
  0
LWPOLYLINE
  5
83E
330
17
100
AcDbEntity
  8
CORTE-RECORTE
100
AcDbPolyline
 90
4
 70
1
 10
328.1588
 20
-145.5498
 10
328.3588
 20
-145.5498
 10
328.3588
 20
-144.6031
 10
328.1588
 20
-144.6031
  0
TEXT
  5
83F
330
17
100
AcDbEntity
  8
CORTE-TEXTO
100
AcDbText
 10
328.2588
 20
-145.07645
 30
0.0
 40
0.035
  1
PA-R-021
 72
1
 11
328.2588
 21
-145.07645
 31
0.0
100
AcDbText
 73
2
  0
LWPOLYLINE
  5
840
330
17
100
AcDbEntity
  8
CORTE-RECORTE
100
AcDbPolyline
 90
4
 70
1
 10
328.1588
 20
-144.6031
 10
328.3316
 20
-144.6031
 10
328.3316
 20
-144.40310000000002
 10
328.1588
 20
-144.40310000000002
  0
TEXT
  5
841
330
17
100
AcDbEntity
  8
CORTE-TEXTO
100
AcDbText
 10
328.2452
 20
-144.50310000000002
 30
0.0
 40
0.035
  1
PA-R-146
 72
1
 11
328.2452
 21
-144.50310000000002
 31
0.0
100
AcDbText
 73
2
  0
LWPOLYLINE
  5
842
330
17
100
AcDbEntity
  8
CORTE-DESPERDICIO
100
AcDbPolyline
 90
4
 70
1
 10
328.1588
 20
-144.4031
 10
328.3588
 20
-144.4031
 10
328.3588
 20
-144.3498
 10
328.1588
 20
-144.3498
  0
LWPOLYLINE
  5
843
330
17
100
AcDbEntity
  8
CORTE-DESPERDICIO
100
AcDbPolyline
 90
4
 70
1
 10
328.3316
 20
-144.6031
 10
328.3588
 20
-144.6031
 10
328.3588
 20
-144.40310000000002
 10
328.3316
 20
-144.40310000000002
  0
LWPOLYLINE
  5
844
330
17
100
AcDbEntity
  8
CORTE-TILE
100
AcDbPolyline
 90
4
 70
1
 10
328.8088
 20
-145.5498
 10
329.0088
 20
-145.5498
 10
329.0088
 20
-144.34980000000002
 10
328.8088
 20
-144.34980000000002
  0
TEXT
  5
845
330
17
100
AcDbEntity
  8
CORTE-TEXTO
100
AcDbText
 10
328.90880000000004
 20
-144.20980000000003
 30
0.0
 40
0.06
  1
RW-20
 72
1
 11
328.90880000000004
 21
-144.20980000000003
 31
0.0
100
AcDbText
 73
2
  0
LWPOLYLINE
  5
846
330
17
100
AcDbEntity
  8
CORTE-RECORTE
100
AcDbPolyline
 90
4
 70
1
 10
328.8088
 20
-145.5498
 10
329.0088
 20
-145.5498
 10
329.0088
 20
-144.6031
 10
328.8088
 20
-144.6031
  0
TEXT
  5
847
330
17
100
AcDbEntity
  8
CORTE-TEXTO
100
AcDbText
 10
328.90880000000004
 20
-145.07645
 30
0.0
 40
0.035
  1
PA-R-020
 72
1
 11
328.90880000000004
 21
-145.07645
 31
0.0
100
AcDbText
 73
2
  0
LWPOLYLINE
  5
848
330
17
100
AcDbEntity
  8
CORTE-RECORTE
100
AcDbPolyline
 90
4
 70
1
 10
328.8088
 20
-144.6031
 10
328.9816
 20
-144.6031
 10
328.9816
 20
-144.40310000000002
 10
328.8088
 20
-144.40310000000002
  0
TEXT
  5
849
330
17
100
AcDbEntity
  8
CORTE-TEXTO
100
AcDbText
 10
328.89520000000005
 20
-144.50310000000002
 30
0.0
 40
0.035
  1
PA-R-145
 72
1
 11
328.89520000000005
 21
-144.50310000000002
 31
0.0
100
AcDbText
 73
2
  0
LWPOLYLINE
  5
84A
330
17
100
AcDbEntity
  8
CORTE-DESPERDICIO
100
AcDbPolyline
 90
4
 70
1
 10
328.8088
 20
-144.4031
 10
329.0088
 20
-144.4031
 10
329.0088
 20
-144.3498
 10
328.8088
 20
-144.3498
  0
LWPOLYLINE
  5
84B
330
17
100
AcDbEntity
  8
CORTE-DESPERDICIO
100
AcDbPolyline
 90
4
 70
1
 10
328.9816
 20
-144.6031
 10
329.0088
 20
-144.6031
 10
329.0088
 20
-144.40310000000002
 10
328.9816
 20
-144.40310000000002
  0
LWPOLYLINE
  5
84C
330
17
100
AcDbEntity
  8
CORTE-TILE
100
AcDbPolyline
 90
4
 70
1
 10
329.4588
 20
-145.5498
 10
329.6588
 20
-145.5498
 10
329.6588
 20
-144.34980000000002
 10
329.4588
 20
-144.34980000000002
  0
TEXT
  5
84D
330
17
100
AcDbEntity
  8
CORTE-TEXTO
100
AcDbText
 10
329.5588
 20
-144.20980000000003
 30
0.0
 40
0.06
  1
RW-21
 72
1
 11
329.5588
 21
-144.20980000000003
 31
0.0
100
AcDbText
 73
2
  0
LWPOLYLINE
  5
84E
330
17
100
AcDbEntity
  8
CORTE-RECORTE
100
AcDbPolyline
 90
4
 70
1
 10
329.4588
 20
-145.5498
 10
329.6588
 20
-145.5498
 10
329.6588
 20
-144.6031
 10
329.4588
 20
-144.6031
  0
TEXT
  5
84F
330
17
100
AcDbEntity
  8
CORTE-TEXTO
100
AcDbText
 10
329.5588
 20
-145.07645
 30
0.0
 40
0.035
  1
PA-R-019
 72
1
 11
329.5588
 21
-145.07645
 31
0.0
100
AcDbText
 73
2
  0
LWPOLYLINE
  5
850
330
17
100
AcDbEntity
  8
CORTE-RECORTE
100
AcDbPolyline
 90
4
 70
1
 10
329.4588
 20
-144.6031
 10
329.6316
 20
-144.6031
 10
329.6316
 20
-144.40310000000002
 10
329.4588
 20
-144.40310000000002
  0
TEXT
  5
851
330
17
100
AcDbEntity
  8
CORTE-TEXTO
100
AcDbText
 10
329.5452
 20
-144.50310000000002
 30
0.0
 40
0.035
  1
PA-R-144
 72
1
 11
329.5452
 21
-144.50310000000002
 31
0.0
100
AcDbText
 73
2
  0
LWPOLYLINE
  5
852
330
17
100
AcDbEntity
  8
CORTE-DESPERDICIO
100
AcDbPolyline
 90
4
 70
1
 10
329.4588
 20
-144.4031
 10
329.6588
 20
-144.4031
 10
329.6588
 20
-144.3498
 10
329.4588
 20
-144.3498
  0
LWPOLYLINE
  5
853
330
17
100
AcDbEntity
  8
CORTE-DESPERDICIO
100
AcDbPolyline
 90
4
 70
1
 10
329.6316
 20
-144.6031
 10
329.6588
 20
-144.6031
 10
329.6588
 20
-144.40310000000002
 10
329.6316
 20
-144.40310000000002
  0
LWPOLYLINE
  5
854
330
17
100
AcDbEntity
  8
CORTE-TILE
100
AcDbPolyline
 90
4
 70
1
 10
330.1088
 20
-145.5498
 10
330.30879999999996
 20
-145.5498
 10
330.30879999999996
 20
-144.34980000000002
 10
330.1088
 20
-144.34980000000002
  0
TEXT
  5
855
330
17
100
AcDbEntity
  8
CORTE-TEXTO
100
AcDbText
 10
330.2088
 20
-144.20980000000003
 30
0.0
 40
0.06
  1
RW-22
 72
1
 11
330.2088
 21
-144.20980000000003
 31
0.0
100
AcDbText
 73
2
  0
LWPOLYLINE
  5
856
330
17
100
AcDbEntity
  8
CORTE-RECORTE
100
AcDbPolyline
 90
4
 70
1
 10
330.1088
 20
-145.5498
 10
330.30879999999996
 20
-145.5498
 10
330.30879999999996
 20
-144.6031
 10
330.1088
 20
-144.6031
  0
TEXT
  5
857
330
17
100
AcDbEntity
  8
CORTE-TEXTO
100
AcDbText
 10
330.2088
 20
-145.07645
 30
0.0
 40
0.035
  1
PA-R-018
 72
1
 11
330.2088
 21
-145.07645
 31
0.0
100
AcDbText
 73
2
  0
LWPOLYLINE
  5
858
330
17
100
AcDbEntity
  8
CORTE-RECORTE
100
AcDbPolyline
 90
4
 70
1
 10
330.1088
 20
-144.6031
 10
330.28159999999997
 20
-144.6031
 10
330.28159999999997
 20
-144.40310000000002
 10
330.1088
 20
-144.40310000000002
  0
TEXT
  5
859
330
17
100
AcDbEntity
  8
CORTE-TEXTO
100
AcDbText
 10
330.1952
 20
-144.50310000000002
 30
0.0
 40
0.035
  1
PA-R-143
 72
1
 11
330.1952
 21
-144.50310000000002
 31
0.0
100
AcDbText
 73
2
  0
LWPOLYLINE
  5
85A
330
17
100
AcDbEntity
  8
CORTE-DESPERDICIO
100
AcDbPolyline
 90
4
 70
1
 10
330.1088
 20
-144.4031
 10
330.30879999999996
 20
-144.4031
 10
330.30879999999996
 20
-144.3498
 10
330.1088
 20
-144.3498
  0
LWPOLYLINE
  5
85B
330
17
100
AcDbEntity
  8
CORTE-DESPERDICIO
100
AcDbPolyline
 90
4
 70
1
 10
330.28159999999997
 20
-144.6031
 10
330.30879999999996
 20
-144.6031
 10
330.30879999999996
 20
-144.40310000000002
 10
330.28159999999997
 20
-144.40310000000002
  0
LWPOLYLINE
  5
85C
330
17
100
AcDbEntity
  8
CORTE-TILE
100
AcDbPolyline
 90
4
 70
1
 10
316.4588
 20
-147.4498
 10
316.6588
 20
-147.4498
 10
316.6588
 20
-146.24980000000002
 10
316.4588
 20
-146.24980000000002
  0
TEXT
  5
85D
330
17
100
AcDbEntity
  8
CORTE-TEXTO
100
AcDbText
 10
316.5588
 20
-146.10980000000004
 30
0.0
 40
0.06
  1
RW-23
 72
1
 11
316.5588
 21
-146.10980000000004
 31
0.0
100
AcDbText
 73
2
  0
LWPOLYLINE
  5
85E
330
17
100
AcDbEntity
  8
CORTE-RECORTE
100
AcDbPolyline
 90
4
 70
1
 10
316.4588
 20
-147.4498
 10
316.6588
 20
-147.4498
 10
316.6588
 20
-146.50310000000002
 10
316.4588
 20
-146.50310000000002
  0
TEXT
  5
85F
330
17
100
AcDbEntity
  8
CORTE-TEXTO
100
AcDbText
 10
316.5588
 20
-146.97645
 30
0.0
 40
0.035
  1
PA-R-017
 72
1
 11
316.5588
 21
-146.97645
 31
0.0
100
AcDbText
 73
2
  0
LWPOLYLINE
  5
860
330
17
100
AcDbEntity
  8
CORTE-RECORTE
100
AcDbPolyline
 90
4
 70
1
 10
316.4588
 20
-146.50310000000002
 10
316.6306
 20
-146.50310000000002
 10
316.6306
 20
-146.30310000000003
 10
316.4588
 20
-146.30310000000003
  0
TEXT
  5
861
330
17
100
AcDbEntity
  8
CORTE-TEXTO
100
AcDbText
 10
316.5447
 20
-146.40310000000002
 30
0.0
 40
0.035
  1
PA-R-142
 72
1
 11
316.5447
 21
-146.40310000000002
 31
0.0
100
AcDbText
 73
2
  0
LWPOLYLINE
  5
862
330
17
100
AcDbEntity
  8
CORTE-DESPERDICIO
100
AcDbPolyline
 90
4
 70
1
 10
316.4588
 20
-146.3031
 10
316.6588
 20
-146.3031
 10
316.6588
 20
-146.2498
 10
316.4588
 20
-146.2498
  0
LWPOLYLINE
  5
863
330
17
100
AcDbEntity
  8
CORTE-DESPERDICIO
100
AcDbPolyline
 90
4
 70
1
 10
316.6306
 20
-146.50310000000002
 10
316.65880000000004
 20
-146.50310000000002
 10
316.65880000000004
 20
-146.30310000000003
 10
316.6306
 20
-146.30310000000003
  0
LWPOLYLINE
  5
864
330
17
100
AcDbEntity
  8
CORTE-TILE
100
AcDbPolyline
 90
4
 70
1
 10
317.1088
 20
-147.4498
 10
317.30879999999996
 20
-147.4498
 10
317.30879999999996
 20
-146.24980000000002
 10
317.1088
 20
-146.24980000000002
  0
TEXT
  5
865
330
17
100
AcDbEntity
  8
CORTE-TEXTO
100
AcDbText
 10
317.2088
 20
-146.10980000000004
 30
0.0
 40
0.06
  1
RW-24
 72
1
 11
317.2088
 21
-146.10980000000004
 31
0.0
100
AcDbText
 73
2
  0
LWPOLYLINE
  5
866
330
17
100
AcDbEntity
  8
CORTE-RECORTE
100
AcDbPolyline
 90
4
 70
1
 10
317.1088
 20
-147.4498
 10
317.30879999999996
 20
-147.4498
 10
317.30879999999996
 20
-146.50310000000002
 10
317.1088
 20
-146.50310000000002
  0
TEXT
  5
867
330
17
100
AcDbEntity
  8
CORTE-TEXTO
100
AcDbText
 10
317.2088
 20
-146.97645
 30
0.0
 40
0.035
  1
PA-R-024
 72
1
 11
317.2088
 21
-146.97645
 31
0.0
100
AcDbText
 73
2
  0
LWPOLYLINE
  5
868
330
17
100
AcDbEntity
  8
CORTE-RECORTE
100
AcDbPolyline
 90
4
 70
1
 10
317.1088
 20
-146.50310000000002
 10
317.2806
 20
-146.50310000000002
 10
317.2806
 20
-146.30310000000003
 10
317.1088
 20
-146.30310000000003
  0
TEXT
  5
869
330
17
100
AcDbEntity
  8
CORTE-TEXTO
100
AcDbText
 10
317.19469999999995
 20
-146.40310000000002
 30
0.0
 40
0.035
  1
PA-R-141
 72
1
 11
317.19469999999995
 21
-146.40310000000002
 31
0.0
100
AcDbText
 73
2
  0
LWPOLYLINE
  5
86A
330
17
100
AcDbEntity
  8
CORTE-DESPERDICIO
100
AcDbPolyline
 90
4
 70
1
 10
317.1088
 20
-146.3031
 10
317.30879999999996
 20
-146.3031
 10
317.30879999999996
 20
-146.2498
 10
317.1088
 20
-146.2498
  0
LWPOLYLINE
  5
86B
330
17
100
AcDbEntity
  8
CORTE-DESPERDICIO
100
AcDbPolyline
 90
4
 70
1
 10
317.2806
 20
-146.50310000000002
 10
317.3088
 20
-146.50310000000002
 10
317.3088
 20
-146.30310000000003
 10
317.2806
 20
-146.30310000000003
  0
LWPOLYLINE
  5
86C
330
17
100
AcDbEntity
  8
CORTE-TILE
100
AcDbPolyline
 90
4
 70
1
 10
317.7588
 20
-147.4498
 10
317.9588
 20
-147.4498
 10
317.9588
 20
-146.24980000000002
 10
317.7588
 20
-146.24980000000002
  0
TEXT
  5
86D
330
17
100
AcDbEntity
  8
CORTE-TEXTO
100
AcDbText
 10
317.85880000000003
 20
-146.10980000000004
 30
0.0
 40
0.06
  1
RW-25
 72
1
 11
317.85880000000003
 21
-146.10980000000004
 31
0.0
100
AcDbText
 73
2
  0
LWPOLYLINE
  5
86E
330
17
100
AcDbEntity
  8
CORTE-RECORTE
100
AcDbPolyline
 90
4
 70
1
 10
317.7588
 20
-147.4498
 10
317.9588
 20
-147.4498
 10
317.9588
 20
-146.50310000000002
 10
317.7588
 20
-146.50310000000002
  0
TEXT
  5
86F
330
17
100
AcDbEntity
  8
CORTE-TEXTO
100
AcDbText
 10
317.85880000000003
 20
-146.97645
 30
0.0
 40
0.035
  1
PA-R-025
 72
1
 11
317.85880000000003
 21
-146.97645
 31
0.0
100
AcDbText
 73
2
  0
LWPOLYLINE
  5
870
330
17
100
AcDbEntity
  8
CORTE-SOBRANTE
100
AcDbPolyline
 90
4
 70
1
 10
317.7588
 20
-146.50310000000002
 10
317.9588
 20
-146.50310000000002
 10
317.9588
 20
-146.24980000000002
 10
317.7588
 20
-146.24980000000002
  0
LWPOLYLINE
  5
871
330
17
100
AcDbEntity
  8
CORTE-TILE
100
AcDbPolyline
 90
4
 70
1
 10
318.4088
 20
-147.4498
 10
318.6088
 20
-147.4498
 10
318.6088
 20
-146.24980000000002
 10
318.4088
 20
-146.24980000000002
  0
TEXT
  5
872
330
17
100
AcDbEntity
  8
CORTE-TEXTO
100
AcDbText
 10
318.5088
 20
-146.10980000000004
 30
0.0
 40
0.06
  1
RW-26
 72
1
 11
318.5088
 21
-146.10980000000004
 31
0.0
100
AcDbText
 73
2
  0
LWPOLYLINE
  5
873
330
17
100
AcDbEntity
  8
CORTE-RECORTE
100
AcDbPolyline
 90
4
 70
1
 10
318.4088
 20
-147.4498
 10
318.6088
 20
-147.4498
 10
318.6088
 20
-146.50310000000002
 10
318.4088
 20
-146.50310000000002
  0
TEXT
  5
874
330
17
100
AcDbEntity
  8
CORTE-TEXTO
100
AcDbText
 10
318.5088
 20
-146.97645
 30
0.0
 40
0.035
  1
PA-R-026
 72
1
 11
318.5088
 21
-146.97645
 31
0.0
100
AcDbText
 73
2
  0
LWPOLYLINE
  5
875
330
17
100
AcDbEntity
  8
CORTE-SOBRANTE
100
AcDbPolyline
 90
4
 70
1
 10
318.4088
 20
-146.50310000000002
 10
318.6088
 20
-146.50310000000002
 10
318.6088
 20
-146.24980000000002
 10
318.4088
 20
-146.24980000000002
  0
LWPOLYLINE
  5
876
330
17
100
AcDbEntity
  8
CORTE-TILE
100
AcDbPolyline
 90
4
 70
1
 10
319.0588
 20
-147.4498
 10
319.2588
 20
-147.4498
 10
319.2588
 20
-146.24980000000002
 10
319.0588
 20
-146.24980000000002
  0
TEXT
  5
877
330
17
100
AcDbEntity
  8
CORTE-TEXTO
100
AcDbText
 10
319.15880000000004
 20
-146.10980000000004
 30
0.0
 40
0.06
  1
RW-27
 72
1
 11
319.15880000000004
 21
-146.10980000000004
 31
0.0
100
AcDbText
 73
2
  0
LWPOLYLINE
  5
878
330
17
100
AcDbEntity
  8
CORTE-RECORTE
100
AcDbPolyline
 90
4
 70
1
 10
319.0588
 20
-147.4498
 10
319.2588
 20
-147.4498
 10
319.2588
 20
-146.50310000000002
 10
319.0588
 20
-146.50310000000002
  0
TEXT
  5
879
330
17
100
AcDbEntity
  8
CORTE-TEXTO
100
AcDbText
 10
319.15880000000004
 20
-146.97645
 30
0.0
 40
0.035
  1
PA-R-027
 72
1
 11
319.15880000000004
 21
-146.97645
 31
0.0
100
AcDbText
 73
2
  0
LWPOLYLINE
  5
87A
330
17
100
AcDbEntity
  8
CORTE-SOBRANTE
100
AcDbPolyline
 90
4
 70
1
 10
319.0588
 20
-146.50310000000002
 10
319.2588
 20
-146.50310000000002
 10
319.2588
 20
-146.24980000000002
 10
319.0588
 20
-146.24980000000002
  0
LWPOLYLINE
  5
87B
330
17
100
AcDbEntity
  8
CORTE-TILE
100
AcDbPolyline
 90
4
 70
1
 10
319.7088
 20
-147.4498
 10
319.9088
 20
-147.4498
 10
319.9088
 20
-146.24980000000002
 10
319.7088
 20
-146.24980000000002
  0
TEXT
  5
87C
330
17
100
AcDbEntity
  8
CORTE-TEXTO
100
AcDbText
 10
319.8088
 20
-146.10980000000004
 30
0.0
 40
0.06
  1
RW-28
 72
1
 11
319.8088
 21
-146.10980000000004
 31
0.0
100
AcDbText
 73
2
  0
LWPOLYLINE
  5
87D
330
17
100
AcDbEntity
  8
CORTE-RECORTE
100
AcDbPolyline
 90
4
 70
1
 10
319.7088
 20
-147.4498
 10
319.9088
 20
-147.4498
 10
319.9088
 20
-146.50310000000002
 10
319.7088
 20
-146.50310000000002
  0
TEXT
  5
87E
330
17
100
AcDbEntity
  8
CORTE-TEXTO
100
AcDbText
 10
319.8088
 20
-146.97645
 30
0.0
 40
0.035
  1
PA-R-028
 72
1
 11
319.8088
 21
-146.97645
 31
0.0
100
AcDbText
 73
2
  0
LWPOLYLINE
  5
87F
330
17
100
AcDbEntity
  8
CORTE-SOBRANTE
100
AcDbPolyline
 90
4
 70
1
 10
319.7088
 20
-146.50310000000002
 10
319.9088
 20
-146.50310000000002
 10
319.9088
 20
-146.24980000000002
 10
319.7088
 20
-146.24980000000002
  0
LWPOLYLINE
  5
880
330
17
100
AcDbEntity
  8
CORTE-TILE
100
AcDbPolyline
 90
4
 70
1
 10
320.3588
 20
-147.4498
 10
320.55879999999996
 20
-147.4498
 10
320.55879999999996
 20
-146.24980000000002
 10
320.3588
 20
-146.24980000000002
  0
TEXT
  5
881
330
17
100
AcDbEntity
  8
CORTE-TEXTO
100
AcDbText
 10
320.4588
 20
-146.10980000000004
 30
0.0
 40
0.06
  1
RW-29
 72
1
 11
320.4588
 21
-146.10980000000004
 31
0.0
100
AcDbText
 73
2
  0
LWPOLYLINE
  5
882
330
17
100
AcDbEntity
  8
CORTE-RECORTE
100
AcDbPolyline
 90
4
 70
1
 10
320.3588
 20
-147.4498
 10
320.55879999999996
 20
-147.4498
 10
320.55879999999996
 20
-146.50310000000002
 10
320.3588
 20
-146.50310000000002
  0
TEXT
  5
883
330
17
100
AcDbEntity
  8
CORTE-TEXTO
100
AcDbText
 10
320.4588
 20
-146.97645
 30
0.0
 40
0.035
  1
PA-R-029
 72
1
 11
320.4588
 21
-146.97645
 31
0.0
100
AcDbText
 73
2
  0
LWPOLYLINE
  5
884
330
17
100
AcDbEntity
  8
CORTE-SOBRANTE
100
AcDbPolyline
 90
4
 70
1
 10
320.3588
 20
-146.50310000000002
 10
320.55879999999996
 20
-146.50310000000002
 10
320.55879999999996
 20
-146.24980000000002
 10
320.3588
 20
-146.24980000000002
  0
LWPOLYLINE
  5
885
330
17
100
AcDbEntity
  8
CORTE-TILE
100
AcDbPolyline
 90
4
 70
1
 10
321.0088
 20
-147.4498
 10
321.2088
 20
-147.4498
 10
321.2088
 20
-146.24980000000002
 10
321.0088
 20
-146.24980000000002
  0
TEXT
  5
886
330
17
100
AcDbEntity
  8
CORTE-TEXTO
100
AcDbText
 10
321.10880000000003
 20
-146.10980000000004
 30
0.0
 40
0.06
  1
RW-30
 72
1
 11
321.10880000000003
 21
-146.10980000000004
 31
0.0
100
AcDbText
 73
2
  0
LWPOLYLINE
  5
887
330
17
100
AcDbEntity
  8
CORTE-RECORTE
100
AcDbPolyline
 90
4
 70
1
 10
321.0088
 20
-147.4498
 10
321.2088
 20
-147.4498
 10
321.2088
 20
-146.50310000000002
 10
321.0088
 20
-146.50310000000002
  0
TEXT
  5
888
330
17
100
AcDbEntity
  8
CORTE-TEXTO
100
AcDbText
 10
321.10880000000003
 20
-146.97645
 30
0.0
 40
0.035
  1
PA-R-030
 72
1
 11
321.10880000000003
 21
-146.97645
 31
0.0
100
AcDbText
 73
2
  0
LWPOLYLINE
  5
889
330
17
100
AcDbEntity
  8
CORTE-SOBRANTE
100
AcDbPolyline
 90
4
 70
1
 10
321.0088
 20
-146.50310000000002
 10
321.2088
 20
-146.50310000000002
 10
321.2088
 20
-146.24980000000002
 10
321.0088
 20
-146.24980000000002
  0
LWPOLYLINE
  5
88A
330
17
100
AcDbEntity
  8
CORTE-TILE
100
AcDbPolyline
 90
4
 70
1
 10
321.6588
 20
-147.4498
 10
321.8588
 20
-147.4498
 10
321.8588
 20
-146.24980000000002
 10
321.6588
 20
-146.24980000000002
  0
TEXT
  5
88B
330
17
100
AcDbEntity
  8
CORTE-TEXTO
100
AcDbText
 10
321.7588
 20
-146.10980000000004
 30
0.0
 40
0.06
  1
RW-31
 72
1
 11
321.7588
 21
-146.10980000000004
 31
0.0
100
AcDbText
 73
2
  0
LWPOLYLINE
  5
88C
330
17
100
AcDbEntity
  8
CORTE-RECORTE
100
AcDbPolyline
 90
4
 70
1
 10
321.6588
 20
-147.4498
 10
321.8588
 20
-147.4498
 10
321.8588
 20
-146.532
 10
321.6588
 20
-146.532
  0
TEXT
  5
88D
330
17
100
AcDbEntity
  8
CORTE-TEXTO
100
AcDbText
 10
321.7588
 20
-146.9909
 30
0.0
 40
0.035
  1
PA-R-198
 72
1
 11
321.7588
 21
-146.9909
 31
0.0
100
AcDbText
 73
2
  0
LWPOLYLINE
  5
88E
330
17
100
AcDbEntity
  8
CORTE-SOBRANTE
100
AcDbPolyline
 90
4
 70
1
 10
321.6588
 20
-146.532
 10
321.8588
 20
-146.532
 10
321.8588
 20
-146.24980000000002
 10
321.6588
 20
-146.24980000000002
  0
LWPOLYLINE
  5
88F
330
17
100
AcDbEntity
  8
CORTE-TILE
100
AcDbPolyline
 90
4
 70
1
 10
322.3088
 20
-147.4498
 10
322.5088
 20
-147.4498
 10
322.5088
 20
-146.24980000000002
 10
322.3088
 20
-146.24980000000002
  0
TEXT
  5
890
330
17
100
AcDbEntity
  8
CORTE-TEXTO
100
AcDbText
 10
322.40880000000004
 20
-146.10980000000004
 30
0.0
 40
0.06
  1
RW-32
 72
1
 11
322.40880000000004
 21
-146.10980000000004
 31
0.0
100
AcDbText
 73
2
  0
LWPOLYLINE
  5
891
330
17
100
AcDbEntity
  8
CORTE-RECORTE
100
AcDbPolyline
 90
4
 70
1
 10
322.3088
 20
-147.4498
 10
322.5088
 20
-147.4498
 10
322.5088
 20
-146.532
 10
322.3088
 20
-146.532
  0
TEXT
  5
892
330
17
100
AcDbEntity
  8
CORTE-TEXTO
100
AcDbText
 10
322.40880000000004
 20
-146.9909
 30
0.0
 40
0.035
  1
PA-R-197
 72
1
 11
322.40880000000004
 21
-146.9909
 31
0.0
100
AcDbText
 73
2
  0
LWPOLYLINE
  5
893
330
17
100
AcDbEntity
  8
CORTE-SOBRANTE
100
AcDbPolyline
 90
4
 70
1
 10
322.3088
 20
-146.532
 10
322.5088
 20
-146.532
 10
322.5088
 20
-146.24980000000002
 10
322.3088
 20
-146.24980000000002
  0
LWPOLYLINE
  5
894
330
17
100
AcDbEntity
  8
CORTE-TILE
100
AcDbPolyline
 90
4
 70
1
 10
322.9588
 20
-147.4498
 10
323.1588
 20
-147.4498
 10
323.1588
 20
-146.24980000000002
 10
322.9588
 20
-146.24980000000002
  0
TEXT
  5
895
330
17
100
AcDbEntity
  8
CORTE-TEXTO
100
AcDbText
 10
323.0588
 20
-146.10980000000004
 30
0.0
 40
0.06
  1
RW-33
 72
1
 11
323.0588
 21
-146.10980000000004
 31
0.0
100
AcDbText
 73
2
  0
LWPOLYLINE
  5
896
330
17
100
AcDbEntity
  8
CORTE-RECORTE
100
AcDbPolyline
 90
4
 70
1
 10
322.9588
 20
-147.4498
 10
323.1588
 20
-147.4498
 10
323.1588
 20
-146.532
 10
322.9588
 20
-146.532
  0
TEXT
  5
897
330
17
100
AcDbEntity
  8
CORTE-TEXTO
100
AcDbText
 10
323.0588
 20
-146.9909
 30
0.0
 40
0.035
  1
PA-R-196
 72
1
 11
323.0588
 21
-146.9909
 31
0.0
100
AcDbText
 73
2
  0
LWPOLYLINE
  5
898
330
17
100
AcDbEntity
  8
CORTE-SOBRANTE
100
AcDbPolyline
 90
4
 70
1
 10
322.9588
 20
-146.532
 10
323.1588
 20
-146.532
 10
323.1588
 20
-146.24980000000002
 10
322.9588
 20
-146.24980000000002
  0
LWPOLYLINE
  5
899
330
17
100
AcDbEntity
  8
CORTE-TILE
100
AcDbPolyline
 90
4
 70
1
 10
323.6088
 20
-147.4498
 10
323.80879999999996
 20
-147.4498
 10
323.80879999999996
 20
-146.24980000000002
 10
323.6088
 20
-146.24980000000002
  0
TEXT
  5
89A
330
17
100
AcDbEntity
  8
CORTE-TEXTO
100
AcDbText
 10
323.7088
 20
-146.10980000000004
 30
0.0
 40
0.06
  1
RW-34
 72
1
 11
323.7088
 21
-146.10980000000004
 31
0.0
100
AcDbText
 73
2
  0
LWPOLYLINE
  5
89B
330
17
100
AcDbEntity
  8
CORTE-RECORTE
100
AcDbPolyline
 90
4
 70
1
 10
323.6088
 20
-147.4498
 10
323.80879999999996
 20
-147.4498
 10
323.80879999999996
 20
-146.532
 10
323.6088
 20
-146.532
  0
TEXT
  5
89C
330
17
100
AcDbEntity
  8
CORTE-TEXTO
100
AcDbText
 10
323.7088
 20
-146.9909
 30
0.0
 40
0.035
  1
PA-R-195
 72
1
 11
323.7088
 21
-146.9909
 31
0.0
100
AcDbText
 73
2
  0
LWPOLYLINE
  5
89D
330
17
100
AcDbEntity
  8
CORTE-SOBRANTE
100
AcDbPolyline
 90
4
 70
1
 10
323.6088
 20
-146.532
 10
323.80879999999996
 20
-146.532
 10
323.80879999999996
 20
-146.24980000000002
 10
323.6088
 20
-146.24980000000002
  0
LWPOLYLINE
  5
89E
330
17
100
AcDbEntity
  8
CORTE-TILE
100
AcDbPolyline
 90
4
 70
1
 10
324.2588
 20
-147.4498
 10
324.4588
 20
-147.4498
 10
324.4588
 20
-146.24980000000002
 10
324.2588
 20
-146.24980000000002
  0
TEXT
  5
89F
330
17
100
AcDbEntity
  8
CORTE-TEXTO
100
AcDbText
 10
324.35880000000003
 20
-146.10980000000004
 30
0.0
 40
0.06
  1
RW-35
 72
1
 11
324.35880000000003
 21
-146.10980000000004
 31
0.0
100
AcDbText
 73
2
  0
LWPOLYLINE
  5
8A0
330
17
100
AcDbEntity
  8
CORTE-RECORTE
100
AcDbPolyline
 90
4
 70
1
 10
324.2588
 20
-147.4498
 10
324.4588
 20
-147.4498
 10
324.4588
 20
-146.532
 10
324.2588
 20
-146.532
  0
TEXT
  5
8A1
330
17
100
AcDbEntity
  8
CORTE-TEXTO
100
AcDbText
 10
324.35880000000003
 20
-146.9909
 30
0.0
 40
0.035
  1
PA-R-194
 72
1
 11
324.35880000000003
 21
-146.9909
 31
0.0
100
AcDbText
 73
2
  0
LWPOLYLINE
  5
8A2
330
17
100
AcDbEntity
  8
CORTE-SOBRANTE
100
AcDbPolyline
 90
4
 70
1
 10
324.2588
 20
-146.532
 10
324.4588
 20
-146.532
 10
324.4588
 20
-146.24980000000002
 10
324.2588
 20
-146.24980000000002
  0
LWPOLYLINE
  5
8A3
330
17
100
AcDbEntity
  8
CORTE-TILE
100
AcDbPolyline
 90
4
 70
1
 10
324.9088
 20
-147.4498
 10
325.1088
 20
-147.4498
 10
325.1088
 20
-146.24980000000002
 10
324.9088
 20
-146.24980000000002
  0
TEXT
  5
8A4
330
17
100
AcDbEntity
  8
CORTE-TEXTO
100
AcDbText
 10
325.0088
 20
-146.10980000000004
 30
0.0
 40
0.06
  1
RW-36
 72
1
 11
325.0088
 21
-146.10980000000004
 31
0.0
100
AcDbText
 73
2
  0
LWPOLYLINE
  5
8A5
330
17
100
AcDbEntity
  8
CORTE-RECORTE
100
AcDbPolyline
 90
4
 70
1
 10
324.9088
 20
-147.4498
 10
325.1088
 20
-147.4498
 10
325.1088
 20
-146.532
 10
324.9088
 20
-146.532
  0
TEXT
  5
8A6
330
17
100
AcDbEntity
  8
CORTE-TEXTO
100
AcDbText
 10
325.0088
 20
-146.9909
 30
0.0
 40
0.035
  1
PA-R-193
 72
1
 11
325.0088
 21
-146.9909
 31
0.0
100
AcDbText
 73
2
  0
LWPOLYLINE
  5
8A7
330
17
100
AcDbEntity
  8
CORTE-SOBRANTE
100
AcDbPolyline
 90
4
 70
1
 10
324.9088
 20
-146.532
 10
325.1088
 20
-146.532
 10
325.1088
 20
-146.24980000000002
 10
324.9088
 20
-146.24980000000002
  0
LWPOLYLINE
  5
8A8
330
17
100
AcDbEntity
  8
CORTE-TILE
100
AcDbPolyline
 90
4
 70
1
 10
325.5588
 20
-147.4498
 10
325.7588
 20
-147.4498
 10
325.7588
 20
-146.24980000000002
 10
325.5588
 20
-146.24980000000002
  0
TEXT
  5
8A9
330
17
100
AcDbEntity
  8
CORTE-TEXTO
100
AcDbText
 10
325.65880000000004
 20
-146.10980000000004
 30
0.0
 40
0.06
  1
RW-37
 72
1
 11
325.65880000000004
 21
-146.10980000000004
 31
0.0
100
AcDbText
 73
2
  0
LWPOLYLINE
  5
8AA
330
17
100
AcDbEntity
  8
CORTE-RECORTE
100
AcDbPolyline
 90
4
 70
1
 10
325.5588
 20
-147.4498
 10
325.7588
 20
-147.4498
 10
325.7588
 20
-146.532
 10
325.5588
 20
-146.532
  0
TEXT
  5
8AB
330
17
100
AcDbEntity
  8
CORTE-TEXTO
100
AcDbText
 10
325.65880000000004
 20
-146.9909
 30
0.0
 40
0.035
  1
PA-R-192
 72
1
 11
325.65880000000004
 21
-146.9909
 31
0.0
100
AcDbText
 73
2
  0
LWPOLYLINE
  5
8AC
330
17
100
AcDbEntity
  8
CORTE-SOBRANTE
100
AcDbPolyline
 90
4
 70
1
 10
325.5588
 20
-146.532
 10
325.7588
 20
-146.532
 10
325.7588
 20
-146.24980000000002
 10
325.5588
 20
-146.24980000000002
  0
LWPOLYLINE
  5
8AD
330
17
100
AcDbEntity
  8
CORTE-TILE
100
AcDbPolyline
 90
4
 70
1
 10
326.2088
 20
-147.4498
 10
326.4088
 20
-147.4498
 10
326.4088
 20
-146.24980000000002
 10
326.2088
 20
-146.24980000000002
  0
TEXT
  5
8AE
330
17
100
AcDbEntity
  8
CORTE-TEXTO
100
AcDbText
 10
326.3088
 20
-146.10980000000004
 30
0.0
 40
0.06
  1
RW-38
 72
1
 11
326.3088
 21
-146.10980000000004
 31
0.0
100
AcDbText
 73
2
  0
LWPOLYLINE
  5
8AF
330
17
100
AcDbEntity
  8
CORTE-RECORTE
100
AcDbPolyline
 90
4
 70
1
 10
326.2088
 20
-147.4498
 10
326.4088
 20
-147.4498
 10
326.4088
 20
-146.532
 10
326.2088
 20
-146.532
  0
TEXT
  5
8B0
330
17
100
AcDbEntity
  8
CORTE-TEXTO
100
AcDbText
 10
326.3088
 20
-146.9909
 30
0.0
 40
0.035
  1
PA-R-191
 72
1
 11
326.3088
 21
-146.9909
 31
0.0
100
AcDbText
 73
2
  0
LWPOLYLINE
  5
8B1
330
17
100
AcDbEntity
  8
CORTE-SOBRANTE
100
AcDbPolyline
 90
4
 70
1
 10
326.2088
 20
-146.532
 10
326.4088
 20
-146.532
 10
326.4088
 20
-146.24980000000002
 10
326.2088
 20
-146.24980000000002
  0
LWPOLYLINE
  5
8B2
330
17
100
AcDbEntity
  8
CORTE-TILE
100
AcDbPolyline
 90
4
 70
1
 10
326.8588
 20
-147.4498
 10
327.05879999999996
 20
-147.4498
 10
327.05879999999996
 20
-146.24980000000002
 10
326.8588
 20
-146.24980000000002
  0
TEXT
  5
8B3
330
17
100
AcDbEntity
  8
CORTE-TEXTO
100
AcDbText
 10
326.9588
 20
-146.10980000000004
 30
0.0
 40
0.06
  1
RW-39
 72
1
 11
326.9588
 21
-146.10980000000004
 31
0.0
100
AcDbText
 73
2
  0
LWPOLYLINE
  5
8B4
330
17
100
AcDbEntity
  8
CORTE-RECORTE
100
AcDbPolyline
 90
4
 70
1
 10
326.8588
 20
-147.4498
 10
327.0009
 20
-147.4498
 10
327.0009
 20
-146.24980000000002
 10
326.8588
 20
-146.24980000000002
  0
TEXT
  5
8B5
330
17
100
AcDbEntity
  8
CORTE-TEXTO
100
AcDbText
 10
326.92985
 20
-146.84980000000002
 30
0.0
 40
0.03157777777777778
  1
PA-R-069
 72
1
 11
326.92985
 21
-146.84980000000002
 31
0.0
100
AcDbText
 73
2
  0
LWPOLYLINE
  5
8B6
330
17
100
AcDbEntity
  8
CORTE-DESPERDICIO
100
AcDbPolyline
 90
4
 70
1
 10
327.0009
 20
-147.4498
 10
327.0588
 20
-147.4498
 10
327.0588
 20
-146.24980000000002
 10
327.0009
 20
-146.24980000000002
  0
LWPOLYLINE
  5
8B7
330
17
100
AcDbEntity
  8
CORTE-TILE
100
AcDbPolyline
 90
4
 70
1
 10
327.5088
 20
-147.4498
 10
327.7088
 20
-147.4498
 10
327.7088
 20
-146.24980000000002
 10
327.5088
 20
-146.24980000000002
  0
TEXT
  5
8B8
330
17
100
AcDbEntity
  8
CORTE-TEXTO
100
AcDbText
 10
327.60880000000003
 20
-146.10980000000004
 30
0.0
 40
0.06
  1
RW-40
 72
1
 11
327.60880000000003
 21
-146.10980000000004
 31
0.0
100
AcDbText
 73
2
  0
LWPOLYLINE
  5
8B9
330
17
100
AcDbEntity
  8
CORTE-RECORTE
100
AcDbPolyline
 90
4
 70
1
 10
327.5088
 20
-147.4498
 10
327.65090000000004
 20
-147.4498
 10
327.65090000000004
 20
-146.24980000000002
 10
327.5088
 20
-146.24980000000002
  0
TEXT
  5
8BA
330
17
100
AcDbEntity
  8
CORTE-TEXTO
100
AcDbText
 10
327.57985
 20
-146.84980000000002
 30
0.0
 40
0.03157777777777778
  1
PA-R-039
 72
1
 11
327.57985
 21
-146.84980000000002
 31
0.0
100
AcDbText
 73
2
  0
LWPOLYLINE
  5
8BB
330
17
100
AcDbEntity
  8
CORTE-DESPERDICIO
100
AcDbPolyline
 90
4
 70
1
 10
327.65090000000004
 20
-147.4498
 10
327.70880000000005
 20
-147.4498
 10
327.70880000000005
 20
-146.24980000000002
 10
327.65090000000004
 20
-146.24980000000002
  0
LWPOLYLINE
  5
8BC
330
17
100
AcDbEntity
  8
CORTE-TILE
100
AcDbPolyline
 90
4
 70
1
 10
328.1588
 20
-147.4498
 10
328.3588
 20
-147.4498
 10
328.3588
 20
-146.24980000000002
 10
328.1588
 20
-146.24980000000002
  0
TEXT
  5
8BD
330
17
100
AcDbEntity
  8
CORTE-TEXTO
100
AcDbText
 10
328.2588
 20
-146.10980000000004
 30
0.0
 40
0.06
  1
RW-41
 72
1
 11
328.2588
 21
-146.10980000000004
 31
0.0
100
AcDbText
 73
2
  0
LWPOLYLINE
  5
8BE
330
17
100
AcDbEntity
  8
CORTE-RECORTE
100
AcDbPolyline
 90
4
 70
1
 10
328.1588
 20
-147.4498
 10
328.3588
 20
-147.4498
 10
328.3588
 20
-146.6775
 10
328.1588
 20
-146.6775
  0
TEXT
  5
8BF
330
17
100
AcDbEntity
  8
CORTE-TEXTO
100
AcDbText
 10
328.2588
 20
-147.06365000000002
 30
0.0
 40
0.035
  1
PA-R-151
 72
1
 11
328.2588
 21
-147.06365000000002
 31
0.0
100
AcDbText
 73
2
  0
LWPOLYLINE
  5
8C0
330
17
100
AcDbEntity
  8
CORTE-RECORTE
100
AcDbPolyline
 90
4
 70
1
 10
328.1588
 20
-146.6775
 10
328.3588
 20
-146.6775
 10
328.3588
 20
-146.2535
 10
328.1588
 20
-146.2535
  0
TEXT
  5
8C1
330
17
100
AcDbEntity
  8
CORTE-TEXTO
100
AcDbText
 10
328.2588
 20
-146.46550000000002
 30
0.0
 40
0.035
  1
PA-R-091
 72
1
 11
328.2588
 21
-146.46550000000002
 31
0.0
100
AcDbText
 73
2
  0
LWPOLYLINE
  5
8C2
330
17
100
AcDbEntity
  8
CORTE-TILE
100
AcDbPolyline
 90
4
 70
1
 10
328.8088
 20
-147.4498
 10
329.0088
 20
-147.4498
 10
329.0088
 20
-146.24980000000002
 10
328.8088
 20
-146.24980000000002
  0
TEXT
  5
8C3
330
17
100
AcDbEntity
  8
CORTE-TEXTO
100
AcDbText
 10
328.90880000000004
 20
-146.10980000000004
 30
0.0
 40
0.06
  1
RW-42
 72
1
 11
328.90880000000004
 21
-146.10980000000004
 31
0.0
100
AcDbText
 73
2
  0
LWPOLYLINE
  5
8C4
330
17
100
AcDbEntity
  8
CORTE-RECORTE
100
AcDbPolyline
 90
4
 70
1
 10
328.8088
 20
-147.4498
 10
329.0088
 20
-147.4498
 10
329.0088
 20
-146.6775
 10
328.8088
 20
-146.6775
  0
TEXT
  5
8C5
330
17
100
AcDbEntity
  8
CORTE-TEXTO
100
AcDbText
 10
328.90880000000004
 20
-147.06365000000002
 30
0.0
 40
0.035
  1
PA-R-150
 72
1
 11
328.90880000000004
 21
-147.06365000000002
 31
0.0
100
AcDbText
 73
2
  0
LWPOLYLINE
  5
8C6
330
17
100
AcDbEntity
  8
CORTE-RECORTE
100
AcDbPolyline
 90
4
 70
1
 10
328.8088
 20
-146.6775
 10
329.0088
 20
-146.6775
 10
329.0088
 20
-146.3313
 10
328.8088
 20
-146.3313
  0
TEXT
  5
8C7
330
17
100
AcDbEntity
  8
CORTE-TEXTO
100
AcDbText
 10
328.90880000000004
 20
-146.5044
 30
0.0
 40
0.035
  1
PA-R-008
 72
1
 11
328.90880000000004
 21
-146.5044
 31
0.0
100
AcDbText
 73
2
  0
LWPOLYLINE
  5
8C8
330
17
100
AcDbEntity
  8
CORTE-DESPERDICIO
100
AcDbPolyline
 90
4
 70
1
 10
328.8088
 20
-146.3313
 10
329.0088
 20
-146.3313
 10
329.0088
 20
-146.2498
 10
328.8088
 20
-146.2498
  0
LWPOLYLINE
  5
8C9
330
17
100
AcDbEntity
  8
CORTE-TILE
100
AcDbPolyline
 90
4
 70
1
 10
329.4588
 20
-147.4498
 10
329.6588
 20
-147.4498
 10
329.6588
 20
-146.24980000000002
 10
329.4588
 20
-146.24980000000002
  0
TEXT
  5
8CA
330
17
100
AcDbEntity
  8
CORTE-TEXTO
100
AcDbText
 10
329.5588
 20
-146.10980000000004
 30
0.0
 40
0.06
  1
RW-43
 72
1
 11
329.5588
 21
-146.10980000000004
 31
0.0
100
AcDbText
 73
2
  0
LWPOLYLINE
  5
8CB
330
17
100
AcDbEntity
  8
CORTE-RECORTE
100
AcDbPolyline
 90
4
 70
1
 10
329.4588
 20
-147.4498
 10
329.6588
 20
-147.4498
 10
329.6588
 20
-146.6775
 10
329.4588
 20
-146.6775
  0
TEXT
  5
8CC
330
17
100
AcDbEntity
  8
CORTE-TEXTO
100
AcDbText
 10
329.5588
 20
-147.06365000000002
 30
0.0
 40
0.035
  1
PA-R-149
 72
1
 11
329.5588
 21
-147.06365000000002
 31
0.0
100
AcDbText
 73
2
  0
LWPOLYLINE
  5
8CD
330
17
100
AcDbEntity
  8
CORTE-RECORTE
100
AcDbPolyline
 90
4
 70
1
 10
329.4588
 20
-146.6775
 10
329.6588
 20
-146.6775
 10
329.6588
 20
-146.3313
 10
329.4588
 20
-146.3313
  0
TEXT
  5
8CE
330
17
100
AcDbEntity
  8
CORTE-TEXTO
100
AcDbText
 10
329.5588
 20
-146.5044
 30
0.0
 40
0.035
  1
PA-R-007
 72
1
 11
329.5588
 21
-146.5044
 31
0.0
100
AcDbText
 73
2
  0
LWPOLYLINE
  5
8CF
330
17
100
AcDbEntity
  8
CORTE-DESPERDICIO
100
AcDbPolyline
 90
4
 70
1
 10
329.4588
 20
-146.3313
 10
329.6588
 20
-146.3313
 10
329.6588
 20
-146.2498
 10
329.4588
 20
-146.2498
  0
LWPOLYLINE
  5
8D0
330
17
100
AcDbEntity
  8
CORTE-TILE
100
AcDbPolyline
 90
4
 70
1
 10
330.1088
 20
-147.4498
 10
330.30879999999996
 20
-147.4498
 10
330.30879999999996
 20
-146.24980000000002
 10
330.1088
 20
-146.24980000000002
  0
TEXT
  5
8D1
330
17
100
AcDbEntity
  8
CORTE-TEXTO
100
AcDbText
 10
330.2088
 20
-146.10980000000004
 30
0.0
 40
0.06
  1
RW-44
 72
1
 11
330.2088
 21
-146.10980000000004
 31
0.0
100
AcDbText
 73
2
  0
LWPOLYLINE
  5
8D2
330
17
100
AcDbEntity
  8
CORTE-RECORTE
100
AcDbPolyline
 90
4
 70
1
 10
330.1088
 20
-147.4498
 10
330.23249999999996
 20
-147.4498
 10
330.23249999999996
 20
-146.24980000000002
 10
330.1088
 20
-146.24980000000002
  0
TEXT
  5
8D3
330
17
100
AcDbEntity
  8
CORTE-TEXTO
100
AcDbText
 10
330.17064999999997
 20
-146.84980000000002
 30
0.0
 40
0.02748888888888889
  1
PA-R-107
 72
1
 11
330.17064999999997
 21
-146.84980000000002
 31
0.0
100
AcDbText
 73
2
  0
LWPOLYLINE
  5
8D4
330
17
100
AcDbEntity
  8
CORTE-DESPERDICIO
100
AcDbPolyline
 90
4
 70
1
 10
330.23249999999996
 20
-147.4498
 10
330.30879999999996
 20
-147.4498
 10
330.30879999999996
 20
-146.24980000000002
 10
330.23249999999996
 20
-146.24980000000002
  0
LWPOLYLINE
  5
8D5
330
17
100
AcDbEntity
  8
CORTE-TILE
100
AcDbPolyline
 90
4
 70
1
 10
316.4588
 20
-149.3498
 10
316.6588
 20
-149.3498
 10
316.6588
 20
-148.1498
 10
316.4588
 20
-148.1498
  0
TEXT
  5
8D6
330
17
100
AcDbEntity
  8
CORTE-TEXTO
100
AcDbText
 10
316.5588
 20
-148.0098
 30
0.0
 40
0.06
  1
RW-45
 72
1
 11
316.5588
 21
-148.0098
 31
0.0
100
AcDbText
 73
2
  0
LWPOLYLINE
  5
8D7
330
17
100
AcDbEntity
  8
CORTE-RECORTE
100
AcDbPolyline
 90
4
 70
1
 10
316.4588
 20
-149.3498
 10
316.5825
 20
-149.3498
 10
316.5825
 20
-148.1498
 10
316.4588
 20
-148.1498
  0
TEXT
  5
8D8
330
17
100
AcDbEntity
  8
CORTE-TEXTO
100
AcDbText
 10
316.52065
 20
-148.7498
 30
0.0
 40
0.02748888888888889
  1
PA-R-076
 72
1
 11
316.52065
 21
-148.7498
 31
0.0
100
AcDbText
 73
2
  0
LWPOLYLINE
  5
8D9
330
17
100
AcDbEntity
  8
CORTE-DESPERDICIO
100
AcDbPolyline
 90
4
 70
1
 10
316.5825
 20
-149.3498
 10
316.6588
 20
-149.3498
 10
316.6588
 20
-148.1498
 10
316.5825
 20
-148.1498
  0
LWPOLYLINE
  5
8DA
330
17
100
AcDbEntity
  8
CORTE-TILE
100
AcDbPolyline
 90
4
 70
1
 10
317.1088
 20
-149.3498
 10
317.30879999999996
 20
-149.3498
 10
317.30879999999996
 20
-148.1498
 10
317.1088
 20
-148.1498
  0
TEXT
  5
8DB
330
17
100
AcDbEntity
  8
CORTE-TEXTO
100
AcDbText
 10
317.2088
 20
-148.0098
 30
0.0
 40
0.06
  1
RW-46
 72
1
 11
317.2088
 21
-148.0098
 31
0.0
100
AcDbText
 73
2
  0
LWPOLYLINE
  5
8DC
330
17
100
AcDbEntity
  8
CORTE-RECORTE
100
AcDbPolyline
 90
4
 70
1
 10
317.1088
 20
-149.3498
 10
317.23249999999996
 20
-149.3498
 10
317.23249999999996
 20
-148.1498
 10
317.1088
 20
-148.1498
  0
TEXT
  5
8DD
330
17
100
AcDbEntity
  8
CORTE-TEXTO
100
AcDbText
 10
317.17064999999997
 20
-148.7498
 30
0.0
 40
0.02748888888888889
  1
PA-R-046
 72
1
 11
317.17064999999997
 21
-148.7498
 31
0.0
100
AcDbText
 73
2
  0
LWPOLYLINE
  5
8DE
330
17
100
AcDbEntity
  8
CORTE-DESPERDICIO
100
AcDbPolyline
 90
4
 70
1
 10
317.23249999999996
 20
-149.3498
 10
317.30879999999996
 20
-149.3498
 10
317.30879999999996
 20
-148.1498
 10
317.23249999999996
 20
-148.1498
  0
LWPOLYLINE
  5
8DF
330
17
100
AcDbEntity
  8
CORTE-TILE
100
AcDbPolyline
 90
4
 70
1
 10
317.7588
 20
-149.3498
 10
317.9588
 20
-149.3498
 10
317.9588
 20
-148.1498
 10
317.7588
 20
-148.1498
  0
TEXT
  5
8E0
330
17
100
AcDbEntity
  8
CORTE-TEXTO
100
AcDbText
 10
317.85880000000003
 20
-148.0098
 30
0.0
 40
0.06
  1
RW-47
 72
1
 11
317.85880000000003
 21
-148.0098
 31
0.0
100
AcDbText
 73
2
  0
LWPOLYLINE
  5
8E1
330
17
100
AcDbEntity
  8
CORTE-RECORTE
100
AcDbPolyline
 90
4
 70
1
 10
317.7588
 20
-149.3498
 10
317.8825
 20
-149.3498
 10
317.8825
 20
-148.1498
 10
317.7588
 20
-148.1498
  0
TEXT
  5
8E2
330
17
100
AcDbEntity
  8
CORTE-TEXTO
100
AcDbText
 10
317.82065
 20
-148.7498
 30
0.0
 40
0.02748888888888889
  1
PA-R-182
 72
1
 11
317.82065
 21
-148.7498
 31
0.0
100
AcDbText
 73
2
  0
LWPOLYLINE
  5
8E3
330
17
100
AcDbEntity
  8
CORTE-DESPERDICIO
100
AcDbPolyline
 90
4
 70
1
 10
317.8825
 20
-149.3498
 10
317.9588
 20
-149.3498
 10
317.9588
 20
-148.1498
 10
317.8825
 20
-148.1498
  0
LWPOLYLINE
  5
8E4
330
17
100
AcDbEntity
  8
CORTE-TILE
100
AcDbPolyline
 90
4
 70
1
 10
318.4088
 20
-149.3498
 10
318.6088
 20
-149.3498
 10
318.6088
 20
-148.1498
 10
318.4088
 20
-148.1498
  0
TEXT
  5
8E5
330
17
100
AcDbEntity
  8
CORTE-TEXTO
100
AcDbText
 10
318.5088
 20
-148.0098
 30
0.0
 40
0.06
  1
RW-48
 72
1
 11
318.5088
 21
-148.0098
 31
0.0
100
AcDbText
 73
2
  0
LWPOLYLINE
  5
8E6
330
17
100
AcDbEntity
  8
CORTE-RECORTE
100
AcDbPolyline
 90
4
 70
1
 10
318.4088
 20
-149.3498
 10
318.53249999999997
 20
-149.3498
 10
318.53249999999997
 20
-148.1498
 10
318.4088
 20
-148.1498
  0
TEXT
  5
8E7
330
17
100
AcDbEntity
  8
CORTE-TEXTO
100
AcDbText
 10
318.47065
 20
-148.7498
 30
0.0
 40
0.02748888888888889
  1
PA-R-165
 72
1
 11
318.47065
 21
-148.7498
 31
0.0
100
AcDbText
 73
2
  0
LWPOLYLINE
  5
8E8
330
17
100
AcDbEntity
  8
CORTE-DESPERDICIO
100
AcDbPolyline
 90
4
 70
1
 10
318.53249999999997
 20
-149.3498
 10
318.6088
 20
-149.3498
 10
318.6088
 20
-148.1498
 10
318.53249999999997
 20
-148.1498
  0
LWPOLYLINE
  5
8E9
330
17
100
AcDbEntity
  8
CORTE-TILE
100
AcDbPolyline
 90
4
 70
1
 10
319.0588
 20
-149.3498
 10
319.2588
 20
-149.3498
 10
319.2588
 20
-148.1498
 10
319.0588
 20
-148.1498
  0
TEXT
  5
8EA
330
17
100
AcDbEntity
  8
CORTE-TEXTO
100
AcDbText
 10
319.15880000000004
 20
-148.0098
 30
0.0
 40
0.06
  1
RW-49
 72
1
 11
319.15880000000004
 21
-148.0098
 31
0.0
100
AcDbText
 73
2
  0
LWPOLYLINE
  5
8EB
330
17
100
AcDbEntity
  8
CORTE-RECORTE
100
AcDbPolyline
 90
4
 70
1
 10
319.0588
 20
-149.3498
 10
319.2588
 20
-149.3498
 10
319.2588
 20
-148.6675
 10
319.0588
 20
-148.6675
  0
TEXT
  5
8EC
330
17
100
AcDbEntity
  8
CORTE-TEXTO
100
AcDbText
 10
319.15880000000004
 20
-149.00865
 30
0.0
 40
0.035
  1
PA-R-156
 72
1
 11
319.15880000000004
 21
-149.00865
 31
0.0
100
AcDbText
 73
2
  0
LWPOLYLINE
  5
8ED
330
17
100
AcDbEntity
  8
CORTE-RECORTE
100
AcDbPolyline
 90
4
 70
1
 10
319.0588
 20
-148.6675
 10
319.2588
 20
-148.6675
 10
319.2588
 20
-148.236
 10
319.0588
 20
-148.236
  0
TEXT
  5
8EE
330
17
100
AcDbEntity
  8
CORTE-TEXTO
100
AcDbText
 10
319.15880000000004
 20
-148.45174999999998
 30
0.0
 40
0.035
  1
PA-R-131
 72
1
 11
319.15880000000004
 21
-148.45174999999998
 31
0.0
100
AcDbText
 73
2
  0
LWPOLYLINE
  5
8EF
330
17
100
AcDbEntity
  8
CORTE-DESPERDICIO
100
AcDbPolyline
 90
4
 70
1
 10
319.0588
 20
-148.236
 10
319.2588
 20
-148.236
 10
319.2588
 20
-148.1498
 10
319.0588
 20
-148.1498
  0
LWPOLYLINE
  5
8F0
330
17
100
AcDbEntity
  8
CORTE-TILE
100
AcDbPolyline
 90
4
 70
1
 10
319.7088
 20
-149.3498
 10
319.9088
 20
-149.3498
 10
319.9088
 20
-148.1498
 10
319.7088
 20
-148.1498
  0
TEXT
  5
8F1
330
17
100
AcDbEntity
  8
CORTE-TEXTO
100
AcDbText
 10
319.8088
 20
-148.0098
 30
0.0
 40
0.06
  1
RW-50
 72
1
 11
319.8088
 21
-148.0098
 31
0.0
100
AcDbText
 73
2
  0
LWPOLYLINE
  5
8F2
330
17
100
AcDbEntity
  8
CORTE-RECORTE
100
AcDbPolyline
 90
4
 70
1
 10
319.7088
 20
-149.3498
 10
319.9088
 20
-149.3498
 10
319.9088
 20
-148.6675
 10
319.7088
 20
-148.6675
  0
TEXT
  5
8F3
330
17
100
AcDbEntity
  8
CORTE-TEXTO
100
AcDbText
 10
319.8088
 20
-149.00865
 30
0.0
 40
0.035
  1
PA-R-155
 72
1
 11
319.8088
 21
-149.00865
 31
0.0
100
AcDbText
 73
2
  0
LWPOLYLINE
  5
8F4
330
17
100
AcDbEntity
  8
CORTE-RECORTE
100
AcDbPolyline
 90
4
 70
1
 10
319.7088
 20
-148.6675
 10
319.9088
 20
-148.6675
 10
319.9088
 20
-148.236
 10
319.7088
 20
-148.236
  0
TEXT
  5
8F5
330
17
100
AcDbEntity
  8
CORTE-TEXTO
100
AcDbText
 10
319.8088
 20
-148.45174999999998
 30
0.0
 40
0.035
  1
PA-R-130
 72
1
 11
319.8088
 21
-148.45174999999998
 31
0.0
100
AcDbText
 73
2
  0
LWPOLYLINE
  5
8F6
330
17
100
AcDbEntity
  8
CORTE-DESPERDICIO
100
AcDbPolyline
 90
4
 70
1
 10
319.7088
 20
-148.236
 10
319.9088
 20
-148.236
 10
319.9088
 20
-148.1498
 10
319.7088
 20
-148.1498
  0
LWPOLYLINE
  5
8F7
330
17
100
AcDbEntity
  8
CORTE-TILE
100
AcDbPolyline
 90
4
 70
1
 10
320.3588
 20
-149.3498
 10
320.55879999999996
 20
-149.3498
 10
320.55879999999996
 20
-148.1498
 10
320.3588
 20
-148.1498
  0
TEXT
  5
8F8
330
17
100
AcDbEntity
  8
CORTE-TEXTO
100
AcDbText
 10
320.4588
 20
-148.0098
 30
0.0
 40
0.06
  1
RW-51
 72
1
 11
320.4588
 21
-148.0098
 31
0.0
100
AcDbText
 73
2
  0
LWPOLYLINE
  5
8F9
330
17
100
AcDbEntity
  8
CORTE-RECORTE
100
AcDbPolyline
 90
4
 70
1
 10
320.3588
 20
-149.3498
 10
320.55879999999996
 20
-149.3498
 10
320.55879999999996
 20
-148.6675
 10
320.3588
 20
-148.6675
  0
TEXT
  5
8FA
330
17
100
AcDbEntity
  8
CORTE-TEXTO
100
AcDbText
 10
320.4588
 20
-149.00865
 30
0.0
 40
0.035
  1
PA-R-154
 72
1
 11
320.4588
 21
-149.00865
 31
0.0
100
AcDbText
 73
2
  0
LWPOLYLINE
  5
8FB
330
17
100
AcDbEntity
  8
CORTE-RECORTE
100
AcDbPolyline
 90
4
 70
1
 10
320.3588
 20
-148.6675
 10
320.55879999999996
 20
-148.6675
 10
320.55879999999996
 20
-148.236
 10
320.3588
 20
-148.236
  0
TEXT
  5
8FC
330
17
100
AcDbEntity
  8
CORTE-TEXTO
100
AcDbText
 10
320.4588
 20
-148.45174999999998
 30
0.0
 40
0.035
  1
PA-R-129
 72
1
 11
320.4588
 21
-148.45174999999998
 31
0.0
100
AcDbText
 73
2
  0
LWPOLYLINE
  5
8FD
330
17
100
AcDbEntity
  8
CORTE-DESPERDICIO
100
AcDbPolyline
 90
4
 70
1
 10
320.3588
 20
-148.236
 10
320.55879999999996
 20
-148.236
 10
320.55879999999996
 20
-148.1498
 10
320.3588
 20
-148.1498
  0
LWPOLYLINE
  5
8FE
330
17
100
AcDbEntity
  8
CORTE-TILE
100
AcDbPolyline
 90
4
 70
1
 10
321.0088
 20
-149.3498
 10
321.2088
 20
-149.3498
 10
321.2088
 20
-148.1498
 10
321.0088
 20
-148.1498
  0
TEXT
  5
8FF
330
17
100
AcDbEntity
  8
CORTE-TEXTO
100
AcDbText
 10
321.10880000000003
 20
-148.0098
 30
0.0
 40
0.06
  1
RW-52
 72
1
 11
321.10880000000003
 21
-148.0098
 31
0.0
100
AcDbText
 73
2
  0
LWPOLYLINE
  5
900
330
17
100
AcDbEntity
  8
CORTE-RECORTE
100
AcDbPolyline
 90
4
 70
1
 10
321.0088
 20
-149.3498
 10
321.2088
 20
-149.3498
 10
321.2088
 20
-148.6675
 10
321.0088
 20
-148.6675
  0
TEXT
  5
901
330
17
100
AcDbEntity
  8
CORTE-TEXTO
100
AcDbText
 10
321.10880000000003
 20
-149.00865
 30
0.0
 40
0.035
  1
PA-R-153
 72
1
 11
321.10880000000003
 21
-149.00865
 31
0.0
100
AcDbText
 73
2
  0
LWPOLYLINE
  5
902
330
17
100
AcDbEntity
  8
CORTE-RECORTE
100
AcDbPolyline
 90
4
 70
1
 10
321.0088
 20
-148.6675
 10
321.2088
 20
-148.6675
 10
321.2088
 20
-148.236
 10
321.0088
 20
-148.236
  0
TEXT
  5
903
330
17
100
AcDbEntity
  8
CORTE-TEXTO
100
AcDbText
 10
321.10880000000003
 20
-148.45174999999998
 30
0.0
 40
0.035
  1
PA-R-128
 72
1
 11
321.10880000000003
 21
-148.45174999999998
 31
0.0
100
AcDbText
 73
2
  0
LWPOLYLINE
  5
904
330
17
100
AcDbEntity
  8
CORTE-DESPERDICIO
100
AcDbPolyline
 90
4
 70
1
 10
321.0088
 20
-148.236
 10
321.2088
 20
-148.236
 10
321.2088
 20
-148.1498
 10
321.0088
 20
-148.1498
  0
LWPOLYLINE
  5
905
330
17
100
AcDbEntity
  8
CORTE-TILE
100
AcDbPolyline
 90
4
 70
1
 10
321.6588
 20
-149.3498
 10
321.8588
 20
-149.3498
 10
321.8588
 20
-148.1498
 10
321.6588
 20
-148.1498
  0
TEXT
  5
906
330
17
100
AcDbEntity
  8
CORTE-TEXTO
100
AcDbText
 10
321.7588
 20
-148.0098
 30
0.0
 40
0.06
  1
RW-53
 72
1
 11
321.7588
 21
-148.0098
 31
0.0
100
AcDbText
 73
2
  0
LWPOLYLINE
  5
907
330
17
100
AcDbEntity
  8
CORTE-RECORTE
100
AcDbPolyline
 90
4
 70
1
 10
321.6588
 20
-149.3498
 10
321.8588
 20
-149.3498
 10
321.8588
 20
-148.6675
 10
321.6588
 20
-148.6675
  0
TEXT
  5
908
330
17
100
AcDbEntity
  8
CORTE-TEXTO
100
AcDbText
 10
321.7588
 20
-149.00865
 30
0.0
 40
0.035
  1
PA-R-152
 72
1
 11
321.7588
 21
-149.00865
 31
0.0
100
AcDbText
 73
2
  0
LWPOLYLINE
  5
909
330
17
100
AcDbEntity
  8
CORTE-RECORTE
100
AcDbPolyline
 90
4
 70
1
 10
321.6588
 20
-148.6675
 10
321.8588
 20
-148.6675
 10
321.8588
 20
-148.236
 10
321.6588
 20
-148.236
  0
TEXT
  5
90A
330
17
100
AcDbEntity
  8
CORTE-TEXTO
100
AcDbText
 10
321.7588
 20
-148.45174999999998
 30
0.0
 40
0.035
  1
PA-R-127
 72
1
 11
321.7588
 21
-148.45174999999998
 31
0.0
100
AcDbText
 73
2
  0
LWPOLYLINE
  5
90B
330
17
100
AcDbEntity
  8
CORTE-DESPERDICIO
100
AcDbPolyline
 90
4
 70
1
 10
321.6588
 20
-148.236
 10
321.8588
 20
-148.236
 10
321.8588
 20
-148.1498
 10
321.6588
 20
-148.1498
  0
LWPOLYLINE
  5
90C
330
17
100
AcDbEntity
  8
CORTE-TILE
100
AcDbPolyline
 90
4
 70
1
 10
322.3088
 20
-149.3498
 10
322.5088
 20
-149.3498
 10
322.5088
 20
-148.1498
 10
322.3088
 20
-148.1498
  0
TEXT
  5
90D
330
17
100
AcDbEntity
  8
CORTE-TEXTO
100
AcDbText
 10
322.40880000000004
 20
-148.0098
 30
0.0
 40
0.06
  1
RW-54
 72
1
 11
322.40880000000004
 21
-148.0098
 31
0.0
100
AcDbText
 73
2
  0
LWPOLYLINE
  5
90E
330
17
100
AcDbEntity
  8
CORTE-RECORTE
100
AcDbPolyline
 90
4
 70
1
 10
322.3088
 20
-149.3498
 10
322.4325
 20
-149.3498
 10
322.4325
 20
-148.432
 10
322.3088
 20
-148.432
  0
TEXT
  5
90F
330
17
100
AcDbEntity
  8
CORTE-TEXTO
100
AcDbText
 10
322.37065
 20
-148.8909
 30
0.0
 40
0.02748888888888889
  1
PA-R-199
 72
1
 11
322.37065
 21
-148.8909
 31
0.0
100
AcDbText
 73
2
  0
LWPOLYLINE
  5
910
330
17
100
AcDbEntity
  8
CORTE-DESPERDICIO
100
AcDbPolyline
 90
4
 70
1
 10
322.4325
 20
-149.3498
 10
322.5088
 20
-149.3498
 10
322.5088
 20
-148.1498
 10
322.4325
 20
-148.1498
  0
LWPOLYLINE
  5
911
330
17
100
AcDbEntity
  8
CORTE-SOBRANTE
100
AcDbPolyline
 90
4
 70
1
 10
322.3088
 20
-148.432
 10
322.4325
 20
-148.432
 10
322.4325
 20
-148.1498
 10
322.3088
 20
-148.1498
  0
LWPOLYLINE
  5
912
330
17
100
AcDbEntity
  8
CORTE-TILE
100
AcDbPolyline
 90
4
 70
1
 10
322.9588
 20
-149.3498
 10
323.1588
 20
-149.3498
 10
323.1588
 20
-148.1498
 10
322.9588
 20
-148.1498
  0
TEXT
  5
913
330
17
100
AcDbEntity
  8
CORTE-TEXTO
100
AcDbText
 10
323.0588
 20
-148.0098
 30
0.0
 40
0.06
  1
RW-55
 72
1
 11
323.0588
 21
-148.0098
 31
0.0
100
AcDbText
 73
2
  0
LWPOLYLINE
  5
914
330
17
100
AcDbEntity
  8
CORTE-RECORTE
100
AcDbPolyline
 90
4
 70
1
 10
322.9588
 20
-149.3498
 10
323.0446
 20
-149.3498
 10
323.0446
 20
-148.1498
 10
322.9588
 20
-148.1498
  0
TEXT
  5
915
330
17
100
AcDbEntity
  8
CORTE-TEXTO
100
AcDbText
 10
323.00169999999997
 20
-148.7498
 30
0.0
 40
0.019066666666666666
  1
PA-R-092
 72
1
 11
323.00169999999997
 21
-148.7498
 31
0.0
100
AcDbText
 73
2
  0
LWPOLYLINE
  5
916
330
17
100
AcDbEntity
  8
CORTE-RECORTE
100
AcDbPolyline
 90
4
 70
1
 10
323.0446
 20
-149.3498
 10
323.1304
 20
-149.3498
 10
323.1304
 20
-148.1498
 10
323.0446
 20
-148.1498
  0
TEXT
  5
917
330
17
100
AcDbEntity
  8
CORTE-TEXTO
100
AcDbText
 10
323.0875
 20
-148.7498
 30
0.0
 40
0.019066666666666666
  1
PA-R-061
 72
1
 11
323.0875
 21
-148.7498
 31
0.0
100
AcDbText
 73
2
  0
LWPOLYLINE
  5
918
330
17
100
AcDbEntity
  8
CORTE-DESPERDICIO
100
AcDbPolyline
 90
4
 70
1
 10
323.1304
 20
-149.3498
 10
323.1588
 20
-149.3498
 10
323.1588
 20
-148.1498
 10
323.1304
 20
-148.1498
  0
LWPOLYLINE
  5
919
330
17
100
AcDbEntity
  8
CORTE-TILE
100
AcDbPolyline
 90
4
 70
1
 10
323.6088
 20
-149.3498
 10
323.80879999999996
 20
-149.3498
 10
323.80879999999996
 20
-148.1498
 10
323.6088
 20
-148.1498
  0
TEXT
  5
91A
330
17
100
AcDbEntity
  8
CORTE-TEXTO
100
AcDbText
 10
323.7088
 20
-148.0098
 30
0.0
 40
0.06
  1
RW-56
 72
1
 11
323.7088
 21
-148.0098
 31
0.0
100
AcDbText
 73
2
  0
LWPOLYLINE
  5
91B
330
17
100
AcDbEntity
  8
CORTE-RECORTE
100
AcDbPolyline
 90
4
 70
1
 10
323.6088
 20
-149.3498
 10
323.6946
 20
-149.3498
 10
323.6946
 20
-148.1498
 10
323.6088
 20
-148.1498
  0
TEXT
  5
91C
330
17
100
AcDbEntity
  8
CORTE-TEXTO
100
AcDbText
 10
323.65169999999995
 20
-148.7498
 30
0.0
 40
0.019066666666666666
  1
PA-R-031
 72
1
 11
323.65169999999995
 21
-148.7498
 31
0.0
100
AcDbText
 73
2
  0
LWPOLYLINE
  5
91D
330
17
100
AcDbEntity
  8
CORTE-SOBRANTE
100
AcDbPolyline
 90
4
 70
1
 10
323.6946
 20
-149.3498
 10
323.80879999999996
 20
-149.3498
 10
323.80879999999996
 20
-148.1498
 10
323.6946
 20
-148.1498
  0
LWPOLYLINE
  5
91E
330
17
100
AcDbEntity
  8
CORTE-TILE
100
AcDbPolyline
 90
4
 70
1
 10
324.2588
 20
-149.3498
 10
324.4588
 20
-149.3498
 10
324.4588
 20
-148.1498
 10
324.2588
 20
-148.1498
  0
TEXT
  5
91F
330
17
100
AcDbEntity
  8
CORTE-TEXTO
100
AcDbText
 10
324.35880000000003
 20
-148.0098
 30
0.0
 40
0.06
  1
RW-57
 72
1
 11
324.35880000000003
 21
-148.0098
 31
0.0
100
AcDbText
 73
2
  0
LWPOLYLINE
  5
920
330
17
100
AcDbEntity
  8
CORTE-RECORTE
100
AcDbPolyline
 90
4
 70
1
 10
324.2588
 20
-149.3498
 10
324.4588
 20
-149.3498
 10
324.4588
 20
-148.9183
 10
324.2588
 20
-148.9183
  0
TEXT
  5
921
330
17
100
AcDbEntity
  8
CORTE-TEXTO
100
AcDbText
 10
324.35880000000003
 20
-149.13404999999997
 30
0.0
 40
0.035
  1
PA-R-126
 72
1
 11
324.35880000000003
 21
-149.13404999999997
 31
0.0
100
AcDbText
 73
2
  0
LWPOLYLINE
  5
922
330
17
100
AcDbEntity
  8
CORTE-RECORTE
100
AcDbPolyline
 90
4
 70
1
 10
324.2588
 20
-148.9183
 10
324.4588
 20
-148.9183
 10
324.4588
 20
-148.4868
 10
324.2588
 20
-148.4868
  0
TEXT
  5
923
330
17
100
AcDbEntity
  8
CORTE-TEXTO
100
AcDbText
 10
324.35880000000003
 20
-148.70254999999997
 30
0.0
 40
0.035
  1
PA-R-125
 72
1
 11
324.35880000000003
 21
-148.70254999999997
 31
0.0
100
AcDbText
 73
2
  0
LWPOLYLINE
  5
924
330
17
100
AcDbEntity
  8
CORTE-RECORTE
100
AcDbPolyline
 90
4
 70
1
 10
324.2588
 20
-148.4868
 10
324.4588
 20
-148.4868
 10
324.4588
 20
-148.1695
 10
324.2588
 20
-148.1695
  0
TEXT
  5
925
330
17
100
AcDbEntity
  8
CORTE-TEXTO
100
AcDbText
 10
324.35880000000003
 20
-148.32815
 30
0.0
 40
0.035
  1
PA-R-207
 72
1
 11
324.35880000000003
 21
-148.32815
 31
0.0
100
AcDbText
 73
2
  0
LWPOLYLINE
  5
926
330
17
100
AcDbEntity
  8
CORTE-DESPERDICIO
100
AcDbPolyline
 90
4
 70
1
 10
324.2588
 20
-148.1695
 10
324.4588
 20
-148.1695
 10
324.4588
 20
-148.1498
 10
324.2588
 20
-148.1498
  0
LWPOLYLINE
  5
927
330
17
100
AcDbEntity
  8
CORTE-TILE
100
AcDbPolyline
 90
4
 70
1
 10
324.9088
 20
-149.3498
 10
325.1088
 20
-149.3498
 10
325.1088
 20
-148.1498
 10
324.9088
 20
-148.1498
  0
TEXT
  5
928
330
17
100
AcDbEntity
  8
CORTE-TEXTO
100
AcDbText
 10
325.0088
 20
-148.0098
 30
0.0
 40
0.06
  1
RW-58
 72
1
 11
325.0088
 21
-148.0098
 31
0.0
100
AcDbText
 73
2
  0
LWPOLYLINE
  5
929
330
17
100
AcDbEntity
  8
CORTE-RECORTE
100
AcDbPolyline
 90
4
 70
1
 10
324.9088
 20
-149.3498
 10
325.1088
 20
-149.3498
 10
325.1088
 20
-148.9183
 10
324.9088
 20
-148.9183
  0
TEXT
  5
92A
330
17
100
AcDbEntity
  8
CORTE-TEXTO
100
AcDbText
 10
325.0088
 20
-149.13404999999997
 30
0.0
 40
0.035
  1
PA-R-132
 72
1
 11
325.0088
 21
-149.13404999999997
 31
0.0
100
AcDbText
 73
2
  0
LWPOLYLINE
  5
92B
330
17
100
AcDbEntity
  8
CORTE-RECORTE
100
AcDbPolyline
 90
4
 70
1
 10
324.9088
 20
-148.9183
 10
325.1088
 20
-148.9183
 10
325.1088
 20
-148.4868
 10
324.9088
 20
-148.4868
  0
TEXT
  5
92C
330
17
100
AcDbEntity
  8
CORTE-TEXTO
100
AcDbText
 10
325.0088
 20
-148.70254999999997
 30
0.0
 40
0.035
  1
PA-R-133
 72
1
 11
325.0088
 21
-148.70254999999997
 31
0.0
100
AcDbText
 73
2
  0
LWPOLYLINE
  5
92D
330
17
100
AcDbEntity
  8
CORTE-RECORTE
100
AcDbPolyline
 90
4
 70
1
 10
324.9088
 20
-148.4868
 10
325.1088
 20
-148.4868
 10
325.1088
 20
-148.1695
 10
324.9088
 20
-148.1695
  0
TEXT
  5
92E
330
17
100
AcDbEntity
  8
CORTE-TEXTO
100
AcDbText
 10
325.0088
 20
-148.32815
 30
0.0
 40
0.035
  1
PA-R-206
 72
1
 11
325.0088
 21
-148.32815
 31
0.0
100
AcDbText
 73
2
  0
LWPOLYLINE
  5
92F
330
17
100
AcDbEntity
  8
CORTE-DESPERDICIO
100
AcDbPolyline
 90
4
 70
1
 10
324.9088
 20
-148.1695
 10
325.1088
 20
-148.1695
 10
325.1088
 20
-148.1498
 10
324.9088
 20
-148.1498
  0
LWPOLYLINE
  5
930
330
17
100
AcDbEntity
  8
CORTE-TILE
100
AcDbPolyline
 90
4
 70
1
 10
325.5588
 20
-149.3498
 10
325.7588
 20
-149.3498
 10
325.7588
 20
-148.1498
 10
325.5588
 20
-148.1498
  0
TEXT
  5
931
330
17
100
AcDbEntity
  8
CORTE-TEXTO
100
AcDbText
 10
325.65880000000004
 20
-148.0098
 30
0.0
 40
0.06
  1
RW-59
 72
1
 11
325.65880000000004
 21
-148.0098
 31
0.0
100
AcDbText
 73
2
  0
LWPOLYLINE
  5
932
330
17
100
AcDbEntity
  8
CORTE-RECORTE
100
AcDbPolyline
 90
4
 70
1
 10
325.5588
 20
-149.3498
 10
325.7588
 20
-149.3498
 10
325.7588
 20
-148.9183
 10
325.5588
 20
-148.9183
  0
TEXT
  5
933
330
17
100
AcDbEntity
  8
CORTE-TEXTO
100
AcDbText
 10
325.65880000000004
 20
-149.13404999999997
 30
0.0
 40
0.035
  1
PA-R-134
 72
1
 11
325.65880000000004
 21
-149.13404999999997
 31
0.0
100
AcDbText
 73
2
  0
LWPOLYLINE
  5
934
330
17
100
AcDbEntity
  8
CORTE-RECORTE
100
AcDbPolyline
 90
4
 70
1
 10
325.5588
 20
-148.9183
 10
325.7588
 20
-148.9183
 10
325.7588
 20
-148.4868
 10
325.5588
 20
-148.4868
  0
TEXT
  5
935
330
17
100
AcDbEntity
  8
CORTE-TEXTO
100
AcDbText
 10
325.65880000000004
 20
-148.70254999999997
 30
0.0
 40
0.035
  1
PA-R-135
 72
1
 11
325.65880000000004
 21
-148.70254999999997
 31
0.0
100
AcDbText
 73
2
  0
LWPOLYLINE
  5
936
330
17
100
AcDbEntity
  8
CORTE-RECORTE
100
AcDbPolyline
 90
4
 70
1
 10
325.5588
 20
-148.4868
 10
325.7588
 20
-148.4868
 10
325.7588
 20
-148.1695
 10
325.5588
 20
-148.1695
  0
TEXT
  5
937
330
17
100
AcDbEntity
  8
CORTE-TEXTO
100
AcDbText
 10
325.65880000000004
 20
-148.32815
 30
0.0
 40
0.035
  1
PA-R-205
 72
1
 11
325.65880000000004
 21
-148.32815
 31
0.0
100
AcDbText
 73
2
  0
LWPOLYLINE
  5
938
330
17
100
AcDbEntity
  8
CORTE-DESPERDICIO
100
AcDbPolyline
 90
4
 70
1
 10
325.5588
 20
-148.1695
 10
325.7588
 20
-148.1695
 10
325.7588
 20
-148.1498
 10
325.5588
 20
-148.1498
  0
LWPOLYLINE
  5
939
330
17
100
AcDbEntity
  8
CORTE-TILE
100
AcDbPolyline
 90
4
 70
1
 10
326.2088
 20
-149.3498
 10
326.4088
 20
-149.3498
 10
326.4088
 20
-148.1498
 10
326.2088
 20
-148.1498
  0
TEXT
  5
93A
330
17
100
AcDbEntity
  8
CORTE-TEXTO
100
AcDbText
 10
326.3088
 20
-148.0098
 30
0.0
 40
0.06
  1
RW-60
 72
1
 11
326.3088
 21
-148.0098
 31
0.0
100
AcDbText
 73
2
  0
LWPOLYLINE
  5
93B
330
17
100
AcDbEntity
  8
CORTE-RECORTE
100
AcDbPolyline
 90
4
 70
1
 10
326.2088
 20
-149.3498
 10
326.4088
 20
-149.3498
 10
326.4088
 20
-148.9183
 10
326.2088
 20
-148.9183
  0
TEXT
  5
93C
330
17
100
AcDbEntity
  8
CORTE-TEXTO
100
AcDbText
 10
326.3088
 20
-149.13404999999997
 30
0.0
 40
0.035
  1
PA-R-136
 72
1
 11
326.3088
 21
-149.13404999999997
 31
0.0
100
AcDbText
 73
2
  0
LWPOLYLINE
  5
93D
330
17
100
AcDbEntity
  8
CORTE-RECORTE
100
AcDbPolyline
 90
4
 70
1
 10
326.2088
 20
-148.9183
 10
326.4088
 20
-148.9183
 10
326.4088
 20
-148.4868
 10
326.2088
 20
-148.4868
  0
TEXT
  5
93E
330
17
100
AcDbEntity
  8
CORTE-TEXTO
100
AcDbText
 10
326.3088
 20
-148.70254999999997
 30
0.0
 40
0.035
  1
PA-R-137
 72
1
 11
326.3088
 21
-148.70254999999997
 31
0.0
100
AcDbText
 73
2
  0
LWPOLYLINE
  5
93F
330
17
100
AcDbEntity
  8
CORTE-RECORTE
100
AcDbPolyline
 90
4
 70
1
 10
326.2088
 20
-148.4868
 10
326.4088
 20
-148.4868
 10
326.4088
 20
-148.1695
 10
326.2088
 20
-148.1695
  0
TEXT
  5
940
330
17
100
AcDbEntity
  8
CORTE-TEXTO
100
AcDbText
 10
326.3088
 20
-148.32815
 30
0.0
 40
0.035
  1
PA-R-204
 72
1
 11
326.3088
 21
-148.32815
 31
0.0
100
AcDbText
 73
2
  0
LWPOLYLINE
  5
941
330
17
100
AcDbEntity
  8
CORTE-DESPERDICIO
100
AcDbPolyline
 90
4
 70
1
 10
326.2088
 20
-148.1695
 10
326.4088
 20
-148.1695
 10
326.4088
 20
-148.1498
 10
326.2088
 20
-148.1498
  0
LWPOLYLINE
  5
942
330
17
100
AcDbEntity
  8
CORTE-TILE
100
AcDbPolyline
 90
4
 70
1
 10
326.8588
 20
-149.3498
 10
327.05879999999996
 20
-149.3498
 10
327.05879999999996
 20
-148.1498
 10
326.8588
 20
-148.1498
  0
TEXT
  5
943
330
17
100
AcDbEntity
  8
CORTE-TEXTO
100
AcDbText
 10
326.9588
 20
-148.0098
 30
0.0
 40
0.06
  1
RW-61
 72
1
 11
326.9588
 21
-148.0098
 31
0.0
100
AcDbText
 73
2
  0
LWPOLYLINE
  5
944
330
17
100
AcDbEntity
  8
CORTE-RECORTE
100
AcDbPolyline
 90
4
 70
1
 10
326.8588
 20
-149.3498
 10
327.05879999999996
 20
-149.3498
 10
327.05879999999996
 20
-148.9183
 10
326.8588
 20
-148.9183
  0
TEXT
  5
945
330
17
100
AcDbEntity
  8
CORTE-TEXTO
100
AcDbText
 10
326.9588
 20
-149.13404999999997
 30
0.0
 40
0.035
  1
PA-R-138
 72
1
 11
326.9588
 21
-149.13404999999997
 31
0.0
100
AcDbText
 73
2
  0
LWPOLYLINE
  5
946
330
17
100
AcDbEntity
  8
CORTE-RECORTE
100
AcDbPolyline
 90
4
 70
1
 10
326.8588
 20
-148.9183
 10
327.05879999999996
 20
-148.9183
 10
327.05879999999996
 20
-148.4868
 10
326.8588
 20
-148.4868
  0
TEXT
  5
947
330
17
100
AcDbEntity
  8
CORTE-TEXTO
100
AcDbText
 10
326.9588
 20
-148.70254999999997
 30
0.0
 40
0.035
  1
PA-R-139
 72
1
 11
326.9588
 21
-148.70254999999997
 31
0.0
100
AcDbText
 73
2
  0
LWPOLYLINE
  5
948
330
17
100
AcDbEntity
  8
CORTE-RECORTE
100
AcDbPolyline
 90
4
 70
1
 10
326.8588
 20
-148.4868
 10
327.05879999999996
 20
-148.4868
 10
327.05879999999996
 20
-148.1695
 10
326.8588
 20
-148.1695
  0
TEXT
  5
949
330
17
100
AcDbEntity
  8
CORTE-TEXTO
100
AcDbText
 10
326.9588
 20
-148.32815
 30
0.0
 40
0.035
  1
PA-R-203
 72
1
 11
326.9588
 21
-148.32815
 31
0.0
100
AcDbText
 73
2
  0
LWPOLYLINE
  5
94A
330
17
100
AcDbEntity
  8
CORTE-DESPERDICIO
100
AcDbPolyline
 90
4
 70
1
 10
326.8588
 20
-148.1695
 10
327.05879999999996
 20
-148.1695
 10
327.05879999999996
 20
-148.1498
 10
326.8588
 20
-148.1498
  0
LWPOLYLINE
  5
94B
330
17
100
AcDbEntity
  8
CORTE-TILE
100
AcDbPolyline
 90
4
 70
1
 10
327.5088
 20
-149.3498
 10
327.7088
 20
-149.3498
 10
327.7088
 20
-148.1498
 10
327.5088
 20
-148.1498
  0
TEXT
  5
94C
330
17
100
AcDbEntity
  8
CORTE-TEXTO
100
AcDbText
 10
327.60880000000003
 20
-148.0098
 30
0.0
 40
0.06
  1
RW-62
 72
1
 11
327.60880000000003
 21
-148.0098
 31
0.0
100
AcDbText
 73
2
  0
LWPOLYLINE
  5
94D
330
17
100
AcDbEntity
  8
CORTE-RECORTE
100
AcDbPolyline
 90
4
 70
1
 10
327.5088
 20
-149.3498
 10
327.7088
 20
-149.3498
 10
327.7088
 20
-149.00359999999998
 10
327.5088
 20
-149.00359999999998
  0
TEXT
  5
94E
330
17
100
AcDbEntity
  8
CORTE-TEXTO
100
AcDbText
 10
327.60880000000003
 20
-149.17669999999998
 30
0.0
 40
0.035
  1
PA-R-006
 72
1
 11
327.60880000000003
 21
-149.17669999999998
 31
0.0
100
AcDbText
 73
2
  0
LWPOLYLINE
  5
94F
330
17
100
AcDbEntity
  8
CORTE-RECORTE
100
AcDbPolyline
 90
4
 70
1
 10
327.5088
 20
-149.00359999999998
 10
327.7088
 20
-149.00359999999998
 10
327.7088
 20
-148.65739999999997
 10
327.5088
 20
-148.65739999999997
  0
TEXT
  5
950
330
17
100
AcDbEntity
  8
CORTE-TEXTO
100
AcDbText
 10
327.60880000000003
 20
-148.83049999999997
 30
0.0
 40
0.035
  1
PA-R-005
 72
1
 11
327.60880000000003
 21
-148.83049999999997
 31
0.0
100
AcDbText
 73
2
  0
LWPOLYLINE
  5
951
330
17
100
AcDbEntity
  8
CORTE-RECORTE
100
AcDbPolyline
 90
4
 70
1
 10
327.5088
 20
-148.6574
 10
327.7088
 20
-148.6574
 10
327.7088
 20
-148.31119999999999
 10
327.5088
 20
-148.31119999999999
  0
TEXT
  5
952
330
17
100
AcDbEntity
  8
CORTE-TEXTO
100
AcDbText
 10
327.60880000000003
 20
-148.4843
 30
0.0
 40
0.035
  1
PA-R-004
 72
1
 11
327.60880000000003
 21
-148.4843
 31
0.0
100
AcDbText
 73
2
  0
LWPOLYLINE
  5
953
330
17
100
AcDbEntity
  8
CORTE-SOBRANTE
100
AcDbPolyline
 90
4
 70
1
 10
327.5088
 20
-148.31119999999999
 10
327.7088
 20
-148.31119999999999
 10
327.7088
 20
-148.1498
 10
327.5088
 20
-148.1498
  0
LWPOLYLINE
  5
954
330
17
100
AcDbEntity
  8
CORTE-TILE
100
AcDbPolyline
 90
4
 70
1
 10
328.1588
 20
-149.3498
 10
328.3588
 20
-149.3498
 10
328.3588
 20
-148.1498
 10
328.1588
 20
-148.1498
  0
TEXT
  5
955
330
17
100
AcDbEntity
  8
CORTE-TEXTO
100
AcDbText
 10
328.2588
 20
-148.0098
 30
0.0
 40
0.06
  1
RW-63
 72
1
 11
328.2588
 21
-148.0098
 31
0.0
100
AcDbText
 73
2
  0
LWPOLYLINE
  5
956
330
17
100
AcDbEntity
  8
CORTE-RECORTE
100
AcDbPolyline
 90
4
 70
1
 10
328.1588
 20
-149.3498
 10
328.3588
 20
-149.3498
 10
328.3588
 20
-149.00359999999998
 10
328.1588
 20
-149.00359999999998
  0
TEXT
  5
957
330
17
100
AcDbEntity
  8
CORTE-TEXTO
100
AcDbText
 10
328.2588
 20
-149.17669999999998
 30
0.0
 40
0.035
  1
PA-R-003
 72
1
 11
328.2588
 21
-149.17669999999998
 31
0.0
100
AcDbText
 73
2
  0
LWPOLYLINE
  5
958
330
17
100
AcDbEntity
  8
CORTE-RECORTE
100
AcDbPolyline
 90
4
 70
1
 10
328.1588
 20
-149.00359999999998
 10
328.3588
 20
-149.00359999999998
 10
328.3588
 20
-148.65739999999997
 10
328.1588
 20
-148.65739999999997
  0
TEXT
  5
959
330
17
100
AcDbEntity
  8
CORTE-TEXTO
100
AcDbText
 10
328.2588
 20
-148.83049999999997
 30
0.0
 40
0.035
  1
PA-R-002
 72
1
 11
328.2588
 21
-148.83049999999997
 31
0.0
100
AcDbText
 73
2
  0
LWPOLYLINE
  5
95A
330
17
100
AcDbEntity
  8
CORTE-RECORTE
100
AcDbPolyline
 90
4
 70
1
 10
328.1588
 20
-148.6574
 10
328.3588
 20
-148.6574
 10
328.3588
 20
-148.31119999999999
 10
328.1588
 20
-148.31119999999999
  0
TEXT
  5
95B
330
17
100
AcDbEntity
  8
CORTE-TEXTO
100
AcDbText
 10
328.2588
 20
-148.4843
 30
0.0
 40
0.035
  1
PA-R-010
 72
1
 11
328.2588
 21
-148.4843
 31
0.0
100
AcDbText
 73
2
  0
LWPOLYLINE
  5
95C
330
17
100
AcDbEntity
  8
CORTE-SOBRANTE
100
AcDbPolyline
 90
4
 70
1
 10
328.1588
 20
-148.31119999999999
 10
328.3588
 20
-148.31119999999999
 10
328.3588
 20
-148.1498
 10
328.1588
 20
-148.1498
  0
LWPOLYLINE
  5
95D
330
17
100
AcDbEntity
  8
CORTE-TILE
100
AcDbPolyline
 90
4
 70
1
 10
328.8088
 20
-149.3498
 10
329.0088
 20
-149.3498
 10
329.0088
 20
-148.1498
 10
328.8088
 20
-148.1498
  0
TEXT
  5
95E
330
17
100
AcDbEntity
  8
CORTE-TEXTO
100
AcDbText
 10
328.90880000000004
 20
-148.0098
 30
0.0
 40
0.06
  1
RW-64
 72
1
 11
328.90880000000004
 21
-148.0098
 31
0.0
100
AcDbText
 73
2
  0
LWPOLYLINE
  5
95F
330
17
100
AcDbEntity
  8
CORTE-RECORTE
100
AcDbPolyline
 90
4
 70
1
 10
328.8088
 20
-149.3498
 10
329.0088
 20
-149.3498
 10
329.0088
 20
-149.00359999999998
 10
328.8088
 20
-149.00359999999998
  0
TEXT
  5
960
330
17
100
AcDbEntity
  8
CORTE-TEXTO
100
AcDbText
 10
328.90880000000004
 20
-149.17669999999998
 30
0.0
 40
0.035
  1
PA-R-011
 72
1
 11
328.90880000000004
 21
-149.17669999999998
 31
0.0
100
AcDbText
 73
2
  0
LWPOLYLINE
  5
961
330
17
100
AcDbEntity
  8
CORTE-RECORTE
100
AcDbPolyline
 90
4
 70
1
 10
328.8088
 20
-149.00359999999998
 10
329.0088
 20
-149.00359999999998
 10
329.0088
 20
-148.65739999999997
 10
328.8088
 20
-148.65739999999997
  0
TEXT
  5
962
330
17
100
AcDbEntity
  8
CORTE-TEXTO
100
AcDbText
 10
328.90880000000004
 20
-148.83049999999997
 30
0.0
 40
0.035
  1
PA-R-012
 72
1
 11
328.90880000000004
 21
-148.83049999999997
 31
0.0
100
AcDbText
 73
2
  0
LWPOLYLINE
  5
963
330
17
100
AcDbEntity
  8
CORTE-RECORTE
100
AcDbPolyline
 90
4
 70
1
 10
328.8088
 20
-148.6574
 10
329.0088
 20
-148.6574
 10
329.0088
 20
-148.31119999999999
 10
328.8088
 20
-148.31119999999999
  0
TEXT
  5
964
330
17
100
AcDbEntity
  8
CORTE-TEXTO
100
AcDbText
 10
328.90880000000004
 20
-148.4843
 30
0.0
 40
0.035
  1
PA-R-013
 72
1
 11
328.90880000000004
 21
-148.4843
 31
0.0
100
AcDbText
 73
2
  0
LWPOLYLINE
  5
965
330
17
100
AcDbEntity
  8
CORTE-SOBRANTE
100
AcDbPolyline
 90
4
 70
1
 10
328.8088
 20
-148.31119999999999
 10
329.0088
 20
-148.31119999999999
 10
329.0088
 20
-148.1498
 10
328.8088
 20
-148.1498
  0
LWPOLYLINE
  5
966
330
17
100
AcDbEntity
  8
CORTE-TILE
100
AcDbPolyline
 90
4
 70
1
 10
329.4588
 20
-149.3498
 10
329.6588
 20
-149.3498
 10
329.6588
 20
-148.1498
 10
329.4588
 20
-148.1498
  0
TEXT
  5
967
330
17
100
AcDbEntity
  8
CORTE-TEXTO
100
AcDbText
 10
329.5588
 20
-148.0098
 30
0.0
 40
0.06
  1
RW-65
 72
1
 11
329.5588
 21
-148.0098
 31
0.0
100
AcDbText
 73
2
  0
LWPOLYLINE
  5
968
330
17
100
AcDbEntity
  8
CORTE-RECORTE
100
AcDbPolyline
 90
4
 70
1
 10
329.4588
 20
-149.3498
 10
329.6588
 20
-149.3498
 10
329.6588
 20
-149.00359999999998
 10
329.4588
 20
-149.00359999999998
  0
TEXT
  5
969
330
17
100
AcDbEntity
  8
CORTE-TEXTO
100
AcDbText
 10
329.5588
 20
-149.17669999999998
 30
0.0
 40
0.035
  1
PA-R-014
 72
1
 11
329.5588
 21
-149.17669999999998
 31
0.0
100
AcDbText
 73
2
  0
LWPOLYLINE
  5
96A
330
17
100
AcDbEntity
  8
CORTE-RECORTE
100
AcDbPolyline
 90
4
 70
1
 10
329.4588
 20
-149.00359999999998
 10
329.6588
 20
-149.00359999999998
 10
329.6588
 20
-148.65739999999997
 10
329.4588
 20
-148.65739999999997
  0
TEXT
  5
96B
330
17
100
AcDbEntity
  8
CORTE-TEXTO
100
AcDbText
 10
329.5588
 20
-148.83049999999997
 30
0.0
 40
0.035
  1
PA-R-015
 72
1
 11
329.5588
 21
-148.83049999999997
 31
0.0
100
AcDbText
 73
2
  0
LWPOLYLINE
  5
96C
330
17
100
AcDbEntity
  8
CORTE-RECORTE
100
AcDbPolyline
 90
4
 70
1
 10
329.4588
 20
-148.6574
 10
329.6588
 20
-148.6574
 10
329.6588
 20
-148.3401
 10
329.4588
 20
-148.3401
  0
TEXT
  5
96D
330
17
100
AcDbEntity
  8
CORTE-TEXTO
100
AcDbText
 10
329.5588
 20
-148.49875
 30
0.0
 40
0.035
  1
PA-R-202
 72
1
 11
329.5588
 21
-148.49875
 31
0.0
100
AcDbText
 73
2
  0
LWPOLYLINE
  5
96E
330
17
100
AcDbEntity
  8
CORTE-SOBRANTE
100
AcDbPolyline
 90
4
 70
1
 10
329.4588
 20
-148.34009999999998
 10
329.6588
 20
-148.34009999999998
 10
329.6588
 20
-148.14979999999997
 10
329.4588
 20
-148.14979999999997
  0
LWPOLYLINE
  5
96F
330
17
100
AcDbEntity
  8
CORTE-TILE
100
AcDbPolyline
 90
4
 70
1
 10
330.1088
 20
-149.3498
 10
330.30879999999996
 20
-149.3498
 10
330.30879999999996
 20
-148.1498
 10
330.1088
 20
-148.1498
  0
TEXT
  5
970
330
17
100
AcDbEntity
  8
CORTE-TEXTO
100
AcDbText
 10
330.2088
 20
-148.0098
 30
0.0
 40
0.06
  1
RW-66
 72
1
 11
330.2088
 21
-148.0098
 31
0.0
100
AcDbText
 73
2
  0
LWPOLYLINE
  5
971
330
17
100
AcDbEntity
  8
CORTE-RECORTE
100
AcDbPolyline
 90
4
 70
1
 10
330.1088
 20
-149.3498
 10
330.30879999999996
 20
-149.3498
 10
330.30879999999996
 20
-149.0325
 10
330.1088
 20
-149.0325
  0
TEXT
  5
972
330
17
100
AcDbEntity
  8
CORTE-TEXTO
100
AcDbText
 10
330.2088
 20
-149.19115
 30
0.0
 40
0.035
  1
PA-R-201
 72
1
 11
330.2088
 21
-149.19115
 31
0.0
100
AcDbText
 73
2
  0
LWPOLYLINE
  5
973
330
17
100
AcDbEntity
  8
CORTE-RECORTE
100
AcDbPolyline
 90
4
 70
1
 10
330.1088
 20
-149.0325
 10
330.30879999999996
 20
-149.0325
 10
330.30879999999996
 20
-148.7152
 10
330.1088
 20
-148.7152
  0
TEXT
  5
974
330
17
100
AcDbEntity
  8
CORTE-TEXTO
100
AcDbText
 10
330.2088
 20
-148.87385
 30
0.0
 40
0.035
  1
PA-R-200
 72
1
 11
330.2088
 21
-148.87385
 31
0.0
100
AcDbText
 73
2
  0
LWPOLYLINE
  5
975
330
17
100
AcDbEntity
  8
CORTE-RECORTE
100
AcDbPolyline
 90
4
 70
1
 10
330.1088
 20
-148.71519999999998
 10
330.23249999999996
 20
-148.71519999999998
 10
330.23249999999996
 20
-148.28369999999998
 10
330.1088
 20
-148.28369999999998
  0
TEXT
  5
976
330
17
100
AcDbEntity
  8
CORTE-TEXTO
100
AcDbText
 10
330.17064999999997
 20
-148.49944999999997
 30
0.0
 40
0.02748888888888889
  1
PA-R-140
 72
1
 11
330.17064999999997
 21
-148.49944999999997
 31
0.0
100
AcDbText
 73
2
  0
LWPOLYLINE
  5
977
330
17
100
AcDbEntity
  8
CORTE-DESPERDICIO
100
AcDbPolyline
 90
4
 70
1
 10
330.23249999999996
 20
-148.71519999999998
 10
330.30879999999996
 20
-148.71519999999998
 10
330.30879999999996
 20
-148.14979999999997
 10
330.23249999999996
 20
-148.14979999999997
  0
LWPOLYLINE
  5
978
330
17
100
AcDbEntity
  8
CORTE-SOBRANTE
100
AcDbPolyline
 90
4
 70
1
 10
330.1088
 20
-148.28369999999998
 10
330.23249999999996
 20
-148.28369999999998
 10
330.23249999999996
 20
-148.14979999999997
 10
330.1088
 20
-148.14979999999997
  0
LWPOLYLINE
  5
979
330
17
100
AcDbEntity
  8
CORTE-TILE
100
AcDbPolyline
 90
4
 70
1
 10
316.4588
 20
-151.2498
 10
316.6588
 20
-151.2498
 10
316.6588
 20
-150.0498
 10
316.4588
 20
-150.0498
  0
TEXT
  5
97A
330
17
100
AcDbEntity
  8
CORTE-TEXTO
100
AcDbText
 10
316.5588
 20
-149.90980000000002
 30
0.0
 40
0.06
  1
RW-67
 72
1
 11
316.5588
 21
-149.90980000000002
 31
0.0
100
AcDbText
 73
2
  0
LWPOLYLINE
  5
97B
330
17
100
AcDbEntity
  8
CORTE-RECORTE
100
AcDbPolyline
 90
4
 70
1
 10
316.4588
 20
-151.2498
 10
316.6009
 20
-151.2498
 10
316.6009
 20
-150.90359999999998
 10
316.4588
 20
-150.90359999999998
  0
TEXT
  5
97C
330
17
100
AcDbEntity
  8
CORTE-TEXTO
100
AcDbText
 10
316.52985
 20
-151.0767
 30
0.0
 40
0.03157777777777778
  1
PA-R-009
 72
1
 11
316.52985
 21
-151.0767
 31
0.0
100
AcDbText
 73
2
  0
LWPOLYLINE
  5
97D
330
17
100
AcDbEntity
  8
CORTE-RECORTE
100
AcDbPolyline
 90
4
 70
1
 10
316.4588
 20
-150.90359999999998
 10
316.5825
 20
-150.90359999999998
 10
316.5825
 20
-150.55739999999997
 10
316.4588
 20
-150.55739999999997
  0
TEXT
  5
97E
330
17
100
AcDbEntity
  8
CORTE-TEXTO
100
AcDbText
 10
316.52065
 20
-150.73049999999998
 30
0.0
 40
0.02748888888888889
  1
PA-R-016
 72
1
 11
316.52065
 21
-150.73049999999998
 31
0.0
100
AcDbText
 73
2
  0
LWPOLYLINE
  5
97F
330
17
100
AcDbEntity
  8
CORTE-RECORTE
100
AcDbPolyline
 90
4
 70
1
 10
316.4588
 20
-150.5574
 10
316.5446
 20
-150.5574
 10
316.5446
 20
-150.1259
 10
316.4588
 20
-150.1259
  0
TEXT
  5
980
330
17
100
AcDbEntity
  8
CORTE-TEXTO
100
AcDbText
 10
316.50169999999997
 20
-150.34165
 30
0.0
 40
0.019066666666666666
  1
PA-R-124
 72
1
 11
316.50169999999997
 21
-150.34165
 31
0.0
100
AcDbText
 73
2
  0
LWPOLYLINE
  5
981
330
17
100
AcDbEntity
  8
CORTE-RECORTE
100
AcDbPolyline
 90
4
 70
1
 10
316.5446
 20
-150.5574
 10
316.6304
 20
-150.5574
 10
316.6304
 20
-150.2112
 10
316.5446
 20
-150.2112
  0
TEXT
  5
982
330
17
100
AcDbEntity
  8
CORTE-TEXTO
100
AcDbText
 10
316.5875
 20
-150.3843
 30
0.0
 40
0.019066666666666666
  1
PA-R-001
 72
1
 11
316.5875
 21
-150.3843
 31
0.0
100
AcDbText
 73
2
  0
LWPOLYLINE
  5
983
330
17
100
AcDbEntity
  8
CORTE-DESPERDICIO
100
AcDbPolyline
 90
4
 70
1
 10
316.6009
 20
-151.2498
 10
316.65880000000004
 20
-151.2498
 10
316.65880000000004
 20
-150.90359999999998
 10
316.6009
 20
-150.90359999999998
  0
LWPOLYLINE
  5
984
330
17
100
AcDbEntity
  8
CORTE-DESPERDICIO
100
AcDbPolyline
 90
4
 70
1
 10
316.5825
 20
-150.90359999999998
 10
316.6588
 20
-150.90359999999998
 10
316.6588
 20
-150.55739999999997
 10
316.5825
 20
-150.55739999999997
  0
LWPOLYLINE
  5
985
330
17
100
AcDbEntity
  8
CORTE-DESPERDICIO
100
AcDbPolyline
 90
4
 70
1
 10
316.4588
 20
-150.1259
 10
316.5446
 20
-150.1259
 10
316.5446
 20
-150.0498
 10
316.4588
 20
-150.0498
  0
LWPOLYLINE
  5
986
330
17
100
AcDbEntity
  8
CORTE-SOBRANTE
100
AcDbPolyline
 90
4
 70
1
 10
316.5446
 20
-150.2112
 10
316.6588
 20
-150.2112
 10
316.6588
 20
-150.0498
 10
316.5446
 20
-150.0498
  0
LWPOLYLINE
  5
987
330
17
100
AcDbEntity
  8
CORTE-DESPERDICIO
100
AcDbPolyline
 90
4
 70
1
 10
316.6304
 20
-150.5574
 10
316.6588
 20
-150.5574
 10
316.6588
 20
-150.2112
 10
316.6304
 20
-150.2112
  0
ENDSEC
  0
SECTION
  2
OBJECTS
  0
DICTIONARY
  5
A
330
0
100
AcDbDictionary
281
1
  3
ACAD_COLOR
350
B
  3
ACAD_GROUP
350
C
  3
ACAD_LAYOUT
350
D
  3
ACAD_MATERIAL
350
E
  3
ACAD_MLEADERSTYLE
350
F
  3
ACAD_MLINESTYLE
350
10
  3
ACAD_PLOTSETTINGS
350
11
  3
ACAD_PLOTSTYLENAME
350
12
  3
ACAD_SCALELIST
350
14
  3
ACAD_TABLESTYLE
350
15
  3
ACAD_VISUALSTYLE
350
16
  3
EZDXF_META
350
2D
  0
DICTIONARY
  5
B
330
A
100
AcDbDictionary
281
1
  0
DICTIONARY
  5
C
330
A
100
AcDbDictionary
281
1
  0
DICTIONARY
  5
D
330
A
100
AcDbDictionary
281
1
  3
Model
350
1A
  3
Layout1
350
1E
  0
DICTIONARY
  5
E
330
A
100
AcDbDictionary
281
1
  3
ByBlock
350
1F
  3
ByLayer
350
20
  3
Global
350
21
  0
DICTIONARY
  5
F
330
A
100
AcDbDictionary
281
1
  3
Standard
350
2C
  0
DICTIONARY
  5
10
330
A
100
AcDbDictionary
281
1
  3
Standard
350
22
  0
DICTIONARY
  5
11
330
A
100
AcDbDictionary
281
1
  0
ACDBDICTIONARYWDFLT
  5
12
330
A
100
AcDbDictionary
281
1
  3
Normal
350
13
100
AcDbDictionaryWithDefault
340
13
  0
ACDBPLACEHOLDER
  5
13
330
12
  0
DICTIONARY
  5
14
330
A
100
AcDbDictionary
281
1
  0
DICTIONARY
  5
15
330
A
100
AcDbDictionary
281
1
  0
DICTIONARY
  5
16
330
A
100
AcDbDictionary
281
1
  3
2dWireframe
350
5A
  3
Basic
350
5B
  3
Brighten
350
5C
  3
ColorChange
350
5D
  3
Conceptual
350
5E
  3
Dim
350
5F
  3
EdgeColorOff
350
60
  3
Facepattern
350
61
  3
Flat
350
62
  3
FlatWithEdges
350
63
  3
Gouraud
350
64
  3
GouraudWithEdges
350
65
  3
Hidden
350
66
  3
JitterOff
350
67
  3
Linepattern
350
68
  3
Modeling
350
69
  3
OverhangOff
350
6A
  3
Realistic
350
6B
  3
Shaded
350
6C
  3
Shaded with edges
350
6D
  3
Shades of Gray
350
6E
  3
Sketchy
350
6F
  3
Thicken
350
70
  3
Wireframe
350
71
  3
X-Ray
350
72
  0
LAYOUT
  5
1A
330
D
100
AcDbPlotSettings
  1

  4
A3
  6

 40
7.5
 41
20.0
 42
7.5
 43
20.0
 44
420.0
 45
297.0
 46
0.0
 47
0.0
 48
0.0
 49
0.0
140
0.0
141
0.0
142
1.0
143
1.0
 70
1024
 72
1
 73
0
 74
5
  7

 75
16
 76
0
 77
2
 78
300
147
1.0
148
0.0
149
0.0
100
AcDbLayout
  1
Model
 70
1
 71
0
 10
0.0
 20
0.0
 11
420.0
 21
297.0
 12
0.0
 22
0.0
 32
0.0
 14
1e+20
 24
1e+20
 34
1e+20
 15
-1e+20
 25
-1e+20
 35
-1e+20
146
0.0
 13
0.0
 23
0.0
 33
0.0
 16
1.0
 26
0.0
 36
0.0
 17
0.0
 27
1.0
 37
0.0
 76
1
330
17
  0
LAYOUT
  5
1E
330
D
100
AcDbPlotSettings
  1

  4
A3
  6

 40
7.5
 41
20.0
 42
7.5
 43
20.0
 44
420.0
 45
297.0
 46
0.0
 47
0.0
 48
0.0
 49
0.0
140
0.0
141
0.0
142
1.0
143
1.0
 70
0
 72
1
 73
0
 74
5
  7

 75
16
 76
0
 77
2
 78
300
147
1.0
148
0.0
149
0.0
100
AcDbLayout
  1
Layout1
 70
1
 71
1
 10
0.0
 20
0.0
 11
420.0
 21
297.0
 12
0.0
 22
0.0
 32
0.0
 14
1e+20
 24
1e+20
 34
1e+20
 15
-1e+20
 25
-1e+20
 35
-1e+20
146
0.0
 13
0.0
 23
0.0
 33
0.0
 16
1.0
 26
0.0
 36
0.0
 17
0.0
 27
1.0
 37
0.0
 76
1
330
1B
  0
MATERIAL
  5
1F
102
{ACAD_REACTORS
330
E
102
}
330
E
100
AcDbMaterial
  1
ByBlock
  2

 70
0
 40
1.0
 71
1
 41
1.0
 91
-1023410177
 42
1.0
 72
1
  3

 73
1
 74
1
 75
1
 44
0.5
 73
0
 45
1.0
 46
1.0
 77
1
  4

 78
1
 79
1
170
1
 48
1.0
171
1
  6

172
1
173
1
174
1
140
1.0
141
1.0
175
1
  7

176
1
177
1
178
1
143
1.0
179
1
  8

270
1
271
1
272
1
145
1.0
146
1.0
273
1
  9

274
1
275
1
276
1
 42
1.0
 72
1
  3

 73
1
 74
1
 75
1
 94
63
  0
MATERIAL
  5
20
102
{ACAD_REACTORS
330
E
102
}
330
E
100
AcDbMaterial
  1
ByLayer
  2

 70
0
 40
1.0
 71
1
 41
1.0
 91
-1023410177
 42
1.0
 72
1
  3

 73
1
 74
1
 75
1
 44
0.5
 73
0
 45
1.0
 46
1.0
 77
1
  4

 78
1
 79
1
170
1
 48
1.0
171
1
  6

172
1
173
1
174
1
140
1.0
141
1.0
175
1
  7

176
1
177
1
178
1
143
1.0
179
1
  8

270
1
271
1
272
1
145
1.0
146
1.0
273
1
  9

274
1
275
1
276
1
 42
1.0
 72
1
  3

 73
1
 74
1
 75
1
 94
63
  0
MATERIAL
  5
21
102
{ACAD_REACTORS
330
E
102
}
330
E
100
AcDbMaterial
  1
Global
  2

 70
0
 40
1.0
 71
1
 41
1.0
 91
-1023410177
 42
1.0
 72
1
  3

 73
1
 74
1
 75
1
 44
0.5
 73
0
 45
1.0
 46
1.0
 77
1
  4

 78
1
 79
1
170
1
 48
1.0
171
1
  6

172
1
173
1
174
1
140
1.0
141
1.0
175
1
  7

176
1
177
1
178
1
143
1.0
179
1
  8

270
1
271
1
272
1
145
1.0
146
1.0
273
1
  9

274
1
275
1
276
1
 42
1.0
 72
1
  3

 73
1
 74
1
 75
1
 94
63
  0
MLINESTYLE
  5
22
102
{ACAD_REACTORS
330
10
102
}
330
10
100
AcDbMlineStyle
  2
Standard
 70
0
  3

 62
256
 51
90.0
 52
90.0
 71
2
 49
0.5
 62
256
  6
BYLAYER
 49
-0.5
 62
256
  6
BYLAYER
  0
MLEADERSTYLE
  5
2C
102
{ACAD_REACTORS
330
F
102
}
330
F
100
AcDbMLeaderStyle
179
2
170
2
171
1
172
0
 90
2
 40
0.0
 41
0.0
173
1
 91
-1056964608
 92
-2
290
1
 42
2.0
291
1
 43
8.0
  3
Standard
 44
4.0
300

342
29
174
1
175
1
176
0
178
1
 93
-1056964608
 45
4.0
292
0
297
0
 46
4.0
 94
-1056964608
 47
1.0
 49
1.0
140
1.0
294
1
141
0.0
177
0
142
1.0
295
0
296
0
143
3.75
271
0
272
9
273
9
  0
DICTIONARY
  5
2D
330
A
100
AcDbDictionary
280
1
281
1
  3
CREATED_BY_EZDXF
350
2E
  3
WRITTEN_BY_EZDXF
350
98A
  0
DICTIONARYVAR
  5
2E
330
2D
100
DictionaryVariables
280
0
  1
1.4.4 @ 2026-06-24T14:28:32.662965+00:00
  0
VISUALSTYLE
  5
5A
102
{ACAD_REACTORS
330
16
102
}
330
16
100
AcDbVisualStyle
  2
2dWireframe
 70
4
 90
0
 40
0.6
 62
7
290
0
291
0
  0
VISUALSTYLE
  5
5B
102
{ACAD_REACTORS
330
16
102
}
330
16
100
AcDbVisualStyle
  2
Basic
 70
7
 90
1
 40
0.6
 62
7
290
0
291
1
  0
VISUALSTYLE
  5
5C
102
{ACAD_REACTORS
330
16
102
}
330
16
100
AcDbVisualStyle
  2
Brighten
 70
12
 90
2
 40
0.6
 62
7
290
0
291
1
  0
VISUALSTYLE
  5
5D
102
{ACAD_REACTORS
330
16
102
}
330
16
100
AcDbVisualStyle
  2
ColorChange
 70
16
 90
2
 40
0.6
 62
8
290
0
291
1
  0
VISUALSTYLE
  5
5E
102
{ACAD_REACTORS
330
16
102
}
330
16
100
AcDbVisualStyle
  2
Conceptual
 70
9
 90
3
 40
0.6
 62
7
290
0
291
0
  0
VISUALSTYLE
  5
5F
102
{ACAD_REACTORS
330
16
102
}
330
16
100
AcDbVisualStyle
  2
Dim
 70
11
 90
2
 40
0.6
 62
7
290
0
291
1
  0
VISUALSTYLE
  5
60
102
{ACAD_REACTORS
330
16
102
}
330
16
100
AcDbVisualStyle
  2
EdgeColorOff
 70
22
 90
2
 40
0.6
 62
7
290
0
291
1
  0
VISUALSTYLE
  5
61
102
{ACAD_REACTORS
330
16
102
}
330
16
100
AcDbVisualStyle
  2
Facepattern
 70
15
 90
2
 40
0.6
 62
7
290
0
291
1
  0
VISUALSTYLE
  5
62
102
{ACAD_REACTORS
330
16
102
}
330
16
100
AcDbVisualStyle
  2
Flat
 70
0
 90
2
 40
0.6
 62
7
290
0
291
1
  0
VISUALSTYLE
  5
63
102
{ACAD_REACTORS
330
16
102
}
330
16
100
AcDbVisualStyle
  2
FlatWithEdges
 70
1
 90
2
 40
0.6
 62
7
290
0
291
1
  0
VISUALSTYLE
  5
64
102
{ACAD_REACTORS
330
16
102
}
330
16
100
AcDbVisualStyle
  2
Gouraud
 70
2
 90
2
 40
0.6
 62
7
290
0
291
1
  0
VISUALSTYLE
  5
65
102
{ACAD_REACTORS
330
16
102
}
330
16
100
AcDbVisualStyle
  2
GouraudWithEdges
 70
3
 90
2
 40
0.6
 62
7
290
0
291
1
  0
VISUALSTYLE
  5
66
102
{ACAD_REACTORS
330
16
102
}
330
16
100
AcDbVisualStyle
  2
Hidden
 70
6
 90
1
 40
0.6
 62
7
290
0
291
0
  0
VISUALSTYLE
  5
67
102
{ACAD_REACTORS
330
16
102
}
330
16
100
AcDbVisualStyle
  2
JitterOff
 70
20
 90
2
 40
0.6
 62
7
290
0
291
1
  0
VISUALSTYLE
  5
68
102
{ACAD_REACTORS
330
16
102
}
330
16
100
AcDbVisualStyle
  2
Linepattern
 70
14
 90
2
 40
0.6
 62
7
290
0
291
1
  0
VISUALSTYLE
  5
69
102
{ACAD_REACTORS
330
16
102
}
330
16
100
AcDbVisualStyle
  2
Modeling
 70
10
 90
2
 40
0.6
 62
7
290
0
291
0
  0
VISUALSTYLE
  5
6A
102
{ACAD_REACTORS
330
16
102
}
330
16
100
AcDbVisualStyle
  2
OverhangOff
 70
21
 90
2
 40
0.6
 62
7
290
0
291
1
  0
VISUALSTYLE
  5
6B
102
{ACAD_REACTORS
330
16
102
}
330
16
100
AcDbVisualStyle
  2
Realistic
 70
8
 90
2
 40
0.6
 62
7
290
0
291
0
  0
VISUALSTYLE
  5
6C
102
{ACAD_REACTORS
330
16
102
}
330
16
100
AcDbVisualStyle
  2
Shaded
 70
27
 90
2
 40
0.6
 62
7
290
0
291
0
  0
VISUALSTYLE
  5
6D
102
{ACAD_REACTORS
330
16
102
}
330
16
100
AcDbVisualStyle
  2
Shaded with edges
 70
26
 90
2
 40
0.6
 62
7
290
0
291
0
  0
VISUALSTYLE
  5
6E
102
{ACAD_REACTORS
330
16
102
}
330
16
100
AcDbVisualStyle
  2
Shades of Gray
 70
23
 90
2
 40
0.6
 62
7
290
0
291
0
  0
VISUALSTYLE
  5
6F
102
{ACAD_REACTORS
330
16
102
}
330
16
100
AcDbVisualStyle
  2
Sketchy
 70
24
 90
1
 40
0.6
 62
7
290
0
291
0
  0
VISUALSTYLE
  5
70
102
{ACAD_REACTORS
330
16
102
}
330
16
100
AcDbVisualStyle
  2
Thicken
 70
13
 90
2
 40
0.6
 62
7
290
0
291
1
  0
VISUALSTYLE
  5
71
102
{ACAD_REACTORS
330
16
102
}
330
16
100
AcDbVisualStyle
  2
Wireframe
 70
5
 90
0
 40
0.6
 62
7
290
0
291
0
  0
VISUALSTYLE
  5
72
102
{ACAD_REACTORS
330
16
102
}
330
16
100
AcDbVisualStyle
  2
X-Ray
 70
25
 90
2
 40
0.5
 62
7
290
0
291
0
  0
DICTIONARYVAR
  5
98A
330
2D
100
DictionaryVariables
280
0
  1
1.4.4 @ 2026-06-24T14:28:32.763438+00:00
  0
ENDSEC
  0
EOF
