  0
SECTION
  2
HEADER
  9
$ACADVER
  1
AC1024
  9
$ACADMAINTVER
 70
6
  9
$DWGCODEPAGE
  3
ANSI_1252
  9
$LASTSAVEDBY
  1
ezdxf
  9
$INSBASE
 10
0.0
 20
0.0
 30
0.0
  9
$EXTMIN
 10
1e+20
 20
1e+20
 30
1e+20
  9
$EXTMAX
 10
-1e+20
 20
-1e+20
 30
-1e+20
  9
$LIMMIN
 10
0.0
 20
0.0
  9
$LIMMAX
 10
420.0
 20
297.0
  9
$ORTHOMODE
 70
0
  9
$REGENMODE
 70
1
  9
$FILLMODE
 70
1
  9
$QTEXTMODE
 70
0
  9
$MIRRTEXT
 70
1
  9
$LTSCALE
 40
1.0
  9
$ATTMODE
 70
1
  9
$TEXTSIZE
 40
2.5
  9
$TRACEWID
 40
1.0
  9
$TEXTSTYLE
  7
OpenSans
  9
$CLAYER
  8
0
  9
$CELTYPE
  6
ByLayer
  9
$CECOLOR
 62
256
  9
$CELTSCALE
 40
1.0
  9
$DISPSILH
 70
0
  9
$DIMSCALE
 40
1.0
  9
$DIMASZ
 40
0.175
  9
$DIMEXO
 40
0.125
  9
$DIMDLI
 40
3.75
  9
$DIMRND
 40
0.0
  9
$DIMDLE
 40
0.0
  9
$DIMEXE
 40
0.375
  9
$DIMTP
 40
0.0
  9
$DIMTM
 40
0.0
  9
$DIMTXT
 40
0.25
  9
$DIMCEN
 40
2.5
  9
$DIMTSZ
 40
0.0
  9
$DIMTOL
 70
0
  9
$DIMLIM
 70
0
  9
$DIMTIH
 70
0
  9
$DIMTOH
 70
0
  9
$DIMSE1
 70
0
  9
$DIMSE2
 70
0
  9
$DIMTAD
 70
1
  9
$DIMZIN
 70
12
  9
$DIMBLK
  1
ARCHTICK
  9
$DIMASO
 70
1
  9
$DIMSHO
 70
1
  9
$DIMPOST
  1

  9
$DIMAPOST
  1

  9
$DIMALT
 70
0
  9
$DIMALTD
 70
3
  9
$DIMALTF
 40
0.03937007874
  9
$DIMLFAC
 40
100.0
  9
$DIMTOFL
 70
1
  9
$DIMTVP
 40
0.0
  9
$DIMTIX
 70
0
  9
$DIMSOXD
 70
0
  9
$DIMSAH
 70
0
  9
$DIMBLK1
  1

  9
$DIMBLK2
  1

  9
$DIMSTYLE
  2
EZDXF
  9
$DIMCLRD
 70
0
  9
$DIMCLRE
 70
0
  9
$DIMCLRT
 70
0
  9
$DIMTFAC
 40
0.5
  9
$DIMGAP
 40
0.1
  9
$DIMJUST
 70
0
  9
$DIMSD1
 70
0
  9
$DIMSD2
 70
0
  9
$DIMTOLJ
 70
0
  9
$DIMTZIN
 70
8
  9
$DIMALTZ
 70
0
  9
$DIMALTTZ
 70
0
  9
$DIMUPT
 70
1
  9
$DIMDEC
 70
2
  9
$DIMTDEC
 70
2
  9
$DIMALTU
 70
2
  9
$DIMALTTD
 70
3
  9
$DIMTXSTY
  7
OpenSansCondensed-Light
  9
$DIMAUNIT
 70
0
  9
$DIMADEC
 70
2
  9
$DIMALTRND
 40
0.0
  9
$DIMAZIN
 70
3
  9
$DIMDSEP
 70
46
  9
$DIMATFIT
 70
3
  9
$DIMFRAC
 70
0
  9
$DIMLDRBLK
  1

  9
$DIMLUNIT
 70
2
  9
$DIMLWD
 70
-2
  9
$DIMLWE
 70
-2
  9
$DIMTMOVE
 70
2
  9
$DIMFXL
 40
1.0
  9
$DIMFXLON
 70
0
  9
$DIMJOGANG
 40
0.785398163397
  9
$DIMTFILL
 70
0
  9
$DIMTFILLCLR
 70
0
  9
$DIMARCSYM
 70
0
  9
$DIMLTYPE
  6

  9
$DIMLTEX1
  6

  9
$DIMLTEX2
  6

  9
$DIMTXTDIRECTION
 70
0
  9
$LUNITS
 70
2
  9
$LUPREC
 70
4
  9
$SKETCHINC
 40
1.0
  9
$FILLETRAD
 40
10.0
  9
$AUNITS
 70
0
  9
$AUPREC
 70
2
  9
$MENU
  1
.
  9
$ELEVATION
 40
0.0
  9
$PELEVATION
 40
0.0
  9
$THICKNESS
 40
0.0
  9
$LIMCHECK
 70
0
  9
$CHAMFERA
 40
0.0
  9
$CHAMFERB
 40
0.0
  9
$CHAMFERC
 40
0.0
  9
$CHAMFERD
 40
0.0
  9
$SKPOLY
 70
0
  9
$TDCREATE
 40
2461213.3299537036
  9
$TDUCREATE
 40
2458532.153996898
  9
$TDUPDATE
 40
2461213.3299537036
  9
$TDUUPDATE
 40
2458532.1544311
  9
$TDINDWG
 40
0.0
  9
$TDUSRTIMER
 40
0.0
  9
$USRTIMER
 70
1
  9
$ANGBASE
 50
0.0
  9
$ANGDIR
 70
0
  9
$PDMODE
 70
0
  9
$PDSIZE
 40
0.0
  9
$PLINEWID
 40
0.0
  9
$SPLFRAME
 70
0
  9
$SPLINETYPE
 70
6
  9
$SPLINESEGS
 70
8
  9
$HANDSEED
  5
63E
  9
$SURFTAB1
 70
6
  9
$SURFTAB2
 70
6
  9
$SURFTYPE
 70
6
  9
$SURFU
 70
6
  9
$SURFV
 70
6
  9
$UCSBASE
  2

  9
$UCSNAME
  2

  9
$UCSORG
 10
0.0
 20
0.0
 30
0.0
  9
$UCSXDIR
 10
1.0
 20
0.0
 30
0.0
  9
$UCSYDIR
 10
0.0
 20
1.0
 30
0.0
  9
$UCSORTHOREF
  2

  9
$UCSORTHOVIEW
 70
0
  9
$UCSORGTOP
 10
0.0
 20
0.0
 30
0.0
  9
$UCSORGBOTTOM
 10
0.0
 20
0.0
 30
0.0
  9
$UCSORGLEFT
 10
0.0
 20
0.0
 30
0.0
  9
$UCSORGRIGHT
 10
0.0
 20
0.0
 30
0.0
  9
$UCSORGFRONT
 10
0.0
 20
0.0
 30
0.0
  9
$UCSORGBACK
 10
0.0
 20
0.0
 30
0.0
  9
$PUCSBASE
  2

  9
$PUCSNAME
  2

  9
$PUCSORG
 10
0.0
 20
0.0
 30
0.0
  9
$PUCSXDIR
 10
1.0
 20
0.0
 30
0.0
  9
$PUCSYDIR
 10
0.0
 20
1.0
 30
0.0
  9
$PUCSORTHOREF
  2

  9
$PUCSORTHOVIEW
 70
0
  9
$PUCSORGTOP
 10
0.0
 20
0.0
 30
0.0
  9
$PUCSORGBOTTOM
 10
0.0
 20
0.0
 30
0.0
  9
$PUCSORGLEFT
 10
0.0
 20
0.0
 30
0.0
  9
$PUCSORGRIGHT
 10
0.0
 20
0.0
 30
0.0
  9
$PUCSORGFRONT
 10
0.0
 20
0.0
 30
0.0
  9
$PUCSORGBACK
 10
0.0
 20
0.0
 30
0.0
  9
$USERI1
 70
0
  9
$USERI2
 70
0
  9
$USERI3
 70
0
  9
$USERI4
 70
0
  9
$USERI5
 70
0
  9
$USERR1
 40
0.0
  9
$USERR2
 40
0.0
  9
$USERR3
 40
0.0
  9
$USERR4
 40
0.0
  9
$USERR5
 40
0.0
  9
$WORLDVIEW
 70
1
  9
$SHADEDGE
 70
3
  9
$SHADEDIF
 70
70
  9
$TILEMODE
 70
1
  9
$MAXACTVP
 70
64
  9
$PINSBASE
 10
0.0
 20
0.0
 30
0.0
  9
$PLIMCHECK
 70
0
  9
$PEXTMIN
 10
1e+20
 20
1e+20
 30
1e+20
  9
$PEXTMAX
 10
-1e+20
 20
-1e+20
 30
-1e+20
  9
$PLIMMIN
 10
0.0
 20
0.0
  9
$PLIMMAX
 10
420.0
 20
297.0
  9
$UNITMODE
 70
0
  9
$VISRETAIN
 70
1
  9
$PLINEGEN
 70
0
  9
$PSLTSCALE
 70
1
  9
$TREEDEPTH
 70
3020
  9
$CMLSTYLE
  2
Standard
  9
$CMLJUST
 70
0
  9
$CMLSCALE
 40
20.0
  9
$PROXYGRAPHICS
 70
1
  9
$MEASUREMENT
 70
1
  9
$CELWEIGHT
370
-1
  9
$ENDCAPS
280
0
  9
$JOINSTYLE
280
0
  9
$LWDISPLAY
290
0
  9
$INSUNITS
 70
6
  9
$HYPERLINKBASE
  1

  9
$STYLESHEET
  1

  9
$XEDIT
290
1
  9
$CEPSNTYPE
380
0
  9
$PSTYLEMODE
290
1
  9
$FINGERPRINTGUID
  2
{FD805E8B-6744-4C20-AA9D-2280EF0F06BC}
  9
$VERSIONGUID
  2
{F1F55043-7BAA-4074-8F50-E5876F1845F6}
  9
$EXTNAMES
290
1
  9
$PSVPSCALE
 40
0.0
  9
$OLESTARTUP
290
0
  9
$SORTENTS
280
127
  9
$INDEXCTL
280
0
  9
$HIDETEXT
280
1
  9
$XCLIPFRAME
280
1
  9
$HALOGAP
280
0
  9
$OBSCOLOR
 70
257
  9
$OBSLTYPE
280
0
  9
$INTERSECTIONDISPLAY
280
0
  9
$INTERSECTIONCOLOR
 70
257
  9
$DIMASSOC
280
2
  9
$PROJECTNAME
  1

  9
$CAMERADISPLAY
290
0
  9
$LENSLENGTH
 40
50.0
  9
$CAMERAHEIGHT
 40
0.0
  9
$STEPSPERSEC
 40
24.0
  9
$STEPSIZE
 40
100.0
  9
$3DDWFPREC
 40
2.0
  9
$PSOLWIDTH
 40
0.005
  9
$PSOLHEIGHT
 40
0.08
  9
$LOFTANG1
 40
1.570796326795
  9
$LOFTANG2
 40
1.570796326795
  9
$LOFTMAG1
 40
0.0
  9
$LOFTMAG2
 40
0.0
  9
$LOFTPARAM
 70
7
  9
$LOFTNORMALS
280
1
  9
$LATITUDE
 40
37.795
  9
$LONGITUDE
 40
-122.394
  9
$NORTHDIRECTION
 40
0.0
  9
$TIMEZONE
 70
-8000
  9
$LIGHTGLYPHDISPLAY
280
1
  9
$TILEMODELIGHTSYNCH
280
1
  9
$CMATERIAL
347
20
  9
$SOLIDHIST
280
0
  9
$SHOWHIST
280
1
  9
$DWFFRAME
280
2
  9
$DGNFRAME
280
2
  9
$REALWORLDSCALE
290
1
  9
$INTERFERECOLOR
 62
256
  9
$CSHADOW
280
0
  9
$SHADOWPLANELOCATION
 40
0.0
  0
ENDSEC
  0
SECTION
  2
CLASSES
  0
CLASS
  1
ACDBDICTIONARYWDFLT
  2
AcDbDictionaryWithDefault
  3
ObjectDBX Classes
 90
0
 91
0
280
0
281
0
  0
CLASS
  1
SUN
  2
AcDbSun
  3
SCENEOE
 90
1153
 91
0
280
0
281
0
  0
CLASS
  1
VISUALSTYLE
  2
AcDbVisualStyle
  3
ObjectDBX Classes
 90
4095
 91
0
280
0
281
0
  0
CLASS
  1
MATERIAL
  2
AcDbMaterial
  3
ObjectDBX Classes
 90
1153
 91
0
280
0
281
0
  0
CLASS
  1
SCALE
  2
AcDbScale
  3
ObjectDBX Classes
 90
1153
 91
0
280
0
281
0
  0
CLASS
  1
TABLESTYLE
  2
AcDbTableStyle
  3
ObjectDBX Classes
 90
4095
 91
0
280
0
281
0
  0
CLASS
  1
MLEADERSTYLE
  2
AcDbMLeaderStyle
  3
ACDB_MLEADERSTYLE_CLASS
 90
4095
 91
0
280
0
281
0
  0
CLASS
  1
DICTIONARYVAR
  2
AcDbDictionaryVar
  3
ObjectDBX Classes
 90
0
 91
0
280
0
281
0
  0
CLASS
  1
CELLSTYLEMAP
  2
AcDbCellStyleMap
  3
ObjectDBX Classes
 90
1152
 91
0
280
0
281
0
  0
CLASS
  1
MENTALRAYRENDERSETTINGS
  2
AcDbMentalRayRenderSettings
  3
SCENEOE
 90
1024
 91
0
280
0
281
0
  0
CLASS
  1
ACDBDETAILVIEWSTYLE
  2
AcDbDetailViewStyle
  3
ObjectDBX Classes
 90
1025
 91
0
280
0
281
0
  0
CLASS
  1
ACDBSECTIONVIEWSTYLE
  2
AcDbSectionViewStyle
  3
ObjectDBX Classes
 90
1025
 91
0
280
0
281
0
  0
CLASS
  1
RASTERVARIABLES
  2
AcDbRasterVariables
  3
ISM
 90
0
 91
0
280
0
281
0
  0
CLASS
  1
LAYOUT
  2
AcDbLayout
  3
ObjectDBX Classes
 90
0
 91
0
280
0
281
0
  0
CLASS
  1
ACDBPLACEHOLDER
  2
AcDbPlaceHolder
  3
ObjectDBX Classes
 90
0
 91
0
280
0
281
0
  0
ENDSEC
  0
SECTION
  2
TABLES
  0
TABLE
  2
VPORT
  5
8
330
0
100
AcDbSymbolTable
 70
1
  0
VPORT
  5
23
330
8
100
AcDbSymbolTableRecord
100
AcDbViewportTableRecord
  2
*Active
 70
0
 10
0.0
 20
0.0
 11
1.0
 21
1.0
 12
0.0
 22
0.0
 13
0.0
 23
0.0
 14
0.5
 24
0.5
 15
0.5
 25
0.5
 16
0.0
 26
0.0
 36
1.0
 17
0.0
 27
0.0
 37
0.0
 40
1000.0
 41
1.34
 42
50.0
 43
0.0
 44
0.0
 50
0.0
 51
0.0
 71
0
 72
1000
 73
1
 74
3
 75
0
 76
0
 77
0
 78
0
281
0
 65
0
146
0.0
  0
ENDTAB
  0
TABLE
  2
LTYPE
  5
2
330
0
100
AcDbSymbolTable
 70
21
  0
LTYPE
  5
24
330
2
100
AcDbSymbolTableRecord
100
AcDbLinetypeTableRecord
  2
ByBlock
 70
0
  3

 72
65
 73
0
 40
0.0
  0
LTYPE
  5
25
330
2
100
AcDbSymbolTableRecord
100
AcDbLinetypeTableRecord
  2
ByLayer
 70
0
  3

 72
65
 73
0
 40
0.0
  0
LTYPE
  5
26
330
2
100
AcDbSymbolTableRecord
100
AcDbLinetypeTableRecord
  2
Continuous
 70
0
  3

 72
65
 73
0
 40
0.0
  0
LTYPE
  5
2F
330
2
100
AcDbSymbolTableRecord
100
AcDbLinetypeTableRecord
  2
CENTER
 70
0
  3
Center ____ _ ____ _ ____ _ ____ _ ____ _ ____
 72
65
 73
4
 40
5.08
 49
3.175
 74
0
 49
-0.635
 74
0
 49
0.635
 74
0
 49
-0.635
 74
0
  0
LTYPE
  5
30
330
2
100
AcDbSymbolTableRecord
100
AcDbLinetypeTableRecord
  2
CENTERX2
 70
0
  3
Center (2x) ________  __  ________  __  ________
 72
65
 73
4
 40
8.89
 49
6.35
 74
0
 49
-0.635
 74
0
 49
1.27
 74
0
 49
-0.635
 74
0
  0
LTYPE
  5
31
330
2
100
AcDbSymbolTableRecord
100
AcDbLinetypeTableRecord
  2
CENTER2
 70
0
  3
Center (.5x) ____ _ ____ _ ____ _ ____ _ ____
 72
65
 73
4
 40
2.54
 49
1.587
 74
0
 49
-0.318
 74
0
 49
0.318
 74
0
 49
-0.318
 74
0
  0
LTYPE
  5
32
330
2
100
AcDbSymbolTableRecord
100
AcDbLinetypeTableRecord
  2
DASHED
 70
0
  3
Dashed __ __ __ __ __ __ __ __ __ __ __ __ __ _
 72
65
 73
2
 40
1.524
 49
1.27
 74
0
 49
-0.254
 74
0
  0
LTYPE
  5
33
330
2
100
AcDbSymbolTableRecord
100
AcDbLinetypeTableRecord
  2
DASHEDX2
 70
0
  3
Dashed (2x) ____  ____  ____  ____  ____  ____
 72
65
 73
2
 40
3.048
 49
2.54
 74
0
 49
-0.508
 74
0
  0
LTYPE
  5
34
330
2
100
AcDbSymbolTableRecord
100
AcDbLinetypeTableRecord
  2
DASHED2
 70
0
  3
Dashed (.5x) _ _ _ _ _ _ _ _ _ _ _ _ _ _
 72
65
 73
2
 40
0.762
 49
0.635
 74
0
 49
-0.127
 74
0
  0
LTYPE
  5
35
330
2
100
AcDbSymbolTableRecord
100
AcDbLinetypeTableRecord
  2
PHANTOM
 70
0
  3
Phantom ______  __  __  ______  __  __  ______
 72
65
 73
6
 40
6.35
 49
3.175
 74
0
 49
-0.635
 74
0
 49
0.635
 74
0
 49
-0.635
 74
0
 49
0.635
 74
0
 49
-0.635
 74
0
  0
LTYPE
  5
36
330
2
100
AcDbSymbolTableRecord
100
AcDbLinetypeTableRecord
  2
PHANTOMX2
 70
0
  3
Phantom (2x)____________    ____    ____    ____________
 72
65
 73
6
 40
10.795
 49
6.35
 74
0
 49
-0.635
 74
0
 49
1.27
 74
0
 49
-0.635
 74
0
 49
1.27
 74
0
 49
-0.635
 74
0
  0
LTYPE
  5
37
330
2
100
AcDbSymbolTableRecord
100
AcDbLinetypeTableRecord
  2
PHANTOM2
 70
0
  3
Phantom (.5x) ___ _ _ ___ _ _ ___ _ _ ___ _ _ ___
 72
65
 73
6
 40
3.175
 49
1.587
 74
0
 49
-0.318
 74
0
 49
0.318
 74
0
 49
-0.318
 74
0
 49
0.318
 74
0
 49
-0.318
 74
0
  0
LTYPE
  5
38
330
2
100
AcDbSymbolTableRecord
100
AcDbLinetypeTableRecord
  2
DASHDOT
 70
0
  3
Dash dot __ . __ . __ . __ . __ . __ . __ . __
 72
65
 73
4
 40
3.556
 49
2.54
 74
0
 49
-0.508
 74
0
 49
0.0
 74
0
 49
-0.508
 74
0
  0
LTYPE
  5
39
330
2
100
AcDbSymbolTableRecord
100
AcDbLinetypeTableRecord
  2
DASHDOTX2
 70
0
  3
Dash dot (2x) ____  .  ____  .  ____  .  ____
 72
65
 73
4
 40
6.096
 49
5.08
 74
0
 49
-0.508
 74
0
 49
0.0
 74
0
 49
-0.508
 74
0
  0
LTYPE
  5
3A
330
2
100
AcDbSymbolTableRecord
100
AcDbLinetypeTableRecord
  2
DASHDOT2
 70
0
  3
Dash dot (.5x) _ . _ . _ . _ . _ . _ . _ . _
 72
65
 73
4
 40
1.778
 49
1.27
 74
0
 49
-0.254
 74
0
 49
0.0
 74
0
 49
-0.254
 74
0
  0
LTYPE
  5
3B
330
2
100
AcDbSymbolTableRecord
100
AcDbLinetypeTableRecord
  2
DOT
 70
0
  3
Dot .  .  .  .  .  .  .  .  .  .  .  .  .  .  .  .
 72
65
 73
2
 40
0.508
 49
0.0
 74
0
 49
-0.508
 74
0
  0
LTYPE
  5
3C
330
2
100
AcDbSymbolTableRecord
100
AcDbLinetypeTableRecord
  2
DOTX2
 70
0
  3
Dot (2x) .    .    .    .    .    .    .    . 
 72
65
 73
2
 40
1.016
 49
0.0
 74
0
 49
-1.016
 74
0
  0
LTYPE
  5
3D
330
2
100
AcDbSymbolTableRecord
100
AcDbLinetypeTableRecord
  2
DOT2
 70
0
  3
Dot (.5) . . . . . . . . . . . . . . . . . . . 
 72
65
 73
2
 40
0.254
 49
0.0
 74
0
 49
-0.254
 74
0
  0
LTYPE
  5
3E
330
2
100
AcDbSymbolTableRecord
100
AcDbLinetypeTableRecord
  2
DIVIDE
 70
0
  3
Divide __ . . __ . . __ . . __ . . __ . . __
 72
65
 73
6
 40
4.064
 49
2.54
 74
0
 49
-0.508
 74
0
 49
0.0
 74
0
 49
-0.508
 74
0
 49
0.0
 74
0
 49
-0.508
 74
0
  0
LTYPE
  5
3F
330
2
100
AcDbSymbolTableRecord
100
AcDbLinetypeTableRecord
  2
DIVIDEX2
 70
0
  3
Divide (2x) ____  . .  ____  . .  ____  . .  ____
 72
65
 73
6
 40
6.604
 49
5.08
 74
0
 49
-0.508
 74
0
 49
0.0
 74
0
 49
-0.508
 74
0
 49
0.0
 74
0
 49
-0.508
 74
0
  0
LTYPE
  5
40
330
2
100
AcDbSymbolTableRecord
100
AcDbLinetypeTableRecord
  2
DIVIDE2
 70
0
  3
Divide(.5x) _ . _ . _ . _ . _ . _ . _ . _
 72
65
 73
6
 40
2.032
 49
1.27
 74
0
 49
-0.254
 74
0
 49
0.0
 74
0
 49
-0.254
 74
0
 49
0.0
 74
0
 49
-0.254
 74
0
  0
ENDTAB
  0
TABLE
  2
LAYER
  5
1
330
0
100
AcDbSymbolTable
 70
11
  0
LAYER
  5
27
330
1
100
AcDbSymbolTableRecord
100
AcDbLayerTableRecord
  2
0
 70
0
 62
7
  6
Continuous
370
-3
390
13
347
21
  0
LAYER
  5
28
330
1
100
AcDbSymbolTableRecord
100
AcDbLayerTableRecord
  2
Defpoints
 70
0
 62
7
  6
Continuous
290
0
370
-3
390
13
347
21
  0
LAYER
  5
8A
330
1
100
AcDbSymbolTableRecord
100
AcDbLayerTableRecord
  2
PISO-Moret-COMPLETA
 70
0
 62
8
  6
Continuous
370
-3
390
13
347
21
  0
LAYER
  5
8B
330
1
100
AcDbSymbolTableRecord
100
AcDbLayerTableRecord
  2
PISO-Moret-RECORTE
 70
0
 62
30
  6
Continuous
370
-3
390
13
347
21
  0
LAYER
  5
8C
330
1
100
AcDbSymbolTableRecord
100
AcDbLayerTableRecord
  2
CONTEXTO-OTRO-PISO
 70
0
 62
254
  6
Continuous
370
-3
390
13
347
21
  0
LAYER
  5
8D
330
1
100
AcDbSymbolTableRecord
100
AcDbLayerTableRecord
  2
ID-PIEZA
 70
0
 62
7
  6
Continuous
370
-3
390
13
347
21
  0
LAYER
  5
8E
330
1
100
AcDbSymbolTableRecord
100
AcDbLayerTableRecord
  2
RECORTE-PIEZA
 70
0
 62
3
  6
Continuous
370
-3
390
13
347
21
  0
LAYER
  5
8F
330
1
100
AcDbSymbolTableRecord
100
AcDbLayerTableRecord
  2
RECORTE-SOBRANTE
 70
0
 62
2
  6
Continuous
370
-3
390
13
347
21
  0
LAYER
  5
90
330
1
100
AcDbSymbolTableRecord
100
AcDbLayerTableRecord
  2
RECORTE-DESPERDICIO
 70
0
 62
1
  6
Continuous
370
-3
390
13
347
21
  0
LAYER
  5
91
330
1
100
AcDbSymbolTableRecord
100
AcDbLayerTableRecord
  2
RECORTE-TEXTO
 70
0
 62
7
  6
Continuous
370
-3
390
13
347
21
  0
LAYER
  5
92
330
1
100
AcDbSymbolTableRecord
100
AcDbLayerTableRecord
  2
TITULO
 70
0
 62
5
  6
Continuous
370
-3
390
13
347
21
  0
ENDTAB
  0
TABLE
  2
STYLE
  5
5
330
0
100
AcDbSymbolTable
 70
26
  0
STYLE
  5
29
330
5
100
AcDbSymbolTableRecord
100
AcDbTextStyleTableRecord
  2
Standard
 70
0
 40
0.0
 41
1.0
 50
0.0
 71
0
 42
2.5
  3
txt
  4

  0
STYLE
  5
41
330
5
100
AcDbSymbolTableRecord
100
AcDbTextStyleTableRecord
  2
OpenSans-Light
 70
0
 40
0.0
 41
1.0
 50
0.0
 71
0
 42
2.5
  3
OpenSans-Light.ttf
  4

  0
STYLE
  5
42
330
5
100
AcDbSymbolTableRecord
100
AcDbTextStyleTableRecord
  2
OpenSans-Light-Italic
 70
0
 40
0.0
 41
1.0
 50
0.0
 71
0
 42
2.5
  3
OpenSans-LightItalic.ttf
  4

  0
STYLE
  5
43
330
5
100
AcDbSymbolTableRecord
100
AcDbTextStyleTableRecord
  2
OpenSans
 70
0
 40
0.0
 41
1.0
 50
0.0
 71
0
 42
2.5
  3
OpenSans-Regular.ttf
  4

  0
STYLE
  5
44
330
5
100
AcDbSymbolTableRecord
100
AcDbTextStyleTableRecord
  2
OpenSans-Italic
 70
0
 40
0.0
 41
1.0
 50
0.0
 71
0
 42
2.5
  3
OpenSans-Italic.ttf
  4

  0
STYLE
  5
45
330
5
100
AcDbSymbolTableRecord
100
AcDbTextStyleTableRecord
  2
OpenSans-SemiBold
 70
0
 40
0.0
 41
1.0
 50
0.0
 71
0
 42
2.5
  3
OpenSans-SemiBold.ttf
  4

  0
STYLE
  5
46
330
5
100
AcDbSymbolTableRecord
100
AcDbTextStyleTableRecord
  2
OpenSans-SemiBoldItalic
 70
0
 40
0.0
 41
1.0
 50
0.0
 71
0
 42
2.5
  3
OpenSans-SemiBoldItalic.ttf
  4

  0
STYLE
  5
47
330
5
100
AcDbSymbolTableRecord
100
AcDbTextStyleTableRecord
  2
OpenSans-Bold
 70
0
 40
0.0
 41
1.0
 50
0.0
 71
0
 42
2.5
  3
OpenSans-Bold.ttf
  4

  0
STYLE
  5
48
330
5
100
AcDbSymbolTableRecord
100
AcDbTextStyleTableRecord
  2
OpenSans-BoldItalic
 70
0
 40
0.0
 41
1.0
 50
0.0
 71
0
 42
2.5
  3
OpenSans-BoldItalic.ttf
  4

  0
STYLE
  5
49
330
5
100
AcDbSymbolTableRecord
100
AcDbTextStyleTableRecord
  2
OpenSans-ExtraBold
 70
0
 40
0.0
 41
1.0
 50
0.0
 71
0
 42
2.5
  3
OpenSans-ExtraBold.ttf
  4

  0
STYLE
  5
4A
330
5
100
AcDbSymbolTableRecord
100
AcDbTextStyleTableRecord
  2
OpenSans-ExtraBoldItalic
 70
0
 40
0.0
 41
1.0
 50
0.0
 71
0
 42
2.5
  3
OpenSans-ExtraBoldItalic.ttf
  4

  0
STYLE
  5
4B
330
5
100
AcDbSymbolTableRecord
100
AcDbTextStyleTableRecord
  2
OpenSansCondensed-Bold
 70
0
 40
0.0
 41
1.0
 50
0.0
 71
0
 42
2.5
  3
OpenSansCondensed-Bold.ttf
  4

  0
STYLE
  5
4C
330
5
100
AcDbSymbolTableRecord
100
AcDbTextStyleTableRecord
  2
OpenSansCondensed-Light
 70
0
 40
0.0
 41
1.0
 50
0.0
 71
0
 42
2.5
  3
OpenSansCondensed-Light.ttf
  4

  0
STYLE
  5
4D
330
5
100
AcDbSymbolTableRecord
100
AcDbTextStyleTableRecord
  2
OpenSansCondensed-Italic
 70
0
 40
0.0
 41
1.0
 50
0.0
 71
0
 42
2.5
  3
OpenSansCondensed-LightItalic.ttf
  4

  0
STYLE
  5
4E
330
5
100
AcDbSymbolTableRecord
100
AcDbTextStyleTableRecord
  2
LiberationSans
 70
0
 40
0.0
 41
1.0
 50
0.0
 71
0
 42
2.5
  3
LiberationSans-Regular.ttf
  4

  0
STYLE
  5
4F
330
5
100
AcDbSymbolTableRecord
100
AcDbTextStyleTableRecord
  2
LiberationSans-Bold
 70
0
 40
0.0
 41
1.0
 50
0.0
 71
0
 42
2.5
  3
LiberationSans-Bold.ttf
  4

  0
STYLE
  5
50
330
5
100
AcDbSymbolTableRecord
100
AcDbTextStyleTableRecord
  2
LiberationSans-BoldItalic
 70
0
 40
0.0
 41
1.0
 50
0.0
 71
0
 42
2.5
  3
LiberationSans-BoldItalic.ttf
  4

  0
STYLE
  5
51
330
5
100
AcDbSymbolTableRecord
100
AcDbTextStyleTableRecord
  2
LiberationSans-Italic
 70
0
 40
0.0
 41
1.0
 50
0.0
 71
0
 42
2.5
  3
LiberationSans-Italic.ttf
  4

  0
STYLE
  5
52
330
5
100
AcDbSymbolTableRecord
100
AcDbTextStyleTableRecord
  2
LiberationSerif
 70
0
 40
0.0
 41
1.0
 50
0.0
 71
0
 42
2.5
  3
LiberationSerif-Regular.ttf
  4

  0
STYLE
  5
53
330
5
100
AcDbSymbolTableRecord
100
AcDbTextStyleTableRecord
  2
LiberationSerif-Bold
 70
0
 40
0.0
 41
1.0
 50
0.0
 71
0
 42
2.5
  3
LiberationSerif-Bold.ttf
  4

  0
STYLE
  5
54
330
5
100
AcDbSymbolTableRecord
100
AcDbTextStyleTableRecord
  2
LiberationSerif-BoldItalic
 70
0
 40
0.0
 41
1.0
 50
0.0
 71
0
 42
2.5
  3
LiberationSerif-BoldItalic.ttf
  4

  0
STYLE
  5
55
330
5
100
AcDbSymbolTableRecord
100
AcDbTextStyleTableRecord
  2
LiberationSerif-Italic
 70
0
 40
0.0
 41
1.0
 50
0.0
 71
0
 42
2.5
  3
LiberationSerif-Italic.ttf
  4

  0
STYLE
  5
56
330
5
100
AcDbSymbolTableRecord
100
AcDbTextStyleTableRecord
  2
LiberationMono
 70
0
 40
0.0
 41
1.0
 50
0.0
 71
0
 42
2.5
  3
LiberationMono-Regular.ttf
  4

  0
STYLE
  5
57
330
5
100
AcDbSymbolTableRecord
100
AcDbTextStyleTableRecord
  2
LiberationMono-Bold
 70
0
 40
0.0
 41
1.0
 50
0.0
 71
0
 42
2.5
  3
LiberationMono-Bold.ttf
  4

  0
STYLE
  5
58
330
5
100
AcDbSymbolTableRecord
100
AcDbTextStyleTableRecord
  2
LiberationMono-BoldItalic
 70
0
 40
0.0
 41
1.0
 50
0.0
 71
0
 42
2.5
  3
LiberationMono-BoldItalic.ttf
  4

  0
STYLE
  5
59
330
5
100
AcDbSymbolTableRecord
100
AcDbTextStyleTableRecord
  2
LiberationMono-Italic
 70
0
 40
0.0
 41
1.0
 50
0.0
 71
0
 42
2.5
  3
LiberationMono-Italic.ttf
  4

  0
ENDTAB
  0
TABLE
  2
VIEW
  5
7
330
0
100
AcDbSymbolTable
 70
0
  0
ENDTAB
  0
TABLE
  2
UCS
  5
6
330
0
100
AcDbSymbolTable
 70
0
  0
ENDTAB
  0
TABLE
  2
APPID
  5
3
330
0
100
AcDbSymbolTable
 70
3
  0
APPID
  5
2A
330
3
100
AcDbSymbolTableRecord
100
AcDbRegAppTableRecord
  2
ACAD
 70
0
  0
APPID
  5
63B
330
3
100
AcDbSymbolTableRecord
100
AcDbRegAppTableRecord
  2
HATCHBACKGROUNDCOLOR
 70
0
  0
APPID
  5
63C
330
3
100
AcDbSymbolTableRecord
100
AcDbRegAppTableRecord
  2
EZDXF
 70
0
  0
ENDTAB
  0
TABLE
  2
DIMSTYLE
  5
4
330
0
100
AcDbSymbolTable
 70
12
100
AcDbDimStyleTable
  0
DIMSTYLE
105
2B
330
4
100
AcDbSymbolTableRecord
100
AcDbDimStyleTableRecord
  2
Standard
 70
0
 40
1.0
 41
2.5
 42
0.625
 43
3.75
 44
1.25
 45
0.0
 46
0.0
 47
0.0
 48
0.0
 49
2.5
140
2.5
141
2.5
142
0.0
143
0.03937007874
144
1.0
145
0.0
146
1.0
147
0.625
148
0.0
 69
0
 70
0
 71
0
 72
0
 73
0
 74
0
 75
0
 76
0
 77
1
 78
8
 79
3
170
0
171
3
172
1
173
0
174
0
175
0
176
0
177
0
178
0
179
2
271
2
272
2
273
2
274
3
275
0
276
0
277
2
278
44
279
0
280
0
281
0
282
0
283
0
284
8
285
0
286
0
288
0
289
3
290
0
371
-2
372
-2
  0
DIMSTYLE
105
73
330
4
100
AcDbSymbolTableRecord
100
AcDbDimStyleTableRecord
  2
EZDXF
 70
0
 40
1.0
 41
0.175
 42
0.125
 43
3.75
 44
0.375
 45
0.0
 46
0.0
 47
0.0
 48
0.0
 49
2.5
140
0.25
141
2.5
142
0.0
143
0.03937007874
144
100.0
145
0.0
146
0.5
147
0.1
148
0.0
 69
0
 70
0
 71
0
 72
0
 73
0
 74
0
 75
0
 76
0
 77
1
 78
12
 79
3
170
0
171
3
172
1
173
0
174
0
175
0
176
0
177
0
178
0
179
2
271
2
272
2
273
2
274
3
275
0
276
0
277
2
278
46
279
2
280
0
281
0
282
0
283
0
284
8
285
0
286
0
288
1
289
3
290
0
340
4C
342
74
371
-2
372
-2
  0
DIMSTYLE
105
7C
330
4
100
AcDbSymbolTableRecord
100
AcDbDimStyleTableRecord
  2
EZ_M_100_H25_CM
 70
0
 40
1.0
 41
0.25
 42
0.125
 43
3.75
 44
0.375
 45
0.0
 46
0.0
 47
0.0
 48
0.0
 49
2.5
140
0.25
141
2.5
142
0.125
143
0.03937007874
144
100.0
145
0.0
146
0.5
147
0.1
148
0.0
 69
0
 70
0
 71
0
 72
0
 73
0
 74
0
 75
0
 76
0
 77
1
 78
12
 79
3
170
0
171
3
172
1
173
0
174
0
175
0
176
0
177
0
178
0
179
2
271
2
272
2
273
2
274
3
275
0
276
0
277
2
278
46
279
2
280
0
281
0
282
0
283
0
284
8
285
0
286
0
288
1
289
3
290
0
340
4C
371
-2
372
-2
  0
DIMSTYLE
105
7D
330
4
100
AcDbSymbolTableRecord
100
AcDbDimStyleTableRecord
  2
EZ_M_50_H25_CM
 70
0
 40
1.0
 41
0.125
 42
0.0625
 43
3.75
 44
0.1875
 45
0.0
 46
0.0
 47
0.0
 48
0.0
 49
2.5
140
0.125
141
2.5
142
0.0625
143
0.03937007874
144
100.0
145
0.0
146
0.5
147
0.05
148
0.0
 69
0
 70
0
 71
0
 72
0
 73
0
 74
0
 75
0
 76
0
 77
1
 78
12
 79
3
170
0
171
3
172
1
173
0
174
0
175
0
176
0
177
0
178
0
179
2
271
2
272
2
273
2
274
3
275
0
276
0
277
2
278
46
279
2
280
0
281
0
282
0
283
0
284
8
285
0
286
0
288
1
289
3
290
0
340
4C
371
-2
372
-2
  0
DIMSTYLE
105
7E
330
4
100
AcDbSymbolTableRecord
100
AcDbDimStyleTableRecord
  2
EZ_M_25_H25_CM
 70
0
 40
1.0
 41
0.0625
 42
0.03125
 43
3.75
 44
0.09375
 45
0.0
 46
0.0
 47
0.0
 48
0.0
 49
2.5
140
0.0625
141
2.5
142
0.03125
143
0.03937007874
144
100.0
145
0.0
146
0.5
147
0.025
148
0.0
 69
0
 70
0
 71
0
 72
0
 73
0
 74
0
 75
0
 76
0
 77
1
 78
12
 79
3
170
0
171
3
172
1
173
0
174
0
175
0
176
0
177
0
178
0
179
2
271
2
272
2
273
2
274
3
275
0
276
0
277
2
278
46
279
2
280
0
281
0
282
0
283
0
284
8
285
0
286
0
288
1
289
3
290
0
340
4C
371
-2
372
-2
  0
DIMSTYLE
105
7F
330
4
100
AcDbSymbolTableRecord
100
AcDbDimStyleTableRecord
  2
EZ_M_20_H25_CM
 70
0
 40
1.0
 41
0.05
 42
0.025
 43
3.75
 44
0.07500000000000001
 45
0.0
 46
0.0
 47
0.0
 48
0.0
 49
2.5
140
0.05
141
2.5
142
0.025
143
0.03937007874
144
100.0
145
0.0
146
0.5
147
0.020000000000000004
148
0.0
 69
0
 70
0
 71
0
 72
0
 73
0
 74
0
 75
0
 76
0
 77
1
 78
12
 79
3
170
0
171
3
172
1
173
0
174
0
175
0
176
0
177
0
178
0
179
2
271
2
272
2
273
2
274
3
275
0
276
0
277
2
278
46
279
2
280
0
281
0
282
0
283
0
284
8
285
0
286
0
288
1
289
3
290
0
340
4C
371
-2
372
-2
  0
DIMSTYLE
105
80
330
4
100
AcDbSymbolTableRecord
100
AcDbDimStyleTableRecord
  2
EZ_M_10_H25_CM
 70
0
 40
1.0
 41
0.025
 42
0.0125
 43
3.75
 44
0.037500000000000006
 45
0.0
 46
0.0
 47
0.0
 48
0.0
 49
2.5
140
0.025
141
2.5
142
0.0125
143
0.03937007874
144
100.0
145
0.0
146
0.5
147
0.010000000000000002
148
0.0
 69
0
 70
0
 71
0
 72
0
 73
0
 74
0
 75
0
 76
0
 77
1
 78
12
 79
3
170
0
171
3
172
1
173
0
174
0
175
0
176
0
177
0
178
0
179
2
271
2
272
2
273
2
274
3
275
0
276
0
277
2
278
46
279
2
280
0
281
0
282
0
283
0
284
8
285
0
286
0
288
1
289
3
290
0
340
4C
371
-2
372
-2
  0
DIMSTYLE
105
81
330
4
100
AcDbSymbolTableRecord
100
AcDbDimStyleTableRecord
  2
EZ_M_5_H25_CM
 70
0
 40
1.0
 41
0.0125
 42
0.00625
 43
3.75
 44
0.018750000000000003
 45
0.0
 46
0.0
 47
0.0
 48
0.0
 49
2.5
140
0.0125
141
2.5
142
0.00625
143
0.03937007874
144
100.0
145
0.0
146
0.5
147
0.005000000000000001
148
0.0
 69
0
 70
0
 71
0
 72
0
 73
0
 74
0
 75
0
 76
0
 77
1
 78
12
 79
3
170
0
171
3
172
1
173
0
174
0
175
0
176
0
177
0
178
0
179
2
271
2
272
2
273
2
274
3
275
0
276
0
277
2
278
46
279
2
280
0
281
0
282
0
283
0
284
8
285
0
286
0
288
1
289
3
290
0
340
4C
371
-2
372
-2
  0
DIMSTYLE
105
82
330
4
100
AcDbSymbolTableRecord
100
AcDbDimStyleTableRecord
  2
EZ_M_1_H25_CM
 70
0
 40
1.0
 41
0.0025
 42
0.00125
 43
3.75
 44
0.00375
 45
0.0
 46
0.0
 47
0.0
 48
0.0
 49
2.5
140
0.0025
141
2.5
142
0.00125
143
0.03937007874
144
100.0
145
0.0
146
0.5
147
0.001
148
0.0
 69
0
 70
0
 71
0
 72
0
 73
0
 74
0
 75
0
 76
0
 77
1
 78
12
 79
3
170
0
171
3
172
1
173
0
174
0
175
0
176
0
177
0
178
0
179
2
271
2
272
2
273
2
274
3
275
0
276
0
277
2
278
46
279
2
280
0
281
0
282
0
283
0
284
8
285
0
286
0
288
1
289
3
290
0
340
4C
371
-2
372
-2
  0
DIMSTYLE
105
83
330
4
100
AcDbSymbolTableRecord
100
AcDbDimStyleTableRecord
  2
EZ_RADIUS
 70
0
 40
1.0
 41
0.25
 42
0.125
 43
3.75
 44
0.375
 45
0.0
 46
0.0
 47
0.0
 48
0.0
 49
2.5
140
0.25
141
0.0
142
0.0
143
0.03937007874
144
100.0
145
0.0
146
0.5
147
0.1
148
0.0
 69
0
 70
0
 71
0
 72
0
 73
0
 74
0
 75
0
 76
0
 77
1
 78
12
 79
3
170
0
171
3
172
0
173
0
174
0
175
0
176
0
177
0
178
0
179
2
271
2
272
2
273
2
274
3
275
0
276
0
277
2
278
46
279
1
280
0
281
0
282
0
283
0
284
8
285
0
286
0
288
1
289
3
290
0
340
4C
342
84
371
-2
372
-2
  0
DIMSTYLE
105
88
330
4
100
AcDbSymbolTableRecord
100
AcDbDimStyleTableRecord
  2
EZ_RADIUS_INSIDE
 70
0
 40
1.0
 41
0.25
 42
0.125
 43
3.75
 44
0.375
 45
0.0
 46
0.0
 47
0.0
 48
0.0
 49
2.5
140
0.25
141
0.0
142
0.0
143
0.03937007874
144
100.0
145
0.0
146
0.5
147
0.1
148
0.0
 69
0
 70
0
 71
0
 72
0
 73
0
 74
0
 75
0
 76
0
 77
0
 78
12
 79
3
170
0
171
3
172
0
173
0
174
1
175
0
176
0
177
0
178
0
179
2
271
2
272
2
273
2
274
3
275
0
276
0
277
2
278
46
279
0
280
0
281
0
282
0
283
0
284
8
285
0
286
0
288
1
289
0
290
0
340
4C
342
84
371
-2
372
-2
  0
DIMSTYLE
105
89
330
4
100
AcDbSymbolTableRecord
100
AcDbDimStyleTableRecord
  2
EZ_CURVED
 70
0
 40
1.0
 41
0.25
 42
0.125
 43
3.75
 44
0.375
 45
0.0
 46
0.0
 47
0.0
 48
0.0
 49
2.5
140
0.25
141
2.5
142
0.0
143
0.03937007874
144
100.0
145
0.0
146
0.5
147
0.1
148
0.0
 69
0
 70
0
 71
0
 72
0
 73
0
 74
0
 75
0
 76
0
 77
1
 78
12
 79
2
 90
2
170
0
171
3
172
1
173
0
174
0
175
0
176
0
177
0
178
0
179
2
271
2
272
2
273
2
274
3
275
0
276
0
277
2
278
46
279
2
280
0
281
0
282
0
283
0
284
8
285
0
286
0
288
1
289
3
290
0
340
4C
371
-2
372
-2
  0
ENDTAB
  0
TABLE
  2
BLOCK_RECORD
  5
9
330
0
100
AcDbSymbolTable
 70
5
  0
BLOCK_RECORD
  5
17
330
9
100
AcDbSymbolTableRecord
100
AcDbBlockTableRecord
  2
*Model_Space
340
1A
 70
0
280
1
281
0
  0
BLOCK_RECORD
  5
1B
330
9
100
AcDbSymbolTableRecord
100
AcDbBlockTableRecord
  2
*Paper_Space
340
1E
 70
0
280
1
281
0
  0
BLOCK_RECORD
  5
74
330
9
100
AcDbSymbolTableRecord
100
AcDbBlockTableRecord
  2
_ARCHTICK
340
0
 70
0
280
1
281
0
  0
BLOCK_RECORD
  5
78
330
9
100
AcDbSymbolTableRecord
100
AcDbBlockTableRecord
  2
_CLOSEDFILLED
340
0
 70
0
280
1
281
0
  0
BLOCK_RECORD
  5
84
330
9
100
AcDbSymbolTableRecord
100
AcDbBlockTableRecord
  2
_CLOSEDBLANK
340
0
 70
0
280
1
281
0
  0
ENDTAB
  0
ENDSEC
  0
SECTION
  2
BLOCKS
  0
BLOCK
  5
18
330
17
100
AcDbEntity
  8
0
100
AcDbBlockBegin
  2
*Model_Space
 70
0
 10
0.0
 20
0.0
 30
0.0
  3
*Model_Space
  1

  0
ENDBLK
  5
19
330
17
100
AcDbEntity
  8
0
100
AcDbBlockEnd
  0
BLOCK
  5
1C
330
1B
100
AcDbEntity
  8
0
100
AcDbBlockBegin
  2
*Paper_Space
 70
0
 10
0.0
 20
0.0
 30
0.0
  3
*Paper_Space
  1

  0
ENDBLK
  5
1D
330
1B
100
AcDbEntity
  8
0
100
AcDbBlockEnd
  0
BLOCK
  5
75
330
74
100
AcDbEntity
  8
0
100
AcDbBlockBegin
  2
_ARCHTICK
 70
0
 10
0.0
 20
0.0
 30
0.0
  3
_ARCHTICK
  1

  0
LWPOLYLINE
  5
77
330
74
100
AcDbEntity
  8
0
  6
BYBLOCK
 62
0
100
AcDbPolyline
 90
2
 70
0
 43
0.15
 10
-0.5
 20
-0.5
 10
0.5
 20
0.5
  0
ENDBLK
  5
76
330
74
100
AcDbEntity
  8
0
100
AcDbBlockEnd
  0
BLOCK
  5
79
330
78
100
AcDbEntity
  8
0
100
AcDbBlockBegin
  2
_CLOSEDFILLED
 70
0
 10
0.0
 20
0.0
 30
0.0
  3
_CLOSEDFILLED
  1

  0
SOLID
  5
7B
330
78
100
AcDbEntity
  8
0
  6
BYBLOCK
 62
0
100
AcDbTrace
 10
-1.0
 20
0.16439898372402537
 30
0.0
 11
0.0
 21
0.0
 31
0.0
 12
-1.0
 22
-0.16439898372402537
 32
0.0
 13
-1.0
 23
-0.16439898372402537
 33
0.0
  0
ENDBLK
  5
7A
330
78
100
AcDbEntity
  8
0
100
AcDbBlockEnd
  0
BLOCK
  5
85
330
84
100
AcDbEntity
  8
0
100
AcDbBlockBegin
  2
_CLOSEDBLANK
 70
0
 10
0.0
 20
0.0
 30
0.0
  3
_CLOSEDBLANK
  1

  0
LWPOLYLINE
  5
87
330
84
100
AcDbEntity
  8
0
  6
BYBLOCK
 62
0
100
AcDbPolyline
 90
3
 70
1
 10
-1.0
 20
0.16439898372402537
 10
0.0
 20
0.0
 10
-1.0
 20
-0.16439898372402537
  0
ENDBLK
  5
86
330
84
100
AcDbEntity
  8
0
100
AcDbBlockEnd
  0
ENDSEC
  0
SECTION
  2
ENTITIES
  0
LWPOLYLINE
  5
93
330
17
100
AcDbEntity
  8
CONTEXTO-OTRO-PISO
100
AcDbPolyline
 90
4
 70
1
 10
502.1632
 20
-86.5604
 10
502.3632
 20
-86.5604
 10
502.3632
 20
-85.5109
 10
502.1632
 20
-85.5109
  0
LWPOLYLINE
  5
94
330
17
100
AcDbEntity
  8
CONTEXTO-OTRO-PISO
100
AcDbPolyline
 90
4
 70
1
 10
502.1632
 20
-85.5099
 10
502.3632
 20
-85.5099
 10
502.3632
 20
-84.3099
 10
502.1632
 20
-84.3099
  0
LWPOLYLINE
  5
95
330
17
100
AcDbEntity
  8
CONTEXTO-OTRO-PISO
100
AcDbPolyline
 90
4
 70
1
 10
501.9622
 20
-86.5604
 10
502.1622
 20
-86.5604
 10
502.1622
 20
-86.1114
 10
501.9622
 20
-86.1114
  0
LWPOLYLINE
  5
96
330
17
100
AcDbEntity
  8
CONTEXTO-OTRO-PISO
100
AcDbPolyline
 90
4
 70
1
 10
501.9622
 20
-86.1104
 10
502.1622
 20
-86.1104
 10
502.1622
 20
-84.9104
 10
501.9622
 20
-84.9104
  0
LWPOLYLINE
  5
97
330
17
100
AcDbEntity
  8
CONTEXTO-OTRO-PISO
100
AcDbPolyline
 90
4
 70
1
 10
501.7612
 20
-86.5604
 10
501.96119999999996
 20
-86.5604
 10
501.96119999999996
 20
-85.5109
 10
501.7612
 20
-85.5109
  0
LWPOLYLINE
  5
98
330
17
100
AcDbEntity
  8
CONTEXTO-OTRO-PISO
100
AcDbPolyline
 90
4
 70
1
 10
501.7612
 20
-85.5099
 10
501.96119999999996
 20
-85.5099
 10
501.96119999999996
 20
-84.3099
 10
501.7612
 20
-84.3099
  0
LWPOLYLINE
  5
99
330
17
100
AcDbEntity
  8
CONTEXTO-OTRO-PISO
100
AcDbPolyline
 90
4
 70
1
 10
501.5602
 20
-86.5604
 10
501.7602
 20
-86.5604
 10
501.7602
 20
-86.1114
 10
501.5602
 20
-86.1114
  0
LWPOLYLINE
  5
9A
330
17
100
AcDbEntity
  8
CONTEXTO-OTRO-PISO
100
AcDbPolyline
 90
4
 70
1
 10
501.5602
 20
-86.1104
 10
501.7602
 20
-86.1104
 10
501.7602
 20
-84.9104
 10
501.5602
 20
-84.9104
  0
LWPOLYLINE
  5
9B
330
17
100
AcDbEntity
  8
CONTEXTO-OTRO-PISO
100
AcDbPolyline
 90
4
 70
1
 10
501.3592
 20
-86.5604
 10
501.5592
 20
-86.5604
 10
501.5592
 20
-85.5109
 10
501.3592
 20
-85.5109
  0
LWPOLYLINE
  5
9C
330
17
100
AcDbEntity
  8
CONTEXTO-OTRO-PISO
100
AcDbPolyline
 90
4
 70
1
 10
501.3592
 20
-85.5099
 10
501.5592
 20
-85.5099
 10
501.5592
 20
-84.3099
 10
501.3592
 20
-84.3099
  0
LWPOLYLINE
  5
9D
330
17
100
AcDbEntity
  8
CONTEXTO-OTRO-PISO
100
AcDbPolyline
 90
4
 70
1
 10
501.1582
 20
-86.5604
 10
501.3582
 20
-86.5604
 10
501.3582
 20
-86.1114
 10
501.1582
 20
-86.1114
  0
LWPOLYLINE
  5
9E
330
17
100
AcDbEntity
  8
CONTEXTO-OTRO-PISO
100
AcDbPolyline
 90
4
 70
1
 10
501.1582
 20
-86.1104
 10
501.3582
 20
-86.1104
 10
501.3582
 20
-84.9104
 10
501.1582
 20
-84.9104
  0
LWPOLYLINE
  5
9F
330
17
100
AcDbEntity
  8
CONTEXTO-OTRO-PISO
100
AcDbPolyline
 90
4
 70
1
 10
500.9572
 20
-86.5604
 10
501.1572
 20
-86.5604
 10
501.1572
 20
-85.5109
 10
500.9572
 20
-85.5109
  0
LWPOLYLINE
  5
A0
330
17
100
AcDbEntity
  8
CONTEXTO-OTRO-PISO
100
AcDbPolyline
 90
4
 70
1
 10
500.9572
 20
-85.5099
 10
501.1572
 20
-85.5099
 10
501.1572
 20
-84.3099
 10
500.9572
 20
-84.3099
  0
LWPOLYLINE
  5
A1
330
17
100
AcDbEntity
  8
CONTEXTO-OTRO-PISO
100
AcDbPolyline
 90
4
 70
1
 10
500.7562
 20
-86.5604
 10
500.95619999999997
 20
-86.5604
 10
500.95619999999997
 20
-86.1114
 10
500.7562
 20
-86.1114
  0
LWPOLYLINE
  5
A2
330
17
100
AcDbEntity
  8
CONTEXTO-OTRO-PISO
100
AcDbPolyline
 90
4
 70
1
 10
500.7562
 20
-86.1104
 10
500.95619999999997
 20
-86.1104
 10
500.95619999999997
 20
-84.9104
 10
500.7562
 20
-84.9104
  0
LWPOLYLINE
  5
A3
330
17
100
AcDbEntity
  8
CONTEXTO-OTRO-PISO
100
AcDbPolyline
 90
4
 70
1
 10
500.5552
 20
-86.5604
 10
500.7552
 20
-86.5604
 10
500.7552
 20
-85.5109
 10
500.5552
 20
-85.5109
  0
LWPOLYLINE
  5
A4
330
17
100
AcDbEntity
  8
CONTEXTO-OTRO-PISO
100
AcDbPolyline
 90
4
 70
1
 10
500.5552
 20
-85.5099
 10
500.7552
 20
-85.5099
 10
500.7552
 20
-84.3099
 10
500.5552
 20
-84.3099
  0
LWPOLYLINE
  5
A5
330
17
100
AcDbEntity
  8
CONTEXTO-OTRO-PISO
100
AcDbPolyline
 90
4
 70
1
 10
500.3542
 20
-86.5604
 10
500.5542
 20
-86.5604
 10
500.5542
 20
-86.1114
 10
500.3542
 20
-86.1114
  0
LWPOLYLINE
  5
A6
330
17
100
AcDbEntity
  8
CONTEXTO-OTRO-PISO
100
AcDbPolyline
 90
4
 70
1
 10
500.3542
 20
-86.1104
 10
500.5542
 20
-86.1104
 10
500.5542
 20
-84.9104
 10
500.3542
 20
-84.9104
  0
LWPOLYLINE
  5
A7
330
17
100
AcDbEntity
  8
CONTEXTO-OTRO-PISO
100
AcDbPolyline
 90
4
 70
1
 10
500.1532
 20
-86.5604
 10
500.3532
 20
-86.5604
 10
500.3532
 20
-85.5109
 10
500.1532
 20
-85.5109
  0
LWPOLYLINE
  5
A8
330
17
100
AcDbEntity
  8
CONTEXTO-OTRO-PISO
100
AcDbPolyline
 90
4
 70
1
 10
500.1532
 20
-85.5099
 10
500.3532
 20
-85.5099
 10
500.3532
 20
-84.3099
 10
500.1532
 20
-84.3099
  0
LWPOLYLINE
  5
A9
330
17
100
AcDbEntity
  8
CONTEXTO-OTRO-PISO
100
AcDbPolyline
 90
4
 70
1
 10
499.9522
 20
-86.5604
 10
500.1522
 20
-86.5604
 10
500.1522
 20
-86.1114
 10
499.9522
 20
-86.1114
  0
LWPOLYLINE
  5
AA
330
17
100
AcDbEntity
  8
CONTEXTO-OTRO-PISO
100
AcDbPolyline
 90
4
 70
1
 10
499.9522
 20
-86.1104
 10
500.1522
 20
-86.1104
 10
500.1522
 20
-84.9104
 10
499.9522
 20
-84.9104
  0
LWPOLYLINE
  5
AB
330
17
100
AcDbEntity
  8
CONTEXTO-OTRO-PISO
100
AcDbPolyline
 90
4
 70
1
 10
499.7742
 20
-86.5604
 10
499.95120000000003
 20
-86.5604
 10
499.95120000000003
 20
-85.5109
 10
499.7742
 20
-85.5109
  0
LWPOLYLINE
  5
AC
330
17
100
AcDbEntity
  8
CONTEXTO-OTRO-PISO
100
AcDbPolyline
 90
4
 70
1
 10
499.7742
 20
-85.5099
 10
499.95120000000003
 20
-85.5099
 10
499.95120000000003
 20
-84.3099
 10
499.7742
 20
-84.3099
  0
LWPOLYLINE
  5
AD
330
17
100
AcDbEntity
  8
CONTEXTO-OTRO-PISO
100
AcDbPolyline
 90
4
 70
1
 10
502.1632
 20
-84.3089
 10
502.3632
 20
-84.3089
 10
502.3632
 20
-83.10889999999999
 10
502.1632
 20
-83.10889999999999
  0
LWPOLYLINE
  5
AE
330
17
100
AcDbEntity
  8
CONTEXTO-OTRO-PISO
100
AcDbPolyline
 90
4
 70
1
 10
501.9622
 20
-84.9094
 10
502.1622
 20
-84.9094
 10
502.1622
 20
-83.7094
 10
501.9622
 20
-83.7094
  0
LWPOLYLINE
  5
AF
330
17
100
AcDbEntity
  8
CONTEXTO-OTRO-PISO
100
AcDbPolyline
 90
4
 70
1
 10
501.7612
 20
-84.3089
 10
501.96119999999996
 20
-84.3089
 10
501.96119999999996
 20
-83.10889999999999
 10
501.7612
 20
-83.10889999999999
  0
LWPOLYLINE
  5
B0
330
17
100
AcDbEntity
  8
CONTEXTO-OTRO-PISO
100
AcDbPolyline
 90
4
 70
1
 10
501.5602
 20
-84.9094
 10
501.7602
 20
-84.9094
 10
501.7602
 20
-83.7094
 10
501.5602
 20
-83.7094
  0
LWPOLYLINE
  5
B1
330
17
100
AcDbEntity
  8
CONTEXTO-OTRO-PISO
100
AcDbPolyline
 90
4
 70
1
 10
501.3592
 20
-84.3089
 10
501.5592
 20
-84.3089
 10
501.5592
 20
-83.10889999999999
 10
501.3592
 20
-83.10889999999999
  0
LWPOLYLINE
  5
B2
330
17
100
AcDbEntity
  8
CONTEXTO-OTRO-PISO
100
AcDbPolyline
 90
4
 70
1
 10
501.1582
 20
-84.9094
 10
501.3582
 20
-84.9094
 10
501.3582
 20
-83.7094
 10
501.1582
 20
-83.7094
  0
LWPOLYLINE
  5
B3
330
17
100
AcDbEntity
  8
CONTEXTO-OTRO-PISO
100
AcDbPolyline
 90
4
 70
1
 10
500.9572
 20
-84.3089
 10
501.1572
 20
-84.3089
 10
501.1572
 20
-83.10889999999999
 10
500.9572
 20
-83.10889999999999
  0
LWPOLYLINE
  5
B4
330
17
100
AcDbEntity
  8
CONTEXTO-OTRO-PISO
100
AcDbPolyline
 90
4
 70
1
 10
500.7562
 20
-84.9094
 10
500.95619999999997
 20
-84.9094
 10
500.95619999999997
 20
-83.7094
 10
500.7562
 20
-83.7094
  0
LWPOLYLINE
  5
B5
330
17
100
AcDbEntity
  8
CONTEXTO-OTRO-PISO
100
AcDbPolyline
 90
4
 70
1
 10
500.5552
 20
-84.3089
 10
500.7552
 20
-84.3089
 10
500.7552
 20
-83.10889999999999
 10
500.5552
 20
-83.10889999999999
  0
LWPOLYLINE
  5
B6
330
17
100
AcDbEntity
  8
CONTEXTO-OTRO-PISO
100
AcDbPolyline
 90
4
 70
1
 10
500.3542
 20
-84.9094
 10
500.5542
 20
-84.9094
 10
500.5542
 20
-83.7094
 10
500.3542
 20
-83.7094
  0
LWPOLYLINE
  5
B7
330
17
100
AcDbEntity
  8
CONTEXTO-OTRO-PISO
100
AcDbPolyline
 90
4
 70
1
 10
500.1532
 20
-84.3089
 10
500.3532
 20
-84.3089
 10
500.3532
 20
-83.10889999999999
 10
500.1532
 20
-83.10889999999999
  0
LWPOLYLINE
  5
B8
330
17
100
AcDbEntity
  8
CONTEXTO-OTRO-PISO
100
AcDbPolyline
 90
4
 70
1
 10
499.9522
 20
-84.9094
 10
500.1522
 20
-84.9094
 10
500.1522
 20
-83.7094
 10
499.9522
 20
-83.7094
  0
LWPOLYLINE
  5
B9
330
17
100
AcDbEntity
  8
CONTEXTO-OTRO-PISO
100
AcDbPolyline
 90
4
 70
1
 10
499.7742
 20
-84.3089
 10
499.95120000000003
 20
-84.3089
 10
499.95120000000003
 20
-83.10889999999999
 10
499.7742
 20
-83.10889999999999
  0
LWPOLYLINE
  5
BA
330
17
100
AcDbEntity
  8
CONTEXTO-OTRO-PISO
100
AcDbPolyline
 90
4
 70
1
 10
502.1632
 20
-83.1079
 10
502.3632
 20
-83.1079
 10
502.3632
 20
-82.0922
 10
502.1632
 20
-82.0922
  0
LWPOLYLINE
  5
BB
330
17
100
AcDbEntity
  8
CONTEXTO-OTRO-PISO
100
AcDbPolyline
 90
4
 70
1
 10
501.9622
 20
-83.7084
 10
502.1622
 20
-83.7084
 10
502.1622
 20
-82.5084
 10
501.9622
 20
-82.5084
  0
LWPOLYLINE
  5
BC
330
17
100
AcDbEntity
  8
CONTEXTO-OTRO-PISO
100
AcDbPolyline
 90
4
 70
1
 10
501.7612
 20
-83.1079
 10
501.96119999999996
 20
-83.1079
 10
501.96119999999996
 20
-82.0919
 10
501.7612
 20
-82.0919
  0
LWPOLYLINE
  5
BD
330
17
100
AcDbEntity
  8
CONTEXTO-OTRO-PISO
100
AcDbPolyline
 90
4
 70
1
 10
501.5602
 20
-83.7084
 10
501.7602
 20
-83.7084
 10
501.7602
 20
-82.5084
 10
501.5602
 20
-82.5084
  0
LWPOLYLINE
  5
BE
330
17
100
AcDbEntity
  8
CONTEXTO-OTRO-PISO
100
AcDbPolyline
 90
4
 70
1
 10
501.3592
 20
-83.1079
 10
501.5592
 20
-83.1079
 10
501.5592
 20
-82.0916
 10
501.3592
 20
-82.0916
  0
LWPOLYLINE
  5
BF
330
17
100
AcDbEntity
  8
CONTEXTO-OTRO-PISO
100
AcDbPolyline
 90
4
 70
1
 10
501.1582
 20
-83.7084
 10
501.3582
 20
-83.7084
 10
501.3582
 20
-82.5084
 10
501.1582
 20
-82.5084
  0
LWPOLYLINE
  5
C0
330
17
100
AcDbEntity
  8
CONTEXTO-OTRO-PISO
100
AcDbPolyline
 90
4
 70
1
 10
500.9572
 20
-83.1079
 10
501.1572
 20
-83.1079
 10
501.1572
 20
-82.0913
 10
500.9572
 20
-82.0913
  0
LWPOLYLINE
  5
C1
330
17
100
AcDbEntity
  8
CONTEXTO-OTRO-PISO
100
AcDbPolyline
 90
4
 70
1
 10
500.7562
 20
-83.7084
 10
500.95619999999997
 20
-83.7084
 10
500.95619999999997
 20
-82.5084
 10
500.7562
 20
-82.5084
  0
LWPOLYLINE
  5
C2
330
17
100
AcDbEntity
  8
CONTEXTO-OTRO-PISO
100
AcDbPolyline
 90
4
 70
1
 10
500.5552
 20
-83.1079
 10
500.7552
 20
-83.1079
 10
500.7552
 20
-82.091
 10
500.5552
 20
-82.091
  0
LWPOLYLINE
  5
C3
330
17
100
AcDbEntity
  8
CONTEXTO-OTRO-PISO
100
AcDbPolyline
 90
4
 70
1
 10
500.3542
 20
-83.7084
 10
500.5542
 20
-83.7084
 10
500.5542
 20
-82.5084
 10
500.3542
 20
-82.5084
  0
LWPOLYLINE
  5
C4
330
17
100
AcDbEntity
  8
CONTEXTO-OTRO-PISO
100
AcDbPolyline
 90
4
 70
1
 10
500.1532
 20
-83.1079
 10
500.3532
 20
-83.1079
 10
500.3532
 20
-82.0907
 10
500.1532
 20
-82.0907
  0
LWPOLYLINE
  5
C5
330
17
100
AcDbEntity
  8
CONTEXTO-OTRO-PISO
100
AcDbPolyline
 90
4
 70
1
 10
499.9522
 20
-83.7084
 10
500.1522
 20
-83.7084
 10
500.1522
 20
-82.5084
 10
499.9522
 20
-82.5084
  0
LWPOLYLINE
  5
C6
330
17
100
AcDbEntity
  8
CONTEXTO-OTRO-PISO
100
AcDbPolyline
 90
4
 70
1
 10
499.7742
 20
-83.1079
 10
499.95120000000003
 20
-83.1079
 10
499.95120000000003
 20
-82.0906
 10
499.7742
 20
-82.0906
  0
LWPOLYLINE
  5
C7
330
17
100
AcDbEntity
  8
CONTEXTO-OTRO-PISO
100
AcDbPolyline
 90
4
 70
1
 10
501.9622
 20
-82.5074
 10
502.1622
 20
-82.5074
 10
502.1622
 20
-82.0921
 10
501.9622
 20
-82.0921
  0
LWPOLYLINE
  5
C8
330
17
100
AcDbEntity
  8
CONTEXTO-OTRO-PISO
100
AcDbPolyline
 90
4
 70
1
 10
501.5602
 20
-82.5074
 10
501.7602
 20
-82.5074
 10
501.7602
 20
-82.0918
 10
501.5602
 20
-82.0918
  0
LWPOLYLINE
  5
C9
330
17
100
AcDbEntity
  8
CONTEXTO-OTRO-PISO
100
AcDbPolyline
 90
4
 70
1
 10
501.1582
 20
-82.5074
 10
501.3582
 20
-82.5074
 10
501.3582
 20
-82.09150000000001
 10
501.1582
 20
-82.09150000000001
  0
LWPOLYLINE
  5
CA
330
17
100
AcDbEntity
  8
CONTEXTO-OTRO-PISO
100
AcDbPolyline
 90
4
 70
1
 10
500.7562
 20
-82.5074
 10
500.95619999999997
 20
-82.5074
 10
500.95619999999997
 20
-82.0912
 10
500.7562
 20
-82.0912
  0
LWPOLYLINE
  5
CB
330
17
100
AcDbEntity
  8
CONTEXTO-OTRO-PISO
100
AcDbPolyline
 90
4
 70
1
 10
500.3542
 20
-82.5074
 10
500.5542
 20
-82.5074
 10
500.5542
 20
-82.0909
 10
500.3542
 20
-82.0909
  0
LWPOLYLINE
  5
CC
330
17
100
AcDbEntity
  8
CONTEXTO-OTRO-PISO
100
AcDbPolyline
 90
4
 70
1
 10
499.9522
 20
-82.5074
 10
500.1522
 20
-82.5074
 10
500.1522
 20
-82.09060000000001
 10
499.9522
 20
-82.09060000000001
  0
LWPOLYLINE
  5
CD
330
17
100
AcDbEntity
  8
CONTEXTO-OTRO-PISO
100
AcDbPolyline
 90
4
 70
1
 10
507.7692
 20
-84.8804
 10
507.8142
 20
-84.8804
 10
507.8142
 20
-83.77029999999999
 10
507.7692
 20
-83.77029999999999
  0
LWPOLYLINE
  5
CE
330
17
100
AcDbEntity
  8
CONTEXTO-OTRO-PISO
100
AcDbPolyline
 90
4
 70
1
 10
507.7692
 20
-83.7694
 10
507.8142
 20
-83.7694
 10
507.8142
 20
-82.5694
 10
507.7692
 20
-82.5694
  0
LWPOLYLINE
  5
CF
330
17
100
AcDbEntity
  8
CONTEXTO-OTRO-PISO
100
AcDbPolyline
 90
4
 70
1
 10
507.5682
 20
-84.3699
 10
507.7682
 20
-84.3699
 10
507.7682
 20
-83.1699
 10
507.5682
 20
-83.1699
  0
LWPOLYLINE
  5
D0
330
17
100
AcDbEntity
  8
CONTEXTO-OTRO-PISO
100
AcDbPolyline
 90
4
 70
1
 10
507.5682
 20
-84.8804
 10
507.7682
 20
-84.8804
 10
507.7682
 20
-84.37079999999999
 10
507.5682
 20
-84.37079999999999
  0
LWPOLYLINE
  5
D1
330
17
100
AcDbEntity
  8
CONTEXTO-OTRO-PISO
100
AcDbPolyline
 90
4
 70
1
 10
507.5682
 20
-83.1689
 10
507.7682
 20
-83.1689
 10
507.7682
 20
-82.09049999999999
 10
507.5682
 20
-82.09049999999999
  0
LWPOLYLINE
  5
D2
330
17
100
AcDbEntity
  8
CONTEXTO-OTRO-PISO
100
AcDbPolyline
 90
4
 70
1
 10
507.3672
 20
-84.8804
 10
507.5672
 20
-84.8804
 10
507.5672
 20
-83.77029999999999
 10
507.3672
 20
-83.77029999999999
  0
LWPOLYLINE
  5
D3
330
17
100
AcDbEntity
  8
CONTEXTO-OTRO-PISO
100
AcDbPolyline
 90
4
 70
1
 10
507.3672
 20
-83.7694
 10
507.5672
 20
-83.7694
 10
507.5672
 20
-82.5694
 10
507.3672
 20
-82.5694
  0
LWPOLYLINE
  5
D4
330
17
100
AcDbEntity
  8
CONTEXTO-OTRO-PISO
100
AcDbPolyline
 90
4
 70
1
 10
507.1662
 20
-84.3699
 10
507.3662
 20
-84.3699
 10
507.3662
 20
-83.1699
 10
507.1662
 20
-83.1699
  0
LWPOLYLINE
  5
D5
330
17
100
AcDbEntity
  8
CONTEXTO-OTRO-PISO
100
AcDbPolyline
 90
4
 70
1
 10
507.1662
 20
-84.8804
 10
507.3662
 20
-84.8804
 10
507.3662
 20
-84.37079999999999
 10
507.1662
 20
-84.37079999999999
  0
LWPOLYLINE
  5
D6
330
17
100
AcDbEntity
  8
CONTEXTO-OTRO-PISO
100
AcDbPolyline
 90
4
 70
1
 10
507.1662
 20
-83.1689
 10
507.3662
 20
-83.1689
 10
507.3662
 20
-82.09049999999999
 10
507.1662
 20
-82.09049999999999
  0
LWPOLYLINE
  5
D7
330
17
100
AcDbEntity
  8
CONTEXTO-OTRO-PISO
100
AcDbPolyline
 90
4
 70
1
 10
506.9652
 20
-84.8804
 10
507.16519999999997
 20
-84.8804
 10
507.16519999999997
 20
-83.77029999999999
 10
506.9652
 20
-83.77029999999999
  0
LWPOLYLINE
  5
D8
330
17
100
AcDbEntity
  8
CONTEXTO-OTRO-PISO
100
AcDbPolyline
 90
4
 70
1
 10
506.9652
 20
-83.7694
 10
507.16519999999997
 20
-83.7694
 10
507.16519999999997
 20
-82.5694
 10
506.9652
 20
-82.5694
  0
LWPOLYLINE
  5
D9
330
17
100
AcDbEntity
  8
CONTEXTO-OTRO-PISO
100
AcDbPolyline
 90
4
 70
1
 10
506.7642
 20
-84.3699
 10
506.9642
 20
-84.3699
 10
506.9642
 20
-83.1699
 10
506.7642
 20
-83.1699
  0
LWPOLYLINE
  5
DA
330
17
100
AcDbEntity
  8
CONTEXTO-OTRO-PISO
100
AcDbPolyline
 90
4
 70
1
 10
506.7642
 20
-84.8804
 10
506.9642
 20
-84.8804
 10
506.9642
 20
-84.37079999999999
 10
506.7642
 20
-84.37079999999999
  0
LWPOLYLINE
  5
DB
330
17
100
AcDbEntity
  8
CONTEXTO-OTRO-PISO
100
AcDbPolyline
 90
4
 70
1
 10
506.7642
 20
-83.1689
 10
506.9642
 20
-83.1689
 10
506.9642
 20
-82.09049999999999
 10
506.7642
 20
-82.09049999999999
  0
LWPOLYLINE
  5
DC
330
17
100
AcDbEntity
  8
CONTEXTO-OTRO-PISO
100
AcDbPolyline
 90
4
 70
1
 10
506.5632
 20
-84.8804
 10
506.7632
 20
-84.8804
 10
506.7632
 20
-83.77029999999999
 10
506.5632
 20
-83.77029999999999
  0
LWPOLYLINE
  5
DD
330
17
100
AcDbEntity
  8
CONTEXTO-OTRO-PISO
100
AcDbPolyline
 90
4
 70
1
 10
506.5632
 20
-83.7694
 10
506.7632
 20
-83.7694
 10
506.7632
 20
-82.5694
 10
506.5632
 20
-82.5694
  0
LWPOLYLINE
  5
DE
330
17
100
AcDbEntity
  8
CONTEXTO-OTRO-PISO
100
AcDbPolyline
 90
4
 70
1
 10
506.3622
 20
-84.3699
 10
506.56219999999996
 20
-84.3699
 10
506.56219999999996
 20
-83.1699
 10
506.3622
 20
-83.1699
  0
LWPOLYLINE
  5
DF
330
17
100
AcDbEntity
  8
CONTEXTO-OTRO-PISO
100
AcDbPolyline
 90
4
 70
1
 10
506.3622
 20
-84.8804
 10
506.56219999999996
 20
-84.8804
 10
506.56219999999996
 20
-84.37079999999999
 10
506.3622
 20
-84.37079999999999
  0
LWPOLYLINE
  5
E0
330
17
100
AcDbEntity
  8
CONTEXTO-OTRO-PISO
100
AcDbPolyline
 90
4
 70
1
 10
506.3622
 20
-83.1689
 10
506.56219999999996
 20
-83.1689
 10
506.56219999999996
 20
-82.09049999999999
 10
506.3622
 20
-82.09049999999999
  0
LWPOLYLINE
  5
E1
330
17
100
AcDbEntity
  8
CONTEXTO-OTRO-PISO
100
AcDbPolyline
 90
4
 70
1
 10
506.1612
 20
-84.8804
 10
506.3612
 20
-84.8804
 10
506.3612
 20
-83.77029999999999
 10
506.1612
 20
-83.77029999999999
  0
LWPOLYLINE
  5
E2
330
17
100
AcDbEntity
  8
CONTEXTO-OTRO-PISO
100
AcDbPolyline
 90
4
 70
1
 10
506.1612
 20
-83.7694
 10
506.3612
 20
-83.7694
 10
506.3612
 20
-82.5694
 10
506.1612
 20
-82.5694
  0
LWPOLYLINE
  5
E3
330
17
100
AcDbEntity
  8
CONTEXTO-OTRO-PISO
100
AcDbPolyline
 90
4
 70
1
 10
505.9602
 20
-84.3699
 10
506.1602
 20
-84.3699
 10
506.1602
 20
-83.1699
 10
505.9602
 20
-83.1699
  0
LWPOLYLINE
  5
E4
330
17
100
AcDbEntity
  8
CONTEXTO-OTRO-PISO
100
AcDbPolyline
 90
4
 70
1
 10
505.9602
 20
-84.8804
 10
506.1602
 20
-84.8804
 10
506.1602
 20
-84.37079999999999
 10
505.9602
 20
-84.37079999999999
  0
LWPOLYLINE
  5
E5
330
17
100
AcDbEntity
  8
CONTEXTO-OTRO-PISO
100
AcDbPolyline
 90
4
 70
1
 10
505.9602
 20
-83.1689
 10
506.1602
 20
-83.1689
 10
506.1602
 20
-82.09049999999999
 10
505.9602
 20
-82.09049999999999
  0
LWPOLYLINE
  5
E6
330
17
100
AcDbEntity
  8
CONTEXTO-OTRO-PISO
100
AcDbPolyline
 90
4
 70
1
 10
505.7592
 20
-84.8804
 10
505.9592
 20
-84.8804
 10
505.9592
 20
-83.77029999999999
 10
505.7592
 20
-83.77029999999999
  0
LWPOLYLINE
  5
E7
330
17
100
AcDbEntity
  8
CONTEXTO-OTRO-PISO
100
AcDbPolyline
 90
4
 70
1
 10
505.7592
 20
-83.7694
 10
505.9592
 20
-83.7694
 10
505.9592
 20
-82.5694
 10
505.7592
 20
-82.5694
  0
LWPOLYLINE
  5
E8
330
17
100
AcDbEntity
  8
CONTEXTO-OTRO-PISO
100
AcDbPolyline
 90
4
 70
1
 10
505.5582
 20
-84.3699
 10
505.7582
 20
-84.3699
 10
505.7582
 20
-83.1699
 10
505.5582
 20
-83.1699
  0
LWPOLYLINE
  5
E9
330
17
100
AcDbEntity
  8
CONTEXTO-OTRO-PISO
100
AcDbPolyline
 90
4
 70
1
 10
505.5582
 20
-84.8804
 10
505.7582
 20
-84.8804
 10
505.7582
 20
-84.37079999999999
 10
505.5582
 20
-84.37079999999999
  0
LWPOLYLINE
  5
EA
330
17
100
AcDbEntity
  8
CONTEXTO-OTRO-PISO
100
AcDbPolyline
 90
4
 70
1
 10
505.5582
 20
-83.1689
 10
505.7582
 20
-83.1689
 10
505.7582
 20
-82.09049999999999
 10
505.5582
 20
-82.09049999999999
  0
LWPOLYLINE
  5
EB
330
17
100
AcDbEntity
  8
CONTEXTO-OTRO-PISO
100
AcDbPolyline
 90
4
 70
1
 10
505.3572
 20
-84.8804
 10
505.55719999999997
 20
-84.8804
 10
505.55719999999997
 20
-83.77029999999999
 10
505.3572
 20
-83.77029999999999
  0
LWPOLYLINE
  5
EC
330
17
100
AcDbEntity
  8
CONTEXTO-OTRO-PISO
100
AcDbPolyline
 90
4
 70
1
 10
505.3572
 20
-83.7694
 10
505.55719999999997
 20
-83.7694
 10
505.55719999999997
 20
-82.5694
 10
505.3572
 20
-82.5694
  0
LWPOLYLINE
  5
ED
330
17
100
AcDbEntity
  8
CONTEXTO-OTRO-PISO
100
AcDbPolyline
 90
4
 70
1
 10
505.1562
 20
-84.3699
 10
505.3562
 20
-84.3699
 10
505.3562
 20
-83.1699
 10
505.1562
 20
-83.1699
  0
LWPOLYLINE
  5
EE
330
17
100
AcDbEntity
  8
CONTEXTO-OTRO-PISO
100
AcDbPolyline
 90
4
 70
1
 10
505.1562
 20
-84.8804
 10
505.3562
 20
-84.8804
 10
505.3562
 20
-84.37079999999999
 10
505.1562
 20
-84.37079999999999
  0
LWPOLYLINE
  5
EF
330
17
100
AcDbEntity
  8
CONTEXTO-OTRO-PISO
100
AcDbPolyline
 90
4
 70
1
 10
505.1562
 20
-83.1689
 10
505.3562
 20
-83.1689
 10
505.3562
 20
-82.09049999999999
 10
505.1562
 20
-82.09049999999999
  0
LWPOLYLINE
  5
F0
330
17
100
AcDbEntity
  8
CONTEXTO-OTRO-PISO
100
AcDbPolyline
 90
4
 70
1
 10
504.9552
 20
-84.8804
 10
505.1552
 20
-84.8804
 10
505.1552
 20
-83.77029999999999
 10
504.9552
 20
-83.77029999999999
  0
LWPOLYLINE
  5
F1
330
17
100
AcDbEntity
  8
CONTEXTO-OTRO-PISO
100
AcDbPolyline
 90
4
 70
1
 10
504.9552
 20
-83.7694
 10
505.1552
 20
-83.7694
 10
505.1552
 20
-82.5694
 10
504.9552
 20
-82.5694
  0
LWPOLYLINE
  5
F2
330
17
100
AcDbEntity
  8
CONTEXTO-OTRO-PISO
100
AcDbPolyline
 90
4
 70
1
 10
504.7542
 20
-84.3699
 10
504.9542
 20
-84.3699
 10
504.9542
 20
-83.1699
 10
504.7542
 20
-83.1699
  0
LWPOLYLINE
  5
F3
330
17
100
AcDbEntity
  8
CONTEXTO-OTRO-PISO
100
AcDbPolyline
 90
4
 70
1
 10
504.7542
 20
-84.8804
 10
504.9542
 20
-84.8804
 10
504.9542
 20
-84.37079999999999
 10
504.7542
 20
-84.37079999999999
  0
LWPOLYLINE
  5
F4
330
17
100
AcDbEntity
  8
CONTEXTO-OTRO-PISO
100
AcDbPolyline
 90
4
 70
1
 10
504.7542
 20
-83.1689
 10
504.9542
 20
-83.1689
 10
504.9542
 20
-82.09049999999999
 10
504.7542
 20
-82.09049999999999
  0
LWPOLYLINE
  5
F5
330
17
100
AcDbEntity
  8
CONTEXTO-OTRO-PISO
100
AcDbPolyline
 90
4
 70
1
 10
504.5532
 20
-84.8804
 10
504.7532
 20
-84.8804
 10
504.7532
 20
-83.77029999999999
 10
504.5532
 20
-83.77029999999999
  0
LWPOLYLINE
  5
F6
330
17
100
AcDbEntity
  8
CONTEXTO-OTRO-PISO
100
AcDbPolyline
 90
4
 70
1
 10
504.5532
 20
-83.7694
 10
504.7532
 20
-83.7694
 10
504.7532
 20
-82.5694
 10
504.5532
 20
-82.5694
  0
LWPOLYLINE
  5
F7
330
17
100
AcDbEntity
  8
CONTEXTO-OTRO-PISO
100
AcDbPolyline
 90
4
 70
1
 10
504.3522
 20
-84.3699
 10
504.55219999999997
 20
-84.3699
 10
504.55219999999997
 20
-83.1699
 10
504.3522
 20
-83.1699
  0
LWPOLYLINE
  5
F8
330
17
100
AcDbEntity
  8
CONTEXTO-OTRO-PISO
100
AcDbPolyline
 90
4
 70
1
 10
504.3522
 20
-84.8804
 10
504.55219999999997
 20
-84.8804
 10
504.55219999999997
 20
-84.37079999999999
 10
504.3522
 20
-84.37079999999999
  0
LWPOLYLINE
  5
F9
330
17
100
AcDbEntity
  8
CONTEXTO-OTRO-PISO
100
AcDbPolyline
 90
4
 70
1
 10
504.3522
 20
-83.1689
 10
504.55219999999997
 20
-83.1689
 10
504.55219999999997
 20
-82.09049999999999
 10
504.3522
 20
-82.09049999999999
  0
LWPOLYLINE
  5
FA
330
17
100
AcDbEntity
  8
CONTEXTO-OTRO-PISO
100
AcDbPolyline
 90
4
 70
1
 10
504.1512
 20
-84.8804
 10
504.3512
 20
-84.8804
 10
504.3512
 20
-83.77029999999999
 10
504.1512
 20
-83.77029999999999
  0
LWPOLYLINE
  5
FB
330
17
100
AcDbEntity
  8
CONTEXTO-OTRO-PISO
100
AcDbPolyline
 90
4
 70
1
 10
504.1512
 20
-83.7694
 10
504.3512
 20
-83.7694
 10
504.3512
 20
-82.5694
 10
504.1512
 20
-82.5694
  0
LWPOLYLINE
  5
FC
330
17
100
AcDbEntity
  8
CONTEXTO-OTRO-PISO
100
AcDbPolyline
 90
4
 70
1
 10
503.9502
 20
-84.3699
 10
504.1502
 20
-84.3699
 10
504.1502
 20
-83.1699
 10
503.9502
 20
-83.1699
  0
LWPOLYLINE
  5
FD
330
17
100
AcDbEntity
  8
CONTEXTO-OTRO-PISO
100
AcDbPolyline
 90
4
 70
1
 10
503.9502
 20
-84.8804
 10
504.1502
 20
-84.8804
 10
504.1502
 20
-84.37079999999999
 10
503.9502
 20
-84.37079999999999
  0
LWPOLYLINE
  5
FE
330
17
100
AcDbEntity
  8
CONTEXTO-OTRO-PISO
100
AcDbPolyline
 90
4
 70
1
 10
503.9502
 20
-83.1689
 10
504.1502
 20
-83.1689
 10
504.1502
 20
-82.09049999999999
 10
503.9502
 20
-82.09049999999999
  0
LWPOLYLINE
  5
FF
330
17
100
AcDbEntity
  8
CONTEXTO-OTRO-PISO
100
AcDbPolyline
 90
4
 70
1
 10
503.7492
 20
-84.8804
 10
503.94919999999996
 20
-84.8804
 10
503.94919999999996
 20
-83.77029999999999
 10
503.7492
 20
-83.77029999999999
  0
LWPOLYLINE
  5
100
330
17
100
AcDbEntity
  8
CONTEXTO-OTRO-PISO
100
AcDbPolyline
 90
4
 70
1
 10
503.7492
 20
-83.7694
 10
503.94919999999996
 20
-83.7694
 10
503.94919999999996
 20
-82.5694
 10
503.7492
 20
-82.5694
  0
LWPOLYLINE
  5
101
330
17
100
AcDbEntity
  8
CONTEXTO-OTRO-PISO
100
AcDbPolyline
 90
4
 70
1
 10
503.5482
 20
-84.3699
 10
503.7482
 20
-84.3699
 10
503.7482
 20
-83.1699
 10
503.5482
 20
-83.1699
  0
LWPOLYLINE
  5
102
330
17
100
AcDbEntity
  8
CONTEXTO-OTRO-PISO
100
AcDbPolyline
 90
4
 70
1
 10
503.5482
 20
-84.9704
 10
503.7482
 20
-84.9704
 10
503.7482
 20
-84.37089999999999
 10
503.5482
 20
-84.37089999999999
  0
LWPOLYLINE
  5
103
330
17
100
AcDbEntity
  8
CONTEXTO-OTRO-PISO
100
AcDbPolyline
 90
4
 70
1
 10
503.5482
 20
-83.1689
 10
503.7482
 20
-83.1689
 10
503.7482
 20
-82.09049999999999
 10
503.5482
 20
-82.09049999999999
  0
LWPOLYLINE
  5
104
330
17
100
AcDbEntity
  8
CONTEXTO-OTRO-PISO
100
AcDbPolyline
 90
4
 70
1
 10
503.3472
 20
-84.9704
 10
503.5472
 20
-84.9704
 10
503.5472
 20
-83.7704
 10
503.3472
 20
-83.7704
  0
LWPOLYLINE
  5
105
330
17
100
AcDbEntity
  8
CONTEXTO-OTRO-PISO
100
AcDbPolyline
 90
4
 70
1
 10
503.3472
 20
-83.7694
 10
503.5472
 20
-83.7694
 10
503.5472
 20
-82.5694
 10
503.3472
 20
-82.5694
  0
LWPOLYLINE
  5
106
330
17
100
AcDbEntity
  8
CONTEXTO-OTRO-PISO
100
AcDbPolyline
 90
4
 70
1
 10
503.1462
 20
-84.3699
 10
503.3462
 20
-84.3699
 10
503.3462
 20
-83.1699
 10
503.1462
 20
-83.1699
  0
LWPOLYLINE
  5
107
330
17
100
AcDbEntity
  8
CONTEXTO-OTRO-PISO
100
AcDbPolyline
 90
4
 70
1
 10
503.1462
 20
-84.9704
 10
503.3462
 20
-84.9704
 10
503.3462
 20
-84.37089999999999
 10
503.1462
 20
-84.37089999999999
  0
LWPOLYLINE
  5
108
330
17
100
AcDbEntity
  8
CONTEXTO-OTRO-PISO
100
AcDbPolyline
 90
4
 70
1
 10
503.1462
 20
-83.1689
 10
503.3462
 20
-83.1689
 10
503.3462
 20
-82.09049999999999
 10
503.1462
 20
-82.09049999999999
  0
LWPOLYLINE
  5
109
330
17
100
AcDbEntity
  8
CONTEXTO-OTRO-PISO
100
AcDbPolyline
 90
4
 70
1
 10
502.9452
 20
-84.9704
 10
503.1452
 20
-84.9704
 10
503.1452
 20
-83.7704
 10
502.9452
 20
-83.7704
  0
LWPOLYLINE
  5
10A
330
17
100
AcDbEntity
  8
CONTEXTO-OTRO-PISO
100
AcDbPolyline
 90
4
 70
1
 10
502.9452
 20
-83.7694
 10
503.1452
 20
-83.7694
 10
503.1452
 20
-82.5694
 10
502.9452
 20
-82.5694
  0
LWPOLYLINE
  5
10B
330
17
100
AcDbEntity
  8
CONTEXTO-OTRO-PISO
100
AcDbPolyline
 90
4
 70
1
 10
502.7442
 20
-84.3699
 10
502.94419999999997
 20
-84.3699
 10
502.94419999999997
 20
-83.1699
 10
502.7442
 20
-83.1699
  0
LWPOLYLINE
  5
10C
330
17
100
AcDbEntity
  8
CONTEXTO-OTRO-PISO
100
AcDbPolyline
 90
4
 70
1
 10
502.7442
 20
-84.9704
 10
502.94419999999997
 20
-84.9704
 10
502.94419999999997
 20
-84.37089999999999
 10
502.7442
 20
-84.37089999999999
  0
LWPOLYLINE
  5
10D
330
17
100
AcDbEntity
  8
CONTEXTO-OTRO-PISO
100
AcDbPolyline
 90
4
 70
1
 10
502.7442
 20
-83.1689
 10
502.94419999999997
 20
-83.1689
 10
502.94419999999997
 20
-82.09049999999999
 10
502.7442
 20
-82.09049999999999
  0
LWPOLYLINE
  5
10E
330
17
100
AcDbEntity
  8
CONTEXTO-OTRO-PISO
100
AcDbPolyline
 90
4
 70
1
 10
507.5412
 20
-93.3304
 10
507.7412
 20
-93.3304
 10
507.7412
 20
-92.8239
 10
507.5412
 20
-92.8239
  0
LWPOLYLINE
  5
10F
330
17
100
AcDbEntity
  8
CONTEXTO-OTRO-PISO
100
AcDbPolyline
 90
4
 70
1
 10
507.1392
 20
-93.3304
 10
507.3392
 20
-93.3304
 10
507.3392
 20
-92.8239
 10
507.1392
 20
-92.8239
  0
LWPOLYLINE
  5
110
330
17
100
AcDbEntity
  8
CONTEXTO-OTRO-PISO
100
AcDbPolyline
 90
4
 70
1
 10
506.7372
 20
-93.3304
 10
506.93719999999996
 20
-93.3304
 10
506.93719999999996
 20
-92.8239
 10
506.7372
 20
-92.8239
  0
LWPOLYLINE
  5
111
330
17
100
AcDbEntity
  8
CONTEXTO-OTRO-PISO
100
AcDbPolyline
 90
4
 70
1
 10
506.3352
 20
-93.3304
 10
506.5352
 20
-93.3304
 10
506.5352
 20
-92.8239
 10
506.3352
 20
-92.8239
  0
LWPOLYLINE
  5
112
330
17
100
AcDbEntity
  8
CONTEXTO-OTRO-PISO
100
AcDbPolyline
 90
4
 70
1
 10
505.9332
 20
-93.3304
 10
506.1332
 20
-93.3304
 10
506.1332
 20
-92.8239
 10
505.9332
 20
-92.8239
  0
LWPOLYLINE
  5
113
330
17
100
AcDbEntity
  8
CONTEXTO-OTRO-PISO
100
AcDbPolyline
 90
4
 70
1
 10
505.5312
 20
-93.3304
 10
505.7312
 20
-93.3304
 10
505.7312
 20
-92.8239
 10
505.5312
 20
-92.8239
  0
LWPOLYLINE
  5
114
330
17
100
AcDbEntity
  8
CONTEXTO-OTRO-PISO
100
AcDbPolyline
 90
4
 70
1
 10
505.1292
 20
-93.3304
 10
505.3292
 20
-93.3304
 10
505.3292
 20
-92.8239
 10
505.1292
 20
-92.8239
  0
LWPOLYLINE
  5
115
330
17
100
AcDbEntity
  8
CONTEXTO-OTRO-PISO
100
AcDbPolyline
 90
4
 70
1
 10
504.7272
 20
-93.3304
 10
504.92719999999997
 20
-93.3304
 10
504.92719999999997
 20
-92.8239
 10
504.7272
 20
-92.8239
  0
LWPOLYLINE
  5
116
330
17
100
AcDbEntity
  8
CONTEXTO-OTRO-PISO
100
AcDbPolyline
 90
4
 70
1
 10
504.3252
 20
-93.3304
 10
504.5252
 20
-93.3304
 10
504.5252
 20
-92.8239
 10
504.3252
 20
-92.8239
  0
LWPOLYLINE
  5
117
330
17
100
AcDbEntity
  8
CONTEXTO-OTRO-PISO
100
AcDbPolyline
 90
4
 70
1
 10
507.5412
 20
-92.8229
 10
507.7412
 20
-92.8229
 10
507.7412
 20
-91.6229
 10
507.5412
 20
-91.6229
  0
LWPOLYLINE
  5
118
330
17
100
AcDbEntity
  8
CONTEXTO-OTRO-PISO
100
AcDbPolyline
 90
4
 70
1
 10
507.3402
 20
-93.3304
 10
507.54019999999997
 20
-93.3304
 10
507.54019999999997
 20
-92.2234
 10
507.3402
 20
-92.2234
  0
LWPOLYLINE
  5
119
330
17
100
AcDbEntity
  8
CONTEXTO-OTRO-PISO
100
AcDbPolyline
 90
4
 70
1
 10
507.1392
 20
-92.8229
 10
507.3392
 20
-92.8229
 10
507.3392
 20
-91.6229
 10
507.1392
 20
-91.6229
  0
LWPOLYLINE
  5
11A
330
17
100
AcDbEntity
  8
CONTEXTO-OTRO-PISO
100
AcDbPolyline
 90
4
 70
1
 10
506.9382
 20
-93.3304
 10
507.1382
 20
-93.3304
 10
507.1382
 20
-92.2234
 10
506.9382
 20
-92.2234
  0
LWPOLYLINE
  5
11B
330
17
100
AcDbEntity
  8
CONTEXTO-OTRO-PISO
100
AcDbPolyline
 90
4
 70
1
 10
506.7372
 20
-92.8229
 10
506.93719999999996
 20
-92.8229
 10
506.93719999999996
 20
-91.6229
 10
506.7372
 20
-91.6229
  0
LWPOLYLINE
  5
11C
330
17
100
AcDbEntity
  8
CONTEXTO-OTRO-PISO
100
AcDbPolyline
 90
4
 70
1
 10
506.5362
 20
-93.3304
 10
506.7362
 20
-93.3304
 10
506.7362
 20
-92.2234
 10
506.5362
 20
-92.2234
  0
LWPOLYLINE
  5
11D
330
17
100
AcDbEntity
  8
CONTEXTO-OTRO-PISO
100
AcDbPolyline
 90
4
 70
1
 10
506.3352
 20
-92.8229
 10
506.5352
 20
-92.8229
 10
506.5352
 20
-91.6229
 10
506.3352
 20
-91.6229
  0
LWPOLYLINE
  5
11E
330
17
100
AcDbEntity
  8
CONTEXTO-OTRO-PISO
100
AcDbPolyline
 90
4
 70
1
 10
506.1342
 20
-93.3304
 10
506.3342
 20
-93.3304
 10
506.3342
 20
-92.2234
 10
506.1342
 20
-92.2234
  0
LWPOLYLINE
  5
11F
330
17
100
AcDbEntity
  8
CONTEXTO-OTRO-PISO
100
AcDbPolyline
 90
4
 70
1
 10
505.9332
 20
-92.8229
 10
506.1332
 20
-92.8229
 10
506.1332
 20
-91.6229
 10
505.9332
 20
-91.6229
  0
LWPOLYLINE
  5
120
330
17
100
AcDbEntity
  8
CONTEXTO-OTRO-PISO
100
AcDbPolyline
 90
4
 70
1
 10
505.7322
 20
-93.3304
 10
505.93219999999997
 20
-93.3304
 10
505.93219999999997
 20
-92.2234
 10
505.7322
 20
-92.2234
  0
LWPOLYLINE
  5
121
330
17
100
AcDbEntity
  8
CONTEXTO-OTRO-PISO
100
AcDbPolyline
 90
4
 70
1
 10
505.5312
 20
-92.8229
 10
505.7312
 20
-92.8229
 10
505.7312
 20
-91.6229
 10
505.5312
 20
-91.6229
  0
LWPOLYLINE
  5
122
330
17
100
AcDbEntity
  8
CONTEXTO-OTRO-PISO
100
AcDbPolyline
 90
4
 70
1
 10
505.3302
 20
-93.3304
 10
505.5302
 20
-93.3304
 10
505.5302
 20
-92.2234
 10
505.3302
 20
-92.2234
  0
LWPOLYLINE
  5
123
330
17
100
AcDbEntity
  8
CONTEXTO-OTRO-PISO
100
AcDbPolyline
 90
4
 70
1
 10
505.1292
 20
-92.8229
 10
505.3292
 20
-92.8229
 10
505.3292
 20
-91.6229
 10
505.1292
 20
-91.6229
  0
LWPOLYLINE
  5
124
330
17
100
AcDbEntity
  8
CONTEXTO-OTRO-PISO
100
AcDbPolyline
 90
4
 70
1
 10
504.9282
 20
-93.3304
 10
505.1282
 20
-93.3304
 10
505.1282
 20
-92.2234
 10
504.9282
 20
-92.2234
  0
LWPOLYLINE
  5
125
330
17
100
AcDbEntity
  8
CONTEXTO-OTRO-PISO
100
AcDbPolyline
 90
4
 70
1
 10
504.7272
 20
-92.8229
 10
504.92719999999997
 20
-92.8229
 10
504.92719999999997
 20
-91.6229
 10
504.7272
 20
-91.6229
  0
LWPOLYLINE
  5
126
330
17
100
AcDbEntity
  8
CONTEXTO-OTRO-PISO
100
AcDbPolyline
 90
4
 70
1
 10
504.5262
 20
-93.3304
 10
504.7262
 20
-93.3304
 10
504.7262
 20
-92.2234
 10
504.5262
 20
-92.2234
  0
LWPOLYLINE
  5
127
330
17
100
AcDbEntity
  8
CONTEXTO-OTRO-PISO
100
AcDbPolyline
 90
4
 70
1
 10
504.3252
 20
-92.8229
 10
504.5252
 20
-92.8229
 10
504.5252
 20
-91.6229
 10
504.3252
 20
-91.6229
  0
LWPOLYLINE
  5
128
330
17
100
AcDbEntity
  8
CONTEXTO-OTRO-PISO
100
AcDbPolyline
 90
4
 70
1
 10
504.1242
 20
-93.3304
 10
504.32419999999996
 20
-93.3304
 10
504.32419999999996
 20
-92.2234
 10
504.1242
 20
-92.2234
  0
LWPOLYLINE
  5
129
330
17
100
AcDbEntity
  8
CONTEXTO-OTRO-PISO
100
AcDbPolyline
 90
4
 70
1
 10
507.7422
 20
-92.2224
 10
507.8142
 20
-92.2224
 10
507.8142
 20
-91.02239999999999
 10
507.7422
 20
-91.02239999999999
  0
LWPOLYLINE
  5
12A
330
17
100
AcDbEntity
  8
CONTEXTO-OTRO-PISO
100
AcDbPolyline
 90
4
 70
1
 10
507.5412
 20
-91.6219
 10
507.7412
 20
-91.6219
 10
507.7412
 20
-90.4219
 10
507.5412
 20
-90.4219
  0
LWPOLYLINE
  5
12B
330
17
100
AcDbEntity
  8
CONTEXTO-OTRO-PISO
100
AcDbPolyline
 90
4
 70
1
 10
507.3402
 20
-92.2224
 10
507.54019999999997
 20
-92.2224
 10
507.54019999999997
 20
-91.02239999999999
 10
507.3402
 20
-91.02239999999999
  0
LWPOLYLINE
  5
12C
330
17
100
AcDbEntity
  8
CONTEXTO-OTRO-PISO
100
AcDbPolyline
 90
4
 70
1
 10
507.1392
 20
-91.6219
 10
507.3392
 20
-91.6219
 10
507.3392
 20
-90.4219
 10
507.1392
 20
-90.4219
  0
LWPOLYLINE
  5
12D
330
17
100
AcDbEntity
  8
CONTEXTO-OTRO-PISO
100
AcDbPolyline
 90
4
 70
1
 10
506.9382
 20
-92.2224
 10
507.1382
 20
-92.2224
 10
507.1382
 20
-91.02239999999999
 10
506.9382
 20
-91.02239999999999
  0
LWPOLYLINE
  5
12E
330
17
100
AcDbEntity
  8
CONTEXTO-OTRO-PISO
100
AcDbPolyline
 90
4
 70
1
 10
506.7372
 20
-91.6219
 10
506.93719999999996
 20
-91.6219
 10
506.93719999999996
 20
-90.4219
 10
506.7372
 20
-90.4219
  0
LWPOLYLINE
  5
12F
330
17
100
AcDbEntity
  8
CONTEXTO-OTRO-PISO
100
AcDbPolyline
 90
4
 70
1
 10
506.5362
 20
-92.2224
 10
506.7362
 20
-92.2224
 10
506.7362
 20
-91.02239999999999
 10
506.5362
 20
-91.02239999999999
  0
LWPOLYLINE
  5
130
330
17
100
AcDbEntity
  8
CONTEXTO-OTRO-PISO
100
AcDbPolyline
 90
4
 70
1
 10
506.3352
 20
-91.6219
 10
506.5352
 20
-91.6219
 10
506.5352
 20
-90.4219
 10
506.3352
 20
-90.4219
  0
LWPOLYLINE
  5
131
330
17
100
AcDbEntity
  8
CONTEXTO-OTRO-PISO
100
AcDbPolyline
 90
4
 70
1
 10
506.1342
 20
-92.2224
 10
506.3342
 20
-92.2224
 10
506.3342
 20
-91.02239999999999
 10
506.1342
 20
-91.02239999999999
  0
LWPOLYLINE
  5
132
330
17
100
AcDbEntity
  8
CONTEXTO-OTRO-PISO
100
AcDbPolyline
 90
4
 70
1
 10
505.9332
 20
-91.6219
 10
506.1332
 20
-91.6219
 10
506.1332
 20
-90.4219
 10
505.9332
 20
-90.4219
  0
LWPOLYLINE
  5
133
330
17
100
AcDbEntity
  8
CONTEXTO-OTRO-PISO
100
AcDbPolyline
 90
4
 70
1
 10
505.7322
 20
-92.2224
 10
505.93219999999997
 20
-92.2224
 10
505.93219999999997
 20
-91.02239999999999
 10
505.7322
 20
-91.02239999999999
  0
LWPOLYLINE
  5
134
330
17
100
AcDbEntity
  8
CONTEXTO-OTRO-PISO
100
AcDbPolyline
 90
4
 70
1
 10
505.5312
 20
-91.6219
 10
505.7312
 20
-91.6219
 10
505.7312
 20
-90.4219
 10
505.5312
 20
-90.4219
  0
LWPOLYLINE
  5
135
330
17
100
AcDbEntity
  8
CONTEXTO-OTRO-PISO
100
AcDbPolyline
 90
4
 70
1
 10
505.3302
 20
-92.2224
 10
505.5302
 20
-92.2224
 10
505.5302
 20
-91.02239999999999
 10
505.3302
 20
-91.02239999999999
  0
LWPOLYLINE
  5
136
330
17
100
AcDbEntity
  8
CONTEXTO-OTRO-PISO
100
AcDbPolyline
 90
4
 70
1
 10
505.1292
 20
-91.6219
 10
505.3292
 20
-91.6219
 10
505.3292
 20
-90.4219
 10
505.1292
 20
-90.4219
  0
LWPOLYLINE
  5
137
330
17
100
AcDbEntity
  8
CONTEXTO-OTRO-PISO
100
AcDbPolyline
 90
4
 70
1
 10
504.9282
 20
-92.2224
 10
505.1282
 20
-92.2224
 10
505.1282
 20
-91.02239999999999
 10
504.9282
 20
-91.02239999999999
  0
LWPOLYLINE
  5
138
330
17
100
AcDbEntity
  8
CONTEXTO-OTRO-PISO
100
AcDbPolyline
 90
4
 70
1
 10
504.7272
 20
-91.6219
 10
504.92719999999997
 20
-91.6219
 10
504.92719999999997
 20
-90.4219
 10
504.7272
 20
-90.4219
  0
LWPOLYLINE
  5
139
330
17
100
AcDbEntity
  8
CONTEXTO-OTRO-PISO
100
AcDbPolyline
 90
4
 70
1
 10
504.5262
 20
-92.2224
 10
504.7262
 20
-92.2224
 10
504.7262
 20
-91.02239999999999
 10
504.5262
 20
-91.02239999999999
  0
LWPOLYLINE
  5
13A
330
17
100
AcDbEntity
  8
CONTEXTO-OTRO-PISO
100
AcDbPolyline
 90
4
 70
1
 10
504.3252
 20
-91.6219
 10
504.5252
 20
-91.6219
 10
504.5252
 20
-90.4219
 10
504.3252
 20
-90.4219
  0
LWPOLYLINE
  5
13B
330
17
100
AcDbEntity
  8
CONTEXTO-OTRO-PISO
100
AcDbPolyline
 90
4
 70
1
 10
504.1242
 20
-92.2224
 10
504.32419999999996
 20
-92.2224
 10
504.32419999999996
 20
-91.02239999999999
 10
504.1242
 20
-91.02239999999999
  0
LWPOLYLINE
  5
13C
330
17
100
AcDbEntity
  8
CONTEXTO-OTRO-PISO
100
AcDbPolyline
 90
4
 70
1
 10
507.5412
 20
-90.4209
 10
507.7412
 20
-90.4209
 10
507.7412
 20
-89.91040000000001
 10
507.5412
 20
-89.91040000000001
  0
LWPOLYLINE
  5
13D
330
17
100
AcDbEntity
  8
CONTEXTO-OTRO-PISO
100
AcDbPolyline
 90
4
 70
1
 10
507.3402
 20
-91.0214
 10
507.54019999999997
 20
-91.0214
 10
507.54019999999997
 20
-89.9104
 10
507.3402
 20
-89.9104
  0
LWPOLYLINE
  5
13E
330
17
100
AcDbEntity
  8
CONTEXTO-OTRO-PISO
100
AcDbPolyline
 90
4
 70
1
 10
507.1392
 20
-90.4209
 10
507.3392
 20
-90.4209
 10
507.3392
 20
-89.91040000000001
 10
507.1392
 20
-89.91040000000001
  0
LWPOLYLINE
  5
13F
330
17
100
AcDbEntity
  8
CONTEXTO-OTRO-PISO
100
AcDbPolyline
 90
4
 70
1
 10
506.9382
 20
-91.0214
 10
507.1382
 20
-91.0214
 10
507.1382
 20
-89.9104
 10
506.9382
 20
-89.9104
  0
LWPOLYLINE
  5
140
330
17
100
AcDbEntity
  8
CONTEXTO-OTRO-PISO
100
AcDbPolyline
 90
4
 70
1
 10
506.7372
 20
-90.4209
 10
506.93719999999996
 20
-90.4209
 10
506.93719999999996
 20
-89.91040000000001
 10
506.7372
 20
-89.91040000000001
  0
LWPOLYLINE
  5
141
330
17
100
AcDbEntity
  8
CONTEXTO-OTRO-PISO
100
AcDbPolyline
 90
4
 70
1
 10
506.5362
 20
-91.0214
 10
506.7362
 20
-91.0214
 10
506.7362
 20
-89.9104
 10
506.5362
 20
-89.9104
  0
LWPOLYLINE
  5
142
330
17
100
AcDbEntity
  8
CONTEXTO-OTRO-PISO
100
AcDbPolyline
 90
4
 70
1
 10
506.3352
 20
-90.4209
 10
506.5352
 20
-90.4209
 10
506.5352
 20
-89.91040000000001
 10
506.3352
 20
-89.91040000000001
  0
LWPOLYLINE
  5
143
330
17
100
AcDbEntity
  8
CONTEXTO-OTRO-PISO
100
AcDbPolyline
 90
4
 70
1
 10
506.1342
 20
-91.0214
 10
506.3342
 20
-91.0214
 10
506.3342
 20
-89.9104
 10
506.1342
 20
-89.9104
  0
LWPOLYLINE
  5
144
330
17
100
AcDbEntity
  8
CONTEXTO-OTRO-PISO
100
AcDbPolyline
 90
4
 70
1
 10
505.9332
 20
-90.4209
 10
506.1332
 20
-90.4209
 10
506.1332
 20
-89.8214
 10
505.9332
 20
-89.8214
  0
LWPOLYLINE
  5
145
330
17
100
AcDbEntity
  8
CONTEXTO-OTRO-PISO
100
AcDbPolyline
 90
4
 70
1
 10
505.7322
 20
-91.0214
 10
505.93219999999997
 20
-91.0214
 10
505.93219999999997
 20
-89.8214
 10
505.7322
 20
-89.8214
  0
LWPOLYLINE
  5
146
330
17
100
AcDbEntity
  8
CONTEXTO-OTRO-PISO
100
AcDbPolyline
 90
4
 70
1
 10
505.5312
 20
-90.4209
 10
505.7312
 20
-90.4209
 10
505.7312
 20
-89.8214
 10
505.5312
 20
-89.8214
  0
LWPOLYLINE
  5
147
330
17
100
AcDbEntity
  8
CONTEXTO-OTRO-PISO
100
AcDbPolyline
 90
4
 70
1
 10
505.3302
 20
-91.0214
 10
505.5302
 20
-91.0214
 10
505.5302
 20
-89.8214
 10
505.3302
 20
-89.8214
  0
LWPOLYLINE
  5
148
330
17
100
AcDbEntity
  8
CONTEXTO-OTRO-PISO
100
AcDbPolyline
 90
4
 70
1
 10
505.1292
 20
-90.4209
 10
505.3292
 20
-90.4209
 10
505.3292
 20
-89.8214
 10
505.1292
 20
-89.8214
  0
LWPOLYLINE
  5
149
330
17
100
AcDbEntity
  8
CONTEXTO-OTRO-PISO
100
AcDbPolyline
 90
4
 70
1
 10
504.9282
 20
-91.0214
 10
505.1282
 20
-91.0214
 10
505.1282
 20
-89.9104
 10
504.9282
 20
-89.9104
  0
LWPOLYLINE
  5
14A
330
17
100
AcDbEntity
  8
CONTEXTO-OTRO-PISO
100
AcDbPolyline
 90
4
 70
1
 10
504.7272
 20
-90.4209
 10
504.92719999999997
 20
-90.4209
 10
504.92719999999997
 20
-89.91040000000001
 10
504.7272
 20
-89.91040000000001
  0
LWPOLYLINE
  5
14B
330
17
100
AcDbEntity
  8
CONTEXTO-OTRO-PISO
100
AcDbPolyline
 90
4
 70
1
 10
504.5262
 20
-91.0214
 10
504.7262
 20
-91.0214
 10
504.7262
 20
-89.9104
 10
504.5262
 20
-89.9104
  0
LWPOLYLINE
  5
14C
330
17
100
AcDbEntity
  8
CONTEXTO-OTRO-PISO
100
AcDbPolyline
 90
4
 70
1
 10
504.3252
 20
-90.4209
 10
504.5252
 20
-90.4209
 10
504.5252
 20
-89.91040000000001
 10
504.3252
 20
-89.91040000000001
  0
LWPOLYLINE
  5
14D
330
17
100
AcDbEntity
  8
CONTEXTO-OTRO-PISO
100
AcDbPolyline
 90
4
 70
1
 10
502.3642
 20
-86.5607
 10
502.56419999999997
 20
-86.5607
 10
502.56419999999997
 20
-86.1117
 10
502.3642
 20
-86.1117
  0
LWPOLYLINE
  5
14E
330
17
100
AcDbEntity
  8
CONTEXTO-OTRO-PISO
100
AcDbPolyline
 90
4
 70
1
 10
502.3642
 20
-86.1107
 10
502.56419999999997
 20
-86.1107
 10
502.56419999999997
 20
-84.91069999999999
 10
502.3642
 20
-84.91069999999999
  0
LWPOLYLINE
  5
14F
330
17
100
AcDbEntity
  8
CONTEXTO-OTRO-PISO
100
AcDbPolyline
 90
4
 70
1
 10
502.3642
 20
-84.9097
 10
502.56419999999997
 20
-84.9097
 10
502.56419999999997
 20
-83.7097
 10
502.3642
 20
-83.7097
  0
LWPOLYLINE
  5
150
330
17
100
AcDbEntity
  8
CONTEXTO-OTRO-PISO
100
AcDbPolyline
 90
4
 70
1
 10
502.3642
 20
-83.7087
 10
502.56419999999997
 20
-83.7087
 10
502.56419999999997
 20
-82.50869999999999
 10
502.3642
 20
-82.50869999999999
  0
LWPOLYLINE
  5
151
330
17
100
AcDbEntity
  8
CONTEXTO-OTRO-PISO
100
AcDbPolyline
 90
4
 70
1
 10
502.5652
 20
-85.9604
 10
502.6542
 20
-85.9604
 10
502.6542
 20
-85.0604
 10
502.5652
 20
-85.0604
  0
LWPOLYLINE
  5
152
330
17
100
AcDbEntity
  8
CONTEXTO-OTRO-PISO
100
AcDbPolyline
 90
4
 70
1
 10
504.1242
 20
-91.0214
 10
504.32419999999996
 20
-91.0214
 10
504.32419999999996
 20
-89.9104
 10
504.1242
 20
-89.9104
  0
LWPOLYLINE
  5
153
330
17
100
AcDbEntity
  8
PISO-Moret-COMPLETA
100
AcDbPolyline
 90
4
 70
1
 10
496.1607
 20
-87.9324
 10
496.76070000000004
 20
-87.9324
 10
496.76070000000004
 20
-86.74040000000001
 10
496.1607
 20
-86.74040000000001
  0
TEXT
  5
154
330
17
100
AcDbEntity
  8
ID-PIEZA
100
AcDbText
 10
496.461
 20
-87.336
 30
0.0
 40
0.09
  1
PB-M-081
 50
90.0
 72
1
 11
496.461
 21
-87.336
 31
0.0
100
AcDbText
 73
2
  0
LWPOLYLINE
  5
155
330
17
100
AcDbEntity
  8
PISO-Moret-COMPLETA
100
AcDbPolyline
 90
4
 70
1
 10
495.5587
 20
-87.9324
 10
496.1587
 20
-87.9324
 10
496.1587
 20
-86.74040000000001
 10
495.5587
 20
-86.74040000000001
  0
TEXT
  5
156
330
17
100
AcDbEntity
  8
ID-PIEZA
100
AcDbText
 10
495.859
 20
-87.336
 30
0.0
 40
0.09
  1
PB-M-080
 50
90.0
 72
1
 11
495.859
 21
-87.336
 31
0.0
100
AcDbText
 73
2
  0
LWPOLYLINE
  5
157
330
17
100
AcDbEntity
  8
PISO-Moret-COMPLETA
100
AcDbPolyline
 90
4
 70
1
 10
494.9567
 20
-87.9324
 10
495.55670000000003
 20
-87.9324
 10
495.55670000000003
 20
-86.74040000000001
 10
494.9567
 20
-86.74040000000001
  0
TEXT
  5
158
330
17
100
AcDbEntity
  8
ID-PIEZA
100
AcDbText
 10
495.257
 20
-87.336
 30
0.0
 40
0.09
  1
PB-M-079
 50
90.0
 72
1
 11
495.257
 21
-87.336
 31
0.0
100
AcDbText
 73
2
  0
LWPOLYLINE
  5
159
330
17
100
AcDbEntity
  8
PISO-Moret-COMPLETA
100
AcDbPolyline
 90
4
 70
1
 10
494.3547
 20
-87.9324
 10
494.9547
 20
-87.9324
 10
494.9547
 20
-86.74040000000001
 10
494.3547
 20
-86.74040000000001
  0
TEXT
  5
15A
330
17
100
AcDbEntity
  8
ID-PIEZA
100
AcDbText
 10
494.655
 20
-87.336
 30
0.0
 40
0.09
  1
PB-M-078
 50
90.0
 72
1
 11
494.655
 21
-87.336
 31
0.0
100
AcDbText
 73
2
  0
LWPOLYLINE
  5
15B
330
17
100
AcDbEntity
  8
PISO-Moret-COMPLETA
100
AcDbPolyline
 90
4
 70
1
 10
493.7527
 20
-87.9324
 10
494.3527
 20
-87.9324
 10
494.3527
 20
-86.74040000000001
 10
493.7527
 20
-86.74040000000001
  0
TEXT
  5
15C
330
17
100
AcDbEntity
  8
ID-PIEZA
100
AcDbText
 10
494.053
 20
-87.336
 30
0.0
 40
0.09
  1
PB-M-077
 50
90.0
 72
1
 11
494.053
 21
-87.336
 31
0.0
100
AcDbText
 73
2
  0
LWPOLYLINE
  5
15D
330
17
100
AcDbEntity
  8
PISO-Moret-COMPLETA
100
AcDbPolyline
 90
4
 70
1
 10
493.1507
 20
-87.9324
 10
493.7507
 20
-87.9324
 10
493.7507
 20
-86.74040000000001
 10
493.1507
 20
-86.74040000000001
  0
TEXT
  5
15E
330
17
100
AcDbEntity
  8
ID-PIEZA
100
AcDbText
 10
493.451
 20
-87.336
 30
0.0
 40
0.09
  1
PB-M-076
 50
90.0
 72
1
 11
493.451
 21
-87.336
 31
0.0
100
AcDbText
 73
2
  0
LWPOLYLINE
  5
15F
330
17
100
AcDbEntity
  8
PISO-Moret-COMPLETA
100
AcDbPolyline
 90
4
 70
1
 10
492.5487
 20
-87.9324
 10
493.1487
 20
-87.9324
 10
493.1487
 20
-86.74040000000001
 10
492.5487
 20
-86.74040000000001
  0
TEXT
  5
160
330
17
100
AcDbEntity
  8
ID-PIEZA
100
AcDbText
 10
492.849
 20
-87.336
 30
0.0
 40
0.09
  1
PB-M-075
 50
90.0
 72
1
 11
492.849
 21
-87.336
 31
0.0
100
AcDbText
 73
2
  0
LWPOLYLINE
  5
161
330
17
100
AcDbEntity
  8
PISO-Moret-COMPLETA
100
AcDbPolyline
 90
4
 70
1
 10
491.9467
 20
-87.9324
 10
492.54670000000004
 20
-87.9324
 10
492.54670000000004
 20
-86.74040000000001
 10
491.9467
 20
-86.74040000000001
  0
TEXT
  5
162
330
17
100
AcDbEntity
  8
ID-PIEZA
100
AcDbText
 10
492.247
 20
-87.336
 30
0.0
 40
0.09
  1
PB-M-074
 50
90.0
 72
1
 11
492.247
 21
-87.336
 31
0.0
100
AcDbText
 73
2
  0
LWPOLYLINE
  5
163
330
17
100
AcDbEntity
  8
PISO-Moret-COMPLETA
100
AcDbPolyline
 90
4
 70
1
 10
491.3447
 20
-87.9324
 10
491.9447
 20
-87.9324
 10
491.9447
 20
-86.74040000000001
 10
491.3447
 20
-86.74040000000001
  0
TEXT
  5
164
330
17
100
AcDbEntity
  8
ID-PIEZA
100
AcDbText
 10
491.645
 20
-87.336
 30
0.0
 40
0.09
  1
PB-M-073
 50
90.0
 72
1
 11
491.645
 21
-87.336
 31
0.0
100
AcDbText
 73
2
  0
LWPOLYLINE
  5
165
330
17
100
AcDbEntity
  8
PISO-Moret-COMPLETA
100
AcDbPolyline
 90
4
 70
1
 10
490.7427
 20
-87.9324
 10
491.34270000000004
 20
-87.9324
 10
491.34270000000004
 20
-86.74040000000001
 10
490.7427
 20
-86.74040000000001
  0
TEXT
  5
166
330
17
100
AcDbEntity
  8
ID-PIEZA
100
AcDbText
 10
491.043
 20
-87.336
 30
0.0
 40
0.09
  1
PB-M-072
 50
90.0
 72
1
 11
491.043
 21
-87.336
 31
0.0
100
AcDbText
 73
2
  0
LWPOLYLINE
  5
167
330
17
100
AcDbEntity
  8
PISO-Moret-COMPLETA
100
AcDbPolyline
 90
4
 70
1
 10
490.1407
 20
-87.9324
 10
490.7407
 20
-87.9324
 10
490.7407
 20
-86.74040000000001
 10
490.1407
 20
-86.74040000000001
  0
TEXT
  5
168
330
17
100
AcDbEntity
  8
ID-PIEZA
100
AcDbText
 10
490.441
 20
-87.336
 30
0.0
 40
0.09
  1
PB-M-071
 50
90.0
 72
1
 11
490.441
 21
-87.336
 31
0.0
100
AcDbText
 73
2
  0
LWPOLYLINE
  5
169
330
17
100
AcDbEntity
  8
PISO-Moret-COMPLETA
100
AcDbPolyline
 90
4
 70
1
 10
489.5387
 20
-87.9324
 10
490.13870000000003
 20
-87.9324
 10
490.13870000000003
 20
-86.74040000000001
 10
489.5387
 20
-86.74040000000001
  0
TEXT
  5
16A
330
17
100
AcDbEntity
  8
ID-PIEZA
100
AcDbText
 10
489.839
 20
-87.336
 30
0.0
 40
0.09
  1
PB-M-069
 50
90.0
 72
1
 11
489.839
 21
-87.336
 31
0.0
100
AcDbText
 73
2
  0
LWPOLYLINE
  5
16B
330
17
100
AcDbEntity
  8
PISO-Moret-COMPLETA
100
AcDbPolyline
 90
4
 70
1
 10
496.1607
 20
-86.7384
 10
496.76070000000004
 20
-86.7384
 10
496.76070000000004
 20
-85.5444
 10
496.1607
 20
-85.5444
  0
TEXT
  5
16C
330
17
100
AcDbEntity
  8
ID-PIEZA
100
AcDbText
 10
496.461
 20
-86.141
 30
0.0
 40
0.09
  1
PB-M-066
 50
90.0
 72
1
 11
496.461
 21
-86.141
 31
0.0
100
AcDbText
 73
2
  0
LWPOLYLINE
  5
16D
330
17
100
AcDbEntity
  8
PISO-Moret-COMPLETA
100
AcDbPolyline
 90
4
 70
1
 10
495.5587
 20
-86.7384
 10
496.1587
 20
-86.7384
 10
496.1587
 20
-85.5444
 10
495.5587
 20
-85.5444
  0
TEXT
  5
16E
330
17
100
AcDbEntity
  8
ID-PIEZA
100
AcDbText
 10
495.859
 20
-86.141
 30
0.0
 40
0.09
  1
PB-M-065
 50
90.0
 72
1
 11
495.859
 21
-86.141
 31
0.0
100
AcDbText
 73
2
  0
LWPOLYLINE
  5
16F
330
17
100
AcDbEntity
  8
PISO-Moret-COMPLETA
100
AcDbPolyline
 90
4
 70
1
 10
494.9567
 20
-86.7384
 10
495.55670000000003
 20
-86.7384
 10
495.55670000000003
 20
-85.5444
 10
494.9567
 20
-85.5444
  0
TEXT
  5
170
330
17
100
AcDbEntity
  8
ID-PIEZA
100
AcDbText
 10
495.257
 20
-86.141
 30
0.0
 40
0.09
  1
PB-M-064
 50
90.0
 72
1
 11
495.257
 21
-86.141
 31
0.0
100
AcDbText
 73
2
  0
LWPOLYLINE
  5
171
330
17
100
AcDbEntity
  8
PISO-Moret-COMPLETA
100
AcDbPolyline
 90
4
 70
1
 10
494.3547
 20
-86.7384
 10
494.9547
 20
-86.7384
 10
494.9547
 20
-85.5444
 10
494.3547
 20
-85.5444
  0
TEXT
  5
172
330
17
100
AcDbEntity
  8
ID-PIEZA
100
AcDbText
 10
494.655
 20
-86.141
 30
0.0
 40
0.09
  1
PB-M-063
 50
90.0
 72
1
 11
494.655
 21
-86.141
 31
0.0
100
AcDbText
 73
2
  0
LWPOLYLINE
  5
173
330
17
100
AcDbEntity
  8
PISO-Moret-COMPLETA
100
AcDbPolyline
 90
4
 70
1
 10
493.7527
 20
-86.7384
 10
494.3527
 20
-86.7384
 10
494.3527
 20
-85.5444
 10
493.7527
 20
-85.5444
  0
TEXT
  5
174
330
17
100
AcDbEntity
  8
ID-PIEZA
100
AcDbText
 10
494.053
 20
-86.141
 30
0.0
 40
0.09
  1
PB-M-062
 50
90.0
 72
1
 11
494.053
 21
-86.141
 31
0.0
100
AcDbText
 73
2
  0
LWPOLYLINE
  5
175
330
17
100
AcDbEntity
  8
PISO-Moret-COMPLETA
100
AcDbPolyline
 90
4
 70
1
 10
493.1507
 20
-86.7384
 10
493.7507
 20
-86.7384
 10
493.7507
 20
-85.5444
 10
493.1507
 20
-85.5444
  0
TEXT
  5
176
330
17
100
AcDbEntity
  8
ID-PIEZA
100
AcDbText
 10
493.451
 20
-86.141
 30
0.0
 40
0.09
  1
PB-M-061
 50
90.0
 72
1
 11
493.451
 21
-86.141
 31
0.0
100
AcDbText
 73
2
  0
LWPOLYLINE
  5
177
330
17
100
AcDbEntity
  8
PISO-Moret-COMPLETA
100
AcDbPolyline
 90
4
 70
1
 10
492.5487
 20
-86.7384
 10
493.1487
 20
-86.7384
 10
493.1487
 20
-85.5444
 10
492.5487
 20
-85.5444
  0
TEXT
  5
178
330
17
100
AcDbEntity
  8
ID-PIEZA
100
AcDbText
 10
492.849
 20
-86.141
 30
0.0
 40
0.09
  1
PB-M-060
 50
90.0
 72
1
 11
492.849
 21
-86.141
 31
0.0
100
AcDbText
 73
2
  0
LWPOLYLINE
  5
179
330
17
100
AcDbEntity
  8
PISO-Moret-COMPLETA
100
AcDbPolyline
 90
4
 70
1
 10
491.9467
 20
-86.7384
 10
492.54670000000004
 20
-86.7384
 10
492.54670000000004
 20
-85.5444
 10
491.9467
 20
-85.5444
  0
TEXT
  5
17A
330
17
100
AcDbEntity
  8
ID-PIEZA
100
AcDbText
 10
492.247
 20
-86.141
 30
0.0
 40
0.09
  1
PB-M-059
 50
90.0
 72
1
 11
492.247
 21
-86.141
 31
0.0
100
AcDbText
 73
2
  0
LWPOLYLINE
  5
17B
330
17
100
AcDbEntity
  8
PISO-Moret-COMPLETA
100
AcDbPolyline
 90
4
 70
1
 10
491.3447
 20
-86.7384
 10
491.9447
 20
-86.7384
 10
491.9447
 20
-85.5444
 10
491.3447
 20
-85.5444
  0
TEXT
  5
17C
330
17
100
AcDbEntity
  8
ID-PIEZA
100
AcDbText
 10
491.645
 20
-86.141
 30
0.0
 40
0.09
  1
PB-M-058
 50
90.0
 72
1
 11
491.645
 21
-86.141
 31
0.0
100
AcDbText
 73
2
  0
LWPOLYLINE
  5
17D
330
17
100
AcDbEntity
  8
PISO-Moret-COMPLETA
100
AcDbPolyline
 90
4
 70
1
 10
490.7427
 20
-86.7384
 10
491.34270000000004
 20
-86.7384
 10
491.34270000000004
 20
-85.5444
 10
490.7427
 20
-85.5444
  0
TEXT
  5
17E
330
17
100
AcDbEntity
  8
ID-PIEZA
100
AcDbText
 10
491.043
 20
-86.141
 30
0.0
 40
0.09
  1
PB-M-057
 50
90.0
 72
1
 11
491.043
 21
-86.141
 31
0.0
100
AcDbText
 73
2
  0
LWPOLYLINE
  5
17F
330
17
100
AcDbEntity
  8
PISO-Moret-COMPLETA
100
AcDbPolyline
 90
4
 70
1
 10
490.1407
 20
-86.7384
 10
490.7407
 20
-86.7384
 10
490.7407
 20
-85.5444
 10
490.1407
 20
-85.5444
  0
TEXT
  5
180
330
17
100
AcDbEntity
  8
ID-PIEZA
100
AcDbText
 10
490.441
 20
-86.141
 30
0.0
 40
0.09
  1
PB-M-056
 50
90.0
 72
1
 11
490.441
 21
-86.141
 31
0.0
100
AcDbText
 73
2
  0
LWPOLYLINE
  5
181
330
17
100
AcDbEntity
  8
PISO-Moret-COMPLETA
100
AcDbPolyline
 90
4
 70
1
 10
489.5407
 20
-87.9334
 10
490.14070000000004
 20
-87.9334
 10
490.14070000000004
 20
-86.7394
 10
489.5407
 20
-86.7394
  0
TEXT
  5
182
330
17
100
AcDbEntity
  8
ID-PIEZA
100
AcDbText
 10
489.841
 20
-87.336
 30
0.0
 40
0.09
  1
PB-M-070
 50
90.0
 72
1
 11
489.841
 21
-87.336
 31
0.0
100
AcDbText
 73
2
  0
LWPOLYLINE
  5
183
330
17
100
AcDbEntity
  8
PISO-Moret-RECORTE
100
AcDbPolyline
 90
4
 70
1
 10
507.7422
 20
-93.3304
 10
507.8142
 20
-93.3304
 10
507.8142
 20
-92.2234
 10
507.7422
 20
-92.2234
  0
HATCH
  5
184
330
17
100
AcDbEntity
  8
PISO-Moret-RECORTE
 62
30
440
33554546
100
AcDbHatch
 10
0.0
 20
0.0
 30
0.0
210
0.0
220
0.0
230
1.0
  2
SOLID
 70
1
 71
0
 91
1
 92
3
 72
0
 73
1
 93
4
 10
507.7422
 20
-93.3304
 10
507.8142
 20
-93.3304
 10
507.8142
 20
-92.2234
 10
507.7422
 20
-92.2234
 97
0
 75
1
 76
1
 98
0
  0
TEXT
  5
185
330
17
100
AcDbEntity
  8
ID-PIEZA
100
AcDbText
 10
507.778
 20
-92.777
 30
0.0
 40
0.03
  1
PA-M-064
 50
90.0
 72
1
 11
507.778
 21
-92.777
 31
0.0
100
AcDbText
 73
2
  0
LWPOLYLINE
  5
186
330
17
100
AcDbEntity
  8
PISO-Moret-RECORTE
100
AcDbPolyline
 90
4
 70
1
 10
507.7422
 20
-91.0214
 10
507.7817
 20
-91.0214
 10
507.7817
 20
-89.9104
 10
507.7422
 20
-89.9104
  0
HATCH
  5
187
330
17
100
AcDbEntity
  8
PISO-Moret-RECORTE
 62
30
440
33554546
100
AcDbHatch
 10
0.0
 20
0.0
 30
0.0
210
0.0
220
0.0
230
1.0
  2
SOLID
 70
1
 71
0
 91
1
 92
3
 72
0
 73
1
 93
4
 10
507.7422
 20
-91.0214
 10
507.7817
 20
-91.0214
 10
507.7817
 20
-89.9104
 10
507.7422
 20
-89.9104
 97
0
 75
1
 76
1
 98
0
  0
TEXT
  5
188
330
17
100
AcDbEntity
  8
ID-PIEZA
100
AcDbText
 10
507.762
 20
-90.466
 30
0.0
 40
0.03
  1
PA-M-059
 50
90.0
 72
1
 11
507.762
 21
-90.466
 31
0.0
100
AcDbText
 73
2
  0
LWPOLYLINE
  5
189
330
17
100
AcDbEntity
  8
PISO-Moret-RECORTE
100
AcDbPolyline
 90
4
 70
1
 10
504.0342
 20
-90.8104
 10
504.1232
 20
-90.8104
 10
504.1232
 20
-89.9104
 10
504.0342
 20
-89.9104
  0
HATCH
  5
18A
330
17
100
AcDbEntity
  8
PISO-Moret-RECORTE
 62
30
440
33554546
100
AcDbHatch
 10
0.0
 20
0.0
 30
0.0
210
0.0
220
0.0
230
1.0
  2
SOLID
 70
1
 71
0
 91
1
 92
3
 72
0
 73
1
 93
4
 10
504.0342
 20
-90.8104
 10
504.1232
 20
-90.8104
 10
504.1232
 20
-89.9104
 10
504.0342
 20
-89.9104
 97
0
 75
1
 76
1
 98
0
  0
TEXT
  5
18B
330
17
100
AcDbEntity
  8
ID-PIEZA
100
AcDbText
 10
504.079
 20
-90.36
 30
0.0
 40
0.03
  1
PA-M-058
 50
90.0
 72
1
 11
504.079
 21
-90.36
 31
0.0
100
AcDbText
 73
2
  0
LWPOLYLINE
  5
18C
330
17
100
AcDbEntity
  8
PISO-Moret-RECORTE
100
AcDbPolyline
 90
4
 70
1
 10
496.7627
 20
-87.8604
 10
497.3627
 20
-87.8604
 10
497.3627
 20
-86.7404
 10
496.7627
 20
-86.7404
  0
HATCH
  5
18D
330
17
100
AcDbEntity
  8
PISO-Moret-RECORTE
 62
30
440
33554546
100
AcDbHatch
 10
0.0
 20
0.0
 30
0.0
210
0.0
220
0.0
230
1.0
  2
SOLID
 70
1
 71
0
 91
1
 92
3
 72
0
 73
1
 93
4
 10
496.7627
 20
-87.8604
 10
497.3627
 20
-87.8604
 10
497.3627
 20
-86.7404
 10
496.7627
 20
-86.7404
 97
0
 75
1
 76
1
 98
0
  0
TEXT
  5
18E
330
17
100
AcDbEntity
  8
ID-PIEZA
100
AcDbText
 10
497.063
 20
-87.3
 30
0.0
 40
0.09
  1
PB-M-068
 50
90.0
 72
1
 11
497.063
 21
-87.3
 31
0.0
100
AcDbText
 73
2
  0
LWPOLYLINE
  5
18F
330
17
100
AcDbEntity
  8
PISO-Moret-COMPLETA
100
AcDbPolyline
 90
4
 70
1
 10
496.7627
 20
-86.7384
 10
497.3627
 20
-86.7384
 10
497.3627
 20
-85.5444
 10
496.7627
 20
-85.5444
  0
TEXT
  5
190
330
17
100
AcDbEntity
  8
ID-PIEZA
100
AcDbText
 10
497.063
 20
-86.141
 30
0.0
 40
0.09
  1
PB-M-067
 50
90.0
 72
1
 11
497.063
 21
-86.141
 31
0.0
100
AcDbText
 73
2
  0
LWPOLYLINE
  5
191
330
17
100
AcDbEntity
  8
PISO-Moret-COMPLETA
100
AcDbPolyline
 90
4
 70
1
 10
496.1607
 20
-85.5424
 10
496.76070000000004
 20
-85.5424
 10
496.76070000000004
 20
-84.3484
 10
496.1607
 20
-84.3484
  0
TEXT
  5
192
330
17
100
AcDbEntity
  8
ID-PIEZA
100
AcDbText
 10
496.461
 20
-84.945
 30
0.0
 40
0.09
  1
PB-M-053
 50
90.0
 72
1
 11
496.461
 21
-84.945
 31
0.0
100
AcDbText
 73
2
  0
LWPOLYLINE
  5
193
330
17
100
AcDbEntity
  8
PISO-Moret-COMPLETA
100
AcDbPolyline
 90
4
 70
1
 10
495.5587
 20
-85.5424
 10
496.1587
 20
-85.5424
 10
496.1587
 20
-84.3484
 10
495.5587
 20
-84.3484
  0
TEXT
  5
194
330
17
100
AcDbEntity
  8
ID-PIEZA
100
AcDbText
 10
495.859
 20
-84.945
 30
0.0
 40
0.09
  1
PB-M-052
 50
90.0
 72
1
 11
495.859
 21
-84.945
 31
0.0
100
AcDbText
 73
2
  0
LWPOLYLINE
  5
195
330
17
100
AcDbEntity
  8
PISO-Moret-COMPLETA
100
AcDbPolyline
 90
4
 70
1
 10
494.9567
 20
-85.5424
 10
495.55670000000003
 20
-85.5424
 10
495.55670000000003
 20
-84.3484
 10
494.9567
 20
-84.3484
  0
TEXT
  5
196
330
17
100
AcDbEntity
  8
ID-PIEZA
100
AcDbText
 10
495.257
 20
-84.945
 30
0.0
 40
0.09
  1
PB-M-051
 50
90.0
 72
1
 11
495.257
 21
-84.945
 31
0.0
100
AcDbText
 73
2
  0
LWPOLYLINE
  5
197
330
17
100
AcDbEntity
  8
PISO-Moret-COMPLETA
100
AcDbPolyline
 90
4
 70
1
 10
494.3547
 20
-85.5424
 10
494.9547
 20
-85.5424
 10
494.9547
 20
-84.3484
 10
494.3547
 20
-84.3484
  0
TEXT
  5
198
330
17
100
AcDbEntity
  8
ID-PIEZA
100
AcDbText
 10
494.655
 20
-84.945
 30
0.0
 40
0.09
  1
PB-M-050
 50
90.0
 72
1
 11
494.655
 21
-84.945
 31
0.0
100
AcDbText
 73
2
  0
LWPOLYLINE
  5
199
330
17
100
AcDbEntity
  8
PISO-Moret-COMPLETA
100
AcDbPolyline
 90
4
 70
1
 10
493.7527
 20
-85.5424
 10
494.3527
 20
-85.5424
 10
494.3527
 20
-84.3484
 10
493.7527
 20
-84.3484
  0
TEXT
  5
19A
330
17
100
AcDbEntity
  8
ID-PIEZA
100
AcDbText
 10
494.053
 20
-84.945
 30
0.0
 40
0.09
  1
PB-M-049
 50
90.0
 72
1
 11
494.053
 21
-84.945
 31
0.0
100
AcDbText
 73
2
  0
LWPOLYLINE
  5
19B
330
17
100
AcDbEntity
  8
PISO-Moret-COMPLETA
100
AcDbPolyline
 90
4
 70
1
 10
493.1507
 20
-85.5424
 10
493.7507
 20
-85.5424
 10
493.7507
 20
-84.3484
 10
493.1507
 20
-84.3484
  0
TEXT
  5
19C
330
17
100
AcDbEntity
  8
ID-PIEZA
100
AcDbText
 10
493.451
 20
-84.945
 30
0.0
 40
0.09
  1
PB-M-048
 50
90.0
 72
1
 11
493.451
 21
-84.945
 31
0.0
100
AcDbText
 73
2
  0
LWPOLYLINE
  5
19D
330
17
100
AcDbEntity
  8
PISO-Moret-COMPLETA
100
AcDbPolyline
 90
4
 70
1
 10
492.5487
 20
-85.5424
 10
493.1487
 20
-85.5424
 10
493.1487
 20
-84.3484
 10
492.5487
 20
-84.3484
  0
TEXT
  5
19E
330
17
100
AcDbEntity
  8
ID-PIEZA
100
AcDbText
 10
492.849
 20
-84.945
 30
0.0
 40
0.09
  1
PB-M-047
 50
90.0
 72
1
 11
492.849
 21
-84.945
 31
0.0
100
AcDbText
 73
2
  0
LWPOLYLINE
  5
19F
330
17
100
AcDbEntity
  8
PISO-Moret-COMPLETA
100
AcDbPolyline
 90
4
 70
1
 10
491.9467
 20
-85.5424
 10
492.54670000000004
 20
-85.5424
 10
492.54670000000004
 20
-84.3484
 10
491.9467
 20
-84.3484
  0
TEXT
  5
1A0
330
17
100
AcDbEntity
  8
ID-PIEZA
100
AcDbText
 10
492.247
 20
-84.945
 30
0.0
 40
0.09
  1
PB-M-046
 50
90.0
 72
1
 11
492.247
 21
-84.945
 31
0.0
100
AcDbText
 73
2
  0
LWPOLYLINE
  5
1A1
330
17
100
AcDbEntity
  8
PISO-Moret-COMPLETA
100
AcDbPolyline
 90
4
 70
1
 10
491.3447
 20
-85.5424
 10
491.9447
 20
-85.5424
 10
491.9447
 20
-84.3484
 10
491.3447
 20
-84.3484
  0
TEXT
  5
1A2
330
17
100
AcDbEntity
  8
ID-PIEZA
100
AcDbText
 10
491.645
 20
-84.945
 30
0.0
 40
0.09
  1
PB-M-045
 50
90.0
 72
1
 11
491.645
 21
-84.945
 31
0.0
100
AcDbText
 73
2
  0
LWPOLYLINE
  5
1A3
330
17
100
AcDbEntity
  8
PISO-Moret-COMPLETA
100
AcDbPolyline
 90
4
 70
1
 10
490.7427
 20
-85.5424
 10
491.34270000000004
 20
-85.5424
 10
491.34270000000004
 20
-84.3484
 10
490.7427
 20
-84.3484
  0
TEXT
  5
1A4
330
17
100
AcDbEntity
  8
ID-PIEZA
100
AcDbText
 10
491.043
 20
-84.945
 30
0.0
 40
0.09
  1
PB-M-044
 50
90.0
 72
1
 11
491.043
 21
-84.945
 31
0.0
100
AcDbText
 73
2
  0
LWPOLYLINE
  5
1A5
330
17
100
AcDbEntity
  8
PISO-Moret-COMPLETA
100
AcDbPolyline
 90
4
 70
1
 10
490.1407
 20
-85.5424
 10
490.7407
 20
-85.5424
 10
490.7407
 20
-84.3484
 10
490.1407
 20
-84.3484
  0
TEXT
  5
1A6
330
17
100
AcDbEntity
  8
ID-PIEZA
100
AcDbText
 10
490.441
 20
-84.945
 30
0.0
 40
0.09
  1
PB-M-043
 50
90.0
 72
1
 11
490.441
 21
-84.945
 31
0.0
100
AcDbText
 73
2
  0
LWPOLYLINE
  5
1A7
330
17
100
AcDbEntity
  8
PISO-Moret-COMPLETA
100
AcDbPolyline
 90
4
 70
1
 10
489.5387
 20
-85.5424
 10
490.13870000000003
 20
-85.5424
 10
490.13870000000003
 20
-84.3484
 10
489.5387
 20
-84.3484
  0
TEXT
  5
1A8
330
17
100
AcDbEntity
  8
ID-PIEZA
100
AcDbText
 10
489.839
 20
-84.945
 30
0.0
 40
0.09
  1
PB-M-042
 50
90.0
 72
1
 11
489.839
 21
-84.945
 31
0.0
100
AcDbText
 73
2
  0
LWPOLYLINE
  5
1A9
330
17
100
AcDbEntity
  8
PISO-Moret-COMPLETA
100
AcDbPolyline
 90
4
 70
1
 10
496.7627
 20
-85.5424
 10
497.3627
 20
-85.5424
 10
497.3627
 20
-84.3484
 10
496.7627
 20
-84.3484
  0
TEXT
  5
1AA
330
17
100
AcDbEntity
  8
ID-PIEZA
100
AcDbText
 10
497.063
 20
-84.945
 30
0.0
 40
0.09
  1
PB-M-054
 50
90.0
 72
1
 11
497.063
 21
-84.945
 31
0.0
100
AcDbText
 73
2
  0
LWPOLYLINE
  5
1AB
330
17
100
AcDbEntity
  8
PISO-Moret-RECORTE
100
AcDbPolyline
 90
4
 70
1
 10
496.1607
 20
-84.3464
 10
496.76070000000004
 20
-84.3464
 10
496.76070000000004
 20
-83.2004
 10
496.1607
 20
-83.2004
  0
HATCH
  5
1AC
330
17
100
AcDbEntity
  8
PISO-Moret-RECORTE
 62
30
440
33554546
100
AcDbHatch
 10
0.0
 20
0.0
 30
0.0
210
0.0
220
0.0
230
1.0
  2
SOLID
 70
1
 71
0
 91
1
 92
3
 72
0
 73
1
 93
4
 10
496.1607
 20
-84.3464
 10
496.76070000000004
 20
-84.3464
 10
496.76070000000004
 20
-83.2004
 10
496.1607
 20
-83.2004
 97
0
 75
1
 76
1
 98
0
  0
TEXT
  5
1AD
330
17
100
AcDbEntity
  8
ID-PIEZA
100
AcDbText
 10
496.461
 20
-83.773
 30
0.0
 40
0.09
  1
PB-M-039
 50
90.0
 72
1
 11
496.461
 21
-83.773
 31
0.0
100
AcDbText
 73
2
  0
LWPOLYLINE
  5
1AE
330
17
100
AcDbEntity
  8
PISO-Moret-RECORTE
100
AcDbPolyline
 90
4
 70
1
 10
495.5587
 20
-84.3464
 10
496.1587
 20
-84.3464
 10
496.1587
 20
-83.2004
 10
495.5587
 20
-83.2004
  0
HATCH
  5
1AF
330
17
100
AcDbEntity
  8
PISO-Moret-RECORTE
 62
30
440
33554546
100
AcDbHatch
 10
0.0
 20
0.0
 30
0.0
210
0.0
220
0.0
230
1.0
  2
SOLID
 70
1
 71
0
 91
1
 92
3
 72
0
 73
1
 93
4
 10
495.5587
 20
-84.3464
 10
496.1587
 20
-84.3464
 10
496.1587
 20
-83.2004
 10
495.5587
 20
-83.2004
 97
0
 75
1
 76
1
 98
0
  0
TEXT
  5
1B0
330
17
100
AcDbEntity
  8
ID-PIEZA
100
AcDbText
 10
495.859
 20
-83.773
 30
0.0
 40
0.09
  1
PB-M-038
 50
90.0
 72
1
 11
495.859
 21
-83.773
 31
0.0
100
AcDbText
 73
2
  0
LWPOLYLINE
  5
1B1
330
17
100
AcDbEntity
  8
PISO-Moret-RECORTE
100
AcDbPolyline
 90
4
 70
1
 10
494.9567
 20
-84.3464
 10
495.55670000000003
 20
-84.3464
 10
495.55670000000003
 20
-83.2004
 10
494.9567
 20
-83.2004
  0
HATCH
  5
1B2
330
17
100
AcDbEntity
  8
PISO-Moret-RECORTE
 62
30
440
33554546
100
AcDbHatch
 10
0.0
 20
0.0
 30
0.0
210
0.0
220
0.0
230
1.0
  2
SOLID
 70
1
 71
0
 91
1
 92
3
 72
0
 73
1
 93
4
 10
494.9567
 20
-84.3464
 10
495.55670000000003
 20
-84.3464
 10
495.55670000000003
 20
-83.2004
 10
494.9567
 20
-83.2004
 97
0
 75
1
 76
1
 98
0
  0
TEXT
  5
1B3
330
17
100
AcDbEntity
  8
ID-PIEZA
100
AcDbText
 10
495.257
 20
-83.773
 30
0.0
 40
0.09
  1
PB-M-037
 50
90.0
 72
1
 11
495.257
 21
-83.773
 31
0.0
100
AcDbText
 73
2
  0
LWPOLYLINE
  5
1B4
330
17
100
AcDbEntity
  8
PISO-Moret-RECORTE
100
AcDbPolyline
 90
4
 70
1
 10
494.3547
 20
-84.3464
 10
494.9547
 20
-84.3464
 10
494.9547
 20
-83.2004
 10
494.3547
 20
-83.2004
  0
HATCH
  5
1B5
330
17
100
AcDbEntity
  8
PISO-Moret-RECORTE
 62
30
440
33554546
100
AcDbHatch
 10
0.0
 20
0.0
 30
0.0
210
0.0
220
0.0
230
1.0
  2
SOLID
 70
1
 71
0
 91
1
 92
3
 72
0
 73
1
 93
4
 10
494.3547
 20
-84.3464
 10
494.9547
 20
-84.3464
 10
494.9547
 20
-83.2004
 10
494.3547
 20
-83.2004
 97
0
 75
1
 76
1
 98
0
  0
TEXT
  5
1B6
330
17
100
AcDbEntity
  8
ID-PIEZA
100
AcDbText
 10
494.655
 20
-83.773
 30
0.0
 40
0.09
  1
PB-M-036
 50
90.0
 72
1
 11
494.655
 21
-83.773
 31
0.0
100
AcDbText
 73
2
  0
LWPOLYLINE
  5
1B7
330
17
100
AcDbEntity
  8
PISO-Moret-RECORTE
100
AcDbPolyline
 90
4
 70
1
 10
493.7527
 20
-84.3464
 10
494.3527
 20
-84.3464
 10
494.3527
 20
-83.2004
 10
493.7527
 20
-83.2004
  0
HATCH
  5
1B8
330
17
100
AcDbEntity
  8
PISO-Moret-RECORTE
 62
30
440
33554546
100
AcDbHatch
 10
0.0
 20
0.0
 30
0.0
210
0.0
220
0.0
230
1.0
  2
SOLID
 70
1
 71
0
 91
1
 92
3
 72
0
 73
1
 93
4
 10
493.7527
 20
-84.3464
 10
494.3527
 20
-84.3464
 10
494.3527
 20
-83.2004
 10
493.7527
 20
-83.2004
 97
0
 75
1
 76
1
 98
0
  0
TEXT
  5
1B9
330
17
100
AcDbEntity
  8
ID-PIEZA
100
AcDbText
 10
494.053
 20
-83.773
 30
0.0
 40
0.09
  1
PB-M-035
 50
90.0
 72
1
 11
494.053
 21
-83.773
 31
0.0
100
AcDbText
 73
2
  0
LWPOLYLINE
  5
1BA
330
17
100
AcDbEntity
  8
PISO-Moret-RECORTE
100
AcDbPolyline
 90
4
 70
1
 10
493.1507
 20
-84.3464
 10
493.7507
 20
-84.3464
 10
493.7507
 20
-83.2604
 10
493.1507
 20
-83.2604
  0
HATCH
  5
1BB
330
17
100
AcDbEntity
  8
PISO-Moret-RECORTE
 62
30
440
33554546
100
AcDbHatch
 10
0.0
 20
0.0
 30
0.0
210
0.0
220
0.0
230
1.0
  2
SOLID
 70
1
 71
0
 91
1
 92
3
 72
0
 73
1
 93
4
 10
493.1507
 20
-84.3464
 10
493.7507
 20
-84.3464
 10
493.7507
 20
-83.2604
 10
493.1507
 20
-83.2604
 97
0
 75
1
 76
1
 98
0
  0
TEXT
  5
1BC
330
17
100
AcDbEntity
  8
ID-PIEZA
100
AcDbText
 10
493.451
 20
-83.803
 30
0.0
 40
0.09
  1
PB-M-040
 50
90.0
 72
1
 11
493.451
 21
-83.803
 31
0.0
100
AcDbText
 73
2
  0
LWPOLYLINE
  5
1BD
330
17
100
AcDbEntity
  8
PISO-Moret-RECORTE
100
AcDbPolyline
 90
4
 70
1
 10
492.5487
 20
-84.3464
 10
493.1487
 20
-84.3464
 10
493.1487
 20
-83.2004
 10
492.5487
 20
-83.2004
  0
HATCH
  5
1BE
330
17
100
AcDbEntity
  8
PISO-Moret-RECORTE
 62
30
440
33554546
100
AcDbHatch
 10
0.0
 20
0.0
 30
0.0
210
0.0
220
0.0
230
1.0
  2
SOLID
 70
1
 71
0
 91
1
 92
3
 72
0
 73
1
 93
4
 10
492.5487
 20
-84.3464
 10
493.1487
 20
-84.3464
 10
493.1487
 20
-83.2004
 10
492.5487
 20
-83.2004
 97
0
 75
1
 76
1
 98
0
  0
TEXT
  5
1BF
330
17
100
AcDbEntity
  8
ID-PIEZA
100
AcDbText
 10
492.849
 20
-83.773
 30
0.0
 40
0.09
  1
PB-M-034
 50
90.0
 72
1
 11
492.849
 21
-83.773
 31
0.0
100
AcDbText
 73
2
  0
LWPOLYLINE
  5
1C0
330
17
100
AcDbEntity
  8
PISO-Moret-RECORTE
100
AcDbPolyline
 90
4
 70
1
 10
491.9467
 20
-84.3464
 10
492.54670000000004
 20
-84.3464
 10
492.54670000000004
 20
-83.2004
 10
491.9467
 20
-83.2004
  0
HATCH
  5
1C1
330
17
100
AcDbEntity
  8
PISO-Moret-RECORTE
 62
30
440
33554546
100
AcDbHatch
 10
0.0
 20
0.0
 30
0.0
210
0.0
220
0.0
230
1.0
  2
SOLID
 70
1
 71
0
 91
1
 92
3
 72
0
 73
1
 93
4
 10
491.9467
 20
-84.3464
 10
492.54670000000004
 20
-84.3464
 10
492.54670000000004
 20
-83.2004
 10
491.9467
 20
-83.2004
 97
0
 75
1
 76
1
 98
0
  0
TEXT
  5
1C2
330
17
100
AcDbEntity
  8
ID-PIEZA
100
AcDbText
 10
492.247
 20
-83.773
 30
0.0
 40
0.09
  1
PB-M-033
 50
90.0
 72
1
 11
492.247
 21
-83.773
 31
0.0
100
AcDbText
 73
2
  0
LWPOLYLINE
  5
1C3
330
17
100
AcDbEntity
  8
PISO-Moret-RECORTE
100
AcDbPolyline
 90
4
 70
1
 10
491.3447
 20
-84.3464
 10
491.9447
 20
-84.3464
 10
491.9447
 20
-83.2004
 10
491.3447
 20
-83.2004
  0
HATCH
  5
1C4
330
17
100
AcDbEntity
  8
PISO-Moret-RECORTE
 62
30
440
33554546
100
AcDbHatch
 10
0.0
 20
0.0
 30
0.0
210
0.0
220
0.0
230
1.0
  2
SOLID
 70
1
 71
0
 91
1
 92
3
 72
0
 73
1
 93
4
 10
491.3447
 20
-84.3464
 10
491.9447
 20
-84.3464
 10
491.9447
 20
-83.2004
 10
491.3447
 20
-83.2004
 97
0
 75
1
 76
1
 98
0
  0
TEXT
  5
1C5
330
17
100
AcDbEntity
  8
ID-PIEZA
100
AcDbText
 10
491.645
 20
-83.773
 30
0.0
 40
0.09
  1
PB-M-032
 50
90.0
 72
1
 11
491.645
 21
-83.773
 31
0.0
100
AcDbText
 73
2
  0
LWPOLYLINE
  5
1C6
330
17
100
AcDbEntity
  8
PISO-Moret-RECORTE
100
AcDbPolyline
 90
4
 70
1
 10
490.7427
 20
-84.3464
 10
491.34270000000004
 20
-84.3464
 10
491.34270000000004
 20
-83.2004
 10
490.7427
 20
-83.2004
  0
HATCH
  5
1C7
330
17
100
AcDbEntity
  8
PISO-Moret-RECORTE
 62
30
440
33554546
100
AcDbHatch
 10
0.0
 20
0.0
 30
0.0
210
0.0
220
0.0
230
1.0
  2
SOLID
 70
1
 71
0
 91
1
 92
3
 72
0
 73
1
 93
4
 10
490.7427
 20
-84.3464
 10
491.34270000000004
 20
-84.3464
 10
491.34270000000004
 20
-83.2004
 10
490.7427
 20
-83.2004
 97
0
 75
1
 76
1
 98
0
  0
TEXT
  5
1C8
330
17
100
AcDbEntity
  8
ID-PIEZA
100
AcDbText
 10
491.043
 20
-83.773
 30
0.0
 40
0.09
  1
PB-M-031
 50
90.0
 72
1
 11
491.043
 21
-83.773
 31
0.0
100
AcDbText
 73
2
  0
LWPOLYLINE
  5
1C9
330
17
100
AcDbEntity
  8
PISO-Moret-RECORTE
100
AcDbPolyline
 90
4
 70
1
 10
490.1407
 20
-84.3464
 10
490.7407
 20
-84.3464
 10
490.7407
 20
-83.2004
 10
490.1407
 20
-83.2004
  0
HATCH
  5
1CA
330
17
100
AcDbEntity
  8
PISO-Moret-RECORTE
 62
30
440
33554546
100
AcDbHatch
 10
0.0
 20
0.0
 30
0.0
210
0.0
220
0.0
230
1.0
  2
SOLID
 70
1
 71
0
 91
1
 92
3
 72
0
 73
1
 93
4
 10
490.1407
 20
-84.3464
 10
490.7407
 20
-84.3464
 10
490.7407
 20
-83.2004
 10
490.1407
 20
-83.2004
 97
0
 75
1
 76
1
 98
0
  0
TEXT
  5
1CB
330
17
100
AcDbEntity
  8
ID-PIEZA
100
AcDbText
 10
490.441
 20
-83.773
 30
0.0
 40
0.09
  1
PB-M-030
 50
90.0
 72
1
 11
490.441
 21
-83.773
 31
0.0
100
AcDbText
 73
2
  0
LWPOLYLINE
  5
1CC
330
17
100
AcDbEntity
  8
PISO-Moret-RECORTE
100
AcDbPolyline
 90
4
 70
1
 10
489.5387
 20
-84.3464
 10
490.13870000000003
 20
-84.3464
 10
490.13870000000003
 20
-83.2004
 10
489.5387
 20
-83.2004
  0
HATCH
  5
1CD
330
17
100
AcDbEntity
  8
PISO-Moret-RECORTE
 62
30
440
33554546
100
AcDbHatch
 10
0.0
 20
0.0
 30
0.0
210
0.0
220
0.0
230
1.0
  2
SOLID
 70
1
 71
0
 91
1
 92
3
 72
0
 73
1
 93
4
 10
489.5387
 20
-84.3464
 10
490.13870000000003
 20
-84.3464
 10
490.13870000000003
 20
-83.2004
 10
489.5387
 20
-83.2004
 97
0
 75
1
 76
1
 98
0
  0
TEXT
  5
1CE
330
17
100
AcDbEntity
  8
ID-PIEZA
100
AcDbText
 10
489.839
 20
-83.773
 30
0.0
 40
0.09
  1
PB-M-029
 50
90.0
 72
1
 11
489.839
 21
-83.773
 31
0.0
100
AcDbText
 73
2
  0
LWPOLYLINE
  5
1CF
330
17
100
AcDbEntity
  8
PISO-Moret-RECORTE
100
AcDbPolyline
 90
4
 70
1
 10
496.7627
 20
-84.3464
 10
497.3627
 20
-84.3464
 10
497.3627
 20
-83.2604
 10
496.7627
 20
-83.2604
  0
HATCH
  5
1D0
330
17
100
AcDbEntity
  8
PISO-Moret-RECORTE
 62
30
440
33554546
100
AcDbHatch
 10
0.0
 20
0.0
 30
0.0
210
0.0
220
0.0
230
1.0
  2
SOLID
 70
1
 71
0
 91
1
 92
3
 72
0
 73
1
 93
4
 10
496.7627
 20
-84.3464
 10
497.3627
 20
-84.3464
 10
497.3627
 20
-83.2604
 10
496.7627
 20
-83.2604
 97
0
 75
1
 76
1
 98
0
  0
TEXT
  5
1D1
330
17
100
AcDbEntity
  8
ID-PIEZA
100
AcDbText
 10
497.063
 20
-83.803
 30
0.0
 40
0.09
  1
PB-M-041
 50
90.0
 72
1
 11
497.063
 21
-83.803
 31
0.0
100
AcDbText
 73
2
  0
LWPOLYLINE
  5
1D2
330
17
100
AcDbEntity
  8
PISO-Moret-RECORTE
100
AcDbPolyline
 90
4
 70
1
 10
495.5587
 20
-88.4054
 10
495.70869999999996
 20
-88.4054
 10
495.70869999999996
 20
-87.9344
 10
495.5587
 20
-87.9344
  0
HATCH
  5
1D3
330
17
100
AcDbEntity
  8
PISO-Moret-RECORTE
 62
30
440
33554546
100
AcDbHatch
 10
0.0
 20
0.0
 30
0.0
210
0.0
220
0.0
230
1.0
  2
SOLID
 70
1
 71
0
 91
1
 92
3
 72
0
 73
1
 93
4
 10
495.5587
 20
-88.4054
 10
495.70869999999996
 20
-88.4054
 10
495.70869999999996
 20
-87.9344
 10
495.5587
 20
-87.9344
 97
0
 75
1
 76
1
 98
0
  0
TEXT
  5
1D4
330
17
100
AcDbEntity
  8
ID-PIEZA
100
AcDbText
 10
495.634
 20
-88.17
 30
0.0
 40
0.045
  1
PB-M-084
 50
90.0
 72
1
 11
495.634
 21
-88.17
 31
0.0
100
AcDbText
 73
2
  0
LWPOLYLINE
  5
1D5
330
17
100
AcDbEntity
  8
PISO-Moret-RECORTE
100
AcDbPolyline
 90
4
 70
1
 10
494.9567
 20
-88.4054
 10
495.55670000000003
 20
-88.4054
 10
495.55670000000003
 20
-87.9344
 10
494.9567
 20
-87.9344
  0
HATCH
  5
1D6
330
17
100
AcDbEntity
  8
PISO-Moret-RECORTE
 62
30
440
33554546
100
AcDbHatch
 10
0.0
 20
0.0
 30
0.0
210
0.0
220
0.0
230
1.0
  2
SOLID
 70
1
 71
0
 91
1
 92
3
 72
0
 73
1
 93
4
 10
494.9567
 20
-88.4054
 10
495.55670000000003
 20
-88.4054
 10
495.55670000000003
 20
-87.9344
 10
494.9567
 20
-87.9344
 97
0
 75
1
 76
1
 98
0
  0
TEXT
  5
1D7
330
17
100
AcDbEntity
  8
ID-PIEZA
100
AcDbText
 10
495.257
 20
-88.17
 30
0.0
 40
0.09
  1
PB-M-083
 72
1
 11
495.257
 21
-88.17
 31
0.0
100
AcDbText
 73
2
  0
LWPOLYLINE
  5
1D8
330
17
100
AcDbEntity
  8
PISO-Moret-RECORTE
100
AcDbPolyline
 90
4
 70
1
 10
494.3547
 20
-89.1284
 10
494.6387
 20
-89.1284
 10
494.6387
 20
-87.9344
 10
494.3547
 20
-87.9344
  0
HATCH
  5
1D9
330
17
100
AcDbEntity
  8
PISO-Moret-RECORTE
 62
30
440
33554546
100
AcDbHatch
 10
0.0
 20
0.0
 30
0.0
210
0.0
220
0.0
230
1.0
  2
SOLID
 70
1
 71
0
 91
1
 92
3
 72
0
 73
1
 93
4
 10
494.3547
 20
-89.1284
 10
494.6387
 20
-89.1284
 10
494.6387
 20
-87.9344
 10
494.3547
 20
-87.9344
 97
0
 75
1
 76
1
 98
0
  0
TEXT
  5
1DA
330
17
100
AcDbEntity
  8
ID-PIEZA
100
AcDbText
 10
494.497
 20
-88.531
 30
0.0
 40
0.08519999999999998
  1
PB-M-096
 50
90.0
 72
1
 11
494.497
 21
-88.531
 31
0.0
100
AcDbText
 73
2
  0
LWPOLYLINE
  5
1DB
330
17
100
AcDbEntity
  8
PISO-Moret-COMPLETA
100
AcDbPolyline
 90
4
 70
1
 10
493.7527
 20
-89.1284
 10
494.3527
 20
-89.1284
 10
494.3527
 20
-87.9344
 10
493.7527
 20
-87.9344
  0
TEXT
  5
1DC
330
17
100
AcDbEntity
  8
ID-PIEZA
100
AcDbText
 10
494.053
 20
-88.531
 30
0.0
 40
0.09
  1
PB-M-095
 50
90.0
 72
1
 11
494.053
 21
-88.531
 31
0.0
100
AcDbText
 73
2
  0
LWPOLYLINE
  5
1DD
330
17
100
AcDbEntity
  8
PISO-Moret-COMPLETA
100
AcDbPolyline
 90
4
 70
1
 10
493.1507
 20
-89.1284
 10
493.7507
 20
-89.1284
 10
493.7507
 20
-87.9344
 10
493.1507
 20
-87.9344
  0
TEXT
  5
1DE
330
17
100
AcDbEntity
  8
ID-PIEZA
100
AcDbText
 10
493.451
 20
-88.531
 30
0.0
 40
0.09
  1
PB-M-094
 50
90.0
 72
1
 11
493.451
 21
-88.531
 31
0.0
100
AcDbText
 73
2
  0
LWPOLYLINE
  5
1DF
330
17
100
AcDbEntity
  8
PISO-Moret-COMPLETA
100
AcDbPolyline
 90
4
 70
1
 10
492.5487
 20
-89.1284
 10
493.1487
 20
-89.1284
 10
493.1487
 20
-87.9344
 10
492.5487
 20
-87.9344
  0
TEXT
  5
1E0
330
17
100
AcDbEntity
  8
ID-PIEZA
100
AcDbText
 10
492.849
 20
-88.531
 30
0.0
 40
0.09
  1
PB-M-093
 50
90.0
 72
1
 11
492.849
 21
-88.531
 31
0.0
100
AcDbText
 73
2
  0
LWPOLYLINE
  5
1E1
330
17
100
AcDbEntity
  8
PISO-Moret-COMPLETA
100
AcDbPolyline
 90
4
 70
1
 10
491.9467
 20
-89.1284
 10
492.54670000000004
 20
-89.1284
 10
492.54670000000004
 20
-87.9344
 10
491.9467
 20
-87.9344
  0
TEXT
  5
1E2
330
17
100
AcDbEntity
  8
ID-PIEZA
100
AcDbText
 10
492.247
 20
-88.531
 30
0.0
 40
0.09
  1
PB-M-092
 50
90.0
 72
1
 11
492.247
 21
-88.531
 31
0.0
100
AcDbText
 73
2
  0
LWPOLYLINE
  5
1E3
330
17
100
AcDbEntity
  8
PISO-Moret-COMPLETA
100
AcDbPolyline
 90
4
 70
1
 10
491.3447
 20
-89.1284
 10
491.9447
 20
-89.1284
 10
491.9447
 20
-87.9344
 10
491.3447
 20
-87.9344
  0
TEXT
  5
1E4
330
17
100
AcDbEntity
  8
ID-PIEZA
100
AcDbText
 10
491.645
 20
-88.531
 30
0.0
 40
0.09
  1
PB-M-091
 50
90.0
 72
1
 11
491.645
 21
-88.531
 31
0.0
100
AcDbText
 73
2
  0
LWPOLYLINE
  5
1E5
330
17
100
AcDbEntity
  8
PISO-Moret-COMPLETA
100
AcDbPolyline
 90
4
 70
1
 10
490.7427
 20
-89.1284
 10
491.34270000000004
 20
-89.1284
 10
491.34270000000004
 20
-87.9344
 10
490.7427
 20
-87.9344
  0
TEXT
  5
1E6
330
17
100
AcDbEntity
  8
ID-PIEZA
100
AcDbText
 10
491.043
 20
-88.531
 30
0.0
 40
0.09
  1
PB-M-090
 50
90.0
 72
1
 11
491.043
 21
-88.531
 31
0.0
100
AcDbText
 73
2
  0
LWPOLYLINE
  5
1E7
330
17
100
AcDbEntity
  8
PISO-Moret-COMPLETA
100
AcDbPolyline
 90
4
 70
1
 10
490.1407
 20
-89.1284
 10
490.7407
 20
-89.1284
 10
490.7407
 20
-87.9344
 10
490.1407
 20
-87.9344
  0
TEXT
  5
1E8
330
17
100
AcDbEntity
  8
ID-PIEZA
100
AcDbText
 10
490.441
 20
-88.531
 30
0.0
 40
0.09
  1
PB-M-089
 50
90.0
 72
1
 11
490.441
 21
-88.531
 31
0.0
100
AcDbText
 73
2
  0
LWPOLYLINE
  5
1E9
330
17
100
AcDbEntity
  8
PISO-Moret-COMPLETA
100
AcDbPolyline
 90
4
 70
1
 10
489.5387
 20
-89.1284
 10
490.13870000000003
 20
-89.1284
 10
490.13870000000003
 20
-87.9344
 10
489.5387
 20
-87.9344
  0
TEXT
  5
1EA
330
17
100
AcDbEntity
  8
ID-PIEZA
100
AcDbText
 10
489.839
 20
-88.531
 30
0.0
 40
0.09
  1
PB-M-088
 50
90.0
 72
1
 11
489.839
 21
-88.531
 31
0.0
100
AcDbText
 73
2
  0
LWPOLYLINE
  5
1EB
330
17
100
AcDbEntity
  8
PISO-Moret-RECORTE
100
AcDbPolyline
 90
4
 70
1
 10
494.3547
 20
-90.3244
 10
494.6387
 20
-90.3244
 10
494.6387
 20
-89.1304
 10
494.3547
 20
-89.1304
  0
HATCH
  5
1EC
330
17
100
AcDbEntity
  8
PISO-Moret-RECORTE
 62
30
440
33554546
100
AcDbHatch
 10
0.0
 20
0.0
 30
0.0
210
0.0
220
0.0
230
1.0
  2
SOLID
 70
1
 71
0
 91
1
 92
3
 72
0
 73
1
 93
4
 10
494.3547
 20
-90.3244
 10
494.6387
 20
-90.3244
 10
494.6387
 20
-89.1304
 10
494.3547
 20
-89.1304
 97
0
 75
1
 76
1
 98
0
  0
TEXT
  5
1ED
330
17
100
AcDbEntity
  8
ID-PIEZA
100
AcDbText
 10
494.497
 20
-89.727
 30
0.0
 40
0.08519999999999998
  1
PB-M-111
 50
90.0
 72
1
 11
494.497
 21
-89.727
 31
0.0
100
AcDbText
 73
2
  0
LWPOLYLINE
  5
1EE
330
17
100
AcDbEntity
  8
PISO-Moret-COMPLETA
100
AcDbPolyline
 90
4
 70
1
 10
493.7527
 20
-90.3244
 10
494.3527
 20
-90.3244
 10
494.3527
 20
-89.1304
 10
493.7527
 20
-89.1304
  0
TEXT
  5
1EF
330
17
100
AcDbEntity
  8
ID-PIEZA
100
AcDbText
 10
494.053
 20
-89.727
 30
0.0
 40
0.09
  1
PB-M-110
 50
90.0
 72
1
 11
494.053
 21
-89.727
 31
0.0
100
AcDbText
 73
2
  0
LWPOLYLINE
  5
1F0
330
17
100
AcDbEntity
  8
PISO-Moret-COMPLETA
100
AcDbPolyline
 90
4
 70
1
 10
493.1507
 20
-90.3244
 10
493.7507
 20
-90.3244
 10
493.7507
 20
-89.1304
 10
493.1507
 20
-89.1304
  0
TEXT
  5
1F1
330
17
100
AcDbEntity
  8
ID-PIEZA
100
AcDbText
 10
493.451
 20
-89.727
 30
0.0
 40
0.09
  1
PB-M-109
 50
90.0
 72
1
 11
493.451
 21
-89.727
 31
0.0
100
AcDbText
 73
2
  0
LWPOLYLINE
  5
1F2
330
17
100
AcDbEntity
  8
PISO-Moret-COMPLETA
100
AcDbPolyline
 90
4
 70
1
 10
492.5487
 20
-90.3244
 10
493.1487
 20
-90.3244
 10
493.1487
 20
-89.1304
 10
492.5487
 20
-89.1304
  0
TEXT
  5
1F3
330
17
100
AcDbEntity
  8
ID-PIEZA
100
AcDbText
 10
492.849
 20
-89.727
 30
0.0
 40
0.09
  1
PB-M-108
 50
90.0
 72
1
 11
492.849
 21
-89.727
 31
0.0
100
AcDbText
 73
2
  0
LWPOLYLINE
  5
1F4
330
17
100
AcDbEntity
  8
PISO-Moret-COMPLETA
100
AcDbPolyline
 90
4
 70
1
 10
491.9467
 20
-90.3244
 10
492.54670000000004
 20
-90.3244
 10
492.54670000000004
 20
-89.1304
 10
491.9467
 20
-89.1304
  0
TEXT
  5
1F5
330
17
100
AcDbEntity
  8
ID-PIEZA
100
AcDbText
 10
492.247
 20
-89.727
 30
0.0
 40
0.09
  1
PB-M-107
 50
90.0
 72
1
 11
492.247
 21
-89.727
 31
0.0
100
AcDbText
 73
2
  0
LWPOLYLINE
  5
1F6
330
17
100
AcDbEntity
  8
PISO-Moret-COMPLETA
100
AcDbPolyline
 90
4
 70
1
 10
491.3447
 20
-90.3244
 10
491.9447
 20
-90.3244
 10
491.9447
 20
-89.1304
 10
491.3447
 20
-89.1304
  0
TEXT
  5
1F7
330
17
100
AcDbEntity
  8
ID-PIEZA
100
AcDbText
 10
491.645
 20
-89.727
 30
0.0
 40
0.09
  1
PB-M-106
 50
90.0
 72
1
 11
491.645
 21
-89.727
 31
0.0
100
AcDbText
 73
2
  0
LWPOLYLINE
  5
1F8
330
17
100
AcDbEntity
  8
PISO-Moret-COMPLETA
100
AcDbPolyline
 90
4
 70
1
 10
490.7427
 20
-90.3244
 10
491.34270000000004
 20
-90.3244
 10
491.34270000000004
 20
-89.1304
 10
490.7427
 20
-89.1304
  0
TEXT
  5
1F9
330
17
100
AcDbEntity
  8
ID-PIEZA
100
AcDbText
 10
491.043
 20
-89.727
 30
0.0
 40
0.09
  1
PB-M-105
 50
90.0
 72
1
 11
491.043
 21
-89.727
 31
0.0
100
AcDbText
 73
2
  0
LWPOLYLINE
  5
1FA
330
17
100
AcDbEntity
  8
PISO-Moret-COMPLETA
100
AcDbPolyline
 90
4
 70
1
 10
490.1407
 20
-90.3244
 10
490.7407
 20
-90.3244
 10
490.7407
 20
-89.1304
 10
490.1407
 20
-89.1304
  0
TEXT
  5
1FB
330
17
100
AcDbEntity
  8
ID-PIEZA
100
AcDbText
 10
490.441
 20
-89.727
 30
0.0
 40
0.09
  1
PB-M-104
 50
90.0
 72
1
 11
490.441
 21
-89.727
 31
0.0
100
AcDbText
 73
2
  0
LWPOLYLINE
  5
1FC
330
17
100
AcDbEntity
  8
PISO-Moret-COMPLETA
100
AcDbPolyline
 90
4
 70
1
 10
489.5387
 20
-90.3244
 10
490.13870000000003
 20
-90.3244
 10
490.13870000000003
 20
-89.1304
 10
489.5387
 20
-89.1304
  0
TEXT
  5
1FD
330
17
100
AcDbEntity
  8
ID-PIEZA
100
AcDbText
 10
489.839
 20
-89.727
 30
0.0
 40
0.09
  1
PB-M-103
 50
90.0
 72
1
 11
489.839
 21
-89.727
 31
0.0
100
AcDbText
 73
2
  0
LWPOLYLINE
  5
1FE
330
17
100
AcDbEntity
  8
PISO-Moret-RECORTE
100
AcDbPolyline
 90
4
 70
1
 10
495.5587
 20
-91.4604
 10
496.1587
 20
-91.4604
 10
496.1587
 20
-90.3404
 10
495.5587
 20
-90.3404
  0
HATCH
  5
1FF
330
17
100
AcDbEntity
  8
PISO-Moret-RECORTE
 62
30
440
33554546
100
AcDbHatch
 10
0.0
 20
0.0
 30
0.0
210
0.0
220
0.0
230
1.0
  2
SOLID
 70
1
 71
0
 91
1
 92
3
 72
0
 73
1
 93
4
 10
495.5587
 20
-91.4604
 10
496.1587
 20
-91.4604
 10
496.1587
 20
-90.3404
 10
495.5587
 20
-90.3404
 97
0
 75
1
 76
1
 98
0
  0
TEXT
  5
200
330
17
100
AcDbEntity
  8
ID-PIEZA
100
AcDbText
 10
495.859
 20
-90.9
 30
0.0
 40
0.09
  1
PB-M-118
 50
90.0
 72
1
 11
495.859
 21
-90.9
 31
0.0
100
AcDbText
 73
2
  0
LWPOLYLINE
  5
201
330
17
100
AcDbEntity
  8
PISO-Moret-RECORTE
100
AcDbPolyline
 90
4
 70
1
 10
494.9567
 20
-91.5204
 10
495.55670000000003
 20
-91.5204
 10
495.55670000000003
 20
-90.34039999999999
 10
494.9567
 20
-90.34039999999999
  0
HATCH
  5
202
330
17
100
AcDbEntity
  8
PISO-Moret-RECORTE
 62
30
440
33554546
100
AcDbHatch
 10
0.0
 20
0.0
 30
0.0
210
0.0
220
0.0
230
1.0
  2
SOLID
 70
1
 71
0
 91
1
 92
3
 72
0
 73
1
 93
4
 10
494.9567
 20
-91.5204
 10
495.55670000000003
 20
-91.5204
 10
495.55670000000003
 20
-90.34039999999999
 10
494.9567
 20
-90.34039999999999
 97
0
 75
1
 76
1
 98
0
  0
TEXT
  5
203
330
17
100
AcDbEntity
  8
ID-PIEZA
100
AcDbText
 10
495.257
 20
-90.93
 30
0.0
 40
0.09
  1
PB-M-130
 50
90.0
 72
1
 11
495.257
 21
-90.93
 31
0.0
100
AcDbText
 73
2
  0
LWPOLYLINE
  5
204
330
17
100
AcDbEntity
  8
PISO-Moret-COMPLETA
100
AcDbPolyline
 90
4
 70
1
 10
494.3547
 20
-91.5204
 10
494.9547
 20
-91.5204
 10
494.9547
 20
-90.32639999999999
 10
494.3547
 20
-90.32639999999999
  0
TEXT
  5
205
330
17
100
AcDbEntity
  8
ID-PIEZA
100
AcDbText
 10
494.655
 20
-90.923
 30
0.0
 40
0.09
  1
PB-M-129
 50
90.0
 72
1
 11
494.655
 21
-90.923
 31
0.0
100
AcDbText
 73
2
  0
LWPOLYLINE
  5
206
330
17
100
AcDbEntity
  8
PISO-Moret-COMPLETA
100
AcDbPolyline
 90
4
 70
1
 10
493.7527
 20
-91.5204
 10
494.3527
 20
-91.5204
 10
494.3527
 20
-90.32639999999999
 10
493.7527
 20
-90.32639999999999
  0
TEXT
  5
207
330
17
100
AcDbEntity
  8
ID-PIEZA
100
AcDbText
 10
494.053
 20
-90.923
 30
0.0
 40
0.09
  1
PB-M-128
 50
90.0
 72
1
 11
494.053
 21
-90.923
 31
0.0
100
AcDbText
 73
2
  0
LWPOLYLINE
  5
208
330
17
100
AcDbEntity
  8
PISO-Moret-COMPLETA
100
AcDbPolyline
 90
4
 70
1
 10
493.1507
 20
-91.5204
 10
493.7507
 20
-91.5204
 10
493.7507
 20
-90.32639999999999
 10
493.1507
 20
-90.32639999999999
  0
TEXT
  5
209
330
17
100
AcDbEntity
  8
ID-PIEZA
100
AcDbText
 10
493.451
 20
-90.923
 30
0.0
 40
0.09
  1
PB-M-127
 50
90.0
 72
1
 11
493.451
 21
-90.923
 31
0.0
100
AcDbText
 73
2
  0
LWPOLYLINE
  5
20A
330
17
100
AcDbEntity
  8
PISO-Moret-COMPLETA
100
AcDbPolyline
 90
4
 70
1
 10
492.5487
 20
-91.5204
 10
493.1487
 20
-91.5204
 10
493.1487
 20
-90.32639999999999
 10
492.5487
 20
-90.32639999999999
  0
TEXT
  5
20B
330
17
100
AcDbEntity
  8
ID-PIEZA
100
AcDbText
 10
492.849
 20
-90.923
 30
0.0
 40
0.09
  1
PB-M-126
 50
90.0
 72
1
 11
492.849
 21
-90.923
 31
0.0
100
AcDbText
 73
2
  0
LWPOLYLINE
  5
20C
330
17
100
AcDbEntity
  8
PISO-Moret-COMPLETA
100
AcDbPolyline
 90
4
 70
1
 10
491.9467
 20
-91.5204
 10
492.54670000000004
 20
-91.5204
 10
492.54670000000004
 20
-90.32639999999999
 10
491.9467
 20
-90.32639999999999
  0
TEXT
  5
20D
330
17
100
AcDbEntity
  8
ID-PIEZA
100
AcDbText
 10
492.247
 20
-90.923
 30
0.0
 40
0.09
  1
PB-M-125
 50
90.0
 72
1
 11
492.247
 21
-90.923
 31
0.0
100
AcDbText
 73
2
  0
LWPOLYLINE
  5
20E
330
17
100
AcDbEntity
  8
PISO-Moret-COMPLETA
100
AcDbPolyline
 90
4
 70
1
 10
491.3447
 20
-91.5204
 10
491.9447
 20
-91.5204
 10
491.9447
 20
-90.32639999999999
 10
491.3447
 20
-90.32639999999999
  0
TEXT
  5
20F
330
17
100
AcDbEntity
  8
ID-PIEZA
100
AcDbText
 10
491.645
 20
-90.923
 30
0.0
 40
0.09
  1
PB-M-124
 50
90.0
 72
1
 11
491.645
 21
-90.923
 31
0.0
100
AcDbText
 73
2
  0
LWPOLYLINE
  5
210
330
17
100
AcDbEntity
  8
PISO-Moret-COMPLETA
100
AcDbPolyline
 90
4
 70
1
 10
490.7427
 20
-91.5204
 10
491.34270000000004
 20
-91.5204
 10
491.34270000000004
 20
-90.32639999999999
 10
490.7427
 20
-90.32639999999999
  0
TEXT
  5
211
330
17
100
AcDbEntity
  8
ID-PIEZA
100
AcDbText
 10
491.043
 20
-90.923
 30
0.0
 40
0.09
  1
PB-M-123
 50
90.0
 72
1
 11
491.043
 21
-90.923
 31
0.0
100
AcDbText
 73
2
  0
LWPOLYLINE
  5
212
330
17
100
AcDbEntity
  8
PISO-Moret-COMPLETA
100
AcDbPolyline
 90
4
 70
1
 10
490.1407
 20
-91.5204
 10
490.7407
 20
-91.5204
 10
490.7407
 20
-90.32639999999999
 10
490.1407
 20
-90.32639999999999
  0
TEXT
  5
213
330
17
100
AcDbEntity
  8
ID-PIEZA
100
AcDbText
 10
490.441
 20
-90.923
 30
0.0
 40
0.09
  1
PB-M-122
 50
90.0
 72
1
 11
490.441
 21
-90.923
 31
0.0
100
AcDbText
 73
2
  0
LWPOLYLINE
  5
214
330
17
100
AcDbEntity
  8
PISO-Moret-COMPLETA
100
AcDbPolyline
 90
4
 70
1
 10
489.5387
 20
-91.5204
 10
490.13870000000003
 20
-91.5204
 10
490.13870000000003
 20
-90.32639999999999
 10
489.5387
 20
-90.32639999999999
  0
TEXT
  5
215
330
17
100
AcDbEntity
  8
ID-PIEZA
100
AcDbText
 10
489.839
 20
-90.923
 30
0.0
 40
0.09
  1
PB-M-121
 50
90.0
 72
1
 11
489.839
 21
-90.923
 31
0.0
100
AcDbText
 73
2
  0
LWPOLYLINE
  5
216
330
17
100
AcDbEntity
  8
PISO-Moret-RECORTE
100
AcDbPolyline
 90
4
 70
1
 10
496.7627
 20
-91.4604
 10
497.3627
 20
-91.4604
 10
497.3627
 20
-90.3404
 10
496.7627
 20
-90.3404
  0
HATCH
  5
217
330
17
100
AcDbEntity
  8
PISO-Moret-RECORTE
 62
30
440
33554546
100
AcDbHatch
 10
0.0
 20
0.0
 30
0.0
210
0.0
220
0.0
230
1.0
  2
SOLID
 70
1
 71
0
 91
1
 92
3
 72
0
 73
1
 93
4
 10
496.7627
 20
-91.4604
 10
497.3627
 20
-91.4604
 10
497.3627
 20
-90.3404
 10
496.7627
 20
-90.3404
 97
0
 75
1
 76
1
 98
0
  0
TEXT
  5
218
330
17
100
AcDbEntity
  8
ID-PIEZA
100
AcDbText
 10
497.063
 20
-90.9
 30
0.0
 40
0.09
  1
PB-M-120
 50
90.0
 72
1
 11
497.063
 21
-90.9
 31
0.0
100
AcDbText
 73
2
  0
LWPOLYLINE
  5
219
330
17
100
AcDbEntity
  8
PISO-Moret-RECORTE
100
AcDbPolyline
 90
4
 70
1
 10
496.1607
 20
-92.5724
 10
496.76070000000004
 20
-92.5724
 10
496.76070000000004
 20
-91.4624
 10
496.1607
 20
-91.4624
  0
HATCH
  5
21A
330
17
100
AcDbEntity
  8
PISO-Moret-RECORTE
 62
30
440
33554546
100
AcDbHatch
 10
0.0
 20
0.0
 30
0.0
210
0.0
220
0.0
230
1.0
  2
SOLID
 70
1
 71
0
 91
1
 92
3
 72
0
 73
1
 93
4
 10
496.1607
 20
-92.5724
 10
496.76070000000004
 20
-92.5724
 10
496.76070000000004
 20
-91.4624
 10
496.1607
 20
-91.4624
 97
0
 75
1
 76
1
 98
0
  0
TEXT
  5
21B
330
17
100
AcDbEntity
  8
ID-PIEZA
100
AcDbText
 10
496.461
 20
-92.017
 30
0.0
 40
0.09
  1
PB-M-133
 50
90.0
 72
1
 11
496.461
 21
-92.017
 31
0.0
100
AcDbText
 73
2
  0
LWPOLYLINE
  5
21C
330
17
100
AcDbEntity
  8
PISO-Moret-RECORTE
100
AcDbPolyline
 90
4
 70
1
 10
495.5587
 20
-92.5724
 10
496.1587
 20
-92.5724
 10
496.1587
 20
-91.4624
 10
495.5587
 20
-91.4624
  0
HATCH
  5
21D
330
17
100
AcDbEntity
  8
PISO-Moret-RECORTE
 62
30
440
33554546
100
AcDbHatch
 10
0.0
 20
0.0
 30
0.0
210
0.0
220
0.0
230
1.0
  2
SOLID
 70
1
 71
0
 91
1
 92
3
 72
0
 73
1
 93
4
 10
495.5587
 20
-92.5724
 10
496.1587
 20
-92.5724
 10
496.1587
 20
-91.4624
 10
495.5587
 20
-91.4624
 97
0
 75
1
 76
1
 98
0
  0
TEXT
  5
21E
330
17
100
AcDbEntity
  8
ID-PIEZA
100
AcDbText
 10
495.859
 20
-92.017
 30
0.0
 40
0.09
  1
PB-M-132
 50
90.0
 72
1
 11
495.859
 21
-92.017
 31
0.0
100
AcDbText
 73
2
  0
LWPOLYLINE
  5
21F
330
17
100
AcDbEntity
  8
PISO-Moret-RECORTE
100
AcDbPolyline
 90
4
 70
1
 10
494.9567
 20
-92.7104
 10
495.2087
 20
-92.7104
 10
495.2087
 20
-91.5224
 10
494.9567
 20
-91.5224
  0
HATCH
  5
220
330
17
100
AcDbEntity
  8
PISO-Moret-RECORTE
 62
30
440
33554546
100
AcDbHatch
 10
0.0
 20
0.0
 30
0.0
210
0.0
220
0.0
230
1.0
  2
SOLID
 70
1
 71
0
 91
1
 92
3
 72
0
 73
1
 93
4
 10
494.9567
 20
-92.7104
 10
495.2087
 20
-92.7104
 10
495.2087
 20
-91.5224
 10
494.9567
 20
-91.5224
 97
0
 75
1
 76
1
 98
0
  0
TEXT
  5
221
330
17
100
AcDbEntity
  8
ID-PIEZA
100
AcDbText
 10
495.083
 20
-92.116
 30
0.0
 40
0.0756
  1
PB-M-144
 50
90.0
 72
1
 11
495.083
 21
-92.116
 31
0.0
100
AcDbText
 73
2
  0
LWPOLYLINE
  5
222
330
17
100
AcDbEntity
  8
PISO-Moret-COMPLETA
100
AcDbPolyline
 90
4
 70
1
 10
494.3547
 20
-92.7104
 10
494.9547
 20
-92.7104
 10
494.9547
 20
-91.5224
 10
494.3547
 20
-91.5224
  0
TEXT
  5
223
330
17
100
AcDbEntity
  8
ID-PIEZA
100
AcDbText
 10
494.655
 20
-92.116
 30
0.0
 40
0.09
  1
PB-M-143
 50
90.0
 72
1
 11
494.655
 21
-92.116
 31
0.0
100
AcDbText
 73
2
  0
LWPOLYLINE
  5
224
330
17
100
AcDbEntity
  8
PISO-Moret-COMPLETA
100
AcDbPolyline
 90
4
 70
1
 10
493.7527
 20
-92.7104
 10
494.3527
 20
-92.7104
 10
494.3527
 20
-91.5224
 10
493.7527
 20
-91.5224
  0
TEXT
  5
225
330
17
100
AcDbEntity
  8
ID-PIEZA
100
AcDbText
 10
494.053
 20
-92.116
 30
0.0
 40
0.09
  1
PB-M-142
 50
90.0
 72
1
 11
494.053
 21
-92.116
 31
0.0
100
AcDbText
 73
2
  0
LWPOLYLINE
  5
226
330
17
100
AcDbEntity
  8
PISO-Moret-RECORTE
100
AcDbPolyline
 90
4
 70
1
 10
493.1507
 20
-92.5724
 10
493.7507
 20
-92.5724
 10
493.7507
 20
-91.5224
 10
493.1507
 20
-91.5224
  0
HATCH
  5
227
330
17
100
AcDbEntity
  8
PISO-Moret-RECORTE
 62
30
440
33554546
100
AcDbHatch
 10
0.0
 20
0.0
 30
0.0
210
0.0
220
0.0
230
1.0
  2
SOLID
 70
1
 71
0
 91
1
 92
3
 72
0
 73
1
 93
4
 10
493.1507
 20
-92.5724
 10
493.7507
 20
-92.5724
 10
493.7507
 20
-91.5224
 10
493.1507
 20
-91.5224
 97
0
 75
1
 76
1
 98
0
  0
TEXT
  5
228
330
17
100
AcDbEntity
  8
ID-PIEZA
100
AcDbText
 10
493.451
 20
-92.047
 30
0.0
 40
0.09
  1
PB-M-141
 50
90.0
 72
1
 11
493.451
 21
-92.047
 31
0.0
100
AcDbText
 73
2
  0
LWPOLYLINE
  5
229
330
17
100
AcDbEntity
  8
PISO-Moret-RECORTE
100
AcDbPolyline
 90
4
 70
1
 10
492.5487
 20
-92.5724
 10
493.1487
 20
-92.5724
 10
493.1487
 20
-91.5224
 10
492.5487
 20
-91.5224
  0
HATCH
  5
22A
330
17
100
AcDbEntity
  8
PISO-Moret-RECORTE
 62
30
440
33554546
100
AcDbHatch
 10
0.0
 20
0.0
 30
0.0
210
0.0
220
0.0
230
1.0
  2
SOLID
 70
1
 71
0
 91
1
 92
3
 72
0
 73
1
 93
4
 10
492.5487
 20
-92.5724
 10
493.1487
 20
-92.5724
 10
493.1487
 20
-91.5224
 10
492.5487
 20
-91.5224
 97
0
 75
1
 76
1
 98
0
  0
TEXT
  5
22B
330
17
100
AcDbEntity
  8
ID-PIEZA
100
AcDbText
 10
492.849
 20
-92.047
 30
0.0
 40
0.09
  1
PB-M-140
 50
90.0
 72
1
 11
492.849
 21
-92.047
 31
0.0
100
AcDbText
 73
2
  0
LWPOLYLINE
  5
22C
330
17
100
AcDbEntity
  8
PISO-Moret-RECORTE
100
AcDbPolyline
 90
4
 70
1
 10
491.9467
 20
-92.5724
 10
492.54670000000004
 20
-92.5724
 10
492.54670000000004
 20
-91.5224
 10
491.9467
 20
-91.5224
  0
HATCH
  5
22D
330
17
100
AcDbEntity
  8
PISO-Moret-RECORTE
 62
30
440
33554546
100
AcDbHatch
 10
0.0
 20
0.0
 30
0.0
210
0.0
220
0.0
230
1.0
  2
SOLID
 70
1
 71
0
 91
1
 92
3
 72
0
 73
1
 93
4
 10
491.9467
 20
-92.5724
 10
492.54670000000004
 20
-92.5724
 10
492.54670000000004
 20
-91.5224
 10
491.9467
 20
-91.5224
 97
0
 75
1
 76
1
 98
0
  0
TEXT
  5
22E
330
17
100
AcDbEntity
  8
ID-PIEZA
100
AcDbText
 10
492.247
 20
-92.047
 30
0.0
 40
0.09
  1
PB-M-139
 50
90.0
 72
1
 11
492.247
 21
-92.047
 31
0.0
100
AcDbText
 73
2
  0
LWPOLYLINE
  5
22F
330
17
100
AcDbEntity
  8
PISO-Moret-RECORTE
100
AcDbPolyline
 90
4
 70
1
 10
491.3447
 20
-92.5724
 10
491.9447
 20
-92.5724
 10
491.9447
 20
-91.5224
 10
491.3447
 20
-91.5224
  0
HATCH
  5
230
330
17
100
AcDbEntity
  8
PISO-Moret-RECORTE
 62
30
440
33554546
100
AcDbHatch
 10
0.0
 20
0.0
 30
0.0
210
0.0
220
0.0
230
1.0
  2
SOLID
 70
1
 71
0
 91
1
 92
3
 72
0
 73
1
 93
4
 10
491.3447
 20
-92.5724
 10
491.9447
 20
-92.5724
 10
491.9447
 20
-91.5224
 10
491.3447
 20
-91.5224
 97
0
 75
1
 76
1
 98
0
  0
TEXT
  5
231
330
17
100
AcDbEntity
  8
ID-PIEZA
100
AcDbText
 10
491.645
 20
-92.047
 30
0.0
 40
0.09
  1
PB-M-138
 50
90.0
 72
1
 11
491.645
 21
-92.047
 31
0.0
100
AcDbText
 73
2
  0
LWPOLYLINE
  5
232
330
17
100
AcDbEntity
  8
PISO-Moret-RECORTE
100
AcDbPolyline
 90
4
 70
1
 10
490.7427
 20
-92.5724
 10
491.34270000000004
 20
-92.5724
 10
491.34270000000004
 20
-91.5224
 10
490.7427
 20
-91.5224
  0
HATCH
  5
233
330
17
100
AcDbEntity
  8
PISO-Moret-RECORTE
 62
30
440
33554546
100
AcDbHatch
 10
0.0
 20
0.0
 30
0.0
210
0.0
220
0.0
230
1.0
  2
SOLID
 70
1
 71
0
 91
1
 92
3
 72
0
 73
1
 93
4
 10
490.7427
 20
-92.5724
 10
491.34270000000004
 20
-92.5724
 10
491.34270000000004
 20
-91.5224
 10
490.7427
 20
-91.5224
 97
0
 75
1
 76
1
 98
0
  0
TEXT
  5
234
330
17
100
AcDbEntity
  8
ID-PIEZA
100
AcDbText
 10
491.043
 20
-92.047
 30
0.0
 40
0.09
  1
PB-M-137
 50
90.0
 72
1
 11
491.043
 21
-92.047
 31
0.0
100
AcDbText
 73
2
  0
LWPOLYLINE
  5
235
330
17
100
AcDbEntity
  8
PISO-Moret-RECORTE
100
AcDbPolyline
 90
4
 70
1
 10
490.1407
 20
-92.5724
 10
490.7407
 20
-92.5724
 10
490.7407
 20
-91.5224
 10
490.1407
 20
-91.5224
  0
HATCH
  5
236
330
17
100
AcDbEntity
  8
PISO-Moret-RECORTE
 62
30
440
33554546
100
AcDbHatch
 10
0.0
 20
0.0
 30
0.0
210
0.0
220
0.0
230
1.0
  2
SOLID
 70
1
 71
0
 91
1
 92
3
 72
0
 73
1
 93
4
 10
490.1407
 20
-92.5724
 10
490.7407
 20
-92.5724
 10
490.7407
 20
-91.5224
 10
490.1407
 20
-91.5224
 97
0
 75
1
 76
1
 98
0
  0
TEXT
  5
237
330
17
100
AcDbEntity
  8
ID-PIEZA
100
AcDbText
 10
490.441
 20
-92.047
 30
0.0
 40
0.09
  1
PB-M-136
 50
90.0
 72
1
 11
490.441
 21
-92.047
 31
0.0
100
AcDbText
 73
2
  0
LWPOLYLINE
  5
238
330
17
100
AcDbEntity
  8
PISO-Moret-RECORTE
100
AcDbPolyline
 90
4
 70
1
 10
489.5387
 20
-92.5724
 10
490.13870000000003
 20
-92.5724
 10
490.13870000000003
 20
-91.5224
 10
489.5387
 20
-91.5224
  0
HATCH
  5
239
330
17
100
AcDbEntity
  8
PISO-Moret-RECORTE
 62
30
440
33554546
100
AcDbHatch
 10
0.0
 20
0.0
 30
0.0
210
0.0
220
0.0
230
1.0
  2
SOLID
 70
1
 71
0
 91
1
 92
3
 72
0
 73
1
 93
4
 10
489.5387
 20
-92.5724
 10
490.13870000000003
 20
-92.5724
 10
490.13870000000003
 20
-91.5224
 10
489.5387
 20
-91.5224
 97
0
 75
1
 76
1
 98
0
  0
TEXT
  5
23A
330
17
100
AcDbEntity
  8
ID-PIEZA
100
AcDbText
 10
489.839
 20
-92.047
 30
0.0
 40
0.09
  1
PB-M-135
 50
90.0
 72
1
 11
489.839
 21
-92.047
 31
0.0
100
AcDbText
 73
2
  0
LWPOLYLINE
  5
23B
330
17
100
AcDbEntity
  8
PISO-Moret-RECORTE
100
AcDbPolyline
 90
4
 70
1
 10
496.7627
 20
-92.5724
 10
497.3627
 20
-92.5724
 10
497.3627
 20
-91.4624
 10
496.7627
 20
-91.4624
  0
HATCH
  5
23C
330
17
100
AcDbEntity
  8
PISO-Moret-RECORTE
 62
30
440
33554546
100
AcDbHatch
 10
0.0
 20
0.0
 30
0.0
210
0.0
220
0.0
230
1.0
  2
SOLID
 70
1
 71
0
 91
1
 92
3
 72
0
 73
1
 93
4
 10
496.7627
 20
-92.5724
 10
497.3627
 20
-92.5724
 10
497.3627
 20
-91.4624
 10
496.7627
 20
-91.4624
 97
0
 75
1
 76
1
 98
0
  0
TEXT
  5
23D
330
17
100
AcDbEntity
  8
ID-PIEZA
100
AcDbText
 10
497.063
 20
-92.017
 30
0.0
 40
0.09
  1
PB-M-134
 50
90.0
 72
1
 11
497.063
 21
-92.017
 31
0.0
100
AcDbText
 73
2
  0
LWPOLYLINE
  5
23E
330
17
100
AcDbEntity
  8
PISO-Moret-RECORTE
100
AcDbPolyline
 90
4
 70
1
 10
495.3887
 20
-92.5724
 10
495.5567
 20
-92.5724
 10
495.5567
 20
-91.4624
 10
495.3887
 20
-91.4624
  0
HATCH
  5
23F
330
17
100
AcDbEntity
  8
PISO-Moret-RECORTE
 62
30
440
33554546
100
AcDbHatch
 10
0.0
 20
0.0
 30
0.0
210
0.0
220
0.0
230
1.0
  2
SOLID
 70
1
 71
0
 91
1
 92
3
 72
0
 73
1
 93
4
 10
495.3887
 20
-92.5724
 10
495.5567
 20
-92.5724
 10
495.5567
 20
-91.4624
 10
495.3887
 20
-91.4624
 97
0
 75
1
 76
1
 98
0
  0
TEXT
  5
240
330
17
100
AcDbEntity
  8
ID-PIEZA
100
AcDbText
 10
495.473
 20
-92.017
 30
0.0
 40
0.0504
  1
PB-M-131
 50
90.0
 72
1
 11
495.473
 21
-92.017
 31
0.0
100
AcDbText
 73
2
  0
LWPOLYLINE
  5
241
330
17
100
AcDbEntity
  8
PISO-Moret-RECORTE
100
AcDbPolyline
 90
4
 70
1
 10
494.8187
 20
-88.4054
 10
494.9547
 20
-88.4054
 10
494.9547
 20
-87.9344
 10
494.8187
 20
-87.9344
  0
HATCH
  5
242
330
17
100
AcDbEntity
  8
PISO-Moret-RECORTE
 62
30
440
33554546
100
AcDbHatch
 10
0.0
 20
0.0
 30
0.0
210
0.0
220
0.0
230
1.0
  2
SOLID
 70
1
 71
0
 91
1
 92
3
 72
0
 73
1
 93
4
 10
494.8187
 20
-88.4054
 10
494.9547
 20
-88.4054
 10
494.9547
 20
-87.9344
 10
494.8187
 20
-87.9344
 97
0
 75
1
 76
1
 98
0
  0
TEXT
  5
243
330
17
100
AcDbEntity
  8
ID-PIEZA
100
AcDbText
 10
494.887
 20
-88.17
 30
0.0
 40
0.0408
  1
PB-M-082
 50
90.0
 72
1
 11
494.887
 21
-88.17
 31
0.0
100
AcDbText
 73
2
  0
LWPOLYLINE
  5
244
330
17
100
AcDbEntity
  8
PISO-Moret-RECORTE
100
AcDbPolyline
 90
4
 70
1
 10
496.1607
 20
-91.4604
 10
496.3987
 20
-91.4604
 10
496.3987
 20
-90.3404
 10
496.1607
 20
-90.3404
  0
HATCH
  5
245
330
17
100
AcDbEntity
  8
PISO-Moret-RECORTE
 62
30
440
33554546
100
AcDbHatch
 10
0.0
 20
0.0
 30
0.0
210
0.0
220
0.0
230
1.0
  2
SOLID
 70
1
 71
0
 91
1
 92
3
 72
0
 73
1
 93
4
 10
496.1607
 20
-91.4604
 10
496.3987
 20
-91.4604
 10
496.3987
 20
-90.3404
 10
496.1607
 20
-90.3404
 97
0
 75
1
 76
1
 98
0
  0
TEXT
  5
246
330
17
100
AcDbEntity
  8
ID-PIEZA
100
AcDbText
 10
496.28
 20
-90.9
 30
0.0
 40
0.07139999999999999
  1
PB-M-119
 50
90.0
 72
1
 11
496.28
 21
-90.9
 31
0.0
100
AcDbText
 73
2
  0
LWPOLYLINE
  5
247
330
17
100
AcDbEntity
  8
PISO-Moret-COMPLETA
100
AcDbPolyline
 90
4
 70
1
 10
496.1607
 20
-82.0044
 10
496.76070000000004
 20
-82.0044
 10
496.76070000000004
 20
-80.8104
 10
496.1607
 20
-80.8104
  0
TEXT
  5
248
330
17
100
AcDbEntity
  8
ID-PIEZA
100
AcDbText
 10
496.461
 20
-81.407
 30
0.0
 40
0.09
  1
PB-M-012
 50
90.0
 72
1
 11
496.461
 21
-81.407
 31
0.0
100
AcDbText
 73
2
  0
LWPOLYLINE
  5
249
330
17
100
AcDbEntity
  8
PISO-Moret-COMPLETA
100
AcDbPolyline
 90
4
 70
1
 10
495.5587
 20
-82.0044
 10
496.1587
 20
-82.0044
 10
496.1587
 20
-80.8104
 10
495.5587
 20
-80.8104
  0
TEXT
  5
24A
330
17
100
AcDbEntity
  8
ID-PIEZA
100
AcDbText
 10
495.859
 20
-81.407
 30
0.0
 40
0.09
  1
PB-M-011
 50
90.0
 72
1
 11
495.859
 21
-81.407
 31
0.0
100
AcDbText
 73
2
  0
LWPOLYLINE
  5
24B
330
17
100
AcDbEntity
  8
PISO-Moret-COMPLETA
100
AcDbPolyline
 90
4
 70
1
 10
494.9567
 20
-82.0044
 10
495.55670000000003
 20
-82.0044
 10
495.55670000000003
 20
-80.8104
 10
494.9567
 20
-80.8104
  0
TEXT
  5
24C
330
17
100
AcDbEntity
  8
ID-PIEZA
100
AcDbText
 10
495.257
 20
-81.407
 30
0.0
 40
0.09
  1
PB-M-010
 50
90.0
 72
1
 11
495.257
 21
-81.407
 31
0.0
100
AcDbText
 73
2
  0
LWPOLYLINE
  5
24D
330
17
100
AcDbEntity
  8
PISO-Moret-COMPLETA
100
AcDbPolyline
 90
4
 70
1
 10
494.3547
 20
-82.0044
 10
494.9547
 20
-82.0044
 10
494.9547
 20
-80.8104
 10
494.3547
 20
-80.8104
  0
TEXT
  5
24E
330
17
100
AcDbEntity
  8
ID-PIEZA
100
AcDbText
 10
494.655
 20
-81.407
 30
0.0
 40
0.09
  1
PB-M-009
 50
90.0
 72
1
 11
494.655
 21
-81.407
 31
0.0
100
AcDbText
 73
2
  0
LWPOLYLINE
  5
24F
330
17
100
AcDbEntity
  8
PISO-Moret-COMPLETA
100
AcDbPolyline
 90
4
 70
1
 10
493.7527
 20
-82.0044
 10
494.3527
 20
-82.0044
 10
494.3527
 20
-80.8104
 10
493.7527
 20
-80.8104
  0
TEXT
  5
250
330
17
100
AcDbEntity
  8
ID-PIEZA
100
AcDbText
 10
494.053
 20
-81.407
 30
0.0
 40
0.09
  1
PB-M-008
 50
90.0
 72
1
 11
494.053
 21
-81.407
 31
0.0
100
AcDbText
 73
2
  0
LWPOLYLINE
  5
251
330
17
100
AcDbEntity
  8
PISO-Moret-COMPLETA
100
AcDbPolyline
 90
4
 70
1
 10
493.1507
 20
-82.0044
 10
493.7507
 20
-82.0044
 10
493.7507
 20
-80.8104
 10
493.1507
 20
-80.8104
  0
TEXT
  5
252
330
17
100
AcDbEntity
  8
ID-PIEZA
100
AcDbText
 10
493.451
 20
-81.407
 30
0.0
 40
0.09
  1
PB-M-007
 50
90.0
 72
1
 11
493.451
 21
-81.407
 31
0.0
100
AcDbText
 73
2
  0
LWPOLYLINE
  5
253
330
17
100
AcDbEntity
  8
PISO-Moret-COMPLETA
100
AcDbPolyline
 90
4
 70
1
 10
492.5487
 20
-82.0044
 10
493.1487
 20
-82.0044
 10
493.1487
 20
-80.8104
 10
492.5487
 20
-80.8104
  0
TEXT
  5
254
330
17
100
AcDbEntity
  8
ID-PIEZA
100
AcDbText
 10
492.849
 20
-81.407
 30
0.0
 40
0.09
  1
PB-M-006
 50
90.0
 72
1
 11
492.849
 21
-81.407
 31
0.0
100
AcDbText
 73
2
  0
LWPOLYLINE
  5
255
330
17
100
AcDbEntity
  8
PISO-Moret-COMPLETA
100
AcDbPolyline
 90
4
 70
1
 10
491.9467
 20
-82.0044
 10
492.54670000000004
 20
-82.0044
 10
492.54670000000004
 20
-80.8104
 10
491.9467
 20
-80.8104
  0
TEXT
  5
256
330
17
100
AcDbEntity
  8
ID-PIEZA
100
AcDbText
 10
492.247
 20
-81.407
 30
0.0
 40
0.09
  1
PB-M-005
 50
90.0
 72
1
 11
492.247
 21
-81.407
 31
0.0
100
AcDbText
 73
2
  0
LWPOLYLINE
  5
257
330
17
100
AcDbEntity
  8
PISO-Moret-COMPLETA
100
AcDbPolyline
 90
4
 70
1
 10
491.3447
 20
-82.0044
 10
491.9447
 20
-82.0044
 10
491.9447
 20
-80.8104
 10
491.3447
 20
-80.8104
  0
TEXT
  5
258
330
17
100
AcDbEntity
  8
ID-PIEZA
100
AcDbText
 10
491.645
 20
-81.407
 30
0.0
 40
0.09
  1
PB-M-004
 50
90.0
 72
1
 11
491.645
 21
-81.407
 31
0.0
100
AcDbText
 73
2
  0
LWPOLYLINE
  5
259
330
17
100
AcDbEntity
  8
PISO-Moret-COMPLETA
100
AcDbPolyline
 90
4
 70
1
 10
490.7427
 20
-82.0044
 10
491.34270000000004
 20
-82.0044
 10
491.34270000000004
 20
-80.8104
 10
490.7427
 20
-80.8104
  0
TEXT
  5
25A
330
17
100
AcDbEntity
  8
ID-PIEZA
100
AcDbText
 10
491.043
 20
-81.407
 30
0.0
 40
0.09
  1
PB-M-003
 50
90.0
 72
1
 11
491.043
 21
-81.407
 31
0.0
100
AcDbText
 73
2
  0
LWPOLYLINE
  5
25B
330
17
100
AcDbEntity
  8
PISO-Moret-COMPLETA
100
AcDbPolyline
 90
4
 70
1
 10
490.1407
 20
-82.0044
 10
490.7407
 20
-82.0044
 10
490.7407
 20
-80.8104
 10
490.1407
 20
-80.8104
  0
TEXT
  5
25C
330
17
100
AcDbEntity
  8
ID-PIEZA
100
AcDbText
 10
490.441
 20
-81.407
 30
0.0
 40
0.09
  1
PB-M-002
 50
90.0
 72
1
 11
490.441
 21
-81.407
 31
0.0
100
AcDbText
 73
2
  0
LWPOLYLINE
  5
25D
330
17
100
AcDbEntity
  8
PISO-Moret-COMPLETA
100
AcDbPolyline
 90
4
 70
1
 10
489.5387
 20
-82.0044
 10
490.13870000000003
 20
-82.0044
 10
490.13870000000003
 20
-80.8104
 10
489.5387
 20
-80.8104
  0
TEXT
  5
25E
330
17
100
AcDbEntity
  8
ID-PIEZA
100
AcDbText
 10
489.839
 20
-81.407
 30
0.0
 40
0.09
  1
PB-M-001
 50
90.0
 72
1
 11
489.839
 21
-81.407
 31
0.0
100
AcDbText
 73
2
  0
LWPOLYLINE
  5
25F
330
17
100
AcDbEntity
  8
PISO-Moret-COMPLETA
100
AcDbPolyline
 90
4
 70
1
 10
496.7627
 20
-82.0044
 10
497.3627
 20
-82.0044
 10
497.3627
 20
-80.8104
 10
496.7627
 20
-80.8104
  0
TEXT
  5
260
330
17
100
AcDbEntity
  8
ID-PIEZA
100
AcDbText
 10
497.063
 20
-81.407
 30
0.0
 40
0.09
  1
PB-M-013
 50
90.0
 72
1
 11
497.063
 21
-81.407
 31
0.0
100
AcDbText
 73
2
  0
LWPOLYLINE
  5
261
330
17
100
AcDbEntity
  8
PISO-Moret-RECORTE
100
AcDbPolyline
 90
4
 70
1
 10
497.3647
 20
-82.0044
 10
497.75870000000003
 20
-82.0044
 10
497.75870000000003
 20
-80.8104
 10
497.3647
 20
-80.8104
  0
HATCH
  5
262
330
17
100
AcDbEntity
  8
PISO-Moret-RECORTE
 62
30
440
33554546
100
AcDbHatch
 10
0.0
 20
0.0
 30
0.0
210
0.0
220
0.0
230
1.0
  2
SOLID
 70
1
 71
0
 91
1
 92
3
 72
0
 73
1
 93
4
 10
497.3647
 20
-82.0044
 10
497.75870000000003
 20
-82.0044
 10
497.75870000000003
 20
-80.8104
 10
497.3647
 20
-80.8104
 97
0
 75
1
 76
1
 98
0
  0
TEXT
  5
263
330
17
100
AcDbEntity
  8
ID-PIEZA
100
AcDbText
 10
497.562
 20
-81.407
 30
0.0
 40
0.09
  1
PB-M-014
 50
90.0
 72
1
 11
497.562
 21
-81.407
 31
0.0
100
AcDbText
 73
2
  0
LWPOLYLINE
  5
264
330
17
100
AcDbEntity
  8
PISO-Moret-RECORTE
100
AcDbPolyline
 90
4
 70
1
 10
496.1607
 20
-83.1204
 10
496.76070000000004
 20
-83.1204
 10
496.76070000000004
 20
-82.0064
 10
496.1607
 20
-82.0064
  0
HATCH
  5
265
330
17
100
AcDbEntity
  8
PISO-Moret-RECORTE
 62
30
440
33554546
100
AcDbHatch
 10
0.0
 20
0.0
 30
0.0
210
0.0
220
0.0
230
1.0
  2
SOLID
 70
1
 71
0
 91
1
 92
3
 72
0
 73
1
 93
4
 10
496.1607
 20
-83.1204
 10
496.76070000000004
 20
-83.1204
 10
496.76070000000004
 20
-82.0064
 10
496.1607
 20
-82.0064
 97
0
 75
1
 76
1
 98
0
  0
TEXT
  5
266
330
17
100
AcDbEntity
  8
ID-PIEZA
100
AcDbText
 10
496.461
 20
-82.563
 30
0.0
 40
0.09
  1
PB-M-028
 50
90.0
 72
1
 11
496.461
 21
-82.563
 31
0.0
100
AcDbText
 73
2
  0
LWPOLYLINE
  5
267
330
17
100
AcDbEntity
  8
PISO-Moret-RECORTE
100
AcDbPolyline
 90
4
 70
1
 10
495.5587
 20
-83.1204
 10
496.1587
 20
-83.1204
 10
496.1587
 20
-82.0064
 10
495.5587
 20
-82.0064
  0
HATCH
  5
268
330
17
100
AcDbEntity
  8
PISO-Moret-RECORTE
 62
30
440
33554546
100
AcDbHatch
 10
0.0
 20
0.0
 30
0.0
210
0.0
220
0.0
230
1.0
  2
SOLID
 70
1
 71
0
 91
1
 92
3
 72
0
 73
1
 93
4
 10
495.5587
 20
-83.1204
 10
496.1587
 20
-83.1204
 10
496.1587
 20
-82.0064
 10
495.5587
 20
-82.0064
 97
0
 75
1
 76
1
 98
0
  0
TEXT
  5
269
330
17
100
AcDbEntity
  8
ID-PIEZA
100
AcDbText
 10
495.859
 20
-82.563
 30
0.0
 40
0.09
  1
PB-M-027
 50
90.0
 72
1
 11
495.859
 21
-82.563
 31
0.0
100
AcDbText
 73
2
  0
LWPOLYLINE
  5
26A
330
17
100
AcDbEntity
  8
PISO-Moret-RECORTE
100
AcDbPolyline
 90
4
 70
1
 10
494.9567
 20
-83.1204
 10
495.55670000000003
 20
-83.1204
 10
495.55670000000003
 20
-82.0064
 10
494.9567
 20
-82.0064
  0
HATCH
  5
26B
330
17
100
AcDbEntity
  8
PISO-Moret-RECORTE
 62
30
440
33554546
100
AcDbHatch
 10
0.0
 20
0.0
 30
0.0
210
0.0
220
0.0
230
1.0
  2
SOLID
 70
1
 71
0
 91
1
 92
3
 72
0
 73
1
 93
4
 10
494.9567
 20
-83.1204
 10
495.55670000000003
 20
-83.1204
 10
495.55670000000003
 20
-82.0064
 10
494.9567
 20
-82.0064
 97
0
 75
1
 76
1
 98
0
  0
TEXT
  5
26C
330
17
100
AcDbEntity
  8
ID-PIEZA
100
AcDbText
 10
495.257
 20
-82.563
 30
0.0
 40
0.09
  1
PB-M-026
 50
90.0
 72
1
 11
495.257
 21
-82.563
 31
0.0
100
AcDbText
 73
2
  0
LWPOLYLINE
  5
26D
330
17
100
AcDbEntity
  8
PISO-Moret-RECORTE
100
AcDbPolyline
 90
4
 70
1
 10
494.3547
 20
-83.1204
 10
494.9547
 20
-83.1204
 10
494.9547
 20
-82.0064
 10
494.3547
 20
-82.0064
  0
HATCH
  5
26E
330
17
100
AcDbEntity
  8
PISO-Moret-RECORTE
 62
30
440
33554546
100
AcDbHatch
 10
0.0
 20
0.0
 30
0.0
210
0.0
220
0.0
230
1.0
  2
SOLID
 70
1
 71
0
 91
1
 92
3
 72
0
 73
1
 93
4
 10
494.3547
 20
-83.1204
 10
494.9547
 20
-83.1204
 10
494.9547
 20
-82.0064
 10
494.3547
 20
-82.0064
 97
0
 75
1
 76
1
 98
0
  0
TEXT
  5
26F
330
17
100
AcDbEntity
  8
ID-PIEZA
100
AcDbText
 10
494.655
 20
-82.563
 30
0.0
 40
0.09
  1
PB-M-025
 50
90.0
 72
1
 11
494.655
 21
-82.563
 31
0.0
100
AcDbText
 73
2
  0
LWPOLYLINE
  5
270
330
17
100
AcDbEntity
  8
PISO-Moret-RECORTE
100
AcDbPolyline
 90
4
 70
1
 10
493.7527
 20
-83.1204
 10
494.3527
 20
-83.1204
 10
494.3527
 20
-82.0064
 10
493.7527
 20
-82.0064
  0
HATCH
  5
271
330
17
100
AcDbEntity
  8
PISO-Moret-RECORTE
 62
30
440
33554546
100
AcDbHatch
 10
0.0
 20
0.0
 30
0.0
210
0.0
220
0.0
230
1.0
  2
SOLID
 70
1
 71
0
 91
1
 92
3
 72
0
 73
1
 93
4
 10
493.7527
 20
-83.1204
 10
494.3527
 20
-83.1204
 10
494.3527
 20
-82.0064
 10
493.7527
 20
-82.0064
 97
0
 75
1
 76
1
 98
0
  0
TEXT
  5
272
330
17
100
AcDbEntity
  8
ID-PIEZA
100
AcDbText
 10
494.053
 20
-82.563
 30
0.0
 40
0.09
  1
PB-M-024
 50
90.0
 72
1
 11
494.053
 21
-82.563
 31
0.0
100
AcDbText
 73
2
  0
LWPOLYLINE
  5
273
330
17
100
AcDbEntity
  8
PISO-Moret-RECORTE
100
AcDbPolyline
 90
4
 70
1
 10
493.1507
 20
-83.0804
 10
493.7507
 20
-83.0804
 10
493.7507
 20
-82.0064
 10
493.1507
 20
-82.0064
  0
HATCH
  5
274
330
17
100
AcDbEntity
  8
PISO-Moret-RECORTE
 62
30
440
33554546
100
AcDbHatch
 10
0.0
 20
0.0
 30
0.0
210
0.0
220
0.0
230
1.0
  2
SOLID
 70
1
 71
0
 91
1
 92
3
 72
0
 73
1
 93
4
 10
493.1507
 20
-83.0804
 10
493.7507
 20
-83.0804
 10
493.7507
 20
-82.0064
 10
493.1507
 20
-82.0064
 97
0
 75
1
 76
1
 98
0
  0
TEXT
  5
275
330
17
100
AcDbEntity
  8
ID-PIEZA
100
AcDbText
 10
493.451
 20
-82.543
 30
0.0
 40
0.09
  1
PB-M-015
 50
90.0
 72
1
 11
493.451
 21
-82.543
 31
0.0
100
AcDbText
 73
2
  0
LWPOLYLINE
  5
276
330
17
100
AcDbEntity
  8
PISO-Moret-RECORTE
100
AcDbPolyline
 90
4
 70
1
 10
492.5487
 20
-83.1204
 10
493.1487
 20
-83.1204
 10
493.1487
 20
-82.0064
 10
492.5487
 20
-82.0064
  0
HATCH
  5
277
330
17
100
AcDbEntity
  8
PISO-Moret-RECORTE
 62
30
440
33554546
100
AcDbHatch
 10
0.0
 20
0.0
 30
0.0
210
0.0
220
0.0
230
1.0
  2
SOLID
 70
1
 71
0
 91
1
 92
3
 72
0
 73
1
 93
4
 10
492.5487
 20
-83.1204
 10
493.1487
 20
-83.1204
 10
493.1487
 20
-82.0064
 10
492.5487
 20
-82.0064
 97
0
 75
1
 76
1
 98
0
  0
TEXT
  5
278
330
17
100
AcDbEntity
  8
ID-PIEZA
100
AcDbText
 10
492.849
 20
-82.563
 30
0.0
 40
0.09
  1
PB-M-023
 50
90.0
 72
1
 11
492.849
 21
-82.563
 31
0.0
100
AcDbText
 73
2
  0
LWPOLYLINE
  5
279
330
17
100
AcDbEntity
  8
PISO-Moret-RECORTE
100
AcDbPolyline
 90
4
 70
1
 10
491.9467
 20
-83.1204
 10
492.54670000000004
 20
-83.1204
 10
492.54670000000004
 20
-82.0064
 10
491.9467
 20
-82.0064
  0
HATCH
  5
27A
330
17
100
AcDbEntity
  8
PISO-Moret-RECORTE
 62
30
440
33554546
100
AcDbHatch
 10
0.0
 20
0.0
 30
0.0
210
0.0
220
0.0
230
1.0
  2
SOLID
 70
1
 71
0
 91
1
 92
3
 72
0
 73
1
 93
4
 10
491.9467
 20
-83.1204
 10
492.54670000000004
 20
-83.1204
 10
492.54670000000004
 20
-82.0064
 10
491.9467
 20
-82.0064
 97
0
 75
1
 76
1
 98
0
  0
TEXT
  5
27B
330
17
100
AcDbEntity
  8
ID-PIEZA
100
AcDbText
 10
492.247
 20
-82.563
 30
0.0
 40
0.09
  1
PB-M-022
 50
90.0
 72
1
 11
492.247
 21
-82.563
 31
0.0
100
AcDbText
 73
2
  0
LWPOLYLINE
  5
27C
330
17
100
AcDbEntity
  8
PISO-Moret-RECORTE
100
AcDbPolyline
 90
4
 70
1
 10
491.3447
 20
-83.1204
 10
491.9447
 20
-83.1204
 10
491.9447
 20
-82.0064
 10
491.3447
 20
-82.0064
  0
HATCH
  5
27D
330
17
100
AcDbEntity
  8
PISO-Moret-RECORTE
 62
30
440
33554546
100
AcDbHatch
 10
0.0
 20
0.0
 30
0.0
210
0.0
220
0.0
230
1.0
  2
SOLID
 70
1
 71
0
 91
1
 92
3
 72
0
 73
1
 93
4
 10
491.3447
 20
-83.1204
 10
491.9447
 20
-83.1204
 10
491.9447
 20
-82.0064
 10
491.3447
 20
-82.0064
 97
0
 75
1
 76
1
 98
0
  0
TEXT
  5
27E
330
17
100
AcDbEntity
  8
ID-PIEZA
100
AcDbText
 10
491.645
 20
-82.563
 30
0.0
 40
0.09
  1
PB-M-021
 50
90.0
 72
1
 11
491.645
 21
-82.563
 31
0.0
100
AcDbText
 73
2
  0
LWPOLYLINE
  5
27F
330
17
100
AcDbEntity
  8
PISO-Moret-RECORTE
100
AcDbPolyline
 90
4
 70
1
 10
490.7427
 20
-83.1204
 10
491.34270000000004
 20
-83.1204
 10
491.34270000000004
 20
-82.0064
 10
490.7427
 20
-82.0064
  0
HATCH
  5
280
330
17
100
AcDbEntity
  8
PISO-Moret-RECORTE
 62
30
440
33554546
100
AcDbHatch
 10
0.0
 20
0.0
 30
0.0
210
0.0
220
0.0
230
1.0
  2
SOLID
 70
1
 71
0
 91
1
 92
3
 72
0
 73
1
 93
4
 10
490.7427
 20
-83.1204
 10
491.34270000000004
 20
-83.1204
 10
491.34270000000004
 20
-82.0064
 10
490.7427
 20
-82.0064
 97
0
 75
1
 76
1
 98
0
  0
TEXT
  5
281
330
17
100
AcDbEntity
  8
ID-PIEZA
100
AcDbText
 10
491.043
 20
-82.563
 30
0.0
 40
0.09
  1
PB-M-020
 50
90.0
 72
1
 11
491.043
 21
-82.563
 31
0.0
100
AcDbText
 73
2
  0
LWPOLYLINE
  5
282
330
17
100
AcDbEntity
  8
PISO-Moret-RECORTE
100
AcDbPolyline
 90
4
 70
1
 10
490.1407
 20
-83.1204
 10
490.7407
 20
-83.1204
 10
490.7407
 20
-82.0064
 10
490.1407
 20
-82.0064
  0
HATCH
  5
283
330
17
100
AcDbEntity
  8
PISO-Moret-RECORTE
 62
30
440
33554546
100
AcDbHatch
 10
0.0
 20
0.0
 30
0.0
210
0.0
220
0.0
230
1.0
  2
SOLID
 70
1
 71
0
 91
1
 92
3
 72
0
 73
1
 93
4
 10
490.1407
 20
-83.1204
 10
490.7407
 20
-83.1204
 10
490.7407
 20
-82.0064
 10
490.1407
 20
-82.0064
 97
0
 75
1
 76
1
 98
0
  0
TEXT
  5
284
330
17
100
AcDbEntity
  8
ID-PIEZA
100
AcDbText
 10
490.441
 20
-82.563
 30
0.0
 40
0.09
  1
PB-M-019
 50
90.0
 72
1
 11
490.441
 21
-82.563
 31
0.0
100
AcDbText
 73
2
  0
LWPOLYLINE
  5
285
330
17
100
AcDbEntity
  8
PISO-Moret-RECORTE
100
AcDbPolyline
 90
4
 70
1
 10
489.5387
 20
-83.1204
 10
490.13870000000003
 20
-83.1204
 10
490.13870000000003
 20
-82.0064
 10
489.5387
 20
-82.0064
  0
HATCH
  5
286
330
17
100
AcDbEntity
  8
PISO-Moret-RECORTE
 62
30
440
33554546
100
AcDbHatch
 10
0.0
 20
0.0
 30
0.0
210
0.0
220
0.0
230
1.0
  2
SOLID
 70
1
 71
0
 91
1
 92
3
 72
0
 73
1
 93
4
 10
489.5387
 20
-83.1204
 10
490.13870000000003
 20
-83.1204
 10
490.13870000000003
 20
-82.0064
 10
489.5387
 20
-82.0064
 97
0
 75
1
 76
1
 98
0
  0
TEXT
  5
287
330
17
100
AcDbEntity
  8
ID-PIEZA
100
AcDbText
 10
489.839
 20
-82.563
 30
0.0
 40
0.09
  1
PB-M-018
 50
90.0
 72
1
 11
489.839
 21
-82.563
 31
0.0
100
AcDbText
 73
2
  0
LWPOLYLINE
  5
288
330
17
100
AcDbEntity
  8
PISO-Moret-RECORTE
100
AcDbPolyline
 90
4
 70
1
 10
496.7627
 20
-83.0804
 10
497.3627
 20
-83.0804
 10
497.3627
 20
-82.0064
 10
496.7627
 20
-82.0064
  0
HATCH
  5
289
330
17
100
AcDbEntity
  8
PISO-Moret-RECORTE
 62
30
440
33554546
100
AcDbHatch
 10
0.0
 20
0.0
 30
0.0
210
0.0
220
0.0
230
1.0
  2
SOLID
 70
1
 71
0
 91
1
 92
3
 72
0
 73
1
 93
4
 10
496.7627
 20
-83.0804
 10
497.3627
 20
-83.0804
 10
497.3627
 20
-82.0064
 10
496.7627
 20
-82.0064
 97
0
 75
1
 76
1
 98
0
  0
TEXT
  5
28A
330
17
100
AcDbEntity
  8
ID-PIEZA
100
AcDbText
 10
497.063
 20
-82.543
 30
0.0
 40
0.09
  1
PB-M-016
 50
90.0
 72
1
 11
497.063
 21
-82.543
 31
0.0
100
AcDbText
 73
2
  0
LWPOLYLINE
  5
28B
330
17
100
AcDbEntity
  8
PISO-Moret-RECORTE
100
AcDbPolyline
 90
4
 70
1
 10
497.3647
 20
-83.0804
 10
497.75870000000003
 20
-83.0804
 10
497.75870000000003
 20
-82.0064
 10
497.3647
 20
-82.0064
  0
HATCH
  5
28C
330
17
100
AcDbEntity
  8
PISO-Moret-RECORTE
 62
30
440
33554546
100
AcDbHatch
 10
0.0
 20
0.0
 30
0.0
210
0.0
220
0.0
230
1.0
  2
SOLID
 70
1
 71
0
 91
1
 92
3
 72
0
 73
1
 93
4
 10
497.3647
 20
-83.0804
 10
497.75870000000003
 20
-83.0804
 10
497.75870000000003
 20
-82.0064
 10
497.3647
 20
-82.0064
 97
0
 75
1
 76
1
 98
0
  0
TEXT
  5
28D
330
17
100
AcDbEntity
  8
ID-PIEZA
100
AcDbText
 10
497.562
 20
-82.543
 30
0.0
 40
0.09
  1
PB-M-017
 50
90.0
 72
1
 11
497.562
 21
-82.543
 31
0.0
100
AcDbText
 73
2
  0
LWPOLYLINE
  5
28E
330
17
100
AcDbEntity
  8
PISO-Moret-RECORTE
100
AcDbPolyline
 90
4
 70
1
 10
502.4942
 20
-87.8904
 10
502.7442
 20
-87.8904
 10
502.7442
 20
-86.7404
 10
502.4942
 20
-86.7404
  0
HATCH
  5
28F
330
17
100
AcDbEntity
  8
PISO-Moret-RECORTE
 62
30
440
33554546
100
AcDbHatch
 10
0.0
 20
0.0
 30
0.0
210
0.0
220
0.0
230
1.0
  2
SOLID
 70
1
 71
0
 91
1
 92
3
 72
0
 73
1
 93
4
 10
502.4942
 20
-87.8904
 10
502.7442
 20
-87.8904
 10
502.7442
 20
-86.7404
 10
502.4942
 20
-86.7404
 97
0
 75
1
 76
1
 98
0
  0
TEXT
  5
290
330
17
100
AcDbEntity
  8
ID-PIEZA
100
AcDbText
 10
502.619
 20
-87.315
 30
0.0
 40
0.075
  1
PA-M-030
 50
90.0
 72
1
 11
502.619
 21
-87.315
 31
0.0
100
AcDbText
 73
2
  0
LWPOLYLINE
  5
291
330
17
100
AcDbEntity
  8
PISO-Moret-RECORTE
100
AcDbPolyline
 90
4
 70
1
 10
502.2242
 20
-87.8904
 10
502.4942
 20
-87.8904
 10
502.4942
 20
-86.7404
 10
502.2242
 20
-86.7404
  0
HATCH
  5
292
330
17
100
AcDbEntity
  8
PISO-Moret-RECORTE
 62
30
440
33554546
100
AcDbHatch
 10
0.0
 20
0.0
 30
0.0
210
0.0
220
0.0
230
1.0
  2
SOLID
 70
1
 71
0
 91
1
 92
3
 72
0
 73
1
 93
4
 10
502.2242
 20
-87.8904
 10
502.4942
 20
-87.8904
 10
502.4942
 20
-86.7404
 10
502.2242
 20
-86.7404
 97
0
 75
1
 76
1
 98
0
  0
TEXT
  5
293
330
17
100
AcDbEntity
  8
ID-PIEZA
100
AcDbText
 10
502.359
 20
-87.315
 30
0.0
 40
0.081
  1
PA-M-029
 50
90.0
 72
1
 11
502.359
 21
-87.315
 31
0.0
100
AcDbText
 73
2
  0
LWPOLYLINE
  5
294
330
17
100
AcDbEntity
  8
PISO-Moret-RECORTE
100
AcDbPolyline
 90
4
 70
1
 10
501.9542
 20
-87.8904
 10
502.2242
 20
-87.8904
 10
502.2242
 20
-86.7404
 10
501.9542
 20
-86.7404
  0
HATCH
  5
295
330
17
100
AcDbEntity
  8
PISO-Moret-RECORTE
 62
30
440
33554546
100
AcDbHatch
 10
0.0
 20
0.0
 30
0.0
210
0.0
220
0.0
230
1.0
  2
SOLID
 70
1
 71
0
 91
1
 92
3
 72
0
 73
1
 93
4
 10
501.9542
 20
-87.8904
 10
502.2242
 20
-87.8904
 10
502.2242
 20
-86.7404
 10
501.9542
 20
-86.7404
 97
0
 75
1
 76
1
 98
0
  0
TEXT
  5
296
330
17
100
AcDbEntity
  8
ID-PIEZA
100
AcDbText
 10
502.089
 20
-87.315
 30
0.0
 40
0.081
  1
PA-M-028
 50
90.0
 72
1
 11
502.089
 21
-87.315
 31
0.0
100
AcDbText
 73
2
  0
LWPOLYLINE
  5
297
330
17
100
AcDbEntity
  8
PISO-Moret-RECORTE
100
AcDbPolyline
 90
4
 70
1
 10
501.6842
 20
-87.8904
 10
501.95419999999996
 20
-87.8904
 10
501.95419999999996
 20
-86.7404
 10
501.6842
 20
-86.7404
  0
HATCH
  5
298
330
17
100
AcDbEntity
  8
PISO-Moret-RECORTE
 62
30
440
33554546
100
AcDbHatch
 10
0.0
 20
0.0
 30
0.0
210
0.0
220
0.0
230
1.0
  2
SOLID
 70
1
 71
0
 91
1
 92
3
 72
0
 73
1
 93
4
 10
501.6842
 20
-87.8904
 10
501.95419999999996
 20
-87.8904
 10
501.95419999999996
 20
-86.7404
 10
501.6842
 20
-86.7404
 97
0
 75
1
 76
1
 98
0
  0
TEXT
  5
299
330
17
100
AcDbEntity
  8
ID-PIEZA
100
AcDbText
 10
501.819
 20
-87.315
 30
0.0
 40
0.081
  1
PA-M-027
 50
90.0
 72
1
 11
501.819
 21
-87.315
 31
0.0
100
AcDbText
 73
2
  0
LWPOLYLINE
  5
29A
330
17
100
AcDbEntity
  8
PISO-Moret-RECORTE
100
AcDbPolyline
 90
4
 70
1
 10
501.4142
 20
-87.8904
 10
501.6842
 20
-87.8904
 10
501.6842
 20
-86.7404
 10
501.4142
 20
-86.7404
  0
HATCH
  5
29B
330
17
100
AcDbEntity
  8
PISO-Moret-RECORTE
 62
30
440
33554546
100
AcDbHatch
 10
0.0
 20
0.0
 30
0.0
210
0.0
220
0.0
230
1.0
  2
SOLID
 70
1
 71
0
 91
1
 92
3
 72
0
 73
1
 93
4
 10
501.4142
 20
-87.8904
 10
501.6842
 20
-87.8904
 10
501.6842
 20
-86.7404
 10
501.4142
 20
-86.7404
 97
0
 75
1
 76
1
 98
0
  0
TEXT
  5
29C
330
17
100
AcDbEntity
  8
ID-PIEZA
100
AcDbText
 10
501.549
 20
-87.315
 30
0.0
 40
0.081
  1
PA-M-026
 50
90.0
 72
1
 11
501.549
 21
-87.315
 31
0.0
100
AcDbText
 73
2
  0
LWPOLYLINE
  5
29D
330
17
100
AcDbEntity
  8
PISO-Moret-RECORTE
100
AcDbPolyline
 90
4
 70
1
 10
501.1442
 20
-87.8904
 10
501.4142
 20
-87.8904
 10
501.4142
 20
-86.7404
 10
501.1442
 20
-86.7404
  0
HATCH
  5
29E
330
17
100
AcDbEntity
  8
PISO-Moret-RECORTE
 62
30
440
33554546
100
AcDbHatch
 10
0.0
 20
0.0
 30
0.0
210
0.0
220
0.0
230
1.0
  2
SOLID
 70
1
 71
0
 91
1
 92
3
 72
0
 73
1
 93
4
 10
501.1442
 20
-87.8904
 10
501.4142
 20
-87.8904
 10
501.4142
 20
-86.7404
 10
501.1442
 20
-86.7404
 97
0
 75
1
 76
1
 98
0
  0
TEXT
  5
29F
330
17
100
AcDbEntity
  8
ID-PIEZA
100
AcDbText
 10
501.279
 20
-87.315
 30
0.0
 40
0.081
  1
PA-M-025
 50
90.0
 72
1
 11
501.279
 21
-87.315
 31
0.0
100
AcDbText
 73
2
  0
LWPOLYLINE
  5
2A0
330
17
100
AcDbEntity
  8
PISO-Moret-RECORTE
100
AcDbPolyline
 90
4
 70
1
 10
500.8742
 20
-87.8904
 10
501.14419999999996
 20
-87.8904
 10
501.14419999999996
 20
-86.7404
 10
500.8742
 20
-86.7404
  0
HATCH
  5
2A1
330
17
100
AcDbEntity
  8
PISO-Moret-RECORTE
 62
30
440
33554546
100
AcDbHatch
 10
0.0
 20
0.0
 30
0.0
210
0.0
220
0.0
230
1.0
  2
SOLID
 70
1
 71
0
 91
1
 92
3
 72
0
 73
1
 93
4
 10
500.8742
 20
-87.8904
 10
501.14419999999996
 20
-87.8904
 10
501.14419999999996
 20
-86.7404
 10
500.8742
 20
-86.7404
 97
0
 75
1
 76
1
 98
0
  0
TEXT
  5
2A2
330
17
100
AcDbEntity
  8
ID-PIEZA
100
AcDbText
 10
501.009
 20
-87.315
 30
0.0
 40
0.081
  1
PA-M-024
 50
90.0
 72
1
 11
501.009
 21
-87.315
 31
0.0
100
AcDbText
 73
2
  0
LWPOLYLINE
  5
2A3
330
17
100
AcDbEntity
  8
PISO-Moret-RECORTE
100
AcDbPolyline
 90
4
 70
1
 10
500.8742
 20
-89.0404
 10
501.14419999999996
 20
-89.0404
 10
501.14419999999996
 20
-87.8904
 10
500.8742
 20
-87.8904
  0
HATCH
  5
2A4
330
17
100
AcDbEntity
  8
PISO-Moret-RECORTE
 62
30
440
33554546
100
AcDbHatch
 10
0.0
 20
0.0
 30
0.0
210
0.0
220
0.0
230
1.0
  2
SOLID
 70
1
 71
0
 91
1
 92
3
 72
0
 73
1
 93
4
 10
500.8742
 20
-89.0404
 10
501.14419999999996
 20
-89.0404
 10
501.14419999999996
 20
-87.8904
 10
500.8742
 20
-87.8904
 97
0
 75
1
 76
1
 98
0
  0
TEXT
  5
2A5
330
17
100
AcDbEntity
  8
ID-PIEZA
100
AcDbText
 10
501.009
 20
-88.465
 30
0.0
 40
0.081
  1
PA-M-040
 50
90.0
 72
1
 11
501.009
 21
-88.465
 31
0.0
100
AcDbText
 73
2
  0
LWPOLYLINE
  5
2A6
330
17
100
AcDbEntity
  8
PISO-Moret-RECORTE
100
AcDbPolyline
 90
4
 70
1
 10
501.1442
 20
-89.0404
 10
501.4142
 20
-89.0404
 10
501.4142
 20
-87.8904
 10
501.1442
 20
-87.8904
  0
HATCH
  5
2A7
330
17
100
AcDbEntity
  8
PISO-Moret-RECORTE
 62
30
440
33554546
100
AcDbHatch
 10
0.0
 20
0.0
 30
0.0
210
0.0
220
0.0
230
1.0
  2
SOLID
 70
1
 71
0
 91
1
 92
3
 72
0
 73
1
 93
4
 10
501.1442
 20
-89.0404
 10
501.4142
 20
-89.0404
 10
501.4142
 20
-87.8904
 10
501.1442
 20
-87.8904
 97
0
 75
1
 76
1
 98
0
  0
TEXT
  5
2A8
330
17
100
AcDbEntity
  8
ID-PIEZA
100
AcDbText
 10
501.279
 20
-88.465
 30
0.0
 40
0.081
  1
PA-M-041
 50
90.0
 72
1
 11
501.279
 21
-88.465
 31
0.0
100
AcDbText
 73
2
  0
LWPOLYLINE
  5
2A9
330
17
100
AcDbEntity
  8
PISO-Moret-RECORTE
100
AcDbPolyline
 90
4
 70
1
 10
501.4142
 20
-89.0404
 10
501.6842
 20
-89.0404
 10
501.6842
 20
-87.8904
 10
501.4142
 20
-87.8904
  0
HATCH
  5
2AA
330
17
100
AcDbEntity
  8
PISO-Moret-RECORTE
 62
30
440
33554546
100
AcDbHatch
 10
0.0
 20
0.0
 30
0.0
210
0.0
220
0.0
230
1.0
  2
SOLID
 70
1
 71
0
 91
1
 92
3
 72
0
 73
1
 93
4
 10
501.4142
 20
-89.0404
 10
501.6842
 20
-89.0404
 10
501.6842
 20
-87.8904
 10
501.4142
 20
-87.8904
 97
0
 75
1
 76
1
 98
0
  0
TEXT
  5
2AB
330
17
100
AcDbEntity
  8
ID-PIEZA
100
AcDbText
 10
501.549
 20
-88.465
 30
0.0
 40
0.081
  1
PA-M-042
 50
90.0
 72
1
 11
501.549
 21
-88.465
 31
0.0
100
AcDbText
 73
2
  0
LWPOLYLINE
  5
2AC
330
17
100
AcDbEntity
  8
PISO-Moret-RECORTE
100
AcDbPolyline
 90
4
 70
1
 10
501.6842
 20
-89.0404
 10
501.95419999999996
 20
-89.0404
 10
501.95419999999996
 20
-87.8904
 10
501.6842
 20
-87.8904
  0
HATCH
  5
2AD
330
17
100
AcDbEntity
  8
PISO-Moret-RECORTE
 62
30
440
33554546
100
AcDbHatch
 10
0.0
 20
0.0
 30
0.0
210
0.0
220
0.0
230
1.0
  2
SOLID
 70
1
 71
0
 91
1
 92
3
 72
0
 73
1
 93
4
 10
501.6842
 20
-89.0404
 10
501.95419999999996
 20
-89.0404
 10
501.95419999999996
 20
-87.8904
 10
501.6842
 20
-87.8904
 97
0
 75
1
 76
1
 98
0
  0
TEXT
  5
2AE
330
17
100
AcDbEntity
  8
ID-PIEZA
100
AcDbText
 10
501.819
 20
-88.465
 30
0.0
 40
0.081
  1
PA-M-043
 50
90.0
 72
1
 11
501.819
 21
-88.465
 31
0.0
100
AcDbText
 73
2
  0
LWPOLYLINE
  5
2AF
330
17
100
AcDbEntity
  8
PISO-Moret-RECORTE
100
AcDbPolyline
 90
4
 70
1
 10
501.9542
 20
-89.0404
 10
502.2242
 20
-89.0404
 10
502.2242
 20
-87.8904
 10
501.9542
 20
-87.8904
  0
HATCH
  5
2B0
330
17
100
AcDbEntity
  8
PISO-Moret-RECORTE
 62
30
440
33554546
100
AcDbHatch
 10
0.0
 20
0.0
 30
0.0
210
0.0
220
0.0
230
1.0
  2
SOLID
 70
1
 71
0
 91
1
 92
3
 72
0
 73
1
 93
4
 10
501.9542
 20
-89.0404
 10
502.2242
 20
-89.0404
 10
502.2242
 20
-87.8904
 10
501.9542
 20
-87.8904
 97
0
 75
1
 76
1
 98
0
  0
TEXT
  5
2B1
330
17
100
AcDbEntity
  8
ID-PIEZA
100
AcDbText
 10
502.089
 20
-88.465
 30
0.0
 40
0.081
  1
PA-M-044
 50
90.0
 72
1
 11
502.089
 21
-88.465
 31
0.0
100
AcDbText
 73
2
  0
LWPOLYLINE
  5
2B2
330
17
100
AcDbEntity
  8
PISO-Moret-RECORTE
100
AcDbPolyline
 90
4
 70
1
 10
502.2242
 20
-89.0404
 10
502.4942
 20
-89.0404
 10
502.4942
 20
-87.8904
 10
502.2242
 20
-87.8904
  0
HATCH
  5
2B3
330
17
100
AcDbEntity
  8
PISO-Moret-RECORTE
 62
30
440
33554546
100
AcDbHatch
 10
0.0
 20
0.0
 30
0.0
210
0.0
220
0.0
230
1.0
  2
SOLID
 70
1
 71
0
 91
1
 92
3
 72
0
 73
1
 93
4
 10
502.2242
 20
-89.0404
 10
502.4942
 20
-89.0404
 10
502.4942
 20
-87.8904
 10
502.2242
 20
-87.8904
 97
0
 75
1
 76
1
 98
0
  0
TEXT
  5
2B4
330
17
100
AcDbEntity
  8
ID-PIEZA
100
AcDbText
 10
502.359
 20
-88.465
 30
0.0
 40
0.081
  1
PA-M-045
 50
90.0
 72
1
 11
502.359
 21
-88.465
 31
0.0
100
AcDbText
 73
2
  0
LWPOLYLINE
  5
2B5
330
17
100
AcDbEntity
  8
PISO-Moret-RECORTE
100
AcDbPolyline
 90
4
 70
1
 10
502.4942
 20
-89.0404
 10
502.7442
 20
-89.0404
 10
502.7442
 20
-87.8904
 10
502.4942
 20
-87.8904
  0
HATCH
  5
2B6
330
17
100
AcDbEntity
  8
PISO-Moret-RECORTE
 62
30
440
33554546
100
AcDbHatch
 10
0.0
 20
0.0
 30
0.0
210
0.0
220
0.0
230
1.0
  2
SOLID
 70
1
 71
0
 91
1
 92
3
 72
0
 73
1
 93
4
 10
502.4942
 20
-89.0404
 10
502.7442
 20
-89.0404
 10
502.7442
 20
-87.8904
 10
502.4942
 20
-87.8904
 97
0
 75
1
 76
1
 98
0
  0
TEXT
  5
2B7
330
17
100
AcDbEntity
  8
ID-PIEZA
100
AcDbText
 10
502.619
 20
-88.465
 30
0.0
 40
0.075
  1
PA-M-046
 50
90.0
 72
1
 11
502.619
 21
-88.465
 31
0.0
100
AcDbText
 73
2
  0
LWPOLYLINE
  5
2B8
330
17
100
AcDbEntity
  8
PISO-Moret-RECORTE
100
AcDbPolyline
 90
4
 70
1
 10
500.2742
 20
-87.8904
 10
500.87420000000003
 20
-87.8904
 10
500.87420000000003
 20
-86.7404
 10
500.2742
 20
-86.7404
  0
HATCH
  5
2B9
330
17
100
AcDbEntity
  8
PISO-Moret-RECORTE
 62
30
440
33554546
100
AcDbHatch
 10
0.0
 20
0.0
 30
0.0
210
0.0
220
0.0
230
1.0
  2
SOLID
 70
1
 71
0
 91
1
 92
3
 72
0
 73
1
 93
4
 10
500.2742
 20
-87.8904
 10
500.87420000000003
 20
-87.8904
 10
500.87420000000003
 20
-86.7404
 10
500.2742
 20
-86.7404
 97
0
 75
1
 76
1
 98
0
  0
TEXT
  5
2BA
330
17
100
AcDbEntity
  8
ID-PIEZA
100
AcDbText
 10
500.574
 20
-87.315
 30
0.0
 40
0.09
  1
PA-M-023
 50
90.0
 72
1
 11
500.574
 21
-87.315
 31
0.0
100
AcDbText
 73
2
  0
LWPOLYLINE
  5
2BB
330
17
100
AcDbEntity
  8
PISO-Moret-RECORTE
100
AcDbPolyline
 90
4
 70
1
 10
499.7742
 20
-87.8904
 10
500.2722
 20
-87.8904
 10
500.2722
 20
-86.7404
 10
499.7742
 20
-86.7404
  0
HATCH
  5
2BC
330
17
100
AcDbEntity
  8
PISO-Moret-RECORTE
 62
30
440
33554546
100
AcDbHatch
 10
0.0
 20
0.0
 30
0.0
210
0.0
220
0.0
230
1.0
  2
SOLID
 70
1
 71
0
 91
1
 92
3
 72
0
 73
1
 93
4
 10
499.7742
 20
-87.8904
 10
500.2722
 20
-87.8904
 10
500.2722
 20
-86.7404
 10
499.7742
 20
-86.7404
 97
0
 75
1
 76
1
 98
0
  0
TEXT
  5
2BD
330
17
100
AcDbEntity
  8
ID-PIEZA
100
AcDbText
 10
500.023
 20
-87.315
 30
0.0
 40
0.09
  1
PA-M-022
 50
90.0
 72
1
 11
500.023
 21
-87.315
 31
0.0
100
AcDbText
 73
2
  0
LWPOLYLINE
  5
2BE
330
17
100
AcDbEntity
  8
PISO-Moret-RECORTE
100
AcDbPolyline
 90
4
 70
1
 10
503.3462
 20
-89.0404
 10
503.94620000000003
 20
-89.0404
 10
503.94620000000003
 20
-87.8904
 10
503.3462
 20
-87.8904
  0
HATCH
  5
2BF
330
17
100
AcDbEntity
  8
PISO-Moret-RECORTE
 62
30
440
33554546
100
AcDbHatch
 10
0.0
 20
0.0
 30
0.0
210
0.0
220
0.0
230
1.0
  2
SOLID
 70
1
 71
0
 91
1
 92
3
 72
0
 73
1
 93
4
 10
503.3462
 20
-89.0404
 10
503.94620000000003
 20
-89.0404
 10
503.94620000000003
 20
-87.8904
 10
503.3462
 20
-87.8904
 97
0
 75
1
 76
1
 98
0
  0
TEXT
  5
2C0
330
17
100
AcDbEntity
  8
ID-PIEZA
100
AcDbText
 10
503.646
 20
-88.465
 30
0.0
 40
0.09
  1
PA-M-048
 50
90.0
 72
1
 11
503.646
 21
-88.465
 31
0.0
100
AcDbText
 73
2
  0
LWPOLYLINE
  5
2C1
330
17
100
AcDbEntity
  8
PISO-Moret-RECORTE
100
AcDbPolyline
 90
4
 70
1
 10
502.7442
 20
-89.0404
 10
503.3442
 20
-89.0404
 10
503.3442
 20
-87.8904
 10
502.7442
 20
-87.8904
  0
HATCH
  5
2C2
330
17
100
AcDbEntity
  8
PISO-Moret-RECORTE
 62
30
440
33554546
100
AcDbHatch
 10
0.0
 20
0.0
 30
0.0
210
0.0
220
0.0
230
1.0
  2
SOLID
 70
1
 71
0
 91
1
 92
3
 72
0
 73
1
 93
4
 10
502.7442
 20
-89.0404
 10
503.3442
 20
-89.0404
 10
503.3442
 20
-87.8904
 10
502.7442
 20
-87.8904
 97
0
 75
1
 76
1
 98
0
  0
TEXT
  5
2C3
330
17
100
AcDbEntity
  8
ID-PIEZA
100
AcDbText
 10
503.044
 20
-88.465
 30
0.0
 40
0.09
  1
PA-M-047
 50
90.0
 72
1
 11
503.044
 21
-88.465
 31
0.0
100
AcDbText
 73
2
  0
LWPOLYLINE
  5
2C4
330
17
100
AcDbEntity
  8
PISO-Moret-COMPLETA
100
AcDbPolyline
 90
4
 70
1
 10
503.3462
 20
-90.2364
 10
503.9442
 20
-90.2364
 10
503.9442
 20
-89.0424
 10
503.3462
 20
-89.0424
  0
TEXT
  5
2C5
330
17
100
AcDbEntity
  8
ID-PIEZA
100
AcDbText
 10
503.645
 20
-89.639
 30
0.0
 40
0.09
  1
PA-M-057
 50
90.0
 72
1
 11
503.645
 21
-89.639
 31
0.0
100
AcDbText
 73
2
  0
LWPOLYLINE
  5
2C6
330
17
100
AcDbEntity
  8
PISO-Moret-COMPLETA
100
AcDbPolyline
 90
4
 70
1
 10
502.7442
 20
-90.2364
 10
503.3442
 20
-90.2364
 10
503.3442
 20
-89.0424
 10
502.7442
 20
-89.0424
  0
TEXT
  5
2C7
330
17
100
AcDbEntity
  8
ID-PIEZA
100
AcDbText
 10
503.044
 20
-89.639
 30
0.0
 40
0.09
  1
PA-M-056
 50
90.0
 72
1
 11
503.044
 21
-89.639
 31
0.0
100
AcDbText
 73
2
  0
LWPOLYLINE
  5
2C8
330
17
100
AcDbEntity
  8
PISO-Moret-COMPLETA
100
AcDbPolyline
 90
4
 70
1
 10
503.3462
 20
-91.4324
 10
503.9442
 20
-91.4324
 10
503.9442
 20
-90.2384
 10
503.3462
 20
-90.2384
  0
TEXT
  5
2C9
330
17
100
AcDbEntity
  8
ID-PIEZA
100
AcDbText
 10
503.645
 20
-90.835
 30
0.0
 40
0.09
  1
PA-M-061
 50
90.0
 72
1
 11
503.645
 21
-90.835
 31
0.0
100
AcDbText
 73
2
  0
LWPOLYLINE
  5
2CA
330
17
100
AcDbEntity
  8
PISO-Moret-COMPLETA
100
AcDbPolyline
 90
4
 70
1
 10
502.7442
 20
-91.4324
 10
503.3442
 20
-91.4324
 10
503.3442
 20
-90.2384
 10
502.7442
 20
-90.2384
  0
TEXT
  5
2CB
330
17
100
AcDbEntity
  8
ID-PIEZA
100
AcDbText
 10
503.044
 20
-90.835
 30
0.0
 40
0.09
  1
PA-M-060
 50
90.0
 72
1
 11
503.044
 21
-90.835
 31
0.0
100
AcDbText
 73
2
  0
LWPOLYLINE
  5
2CC
330
17
100
AcDbEntity
  8
PISO-Moret-RECORTE
100
AcDbPolyline
 90
4
 70
1
 10
503.3462
 20
-92.5304
 10
503.9442
 20
-92.5304
 10
503.9442
 20
-91.4344
 10
503.3462
 20
-91.4344
  0
HATCH
  5
2CD
330
17
100
AcDbEntity
  8
PISO-Moret-RECORTE
 62
30
440
33554546
100
AcDbHatch
 10
0.0
 20
0.0
 30
0.0
210
0.0
220
0.0
230
1.0
  2
SOLID
 70
1
 71
0
 91
1
 92
3
 72
0
 73
1
 93
4
 10
503.3462
 20
-92.5304
 10
503.9442
 20
-92.5304
 10
503.9442
 20
-91.4344
 10
503.3462
 20
-91.4344
 97
0
 75
1
 76
1
 98
0
  0
TEXT
  5
2CE
330
17
100
AcDbEntity
  8
ID-PIEZA
100
AcDbText
 10
503.645
 20
-91.982
 30
0.0
 40
0.09
  1
PA-M-063
 50
90.0
 72
1
 11
503.645
 21
-91.982
 31
0.0
100
AcDbText
 73
2
  0
LWPOLYLINE
  5
2CF
330
17
100
AcDbEntity
  8
PISO-Moret-RECORTE
100
AcDbPolyline
 90
4
 70
1
 10
502.7442
 20
-92.5304
 10
503.3442
 20
-92.5304
 10
503.3442
 20
-91.4344
 10
502.7442
 20
-91.4344
  0
HATCH
  5
2D0
330
17
100
AcDbEntity
  8
PISO-Moret-RECORTE
 62
30
440
33554546
100
AcDbHatch
 10
0.0
 20
0.0
 30
0.0
210
0.0
220
0.0
230
1.0
  2
SOLID
 70
1
 71
0
 91
1
 92
3
 72
0
 73
1
 93
4
 10
502.7442
 20
-92.5304
 10
503.3442
 20
-92.5304
 10
503.3442
 20
-91.4344
 10
502.7442
 20
-91.4344
 97
0
 75
1
 76
1
 98
0
  0
TEXT
  5
2D1
330
17
100
AcDbEntity
  8
ID-PIEZA
100
AcDbText
 10
503.044
 20
-91.982
 30
0.0
 40
0.09
  1
PA-M-062
 50
90.0
 72
1
 11
503.044
 21
-91.982
 31
0.0
100
AcDbText
 73
2
  0
LWPOLYLINE
  5
2D2
330
17
100
AcDbEntity
  8
PISO-Moret-RECORTE
100
AcDbPolyline
 90
4
 70
1
 10
506.6122
 20
-89.7304
 10
507.2122
 20
-89.7304
 10
507.2122
 20
-88.6264
 10
506.6122
 20
-88.6264
  0
HATCH
  5
2D3
330
17
100
AcDbEntity
  8
PISO-Moret-RECORTE
 62
30
440
33554546
100
AcDbHatch
 10
0.0
 20
0.0
 30
0.0
210
0.0
220
0.0
230
1.0
  2
SOLID
 70
1
 71
0
 91
1
 92
3
 72
0
 73
1
 93
4
 10
506.6122
 20
-89.7304
 10
507.2122
 20
-89.7304
 10
507.2122
 20
-88.6264
 10
506.6122
 20
-88.6264
 97
0
 75
1
 76
1
 98
0
  0
TEXT
  5
2D4
330
17
100
AcDbEntity
  8
ID-PIEZA
100
AcDbText
 10
506.912
 20
-89.178
 30
0.0
 40
0.09
  1
PA-M-051
 50
90.0
 72
1
 11
506.912
 21
-89.178
 31
0.0
100
AcDbText
 73
2
  0
LWPOLYLINE
  5
2D5
330
17
100
AcDbEntity
  8
PISO-Moret-COMPLETA
100
AcDbPolyline
 90
4
 70
1
 10
506.0102
 20
-89.8204
 10
506.6102
 20
-89.8204
 10
506.6102
 20
-88.6264
 10
506.0102
 20
-88.6264
  0
TEXT
  5
2D6
330
17
100
AcDbEntity
  8
ID-PIEZA
100
AcDbText
 10
506.31
 20
-89.223
 30
0.0
 40
0.09
  1
PA-M-055
 50
90.0
 72
1
 11
506.31
 21
-89.223
 31
0.0
100
AcDbText
 73
2
  0
LWPOLYLINE
  5
2D7
330
17
100
AcDbEntity
  8
PISO-Moret-COMPLETA
100
AcDbPolyline
 90
4
 70
1
 10
505.4082
 20
-89.8204
 10
506.00820000000004
 20
-89.8204
 10
506.00820000000004
 20
-88.6264
 10
505.4082
 20
-88.6264
  0
TEXT
  5
2D8
330
17
100
AcDbEntity
  8
ID-PIEZA
100
AcDbText
 10
505.708
 20
-89.223
 30
0.0
 40
0.09
  1
PA-M-054
 50
90.0
 72
1
 11
505.708
 21
-89.223
 31
0.0
100
AcDbText
 73
2
  0
LWPOLYLINE
  5
2D9
330
17
100
AcDbEntity
  8
PISO-Moret-COMPLETA
100
AcDbPolyline
 90
4
 70
1
 10
504.8062
 20
-89.8204
 10
505.4062
 20
-89.8204
 10
505.4062
 20
-88.6264
 10
504.8062
 20
-88.6264
  0
TEXT
  5
2DA
330
17
100
AcDbEntity
  8
ID-PIEZA
100
AcDbText
 10
505.106
 20
-89.223
 30
0.0
 40
0.09
  1
PA-M-053
 50
90.0
 72
1
 11
505.106
 21
-89.223
 31
0.0
100
AcDbText
 73
2
  0
LWPOLYLINE
  5
2DB
330
17
100
AcDbEntity
  8
PISO-Moret-RECORTE
100
AcDbPolyline
 90
4
 70
1
 10
504.2042
 20
-89.7304
 10
504.80420000000004
 20
-89.7304
 10
504.80420000000004
 20
-88.6264
 10
504.2042
 20
-88.6264
  0
HATCH
  5
2DC
330
17
100
AcDbEntity
  8
PISO-Moret-RECORTE
 62
30
440
33554546
100
AcDbHatch
 10
0.0
 20
0.0
 30
0.0
210
0.0
220
0.0
230
1.0
  2
SOLID
 70
1
 71
0
 91
1
 92
3
 72
0
 73
1
 93
4
 10
504.2042
 20
-89.7304
 10
504.80420000000004
 20
-89.7304
 10
504.80420000000004
 20
-88.6264
 10
504.2042
 20
-88.6264
 97
0
 75
1
 76
1
 98
0
  0
TEXT
  5
2DD
330
17
100
AcDbEntity
  8
ID-PIEZA
100
AcDbText
 10
504.504
 20
-89.178
 30
0.0
 40
0.09
  1
PA-M-050
 50
90.0
 72
1
 11
504.504
 21
-89.178
 31
0.0
100
AcDbText
 73
2
  0
LWPOLYLINE
  5
2DE
330
17
100
AcDbEntity
  8
PISO-Moret-RECORTE
100
AcDbPolyline
 90
4
 70
1
 10
507.2142
 20
-89.7304
 10
507.8142
 20
-89.7304
 10
507.8142
 20
-88.6264
 10
507.2142
 20
-88.6264
  0
HATCH
  5
2DF
330
17
100
AcDbEntity
  8
PISO-Moret-RECORTE
 62
30
440
33554546
100
AcDbHatch
 10
0.0
 20
0.0
 30
0.0
210
0.0
220
0.0
230
1.0
  2
SOLID
 70
1
 71
0
 91
1
 92
3
 72
0
 73
1
 93
4
 10
507.2142
 20
-89.7304
 10
507.8142
 20
-89.7304
 10
507.8142
 20
-88.6264
 10
507.2142
 20
-88.6264
 97
0
 75
1
 76
1
 98
0
  0
TEXT
  5
2E0
330
17
100
AcDbEntity
  8
ID-PIEZA
100
AcDbText
 10
507.514
 20
-89.178
 30
0.0
 40
0.09
  1
PA-M-052
 50
90.0
 72
1
 11
507.514
 21
-89.178
 31
0.0
100
AcDbText
 73
2
  0
LWPOLYLINE
  5
2E1
330
17
100
AcDbEntity
  8
PISO-Moret-RECORTE
100
AcDbPolyline
 90
4
 70
1
 10
504.1242
 20
-89.7304
 10
504.20219999999995
 20
-89.7304
 10
504.20219999999995
 20
-88.6264
 10
504.1242
 20
-88.6264
  0
HATCH
  5
2E2
330
17
100
AcDbEntity
  8
PISO-Moret-RECORTE
 62
30
440
33554546
100
AcDbHatch
 10
0.0
 20
0.0
 30
0.0
210
0.0
220
0.0
230
1.0
  2
SOLID
 70
1
 71
0
 91
1
 92
3
 72
0
 73
1
 93
4
 10
504.1242
 20
-89.7304
 10
504.20219999999995
 20
-89.7304
 10
504.20219999999995
 20
-88.6264
 10
504.1242
 20
-88.6264
 97
0
 75
1
 76
1
 98
0
  0
TEXT
  5
2E3
330
17
100
AcDbEntity
  8
ID-PIEZA
100
AcDbText
 10
504.163
 20
-89.178
 30
0.0
 40
0.03
  1
PA-M-049
 50
90.0
 72
1
 11
504.163
 21
-89.178
 31
0.0
100
AcDbText
 73
2
  0
LWPOLYLINE
  5
2E4
330
17
100
AcDbEntity
  8
PISO-Moret-COMPLETA
100
AcDbPolyline
 90
4
 70
1
 10
505.4082
 20
-88.6244
 10
506.00820000000004
 20
-88.6244
 10
506.00820000000004
 20
-87.43039999999999
 10
505.4082
 20
-87.43039999999999
  0
TEXT
  5
2E5
330
17
100
AcDbEntity
  8
ID-PIEZA
100
AcDbText
 10
505.708
 20
-88.027
 30
0.0
 40
0.09
  1
PA-M-034
 50
90.0
 72
1
 11
505.708
 21
-88.027
 31
0.0
100
AcDbText
 73
2
  0
LWPOLYLINE
  5
2E6
330
17
100
AcDbEntity
  8
PISO-Moret-COMPLETA
100
AcDbPolyline
 90
4
 70
1
 10
504.8062
 20
-88.6244
 10
505.4062
 20
-88.6244
 10
505.4062
 20
-87.43039999999999
 10
504.8062
 20
-87.43039999999999
  0
TEXT
  5
2E7
330
17
100
AcDbEntity
  8
ID-PIEZA
100
AcDbText
 10
505.106
 20
-88.027
 30
0.0
 40
0.09
  1
PA-M-033
 50
90.0
 72
1
 11
505.106
 21
-88.027
 31
0.0
100
AcDbText
 73
2
  0
LWPOLYLINE
  5
2E8
330
17
100
AcDbEntity
  8
PISO-Moret-COMPLETA
100
AcDbPolyline
 90
4
 70
1
 10
504.2042
 20
-88.6244
 10
504.80420000000004
 20
-88.6244
 10
504.80420000000004
 20
-87.43039999999999
 10
504.2042
 20
-87.43039999999999
  0
TEXT
  5
2E9
330
17
100
AcDbEntity
  8
ID-PIEZA
100
AcDbText
 10
504.504
 20
-88.027
 30
0.0
 40
0.09
  1
PA-M-032
 50
90.0
 72
1
 11
504.504
 21
-88.027
 31
0.0
100
AcDbText
 73
2
  0
LWPOLYLINE
  5
2EA
330
17
100
AcDbEntity
  8
PISO-Moret-COMPLETA
100
AcDbPolyline
 90
4
 70
1
 10
506.0102
 20
-88.6244
 10
506.6102
 20
-88.6244
 10
506.6102
 20
-87.43039999999999
 10
506.0102
 20
-87.43039999999999
  0
TEXT
  5
2EB
330
17
100
AcDbEntity
  8
ID-PIEZA
100
AcDbText
 10
506.31
 20
-88.027
 30
0.0
 40
0.09
  1
PA-M-035
 50
90.0
 72
1
 11
506.31
 21
-88.027
 31
0.0
100
AcDbText
 73
2
  0
LWPOLYLINE
  5
2EC
330
17
100
AcDbEntity
  8
PISO-Moret-RECORTE
100
AcDbPolyline
 90
4
 70
1
 10
506.6122
 20
-88.6244
 10
507.2122
 20
-88.6244
 10
507.2122
 20
-87.9404
 10
506.6122
 20
-87.9404
  0
HATCH
  5
2ED
330
17
100
AcDbEntity
  8
PISO-Moret-RECORTE
 62
30
440
33554546
100
AcDbHatch
 10
0.0
 20
0.0
 30
0.0
210
0.0
220
0.0
230
1.0
  2
SOLID
 70
1
 71
0
 91
1
 92
3
 72
0
 73
1
 93
4
 10
506.6122
 20
-88.6244
 10
507.2122
 20
-88.6244
 10
507.2122
 20
-87.9404
 10
506.6122
 20
-87.9404
 97
0
 75
1
 76
1
 98
0
  0
TEXT
  5
2EE
330
17
100
AcDbEntity
  8
ID-PIEZA
100
AcDbText
 10
506.912
 20
-88.282
 30
0.0
 40
0.09
  1
PA-M-036
 50
90.0
 72
1
 11
506.912
 21
-88.282
 31
0.0
100
AcDbText
 73
2
  0
LWPOLYLINE
  5
2EF
330
17
100
AcDbEntity
  8
PISO-Moret-RECORTE
100
AcDbPolyline
 90
4
 70
1
 10
507.2142
 20
-88.6244
 10
507.8142
 20
-88.6244
 10
507.8142
 20
-87.9404
 10
507.2142
 20
-87.9404
  0
HATCH
  5
2F0
330
17
100
AcDbEntity
  8
PISO-Moret-RECORTE
 62
30
440
33554546
100
AcDbHatch
 10
0.0
 20
0.0
 30
0.0
210
0.0
220
0.0
230
1.0
  2
SOLID
 70
1
 71
0
 91
1
 92
3
 72
0
 73
1
 93
4
 10
507.2142
 20
-88.6244
 10
507.8142
 20
-88.6244
 10
507.8142
 20
-87.9404
 10
507.2142
 20
-87.9404
 97
0
 75
1
 76
1
 98
0
  0
TEXT
  5
2F1
330
17
100
AcDbEntity
  8
ID-PIEZA
100
AcDbText
 10
507.514
 20
-88.282
 30
0.0
 40
0.09
  1
PA-M-037
 50
90.0
 72
1
 11
507.514
 21
-88.282
 31
0.0
100
AcDbText
 73
2
  0
LWPOLYLINE
  5
2F2
330
17
100
AcDbEntity
  8
PISO-Moret-RECORTE
100
AcDbPolyline
 90
4
 70
1
 10
504.2042
 20
-87.4284
 10
504.80420000000004
 20
-87.4284
 10
504.80420000000004
 20
-86.7404
 10
504.2042
 20
-86.7404
  0
HATCH
  5
2F3
330
17
100
AcDbEntity
  8
PISO-Moret-RECORTE
 62
30
440
33554546
100
AcDbHatch
 10
0.0
 20
0.0
 30
0.0
210
0.0
220
0.0
230
1.0
  2
SOLID
 70
1
 71
0
 91
1
 92
3
 72
0
 73
1
 93
4
 10
504.2042
 20
-87.4284
 10
504.80420000000004
 20
-87.4284
 10
504.80420000000004
 20
-86.7404
 10
504.2042
 20
-86.7404
 97
0
 75
1
 76
1
 98
0
  0
TEXT
  5
2F4
330
17
100
AcDbEntity
  8
ID-PIEZA
100
AcDbText
 10
504.504
 20
-87.084
 30
0.0
 40
0.09
  1
PA-M-016
 50
90.0
 72
1
 11
504.504
 21
-87.084
 31
0.0
100
AcDbText
 73
2
  0
LWPOLYLINE
  5
2F5
330
17
100
AcDbEntity
  8
PISO-Moret-RECORTE
100
AcDbPolyline
 90
4
 70
1
 10
504.8062
 20
-87.4284
 10
505.4062
 20
-87.4284
 10
505.4062
 20
-86.7404
 10
504.8062
 20
-86.7404
  0
HATCH
  5
2F6
330
17
100
AcDbEntity
  8
PISO-Moret-RECORTE
 62
30
440
33554546
100
AcDbHatch
 10
0.0
 20
0.0
 30
0.0
210
0.0
220
0.0
230
1.0
  2
SOLID
 70
1
 71
0
 91
1
 92
3
 72
0
 73
1
 93
4
 10
504.8062
 20
-87.4284
 10
505.4062
 20
-87.4284
 10
505.4062
 20
-86.7404
 10
504.8062
 20
-86.7404
 97
0
 75
1
 76
1
 98
0
  0
TEXT
  5
2F7
330
17
100
AcDbEntity
  8
ID-PIEZA
100
AcDbText
 10
505.106
 20
-87.084
 30
0.0
 40
0.09
  1
PA-M-017
 50
90.0
 72
1
 11
505.106
 21
-87.084
 31
0.0
100
AcDbText
 73
2
  0
LWPOLYLINE
  5
2F8
330
17
100
AcDbEntity
  8
PISO-Moret-RECORTE
100
AcDbPolyline
 90
4
 70
1
 10
505.4082
 20
-87.4284
 10
506.00820000000004
 20
-87.4284
 10
506.00820000000004
 20
-86.7404
 10
505.4082
 20
-86.7404
  0
HATCH
  5
2F9
330
17
100
AcDbEntity
  8
PISO-Moret-RECORTE
 62
30
440
33554546
100
AcDbHatch
 10
0.0
 20
0.0
 30
0.0
210
0.0
220
0.0
230
1.0
  2
SOLID
 70
1
 71
0
 91
1
 92
3
 72
0
 73
1
 93
4
 10
505.4082
 20
-87.4284
 10
506.00820000000004
 20
-87.4284
 10
506.00820000000004
 20
-86.7404
 10
505.4082
 20
-86.7404
 97
0
 75
1
 76
1
 98
0
  0
TEXT
  5
2FA
330
17
100
AcDbEntity
  8
ID-PIEZA
100
AcDbText
 10
505.708
 20
-87.084
 30
0.0
 40
0.09
  1
PA-M-018
 50
90.0
 72
1
 11
505.708
 21
-87.084
 31
0.0
100
AcDbText
 73
2
  0
LWPOLYLINE
  5
2FB
330
17
100
AcDbEntity
  8
PISO-Moret-RECORTE
100
AcDbPolyline
 90
4
 70
1
 10
506.0102
 20
-87.4284
 10
506.2242
 20
-87.4284
 10
506.2242
 20
-86.7404
 10
506.0102
 20
-86.7404
  0
HATCH
  5
2FC
330
17
100
AcDbEntity
  8
PISO-Moret-RECORTE
 62
30
440
33554546
100
AcDbHatch
 10
0.0
 20
0.0
 30
0.0
210
0.0
220
0.0
230
1.0
  2
SOLID
 70
1
 71
0
 91
1
 92
3
 72
0
 73
1
 93
4
 10
506.0102
 20
-87.4284
 10
506.2242
 20
-87.4284
 10
506.2242
 20
-86.7404
 10
506.0102
 20
-86.7404
 97
0
 75
1
 76
1
 98
0
  0
TEXT
  5
2FD
330
17
100
AcDbEntity
  8
ID-PIEZA
100
AcDbText
 10
506.117
 20
-87.084
 30
0.0
 40
0.0642
  1
PA-M-019
 50
90.0
 72
1
 11
506.117
 21
-87.084
 31
0.0
100
AcDbText
 73
2
  0
LWPOLYLINE
  5
2FE
330
17
100
AcDbEntity
  8
PISO-Moret-RECORTE
100
AcDbPolyline
 90
4
 70
1
 10
504.1242
 20
-88.6244
 10
504.20219999999995
 20
-88.6244
 10
504.20219999999995
 20
-87.43039999999999
 10
504.1242
 20
-87.43039999999999
  0
HATCH
  5
2FF
330
17
100
AcDbEntity
  8
PISO-Moret-RECORTE
 62
30
440
33554546
100
AcDbHatch
 10
0.0
 20
0.0
 30
0.0
210
0.0
220
0.0
230
1.0
  2
SOLID
 70
1
 71
0
 91
1
 92
3
 72
0
 73
1
 93
4
 10
504.1242
 20
-88.6244
 10
504.20219999999995
 20
-88.6244
 10
504.20219999999995
 20
-87.43039999999999
 10
504.1242
 20
-87.43039999999999
 97
0
 75
1
 76
1
 98
0
  0
TEXT
  5
300
330
17
100
AcDbEntity
  8
ID-PIEZA
100
AcDbText
 10
504.163
 20
-88.027
 30
0.0
 40
0.03
  1
PA-M-031
 50
90.0
 72
1
 11
504.163
 21
-88.027
 31
0.0
100
AcDbText
 73
2
  0
LWPOLYLINE
  5
301
330
17
100
AcDbEntity
  8
PISO-Moret-RECORTE
100
AcDbPolyline
 90
4
 70
1
 10
504.1242
 20
-87.4284
 10
504.20219999999995
 20
-87.4284
 10
504.20219999999995
 20
-86.7404
 10
504.1242
 20
-86.7404
  0
HATCH
  5
302
330
17
100
AcDbEntity
  8
PISO-Moret-RECORTE
 62
30
440
33554546
100
AcDbHatch
 10
0.0
 20
0.0
 30
0.0
210
0.0
220
0.0
230
1.0
  2
SOLID
 70
1
 71
0
 91
1
 92
3
 72
0
 73
1
 93
4
 10
504.1242
 20
-87.4284
 10
504.20219999999995
 20
-87.4284
 10
504.20219999999995
 20
-86.7404
 10
504.1242
 20
-86.7404
 97
0
 75
1
 76
1
 98
0
  0
TEXT
  5
303
330
17
100
AcDbEntity
  8
ID-PIEZA
100
AcDbText
 10
504.163
 20
-87.084
 30
0.0
 40
0.03
  1
PA-M-015
 50
90.0
 72
1
 11
504.163
 21
-87.084
 31
0.0
100
AcDbText
 73
2
  0
LWPOLYLINE
  5
304
330
17
100
AcDbEntity
  8
PISO-Moret-COMPLETA
100
AcDbPolyline
 90
4
 70
1
 10
503.3462
 20
-87.8884
 10
503.9442
 20
-87.8884
 10
503.9442
 20
-86.6944
 10
503.3462
 20
-86.6944
  0
TEXT
  5
305
330
17
100
AcDbEntity
  8
ID-PIEZA
100
AcDbText
 10
503.645
 20
-87.291
 30
0.0
 40
0.09
  1
PA-M-021
 50
90.0
 72
1
 11
503.645
 21
-87.291
 31
0.0
100
AcDbText
 73
2
  0
LWPOLYLINE
  5
306
330
17
100
AcDbEntity
  8
PISO-Moret-COMPLETA
100
AcDbPolyline
 90
4
 70
1
 10
502.7442
 20
-87.8884
 10
503.3442
 20
-87.8884
 10
503.3442
 20
-86.6944
 10
502.7442
 20
-86.6944
  0
TEXT
  5
307
330
17
100
AcDbEntity
  8
ID-PIEZA
100
AcDbText
 10
503.044
 20
-87.291
 30
0.0
 40
0.09
  1
PA-M-020
 50
90.0
 72
1
 11
503.044
 21
-87.291
 31
0.0
100
AcDbText
 73
2
  0
LWPOLYLINE
  5
308
330
17
100
AcDbEntity
  8
PISO-Moret-COMPLETA
100
AcDbPolyline
 90
4
 70
1
 10
503.3462
 20
-86.6924
 10
503.9442
 20
-86.6924
 10
503.9442
 20
-85.4984
 10
503.3462
 20
-85.4984
  0
TEXT
  5
309
330
17
100
AcDbEntity
  8
ID-PIEZA
100
AcDbText
 10
503.645
 20
-86.095
 30
0.0
 40
0.09
  1
PA-M-010
 50
90.0
 72
1
 11
503.645
 21
-86.095
 31
0.0
100
AcDbText
 73
2
  0
LWPOLYLINE
  5
30A
330
17
100
AcDbEntity
  8
PISO-Moret-COMPLETA
100
AcDbPolyline
 90
4
 70
1
 10
502.7442
 20
-86.6924
 10
503.3442
 20
-86.6924
 10
503.3442
 20
-85.4984
 10
502.7442
 20
-85.4984
  0
TEXT
  5
30B
330
17
100
AcDbEntity
  8
ID-PIEZA
100
AcDbText
 10
503.044
 20
-86.095
 30
0.0
 40
0.09
  1
PA-M-009
 50
90.0
 72
1
 11
503.044
 21
-86.095
 31
0.0
100
AcDbText
 73
2
  0
LWPOLYLINE
  5
30C
330
17
100
AcDbEntity
  8
PISO-Moret-RECORTE
100
AcDbPolyline
 90
4
 70
1
 10
503.3462
 20
-85.4964
 10
503.9442
 20
-85.4964
 10
503.9442
 20
-84.9692
 10
503.3462
 20
-84.9692
  0
HATCH
  5
30D
330
17
100
AcDbEntity
  8
PISO-Moret-RECORTE
 62
30
440
33554546
100
AcDbHatch
 10
0.0
 20
0.0
 30
0.0
210
0.0
220
0.0
230
1.0
  2
SOLID
 70
1
 71
0
 91
1
 92
3
 72
0
 73
1
 93
4
 10
503.3462
 20
-85.4964
 10
503.9442
 20
-85.4964
 10
503.9442
 20
-84.9692
 10
503.3462
 20
-84.9692
 97
0
 75
1
 76
1
 98
0
  0
TEXT
  5
30E
330
17
100
AcDbEntity
  8
ID-PIEZA
100
AcDbText
 10
503.645
 20
-85.233
 30
0.0
 40
0.09
  1
PA-M-002
 72
1
 11
503.645
 21
-85.233
 31
0.0
100
AcDbText
 73
2
  0
LWPOLYLINE
  5
30F
330
17
100
AcDbEntity
  8
PISO-Moret-RECORTE
100
AcDbPolyline
 90
4
 70
1
 10
502.7442
 20
-85.4964
 10
503.3442
 20
-85.4964
 10
503.3442
 20
-84.30239999999999
 10
502.7442
 20
-84.30239999999999
  0
HATCH
  5
310
330
17
100
AcDbEntity
  8
PISO-Moret-RECORTE
 62
30
440
33554546
100
AcDbHatch
 10
0.0
 20
0.0
 30
0.0
210
0.0
220
0.0
230
1.0
  2
SOLID
 70
1
 71
0
 91
1
 92
3
 72
0
 73
1
 93
4
 10
502.7442
 20
-85.4964
 10
503.3442
 20
-85.4964
 10
503.3442
 20
-84.30239999999999
 10
502.7442
 20
-84.30239999999999
 97
0
 75
1
 76
1
 98
0
  0
TEXT
  5
311
330
17
100
AcDbEntity
  8
ID-PIEZA
100
AcDbText
 10
503.044
 20
-84.899
 30
0.0
 40
0.09
  1
PA-M-001
 50
90.0
 72
1
 11
503.044
 21
-84.899
 31
0.0
100
AcDbText
 73
2
  0
LWPOLYLINE
  5
312
330
17
100
AcDbEntity
  8
PISO-Moret-RECORTE
100
AcDbPolyline
 90
4
 70
1
 10
503.9462
 20
-85.4964
 10
504.46419999999995
 20
-85.4964
 10
504.46419999999995
 20
-85.06039999999999
 10
503.9462
 20
-85.06039999999999
  0
HATCH
  5
313
330
17
100
AcDbEntity
  8
PISO-Moret-RECORTE
 62
30
440
33554546
100
AcDbHatch
 10
0.0
 20
0.0
 30
0.0
210
0.0
220
0.0
230
1.0
  2
SOLID
 70
1
 71
0
 91
1
 92
3
 72
0
 73
1
 93
4
 10
503.9462
 20
-85.4964
 10
504.46419999999995
 20
-85.4964
 10
504.46419999999995
 20
-85.06039999999999
 10
503.9462
 20
-85.06039999999999
 97
0
 75
1
 76
1
 98
0
  0
TEXT
  5
314
330
17
100
AcDbEntity
  8
ID-PIEZA
100
AcDbText
 10
504.205
 20
-85.278
 30
0.0
 40
0.09
  1
PA-M-003
 72
1
 11
504.205
 21
-85.278
 31
0.0
100
AcDbText
 73
2
  0
LWPOLYLINE
  5
315
330
17
100
AcDbEntity
  8
PISO-Moret-RECORTE
100
AcDbPolyline
 90
4
 70
1
 10
503.9462
 20
-86.5604
 10
504.46419999999995
 20
-86.5604
 10
504.46419999999995
 20
-85.4984
 10
503.9462
 20
-85.4984
  0
HATCH
  5
316
330
17
100
AcDbEntity
  8
PISO-Moret-RECORTE
 62
30
440
33554546
100
AcDbHatch
 10
0.0
 20
0.0
 30
0.0
210
0.0
220
0.0
230
1.0
  2
SOLID
 70
1
 71
0
 91
1
 92
3
 72
0
 73
1
 93
4
 10
503.9462
 20
-86.5604
 10
504.46419999999995
 20
-86.5604
 10
504.46419999999995
 20
-85.4984
 10
503.9462
 20
-85.4984
 97
0
 75
1
 76
1
 98
0
  0
TEXT
  5
317
330
17
100
AcDbEntity
  8
ID-PIEZA
100
AcDbText
 10
504.205
 20
-86.029
 30
0.0
 40
0.09
  1
PA-M-008
 50
90.0
 72
1
 11
504.205
 21
-86.029
 31
0.0
100
AcDbText
 73
2
  0
LWPOLYLINE
  5
318
330
17
100
AcDbEntity
  8
PISO-Moret-COMPLETA
100
AcDbPolyline
 90
4
 70
1
 10
504.4662
 20
-86.2544
 10
505.0642
 20
-86.2544
 10
505.0642
 20
-85.0604
 10
504.4662
 20
-85.0604
  0
TEXT
  5
319
330
17
100
AcDbEntity
  8
ID-PIEZA
100
AcDbText
 10
504.765
 20
-85.657
 30
0.0
 40
0.09
  1
PA-M-004
 50
90.0
 72
1
 11
504.765
 21
-85.657
 31
0.0
100
AcDbText
 73
2
  0
LWPOLYLINE
  5
31A
330
17
100
AcDbEntity
  8
PISO-Moret-COMPLETA
100
AcDbPolyline
 90
4
 70
1
 10
505.0662
 20
-86.2544
 10
505.6642
 20
-86.2544
 10
505.6642
 20
-85.0604
 10
505.0662
 20
-85.0604
  0
TEXT
  5
31B
330
17
100
AcDbEntity
  8
ID-PIEZA
100
AcDbText
 10
505.365
 20
-85.657
 30
0.0
 40
0.09
  1
PA-M-005
 50
90.0
 72
1
 11
505.365
 21
-85.657
 31
0.0
100
AcDbText
 73
2
  0
LWPOLYLINE
  5
31C
330
17
100
AcDbEntity
  8
PISO-Moret-COMPLETA
100
AcDbPolyline
 90
4
 70
1
 10
505.6662
 20
-86.2544
 10
506.2642
 20
-86.2544
 10
506.2642
 20
-85.0604
 10
505.6662
 20
-85.0604
  0
TEXT
  5
31D
330
17
100
AcDbEntity
  8
ID-PIEZA
100
AcDbText
 10
505.965
 20
-85.657
 30
0.0
 40
0.09
  1
PA-M-006
 50
90.0
 72
1
 11
505.965
 21
-85.657
 31
0.0
100
AcDbText
 73
2
  0
LWPOLYLINE
  5
31E
330
17
100
AcDbEntity
  8
PISO-Moret-RECORTE
100
AcDbPolyline
 90
4
 70
1
 10
506.2662
 20
-86.2544
 10
506.61420000000004
 20
-86.2544
 10
506.61420000000004
 20
-85.0604
 10
506.2662
 20
-85.0604
  0
HATCH
  5
31F
330
17
100
AcDbEntity
  8
PISO-Moret-RECORTE
 62
30
440
33554546
100
AcDbHatch
 10
0.0
 20
0.0
 30
0.0
210
0.0
220
0.0
230
1.0
  2
SOLID
 70
1
 71
0
 91
1
 92
3
 72
0
 73
1
 93
4
 10
506.2662
 20
-86.2544
 10
506.61420000000004
 20
-86.2544
 10
506.61420000000004
 20
-85.0604
 10
506.2662
 20
-85.0604
 97
0
 75
1
 76
1
 98
0
  0
TEXT
  5
320
330
17
100
AcDbEntity
  8
ID-PIEZA
100
AcDbText
 10
506.44
 20
-85.657
 30
0.0
 40
0.09
  1
PA-M-007
 50
90.0
 72
1
 11
506.44
 21
-85.657
 31
0.0
100
AcDbText
 73
2
  0
LWPOLYLINE
  5
321
330
17
100
AcDbEntity
  8
PISO-Moret-RECORTE
100
AcDbPolyline
 90
4
 70
1
 10
505.0662
 20
-86.5604
 10
505.6642
 20
-86.5604
 10
505.6642
 20
-86.2564
 10
505.0662
 20
-86.2564
  0
HATCH
  5
322
330
17
100
AcDbEntity
  8
PISO-Moret-RECORTE
 62
30
440
33554546
100
AcDbHatch
 10
0.0
 20
0.0
 30
0.0
210
0.0
220
0.0
230
1.0
  2
SOLID
 70
1
 71
0
 91
1
 92
3
 72
0
 73
1
 93
4
 10
505.0662
 20
-86.5604
 10
505.6642
 20
-86.5604
 10
505.6642
 20
-86.2564
 10
505.0662
 20
-86.2564
 97
0
 75
1
 76
1
 98
0
  0
TEXT
  5
323
330
17
100
AcDbEntity
  8
ID-PIEZA
100
AcDbText
 10
505.365
 20
-86.408
 30
0.0
 40
0.09
  1
PA-M-012
 72
1
 11
505.365
 21
-86.408
 31
0.0
100
AcDbText
 73
2
  0
LWPOLYLINE
  5
324
330
17
100
AcDbEntity
  8
PISO-Moret-RECORTE
100
AcDbPolyline
 90
4
 70
1
 10
504.5242
 20
-86.5604
 10
505.0642
 20
-86.5604
 10
505.0642
 20
-86.2564
 10
504.5242
 20
-86.2564
  0
HATCH
  5
325
330
17
100
AcDbEntity
  8
PISO-Moret-RECORTE
 62
30
440
33554546
100
AcDbHatch
 10
0.0
 20
0.0
 30
0.0
210
0.0
220
0.0
230
1.0
  2
SOLID
 70
1
 71
0
 91
1
 92
3
 72
0
 73
1
 93
4
 10
504.5242
 20
-86.5604
 10
505.0642
 20
-86.5604
 10
505.0642
 20
-86.2564
 10
504.5242
 20
-86.2564
 97
0
 75
1
 76
1
 98
0
  0
TEXT
  5
326
330
17
100
AcDbEntity
  8
ID-PIEZA
100
AcDbText
 10
504.794
 20
-86.408
 30
0.0
 40
0.09
  1
PA-M-011
 72
1
 11
504.794
 21
-86.408
 31
0.0
100
AcDbText
 73
2
  0
LWPOLYLINE
  5
327
330
17
100
AcDbEntity
  8
PISO-Moret-RECORTE
100
AcDbPolyline
 90
4
 70
1
 10
505.6662
 20
-86.5604
 10
506.2642
 20
-86.5604
 10
506.2642
 20
-86.2564
 10
505.6662
 20
-86.2564
  0
HATCH
  5
328
330
17
100
AcDbEntity
  8
PISO-Moret-RECORTE
 62
30
440
33554546
100
AcDbHatch
 10
0.0
 20
0.0
 30
0.0
210
0.0
220
0.0
230
1.0
  2
SOLID
 70
1
 71
0
 91
1
 92
3
 72
0
 73
1
 93
4
 10
505.6662
 20
-86.5604
 10
506.2642
 20
-86.5604
 10
506.2642
 20
-86.2564
 10
505.6662
 20
-86.2564
 97
0
 75
1
 76
1
 98
0
  0
TEXT
  5
329
330
17
100
AcDbEntity
  8
ID-PIEZA
100
AcDbText
 10
505.965
 20
-86.408
 30
0.0
 40
0.09
  1
PA-M-013
 72
1
 11
505.965
 21
-86.408
 31
0.0
100
AcDbText
 73
2
  0
LWPOLYLINE
  5
32A
330
17
100
AcDbEntity
  8
PISO-Moret-RECORTE
100
AcDbPolyline
 90
4
 70
1
 10
506.2662
 20
-86.5604
 10
506.61420000000004
 20
-86.5604
 10
506.61420000000004
 20
-86.2564
 10
506.2662
 20
-86.2564
  0
HATCH
  5
32B
330
17
100
AcDbEntity
  8
PISO-Moret-RECORTE
 62
30
440
33554546
100
AcDbHatch
 10
0.0
 20
0.0
 30
0.0
210
0.0
220
0.0
230
1.0
  2
SOLID
 70
1
 71
0
 91
1
 92
3
 72
0
 73
1
 93
4
 10
506.2662
 20
-86.5604
 10
506.61420000000004
 20
-86.5604
 10
506.61420000000004
 20
-86.2564
 10
506.2662
 20
-86.2564
 97
0
 75
1
 76
1
 98
0
  0
TEXT
  5
32C
330
17
100
AcDbEntity
  8
ID-PIEZA
100
AcDbText
 10
506.44
 20
-86.408
 30
0.0
 40
0.09
  1
PA-M-014
 72
1
 11
506.44
 21
-86.408
 31
0.0
100
AcDbText
 73
2
  0
LWPOLYLINE
  5
32D
330
17
100
AcDbEntity
  8
PISO-Moret-RECORTE
100
AcDbPolyline
 90
4
 70
1
 10
496.1607
 20
-88.5234
 10
496.75870000000003
 20
-88.5234
 10
496.75870000000003
 20
-87.9344
 10
496.1607
 20
-87.9344
  0
HATCH
  5
32E
330
17
100
AcDbEntity
  8
PISO-Moret-RECORTE
 62
30
440
33554546
100
AcDbHatch
 10
0.0
 20
0.0
 30
0.0
210
0.0
220
0.0
230
1.0
  2
SOLID
 70
1
 71
0
 91
1
 92
3
 72
0
 73
1
 93
4
 10
496.1607
 20
-88.5234
 10
496.75870000000003
 20
-88.5234
 10
496.75870000000003
 20
-87.9344
 10
496.1607
 20
-87.9344
 97
0
 75
1
 76
1
 98
0
  0
TEXT
  5
32F
330
17
100
AcDbEntity
  8
ID-PIEZA
100
AcDbText
 10
496.46
 20
-88.229
 30
0.0
 40
0.09
  1
PB-M-087
 72
1
 11
496.46
 21
-88.229
 31
0.0
100
AcDbText
 73
2
  0
LWPOLYLINE
  5
330
330
17
100
AcDbEntity
  8
PISO-Moret-RECORTE
100
AcDbPolyline
 90
4
 70
1
 10
495.8287
 20
-88.5234
 10
496.1587
 20
-88.5234
 10
496.1587
 20
-87.9344
 10
495.8287
 20
-87.9344
  0
HATCH
  5
331
330
17
100
AcDbEntity
  8
PISO-Moret-RECORTE
 62
30
440
33554546
100
AcDbHatch
 10
0.0
 20
0.0
 30
0.0
210
0.0
220
0.0
230
1.0
  2
SOLID
 70
1
 71
0
 91
1
 92
3
 72
0
 73
1
 93
4
 10
495.8287
 20
-88.5234
 10
496.1587
 20
-88.5234
 10
496.1587
 20
-87.9344
 10
495.8287
 20
-87.9344
 97
0
 75
1
 76
1
 98
0
  0
TEXT
  5
332
330
17
100
AcDbEntity
  8
ID-PIEZA
100
AcDbText
 10
495.994
 20
-88.229
 30
0.0
 40
0.09
  1
PB-M-086
 50
90.0
 72
1
 11
495.994
 21
-88.229
 31
0.0
100
AcDbText
 73
2
  0
LWPOLYLINE
  5
333
330
17
100
AcDbEntity
  8
PISO-Moret-RECORTE
100
AcDbPolyline
 90
4
 70
1
 10
495.5587
 20
-88.4054
 10
495.70869999999996
 20
-88.4054
 10
495.70869999999996
 20
-87.9344
 10
495.5587
 20
-87.9344
  0
HATCH
  5
334
330
17
100
AcDbEntity
  8
PISO-Moret-RECORTE
 62
30
440
33554546
100
AcDbHatch
 10
0.0
 20
0.0
 30
0.0
210
0.0
220
0.0
230
1.0
  2
SOLID
 70
1
 71
0
 91
1
 92
3
 72
0
 73
1
 93
4
 10
495.5587
 20
-88.4054
 10
495.70869999999996
 20
-88.4054
 10
495.70869999999996
 20
-87.9344
 10
495.5587
 20
-87.9344
 97
0
 75
1
 76
1
 98
0
  0
TEXT
  5
335
330
17
100
AcDbEntity
  8
ID-PIEZA
100
AcDbText
 10
495.634
 20
-88.17
 30
0.0
 40
0.045
  1
PB-M-085
 50
90.0
 72
1
 11
495.634
 21
-88.17
 31
0.0
100
AcDbText
 73
2
  0
LWPOLYLINE
  5
336
330
17
100
AcDbEntity
  8
PISO-Moret-RECORTE
100
AcDbPolyline
 90
4
 70
1
 10
497.3647
 20
-89.7194
 10
497.75870000000003
 20
-89.7194
 10
497.75870000000003
 20
-88.6104
 10
497.3647
 20
-88.6104
  0
HATCH
  5
337
330
17
100
AcDbEntity
  8
PISO-Moret-RECORTE
 62
30
440
33554546
100
AcDbHatch
 10
0.0
 20
0.0
 30
0.0
210
0.0
220
0.0
230
1.0
  2
SOLID
 70
1
 71
0
 91
1
 92
3
 72
0
 73
1
 93
4
 10
497.3647
 20
-89.7194
 10
497.75870000000003
 20
-89.7194
 10
497.75870000000003
 20
-88.6104
 10
497.3647
 20
-88.6104
 97
0
 75
1
 76
1
 98
0
  0
TEXT
  5
338
330
17
100
AcDbEntity
  8
ID-PIEZA
100
AcDbText
 10
497.562
 20
-89.165
 30
0.0
 40
0.09
  1
PB-M-102
 50
90.0
 72
1
 11
497.562
 21
-89.165
 31
0.0
100
AcDbText
 73
2
  0
LWPOLYLINE
  5
339
330
17
100
AcDbEntity
  8
PISO-Moret-RECORTE
100
AcDbPolyline
 90
4
 70
1
 10
496.7627
 20
-89.7194
 10
497.3627
 20
-89.7194
 10
497.3627
 20
-88.6104
 10
496.7627
 20
-88.6104
  0
HATCH
  5
33A
330
17
100
AcDbEntity
  8
PISO-Moret-RECORTE
 62
30
440
33554546
100
AcDbHatch
 10
0.0
 20
0.0
 30
0.0
210
0.0
220
0.0
230
1.0
  2
SOLID
 70
1
 71
0
 91
1
 92
3
 72
0
 73
1
 93
4
 10
496.7627
 20
-89.7194
 10
497.3627
 20
-89.7194
 10
497.3627
 20
-88.6104
 10
496.7627
 20
-88.6104
 97
0
 75
1
 76
1
 98
0
  0
TEXT
  5
33B
330
17
100
AcDbEntity
  8
ID-PIEZA
100
AcDbText
 10
497.063
 20
-89.165
 30
0.0
 40
0.09
  1
PB-M-101
 50
90.0
 72
1
 11
497.063
 21
-89.165
 31
0.0
100
AcDbText
 73
2
  0
LWPOLYLINE
  5
33C
330
17
100
AcDbEntity
  8
PISO-Moret-COMPLETA
100
AcDbPolyline
 90
4
 70
1
 10
496.1607
 20
-89.7194
 10
496.76070000000004
 20
-89.7194
 10
496.76070000000004
 20
-88.52539999999999
 10
496.1607
 20
-88.52539999999999
  0
TEXT
  5
33D
330
17
100
AcDbEntity
  8
ID-PIEZA
100
AcDbText
 10
496.461
 20
-89.122
 30
0.0
 40
0.09
  1
PB-M-100
 50
90.0
 72
1
 11
496.461
 21
-89.122
 31
0.0
100
AcDbText
 73
2
  0
LWPOLYLINE
  5
33E
330
17
100
AcDbEntity
  8
PISO-Moret-COMPLETA
100
AcDbPolyline
 90
4
 70
1
 10
495.5587
 20
-89.7194
 10
496.1587
 20
-89.7194
 10
496.1587
 20
-88.52539999999999
 10
495.5587
 20
-88.52539999999999
  0
TEXT
  5
33F
330
17
100
AcDbEntity
  8
ID-PIEZA
100
AcDbText
 10
495.859
 20
-89.122
 30
0.0
 40
0.09
  1
PB-M-099
 50
90.0
 72
1
 11
495.859
 21
-89.122
 31
0.0
100
AcDbText
 73
2
  0
LWPOLYLINE
  5
340
330
17
100
AcDbEntity
  8
PISO-Moret-COMPLETA
100
AcDbPolyline
 90
4
 70
1
 10
494.9567
 20
-89.7194
 10
495.55670000000003
 20
-89.7194
 10
495.55670000000003
 20
-88.52539999999999
 10
494.9567
 20
-88.52539999999999
  0
TEXT
  5
341
330
17
100
AcDbEntity
  8
ID-PIEZA
100
AcDbText
 10
495.257
 20
-89.122
 30
0.0
 40
0.09
  1
PB-M-098
 50
90.0
 72
1
 11
495.257
 21
-89.122
 31
0.0
100
AcDbText
 73
2
  0
LWPOLYLINE
  5
342
330
17
100
AcDbEntity
  8
PISO-Moret-RECORTE
100
AcDbPolyline
 90
4
 70
1
 10
494.8187
 20
-89.7194
 10
494.9547
 20
-89.7194
 10
494.9547
 20
-88.52539999999999
 10
494.8187
 20
-88.52539999999999
  0
HATCH
  5
343
330
17
100
AcDbEntity
  8
PISO-Moret-RECORTE
 62
30
440
33554546
100
AcDbHatch
 10
0.0
 20
0.0
 30
0.0
210
0.0
220
0.0
230
1.0
  2
SOLID
 70
1
 71
0
 91
1
 92
3
 72
0
 73
1
 93
4
 10
494.8187
 20
-89.7194
 10
494.9547
 20
-89.7194
 10
494.9547
 20
-88.52539999999999
 10
494.8187
 20
-88.52539999999999
 97
0
 75
1
 76
1
 98
0
  0
TEXT
  5
344
330
17
100
AcDbEntity
  8
ID-PIEZA
100
AcDbText
 10
494.887
 20
-89.122
 30
0.0
 40
0.0408
  1
PB-M-097
 50
90.0
 72
1
 11
494.887
 21
-89.122
 31
0.0
100
AcDbText
 73
2
  0
LWPOLYLINE
  5
345
330
17
100
AcDbEntity
  8
PISO-Moret-RECORTE
100
AcDbPolyline
 90
4
 70
1
 10
496.7627
 20
-90.1604
 10
497.3627
 20
-90.1604
 10
497.3627
 20
-89.7214
 10
496.7627
 20
-89.7214
  0
HATCH
  5
346
330
17
100
AcDbEntity
  8
PISO-Moret-RECORTE
 62
30
440
33554546
100
AcDbHatch
 10
0.0
 20
0.0
 30
0.0
210
0.0
220
0.0
230
1.0
  2
SOLID
 70
1
 71
0
 91
1
 92
3
 72
0
 73
1
 93
4
 10
496.7627
 20
-90.1604
 10
497.3627
 20
-90.1604
 10
497.3627
 20
-89.7214
 10
496.7627
 20
-89.7214
 97
0
 75
1
 76
1
 98
0
  0
TEXT
  5
347
330
17
100
AcDbEntity
  8
ID-PIEZA
100
AcDbText
 10
497.063
 20
-89.941
 30
0.0
 40
0.09
  1
PB-M-116
 72
1
 11
497.063
 21
-89.941
 31
0.0
100
AcDbText
 73
2
  0
LWPOLYLINE
  5
348
330
17
100
AcDbEntity
  8
PISO-Moret-RECORTE
100
AcDbPolyline
 90
4
 70
1
 10
496.1607
 20
-90.1604
 10
496.76070000000004
 20
-90.1604
 10
496.76070000000004
 20
-89.7214
 10
496.1607
 20
-89.7214
  0
HATCH
  5
349
330
17
100
AcDbEntity
  8
PISO-Moret-RECORTE
 62
30
440
33554546
100
AcDbHatch
 10
0.0
 20
0.0
 30
0.0
210
0.0
220
0.0
230
1.0
  2
SOLID
 70
1
 71
0
 91
1
 92
3
 72
0
 73
1
 93
4
 10
496.1607
 20
-90.1604
 10
496.76070000000004
 20
-90.1604
 10
496.76070000000004
 20
-89.7214
 10
496.1607
 20
-89.7214
 97
0
 75
1
 76
1
 98
0
  0
TEXT
  5
34A
330
17
100
AcDbEntity
  8
ID-PIEZA
100
AcDbText
 10
496.461
 20
-89.941
 30
0.0
 40
0.09
  1
PB-M-115
 72
1
 11
496.461
 21
-89.941
 31
0.0
100
AcDbText
 73
2
  0
LWPOLYLINE
  5
34B
330
17
100
AcDbEntity
  8
PISO-Moret-RECORTE
100
AcDbPolyline
 90
4
 70
1
 10
495.5587
 20
-90.1604
 10
496.1587
 20
-90.1604
 10
496.1587
 20
-89.7214
 10
495.5587
 20
-89.7214
  0
HATCH
  5
34C
330
17
100
AcDbEntity
  8
PISO-Moret-RECORTE
 62
30
440
33554546
100
AcDbHatch
 10
0.0
 20
0.0
 30
0.0
210
0.0
220
0.0
230
1.0
  2
SOLID
 70
1
 71
0
 91
1
 92
3
 72
0
 73
1
 93
4
 10
495.5587
 20
-90.1604
 10
496.1587
 20
-90.1604
 10
496.1587
 20
-89.7214
 10
495.5587
 20
-89.7214
 97
0
 75
1
 76
1
 98
0
  0
TEXT
  5
34D
330
17
100
AcDbEntity
  8
ID-PIEZA
100
AcDbText
 10
495.859
 20
-89.941
 30
0.0
 40
0.09
  1
PB-M-114
 72
1
 11
495.859
 21
-89.941
 31
0.0
100
AcDbText
 73
2
  0
LWPOLYLINE
  5
34E
330
17
100
AcDbEntity
  8
PISO-Moret-RECORTE
100
AcDbPolyline
 90
4
 70
1
 10
494.9567
 20
-90.1604
 10
495.55670000000003
 20
-90.1604
 10
495.55670000000003
 20
-89.7214
 10
494.9567
 20
-89.7214
  0
HATCH
  5
34F
330
17
100
AcDbEntity
  8
PISO-Moret-RECORTE
 62
30
440
33554546
100
AcDbHatch
 10
0.0
 20
0.0
 30
0.0
210
0.0
220
0.0
230
1.0
  2
SOLID
 70
1
 71
0
 91
1
 92
3
 72
0
 73
1
 93
4
 10
494.9567
 20
-90.1604
 10
495.55670000000003
 20
-90.1604
 10
495.55670000000003
 20
-89.7214
 10
494.9567
 20
-89.7214
 97
0
 75
1
 76
1
 98
0
  0
TEXT
  5
350
330
17
100
AcDbEntity
  8
ID-PIEZA
100
AcDbText
 10
495.257
 20
-89.941
 30
0.0
 40
0.09
  1
PB-M-113
 72
1
 11
495.257
 21
-89.941
 31
0.0
100
AcDbText
 73
2
  0
LWPOLYLINE
  5
351
330
17
100
AcDbEntity
  8
PISO-Moret-RECORTE
100
AcDbPolyline
 90
4
 70
1
 10
494.8187
 20
-90.1604
 10
494.9547
 20
-90.1604
 10
494.9547
 20
-89.7214
 10
494.8187
 20
-89.7214
  0
HATCH
  5
352
330
17
100
AcDbEntity
  8
PISO-Moret-RECORTE
 62
30
440
33554546
100
AcDbHatch
 10
0.0
 20
0.0
 30
0.0
210
0.0
220
0.0
230
1.0
  2
SOLID
 70
1
 71
0
 91
1
 92
3
 72
0
 73
1
 93
4
 10
494.8187
 20
-90.1604
 10
494.9547
 20
-90.1604
 10
494.9547
 20
-89.7214
 10
494.8187
 20
-89.7214
 97
0
 75
1
 76
1
 98
0
  0
TEXT
  5
353
330
17
100
AcDbEntity
  8
ID-PIEZA
100
AcDbText
 10
494.887
 20
-89.941
 30
0.0
 40
0.0408
  1
PB-M-112
 50
90.0
 72
1
 11
494.887
 21
-89.941
 31
0.0
100
AcDbText
 73
2
  0
LWPOLYLINE
  5
354
330
17
100
AcDbEntity
  8
PISO-Moret-RECORTE
100
AcDbPolyline
 90
4
 70
1
 10
497.3647
 20
-90.1604
 10
497.63870000000003
 20
-90.1604
 10
497.63870000000003
 20
-89.7214
 10
497.3647
 20
-89.7214
  0
HATCH
  5
355
330
17
100
AcDbEntity
  8
PISO-Moret-RECORTE
 62
30
440
33554546
100
AcDbHatch
 10
0.0
 20
0.0
 30
0.0
210
0.0
220
0.0
230
1.0
  2
SOLID
 70
1
 71
0
 91
1
 92
3
 72
0
 73
1
 93
4
 10
497.3647
 20
-90.1604
 10
497.63870000000003
 20
-90.1604
 10
497.63870000000003
 20
-89.7214
 10
497.3647
 20
-89.7214
 97
0
 75
1
 76
1
 98
0
  0
TEXT
  5
356
330
17
100
AcDbEntity
  8
ID-PIEZA
100
AcDbText
 10
497.502
 20
-89.941
 30
0.0
 40
0.08220000000000001
  1
PB-M-117
 50
90.0
 72
1
 11
497.502
 21
-89.941
 31
0.0
100
AcDbText
 73
2
  0
LWPOLYLINE
  5
357
330
17
100
AcDbEntity
  8
PISO-Moret-RECORTE
100
AcDbPolyline
 90
4
 70
1
 10
500.2742
 20
-89.0404
 10
500.87420000000003
 20
-89.0404
 10
500.87420000000003
 20
-87.8904
 10
500.2742
 20
-87.8904
  0
HATCH
  5
358
330
17
100
AcDbEntity
  8
PISO-Moret-RECORTE
 62
30
440
33554546
100
AcDbHatch
 10
0.0
 20
0.0
 30
0.0
210
0.0
220
0.0
230
1.0
  2
SOLID
 70
1
 71
0
 91
1
 92
3
 72
0
 73
1
 93
4
 10
500.2742
 20
-89.0404
 10
500.87420000000003
 20
-89.0404
 10
500.87420000000003
 20
-87.8904
 10
500.2742
 20
-87.8904
 97
0
 75
1
 76
1
 98
0
  0
TEXT
  5
359
330
17
100
AcDbEntity
  8
ID-PIEZA
100
AcDbText
 10
500.574
 20
-88.465
 30
0.0
 40
0.09
  1
PA-M-039
 50
90.0
 72
1
 11
500.574
 21
-88.465
 31
0.0
100
AcDbText
 73
2
  0
LWPOLYLINE
  5
35A
330
17
100
AcDbEntity
  8
PISO-Moret-RECORTE
100
AcDbPolyline
 90
4
 70
1
 10
499.7742
 20
-89.0404
 10
500.2722
 20
-89.0404
 10
500.2722
 20
-87.8904
 10
499.7742
 20
-87.8904
  0
HATCH
  5
35B
330
17
100
AcDbEntity
  8
PISO-Moret-RECORTE
 62
30
440
33554546
100
AcDbHatch
 10
0.0
 20
0.0
 30
0.0
210
0.0
220
0.0
230
1.0
  2
SOLID
 70
1
 71
0
 91
1
 92
3
 72
0
 73
1
 93
4
 10
499.7742
 20
-89.0404
 10
500.2722
 20
-89.0404
 10
500.2722
 20
-87.8904
 10
499.7742
 20
-87.8904
 97
0
 75
1
 76
1
 98
0
  0
TEXT
  5
35C
330
17
100
AcDbEntity
  8
ID-PIEZA
100
AcDbText
 10
500.023
 20
-88.465
 30
0.0
 40
0.09
  1
PA-M-038
 50
90.0
 72
1
 11
500.023
 21
-88.465
 31
0.0
100
AcDbText
 73
2
  0
LWPOLYLINE
  5
35D
330
17
100
AcDbEntity
  8
PISO-Moret-COMPLETA
100
AcDbPolyline
 90
4
 70
1
 10
489.539
 20
-86.738
 10
490.139
 20
-86.738
 10
490.139
 20
-85.544
 10
489.539
 20
-85.544
  0
TEXT
  5
35E
330
17
100
AcDbEntity
  8
ID-PIEZA
100
AcDbText
 10
489.84
 20
-86.14
 30
0.0
 40
0.09
  1
PB-M-055
 50
90.0
 72
1
 11
489.84
 21
-86.14
 31
0.0
100
AcDbText
 73
2
  0
TEXT
  5
35F
330
17
100
AcDbEntity
  8
TITULO
 62
5
100
AcDbText
 10
498.67645000000005
 20
-80.2104
 30
0.0
 40
0.3
  1
PLANO DE LA CASA - PISO MORET
 72
1
 11
498.67645000000005
 21
-80.2104
 31
0.0
100
AcDbText
 73
2
  0
TEXT
  5
360
330
17
100
AcDbEntity
  8
TITULO
 62
5
100
AcDbText
 10
495.5387
 20
-95.3304
 30
0.0
 40
0.28
  1
DESPIECE DE RECORTES - MORET  (verde=pieza, amarillo=sobrante reutilizable, rojo=desperdicio)
 72
1
 11
495.5387
 21
-95.3304
 31
0.0
100
AcDbText
 73
2
  0
LWPOLYLINE
  5
361
330
17
100
AcDbEntity
  8
RECORTE-TEXTO
100
AcDbPolyline
 90
4
 70
1
 10
489.5387
 20
-97.42439999999999
 10
490.1347
 20
-97.42439999999999
 10
490.1347
 20
-96.23039999999999
 10
489.5387
 20
-96.23039999999999
  0
TEXT
  5
362
330
17
100
AcDbEntity
  8
RECORTE-TEXTO
100
AcDbText
 10
489.8367
 20
-96.1304
 30
0.0
 40
0.07
  1
M-01
 72
1
 11
489.8367
 21
-96.1304
 31
0.0
100
AcDbText
 73
2
  0
HATCH
  5
363
330
17
100
AcDbEntity
  8
RECORTE-PIEZA
 62
3
440
33554597
100
AcDbHatch
 10
0.0
 20
0.0
 30
0.0
210
0.0
220
0.0
230
1.0
  2
SOLID
 70
1
 71
0
 91
1
 92
3
 72
0
 73
1
 93
4
 10
489.5387
 20
-97.42439999999999
 10
490.1347
 20
-97.42439999999999
 10
490.1347
 20
-96.23039999999999
 10
489.5387
 20
-96.23039999999999
 97
0
 75
1
 76
1
 98
0
  0
LWPOLYLINE
  5
364
330
17
100
AcDbEntity
  8
RECORTE-PIEZA
100
AcDbPolyline
 90
4
 70
1
 10
489.5387
 20
-97.42439999999999
 10
490.1347
 20
-97.42439999999999
 10
490.1347
 20
-96.23039999999999
 10
489.5387
 20
-96.23039999999999
  0
TEXT
  5
365
330
17
100
AcDbEntity
  8
RECORTE-TEXTO
100
AcDbText
 10
489.8367
 20
-96.8274
 30
0.0
 40
0.05
  1
PA-M-001 -> (503.0,-84.9)
 50
90.0
 72
1
 11
489.8367
 21
-96.8274
 31
0.0
100
AcDbText
 73
2
  0
LWPOLYLINE
  5
366
330
17
100
AcDbEntity
  8
RECORTE-TEXTO
100
AcDbPolyline
 90
4
 70
1
 10
490.3147
 20
-97.42439999999999
 10
490.9107
 20
-97.42439999999999
 10
490.9107
 20
-96.23039999999999
 10
490.3147
 20
-96.23039999999999
  0
TEXT
  5
367
330
17
100
AcDbEntity
  8
RECORTE-TEXTO
100
AcDbText
 10
490.6127
 20
-96.1304
 30
0.0
 40
0.07
  1
M-02
 72
1
 11
490.6127
 21
-96.1304
 31
0.0
100
AcDbText
 73
2
  0
HATCH
  5
368
330
17
100
AcDbEntity
  8
RECORTE-PIEZA
 62
3
440
33554597
100
AcDbHatch
 10
0.0
 20
0.0
 30
0.0
210
0.0
220
0.0
230
1.0
  2
SOLID
 70
1
 71
0
 91
1
 92
3
 72
0
 73
1
 93
4
 10
490.3147
 20
-97.42439999999999
 10
490.9107
 20
-97.42439999999999
 10
490.9107
 20
-96.24439999999998
 10
490.3147
 20
-96.24439999999998
 97
0
 75
1
 76
1
 98
0
  0
LWPOLYLINE
  5
369
330
17
100
AcDbEntity
  8
RECORTE-PIEZA
100
AcDbPolyline
 90
4
 70
1
 10
490.3147
 20
-97.42439999999999
 10
490.9107
 20
-97.42439999999999
 10
490.9107
 20
-96.24439999999998
 10
490.3147
 20
-96.24439999999998
  0
TEXT
  5
36A
330
17
100
AcDbEntity
  8
RECORTE-TEXTO
100
AcDbText
 10
490.6127
 20
-96.83439999999999
 30
0.0
 40
0.05
  1
PB-M-130 -> (495.3,-90.9)
 50
90.0
 72
1
 11
490.6127
 21
-96.83439999999999
 31
0.0
100
AcDbText
 73
2
  0
HATCH
  5
36B
330
17
100
AcDbEntity
  8
RECORTE-DESPERDICIO
 62
1
440
33554610
100
AcDbHatch
 10
0.0
 20
0.0
 30
0.0
210
0.0
220
0.0
230
1.0
  2
SOLID
 70
1
 71
0
 91
1
 92
3
 72
0
 73
1
 93
4
 10
490.3147
 20
-96.24439999999998
 10
490.9107
 20
-96.24439999999998
 10
490.9107
 20
-96.23039999999999
 10
490.3147
 20
-96.23039999999999
 97
0
 75
1
 76
1
 98
0
  0
LWPOLYLINE
  5
36C
330
17
100
AcDbEntity
  8
RECORTE-DESPERDICIO
100
AcDbPolyline
 90
4
 70
1
 10
490.3147
 20
-96.24439999999998
 10
490.9107
 20
-96.24439999999998
 10
490.9107
 20
-96.23039999999999
 10
490.3147
 20
-96.23039999999999
  0
LWPOLYLINE
  5
36D
330
17
100
AcDbEntity
  8
RECORTE-TEXTO
100
AcDbPolyline
 90
4
 70
1
 10
491.0907
 20
-97.42439999999999
 10
491.68670000000003
 20
-97.42439999999999
 10
491.68670000000003
 20
-96.23039999999999
 10
491.0907
 20
-96.23039999999999
  0
TEXT
  5
36E
330
17
100
AcDbEntity
  8
RECORTE-TEXTO
100
AcDbText
 10
491.38870000000003
 20
-96.1304
 30
0.0
 40
0.07
  1
M-03
 72
1
 11
491.38870000000003
 21
-96.1304
 31
0.0
100
AcDbText
 73
2
  0
HATCH
  5
36F
330
17
100
AcDbEntity
  8
RECORTE-PIEZA
 62
3
440
33554597
100
AcDbHatch
 10
0.0
 20
0.0
 30
0.0
210
0.0
220
0.0
230
1.0
  2
SOLID
 70
1
 71
0
 91
1
 92
3
 72
0
 73
1
 93
4
 10
491.0907
 20
-97.42439999999999
 10
491.68670000000003
 20
-97.42439999999999
 10
491.68670000000003
 20
-96.27439999999999
 10
491.0907
 20
-96.27439999999999
 97
0
 75
1
 76
1
 98
0
  0
LWPOLYLINE
  5
370
330
17
100
AcDbEntity
  8
RECORTE-PIEZA
100
AcDbPolyline
 90
4
 70
1
 10
491.0907
 20
-97.42439999999999
 10
491.68670000000003
 20
-97.42439999999999
 10
491.68670000000003
 20
-96.27439999999999
 10
491.0907
 20
-96.27439999999999
  0
TEXT
  5
371
330
17
100
AcDbEntity
  8
RECORTE-TEXTO
100
AcDbText
 10
491.38870000000003
 20
-96.84939999999999
 30
0.0
 40
0.05
  1
PA-M-023 -> (500.6,-87.3)
 50
90.0
 72
1
 11
491.38870000000003
 21
-96.84939999999999
 31
0.0
100
AcDbText
 73
2
  0
HATCH
  5
372
330
17
100
AcDbEntity
  8
RECORTE-DESPERDICIO
 62
1
440
33554610
100
AcDbHatch
 10
0.0
 20
0.0
 30
0.0
210
0.0
220
0.0
230
1.0
  2
SOLID
 70
1
 71
0
 91
1
 92
3
 72
0
 73
1
 93
4
 10
491.0907
 20
-96.27439999999999
 10
491.68670000000003
 20
-96.27439999999999
 10
491.68670000000003
 20
-96.23039999999999
 10
491.0907
 20
-96.23039999999999
 97
0
 75
1
 76
1
 98
0
  0
LWPOLYLINE
  5
373
330
17
100
AcDbEntity
  8
RECORTE-DESPERDICIO
100
AcDbPolyline
 90
4
 70
1
 10
491.0907
 20
-96.27439999999999
 10
491.68670000000003
 20
-96.27439999999999
 10
491.68670000000003
 20
-96.23039999999999
 10
491.0907
 20
-96.23039999999999
  0
LWPOLYLINE
  5
374
330
17
100
AcDbEntity
  8
RECORTE-TEXTO
100
AcDbPolyline
 90
4
 70
1
 10
491.8667
 20
-97.42439999999999
 10
492.4627
 20
-97.42439999999999
 10
492.4627
 20
-96.23039999999999
 10
491.8667
 20
-96.23039999999999
  0
TEXT
  5
375
330
17
100
AcDbEntity
  8
RECORTE-TEXTO
100
AcDbText
 10
492.1647
 20
-96.1304
 30
0.0
 40
0.07
  1
M-04
 72
1
 11
492.1647
 21
-96.1304
 31
0.0
100
AcDbText
 73
2
  0
HATCH
  5
376
330
17
100
AcDbEntity
  8
RECORTE-PIEZA
 62
3
440
33554597
100
AcDbHatch
 10
0.0
 20
0.0
 30
0.0
210
0.0
220
0.0
230
1.0
  2
SOLID
 70
1
 71
0
 91
1
 92
3
 72
0
 73
1
 93
4
 10
491.8667
 20
-97.42439999999999
 10
492.4627
 20
-97.42439999999999
 10
492.4627
 20
-96.27439999999999
 10
491.8667
 20
-96.27439999999999
 97
0
 75
1
 76
1
 98
0
  0
LWPOLYLINE
  5
377
330
17
100
AcDbEntity
  8
RECORTE-PIEZA
100
AcDbPolyline
 90
4
 70
1
 10
491.8667
 20
-97.42439999999999
 10
492.4627
 20
-97.42439999999999
 10
492.4627
 20
-96.27439999999999
 10
491.8667
 20
-96.27439999999999
  0
TEXT
  5
378
330
17
100
AcDbEntity
  8
RECORTE-TEXTO
100
AcDbText
 10
492.1647
 20
-96.84939999999999
 30
0.0
 40
0.05
  1
PA-M-048 -> (503.6,-88.5)
 50
90.0
 72
1
 11
492.1647
 21
-96.84939999999999
 31
0.0
100
AcDbText
 73
2
  0
HATCH
  5
379
330
17
100
AcDbEntity
  8
RECORTE-DESPERDICIO
 62
1
440
33554610
100
AcDbHatch
 10
0.0
 20
0.0
 30
0.0
210
0.0
220
0.0
230
1.0
  2
SOLID
 70
1
 71
0
 91
1
 92
3
 72
0
 73
1
 93
4
 10
491.8667
 20
-96.27439999999999
 10
492.4627
 20
-96.27439999999999
 10
492.4627
 20
-96.23039999999999
 10
491.8667
 20
-96.23039999999999
 97
0
 75
1
 76
1
 98
0
  0
LWPOLYLINE
  5
37A
330
17
100
AcDbEntity
  8
RECORTE-DESPERDICIO
100
AcDbPolyline
 90
4
 70
1
 10
491.8667
 20
-96.27439999999999
 10
492.4627
 20
-96.27439999999999
 10
492.4627
 20
-96.23039999999999
 10
491.8667
 20
-96.23039999999999
  0
LWPOLYLINE
  5
37B
330
17
100
AcDbEntity
  8
RECORTE-TEXTO
100
AcDbPolyline
 90
4
 70
1
 10
492.6427
 20
-97.42439999999999
 10
493.2387
 20
-97.42439999999999
 10
493.2387
 20
-96.23039999999999
 10
492.6427
 20
-96.23039999999999
  0
TEXT
  5
37C
330
17
100
AcDbEntity
  8
RECORTE-TEXTO
100
AcDbText
 10
492.9407
 20
-96.1304
 30
0.0
 40
0.07
  1
M-05
 72
1
 11
492.9407
 21
-96.1304
 31
0.0
100
AcDbText
 73
2
  0
HATCH
  5
37D
330
17
100
AcDbEntity
  8
RECORTE-PIEZA
 62
3
440
33554597
100
AcDbHatch
 10
0.0
 20
0.0
 30
0.0
210
0.0
220
0.0
230
1.0
  2
SOLID
 70
1
 71
0
 91
1
 92
3
 72
0
 73
1
 93
4
 10
492.6427
 20
-97.42439999999999
 10
493.2387
 20
-97.42439999999999
 10
493.2387
 20
-96.27439999999999
 10
492.6427
 20
-96.27439999999999
 97
0
 75
1
 76
1
 98
0
  0
LWPOLYLINE
  5
37E
330
17
100
AcDbEntity
  8
RECORTE-PIEZA
100
AcDbPolyline
 90
4
 70
1
 10
492.6427
 20
-97.42439999999999
 10
493.2387
 20
-97.42439999999999
 10
493.2387
 20
-96.27439999999999
 10
492.6427
 20
-96.27439999999999
  0
TEXT
  5
37F
330
17
100
AcDbEntity
  8
RECORTE-TEXTO
100
AcDbText
 10
492.9407
 20
-96.84939999999999
 30
0.0
 40
0.05
  1
PA-M-047 -> (503.0,-88.5)
 50
90.0
 72
1
 11
492.9407
 21
-96.84939999999999
 31
0.0
100
AcDbText
 73
2
  0
HATCH
  5
380
330
17
100
AcDbEntity
  8
RECORTE-DESPERDICIO
 62
1
440
33554610
100
AcDbHatch
 10
0.0
 20
0.0
 30
0.0
210
0.0
220
0.0
230
1.0
  2
SOLID
 70
1
 71
0
 91
1
 92
3
 72
0
 73
1
 93
4
 10
492.6427
 20
-96.27439999999999
 10
493.2387
 20
-96.27439999999999
 10
493.2387
 20
-96.23039999999999
 10
492.6427
 20
-96.23039999999999
 97
0
 75
1
 76
1
 98
0
  0
LWPOLYLINE
  5
381
330
17
100
AcDbEntity
  8
RECORTE-DESPERDICIO
100
AcDbPolyline
 90
4
 70
1
 10
492.6427
 20
-96.27439999999999
 10
493.2387
 20
-96.27439999999999
 10
493.2387
 20
-96.23039999999999
 10
492.6427
 20
-96.23039999999999
  0
LWPOLYLINE
  5
382
330
17
100
AcDbEntity
  8
RECORTE-TEXTO
100
AcDbPolyline
 90
4
 70
1
 10
493.4187
 20
-97.42439999999999
 10
494.0147
 20
-97.42439999999999
 10
494.0147
 20
-96.23039999999999
 10
493.4187
 20
-96.23039999999999
  0
TEXT
  5
383
330
17
100
AcDbEntity
  8
RECORTE-TEXTO
100
AcDbText
 10
493.7167
 20
-96.1304
 30
0.0
 40
0.07
  1
M-06
 72
1
 11
493.7167
 21
-96.1304
 31
0.0
100
AcDbText
 73
2
  0
HATCH
  5
384
330
17
100
AcDbEntity
  8
RECORTE-PIEZA
 62
3
440
33554597
100
AcDbHatch
 10
0.0
 20
0.0
 30
0.0
210
0.0
220
0.0
230
1.0
  2
SOLID
 70
1
 71
0
 91
1
 92
3
 72
0
 73
1
 93
4
 10
493.4187
 20
-97.42439999999999
 10
494.0147
 20
-97.42439999999999
 10
494.0147
 20
-96.27439999999999
 10
493.4187
 20
-96.27439999999999
 97
0
 75
1
 76
1
 98
0
  0
LWPOLYLINE
  5
385
330
17
100
AcDbEntity
  8
RECORTE-PIEZA
100
AcDbPolyline
 90
4
 70
1
 10
493.4187
 20
-97.42439999999999
 10
494.0147
 20
-97.42439999999999
 10
494.0147
 20
-96.27439999999999
 10
493.4187
 20
-96.27439999999999
  0
TEXT
  5
386
330
17
100
AcDbEntity
  8
RECORTE-TEXTO
100
AcDbText
 10
493.7167
 20
-96.84939999999999
 30
0.0
 40
0.05
  1
PA-M-039 -> (500.6,-88.5)
 50
90.0
 72
1
 11
493.7167
 21
-96.84939999999999
 31
0.0
100
AcDbText
 73
2
  0
HATCH
  5
387
330
17
100
AcDbEntity
  8
RECORTE-DESPERDICIO
 62
1
440
33554610
100
AcDbHatch
 10
0.0
 20
0.0
 30
0.0
210
0.0
220
0.0
230
1.0
  2
SOLID
 70
1
 71
0
 91
1
 92
3
 72
0
 73
1
 93
4
 10
493.4187
 20
-96.27439999999999
 10
494.0147
 20
-96.27439999999999
 10
494.0147
 20
-96.23039999999999
 10
493.4187
 20
-96.23039999999999
 97
0
 75
1
 76
1
 98
0
  0
LWPOLYLINE
  5
388
330
17
100
AcDbEntity
  8
RECORTE-DESPERDICIO
100
AcDbPolyline
 90
4
 70
1
 10
493.4187
 20
-96.27439999999999
 10
494.0147
 20
-96.27439999999999
 10
494.0147
 20
-96.23039999999999
 10
493.4187
 20
-96.23039999999999
  0
LWPOLYLINE
  5
389
330
17
100
AcDbEntity
  8
RECORTE-TEXTO
100
AcDbPolyline
 90
4
 70
1
 10
494.1947
 20
-97.42439999999999
 10
494.7907
 20
-97.42439999999999
 10
494.7907
 20
-96.23039999999999
 10
494.1947
 20
-96.23039999999999
  0
TEXT
  5
38A
330
17
100
AcDbEntity
  8
RECORTE-TEXTO
100
AcDbText
 10
494.4927
 20
-96.1304
 30
0.0
 40
0.07
  1
M-07
 72
1
 11
494.4927
 21
-96.1304
 31
0.0
100
AcDbText
 73
2
  0
HATCH
  5
38B
330
17
100
AcDbEntity
  8
RECORTE-PIEZA
 62
3
440
33554597
100
AcDbHatch
 10
0.0
 20
0.0
 30
0.0
210
0.0
220
0.0
230
1.0
  2
SOLID
 70
1
 71
0
 91
1
 92
3
 72
0
 73
1
 93
4
 10
494.1947
 20
-97.42439999999999
 10
494.7907
 20
-97.42439999999999
 10
494.7907
 20
-96.27839999999999
 10
494.1947
 20
-96.27839999999999
 97
0
 75
1
 76
1
 98
0
  0
LWPOLYLINE
  5
38C
330
17
100
AcDbEntity
  8
RECORTE-PIEZA
100
AcDbPolyline
 90
4
 70
1
 10
494.1947
 20
-97.42439999999999
 10
494.7907
 20
-97.42439999999999
 10
494.7907
 20
-96.27839999999999
 10
494.1947
 20
-96.27839999999999
  0
TEXT
  5
38D
330
17
100
AcDbEntity
  8
RECORTE-TEXTO
100
AcDbText
 10
494.4927
 20
-96.8514
 30
0.0
 40
0.05
  1
PB-M-039 -> (496.5,-83.8)
 50
90.0
 72
1
 11
494.4927
 21
-96.8514
 31
0.0
100
AcDbText
 73
2
  0
HATCH
  5
38E
330
17
100
AcDbEntity
  8
RECORTE-DESPERDICIO
 62
1
440
33554610
100
AcDbHatch
 10
0.0
 20
0.0
 30
0.0
210
0.0
220
0.0
230
1.0
  2
SOLID
 70
1
 71
0
 91
1
 92
3
 72
0
 73
1
 93
4
 10
494.1947
 20
-96.27839999999999
 10
494.7907
 20
-96.27839999999999
 10
494.7907
 20
-96.23039999999999
 10
494.1947
 20
-96.23039999999999
 97
0
 75
1
 76
1
 98
0
  0
LWPOLYLINE
  5
38F
330
17
100
AcDbEntity
  8
RECORTE-DESPERDICIO
100
AcDbPolyline
 90
4
 70
1
 10
494.1947
 20
-96.27839999999999
 10
494.7907
 20
-96.27839999999999
 10
494.7907
 20
-96.23039999999999
 10
494.1947
 20
-96.23039999999999
  0
LWPOLYLINE
  5
390
330
17
100
AcDbEntity
  8
RECORTE-TEXTO
100
AcDbPolyline
 90
4
 70
1
 10
494.9707
 20
-97.42439999999999
 10
495.5667
 20
-97.42439999999999
 10
495.5667
 20
-96.23039999999999
 10
494.9707
 20
-96.23039999999999
  0
TEXT
  5
391
330
17
100
AcDbEntity
  8
RECORTE-TEXTO
100
AcDbText
 10
495.2687
 20
-96.1304
 30
0.0
 40
0.07
  1
M-08
 72
1
 11
495.2687
 21
-96.1304
 31
0.0
100
AcDbText
 73
2
  0
HATCH
  5
392
330
17
100
AcDbEntity
  8
RECORTE-PIEZA
 62
3
440
33554597
100
AcDbHatch
 10
0.0
 20
0.0
 30
0.0
210
0.0
220
0.0
230
1.0
  2
SOLID
 70
1
 71
0
 91
1
 92
3
 72
0
 73
1
 93
4
 10
494.9707
 20
-97.42439999999999
 10
495.5667
 20
-97.42439999999999
 10
495.5667
 20
-96.27839999999999
 10
494.9707
 20
-96.27839999999999
 97
0
 75
1
 76
1
 98
0
  0
LWPOLYLINE
  5
393
330
17
100
AcDbEntity
  8
RECORTE-PIEZA
100
AcDbPolyline
 90
4
 70
1
 10
494.9707
 20
-97.42439999999999
 10
495.5667
 20
-97.42439999999999
 10
495.5667
 20
-96.27839999999999
 10
494.9707
 20
-96.27839999999999
  0
TEXT
  5
394
330
17
100
AcDbEntity
  8
RECORTE-TEXTO
100
AcDbText
 10
495.2687
 20
-96.8514
 30
0.0
 40
0.05
  1
PB-M-038 -> (495.9,-83.8)
 50
90.0
 72
1
 11
495.2687
 21
-96.8514
 31
0.0
100
AcDbText
 73
2
  0
HATCH
  5
395
330
17
100
AcDbEntity
  8
RECORTE-DESPERDICIO
 62
1
440
33554610
100
AcDbHatch
 10
0.0
 20
0.0
 30
0.0
210
0.0
220
0.0
230
1.0
  2
SOLID
 70
1
 71
0
 91
1
 92
3
 72
0
 73
1
 93
4
 10
494.9707
 20
-96.27839999999999
 10
495.5667
 20
-96.27839999999999
 10
495.5667
 20
-96.23039999999999
 10
494.9707
 20
-96.23039999999999
 97
0
 75
1
 76
1
 98
0
  0
LWPOLYLINE
  5
396
330
17
100
AcDbEntity
  8
RECORTE-DESPERDICIO
100
AcDbPolyline
 90
4
 70
1
 10
494.9707
 20
-96.27839999999999
 10
495.5667
 20
-96.27839999999999
 10
495.5667
 20
-96.23039999999999
 10
494.9707
 20
-96.23039999999999
  0
LWPOLYLINE
  5
397
330
17
100
AcDbEntity
  8
RECORTE-TEXTO
100
AcDbPolyline
 90
4
 70
1
 10
495.74670000000003
 20
-97.42439999999999
 10
496.34270000000004
 20
-97.42439999999999
 10
496.34270000000004
 20
-96.23039999999999
 10
495.74670000000003
 20
-96.23039999999999
  0
TEXT
  5
398
330
17
100
AcDbEntity
  8
RECORTE-TEXTO
100
AcDbText
 10
496.04470000000003
 20
-96.1304
 30
0.0
 40
0.07
  1
M-09
 72
1
 11
496.04470000000003
 21
-96.1304
 31
0.0
100
AcDbText
 73
2
  0
HATCH
  5
399
330
17
100
AcDbEntity
  8
RECORTE-PIEZA
 62
3
440
33554597
100
AcDbHatch
 10
0.0
 20
0.0
 30
0.0
210
0.0
220
0.0
230
1.0
  2
SOLID
 70
1
 71
0
 91
1
 92
3
 72
0
 73
1
 93
4
 10
495.74670000000003
 20
-97.42439999999999
 10
496.34270000000004
 20
-97.42439999999999
 10
496.34270000000004
 20
-96.27839999999999
 10
495.74670000000003
 20
-96.27839999999999
 97
0
 75
1
 76
1
 98
0
  0
LWPOLYLINE
  5
39A
330
17
100
AcDbEntity
  8
RECORTE-PIEZA
100
AcDbPolyline
 90
4
 70
1
 10
495.74670000000003
 20
-97.42439999999999
 10
496.34270000000004
 20
-97.42439999999999
 10
496.34270000000004
 20
-96.27839999999999
 10
495.74670000000003
 20
-96.27839999999999
  0
TEXT
  5
39B
330
17
100
AcDbEntity
  8
RECORTE-TEXTO
100
AcDbText
 10
496.04470000000003
 20
-96.8514
 30
0.0
 40
0.05
  1
PB-M-037 -> (495.3,-83.8)
 50
90.0
 72
1
 11
496.04470000000003
 21
-96.8514
 31
0.0
100
AcDbText
 73
2
  0
HATCH
  5
39C
330
17
100
AcDbEntity
  8
RECORTE-DESPERDICIO
 62
1
440
33554610
100
AcDbHatch
 10
0.0
 20
0.0
 30
0.0
210
0.0
220
0.0
230
1.0
  2
SOLID
 70
1
 71
0
 91
1
 92
3
 72
0
 73
1
 93
4
 10
495.74670000000003
 20
-96.27839999999999
 10
496.34270000000004
 20
-96.27839999999999
 10
496.34270000000004
 20
-96.23039999999999
 10
495.74670000000003
 20
-96.23039999999999
 97
0
 75
1
 76
1
 98
0
  0
LWPOLYLINE
  5
39D
330
17
100
AcDbEntity
  8
RECORTE-DESPERDICIO
100
AcDbPolyline
 90
4
 70
1
 10
495.74670000000003
 20
-96.27839999999999
 10
496.34270000000004
 20
-96.27839999999999
 10
496.34270000000004
 20
-96.23039999999999
 10
495.74670000000003
 20
-96.23039999999999
  0
LWPOLYLINE
  5
39E
330
17
100
AcDbEntity
  8
RECORTE-TEXTO
100
AcDbPolyline
 90
4
 70
1
 10
496.5227
 20
-97.42439999999999
 10
497.1187
 20
-97.42439999999999
 10
497.1187
 20
-96.23039999999999
 10
496.5227
 20
-96.23039999999999
  0
TEXT
  5
39F
330
17
100
AcDbEntity
  8
RECORTE-TEXTO
100
AcDbText
 10
496.8207
 20
-96.1304
 30
0.0
 40
0.07
  1
M-10
 72
1
 11
496.8207
 21
-96.1304
 31
0.0
100
AcDbText
 73
2
  0
HATCH
  5
3A0
330
17
100
AcDbEntity
  8
RECORTE-PIEZA
 62
3
440
33554597
100
AcDbHatch
 10
0.0
 20
0.0
 30
0.0
210
0.0
220
0.0
230
1.0
  2
SOLID
 70
1
 71
0
 91
1
 92
3
 72
0
 73
1
 93
4
 10
496.5227
 20
-97.42439999999999
 10
497.1187
 20
-97.42439999999999
 10
497.1187
 20
-96.27839999999999
 10
496.5227
 20
-96.27839999999999
 97
0
 75
1
 76
1
 98
0
  0
LWPOLYLINE
  5
3A1
330
17
100
AcDbEntity
  8
RECORTE-PIEZA
100
AcDbPolyline
 90
4
 70
1
 10
496.5227
 20
-97.42439999999999
 10
497.1187
 20
-97.42439999999999
 10
497.1187
 20
-96.27839999999999
 10
496.5227
 20
-96.27839999999999
  0
TEXT
  5
3A2
330
17
100
AcDbEntity
  8
RECORTE-TEXTO
100
AcDbText
 10
496.8207
 20
-96.8514
 30
0.0
 40
0.05
  1
PB-M-036 -> (494.7,-83.8)
 50
90.0
 72
1
 11
496.8207
 21
-96.8514
 31
0.0
100
AcDbText
 73
2
  0
HATCH
  5
3A3
330
17
100
AcDbEntity
  8
RECORTE-DESPERDICIO
 62
1
440
33554610
100
AcDbHatch
 10
0.0
 20
0.0
 30
0.0
210
0.0
220
0.0
230
1.0
  2
SOLID
 70
1
 71
0
 91
1
 92
3
 72
0
 73
1
 93
4
 10
496.5227
 20
-96.27839999999999
 10
497.1187
 20
-96.27839999999999
 10
497.1187
 20
-96.23039999999999
 10
496.5227
 20
-96.23039999999999
 97
0
 75
1
 76
1
 98
0
  0
LWPOLYLINE
  5
3A4
330
17
100
AcDbEntity
  8
RECORTE-DESPERDICIO
100
AcDbPolyline
 90
4
 70
1
 10
496.5227
 20
-96.27839999999999
 10
497.1187
 20
-96.27839999999999
 10
497.1187
 20
-96.23039999999999
 10
496.5227
 20
-96.23039999999999
  0
LWPOLYLINE
  5
3A5
330
17
100
AcDbEntity
  8
RECORTE-TEXTO
100
AcDbPolyline
 90
4
 70
1
 10
497.2987
 20
-97.42439999999999
 10
497.8947
 20
-97.42439999999999
 10
497.8947
 20
-96.23039999999999
 10
497.2987
 20
-96.23039999999999
  0
TEXT
  5
3A6
330
17
100
AcDbEntity
  8
RECORTE-TEXTO
100
AcDbText
 10
497.5967
 20
-96.1304
 30
0.0
 40
0.07
  1
M-11
 72
1
 11
497.5967
 21
-96.1304
 31
0.0
100
AcDbText
 73
2
  0
HATCH
  5
3A7
330
17
100
AcDbEntity
  8
RECORTE-PIEZA
 62
3
440
33554597
100
AcDbHatch
 10
0.0
 20
0.0
 30
0.0
210
0.0
220
0.0
230
1.0
  2
SOLID
 70
1
 71
0
 91
1
 92
3
 72
0
 73
1
 93
4
 10
497.2987
 20
-97.42439999999999
 10
497.8947
 20
-97.42439999999999
 10
497.8947
 20
-96.27839999999999
 10
497.2987
 20
-96.27839999999999
 97
0
 75
1
 76
1
 98
0
  0
LWPOLYLINE
  5
3A8
330
17
100
AcDbEntity
  8
RECORTE-PIEZA
100
AcDbPolyline
 90
4
 70
1
 10
497.2987
 20
-97.42439999999999
 10
497.8947
 20
-97.42439999999999
 10
497.8947
 20
-96.27839999999999
 10
497.2987
 20
-96.27839999999999
  0
TEXT
  5
3A9
330
17
100
AcDbEntity
  8
RECORTE-TEXTO
100
AcDbText
 10
497.5967
 20
-96.8514
 30
0.0
 40
0.05
  1
PB-M-035 -> (494.1,-83.8)
 50
90.0
 72
1
 11
497.5967
 21
-96.8514
 31
0.0
100
AcDbText
 73
2
  0
HATCH
  5
3AA
330
17
100
AcDbEntity
  8
RECORTE-DESPERDICIO
 62
1
440
33554610
100
AcDbHatch
 10
0.0
 20
0.0
 30
0.0
210
0.0
220
0.0
230
1.0
  2
SOLID
 70
1
 71
0
 91
1
 92
3
 72
0
 73
1
 93
4
 10
497.2987
 20
-96.27839999999999
 10
497.8947
 20
-96.27839999999999
 10
497.8947
 20
-96.23039999999999
 10
497.2987
 20
-96.23039999999999
 97
0
 75
1
 76
1
 98
0
  0
LWPOLYLINE
  5
3AB
330
17
100
AcDbEntity
  8
RECORTE-DESPERDICIO
100
AcDbPolyline
 90
4
 70
1
 10
497.2987
 20
-96.27839999999999
 10
497.8947
 20
-96.27839999999999
 10
497.8947
 20
-96.23039999999999
 10
497.2987
 20
-96.23039999999999
  0
LWPOLYLINE
  5
3AC
330
17
100
AcDbEntity
  8
RECORTE-TEXTO
100
AcDbPolyline
 90
4
 70
1
 10
498.0747
 20
-97.42439999999999
 10
498.6707
 20
-97.42439999999999
 10
498.6707
 20
-96.23039999999999
 10
498.0747
 20
-96.23039999999999
  0
TEXT
  5
3AD
330
17
100
AcDbEntity
  8
RECORTE-TEXTO
100
AcDbText
 10
498.3727
 20
-96.1304
 30
0.0
 40
0.07
  1
M-12
 72
1
 11
498.3727
 21
-96.1304
 31
0.0
100
AcDbText
 73
2
  0
HATCH
  5
3AE
330
17
100
AcDbEntity
  8
RECORTE-PIEZA
 62
3
440
33554597
100
AcDbHatch
 10
0.0
 20
0.0
 30
0.0
210
0.0
220
0.0
230
1.0
  2
SOLID
 70
1
 71
0
 91
1
 92
3
 72
0
 73
1
 93
4
 10
498.0747
 20
-97.42439999999999
 10
498.6707
 20
-97.42439999999999
 10
498.6707
 20
-96.27839999999999
 10
498.0747
 20
-96.27839999999999
 97
0
 75
1
 76
1
 98
0
  0
LWPOLYLINE
  5
3AF
330
17
100
AcDbEntity
  8
RECORTE-PIEZA
100
AcDbPolyline
 90
4
 70
1
 10
498.0747
 20
-97.42439999999999
 10
498.6707
 20
-97.42439999999999
 10
498.6707
 20
-96.27839999999999
 10
498.0747
 20
-96.27839999999999
  0
TEXT
  5
3B0
330
17
100
AcDbEntity
  8
RECORTE-TEXTO
100
AcDbText
 10
498.3727
 20
-96.8514
 30
0.0
 40
0.05
  1
PB-M-034 -> (492.8,-83.8)
 50
90.0
 72
1
 11
498.3727
 21
-96.8514
 31
0.0
100
AcDbText
 73
2
  0
HATCH
  5
3B1
330
17
100
AcDbEntity
  8
RECORTE-DESPERDICIO
 62
1
440
33554610
100
AcDbHatch
 10
0.0
 20
0.0
 30
0.0
210
0.0
220
0.0
230
1.0
  2
SOLID
 70
1
 71
0
 91
1
 92
3
 72
0
 73
1
 93
4
 10
498.0747
 20
-96.27839999999999
 10
498.6707
 20
-96.27839999999999
 10
498.6707
 20
-96.23039999999999
 10
498.0747
 20
-96.23039999999999
 97
0
 75
1
 76
1
 98
0
  0
LWPOLYLINE
  5
3B2
330
17
100
AcDbEntity
  8
RECORTE-DESPERDICIO
100
AcDbPolyline
 90
4
 70
1
 10
498.0747
 20
-96.27839999999999
 10
498.6707
 20
-96.27839999999999
 10
498.6707
 20
-96.23039999999999
 10
498.0747
 20
-96.23039999999999
  0
LWPOLYLINE
  5
3B3
330
17
100
AcDbEntity
  8
RECORTE-TEXTO
100
AcDbPolyline
 90
4
 70
1
 10
498.8507
 20
-97.42439999999999
 10
499.4467
 20
-97.42439999999999
 10
499.4467
 20
-96.23039999999999
 10
498.8507
 20
-96.23039999999999
  0
TEXT
  5
3B4
330
17
100
AcDbEntity
  8
RECORTE-TEXTO
100
AcDbText
 10
499.1487
 20
-96.1304
 30
0.0
 40
0.07
  1
M-13
 72
1
 11
499.1487
 21
-96.1304
 31
0.0
100
AcDbText
 73
2
  0
HATCH
  5
3B5
330
17
100
AcDbEntity
  8
RECORTE-PIEZA
 62
3
440
33554597
100
AcDbHatch
 10
0.0
 20
0.0
 30
0.0
210
0.0
220
0.0
230
1.0
  2
SOLID
 70
1
 71
0
 91
1
 92
3
 72
0
 73
1
 93
4
 10
498.8507
 20
-97.42439999999999
 10
499.4467
 20
-97.42439999999999
 10
499.4467
 20
-96.27839999999999
 10
498.8507
 20
-96.27839999999999
 97
0
 75
1
 76
1
 98
0
  0
LWPOLYLINE
  5
3B6
330
17
100
AcDbEntity
  8
RECORTE-PIEZA
100
AcDbPolyline
 90
4
 70
1
 10
498.8507
 20
-97.42439999999999
 10
499.4467
 20
-97.42439999999999
 10
499.4467
 20
-96.27839999999999
 10
498.8507
 20
-96.27839999999999
  0
TEXT
  5
3B7
330
17
100
AcDbEntity
  8
RECORTE-TEXTO
100
AcDbText
 10
499.1487
 20
-96.8514
 30
0.0
 40
0.05
  1
PB-M-033 -> (492.2,-83.8)
 50
90.0
 72
1
 11
499.1487
 21
-96.8514
 31
0.0
100
AcDbText
 73
2
  0
HATCH
  5
3B8
330
17
100
AcDbEntity
  8
RECORTE-DESPERDICIO
 62
1
440
33554610
100
AcDbHatch
 10
0.0
 20
0.0
 30
0.0
210
0.0
220
0.0
230
1.0
  2
SOLID
 70
1
 71
0
 91
1
 92
3
 72
0
 73
1
 93
4
 10
498.8507
 20
-96.27839999999999
 10
499.4467
 20
-96.27839999999999
 10
499.4467
 20
-96.23039999999999
 10
498.8507
 20
-96.23039999999999
 97
0
 75
1
 76
1
 98
0
  0
LWPOLYLINE
  5
3B9
330
17
100
AcDbEntity
  8
RECORTE-DESPERDICIO
100
AcDbPolyline
 90
4
 70
1
 10
498.8507
 20
-96.27839999999999
 10
499.4467
 20
-96.27839999999999
 10
499.4467
 20
-96.23039999999999
 10
498.8507
 20
-96.23039999999999
  0
LWPOLYLINE
  5
3BA
330
17
100
AcDbEntity
  8
RECORTE-TEXTO
100
AcDbPolyline
 90
4
 70
1
 10
499.6267
 20
-97.42439999999999
 10
500.22270000000003
 20
-97.42439999999999
 10
500.22270000000003
 20
-96.23039999999999
 10
499.6267
 20
-96.23039999999999
  0
TEXT
  5
3BB
330
17
100
AcDbEntity
  8
RECORTE-TEXTO
100
AcDbText
 10
499.92470000000003
 20
-96.1304
 30
0.0
 40
0.07
  1
M-14
 72
1
 11
499.92470000000003
 21
-96.1304
 31
0.0
100
AcDbText
 73
2
  0
HATCH
  5
3BC
330
17
100
AcDbEntity
  8
RECORTE-PIEZA
 62
3
440
33554597
100
AcDbHatch
 10
0.0
 20
0.0
 30
0.0
210
0.0
220
0.0
230
1.0
  2
SOLID
 70
1
 71
0
 91
1
 92
3
 72
0
 73
1
 93
4
 10
499.6267
 20
-97.42439999999999
 10
500.22270000000003
 20
-97.42439999999999
 10
500.22270000000003
 20
-96.27839999999999
 10
499.6267
 20
-96.27839999999999
 97
0
 75
1
 76
1
 98
0
  0
LWPOLYLINE
  5
3BD
330
17
100
AcDbEntity
  8
RECORTE-PIEZA
100
AcDbPolyline
 90
4
 70
1
 10
499.6267
 20
-97.42439999999999
 10
500.22270000000003
 20
-97.42439999999999
 10
500.22270000000003
 20
-96.27839999999999
 10
499.6267
 20
-96.27839999999999
  0
TEXT
  5
3BE
330
17
100
AcDbEntity
  8
RECORTE-TEXTO
100
AcDbText
 10
499.92470000000003
 20
-96.8514
 30
0.0
 40
0.05
  1
PB-M-032 -> (491.6,-83.8)
 50
90.0
 72
1
 11
499.92470000000003
 21
-96.8514
 31
0.0
100
AcDbText
 73
2
  0
HATCH
  5
3BF
330
17
100
AcDbEntity
  8
RECORTE-DESPERDICIO
 62
1
440
33554610
100
AcDbHatch
 10
0.0
 20
0.0
 30
0.0
210
0.0
220
0.0
230
1.0
  2
SOLID
 70
1
 71
0
 91
1
 92
3
 72
0
 73
1
 93
4
 10
499.6267
 20
-96.27839999999999
 10
500.22270000000003
 20
-96.27839999999999
 10
500.22270000000003
 20
-96.23039999999999
 10
499.6267
 20
-96.23039999999999
 97
0
 75
1
 76
1
 98
0
  0
LWPOLYLINE
  5
3C0
330
17
100
AcDbEntity
  8
RECORTE-DESPERDICIO
100
AcDbPolyline
 90
4
 70
1
 10
499.6267
 20
-96.27839999999999
 10
500.22270000000003
 20
-96.27839999999999
 10
500.22270000000003
 20
-96.23039999999999
 10
499.6267
 20
-96.23039999999999
  0
LWPOLYLINE
  5
3C1
330
17
100
AcDbEntity
  8
RECORTE-TEXTO
100
AcDbPolyline
 90
4
 70
1
 10
500.4027
 20
-97.42439999999999
 10
500.9987
 20
-97.42439999999999
 10
500.9987
 20
-96.23039999999999
 10
500.4027
 20
-96.23039999999999
  0
TEXT
  5
3C2
330
17
100
AcDbEntity
  8
RECORTE-TEXTO
100
AcDbText
 10
500.7007
 20
-96.1304
 30
0.0
 40
0.07
  1
M-15
 72
1
 11
500.7007
 21
-96.1304
 31
0.0
100
AcDbText
 73
2
  0
HATCH
  5
3C3
330
17
100
AcDbEntity
  8
RECORTE-PIEZA
 62
3
440
33554597
100
AcDbHatch
 10
0.0
 20
0.0
 30
0.0
210
0.0
220
0.0
230
1.0
  2
SOLID
 70
1
 71
0
 91
1
 92
3
 72
0
 73
1
 93
4
 10
500.4027
 20
-97.42439999999999
 10
500.9987
 20
-97.42439999999999
 10
500.9987
 20
-96.27839999999999
 10
500.4027
 20
-96.27839999999999
 97
0
 75
1
 76
1
 98
0
  0
LWPOLYLINE
  5
3C4
330
17
100
AcDbEntity
  8
RECORTE-PIEZA
100
AcDbPolyline
 90
4
 70
1
 10
500.4027
 20
-97.42439999999999
 10
500.9987
 20
-97.42439999999999
 10
500.9987
 20
-96.27839999999999
 10
500.4027
 20
-96.27839999999999
  0
TEXT
  5
3C5
330
17
100
AcDbEntity
  8
RECORTE-TEXTO
100
AcDbText
 10
500.7007
 20
-96.8514
 30
0.0
 40
0.05
  1
PB-M-031 -> (491.0,-83.8)
 50
90.0
 72
1
 11
500.7007
 21
-96.8514
 31
0.0
100
AcDbText
 73
2
  0
HATCH
  5
3C6
330
17
100
AcDbEntity
  8
RECORTE-DESPERDICIO
 62
1
440
33554610
100
AcDbHatch
 10
0.0
 20
0.0
 30
0.0
210
0.0
220
0.0
230
1.0
  2
SOLID
 70
1
 71
0
 91
1
 92
3
 72
0
 73
1
 93
4
 10
500.4027
 20
-96.27839999999999
 10
500.9987
 20
-96.27839999999999
 10
500.9987
 20
-96.23039999999999
 10
500.4027
 20
-96.23039999999999
 97
0
 75
1
 76
1
 98
0
  0
LWPOLYLINE
  5
3C7
330
17
100
AcDbEntity
  8
RECORTE-DESPERDICIO
100
AcDbPolyline
 90
4
 70
1
 10
500.4027
 20
-96.27839999999999
 10
500.9987
 20
-96.27839999999999
 10
500.9987
 20
-96.23039999999999
 10
500.4027
 20
-96.23039999999999
  0
LWPOLYLINE
  5
3C8
330
17
100
AcDbEntity
  8
RECORTE-TEXTO
100
AcDbPolyline
 90
4
 70
1
 10
501.1787
 20
-97.42439999999999
 10
501.7747
 20
-97.42439999999999
 10
501.7747
 20
-96.23039999999999
 10
501.1787
 20
-96.23039999999999
  0
TEXT
  5
3C9
330
17
100
AcDbEntity
  8
RECORTE-TEXTO
100
AcDbText
 10
501.4767
 20
-96.1304
 30
0.0
 40
0.07
  1
M-16
 72
1
 11
501.4767
 21
-96.1304
 31
0.0
100
AcDbText
 73
2
  0
HATCH
  5
3CA
330
17
100
AcDbEntity
  8
RECORTE-PIEZA
 62
3
440
33554597
100
AcDbHatch
 10
0.0
 20
0.0
 30
0.0
210
0.0
220
0.0
230
1.0
  2
SOLID
 70
1
 71
0
 91
1
 92
3
 72
0
 73
1
 93
4
 10
501.1787
 20
-97.42439999999999
 10
501.7747
 20
-97.42439999999999
 10
501.7747
 20
-96.27839999999999
 10
501.1787
 20
-96.27839999999999
 97
0
 75
1
 76
1
 98
0
  0
LWPOLYLINE
  5
3CB
330
17
100
AcDbEntity
  8
RECORTE-PIEZA
100
AcDbPolyline
 90
4
 70
1
 10
501.1787
 20
-97.42439999999999
 10
501.7747
 20
-97.42439999999999
 10
501.7747
 20
-96.27839999999999
 10
501.1787
 20
-96.27839999999999
  0
TEXT
  5
3CC
330
17
100
AcDbEntity
  8
RECORTE-TEXTO
100
AcDbText
 10
501.4767
 20
-96.8514
 30
0.0
 40
0.05
  1
PB-M-030 -> (490.4,-83.8)
 50
90.0
 72
1
 11
501.4767
 21
-96.8514
 31
0.0
100
AcDbText
 73
2
  0
HATCH
  5
3CD
330
17
100
AcDbEntity
  8
RECORTE-DESPERDICIO
 62
1
440
33554610
100
AcDbHatch
 10
0.0
 20
0.0
 30
0.0
210
0.0
220
0.0
230
1.0
  2
SOLID
 70
1
 71
0
 91
1
 92
3
 72
0
 73
1
 93
4
 10
501.1787
 20
-96.27839999999999
 10
501.7747
 20
-96.27839999999999
 10
501.7747
 20
-96.23039999999999
 10
501.1787
 20
-96.23039999999999
 97
0
 75
1
 76
1
 98
0
  0
LWPOLYLINE
  5
3CE
330
17
100
AcDbEntity
  8
RECORTE-DESPERDICIO
100
AcDbPolyline
 90
4
 70
1
 10
501.1787
 20
-96.27839999999999
 10
501.7747
 20
-96.27839999999999
 10
501.7747
 20
-96.23039999999999
 10
501.1787
 20
-96.23039999999999
  0
LWPOLYLINE
  5
3CF
330
17
100
AcDbEntity
  8
RECORTE-TEXTO
100
AcDbPolyline
 90
4
 70
1
 10
501.9547
 20
-97.42439999999999
 10
502.5507
 20
-97.42439999999999
 10
502.5507
 20
-96.23039999999999
 10
501.9547
 20
-96.23039999999999
  0
TEXT
  5
3D0
330
17
100
AcDbEntity
  8
RECORTE-TEXTO
100
AcDbText
 10
502.2527
 20
-96.1304
 30
0.0
 40
0.07
  1
M-17
 72
1
 11
502.2527
 21
-96.1304
 31
0.0
100
AcDbText
 73
2
  0
HATCH
  5
3D1
330
17
100
AcDbEntity
  8
RECORTE-PIEZA
 62
3
440
33554597
100
AcDbHatch
 10
0.0
 20
0.0
 30
0.0
210
0.0
220
0.0
230
1.0
  2
SOLID
 70
1
 71
0
 91
1
 92
3
 72
0
 73
1
 93
4
 10
501.9547
 20
-97.42439999999999
 10
502.5507
 20
-97.42439999999999
 10
502.5507
 20
-96.27839999999999
 10
501.9547
 20
-96.27839999999999
 97
0
 75
1
 76
1
 98
0
  0
LWPOLYLINE
  5
3D2
330
17
100
AcDbEntity
  8
RECORTE-PIEZA
100
AcDbPolyline
 90
4
 70
1
 10
501.9547
 20
-97.42439999999999
 10
502.5507
 20
-97.42439999999999
 10
502.5507
 20
-96.27839999999999
 10
501.9547
 20
-96.27839999999999
  0
TEXT
  5
3D3
330
17
100
AcDbEntity
  8
RECORTE-TEXTO
100
AcDbText
 10
502.2527
 20
-96.8514
 30
0.0
 40
0.05
  1
PB-M-029 -> (489.8,-83.8)
 50
90.0
 72
1
 11
502.2527
 21
-96.8514
 31
0.0
100
AcDbText
 73
2
  0
HATCH
  5
3D4
330
17
100
AcDbEntity
  8
RECORTE-DESPERDICIO
 62
1
440
33554610
100
AcDbHatch
 10
0.0
 20
0.0
 30
0.0
210
0.0
220
0.0
230
1.0
  2
SOLID
 70
1
 71
0
 91
1
 92
3
 72
0
 73
1
 93
4
 10
501.9547
 20
-96.27839999999999
 10
502.5507
 20
-96.27839999999999
 10
502.5507
 20
-96.23039999999999
 10
501.9547
 20
-96.23039999999999
 97
0
 75
1
 76
1
 98
0
  0
LWPOLYLINE
  5
3D5
330
17
100
AcDbEntity
  8
RECORTE-DESPERDICIO
100
AcDbPolyline
 90
4
 70
1
 10
501.9547
 20
-96.27839999999999
 10
502.5507
 20
-96.27839999999999
 10
502.5507
 20
-96.23039999999999
 10
501.9547
 20
-96.23039999999999
  0
LWPOLYLINE
  5
3D6
330
17
100
AcDbEntity
  8
RECORTE-TEXTO
100
AcDbPolyline
 90
4
 70
1
 10
502.7307
 20
-97.42439999999999
 10
503.3267
 20
-97.42439999999999
 10
503.3267
 20
-96.23039999999999
 10
502.7307
 20
-96.23039999999999
  0
TEXT
  5
3D7
330
17
100
AcDbEntity
  8
RECORTE-TEXTO
100
AcDbText
 10
503.0287
 20
-96.1304
 30
0.0
 40
0.07
  1
M-18
 72
1
 11
503.0287
 21
-96.1304
 31
0.0
100
AcDbText
 73
2
  0
HATCH
  5
3D8
330
17
100
AcDbEntity
  8
RECORTE-PIEZA
 62
3
440
33554597
100
AcDbHatch
 10
0.0
 20
0.0
 30
0.0
210
0.0
220
0.0
230
1.0
  2
SOLID
 70
1
 71
0
 91
1
 92
3
 72
0
 73
1
 93
4
 10
502.7307
 20
-97.42439999999999
 10
503.3267
 20
-97.42439999999999
 10
503.3267
 20
-96.30439999999999
 10
502.7307
 20
-96.30439999999999
 97
0
 75
1
 76
1
 98
0
  0
LWPOLYLINE
  5
3D9
330
17
100
AcDbEntity
  8
RECORTE-PIEZA
100
AcDbPolyline
 90
4
 70
1
 10
502.7307
 20
-97.42439999999999
 10
503.3267
 20
-97.42439999999999
 10
503.3267
 20
-96.30439999999999
 10
502.7307
 20
-96.30439999999999
  0
TEXT
  5
3DA
330
17
100
AcDbEntity
  8
RECORTE-TEXTO
100
AcDbText
 10
503.0287
 20
-96.86439999999999
 30
0.0
 40
0.05
  1
PB-M-068 -> (497.1,-87.3)
 50
90.0
 72
1
 11
503.0287
 21
-96.86439999999999
 31
0.0
100
AcDbText
 73
2
  0
HATCH
  5
3DB
330
17
100
AcDbEntity
  8
RECORTE-DESPERDICIO
 62
1
440
33554610
100
AcDbHatch
 10
0.0
 20
0.0
 30
0.0
210
0.0
220
0.0
230
1.0
  2
SOLID
 70
1
 71
0
 91
1
 92
3
 72
0
 73
1
 93
4
 10
502.7307
 20
-96.30439999999999
 10
503.3267
 20
-96.30439999999999
 10
503.3267
 20
-96.23039999999999
 10
502.7307
 20
-96.23039999999999
 97
0
 75
1
 76
1
 98
0
  0
LWPOLYLINE
  5
3DC
330
17
100
AcDbEntity
  8
RECORTE-DESPERDICIO
100
AcDbPolyline
 90
4
 70
1
 10
502.7307
 20
-96.30439999999999
 10
503.3267
 20
-96.30439999999999
 10
503.3267
 20
-96.23039999999999
 10
502.7307
 20
-96.23039999999999
  0
LWPOLYLINE
  5
3DD
330
17
100
AcDbEntity
  8
RECORTE-TEXTO
100
AcDbPolyline
 90
4
 70
1
 10
503.5067
 20
-97.42439999999999
 10
504.1027
 20
-97.42439999999999
 10
504.1027
 20
-96.23039999999999
 10
503.5067
 20
-96.23039999999999
  0
TEXT
  5
3DE
330
17
100
AcDbEntity
  8
RECORTE-TEXTO
100
AcDbText
 10
503.8047
 20
-96.1304
 30
0.0
 40
0.07
  1
M-19
 72
1
 11
503.8047
 21
-96.1304
 31
0.0
100
AcDbText
 73
2
  0
HATCH
  5
3DF
330
17
100
AcDbEntity
  8
RECORTE-PIEZA
 62
3
440
33554597
100
AcDbHatch
 10
0.0
 20
0.0
 30
0.0
210
0.0
220
0.0
230
1.0
  2
SOLID
 70
1
 71
0
 91
1
 92
3
 72
0
 73
1
 93
4
 10
503.5067
 20
-97.42439999999999
 10
504.1027
 20
-97.42439999999999
 10
504.1027
 20
-96.30439999999999
 10
503.5067
 20
-96.30439999999999
 97
0
 75
1
 76
1
 98
0
  0
LWPOLYLINE
  5
3E0
330
17
100
AcDbEntity
  8
RECORTE-PIEZA
100
AcDbPolyline
 90
4
 70
1
 10
503.5067
 20
-97.42439999999999
 10
504.1027
 20
-97.42439999999999
 10
504.1027
 20
-96.30439999999999
 10
503.5067
 20
-96.30439999999999
  0
TEXT
  5
3E1
330
17
100
AcDbEntity
  8
RECORTE-TEXTO
100
AcDbText
 10
503.8047
 20
-96.86439999999999
 30
0.0
 40
0.05
  1
PB-M-118 -> (495.9,-90.9)
 50
90.0
 72
1
 11
503.8047
 21
-96.86439999999999
 31
0.0
100
AcDbText
 73
2
  0
HATCH
  5
3E2
330
17
100
AcDbEntity
  8
RECORTE-DESPERDICIO
 62
1
440
33554610
100
AcDbHatch
 10
0.0
 20
0.0
 30
0.0
210
0.0
220
0.0
230
1.0
  2
SOLID
 70
1
 71
0
 91
1
 92
3
 72
0
 73
1
 93
4
 10
503.5067
 20
-96.30439999999999
 10
504.1027
 20
-96.30439999999999
 10
504.1027
 20
-96.23039999999999
 10
503.5067
 20
-96.23039999999999
 97
0
 75
1
 76
1
 98
0
  0
LWPOLYLINE
  5
3E3
330
17
100
AcDbEntity
  8
RECORTE-DESPERDICIO
100
AcDbPolyline
 90
4
 70
1
 10
503.5067
 20
-96.30439999999999
 10
504.1027
 20
-96.30439999999999
 10
504.1027
 20
-96.23039999999999
 10
503.5067
 20
-96.23039999999999
  0
LWPOLYLINE
  5
3E4
330
17
100
AcDbEntity
  8
RECORTE-TEXTO
100
AcDbPolyline
 90
4
 70
1
 10
504.2827
 20
-97.42439999999999
 10
504.8787
 20
-97.42439999999999
 10
504.8787
 20
-96.23039999999999
 10
504.2827
 20
-96.23039999999999
  0
TEXT
  5
3E5
330
17
100
AcDbEntity
  8
RECORTE-TEXTO
100
AcDbText
 10
504.5807
 20
-96.1304
 30
0.0
 40
0.07
  1
M-20
 72
1
 11
504.5807
 21
-96.1304
 31
0.0
100
AcDbText
 73
2
  0
HATCH
  5
3E6
330
17
100
AcDbEntity
  8
RECORTE-PIEZA
 62
3
440
33554597
100
AcDbHatch
 10
0.0
 20
0.0
 30
0.0
210
0.0
220
0.0
230
1.0
  2
SOLID
 70
1
 71
0
 91
1
 92
3
 72
0
 73
1
 93
4
 10
504.2827
 20
-97.42439999999999
 10
504.8787
 20
-97.42439999999999
 10
504.8787
 20
-96.30439999999999
 10
504.2827
 20
-96.30439999999999
 97
0
 75
1
 76
1
 98
0
  0
LWPOLYLINE
  5
3E7
330
17
100
AcDbEntity
  8
RECORTE-PIEZA
100
AcDbPolyline
 90
4
 70
1
 10
504.2827
 20
-97.42439999999999
 10
504.8787
 20
-97.42439999999999
 10
504.8787
 20
-96.30439999999999
 10
504.2827
 20
-96.30439999999999
  0
TEXT
  5
3E8
330
17
100
AcDbEntity
  8
RECORTE-TEXTO
100
AcDbText
 10
504.5807
 20
-96.86439999999999
 30
0.0
 40
0.05
  1
PB-M-120 -> (497.1,-90.9)
 50
90.0
 72
1
 11
504.5807
 21
-96.86439999999999
 31
0.0
100
AcDbText
 73
2
  0
HATCH
  5
3E9
330
17
100
AcDbEntity
  8
RECORTE-DESPERDICIO
 62
1
440
33554610
100
AcDbHatch
 10
0.0
 20
0.0
 30
0.0
210
0.0
220
0.0
230
1.0
  2
SOLID
 70
1
 71
0
 91
1
 92
3
 72
0
 73
1
 93
4
 10
504.2827
 20
-96.30439999999999
 10
504.8787
 20
-96.30439999999999
 10
504.8787
 20
-96.23039999999999
 10
504.2827
 20
-96.23039999999999
 97
0
 75
1
 76
1
 98
0
  0
LWPOLYLINE
  5
3EA
330
17
100
AcDbEntity
  8
RECORTE-DESPERDICIO
100
AcDbPolyline
 90
4
 70
1
 10
504.2827
 20
-96.30439999999999
 10
504.8787
 20
-96.30439999999999
 10
504.8787
 20
-96.23039999999999
 10
504.2827
 20
-96.23039999999999
  0
LWPOLYLINE
  5
3EB
330
17
100
AcDbEntity
  8
RECORTE-TEXTO
100
AcDbPolyline
 90
4
 70
1
 10
505.0587
 20
-97.42439999999999
 10
505.6547
 20
-97.42439999999999
 10
505.6547
 20
-96.23039999999999
 10
505.0587
 20
-96.23039999999999
  0
TEXT
  5
3EC
330
17
100
AcDbEntity
  8
RECORTE-TEXTO
100
AcDbText
 10
505.3567
 20
-96.1304
 30
0.0
 40
0.07
  1
M-21
 72
1
 11
505.3567
 21
-96.1304
 31
0.0
100
AcDbText
 73
2
  0
HATCH
  5
3ED
330
17
100
AcDbEntity
  8
RECORTE-PIEZA
 62
3
440
33554597
100
AcDbHatch
 10
0.0
 20
0.0
 30
0.0
210
0.0
220
0.0
230
1.0
  2
SOLID
 70
1
 71
0
 91
1
 92
3
 72
0
 73
1
 93
4
 10
505.0587
 20
-97.42439999999999
 10
505.6547
 20
-97.42439999999999
 10
505.6547
 20
-96.31039999999999
 10
505.0587
 20
-96.31039999999999
 97
0
 75
1
 76
1
 98
0
  0
LWPOLYLINE
  5
3EE
330
17
100
AcDbEntity
  8
RECORTE-PIEZA
100
AcDbPolyline
 90
4
 70
1
 10
505.0587
 20
-97.42439999999999
 10
505.6547
 20
-97.42439999999999
 10
505.6547
 20
-96.31039999999999
 10
505.0587
 20
-96.31039999999999
  0
TEXT
  5
3EF
330
17
100
AcDbEntity
  8
RECORTE-TEXTO
100
AcDbText
 10
505.3567
 20
-96.86739999999999
 30
0.0
 40
0.05
  1
PB-M-028 -> (496.5,-82.6)
 50
90.0
 72
1
 11
505.3567
 21
-96.86739999999999
 31
0.0
100
AcDbText
 73
2
  0
HATCH
  5
3F0
330
17
100
AcDbEntity
  8
RECORTE-DESPERDICIO
 62
1
440
33554610
100
AcDbHatch
 10
0.0
 20
0.0
 30
0.0
210
0.0
220
0.0
230
1.0
  2
SOLID
 70
1
 71
0
 91
1
 92
3
 72
0
 73
1
 93
4
 10
505.0587
 20
-96.31039999999999
 10
505.6547
 20
-96.31039999999999
 10
505.6547
 20
-96.23039999999999
 10
505.0587
 20
-96.23039999999999
 97
0
 75
1
 76
1
 98
0
  0
LWPOLYLINE
  5
3F1
330
17
100
AcDbEntity
  8
RECORTE-DESPERDICIO
100
AcDbPolyline
 90
4
 70
1
 10
505.0587
 20
-96.31039999999999
 10
505.6547
 20
-96.31039999999999
 10
505.6547
 20
-96.23039999999999
 10
505.0587
 20
-96.23039999999999
  0
LWPOLYLINE
  5
3F2
330
17
100
AcDbEntity
  8
RECORTE-TEXTO
100
AcDbPolyline
 90
4
 70
1
 10
505.8347
 20
-97.42439999999999
 10
506.4307
 20
-97.42439999999999
 10
506.4307
 20
-96.23039999999999
 10
505.8347
 20
-96.23039999999999
  0
TEXT
  5
3F3
330
17
100
AcDbEntity
  8
RECORTE-TEXTO
100
AcDbText
 10
506.1327
 20
-96.1304
 30
0.0
 40
0.07
  1
M-22
 72
1
 11
506.1327
 21
-96.1304
 31
0.0
100
AcDbText
 73
2
  0
HATCH
  5
3F4
330
17
100
AcDbEntity
  8
RECORTE-PIEZA
 62
3
440
33554597
100
AcDbHatch
 10
0.0
 20
0.0
 30
0.0
210
0.0
220
0.0
230
1.0
  2
SOLID
 70
1
 71
0
 91
1
 92
3
 72
0
 73
1
 93
4
 10
505.8347
 20
-97.42439999999999
 10
506.4307
 20
-97.42439999999999
 10
506.4307
 20
-96.31039999999999
 10
505.8347
 20
-96.31039999999999
 97
0
 75
1
 76
1
 98
0
  0
LWPOLYLINE
  5
3F5
330
17
100
AcDbEntity
  8
RECORTE-PIEZA
100
AcDbPolyline
 90
4
 70
1
 10
505.8347
 20
-97.42439999999999
 10
506.4307
 20
-97.42439999999999
 10
506.4307
 20
-96.31039999999999
 10
505.8347
 20
-96.31039999999999
  0
TEXT
  5
3F6
330
17
100
AcDbEntity
  8
RECORTE-TEXTO
100
AcDbText
 10
506.1327
 20
-96.86739999999999
 30
0.0
 40
0.05
  1
PB-M-027 -> (495.9,-82.6)
 50
90.0
 72
1
 11
506.1327
 21
-96.86739999999999
 31
0.0
100
AcDbText
 73
2
  0
HATCH
  5
3F7
330
17
100
AcDbEntity
  8
RECORTE-DESPERDICIO
 62
1
440
33554610
100
AcDbHatch
 10
0.0
 20
0.0
 30
0.0
210
0.0
220
0.0
230
1.0
  2
SOLID
 70
1
 71
0
 91
1
 92
3
 72
0
 73
1
 93
4
 10
505.8347
 20
-96.31039999999999
 10
506.4307
 20
-96.31039999999999
 10
506.4307
 20
-96.23039999999999
 10
505.8347
 20
-96.23039999999999
 97
0
 75
1
 76
1
 98
0
  0
LWPOLYLINE
  5
3F8
330
17
100
AcDbEntity
  8
RECORTE-DESPERDICIO
100
AcDbPolyline
 90
4
 70
1
 10
505.8347
 20
-96.31039999999999
 10
506.4307
 20
-96.31039999999999
 10
506.4307
 20
-96.23039999999999
 10
505.8347
 20
-96.23039999999999
  0
LWPOLYLINE
  5
3F9
330
17
100
AcDbEntity
  8
RECORTE-TEXTO
100
AcDbPolyline
 90
4
 70
1
 10
489.5387
 20
-99.0184
 10
490.1347
 20
-99.0184
 10
490.1347
 20
-97.8244
 10
489.5387
 20
-97.8244
  0
TEXT
  5
3FA
330
17
100
AcDbEntity
  8
RECORTE-TEXTO
100
AcDbText
 10
489.8367
 20
-97.7244
 30
0.0
 40
0.07
  1
M-23
 72
1
 11
489.8367
 21
-97.7244
 31
0.0
100
AcDbText
 73
2
  0
HATCH
  5
3FB
330
17
100
AcDbEntity
  8
RECORTE-PIEZA
 62
3
440
33554597
100
AcDbHatch
 10
0.0
 20
0.0
 30
0.0
210
0.0
220
0.0
230
1.0
  2
SOLID
 70
1
 71
0
 91
1
 92
3
 72
0
 73
1
 93
4
 10
489.5387
 20
-99.0184
 10
490.1347
 20
-99.0184
 10
490.1347
 20
-97.9044
 10
489.5387
 20
-97.9044
 97
0
 75
1
 76
1
 98
0
  0
LWPOLYLINE
  5
3FC
330
17
100
AcDbEntity
  8
RECORTE-PIEZA
100
AcDbPolyline
 90
4
 70
1
 10
489.5387
 20
-99.0184
 10
490.1347
 20
-99.0184
 10
490.1347
 20
-97.9044
 10
489.5387
 20
-97.9044
  0
TEXT
  5
3FD
330
17
100
AcDbEntity
  8
RECORTE-TEXTO
100
AcDbText
 10
489.8367
 20
-98.4614
 30
0.0
 40
0.05
  1
PB-M-026 -> (495.3,-82.6)
 50
90.0
 72
1
 11
489.8367
 21
-98.4614
 31
0.0
100
AcDbText
 73
2
  0
HATCH
  5
3FE
330
17
100
AcDbEntity
  8
RECORTE-DESPERDICIO
 62
1
440
33554610
100
AcDbHatch
 10
0.0
 20
0.0
 30
0.0
210
0.0
220
0.0
230
1.0
  2
SOLID
 70
1
 71
0
 91
1
 92
3
 72
0
 73
1
 93
4
 10
489.5387
 20
-97.9044
 10
490.1347
 20
-97.9044
 10
490.1347
 20
-97.8244
 10
489.5387
 20
-97.8244
 97
0
 75
1
 76
1
 98
0
  0
LWPOLYLINE
  5
3FF
330
17
100
AcDbEntity
  8
RECORTE-DESPERDICIO
100
AcDbPolyline
 90
4
 70
1
 10
489.5387
 20
-97.9044
 10
490.1347
 20
-97.9044
 10
490.1347
 20
-97.8244
 10
489.5387
 20
-97.8244
  0
LWPOLYLINE
  5
400
330
17
100
AcDbEntity
  8
RECORTE-TEXTO
100
AcDbPolyline
 90
4
 70
1
 10
490.3147
 20
-99.0184
 10
490.9107
 20
-99.0184
 10
490.9107
 20
-97.8244
 10
490.3147
 20
-97.8244
  0
TEXT
  5
401
330
17
100
AcDbEntity
  8
RECORTE-TEXTO
100
AcDbText
 10
490.6127
 20
-97.7244
 30
0.0
 40
0.07
  1
M-24
 72
1
 11
490.6127
 21
-97.7244
 31
0.0
100
AcDbText
 73
2
  0
HATCH
  5
402
330
17
100
AcDbEntity
  8
RECORTE-PIEZA
 62
3
440
33554597
100
AcDbHatch
 10
0.0
 20
0.0
 30
0.0
210
0.0
220
0.0
230
1.0
  2
SOLID
 70
1
 71
0
 91
1
 92
3
 72
0
 73
1
 93
4
 10
490.3147
 20
-99.0184
 10
490.9107
 20
-99.0184
 10
490.9107
 20
-97.9044
 10
490.3147
 20
-97.9044
 97
0
 75
1
 76
1
 98
0
  0
LWPOLYLINE
  5
403
330
17
100
AcDbEntity
  8
RECORTE-PIEZA
100
AcDbPolyline
 90
4
 70
1
 10
490.3147
 20
-99.0184
 10
490.9107
 20
-99.0184
 10
490.9107
 20
-97.9044
 10
490.3147
 20
-97.9044
  0
TEXT
  5
404
330
17
100
AcDbEntity
  8
RECORTE-TEXTO
100
AcDbText
 10
490.6127
 20
-98.4614
 30
0.0
 40
0.05
  1
PB-M-025 -> (494.7,-82.6)
 50
90.0
 72
1
 11
490.6127
 21
-98.4614
 31
0.0
100
AcDbText
 73
2
  0
HATCH
  5
405
330
17
100
AcDbEntity
  8
RECORTE-DESPERDICIO
 62
1
440
33554610
100
AcDbHatch
 10
0.0
 20
0.0
 30
0.0
210
0.0
220
0.0
230
1.0
  2
SOLID
 70
1
 71
0
 91
1
 92
3
 72
0
 73
1
 93
4
 10
490.3147
 20
-97.9044
 10
490.9107
 20
-97.9044
 10
490.9107
 20
-97.8244
 10
490.3147
 20
-97.8244
 97
0
 75
1
 76
1
 98
0
  0
LWPOLYLINE
  5
406
330
17
100
AcDbEntity
  8
RECORTE-DESPERDICIO
100
AcDbPolyline
 90
4
 70
1
 10
490.3147
 20
-97.9044
 10
490.9107
 20
-97.9044
 10
490.9107
 20
-97.8244
 10
490.3147
 20
-97.8244
  0
LWPOLYLINE
  5
407
330
17
100
AcDbEntity
  8
RECORTE-TEXTO
100
AcDbPolyline
 90
4
 70
1
 10
491.0907
 20
-99.0184
 10
491.68670000000003
 20
-99.0184
 10
491.68670000000003
 20
-97.8244
 10
491.0907
 20
-97.8244
  0
TEXT
  5
408
330
17
100
AcDbEntity
  8
RECORTE-TEXTO
100
AcDbText
 10
491.38870000000003
 20
-97.7244
 30
0.0
 40
0.07
  1
M-25
 72
1
 11
491.38870000000003
 21
-97.7244
 31
0.0
100
AcDbText
 73
2
  0
HATCH
  5
409
330
17
100
AcDbEntity
  8
RECORTE-PIEZA
 62
3
440
33554597
100
AcDbHatch
 10
0.0
 20
0.0
 30
0.0
210
0.0
220
0.0
230
1.0
  2
SOLID
 70
1
 71
0
 91
1
 92
3
 72
0
 73
1
 93
4
 10
491.0907
 20
-99.0184
 10
491.68670000000003
 20
-99.0184
 10
491.68670000000003
 20
-97.9044
 10
491.0907
 20
-97.9044
 97
0
 75
1
 76
1
 98
0
  0
LWPOLYLINE
  5
40A
330
17
100
AcDbEntity
  8
RECORTE-PIEZA
100
AcDbPolyline
 90
4
 70
1
 10
491.0907
 20
-99.0184
 10
491.68670000000003
 20
-99.0184
 10
491.68670000000003
 20
-97.9044
 10
491.0907
 20
-97.9044
  0
TEXT
  5
40B
330
17
100
AcDbEntity
  8
RECORTE-TEXTO
100
AcDbText
 10
491.38870000000003
 20
-98.4614
 30
0.0
 40
0.05
  1
PB-M-024 -> (494.1,-82.6)
 50
90.0
 72
1
 11
491.38870000000003
 21
-98.4614
 31
0.0
100
AcDbText
 73
2
  0
HATCH
  5
40C
330
17
100
AcDbEntity
  8
RECORTE-DESPERDICIO
 62
1
440
33554610
100
AcDbHatch
 10
0.0
 20
0.0
 30
0.0
210
0.0
220
0.0
230
1.0
  2
SOLID
 70
1
 71
0
 91
1
 92
3
 72
0
 73
1
 93
4
 10
491.0907
 20
-97.9044
 10
491.68670000000003
 20
-97.9044
 10
491.68670000000003
 20
-97.8244
 10
491.0907
 20
-97.8244
 97
0
 75
1
 76
1
 98
0
  0
LWPOLYLINE
  5
40D
330
17
100
AcDbEntity
  8
RECORTE-DESPERDICIO
100
AcDbPolyline
 90
4
 70
1
 10
491.0907
 20
-97.9044
 10
491.68670000000003
 20
-97.9044
 10
491.68670000000003
 20
-97.8244
 10
491.0907
 20
-97.8244
  0
LWPOLYLINE
  5
40E
330
17
100
AcDbEntity
  8
RECORTE-TEXTO
100
AcDbPolyline
 90
4
 70
1
 10
491.8667
 20
-99.0184
 10
492.4627
 20
-99.0184
 10
492.4627
 20
-97.8244
 10
491.8667
 20
-97.8244
  0
TEXT
  5
40F
330
17
100
AcDbEntity
  8
RECORTE-TEXTO
100
AcDbText
 10
492.1647
 20
-97.7244
 30
0.0
 40
0.07
  1
M-26
 72
1
 11
492.1647
 21
-97.7244
 31
0.0
100
AcDbText
 73
2
  0
HATCH
  5
410
330
17
100
AcDbEntity
  8
RECORTE-PIEZA
 62
3
440
33554597
100
AcDbHatch
 10
0.0
 20
0.0
 30
0.0
210
0.0
220
0.0
230
1.0
  2
SOLID
 70
1
 71
0
 91
1
 92
3
 72
0
 73
1
 93
4
 10
491.8667
 20
-99.0184
 10
492.4627
 20
-99.0184
 10
492.4627
 20
-97.9044
 10
491.8667
 20
-97.9044
 97
0
 75
1
 76
1
 98
0
  0
LWPOLYLINE
  5
411
330
17
100
AcDbEntity
  8
RECORTE-PIEZA
100
AcDbPolyline
 90
4
 70
1
 10
491.8667
 20
-99.0184
 10
492.4627
 20
-99.0184
 10
492.4627
 20
-97.9044
 10
491.8667
 20
-97.9044
  0
TEXT
  5
412
330
17
100
AcDbEntity
  8
RECORTE-TEXTO
100
AcDbText
 10
492.1647
 20
-98.4614
 30
0.0
 40
0.05
  1
PB-M-023 -> (492.8,-82.6)
 50
90.0
 72
1
 11
492.1647
 21
-98.4614
 31
0.0
100
AcDbText
 73
2
  0
HATCH
  5
413
330
17
100
AcDbEntity
  8
RECORTE-DESPERDICIO
 62
1
440
33554610
100
AcDbHatch
 10
0.0
 20
0.0
 30
0.0
210
0.0
220
0.0
230
1.0
  2
SOLID
 70
1
 71
0
 91
1
 92
3
 72
0
 73
1
 93
4
 10
491.8667
 20
-97.9044
 10
492.4627
 20
-97.9044
 10
492.4627
 20
-97.8244
 10
491.8667
 20
-97.8244
 97
0
 75
1
 76
1
 98
0
  0
LWPOLYLINE
  5
414
330
17
100
AcDbEntity
  8
RECORTE-DESPERDICIO
100
AcDbPolyline
 90
4
 70
1
 10
491.8667
 20
-97.9044
 10
492.4627
 20
-97.9044
 10
492.4627
 20
-97.8244
 10
491.8667
 20
-97.8244
  0
LWPOLYLINE
  5
415
330
17
100
AcDbEntity
  8
RECORTE-TEXTO
100
AcDbPolyline
 90
4
 70
1
 10
492.6427
 20
-99.0184
 10
493.2387
 20
-99.0184
 10
493.2387
 20
-97.8244
 10
492.6427
 20
-97.8244
  0
TEXT
  5
416
330
17
100
AcDbEntity
  8
RECORTE-TEXTO
100
AcDbText
 10
492.9407
 20
-97.7244
 30
0.0
 40
0.07
  1
M-27
 72
1
 11
492.9407
 21
-97.7244
 31
0.0
100
AcDbText
 73
2
  0
HATCH
  5
417
330
17
100
AcDbEntity
  8
RECORTE-PIEZA
 62
3
440
33554597
100
AcDbHatch
 10
0.0
 20
0.0
 30
0.0
210
0.0
220
0.0
230
1.0
  2
SOLID
 70
1
 71
0
 91
1
 92
3
 72
0
 73
1
 93
4
 10
492.6427
 20
-99.0184
 10
493.2387
 20
-99.0184
 10
493.2387
 20
-97.9044
 10
492.6427
 20
-97.9044
 97
0
 75
1
 76
1
 98
0
  0
LWPOLYLINE
  5
418
330
17
100
AcDbEntity
  8
RECORTE-PIEZA
100
AcDbPolyline
 90
4
 70
1
 10
492.6427
 20
-99.0184
 10
493.2387
 20
-99.0184
 10
493.2387
 20
-97.9044
 10
492.6427
 20
-97.9044
  0
TEXT
  5
419
330
17
100
AcDbEntity
  8
RECORTE-TEXTO
100
AcDbText
 10
492.9407
 20
-98.4614
 30
0.0
 40
0.05
  1
PB-M-022 -> (492.2,-82.6)
 50
90.0
 72
1
 11
492.9407
 21
-98.4614
 31
0.0
100
AcDbText
 73
2
  0
HATCH
  5
41A
330
17
100
AcDbEntity
  8
RECORTE-DESPERDICIO
 62
1
440
33554610
100
AcDbHatch
 10
0.0
 20
0.0
 30
0.0
210
0.0
220
0.0
230
1.0
  2
SOLID
 70
1
 71
0
 91
1
 92
3
 72
0
 73
1
 93
4
 10
492.6427
 20
-97.9044
 10
493.2387
 20
-97.9044
 10
493.2387
 20
-97.8244
 10
492.6427
 20
-97.8244
 97
0
 75
1
 76
1
 98
0
  0
LWPOLYLINE
  5
41B
330
17
100
AcDbEntity
  8
RECORTE-DESPERDICIO
100
AcDbPolyline
 90
4
 70
1
 10
492.6427
 20
-97.9044
 10
493.2387
 20
-97.9044
 10
493.2387
 20
-97.8244
 10
492.6427
 20
-97.8244
  0
LWPOLYLINE
  5
41C
330
17
100
AcDbEntity
  8
RECORTE-TEXTO
100
AcDbPolyline
 90
4
 70
1
 10
493.4187
 20
-99.0184
 10
494.0147
 20
-99.0184
 10
494.0147
 20
-97.8244
 10
493.4187
 20
-97.8244
  0
TEXT
  5
41D
330
17
100
AcDbEntity
  8
RECORTE-TEXTO
100
AcDbText
 10
493.7167
 20
-97.7244
 30
0.0
 40
0.07
  1
M-28
 72
1
 11
493.7167
 21
-97.7244
 31
0.0
100
AcDbText
 73
2
  0
HATCH
  5
41E
330
17
100
AcDbEntity
  8
RECORTE-PIEZA
 62
3
440
33554597
100
AcDbHatch
 10
0.0
 20
0.0
 30
0.0
210
0.0
220
0.0
230
1.0
  2
SOLID
 70
1
 71
0
 91
1
 92
3
 72
0
 73
1
 93
4
 10
493.4187
 20
-99.0184
 10
494.0147
 20
-99.0184
 10
494.0147
 20
-97.9044
 10
493.4187
 20
-97.9044
 97
0
 75
1
 76
1
 98
0
  0
LWPOLYLINE
  5
41F
330
17
100
AcDbEntity
  8
RECORTE-PIEZA
100
AcDbPolyline
 90
4
 70
1
 10
493.4187
 20
-99.0184
 10
494.0147
 20
-99.0184
 10
494.0147
 20
-97.9044
 10
493.4187
 20
-97.9044
  0
TEXT
  5
420
330
17
100
AcDbEntity
  8
RECORTE-TEXTO
100
AcDbText
 10
493.7167
 20
-98.4614
 30
0.0
 40
0.05
  1
PB-M-021 -> (491.6,-82.6)
 50
90.0
 72
1
 11
493.7167
 21
-98.4614
 31
0.0
100
AcDbText
 73
2
  0
HATCH
  5
421
330
17
100
AcDbEntity
  8
RECORTE-DESPERDICIO
 62
1
440
33554610
100
AcDbHatch
 10
0.0
 20
0.0
 30
0.0
210
0.0
220
0.0
230
1.0
  2
SOLID
 70
1
 71
0
 91
1
 92
3
 72
0
 73
1
 93
4
 10
493.4187
 20
-97.9044
 10
494.0147
 20
-97.9044
 10
494.0147
 20
-97.8244
 10
493.4187
 20
-97.8244
 97
0
 75
1
 76
1
 98
0
  0
LWPOLYLINE
  5
422
330
17
100
AcDbEntity
  8
RECORTE-DESPERDICIO
100
AcDbPolyline
 90
4
 70
1
 10
493.4187
 20
-97.9044
 10
494.0147
 20
-97.9044
 10
494.0147
 20
-97.8244
 10
493.4187
 20
-97.8244
  0
LWPOLYLINE
  5
423
330
17
100
AcDbEntity
  8
RECORTE-TEXTO
100
AcDbPolyline
 90
4
 70
1
 10
494.1947
 20
-99.0184
 10
494.7907
 20
-99.0184
 10
494.7907
 20
-97.8244
 10
494.1947
 20
-97.8244
  0
TEXT
  5
424
330
17
100
AcDbEntity
  8
RECORTE-TEXTO
100
AcDbText
 10
494.4927
 20
-97.7244
 30
0.0
 40
0.07
  1
M-29
 72
1
 11
494.4927
 21
-97.7244
 31
0.0
100
AcDbText
 73
2
  0
HATCH
  5
425
330
17
100
AcDbEntity
  8
RECORTE-PIEZA
 62
3
440
33554597
100
AcDbHatch
 10
0.0
 20
0.0
 30
0.0
210
0.0
220
0.0
230
1.0
  2
SOLID
 70
1
 71
0
 91
1
 92
3
 72
0
 73
1
 93
4
 10
494.1947
 20
-99.0184
 10
494.7907
 20
-99.0184
 10
494.7907
 20
-97.9044
 10
494.1947
 20
-97.9044
 97
0
 75
1
 76
1
 98
0
  0
LWPOLYLINE
  5
426
330
17
100
AcDbEntity
  8
RECORTE-PIEZA
100
AcDbPolyline
 90
4
 70
1
 10
494.1947
 20
-99.0184
 10
494.7907
 20
-99.0184
 10
494.7907
 20
-97.9044
 10
494.1947
 20
-97.9044
  0
TEXT
  5
427
330
17
100
AcDbEntity
  8
RECORTE-TEXTO
100
AcDbText
 10
494.4927
 20
-98.4614
 30
0.0
 40
0.05
  1
PB-M-020 -> (491.0,-82.6)
 50
90.0
 72
1
 11
494.4927
 21
-98.4614
 31
0.0
100
AcDbText
 73
2
  0
HATCH
  5
428
330
17
100
AcDbEntity
  8
RECORTE-DESPERDICIO
 62
1
440
33554610
100
AcDbHatch
 10
0.0
 20
0.0
 30
0.0
210
0.0
220
0.0
230
1.0
  2
SOLID
 70
1
 71
0
 91
1
 92
3
 72
0
 73
1
 93
4
 10
494.1947
 20
-97.9044
 10
494.7907
 20
-97.9044
 10
494.7907
 20
-97.8244
 10
494.1947
 20
-97.8244
 97
0
 75
1
 76
1
 98
0
  0
LWPOLYLINE
  5
429
330
17
100
AcDbEntity
  8
RECORTE-DESPERDICIO
100
AcDbPolyline
 90
4
 70
1
 10
494.1947
 20
-97.9044
 10
494.7907
 20
-97.9044
 10
494.7907
 20
-97.8244
 10
494.1947
 20
-97.8244
  0
LWPOLYLINE
  5
42A
330
17
100
AcDbEntity
  8
RECORTE-TEXTO
100
AcDbPolyline
 90
4
 70
1
 10
494.9707
 20
-99.0184
 10
495.5667
 20
-99.0184
 10
495.5667
 20
-97.8244
 10
494.9707
 20
-97.8244
  0
TEXT
  5
42B
330
17
100
AcDbEntity
  8
RECORTE-TEXTO
100
AcDbText
 10
495.2687
 20
-97.7244
 30
0.0
 40
0.07
  1
M-30
 72
1
 11
495.2687
 21
-97.7244
 31
0.0
100
AcDbText
 73
2
  0
HATCH
  5
42C
330
17
100
AcDbEntity
  8
RECORTE-PIEZA
 62
3
440
33554597
100
AcDbHatch
 10
0.0
 20
0.0
 30
0.0
210
0.0
220
0.0
230
1.0
  2
SOLID
 70
1
 71
0
 91
1
 92
3
 72
0
 73
1
 93
4
 10
494.9707
 20
-99.0184
 10
495.5667
 20
-99.0184
 10
495.5667
 20
-97.9044
 10
494.9707
 20
-97.9044
 97
0
 75
1
 76
1
 98
0
  0
LWPOLYLINE
  5
42D
330
17
100
AcDbEntity
  8
RECORTE-PIEZA
100
AcDbPolyline
 90
4
 70
1
 10
494.9707
 20
-99.0184
 10
495.5667
 20
-99.0184
 10
495.5667
 20
-97.9044
 10
494.9707
 20
-97.9044
  0
TEXT
  5
42E
330
17
100
AcDbEntity
  8
RECORTE-TEXTO
100
AcDbText
 10
495.2687
 20
-98.4614
 30
0.0
 40
0.05
  1
PB-M-019 -> (490.4,-82.6)
 50
90.0
 72
1
 11
495.2687
 21
-98.4614
 31
0.0
100
AcDbText
 73
2
  0
HATCH
  5
42F
330
17
100
AcDbEntity
  8
RECORTE-DESPERDICIO
 62
1
440
33554610
100
AcDbHatch
 10
0.0
 20
0.0
 30
0.0
210
0.0
220
0.0
230
1.0
  2
SOLID
 70
1
 71
0
 91
1
 92
3
 72
0
 73
1
 93
4
 10
494.9707
 20
-97.9044
 10
495.5667
 20
-97.9044
 10
495.5667
 20
-97.8244
 10
494.9707
 20
-97.8244
 97
0
 75
1
 76
1
 98
0
  0
LWPOLYLINE
  5
430
330
17
100
AcDbEntity
  8
RECORTE-DESPERDICIO
100
AcDbPolyline
 90
4
 70
1
 10
494.9707
 20
-97.9044
 10
495.5667
 20
-97.9044
 10
495.5667
 20
-97.8244
 10
494.9707
 20
-97.8244
  0
LWPOLYLINE
  5
431
330
17
100
AcDbEntity
  8
RECORTE-TEXTO
100
AcDbPolyline
 90
4
 70
1
 10
495.74670000000003
 20
-99.0184
 10
496.34270000000004
 20
-99.0184
 10
496.34270000000004
 20
-97.8244
 10
495.74670000000003
 20
-97.8244
  0
TEXT
  5
432
330
17
100
AcDbEntity
  8
RECORTE-TEXTO
100
AcDbText
 10
496.04470000000003
 20
-97.7244
 30
0.0
 40
0.07
  1
M-31
 72
1
 11
496.04470000000003
 21
-97.7244
 31
0.0
100
AcDbText
 73
2
  0
HATCH
  5
433
330
17
100
AcDbEntity
  8
RECORTE-PIEZA
 62
3
440
33554597
100
AcDbHatch
 10
0.0
 20
0.0
 30
0.0
210
0.0
220
0.0
230
1.0
  2
SOLID
 70
1
 71
0
 91
1
 92
3
 72
0
 73
1
 93
4
 10
495.74670000000003
 20
-99.0184
 10
496.34270000000004
 20
-99.0184
 10
496.34270000000004
 20
-97.9044
 10
495.74670000000003
 20
-97.9044
 97
0
 75
1
 76
1
 98
0
  0
LWPOLYLINE
  5
434
330
17
100
AcDbEntity
  8
RECORTE-PIEZA
100
AcDbPolyline
 90
4
 70
1
 10
495.74670000000003
 20
-99.0184
 10
496.34270000000004
 20
-99.0184
 10
496.34270000000004
 20
-97.9044
 10
495.74670000000003
 20
-97.9044
  0
TEXT
  5
435
330
17
100
AcDbEntity
  8
RECORTE-TEXTO
100
AcDbText
 10
496.04470000000003
 20
-98.4614
 30
0.0
 40
0.05
  1
PB-M-018 -> (489.8,-82.6)
 50
90.0
 72
1
 11
496.04470000000003
 21
-98.4614
 31
0.0
100
AcDbText
 73
2
  0
HATCH
  5
436
330
17
100
AcDbEntity
  8
RECORTE-DESPERDICIO
 62
1
440
33554610
100
AcDbHatch
 10
0.0
 20
0.0
 30
0.0
210
0.0
220
0.0
230
1.0
  2
SOLID
 70
1
 71
0
 91
1
 92
3
 72
0
 73
1
 93
4
 10
495.74670000000003
 20
-97.9044
 10
496.34270000000004
 20
-97.9044
 10
496.34270000000004
 20
-97.8244
 10
495.74670000000003
 20
-97.8244
 97
0
 75
1
 76
1
 98
0
  0
LWPOLYLINE
  5
437
330
17
100
AcDbEntity
  8
RECORTE-DESPERDICIO
100
AcDbPolyline
 90
4
 70
1
 10
495.74670000000003
 20
-97.9044
 10
496.34270000000004
 20
-97.9044
 10
496.34270000000004
 20
-97.8244
 10
495.74670000000003
 20
-97.8244
  0
LWPOLYLINE
  5
438
330
17
100
AcDbEntity
  8
RECORTE-TEXTO
100
AcDbPolyline
 90
4
 70
1
 10
496.5227
 20
-99.0184
 10
497.1187
 20
-99.0184
 10
497.1187
 20
-97.8244
 10
496.5227
 20
-97.8244
  0
TEXT
  5
439
330
17
100
AcDbEntity
  8
RECORTE-TEXTO
100
AcDbText
 10
496.8207
 20
-97.7244
 30
0.0
 40
0.07
  1
M-32
 72
1
 11
496.8207
 21
-97.7244
 31
0.0
100
AcDbText
 73
2
  0
HATCH
  5
43A
330
17
100
AcDbEntity
  8
RECORTE-PIEZA
 62
3
440
33554597
100
AcDbHatch
 10
0.0
 20
0.0
 30
0.0
210
0.0
220
0.0
230
1.0
  2
SOLID
 70
1
 71
0
 91
1
 92
3
 72
0
 73
1
 93
4
 10
496.5227
 20
-99.0184
 10
497.1187
 20
-99.0184
 10
497.1187
 20
-97.9084
 10
496.5227
 20
-97.9084
 97
0
 75
1
 76
1
 98
0
  0
LWPOLYLINE
  5
43B
330
17
100
AcDbEntity
  8
RECORTE-PIEZA
100
AcDbPolyline
 90
4
 70
1
 10
496.5227
 20
-99.0184
 10
497.1187
 20
-99.0184
 10
497.1187
 20
-97.9084
 10
496.5227
 20
-97.9084
  0
TEXT
  5
43C
330
17
100
AcDbEntity
  8
RECORTE-TEXTO
100
AcDbText
 10
496.8207
 20
-98.4634
 30
0.0
 40
0.05
  1
PB-M-133 -> (496.5,-92.0)
 50
90.0
 72
1
 11
496.8207
 21
-98.4634
 31
0.0
100
AcDbText
 73
2
  0
HATCH
  5
43D
330
17
100
AcDbEntity
  8
RECORTE-DESPERDICIO
 62
1
440
33554610
100
AcDbHatch
 10
0.0
 20
0.0
 30
0.0
210
0.0
220
0.0
230
1.0
  2
SOLID
 70
1
 71
0
 91
1
 92
3
 72
0
 73
1
 93
4
 10
496.5227
 20
-97.9084
 10
497.1187
 20
-97.9084
 10
497.1187
 20
-97.8244
 10
496.5227
 20
-97.8244
 97
0
 75
1
 76
1
 98
0
  0
LWPOLYLINE
  5
43E
330
17
100
AcDbEntity
  8
RECORTE-DESPERDICIO
100
AcDbPolyline
 90
4
 70
1
 10
496.5227
 20
-97.9084
 10
497.1187
 20
-97.9084
 10
497.1187
 20
-97.8244
 10
496.5227
 20
-97.8244
  0
LWPOLYLINE
  5
43F
330
17
100
AcDbEntity
  8
RECORTE-TEXTO
100
AcDbPolyline
 90
4
 70
1
 10
497.2987
 20
-99.0184
 10
497.8947
 20
-99.0184
 10
497.8947
 20
-97.8244
 10
497.2987
 20
-97.8244
  0
TEXT
  5
440
330
17
100
AcDbEntity
  8
RECORTE-TEXTO
100
AcDbText
 10
497.5967
 20
-97.7244
 30
0.0
 40
0.07
  1
M-33
 72
1
 11
497.5967
 21
-97.7244
 31
0.0
100
AcDbText
 73
2
  0
HATCH
  5
441
330
17
100
AcDbEntity
  8
RECORTE-PIEZA
 62
3
440
33554597
100
AcDbHatch
 10
0.0
 20
0.0
 30
0.0
210
0.0
220
0.0
230
1.0
  2
SOLID
 70
1
 71
0
 91
1
 92
3
 72
0
 73
1
 93
4
 10
497.2987
 20
-99.0184
 10
497.8947
 20
-99.0184
 10
497.8947
 20
-97.9084
 10
497.2987
 20
-97.9084
 97
0
 75
1
 76
1
 98
0
  0
LWPOLYLINE
  5
442
330
17
100
AcDbEntity
  8
RECORTE-PIEZA
100
AcDbPolyline
 90
4
 70
1
 10
497.2987
 20
-99.0184
 10
497.8947
 20
-99.0184
 10
497.8947
 20
-97.9084
 10
497.2987
 20
-97.9084
  0
TEXT
  5
443
330
17
100
AcDbEntity
  8
RECORTE-TEXTO
100
AcDbText
 10
497.5967
 20
-98.4634
 30
0.0
 40
0.05
  1
PB-M-132 -> (495.9,-92.0)
 50
90.0
 72
1
 11
497.5967
 21
-98.4634
 31
0.0
100
AcDbText
 73
2
  0
HATCH
  5
444
330
17
100
AcDbEntity
  8
RECORTE-DESPERDICIO
 62
1
440
33554610
100
AcDbHatch
 10
0.0
 20
0.0
 30
0.0
210
0.0
220
0.0
230
1.0
  2
SOLID
 70
1
 71
0
 91
1
 92
3
 72
0
 73
1
 93
4
 10
497.2987
 20
-97.9084
 10
497.8947
 20
-97.9084
 10
497.8947
 20
-97.8244
 10
497.2987
 20
-97.8244
 97
0
 75
1
 76
1
 98
0
  0
LWPOLYLINE
  5
445
330
17
100
AcDbEntity
  8
RECORTE-DESPERDICIO
100
AcDbPolyline
 90
4
 70
1
 10
497.2987
 20
-97.9084
 10
497.8947
 20
-97.9084
 10
497.8947
 20
-97.8244
 10
497.2987
 20
-97.8244
  0
LWPOLYLINE
  5
446
330
17
100
AcDbEntity
  8
RECORTE-TEXTO
100
AcDbPolyline
 90
4
 70
1
 10
498.0747
 20
-99.0184
 10
498.6707
 20
-99.0184
 10
498.6707
 20
-97.8244
 10
498.0747
 20
-97.8244
  0
TEXT
  5
447
330
17
100
AcDbEntity
  8
RECORTE-TEXTO
100
AcDbText
 10
498.3727
 20
-97.7244
 30
0.0
 40
0.07
  1
M-34
 72
1
 11
498.3727
 21
-97.7244
 31
0.0
100
AcDbText
 73
2
  0
HATCH
  5
448
330
17
100
AcDbEntity
  8
RECORTE-PIEZA
 62
3
440
33554597
100
AcDbHatch
 10
0.0
 20
0.0
 30
0.0
210
0.0
220
0.0
230
1.0
  2
SOLID
 70
1
 71
0
 91
1
 92
3
 72
0
 73
1
 93
4
 10
498.0747
 20
-99.0184
 10
498.6707
 20
-99.0184
 10
498.6707
 20
-97.9084
 10
498.0747
 20
-97.9084
 97
0
 75
1
 76
1
 98
0
  0
LWPOLYLINE
  5
449
330
17
100
AcDbEntity
  8
RECORTE-PIEZA
100
AcDbPolyline
 90
4
 70
1
 10
498.0747
 20
-99.0184
 10
498.6707
 20
-99.0184
 10
498.6707
 20
-97.9084
 10
498.0747
 20
-97.9084
  0
TEXT
  5
44A
330
17
100
AcDbEntity
  8
RECORTE-TEXTO
100
AcDbText
 10
498.3727
 20
-98.4634
 30
0.0
 40
0.05
  1
PB-M-134 -> (497.1,-92.0)
 50
90.0
 72
1
 11
498.3727
 21
-98.4634
 31
0.0
100
AcDbText
 73
2
  0
HATCH
  5
44B
330
17
100
AcDbEntity
  8
RECORTE-DESPERDICIO
 62
1
440
33554610
100
AcDbHatch
 10
0.0
 20
0.0
 30
0.0
210
0.0
220
0.0
230
1.0
  2
SOLID
 70
1
 71
0
 91
1
 92
3
 72
0
 73
1
 93
4
 10
498.0747
 20
-97.9084
 10
498.6707
 20
-97.9084
 10
498.6707
 20
-97.8244
 10
498.0747
 20
-97.8244
 97
0
 75
1
 76
1
 98
0
  0
LWPOLYLINE
  5
44C
330
17
100
AcDbEntity
  8
RECORTE-DESPERDICIO
100
AcDbPolyline
 90
4
 70
1
 10
498.0747
 20
-97.9084
 10
498.6707
 20
-97.9084
 10
498.6707
 20
-97.8244
 10
498.0747
 20
-97.8244
  0
LWPOLYLINE
  5
44D
330
17
100
AcDbEntity
  8
RECORTE-TEXTO
100
AcDbPolyline
 90
4
 70
1
 10
498.8507
 20
-99.0184
 10
499.4467
 20
-99.0184
 10
499.4467
 20
-97.8244
 10
498.8507
 20
-97.8244
  0
TEXT
  5
44E
330
17
100
AcDbEntity
  8
RECORTE-TEXTO
100
AcDbText
 10
499.1487
 20
-97.7244
 30
0.0
 40
0.07
  1
M-35
 72
1
 11
499.1487
 21
-97.7244
 31
0.0
100
AcDbText
 73
2
  0
HATCH
  5
44F
330
17
100
AcDbEntity
  8
RECORTE-PIEZA
 62
3
440
33554597
100
AcDbHatch
 10
0.0
 20
0.0
 30
0.0
210
0.0
220
0.0
230
1.0
  2
SOLID
 70
1
 71
0
 91
1
 92
3
 72
0
 73
1
 93
4
 10
498.8507
 20
-99.0184
 10
499.4467
 20
-99.0184
 10
499.4467
 20
-97.9094
 10
498.8507
 20
-97.9094
 97
0
 75
1
 76
1
 98
0
  0
LWPOLYLINE
  5
450
330
17
100
AcDbEntity
  8
RECORTE-PIEZA
100
AcDbPolyline
 90
4
 70
1
 10
498.8507
 20
-99.0184
 10
499.4467
 20
-99.0184
 10
499.4467
 20
-97.9094
 10
498.8507
 20
-97.9094
  0
TEXT
  5
451
330
17
100
AcDbEntity
  8
RECORTE-TEXTO
100
AcDbText
 10
499.1487
 20
-98.4639
 30
0.0
 40
0.05
  1
PB-M-101 -> (497.1,-89.2)
 50
90.0
 72
1
 11
499.1487
 21
-98.4639
 31
0.0
100
AcDbText
 73
2
  0
HATCH
  5
452
330
17
100
AcDbEntity
  8
RECORTE-DESPERDICIO
 62
1
440
33554610
100
AcDbHatch
 10
0.0
 20
0.0
 30
0.0
210
0.0
220
0.0
230
1.0
  2
SOLID
 70
1
 71
0
 91
1
 92
3
 72
0
 73
1
 93
4
 10
498.8507
 20
-97.9094
 10
499.4467
 20
-97.9094
 10
499.4467
 20
-97.82440000000001
 10
498.8507
 20
-97.82440000000001
 97
0
 75
1
 76
1
 98
0
  0
LWPOLYLINE
  5
453
330
17
100
AcDbEntity
  8
RECORTE-DESPERDICIO
100
AcDbPolyline
 90
4
 70
1
 10
498.8507
 20
-97.9094
 10
499.4467
 20
-97.9094
 10
499.4467
 20
-97.82440000000001
 10
498.8507
 20
-97.82440000000001
  0
LWPOLYLINE
  5
454
330
17
100
AcDbEntity
  8
RECORTE-TEXTO
100
AcDbPolyline
 90
4
 70
1
 10
499.6267
 20
-99.0184
 10
500.22270000000003
 20
-99.0184
 10
500.22270000000003
 20
-97.8244
 10
499.6267
 20
-97.8244
  0
TEXT
  5
455
330
17
100
AcDbEntity
  8
RECORTE-TEXTO
100
AcDbText
 10
499.92470000000003
 20
-97.7244
 30
0.0
 40
0.07
  1
M-36
 72
1
 11
499.92470000000003
 21
-97.7244
 31
0.0
100
AcDbText
 73
2
  0
HATCH
  5
456
330
17
100
AcDbEntity
  8
RECORTE-PIEZA
 62
3
440
33554597
100
AcDbHatch
 10
0.0
 20
0.0
 30
0.0
210
0.0
220
0.0
230
1.0
  2
SOLID
 70
1
 71
0
 91
1
 92
3
 72
0
 73
1
 93
4
 10
499.6267
 20
-99.0184
 10
500.22270000000003
 20
-99.0184
 10
500.22270000000003
 20
-97.9144
 10
499.6267
 20
-97.9144
 97
0
 75
1
 76
1
 98
0
  0
LWPOLYLINE
  5
457
330
17
100
AcDbEntity
  8
RECORTE-PIEZA
100
AcDbPolyline
 90
4
 70
1
 10
499.6267
 20
-99.0184
 10
500.22270000000003
 20
-99.0184
 10
500.22270000000003
 20
-97.9144
 10
499.6267
 20
-97.9144
  0
TEXT
  5
458
330
17
100
AcDbEntity
  8
RECORTE-TEXTO
100
AcDbText
 10
499.92470000000003
 20
-98.4664
 30
0.0
 40
0.05
  1
PA-M-051 -> (506.9,-89.2)
 50
90.0
 72
1
 11
499.92470000000003
 21
-98.4664
 31
0.0
100
AcDbText
 73
2
  0
HATCH
  5
459
330
17
100
AcDbEntity
  8
RECORTE-DESPERDICIO
 62
1
440
33554610
100
AcDbHatch
 10
0.0
 20
0.0
 30
0.0
210
0.0
220
0.0
230
1.0
  2
SOLID
 70
1
 71
0
 91
1
 92
3
 72
0
 73
1
 93
4
 10
499.6267
 20
-97.9144
 10
500.22270000000003
 20
-97.9144
 10
500.22270000000003
 20
-97.8244
 10
499.6267
 20
-97.8244
 97
0
 75
1
 76
1
 98
0
  0
LWPOLYLINE
  5
45A
330
17
100
AcDbEntity
  8
RECORTE-DESPERDICIO
100
AcDbPolyline
 90
4
 70
1
 10
499.6267
 20
-97.9144
 10
500.22270000000003
 20
-97.9144
 10
500.22270000000003
 20
-97.8244
 10
499.6267
 20
-97.8244
  0
LWPOLYLINE
  5
45B
330
17
100
AcDbEntity
  8
RECORTE-TEXTO
100
AcDbPolyline
 90
4
 70
1
 10
500.4027
 20
-99.0184
 10
500.9987
 20
-99.0184
 10
500.9987
 20
-97.8244
 10
500.4027
 20
-97.8244
  0
TEXT
  5
45C
330
17
100
AcDbEntity
  8
RECORTE-TEXTO
100
AcDbText
 10
500.7007
 20
-97.7244
 30
0.0
 40
0.07
  1
M-37
 72
1
 11
500.7007
 21
-97.7244
 31
0.0
100
AcDbText
 73
2
  0
HATCH
  5
45D
330
17
100
AcDbEntity
  8
RECORTE-PIEZA
 62
3
440
33554597
100
AcDbHatch
 10
0.0
 20
0.0
 30
0.0
210
0.0
220
0.0
230
1.0
  2
SOLID
 70
1
 71
0
 91
1
 92
3
 72
0
 73
1
 93
4
 10
500.4027
 20
-99.0184
 10
500.9987
 20
-99.0184
 10
500.9987
 20
-97.9144
 10
500.4027
 20
-97.9144
 97
0
 75
1
 76
1
 98
0
  0
LWPOLYLINE
  5
45E
330
17
100
AcDbEntity
  8
RECORTE-PIEZA
100
AcDbPolyline
 90
4
 70
1
 10
500.4027
 20
-99.0184
 10
500.9987
 20
-99.0184
 10
500.9987
 20
-97.9144
 10
500.4027
 20
-97.9144
  0
TEXT
  5
45F
330
17
100
AcDbEntity
  8
RECORTE-TEXTO
100
AcDbText
 10
500.7007
 20
-98.4664
 30
0.0
 40
0.05
  1
PA-M-050 -> (504.5,-89.2)
 50
90.0
 72
1
 11
500.7007
 21
-98.4664
 31
0.0
100
AcDbText
 73
2
  0
HATCH
  5
460
330
17
100
AcDbEntity
  8
RECORTE-DESPERDICIO
 62
1
440
33554610
100
AcDbHatch
 10
0.0
 20
0.0
 30
0.0
210
0.0
220
0.0
230
1.0
  2
SOLID
 70
1
 71
0
 91
1
 92
3
 72
0
 73
1
 93
4
 10
500.4027
 20
-97.9144
 10
500.9987
 20
-97.9144
 10
500.9987
 20
-97.8244
 10
500.4027
 20
-97.8244
 97
0
 75
1
 76
1
 98
0
  0
LWPOLYLINE
  5
461
330
17
100
AcDbEntity
  8
RECORTE-DESPERDICIO
100
AcDbPolyline
 90
4
 70
1
 10
500.4027
 20
-97.9144
 10
500.9987
 20
-97.9144
 10
500.9987
 20
-97.8244
 10
500.4027
 20
-97.8244
  0
LWPOLYLINE
  5
462
330
17
100
AcDbEntity
  8
RECORTE-TEXTO
100
AcDbPolyline
 90
4
 70
1
 10
501.1787
 20
-99.0184
 10
501.7747
 20
-99.0184
 10
501.7747
 20
-97.8244
 10
501.1787
 20
-97.8244
  0
TEXT
  5
463
330
17
100
AcDbEntity
  8
RECORTE-TEXTO
100
AcDbText
 10
501.4767
 20
-97.7244
 30
0.0
 40
0.07
  1
M-38
 72
1
 11
501.4767
 21
-97.7244
 31
0.0
100
AcDbText
 73
2
  0
HATCH
  5
464
330
17
100
AcDbEntity
  8
RECORTE-PIEZA
 62
3
440
33554597
100
AcDbHatch
 10
0.0
 20
0.0
 30
0.0
210
0.0
220
0.0
230
1.0
  2
SOLID
 70
1
 71
0
 91
1
 92
3
 72
0
 73
1
 93
4
 10
501.1787
 20
-99.0184
 10
501.7747
 20
-99.0184
 10
501.7747
 20
-97.9144
 10
501.1787
 20
-97.9144
 97
0
 75
1
 76
1
 98
0
  0
LWPOLYLINE
  5
465
330
17
100
AcDbEntity
  8
RECORTE-PIEZA
100
AcDbPolyline
 90
4
 70
1
 10
501.1787
 20
-99.0184
 10
501.7747
 20
-99.0184
 10
501.7747
 20
-97.9144
 10
501.1787
 20
-97.9144
  0
TEXT
  5
466
330
17
100
AcDbEntity
  8
RECORTE-TEXTO
100
AcDbText
 10
501.4767
 20
-98.4664
 30
0.0
 40
0.05
  1
PA-M-052 -> (507.5,-89.2)
 50
90.0
 72
1
 11
501.4767
 21
-98.4664
 31
0.0
100
AcDbText
 73
2
  0
HATCH
  5
467
330
17
100
AcDbEntity
  8
RECORTE-DESPERDICIO
 62
1
440
33554610
100
AcDbHatch
 10
0.0
 20
0.0
 30
0.0
210
0.0
220
0.0
230
1.0
  2
SOLID
 70
1
 71
0
 91
1
 92
3
 72
0
 73
1
 93
4
 10
501.1787
 20
-97.9144
 10
501.7747
 20
-97.9144
 10
501.7747
 20
-97.8244
 10
501.1787
 20
-97.8244
 97
0
 75
1
 76
1
 98
0
  0
LWPOLYLINE
  5
468
330
17
100
AcDbEntity
  8
RECORTE-DESPERDICIO
100
AcDbPolyline
 90
4
 70
1
 10
501.1787
 20
-97.9144
 10
501.7747
 20
-97.9144
 10
501.7747
 20
-97.8244
 10
501.1787
 20
-97.8244
  0
LWPOLYLINE
  5
469
330
17
100
AcDbEntity
  8
RECORTE-TEXTO
100
AcDbPolyline
 90
4
 70
1
 10
501.9547
 20
-99.0184
 10
502.5507
 20
-99.0184
 10
502.5507
 20
-97.8244
 10
501.9547
 20
-97.8244
  0
TEXT
  5
46A
330
17
100
AcDbEntity
  8
RECORTE-TEXTO
100
AcDbText
 10
502.2527
 20
-97.7244
 30
0.0
 40
0.07
  1
M-39
 72
1
 11
502.2527
 21
-97.7244
 31
0.0
100
AcDbText
 73
2
  0
HATCH
  5
46B
330
17
100
AcDbEntity
  8
RECORTE-PIEZA
 62
3
440
33554597
100
AcDbHatch
 10
0.0
 20
0.0
 30
0.0
210
0.0
220
0.0
230
1.0
  2
SOLID
 70
1
 71
0
 91
1
 92
3
 72
0
 73
1
 93
4
 10
501.9547
 20
-99.0184
 10
502.5507
 20
-99.0184
 10
502.5507
 20
-97.9224
 10
501.9547
 20
-97.9224
 97
0
 75
1
 76
1
 98
0
  0
LWPOLYLINE
  5
46C
330
17
100
AcDbEntity
  8
RECORTE-PIEZA
100
AcDbPolyline
 90
4
 70
1
 10
501.9547
 20
-99.0184
 10
502.5507
 20
-99.0184
 10
502.5507
 20
-97.9224
 10
501.9547
 20
-97.9224
  0
TEXT
  5
46D
330
17
100
AcDbEntity
  8
RECORTE-TEXTO
100
AcDbText
 10
502.2527
 20
-98.4704
 30
0.0
 40
0.05
  1
PA-M-063 -> (503.6,-92.0)
 50
90.0
 72
1
 11
502.2527
 21
-98.4704
 31
0.0
100
AcDbText
 73
2
  0
HATCH
  5
46E
330
17
100
AcDbEntity
  8
RECORTE-DESPERDICIO
 62
1
440
33554610
100
AcDbHatch
 10
0.0
 20
0.0
 30
0.0
210
0.0
220
0.0
230
1.0
  2
SOLID
 70
1
 71
0
 91
1
 92
3
 72
0
 73
1
 93
4
 10
501.9547
 20
-97.9224
 10
502.5507
 20
-97.9224
 10
502.5507
 20
-97.8244
 10
501.9547
 20
-97.8244
 97
0
 75
1
 76
1
 98
0
  0
LWPOLYLINE
  5
46F
330
17
100
AcDbEntity
  8
RECORTE-DESPERDICIO
100
AcDbPolyline
 90
4
 70
1
 10
501.9547
 20
-97.9224
 10
502.5507
 20
-97.9224
 10
502.5507
 20
-97.8244
 10
501.9547
 20
-97.8244
  0
LWPOLYLINE
  5
470
330
17
100
AcDbEntity
  8
RECORTE-TEXTO
100
AcDbPolyline
 90
4
 70
1
 10
502.7307
 20
-99.0184
 10
503.3267
 20
-99.0184
 10
503.3267
 20
-97.8244
 10
502.7307
 20
-97.8244
  0
TEXT
  5
471
330
17
100
AcDbEntity
  8
RECORTE-TEXTO
100
AcDbText
 10
503.0287
 20
-97.7244
 30
0.0
 40
0.07
  1
M-40
 72
1
 11
503.0287
 21
-97.7244
 31
0.0
100
AcDbText
 73
2
  0
HATCH
  5
472
330
17
100
AcDbEntity
  8
RECORTE-PIEZA
 62
3
440
33554597
100
AcDbHatch
 10
0.0
 20
0.0
 30
0.0
210
0.0
220
0.0
230
1.0
  2
SOLID
 70
1
 71
0
 91
1
 92
3
 72
0
 73
1
 93
4
 10
502.7307
 20
-99.0184
 10
503.3267
 20
-99.0184
 10
503.3267
 20
-97.9224
 10
502.7307
 20
-97.9224
 97
0
 75
1
 76
1
 98
0
  0
LWPOLYLINE
  5
473
330
17
100
AcDbEntity
  8
RECORTE-PIEZA
100
AcDbPolyline
 90
4
 70
1
 10
502.7307
 20
-99.0184
 10
503.3267
 20
-99.0184
 10
503.3267
 20
-97.9224
 10
502.7307
 20
-97.9224
  0
TEXT
  5
474
330
17
100
AcDbEntity
  8
RECORTE-TEXTO
100
AcDbText
 10
503.0287
 20
-98.4704
 30
0.0
 40
0.05
  1
PA-M-062 -> (503.0,-92.0)
 50
90.0
 72
1
 11
503.0287
 21
-98.4704
 31
0.0
100
AcDbText
 73
2
  0
HATCH
  5
475
330
17
100
AcDbEntity
  8
RECORTE-DESPERDICIO
 62
1
440
33554610
100
AcDbHatch
 10
0.0
 20
0.0
 30
0.0
210
0.0
220
0.0
230
1.0
  2
SOLID
 70
1
 71
0
 91
1
 92
3
 72
0
 73
1
 93
4
 10
502.7307
 20
-97.9224
 10
503.3267
 20
-97.9224
 10
503.3267
 20
-97.8244
 10
502.7307
 20
-97.8244
 97
0
 75
1
 76
1
 98
0
  0
LWPOLYLINE
  5
476
330
17
100
AcDbEntity
  8
RECORTE-DESPERDICIO
100
AcDbPolyline
 90
4
 70
1
 10
502.7307
 20
-97.9224
 10
503.3267
 20
-97.9224
 10
503.3267
 20
-97.8244
 10
502.7307
 20
-97.8244
  0
LWPOLYLINE
  5
477
330
17
100
AcDbEntity
  8
RECORTE-TEXTO
100
AcDbPolyline
 90
4
 70
1
 10
503.5067
 20
-99.0184
 10
504.1027
 20
-99.0184
 10
504.1027
 20
-97.8244
 10
503.5067
 20
-97.8244
  0
TEXT
  5
478
330
17
100
AcDbEntity
  8
RECORTE-TEXTO
100
AcDbText
 10
503.8047
 20
-97.7244
 30
0.0
 40
0.07
  1
M-41
 72
1
 11
503.8047
 21
-97.7244
 31
0.0
100
AcDbText
 73
2
  0
HATCH
  5
479
330
17
100
AcDbEntity
  8
RECORTE-PIEZA
 62
3
440
33554597
100
AcDbHatch
 10
0.0
 20
0.0
 30
0.0
210
0.0
220
0.0
230
1.0
  2
SOLID
 70
1
 71
0
 91
1
 92
3
 72
0
 73
1
 93
4
 10
503.5067
 20
-99.0184
 10
504.1027
 20
-99.0184
 10
504.1027
 20
-97.9324
 10
503.5067
 20
-97.9324
 97
0
 75
1
 76
1
 98
0
  0
LWPOLYLINE
  5
47A
330
17
100
AcDbEntity
  8
RECORTE-PIEZA
100
AcDbPolyline
 90
4
 70
1
 10
503.5067
 20
-99.0184
 10
504.1027
 20
-99.0184
 10
504.1027
 20
-97.9324
 10
503.5067
 20
-97.9324
  0
TEXT
  5
47B
330
17
100
AcDbEntity
  8
RECORTE-TEXTO
100
AcDbText
 10
503.8047
 20
-98.4754
 30
0.0
 40
0.05
  1
PB-M-040 -> (493.5,-83.8)
 50
90.0
 72
1
 11
503.8047
 21
-98.4754
 31
0.0
100
AcDbText
 73
2
  0
HATCH
  5
47C
330
17
100
AcDbEntity
  8
RECORTE-SOBRANTE
 62
2
440
33554610
100
AcDbHatch
 10
0.0
 20
0.0
 30
0.0
210
0.0
220
0.0
230
1.0
  2
SOLID
 70
1
 71
0
 91
1
 92
3
 72
0
 73
1
 93
4
 10
503.5067
 20
-97.9324
 10
504.1027
 20
-97.9324
 10
504.1027
 20
-97.8244
 10
503.5067
 20
-97.8244
 97
0
 75
1
 76
1
 98
0
  0
LWPOLYLINE
  5
47D
330
17
100
AcDbEntity
  8
RECORTE-SOBRANTE
100
AcDbPolyline
 90
4
 70
1
 10
503.5067
 20
-97.9324
 10
504.1027
 20
-97.9324
 10
504.1027
 20
-97.8244
 10
503.5067
 20
-97.8244
  0
LWPOLYLINE
  5
47E
330
17
100
AcDbEntity
  8
RECORTE-TEXTO
100
AcDbPolyline
 90
4
 70
1
 10
504.2827
 20
-99.0184
 10
504.8787
 20
-99.0184
 10
504.8787
 20
-97.8244
 10
504.2827
 20
-97.8244
  0
TEXT
  5
47F
330
17
100
AcDbEntity
  8
RECORTE-TEXTO
100
AcDbText
 10
504.5807
 20
-97.7244
 30
0.0
 40
0.07
  1
M-42
 72
1
 11
504.5807
 21
-97.7244
 31
0.0
100
AcDbText
 73
2
  0
HATCH
  5
480
330
17
100
AcDbEntity
  8
RECORTE-PIEZA
 62
3
440
33554597
100
AcDbHatch
 10
0.0
 20
0.0
 30
0.0
210
0.0
220
0.0
230
1.0
  2
SOLID
 70
1
 71
0
 91
1
 92
3
 72
0
 73
1
 93
4
 10
504.2827
 20
-99.0184
 10
504.8787
 20
-99.0184
 10
504.8787
 20
-97.9324
 10
504.2827
 20
-97.9324
 97
0
 75
1
 76
1
 98
0
  0
LWPOLYLINE
  5
481
330
17
100
AcDbEntity
  8
RECORTE-PIEZA
100
AcDbPolyline
 90
4
 70
1
 10
504.2827
 20
-99.0184
 10
504.8787
 20
-99.0184
 10
504.8787
 20
-97.9324
 10
504.2827
 20
-97.9324
  0
TEXT
  5
482
330
17
100
AcDbEntity
  8
RECORTE-TEXTO
100
AcDbText
 10
504.5807
 20
-98.4754
 30
0.0
 40
0.05
  1
PB-M-041 -> (497.1,-83.8)
 50
90.0
 72
1
 11
504.5807
 21
-98.4754
 31
0.0
100
AcDbText
 73
2
  0
HATCH
  5
483
330
17
100
AcDbEntity
  8
RECORTE-SOBRANTE
 62
2
440
33554610
100
AcDbHatch
 10
0.0
 20
0.0
 30
0.0
210
0.0
220
0.0
230
1.0
  2
SOLID
 70
1
 71
0
 91
1
 92
3
 72
0
 73
1
 93
4
 10
504.2827
 20
-97.9324
 10
504.8787
 20
-97.9324
 10
504.8787
 20
-97.8244
 10
504.2827
 20
-97.8244
 97
0
 75
1
 76
1
 98
0
  0
LWPOLYLINE
  5
484
330
17
100
AcDbEntity
  8
RECORTE-SOBRANTE
100
AcDbPolyline
 90
4
 70
1
 10
504.2827
 20
-97.9324
 10
504.8787
 20
-97.9324
 10
504.8787
 20
-97.8244
 10
504.2827
 20
-97.8244
  0
LWPOLYLINE
  5
485
330
17
100
AcDbEntity
  8
RECORTE-TEXTO
100
AcDbPolyline
 90
4
 70
1
 10
505.0587
 20
-99.0184
 10
505.6547
 20
-99.0184
 10
505.6547
 20
-97.8244
 10
505.0587
 20
-97.8244
  0
TEXT
  5
486
330
17
100
AcDbEntity
  8
RECORTE-TEXTO
100
AcDbText
 10
505.3567
 20
-97.7244
 30
0.0
 40
0.07
  1
M-43
 72
1
 11
505.3567
 21
-97.7244
 31
0.0
100
AcDbText
 73
2
  0
HATCH
  5
487
330
17
100
AcDbEntity
  8
RECORTE-PIEZA
 62
3
440
33554597
100
AcDbHatch
 10
0.0
 20
0.0
 30
0.0
210
0.0
220
0.0
230
1.0
  2
SOLID
 70
1
 71
0
 91
1
 92
3
 72
0
 73
1
 93
4
 10
505.0587
 20
-99.0184
 10
505.6547
 20
-99.0184
 10
505.6547
 20
-97.9444
 10
505.0587
 20
-97.9444
 97
0
 75
1
 76
1
 98
0
  0
LWPOLYLINE
  5
488
330
17
100
AcDbEntity
  8
RECORTE-PIEZA
100
AcDbPolyline
 90
4
 70
1
 10
505.0587
 20
-99.0184
 10
505.6547
 20
-99.0184
 10
505.6547
 20
-97.9444
 10
505.0587
 20
-97.9444
  0
TEXT
  5
489
330
17
100
AcDbEntity
  8
RECORTE-TEXTO
100
AcDbText
 10
505.3567
 20
-98.4814
 30
0.0
 40
0.05
  1
PB-M-015 -> (493.5,-82.5)
 50
90.0
 72
1
 11
505.3567
 21
-98.4814
 31
0.0
100
AcDbText
 73
2
  0
HATCH
  5
48A
330
17
100
AcDbEntity
  8
RECORTE-SOBRANTE
 62
2
440
33554610
100
AcDbHatch
 10
0.0
 20
0.0
 30
0.0
210
0.0
220
0.0
230
1.0
  2
SOLID
 70
1
 71
0
 91
1
 92
3
 72
0
 73
1
 93
4
 10
505.0587
 20
-97.9444
 10
505.6547
 20
-97.9444
 10
505.6547
 20
-97.8244
 10
505.0587
 20
-97.8244
 97
0
 75
1
 76
1
 98
0
  0
LWPOLYLINE
  5
48B
330
17
100
AcDbEntity
  8
RECORTE-SOBRANTE
100
AcDbPolyline
 90
4
 70
1
 10
505.0587
 20
-97.9444
 10
505.6547
 20
-97.9444
 10
505.6547
 20
-97.8244
 10
505.0587
 20
-97.8244
  0
LWPOLYLINE
  5
48C
330
17
100
AcDbEntity
  8
RECORTE-TEXTO
100
AcDbPolyline
 90
4
 70
1
 10
505.8347
 20
-99.0184
 10
506.4307
 20
-99.0184
 10
506.4307
 20
-97.8244
 10
505.8347
 20
-97.8244
  0
TEXT
  5
48D
330
17
100
AcDbEntity
  8
RECORTE-TEXTO
100
AcDbText
 10
506.1327
 20
-97.7244
 30
0.0
 40
0.07
  1
M-44
 72
1
 11
506.1327
 21
-97.7244
 31
0.0
100
AcDbText
 73
2
  0
HATCH
  5
48E
330
17
100
AcDbEntity
  8
RECORTE-PIEZA
 62
3
440
33554597
100
AcDbHatch
 10
0.0
 20
0.0
 30
0.0
210
0.0
220
0.0
230
1.0
  2
SOLID
 70
1
 71
0
 91
1
 92
3
 72
0
 73
1
 93
4
 10
505.8347
 20
-99.0184
 10
506.4307
 20
-99.0184
 10
506.4307
 20
-97.9444
 10
505.8347
 20
-97.9444
 97
0
 75
1
 76
1
 98
0
  0
LWPOLYLINE
  5
48F
330
17
100
AcDbEntity
  8
RECORTE-PIEZA
100
AcDbPolyline
 90
4
 70
1
 10
505.8347
 20
-99.0184
 10
506.4307
 20
-99.0184
 10
506.4307
 20
-97.9444
 10
505.8347
 20
-97.9444
  0
TEXT
  5
490
330
17
100
AcDbEntity
  8
RECORTE-TEXTO
100
AcDbText
 10
506.1327
 20
-98.4814
 30
0.0
 40
0.05
  1
PB-M-016 -> (497.1,-82.5)
 50
90.0
 72
1
 11
506.1327
 21
-98.4814
 31
0.0
100
AcDbText
 73
2
  0
HATCH
  5
491
330
17
100
AcDbEntity
  8
RECORTE-SOBRANTE
 62
2
440
33554610
100
AcDbHatch
 10
0.0
 20
0.0
 30
0.0
210
0.0
220
0.0
230
1.0
  2
SOLID
 70
1
 71
0
 91
1
 92
3
 72
0
 73
1
 93
4
 10
505.8347
 20
-97.9444
 10
506.4307
 20
-97.9444
 10
506.4307
 20
-97.8244
 10
505.8347
 20
-97.8244
 97
0
 75
1
 76
1
 98
0
  0
LWPOLYLINE
  5
492
330
17
100
AcDbEntity
  8
RECORTE-SOBRANTE
100
AcDbPolyline
 90
4
 70
1
 10
505.8347
 20
-97.9444
 10
506.4307
 20
-97.9444
 10
506.4307
 20
-97.8244
 10
505.8347
 20
-97.8244
  0
LWPOLYLINE
  5
493
330
17
100
AcDbEntity
  8
RECORTE-TEXTO
100
AcDbPolyline
 90
4
 70
1
 10
489.5387
 20
-100.6124
 10
490.1347
 20
-100.6124
 10
490.1347
 20
-99.41839999999999
 10
489.5387
 20
-99.41839999999999
  0
TEXT
  5
494
330
17
100
AcDbEntity
  8
RECORTE-TEXTO
100
AcDbText
 10
489.8367
 20
-99.3184
 30
0.0
 40
0.07
  1
M-45
 72
1
 11
489.8367
 21
-99.3184
 31
0.0
100
AcDbText
 73
2
  0
HATCH
  5
495
330
17
100
AcDbEntity
  8
RECORTE-PIEZA
 62
3
440
33554597
100
AcDbHatch
 10
0.0
 20
0.0
 30
0.0
210
0.0
220
0.0
230
1.0
  2
SOLID
 70
1
 71
0
 91
1
 92
3
 72
0
 73
1
 93
4
 10
489.5387
 20
-100.6124
 10
490.1347
 20
-100.6124
 10
490.1347
 20
-99.5624
 10
489.5387
 20
-99.5624
 97
0
 75
1
 76
1
 98
0
  0
LWPOLYLINE
  5
496
330
17
100
AcDbEntity
  8
RECORTE-PIEZA
100
AcDbPolyline
 90
4
 70
1
 10
489.5387
 20
-100.6124
 10
490.1347
 20
-100.6124
 10
490.1347
 20
-99.5624
 10
489.5387
 20
-99.5624
  0
TEXT
  5
497
330
17
100
AcDbEntity
  8
RECORTE-TEXTO
100
AcDbText
 10
489.8367
 20
-100.08739999999999
 30
0.0
 40
0.05
  1
PB-M-141 -> (493.5,-92.0)
 50
90.0
 72
1
 11
489.8367
 21
-100.08739999999999
 31
0.0
100
AcDbText
 73
2
  0
HATCH
  5
498
330
17
100
AcDbEntity
  8
RECORTE-SOBRANTE
 62
2
440
33554610
100
AcDbHatch
 10
0.0
 20
0.0
 30
0.0
210
0.0
220
0.0
230
1.0
  2
SOLID
 70
1
 71
0
 91
1
 92
3
 72
0
 73
1
 93
4
 10
489.5387
 20
-99.5624
 10
490.1347
 20
-99.5624
 10
490.1347
 20
-99.41839999999999
 10
489.5387
 20
-99.41839999999999
 97
0
 75
1
 76
1
 98
0
  0
LWPOLYLINE
  5
499
330
17
100
AcDbEntity
  8
RECORTE-SOBRANTE
100
AcDbPolyline
 90
4
 70
1
 10
489.5387
 20
-99.5624
 10
490.1347
 20
-99.5624
 10
490.1347
 20
-99.41839999999999
 10
489.5387
 20
-99.41839999999999
  0
LWPOLYLINE
  5
49A
330
17
100
AcDbEntity
  8
RECORTE-TEXTO
100
AcDbPolyline
 90
4
 70
1
 10
490.3147
 20
-100.6124
 10
490.9107
 20
-100.6124
 10
490.9107
 20
-99.41839999999999
 10
490.3147
 20
-99.41839999999999
  0
TEXT
  5
49B
330
17
100
AcDbEntity
  8
RECORTE-TEXTO
100
AcDbText
 10
490.6127
 20
-99.3184
 30
0.0
 40
0.07
  1
M-46
 72
1
 11
490.6127
 21
-99.3184
 31
0.0
100
AcDbText
 73
2
  0
HATCH
  5
49C
330
17
100
AcDbEntity
  8
RECORTE-PIEZA
 62
3
440
33554597
100
AcDbHatch
 10
0.0
 20
0.0
 30
0.0
210
0.0
220
0.0
230
1.0
  2
SOLID
 70
1
 71
0
 91
1
 92
3
 72
0
 73
1
 93
4
 10
490.3147
 20
-100.6124
 10
490.9107
 20
-100.6124
 10
490.9107
 20
-99.5624
 10
490.3147
 20
-99.5624
 97
0
 75
1
 76
1
 98
0
  0
LWPOLYLINE
  5
49D
330
17
100
AcDbEntity
  8
RECORTE-PIEZA
100
AcDbPolyline
 90
4
 70
1
 10
490.3147
 20
-100.6124
 10
490.9107
 20
-100.6124
 10
490.9107
 20
-99.5624
 10
490.3147
 20
-99.5624
  0
TEXT
  5
49E
330
17
100
AcDbEntity
  8
RECORTE-TEXTO
100
AcDbText
 10
490.6127
 20
-100.08739999999999
 30
0.0
 40
0.05
  1
PB-M-140 -> (492.8,-92.0)
 50
90.0
 72
1
 11
490.6127
 21
-100.08739999999999
 31
0.0
100
AcDbText
 73
2
  0
HATCH
  5
49F
330
17
100
AcDbEntity
  8
RECORTE-SOBRANTE
 62
2
440
33554610
100
AcDbHatch
 10
0.0
 20
0.0
 30
0.0
210
0.0
220
0.0
230
1.0
  2
SOLID
 70
1
 71
0
 91
1
 92
3
 72
0
 73
1
 93
4
 10
490.3147
 20
-99.5624
 10
490.9107
 20
-99.5624
 10
490.9107
 20
-99.41839999999999
 10
490.3147
 20
-99.41839999999999
 97
0
 75
1
 76
1
 98
0
  0
LWPOLYLINE
  5
4A0
330
17
100
AcDbEntity
  8
RECORTE-SOBRANTE
100
AcDbPolyline
 90
4
 70
1
 10
490.3147
 20
-99.5624
 10
490.9107
 20
-99.5624
 10
490.9107
 20
-99.41839999999999
 10
490.3147
 20
-99.41839999999999
  0
LWPOLYLINE
  5
4A1
330
17
100
AcDbEntity
  8
RECORTE-TEXTO
100
AcDbPolyline
 90
4
 70
1
 10
491.0907
 20
-100.6124
 10
491.68670000000003
 20
-100.6124
 10
491.68670000000003
 20
-99.41839999999999
 10
491.0907
 20
-99.41839999999999
  0
TEXT
  5
4A2
330
17
100
AcDbEntity
  8
RECORTE-TEXTO
100
AcDbText
 10
491.38870000000003
 20
-99.3184
 30
0.0
 40
0.07
  1
M-47
 72
1
 11
491.38870000000003
 21
-99.3184
 31
0.0
100
AcDbText
 73
2
  0
HATCH
  5
4A3
330
17
100
AcDbEntity
  8
RECORTE-PIEZA
 62
3
440
33554597
100
AcDbHatch
 10
0.0
 20
0.0
 30
0.0
210
0.0
220
0.0
230
1.0
  2
SOLID
 70
1
 71
0
 91
1
 92
3
 72
0
 73
1
 93
4
 10
491.0907
 20
-100.6124
 10
491.68670000000003
 20
-100.6124
 10
491.68670000000003
 20
-99.5624
 10
491.0907
 20
-99.5624
 97
0
 75
1
 76
1
 98
0
  0
LWPOLYLINE
  5
4A4
330
17
100
AcDbEntity
  8
RECORTE-PIEZA
100
AcDbPolyline
 90
4
 70
1
 10
491.0907
 20
-100.6124
 10
491.68670000000003
 20
-100.6124
 10
491.68670000000003
 20
-99.5624
 10
491.0907
 20
-99.5624
  0
TEXT
  5
4A5
330
17
100
AcDbEntity
  8
RECORTE-TEXTO
100
AcDbText
 10
491.38870000000003
 20
-100.08739999999999
 30
0.0
 40
0.05
  1
PB-M-139 -> (492.2,-92.0)
 50
90.0
 72
1
 11
491.38870000000003
 21
-100.08739999999999
 31
0.0
100
AcDbText
 73
2
  0
HATCH
  5
4A6
330
17
100
AcDbEntity
  8
RECORTE-SOBRANTE
 62
2
440
33554610
100
AcDbHatch
 10
0.0
 20
0.0
 30
0.0
210
0.0
220
0.0
230
1.0
  2
SOLID
 70
1
 71
0
 91
1
 92
3
 72
0
 73
1
 93
4
 10
491.0907
 20
-99.5624
 10
491.68670000000003
 20
-99.5624
 10
491.68670000000003
 20
-99.41839999999999
 10
491.0907
 20
-99.41839999999999
 97
0
 75
1
 76
1
 98
0
  0
LWPOLYLINE
  5
4A7
330
17
100
AcDbEntity
  8
RECORTE-SOBRANTE
100
AcDbPolyline
 90
4
 70
1
 10
491.0907
 20
-99.5624
 10
491.68670000000003
 20
-99.5624
 10
491.68670000000003
 20
-99.41839999999999
 10
491.0907
 20
-99.41839999999999
  0
LWPOLYLINE
  5
4A8
330
17
100
AcDbEntity
  8
RECORTE-TEXTO
100
AcDbPolyline
 90
4
 70
1
 10
491.8667
 20
-100.6124
 10
492.4627
 20
-100.6124
 10
492.4627
 20
-99.41839999999999
 10
491.8667
 20
-99.41839999999999
  0
TEXT
  5
4A9
330
17
100
AcDbEntity
  8
RECORTE-TEXTO
100
AcDbText
 10
492.1647
 20
-99.3184
 30
0.0
 40
0.07
  1
M-48
 72
1
 11
492.1647
 21
-99.3184
 31
0.0
100
AcDbText
 73
2
  0
HATCH
  5
4AA
330
17
100
AcDbEntity
  8
RECORTE-PIEZA
 62
3
440
33554597
100
AcDbHatch
 10
0.0
 20
0.0
 30
0.0
210
0.0
220
0.0
230
1.0
  2
SOLID
 70
1
 71
0
 91
1
 92
3
 72
0
 73
1
 93
4
 10
491.8667
 20
-100.6124
 10
492.4627
 20
-100.6124
 10
492.4627
 20
-99.5624
 10
491.8667
 20
-99.5624
 97
0
 75
1
 76
1
 98
0
  0
LWPOLYLINE
  5
4AB
330
17
100
AcDbEntity
  8
RECORTE-PIEZA
100
AcDbPolyline
 90
4
 70
1
 10
491.8667
 20
-100.6124
 10
492.4627
 20
-100.6124
 10
492.4627
 20
-99.5624
 10
491.8667
 20
-99.5624
  0
TEXT
  5
4AC
330
17
100
AcDbEntity
  8
RECORTE-TEXTO
100
AcDbText
 10
492.1647
 20
-100.08739999999999
 30
0.0
 40
0.05
  1
PB-M-138 -> (491.6,-92.0)
 50
90.0
 72
1
 11
492.1647
 21
-100.08739999999999
 31
0.0
100
AcDbText
 73
2
  0
HATCH
  5
4AD
330
17
100
AcDbEntity
  8
RECORTE-SOBRANTE
 62
2
440
33554610
100
AcDbHatch
 10
0.0
 20
0.0
 30
0.0
210
0.0
220
0.0
230
1.0
  2
SOLID
 70
1
 71
0
 91
1
 92
3
 72
0
 73
1
 93
4
 10
491.8667
 20
-99.5624
 10
492.4627
 20
-99.5624
 10
492.4627
 20
-99.41839999999999
 10
491.8667
 20
-99.41839999999999
 97
0
 75
1
 76
1
 98
0
  0
LWPOLYLINE
  5
4AE
330
17
100
AcDbEntity
  8
RECORTE-SOBRANTE
100
AcDbPolyline
 90
4
 70
1
 10
491.8667
 20
-99.5624
 10
492.4627
 20
-99.5624
 10
492.4627
 20
-99.41839999999999
 10
491.8667
 20
-99.41839999999999
  0
LWPOLYLINE
  5
4AF
330
17
100
AcDbEntity
  8
RECORTE-TEXTO
100
AcDbPolyline
 90
4
 70
1
 10
492.6427
 20
-100.6124
 10
493.2387
 20
-100.6124
 10
493.2387
 20
-99.41839999999999
 10
492.6427
 20
-99.41839999999999
  0
TEXT
  5
4B0
330
17
100
AcDbEntity
  8
RECORTE-TEXTO
100
AcDbText
 10
492.9407
 20
-99.3184
 30
0.0
 40
0.07
  1
M-49
 72
1
 11
492.9407
 21
-99.3184
 31
0.0
100
AcDbText
 73
2
  0
HATCH
  5
4B1
330
17
100
AcDbEntity
  8
RECORTE-PIEZA
 62
3
440
33554597
100
AcDbHatch
 10
0.0
 20
0.0
 30
0.0
210
0.0
220
0.0
230
1.0
  2
SOLID
 70
1
 71
0
 91
1
 92
3
 72
0
 73
1
 93
4
 10
492.6427
 20
-100.6124
 10
493.2387
 20
-100.6124
 10
493.2387
 20
-99.5624
 10
492.6427
 20
-99.5624
 97
0
 75
1
 76
1
 98
0
  0
LWPOLYLINE
  5
4B2
330
17
100
AcDbEntity
  8
RECORTE-PIEZA
100
AcDbPolyline
 90
4
 70
1
 10
492.6427
 20
-100.6124
 10
493.2387
 20
-100.6124
 10
493.2387
 20
-99.5624
 10
492.6427
 20
-99.5624
  0
TEXT
  5
4B3
330
17
100
AcDbEntity
  8
RECORTE-TEXTO
100
AcDbText
 10
492.9407
 20
-100.08739999999999
 30
0.0
 40
0.05
  1
PB-M-137 -> (491.0,-92.0)
 50
90.0
 72
1
 11
492.9407
 21
-100.08739999999999
 31
0.0
100
AcDbText
 73
2
  0
HATCH
  5
4B4
330
17
100
AcDbEntity
  8
RECORTE-SOBRANTE
 62
2
440
33554610
100
AcDbHatch
 10
0.0
 20
0.0
 30
0.0
210
0.0
220
0.0
230
1.0
  2
SOLID
 70
1
 71
0
 91
1
 92
3
 72
0
 73
1
 93
4
 10
492.6427
 20
-99.5624
 10
493.2387
 20
-99.5624
 10
493.2387
 20
-99.41839999999999
 10
492.6427
 20
-99.41839999999999
 97
0
 75
1
 76
1
 98
0
  0
LWPOLYLINE
  5
4B5
330
17
100
AcDbEntity
  8
RECORTE-SOBRANTE
100
AcDbPolyline
 90
4
 70
1
 10
492.6427
 20
-99.5624
 10
493.2387
 20
-99.5624
 10
493.2387
 20
-99.41839999999999
 10
492.6427
 20
-99.41839999999999
  0
LWPOLYLINE
  5
4B6
330
17
100
AcDbEntity
  8
RECORTE-TEXTO
100
AcDbPolyline
 90
4
 70
1
 10
493.4187
 20
-100.6124
 10
494.0147
 20
-100.6124
 10
494.0147
 20
-99.41839999999999
 10
493.4187
 20
-99.41839999999999
  0
TEXT
  5
4B7
330
17
100
AcDbEntity
  8
RECORTE-TEXTO
100
AcDbText
 10
493.7167
 20
-99.3184
 30
0.0
 40
0.07
  1
M-50
 72
1
 11
493.7167
 21
-99.3184
 31
0.0
100
AcDbText
 73
2
  0
HATCH
  5
4B8
330
17
100
AcDbEntity
  8
RECORTE-PIEZA
 62
3
440
33554597
100
AcDbHatch
 10
0.0
 20
0.0
 30
0.0
210
0.0
220
0.0
230
1.0
  2
SOLID
 70
1
 71
0
 91
1
 92
3
 72
0
 73
1
 93
4
 10
493.4187
 20
-100.6124
 10
494.0147
 20
-100.6124
 10
494.0147
 20
-99.5624
 10
493.4187
 20
-99.5624
 97
0
 75
1
 76
1
 98
0
  0
LWPOLYLINE
  5
4B9
330
17
100
AcDbEntity
  8
RECORTE-PIEZA
100
AcDbPolyline
 90
4
 70
1
 10
493.4187
 20
-100.6124
 10
494.0147
 20
-100.6124
 10
494.0147
 20
-99.5624
 10
493.4187
 20
-99.5624
  0
TEXT
  5
4BA
330
17
100
AcDbEntity
  8
RECORTE-TEXTO
100
AcDbText
 10
493.7167
 20
-100.08739999999999
 30
0.0
 40
0.05
  1
PB-M-136 -> (490.4,-92.0)
 50
90.0
 72
1
 11
493.7167
 21
-100.08739999999999
 31
0.0
100
AcDbText
 73
2
  0
HATCH
  5
4BB
330
17
100
AcDbEntity
  8
RECORTE-SOBRANTE
 62
2
440
33554610
100
AcDbHatch
 10
0.0
 20
0.0
 30
0.0
210
0.0
220
0.0
230
1.0
  2
SOLID
 70
1
 71
0
 91
1
 92
3
 72
0
 73
1
 93
4
 10
493.4187
 20
-99.5624
 10
494.0147
 20
-99.5624
 10
494.0147
 20
-99.41839999999999
 10
493.4187
 20
-99.41839999999999
 97
0
 75
1
 76
1
 98
0
  0
LWPOLYLINE
  5
4BC
330
17
100
AcDbEntity
  8
RECORTE-SOBRANTE
100
AcDbPolyline
 90
4
 70
1
 10
493.4187
 20
-99.5624
 10
494.0147
 20
-99.5624
 10
494.0147
 20
-99.41839999999999
 10
493.4187
 20
-99.41839999999999
  0
LWPOLYLINE
  5
4BD
330
17
100
AcDbEntity
  8
RECORTE-TEXTO
100
AcDbPolyline
 90
4
 70
1
 10
494.1947
 20
-100.6124
 10
494.7907
 20
-100.6124
 10
494.7907
 20
-99.41839999999999
 10
494.1947
 20
-99.41839999999999
  0
TEXT
  5
4BE
330
17
100
AcDbEntity
  8
RECORTE-TEXTO
100
AcDbText
 10
494.4927
 20
-99.3184
 30
0.0
 40
0.07
  1
M-51
 72
1
 11
494.4927
 21
-99.3184
 31
0.0
100
AcDbText
 73
2
  0
HATCH
  5
4BF
330
17
100
AcDbEntity
  8
RECORTE-PIEZA
 62
3
440
33554597
100
AcDbHatch
 10
0.0
 20
0.0
 30
0.0
210
0.0
220
0.0
230
1.0
  2
SOLID
 70
1
 71
0
 91
1
 92
3
 72
0
 73
1
 93
4
 10
494.1947
 20
-100.6124
 10
494.7907
 20
-100.6124
 10
494.7907
 20
-99.5624
 10
494.1947
 20
-99.5624
 97
0
 75
1
 76
1
 98
0
  0
LWPOLYLINE
  5
4C0
330
17
100
AcDbEntity
  8
RECORTE-PIEZA
100
AcDbPolyline
 90
4
 70
1
 10
494.1947
 20
-100.6124
 10
494.7907
 20
-100.6124
 10
494.7907
 20
-99.5624
 10
494.1947
 20
-99.5624
  0
TEXT
  5
4C1
330
17
100
AcDbEntity
  8
RECORTE-TEXTO
100
AcDbText
 10
494.4927
 20
-100.08739999999999
 30
0.0
 40
0.05
  1
PB-M-135 -> (489.8,-92.0)
 50
90.0
 72
1
 11
494.4927
 21
-100.08739999999999
 31
0.0
100
AcDbText
 73
2
  0
HATCH
  5
4C2
330
17
100
AcDbEntity
  8
RECORTE-SOBRANTE
 62
2
440
33554610
100
AcDbHatch
 10
0.0
 20
0.0
 30
0.0
210
0.0
220
0.0
230
1.0
  2
SOLID
 70
1
 71
0
 91
1
 92
3
 72
0
 73
1
 93
4
 10
494.1947
 20
-99.5624
 10
494.7907
 20
-99.5624
 10
494.7907
 20
-99.41839999999999
 10
494.1947
 20
-99.41839999999999
 97
0
 75
1
 76
1
 98
0
  0
LWPOLYLINE
  5
4C3
330
17
100
AcDbEntity
  8
RECORTE-SOBRANTE
100
AcDbPolyline
 90
4
 70
1
 10
494.1947
 20
-99.5624
 10
494.7907
 20
-99.5624
 10
494.7907
 20
-99.41839999999999
 10
494.1947
 20
-99.41839999999999
  0
LWPOLYLINE
  5
4C4
330
17
100
AcDbEntity
  8
RECORTE-TEXTO
100
AcDbPolyline
 90
4
 70
1
 10
494.9707
 20
-100.6124
 10
495.5667
 20
-100.6124
 10
495.5667
 20
-99.41839999999999
 10
494.9707
 20
-99.41839999999999
  0
TEXT
  5
4C5
330
17
100
AcDbEntity
  8
RECORTE-TEXTO
100
AcDbText
 10
495.2687
 20
-99.3184
 30
0.0
 40
0.07
  1
M-52
 72
1
 11
495.2687
 21
-99.3184
 31
0.0
100
AcDbText
 73
2
  0
HATCH
  5
4C6
330
17
100
AcDbEntity
  8
RECORTE-PIEZA
 62
3
440
33554597
100
AcDbHatch
 10
0.0
 20
0.0
 30
0.0
210
0.0
220
0.0
230
1.0
  2
SOLID
 70
1
 71
0
 91
1
 92
3
 72
0
 73
1
 93
4
 10
494.9707
 20
-100.6124
 10
495.4687
 20
-100.6124
 10
495.4687
 20
-99.46239999999999
 10
494.9707
 20
-99.46239999999999
 97
0
 75
1
 76
1
 98
0
  0
LWPOLYLINE
  5
4C7
330
17
100
AcDbEntity
  8
RECORTE-PIEZA
100
AcDbPolyline
 90
4
 70
1
 10
494.9707
 20
-100.6124
 10
495.4687
 20
-100.6124
 10
495.4687
 20
-99.46239999999999
 10
494.9707
 20
-99.46239999999999
  0
TEXT
  5
4C8
330
17
100
AcDbEntity
  8
RECORTE-TEXTO
100
AcDbText
 10
495.21970000000005
 20
-100.03739999999999
 30
0.0
 40
0.05
  1
PA-M-022 -> (500.0,-87.3)
 50
90.0
 72
1
 11
495.21970000000005
 21
-100.03739999999999
 31
0.0
100
AcDbText
 73
2
  0
HATCH
  5
4C9
330
17
100
AcDbEntity
  8
RECORTE-PIEZA
 62
3
440
33554597
100
AcDbHatch
 10
0.0
 20
0.0
 30
0.0
210
0.0
220
0.0
230
1.0
  2
SOLID
 70
1
 71
0
 91
1
 92
3
 72
0
 73
1
 93
4
 10
495.4687
 20
-100.6124
 10
495.5577
 20
-100.6124
 10
495.5577
 20
-99.71239999999999
 10
495.4687
 20
-99.71239999999999
 97
0
 75
1
 76
1
 98
0
  0
LWPOLYLINE
  5
4CA
330
17
100
AcDbEntity
  8
RECORTE-PIEZA
100
AcDbPolyline
 90
4
 70
1
 10
495.4687
 20
-100.6124
 10
495.5577
 20
-100.6124
 10
495.5577
 20
-99.71239999999999
 10
495.4687
 20
-99.71239999999999
  0
TEXT
  5
4CB
330
17
100
AcDbEntity
  8
RECORTE-TEXTO
100
AcDbText
 10
495.51320000000004
 20
-100.16239999999999
 30
0.0
 40
0.02542857142857143
  1
PA-M-058 -> (504.1,-90.4)
 50
90.0
 72
1
 11
495.51320000000004
 21
-100.16239999999999
 31
0.0
100
AcDbText
 73
2
  0
HATCH
  5
4CC
330
17
100
AcDbEntity
  8
RECORTE-DESPERDICIO
 62
1
440
33554610
100
AcDbHatch
 10
0.0
 20
0.0
 30
0.0
210
0.0
220
0.0
230
1.0
  2
SOLID
 70
1
 71
0
 91
1
 92
3
 72
0
 73
1
 93
4
 10
494.9707
 20
-99.46239999999999
 10
495.4687
 20
-99.46239999999999
 10
495.4687
 20
-99.41839999999999
 10
494.9707
 20
-99.41839999999999
 97
0
 75
1
 76
1
 98
0
  0
LWPOLYLINE
  5
4CD
330
17
100
AcDbEntity
  8
RECORTE-DESPERDICIO
100
AcDbPolyline
 90
4
 70
1
 10
494.9707
 20
-99.46239999999999
 10
495.4687
 20
-99.46239999999999
 10
495.4687
 20
-99.41839999999999
 10
494.9707
 20
-99.41839999999999
  0
HATCH
  5
4CE
330
17
100
AcDbEntity
  8
RECORTE-DESPERDICIO
 62
1
440
33554610
100
AcDbHatch
 10
0.0
 20
0.0
 30
0.0
210
0.0
220
0.0
230
1.0
  2
SOLID
 70
1
 71
0
 91
1
 92
3
 72
0
 73
1
 93
4
 10
495.4687
 20
-99.71239999999999
 10
495.5667
 20
-99.71239999999999
 10
495.5667
 20
-99.41839999999999
 10
495.4687
 20
-99.41839999999999
 97
0
 75
1
 76
1
 98
0
  0
LWPOLYLINE
  5
4CF
330
17
100
AcDbEntity
  8
RECORTE-DESPERDICIO
100
AcDbPolyline
 90
4
 70
1
 10
495.4687
 20
-99.71239999999999
 10
495.5667
 20
-99.71239999999999
 10
495.5667
 20
-99.41839999999999
 10
495.4687
 20
-99.41839999999999
  0
LWPOLYLINE
  5
4D0
330
17
100
AcDbEntity
  8
RECORTE-TEXTO
100
AcDbPolyline
 90
4
 70
1
 10
495.74670000000003
 20
-100.6124
 10
496.34270000000004
 20
-100.6124
 10
496.34270000000004
 20
-99.41839999999999
 10
495.74670000000003
 20
-99.41839999999999
  0
TEXT
  5
4D1
330
17
100
AcDbEntity
  8
RECORTE-TEXTO
100
AcDbText
 10
496.04470000000003
 20
-99.3184
 30
0.0
 40
0.07
  1
M-53
 72
1
 11
496.04470000000003
 21
-99.3184
 31
0.0
100
AcDbText
 73
2
  0
HATCH
  5
4D2
330
17
100
AcDbEntity
  8
RECORTE-PIEZA
 62
3
440
33554597
100
AcDbHatch
 10
0.0
 20
0.0
 30
0.0
210
0.0
220
0.0
230
1.0
  2
SOLID
 70
1
 71
0
 91
1
 92
3
 72
0
 73
1
 93
4
 10
495.74670000000003
 20
-100.6124
 10
496.2447
 20
-100.6124
 10
496.2447
 20
-99.46239999999999
 10
495.74670000000003
 20
-99.46239999999999
 97
0
 75
1
 76
1
 98
0
  0
LWPOLYLINE
  5
4D3
330
17
100
AcDbEntity
  8
RECORTE-PIEZA
100
AcDbPolyline
 90
4
 70
1
 10
495.74670000000003
 20
-100.6124
 10
496.2447
 20
-100.6124
 10
496.2447
 20
-99.46239999999999
 10
495.74670000000003
 20
-99.46239999999999
  0
TEXT
  5
4D4
330
17
100
AcDbEntity
  8
RECORTE-TEXTO
100
AcDbText
 10
495.99570000000006
 20
-100.03739999999999
 30
0.0
 40
0.05
  1
PA-M-038 -> (500.0,-88.5)
 50
90.0
 72
1
 11
495.99570000000006
 21
-100.03739999999999
 31
0.0
100
AcDbText
 73
2
  0
HATCH
  5
4D5
330
17
100
AcDbEntity
  8
RECORTE-PIEZA
 62
3
440
33554597
100
AcDbHatch
 10
0.0
 20
0.0
 30
0.0
210
0.0
220
0.0
230
1.0
  2
SOLID
 70
1
 71
0
 91
1
 92
3
 72
0
 73
1
 93
4
 10
496.2447
 20
-100.6124
 10
496.3167
 20
-100.6124
 10
496.3167
 20
-99.5054
 10
496.2447
 20
-99.5054
 97
0
 75
1
 76
1
 98
0
  0
LWPOLYLINE
  5
4D6
330
17
100
AcDbEntity
  8
RECORTE-PIEZA
100
AcDbPolyline
 90
4
 70
1
 10
496.2447
 20
-100.6124
 10
496.3167
 20
-100.6124
 10
496.3167
 20
-99.5054
 10
496.2447
 20
-99.5054
  0
TEXT
  5
4D7
330
17
100
AcDbEntity
  8
RECORTE-TEXTO
100
AcDbText
 10
496.2807
 20
-100.0589
 30
0.0
 40
0.02057142857142857
  1
PA-M-064 -> (507.8,-92.8)
 50
90.0
 72
1
 11
496.2807
 21
-100.0589
 31
0.0
100
AcDbText
 73
2
  0
HATCH
  5
4D8
330
17
100
AcDbEntity
  8
RECORTE-DESPERDICIO
 62
1
440
33554610
100
AcDbHatch
 10
0.0
 20
0.0
 30
0.0
210
0.0
220
0.0
230
1.0
  2
SOLID
 70
1
 71
0
 91
1
 92
3
 72
0
 73
1
 93
4
 10
495.74670000000003
 20
-99.46239999999999
 10
496.2447
 20
-99.46239999999999
 10
496.2447
 20
-99.41839999999999
 10
495.74670000000003
 20
-99.41839999999999
 97
0
 75
1
 76
1
 98
0
  0
LWPOLYLINE
  5
4D9
330
17
100
AcDbEntity
  8
RECORTE-DESPERDICIO
100
AcDbPolyline
 90
4
 70
1
 10
495.74670000000003
 20
-99.46239999999999
 10
496.2447
 20
-99.46239999999999
 10
496.2447
 20
-99.41839999999999
 10
495.74670000000003
 20
-99.41839999999999
  0
HATCH
  5
4DA
330
17
100
AcDbEntity
  8
RECORTE-DESPERDICIO
 62
1
440
33554610
100
AcDbHatch
 10
0.0
 20
0.0
 30
0.0
210
0.0
220
0.0
230
1.0
  2
SOLID
 70
1
 71
0
 91
1
 92
3
 72
0
 73
1
 93
4
 10
496.3167
 20
-100.6124
 10
496.34270000000004
 20
-100.6124
 10
496.34270000000004
 20
-99.41839999999999
 10
496.3167
 20
-99.41839999999999
 97
0
 75
1
 76
1
 98
0
  0
LWPOLYLINE
  5
4DB
330
17
100
AcDbEntity
  8
RECORTE-DESPERDICIO
100
AcDbPolyline
 90
4
 70
1
 10
496.3167
 20
-100.6124
 10
496.34270000000004
 20
-100.6124
 10
496.34270000000004
 20
-99.41839999999999
 10
496.3167
 20
-99.41839999999999
  0
HATCH
  5
4DC
330
17
100
AcDbEntity
  8
RECORTE-DESPERDICIO
 62
1
440
33554610
100
AcDbHatch
 10
0.0
 20
0.0
 30
0.0
210
0.0
220
0.0
230
1.0
  2
SOLID
 70
1
 71
0
 91
1
 92
3
 72
0
 73
1
 93
4
 10
496.2447
 20
-99.5054
 10
496.3167
 20
-99.5054
 10
496.3167
 20
-99.41839999999999
 10
496.2447
 20
-99.41839999999999
 97
0
 75
1
 76
1
 98
0
  0
LWPOLYLINE
  5
4DD
330
17
100
AcDbEntity
  8
RECORTE-DESPERDICIO
100
AcDbPolyline
 90
4
 70
1
 10
496.2447
 20
-99.5054
 10
496.3167
 20
-99.5054
 10
496.3167
 20
-99.41839999999999
 10
496.2447
 20
-99.41839999999999
  0
LWPOLYLINE
  5
4DE
330
17
100
AcDbEntity
  8
RECORTE-TEXTO
100
AcDbPolyline
 90
4
 70
1
 10
496.5227
 20
-100.6124
 10
497.1187
 20
-100.6124
 10
497.1187
 20
-99.41839999999999
 10
496.5227
 20
-99.41839999999999
  0
TEXT
  5
4DF
330
17
100
AcDbEntity
  8
RECORTE-TEXTO
100
AcDbText
 10
496.8207
 20
-99.3184
 30
0.0
 40
0.07
  1
M-54
 72
1
 11
496.8207
 21
-99.3184
 31
0.0
100
AcDbText
 73
2
  0
HATCH
  5
4E0
330
17
100
AcDbEntity
  8
RECORTE-PIEZA
 62
3
440
33554597
100
AcDbHatch
 10
0.0
 20
0.0
 30
0.0
210
0.0
220
0.0
230
1.0
  2
SOLID
 70
1
 71
0
 91
1
 92
3
 72
0
 73
1
 93
4
 10
496.5227
 20
-100.6124
 10
497.04069999999996
 20
-100.6124
 10
497.04069999999996
 20
-99.5504
 10
496.5227
 20
-99.5504
 97
0
 75
1
 76
1
 98
0
  0
LWPOLYLINE
  5
4E1
330
17
100
AcDbEntity
  8
RECORTE-PIEZA
100
AcDbPolyline
 90
4
 70
1
 10
496.5227
 20
-100.6124
 10
497.04069999999996
 20
-100.6124
 10
497.04069999999996
 20
-99.5504
 10
496.5227
 20
-99.5504
  0
TEXT
  5
4E2
330
17
100
AcDbEntity
  8
RECORTE-TEXTO
100
AcDbText
 10
496.7817
 20
-100.08139999999999
 30
0.0
 40
0.05
  1
PA-M-008 -> (504.2,-86.0)
 50
90.0
 72
1
 11
496.7817
 21
-100.08139999999999
 31
0.0
100
AcDbText
 73
2
  0
HATCH
  5
4E3
330
17
100
AcDbEntity
  8
RECORTE-PIEZA
 62
3
440
33554597
100
AcDbHatch
 10
0.0
 20
0.0
 30
0.0
210
0.0
220
0.0
230
1.0
  2
SOLID
 70
1
 71
0
 91
1
 92
3
 72
0
 73
1
 93
4
 10
497.04069999999996
 20
-100.6124
 10
497.11869999999993
 20
-100.6124
 10
497.11869999999993
 20
-99.41839999999999
 10
497.04069999999996
 20
-99.41839999999999
 97
0
 75
1
 76
1
 98
0
  0
LWPOLYLINE
  5
4E4
330
17
100
AcDbEntity
  8
RECORTE-PIEZA
100
AcDbPolyline
 90
4
 70
1
 10
497.04069999999996
 20
-100.6124
 10
497.11869999999993
 20
-100.6124
 10
497.11869999999993
 20
-99.41839999999999
 10
497.04069999999996
 20
-99.41839999999999
  0
TEXT
  5
4E5
330
17
100
AcDbEntity
  8
RECORTE-TEXTO
100
AcDbText
 10
497.07969999999995
 20
-100.0154
 30
0.0
 40
0.022285714285714287
  1
PA-M-031 -> (504.2,-88.0)
 50
90.0
 72
1
 11
497.07969999999995
 21
-100.0154
 31
0.0
100
AcDbText
 73
2
  0
HATCH
  5
4E6
330
17
100
AcDbEntity
  8
RECORTE-SOBRANTE
 62
2
440
33554610
100
AcDbHatch
 10
0.0
 20
0.0
 30
0.0
210
0.0
220
0.0
230
1.0
  2
SOLID
 70
1
 71
0
 91
1
 92
3
 72
0
 73
1
 93
4
 10
496.5227
 20
-99.5504
 10
497.04069999999996
 20
-99.5504
 10
497.04069999999996
 20
-99.41839999999999
 10
496.5227
 20
-99.41839999999999
 97
0
 75
1
 76
1
 98
0
  0
LWPOLYLINE
  5
4E7
330
17
100
AcDbEntity
  8
RECORTE-SOBRANTE
100
AcDbPolyline
 90
4
 70
1
 10
496.5227
 20
-99.5504
 10
497.04069999999996
 20
-99.5504
 10
497.04069999999996
 20
-99.41839999999999
 10
496.5227
 20
-99.41839999999999
  0
LWPOLYLINE
  5
4E8
330
17
100
AcDbEntity
  8
RECORTE-TEXTO
100
AcDbPolyline
 90
4
 70
1
 10
497.2987
 20
-100.6124
 10
497.8947
 20
-100.6124
 10
497.8947
 20
-99.41839999999999
 10
497.2987
 20
-99.41839999999999
  0
TEXT
  5
4E9
330
17
100
AcDbEntity
  8
RECORTE-TEXTO
100
AcDbText
 10
497.5967
 20
-99.3184
 30
0.0
 40
0.07
  1
M-55
 72
1
 11
497.5967
 21
-99.3184
 31
0.0
100
AcDbText
 73
2
  0
HATCH
  5
4EA
330
17
100
AcDbEntity
  8
RECORTE-PIEZA
 62
3
440
33554597
100
AcDbHatch
 10
0.0
 20
0.0
 30
0.0
210
0.0
220
0.0
230
1.0
  2
SOLID
 70
1
 71
0
 91
1
 92
3
 72
0
 73
1
 93
4
 10
497.2987
 20
-100.6124
 10
497.6927
 20
-100.6124
 10
497.6927
 20
-99.41839999999999
 10
497.2987
 20
-99.41839999999999
 97
0
 75
1
 76
1
 98
0
  0
LWPOLYLINE
  5
4EB
330
17
100
AcDbEntity
  8
RECORTE-PIEZA
100
AcDbPolyline
 90
4
 70
1
 10
497.2987
 20
-100.6124
 10
497.6927
 20
-100.6124
 10
497.6927
 20
-99.41839999999999
 10
497.2987
 20
-99.41839999999999
  0
TEXT
  5
4EC
330
17
100
AcDbEntity
  8
RECORTE-TEXTO
100
AcDbText
 10
497.4957
 20
-100.0154
 30
0.0
 40
0.05
  1
PB-M-014 -> (497.6,-81.4)
 50
90.0
 72
1
 11
497.4957
 21
-100.0154
 31
0.0
100
AcDbText
 73
2
  0
HATCH
  5
4ED
330
17
100
AcDbEntity
  8
RECORTE-PIEZA
 62
3
440
33554597
100
AcDbHatch
 10
0.0
 20
0.0
 30
0.0
210
0.0
220
0.0
230
1.0
  2
SOLID
 70
1
 71
0
 91
1
 92
3
 72
0
 73
1
 93
4
 10
497.6927
 20
-100.6124
 10
497.8607
 20
-100.6124
 10
497.8607
 20
-99.5024
 10
497.6927
 20
-99.5024
 97
0
 75
1
 76
1
 98
0
  0
LWPOLYLINE
  5
4EE
330
17
100
AcDbEntity
  8
RECORTE-PIEZA
100
AcDbPolyline
 90
4
 70
1
 10
497.6927
 20
-100.6124
 10
497.8607
 20
-100.6124
 10
497.8607
 20
-99.5024
 10
497.6927
 20
-99.5024
  0
TEXT
  5
4EF
330
17
100
AcDbEntity
  8
RECORTE-TEXTO
100
AcDbText
 10
497.7767
 20
-100.05739999999999
 30
0.0
 40
0.048
  1
PB-M-131 -> (495.5,-92.0)
 50
90.0
 72
1
 11
497.7767
 21
-100.05739999999999
 31
0.0
100
AcDbText
 73
2
  0
HATCH
  5
4F0
330
17
100
AcDbEntity
  8
RECORTE-DESPERDICIO
 62
1
440
33554610
100
AcDbHatch
 10
0.0
 20
0.0
 30
0.0
210
0.0
220
0.0
230
1.0
  2
SOLID
 70
1
 71
0
 91
1
 92
3
 72
0
 73
1
 93
4
 10
497.8607
 20
-100.6124
 10
497.8947
 20
-100.6124
 10
497.8947
 20
-99.41839999999999
 10
497.8607
 20
-99.41839999999999
 97
0
 75
1
 76
1
 98
0
  0
LWPOLYLINE
  5
4F1
330
17
100
AcDbEntity
  8
RECORTE-DESPERDICIO
100
AcDbPolyline
 90
4
 70
1
 10
497.8607
 20
-100.6124
 10
497.8947
 20
-100.6124
 10
497.8947
 20
-99.41839999999999
 10
497.8607
 20
-99.41839999999999
  0
HATCH
  5
4F2
330
17
100
AcDbEntity
  8
RECORTE-DESPERDICIO
 62
1
440
33554610
100
AcDbHatch
 10
0.0
 20
0.0
 30
0.0
210
0.0
220
0.0
230
1.0
  2
SOLID
 70
1
 71
0
 91
1
 92
3
 72
0
 73
1
 93
4
 10
497.6927
 20
-99.5024
 10
497.8607
 20
-99.5024
 10
497.8607
 20
-99.41839999999999
 10
497.6927
 20
-99.41839999999999
 97
0
 75
1
 76
1
 98
0
  0
LWPOLYLINE
  5
4F3
330
17
100
AcDbEntity
  8
RECORTE-DESPERDICIO
100
AcDbPolyline
 90
4
 70
1
 10
497.6927
 20
-99.5024
 10
497.8607
 20
-99.5024
 10
497.8607
 20
-99.41839999999999
 10
497.6927
 20
-99.41839999999999
  0
LWPOLYLINE
  5
4F4
330
17
100
AcDbEntity
  8
RECORTE-TEXTO
100
AcDbPolyline
 90
4
 70
1
 10
498.0747
 20
-100.6124
 10
498.6707
 20
-100.6124
 10
498.6707
 20
-99.41839999999999
 10
498.0747
 20
-99.41839999999999
  0
TEXT
  5
4F5
330
17
100
AcDbEntity
  8
RECORTE-TEXTO
100
AcDbText
 10
498.3727
 20
-99.3184
 30
0.0
 40
0.07
  1
M-56
 72
1
 11
498.3727
 21
-99.3184
 31
0.0
100
AcDbText
 73
2
  0
HATCH
  5
4F6
330
17
100
AcDbEntity
  8
RECORTE-PIEZA
 62
3
440
33554597
100
AcDbHatch
 10
0.0
 20
0.0
 30
0.0
210
0.0
220
0.0
230
1.0
  2
SOLID
 70
1
 71
0
 91
1
 92
3
 72
0
 73
1
 93
4
 10
498.0747
 20
-100.6124
 10
498.4687
 20
-100.6124
 10
498.4687
 20
-99.5034
 10
498.0747
 20
-99.5034
 97
0
 75
1
 76
1
 98
0
  0
LWPOLYLINE
  5
4F7
330
17
100
AcDbEntity
  8
RECORTE-PIEZA
100
AcDbPolyline
 90
4
 70
1
 10
498.0747
 20
-100.6124
 10
498.4687
 20
-100.6124
 10
498.4687
 20
-99.5034
 10
498.0747
 20
-99.5034
  0
TEXT
  5
4F8
330
17
100
AcDbEntity
  8
RECORTE-TEXTO
100
AcDbText
 10
498.2717
 20
-100.05789999999999
 30
0.0
 40
0.05
  1
PB-M-102 -> (497.6,-89.2)
 50
90.0
 72
1
 11
498.2717
 21
-100.05789999999999
 31
0.0
100
AcDbText
 73
2
  0
HATCH
  5
4F9
330
17
100
AcDbEntity
  8
RECORTE-PIEZA
 62
3
440
33554597
100
AcDbHatch
 10
0.0
 20
0.0
 30
0.0
210
0.0
220
0.0
230
1.0
  2
SOLID
 70
1
 71
0
 91
1
 92
3
 72
0
 73
1
 93
4
 10
498.4687
 20
-100.6124
 10
498.60470000000004
 20
-100.6124
 10
498.60470000000004
 20
-99.41839999999999
 10
498.4687
 20
-99.41839999999999
 97
0
 75
1
 76
1
 98
0
  0
LWPOLYLINE
  5
4FA
330
17
100
AcDbEntity
  8
RECORTE-PIEZA
100
AcDbPolyline
 90
4
 70
1
 10
498.4687
 20
-100.6124
 10
498.60470000000004
 20
-100.6124
 10
498.60470000000004
 20
-99.41839999999999
 10
498.4687
 20
-99.41839999999999
  0
TEXT
  5
4FB
330
17
100
AcDbEntity
  8
RECORTE-TEXTO
100
AcDbText
 10
498.5367
 20
-100.0154
 30
0.0
 40
0.03885714285714286
  1
PB-M-097 -> (494.9,-89.1)
 50
90.0
 72
1
 11
498.5367
 21
-100.0154
 31
0.0
100
AcDbText
 73
2
  0
HATCH
  5
4FC
330
17
100
AcDbEntity
  8
RECORTE-DESPERDICIO
 62
1
440
33554610
100
AcDbHatch
 10
0.0
 20
0.0
 30
0.0
210
0.0
220
0.0
230
1.0
  2
SOLID
 70
1
 71
0
 91
1
 92
3
 72
0
 73
1
 93
4
 10
498.0747
 20
-99.5034
 10
498.4687
 20
-99.5034
 10
498.4687
 20
-99.4184
 10
498.0747
 20
-99.4184
 97
0
 75
1
 76
1
 98
0
  0
LWPOLYLINE
  5
4FD
330
17
100
AcDbEntity
  8
RECORTE-DESPERDICIO
100
AcDbPolyline
 90
4
 70
1
 10
498.0747
 20
-99.5034
 10
498.4687
 20
-99.5034
 10
498.4687
 20
-99.4184
 10
498.0747
 20
-99.4184
  0
HATCH
  5
4FE
330
17
100
AcDbEntity
  8
RECORTE-DESPERDICIO
 62
1
440
33554610
100
AcDbHatch
 10
0.0
 20
0.0
 30
0.0
210
0.0
220
0.0
230
1.0
  2
SOLID
 70
1
 71
0
 91
1
 92
3
 72
0
 73
1
 93
4
 10
498.6047
 20
-100.6124
 10
498.67069999999995
 20
-100.6124
 10
498.67069999999995
 20
-99.41839999999999
 10
498.6047
 20
-99.41839999999999
 97
0
 75
1
 76
1
 98
0
  0
LWPOLYLINE
  5
4FF
330
17
100
AcDbEntity
  8
RECORTE-DESPERDICIO
100
AcDbPolyline
 90
4
 70
1
 10
498.6047
 20
-100.6124
 10
498.67069999999995
 20
-100.6124
 10
498.67069999999995
 20
-99.41839999999999
 10
498.6047
 20
-99.41839999999999
  0
LWPOLYLINE
  5
500
330
17
100
AcDbEntity
  8
RECORTE-TEXTO
100
AcDbPolyline
 90
4
 70
1
 10
498.8507
 20
-100.6124
 10
499.4467
 20
-100.6124
 10
499.4467
 20
-99.41839999999999
 10
498.8507
 20
-99.41839999999999
  0
TEXT
  5
501
330
17
100
AcDbEntity
  8
RECORTE-TEXTO
100
AcDbText
 10
499.1487
 20
-99.3184
 30
0.0
 40
0.07
  1
M-57
 72
1
 11
499.1487
 21
-99.3184
 31
0.0
100
AcDbText
 73
2
  0
HATCH
  5
502
330
17
100
AcDbEntity
  8
RECORTE-PIEZA
 62
3
440
33554597
100
AcDbHatch
 10
0.0
 20
0.0
 30
0.0
210
0.0
220
0.0
230
1.0
  2
SOLID
 70
1
 71
0
 91
1
 92
3
 72
0
 73
1
 93
4
 10
498.8507
 20
-100.6124
 10
499.2447
 20
-100.6124
 10
499.2447
 20
-99.5384
 10
498.8507
 20
-99.5384
 97
0
 75
1
 76
1
 98
0
  0
LWPOLYLINE
  5
503
330
17
100
AcDbEntity
  8
RECORTE-PIEZA
100
AcDbPolyline
 90
4
 70
1
 10
498.8507
 20
-100.6124
 10
499.2447
 20
-100.6124
 10
499.2447
 20
-99.5384
 10
498.8507
 20
-99.5384
  0
TEXT
  5
504
330
17
100
AcDbEntity
  8
RECORTE-TEXTO
100
AcDbText
 10
499.0477
 20
-100.07539999999999
 30
0.0
 40
0.05
  1
PB-M-017 -> (497.6,-82.5)
 50
90.0
 72
1
 11
499.0477
 21
-100.07539999999999
 31
0.0
100
AcDbText
 73
2
  0
HATCH
  5
505
330
17
100
AcDbEntity
  8
RECORTE-PIEZA
 62
3
440
33554597
100
AcDbHatch
 10
0.0
 20
0.0
 30
0.0
210
0.0
220
0.0
230
1.0
  2
SOLID
 70
1
 71
0
 91
1
 92
3
 72
0
 73
1
 93
4
 10
499.2447
 20
-100.6124
 10
499.3227
 20
-100.6124
 10
499.3227
 20
-99.92439999999999
 10
499.2447
 20
-99.92439999999999
 97
0
 75
1
 76
1
 98
0
  0
LWPOLYLINE
  5
506
330
17
100
AcDbEntity
  8
RECORTE-PIEZA
100
AcDbPolyline
 90
4
 70
1
 10
499.2447
 20
-100.6124
 10
499.3227
 20
-100.6124
 10
499.3227
 20
-99.92439999999999
 10
499.2447
 20
-99.92439999999999
  0
TEXT
  5
507
330
17
100
AcDbEntity
  8
RECORTE-TEXTO
100
AcDbText
 10
499.2837
 20
-100.2684
 30
0.0
 40
0.022285714285714287
  1
PA-M-015 -> (504.2,-87.1)
 50
90.0
 72
1
 11
499.2837
 21
-100.2684
 31
0.0
100
AcDbText
 73
2
  0
HATCH
  5
508
330
17
100
AcDbEntity
  8
RECORTE-SOBRANTE
 62
2
440
33554610
100
AcDbHatch
 10
0.0
 20
0.0
 30
0.0
210
0.0
220
0.0
230
1.0
  2
SOLID
 70
1
 71
0
 91
1
 92
3
 72
0
 73
1
 93
4
 10
498.8507
 20
-99.5384
 10
499.2447
 20
-99.5384
 10
499.2447
 20
-99.41839999999999
 10
498.8507
 20
-99.41839999999999
 97
0
 75
1
 76
1
 98
0
  0
LWPOLYLINE
  5
509
330
17
100
AcDbEntity
  8
RECORTE-SOBRANTE
100
AcDbPolyline
 90
4
 70
1
 10
498.8507
 20
-99.5384
 10
499.2447
 20
-99.5384
 10
499.2447
 20
-99.41839999999999
 10
498.8507
 20
-99.41839999999999
  0
HATCH
  5
50A
330
17
100
AcDbEntity
  8
RECORTE-SOBRANTE
 62
2
440
33554610
100
AcDbHatch
 10
0.0
 20
0.0
 30
0.0
210
0.0
220
0.0
230
1.0
  2
SOLID
 70
1
 71
0
 91
1
 92
3
 72
0
 73
1
 93
4
 10
499.3227
 20
-100.6124
 10
499.4467
 20
-100.6124
 10
499.4467
 20
-99.41839999999999
 10
499.3227
 20
-99.41839999999999
 97
0
 75
1
 76
1
 98
0
  0
LWPOLYLINE
  5
50B
330
17
100
AcDbEntity
  8
RECORTE-SOBRANTE
100
AcDbPolyline
 90
4
 70
1
 10
499.3227
 20
-100.6124
 10
499.4467
 20
-100.6124
 10
499.4467
 20
-99.41839999999999
 10
499.3227
 20
-99.41839999999999
  0
HATCH
  5
50C
330
17
100
AcDbEntity
  8
RECORTE-DESPERDICIO
 62
1
440
33554610
100
AcDbHatch
 10
0.0
 20
0.0
 30
0.0
210
0.0
220
0.0
230
1.0
  2
SOLID
 70
1
 71
0
 91
1
 92
3
 72
0
 73
1
 93
4
 10
499.2447
 20
-99.92439999999999
 10
499.3227
 20
-99.92439999999999
 10
499.3227
 20
-99.41839999999999
 10
499.2447
 20
-99.41839999999999
 97
0
 75
1
 76
1
 98
0
  0
LWPOLYLINE
  5
50D
330
17
100
AcDbEntity
  8
RECORTE-DESPERDICIO
100
AcDbPolyline
 90
4
 70
1
 10
499.2447
 20
-99.92439999999999
 10
499.3227
 20
-99.92439999999999
 10
499.3227
 20
-99.41839999999999
 10
499.2447
 20
-99.41839999999999
  0
LWPOLYLINE
  5
50E
330
17
100
AcDbEntity
  8
RECORTE-TEXTO
100
AcDbPolyline
 90
4
 70
1
 10
499.6267
 20
-100.6124
 10
500.22270000000003
 20
-100.6124
 10
500.22270000000003
 20
-99.41839999999999
 10
499.6267
 20
-99.41839999999999
  0
TEXT
  5
50F
330
17
100
AcDbEntity
  8
RECORTE-TEXTO
100
AcDbText
 10
499.92470000000003
 20
-99.3184
 30
0.0
 40
0.07
  1
M-58
 72
1
 11
499.92470000000003
 21
-99.3184
 31
0.0
100
AcDbText
 73
2
  0
HATCH
  5
510
330
17
100
AcDbEntity
  8
RECORTE-PIEZA
 62
3
440
33554597
100
AcDbHatch
 10
0.0
 20
0.0
 30
0.0
210
0.0
220
0.0
230
1.0
  2
SOLID
 70
1
 71
0
 91
1
 92
3
 72
0
 73
1
 93
4
 10
499.6267
 20
-100.6124
 10
499.97470000000004
 20
-100.6124
 10
499.97470000000004
 20
-99.41839999999999
 10
499.6267
 20
-99.41839999999999
 97
0
 75
1
 76
1
 98
0
  0
LWPOLYLINE
  5
511
330
17
100
AcDbEntity
  8
RECORTE-PIEZA
100
AcDbPolyline
 90
4
 70
1
 10
499.6267
 20
-100.6124
 10
499.97470000000004
 20
-100.6124
 10
499.97470000000004
 20
-99.41839999999999
 10
499.6267
 20
-99.41839999999999
  0
TEXT
  5
512
330
17
100
AcDbEntity
  8
RECORTE-TEXTO
100
AcDbText
 10
499.8007
 20
-100.0154
 30
0.0
 40
0.05
  1
PA-M-007 -> (506.4,-85.7)
 50
90.0
 72
1
 11
499.8007
 21
-100.0154
 31
0.0
100
AcDbText
 73
2
  0
HATCH
  5
513
330
17
100
AcDbEntity
  8
RECORTE-PIEZA
 62
3
440
33554597
100
AcDbHatch
 10
0.0
 20
0.0
 30
0.0
210
0.0
220
0.0
230
1.0
  2
SOLID
 70
1
 71
0
 91
1
 92
3
 72
0
 73
1
 93
4
 10
499.97470000000004
 20
-100.6124
 10
500.21270000000004
 20
-100.6124
 10
500.21270000000004
 20
-99.49239999999999
 10
499.97470000000004
 20
-99.49239999999999
 97
0
 75
1
 76
1
 98
0
  0
LWPOLYLINE
  5
514
330
17
100
AcDbEntity
  8
RECORTE-PIEZA
100
AcDbPolyline
 90
4
 70
1
 10
499.97470000000004
 20
-100.6124
 10
500.21270000000004
 20
-100.6124
 10
500.21270000000004
 20
-99.49239999999999
 10
499.97470000000004
 20
-99.49239999999999
  0
TEXT
  5
515
330
17
100
AcDbEntity
  8
RECORTE-TEXTO
100
AcDbText
 10
500.09370000000007
 20
-100.05239999999999
 30
0.0
 40
0.05
  1
PB-M-119 -> (496.3,-90.9)
 50
90.0
 72
1
 11
500.09370000000007
 21
-100.05239999999999
 31
0.0
100
AcDbText
 73
2
  0
HATCH
  5
516
330
17
100
AcDbEntity
  8
RECORTE-DESPERDICIO
 62
1
440
33554610
100
AcDbHatch
 10
0.0
 20
0.0
 30
0.0
210
0.0
220
0.0
230
1.0
  2
SOLID
 70
1
 71
0
 91
1
 92
3
 72
0
 73
1
 93
4
 10
499.97470000000004
 20
-99.49239999999999
 10
500.22270000000003
 20
-99.49239999999999
 10
500.22270000000003
 20
-99.41839999999999
 10
499.97470000000004
 20
-99.41839999999999
 97
0
 75
1
 76
1
 98
0
  0
LWPOLYLINE
  5
517
330
17
100
AcDbEntity
  8
RECORTE-DESPERDICIO
100
AcDbPolyline
 90
4
 70
1
 10
499.97470000000004
 20
-99.49239999999999
 10
500.22270000000003
 20
-99.49239999999999
 10
500.22270000000003
 20
-99.41839999999999
 10
499.97470000000004
 20
-99.41839999999999
  0
HATCH
  5
518
330
17
100
AcDbEntity
  8
RECORTE-DESPERDICIO
 62
1
440
33554610
100
AcDbHatch
 10
0.0
 20
0.0
 30
0.0
210
0.0
220
0.0
230
1.0
  2
SOLID
 70
1
 71
0
 91
1
 92
3
 72
0
 73
1
 93
4
 10
500.21270000000004
 20
-100.6124
 10
500.22270000000003
 20
-100.6124
 10
500.22270000000003
 20
-99.49239999999999
 10
500.21270000000004
 20
-99.49239999999999
 97
0
 75
1
 76
1
 98
0
  0
LWPOLYLINE
  5
519
330
17
100
AcDbEntity
  8
RECORTE-DESPERDICIO
100
AcDbPolyline
 90
4
 70
1
 10
500.21270000000004
 20
-100.6124
 10
500.22270000000003
 20
-100.6124
 10
500.22270000000003
 20
-99.49239999999999
 10
500.21270000000004
 20
-99.49239999999999
  0
LWPOLYLINE
  5
51A
330
17
100
AcDbEntity
  8
RECORTE-TEXTO
100
AcDbPolyline
 90
4
 70
1
 10
500.4027
 20
-100.6124
 10
500.9987
 20
-100.6124
 10
500.9987
 20
-99.41839999999999
 10
500.4027
 20
-99.41839999999999
  0
TEXT
  5
51B
330
17
100
AcDbEntity
  8
RECORTE-TEXTO
100
AcDbText
 10
500.7007
 20
-99.3184
 30
0.0
 40
0.07
  1
M-59
 72
1
 11
500.7007
 21
-99.3184
 31
0.0
100
AcDbText
 73
2
  0
HATCH
  5
51C
330
17
100
AcDbEntity
  8
RECORTE-PIEZA
 62
3
440
33554597
100
AcDbHatch
 10
0.0
 20
0.0
 30
0.0
210
0.0
220
0.0
230
1.0
  2
SOLID
 70
1
 71
0
 91
1
 92
3
 72
0
 73
1
 93
4
 10
500.4027
 20
-100.6124
 10
500.9987
 20
-100.6124
 10
500.9987
 20
-99.92439999999999
 10
500.4027
 20
-99.92439999999999
 97
0
 75
1
 76
1
 98
0
  0
LWPOLYLINE
  5
51D
330
17
100
AcDbEntity
  8
RECORTE-PIEZA
100
AcDbPolyline
 90
4
 70
1
 10
500.4027
 20
-100.6124
 10
500.9987
 20
-100.6124
 10
500.9987
 20
-99.92439999999999
 10
500.4027
 20
-99.92439999999999
  0
TEXT
  5
51E
330
17
100
AcDbEntity
  8
RECORTE-TEXTO
100
AcDbText
 10
500.7007
 20
-100.2684
 30
0.0
 40
0.05
  1
PA-M-016 -> (504.5,-87.1)
 50
90.0
 72
1
 11
500.7007
 21
-100.2684
 31
0.0
100
AcDbText
 73
2
  0
HATCH
  5
51F
330
17
100
AcDbEntity
  8
RECORTE-PIEZA
 62
3
440
33554597
100
AcDbHatch
 10
0.0
 20
0.0
 30
0.0
210
0.0
220
0.0
230
1.0
  2
SOLID
 70
1
 71
0
 91
1
 92
3
 72
0
 73
1
 93
4
 10
500.4027
 20
-99.92439999999999
 10
500.70669999999996
 20
-99.92439999999999
 10
500.70669999999996
 20
-99.57639999999999
 10
500.4027
 20
-99.57639999999999
 97
0
 75
1
 76
1
 98
0
  0
LWPOLYLINE
  5
520
330
17
100
AcDbEntity
  8
RECORTE-PIEZA
100
AcDbPolyline
 90
4
 70
1
 10
500.4027
 20
-99.92439999999999
 10
500.70669999999996
 20
-99.92439999999999
 10
500.70669999999996
 20
-99.57639999999999
 10
500.4027
 20
-99.57639999999999
  0
TEXT
  5
521
330
17
100
AcDbEntity
  8
RECORTE-TEXTO
100
AcDbText
 10
500.55469999999997
 20
-99.75039999999998
 30
0.0
 40
0.05
  1
PA-M-014 -> (506.4,-86.4)
 50
90.0
 72
1
 11
500.55469999999997
 21
-99.75039999999998
 31
0.0
100
AcDbText
 73
2
  0
HATCH
  5
522
330
17
100
AcDbEntity
  8
RECORTE-SOBRANTE
 62
2
440
33554610
100
AcDbHatch
 10
0.0
 20
0.0
 30
0.0
210
0.0
220
0.0
230
1.0
  2
SOLID
 70
1
 71
0
 91
1
 92
3
 72
0
 73
1
 93
4
 10
500.70669999999996
 20
-99.92439999999999
 10
500.99869999999993
 20
-99.92439999999999
 10
500.99869999999993
 20
-99.41839999999999
 10
500.70669999999996
 20
-99.41839999999999
 97
0
 75
1
 76
1
 98
0
  0
LWPOLYLINE
  5
523
330
17
100
AcDbEntity
  8
RECORTE-SOBRANTE
100
AcDbPolyline
 90
4
 70
1
 10
500.70669999999996
 20
-99.92439999999999
 10
500.99869999999993
 20
-99.92439999999999
 10
500.99869999999993
 20
-99.41839999999999
 10
500.70669999999996
 20
-99.41839999999999
  0
HATCH
  5
524
330
17
100
AcDbEntity
  8
RECORTE-SOBRANTE
 62
2
440
33554610
100
AcDbHatch
 10
0.0
 20
0.0
 30
0.0
210
0.0
220
0.0
230
1.0
  2
SOLID
 70
1
 71
0
 91
1
 92
3
 72
0
 73
1
 93
4
 10
500.4027
 20
-99.57639999999999
 10
500.70669999999996
 20
-99.57639999999999
 10
500.70669999999996
 20
-99.41839999999999
 10
500.4027
 20
-99.41839999999999
 97
0
 75
1
 76
1
 98
0
  0
LWPOLYLINE
  5
525
330
17
100
AcDbEntity
  8
RECORTE-SOBRANTE
100
AcDbPolyline
 90
4
 70
1
 10
500.4027
 20
-99.57639999999999
 10
500.70669999999996
 20
-99.57639999999999
 10
500.70669999999996
 20
-99.41839999999999
 10
500.4027
 20
-99.41839999999999
  0
LWPOLYLINE
  5
526
330
17
100
AcDbEntity
  8
RECORTE-TEXTO
100
AcDbPolyline
 90
4
 70
1
 10
501.1787
 20
-100.6124
 10
501.7747
 20
-100.6124
 10
501.7747
 20
-99.41839999999999
 10
501.1787
 20
-99.41839999999999
  0
TEXT
  5
527
330
17
100
AcDbEntity
  8
RECORTE-TEXTO
100
AcDbText
 10
501.4767
 20
-99.3184
 30
0.0
 40
0.07
  1
M-60
 72
1
 11
501.4767
 21
-99.3184
 31
0.0
100
AcDbText
 73
2
  0
HATCH
  5
528
330
17
100
AcDbEntity
  8
RECORTE-PIEZA
 62
3
440
33554597
100
AcDbHatch
 10
0.0
 20
0.0
 30
0.0
210
0.0
220
0.0
230
1.0
  2
SOLID
 70
1
 71
0
 91
1
 92
3
 72
0
 73
1
 93
4
 10
501.1787
 20
-100.6124
 10
501.7747
 20
-100.6124
 10
501.7747
 20
-99.92439999999999
 10
501.1787
 20
-99.92439999999999
 97
0
 75
1
 76
1
 98
0
  0
LWPOLYLINE
  5
529
330
17
100
AcDbEntity
  8
RECORTE-PIEZA
100
AcDbPolyline
 90
4
 70
1
 10
501.1787
 20
-100.6124
 10
501.7747
 20
-100.6124
 10
501.7747
 20
-99.92439999999999
 10
501.1787
 20
-99.92439999999999
  0
TEXT
  5
52A
330
17
100
AcDbEntity
  8
RECORTE-TEXTO
100
AcDbText
 10
501.4767
 20
-100.2684
 30
0.0
 40
0.05
  1
PA-M-017 -> (505.1,-87.1)
 50
90.0
 72
1
 11
501.4767
 21
-100.2684
 31
0.0
100
AcDbText
 73
2
  0
HATCH
  5
52B
330
17
100
AcDbEntity
  8
RECORTE-SOBRANTE
 62
2
440
33554610
100
AcDbHatch
 10
0.0
 20
0.0
 30
0.0
210
0.0
220
0.0
230
1.0
  2
SOLID
 70
1
 71
0
 91
1
 92
3
 72
0
 73
1
 93
4
 10
501.1787
 20
-99.92439999999999
 10
501.7747
 20
-99.92439999999999
 10
501.7747
 20
-99.41839999999999
 10
501.1787
 20
-99.41839999999999
 97
0
 75
1
 76
1
 98
0
  0
LWPOLYLINE
  5
52C
330
17
100
AcDbEntity
  8
RECORTE-SOBRANTE
100
AcDbPolyline
 90
4
 70
1
 10
501.1787
 20
-99.92439999999999
 10
501.7747
 20
-99.92439999999999
 10
501.7747
 20
-99.41839999999999
 10
501.1787
 20
-99.41839999999999
  0
LWPOLYLINE
  5
52D
330
17
100
AcDbEntity
  8
RECORTE-TEXTO
100
AcDbPolyline
 90
4
 70
1
 10
501.9547
 20
-100.6124
 10
502.5507
 20
-100.6124
 10
502.5507
 20
-99.41839999999999
 10
501.9547
 20
-99.41839999999999
  0
TEXT
  5
52E
330
17
100
AcDbEntity
  8
RECORTE-TEXTO
100
AcDbText
 10
502.2527
 20
-99.3184
 30
0.0
 40
0.07
  1
M-61
 72
1
 11
502.2527
 21
-99.3184
 31
0.0
100
AcDbText
 73
2
  0
HATCH
  5
52F
330
17
100
AcDbEntity
  8
RECORTE-PIEZA
 62
3
440
33554597
100
AcDbHatch
 10
0.0
 20
0.0
 30
0.0
210
0.0
220
0.0
230
1.0
  2
SOLID
 70
1
 71
0
 91
1
 92
3
 72
0
 73
1
 93
4
 10
501.9547
 20
-100.6124
 10
502.5507
 20
-100.6124
 10
502.5507
 20
-99.92439999999999
 10
501.9547
 20
-99.92439999999999
 97
0
 75
1
 76
1
 98
0
  0
LWPOLYLINE
  5
530
330
17
100
AcDbEntity
  8
RECORTE-PIEZA
100
AcDbPolyline
 90
4
 70
1
 10
501.9547
 20
-100.6124
 10
502.5507
 20
-100.6124
 10
502.5507
 20
-99.92439999999999
 10
501.9547
 20
-99.92439999999999
  0
TEXT
  5
531
330
17
100
AcDbEntity
  8
RECORTE-TEXTO
100
AcDbText
 10
502.2527
 20
-100.2684
 30
0.0
 40
0.05
  1
PA-M-018 -> (505.7,-87.1)
 50
90.0
 72
1
 11
502.2527
 21
-100.2684
 31
0.0
100
AcDbText
 73
2
  0
HATCH
  5
532
330
17
100
AcDbEntity
  8
RECORTE-SOBRANTE
 62
2
440
33554610
100
AcDbHatch
 10
0.0
 20
0.0
 30
0.0
210
0.0
220
0.0
230
1.0
  2
SOLID
 70
1
 71
0
 91
1
 92
3
 72
0
 73
1
 93
4
 10
501.9547
 20
-99.92439999999999
 10
502.5507
 20
-99.92439999999999
 10
502.5507
 20
-99.41839999999999
 10
501.9547
 20
-99.41839999999999
 97
0
 75
1
 76
1
 98
0
  0
LWPOLYLINE
  5
533
330
17
100
AcDbEntity
  8
RECORTE-SOBRANTE
100
AcDbPolyline
 90
4
 70
1
 10
501.9547
 20
-99.92439999999999
 10
502.5507
 20
-99.92439999999999
 10
502.5507
 20
-99.41839999999999
 10
501.9547
 20
-99.41839999999999
  0
LWPOLYLINE
  5
534
330
17
100
AcDbEntity
  8
RECORTE-TEXTO
100
AcDbPolyline
 90
4
 70
1
 10
502.7307
 20
-100.6124
 10
503.3267
 20
-100.6124
 10
503.3267
 20
-99.41839999999999
 10
502.7307
 20
-99.41839999999999
  0
TEXT
  5
535
330
17
100
AcDbEntity
  8
RECORTE-TEXTO
100
AcDbText
 10
503.0287
 20
-99.3184
 30
0.0
 40
0.07
  1
M-62
 72
1
 11
503.0287
 21
-99.3184
 31
0.0
100
AcDbText
 73
2
  0
HATCH
  5
536
330
17
100
AcDbEntity
  8
RECORTE-PIEZA
 62
3
440
33554597
100
AcDbHatch
 10
0.0
 20
0.0
 30
0.0
210
0.0
220
0.0
230
1.0
  2
SOLID
 70
1
 71
0
 91
1
 92
3
 72
0
 73
1
 93
4
 10
502.7307
 20
-100.6124
 10
503.3267
 20
-100.6124
 10
503.3267
 20
-99.9284
 10
502.7307
 20
-99.9284
 97
0
 75
1
 76
1
 98
0
  0
LWPOLYLINE
  5
537
330
17
100
AcDbEntity
  8
RECORTE-PIEZA
100
AcDbPolyline
 90
4
 70
1
 10
502.7307
 20
-100.6124
 10
503.3267
 20
-100.6124
 10
503.3267
 20
-99.9284
 10
502.7307
 20
-99.9284
  0
TEXT
  5
538
330
17
100
AcDbEntity
  8
RECORTE-TEXTO
100
AcDbText
 10
503.0287
 20
-100.2704
 30
0.0
 40
0.05
  1
PA-M-036 -> (506.9,-88.3)
 50
90.0
 72
1
 11
503.0287
 21
-100.2704
 31
0.0
100
AcDbText
 73
2
  0
HATCH
  5
539
330
17
100
AcDbEntity
  8
RECORTE-SOBRANTE
 62
2
440
33554610
100
AcDbHatch
 10
0.0
 20
0.0
 30
0.0
210
0.0
220
0.0
230
1.0
  2
SOLID
 70
1
 71
0
 91
1
 92
3
 72
0
 73
1
 93
4
 10
502.7307
 20
-99.9284
 10
503.3267
 20
-99.9284
 10
503.3267
 20
-99.41839999999999
 10
502.7307
 20
-99.41839999999999
 97
0
 75
1
 76
1
 98
0
  0
LWPOLYLINE
  5
53A
330
17
100
AcDbEntity
  8
RECORTE-SOBRANTE
100
AcDbPolyline
 90
4
 70
1
 10
502.7307
 20
-99.9284
 10
503.3267
 20
-99.9284
 10
503.3267
 20
-99.41839999999999
 10
502.7307
 20
-99.41839999999999
  0
LWPOLYLINE
  5
53B
330
17
100
AcDbEntity
  8
RECORTE-TEXTO
100
AcDbPolyline
 90
4
 70
1
 10
503.5067
 20
-100.6124
 10
504.1027
 20
-100.6124
 10
504.1027
 20
-99.41839999999999
 10
503.5067
 20
-99.41839999999999
  0
TEXT
  5
53C
330
17
100
AcDbEntity
  8
RECORTE-TEXTO
100
AcDbText
 10
503.8047
 20
-99.3184
 30
0.0
 40
0.07
  1
M-63
 72
1
 11
503.8047
 21
-99.3184
 31
0.0
100
AcDbText
 73
2
  0
HATCH
  5
53D
330
17
100
AcDbEntity
  8
RECORTE-PIEZA
 62
3
440
33554597
100
AcDbHatch
 10
0.0
 20
0.0
 30
0.0
210
0.0
220
0.0
230
1.0
  2
SOLID
 70
1
 71
0
 91
1
 92
3
 72
0
 73
1
 93
4
 10
503.5067
 20
-100.6124
 10
504.1027
 20
-100.6124
 10
504.1027
 20
-99.9284
 10
503.5067
 20
-99.9284
 97
0
 75
1
 76
1
 98
0
  0
LWPOLYLINE
  5
53E
330
17
100
AcDbEntity
  8
RECORTE-PIEZA
100
AcDbPolyline
 90
4
 70
1
 10
503.5067
 20
-100.6124
 10
504.1027
 20
-100.6124
 10
504.1027
 20
-99.9284
 10
503.5067
 20
-99.9284
  0
TEXT
  5
53F
330
17
100
AcDbEntity
  8
RECORTE-TEXTO
100
AcDbText
 10
503.8047
 20
-100.2704
 30
0.0
 40
0.05
  1
PA-M-037 -> (507.5,-88.3)
 50
90.0
 72
1
 11
503.8047
 21
-100.2704
 31
0.0
100
AcDbText
 73
2
  0
HATCH
  5
540
330
17
100
AcDbEntity
  8
RECORTE-SOBRANTE
 62
2
440
33554610
100
AcDbHatch
 10
0.0
 20
0.0
 30
0.0
210
0.0
220
0.0
230
1.0
  2
SOLID
 70
1
 71
0
 91
1
 92
3
 72
0
 73
1
 93
4
 10
503.5067
 20
-99.9284
 10
504.1027
 20
-99.9284
 10
504.1027
 20
-99.41839999999999
 10
503.5067
 20
-99.41839999999999
 97
0
 75
1
 76
1
 98
0
  0
LWPOLYLINE
  5
541
330
17
100
AcDbEntity
  8
RECORTE-SOBRANTE
100
AcDbPolyline
 90
4
 70
1
 10
503.5067
 20
-99.9284
 10
504.1027
 20
-99.9284
 10
504.1027
 20
-99.41839999999999
 10
503.5067
 20
-99.41839999999999
  0
LWPOLYLINE
  5
542
330
17
100
AcDbEntity
  8
RECORTE-TEXTO
100
AcDbPolyline
 90
4
 70
1
 10
504.2827
 20
-100.6124
 10
504.8787
 20
-100.6124
 10
504.8787
 20
-99.41839999999999
 10
504.2827
 20
-99.41839999999999
  0
TEXT
  5
543
330
17
100
AcDbEntity
  8
RECORTE-TEXTO
100
AcDbText
 10
504.5807
 20
-99.3184
 30
0.0
 40
0.07
  1
M-64
 72
1
 11
504.5807
 21
-99.3184
 31
0.0
100
AcDbText
 73
2
  0
HATCH
  5
544
330
17
100
AcDbEntity
  8
RECORTE-PIEZA
 62
3
440
33554597
100
AcDbHatch
 10
0.0
 20
0.0
 30
0.0
210
0.0
220
0.0
230
1.0
  2
SOLID
 70
1
 71
0
 91
1
 92
3
 72
0
 73
1
 93
4
 10
504.2827
 20
-100.6124
 10
504.8717
 20
-100.6124
 10
504.8717
 20
-100.0144
 10
504.2827
 20
-100.0144
 97
0
 75
1
 76
1
 98
0
  0
LWPOLYLINE
  5
545
330
17
100
AcDbEntity
  8
RECORTE-PIEZA
100
AcDbPolyline
 90
4
 70
1
 10
504.2827
 20
-100.6124
 10
504.8717
 20
-100.6124
 10
504.8717
 20
-100.0144
 10
504.2827
 20
-100.0144
  0
TEXT
  5
546
330
17
100
AcDbEntity
  8
RECORTE-TEXTO
100
AcDbText
 10
504.5772
 20
-100.31339999999999
 30
0.0
 40
0.05
  1
PB-M-087 -> (496.5,-88.2)
 50
90.0
 72
1
 11
504.5772
 21
-100.31339999999999
 31
0.0
100
AcDbText
 73
2
  0
HATCH
  5
547
330
17
100
AcDbEntity
  8
RECORTE-SOBRANTE
 62
2
440
33554610
100
AcDbHatch
 10
0.0
 20
0.0
 30
0.0
210
0.0
220
0.0
230
1.0
  2
SOLID
 70
1
 71
0
 91
1
 92
3
 72
0
 73
1
 93
4
 10
504.2827
 20
-100.0144
 10
504.8787
 20
-100.0144
 10
504.8787
 20
-99.41839999999999
 10
504.2827
 20
-99.41839999999999
 97
0
 75
1
 76
1
 98
0
  0
LWPOLYLINE
  5
548
330
17
100
AcDbEntity
  8
RECORTE-SOBRANTE
100
AcDbPolyline
 90
4
 70
1
 10
504.2827
 20
-100.0144
 10
504.8787
 20
-100.0144
 10
504.8787
 20
-99.41839999999999
 10
504.2827
 20
-99.41839999999999
  0
LWPOLYLINE
  5
549
330
17
100
AcDbEntity
  8
RECORTE-TEXTO
100
AcDbPolyline
 90
4
 70
1
 10
505.0587
 20
-100.6124
 10
505.6547
 20
-100.6124
 10
505.6547
 20
-99.41839999999999
 10
505.0587
 20
-99.41839999999999
  0
TEXT
  5
54A
330
17
100
AcDbEntity
  8
RECORTE-TEXTO
100
AcDbText
 10
505.3567
 20
-99.3184
 30
0.0
 40
0.07
  1
M-65
 72
1
 11
505.3567
 21
-99.3184
 31
0.0
100
AcDbText
 73
2
  0
HATCH
  5
54B
330
17
100
AcDbEntity
  8
RECORTE-PIEZA
 62
3
440
33554597
100
AcDbHatch
 10
0.0
 20
0.0
 30
0.0
210
0.0
220
0.0
230
1.0
  2
SOLID
 70
1
 71
0
 91
1
 92
3
 72
0
 73
1
 93
4
 10
505.0587
 20
-100.6124
 10
505.3427
 20
-100.6124
 10
505.3427
 20
-99.41839999999999
 10
505.0587
 20
-99.41839999999999
 97
0
 75
1
 76
1
 98
0
  0
LWPOLYLINE
  5
54C
330
17
100
AcDbEntity
  8
RECORTE-PIEZA
100
AcDbPolyline
 90
4
 70
1
 10
505.0587
 20
-100.6124
 10
505.3427
 20
-100.6124
 10
505.3427
 20
-99.41839999999999
 10
505.0587
 20
-99.41839999999999
  0
TEXT
  5
54D
330
17
100
AcDbEntity
  8
RECORTE-TEXTO
100
AcDbText
 10
505.2007
 20
-100.0154
 30
0.0
 40
0.05
  1
PB-M-096 -> (494.5,-88.5)
 50
90.0
 72
1
 11
505.2007
 21
-100.0154
 31
0.0
100
AcDbText
 73
2
  0
HATCH
  5
54E
330
17
100
AcDbEntity
  8
RECORTE-PIEZA
 62
3
440
33554597
100
AcDbHatch
 10
0.0
 20
0.0
 30
0.0
210
0.0
220
0.0
230
1.0
  2
SOLID
 70
1
 71
0
 91
1
 92
3
 72
0
 73
1
 93
4
 10
505.3427
 20
-100.6124
 10
505.62669999999997
 20
-100.6124
 10
505.62669999999997
 20
-99.41839999999999
 10
505.3427
 20
-99.41839999999999
 97
0
 75
1
 76
1
 98
0
  0
LWPOLYLINE
  5
54F
330
17
100
AcDbEntity
  8
RECORTE-PIEZA
100
AcDbPolyline
 90
4
 70
1
 10
505.3427
 20
-100.6124
 10
505.62669999999997
 20
-100.6124
 10
505.62669999999997
 20
-99.41839999999999
 10
505.3427
 20
-99.41839999999999
  0
TEXT
  5
550
330
17
100
AcDbEntity
  8
RECORTE-TEXTO
100
AcDbText
 10
505.4847
 20
-100.0154
 30
0.0
 40
0.05
  1
PB-M-111 -> (494.5,-89.7)
 50
90.0
 72
1
 11
505.4847
 21
-100.0154
 31
0.0
100
AcDbText
 73
2
  0
HATCH
  5
551
330
17
100
AcDbEntity
  8
RECORTE-DESPERDICIO
 62
1
440
33554610
100
AcDbHatch
 10
0.0
 20
0.0
 30
0.0
210
0.0
220
0.0
230
1.0
  2
SOLID
 70
1
 71
0
 91
1
 92
3
 72
0
 73
1
 93
4
 10
505.62669999999997
 20
-100.6124
 10
505.6547
 20
-100.6124
 10
505.6547
 20
-99.41839999999999
 10
505.62669999999997
 20
-99.41839999999999
 97
0
 75
1
 76
1
 98
0
  0
LWPOLYLINE
  5
552
330
17
100
AcDbEntity
  8
RECORTE-DESPERDICIO
100
AcDbPolyline
 90
4
 70
1
 10
505.62669999999997
 20
-100.6124
 10
505.6547
 20
-100.6124
 10
505.6547
 20
-99.41839999999999
 10
505.62669999999997
 20
-99.41839999999999
  0
LWPOLYLINE
  5
553
330
17
100
AcDbEntity
  8
RECORTE-TEXTO
100
AcDbPolyline
 90
4
 70
1
 10
505.8347
 20
-100.6124
 10
506.4307
 20
-100.6124
 10
506.4307
 20
-99.41839999999999
 10
505.8347
 20
-99.41839999999999
  0
TEXT
  5
554
330
17
100
AcDbEntity
  8
RECORTE-TEXTO
100
AcDbText
 10
506.1327
 20
-99.3184
 30
0.0
 40
0.07
  1
M-66
 72
1
 11
506.1327
 21
-99.3184
 31
0.0
100
AcDbText
 73
2
  0
HATCH
  5
555
330
17
100
AcDbEntity
  8
RECORTE-PIEZA
 62
3
440
33554597
100
AcDbHatch
 10
0.0
 20
0.0
 30
0.0
210
0.0
220
0.0
230
1.0
  2
SOLID
 70
1
 71
0
 91
1
 92
3
 72
0
 73
1
 93
4
 10
505.8347
 20
-100.6124
 10
506.3619
 20
-100.6124
 10
506.3619
 20
-100.0144
 10
505.8347
 20
-100.0144
 97
0
 75
1
 76
1
 98
0
  0
LWPOLYLINE
  5
556
330
17
100
AcDbEntity
  8
RECORTE-PIEZA
100
AcDbPolyline
 90
4
 70
1
 10
505.8347
 20
-100.6124
 10
506.3619
 20
-100.6124
 10
506.3619
 20
-100.0144
 10
505.8347
 20
-100.0144
  0
TEXT
  5
557
330
17
100
AcDbEntity
  8
RECORTE-TEXTO
100
AcDbText
 10
506.0983
 20
-100.31339999999999
 30
0.0
 40
0.05
  1
PA-M-002 -> (503.6,-85.2)
 50
90.0
 72
1
 11
506.0983
 21
-100.31339999999999
 31
0.0
100
AcDbText
 73
2
  0
HATCH
  5
558
330
17
100
AcDbEntity
  8
RECORTE-SOBRANTE
 62
2
440
33554610
100
AcDbHatch
 10
0.0
 20
0.0
 30
0.0
210
0.0
220
0.0
230
1.0
  2
SOLID
 70
1
 71
0
 91
1
 92
3
 72
0
 73
1
 93
4
 10
505.8347
 20
-100.0144
 10
506.4307
 20
-100.0144
 10
506.4307
 20
-99.41839999999999
 10
505.8347
 20
-99.41839999999999
 97
0
 75
1
 76
1
 98
0
  0
LWPOLYLINE
  5
559
330
17
100
AcDbEntity
  8
RECORTE-SOBRANTE
100
AcDbPolyline
 90
4
 70
1
 10
505.8347
 20
-100.0144
 10
506.4307
 20
-100.0144
 10
506.4307
 20
-99.41839999999999
 10
505.8347
 20
-99.41839999999999
  0
HATCH
  5
55A
330
17
100
AcDbEntity
  8
RECORTE-DESPERDICIO
 62
1
440
33554610
100
AcDbHatch
 10
0.0
 20
0.0
 30
0.0
210
0.0
220
0.0
230
1.0
  2
SOLID
 70
1
 71
0
 91
1
 92
3
 72
0
 73
1
 93
4
 10
506.3619
 20
-100.6124
 10
506.4307
 20
-100.6124
 10
506.4307
 20
-100.0144
 10
506.3619
 20
-100.0144
 97
0
 75
1
 76
1
 98
0
  0
LWPOLYLINE
  5
55B
330
17
100
AcDbEntity
  8
RECORTE-DESPERDICIO
100
AcDbPolyline
 90
4
 70
1
 10
506.3619
 20
-100.6124
 10
506.4307
 20
-100.6124
 10
506.4307
 20
-100.0144
 10
506.3619
 20
-100.0144
  0
LWPOLYLINE
  5
55C
330
17
100
AcDbEntity
  8
RECORTE-TEXTO
100
AcDbPolyline
 90
4
 70
1
 10
489.5387
 20
-102.2064
 10
490.1347
 20
-102.2064
 10
490.1347
 20
-101.0124
 10
489.5387
 20
-101.0124
  0
TEXT
  5
55D
330
17
100
AcDbEntity
  8
RECORTE-TEXTO
100
AcDbText
 10
489.8367
 20
-100.9124
 30
0.0
 40
0.07
  1
M-67
 72
1
 11
489.8367
 21
-100.9124
 31
0.0
100
AcDbText
 73
2
  0
HATCH
  5
55E
330
17
100
AcDbEntity
  8
RECORTE-PIEZA
 62
3
440
33554597
100
AcDbHatch
 10
0.0
 20
0.0
 30
0.0
210
0.0
220
0.0
230
1.0
  2
SOLID
 70
1
 71
0
 91
1
 92
3
 72
0
 73
1
 93
4
 10
489.5387
 20
-102.2064
 10
489.8087
 20
-102.2064
 10
489.8087
 20
-101.0564
 10
489.5387
 20
-101.0564
 97
0
 75
1
 76
1
 98
0
  0
LWPOLYLINE
  5
55F
330
17
100
AcDbEntity
  8
RECORTE-PIEZA
100
AcDbPolyline
 90
4
 70
1
 10
489.5387
 20
-102.2064
 10
489.8087
 20
-102.2064
 10
489.8087
 20
-101.0564
 10
489.5387
 20
-101.0564
  0
TEXT
  5
560
330
17
100
AcDbEntity
  8
RECORTE-TEXTO
100
AcDbText
 10
489.6737
 20
-101.6314
 30
0.0
 40
0.05
  1
PA-M-029 -> (502.4,-87.3)
 50
90.0
 72
1
 11
489.6737
 21
-101.6314
 31
0.0
100
AcDbText
 73
2
  0
HATCH
  5
561
330
17
100
AcDbEntity
  8
RECORTE-PIEZA
 62
3
440
33554597
100
AcDbHatch
 10
0.0
 20
0.0
 30
0.0
210
0.0
220
0.0
230
1.0
  2
SOLID
 70
1
 71
0
 91
1
 92
3
 72
0
 73
1
 93
4
 10
489.8087
 20
-102.2064
 10
490.07869999999997
 20
-102.2064
 10
490.07869999999997
 20
-101.0564
 10
489.8087
 20
-101.0564
 97
0
 75
1
 76
1
 98
0
  0
LWPOLYLINE
  5
562
330
17
100
AcDbEntity
  8
RECORTE-PIEZA
100
AcDbPolyline
 90
4
 70
1
 10
489.8087
 20
-102.2064
 10
490.07869999999997
 20
-102.2064
 10
490.07869999999997
 20
-101.0564
 10
489.8087
 20
-101.0564
  0
TEXT
  5
563
330
17
100
AcDbEntity
  8
RECORTE-TEXTO
100
AcDbText
 10
489.9437
 20
-101.6314
 30
0.0
 40
0.05
  1
PA-M-028 -> (502.1,-87.3)
 50
90.0
 72
1
 11
489.9437
 21
-101.6314
 31
0.0
100
AcDbText
 73
2
  0
HATCH
  5
564
330
17
100
AcDbEntity
  8
RECORTE-PIEZA
 62
3
440
33554597
100
AcDbHatch
 10
0.0
 20
0.0
 30
0.0
210
0.0
220
0.0
230
1.0
  2
SOLID
 70
1
 71
0
 91
1
 92
3
 72
0
 73
1
 93
4
 10
490.0787
 20
-102.2064
 10
490.1182
 20
-102.2064
 10
490.1182
 20
-101.0954
 10
490.0787
 20
-101.0954
 97
0
 75
1
 76
1
 98
0
  0
LWPOLYLINE
  5
565
330
17
100
AcDbEntity
  8
RECORTE-PIEZA
100
AcDbPolyline
 90
4
 70
1
 10
490.0787
 20
-102.2064
 10
490.1182
 20
-102.2064
 10
490.1182
 20
-101.0954
 10
490.0787
 20
-101.0954
  0
TEXT
  5
566
330
17
100
AcDbEntity
  8
RECORTE-TEXTO
100
AcDbText
 10
490.09845
 20
-101.65090000000001
 30
0.0
 40
0.011285714285714286
  1
PA-M-059 -> (507.8,-90.5)
 50
90.0
 72
1
 11
490.09845
 21
-101.65090000000001
 31
0.0
100
AcDbText
 73
2
  0
HATCH
  5
567
330
17
100
AcDbEntity
  8
RECORTE-DESPERDICIO
 62
1
440
33554610
100
AcDbHatch
 10
0.0
 20
0.0
 30
0.0
210
0.0
220
0.0
230
1.0
  2
SOLID
 70
1
 71
0
 91
1
 92
3
 72
0
 73
1
 93
4
 10
489.5387
 20
-101.0564
 10
489.8087
 20
-101.0564
 10
489.8087
 20
-101.0124
 10
489.5387
 20
-101.0124
 97
0
 75
1
 76
1
 98
0
  0
LWPOLYLINE
  5
568
330
17
100
AcDbEntity
  8
RECORTE-DESPERDICIO
100
AcDbPolyline
 90
4
 70
1
 10
489.5387
 20
-101.0564
 10
489.8087
 20
-101.0564
 10
489.8087
 20
-101.0124
 10
489.5387
 20
-101.0124
  0
HATCH
  5
569
330
17
100
AcDbEntity
  8
RECORTE-DESPERDICIO
 62
1
440
33554610
100
AcDbHatch
 10
0.0
 20
0.0
 30
0.0
210
0.0
220
0.0
230
1.0
  2
SOLID
 70
1
 71
0
 91
1
 92
3
 72
0
 73
1
 93
4
 10
489.8087
 20
-101.0564
 10
490.07869999999997
 20
-101.0564
 10
490.07869999999997
 20
-101.0124
 10
489.8087
 20
-101.0124
 97
0
 75
1
 76
1
 98
0
  0
LWPOLYLINE
  5
56A
330
17
100
AcDbEntity
  8
RECORTE-DESPERDICIO
100
AcDbPolyline
 90
4
 70
1
 10
489.8087
 20
-101.0564
 10
490.07869999999997
 20
-101.0564
 10
490.07869999999997
 20
-101.0124
 10
489.8087
 20
-101.0124
  0
HATCH
  5
56B
330
17
100
AcDbEntity
  8
RECORTE-DESPERDICIO
 62
1
440
33554610
100
AcDbHatch
 10
0.0
 20
0.0
 30
0.0
210
0.0
220
0.0
230
1.0
  2
SOLID
 70
1
 71
0
 91
1
 92
3
 72
0
 73
1
 93
4
 10
490.1182
 20
-102.2064
 10
490.1347
 20
-102.2064
 10
490.1347
 20
-101.0124
 10
490.1182
 20
-101.0124
 97
0
 75
1
 76
1
 98
0
  0
LWPOLYLINE
  5
56C
330
17
100
AcDbEntity
  8
RECORTE-DESPERDICIO
100
AcDbPolyline
 90
4
 70
1
 10
490.1182
 20
-102.2064
 10
490.1347
 20
-102.2064
 10
490.1347
 20
-101.0124
 10
490.1182
 20
-101.0124
  0
HATCH
  5
56D
330
17
100
AcDbEntity
  8
RECORTE-DESPERDICIO
 62
1
440
33554610
100
AcDbHatch
 10
0.0
 20
0.0
 30
0.0
210
0.0
220
0.0
230
1.0
  2
SOLID
 70
1
 71
0
 91
1
 92
3
 72
0
 73
1
 93
4
 10
490.0787
 20
-101.0954
 10
490.1182
 20
-101.0954
 10
490.1182
 20
-101.0124
 10
490.0787
 20
-101.0124
 97
0
 75
1
 76
1
 98
0
  0
LWPOLYLINE
  5
56E
330
17
100
AcDbEntity
  8
RECORTE-DESPERDICIO
100
AcDbPolyline
 90
4
 70
1
 10
490.0787
 20
-101.0954
 10
490.1182
 20
-101.0954
 10
490.1182
 20
-101.0124
 10
490.0787
 20
-101.0124
  0
LWPOLYLINE
  5
56F
330
17
100
AcDbEntity
  8
RECORTE-TEXTO
100
AcDbPolyline
 90
4
 70
1
 10
490.3147
 20
-102.2064
 10
490.9107
 20
-102.2064
 10
490.9107
 20
-101.0124
 10
490.3147
 20
-101.0124
  0
TEXT
  5
570
330
17
100
AcDbEntity
  8
RECORTE-TEXTO
100
AcDbText
 10
490.6127
 20
-100.9124
 30
0.0
 40
0.07
  1
M-68
 72
1
 11
490.6127
 21
-100.9124
 31
0.0
100
AcDbText
 73
2
  0
HATCH
  5
571
330
17
100
AcDbEntity
  8
RECORTE-PIEZA
 62
3
440
33554597
100
AcDbHatch
 10
0.0
 20
0.0
 30
0.0
210
0.0
220
0.0
230
1.0
  2
SOLID
 70
1
 71
0
 91
1
 92
3
 72
0
 73
1
 93
4
 10
490.3147
 20
-102.2064
 10
490.5847
 20
-102.2064
 10
490.5847
 20
-101.0564
 10
490.3147
 20
-101.0564
 97
0
 75
1
 76
1
 98
0
  0
LWPOLYLINE
  5
572
330
17
100
AcDbEntity
  8
RECORTE-PIEZA
100
AcDbPolyline
 90
4
 70
1
 10
490.3147
 20
-102.2064
 10
490.5847
 20
-102.2064
 10
490.5847
 20
-101.0564
 10
490.3147
 20
-101.0564
  0
TEXT
  5
573
330
17
100
AcDbEntity
  8
RECORTE-TEXTO
100
AcDbText
 10
490.4497
 20
-101.6314
 30
0.0
 40
0.05
  1
PA-M-027 -> (501.8,-87.3)
 50
90.0
 72
1
 11
490.4497
 21
-101.6314
 31
0.0
100
AcDbText
 73
2
  0
HATCH
  5
574
330
17
100
AcDbEntity
  8
RECORTE-PIEZA
 62
3
440
33554597
100
AcDbHatch
 10
0.0
 20
0.0
 30
0.0
210
0.0
220
0.0
230
1.0
  2
SOLID
 70
1
 71
0
 91
1
 92
3
 72
0
 73
1
 93
4
 10
490.5847
 20
-102.2064
 10
490.8547
 20
-102.2064
 10
490.8547
 20
-101.0564
 10
490.5847
 20
-101.0564
 97
0
 75
1
 76
1
 98
0
  0
LWPOLYLINE
  5
575
330
17
100
AcDbEntity
  8
RECORTE-PIEZA
100
AcDbPolyline
 90
4
 70
1
 10
490.5847
 20
-102.2064
 10
490.8547
 20
-102.2064
 10
490.8547
 20
-101.0564
 10
490.5847
 20
-101.0564
  0
TEXT
  5
576
330
17
100
AcDbEntity
  8
RECORTE-TEXTO
100
AcDbText
 10
490.7197
 20
-101.6314
 30
0.0
 40
0.05
  1
PA-M-026 -> (501.5,-87.3)
 50
90.0
 72
1
 11
490.7197
 21
-101.6314
 31
0.0
100
AcDbText
 73
2
  0
HATCH
  5
577
330
17
100
AcDbEntity
  8
RECORTE-DESPERDICIO
 62
1
440
33554610
100
AcDbHatch
 10
0.0
 20
0.0
 30
0.0
210
0.0
220
0.0
230
1.0
  2
SOLID
 70
1
 71
0
 91
1
 92
3
 72
0
 73
1
 93
4
 10
490.3147
 20
-101.0564
 10
490.5847
 20
-101.0564
 10
490.5847
 20
-101.0124
 10
490.3147
 20
-101.0124
 97
0
 75
1
 76
1
 98
0
  0
LWPOLYLINE
  5
578
330
17
100
AcDbEntity
  8
RECORTE-DESPERDICIO
100
AcDbPolyline
 90
4
 70
1
 10
490.3147
 20
-101.0564
 10
490.5847
 20
-101.0564
 10
490.5847
 20
-101.0124
 10
490.3147
 20
-101.0124
  0
HATCH
  5
579
330
17
100
AcDbEntity
  8
RECORTE-DESPERDICIO
 62
1
440
33554610
100
AcDbHatch
 10
0.0
 20
0.0
 30
0.0
210
0.0
220
0.0
230
1.0
  2
SOLID
 70
1
 71
0
 91
1
 92
3
 72
0
 73
1
 93
4
 10
490.85470000000004
 20
-102.2064
 10
490.9107
 20
-102.2064
 10
490.9107
 20
-101.0124
 10
490.85470000000004
 20
-101.0124
 97
0
 75
1
 76
1
 98
0
  0
LWPOLYLINE
  5
57A
330
17
100
AcDbEntity
  8
RECORTE-DESPERDICIO
100
AcDbPolyline
 90
4
 70
1
 10
490.85470000000004
 20
-102.2064
 10
490.9107
 20
-102.2064
 10
490.9107
 20
-101.0124
 10
490.85470000000004
 20
-101.0124
  0
HATCH
  5
57B
330
17
100
AcDbEntity
  8
RECORTE-DESPERDICIO
 62
1
440
33554610
100
AcDbHatch
 10
0.0
 20
0.0
 30
0.0
210
0.0
220
0.0
230
1.0
  2
SOLID
 70
1
 71
0
 91
1
 92
3
 72
0
 73
1
 93
4
 10
490.5847
 20
-101.0564
 10
490.8547
 20
-101.0564
 10
490.8547
 20
-101.0124
 10
490.5847
 20
-101.0124
 97
0
 75
1
 76
1
 98
0
  0
LWPOLYLINE
  5
57C
330
17
100
AcDbEntity
  8
RECORTE-DESPERDICIO
100
AcDbPolyline
 90
4
 70
1
 10
490.5847
 20
-101.0564
 10
490.8547
 20
-101.0564
 10
490.8547
 20
-101.0124
 10
490.5847
 20
-101.0124
  0
LWPOLYLINE
  5
57D
330
17
100
AcDbEntity
  8
RECORTE-TEXTO
100
AcDbPolyline
 90
4
 70
1
 10
491.0907
 20
-102.2064
 10
491.68670000000003
 20
-102.2064
 10
491.68670000000003
 20
-101.0124
 10
491.0907
 20
-101.0124
  0
TEXT
  5
57E
330
17
100
AcDbEntity
  8
RECORTE-TEXTO
100
AcDbText
 10
491.38870000000003
 20
-100.9124
 30
0.0
 40
0.07
  1
M-69
 72
1
 11
491.38870000000003
 21
-100.9124
 31
0.0
100
AcDbText
 73
2
  0
HATCH
  5
57F
330
17
100
AcDbEntity
  8
RECORTE-PIEZA
 62
3
440
33554597
100
AcDbHatch
 10
0.0
 20
0.0
 30
0.0
210
0.0
220
0.0
230
1.0
  2
SOLID
 70
1
 71
0
 91
1
 92
3
 72
0
 73
1
 93
4
 10
491.0907
 20
-102.2064
 10
491.3607
 20
-102.2064
 10
491.3607
 20
-101.0564
 10
491.0907
 20
-101.0564
 97
0
 75
1
 76
1
 98
0
  0
LWPOLYLINE
  5
580
330
17
100
AcDbEntity
  8
RECORTE-PIEZA
100
AcDbPolyline
 90
4
 70
1
 10
491.0907
 20
-102.2064
 10
491.3607
 20
-102.2064
 10
491.3607
 20
-101.0564
 10
491.0907
 20
-101.0564
  0
TEXT
  5
581
330
17
100
AcDbEntity
  8
RECORTE-TEXTO
100
AcDbText
 10
491.2257
 20
-101.6314
 30
0.0
 40
0.05
  1
PA-M-025 -> (501.3,-87.3)
 50
90.0
 72
1
 11
491.2257
 21
-101.6314
 31
0.0
100
AcDbText
 73
2
  0
HATCH
  5
582
330
17
100
AcDbEntity
  8
RECORTE-PIEZA
 62
3
440
33554597
100
AcDbHatch
 10
0.0
 20
0.0
 30
0.0
210
0.0
220
0.0
230
1.0
  2
SOLID
 70
1
 71
0
 91
1
 92
3
 72
0
 73
1
 93
4
 10
491.3607
 20
-102.2064
 10
491.6307
 20
-102.2064
 10
491.6307
 20
-101.0564
 10
491.3607
 20
-101.0564
 97
0
 75
1
 76
1
 98
0
  0
LWPOLYLINE
  5
583
330
17
100
AcDbEntity
  8
RECORTE-PIEZA
100
AcDbPolyline
 90
4
 70
1
 10
491.3607
 20
-102.2064
 10
491.6307
 20
-102.2064
 10
491.6307
 20
-101.0564
 10
491.3607
 20
-101.0564
  0
TEXT
  5
584
330
17
100
AcDbEntity
  8
RECORTE-TEXTO
100
AcDbText
 10
491.4957
 20
-101.6314
 30
0.0
 40
0.05
  1
PA-M-024 -> (501.0,-87.3)
 50
90.0
 72
1
 11
491.4957
 21
-101.6314
 31
0.0
100
AcDbText
 73
2
  0
HATCH
  5
585
330
17
100
AcDbEntity
  8
RECORTE-DESPERDICIO
 62
1
440
33554610
100
AcDbHatch
 10
0.0
 20
0.0
 30
0.0
210
0.0
220
0.0
230
1.0
  2
SOLID
 70
1
 71
0
 91
1
 92
3
 72
0
 73
1
 93
4
 10
491.0907
 20
-101.0564
 10
491.3607
 20
-101.0564
 10
491.3607
 20
-101.0124
 10
491.0907
 20
-101.0124
 97
0
 75
1
 76
1
 98
0
  0
LWPOLYLINE
  5
586
330
17
100
AcDbEntity
  8
RECORTE-DESPERDICIO
100
AcDbPolyline
 90
4
 70
1
 10
491.0907
 20
-101.0564
 10
491.3607
 20
-101.0564
 10
491.3607
 20
-101.0124
 10
491.0907
 20
-101.0124
  0
HATCH
  5
587
330
17
100
AcDbEntity
  8
RECORTE-DESPERDICIO
 62
1
440
33554610
100
AcDbHatch
 10
0.0
 20
0.0
 30
0.0
210
0.0
220
0.0
230
1.0
  2
SOLID
 70
1
 71
0
 91
1
 92
3
 72
0
 73
1
 93
4
 10
491.63070000000005
 20
-102.2064
 10
491.68670000000003
 20
-102.2064
 10
491.68670000000003
 20
-101.0124
 10
491.63070000000005
 20
-101.0124
 97
0
 75
1
 76
1
 98
0
  0
LWPOLYLINE
  5
588
330
17
100
AcDbEntity
  8
RECORTE-DESPERDICIO
100
AcDbPolyline
 90
4
 70
1
 10
491.63070000000005
 20
-102.2064
 10
491.68670000000003
 20
-102.2064
 10
491.68670000000003
 20
-101.0124
 10
491.63070000000005
 20
-101.0124
  0
HATCH
  5
589
330
17
100
AcDbEntity
  8
RECORTE-DESPERDICIO
 62
1
440
33554610
100
AcDbHatch
 10
0.0
 20
0.0
 30
0.0
210
0.0
220
0.0
230
1.0
  2
SOLID
 70
1
 71
0
 91
1
 92
3
 72
0
 73
1
 93
4
 10
491.3607
 20
-101.0564
 10
491.6307
 20
-101.0564
 10
491.6307
 20
-101.0124
 10
491.3607
 20
-101.0124
 97
0
 75
1
 76
1
 98
0
  0
LWPOLYLINE
  5
58A
330
17
100
AcDbEntity
  8
RECORTE-DESPERDICIO
100
AcDbPolyline
 90
4
 70
1
 10
491.3607
 20
-101.0564
 10
491.6307
 20
-101.0564
 10
491.6307
 20
-101.0124
 10
491.3607
 20
-101.0124
  0
LWPOLYLINE
  5
58B
330
17
100
AcDbEntity
  8
RECORTE-TEXTO
100
AcDbPolyline
 90
4
 70
1
 10
491.8667
 20
-102.2064
 10
492.4627
 20
-102.2064
 10
492.4627
 20
-101.0124
 10
491.8667
 20
-101.0124
  0
TEXT
  5
58C
330
17
100
AcDbEntity
  8
RECORTE-TEXTO
100
AcDbText
 10
492.1647
 20
-100.9124
 30
0.0
 40
0.07
  1
M-70
 72
1
 11
492.1647
 21
-100.9124
 31
0.0
100
AcDbText
 73
2
  0
HATCH
  5
58D
330
17
100
AcDbEntity
  8
RECORTE-PIEZA
 62
3
440
33554597
100
AcDbHatch
 10
0.0
 20
0.0
 30
0.0
210
0.0
220
0.0
230
1.0
  2
SOLID
 70
1
 71
0
 91
1
 92
3
 72
0
 73
1
 93
4
 10
491.8667
 20
-102.2064
 10
492.13669999999996
 20
-102.2064
 10
492.13669999999996
 20
-101.0564
 10
491.8667
 20
-101.0564
 97
0
 75
1
 76
1
 98
0
  0
LWPOLYLINE
  5
58E
330
17
100
AcDbEntity
  8
RECORTE-PIEZA
100
AcDbPolyline
 90
4
 70
1
 10
491.8667
 20
-102.2064
 10
492.13669999999996
 20
-102.2064
 10
492.13669999999996
 20
-101.0564
 10
491.8667
 20
-101.0564
  0
TEXT
  5
58F
330
17
100
AcDbEntity
  8
RECORTE-TEXTO
100
AcDbText
 10
492.00169999999997
 20
-101.6314
 30
0.0
 40
0.05
  1
PA-M-040 -> (501.0,-88.5)
 50
90.0
 72
1
 11
492.00169999999997
 21
-101.6314
 31
0.0
100
AcDbText
 73
2
  0
HATCH
  5
590
330
17
100
AcDbEntity
  8
RECORTE-PIEZA
 62
3
440
33554597
100
AcDbHatch
 10
0.0
 20
0.0
 30
0.0
210
0.0
220
0.0
230
1.0
  2
SOLID
 70
1
 71
0
 91
1
 92
3
 72
0
 73
1
 93
4
 10
492.13669999999996
 20
-102.2064
 10
492.40669999999994
 20
-102.2064
 10
492.40669999999994
 20
-101.0564
 10
492.13669999999996
 20
-101.0564
 97
0
 75
1
 76
1
 98
0
  0
LWPOLYLINE
  5
591
330
17
100
AcDbEntity
  8
RECORTE-PIEZA
100
AcDbPolyline
 90
4
 70
1
 10
492.13669999999996
 20
-102.2064
 10
492.40669999999994
 20
-102.2064
 10
492.40669999999994
 20
-101.0564
 10
492.13669999999996
 20
-101.0564
  0
TEXT
  5
592
330
17
100
AcDbEntity
  8
RECORTE-TEXTO
100
AcDbText
 10
492.27169999999995
 20
-101.6314
 30
0.0
 40
0.05
  1
PA-M-041 -> (501.3,-88.5)
 50
90.0
 72
1
 11
492.27169999999995
 21
-101.6314
 31
0.0
100
AcDbText
 73
2
  0
HATCH
  5
593
330
17
100
AcDbEntity
  8
RECORTE-DESPERDICIO
 62
1
440
33554610
100
AcDbHatch
 10
0.0
 20
0.0
 30
0.0
210
0.0
220
0.0
230
1.0
  2
SOLID
 70
1
 71
0
 91
1
 92
3
 72
0
 73
1
 93
4
 10
491.8667
 20
-101.0564
 10
492.13669999999996
 20
-101.0564
 10
492.13669999999996
 20
-101.0124
 10
491.8667
 20
-101.0124
 97
0
 75
1
 76
1
 98
0
  0
LWPOLYLINE
  5
594
330
17
100
AcDbEntity
  8
RECORTE-DESPERDICIO
100
AcDbPolyline
 90
4
 70
1
 10
491.8667
 20
-101.0564
 10
492.13669999999996
 20
-101.0564
 10
492.13669999999996
 20
-101.0124
 10
491.8667
 20
-101.0124
  0
HATCH
  5
595
330
17
100
AcDbEntity
  8
RECORTE-DESPERDICIO
 62
1
440
33554610
100
AcDbHatch
 10
0.0
 20
0.0
 30
0.0
210
0.0
220
0.0
230
1.0
  2
SOLID
 70
1
 71
0
 91
1
 92
3
 72
0
 73
1
 93
4
 10
492.4067
 20
-102.2064
 10
492.4627
 20
-102.2064
 10
492.4627
 20
-101.0124
 10
492.4067
 20
-101.0124
 97
0
 75
1
 76
1
 98
0
  0
LWPOLYLINE
  5
596
330
17
100
AcDbEntity
  8
RECORTE-DESPERDICIO
100
AcDbPolyline
 90
4
 70
1
 10
492.4067
 20
-102.2064
 10
492.4627
 20
-102.2064
 10
492.4627
 20
-101.0124
 10
492.4067
 20
-101.0124
  0
HATCH
  5
597
330
17
100
AcDbEntity
  8
RECORTE-DESPERDICIO
 62
1
440
33554610
100
AcDbHatch
 10
0.0
 20
0.0
 30
0.0
210
0.0
220
0.0
230
1.0
  2
SOLID
 70
1
 71
0
 91
1
 92
3
 72
0
 73
1
 93
4
 10
492.13669999999996
 20
-101.0564
 10
492.40669999999994
 20
-101.0564
 10
492.40669999999994
 20
-101.0124
 10
492.13669999999996
 20
-101.0124
 97
0
 75
1
 76
1
 98
0
  0
LWPOLYLINE
  5
598
330
17
100
AcDbEntity
  8
RECORTE-DESPERDICIO
100
AcDbPolyline
 90
4
 70
1
 10
492.13669999999996
 20
-101.0564
 10
492.40669999999994
 20
-101.0564
 10
492.40669999999994
 20
-101.0124
 10
492.13669999999996
 20
-101.0124
  0
LWPOLYLINE
  5
599
330
17
100
AcDbEntity
  8
RECORTE-TEXTO
100
AcDbPolyline
 90
4
 70
1
 10
492.6427
 20
-102.2064
 10
493.2387
 20
-102.2064
 10
493.2387
 20
-101.0124
 10
492.6427
 20
-101.0124
  0
TEXT
  5
59A
330
17
100
AcDbEntity
  8
RECORTE-TEXTO
100
AcDbText
 10
492.9407
 20
-100.9124
 30
0.0
 40
0.07
  1
M-71
 72
1
 11
492.9407
 21
-100.9124
 31
0.0
100
AcDbText
 73
2
  0
HATCH
  5
59B
330
17
100
AcDbEntity
  8
RECORTE-PIEZA
 62
3
440
33554597
100
AcDbHatch
 10
0.0
 20
0.0
 30
0.0
210
0.0
220
0.0
230
1.0
  2
SOLID
 70
1
 71
0
 91
1
 92
3
 72
0
 73
1
 93
4
 10
492.6427
 20
-102.2064
 10
492.9127
 20
-102.2064
 10
492.9127
 20
-101.0564
 10
492.6427
 20
-101.0564
 97
0
 75
1
 76
1
 98
0
  0
LWPOLYLINE
  5
59C
330
17
100
AcDbEntity
  8
RECORTE-PIEZA
100
AcDbPolyline
 90
4
 70
1
 10
492.6427
 20
-102.2064
 10
492.9127
 20
-102.2064
 10
492.9127
 20
-101.0564
 10
492.6427
 20
-101.0564
  0
TEXT
  5
59D
330
17
100
AcDbEntity
  8
RECORTE-TEXTO
100
AcDbText
 10
492.7777
 20
-101.6314
 30
0.0
 40
0.05
  1
PA-M-042 -> (501.5,-88.5)
 50
90.0
 72
1
 11
492.7777
 21
-101.6314
 31
0.0
100
AcDbText
 73
2
  0
HATCH
  5
59E
330
17
100
AcDbEntity
  8
RECORTE-PIEZA
 62
3
440
33554597
100
AcDbHatch
 10
0.0
 20
0.0
 30
0.0
210
0.0
220
0.0
230
1.0
  2
SOLID
 70
1
 71
0
 91
1
 92
3
 72
0
 73
1
 93
4
 10
492.9127
 20
-102.2064
 10
493.18269999999995
 20
-102.2064
 10
493.18269999999995
 20
-101.0564
 10
492.9127
 20
-101.0564
 97
0
 75
1
 76
1
 98
0
  0
LWPOLYLINE
  5
59F
330
17
100
AcDbEntity
  8
RECORTE-PIEZA
100
AcDbPolyline
 90
4
 70
1
 10
492.9127
 20
-102.2064
 10
493.18269999999995
 20
-102.2064
 10
493.18269999999995
 20
-101.0564
 10
492.9127
 20
-101.0564
  0
TEXT
  5
5A0
330
17
100
AcDbEntity
  8
RECORTE-TEXTO
100
AcDbText
 10
493.04769999999996
 20
-101.6314
 30
0.0
 40
0.05
  1
PA-M-043 -> (501.8,-88.5)
 50
90.0
 72
1
 11
493.04769999999996
 21
-101.6314
 31
0.0
100
AcDbText
 73
2
  0
HATCH
  5
5A1
330
17
100
AcDbEntity
  8
RECORTE-DESPERDICIO
 62
1
440
33554610
100
AcDbHatch
 10
0.0
 20
0.0
 30
0.0
210
0.0
220
0.0
230
1.0
  2
SOLID
 70
1
 71
0
 91
1
 92
3
 72
0
 73
1
 93
4
 10
492.6427
 20
-101.0564
 10
492.9127
 20
-101.0564
 10
492.9127
 20
-101.0124
 10
492.6427
 20
-101.0124
 97
0
 75
1
 76
1
 98
0
  0
LWPOLYLINE
  5
5A2
330
17
100
AcDbEntity
  8
RECORTE-DESPERDICIO
100
AcDbPolyline
 90
4
 70
1
 10
492.6427
 20
-101.0564
 10
492.9127
 20
-101.0564
 10
492.9127
 20
-101.0124
 10
492.6427
 20
-101.0124
  0
HATCH
  5
5A3
330
17
100
AcDbEntity
  8
RECORTE-DESPERDICIO
 62
1
440
33554610
100
AcDbHatch
 10
0.0
 20
0.0
 30
0.0
210
0.0
220
0.0
230
1.0
  2
SOLID
 70
1
 71
0
 91
1
 92
3
 72
0
 73
1
 93
4
 10
493.1827
 20
-102.2064
 10
493.2387
 20
-102.2064
 10
493.2387
 20
-101.0124
 10
493.1827
 20
-101.0124
 97
0
 75
1
 76
1
 98
0
  0
LWPOLYLINE
  5
5A4
330
17
100
AcDbEntity
  8
RECORTE-DESPERDICIO
100
AcDbPolyline
 90
4
 70
1
 10
493.1827
 20
-102.2064
 10
493.2387
 20
-102.2064
 10
493.2387
 20
-101.0124
 10
493.1827
 20
-101.0124
  0
HATCH
  5
5A5
330
17
100
AcDbEntity
  8
RECORTE-DESPERDICIO
 62
1
440
33554610
100
AcDbHatch
 10
0.0
 20
0.0
 30
0.0
210
0.0
220
0.0
230
1.0
  2
SOLID
 70
1
 71
0
 91
1
 92
3
 72
0
 73
1
 93
4
 10
492.9127
 20
-101.0564
 10
493.18269999999995
 20
-101.0564
 10
493.18269999999995
 20
-101.0124
 10
492.9127
 20
-101.0124
 97
0
 75
1
 76
1
 98
0
  0
LWPOLYLINE
  5
5A6
330
17
100
AcDbEntity
  8
RECORTE-DESPERDICIO
100
AcDbPolyline
 90
4
 70
1
 10
492.9127
 20
-101.0564
 10
493.18269999999995
 20
-101.0564
 10
493.18269999999995
 20
-101.0124
 10
492.9127
 20
-101.0124
  0
LWPOLYLINE
  5
5A7
330
17
100
AcDbEntity
  8
RECORTE-TEXTO
100
AcDbPolyline
 90
4
 70
1
 10
493.4187
 20
-102.2064
 10
494.0147
 20
-102.2064
 10
494.0147
 20
-101.0124
 10
493.4187
 20
-101.0124
  0
TEXT
  5
5A8
330
17
100
AcDbEntity
  8
RECORTE-TEXTO
100
AcDbText
 10
493.7167
 20
-100.9124
 30
0.0
 40
0.07
  1
M-72
 72
1
 11
493.7167
 21
-100.9124
 31
0.0
100
AcDbText
 73
2
  0
HATCH
  5
5A9
330
17
100
AcDbEntity
  8
RECORTE-PIEZA
 62
3
440
33554597
100
AcDbHatch
 10
0.0
 20
0.0
 30
0.0
210
0.0
220
0.0
230
1.0
  2
SOLID
 70
1
 71
0
 91
1
 92
3
 72
0
 73
1
 93
4
 10
493.4187
 20
-102.2064
 10
493.6887
 20
-102.2064
 10
493.6887
 20
-101.0564
 10
493.4187
 20
-101.0564
 97
0
 75
1
 76
1
 98
0
  0
LWPOLYLINE
  5
5AA
330
17
100
AcDbEntity
  8
RECORTE-PIEZA
100
AcDbPolyline
 90
4
 70
1
 10
493.4187
 20
-102.2064
 10
493.6887
 20
-102.2064
 10
493.6887
 20
-101.0564
 10
493.4187
 20
-101.0564
  0
TEXT
  5
5AB
330
17
100
AcDbEntity
  8
RECORTE-TEXTO
100
AcDbText
 10
493.5537
 20
-101.6314
 30
0.0
 40
0.05
  1
PA-M-044 -> (502.1,-88.5)
 50
90.0
 72
1
 11
493.5537
 21
-101.6314
 31
0.0
100
AcDbText
 73
2
  0
HATCH
  5
5AC
330
17
100
AcDbEntity
  8
RECORTE-PIEZA
 62
3
440
33554597
100
AcDbHatch
 10
0.0
 20
0.0
 30
0.0
210
0.0
220
0.0
230
1.0
  2
SOLID
 70
1
 71
0
 91
1
 92
3
 72
0
 73
1
 93
4
 10
493.6887
 20
-102.2064
 10
493.95869999999996
 20
-102.2064
 10
493.95869999999996
 20
-101.0564
 10
493.6887
 20
-101.0564
 97
0
 75
1
 76
1
 98
0
  0
LWPOLYLINE
  5
5AD
330
17
100
AcDbEntity
  8
RECORTE-PIEZA
100
AcDbPolyline
 90
4
 70
1
 10
493.6887
 20
-102.2064
 10
493.95869999999996
 20
-102.2064
 10
493.95869999999996
 20
-101.0564
 10
493.6887
 20
-101.0564
  0
TEXT
  5
5AE
330
17
100
AcDbEntity
  8
RECORTE-TEXTO
100
AcDbText
 10
493.8237
 20
-101.6314
 30
0.0
 40
0.05
  1
PA-M-045 -> (502.4,-88.5)
 50
90.0
 72
1
 11
493.8237
 21
-101.6314
 31
0.0
100
AcDbText
 73
2
  0
HATCH
  5
5AF
330
17
100
AcDbEntity
  8
RECORTE-DESPERDICIO
 62
1
440
33554610
100
AcDbHatch
 10
0.0
 20
0.0
 30
0.0
210
0.0
220
0.0
230
1.0
  2
SOLID
 70
1
 71
0
 91
1
 92
3
 72
0
 73
1
 93
4
 10
493.4187
 20
-101.0564
 10
493.6887
 20
-101.0564
 10
493.6887
 20
-101.0124
 10
493.4187
 20
-101.0124
 97
0
 75
1
 76
1
 98
0
  0
LWPOLYLINE
  5
5B0
330
17
100
AcDbEntity
  8
RECORTE-DESPERDICIO
100
AcDbPolyline
 90
4
 70
1
 10
493.4187
 20
-101.0564
 10
493.6887
 20
-101.0564
 10
493.6887
 20
-101.0124
 10
493.4187
 20
-101.0124
  0
HATCH
  5
5B1
330
17
100
AcDbEntity
  8
RECORTE-DESPERDICIO
 62
1
440
33554610
100
AcDbHatch
 10
0.0
 20
0.0
 30
0.0
210
0.0
220
0.0
230
1.0
  2
SOLID
 70
1
 71
0
 91
1
 92
3
 72
0
 73
1
 93
4
 10
493.9587
 20
-102.2064
 10
494.0147
 20
-102.2064
 10
494.0147
 20
-101.0124
 10
493.9587
 20
-101.0124
 97
0
 75
1
 76
1
 98
0
  0
LWPOLYLINE
  5
5B2
330
17
100
AcDbEntity
  8
RECORTE-DESPERDICIO
100
AcDbPolyline
 90
4
 70
1
 10
493.9587
 20
-102.2064
 10
494.0147
 20
-102.2064
 10
494.0147
 20
-101.0124
 10
493.9587
 20
-101.0124
  0
HATCH
  5
5B3
330
17
100
AcDbEntity
  8
RECORTE-DESPERDICIO
 62
1
440
33554610
100
AcDbHatch
 10
0.0
 20
0.0
 30
0.0
210
0.0
220
0.0
230
1.0
  2
SOLID
 70
1
 71
0
 91
1
 92
3
 72
0
 73
1
 93
4
 10
493.6887
 20
-101.0564
 10
493.95869999999996
 20
-101.0564
 10
493.95869999999996
 20
-101.0124
 10
493.6887
 20
-101.0124
 97
0
 75
1
 76
1
 98
0
  0
LWPOLYLINE
  5
5B4
330
17
100
AcDbEntity
  8
RECORTE-DESPERDICIO
100
AcDbPolyline
 90
4
 70
1
 10
493.6887
 20
-101.0564
 10
493.95869999999996
 20
-101.0564
 10
493.95869999999996
 20
-101.0124
 10
493.6887
 20
-101.0124
  0
LWPOLYLINE
  5
5B5
330
17
100
AcDbEntity
  8
RECORTE-TEXTO
100
AcDbPolyline
 90
4
 70
1
 10
494.1947
 20
-102.2064
 10
494.7907
 20
-102.2064
 10
494.7907
 20
-101.0124
 10
494.1947
 20
-101.0124
  0
TEXT
  5
5B6
330
17
100
AcDbEntity
  8
RECORTE-TEXTO
100
AcDbText
 10
494.4927
 20
-100.9124
 30
0.0
 40
0.07
  1
M-73
 72
1
 11
494.4927
 21
-100.9124
 31
0.0
100
AcDbText
 73
2
  0
HATCH
  5
5B7
330
17
100
AcDbEntity
  8
RECORTE-PIEZA
 62
3
440
33554597
100
AcDbHatch
 10
0.0
 20
0.0
 30
0.0
210
0.0
220
0.0
230
1.0
  2
SOLID
 70
1
 71
0
 91
1
 92
3
 72
0
 73
1
 93
4
 10
494.1947
 20
-102.2064
 10
494.4467
 20
-102.2064
 10
494.4467
 20
-101.0184
 10
494.1947
 20
-101.0184
 97
0
 75
1
 76
1
 98
0
  0
LWPOLYLINE
  5
5B8
330
17
100
AcDbEntity
  8
RECORTE-PIEZA
100
AcDbPolyline
 90
4
 70
1
 10
494.1947
 20
-102.2064
 10
494.4467
 20
-102.2064
 10
494.4467
 20
-101.0184
 10
494.1947
 20
-101.0184
  0
TEXT
  5
5B9
330
17
100
AcDbEntity
  8
RECORTE-TEXTO
100
AcDbText
 10
494.3207
 20
-101.61240000000001
 30
0.0
 40
0.05
  1
PB-M-144 -> (495.1,-92.1)
 50
90.0
 72
1
 11
494.3207
 21
-101.61240000000001
 31
0.0
100
AcDbText
 73
2
  0
HATCH
  5
5BA
330
17
100
AcDbEntity
  8
RECORTE-PIEZA
 62
3
440
33554597
100
AcDbHatch
 10
0.0
 20
0.0
 30
0.0
210
0.0
220
0.0
230
1.0
  2
SOLID
 70
1
 71
0
 91
1
 92
3
 72
0
 73
1
 93
4
 10
494.4467
 20
-102.2064
 10
494.6967
 20
-102.2064
 10
494.6967
 20
-101.0564
 10
494.4467
 20
-101.0564
 97
0
 75
1
 76
1
 98
0
  0
LWPOLYLINE
  5
5BB
330
17
100
AcDbEntity
  8
RECORTE-PIEZA
100
AcDbPolyline
 90
4
 70
1
 10
494.4467
 20
-102.2064
 10
494.6967
 20
-102.2064
 10
494.6967
 20
-101.0564
 10
494.4467
 20
-101.0564
  0
TEXT
  5
5BC
330
17
100
AcDbEntity
  8
RECORTE-TEXTO
100
AcDbText
 10
494.5717
 20
-101.6314
 30
0.0
 40
0.05
  1
PA-M-030 -> (502.6,-87.3)
 50
90.0
 72
1
 11
494.5717
 21
-101.6314
 31
0.0
100
AcDbText
 73
2
  0
HATCH
  5
5BD
330
17
100
AcDbEntity
  8
RECORTE-PIEZA
 62
3
440
33554597
100
AcDbHatch
 10
0.0
 20
0.0
 30
0.0
210
0.0
220
0.0
230
1.0
  2
SOLID
 70
1
 71
0
 91
1
 92
3
 72
0
 73
1
 93
4
 10
494.6967
 20
-102.2064
 10
494.7747
 20
-102.2064
 10
494.7747
 20
-101.1024
 10
494.6967
 20
-101.1024
 97
0
 75
1
 76
1
 98
0
  0
LWPOLYLINE
  5
5BE
330
17
100
AcDbEntity
  8
RECORTE-PIEZA
100
AcDbPolyline
 90
4
 70
1
 10
494.6967
 20
-102.2064
 10
494.7747
 20
-102.2064
 10
494.7747
 20
-101.1024
 10
494.6967
 20
-101.1024
  0
TEXT
  5
5BF
330
17
100
AcDbEntity
  8
RECORTE-TEXTO
100
AcDbText
 10
494.7357
 20
-101.6544
 30
0.0
 40
0.022285714285714287
  1
PA-M-049 -> (504.2,-89.2)
 50
90.0
 72
1
 11
494.7357
 21
-101.6544
 31
0.0
100
AcDbText
 73
2
  0
HATCH
  5
5C0
330
17
100
AcDbEntity
  8
RECORTE-DESPERDICIO
 62
1
440
33554610
100
AcDbHatch
 10
0.0
 20
0.0
 30
0.0
210
0.0
220
0.0
230
1.0
  2
SOLID
 70
1
 71
0
 91
1
 92
3
 72
0
 73
1
 93
4
 10
494.4467
 20
-101.0564
 10
494.6967
 20
-101.0564
 10
494.6967
 20
-101.0124
 10
494.4467
 20
-101.0124
 97
0
 75
1
 76
1
 98
0
  0
LWPOLYLINE
  5
5C1
330
17
100
AcDbEntity
  8
RECORTE-DESPERDICIO
100
AcDbPolyline
 90
4
 70
1
 10
494.4467
 20
-101.0564
 10
494.6967
 20
-101.0564
 10
494.6967
 20
-101.0124
 10
494.4467
 20
-101.0124
  0
HATCH
  5
5C2
330
17
100
AcDbEntity
  8
RECORTE-DESPERDICIO
 62
1
440
33554610
100
AcDbHatch
 10
0.0
 20
0.0
 30
0.0
210
0.0
220
0.0
230
1.0
  2
SOLID
 70
1
 71
0
 91
1
 92
3
 72
0
 73
1
 93
4
 10
494.7747
 20
-102.2064
 10
494.7907
 20
-102.2064
 10
494.7907
 20
-101.0124
 10
494.7747
 20
-101.0124
 97
0
 75
1
 76
1
 98
0
  0
LWPOLYLINE
  5
5C3
330
17
100
AcDbEntity
  8
RECORTE-DESPERDICIO
100
AcDbPolyline
 90
4
 70
1
 10
494.7747
 20
-102.2064
 10
494.7907
 20
-102.2064
 10
494.7907
 20
-101.0124
 10
494.7747
 20
-101.0124
  0
HATCH
  5
5C4
330
17
100
AcDbEntity
  8
RECORTE-DESPERDICIO
 62
1
440
33554610
100
AcDbHatch
 10
0.0
 20
0.0
 30
0.0
210
0.0
220
0.0
230
1.0
  2
SOLID
 70
1
 71
0
 91
1
 92
3
 72
0
 73
1
 93
4
 10
494.6967
 20
-101.1024
 10
494.7747
 20
-101.1024
 10
494.7747
 20
-101.0124
 10
494.6967
 20
-101.0124
 97
0
 75
1
 76
1
 98
0
  0
LWPOLYLINE
  5
5C5
330
17
100
AcDbEntity
  8
RECORTE-DESPERDICIO
100
AcDbPolyline
 90
4
 70
1
 10
494.6967
 20
-101.1024
 10
494.7747
 20
-101.1024
 10
494.7747
 20
-101.0124
 10
494.6967
 20
-101.0124
  0
LWPOLYLINE
  5
5C6
330
17
100
AcDbEntity
  8
RECORTE-TEXTO
100
AcDbPolyline
 90
4
 70
1
 10
494.9707
 20
-102.2064
 10
495.5667
 20
-102.2064
 10
495.5667
 20
-101.0124
 10
494.9707
 20
-101.0124
  0
TEXT
  5
5C7
330
17
100
AcDbEntity
  8
RECORTE-TEXTO
100
AcDbText
 10
495.2687
 20
-100.9124
 30
0.0
 40
0.07
  1
M-74
 72
1
 11
495.2687
 21
-100.9124
 31
0.0
100
AcDbText
 73
2
  0
HATCH
  5
5C8
330
17
100
AcDbEntity
  8
RECORTE-PIEZA
 62
3
440
33554597
100
AcDbHatch
 10
0.0
 20
0.0
 30
0.0
210
0.0
220
0.0
230
1.0
  2
SOLID
 70
1
 71
0
 91
1
 92
3
 72
0
 73
1
 93
4
 10
494.9707
 20
-102.2064
 10
495.2207
 20
-102.2064
 10
495.2207
 20
-101.0564
 10
494.9707
 20
-101.0564
 97
0
 75
1
 76
1
 98
0
  0
LWPOLYLINE
  5
5C9
330
17
100
AcDbEntity
  8
RECORTE-PIEZA
100
AcDbPolyline
 90
4
 70
1
 10
494.9707
 20
-102.2064
 10
495.2207
 20
-102.2064
 10
495.2207
 20
-101.0564
 10
494.9707
 20
-101.0564
  0
TEXT
  5
5CA
330
17
100
AcDbEntity
  8
RECORTE-TEXTO
100
AcDbText
 10
495.0957
 20
-101.6314
 30
0.0
 40
0.05
  1
PA-M-046 -> (502.6,-88.5)
 50
90.0
 72
1
 11
495.0957
 21
-101.6314
 31
0.0
100
AcDbText
 73
2
  0
HATCH
  5
5CB
330
17
100
AcDbEntity
  8
RECORTE-PIEZA
 62
3
440
33554597
100
AcDbHatch
 10
0.0
 20
0.0
 30
0.0
210
0.0
220
0.0
230
1.0
  2
SOLID
 70
1
 71
0
 91
1
 92
3
 72
0
 73
1
 93
4
 10
495.2207
 20
-102.2064
 10
495.5247
 20
-102.2064
 10
495.5247
 20
-101.6084
 10
495.2207
 20
-101.6084
 97
0
 75
1
 76
1
 98
0
  0
LWPOLYLINE
  5
5CC
330
17
100
AcDbEntity
  8
RECORTE-PIEZA
100
AcDbPolyline
 90
4
 70
1
 10
495.2207
 20
-102.2064
 10
495.5247
 20
-102.2064
 10
495.5247
 20
-101.6084
 10
495.2207
 20
-101.6084
  0
TEXT
  5
5CD
330
17
100
AcDbEntity
  8
RECORTE-TEXTO
100
AcDbText
 10
495.3727
 20
-101.9074
 30
0.0
 40
0.05
  1
PA-M-012 -> (505.4,-86.4)
 50
90.0
 72
1
 11
495.3727
 21
-101.9074
 31
0.0
100
AcDbText
 73
2
  0
HATCH
  5
5CE
330
17
100
AcDbEntity
  8
RECORTE-PIEZA
 62
3
440
33554597
100
AcDbHatch
 10
0.0
 20
0.0
 30
0.0
210
0.0
220
0.0
230
1.0
  2
SOLID
 70
1
 71
0
 91
1
 92
3
 72
0
 73
1
 93
4
 10
495.2207
 20
-101.6084
 10
495.5247
 20
-101.6084
 10
495.5247
 20
-101.0684
 10
495.2207
 20
-101.0684
 97
0
 75
1
 76
1
 98
0
  0
LWPOLYLINE
  5
5CF
330
17
100
AcDbEntity
  8
RECORTE-PIEZA
100
AcDbPolyline
 90
4
 70
1
 10
495.2207
 20
-101.6084
 10
495.5247
 20
-101.6084
 10
495.5247
 20
-101.0684
 10
495.2207
 20
-101.0684
  0
TEXT
  5
5D0
330
17
100
AcDbEntity
  8
RECORTE-TEXTO
100
AcDbText
 10
495.3727
 20
-101.33840000000001
 30
0.0
 40
0.05
  1
PA-M-011 -> (504.8,-86.4)
 50
90.0
 72
1
 11
495.3727
 21
-101.33840000000001
 31
0.0
100
AcDbText
 73
2
  0
HATCH
  5
5D1
330
17
100
AcDbEntity
  8
RECORTE-DESPERDICIO
 62
1
440
33554610
100
AcDbHatch
 10
0.0
 20
0.0
 30
0.0
210
0.0
220
0.0
230
1.0
  2
SOLID
 70
1
 71
0
 91
1
 92
3
 72
0
 73
1
 93
4
 10
494.9707
 20
-101.0564
 10
495.2207
 20
-101.0564
 10
495.2207
 20
-101.0124
 10
494.9707
 20
-101.0124
 97
0
 75
1
 76
1
 98
0
  0
LWPOLYLINE
  5
5D2
330
17
100
AcDbEntity
  8
RECORTE-DESPERDICIO
100
AcDbPolyline
 90
4
 70
1
 10
494.9707
 20
-101.0564
 10
495.2207
 20
-101.0564
 10
495.2207
 20
-101.0124
 10
494.9707
 20
-101.0124
  0
HATCH
  5
5D3
330
17
100
AcDbEntity
  8
RECORTE-DESPERDICIO
 62
1
440
33554610
100
AcDbHatch
 10
0.0
 20
0.0
 30
0.0
210
0.0
220
0.0
230
1.0
  2
SOLID
 70
1
 71
0
 91
1
 92
3
 72
0
 73
1
 93
4
 10
495.5247
 20
-102.2064
 10
495.56669999999997
 20
-102.2064
 10
495.56669999999997
 20
-101.6084
 10
495.5247
 20
-101.6084
 97
0
 75
1
 76
1
 98
0
  0
LWPOLYLINE
  5
5D4
330
17
100
AcDbEntity
  8
RECORTE-DESPERDICIO
100
AcDbPolyline
 90
4
 70
1
 10
495.5247
 20
-102.2064
 10
495.56669999999997
 20
-102.2064
 10
495.56669999999997
 20
-101.6084
 10
495.5247
 20
-101.6084
  0
HATCH
  5
5D5
330
17
100
AcDbEntity
  8
RECORTE-DESPERDICIO
 62
1
440
33554610
100
AcDbHatch
 10
0.0
 20
0.0
 30
0.0
210
0.0
220
0.0
230
1.0
  2
SOLID
 70
1
 71
0
 91
1
 92
3
 72
0
 73
1
 93
4
 10
495.5247
 20
-101.6084
 10
495.56669999999997
 20
-101.6084
 10
495.56669999999997
 20
-101.0124
 10
495.5247
 20
-101.0124
 97
0
 75
1
 76
1
 98
0
  0
LWPOLYLINE
  5
5D6
330
17
100
AcDbEntity
  8
RECORTE-DESPERDICIO
100
AcDbPolyline
 90
4
 70
1
 10
495.5247
 20
-101.6084
 10
495.56669999999997
 20
-101.6084
 10
495.56669999999997
 20
-101.0124
 10
495.5247
 20
-101.0124
  0
HATCH
  5
5D7
330
17
100
AcDbEntity
  8
RECORTE-DESPERDICIO
 62
1
440
33554610
100
AcDbHatch
 10
0.0
 20
0.0
 30
0.0
210
0.0
220
0.0
230
1.0
  2
SOLID
 70
1
 71
0
 91
1
 92
3
 72
0
 73
1
 93
4
 10
495.2207
 20
-101.0684
 10
495.5247
 20
-101.0684
 10
495.5247
 20
-101.0124
 10
495.2207
 20
-101.0124
 97
0
 75
1
 76
1
 98
0
  0
LWPOLYLINE
  5
5D8
330
17
100
AcDbEntity
  8
RECORTE-DESPERDICIO
100
AcDbPolyline
 90
4
 70
1
 10
495.2207
 20
-101.0684
 10
495.5247
 20
-101.0684
 10
495.5247
 20
-101.0124
 10
495.2207
 20
-101.0124
  0
LWPOLYLINE
  5
5D9
330
17
100
AcDbEntity
  8
RECORTE-TEXTO
100
AcDbPolyline
 90
4
 70
1
 10
495.74670000000003
 20
-102.2064
 10
496.34270000000004
 20
-102.2064
 10
496.34270000000004
 20
-101.0124
 10
495.74670000000003
 20
-101.0124
  0
TEXT
  5
5DA
330
17
100
AcDbEntity
  8
RECORTE-TEXTO
100
AcDbText
 10
496.04470000000003
 20
-100.9124
 30
0.0
 40
0.07
  1
M-75
 72
1
 11
496.04470000000003
 21
-100.9124
 31
0.0
100
AcDbText
 73
2
  0
HATCH
  5
5DB
330
17
100
AcDbEntity
  8
RECORTE-PIEZA
 62
3
440
33554597
100
AcDbHatch
 10
0.0
 20
0.0
 30
0.0
210
0.0
220
0.0
230
1.0
  2
SOLID
 70
1
 71
0
 91
1
 92
3
 72
0
 73
1
 93
4
 10
495.74670000000003
 20
-102.2064
 10
496.21770000000004
 20
-102.2064
 10
496.21770000000004
 20
-101.60640000000001
 10
495.74670000000003
 20
-101.60640000000001
 97
0
 75
1
 76
1
 98
0
  0
LWPOLYLINE
  5
5DC
330
17
100
AcDbEntity
  8
RECORTE-PIEZA
100
AcDbPolyline
 90
4
 70
1
 10
495.74670000000003
 20
-102.2064
 10
496.21770000000004
 20
-102.2064
 10
496.21770000000004
 20
-101.60640000000001
 10
495.74670000000003
 20
-101.60640000000001
  0
TEXT
  5
5DD
330
17
100
AcDbEntity
  8
RECORTE-TEXTO
100
AcDbText
 10
495.98220000000003
 20
-101.9064
 30
0.0
 40
0.05
  1
PB-M-083 -> (495.3,-88.2)
 50
90.0
 72
1
 11
495.98220000000003
 21
-101.9064
 31
0.0
100
AcDbText
 73
2
  0
HATCH
  5
5DE
330
17
100
AcDbEntity
  8
RECORTE-PIEZA
 62
3
440
33554597
100
AcDbHatch
 10
0.0
 20
0.0
 30
0.0
210
0.0
220
0.0
230
1.0
  2
SOLID
 70
1
 71
0
 91
1
 92
3
 72
0
 73
1
 93
4
 10
495.74670000000003
 20
-101.60640000000001
 10
496.1827
 20
-101.60640000000001
 10
496.1827
 20
-101.08840000000001
 10
495.74670000000003
 20
-101.08840000000001
 97
0
 75
1
 76
1
 98
0
  0
LWPOLYLINE
  5
5DF
330
17
100
AcDbEntity
  8
RECORTE-PIEZA
100
AcDbPolyline
 90
4
 70
1
 10
495.74670000000003
 20
-101.60640000000001
 10
496.1827
 20
-101.60640000000001
 10
496.1827
 20
-101.08840000000001
 10
495.74670000000003
 20
-101.08840000000001
  0
TEXT
  5
5E0
330
17
100
AcDbEntity
  8
RECORTE-TEXTO
100
AcDbText
 10
495.96470000000005
 20
-101.34740000000001
 30
0.0
 40
0.05
  1
PA-M-003 -> (504.2,-85.3)
 50
90.0
 72
1
 11
495.96470000000005
 21
-101.34740000000001
 31
0.0
100
AcDbText
 73
2
  0
HATCH
  5
5E1
330
17
100
AcDbEntity
  8
RECORTE-SOBRANTE
 62
2
440
33554610
100
AcDbHatch
 10
0.0
 20
0.0
 30
0.0
210
0.0
220
0.0
230
1.0
  2
SOLID
 70
1
 71
0
 91
1
 92
3
 72
0
 73
1
 93
4
 10
496.21770000000004
 20
-102.2064
 10
496.34270000000004
 20
-102.2064
 10
496.34270000000004
 20
-101.60640000000001
 10
496.21770000000004
 20
-101.60640000000001
 97
0
 75
1
 76
1
 98
0
  0
LWPOLYLINE
  5
5E2
330
17
100
AcDbEntity
  8
RECORTE-SOBRANTE
100
AcDbPolyline
 90
4
 70
1
 10
496.21770000000004
 20
-102.2064
 10
496.34270000000004
 20
-102.2064
 10
496.34270000000004
 20
-101.60640000000001
 10
496.21770000000004
 20
-101.60640000000001
  0
HATCH
  5
5E3
330
17
100
AcDbEntity
  8
RECORTE-SOBRANTE
 62
2
440
33554610
100
AcDbHatch
 10
0.0
 20
0.0
 30
0.0
210
0.0
220
0.0
230
1.0
  2
SOLID
 70
1
 71
0
 91
1
 92
3
 72
0
 73
1
 93
4
 10
496.1827
 20
-101.60640000000001
 10
496.34270000000004
 20
-101.60640000000001
 10
496.34270000000004
 20
-101.01240000000001
 10
496.1827
 20
-101.01240000000001
 97
0
 75
1
 76
1
 98
0
  0
LWPOLYLINE
  5
5E4
330
17
100
AcDbEntity
  8
RECORTE-SOBRANTE
100
AcDbPolyline
 90
4
 70
1
 10
496.1827
 20
-101.60640000000001
 10
496.34270000000004
 20
-101.60640000000001
 10
496.34270000000004
 20
-101.01240000000001
 10
496.1827
 20
-101.01240000000001
  0
HATCH
  5
5E5
330
17
100
AcDbEntity
  8
RECORTE-DESPERDICIO
 62
1
440
33554610
100
AcDbHatch
 10
0.0
 20
0.0
 30
0.0
210
0.0
220
0.0
230
1.0
  2
SOLID
 70
1
 71
0
 91
1
 92
3
 72
0
 73
1
 93
4
 10
495.74670000000003
 20
-101.08840000000001
 10
496.1827
 20
-101.08840000000001
 10
496.1827
 20
-101.01240000000001
 10
495.74670000000003
 20
-101.01240000000001
 97
0
 75
1
 76
1
 98
0
  0
LWPOLYLINE
  5
5E6
330
17
100
AcDbEntity
  8
RECORTE-DESPERDICIO
100
AcDbPolyline
 90
4
 70
1
 10
495.74670000000003
 20
-101.08840000000001
 10
496.1827
 20
-101.08840000000001
 10
496.1827
 20
-101.01240000000001
 10
495.74670000000003
 20
-101.01240000000001
  0
LWPOLYLINE
  5
5E7
330
17
100
AcDbEntity
  8
RECORTE-TEXTO
100
AcDbPolyline
 90
4
 70
1
 10
496.5227
 20
-102.2064
 10
497.1187
 20
-102.2064
 10
497.1187
 20
-101.0124
 10
496.5227
 20
-101.0124
  0
TEXT
  5
5E8
330
17
100
AcDbEntity
  8
RECORTE-TEXTO
100
AcDbText
 10
496.8207
 20
-100.9124
 30
0.0
 40
0.07
  1
M-76
 72
1
 11
496.8207
 21
-100.9124
 31
0.0
100
AcDbText
 73
2
  0
HATCH
  5
5E9
330
17
100
AcDbEntity
  8
RECORTE-PIEZA
 62
3
440
33554597
100
AcDbHatch
 10
0.0
 20
0.0
 30
0.0
210
0.0
220
0.0
230
1.0
  2
SOLID
 70
1
 71
0
 91
1
 92
3
 72
0
 73
1
 93
4
 10
496.5227
 20
-102.2064
 10
496.9617
 20
-102.2064
 10
496.9617
 20
-101.60640000000001
 10
496.5227
 20
-101.60640000000001
 97
0
 75
1
 76
1
 98
0
  0
LWPOLYLINE
  5
5EA
330
17
100
AcDbEntity
  8
RECORTE-PIEZA
100
AcDbPolyline
 90
4
 70
1
 10
496.5227
 20
-102.2064
 10
496.9617
 20
-102.2064
 10
496.9617
 20
-101.60640000000001
 10
496.5227
 20
-101.60640000000001
  0
TEXT
  5
5EB
330
17
100
AcDbEntity
  8
RECORTE-TEXTO
100
AcDbText
 10
496.74219999999997
 20
-101.9064
 30
0.0
 40
0.05
  1
PB-M-116 -> (497.1,-89.9)
 50
90.0
 72
1
 11
496.74219999999997
 21
-101.9064
 31
0.0
100
AcDbText
 73
2
  0
HATCH
  5
5EC
330
17
100
AcDbEntity
  8
RECORTE-PIEZA
 62
3
440
33554597
100
AcDbHatch
 10
0.0
 20
0.0
 30
0.0
210
0.0
220
0.0
230
1.0
  2
SOLID
 70
1
 71
0
 91
1
 92
3
 72
0
 73
1
 93
4
 10
496.5227
 20
-101.60640000000001
 10
496.85269999999997
 20
-101.60640000000001
 10
496.85269999999997
 20
-101.01740000000001
 10
496.5227
 20
-101.01740000000001
 97
0
 75
1
 76
1
 98
0
  0
LWPOLYLINE
  5
5ED
330
17
100
AcDbEntity
  8
RECORTE-PIEZA
100
AcDbPolyline
 90
4
 70
1
 10
496.5227
 20
-101.60640000000001
 10
496.85269999999997
 20
-101.60640000000001
 10
496.85269999999997
 20
-101.01740000000001
 10
496.5227
 20
-101.01740000000001
  0
TEXT
  5
5EE
330
17
100
AcDbEntity
  8
RECORTE-TEXTO
100
AcDbText
 10
496.6877
 20
-101.31190000000001
 30
0.0
 40
0.05
  1
PB-M-086 -> (496.0,-88.2)
 50
90.0
 72
1
 11
496.6877
 21
-101.31190000000001
 31
0.0
100
AcDbText
 73
2
  0
HATCH
  5
5EF
330
17
100
AcDbEntity
  8
RECORTE-PIEZA
 62
3
440
33554597
100
AcDbHatch
 10
0.0
 20
0.0
 30
0.0
210
0.0
220
0.0
230
1.0
  2
SOLID
 70
1
 71
0
 91
1
 92
3
 72
0
 73
1
 93
4
 10
496.9617
 20
-102.2064
 10
497.1117
 20
-102.2064
 10
497.1117
 20
-101.7354
 10
496.9617
 20
-101.7354
 97
0
 75
1
 76
1
 98
0
  0
LWPOLYLINE
  5
5F0
330
17
100
AcDbEntity
  8
RECORTE-PIEZA
100
AcDbPolyline
 90
4
 70
1
 10
496.9617
 20
-102.2064
 10
497.1117
 20
-102.2064
 10
497.1117
 20
-101.7354
 10
496.9617
 20
-101.7354
  0
TEXT
  5
5F1
330
17
100
AcDbEntity
  8
RECORTE-TEXTO
100
AcDbText
 10
497.0367
 20
-101.9709
 30
0.0
 40
0.04285714285714286
  1
PB-M-084 -> (495.6,-88.2)
 50
90.0
 72
1
 11
497.0367
 21
-101.9709
 31
0.0
100
AcDbText
 73
2
  0
HATCH
  5
5F2
330
17
100
AcDbEntity
  8
RECORTE-SOBRANTE
 62
2
440
33554610
100
AcDbHatch
 10
0.0
 20
0.0
 30
0.0
210
0.0
220
0.0
230
1.0
  2
SOLID
 70
1
 71
0
 91
1
 92
3
 72
0
 73
1
 93
4
 10
496.85269999999997
 20
-101.60640000000001
 10
497.1187
 20
-101.60640000000001
 10
497.1187
 20
-101.01240000000001
 10
496.85269999999997
 20
-101.01240000000001
 97
0
 75
1
 76
1
 98
0
  0
LWPOLYLINE
  5
5F3
330
17
100
AcDbEntity
  8
RECORTE-SOBRANTE
100
AcDbPolyline
 90
4
 70
1
 10
496.85269999999997
 20
-101.60640000000001
 10
497.1187
 20
-101.60640000000001
 10
497.1187
 20
-101.01240000000001
 10
496.85269999999997
 20
-101.01240000000001
  0
HATCH
  5
5F4
330
17
100
AcDbEntity
  8
RECORTE-SOBRANTE
 62
2
440
33554610
100
AcDbHatch
 10
0.0
 20
0.0
 30
0.0
210
0.0
220
0.0
230
1.0
  2
SOLID
 70
1
 71
0
 91
1
 92
3
 72
0
 73
1
 93
4
 10
496.9617
 20
-101.7354
 10
497.1187
 20
-101.7354
 10
497.1187
 20
-101.6064
 10
496.9617
 20
-101.6064
 97
0
 75
1
 76
1
 98
0
  0
LWPOLYLINE
  5
5F5
330
17
100
AcDbEntity
  8
RECORTE-SOBRANTE
100
AcDbPolyline
 90
4
 70
1
 10
496.9617
 20
-101.7354
 10
497.1187
 20
-101.7354
 10
497.1187
 20
-101.6064
 10
496.9617
 20
-101.6064
  0
LWPOLYLINE
  5
5F6
330
17
100
AcDbEntity
  8
RECORTE-TEXTO
100
AcDbPolyline
 90
4
 70
1
 10
497.2987
 20
-102.2064
 10
497.8947
 20
-102.2064
 10
497.8947
 20
-101.0124
 10
497.2987
 20
-101.0124
  0
TEXT
  5
5F7
330
17
100
AcDbEntity
  8
RECORTE-TEXTO
100
AcDbText
 10
497.5967
 20
-100.9124
 30
0.0
 40
0.07
  1
M-77
 72
1
 11
497.5967
 21
-100.9124
 31
0.0
100
AcDbText
 73
2
  0
HATCH
  5
5F8
330
17
100
AcDbEntity
  8
RECORTE-PIEZA
 62
3
440
33554597
100
AcDbHatch
 10
0.0
 20
0.0
 30
0.0
210
0.0
220
0.0
230
1.0
  2
SOLID
 70
1
 71
0
 91
1
 92
3
 72
0
 73
1
 93
4
 10
497.2987
 20
-102.2064
 10
497.7377
 20
-102.2064
 10
497.7377
 20
-101.60640000000001
 10
497.2987
 20
-101.60640000000001
 97
0
 75
1
 76
1
 98
0
  0
LWPOLYLINE
  5
5F9
330
17
100
AcDbEntity
  8
RECORTE-PIEZA
100
AcDbPolyline
 90
4
 70
1
 10
497.2987
 20
-102.2064
 10
497.7377
 20
-102.2064
 10
497.7377
 20
-101.60640000000001
 10
497.2987
 20
-101.60640000000001
  0
TEXT
  5
5FA
330
17
100
AcDbEntity
  8
RECORTE-TEXTO
100
AcDbText
 10
497.5182
 20
-101.9064
 30
0.0
 40
0.05
  1
PB-M-115 -> (496.5,-89.9)
 50
90.0
 72
1
 11
497.5182
 21
-101.9064
 31
0.0
100
AcDbText
 73
2
  0
HATCH
  5
5FB
330
17
100
AcDbEntity
  8
RECORTE-PIEZA
 62
3
440
33554597
100
AcDbHatch
 10
0.0
 20
0.0
 30
0.0
210
0.0
220
0.0
230
1.0
  2
SOLID
 70
1
 71
0
 91
1
 92
3
 72
0
 73
1
 93
4
 10
497.7377
 20
-102.2064
 10
497.8877
 20
-102.2064
 10
497.8877
 20
-101.7354
 10
497.7377
 20
-101.7354
 97
0
 75
1
 76
1
 98
0
  0
LWPOLYLINE
  5
5FC
330
17
100
AcDbEntity
  8
RECORTE-PIEZA
100
AcDbPolyline
 90
4
 70
1
 10
497.7377
 20
-102.2064
 10
497.8877
 20
-102.2064
 10
497.8877
 20
-101.7354
 10
497.7377
 20
-101.7354
  0
TEXT
  5
5FD
330
17
100
AcDbEntity
  8
RECORTE-TEXTO
100
AcDbText
 10
497.8127
 20
-101.9709
 30
0.0
 40
0.04285714285714286
  1
PB-M-085 -> (495.6,-88.2)
 50
90.0
 72
1
 11
497.8127
 21
-101.9709
 31
0.0
100
AcDbText
 73
2
  0
HATCH
  5
5FE
330
17
100
AcDbEntity
  8
RECORTE-SOBRANTE
 62
2
440
33554610
100
AcDbHatch
 10
0.0
 20
0.0
 30
0.0
210
0.0
220
0.0
230
1.0
  2
SOLID
 70
1
 71
0
 91
1
 92
3
 72
0
 73
1
 93
4
 10
497.2987
 20
-101.60640000000001
 10
497.8947
 20
-101.60640000000001
 10
497.8947
 20
-101.01240000000001
 10
497.2987
 20
-101.01240000000001
 97
0
 75
1
 76
1
 98
0
  0
LWPOLYLINE
  5
5FF
330
17
100
AcDbEntity
  8
RECORTE-SOBRANTE
100
AcDbPolyline
 90
4
 70
1
 10
497.2987
 20
-101.60640000000001
 10
497.8947
 20
-101.60640000000001
 10
497.8947
 20
-101.01240000000001
 10
497.2987
 20
-101.01240000000001
  0
HATCH
  5
600
330
17
100
AcDbEntity
  8
RECORTE-SOBRANTE
 62
2
440
33554610
100
AcDbHatch
 10
0.0
 20
0.0
 30
0.0
210
0.0
220
0.0
230
1.0
  2
SOLID
 70
1
 71
0
 91
1
 92
3
 72
0
 73
1
 93
4
 10
497.7377
 20
-101.7354
 10
497.8947
 20
-101.7354
 10
497.8947
 20
-101.6064
 10
497.7377
 20
-101.6064
 97
0
 75
1
 76
1
 98
0
  0
LWPOLYLINE
  5
601
330
17
100
AcDbEntity
  8
RECORTE-SOBRANTE
100
AcDbPolyline
 90
4
 70
1
 10
497.7377
 20
-101.7354
 10
497.8947
 20
-101.7354
 10
497.8947
 20
-101.6064
 10
497.7377
 20
-101.6064
  0
LWPOLYLINE
  5
602
330
17
100
AcDbEntity
  8
RECORTE-TEXTO
100
AcDbPolyline
 90
4
 70
1
 10
498.0747
 20
-102.2064
 10
498.6707
 20
-102.2064
 10
498.6707
 20
-101.0124
 10
498.0747
 20
-101.0124
  0
TEXT
  5
603
330
17
100
AcDbEntity
  8
RECORTE-TEXTO
100
AcDbText
 10
498.3727
 20
-100.9124
 30
0.0
 40
0.07
  1
M-78
 72
1
 11
498.3727
 21
-100.9124
 31
0.0
100
AcDbText
 73
2
  0
HATCH
  5
604
330
17
100
AcDbEntity
  8
RECORTE-PIEZA
 62
3
440
33554597
100
AcDbHatch
 10
0.0
 20
0.0
 30
0.0
210
0.0
220
0.0
230
1.0
  2
SOLID
 70
1
 71
0
 91
1
 92
3
 72
0
 73
1
 93
4
 10
498.0747
 20
-102.2064
 10
498.51370000000003
 20
-102.2064
 10
498.51370000000003
 20
-101.60640000000001
 10
498.0747
 20
-101.60640000000001
 97
0
 75
1
 76
1
 98
0
  0
LWPOLYLINE
  5
605
330
17
100
AcDbEntity
  8
RECORTE-PIEZA
100
AcDbPolyline
 90
4
 70
1
 10
498.0747
 20
-102.2064
 10
498.51370000000003
 20
-102.2064
 10
498.51370000000003
 20
-101.60640000000001
 10
498.0747
 20
-101.60640000000001
  0
TEXT
  5
606
330
17
100
AcDbEntity
  8
RECORTE-TEXTO
100
AcDbText
 10
498.2942
 20
-101.9064
 30
0.0
 40
0.05
  1
PB-M-114 -> (495.9,-89.9)
 50
90.0
 72
1
 11
498.2942
 21
-101.9064
 31
0.0
100
AcDbText
 73
2
  0
HATCH
  5
607
330
17
100
AcDbEntity
  8
RECORTE-PIEZA
 62
3
440
33554597
100
AcDbHatch
 10
0.0
 20
0.0
 30
0.0
210
0.0
220
0.0
230
1.0
  2
SOLID
 70
1
 71
0
 91
1
 92
3
 72
0
 73
1
 93
4
 10
498.51370000000003
 20
-102.2064
 10
498.64970000000005
 20
-102.2064
 10
498.64970000000005
 20
-101.7354
 10
498.51370000000003
 20
-101.7354
 97
0
 75
1
 76
1
 98
0
  0
LWPOLYLINE
  5
608
330
17
100
AcDbEntity
  8
RECORTE-PIEZA
100
AcDbPolyline
 90
4
 70
1
 10
498.51370000000003
 20
-102.2064
 10
498.64970000000005
 20
-102.2064
 10
498.64970000000005
 20
-101.7354
 10
498.51370000000003
 20
-101.7354
  0
TEXT
  5
609
330
17
100
AcDbEntity
  8
RECORTE-TEXTO
100
AcDbText
 10
498.5817
 20
-101.9709
 30
0.0
 40
0.03885714285714286
  1
PB-M-082 -> (494.9,-88.2)
 50
90.0
 72
1
 11
498.5817
 21
-101.9709
 31
0.0
100
AcDbText
 73
2
  0
HATCH
  5
60A
330
17
100
AcDbEntity
  8
RECORTE-SOBRANTE
 62
2
440
33554610
100
AcDbHatch
 10
0.0
 20
0.0
 30
0.0
210
0.0
220
0.0
230
1.0
  2
SOLID
 70
1
 71
0
 91
1
 92
3
 72
0
 73
1
 93
4
 10
498.0747
 20
-101.60640000000001
 10
498.6707
 20
-101.60640000000001
 10
498.6707
 20
-101.01240000000001
 10
498.0747
 20
-101.01240000000001
 97
0
 75
1
 76
1
 98
0
  0
LWPOLYLINE
  5
60B
330
17
100
AcDbEntity
  8
RECORTE-SOBRANTE
100
AcDbPolyline
 90
4
 70
1
 10
498.0747
 20
-101.60640000000001
 10
498.6707
 20
-101.60640000000001
 10
498.6707
 20
-101.01240000000001
 10
498.0747
 20
-101.01240000000001
  0
HATCH
  5
60C
330
17
100
AcDbEntity
  8
RECORTE-SOBRANTE
 62
2
440
33554610
100
AcDbHatch
 10
0.0
 20
0.0
 30
0.0
210
0.0
220
0.0
230
1.0
  2
SOLID
 70
1
 71
0
 91
1
 92
3
 72
0
 73
1
 93
4
 10
498.51370000000003
 20
-101.7354
 10
498.6707
 20
-101.7354
 10
498.6707
 20
-101.6064
 10
498.51370000000003
 20
-101.6064
 97
0
 75
1
 76
1
 98
0
  0
LWPOLYLINE
  5
60D
330
17
100
AcDbEntity
  8
RECORTE-SOBRANTE
100
AcDbPolyline
 90
4
 70
1
 10
498.51370000000003
 20
-101.7354
 10
498.6707
 20
-101.7354
 10
498.6707
 20
-101.6064
 10
498.51370000000003
 20
-101.6064
  0
HATCH
  5
60E
330
17
100
AcDbEntity
  8
RECORTE-DESPERDICIO
 62
1
440
33554610
100
AcDbHatch
 10
0.0
 20
0.0
 30
0.0
210
0.0
220
0.0
230
1.0
  2
SOLID
 70
1
 71
0
 91
1
 92
3
 72
0
 73
1
 93
4
 10
498.6497
 20
-102.2064
 10
498.6707
 20
-102.2064
 10
498.6707
 20
-101.7354
 10
498.6497
 20
-101.7354
 97
0
 75
1
 76
1
 98
0
  0
LWPOLYLINE
  5
60F
330
17
100
AcDbEntity
  8
RECORTE-DESPERDICIO
100
AcDbPolyline
 90
4
 70
1
 10
498.6497
 20
-102.2064
 10
498.6707
 20
-102.2064
 10
498.6707
 20
-101.7354
 10
498.6497
 20
-101.7354
  0
LWPOLYLINE
  5
610
330
17
100
AcDbEntity
  8
RECORTE-TEXTO
100
AcDbPolyline
 90
4
 70
1
 10
498.8507
 20
-102.2064
 10
499.4467
 20
-102.2064
 10
499.4467
 20
-101.0124
 10
498.8507
 20
-101.0124
  0
TEXT
  5
611
330
17
100
AcDbEntity
  8
RECORTE-TEXTO
100
AcDbText
 10
499.1487
 20
-100.9124
 30
0.0
 40
0.07
  1
M-79
 72
1
 11
499.1487
 21
-100.9124
 31
0.0
100
AcDbText
 73
2
  0
HATCH
  5
612
330
17
100
AcDbEntity
  8
RECORTE-PIEZA
 62
3
440
33554597
100
AcDbHatch
 10
0.0
 20
0.0
 30
0.0
210
0.0
220
0.0
230
1.0
  2
SOLID
 70
1
 71
0
 91
1
 92
3
 72
0
 73
1
 93
4
 10
498.8507
 20
-102.2064
 10
499.28970000000004
 20
-102.2064
 10
499.28970000000004
 20
-101.60640000000001
 10
498.8507
 20
-101.60640000000001
 97
0
 75
1
 76
1
 98
0
  0
LWPOLYLINE
  5
613
330
17
100
AcDbEntity
  8
RECORTE-PIEZA
100
AcDbPolyline
 90
4
 70
1
 10
498.8507
 20
-102.2064
 10
499.28970000000004
 20
-102.2064
 10
499.28970000000004
 20
-101.60640000000001
 10
498.8507
 20
-101.60640000000001
  0
TEXT
  5
614
330
17
100
AcDbEntity
  8
RECORTE-TEXTO
100
AcDbText
 10
499.0702
 20
-101.9064
 30
0.0
 40
0.05
  1
PB-M-113 -> (495.3,-89.9)
 50
90.0
 72
1
 11
499.0702
 21
-101.9064
 31
0.0
100
AcDbText
 73
2
  0
HATCH
  5
615
330
17
100
AcDbEntity
  8
RECORTE-PIEZA
 62
3
440
33554597
100
AcDbHatch
 10
0.0
 20
0.0
 30
0.0
210
0.0
220
0.0
230
1.0
  2
SOLID
 70
1
 71
0
 91
1
 92
3
 72
0
 73
1
 93
4
 10
499.28970000000004
 20
-102.2064
 10
499.42570000000006
 20
-102.2064
 10
499.42570000000006
 20
-101.76740000000001
 10
499.28970000000004
 20
-101.76740000000001
 97
0
 75
1
 76
1
 98
0
  0
LWPOLYLINE
  5
616
330
17
100
AcDbEntity
  8
RECORTE-PIEZA
100
AcDbPolyline
 90
4
 70
1
 10
499.28970000000004
 20
-102.2064
 10
499.42570000000006
 20
-102.2064
 10
499.42570000000006
 20
-101.76740000000001
 10
499.28970000000004
 20
-101.76740000000001
  0
TEXT
  5
617
330
17
100
AcDbEntity
  8
RECORTE-TEXTO
100
AcDbText
 10
499.3577
 20
-101.9869
 30
0.0
 40
0.03885714285714286
  1
PB-M-112 -> (494.9,-89.9)
 50
90.0
 72
1
 11
499.3577
 21
-101.9869
 31
0.0
100
AcDbText
 73
2
  0
HATCH
  5
618
330
17
100
AcDbEntity
  8
RECORTE-SOBRANTE
 62
2
440
33554610
100
AcDbHatch
 10
0.0
 20
0.0
 30
0.0
210
0.0
220
0.0
230
1.0
  2
SOLID
 70
1
 71
0
 91
1
 92
3
 72
0
 73
1
 93
4
 10
498.8507
 20
-101.60640000000001
 10
499.4467
 20
-101.60640000000001
 10
499.4467
 20
-101.01240000000001
 10
498.8507
 20
-101.01240000000001
 97
0
 75
1
 76
1
 98
0
  0
LWPOLYLINE
  5
619
330
17
100
AcDbEntity
  8
RECORTE-SOBRANTE
100
AcDbPolyline
 90
4
 70
1
 10
498.8507
 20
-101.60640000000001
 10
499.4467
 20
-101.60640000000001
 10
499.4467
 20
-101.01240000000001
 10
498.8507
 20
-101.01240000000001
  0
HATCH
  5
61A
330
17
100
AcDbEntity
  8
RECORTE-SOBRANTE
 62
2
440
33554610
100
AcDbHatch
 10
0.0
 20
0.0
 30
0.0
210
0.0
220
0.0
230
1.0
  2
SOLID
 70
1
 71
0
 91
1
 92
3
 72
0
 73
1
 93
4
 10
499.28970000000004
 20
-101.76740000000001
 10
499.4467
 20
-101.76740000000001
 10
499.4467
 20
-101.60640000000001
 10
499.28970000000004
 20
-101.60640000000001
 97
0
 75
1
 76
1
 98
0
  0
LWPOLYLINE
  5
61B
330
17
100
AcDbEntity
  8
RECORTE-SOBRANTE
100
AcDbPolyline
 90
4
 70
1
 10
499.28970000000004
 20
-101.76740000000001
 10
499.4467
 20
-101.76740000000001
 10
499.4467
 20
-101.60640000000001
 10
499.28970000000004
 20
-101.60640000000001
  0
HATCH
  5
61C
330
17
100
AcDbEntity
  8
RECORTE-DESPERDICIO
 62
1
440
33554610
100
AcDbHatch
 10
0.0
 20
0.0
 30
0.0
210
0.0
220
0.0
230
1.0
  2
SOLID
 70
1
 71
0
 91
1
 92
3
 72
0
 73
1
 93
4
 10
499.4257
 20
-102.2064
 10
499.4467
 20
-102.2064
 10
499.4467
 20
-101.76740000000001
 10
499.4257
 20
-101.76740000000001
 97
0
 75
1
 76
1
 98
0
  0
LWPOLYLINE
  5
61D
330
17
100
AcDbEntity
  8
RECORTE-DESPERDICIO
100
AcDbPolyline
 90
4
 70
1
 10
499.4257
 20
-102.2064
 10
499.4467
 20
-102.2064
 10
499.4467
 20
-101.76740000000001
 10
499.4257
 20
-101.76740000000001
  0
LWPOLYLINE
  5
61E
330
17
100
AcDbEntity
  8
RECORTE-TEXTO
100
AcDbPolyline
 90
4
 70
1
 10
499.6267
 20
-102.2064
 10
500.22270000000003
 20
-102.2064
 10
500.22270000000003
 20
-101.0124
 10
499.6267
 20
-101.0124
  0
TEXT
  5
61F
330
17
100
AcDbEntity
  8
RECORTE-TEXTO
100
AcDbText
 10
499.92470000000003
 20
-100.9124
 30
0.0
 40
0.07
  1
M-80
 72
1
 11
499.92470000000003
 21
-100.9124
 31
0.0
100
AcDbText
 73
2
  0
HATCH
  5
620
330
17
100
AcDbEntity
  8
RECORTE-PIEZA
 62
3
440
33554597
100
AcDbHatch
 10
0.0
 20
0.0
 30
0.0
210
0.0
220
0.0
230
1.0
  2
SOLID
 70
1
 71
0
 91
1
 92
3
 72
0
 73
1
 93
4
 10
499.6267
 20
-102.2064
 10
499.9307
 20
-102.2064
 10
499.9307
 20
-101.6084
 10
499.6267
 20
-101.6084
 97
0
 75
1
 76
1
 98
0
  0
LWPOLYLINE
  5
621
330
17
100
AcDbEntity
  8
RECORTE-PIEZA
100
AcDbPolyline
 90
4
 70
1
 10
499.6267
 20
-102.2064
 10
499.9307
 20
-102.2064
 10
499.9307
 20
-101.6084
 10
499.6267
 20
-101.6084
  0
TEXT
  5
622
330
17
100
AcDbEntity
  8
RECORTE-TEXTO
100
AcDbText
 10
499.7787
 20
-101.9074
 30
0.0
 40
0.05
  1
PA-M-013 -> (506.0,-86.4)
 50
90.0
 72
1
 11
499.7787
 21
-101.9074
 31
0.0
100
AcDbText
 73
2
  0
HATCH
  5
623
330
17
100
AcDbEntity
  8
RECORTE-PIEZA
 62
3
440
33554597
100
AcDbHatch
 10
0.0
 20
0.0
 30
0.0
210
0.0
220
0.0
230
1.0
  2
SOLID
 70
1
 71
0
 91
1
 92
3
 72
0
 73
1
 93
4
 10
499.9307
 20
-102.2064
 10
500.2047
 20
-102.2064
 10
500.2047
 20
-101.76740000000001
 10
499.9307
 20
-101.76740000000001
 97
0
 75
1
 76
1
 98
0
  0
LWPOLYLINE
  5
624
330
17
100
AcDbEntity
  8
RECORTE-PIEZA
100
AcDbPolyline
 90
4
 70
1
 10
499.9307
 20
-102.2064
 10
500.2047
 20
-102.2064
 10
500.2047
 20
-101.76740000000001
 10
499.9307
 20
-101.76740000000001
  0
TEXT
  5
625
330
17
100
AcDbEntity
  8
RECORTE-TEXTO
100
AcDbText
 10
500.0677
 20
-101.9869
 30
0.0
 40
0.05
  1
PB-M-117 -> (497.5,-89.9)
 50
90.0
 72
1
 11
500.0677
 21
-101.9869
 31
0.0
100
AcDbText
 73
2
  0
HATCH
  5
626
330
17
100
AcDbEntity
  8
RECORTE-SOBRANTE
 62
2
440
33554610
100
AcDbHatch
 10
0.0
 20
0.0
 30
0.0
210
0.0
220
0.0
230
1.0
  2
SOLID
 70
1
 71
0
 91
1
 92
3
 72
0
 73
1
 93
4
 10
499.6267
 20
-101.6084
 10
500.22270000000003
 20
-101.6084
 10
500.22270000000003
 20
-101.0124
 10
499.6267
 20
-101.0124
 97
0
 75
1
 76
1
 98
0
  0
LWPOLYLINE
  5
627
330
17
100
AcDbEntity
  8
RECORTE-SOBRANTE
100
AcDbPolyline
 90
4
 70
1
 10
499.6267
 20
-101.6084
 10
500.22270000000003
 20
-101.6084
 10
500.22270000000003
 20
-101.0124
 10
499.6267
 20
-101.0124
  0
HATCH
  5
628
330
17
100
AcDbEntity
  8
RECORTE-SOBRANTE
 62
2
440
33554610
100
AcDbHatch
 10
0.0
 20
0.0
 30
0.0
210
0.0
220
0.0
230
1.0
  2
SOLID
 70
1
 71
0
 91
1
 92
3
 72
0
 73
1
 93
4
 10
499.9307
 20
-101.76740000000001
 10
500.2227
 20
-101.76740000000001
 10
500.2227
 20
-101.6084
 10
499.9307
 20
-101.6084
 97
0
 75
1
 76
1
 98
0
  0
LWPOLYLINE
  5
629
330
17
100
AcDbEntity
  8
RECORTE-SOBRANTE
100
AcDbPolyline
 90
4
 70
1
 10
499.9307
 20
-101.76740000000001
 10
500.2227
 20
-101.76740000000001
 10
500.2227
 20
-101.6084
 10
499.9307
 20
-101.6084
  0
HATCH
  5
62A
330
17
100
AcDbEntity
  8
RECORTE-DESPERDICIO
 62
1
440
33554610
100
AcDbHatch
 10
0.0
 20
0.0
 30
0.0
210
0.0
220
0.0
230
1.0
  2
SOLID
 70
1
 71
0
 91
1
 92
3
 72
0
 73
1
 93
4
 10
500.2047
 20
-102.2064
 10
500.2227
 20
-102.2064
 10
500.2227
 20
-101.76740000000001
 10
500.2047
 20
-101.76740000000001
 97
0
 75
1
 76
1
 98
0
  0
LWPOLYLINE
  5
62B
330
17
100
AcDbEntity
  8
RECORTE-DESPERDICIO
100
AcDbPolyline
 90
4
 70
1
 10
500.2047
 20
-102.2064
 10
500.2227
 20
-102.2064
 10
500.2227
 20
-101.76740000000001
 10
500.2047
 20
-101.76740000000001
  0
LWPOLYLINE
  5
62C
330
17
100
AcDbEntity
  8
RECORTE-TEXTO
100
AcDbPolyline
 90
4
 70
1
 10
500.4027
 20
-102.2064
 10
500.9987
 20
-102.2064
 10
500.9987
 20
-101.0124
 10
500.4027
 20
-101.0124
  0
TEXT
  5
62D
330
17
100
AcDbEntity
  8
RECORTE-TEXTO
100
AcDbText
 10
500.7007
 20
-100.9124
 30
0.0
 40
0.07
  1
M-81
 72
1
 11
500.7007
 21
-100.9124
 31
0.0
100
AcDbText
 73
2
  0
HATCH
  5
62E
330
17
100
AcDbEntity
  8
RECORTE-PIEZA
 62
3
440
33554597
100
AcDbHatch
 10
0.0
 20
0.0
 30
0.0
210
0.0
220
0.0
230
1.0
  2
SOLID
 70
1
 71
0
 91
1
 92
3
 72
0
 73
1
 93
4
 10
500.4027
 20
-102.2064
 10
500.6167
 20
-102.2064
 10
500.6167
 20
-101.5184
 10
500.4027
 20
-101.5184
 97
0
 75
1
 76
1
 98
0
  0
LWPOLYLINE
  5
62F
330
17
100
AcDbEntity
  8
RECORTE-PIEZA
100
AcDbPolyline
 90
4
 70
1
 10
500.4027
 20
-102.2064
 10
500.6167
 20
-102.2064
 10
500.6167
 20
-101.5184
 10
500.4027
 20
-101.5184
  0
TEXT
  5
630
330
17
100
AcDbEntity
  8
RECORTE-TEXTO
100
AcDbText
 10
500.5097
 20
-101.86240000000001
 30
0.0
 40
0.05
  1
PA-M-019 -> (506.1,-87.1)
 50
90.0
 72
1
 11
500.5097
 21
-101.86240000000001
 31
0.0
100
AcDbText
 73
2
  0
HATCH
  5
631
330
17
100
AcDbEntity
  8
RECORTE-SOBRANTE
 62
2
440
33554610
100
AcDbHatch
 10
0.0
 20
0.0
 30
0.0
210
0.0
220
0.0
230
1.0
  2
SOLID
 70
1
 71
0
 91
1
 92
3
 72
0
 73
1
 93
4
 10
500.6167
 20
-102.2064
 10
500.9987
 20
-102.2064
 10
500.9987
 20
-101.0124
 10
500.6167
 20
-101.0124
 97
0
 75
1
 76
1
 98
0
  0
LWPOLYLINE
  5
632
330
17
100
AcDbEntity
  8
RECORTE-SOBRANTE
100
AcDbPolyline
 90
4
 70
1
 10
500.6167
 20
-102.2064
 10
500.9987
 20
-102.2064
 10
500.9987
 20
-101.0124
 10
500.6167
 20
-101.0124
  0
HATCH
  5
633
330
17
100
AcDbEntity
  8
RECORTE-SOBRANTE
 62
2
440
33554610
100
AcDbHatch
 10
0.0
 20
0.0
 30
0.0
210
0.0
220
0.0
230
1.0
  2
SOLID
 70
1
 71
0
 91
1
 92
3
 72
0
 73
1
 93
4
 10
500.4027
 20
-101.5184
 10
500.6167
 20
-101.5184
 10
500.6167
 20
-101.0124
 10
500.4027
 20
-101.0124
 97
0
 75
1
 76
1
 98
0
  0
LWPOLYLINE
  5
634
330
17
100
AcDbEntity
  8
RECORTE-SOBRANTE
100
AcDbPolyline
 90
4
 70
1
 10
500.4027
 20
-101.5184
 10
500.6167
 20
-101.5184
 10
500.6167
 20
-101.0124
 10
500.4027
 20
-101.0124
  0
TEXT
  5
635
330
17
100
AcDbEntity
  8
TITULO
 62
5
100
AcDbText
 10
489.5387
 20
-103.7064
 30
0.0
 40
0.22
  1
PISO MORET
 11
489.5387
 21
-103.7064
 31
0.0
100
AcDbText
 73
2
  0
TEXT
  5
636
330
17
100
AcDbEntity
  8
TITULO
 62
5
100
AcDbText
 10
489.5387
 20
-104.1564
 30
0.0
 40
0.18
  1
Piezas completas: 100    Baldosas para recortes: 81
 11
489.5387
 21
-104.1564
 31
0.0
100
AcDbText
 73
2
  0
TEXT
  5
637
330
17
100
AcDbEntity
  8
TITULO
 62
5
100
AcDbText
 10
489.5387
 20
-104.60640000000001
 30
0.0
 40
0.18
  1
Total de piezas: 181    Cajas: 91    (129.22 m2)
 11
489.5387
 21
-104.60640000000001
 31
0.0
100
AcDbText
 73
2
  0
TEXT
  5
638
330
17
100
AcDbEntity
  8
TITULO
 62
5
100
AcDbText
 10
489.5387
 20
-105.0564
 30
0.0
 40
0.18
  1
Sobrante reutilizable: 5.70 m2    Desperdicio: 2.66 m2
 11
489.5387
 21
-105.0564
 31
0.0
100
AcDbText
 73
2
  0
TEXT
  5
639
330
17
100
AcDbEntity
  8
TITULO
 62
5
100
AcDbText
 10
489.5387
 20
-105.5064
 30
0.0
 40
0.18
  1

 11
489.5387
 21
-105.5064
 31
0.0
100
AcDbText
 73
2
  0
TEXT
  5
63A
330
17
100
AcDbEntity
  8
TITULO
 62
5
100
AcDbText
 10
489.5387
 20
-105.9564
 30
0.0
 40
0.18
  1
Elaboro: Ing. Mauricio Gastelum Mora        Fecha: 21/06/2026
 11
489.5387
 21
-105.9564
 31
0.0
100
AcDbText
 73
2
  0
ENDSEC
  0
SECTION
  2
OBJECTS
  0
DICTIONARY
  5
A
330
0
100
AcDbDictionary
281
1
  3
ACAD_COLOR
350
B
  3
ACAD_GROUP
350
C
  3
ACAD_LAYOUT
350
D
  3
ACAD_MATERIAL
350
E
  3
ACAD_MLEADERSTYLE
350
F
  3
ACAD_MLINESTYLE
350
10
  3
ACAD_PLOTSETTINGS
350
11
  3
ACAD_PLOTSTYLENAME
350
12
  3
ACAD_SCALELIST
350
14
  3
ACAD_TABLESTYLE
350
15
  3
ACAD_VISUALSTYLE
350
16
  3
EZDXF_META
350
2D
  0
DICTIONARY
  5
B
330
A
100
AcDbDictionary
281
1
  0
DICTIONARY
  5
C
330
A
100
AcDbDictionary
281
1
  0
DICTIONARY
  5
D
330
A
100
AcDbDictionary
281
1
  3
Model
350
1A
  3
Layout1
350
1E
  0
DICTIONARY
  5
E
330
A
100
AcDbDictionary
281
1
  3
ByBlock
350
1F
  3
ByLayer
350
20
  3
Global
350
21
  0
DICTIONARY
  5
F
330
A
100
AcDbDictionary
281
1
  3
Standard
350
2C
  0
DICTIONARY
  5
10
330
A
100
AcDbDictionary
281
1
  3
Standard
350
22
  0
DICTIONARY
  5
11
330
A
100
AcDbDictionary
281
1
  0
ACDBDICTIONARYWDFLT
  5
12
330
A
100
AcDbDictionary
281
1
  3
Normal
350
13
100
AcDbDictionaryWithDefault
340
13
  0
ACDBPLACEHOLDER
  5
13
330
12
  0
DICTIONARY
  5
14
330
A
100
AcDbDictionary
281
1
  0
DICTIONARY
  5
15
330
A
100
AcDbDictionary
281
1
  0
DICTIONARY
  5
16
330
A
100
AcDbDictionary
281
1
  3
2dWireframe
350
5A
  3
Basic
350
5B
  3
Brighten
350
5C
  3
ColorChange
350
5D
  3
Conceptual
350
5E
  3
Dim
350
5F
  3
EdgeColorOff
350
60
  3
Facepattern
350
61
  3
Flat
350
62
  3
FlatWithEdges
350
63
  3
Gouraud
350
64
  3
GouraudWithEdges
350
65
  3
Hidden
350
66
  3
JitterOff
350
67
  3
Linepattern
350
68
  3
Modeling
350
69
  3
OverhangOff
350
6A
  3
Realistic
350
6B
  3
Shaded
350
6C
  3
Shaded with edges
350
6D
  3
Shades of Gray
350
6E
  3
Sketchy
350
6F
  3
Thicken
350
70
  3
Wireframe
350
71
  3
X-Ray
350
72
  0
LAYOUT
  5
1A
330
D
100
AcDbPlotSettings
  1

  4
A3
  6

 40
7.5
 41
20.0
 42
7.5
 43
20.0
 44
420.0
 45
297.0
 46
0.0
 47
0.0
 48
0.0
 49
0.0
140
0.0
141
0.0
142
1.0
143
1.0
 70
1024
 72
1
 73
0
 74
5
  7

 75
16
 76
0
 77
2
 78
300
147
1.0
148
0.0
149
0.0
100
AcDbLayout
  1
Model
 70
1
 71
0
 10
0.0
 20
0.0
 11
420.0
 21
297.0
 12
0.0
 22
0.0
 32
0.0
 14
1e+20
 24
1e+20
 34
1e+20
 15
-1e+20
 25
-1e+20
 35
-1e+20
146
0.0
 13
0.0
 23
0.0
 33
0.0
 16
1.0
 26
0.0
 36
0.0
 17
0.0
 27
1.0
 37
0.0
 76
1
330
17
  0
LAYOUT
  5
1E
330
D
100
AcDbPlotSettings
  1

  4
A3
  6

 40
7.5
 41
20.0
 42
7.5
 43
20.0
 44
420.0
 45
297.0
 46
0.0
 47
0.0
 48
0.0
 49
0.0
140
0.0
141
0.0
142
1.0
143
1.0
 70
0
 72
1
 73
0
 74
5
  7

 75
16
 76
0
 77
2
 78
300
147
1.0
148
0.0
149
0.0
100
AcDbLayout
  1
Layout1
 70
1
 71
1
 10
0.0
 20
0.0
 11
420.0
 21
297.0
 12
0.0
 22
0.0
 32
0.0
 14
1e+20
 24
1e+20
 34
1e+20
 15
-1e+20
 25
-1e+20
 35
-1e+20
146
0.0
 13
0.0
 23
0.0
 33
0.0
 16
1.0
 26
0.0
 36
0.0
 17
0.0
 27
1.0
 37
0.0
 76
1
330
1B
  0
MATERIAL
  5
1F
102
{ACAD_REACTORS
330
E
102
}
330
E
100
AcDbMaterial
  1
ByBlock
  2

 70
0
 40
1.0
 71
1
 41
1.0
 91
-1023410177
 42
1.0
 72
1
  3

 73
1
 74
1
 75
1
 44
0.5
 73
0
 45
1.0
 46
1.0
 77
1
  4

 78
1
 79
1
170
1
 48
1.0
171
1
  6

172
1
173
1
174
1
140
1.0
141
1.0
175
1
  7

176
1
177
1
178
1
143
1.0
179
1
  8

270
1
271
1
272
1
145
1.0
146
1.0
273
1
  9

274
1
275
1
276
1
 42
1.0
 72
1
  3

 73
1
 74
1
 75
1
 94
63
  0
MATERIAL
  5
20
102
{ACAD_REACTORS
330
E
102
}
330
E
100
AcDbMaterial
  1
ByLayer
  2

 70
0
 40
1.0
 71
1
 41
1.0
 91
-1023410177
 42
1.0
 72
1
  3

 73
1
 74
1
 75
1
 44
0.5
 73
0
 45
1.0
 46
1.0
 77
1
  4

 78
1
 79
1
170
1
 48
1.0
171
1
  6

172
1
173
1
174
1
140
1.0
141
1.0
175
1
  7

176
1
177
1
178
1
143
1.0
179
1
  8

270
1
271
1
272
1
145
1.0
146
1.0
273
1
  9

274
1
275
1
276
1
 42
1.0
 72
1
  3

 73
1
 74
1
 75
1
 94
63
  0
MATERIAL
  5
21
102
{ACAD_REACTORS
330
E
102
}
330
E
100
AcDbMaterial
  1
Global
  2

 70
0
 40
1.0
 71
1
 41
1.0
 91
-1023410177
 42
1.0
 72
1
  3

 73
1
 74
1
 75
1
 44
0.5
 73
0
 45
1.0
 46
1.0
 77
1
  4

 78
1
 79
1
170
1
 48
1.0
171
1
  6

172
1
173
1
174
1
140
1.0
141
1.0
175
1
  7

176
1
177
1
178
1
143
1.0
179
1
  8

270
1
271
1
272
1
145
1.0
146
1.0
273
1
  9

274
1
275
1
276
1
 42
1.0
 72
1
  3

 73
1
 74
1
 75
1
 94
63
  0
MLINESTYLE
  5
22
102
{ACAD_REACTORS
330
10
102
}
330
10
100
AcDbMlineStyle
  2
Standard
 70
0
  3

 62
256
 51
90.0
 52
90.0
 71
2
 49
0.5
 62
256
  6
BYLAYER
 49
-0.5
 62
256
  6
BYLAYER
  0
MLEADERSTYLE
  5
2C
102
{ACAD_REACTORS
330
F
102
}
330
F
100
AcDbMLeaderStyle
179
2
170
2
171
1
172
0
 90
2
 40
0.0
 41
0.0
173
1
 91
-1056964608
 92
-2
290
1
 42
2.0
291
1
 43
8.0
  3
Standard
 44
4.0
300

342
29
174
1
175
1
176
0
178
1
 93
-1056964608
 45
4.0
292
0
297
0
 46
4.0
 94
-1056964608
 47
1.0
 49
1.0
140
1.0
294
1
141
0.0
177
0
142
1.0
295
0
296
0
143
3.75
271
0
272
9
273
9
  0
DICTIONARY
  5
2D
330
A
100
AcDbDictionary
280
1
281
1
  3
CREATED_BY_EZDXF
350
2E
  3
WRITTEN_BY_EZDXF
350
63D
  0
DICTIONARYVAR
  5
2E
330
2D
100
DictionaryVariables
280
0
  1
1.4.4 @ 2026-06-21T07:55:08.570925+00:00
  0
VISUALSTYLE
  5
5A
102
{ACAD_REACTORS
330
16
102
}
330
16
100
AcDbVisualStyle
  2
2dWireframe
 70
4
 90
0
 40
0.6
 62
7
290
0
291
0
  0
VISUALSTYLE
  5
5B
102
{ACAD_REACTORS
330
16
102
}
330
16
100
AcDbVisualStyle
  2
Basic
 70
7
 90
1
 40
0.6
 62
7
290
0
291
1
  0
VISUALSTYLE
  5
5C
102
{ACAD_REACTORS
330
16
102
}
330
16
100
AcDbVisualStyle
  2
Brighten
 70
12
 90
2
 40
0.6
 62
7
290
0
291
1
  0
VISUALSTYLE
  5
5D
102
{ACAD_REACTORS
330
16
102
}
330
16
100
AcDbVisualStyle
  2
ColorChange
 70
16
 90
2
 40
0.6
 62
8
290
0
291
1
  0
VISUALSTYLE
  5
5E
102
{ACAD_REACTORS
330
16
102
}
330
16
100
AcDbVisualStyle
  2
Conceptual
 70
9
 90
3
 40
0.6
 62
7
290
0
291
0
  0
VISUALSTYLE
  5
5F
102
{ACAD_REACTORS
330
16
102
}
330
16
100
AcDbVisualStyle
  2
Dim
 70
11
 90
2
 40
0.6
 62
7
290
0
291
1
  0
VISUALSTYLE
  5
60
102
{ACAD_REACTORS
330
16
102
}
330
16
100
AcDbVisualStyle
  2
EdgeColorOff
 70
22
 90
2
 40
0.6
 62
7
290
0
291
1
  0
VISUALSTYLE
  5
61
102
{ACAD_REACTORS
330
16
102
}
330
16
100
AcDbVisualStyle
  2
Facepattern
 70
15
 90
2
 40
0.6
 62
7
290
0
291
1
  0
VISUALSTYLE
  5
62
102
{ACAD_REACTORS
330
16
102
}
330
16
100
AcDbVisualStyle
  2
Flat
 70
0
 90
2
 40
0.6
 62
7
290
0
291
1
  0
VISUALSTYLE
  5
63
102
{ACAD_REACTORS
330
16
102
}
330
16
100
AcDbVisualStyle
  2
FlatWithEdges
 70
1
 90
2
 40
0.6
 62
7
290
0
291
1
  0
VISUALSTYLE
  5
64
102
{ACAD_REACTORS
330
16
102
}
330
16
100
AcDbVisualStyle
  2
Gouraud
 70
2
 90
2
 40
0.6
 62
7
290
0
291
1
  0
VISUALSTYLE
  5
65
102
{ACAD_REACTORS
330
16
102
}
330
16
100
AcDbVisualStyle
  2
GouraudWithEdges
 70
3
 90
2
 40
0.6
 62
7
290
0
291
1
  0
VISUALSTYLE
  5
66
102
{ACAD_REACTORS
330
16
102
}
330
16
100
AcDbVisualStyle
  2
Hidden
 70
6
 90
1
 40
0.6
 62
7
290
0
291
0
  0
VISUALSTYLE
  5
67
102
{ACAD_REACTORS
330
16
102
}
330
16
100
AcDbVisualStyle
  2
JitterOff
 70
20
 90
2
 40
0.6
 62
7
290
0
291
1
  0
VISUALSTYLE
  5
68
102
{ACAD_REACTORS
330
16
102
}
330
16
100
AcDbVisualStyle
  2
Linepattern
 70
14
 90
2
 40
0.6
 62
7
290
0
291
1
  0
VISUALSTYLE
  5
69
102
{ACAD_REACTORS
330
16
102
}
330
16
100
AcDbVisualStyle
  2
Modeling
 70
10
 90
2
 40
0.6
 62
7
290
0
291
0
  0
VISUALSTYLE
  5
6A
102
{ACAD_REACTORS
330
16
102
}
330
16
100
AcDbVisualStyle
  2
OverhangOff
 70
21
 90
2
 40
0.6
 62
7
290
0
291
1
  0
VISUALSTYLE
  5
6B
102
{ACAD_REACTORS
330
16
102
}
330
16
100
AcDbVisualStyle
  2
Realistic
 70
8
 90
2
 40
0.6
 62
7
290
0
291
0
  0
VISUALSTYLE
  5
6C
102
{ACAD_REACTORS
330
16
102
}
330
16
100
AcDbVisualStyle
  2
Shaded
 70
27
 90
2
 40
0.6
 62
7
290
0
291
0
  0
VISUALSTYLE
  5
6D
102
{ACAD_REACTORS
330
16
102
}
330
16
100
AcDbVisualStyle
  2
Shaded with edges
 70
26
 90
2
 40
0.6
 62
7
290
0
291
0
  0
VISUALSTYLE
  5
6E
102
{ACAD_REACTORS
330
16
102
}
330
16
100
AcDbVisualStyle
  2
Shades of Gray
 70
23
 90
2
 40
0.6
 62
7
290
0
291
0
  0
VISUALSTYLE
  5
6F
102
{ACAD_REACTORS
330
16
102
}
330
16
100
AcDbVisualStyle
  2
Sketchy
 70
24
 90
1
 40
0.6
 62
7
290
0
291
0
  0
VISUALSTYLE
  5
70
102
{ACAD_REACTORS
330
16
102
}
330
16
100
AcDbVisualStyle
  2
Thicken
 70
13
 90
2
 40
0.6
 62
7
290
0
291
1
  0
VISUALSTYLE
  5
71
102
{ACAD_REACTORS
330
16
102
}
330
16
100
AcDbVisualStyle
  2
Wireframe
 70
5
 90
0
 40
0.6
 62
7
290
0
291
0
  0
VISUALSTYLE
  5
72
102
{ACAD_REACTORS
330
16
102
}
330
16
100
AcDbVisualStyle
  2
X-Ray
 70
25
 90
2
 40
0.5
 62
7
290
0
291
0
  0
DICTIONARYVAR
  5
63D
330
2D
100
DictionaryVariables
280
0
  1
1.4.4 @ 2026-06-21T07:55:08.632499+00:00
  0
ENDSEC
  0
EOF
