  0
SECTION
  2
HEADER
  9
$ACADVER
  1
AC1024
  9
$ACADMAINTVER
 70
6
  9
$DWGCODEPAGE
  3
ANSI_1252
  9
$LASTSAVEDBY
  1
ezdxf
  9
$INSBASE
 10
0.0
 20
0.0
 30
0.0
  9
$EXTMIN
 10
1e+20
 20
1e+20
 30
1e+20
  9
$EXTMAX
 10
-1e+20
 20
-1e+20
 30
-1e+20
  9
$LIMMIN
 10
0.0
 20
0.0
  9
$LIMMAX
 10
420.0
 20
297.0
  9
$ORTHOMODE
 70
0
  9
$REGENMODE
 70
1
  9
$FILLMODE
 70
1
  9
$QTEXTMODE
 70
0
  9
$MIRRTEXT
 70
1
  9
$LTSCALE
 40
1.0
  9
$ATTMODE
 70
1
  9
$TEXTSIZE
 40
2.5
  9
$TRACEWID
 40
1.0
  9
$TEXTSTYLE
  7
OpenSans
  9
$CLAYER
  8
0
  9
$CELTYPE
  6
ByLayer
  9
$CECOLOR
 62
256
  9
$CELTSCALE
 40
1.0
  9
$DISPSILH
 70
0
  9
$DIMSCALE
 40
1.0
  9
$DIMASZ
 40
0.175
  9
$DIMEXO
 40
0.125
  9
$DIMDLI
 40
3.75
  9
$DIMRND
 40
0.0
  9
$DIMDLE
 40
0.0
  9
$DIMEXE
 40
0.375
  9
$DIMTP
 40
0.0
  9
$DIMTM
 40
0.0
  9
$DIMTXT
 40
0.25
  9
$DIMCEN
 40
2.5
  9
$DIMTSZ
 40
0.0
  9
$DIMTOL
 70
0
  9
$DIMLIM
 70
0
  9
$DIMTIH
 70
0
  9
$DIMTOH
 70
0
  9
$DIMSE1
 70
0
  9
$DIMSE2
 70
0
  9
$DIMTAD
 70
1
  9
$DIMZIN
 70
12
  9
$DIMBLK
  1
ARCHTICK
  9
$DIMASO
 70
1
  9
$DIMSHO
 70
1
  9
$DIMPOST
  1

  9
$DIMAPOST
  1

  9
$DIMALT
 70
0
  9
$DIMALTD
 70
3
  9
$DIMALTF
 40
0.03937007874
  9
$DIMLFAC
 40
100.0
  9
$DIMTOFL
 70
1
  9
$DIMTVP
 40
0.0
  9
$DIMTIX
 70
0
  9
$DIMSOXD
 70
0
  9
$DIMSAH
 70
0
  9
$DIMBLK1
  1

  9
$DIMBLK2
  1

  9
$DIMSTYLE
  2
EZDXF
  9
$DIMCLRD
 70
0
  9
$DIMCLRE
 70
0
  9
$DIMCLRT
 70
0
  9
$DIMTFAC
 40
0.5
  9
$DIMGAP
 40
0.1
  9
$DIMJUST
 70
0
  9
$DIMSD1
 70
0
  9
$DIMSD2
 70
0
  9
$DIMTOLJ
 70
0
  9
$DIMTZIN
 70
8
  9
$DIMALTZ
 70
0
  9
$DIMALTTZ
 70
0
  9
$DIMUPT
 70
1
  9
$DIMDEC
 70
2
  9
$DIMTDEC
 70
2
  9
$DIMALTU
 70
2
  9
$DIMALTTD
 70
3
  9
$DIMTXSTY
  7
OpenSansCondensed-Light
  9
$DIMAUNIT
 70
0
  9
$DIMADEC
 70
2
  9
$DIMALTRND
 40
0.0
  9
$DIMAZIN
 70
3
  9
$DIMDSEP
 70
46
  9
$DIMATFIT
 70
3
  9
$DIMFRAC
 70
0
  9
$DIMLDRBLK
  1

  9
$DIMLUNIT
 70
2
  9
$DIMLWD
 70
-2
  9
$DIMLWE
 70
-2
  9
$DIMTMOVE
 70
2
  9
$DIMFXL
 40
1.0
  9
$DIMFXLON
 70
0
  9
$DIMJOGANG
 40
0.785398163397
  9
$DIMTFILL
 70
0
  9
$DIMTFILLCLR
 70
0
  9
$DIMARCSYM
 70
0
  9
$DIMLTYPE
  6

  9
$DIMLTEX1
  6

  9
$DIMLTEX2
  6

  9
$DIMTXTDIRECTION
 70
0
  9
$LUNITS
 70
2
  9
$LUPREC
 70
4
  9
$SKETCHINC
 40
1.0
  9
$FILLETRAD
 40
10.0
  9
$AUNITS
 70
0
  9
$AUPREC
 70
2
  9
$MENU
  1
.
  9
$ELEVATION
 40
0.0
  9
$PELEVATION
 40
0.0
  9
$THICKNESS
 40
0.0
  9
$LIMCHECK
 70
0
  9
$CHAMFERA
 40
0.0
  9
$CHAMFERB
 40
0.0
  9
$CHAMFERC
 40
0.0
  9
$CHAMFERD
 40
0.0
  9
$SKPOLY
 70
0
  9
$TDCREATE
 40
2461212.8558217594
  9
$TDUCREATE
 40
2458532.153996898
  9
$TDUPDATE
 40
2461212.8558217594
  9
$TDUUPDATE
 40
2458532.1544311
  9
$TDINDWG
 40
0.0
  9
$TDUSRTIMER
 40
0.0
  9
$USRTIMER
 70
1
  9
$ANGBASE
 50
0.0
  9
$ANGDIR
 70
0
  9
$PDMODE
 70
0
  9
$PDSIZE
 40
0.0
  9
$PLINEWID
 40
0.0
  9
$SPLFRAME
 70
0
  9
$SPLINETYPE
 70
6
  9
$SPLINESEGS
 70
8
  9
$HANDSEED
  5
658
  9
$SURFTAB1
 70
6
  9
$SURFTAB2
 70
6
  9
$SURFTYPE
 70
6
  9
$SURFU
 70
6
  9
$SURFV
 70
6
  9
$UCSBASE
  2

  9
$UCSNAME
  2

  9
$UCSORG
 10
0.0
 20
0.0
 30
0.0
  9
$UCSXDIR
 10
1.0
 20
0.0
 30
0.0
  9
$UCSYDIR
 10
0.0
 20
1.0
 30
0.0
  9
$UCSORTHOREF
  2

  9
$UCSORTHOVIEW
 70
0
  9
$UCSORGTOP
 10
0.0
 20
0.0
 30
0.0
  9
$UCSORGBOTTOM
 10
0.0
 20
0.0
 30
0.0
  9
$UCSORGLEFT
 10
0.0
 20
0.0
 30
0.0
  9
$UCSORGRIGHT
 10
0.0
 20
0.0
 30
0.0
  9
$UCSORGFRONT
 10
0.0
 20
0.0
 30
0.0
  9
$UCSORGBACK
 10
0.0
 20
0.0
 30
0.0
  9
$PUCSBASE
  2

  9
$PUCSNAME
  2

  9
$PUCSORG
 10
0.0
 20
0.0
 30
0.0
  9
$PUCSXDIR
 10
1.0
 20
0.0
 30
0.0
  9
$PUCSYDIR
 10
0.0
 20
1.0
 30
0.0
  9
$PUCSORTHOREF
  2

  9
$PUCSORTHOVIEW
 70
0
  9
$PUCSORGTOP
 10
0.0
 20
0.0
 30
0.0
  9
$PUCSORGBOTTOM
 10
0.0
 20
0.0
 30
0.0
  9
$PUCSORGLEFT
 10
0.0
 20
0.0
 30
0.0
  9
$PUCSORGRIGHT
 10
0.0
 20
0.0
 30
0.0
  9
$PUCSORGFRONT
 10
0.0
 20
0.0
 30
0.0
  9
$PUCSORGBACK
 10
0.0
 20
0.0
 30
0.0
  9
$USERI1
 70
0
  9
$USERI2
 70
0
  9
$USERI3
 70
0
  9
$USERI4
 70
0
  9
$USERI5
 70
0
  9
$USERR1
 40
0.0
  9
$USERR2
 40
0.0
  9
$USERR3
 40
0.0
  9
$USERR4
 40
0.0
  9
$USERR5
 40
0.0
  9
$WORLDVIEW
 70
1
  9
$SHADEDGE
 70
3
  9
$SHADEDIF
 70
70
  9
$TILEMODE
 70
1
  9
$MAXACTVP
 70
64
  9
$PINSBASE
 10
0.0
 20
0.0
 30
0.0
  9
$PLIMCHECK
 70
0
  9
$PEXTMIN
 10
1e+20
 20
1e+20
 30
1e+20
  9
$PEXTMAX
 10
-1e+20
 20
-1e+20
 30
-1e+20
  9
$PLIMMIN
 10
0.0
 20
0.0
  9
$PLIMMAX
 10
420.0
 20
297.0
  9
$UNITMODE
 70
0
  9
$VISRETAIN
 70
1
  9
$PLINEGEN
 70
0
  9
$PSLTSCALE
 70
1
  9
$TREEDEPTH
 70
3020
  9
$CMLSTYLE
  2
Standard
  9
$CMLJUST
 70
0
  9
$CMLSCALE
 40
20.0
  9
$PROXYGRAPHICS
 70
1
  9
$MEASUREMENT
 70
1
  9
$CELWEIGHT
370
-1
  9
$ENDCAPS
280
0
  9
$JOINSTYLE
280
0
  9
$LWDISPLAY
290
0
  9
$INSUNITS
 70
6
  9
$HYPERLINKBASE
  1

  9
$STYLESHEET
  1

  9
$XEDIT
290
1
  9
$CEPSNTYPE
380
0
  9
$PSTYLEMODE
290
1
  9
$FINGERPRINTGUID
  2
{2206603E-4A6F-435E-A896-D2D4D35F66BF}
  9
$VERSIONGUID
  2
{0CBA25F3-602E-4995-967C-172626B16DDE}
  9
$EXTNAMES
290
1
  9
$PSVPSCALE
 40
0.0
  9
$OLESTARTUP
290
0
  9
$SORTENTS
280
127
  9
$INDEXCTL
280
0
  9
$HIDETEXT
280
1
  9
$XCLIPFRAME
280
1
  9
$HALOGAP
280
0
  9
$OBSCOLOR
 70
257
  9
$OBSLTYPE
280
0
  9
$INTERSECTIONDISPLAY
280
0
  9
$INTERSECTIONCOLOR
 70
257
  9
$DIMASSOC
280
2
  9
$PROJECTNAME
  1

  9
$CAMERADISPLAY
290
0
  9
$LENSLENGTH
 40
50.0
  9
$CAMERAHEIGHT
 40
0.0
  9
$STEPSPERSEC
 40
24.0
  9
$STEPSIZE
 40
100.0
  9
$3DDWFPREC
 40
2.0
  9
$PSOLWIDTH
 40
0.005
  9
$PSOLHEIGHT
 40
0.08
  9
$LOFTANG1
 40
1.570796326795
  9
$LOFTANG2
 40
1.570796326795
  9
$LOFTMAG1
 40
0.0
  9
$LOFTMAG2
 40
0.0
  9
$LOFTPARAM
 70
7
  9
$LOFTNORMALS
280
1
  9
$LATITUDE
 40
37.795
  9
$LONGITUDE
 40
-122.394
  9
$NORTHDIRECTION
 40
0.0
  9
$TIMEZONE
 70
-8000
  9
$LIGHTGLYPHDISPLAY
280
1
  9
$TILEMODELIGHTSYNCH
280
1
  9
$CMATERIAL
347
20
  9
$SOLIDHIST
280
0
  9
$SHOWHIST
280
1
  9
$DWFFRAME
280
2
  9
$DGNFRAME
280
2
  9
$REALWORLDSCALE
290
1
  9
$INTERFERECOLOR
 62
256
  9
$CSHADOW
280
0
  9
$SHADOWPLANELOCATION
 40
0.0
  0
ENDSEC
  0
SECTION
  2
CLASSES
  0
CLASS
  1
ACDBDICTIONARYWDFLT
  2
AcDbDictionaryWithDefault
  3
ObjectDBX Classes
 90
0
 91
0
280
0
281
0
  0
CLASS
  1
SUN
  2
AcDbSun
  3
SCENEOE
 90
1153
 91
0
280
0
281
0
  0
CLASS
  1
VISUALSTYLE
  2
AcDbVisualStyle
  3
ObjectDBX Classes
 90
4095
 91
0
280
0
281
0
  0
CLASS
  1
MATERIAL
  2
AcDbMaterial
  3
ObjectDBX Classes
 90
1153
 91
0
280
0
281
0
  0
CLASS
  1
SCALE
  2
AcDbScale
  3
ObjectDBX Classes
 90
1153
 91
0
280
0
281
0
  0
CLASS
  1
TABLESTYLE
  2
AcDbTableStyle
  3
ObjectDBX Classes
 90
4095
 91
0
280
0
281
0
  0
CLASS
  1
MLEADERSTYLE
  2
AcDbMLeaderStyle
  3
ACDB_MLEADERSTYLE_CLASS
 90
4095
 91
0
280
0
281
0
  0
CLASS
  1
DICTIONARYVAR
  2
AcDbDictionaryVar
  3
ObjectDBX Classes
 90
0
 91
0
280
0
281
0
  0
CLASS
  1
CELLSTYLEMAP
  2
AcDbCellStyleMap
  3
ObjectDBX Classes
 90
1152
 91
0
280
0
281
0
  0
CLASS
  1
MENTALRAYRENDERSETTINGS
  2
AcDbMentalRayRenderSettings
  3
SCENEOE
 90
1024
 91
0
280
0
281
0
  0
CLASS
  1
ACDBDETAILVIEWSTYLE
  2
AcDbDetailViewStyle
  3
ObjectDBX Classes
 90
1025
 91
0
280
0
281
0
  0
CLASS
  1
ACDBSECTIONVIEWSTYLE
  2
AcDbSectionViewStyle
  3
ObjectDBX Classes
 90
1025
 91
0
280
0
281
0
  0
CLASS
  1
RASTERVARIABLES
  2
AcDbRasterVariables
  3
ISM
 90
0
 91
0
280
0
281
0
  0
CLASS
  1
ACDBPLACEHOLDER
  2
AcDbPlaceHolder
  3
ObjectDBX Classes
 90
0
 91
0
280
0
281
0
  0
CLASS
  1
LAYOUT
  2
AcDbLayout
  3
ObjectDBX Classes
 90
0
 91
0
280
0
281
0
  0
ENDSEC
  0
SECTION
  2
TABLES
  0
TABLE
  2
VPORT
  5
8
330
0
100
AcDbSymbolTable
 70
1
  0
VPORT
  5
23
330
8
100
AcDbSymbolTableRecord
100
AcDbViewportTableRecord
  2
*Active
 70
0
 10
0.0
 20
0.0
 11
1.0
 21
1.0
 12
0.0
 22
0.0
 13
0.0
 23
0.0
 14
0.5
 24
0.5
 15
0.5
 25
0.5
 16
0.0
 26
0.0
 36
1.0
 17
0.0
 27
0.0
 37
0.0
 40
1000.0
 41
1.34
 42
50.0
 43
0.0
 44
0.0
 50
0.0
 51
0.0
 71
0
 72
1000
 73
1
 74
3
 75
0
 76
0
 77
0
 78
0
281
0
 65
0
146
0.0
  0
ENDTAB
  0
TABLE
  2
LTYPE
  5
2
330
0
100
AcDbSymbolTable
 70
21
  0
LTYPE
  5
24
330
2
100
AcDbSymbolTableRecord
100
AcDbLinetypeTableRecord
  2
ByBlock
 70
0
  3

 72
65
 73
0
 40
0.0
  0
LTYPE
  5
25
330
2
100
AcDbSymbolTableRecord
100
AcDbLinetypeTableRecord
  2
ByLayer
 70
0
  3

 72
65
 73
0
 40
0.0
  0
LTYPE
  5
26
330
2
100
AcDbSymbolTableRecord
100
AcDbLinetypeTableRecord
  2
Continuous
 70
0
  3

 72
65
 73
0
 40
0.0
  0
LTYPE
  5
2F
330
2
100
AcDbSymbolTableRecord
100
AcDbLinetypeTableRecord
  2
CENTER
 70
0
  3
Center ____ _ ____ _ ____ _ ____ _ ____ _ ____
 72
65
 73
4
 40
5.08
 49
3.175
 74
0
 49
-0.635
 74
0
 49
0.635
 74
0
 49
-0.635
 74
0
  0
LTYPE
  5
30
330
2
100
AcDbSymbolTableRecord
100
AcDbLinetypeTableRecord
  2
CENTERX2
 70
0
  3
Center (2x) ________  __  ________  __  ________
 72
65
 73
4
 40
8.89
 49
6.35
 74
0
 49
-0.635
 74
0
 49
1.27
 74
0
 49
-0.635
 74
0
  0
LTYPE
  5
31
330
2
100
AcDbSymbolTableRecord
100
AcDbLinetypeTableRecord
  2
CENTER2
 70
0
  3
Center (.5x) ____ _ ____ _ ____ _ ____ _ ____
 72
65
 73
4
 40
2.54
 49
1.587
 74
0
 49
-0.318
 74
0
 49
0.318
 74
0
 49
-0.318
 74
0
  0
LTYPE
  5
32
330
2
100
AcDbSymbolTableRecord
100
AcDbLinetypeTableRecord
  2
DASHED
 70
0
  3
Dashed __ __ __ __ __ __ __ __ __ __ __ __ __ _
 72
65
 73
2
 40
1.524
 49
1.27
 74
0
 49
-0.254
 74
0
  0
LTYPE
  5
33
330
2
100
AcDbSymbolTableRecord
100
AcDbLinetypeTableRecord
  2
DASHEDX2
 70
0
  3
Dashed (2x) ____  ____  ____  ____  ____  ____
 72
65
 73
2
 40
3.048
 49
2.54
 74
0
 49
-0.508
 74
0
  0
LTYPE
  5
34
330
2
100
AcDbSymbolTableRecord
100
AcDbLinetypeTableRecord
  2
DASHED2
 70
0
  3
Dashed (.5x) _ _ _ _ _ _ _ _ _ _ _ _ _ _
 72
65
 73
2
 40
0.762
 49
0.635
 74
0
 49
-0.127
 74
0
  0
LTYPE
  5
35
330
2
100
AcDbSymbolTableRecord
100
AcDbLinetypeTableRecord
  2
PHANTOM
 70
0
  3
Phantom ______  __  __  ______  __  __  ______
 72
65
 73
6
 40
6.35
 49
3.175
 74
0
 49
-0.635
 74
0
 49
0.635
 74
0
 49
-0.635
 74
0
 49
0.635
 74
0
 49
-0.635
 74
0
  0
LTYPE
  5
36
330
2
100
AcDbSymbolTableRecord
100
AcDbLinetypeTableRecord
  2
PHANTOMX2
 70
0
  3
Phantom (2x)____________    ____    ____    ____________
 72
65
 73
6
 40
10.795
 49
6.35
 74
0
 49
-0.635
 74
0
 49
1.27
 74
0
 49
-0.635
 74
0
 49
1.27
 74
0
 49
-0.635
 74
0
  0
LTYPE
  5
37
330
2
100
AcDbSymbolTableRecord
100
AcDbLinetypeTableRecord
  2
PHANTOM2
 70
0
  3
Phantom (.5x) ___ _ _ ___ _ _ ___ _ _ ___ _ _ ___
 72
65
 73
6
 40
3.175
 49
1.587
 74
0
 49
-0.318
 74
0
 49
0.318
 74
0
 49
-0.318
 74
0
 49
0.318
 74
0
 49
-0.318
 74
0
  0
LTYPE
  5
38
330
2
100
AcDbSymbolTableRecord
100
AcDbLinetypeTableRecord
  2
DASHDOT
 70
0
  3
Dash dot __ . __ . __ . __ . __ . __ . __ . __
 72
65
 73
4
 40
3.556
 49
2.54
 74
0
 49
-0.508
 74
0
 49
0.0
 74
0
 49
-0.508
 74
0
  0
LTYPE
  5
39
330
2
100
AcDbSymbolTableRecord
100
AcDbLinetypeTableRecord
  2
DASHDOTX2
 70
0
  3
Dash dot (2x) ____  .  ____  .  ____  .  ____
 72
65
 73
4
 40
6.096
 49
5.08
 74
0
 49
-0.508
 74
0
 49
0.0
 74
0
 49
-0.508
 74
0
  0
LTYPE
  5
3A
330
2
100
AcDbSymbolTableRecord
100
AcDbLinetypeTableRecord
  2
DASHDOT2
 70
0
  3
Dash dot (.5x) _ . _ . _ . _ . _ . _ . _ . _
 72
65
 73
4
 40
1.778
 49
1.27
 74
0
 49
-0.254
 74
0
 49
0.0
 74
0
 49
-0.254
 74
0
  0
LTYPE
  5
3B
330
2
100
AcDbSymbolTableRecord
100
AcDbLinetypeTableRecord
  2
DOT
 70
0
  3
Dot .  .  .  .  .  .  .  .  .  .  .  .  .  .  .  .
 72
65
 73
2
 40
0.508
 49
0.0
 74
0
 49
-0.508
 74
0
  0
LTYPE
  5
3C
330
2
100
AcDbSymbolTableRecord
100
AcDbLinetypeTableRecord
  2
DOTX2
 70
0
  3
Dot (2x) .    .    .    .    .    .    .    . 
 72
65
 73
2
 40
1.016
 49
0.0
 74
0
 49
-1.016
 74
0
  0
LTYPE
  5
3D
330
2
100
AcDbSymbolTableRecord
100
AcDbLinetypeTableRecord
  2
DOT2
 70
0
  3
Dot (.5) . . . . . . . . . . . . . . . . . . . 
 72
65
 73
2
 40
0.254
 49
0.0
 74
0
 49
-0.254
 74
0
  0
LTYPE
  5
3E
330
2
100
AcDbSymbolTableRecord
100
AcDbLinetypeTableRecord
  2
DIVIDE
 70
0
  3
Divide __ . . __ . . __ . . __ . . __ . . __
 72
65
 73
6
 40
4.064
 49
2.54
 74
0
 49
-0.508
 74
0
 49
0.0
 74
0
 49
-0.508
 74
0
 49
0.0
 74
0
 49
-0.508
 74
0
  0
LTYPE
  5
3F
330
2
100
AcDbSymbolTableRecord
100
AcDbLinetypeTableRecord
  2
DIVIDEX2
 70
0
  3
Divide (2x) ____  . .  ____  . .  ____  . .  ____
 72
65
 73
6
 40
6.604
 49
5.08
 74
0
 49
-0.508
 74
0
 49
0.0
 74
0
 49
-0.508
 74
0
 49
0.0
 74
0
 49
-0.508
 74
0
  0
LTYPE
  5
40
330
2
100
AcDbSymbolTableRecord
100
AcDbLinetypeTableRecord
  2
DIVIDE2
 70
0
  3
Divide(.5x) _ . _ . _ . _ . _ . _ . _ . _
 72
65
 73
6
 40
2.032
 49
1.27
 74
0
 49
-0.254
 74
0
 49
0.0
 74
0
 49
-0.254
 74
0
 49
0.0
 74
0
 49
-0.254
 74
0
  0
ENDTAB
  0
TABLE
  2
LAYER
  5
1
330
0
100
AcDbSymbolTable
 70
8
  0
LAYER
  5
27
330
1
100
AcDbSymbolTableRecord
100
AcDbLayerTableRecord
  2
0
 70
0
 62
7
  6
Continuous
370
-3
390
13
347
21
  0
LAYER
  5
28
330
1
100
AcDbSymbolTableRecord
100
AcDbLayerTableRecord
  2
Defpoints
 70
0
 62
7
  6
Continuous
290
0
370
-3
390
13
347
21
  0
LAYER
  5
8A
330
1
100
AcDbSymbolTableRecord
100
AcDbLayerTableRecord
  2
BALDOSA
 70
0
 62
7
  6
Continuous
370
-3
390
13
347
21
1001
AcAecLayerStandard
1000

1000
borde de la baldosa completa
  0
LAYER
  5
8C
330
1
100
AcDbSymbolTableRecord
100
AcDbLayerTableRecord
  2
PIEZA
 70
0
 62
3
  6
Continuous
370
-3
390
13
347
21
1001
AcAecLayerStandard
1000

1000
pieza que se corta y se usa
  0
LAYER
  5
8D
330
1
100
AcDbSymbolTableRecord
100
AcDbLayerTableRecord
  2
PIEZA_TXT
 70
0
 62
7
  6
Continuous
370
-3
390
13
347
21
1001
AcAecLayerStandard
1000

1000
etiqueta de la pieza
  0
LAYER
  5
8E
330
1
100
AcDbSymbolTableRecord
100
AcDbLayerTableRecord
  2
SOBRANTE
 70
0
 62
2
  6
Continuous
370
-3
390
13
347
21
1001
AcAecLayerStandard
1000

1000
sobrante reutilizable
  0
LAYER
  5
8F
330
1
100
AcDbSymbolTableRecord
100
AcDbLayerTableRecord
  2
DESPERDICIO
 70
0
 62
1
  6
Continuous
370
-3
390
13
347
21
1001
AcAecLayerStandard
1000

1000
merma, tira muy chica
  0
LAYER
  5
90
330
1
100
AcDbSymbolTableRecord
100
AcDbLayerTableRecord
  2
TITULO
 70
0
 62
5
  6
Continuous
370
-3
390
13
347
21
1001
AcAecLayerStandard
1000

1000
titulos
  0
ENDTAB
  0
TABLE
  2
STYLE
  5
5
330
0
100
AcDbSymbolTable
 70
26
  0
STYLE
  5
29
330
5
100
AcDbSymbolTableRecord
100
AcDbTextStyleTableRecord
  2
Standard
 70
0
 40
0.0
 41
1.0
 50
0.0
 71
0
 42
2.5
  3
txt
  4

  0
STYLE
  5
41
330
5
100
AcDbSymbolTableRecord
100
AcDbTextStyleTableRecord
  2
OpenSans-Light
 70
0
 40
0.0
 41
1.0
 50
0.0
 71
0
 42
2.5
  3
OpenSans-Light.ttf
  4

  0
STYLE
  5
42
330
5
100
AcDbSymbolTableRecord
100
AcDbTextStyleTableRecord
  2
OpenSans-Light-Italic
 70
0
 40
0.0
 41
1.0
 50
0.0
 71
0
 42
2.5
  3
OpenSans-LightItalic.ttf
  4

  0
STYLE
  5
43
330
5
100
AcDbSymbolTableRecord
100
AcDbTextStyleTableRecord
  2
OpenSans
 70
0
 40
0.0
 41
1.0
 50
0.0
 71
0
 42
2.5
  3
OpenSans-Regular.ttf
  4

  0
STYLE
  5
44
330
5
100
AcDbSymbolTableRecord
100
AcDbTextStyleTableRecord
  2
OpenSans-Italic
 70
0
 40
0.0
 41
1.0
 50
0.0
 71
0
 42
2.5
  3
OpenSans-Italic.ttf
  4

  0
STYLE
  5
45
330
5
100
AcDbSymbolTableRecord
100
AcDbTextStyleTableRecord
  2
OpenSans-SemiBold
 70
0
 40
0.0
 41
1.0
 50
0.0
 71
0
 42
2.5
  3
OpenSans-SemiBold.ttf
  4

  0
STYLE
  5
46
330
5
100
AcDbSymbolTableRecord
100
AcDbTextStyleTableRecord
  2
OpenSans-SemiBoldItalic
 70
0
 40
0.0
 41
1.0
 50
0.0
 71
0
 42
2.5
  3
OpenSans-SemiBoldItalic.ttf
  4

  0
STYLE
  5
47
330
5
100
AcDbSymbolTableRecord
100
AcDbTextStyleTableRecord
  2
OpenSans-Bold
 70
0
 40
0.0
 41
1.0
 50
0.0
 71
0
 42
2.5
  3
OpenSans-Bold.ttf
  4

  0
STYLE
  5
48
330
5
100
AcDbSymbolTableRecord
100
AcDbTextStyleTableRecord
  2
OpenSans-BoldItalic
 70
0
 40
0.0
 41
1.0
 50
0.0
 71
0
 42
2.5
  3
OpenSans-BoldItalic.ttf
  4

  0
STYLE
  5
49
330
5
100
AcDbSymbolTableRecord
100
AcDbTextStyleTableRecord
  2
OpenSans-ExtraBold
 70
0
 40
0.0
 41
1.0
 50
0.0
 71
0
 42
2.5
  3
OpenSans-ExtraBold.ttf
  4

  0
STYLE
  5
4A
330
5
100
AcDbSymbolTableRecord
100
AcDbTextStyleTableRecord
  2
OpenSans-ExtraBoldItalic
 70
0
 40
0.0
 41
1.0
 50
0.0
 71
0
 42
2.5
  3
OpenSans-ExtraBoldItalic.ttf
  4

  0
STYLE
  5
4B
330
5
100
AcDbSymbolTableRecord
100
AcDbTextStyleTableRecord
  2
OpenSansCondensed-Bold
 70
0
 40
0.0
 41
1.0
 50
0.0
 71
0
 42
2.5
  3
OpenSansCondensed-Bold.ttf
  4

  0
STYLE
  5
4C
330
5
100
AcDbSymbolTableRecord
100
AcDbTextStyleTableRecord
  2
OpenSansCondensed-Light
 70
0
 40
0.0
 41
1.0
 50
0.0
 71
0
 42
2.5
  3
OpenSansCondensed-Light.ttf
  4

  0
STYLE
  5
4D
330
5
100
AcDbSymbolTableRecord
100
AcDbTextStyleTableRecord
  2
OpenSansCondensed-Italic
 70
0
 40
0.0
 41
1.0
 50
0.0
 71
0
 42
2.5
  3
OpenSansCondensed-LightItalic.ttf
  4

  0
STYLE
  5
4E
330
5
100
AcDbSymbolTableRecord
100
AcDbTextStyleTableRecord
  2
LiberationSans
 70
0
 40
0.0
 41
1.0
 50
0.0
 71
0
 42
2.5
  3
LiberationSans-Regular.ttf
  4

  0
STYLE
  5
4F
330
5
100
AcDbSymbolTableRecord
100
AcDbTextStyleTableRecord
  2
LiberationSans-Bold
 70
0
 40
0.0
 41
1.0
 50
0.0
 71
0
 42
2.5
  3
LiberationSans-Bold.ttf
  4

  0
STYLE
  5
50
330
5
100
AcDbSymbolTableRecord
100
AcDbTextStyleTableRecord
  2
LiberationSans-BoldItalic
 70
0
 40
0.0
 41
1.0
 50
0.0
 71
0
 42
2.5
  3
LiberationSans-BoldItalic.ttf
  4

  0
STYLE
  5
51
330
5
100
AcDbSymbolTableRecord
100
AcDbTextStyleTableRecord
  2
LiberationSans-Italic
 70
0
 40
0.0
 41
1.0
 50
0.0
 71
0
 42
2.5
  3
LiberationSans-Italic.ttf
  4

  0
STYLE
  5
52
330
5
100
AcDbSymbolTableRecord
100
AcDbTextStyleTableRecord
  2
LiberationSerif
 70
0
 40
0.0
 41
1.0
 50
0.0
 71
0
 42
2.5
  3
LiberationSerif-Regular.ttf
  4

  0
STYLE
  5
53
330
5
100
AcDbSymbolTableRecord
100
AcDbTextStyleTableRecord
  2
LiberationSerif-Bold
 70
0
 40
0.0
 41
1.0
 50
0.0
 71
0
 42
2.5
  3
LiberationSerif-Bold.ttf
  4

  0
STYLE
  5
54
330
5
100
AcDbSymbolTableRecord
100
AcDbTextStyleTableRecord
  2
LiberationSerif-BoldItalic
 70
0
 40
0.0
 41
1.0
 50
0.0
 71
0
 42
2.5
  3
LiberationSerif-BoldItalic.ttf
  4

  0
STYLE
  5
55
330
5
100
AcDbSymbolTableRecord
100
AcDbTextStyleTableRecord
  2
LiberationSerif-Italic
 70
0
 40
0.0
 41
1.0
 50
0.0
 71
0
 42
2.5
  3
LiberationSerif-Italic.ttf
  4

  0
STYLE
  5
56
330
5
100
AcDbSymbolTableRecord
100
AcDbTextStyleTableRecord
  2
LiberationMono
 70
0
 40
0.0
 41
1.0
 50
0.0
 71
0
 42
2.5
  3
LiberationMono-Regular.ttf
  4

  0
STYLE
  5
57
330
5
100
AcDbSymbolTableRecord
100
AcDbTextStyleTableRecord
  2
LiberationMono-Bold
 70
0
 40
0.0
 41
1.0
 50
0.0
 71
0
 42
2.5
  3
LiberationMono-Bold.ttf
  4

  0
STYLE
  5
58
330
5
100
AcDbSymbolTableRecord
100
AcDbTextStyleTableRecord
  2
LiberationMono-BoldItalic
 70
0
 40
0.0
 41
1.0
 50
0.0
 71
0
 42
2.5
  3
LiberationMono-BoldItalic.ttf
  4

  0
STYLE
  5
59
330
5
100
AcDbSymbolTableRecord
100
AcDbTextStyleTableRecord
  2
LiberationMono-Italic
 70
0
 40
0.0
 41
1.0
 50
0.0
 71
0
 42
2.5
  3
LiberationMono-Italic.ttf
  4

  0
ENDTAB
  0
TABLE
  2
VIEW
  5
7
330
0
100
AcDbSymbolTable
 70
0
  0
ENDTAB
  0
TABLE
  2
UCS
  5
6
330
0
100
AcDbSymbolTable
 70
0
  0
ENDTAB
  0
TABLE
  2
APPID
  5
3
330
0
100
AcDbSymbolTable
 70
4
  0
APPID
  5
2A
330
3
100
AcDbSymbolTableRecord
100
AcDbRegAppTableRecord
  2
ACAD
 70
0
  0
APPID
  5
8B
330
3
100
AcDbSymbolTableRecord
100
AcDbRegAppTableRecord
  2
AcAecLayerStandard
 70
0
  0
APPID
  5
655
330
3
100
AcDbSymbolTableRecord
100
AcDbRegAppTableRecord
  2
HATCHBACKGROUNDCOLOR
 70
0
  0
APPID
  5
656
330
3
100
AcDbSymbolTableRecord
100
AcDbRegAppTableRecord
  2
EZDXF
 70
0
  0
ENDTAB
  0
TABLE
  2
DIMSTYLE
  5
4
330
0
100
AcDbSymbolTable
 70
12
100
AcDbDimStyleTable
  0
DIMSTYLE
105
2B
330
4
100
AcDbSymbolTableRecord
100
AcDbDimStyleTableRecord
  2
Standard
 70
0
 40
1.0
 41
2.5
 42
0.625
 43
3.75
 44
1.25
 45
0.0
 46
0.0
 47
0.0
 48
0.0
 49
2.5
140
2.5
141
2.5
142
0.0
143
0.03937007874
144
1.0
145
0.0
146
1.0
147
0.625
148
0.0
 69
0
 70
0
 71
0
 72
0
 73
0
 74
0
 75
0
 76
0
 77
1
 78
8
 79
3
170
0
171
3
172
1
173
0
174
0
175
0
176
0
177
0
178
0
179
2
271
2
272
2
273
2
274
3
275
0
276
0
277
2
278
44
279
0
280
0
281
0
282
0
283
0
284
8
285
0
286
0
288
0
289
3
290
0
371
-2
372
-2
  0
DIMSTYLE
105
73
330
4
100
AcDbSymbolTableRecord
100
AcDbDimStyleTableRecord
  2
EZDXF
 70
0
 40
1.0
 41
0.175
 42
0.125
 43
3.75
 44
0.375
 45
0.0
 46
0.0
 47
0.0
 48
0.0
 49
2.5
140
0.25
141
2.5
142
0.0
143
0.03937007874
144
100.0
145
0.0
146
0.5
147
0.1
148
0.0
 69
0
 70
0
 71
0
 72
0
 73
0
 74
0
 75
0
 76
0
 77
1
 78
12
 79
3
170
0
171
3
172
1
173
0
174
0
175
0
176
0
177
0
178
0
179
2
271
2
272
2
273
2
274
3
275
0
276
0
277
2
278
46
279
2
280
0
281
0
282
0
283
0
284
8
285
0
286
0
288
1
289
3
290
0
340
4C
342
74
371
-2
372
-2
  0
DIMSTYLE
105
7C
330
4
100
AcDbSymbolTableRecord
100
AcDbDimStyleTableRecord
  2
EZ_M_100_H25_CM
 70
0
 40
1.0
 41
0.25
 42
0.125
 43
3.75
 44
0.375
 45
0.0
 46
0.0
 47
0.0
 48
0.0
 49
2.5
140
0.25
141
2.5
142
0.125
143
0.03937007874
144
100.0
145
0.0
146
0.5
147
0.1
148
0.0
 69
0
 70
0
 71
0
 72
0
 73
0
 74
0
 75
0
 76
0
 77
1
 78
12
 79
3
170
0
171
3
172
1
173
0
174
0
175
0
176
0
177
0
178
0
179
2
271
2
272
2
273
2
274
3
275
0
276
0
277
2
278
46
279
2
280
0
281
0
282
0
283
0
284
8
285
0
286
0
288
1
289
3
290
0
340
4C
371
-2
372
-2
  0
DIMSTYLE
105
7D
330
4
100
AcDbSymbolTableRecord
100
AcDbDimStyleTableRecord
  2
EZ_M_50_H25_CM
 70
0
 40
1.0
 41
0.125
 42
0.0625
 43
3.75
 44
0.1875
 45
0.0
 46
0.0
 47
0.0
 48
0.0
 49
2.5
140
0.125
141
2.5
142
0.0625
143
0.03937007874
144
100.0
145
0.0
146
0.5
147
0.05
148
0.0
 69
0
 70
0
 71
0
 72
0
 73
0
 74
0
 75
0
 76
0
 77
1
 78
12
 79
3
170
0
171
3
172
1
173
0
174
0
175
0
176
0
177
0
178
0
179
2
271
2
272
2
273
2
274
3
275
0
276
0
277
2
278
46
279
2
280
0
281
0
282
0
283
0
284
8
285
0
286
0
288
1
289
3
290
0
340
4C
371
-2
372
-2
  0
DIMSTYLE
105
7E
330
4
100
AcDbSymbolTableRecord
100
AcDbDimStyleTableRecord
  2
EZ_M_25_H25_CM
 70
0
 40
1.0
 41
0.0625
 42
0.03125
 43
3.75
 44
0.09375
 45
0.0
 46
0.0
 47
0.0
 48
0.0
 49
2.5
140
0.0625
141
2.5
142
0.03125
143
0.03937007874
144
100.0
145
0.0
146
0.5
147
0.025
148
0.0
 69
0
 70
0
 71
0
 72
0
 73
0
 74
0
 75
0
 76
0
 77
1
 78
12
 79
3
170
0
171
3
172
1
173
0
174
0
175
0
176
0
177
0
178
0
179
2
271
2
272
2
273
2
274
3
275
0
276
0
277
2
278
46
279
2
280
0
281
0
282
0
283
0
284
8
285
0
286
0
288
1
289
3
290
0
340
4C
371
-2
372
-2
  0
DIMSTYLE
105
7F
330
4
100
AcDbSymbolTableRecord
100
AcDbDimStyleTableRecord
  2
EZ_M_20_H25_CM
 70
0
 40
1.0
 41
0.05
 42
0.025
 43
3.75
 44
0.07500000000000001
 45
0.0
 46
0.0
 47
0.0
 48
0.0
 49
2.5
140
0.05
141
2.5
142
0.025
143
0.03937007874
144
100.0
145
0.0
146
0.5
147
0.020000000000000004
148
0.0
 69
0
 70
0
 71
0
 72
0
 73
0
 74
0
 75
0
 76
0
 77
1
 78
12
 79
3
170
0
171
3
172
1
173
0
174
0
175
0
176
0
177
0
178
0
179
2
271
2
272
2
273
2
274
3
275
0
276
0
277
2
278
46
279
2
280
0
281
0
282
0
283
0
284
8
285
0
286
0
288
1
289
3
290
0
340
4C
371
-2
372
-2
  0
DIMSTYLE
105
80
330
4
100
AcDbSymbolTableRecord
100
AcDbDimStyleTableRecord
  2
EZ_M_10_H25_CM
 70
0
 40
1.0
 41
0.025
 42
0.0125
 43
3.75
 44
0.037500000000000006
 45
0.0
 46
0.0
 47
0.0
 48
0.0
 49
2.5
140
0.025
141
2.5
142
0.0125
143
0.03937007874
144
100.0
145
0.0
146
0.5
147
0.010000000000000002
148
0.0
 69
0
 70
0
 71
0
 72
0
 73
0
 74
0
 75
0
 76
0
 77
1
 78
12
 79
3
170
0
171
3
172
1
173
0
174
0
175
0
176
0
177
0
178
0
179
2
271
2
272
2
273
2
274
3
275
0
276
0
277
2
278
46
279
2
280
0
281
0
282
0
283
0
284
8
285
0
286
0
288
1
289
3
290
0
340
4C
371
-2
372
-2
  0
DIMSTYLE
105
81
330
4
100
AcDbSymbolTableRecord
100
AcDbDimStyleTableRecord
  2
EZ_M_5_H25_CM
 70
0
 40
1.0
 41
0.0125
 42
0.00625
 43
3.75
 44
0.018750000000000003
 45
0.0
 46
0.0
 47
0.0
 48
0.0
 49
2.5
140
0.0125
141
2.5
142
0.00625
143
0.03937007874
144
100.0
145
0.0
146
0.5
147
0.005000000000000001
148
0.0
 69
0
 70
0
 71
0
 72
0
 73
0
 74
0
 75
0
 76
0
 77
1
 78
12
 79
3
170
0
171
3
172
1
173
0
174
0
175
0
176
0
177
0
178
0
179
2
271
2
272
2
273
2
274
3
275
0
276
0
277
2
278
46
279
2
280
0
281
0
282
0
283
0
284
8
285
0
286
0
288
1
289
3
290
0
340
4C
371
-2
372
-2
  0
DIMSTYLE
105
82
330
4
100
AcDbSymbolTableRecord
100
AcDbDimStyleTableRecord
  2
EZ_M_1_H25_CM
 70
0
 40
1.0
 41
0.0025
 42
0.00125
 43
3.75
 44
0.00375
 45
0.0
 46
0.0
 47
0.0
 48
0.0
 49
2.5
140
0.0025
141
2.5
142
0.00125
143
0.03937007874
144
100.0
145
0.0
146
0.5
147
0.001
148
0.0
 69
0
 70
0
 71
0
 72
0
 73
0
 74
0
 75
0
 76
0
 77
1
 78
12
 79
3
170
0
171
3
172
1
173
0
174
0
175
0
176
0
177
0
178
0
179
2
271
2
272
2
273
2
274
3
275
0
276
0
277
2
278
46
279
2
280
0
281
0
282
0
283
0
284
8
285
0
286
0
288
1
289
3
290
0
340
4C
371
-2
372
-2
  0
DIMSTYLE
105
83
330
4
100
AcDbSymbolTableRecord
100
AcDbDimStyleTableRecord
  2
EZ_RADIUS
 70
0
 40
1.0
 41
0.25
 42
0.125
 43
3.75
 44
0.375
 45
0.0
 46
0.0
 47
0.0
 48
0.0
 49
2.5
140
0.25
141
0.0
142
0.0
143
0.03937007874
144
100.0
145
0.0
146
0.5
147
0.1
148
0.0
 69
0
 70
0
 71
0
 72
0
 73
0
 74
0
 75
0
 76
0
 77
1
 78
12
 79
3
170
0
171
3
172
0
173
0
174
0
175
0
176
0
177
0
178
0
179
2
271
2
272
2
273
2
274
3
275
0
276
0
277
2
278
46
279
1
280
0
281
0
282
0
283
0
284
8
285
0
286
0
288
1
289
3
290
0
340
4C
342
84
371
-2
372
-2
  0
DIMSTYLE
105
88
330
4
100
AcDbSymbolTableRecord
100
AcDbDimStyleTableRecord
  2
EZ_RADIUS_INSIDE
 70
0
 40
1.0
 41
0.25
 42
0.125
 43
3.75
 44
0.375
 45
0.0
 46
0.0
 47
0.0
 48
0.0
 49
2.5
140
0.25
141
0.0
142
0.0
143
0.03937007874
144
100.0
145
0.0
146
0.5
147
0.1
148
0.0
 69
0
 70
0
 71
0
 72
0
 73
0
 74
0
 75
0
 76
0
 77
0
 78
12
 79
3
170
0
171
3
172
0
173
0
174
1
175
0
176
0
177
0
178
0
179
2
271
2
272
2
273
2
274
3
275
0
276
0
277
2
278
46
279
0
280
0
281
0
282
0
283
0
284
8
285
0
286
0
288
1
289
0
290
0
340
4C
342
84
371
-2
372
-2
  0
DIMSTYLE
105
89
330
4
100
AcDbSymbolTableRecord
100
AcDbDimStyleTableRecord
  2
EZ_CURVED
 70
0
 40
1.0
 41
0.25
 42
0.125
 43
3.75
 44
0.375
 45
0.0
 46
0.0
 47
0.0
 48
0.0
 49
2.5
140
0.25
141
2.5
142
0.0
143
0.03937007874
144
100.0
145
0.0
146
0.5
147
0.1
148
0.0
 69
0
 70
0
 71
0
 72
0
 73
0
 74
0
 75
0
 76
0
 77
1
 78
12
 79
2
 90
2
170
0
171
3
172
1
173
0
174
0
175
0
176
0
177
0
178
0
179
2
271
2
272
2
273
2
274
3
275
0
276
0
277
2
278
46
279
2
280
0
281
0
282
0
283
0
284
8
285
0
286
0
288
1
289
3
290
0
340
4C
371
-2
372
-2
  0
ENDTAB
  0
TABLE
  2
BLOCK_RECORD
  5
9
330
0
100
AcDbSymbolTable
 70
5
  0
BLOCK_RECORD
  5
17
330
9
100
AcDbSymbolTableRecord
100
AcDbBlockTableRecord
  2
*Model_Space
340
1A
 70
0
280
1
281
0
  0
BLOCK_RECORD
  5
1B
330
9
100
AcDbSymbolTableRecord
100
AcDbBlockTableRecord
  2
*Paper_Space
340
1E
 70
0
280
1
281
0
  0
BLOCK_RECORD
  5
74
330
9
100
AcDbSymbolTableRecord
100
AcDbBlockTableRecord
  2
_ARCHTICK
340
0
 70
0
280
1
281
0
  0
BLOCK_RECORD
  5
78
330
9
100
AcDbSymbolTableRecord
100
AcDbBlockTableRecord
  2
_CLOSEDFILLED
340
0
 70
0
280
1
281
0
  0
BLOCK_RECORD
  5
84
330
9
100
AcDbSymbolTableRecord
100
AcDbBlockTableRecord
  2
_CLOSEDBLANK
340
0
 70
0
280
1
281
0
  0
ENDTAB
  0
ENDSEC
  0
SECTION
  2
BLOCKS
  0
BLOCK
  5
18
330
17
100
AcDbEntity
  8
0
100
AcDbBlockBegin
  2
*Model_Space
 70
0
 10
0.0
 20
0.0
 30
0.0
  3
*Model_Space
  1

  0
ENDBLK
  5
19
330
17
100
AcDbEntity
  8
0
100
AcDbBlockEnd
  0
BLOCK
  5
1C
330
1B
100
AcDbEntity
  8
0
100
AcDbBlockBegin
  2
*Paper_Space
 70
0
 10
0.0
 20
0.0
 30
0.0
  3
*Paper_Space
  1

  0
ENDBLK
  5
1D
330
1B
100
AcDbEntity
  8
0
100
AcDbBlockEnd
  0
BLOCK
  5
75
330
74
100
AcDbEntity
  8
0
100
AcDbBlockBegin
  2
_ARCHTICK
 70
0
 10
0.0
 20
0.0
 30
0.0
  3
_ARCHTICK
  1

  0
LWPOLYLINE
  5
77
330
74
100
AcDbEntity
  8
0
  6
BYBLOCK
 62
0
100
AcDbPolyline
 90
2
 70
0
 43
0.15
 10
-0.5
 20
-0.5
 10
0.5
 20
0.5
  0
ENDBLK
  5
76
330
74
100
AcDbEntity
  8
0
100
AcDbBlockEnd
  0
BLOCK
  5
79
330
78
100
AcDbEntity
  8
0
100
AcDbBlockBegin
  2
_CLOSEDFILLED
 70
0
 10
0.0
 20
0.0
 30
0.0
  3
_CLOSEDFILLED
  1

  0
SOLID
  5
7B
330
78
100
AcDbEntity
  8
0
  6
BYBLOCK
 62
0
100
AcDbTrace
 10
-1.0
 20
0.16439898372402537
 30
0.0
 11
0.0
 21
0.0
 31
0.0
 12
-1.0
 22
-0.16439898372402537
 32
0.0
 13
-1.0
 23
-0.16439898372402537
 33
0.0
  0
ENDBLK
  5
7A
330
78
100
AcDbEntity
  8
0
100
AcDbBlockEnd
  0
BLOCK
  5
85
330
84
100
AcDbEntity
  8
0
100
AcDbBlockBegin
  2
_CLOSEDBLANK
 70
0
 10
0.0
 20
0.0
 30
0.0
  3
_CLOSEDBLANK
  1

  0
LWPOLYLINE
  5
87
330
84
100
AcDbEntity
  8
0
  6
BYBLOCK
 62
0
100
AcDbPolyline
 90
3
 70
1
 10
-1.0
 20
0.16439898372402537
 10
0.0
 20
0.0
 10
-1.0
 20
-0.16439898372402537
  0
ENDBLK
  5
86
330
84
100
AcDbEntity
  8
0
100
AcDbBlockEnd
  0
ENDSEC
  0
SECTION
  2
ENTITIES
  0
TEXT
  5
91
330
17
100
AcDbEntity
  8
TITULO
100
AcDbText
 10
0.0
 20
0.25
 30
0.0
 40
0.15
  1
Moret  |  baldosa 0.596x1.194 m  |  179 pzas = 90 cajas = 127.80 m2  |  recortes en 79 baldosas  |  desperdicio 2.68 m2
 11
0.0
 21
0.25
 31
0.0
100
AcDbText
  0
LWPOLYLINE
  5
92
330
17
100
AcDbEntity
  8
BALDOSA
100
AcDbPolyline
 90
4
 70
1
 10
0.0
 20
-1.594
 10
0.596
 20
-1.594
 10
0.596
 20
-0.40000000000000013
 10
0.0
 20
-0.40000000000000013
  0
TEXT
  5
93
330
17
100
AcDbEntity
  8
TITULO
100
AcDbText
 10
0.298
 20
-0.34000000000000014
 30
0.0
 40
0.06
  1
M-01
 72
1
 11
0.298
 21
-0.34000000000000014
 31
0.0
100
AcDbText
 73
2
  0
HATCH
  5
94
330
17
100
AcDbEntity
  8
PIEZA
 62
3
100
AcDbHatch
 10
0.0
 20
0.0
 30
0.0
210
0.0
220
0.0
230
1.0
  2
SOLID
 70
1
 71
0
 91
1
 92
3
 72
0
 73
1
 93
4
 10
0.0
 20
-1.594
 10
0.596
 20
-1.594
 10
0.596
 20
-0.41400000000000015
 10
0.0
 20
-0.41400000000000015
 97
0
 75
1
 76
1
 98
0
  0
LWPOLYLINE
  5
95
330
17
100
AcDbEntity
  8
PIEZA
100
AcDbPolyline
 90
4
 70
1
 10
0.0
 20
-1.594
 10
0.596
 20
-1.594
 10
0.596
 20
-0.41400000000000015
 10
0.0
 20
-0.41400000000000015
  0
TEXT
  5
96
330
17
100
AcDbEntity
  8
PIEZA_TXT
100
AcDbText
 10
0.298
 20
-1.004
 30
0.0
 40
0.05
  1
0.60x1.18
 72
1
 11
0.298
 21
-1.004
 31
0.0
100
AcDbText
 73
2
  0
HATCH
  5
97
330
17
100
AcDbEntity
  8
DESPERDICIO
 62
7
100
AcDbHatch
 10
0.0
 20
0.0
 30
0.0
210
0.0
220
0.0
230
1.0
  2
ANSI31
 70
0
 71
0
 91
1
 92
3
 72
0
 73
1
 93
4
 10
0.0
 20
-0.41400000000000015
 10
0.596
 20
-0.41400000000000015
 10
0.596
 20
-0.40000000000000013
 10
0.0
 20
-0.40000000000000013
 97
0
 75
1
 76
1
 52
0.0
 41
0.02
 77
0
 78
1
 53
45.0
 43
0.0
 44
0.0
 45
-0.0449012806
 46
0.0449012806
 79
0
 98
0
  0
LWPOLYLINE
  5
98
330
17
100
AcDbEntity
  8
DESPERDICIO
100
AcDbPolyline
 90
4
 70
1
 10
0.0
 20
-0.41400000000000015
 10
0.596
 20
-0.41400000000000015
 10
0.596
 20
-0.40000000000000013
 10
0.0
 20
-0.40000000000000013
  0
LWPOLYLINE
  5
99
330
17
100
AcDbEntity
  8
BALDOSA
100
AcDbPolyline
 90
4
 70
1
 10
0.796
 20
-1.594
 10
1.392
 20
-1.594
 10
1.392
 20
-0.40000000000000013
 10
0.796
 20
-0.40000000000000013
  0
TEXT
  5
9A
330
17
100
AcDbEntity
  8
TITULO
100
AcDbText
 10
1.094
 20
-0.34000000000000014
 30
0.0
 40
0.06
  1
M-02
 72
1
 11
1.094
 21
-0.34000000000000014
 31
0.0
100
AcDbText
 73
2
  0
HATCH
  5
9B
330
17
100
AcDbEntity
  8
PIEZA
 62
3
100
AcDbHatch
 10
0.0
 20
0.0
 30
0.0
210
0.0
220
0.0
230
1.0
  2
SOLID
 70
1
 71
0
 91
1
 92
3
 72
0
 73
1
 93
4
 10
0.796
 20
-1.594
 10
1.392
 20
-1.594
 10
1.392
 20
-0.4440000000000002
 10
0.796
 20
-0.4440000000000002
 97
0
 75
1
 76
1
 98
0
  0
LWPOLYLINE
  5
9C
330
17
100
AcDbEntity
  8
PIEZA
100
AcDbPolyline
 90
4
 70
1
 10
0.796
 20
-1.594
 10
1.392
 20
-1.594
 10
1.392
 20
-0.4440000000000002
 10
0.796
 20
-0.4440000000000002
  0
TEXT
  5
9D
330
17
100
AcDbEntity
  8
PIEZA_TXT
100
AcDbText
 10
1.094
 20
-1.0190000000000001
 30
0.0
 40
0.05
  1
0.60x1.15
 72
1
 11
1.094
 21
-1.0190000000000001
 31
0.0
100
AcDbText
 73
2
  0
HATCH
  5
9E
330
17
100
AcDbEntity
  8
DESPERDICIO
 62
7
100
AcDbHatch
 10
0.0
 20
0.0
 30
0.0
210
0.0
220
0.0
230
1.0
  2
ANSI31
 70
0
 71
0
 91
1
 92
3
 72
0
 73
1
 93
4
 10
0.796
 20
-0.4440000000000002
 10
1.392
 20
-0.4440000000000002
 10
1.392
 20
-0.40000000000000013
 10
0.796
 20
-0.40000000000000013
 97
0
 75
1
 76
1
 52
0.0
 41
0.02
 77
0
 78
1
 53
45.0
 43
0.0
 44
0.0
 45
-0.0449012806
 46
0.0449012806
 79
0
 98
0
  0
LWPOLYLINE
  5
9F
330
17
100
AcDbEntity
  8
DESPERDICIO
100
AcDbPolyline
 90
4
 70
1
 10
0.796
 20
-0.4440000000000002
 10
1.392
 20
-0.4440000000000002
 10
1.392
 20
-0.40000000000000013
 10
0.796
 20
-0.40000000000000013
  0
LWPOLYLINE
  5
A0
330
17
100
AcDbEntity
  8
BALDOSA
100
AcDbPolyline
 90
4
 70
1
 10
1.592
 20
-1.594
 10
2.188
 20
-1.594
 10
2.188
 20
-0.40000000000000013
 10
1.592
 20
-0.40000000000000013
  0
TEXT
  5
A1
330
17
100
AcDbEntity
  8
TITULO
100
AcDbText
 10
1.8900000000000001
 20
-0.34000000000000014
 30
0.0
 40
0.06
  1
M-03
 72
1
 11
1.8900000000000001
 21
-0.34000000000000014
 31
0.0
100
AcDbText
 73
2
  0
HATCH
  5
A2
330
17
100
AcDbEntity
  8
PIEZA
 62
3
100
AcDbHatch
 10
0.0
 20
0.0
 30
0.0
210
0.0
220
0.0
230
1.0
  2
SOLID
 70
1
 71
0
 91
1
 92
3
 72
0
 73
1
 93
4
 10
1.592
 20
-1.594
 10
2.188
 20
-1.594
 10
2.188
 20
-0.4440000000000002
 10
1.592
 20
-0.4440000000000002
 97
0
 75
1
 76
1
 98
0
  0
LWPOLYLINE
  5
A3
330
17
100
AcDbEntity
  8
PIEZA
100
AcDbPolyline
 90
4
 70
1
 10
1.592
 20
-1.594
 10
2.188
 20
-1.594
 10
2.188
 20
-0.4440000000000002
 10
1.592
 20
-0.4440000000000002
  0
TEXT
  5
A4
330
17
100
AcDbEntity
  8
PIEZA_TXT
100
AcDbText
 10
1.8900000000000001
 20
-1.0190000000000001
 30
0.0
 40
0.05
  1
0.60x1.15
 72
1
 11
1.8900000000000001
 21
-1.0190000000000001
 31
0.0
100
AcDbText
 73
2
  0
HATCH
  5
A5
330
17
100
AcDbEntity
  8
DESPERDICIO
 62
7
100
AcDbHatch
 10
0.0
 20
0.0
 30
0.0
210
0.0
220
0.0
230
1.0
  2
ANSI31
 70
0
 71
0
 91
1
 92
3
 72
0
 73
1
 93
4
 10
1.592
 20
-0.4440000000000002
 10
2.188
 20
-0.4440000000000002
 10
2.188
 20
-0.40000000000000013
 10
1.592
 20
-0.40000000000000013
 97
0
 75
1
 76
1
 52
0.0
 41
0.02
 77
0
 78
1
 53
45.0
 43
0.0
 44
0.0
 45
-0.0449012806
 46
0.0449012806
 79
0
 98
0
  0
LWPOLYLINE
  5
A6
330
17
100
AcDbEntity
  8
DESPERDICIO
100
AcDbPolyline
 90
4
 70
1
 10
1.592
 20
-0.4440000000000002
 10
2.188
 20
-0.4440000000000002
 10
2.188
 20
-0.40000000000000013
 10
1.592
 20
-0.40000000000000013
  0
LWPOLYLINE
  5
A7
330
17
100
AcDbEntity
  8
BALDOSA
100
AcDbPolyline
 90
4
 70
1
 10
2.388
 20
-1.594
 10
2.984
 20
-1.594
 10
2.984
 20
-0.40000000000000013
 10
2.388
 20
-0.40000000000000013
  0
TEXT
  5
A8
330
17
100
AcDbEntity
  8
TITULO
100
AcDbText
 10
2.686
 20
-0.34000000000000014
 30
0.0
 40
0.06
  1
M-04
 72
1
 11
2.686
 21
-0.34000000000000014
 31
0.0
100
AcDbText
 73
2
  0
HATCH
  5
A9
330
17
100
AcDbEntity
  8
PIEZA
 62
3
100
AcDbHatch
 10
0.0
 20
0.0
 30
0.0
210
0.0
220
0.0
230
1.0
  2
SOLID
 70
1
 71
0
 91
1
 92
3
 72
0
 73
1
 93
4
 10
2.388
 20
-1.594
 10
2.984
 20
-1.594
 10
2.984
 20
-0.4440000000000002
 10
2.388
 20
-0.4440000000000002
 97
0
 75
1
 76
1
 98
0
  0
LWPOLYLINE
  5
AA
330
17
100
AcDbEntity
  8
PIEZA
100
AcDbPolyline
 90
4
 70
1
 10
2.388
 20
-1.594
 10
2.984
 20
-1.594
 10
2.984
 20
-0.4440000000000002
 10
2.388
 20
-0.4440000000000002
  0
TEXT
  5
AB
330
17
100
AcDbEntity
  8
PIEZA_TXT
100
AcDbText
 10
2.686
 20
-1.0190000000000001
 30
0.0
 40
0.05
  1
0.60x1.15
 72
1
 11
2.686
 21
-1.0190000000000001
 31
0.0
100
AcDbText
 73
2
  0
HATCH
  5
AC
330
17
100
AcDbEntity
  8
DESPERDICIO
 62
7
100
AcDbHatch
 10
0.0
 20
0.0
 30
0.0
210
0.0
220
0.0
230
1.0
  2
ANSI31
 70
0
 71
0
 91
1
 92
3
 72
0
 73
1
 93
4
 10
2.388
 20
-0.4440000000000002
 10
2.984
 20
-0.4440000000000002
 10
2.984
 20
-0.40000000000000013
 10
2.388
 20
-0.40000000000000013
 97
0
 75
1
 76
1
 52
0.0
 41
0.02
 77
0
 78
1
 53
45.0
 43
0.0
 44
0.0
 45
-0.0449012806
 46
0.0449012806
 79
0
 98
0
  0
LWPOLYLINE
  5
AD
330
17
100
AcDbEntity
  8
DESPERDICIO
100
AcDbPolyline
 90
4
 70
1
 10
2.388
 20
-0.4440000000000002
 10
2.984
 20
-0.4440000000000002
 10
2.984
 20
-0.40000000000000013
 10
2.388
 20
-0.40000000000000013
  0
LWPOLYLINE
  5
AE
330
17
100
AcDbEntity
  8
BALDOSA
100
AcDbPolyline
 90
4
 70
1
 10
3.184
 20
-1.594
 10
3.7800000000000002
 20
-1.594
 10
3.7800000000000002
 20
-0.40000000000000013
 10
3.184
 20
-0.40000000000000013
  0
TEXT
  5
AF
330
17
100
AcDbEntity
  8
TITULO
100
AcDbText
 10
3.482
 20
-0.34000000000000014
 30
0.0
 40
0.06
  1
M-05
 72
1
 11
3.482
 21
-0.34000000000000014
 31
0.0
100
AcDbText
 73
2
  0
HATCH
  5
B0
330
17
100
AcDbEntity
  8
PIEZA
 62
3
100
AcDbHatch
 10
0.0
 20
0.0
 30
0.0
210
0.0
220
0.0
230
1.0
  2
SOLID
 70
1
 71
0
 91
1
 92
3
 72
0
 73
1
 93
4
 10
3.184
 20
-1.594
 10
3.7800000000000002
 20
-1.594
 10
3.7800000000000002
 20
-0.4440000000000002
 10
3.184
 20
-0.4440000000000002
 97
0
 75
1
 76
1
 98
0
  0
LWPOLYLINE
  5
B1
330
17
100
AcDbEntity
  8
PIEZA
100
AcDbPolyline
 90
4
 70
1
 10
3.184
 20
-1.594
 10
3.7800000000000002
 20
-1.594
 10
3.7800000000000002
 20
-0.4440000000000002
 10
3.184
 20
-0.4440000000000002
  0
TEXT
  5
B2
330
17
100
AcDbEntity
  8
PIEZA_TXT
100
AcDbText
 10
3.482
 20
-1.0190000000000001
 30
0.0
 40
0.05
  1
0.60x1.15
 72
1
 11
3.482
 21
-1.0190000000000001
 31
0.0
100
AcDbText
 73
2
  0
HATCH
  5
B3
330
17
100
AcDbEntity
  8
DESPERDICIO
 62
7
100
AcDbHatch
 10
0.0
 20
0.0
 30
0.0
210
0.0
220
0.0
230
1.0
  2
ANSI31
 70
0
 71
0
 91
1
 92
3
 72
0
 73
1
 93
4
 10
3.184
 20
-0.4440000000000002
 10
3.7800000000000002
 20
-0.4440000000000002
 10
3.7800000000000002
 20
-0.40000000000000013
 10
3.184
 20
-0.40000000000000013
 97
0
 75
1
 76
1
 52
0.0
 41
0.02
 77
0
 78
1
 53
45.0
 43
0.0
 44
0.0
 45
-0.0449012806
 46
0.0449012806
 79
0
 98
0
  0
LWPOLYLINE
  5
B4
330
17
100
AcDbEntity
  8
DESPERDICIO
100
AcDbPolyline
 90
4
 70
1
 10
3.184
 20
-0.4440000000000002
 10
3.7800000000000002
 20
-0.4440000000000002
 10
3.7800000000000002
 20
-0.40000000000000013
 10
3.184
 20
-0.40000000000000013
  0
LWPOLYLINE
  5
B5
330
17
100
AcDbEntity
  8
BALDOSA
100
AcDbPolyline
 90
4
 70
1
 10
3.9800000000000004
 20
-1.594
 10
4.5760000000000005
 20
-1.594
 10
4.5760000000000005
 20
-0.40000000000000013
 10
3.9800000000000004
 20
-0.40000000000000013
  0
TEXT
  5
B6
330
17
100
AcDbEntity
  8
TITULO
100
AcDbText
 10
4.2780000000000005
 20
-0.34000000000000014
 30
0.0
 40
0.06
  1
M-06
 72
1
 11
4.2780000000000005
 21
-0.34000000000000014
 31
0.0
100
AcDbText
 73
2
  0
HATCH
  5
B7
330
17
100
AcDbEntity
  8
PIEZA
 62
3
100
AcDbHatch
 10
0.0
 20
0.0
 30
0.0
210
0.0
220
0.0
230
1.0
  2
SOLID
 70
1
 71
0
 91
1
 92
3
 72
0
 73
1
 93
4
 10
3.9800000000000004
 20
-1.594
 10
4.5760000000000005
 20
-1.594
 10
4.5760000000000005
 20
-0.4480000000000002
 10
3.9800000000000004
 20
-0.4480000000000002
 97
0
 75
1
 76
1
 98
0
  0
LWPOLYLINE
  5
B8
330
17
100
AcDbEntity
  8
PIEZA
100
AcDbPolyline
 90
4
 70
1
 10
3.9800000000000004
 20
-1.594
 10
4.5760000000000005
 20
-1.594
 10
4.5760000000000005
 20
-0.4480000000000002
 10
3.9800000000000004
 20
-0.4480000000000002
  0
TEXT
  5
B9
330
17
100
AcDbEntity
  8
PIEZA_TXT
100
AcDbText
 10
4.2780000000000005
 20
-1.0210000000000001
 30
0.0
 40
0.05
  1
0.60x1.15
 72
1
 11
4.2780000000000005
 21
-1.0210000000000001
 31
0.0
100
AcDbText
 73
2
  0
HATCH
  5
BA
330
17
100
AcDbEntity
  8
DESPERDICIO
 62
7
100
AcDbHatch
 10
0.0
 20
0.0
 30
0.0
210
0.0
220
0.0
230
1.0
  2
ANSI31
 70
0
 71
0
 91
1
 92
3
 72
0
 73
1
 93
4
 10
3.9800000000000004
 20
-0.4480000000000002
 10
4.5760000000000005
 20
-0.4480000000000002
 10
4.5760000000000005
 20
-0.40000000000000013
 10
3.9800000000000004
 20
-0.40000000000000013
 97
0
 75
1
 76
1
 52
0.0
 41
0.02
 77
0
 78
1
 53
45.0
 43
0.0
 44
0.0
 45
-0.0449012806
 46
0.0449012806
 79
0
 98
0
  0
LWPOLYLINE
  5
BB
330
17
100
AcDbEntity
  8
DESPERDICIO
100
AcDbPolyline
 90
4
 70
1
 10
3.9800000000000004
 20
-0.4480000000000002
 10
4.5760000000000005
 20
-0.4480000000000002
 10
4.5760000000000005
 20
-0.40000000000000013
 10
3.9800000000000004
 20
-0.40000000000000013
  0
LWPOLYLINE
  5
BC
330
17
100
AcDbEntity
  8
BALDOSA
100
AcDbPolyline
 90
4
 70
1
 10
4.776
 20
-1.594
 10
5.372
 20
-1.594
 10
5.372
 20
-0.40000000000000013
 10
4.776
 20
-0.40000000000000013
  0
TEXT
  5
BD
330
17
100
AcDbEntity
  8
TITULO
100
AcDbText
 10
5.074
 20
-0.34000000000000014
 30
0.0
 40
0.06
  1
M-07
 72
1
 11
5.074
 21
-0.34000000000000014
 31
0.0
100
AcDbText
 73
2
  0
HATCH
  5
BE
330
17
100
AcDbEntity
  8
PIEZA
 62
3
100
AcDbHatch
 10
0.0
 20
0.0
 30
0.0
210
0.0
220
0.0
230
1.0
  2
SOLID
 70
1
 71
0
 91
1
 92
3
 72
0
 73
1
 93
4
 10
4.776
 20
-1.594
 10
5.372
 20
-1.594
 10
5.372
 20
-0.4480000000000002
 10
4.776
 20
-0.4480000000000002
 97
0
 75
1
 76
1
 98
0
  0
LWPOLYLINE
  5
BF
330
17
100
AcDbEntity
  8
PIEZA
100
AcDbPolyline
 90
4
 70
1
 10
4.776
 20
-1.594
 10
5.372
 20
-1.594
 10
5.372
 20
-0.4480000000000002
 10
4.776
 20
-0.4480000000000002
  0
TEXT
  5
C0
330
17
100
AcDbEntity
  8
PIEZA_TXT
100
AcDbText
 10
5.074
 20
-1.0210000000000001
 30
0.0
 40
0.05
  1
0.60x1.15
 72
1
 11
5.074
 21
-1.0210000000000001
 31
0.0
100
AcDbText
 73
2
  0
HATCH
  5
C1
330
17
100
AcDbEntity
  8
DESPERDICIO
 62
7
100
AcDbHatch
 10
0.0
 20
0.0
 30
0.0
210
0.0
220
0.0
230
1.0
  2
ANSI31
 70
0
 71
0
 91
1
 92
3
 72
0
 73
1
 93
4
 10
4.776
 20
-0.4480000000000002
 10
5.372
 20
-0.4480000000000002
 10
5.372
 20
-0.40000000000000013
 10
4.776
 20
-0.40000000000000013
 97
0
 75
1
 76
1
 52
0.0
 41
0.02
 77
0
 78
1
 53
45.0
 43
0.0
 44
0.0
 45
-0.0449012806
 46
0.0449012806
 79
0
 98
0
  0
LWPOLYLINE
  5
C2
330
17
100
AcDbEntity
  8
DESPERDICIO
100
AcDbPolyline
 90
4
 70
1
 10
4.776
 20
-0.4480000000000002
 10
5.372
 20
-0.4480000000000002
 10
5.372
 20
-0.40000000000000013
 10
4.776
 20
-0.40000000000000013
  0
LWPOLYLINE
  5
C3
330
17
100
AcDbEntity
  8
BALDOSA
100
AcDbPolyline
 90
4
 70
1
 10
5.572
 20
-1.594
 10
6.168
 20
-1.594
 10
6.168
 20
-0.40000000000000013
 10
5.572
 20
-0.40000000000000013
  0
TEXT
  5
C4
330
17
100
AcDbEntity
  8
TITULO
100
AcDbText
 10
5.87
 20
-0.34000000000000014
 30
0.0
 40
0.06
  1
M-08
 72
1
 11
5.87
 21
-0.34000000000000014
 31
0.0
100
AcDbText
 73
2
  0
HATCH
  5
C5
330
17
100
AcDbEntity
  8
PIEZA
 62
3
100
AcDbHatch
 10
0.0
 20
0.0
 30
0.0
210
0.0
220
0.0
230
1.0
  2
SOLID
 70
1
 71
0
 91
1
 92
3
 72
0
 73
1
 93
4
 10
5.572
 20
-1.594
 10
6.168
 20
-1.594
 10
6.168
 20
-0.4480000000000002
 10
5.572
 20
-0.4480000000000002
 97
0
 75
1
 76
1
 98
0
  0
LWPOLYLINE
  5
C6
330
17
100
AcDbEntity
  8
PIEZA
100
AcDbPolyline
 90
4
 70
1
 10
5.572
 20
-1.594
 10
6.168
 20
-1.594
 10
6.168
 20
-0.4480000000000002
 10
5.572
 20
-0.4480000000000002
  0
TEXT
  5
C7
330
17
100
AcDbEntity
  8
PIEZA_TXT
100
AcDbText
 10
5.87
 20
-1.0210000000000001
 30
0.0
 40
0.05
  1
0.60x1.15
 72
1
 11
5.87
 21
-1.0210000000000001
 31
0.0
100
AcDbText
 73
2
  0
HATCH
  5
C8
330
17
100
AcDbEntity
  8
DESPERDICIO
 62
7
100
AcDbHatch
 10
0.0
 20
0.0
 30
0.0
210
0.0
220
0.0
230
1.0
  2
ANSI31
 70
0
 71
0
 91
1
 92
3
 72
0
 73
1
 93
4
 10
5.572
 20
-0.4480000000000002
 10
6.168
 20
-0.4480000000000002
 10
6.168
 20
-0.40000000000000013
 10
5.572
 20
-0.40000000000000013
 97
0
 75
1
 76
1
 52
0.0
 41
0.02
 77
0
 78
1
 53
45.0
 43
0.0
 44
0.0
 45
-0.0449012806
 46
0.0449012806
 79
0
 98
0
  0
LWPOLYLINE
  5
C9
330
17
100
AcDbEntity
  8
DESPERDICIO
100
AcDbPolyline
 90
4
 70
1
 10
5.572
 20
-0.4480000000000002
 10
6.168
 20
-0.4480000000000002
 10
6.168
 20
-0.40000000000000013
 10
5.572
 20
-0.40000000000000013
  0
LWPOLYLINE
  5
CA
330
17
100
AcDbEntity
  8
BALDOSA
100
AcDbPolyline
 90
4
 70
1
 10
6.368
 20
-1.594
 10
6.964
 20
-1.594
 10
6.964
 20
-0.40000000000000013
 10
6.368
 20
-0.40000000000000013
  0
TEXT
  5
CB
330
17
100
AcDbEntity
  8
TITULO
100
AcDbText
 10
6.666
 20
-0.34000000000000014
 30
0.0
 40
0.06
  1
M-09
 72
1
 11
6.666
 21
-0.34000000000000014
 31
0.0
100
AcDbText
 73
2
  0
HATCH
  5
CC
330
17
100
AcDbEntity
  8
PIEZA
 62
3
100
AcDbHatch
 10
0.0
 20
0.0
 30
0.0
210
0.0
220
0.0
230
1.0
  2
SOLID
 70
1
 71
0
 91
1
 92
3
 72
0
 73
1
 93
4
 10
6.368
 20
-1.594
 10
6.964
 20
-1.594
 10
6.964
 20
-0.4480000000000002
 10
6.368
 20
-0.4480000000000002
 97
0
 75
1
 76
1
 98
0
  0
LWPOLYLINE
  5
CD
330
17
100
AcDbEntity
  8
PIEZA
100
AcDbPolyline
 90
4
 70
1
 10
6.368
 20
-1.594
 10
6.964
 20
-1.594
 10
6.964
 20
-0.4480000000000002
 10
6.368
 20
-0.4480000000000002
  0
TEXT
  5
CE
330
17
100
AcDbEntity
  8
PIEZA_TXT
100
AcDbText
 10
6.666
 20
-1.0210000000000001
 30
0.0
 40
0.05
  1
0.60x1.15
 72
1
 11
6.666
 21
-1.0210000000000001
 31
0.0
100
AcDbText
 73
2
  0
HATCH
  5
CF
330
17
100
AcDbEntity
  8
DESPERDICIO
 62
7
100
AcDbHatch
 10
0.0
 20
0.0
 30
0.0
210
0.0
220
0.0
230
1.0
  2
ANSI31
 70
0
 71
0
 91
1
 92
3
 72
0
 73
1
 93
4
 10
6.368
 20
-0.4480000000000002
 10
6.964
 20
-0.4480000000000002
 10
6.964
 20
-0.40000000000000013
 10
6.368
 20
-0.40000000000000013
 97
0
 75
1
 76
1
 52
0.0
 41
0.02
 77
0
 78
1
 53
45.0
 43
0.0
 44
0.0
 45
-0.0449012806
 46
0.0449012806
 79
0
 98
0
  0
LWPOLYLINE
  5
D0
330
17
100
AcDbEntity
  8
DESPERDICIO
100
AcDbPolyline
 90
4
 70
1
 10
6.368
 20
-0.4480000000000002
 10
6.964
 20
-0.4480000000000002
 10
6.964
 20
-0.40000000000000013
 10
6.368
 20
-0.40000000000000013
  0
LWPOLYLINE
  5
D1
330
17
100
AcDbEntity
  8
BALDOSA
100
AcDbPolyline
 90
4
 70
1
 10
7.164000000000001
 20
-1.594
 10
7.760000000000001
 20
-1.594
 10
7.760000000000001
 20
-0.40000000000000013
 10
7.164000000000001
 20
-0.40000000000000013
  0
TEXT
  5
D2
330
17
100
AcDbEntity
  8
TITULO
100
AcDbText
 10
7.462000000000001
 20
-0.34000000000000014
 30
0.0
 40
0.06
  1
M-10
 72
1
 11
7.462000000000001
 21
-0.34000000000000014
 31
0.0
100
AcDbText
 73
2
  0
HATCH
  5
D3
330
17
100
AcDbEntity
  8
PIEZA
 62
3
100
AcDbHatch
 10
0.0
 20
0.0
 30
0.0
210
0.0
220
0.0
230
1.0
  2
SOLID
 70
1
 71
0
 91
1
 92
3
 72
0
 73
1
 93
4
 10
7.164000000000001
 20
-1.594
 10
7.760000000000001
 20
-1.594
 10
7.760000000000001
 20
-0.4480000000000002
 10
7.164000000000001
 20
-0.4480000000000002
 97
0
 75
1
 76
1
 98
0
  0
LWPOLYLINE
  5
D4
330
17
100
AcDbEntity
  8
PIEZA
100
AcDbPolyline
 90
4
 70
1
 10
7.164000000000001
 20
-1.594
 10
7.760000000000001
 20
-1.594
 10
7.760000000000001
 20
-0.4480000000000002
 10
7.164000000000001
 20
-0.4480000000000002
  0
TEXT
  5
D5
330
17
100
AcDbEntity
  8
PIEZA_TXT
100
AcDbText
 10
7.462000000000001
 20
-1.0210000000000001
 30
0.0
 40
0.05
  1
0.60x1.15
 72
1
 11
7.462000000000001
 21
-1.0210000000000001
 31
0.0
100
AcDbText
 73
2
  0
HATCH
  5
D6
330
17
100
AcDbEntity
  8
DESPERDICIO
 62
7
100
AcDbHatch
 10
0.0
 20
0.0
 30
0.0
210
0.0
220
0.0
230
1.0
  2
ANSI31
 70
0
 71
0
 91
1
 92
3
 72
0
 73
1
 93
4
 10
7.164000000000001
 20
-0.4480000000000002
 10
7.760000000000001
 20
-0.4480000000000002
 10
7.760000000000001
 20
-0.40000000000000013
 10
7.164000000000001
 20
-0.40000000000000013
 97
0
 75
1
 76
1
 52
0.0
 41
0.02
 77
0
 78
1
 53
45.0
 43
0.0
 44
0.0
 45
-0.0449012806
 46
0.0449012806
 79
0
 98
0
  0
LWPOLYLINE
  5
D7
330
17
100
AcDbEntity
  8
DESPERDICIO
100
AcDbPolyline
 90
4
 70
1
 10
7.164000000000001
 20
-0.4480000000000002
 10
7.760000000000001
 20
-0.4480000000000002
 10
7.760000000000001
 20
-0.40000000000000013
 10
7.164000000000001
 20
-0.40000000000000013
  0
LWPOLYLINE
  5
D8
330
17
100
AcDbEntity
  8
BALDOSA
100
AcDbPolyline
 90
4
 70
1
 10
7.960000000000001
 20
-1.594
 10
8.556000000000001
 20
-1.594
 10
8.556000000000001
 20
-0.40000000000000013
 10
7.960000000000001
 20
-0.40000000000000013
  0
TEXT
  5
D9
330
17
100
AcDbEntity
  8
TITULO
100
AcDbText
 10
8.258000000000001
 20
-0.34000000000000014
 30
0.0
 40
0.06
  1
M-11
 72
1
 11
8.258000000000001
 21
-0.34000000000000014
 31
0.0
100
AcDbText
 73
2
  0
HATCH
  5
DA
330
17
100
AcDbEntity
  8
PIEZA
 62
3
100
AcDbHatch
 10
0.0
 20
0.0
 30
0.0
210
0.0
220
0.0
230
1.0
  2
SOLID
 70
1
 71
0
 91
1
 92
3
 72
0
 73
1
 93
4
 10
7.960000000000001
 20
-1.594
 10
8.556000000000001
 20
-1.594
 10
8.556000000000001
 20
-0.4480000000000002
 10
7.960000000000001
 20
-0.4480000000000002
 97
0
 75
1
 76
1
 98
0
  0
LWPOLYLINE
  5
DB
330
17
100
AcDbEntity
  8
PIEZA
100
AcDbPolyline
 90
4
 70
1
 10
7.960000000000001
 20
-1.594
 10
8.556000000000001
 20
-1.594
 10
8.556000000000001
 20
-0.4480000000000002
 10
7.960000000000001
 20
-0.4480000000000002
  0
TEXT
  5
DC
330
17
100
AcDbEntity
  8
PIEZA_TXT
100
AcDbText
 10
8.258000000000001
 20
-1.0210000000000001
 30
0.0
 40
0.05
  1
0.60x1.15
 72
1
 11
8.258000000000001
 21
-1.0210000000000001
 31
0.0
100
AcDbText
 73
2
  0
HATCH
  5
DD
330
17
100
AcDbEntity
  8
DESPERDICIO
 62
7
100
AcDbHatch
 10
0.0
 20
0.0
 30
0.0
210
0.0
220
0.0
230
1.0
  2
ANSI31
 70
0
 71
0
 91
1
 92
3
 72
0
 73
1
 93
4
 10
7.960000000000001
 20
-0.4480000000000002
 10
8.556000000000001
 20
-0.4480000000000002
 10
8.556000000000001
 20
-0.40000000000000013
 10
7.960000000000001
 20
-0.40000000000000013
 97
0
 75
1
 76
1
 52
0.0
 41
0.02
 77
0
 78
1
 53
45.0
 43
0.0
 44
0.0
 45
-0.0449012806
 46
0.0449012806
 79
0
 98
0
  0
LWPOLYLINE
  5
DE
330
17
100
AcDbEntity
  8
DESPERDICIO
100
AcDbPolyline
 90
4
 70
1
 10
7.960000000000001
 20
-0.4480000000000002
 10
8.556000000000001
 20
-0.4480000000000002
 10
8.556000000000001
 20
-0.40000000000000013
 10
7.960000000000001
 20
-0.40000000000000013
  0
LWPOLYLINE
  5
DF
330
17
100
AcDbEntity
  8
BALDOSA
100
AcDbPolyline
 90
4
 70
1
 10
8.756
 20
-1.594
 10
9.352
 20
-1.594
 10
9.352
 20
-0.40000000000000013
 10
8.756
 20
-0.40000000000000013
  0
TEXT
  5
E0
330
17
100
AcDbEntity
  8
TITULO
100
AcDbText
 10
9.054
 20
-0.34000000000000014
 30
0.0
 40
0.06
  1
M-12
 72
1
 11
9.054
 21
-0.34000000000000014
 31
0.0
100
AcDbText
 73
2
  0
HATCH
  5
E1
330
17
100
AcDbEntity
  8
PIEZA
 62
3
100
AcDbHatch
 10
0.0
 20
0.0
 30
0.0
210
0.0
220
0.0
230
1.0
  2
SOLID
 70
1
 71
0
 91
1
 92
3
 72
0
 73
1
 93
4
 10
8.756
 20
-1.594
 10
9.352
 20
-1.594
 10
9.352
 20
-0.4480000000000002
 10
8.756
 20
-0.4480000000000002
 97
0
 75
1
 76
1
 98
0
  0
LWPOLYLINE
  5
E2
330
17
100
AcDbEntity
  8
PIEZA
100
AcDbPolyline
 90
4
 70
1
 10
8.756
 20
-1.594
 10
9.352
 20
-1.594
 10
9.352
 20
-0.4480000000000002
 10
8.756
 20
-0.4480000000000002
  0
TEXT
  5
E3
330
17
100
AcDbEntity
  8
PIEZA_TXT
100
AcDbText
 10
9.054
 20
-1.0210000000000001
 30
0.0
 40
0.05
  1
0.60x1.15
 72
1
 11
9.054
 21
-1.0210000000000001
 31
0.0
100
AcDbText
 73
2
  0
HATCH
  5
E4
330
17
100
AcDbEntity
  8
DESPERDICIO
 62
7
100
AcDbHatch
 10
0.0
 20
0.0
 30
0.0
210
0.0
220
0.0
230
1.0
  2
ANSI31
 70
0
 71
0
 91
1
 92
3
 72
0
 73
1
 93
4
 10
8.756
 20
-0.4480000000000002
 10
9.352
 20
-0.4480000000000002
 10
9.352
 20
-0.40000000000000013
 10
8.756
 20
-0.40000000000000013
 97
0
 75
1
 76
1
 52
0.0
 41
0.02
 77
0
 78
1
 53
45.0
 43
0.0
 44
0.0
 45
-0.0449012806
 46
0.0449012806
 79
0
 98
0
  0
LWPOLYLINE
  5
E5
330
17
100
AcDbEntity
  8
DESPERDICIO
100
AcDbPolyline
 90
4
 70
1
 10
8.756
 20
-0.4480000000000002
 10
9.352
 20
-0.4480000000000002
 10
9.352
 20
-0.40000000000000013
 10
8.756
 20
-0.40000000000000013
  0
LWPOLYLINE
  5
E6
330
17
100
AcDbEntity
  8
BALDOSA
100
AcDbPolyline
 90
4
 70
1
 10
0.0
 20
-3.088
 10
0.596
 20
-3.088
 10
0.596
 20
-1.8940000000000001
 10
0.0
 20
-1.8940000000000001
  0
TEXT
  5
E7
330
17
100
AcDbEntity
  8
TITULO
100
AcDbText
 10
0.298
 20
-1.834
 30
0.0
 40
0.06
  1
M-13
 72
1
 11
0.298
 21
-1.834
 31
0.0
100
AcDbText
 73
2
  0
HATCH
  5
E8
330
17
100
AcDbEntity
  8
PIEZA
 62
3
100
AcDbHatch
 10
0.0
 20
0.0
 30
0.0
210
0.0
220
0.0
230
1.0
  2
SOLID
 70
1
 71
0
 91
1
 92
3
 72
0
 73
1
 93
4
 10
0.0
 20
-3.088
 10
0.596
 20
-3.088
 10
0.596
 20
-1.9420000000000002
 10
0.0
 20
-1.9420000000000002
 97
0
 75
1
 76
1
 98
0
  0
LWPOLYLINE
  5
E9
330
17
100
AcDbEntity
  8
PIEZA
100
AcDbPolyline
 90
4
 70
1
 10
0.0
 20
-3.088
 10
0.596
 20
-3.088
 10
0.596
 20
-1.9420000000000002
 10
0.0
 20
-1.9420000000000002
  0
TEXT
  5
EA
330
17
100
AcDbEntity
  8
PIEZA_TXT
100
AcDbText
 10
0.298
 20
-2.515
 30
0.0
 40
0.05
  1
0.60x1.15
 72
1
 11
0.298
 21
-2.515
 31
0.0
100
AcDbText
 73
2
  0
HATCH
  5
EB
330
17
100
AcDbEntity
  8
DESPERDICIO
 62
7
100
AcDbHatch
 10
0.0
 20
0.0
 30
0.0
210
0.0
220
0.0
230
1.0
  2
ANSI31
 70
0
 71
0
 91
1
 92
3
 72
0
 73
1
 93
4
 10
0.0
 20
-1.9420000000000002
 10
0.596
 20
-1.9420000000000002
 10
0.596
 20
-1.8940000000000001
 10
0.0
 20
-1.8940000000000001
 97
0
 75
1
 76
1
 52
0.0
 41
0.02
 77
0
 78
1
 53
45.0
 43
0.0
 44
0.0
 45
-0.0449012806
 46
0.0449012806
 79
0
 98
0
  0
LWPOLYLINE
  5
EC
330
17
100
AcDbEntity
  8
DESPERDICIO
100
AcDbPolyline
 90
4
 70
1
 10
0.0
 20
-1.9420000000000002
 10
0.596
 20
-1.9420000000000002
 10
0.596
 20
-1.8940000000000001
 10
0.0
 20
-1.8940000000000001
  0
LWPOLYLINE
  5
ED
330
17
100
AcDbEntity
  8
BALDOSA
100
AcDbPolyline
 90
4
 70
1
 10
0.796
 20
-3.088
 10
1.392
 20
-3.088
 10
1.392
 20
-1.8940000000000001
 10
0.796
 20
-1.8940000000000001
  0
TEXT
  5
EE
330
17
100
AcDbEntity
  8
TITULO
100
AcDbText
 10
1.094
 20
-1.834
 30
0.0
 40
0.06
  1
M-14
 72
1
 11
1.094
 21
-1.834
 31
0.0
100
AcDbText
 73
2
  0
HATCH
  5
EF
330
17
100
AcDbEntity
  8
PIEZA
 62
3
100
AcDbHatch
 10
0.0
 20
0.0
 30
0.0
210
0.0
220
0.0
230
1.0
  2
SOLID
 70
1
 71
0
 91
1
 92
3
 72
0
 73
1
 93
4
 10
0.796
 20
-3.088
 10
1.392
 20
-3.088
 10
1.392
 20
-1.9420000000000002
 10
0.796
 20
-1.9420000000000002
 97
0
 75
1
 76
1
 98
0
  0
LWPOLYLINE
  5
F0
330
17
100
AcDbEntity
  8
PIEZA
100
AcDbPolyline
 90
4
 70
1
 10
0.796
 20
-3.088
 10
1.392
 20
-3.088
 10
1.392
 20
-1.9420000000000002
 10
0.796
 20
-1.9420000000000002
  0
TEXT
  5
F1
330
17
100
AcDbEntity
  8
PIEZA_TXT
100
AcDbText
 10
1.094
 20
-2.515
 30
0.0
 40
0.05
  1
0.60x1.15
 72
1
 11
1.094
 21
-2.515
 31
0.0
100
AcDbText
 73
2
  0
HATCH
  5
F2
330
17
100
AcDbEntity
  8
DESPERDICIO
 62
7
100
AcDbHatch
 10
0.0
 20
0.0
 30
0.0
210
0.0
220
0.0
230
1.0
  2
ANSI31
 70
0
 71
0
 91
1
 92
3
 72
0
 73
1
 93
4
 10
0.796
 20
-1.9420000000000002
 10
1.392
 20
-1.9420000000000002
 10
1.392
 20
-1.8940000000000001
 10
0.796
 20
-1.8940000000000001
 97
0
 75
1
 76
1
 52
0.0
 41
0.02
 77
0
 78
1
 53
45.0
 43
0.0
 44
0.0
 45
-0.0449012806
 46
0.0449012806
 79
0
 98
0
  0
LWPOLYLINE
  5
F3
330
17
100
AcDbEntity
  8
DESPERDICIO
100
AcDbPolyline
 90
4
 70
1
 10
0.796
 20
-1.9420000000000002
 10
1.392
 20
-1.9420000000000002
 10
1.392
 20
-1.8940000000000001
 10
0.796
 20
-1.8940000000000001
  0
LWPOLYLINE
  5
F4
330
17
100
AcDbEntity
  8
BALDOSA
100
AcDbPolyline
 90
4
 70
1
 10
1.592
 20
-3.088
 10
2.188
 20
-3.088
 10
2.188
 20
-1.8940000000000001
 10
1.592
 20
-1.8940000000000001
  0
TEXT
  5
F5
330
17
100
AcDbEntity
  8
TITULO
100
AcDbText
 10
1.8900000000000001
 20
-1.834
 30
0.0
 40
0.06
  1
M-15
 72
1
 11
1.8900000000000001
 21
-1.834
 31
0.0
100
AcDbText
 73
2
  0
HATCH
  5
F6
330
17
100
AcDbEntity
  8
PIEZA
 62
3
100
AcDbHatch
 10
0.0
 20
0.0
 30
0.0
210
0.0
220
0.0
230
1.0
  2
SOLID
 70
1
 71
0
 91
1
 92
3
 72
0
 73
1
 93
4
 10
1.592
 20
-3.088
 10
2.188
 20
-3.088
 10
2.188
 20
-1.9420000000000002
 10
1.592
 20
-1.9420000000000002
 97
0
 75
1
 76
1
 98
0
  0
LWPOLYLINE
  5
F7
330
17
100
AcDbEntity
  8
PIEZA
100
AcDbPolyline
 90
4
 70
1
 10
1.592
 20
-3.088
 10
2.188
 20
-3.088
 10
2.188
 20
-1.9420000000000002
 10
1.592
 20
-1.9420000000000002
  0
TEXT
  5
F8
330
17
100
AcDbEntity
  8
PIEZA_TXT
100
AcDbText
 10
1.8900000000000001
 20
-2.515
 30
0.0
 40
0.05
  1
0.60x1.15
 72
1
 11
1.8900000000000001
 21
-2.515
 31
0.0
100
AcDbText
 73
2
  0
HATCH
  5
F9
330
17
100
AcDbEntity
  8
DESPERDICIO
 62
7
100
AcDbHatch
 10
0.0
 20
0.0
 30
0.0
210
0.0
220
0.0
230
1.0
  2
ANSI31
 70
0
 71
0
 91
1
 92
3
 72
0
 73
1
 93
4
 10
1.592
 20
-1.9420000000000002
 10
2.188
 20
-1.9420000000000002
 10
2.188
 20
-1.8940000000000001
 10
1.592
 20
-1.8940000000000001
 97
0
 75
1
 76
1
 52
0.0
 41
0.02
 77
0
 78
1
 53
45.0
 43
0.0
 44
0.0
 45
-0.0449012806
 46
0.0449012806
 79
0
 98
0
  0
LWPOLYLINE
  5
FA
330
17
100
AcDbEntity
  8
DESPERDICIO
100
AcDbPolyline
 90
4
 70
1
 10
1.592
 20
-1.9420000000000002
 10
2.188
 20
-1.9420000000000002
 10
2.188
 20
-1.8940000000000001
 10
1.592
 20
-1.8940000000000001
  0
LWPOLYLINE
  5
FB
330
17
100
AcDbEntity
  8
BALDOSA
100
AcDbPolyline
 90
4
 70
1
 10
2.388
 20
-3.088
 10
2.984
 20
-3.088
 10
2.984
 20
-1.8940000000000001
 10
2.388
 20
-1.8940000000000001
  0
TEXT
  5
FC
330
17
100
AcDbEntity
  8
TITULO
100
AcDbText
 10
2.686
 20
-1.834
 30
0.0
 40
0.06
  1
M-16
 72
1
 11
2.686
 21
-1.834
 31
0.0
100
AcDbText
 73
2
  0
HATCH
  5
FD
330
17
100
AcDbEntity
  8
PIEZA
 62
3
100
AcDbHatch
 10
0.0
 20
0.0
 30
0.0
210
0.0
220
0.0
230
1.0
  2
SOLID
 70
1
 71
0
 91
1
 92
3
 72
0
 73
1
 93
4
 10
2.388
 20
-3.088
 10
2.984
 20
-3.088
 10
2.984
 20
-1.9420000000000002
 10
2.388
 20
-1.9420000000000002
 97
0
 75
1
 76
1
 98
0
  0
LWPOLYLINE
  5
FE
330
17
100
AcDbEntity
  8
PIEZA
100
AcDbPolyline
 90
4
 70
1
 10
2.388
 20
-3.088
 10
2.984
 20
-3.088
 10
2.984
 20
-1.9420000000000002
 10
2.388
 20
-1.9420000000000002
  0
TEXT
  5
FF
330
17
100
AcDbEntity
  8
PIEZA_TXT
100
AcDbText
 10
2.686
 20
-2.515
 30
0.0
 40
0.05
  1
0.60x1.15
 72
1
 11
2.686
 21
-2.515
 31
0.0
100
AcDbText
 73
2
  0
HATCH
  5
100
330
17
100
AcDbEntity
  8
DESPERDICIO
 62
7
100
AcDbHatch
 10
0.0
 20
0.0
 30
0.0
210
0.0
220
0.0
230
1.0
  2
ANSI31
 70
0
 71
0
 91
1
 92
3
 72
0
 73
1
 93
4
 10
2.388
 20
-1.9420000000000002
 10
2.984
 20
-1.9420000000000002
 10
2.984
 20
-1.8940000000000001
 10
2.388
 20
-1.8940000000000001
 97
0
 75
1
 76
1
 52
0.0
 41
0.02
 77
0
 78
1
 53
45.0
 43
0.0
 44
0.0
 45
-0.0449012806
 46
0.0449012806
 79
0
 98
0
  0
LWPOLYLINE
  5
101
330
17
100
AcDbEntity
  8
DESPERDICIO
100
AcDbPolyline
 90
4
 70
1
 10
2.388
 20
-1.9420000000000002
 10
2.984
 20
-1.9420000000000002
 10
2.984
 20
-1.8940000000000001
 10
2.388
 20
-1.8940000000000001
  0
LWPOLYLINE
  5
102
330
17
100
AcDbEntity
  8
BALDOSA
100
AcDbPolyline
 90
4
 70
1
 10
3.184
 20
-3.088
 10
3.7800000000000002
 20
-3.088
 10
3.7800000000000002
 20
-1.8940000000000001
 10
3.184
 20
-1.8940000000000001
  0
TEXT
  5
103
330
17
100
AcDbEntity
  8
TITULO
100
AcDbText
 10
3.482
 20
-1.834
 30
0.0
 40
0.06
  1
M-17
 72
1
 11
3.482
 21
-1.834
 31
0.0
100
AcDbText
 73
2
  0
HATCH
  5
104
330
17
100
AcDbEntity
  8
PIEZA
 62
3
100
AcDbHatch
 10
0.0
 20
0.0
 30
0.0
210
0.0
220
0.0
230
1.0
  2
SOLID
 70
1
 71
0
 91
1
 92
3
 72
0
 73
1
 93
4
 10
3.184
 20
-3.088
 10
3.7800000000000002
 20
-3.088
 10
3.7800000000000002
 20
-1.968
 10
3.184
 20
-1.968
 97
0
 75
1
 76
1
 98
0
  0
LWPOLYLINE
  5
105
330
17
100
AcDbEntity
  8
PIEZA
100
AcDbPolyline
 90
4
 70
1
 10
3.184
 20
-3.088
 10
3.7800000000000002
 20
-3.088
 10
3.7800000000000002
 20
-1.968
 10
3.184
 20
-1.968
  0
TEXT
  5
106
330
17
100
AcDbEntity
  8
PIEZA_TXT
100
AcDbText
 10
3.482
 20
-2.528
 30
0.0
 40
0.05
  1
0.60x1.12
 72
1
 11
3.482
 21
-2.528
 31
0.0
100
AcDbText
 73
2
  0
HATCH
  5
107
330
17
100
AcDbEntity
  8
DESPERDICIO
 62
7
100
AcDbHatch
 10
0.0
 20
0.0
 30
0.0
210
0.0
220
0.0
230
1.0
  2
ANSI31
 70
0
 71
0
 91
1
 92
3
 72
0
 73
1
 93
4
 10
3.184
 20
-1.968
 10
3.7800000000000002
 20
-1.968
 10
3.7800000000000002
 20
-1.8940000000000001
 10
3.184
 20
-1.8940000000000001
 97
0
 75
1
 76
1
 52
0.0
 41
0.02
 77
0
 78
1
 53
45.0
 43
0.0
 44
0.0
 45
-0.0449012806
 46
0.0449012806
 79
0
 98
0
  0
LWPOLYLINE
  5
108
330
17
100
AcDbEntity
  8
DESPERDICIO
100
AcDbPolyline
 90
4
 70
1
 10
3.184
 20
-1.968
 10
3.7800000000000002
 20
-1.968
 10
3.7800000000000002
 20
-1.8940000000000001
 10
3.184
 20
-1.8940000000000001
  0
LWPOLYLINE
  5
109
330
17
100
AcDbEntity
  8
BALDOSA
100
AcDbPolyline
 90
4
 70
1
 10
3.9800000000000004
 20
-3.088
 10
4.5760000000000005
 20
-3.088
 10
4.5760000000000005
 20
-1.8940000000000001
 10
3.9800000000000004
 20
-1.8940000000000001
  0
TEXT
  5
10A
330
17
100
AcDbEntity
  8
TITULO
100
AcDbText
 10
4.2780000000000005
 20
-1.834
 30
0.0
 40
0.06
  1
M-18
 72
1
 11
4.2780000000000005
 21
-1.834
 31
0.0
100
AcDbText
 73
2
  0
HATCH
  5
10B
330
17
100
AcDbEntity
  8
PIEZA
 62
3
100
AcDbHatch
 10
0.0
 20
0.0
 30
0.0
210
0.0
220
0.0
230
1.0
  2
SOLID
 70
1
 71
0
 91
1
 92
3
 72
0
 73
1
 93
4
 10
3.9800000000000004
 20
-3.088
 10
4.5760000000000005
 20
-3.088
 10
4.5760000000000005
 20
-1.968
 10
3.9800000000000004
 20
-1.968
 97
0
 75
1
 76
1
 98
0
  0
LWPOLYLINE
  5
10C
330
17
100
AcDbEntity
  8
PIEZA
100
AcDbPolyline
 90
4
 70
1
 10
3.9800000000000004
 20
-3.088
 10
4.5760000000000005
 20
-3.088
 10
4.5760000000000005
 20
-1.968
 10
3.9800000000000004
 20
-1.968
  0
TEXT
  5
10D
330
17
100
AcDbEntity
  8
PIEZA_TXT
100
AcDbText
 10
4.2780000000000005
 20
-2.528
 30
0.0
 40
0.05
  1
0.60x1.12
 72
1
 11
4.2780000000000005
 21
-2.528
 31
0.0
100
AcDbText
 73
2
  0
HATCH
  5
10E
330
17
100
AcDbEntity
  8
DESPERDICIO
 62
7
100
AcDbHatch
 10
0.0
 20
0.0
 30
0.0
210
0.0
220
0.0
230
1.0
  2
ANSI31
 70
0
 71
0
 91
1
 92
3
 72
0
 73
1
 93
4
 10
3.9800000000000004
 20
-1.968
 10
4.5760000000000005
 20
-1.968
 10
4.5760000000000005
 20
-1.8940000000000001
 10
3.9800000000000004
 20
-1.8940000000000001
 97
0
 75
1
 76
1
 52
0.0
 41
0.02
 77
0
 78
1
 53
45.0
 43
0.0
 44
0.0
 45
-0.0449012806
 46
0.0449012806
 79
0
 98
0
  0
LWPOLYLINE
  5
10F
330
17
100
AcDbEntity
  8
DESPERDICIO
100
AcDbPolyline
 90
4
 70
1
 10
3.9800000000000004
 20
-1.968
 10
4.5760000000000005
 20
-1.968
 10
4.5760000000000005
 20
-1.8940000000000001
 10
3.9800000000000004
 20
-1.8940000000000001
  0
LWPOLYLINE
  5
110
330
17
100
AcDbEntity
  8
BALDOSA
100
AcDbPolyline
 90
4
 70
1
 10
4.776
 20
-3.088
 10
5.372
 20
-3.088
 10
5.372
 20
-1.8940000000000001
 10
4.776
 20
-1.8940000000000001
  0
TEXT
  5
111
330
17
100
AcDbEntity
  8
TITULO
100
AcDbText
 10
5.074
 20
-1.834
 30
0.0
 40
0.06
  1
M-19
 72
1
 11
5.074
 21
-1.834
 31
0.0
100
AcDbText
 73
2
  0
HATCH
  5
112
330
17
100
AcDbEntity
  8
PIEZA
 62
3
100
AcDbHatch
 10
0.0
 20
0.0
 30
0.0
210
0.0
220
0.0
230
1.0
  2
SOLID
 70
1
 71
0
 91
1
 92
3
 72
0
 73
1
 93
4
 10
4.776
 20
-3.088
 10
5.372
 20
-3.088
 10
5.372
 20
-1.968
 10
4.776
 20
-1.968
 97
0
 75
1
 76
1
 98
0
  0
LWPOLYLINE
  5
113
330
17
100
AcDbEntity
  8
PIEZA
100
AcDbPolyline
 90
4
 70
1
 10
4.776
 20
-3.088
 10
5.372
 20
-3.088
 10
5.372
 20
-1.968
 10
4.776
 20
-1.968
  0
TEXT
  5
114
330
17
100
AcDbEntity
  8
PIEZA_TXT
100
AcDbText
 10
5.074
 20
-2.528
 30
0.0
 40
0.05
  1
0.60x1.12
 72
1
 11
5.074
 21
-2.528
 31
0.0
100
AcDbText
 73
2
  0
HATCH
  5
115
330
17
100
AcDbEntity
  8
DESPERDICIO
 62
7
100
AcDbHatch
 10
0.0
 20
0.0
 30
0.0
210
0.0
220
0.0
230
1.0
  2
ANSI31
 70
0
 71
0
 91
1
 92
3
 72
0
 73
1
 93
4
 10
4.776
 20
-1.968
 10
5.372
 20
-1.968
 10
5.372
 20
-1.8940000000000001
 10
4.776
 20
-1.8940000000000001
 97
0
 75
1
 76
1
 52
0.0
 41
0.02
 77
0
 78
1
 53
45.0
 43
0.0
 44
0.0
 45
-0.0449012806
 46
0.0449012806
 79
0
 98
0
  0
LWPOLYLINE
  5
116
330
17
100
AcDbEntity
  8
DESPERDICIO
100
AcDbPolyline
 90
4
 70
1
 10
4.776
 20
-1.968
 10
5.372
 20
-1.968
 10
5.372
 20
-1.8940000000000001
 10
4.776
 20
-1.8940000000000001
  0
LWPOLYLINE
  5
117
330
17
100
AcDbEntity
  8
BALDOSA
100
AcDbPolyline
 90
4
 70
1
 10
5.572
 20
-3.088
 10
6.168
 20
-3.088
 10
6.168
 20
-1.8940000000000001
 10
5.572
 20
-1.8940000000000001
  0
TEXT
  5
118
330
17
100
AcDbEntity
  8
TITULO
100
AcDbText
 10
5.87
 20
-1.834
 30
0.0
 40
0.06
  1
M-20
 72
1
 11
5.87
 21
-1.834
 31
0.0
100
AcDbText
 73
2
  0
HATCH
  5
119
330
17
100
AcDbEntity
  8
PIEZA
 62
3
100
AcDbHatch
 10
0.0
 20
0.0
 30
0.0
210
0.0
220
0.0
230
1.0
  2
SOLID
 70
1
 71
0
 91
1
 92
3
 72
0
 73
1
 93
4
 10
5.572
 20
-3.088
 10
6.168
 20
-3.088
 10
6.168
 20
-1.974
 10
5.572
 20
-1.974
 97
0
 75
1
 76
1
 98
0
  0
LWPOLYLINE
  5
11A
330
17
100
AcDbEntity
  8
PIEZA
100
AcDbPolyline
 90
4
 70
1
 10
5.572
 20
-3.088
 10
6.168
 20
-3.088
 10
6.168
 20
-1.974
 10
5.572
 20
-1.974
  0
TEXT
  5
11B
330
17
100
AcDbEntity
  8
PIEZA_TXT
100
AcDbText
 10
5.87
 20
-2.531
 30
0.0
 40
0.05
  1
0.60x1.11
 72
1
 11
5.87
 21
-2.531
 31
0.0
100
AcDbText
 73
2
  0
HATCH
  5
11C
330
17
100
AcDbEntity
  8
DESPERDICIO
 62
7
100
AcDbHatch
 10
0.0
 20
0.0
 30
0.0
210
0.0
220
0.0
230
1.0
  2
ANSI31
 70
0
 71
0
 91
1
 92
3
 72
0
 73
1
 93
4
 10
5.572
 20
-1.974
 10
6.168
 20
-1.974
 10
6.168
 20
-1.8940000000000001
 10
5.572
 20
-1.8940000000000001
 97
0
 75
1
 76
1
 52
0.0
 41
0.02
 77
0
 78
1
 53
45.0
 43
0.0
 44
0.0
 45
-0.0449012806
 46
0.0449012806
 79
0
 98
0
  0
LWPOLYLINE
  5
11D
330
17
100
AcDbEntity
  8
DESPERDICIO
100
AcDbPolyline
 90
4
 70
1
 10
5.572
 20
-1.974
 10
6.168
 20
-1.974
 10
6.168
 20
-1.8940000000000001
 10
5.572
 20
-1.8940000000000001
  0
LWPOLYLINE
  5
11E
330
17
100
AcDbEntity
  8
BALDOSA
100
AcDbPolyline
 90
4
 70
1
 10
6.368
 20
-3.088
 10
6.964
 20
-3.088
 10
6.964
 20
-1.8940000000000001
 10
6.368
 20
-1.8940000000000001
  0
TEXT
  5
11F
330
17
100
AcDbEntity
  8
TITULO
100
AcDbText
 10
6.666
 20
-1.834
 30
0.0
 40
0.06
  1
M-21
 72
1
 11
6.666
 21
-1.834
 31
0.0
100
AcDbText
 73
2
  0
HATCH
  5
120
330
17
100
AcDbEntity
  8
PIEZA
 62
3
100
AcDbHatch
 10
0.0
 20
0.0
 30
0.0
210
0.0
220
0.0
230
1.0
  2
SOLID
 70
1
 71
0
 91
1
 92
3
 72
0
 73
1
 93
4
 10
6.368
 20
-3.088
 10
6.964
 20
-3.088
 10
6.964
 20
-1.974
 10
6.368
 20
-1.974
 97
0
 75
1
 76
1
 98
0
  0
LWPOLYLINE
  5
121
330
17
100
AcDbEntity
  8
PIEZA
100
AcDbPolyline
 90
4
 70
1
 10
6.368
 20
-3.088
 10
6.964
 20
-3.088
 10
6.964
 20
-1.974
 10
6.368
 20
-1.974
  0
TEXT
  5
122
330
17
100
AcDbEntity
  8
PIEZA_TXT
100
AcDbText
 10
6.666
 20
-2.531
 30
0.0
 40
0.05
  1
0.60x1.11
 72
1
 11
6.666
 21
-2.531
 31
0.0
100
AcDbText
 73
2
  0
HATCH
  5
123
330
17
100
AcDbEntity
  8
DESPERDICIO
 62
7
100
AcDbHatch
 10
0.0
 20
0.0
 30
0.0
210
0.0
220
0.0
230
1.0
  2
ANSI31
 70
0
 71
0
 91
1
 92
3
 72
0
 73
1
 93
4
 10
6.368
 20
-1.974
 10
6.964
 20
-1.974
 10
6.964
 20
-1.8940000000000001
 10
6.368
 20
-1.8940000000000001
 97
0
 75
1
 76
1
 52
0.0
 41
0.02
 77
0
 78
1
 53
45.0
 43
0.0
 44
0.0
 45
-0.0449012806
 46
0.0449012806
 79
0
 98
0
  0
LWPOLYLINE
  5
124
330
17
100
AcDbEntity
  8
DESPERDICIO
100
AcDbPolyline
 90
4
 70
1
 10
6.368
 20
-1.974
 10
6.964
 20
-1.974
 10
6.964
 20
-1.8940000000000001
 10
6.368
 20
-1.8940000000000001
  0
LWPOLYLINE
  5
125
330
17
100
AcDbEntity
  8
BALDOSA
100
AcDbPolyline
 90
4
 70
1
 10
7.164000000000001
 20
-3.088
 10
7.760000000000001
 20
-3.088
 10
7.760000000000001
 20
-1.8940000000000001
 10
7.164000000000001
 20
-1.8940000000000001
  0
TEXT
  5
126
330
17
100
AcDbEntity
  8
TITULO
100
AcDbText
 10
7.462000000000001
 20
-1.834
 30
0.0
 40
0.06
  1
M-22
 72
1
 11
7.462000000000001
 21
-1.834
 31
0.0
100
AcDbText
 73
2
  0
HATCH
  5
127
330
17
100
AcDbEntity
  8
PIEZA
 62
3
100
AcDbHatch
 10
0.0
 20
0.0
 30
0.0
210
0.0
220
0.0
230
1.0
  2
SOLID
 70
1
 71
0
 91
1
 92
3
 72
0
 73
1
 93
4
 10
7.164000000000001
 20
-3.088
 10
7.760000000000001
 20
-3.088
 10
7.760000000000001
 20
-1.974
 10
7.164000000000001
 20
-1.974
 97
0
 75
1
 76
1
 98
0
  0
LWPOLYLINE
  5
128
330
17
100
AcDbEntity
  8
PIEZA
100
AcDbPolyline
 90
4
 70
1
 10
7.164000000000001
 20
-3.088
 10
7.760000000000001
 20
-3.088
 10
7.760000000000001
 20
-1.974
 10
7.164000000000001
 20
-1.974
  0
TEXT
  5
129
330
17
100
AcDbEntity
  8
PIEZA_TXT
100
AcDbText
 10
7.462000000000001
 20
-2.531
 30
0.0
 40
0.05
  1
0.60x1.11
 72
1
 11
7.462000000000001
 21
-2.531
 31
0.0
100
AcDbText
 73
2
  0
HATCH
  5
12A
330
17
100
AcDbEntity
  8
DESPERDICIO
 62
7
100
AcDbHatch
 10
0.0
 20
0.0
 30
0.0
210
0.0
220
0.0
230
1.0
  2
ANSI31
 70
0
 71
0
 91
1
 92
3
 72
0
 73
1
 93
4
 10
7.164000000000001
 20
-1.974
 10
7.760000000000001
 20
-1.974
 10
7.760000000000001
 20
-1.8940000000000001
 10
7.164000000000001
 20
-1.8940000000000001
 97
0
 75
1
 76
1
 52
0.0
 41
0.02
 77
0
 78
1
 53
45.0
 43
0.0
 44
0.0
 45
-0.0449012806
 46
0.0449012806
 79
0
 98
0
  0
LWPOLYLINE
  5
12B
330
17
100
AcDbEntity
  8
DESPERDICIO
100
AcDbPolyline
 90
4
 70
1
 10
7.164000000000001
 20
-1.974
 10
7.760000000000001
 20
-1.974
 10
7.760000000000001
 20
-1.8940000000000001
 10
7.164000000000001
 20
-1.8940000000000001
  0
LWPOLYLINE
  5
12C
330
17
100
AcDbEntity
  8
BALDOSA
100
AcDbPolyline
 90
4
 70
1
 10
7.960000000000001
 20
-3.088
 10
8.556000000000001
 20
-3.088
 10
8.556000000000001
 20
-1.8940000000000001
 10
7.960000000000001
 20
-1.8940000000000001
  0
TEXT
  5
12D
330
17
100
AcDbEntity
  8
TITULO
100
AcDbText
 10
8.258000000000001
 20
-1.834
 30
0.0
 40
0.06
  1
M-23
 72
1
 11
8.258000000000001
 21
-1.834
 31
0.0
100
AcDbText
 73
2
  0
HATCH
  5
12E
330
17
100
AcDbEntity
  8
PIEZA
 62
3
100
AcDbHatch
 10
0.0
 20
0.0
 30
0.0
210
0.0
220
0.0
230
1.0
  2
SOLID
 70
1
 71
0
 91
1
 92
3
 72
0
 73
1
 93
4
 10
7.960000000000001
 20
-3.088
 10
8.556000000000001
 20
-3.088
 10
8.556000000000001
 20
-1.974
 10
7.960000000000001
 20
-1.974
 97
0
 75
1
 76
1
 98
0
  0
LWPOLYLINE
  5
12F
330
17
100
AcDbEntity
  8
PIEZA
100
AcDbPolyline
 90
4
 70
1
 10
7.960000000000001
 20
-3.088
 10
8.556000000000001
 20
-3.088
 10
8.556000000000001
 20
-1.974
 10
7.960000000000001
 20
-1.974
  0
TEXT
  5
130
330
17
100
AcDbEntity
  8
PIEZA_TXT
100
AcDbText
 10
8.258000000000001
 20
-2.531
 30
0.0
 40
0.05
  1
0.60x1.11
 72
1
 11
8.258000000000001
 21
-2.531
 31
0.0
100
AcDbText
 73
2
  0
HATCH
  5
131
330
17
100
AcDbEntity
  8
DESPERDICIO
 62
7
100
AcDbHatch
 10
0.0
 20
0.0
 30
0.0
210
0.0
220
0.0
230
1.0
  2
ANSI31
 70
0
 71
0
 91
1
 92
3
 72
0
 73
1
 93
4
 10
7.960000000000001
 20
-1.974
 10
8.556000000000001
 20
-1.974
 10
8.556000000000001
 20
-1.8940000000000001
 10
7.960000000000001
 20
-1.8940000000000001
 97
0
 75
1
 76
1
 52
0.0
 41
0.02
 77
0
 78
1
 53
45.0
 43
0.0
 44
0.0
 45
-0.0449012806
 46
0.0449012806
 79
0
 98
0
  0
LWPOLYLINE
  5
132
330
17
100
AcDbEntity
  8
DESPERDICIO
100
AcDbPolyline
 90
4
 70
1
 10
7.960000000000001
 20
-1.974
 10
8.556000000000001
 20
-1.974
 10
8.556000000000001
 20
-1.8940000000000001
 10
7.960000000000001
 20
-1.8940000000000001
  0
LWPOLYLINE
  5
133
330
17
100
AcDbEntity
  8
BALDOSA
100
AcDbPolyline
 90
4
 70
1
 10
8.756
 20
-3.088
 10
9.352
 20
-3.088
 10
9.352
 20
-1.8940000000000001
 10
8.756
 20
-1.8940000000000001
  0
TEXT
  5
134
330
17
100
AcDbEntity
  8
TITULO
100
AcDbText
 10
9.054
 20
-1.834
 30
0.0
 40
0.06
  1
M-24
 72
1
 11
9.054
 21
-1.834
 31
0.0
100
AcDbText
 73
2
  0
HATCH
  5
135
330
17
100
AcDbEntity
  8
PIEZA
 62
3
100
AcDbHatch
 10
0.0
 20
0.0
 30
0.0
210
0.0
220
0.0
230
1.0
  2
SOLID
 70
1
 71
0
 91
1
 92
3
 72
0
 73
1
 93
4
 10
8.756
 20
-3.088
 10
9.352
 20
-3.088
 10
9.352
 20
-1.974
 10
8.756
 20
-1.974
 97
0
 75
1
 76
1
 98
0
  0
LWPOLYLINE
  5
136
330
17
100
AcDbEntity
  8
PIEZA
100
AcDbPolyline
 90
4
 70
1
 10
8.756
 20
-3.088
 10
9.352
 20
-3.088
 10
9.352
 20
-1.974
 10
8.756
 20
-1.974
  0
TEXT
  5
137
330
17
100
AcDbEntity
  8
PIEZA_TXT
100
AcDbText
 10
9.054
 20
-2.531
 30
0.0
 40
0.05
  1
0.60x1.11
 72
1
 11
9.054
 21
-2.531
 31
0.0
100
AcDbText
 73
2
  0
HATCH
  5
138
330
17
100
AcDbEntity
  8
DESPERDICIO
 62
7
100
AcDbHatch
 10
0.0
 20
0.0
 30
0.0
210
0.0
220
0.0
230
1.0
  2
ANSI31
 70
0
 71
0
 91
1
 92
3
 72
0
 73
1
 93
4
 10
8.756
 20
-1.974
 10
9.352
 20
-1.974
 10
9.352
 20
-1.8940000000000001
 10
8.756
 20
-1.8940000000000001
 97
0
 75
1
 76
1
 52
0.0
 41
0.02
 77
0
 78
1
 53
45.0
 43
0.0
 44
0.0
 45
-0.0449012806
 46
0.0449012806
 79
0
 98
0
  0
LWPOLYLINE
  5
139
330
17
100
AcDbEntity
  8
DESPERDICIO
100
AcDbPolyline
 90
4
 70
1
 10
8.756
 20
-1.974
 10
9.352
 20
-1.974
 10
9.352
 20
-1.8940000000000001
 10
8.756
 20
-1.8940000000000001
  0
LWPOLYLINE
  5
13A
330
17
100
AcDbEntity
  8
BALDOSA
100
AcDbPolyline
 90
4
 70
1
 10
0.0
 20
-4.582000000000001
 10
0.596
 20
-4.582000000000001
 10
0.596
 20
-3.388000000000001
 10
0.0
 20
-3.388000000000001
  0
TEXT
  5
13B
330
17
100
AcDbEntity
  8
TITULO
100
AcDbText
 10
0.298
 20
-3.3280000000000007
 30
0.0
 40
0.06
  1
M-25
 72
1
 11
0.298
 21
-3.3280000000000007
 31
0.0
100
AcDbText
 73
2
  0
HATCH
  5
13C
330
17
100
AcDbEntity
  8
PIEZA
 62
3
100
AcDbHatch
 10
0.0
 20
0.0
 30
0.0
210
0.0
220
0.0
230
1.0
  2
SOLID
 70
1
 71
0
 91
1
 92
3
 72
0
 73
1
 93
4
 10
0.0
 20
-4.582000000000001
 10
0.596
 20
-4.582000000000001
 10
0.596
 20
-3.468000000000001
 10
0.0
 20
-3.468000000000001
 97
0
 75
1
 76
1
 98
0
  0
LWPOLYLINE
  5
13D
330
17
100
AcDbEntity
  8
PIEZA
100
AcDbPolyline
 90
4
 70
1
 10
0.0
 20
-4.582000000000001
 10
0.596
 20
-4.582000000000001
 10
0.596
 20
-3.468000000000001
 10
0.0
 20
-3.468000000000001
  0
TEXT
  5
13E
330
17
100
AcDbEntity
  8
PIEZA_TXT
100
AcDbText
 10
0.298
 20
-4.025
 30
0.0
 40
0.05
  1
0.60x1.11
 72
1
 11
0.298
 21
-4.025
 31
0.0
100
AcDbText
 73
2
  0
HATCH
  5
13F
330
17
100
AcDbEntity
  8
DESPERDICIO
 62
7
100
AcDbHatch
 10
0.0
 20
0.0
 30
0.0
210
0.0
220
0.0
230
1.0
  2
ANSI31
 70
0
 71
0
 91
1
 92
3
 72
0
 73
1
 93
4
 10
0.0
 20
-3.468000000000001
 10
0.596
 20
-3.468000000000001
 10
0.596
 20
-3.388000000000001
 10
0.0
 20
-3.388000000000001
 97
0
 75
1
 76
1
 52
0.0
 41
0.02
 77
0
 78
1
 53
45.0
 43
0.0
 44
0.0
 45
-0.0449012806
 46
0.0449012806
 79
0
 98
0
  0
LWPOLYLINE
  5
140
330
17
100
AcDbEntity
  8
DESPERDICIO
100
AcDbPolyline
 90
4
 70
1
 10
0.0
 20
-3.468000000000001
 10
0.596
 20
-3.468000000000001
 10
0.596
 20
-3.388000000000001
 10
0.0
 20
-3.388000000000001
  0
LWPOLYLINE
  5
141
330
17
100
AcDbEntity
  8
BALDOSA
100
AcDbPolyline
 90
4
 70
1
 10
0.796
 20
-4.582000000000001
 10
1.392
 20
-4.582000000000001
 10
1.392
 20
-3.388000000000001
 10
0.796
 20
-3.388000000000001
  0
TEXT
  5
142
330
17
100
AcDbEntity
  8
TITULO
100
AcDbText
 10
1.094
 20
-3.3280000000000007
 30
0.0
 40
0.06
  1
M-26
 72
1
 11
1.094
 21
-3.3280000000000007
 31
0.0
100
AcDbText
 73
2
  0
HATCH
  5
143
330
17
100
AcDbEntity
  8
PIEZA
 62
3
100
AcDbHatch
 10
0.0
 20
0.0
 30
0.0
210
0.0
220
0.0
230
1.0
  2
SOLID
 70
1
 71
0
 91
1
 92
3
 72
0
 73
1
 93
4
 10
0.796
 20
-4.582000000000001
 10
1.392
 20
-4.582000000000001
 10
1.392
 20
-3.468000000000001
 10
0.796
 20
-3.468000000000001
 97
0
 75
1
 76
1
 98
0
  0
LWPOLYLINE
  5
144
330
17
100
AcDbEntity
  8
PIEZA
100
AcDbPolyline
 90
4
 70
1
 10
0.796
 20
-4.582000000000001
 10
1.392
 20
-4.582000000000001
 10
1.392
 20
-3.468000000000001
 10
0.796
 20
-3.468000000000001
  0
TEXT
  5
145
330
17
100
AcDbEntity
  8
PIEZA_TXT
100
AcDbText
 10
1.094
 20
-4.025
 30
0.0
 40
0.05
  1
0.60x1.11
 72
1
 11
1.094
 21
-4.025
 31
0.0
100
AcDbText
 73
2
  0
HATCH
  5
146
330
17
100
AcDbEntity
  8
DESPERDICIO
 62
7
100
AcDbHatch
 10
0.0
 20
0.0
 30
0.0
210
0.0
220
0.0
230
1.0
  2
ANSI31
 70
0
 71
0
 91
1
 92
3
 72
0
 73
1
 93
4
 10
0.796
 20
-3.468000000000001
 10
1.392
 20
-3.468000000000001
 10
1.392
 20
-3.388000000000001
 10
0.796
 20
-3.388000000000001
 97
0
 75
1
 76
1
 52
0.0
 41
0.02
 77
0
 78
1
 53
45.0
 43
0.0
 44
0.0
 45
-0.0449012806
 46
0.0449012806
 79
0
 98
0
  0
LWPOLYLINE
  5
147
330
17
100
AcDbEntity
  8
DESPERDICIO
100
AcDbPolyline
 90
4
 70
1
 10
0.796
 20
-3.468000000000001
 10
1.392
 20
-3.468000000000001
 10
1.392
 20
-3.388000000000001
 10
0.796
 20
-3.388000000000001
  0
LWPOLYLINE
  5
148
330
17
100
AcDbEntity
  8
BALDOSA
100
AcDbPolyline
 90
4
 70
1
 10
1.592
 20
-4.582000000000001
 10
2.188
 20
-4.582000000000001
 10
2.188
 20
-3.388000000000001
 10
1.592
 20
-3.388000000000001
  0
TEXT
  5
149
330
17
100
AcDbEntity
  8
TITULO
100
AcDbText
 10
1.8900000000000001
 20
-3.3280000000000007
 30
0.0
 40
0.06
  1
M-27
 72
1
 11
1.8900000000000001
 21
-3.3280000000000007
 31
0.0
100
AcDbText
 73
2
  0
HATCH
  5
14A
330
17
100
AcDbEntity
  8
PIEZA
 62
3
100
AcDbHatch
 10
0.0
 20
0.0
 30
0.0
210
0.0
220
0.0
230
1.0
  2
SOLID
 70
1
 71
0
 91
1
 92
3
 72
0
 73
1
 93
4
 10
1.592
 20
-4.582000000000001
 10
2.188
 20
-4.582000000000001
 10
2.188
 20
-3.468000000000001
 10
1.592
 20
-3.468000000000001
 97
0
 75
1
 76
1
 98
0
  0
LWPOLYLINE
  5
14B
330
17
100
AcDbEntity
  8
PIEZA
100
AcDbPolyline
 90
4
 70
1
 10
1.592
 20
-4.582000000000001
 10
2.188
 20
-4.582000000000001
 10
2.188
 20
-3.468000000000001
 10
1.592
 20
-3.468000000000001
  0
TEXT
  5
14C
330
17
100
AcDbEntity
  8
PIEZA_TXT
100
AcDbText
 10
1.8900000000000001
 20
-4.025
 30
0.0
 40
0.05
  1
0.60x1.11
 72
1
 11
1.8900000000000001
 21
-4.025
 31
0.0
100
AcDbText
 73
2
  0
HATCH
  5
14D
330
17
100
AcDbEntity
  8
DESPERDICIO
 62
7
100
AcDbHatch
 10
0.0
 20
0.0
 30
0.0
210
0.0
220
0.0
230
1.0
  2
ANSI31
 70
0
 71
0
 91
1
 92
3
 72
0
 73
1
 93
4
 10
1.592
 20
-3.468000000000001
 10
2.188
 20
-3.468000000000001
 10
2.188
 20
-3.388000000000001
 10
1.592
 20
-3.388000000000001
 97
0
 75
1
 76
1
 52
0.0
 41
0.02
 77
0
 78
1
 53
45.0
 43
0.0
 44
0.0
 45
-0.0449012806
 46
0.0449012806
 79
0
 98
0
  0
LWPOLYLINE
  5
14E
330
17
100
AcDbEntity
  8
DESPERDICIO
100
AcDbPolyline
 90
4
 70
1
 10
1.592
 20
-3.468000000000001
 10
2.188
 20
-3.468000000000001
 10
2.188
 20
-3.388000000000001
 10
1.592
 20
-3.388000000000001
  0
LWPOLYLINE
  5
14F
330
17
100
AcDbEntity
  8
BALDOSA
100
AcDbPolyline
 90
4
 70
1
 10
2.388
 20
-4.582000000000001
 10
2.984
 20
-4.582000000000001
 10
2.984
 20
-3.388000000000001
 10
2.388
 20
-3.388000000000001
  0
TEXT
  5
150
330
17
100
AcDbEntity
  8
TITULO
100
AcDbText
 10
2.686
 20
-3.3280000000000007
 30
0.0
 40
0.06
  1
M-28
 72
1
 11
2.686
 21
-3.3280000000000007
 31
0.0
100
AcDbText
 73
2
  0
HATCH
  5
151
330
17
100
AcDbEntity
  8
PIEZA
 62
3
100
AcDbHatch
 10
0.0
 20
0.0
 30
0.0
210
0.0
220
0.0
230
1.0
  2
SOLID
 70
1
 71
0
 91
1
 92
3
 72
0
 73
1
 93
4
 10
2.388
 20
-4.582000000000001
 10
2.984
 20
-4.582000000000001
 10
2.984
 20
-3.468000000000001
 10
2.388
 20
-3.468000000000001
 97
0
 75
1
 76
1
 98
0
  0
LWPOLYLINE
  5
152
330
17
100
AcDbEntity
  8
PIEZA
100
AcDbPolyline
 90
4
 70
1
 10
2.388
 20
-4.582000000000001
 10
2.984
 20
-4.582000000000001
 10
2.984
 20
-3.468000000000001
 10
2.388
 20
-3.468000000000001
  0
TEXT
  5
153
330
17
100
AcDbEntity
  8
PIEZA_TXT
100
AcDbText
 10
2.686
 20
-4.025
 30
0.0
 40
0.05
  1
0.60x1.11
 72
1
 11
2.686
 21
-4.025
 31
0.0
100
AcDbText
 73
2
  0
HATCH
  5
154
330
17
100
AcDbEntity
  8
DESPERDICIO
 62
7
100
AcDbHatch
 10
0.0
 20
0.0
 30
0.0
210
0.0
220
0.0
230
1.0
  2
ANSI31
 70
0
 71
0
 91
1
 92
3
 72
0
 73
1
 93
4
 10
2.388
 20
-3.468000000000001
 10
2.984
 20
-3.468000000000001
 10
2.984
 20
-3.388000000000001
 10
2.388
 20
-3.388000000000001
 97
0
 75
1
 76
1
 52
0.0
 41
0.02
 77
0
 78
1
 53
45.0
 43
0.0
 44
0.0
 45
-0.0449012806
 46
0.0449012806
 79
0
 98
0
  0
LWPOLYLINE
  5
155
330
17
100
AcDbEntity
  8
DESPERDICIO
100
AcDbPolyline
 90
4
 70
1
 10
2.388
 20
-3.468000000000001
 10
2.984
 20
-3.468000000000001
 10
2.984
 20
-3.388000000000001
 10
2.388
 20
-3.388000000000001
  0
LWPOLYLINE
  5
156
330
17
100
AcDbEntity
  8
BALDOSA
100
AcDbPolyline
 90
4
 70
1
 10
3.184
 20
-4.582000000000001
 10
3.7800000000000002
 20
-4.582000000000001
 10
3.7800000000000002
 20
-3.388000000000001
 10
3.184
 20
-3.388000000000001
  0
TEXT
  5
157
330
17
100
AcDbEntity
  8
TITULO
100
AcDbText
 10
3.482
 20
-3.3280000000000007
 30
0.0
 40
0.06
  1
M-29
 72
1
 11
3.482
 21
-3.3280000000000007
 31
0.0
100
AcDbText
 73
2
  0
HATCH
  5
158
330
17
100
AcDbEntity
  8
PIEZA
 62
3
100
AcDbHatch
 10
0.0
 20
0.0
 30
0.0
210
0.0
220
0.0
230
1.0
  2
SOLID
 70
1
 71
0
 91
1
 92
3
 72
0
 73
1
 93
4
 10
3.184
 20
-4.582000000000001
 10
3.7800000000000002
 20
-4.582000000000001
 10
3.7800000000000002
 20
-3.468000000000001
 10
3.184
 20
-3.468000000000001
 97
0
 75
1
 76
1
 98
0
  0
LWPOLYLINE
  5
159
330
17
100
AcDbEntity
  8
PIEZA
100
AcDbPolyline
 90
4
 70
1
 10
3.184
 20
-4.582000000000001
 10
3.7800000000000002
 20
-4.582000000000001
 10
3.7800000000000002
 20
-3.468000000000001
 10
3.184
 20
-3.468000000000001
  0
TEXT
  5
15A
330
17
100
AcDbEntity
  8
PIEZA_TXT
100
AcDbText
 10
3.482
 20
-4.025
 30
0.0
 40
0.05
  1
0.60x1.11
 72
1
 11
3.482
 21
-4.025
 31
0.0
100
AcDbText
 73
2
  0
HATCH
  5
15B
330
17
100
AcDbEntity
  8
DESPERDICIO
 62
7
100
AcDbHatch
 10
0.0
 20
0.0
 30
0.0
210
0.0
220
0.0
230
1.0
  2
ANSI31
 70
0
 71
0
 91
1
 92
3
 72
0
 73
1
 93
4
 10
3.184
 20
-3.468000000000001
 10
3.7800000000000002
 20
-3.468000000000001
 10
3.7800000000000002
 20
-3.388000000000001
 10
3.184
 20
-3.388000000000001
 97
0
 75
1
 76
1
 52
0.0
 41
0.02
 77
0
 78
1
 53
45.0
 43
0.0
 44
0.0
 45
-0.0449012806
 46
0.0449012806
 79
0
 98
0
  0
LWPOLYLINE
  5
15C
330
17
100
AcDbEntity
  8
DESPERDICIO
100
AcDbPolyline
 90
4
 70
1
 10
3.184
 20
-3.468000000000001
 10
3.7800000000000002
 20
-3.468000000000001
 10
3.7800000000000002
 20
-3.388000000000001
 10
3.184
 20
-3.388000000000001
  0
LWPOLYLINE
  5
15D
330
17
100
AcDbEntity
  8
BALDOSA
100
AcDbPolyline
 90
4
 70
1
 10
3.9800000000000004
 20
-4.582000000000001
 10
4.5760000000000005
 20
-4.582000000000001
 10
4.5760000000000005
 20
-3.388000000000001
 10
3.9800000000000004
 20
-3.388000000000001
  0
TEXT
  5
15E
330
17
100
AcDbEntity
  8
TITULO
100
AcDbText
 10
4.2780000000000005
 20
-3.3280000000000007
 30
0.0
 40
0.06
  1
M-30
 72
1
 11
4.2780000000000005
 21
-3.3280000000000007
 31
0.0
100
AcDbText
 73
2
  0
HATCH
  5
15F
330
17
100
AcDbEntity
  8
PIEZA
 62
3
100
AcDbHatch
 10
0.0
 20
0.0
 30
0.0
210
0.0
220
0.0
230
1.0
  2
SOLID
 70
1
 71
0
 91
1
 92
3
 72
0
 73
1
 93
4
 10
3.9800000000000004
 20
-4.582000000000001
 10
4.5760000000000005
 20
-4.582000000000001
 10
4.5760000000000005
 20
-3.468000000000001
 10
3.9800000000000004
 20
-3.468000000000001
 97
0
 75
1
 76
1
 98
0
  0
LWPOLYLINE
  5
160
330
17
100
AcDbEntity
  8
PIEZA
100
AcDbPolyline
 90
4
 70
1
 10
3.9800000000000004
 20
-4.582000000000001
 10
4.5760000000000005
 20
-4.582000000000001
 10
4.5760000000000005
 20
-3.468000000000001
 10
3.9800000000000004
 20
-3.468000000000001
  0
TEXT
  5
161
330
17
100
AcDbEntity
  8
PIEZA_TXT
100
AcDbText
 10
4.2780000000000005
 20
-4.025
 30
0.0
 40
0.05
  1
0.60x1.11
 72
1
 11
4.2780000000000005
 21
-4.025
 31
0.0
100
AcDbText
 73
2
  0
HATCH
  5
162
330
17
100
AcDbEntity
  8
DESPERDICIO
 62
7
100
AcDbHatch
 10
0.0
 20
0.0
 30
0.0
210
0.0
220
0.0
230
1.0
  2
ANSI31
 70
0
 71
0
 91
1
 92
3
 72
0
 73
1
 93
4
 10
3.9800000000000004
 20
-3.468000000000001
 10
4.5760000000000005
 20
-3.468000000000001
 10
4.5760000000000005
 20
-3.388000000000001
 10
3.9800000000000004
 20
-3.388000000000001
 97
0
 75
1
 76
1
 52
0.0
 41
0.02
 77
0
 78
1
 53
45.0
 43
0.0
 44
0.0
 45
-0.0449012806
 46
0.0449012806
 79
0
 98
0
  0
LWPOLYLINE
  5
163
330
17
100
AcDbEntity
  8
DESPERDICIO
100
AcDbPolyline
 90
4
 70
1
 10
3.9800000000000004
 20
-3.468000000000001
 10
4.5760000000000005
 20
-3.468000000000001
 10
4.5760000000000005
 20
-3.388000000000001
 10
3.9800000000000004
 20
-3.388000000000001
  0
LWPOLYLINE
  5
164
330
17
100
AcDbEntity
  8
BALDOSA
100
AcDbPolyline
 90
4
 70
1
 10
4.776
 20
-4.582000000000001
 10
5.372
 20
-4.582000000000001
 10
5.372
 20
-3.388000000000001
 10
4.776
 20
-3.388000000000001
  0
TEXT
  5
165
330
17
100
AcDbEntity
  8
TITULO
100
AcDbText
 10
5.074
 20
-3.3280000000000007
 30
0.0
 40
0.06
  1
M-31
 72
1
 11
5.074
 21
-3.3280000000000007
 31
0.0
100
AcDbText
 73
2
  0
HATCH
  5
166
330
17
100
AcDbEntity
  8
PIEZA
 62
3
100
AcDbHatch
 10
0.0
 20
0.0
 30
0.0
210
0.0
220
0.0
230
1.0
  2
SOLID
 70
1
 71
0
 91
1
 92
3
 72
0
 73
1
 93
4
 10
4.776
 20
-4.582000000000001
 10
5.372
 20
-4.582000000000001
 10
5.372
 20
-3.4720000000000004
 10
4.776
 20
-3.4720000000000004
 97
0
 75
1
 76
1
 98
0
  0
LWPOLYLINE
  5
167
330
17
100
AcDbEntity
  8
PIEZA
100
AcDbPolyline
 90
4
 70
1
 10
4.776
 20
-4.582000000000001
 10
5.372
 20
-4.582000000000001
 10
5.372
 20
-3.4720000000000004
 10
4.776
 20
-3.4720000000000004
  0
TEXT
  5
168
330
17
100
AcDbEntity
  8
PIEZA_TXT
100
AcDbText
 10
5.074
 20
-4.027000000000001
 30
0.0
 40
0.05
  1
0.60x1.11
 72
1
 11
5.074
 21
-4.027000000000001
 31
0.0
100
AcDbText
 73
2
  0
HATCH
  5
169
330
17
100
AcDbEntity
  8
DESPERDICIO
 62
7
100
AcDbHatch
 10
0.0
 20
0.0
 30
0.0
210
0.0
220
0.0
230
1.0
  2
ANSI31
 70
0
 71
0
 91
1
 92
3
 72
0
 73
1
 93
4
 10
4.776
 20
-3.4720000000000004
 10
5.372
 20
-3.4720000000000004
 10
5.372
 20
-3.388000000000001
 10
4.776
 20
-3.388000000000001
 97
0
 75
1
 76
1
 52
0.0
 41
0.02
 77
0
 78
1
 53
45.0
 43
0.0
 44
0.0
 45
-0.0449012806
 46
0.0449012806
 79
0
 98
0
  0
LWPOLYLINE
  5
16A
330
17
100
AcDbEntity
  8
DESPERDICIO
100
AcDbPolyline
 90
4
 70
1
 10
4.776
 20
-3.4720000000000004
 10
5.372
 20
-3.4720000000000004
 10
5.372
 20
-3.388000000000001
 10
4.776
 20
-3.388000000000001
  0
LWPOLYLINE
  5
16B
330
17
100
AcDbEntity
  8
BALDOSA
100
AcDbPolyline
 90
4
 70
1
 10
5.572
 20
-4.582000000000001
 10
6.168
 20
-4.582000000000001
 10
6.168
 20
-3.388000000000001
 10
5.572
 20
-3.388000000000001
  0
TEXT
  5
16C
330
17
100
AcDbEntity
  8
TITULO
100
AcDbText
 10
5.87
 20
-3.3280000000000007
 30
0.0
 40
0.06
  1
M-32
 72
1
 11
5.87
 21
-3.3280000000000007
 31
0.0
100
AcDbText
 73
2
  0
HATCH
  5
16D
330
17
100
AcDbEntity
  8
PIEZA
 62
3
100
AcDbHatch
 10
0.0
 20
0.0
 30
0.0
210
0.0
220
0.0
230
1.0
  2
SOLID
 70
1
 71
0
 91
1
 92
3
 72
0
 73
1
 93
4
 10
5.572
 20
-4.582000000000001
 10
6.168
 20
-4.582000000000001
 10
6.168
 20
-3.4720000000000004
 10
5.572
 20
-3.4720000000000004
 97
0
 75
1
 76
1
 98
0
  0
LWPOLYLINE
  5
16E
330
17
100
AcDbEntity
  8
PIEZA
100
AcDbPolyline
 90
4
 70
1
 10
5.572
 20
-4.582000000000001
 10
6.168
 20
-4.582000000000001
 10
6.168
 20
-3.4720000000000004
 10
5.572
 20
-3.4720000000000004
  0
TEXT
  5
16F
330
17
100
AcDbEntity
  8
PIEZA_TXT
100
AcDbText
 10
5.87
 20
-4.027000000000001
 30
0.0
 40
0.05
  1
0.60x1.11
 72
1
 11
5.87
 21
-4.027000000000001
 31
0.0
100
AcDbText
 73
2
  0
HATCH
  5
170
330
17
100
AcDbEntity
  8
DESPERDICIO
 62
7
100
AcDbHatch
 10
0.0
 20
0.0
 30
0.0
210
0.0
220
0.0
230
1.0
  2
ANSI31
 70
0
 71
0
 91
1
 92
3
 72
0
 73
1
 93
4
 10
5.572
 20
-3.4720000000000004
 10
6.168
 20
-3.4720000000000004
 10
6.168
 20
-3.388000000000001
 10
5.572
 20
-3.388000000000001
 97
0
 75
1
 76
1
 52
0.0
 41
0.02
 77
0
 78
1
 53
45.0
 43
0.0
 44
0.0
 45
-0.0449012806
 46
0.0449012806
 79
0
 98
0
  0
LWPOLYLINE
  5
171
330
17
100
AcDbEntity
  8
DESPERDICIO
100
AcDbPolyline
 90
4
 70
1
 10
5.572
 20
-3.4720000000000004
 10
6.168
 20
-3.4720000000000004
 10
6.168
 20
-3.388000000000001
 10
5.572
 20
-3.388000000000001
  0
LWPOLYLINE
  5
172
330
17
100
AcDbEntity
  8
BALDOSA
100
AcDbPolyline
 90
4
 70
1
 10
6.368
 20
-4.582000000000001
 10
6.964
 20
-4.582000000000001
 10
6.964
 20
-3.388000000000001
 10
6.368
 20
-3.388000000000001
  0
TEXT
  5
173
330
17
100
AcDbEntity
  8
TITULO
100
AcDbText
 10
6.666
 20
-3.3280000000000007
 30
0.0
 40
0.06
  1
M-33
 72
1
 11
6.666
 21
-3.3280000000000007
 31
0.0
100
AcDbText
 73
2
  0
HATCH
  5
174
330
17
100
AcDbEntity
  8
PIEZA
 62
3
100
AcDbHatch
 10
0.0
 20
0.0
 30
0.0
210
0.0
220
0.0
230
1.0
  2
SOLID
 70
1
 71
0
 91
1
 92
3
 72
0
 73
1
 93
4
 10
6.368
 20
-4.582000000000001
 10
6.964
 20
-4.582000000000001
 10
6.964
 20
-3.4720000000000004
 10
6.368
 20
-3.4720000000000004
 97
0
 75
1
 76
1
 98
0
  0
LWPOLYLINE
  5
175
330
17
100
AcDbEntity
  8
PIEZA
100
AcDbPolyline
 90
4
 70
1
 10
6.368
 20
-4.582000000000001
 10
6.964
 20
-4.582000000000001
 10
6.964
 20
-3.4720000000000004
 10
6.368
 20
-3.4720000000000004
  0
TEXT
  5
176
330
17
100
AcDbEntity
  8
PIEZA_TXT
100
AcDbText
 10
6.666
 20
-4.027000000000001
 30
0.0
 40
0.05
  1
0.60x1.11
 72
1
 11
6.666
 21
-4.027000000000001
 31
0.0
100
AcDbText
 73
2
  0
HATCH
  5
177
330
17
100
AcDbEntity
  8
DESPERDICIO
 62
7
100
AcDbHatch
 10
0.0
 20
0.0
 30
0.0
210
0.0
220
0.0
230
1.0
  2
ANSI31
 70
0
 71
0
 91
1
 92
3
 72
0
 73
1
 93
4
 10
6.368
 20
-3.4720000000000004
 10
6.964
 20
-3.4720000000000004
 10
6.964
 20
-3.388000000000001
 10
6.368
 20
-3.388000000000001
 97
0
 75
1
 76
1
 52
0.0
 41
0.02
 77
0
 78
1
 53
45.0
 43
0.0
 44
0.0
 45
-0.0449012806
 46
0.0449012806
 79
0
 98
0
  0
LWPOLYLINE
  5
178
330
17
100
AcDbEntity
  8
DESPERDICIO
100
AcDbPolyline
 90
4
 70
1
 10
6.368
 20
-3.4720000000000004
 10
6.964
 20
-3.4720000000000004
 10
6.964
 20
-3.388000000000001
 10
6.368
 20
-3.388000000000001
  0
LWPOLYLINE
  5
179
330
17
100
AcDbEntity
  8
BALDOSA
100
AcDbPolyline
 90
4
 70
1
 10
7.164000000000001
 20
-4.582000000000001
 10
7.760000000000001
 20
-4.582000000000001
 10
7.760000000000001
 20
-3.388000000000001
 10
7.164000000000001
 20
-3.388000000000001
  0
TEXT
  5
17A
330
17
100
AcDbEntity
  8
TITULO
100
AcDbText
 10
7.462000000000001
 20
-3.3280000000000007
 30
0.0
 40
0.06
  1
M-34
 72
1
 11
7.462000000000001
 21
-3.3280000000000007
 31
0.0
100
AcDbText
 73
2
  0
HATCH
  5
17B
330
17
100
AcDbEntity
  8
PIEZA
 62
3
100
AcDbHatch
 10
0.0
 20
0.0
 30
0.0
210
0.0
220
0.0
230
1.0
  2
SOLID
 70
1
 71
0
 91
1
 92
3
 72
0
 73
1
 93
4
 10
7.164000000000001
 20
-4.582000000000001
 10
7.760000000000001
 20
-4.582000000000001
 10
7.760000000000001
 20
-3.4730000000000008
 10
7.164000000000001
 20
-3.4730000000000008
 97
0
 75
1
 76
1
 98
0
  0
LWPOLYLINE
  5
17C
330
17
100
AcDbEntity
  8
PIEZA
100
AcDbPolyline
 90
4
 70
1
 10
7.164000000000001
 20
-4.582000000000001
 10
7.760000000000001
 20
-4.582000000000001
 10
7.760000000000001
 20
-3.4730000000000008
 10
7.164000000000001
 20
-3.4730000000000008
  0
TEXT
  5
17D
330
17
100
AcDbEntity
  8
PIEZA_TXT
100
AcDbText
 10
7.462000000000001
 20
-4.027500000000001
 30
0.0
 40
0.05
  1
0.60x1.11
 72
1
 11
7.462000000000001
 21
-4.027500000000001
 31
0.0
100
AcDbText
 73
2
  0
HATCH
  5
17E
330
17
100
AcDbEntity
  8
DESPERDICIO
 62
7
100
AcDbHatch
 10
0.0
 20
0.0
 30
0.0
210
0.0
220
0.0
230
1.0
  2
ANSI31
 70
0
 71
0
 91
1
 92
3
 72
0
 73
1
 93
4
 10
7.164000000000001
 20
-3.4730000000000008
 10
7.760000000000001
 20
-3.4730000000000008
 10
7.760000000000001
 20
-3.388000000000001
 10
7.164000000000001
 20
-3.388000000000001
 97
0
 75
1
 76
1
 52
0.0
 41
0.02
 77
0
 78
1
 53
45.0
 43
0.0
 44
0.0
 45
-0.0449012806
 46
0.0449012806
 79
0
 98
0
  0
LWPOLYLINE
  5
17F
330
17
100
AcDbEntity
  8
DESPERDICIO
100
AcDbPolyline
 90
4
 70
1
 10
7.164000000000001
 20
-3.4730000000000008
 10
7.760000000000001
 20
-3.4730000000000008
 10
7.760000000000001
 20
-3.388000000000001
 10
7.164000000000001
 20
-3.388000000000001
  0
LWPOLYLINE
  5
180
330
17
100
AcDbEntity
  8
BALDOSA
100
AcDbPolyline
 90
4
 70
1
 10
7.960000000000001
 20
-4.582000000000001
 10
8.556000000000001
 20
-4.582000000000001
 10
8.556000000000001
 20
-3.388000000000001
 10
7.960000000000001
 20
-3.388000000000001
  0
TEXT
  5
181
330
17
100
AcDbEntity
  8
TITULO
100
AcDbText
 10
8.258000000000001
 20
-3.3280000000000007
 30
0.0
 40
0.06
  1
M-35
 72
1
 11
8.258000000000001
 21
-3.3280000000000007
 31
0.0
100
AcDbText
 73
2
  0
HATCH
  5
182
330
17
100
AcDbEntity
  8
PIEZA
 62
3
100
AcDbHatch
 10
0.0
 20
0.0
 30
0.0
210
0.0
220
0.0
230
1.0
  2
SOLID
 70
1
 71
0
 91
1
 92
3
 72
0
 73
1
 93
4
 10
7.960000000000001
 20
-4.582000000000001
 10
8.556000000000001
 20
-4.582000000000001
 10
8.556000000000001
 20
-3.4780000000000006
 10
7.960000000000001
 20
-3.4780000000000006
 97
0
 75
1
 76
1
 98
0
  0
LWPOLYLINE
  5
183
330
17
100
AcDbEntity
  8
PIEZA
100
AcDbPolyline
 90
4
 70
1
 10
7.960000000000001
 20
-4.582000000000001
 10
8.556000000000001
 20
-4.582000000000001
 10
8.556000000000001
 20
-3.4780000000000006
 10
7.960000000000001
 20
-3.4780000000000006
  0
TEXT
  5
184
330
17
100
AcDbEntity
  8
PIEZA_TXT
100
AcDbText
 10
8.258000000000001
 20
-4.030000000000001
 30
0.0
 40
0.05
  1
0.60x1.10
 72
1
 11
8.258000000000001
 21
-4.030000000000001
 31
0.0
100
AcDbText
 73
2
  0
HATCH
  5
185
330
17
100
AcDbEntity
  8
DESPERDICIO
 62
7
100
AcDbHatch
 10
0.0
 20
0.0
 30
0.0
210
0.0
220
0.0
230
1.0
  2
ANSI31
 70
0
 71
0
 91
1
 92
3
 72
0
 73
1
 93
4
 10
7.960000000000001
 20
-3.4780000000000006
 10
8.556000000000001
 20
-3.4780000000000006
 10
8.556000000000001
 20
-3.388000000000001
 10
7.960000000000001
 20
-3.388000000000001
 97
0
 75
1
 76
1
 52
0.0
 41
0.02
 77
0
 78
1
 53
45.0
 43
0.0
 44
0.0
 45
-0.0449012806
 46
0.0449012806
 79
0
 98
0
  0
LWPOLYLINE
  5
186
330
17
100
AcDbEntity
  8
DESPERDICIO
100
AcDbPolyline
 90
4
 70
1
 10
7.960000000000001
 20
-3.4780000000000006
 10
8.556000000000001
 20
-3.4780000000000006
 10
8.556000000000001
 20
-3.388000000000001
 10
7.960000000000001
 20
-3.388000000000001
  0
LWPOLYLINE
  5
187
330
17
100
AcDbEntity
  8
BALDOSA
100
AcDbPolyline
 90
4
 70
1
 10
8.756
 20
-4.582000000000001
 10
9.352
 20
-4.582000000000001
 10
9.352
 20
-3.388000000000001
 10
8.756
 20
-3.388000000000001
  0
TEXT
  5
188
330
17
100
AcDbEntity
  8
TITULO
100
AcDbText
 10
9.054
 20
-3.3280000000000007
 30
0.0
 40
0.06
  1
M-36
 72
1
 11
9.054
 21
-3.3280000000000007
 31
0.0
100
AcDbText
 73
2
  0
HATCH
  5
189
330
17
100
AcDbEntity
  8
PIEZA
 62
3
100
AcDbHatch
 10
0.0
 20
0.0
 30
0.0
210
0.0
220
0.0
230
1.0
  2
SOLID
 70
1
 71
0
 91
1
 92
3
 72
0
 73
1
 93
4
 10
8.756
 20
-4.582000000000001
 10
9.352
 20
-4.582000000000001
 10
9.352
 20
-3.4780000000000006
 10
8.756
 20
-3.4780000000000006
 97
0
 75
1
 76
1
 98
0
  0
LWPOLYLINE
  5
18A
330
17
100
AcDbEntity
  8
PIEZA
100
AcDbPolyline
 90
4
 70
1
 10
8.756
 20
-4.582000000000001
 10
9.352
 20
-4.582000000000001
 10
9.352
 20
-3.4780000000000006
 10
8.756
 20
-3.4780000000000006
  0
TEXT
  5
18B
330
17
100
AcDbEntity
  8
PIEZA_TXT
100
AcDbText
 10
9.054
 20
-4.030000000000001
 30
0.0
 40
0.05
  1
0.60x1.10
 72
1
 11
9.054
 21
-4.030000000000001
 31
0.0
100
AcDbText
 73
2
  0
HATCH
  5
18C
330
17
100
AcDbEntity
  8
DESPERDICIO
 62
7
100
AcDbHatch
 10
0.0
 20
0.0
 30
0.0
210
0.0
220
0.0
230
1.0
  2
ANSI31
 70
0
 71
0
 91
1
 92
3
 72
0
 73
1
 93
4
 10
8.756
 20
-3.4780000000000006
 10
9.352
 20
-3.4780000000000006
 10
9.352
 20
-3.388000000000001
 10
8.756
 20
-3.388000000000001
 97
0
 75
1
 76
1
 52
0.0
 41
0.02
 77
0
 78
1
 53
45.0
 43
0.0
 44
0.0
 45
-0.0449012806
 46
0.0449012806
 79
0
 98
0
  0
LWPOLYLINE
  5
18D
330
17
100
AcDbEntity
  8
DESPERDICIO
100
AcDbPolyline
 90
4
 70
1
 10
8.756
 20
-3.4780000000000006
 10
9.352
 20
-3.4780000000000006
 10
9.352
 20
-3.388000000000001
 10
8.756
 20
-3.388000000000001
  0
LWPOLYLINE
  5
18E
330
17
100
AcDbEntity
  8
BALDOSA
100
AcDbPolyline
 90
4
 70
1
 10
0.0
 20
-6.0760000000000005
 10
0.596
 20
-6.0760000000000005
 10
0.596
 20
-4.882000000000001
 10
0.0
 20
-4.882000000000001
  0
TEXT
  5
18F
330
17
100
AcDbEntity
  8
TITULO
100
AcDbText
 10
0.298
 20
-4.822000000000001
 30
0.0
 40
0.06
  1
M-37
 72
1
 11
0.298
 21
-4.822000000000001
 31
0.0
100
AcDbText
 73
2
  0
HATCH
  5
190
330
17
100
AcDbEntity
  8
PIEZA
 62
3
100
AcDbHatch
 10
0.0
 20
0.0
 30
0.0
210
0.0
220
0.0
230
1.0
  2
SOLID
 70
1
 71
0
 91
1
 92
3
 72
0
 73
1
 93
4
 10
0.0
 20
-6.0760000000000005
 10
0.596
 20
-6.0760000000000005
 10
0.596
 20
-4.972
 10
0.0
 20
-4.972
 97
0
 75
1
 76
1
 98
0
  0
LWPOLYLINE
  5
191
330
17
100
AcDbEntity
  8
PIEZA
100
AcDbPolyline
 90
4
 70
1
 10
0.0
 20
-6.0760000000000005
 10
0.596
 20
-6.0760000000000005
 10
0.596
 20
-4.972
 10
0.0
 20
-4.972
  0
TEXT
  5
192
330
17
100
AcDbEntity
  8
PIEZA_TXT
100
AcDbText
 10
0.298
 20
-5.524000000000001
 30
0.0
 40
0.05
  1
0.60x1.10
 72
1
 11
0.298
 21
-5.524000000000001
 31
0.0
100
AcDbText
 73
2
  0
HATCH
  5
193
330
17
100
AcDbEntity
  8
DESPERDICIO
 62
7
100
AcDbHatch
 10
0.0
 20
0.0
 30
0.0
210
0.0
220
0.0
230
1.0
  2
ANSI31
 70
0
 71
0
 91
1
 92
3
 72
0
 73
1
 93
4
 10
0.0
 20
-4.972
 10
0.596
 20
-4.972
 10
0.596
 20
-4.882000000000001
 10
0.0
 20
-4.882000000000001
 97
0
 75
1
 76
1
 52
0.0
 41
0.02
 77
0
 78
1
 53
45.0
 43
0.0
 44
0.0
 45
-0.0449012806
 46
0.0449012806
 79
0
 98
0
  0
LWPOLYLINE
  5
194
330
17
100
AcDbEntity
  8
DESPERDICIO
100
AcDbPolyline
 90
4
 70
1
 10
0.0
 20
-4.972
 10
0.596
 20
-4.972
 10
0.596
 20
-4.882000000000001
 10
0.0
 20
-4.882000000000001
  0
LWPOLYLINE
  5
195
330
17
100
AcDbEntity
  8
BALDOSA
100
AcDbPolyline
 90
4
 70
1
 10
0.796
 20
-6.0760000000000005
 10
1.392
 20
-6.0760000000000005
 10
1.392
 20
-4.882000000000001
 10
0.796
 20
-4.882000000000001
  0
TEXT
  5
196
330
17
100
AcDbEntity
  8
TITULO
100
AcDbText
 10
1.094
 20
-4.822000000000001
 30
0.0
 40
0.06
  1
M-38
 72
1
 11
1.094
 21
-4.822000000000001
 31
0.0
100
AcDbText
 73
2
  0
HATCH
  5
197
330
17
100
AcDbEntity
  8
PIEZA
 62
3
100
AcDbHatch
 10
0.0
 20
0.0
 30
0.0
210
0.0
220
0.0
230
1.0
  2
SOLID
 70
1
 71
0
 91
1
 92
3
 72
0
 73
1
 93
4
 10
0.796
 20
-6.0760000000000005
 10
1.392
 20
-6.0760000000000005
 10
1.392
 20
-4.98
 10
0.796
 20
-4.98
 97
0
 75
1
 76
1
 98
0
  0
LWPOLYLINE
  5
198
330
17
100
AcDbEntity
  8
PIEZA
100
AcDbPolyline
 90
4
 70
1
 10
0.796
 20
-6.0760000000000005
 10
1.392
 20
-6.0760000000000005
 10
1.392
 20
-4.98
 10
0.796
 20
-4.98
  0
TEXT
  5
199
330
17
100
AcDbEntity
  8
PIEZA_TXT
100
AcDbText
 10
1.094
 20
-5.5280000000000005
 30
0.0
 40
0.05
  1
0.60x1.10
 72
1
 11
1.094
 21
-5.5280000000000005
 31
0.0
100
AcDbText
 73
2
  0
HATCH
  5
19A
330
17
100
AcDbEntity
  8
DESPERDICIO
 62
7
100
AcDbHatch
 10
0.0
 20
0.0
 30
0.0
210
0.0
220
0.0
230
1.0
  2
ANSI31
 70
0
 71
0
 91
1
 92
3
 72
0
 73
1
 93
4
 10
0.796
 20
-4.98
 10
1.392
 20
-4.98
 10
1.392
 20
-4.882000000000001
 10
0.796
 20
-4.882000000000001
 97
0
 75
1
 76
1
 52
0.0
 41
0.02
 77
0
 78
1
 53
45.0
 43
0.0
 44
0.0
 45
-0.0449012806
 46
0.0449012806
 79
0
 98
0
  0
LWPOLYLINE
  5
19B
330
17
100
AcDbEntity
  8
DESPERDICIO
100
AcDbPolyline
 90
4
 70
1
 10
0.796
 20
-4.98
 10
1.392
 20
-4.98
 10
1.392
 20
-4.882000000000001
 10
0.796
 20
-4.882000000000001
  0
LWPOLYLINE
  5
19C
330
17
100
AcDbEntity
  8
BALDOSA
100
AcDbPolyline
 90
4
 70
1
 10
1.592
 20
-6.0760000000000005
 10
2.188
 20
-6.0760000000000005
 10
2.188
 20
-4.882000000000001
 10
1.592
 20
-4.882000000000001
  0
TEXT
  5
19D
330
17
100
AcDbEntity
  8
TITULO
100
AcDbText
 10
1.8900000000000001
 20
-4.822000000000001
 30
0.0
 40
0.06
  1
M-39
 72
1
 11
1.8900000000000001
 21
-4.822000000000001
 31
0.0
100
AcDbText
 73
2
  0
HATCH
  5
19E
330
17
100
AcDbEntity
  8
PIEZA
 62
3
100
AcDbHatch
 10
0.0
 20
0.0
 30
0.0
210
0.0
220
0.0
230
1.0
  2
SOLID
 70
1
 71
0
 91
1
 92
3
 72
0
 73
1
 93
4
 10
1.592
 20
-6.0760000000000005
 10
2.188
 20
-6.0760000000000005
 10
2.188
 20
-4.98
 10
1.592
 20
-4.98
 97
0
 75
1
 76
1
 98
0
  0
LWPOLYLINE
  5
19F
330
17
100
AcDbEntity
  8
PIEZA
100
AcDbPolyline
 90
4
 70
1
 10
1.592
 20
-6.0760000000000005
 10
2.188
 20
-6.0760000000000005
 10
2.188
 20
-4.98
 10
1.592
 20
-4.98
  0
TEXT
  5
1A0
330
17
100
AcDbEntity
  8
PIEZA_TXT
100
AcDbText
 10
1.8900000000000001
 20
-5.5280000000000005
 30
0.0
 40
0.05
  1
0.60x1.10
 72
1
 11
1.8900000000000001
 21
-5.5280000000000005
 31
0.0
100
AcDbText
 73
2
  0
HATCH
  5
1A1
330
17
100
AcDbEntity
  8
DESPERDICIO
 62
7
100
AcDbHatch
 10
0.0
 20
0.0
 30
0.0
210
0.0
220
0.0
230
1.0
  2
ANSI31
 70
0
 71
0
 91
1
 92
3
 72
0
 73
1
 93
4
 10
1.592
 20
-4.98
 10
2.188
 20
-4.98
 10
2.188
 20
-4.882000000000001
 10
1.592
 20
-4.882000000000001
 97
0
 75
1
 76
1
 52
0.0
 41
0.02
 77
0
 78
1
 53
45.0
 43
0.0
 44
0.0
 45
-0.0449012806
 46
0.0449012806
 79
0
 98
0
  0
LWPOLYLINE
  5
1A2
330
17
100
AcDbEntity
  8
DESPERDICIO
100
AcDbPolyline
 90
4
 70
1
 10
1.592
 20
-4.98
 10
2.188
 20
-4.98
 10
2.188
 20
-4.882000000000001
 10
1.592
 20
-4.882000000000001
  0
LWPOLYLINE
  5
1A3
330
17
100
AcDbEntity
  8
BALDOSA
100
AcDbPolyline
 90
4
 70
1
 10
2.388
 20
-6.0760000000000005
 10
2.984
 20
-6.0760000000000005
 10
2.984
 20
-4.882000000000001
 10
2.388
 20
-4.882000000000001
  0
TEXT
  5
1A4
330
17
100
AcDbEntity
  8
TITULO
100
AcDbText
 10
2.686
 20
-4.822000000000001
 30
0.0
 40
0.06
  1
M-40
 72
1
 11
2.686
 21
-4.822000000000001
 31
0.0
100
AcDbText
 73
2
  0
HATCH
  5
1A5
330
17
100
AcDbEntity
  8
PIEZA
 62
3
100
AcDbHatch
 10
0.0
 20
0.0
 30
0.0
210
0.0
220
0.0
230
1.0
  2
SOLID
 70
1
 71
0
 91
1
 92
3
 72
0
 73
1
 93
4
 10
2.388
 20
-6.0760000000000005
 10
2.984
 20
-6.0760000000000005
 10
2.984
 20
-4.99
 10
2.388
 20
-4.99
 97
0
 75
1
 76
1
 98
0
  0
LWPOLYLINE
  5
1A6
330
17
100
AcDbEntity
  8
PIEZA
100
AcDbPolyline
 90
4
 70
1
 10
2.388
 20
-6.0760000000000005
 10
2.984
 20
-6.0760000000000005
 10
2.984
 20
-4.99
 10
2.388
 20
-4.99
  0
TEXT
  5
1A7
330
17
100
AcDbEntity
  8
PIEZA_TXT
100
AcDbText
 10
2.686
 20
-5.533
 30
0.0
 40
0.05
  1
0.60x1.09
 72
1
 11
2.686
 21
-5.533
 31
0.0
100
AcDbText
 73
2
  0
HATCH
  5
1A8
330
17
100
AcDbEntity
  8
SOBRANTE
 62
2
100
AcDbHatch
 10
0.0
 20
0.0
 30
0.0
210
0.0
220
0.0
230
1.0
  2
SOLID
 70
1
 71
0
 91
1
 92
3
 72
0
 73
1
 93
4
 10
2.388
 20
-4.99
 10
2.984
 20
-4.99
 10
2.984
 20
-4.882000000000001
 10
2.388
 20
-4.882000000000001
 97
0
 75
1
 76
1
 98
0
  0
LWPOLYLINE
  5
1A9
330
17
100
AcDbEntity
  8
SOBRANTE
100
AcDbPolyline
 90
4
 70
1
 10
2.388
 20
-4.99
 10
2.984
 20
-4.99
 10
2.984
 20
-4.882000000000001
 10
2.388
 20
-4.882000000000001
  0
TEXT
  5
1AA
330
17
100
AcDbEntity
  8
PIEZA_TXT
100
AcDbText
 10
2.686
 20
-4.936
 30
0.0
 40
0.04
  1
sobra0.60x0.11
 72
1
 11
2.686
 21
-4.936
 31
0.0
100
AcDbText
 73
2
  0
LWPOLYLINE
  5
1AB
330
17
100
AcDbEntity
  8
BALDOSA
100
AcDbPolyline
 90
4
 70
1
 10
3.184
 20
-6.0760000000000005
 10
3.7800000000000002
 20
-6.0760000000000005
 10
3.7800000000000002
 20
-4.882000000000001
 10
3.184
 20
-4.882000000000001
  0
TEXT
  5
1AC
330
17
100
AcDbEntity
  8
TITULO
100
AcDbText
 10
3.482
 20
-4.822000000000001
 30
0.0
 40
0.06
  1
M-41
 72
1
 11
3.482
 21
-4.822000000000001
 31
0.0
100
AcDbText
 73
2
  0
HATCH
  5
1AD
330
17
100
AcDbEntity
  8
PIEZA
 62
3
100
AcDbHatch
 10
0.0
 20
0.0
 30
0.0
210
0.0
220
0.0
230
1.0
  2
SOLID
 70
1
 71
0
 91
1
 92
3
 72
0
 73
1
 93
4
 10
3.184
 20
-6.0760000000000005
 10
3.7800000000000002
 20
-6.0760000000000005
 10
3.7800000000000002
 20
-4.99
 10
3.184
 20
-4.99
 97
0
 75
1
 76
1
 98
0
  0
LWPOLYLINE
  5
1AE
330
17
100
AcDbEntity
  8
PIEZA
100
AcDbPolyline
 90
4
 70
1
 10
3.184
 20
-6.0760000000000005
 10
3.7800000000000002
 20
-6.0760000000000005
 10
3.7800000000000002
 20
-4.99
 10
3.184
 20
-4.99
  0
TEXT
  5
1AF
330
17
100
AcDbEntity
  8
PIEZA_TXT
100
AcDbText
 10
3.482
 20
-5.533
 30
0.0
 40
0.05
  1
0.60x1.09
 72
1
 11
3.482
 21
-5.533
 31
0.0
100
AcDbText
 73
2
  0
HATCH
  5
1B0
330
17
100
AcDbEntity
  8
SOBRANTE
 62
2
100
AcDbHatch
 10
0.0
 20
0.0
 30
0.0
210
0.0
220
0.0
230
1.0
  2
SOLID
 70
1
 71
0
 91
1
 92
3
 72
0
 73
1
 93
4
 10
3.184
 20
-4.99
 10
3.7800000000000002
 20
-4.99
 10
3.7800000000000002
 20
-4.882000000000001
 10
3.184
 20
-4.882000000000001
 97
0
 75
1
 76
1
 98
0
  0
LWPOLYLINE
  5
1B1
330
17
100
AcDbEntity
  8
SOBRANTE
100
AcDbPolyline
 90
4
 70
1
 10
3.184
 20
-4.99
 10
3.7800000000000002
 20
-4.99
 10
3.7800000000000002
 20
-4.882000000000001
 10
3.184
 20
-4.882000000000001
  0
TEXT
  5
1B2
330
17
100
AcDbEntity
  8
PIEZA_TXT
100
AcDbText
 10
3.482
 20
-4.936
 30
0.0
 40
0.04
  1
sobra0.60x0.11
 72
1
 11
3.482
 21
-4.936
 31
0.0
100
AcDbText
 73
2
  0
LWPOLYLINE
  5
1B3
330
17
100
AcDbEntity
  8
BALDOSA
100
AcDbPolyline
 90
4
 70
1
 10
3.9800000000000004
 20
-6.0760000000000005
 10
4.5760000000000005
 20
-6.0760000000000005
 10
4.5760000000000005
 20
-4.882000000000001
 10
3.9800000000000004
 20
-4.882000000000001
  0
TEXT
  5
1B4
330
17
100
AcDbEntity
  8
TITULO
100
AcDbText
 10
4.2780000000000005
 20
-4.822000000000001
 30
0.0
 40
0.06
  1
M-42
 72
1
 11
4.2780000000000005
 21
-4.822000000000001
 31
0.0
100
AcDbText
 73
2
  0
HATCH
  5
1B5
330
17
100
AcDbEntity
  8
PIEZA
 62
3
100
AcDbHatch
 10
0.0
 20
0.0
 30
0.0
210
0.0
220
0.0
230
1.0
  2
SOLID
 70
1
 71
0
 91
1
 92
3
 72
0
 73
1
 93
4
 10
3.9800000000000004
 20
-6.0760000000000005
 10
4.5760000000000005
 20
-6.0760000000000005
 10
4.5760000000000005
 20
-5.002000000000001
 10
3.9800000000000004
 20
-5.002000000000001
 97
0
 75
1
 76
1
 98
0
  0
LWPOLYLINE
  5
1B6
330
17
100
AcDbEntity
  8
PIEZA
100
AcDbPolyline
 90
4
 70
1
 10
3.9800000000000004
 20
-6.0760000000000005
 10
4.5760000000000005
 20
-6.0760000000000005
 10
4.5760000000000005
 20
-5.002000000000001
 10
3.9800000000000004
 20
-5.002000000000001
  0
TEXT
  5
1B7
330
17
100
AcDbEntity
  8
PIEZA_TXT
100
AcDbText
 10
4.2780000000000005
 20
-5.539000000000001
 30
0.0
 40
0.05
  1
0.60x1.07
 72
1
 11
4.2780000000000005
 21
-5.539000000000001
 31
0.0
100
AcDbText
 73
2
  0
HATCH
  5
1B8
330
17
100
AcDbEntity
  8
SOBRANTE
 62
2
100
AcDbHatch
 10
0.0
 20
0.0
 30
0.0
210
0.0
220
0.0
230
1.0
  2
SOLID
 70
1
 71
0
 91
1
 92
3
 72
0
 73
1
 93
4
 10
3.9800000000000004
 20
-5.002000000000001
 10
4.5760000000000005
 20
-5.002000000000001
 10
4.5760000000000005
 20
-4.882000000000001
 10
3.9800000000000004
 20
-4.882000000000001
 97
0
 75
1
 76
1
 98
0
  0
LWPOLYLINE
  5
1B9
330
17
100
AcDbEntity
  8
SOBRANTE
100
AcDbPolyline
 90
4
 70
1
 10
3.9800000000000004
 20
-5.002000000000001
 10
4.5760000000000005
 20
-5.002000000000001
 10
4.5760000000000005
 20
-4.882000000000001
 10
3.9800000000000004
 20
-4.882000000000001
  0
TEXT
  5
1BA
330
17
100
AcDbEntity
  8
PIEZA_TXT
100
AcDbText
 10
4.2780000000000005
 20
-4.942000000000001
 30
0.0
 40
0.04
  1
sobra0.60x0.12
 72
1
 11
4.2780000000000005
 21
-4.942000000000001
 31
0.0
100
AcDbText
 73
2
  0
LWPOLYLINE
  5
1BB
330
17
100
AcDbEntity
  8
BALDOSA
100
AcDbPolyline
 90
4
 70
1
 10
4.776
 20
-6.0760000000000005
 10
5.372
 20
-6.0760000000000005
 10
5.372
 20
-4.882000000000001
 10
4.776
 20
-4.882000000000001
  0
TEXT
  5
1BC
330
17
100
AcDbEntity
  8
TITULO
100
AcDbText
 10
5.074
 20
-4.822000000000001
 30
0.0
 40
0.06
  1
M-43
 72
1
 11
5.074
 21
-4.822000000000001
 31
0.0
100
AcDbText
 73
2
  0
HATCH
  5
1BD
330
17
100
AcDbEntity
  8
PIEZA
 62
3
100
AcDbHatch
 10
0.0
 20
0.0
 30
0.0
210
0.0
220
0.0
230
1.0
  2
SOLID
 70
1
 71
0
 91
1
 92
3
 72
0
 73
1
 93
4
 10
4.776
 20
-6.0760000000000005
 10
5.372
 20
-6.0760000000000005
 10
5.372
 20
-5.002000000000001
 10
4.776
 20
-5.002000000000001
 97
0
 75
1
 76
1
 98
0
  0
LWPOLYLINE
  5
1BE
330
17
100
AcDbEntity
  8
PIEZA
100
AcDbPolyline
 90
4
 70
1
 10
4.776
 20
-6.0760000000000005
 10
5.372
 20
-6.0760000000000005
 10
5.372
 20
-5.002000000000001
 10
4.776
 20
-5.002000000000001
  0
TEXT
  5
1BF
330
17
100
AcDbEntity
  8
PIEZA_TXT
100
AcDbText
 10
5.074
 20
-5.539000000000001
 30
0.0
 40
0.05
  1
0.60x1.07
 72
1
 11
5.074
 21
-5.539000000000001
 31
0.0
100
AcDbText
 73
2
  0
HATCH
  5
1C0
330
17
100
AcDbEntity
  8
SOBRANTE
 62
2
100
AcDbHatch
 10
0.0
 20
0.0
 30
0.0
210
0.0
220
0.0
230
1.0
  2
SOLID
 70
1
 71
0
 91
1
 92
3
 72
0
 73
1
 93
4
 10
4.776
 20
-5.002000000000001
 10
5.372
 20
-5.002000000000001
 10
5.372
 20
-4.882000000000001
 10
4.776
 20
-4.882000000000001
 97
0
 75
1
 76
1
 98
0
  0
LWPOLYLINE
  5
1C1
330
17
100
AcDbEntity
  8
SOBRANTE
100
AcDbPolyline
 90
4
 70
1
 10
4.776
 20
-5.002000000000001
 10
5.372
 20
-5.002000000000001
 10
5.372
 20
-4.882000000000001
 10
4.776
 20
-4.882000000000001
  0
TEXT
  5
1C2
330
17
100
AcDbEntity
  8
PIEZA_TXT
100
AcDbText
 10
5.074
 20
-4.942000000000001
 30
0.0
 40
0.04
  1
sobra0.60x0.12
 72
1
 11
5.074
 21
-4.942000000000001
 31
0.0
100
AcDbText
 73
2
  0
LWPOLYLINE
  5
1C3
330
17
100
AcDbEntity
  8
BALDOSA
100
AcDbPolyline
 90
4
 70
1
 10
5.572
 20
-6.0760000000000005
 10
6.168
 20
-6.0760000000000005
 10
6.168
 20
-4.882000000000001
 10
5.572
 20
-4.882000000000001
  0
TEXT
  5
1C4
330
17
100
AcDbEntity
  8
TITULO
100
AcDbText
 10
5.87
 20
-4.822000000000001
 30
0.0
 40
0.06
  1
M-44
 72
1
 11
5.87
 21
-4.822000000000001
 31
0.0
100
AcDbText
 73
2
  0
HATCH
  5
1C5
330
17
100
AcDbEntity
  8
PIEZA
 62
3
100
AcDbHatch
 10
0.0
 20
0.0
 30
0.0
210
0.0
220
0.0
230
1.0
  2
SOLID
 70
1
 71
0
 91
1
 92
3
 72
0
 73
1
 93
4
 10
5.572
 20
-6.0760000000000005
 10
6.168
 20
-6.0760000000000005
 10
6.168
 20
-5.026000000000001
 10
5.572
 20
-5.026000000000001
 97
0
 75
1
 76
1
 98
0
  0
LWPOLYLINE
  5
1C6
330
17
100
AcDbEntity
  8
PIEZA
100
AcDbPolyline
 90
4
 70
1
 10
5.572
 20
-6.0760000000000005
 10
6.168
 20
-6.0760000000000005
 10
6.168
 20
-5.026000000000001
 10
5.572
 20
-5.026000000000001
  0
TEXT
  5
1C7
330
17
100
AcDbEntity
  8
PIEZA_TXT
100
AcDbText
 10
5.87
 20
-5.551
 30
0.0
 40
0.05
  1
0.60x1.05
 72
1
 11
5.87
 21
-5.551
 31
0.0
100
AcDbText
 73
2
  0
HATCH
  5
1C8
330
17
100
AcDbEntity
  8
SOBRANTE
 62
2
100
AcDbHatch
 10
0.0
 20
0.0
 30
0.0
210
0.0
220
0.0
230
1.0
  2
SOLID
 70
1
 71
0
 91
1
 92
3
 72
0
 73
1
 93
4
 10
5.572
 20
-5.026000000000001
 10
6.168
 20
-5.026000000000001
 10
6.168
 20
-4.882000000000001
 10
5.572
 20
-4.882000000000001
 97
0
 75
1
 76
1
 98
0
  0
LWPOLYLINE
  5
1C9
330
17
100
AcDbEntity
  8
SOBRANTE
100
AcDbPolyline
 90
4
 70
1
 10
5.572
 20
-5.026000000000001
 10
6.168
 20
-5.026000000000001
 10
6.168
 20
-4.882000000000001
 10
5.572
 20
-4.882000000000001
  0
TEXT
  5
1CA
330
17
100
AcDbEntity
  8
PIEZA_TXT
100
AcDbText
 10
5.87
 20
-4.954000000000001
 30
0.0
 40
0.04
  1
sobra0.60x0.14
 72
1
 11
5.87
 21
-4.954000000000001
 31
0.0
100
AcDbText
 73
2
  0
LWPOLYLINE
  5
1CB
330
17
100
AcDbEntity
  8
BALDOSA
100
AcDbPolyline
 90
4
 70
1
 10
6.368
 20
-6.0760000000000005
 10
6.964
 20
-6.0760000000000005
 10
6.964
 20
-4.882000000000001
 10
6.368
 20
-4.882000000000001
  0
TEXT
  5
1CC
330
17
100
AcDbEntity
  8
TITULO
100
AcDbText
 10
6.666
 20
-4.822000000000001
 30
0.0
 40
0.06
  1
M-45
 72
1
 11
6.666
 21
-4.822000000000001
 31
0.0
100
AcDbText
 73
2
  0
HATCH
  5
1CD
330
17
100
AcDbEntity
  8
PIEZA
 62
3
100
AcDbHatch
 10
0.0
 20
0.0
 30
0.0
210
0.0
220
0.0
230
1.0
  2
SOLID
 70
1
 71
0
 91
1
 92
3
 72
0
 73
1
 93
4
 10
6.368
 20
-6.0760000000000005
 10
6.964
 20
-6.0760000000000005
 10
6.964
 20
-5.026000000000001
 10
6.368
 20
-5.026000000000001
 97
0
 75
1
 76
1
 98
0
  0
LWPOLYLINE
  5
1CE
330
17
100
AcDbEntity
  8
PIEZA
100
AcDbPolyline
 90
4
 70
1
 10
6.368
 20
-6.0760000000000005
 10
6.964
 20
-6.0760000000000005
 10
6.964
 20
-5.026000000000001
 10
6.368
 20
-5.026000000000001
  0
TEXT
  5
1CF
330
17
100
AcDbEntity
  8
PIEZA_TXT
100
AcDbText
 10
6.666
 20
-5.551
 30
0.0
 40
0.05
  1
0.60x1.05
 72
1
 11
6.666
 21
-5.551
 31
0.0
100
AcDbText
 73
2
  0
HATCH
  5
1D0
330
17
100
AcDbEntity
  8
SOBRANTE
 62
2
100
AcDbHatch
 10
0.0
 20
0.0
 30
0.0
210
0.0
220
0.0
230
1.0
  2
SOLID
 70
1
 71
0
 91
1
 92
3
 72
0
 73
1
 93
4
 10
6.368
 20
-5.026000000000001
 10
6.964
 20
-5.026000000000001
 10
6.964
 20
-4.882000000000001
 10
6.368
 20
-4.882000000000001
 97
0
 75
1
 76
1
 98
0
  0
LWPOLYLINE
  5
1D1
330
17
100
AcDbEntity
  8
SOBRANTE
100
AcDbPolyline
 90
4
 70
1
 10
6.368
 20
-5.026000000000001
 10
6.964
 20
-5.026000000000001
 10
6.964
 20
-4.882000000000001
 10
6.368
 20
-4.882000000000001
  0
TEXT
  5
1D2
330
17
100
AcDbEntity
  8
PIEZA_TXT
100
AcDbText
 10
6.666
 20
-4.954000000000001
 30
0.0
 40
0.04
  1
sobra0.60x0.14
 72
1
 11
6.666
 21
-4.954000000000001
 31
0.0
100
AcDbText
 73
2
  0
LWPOLYLINE
  5
1D3
330
17
100
AcDbEntity
  8
BALDOSA
100
AcDbPolyline
 90
4
 70
1
 10
7.164000000000001
 20
-6.0760000000000005
 10
7.760000000000001
 20
-6.0760000000000005
 10
7.760000000000001
 20
-4.882000000000001
 10
7.164000000000001
 20
-4.882000000000001
  0
TEXT
  5
1D4
330
17
100
AcDbEntity
  8
TITULO
100
AcDbText
 10
7.462000000000001
 20
-4.822000000000001
 30
0.0
 40
0.06
  1
M-46
 72
1
 11
7.462000000000001
 21
-4.822000000000001
 31
0.0
100
AcDbText
 73
2
  0
HATCH
  5
1D5
330
17
100
AcDbEntity
  8
PIEZA
 62
3
100
AcDbHatch
 10
0.0
 20
0.0
 30
0.0
210
0.0
220
0.0
230
1.0
  2
SOLID
 70
1
 71
0
 91
1
 92
3
 72
0
 73
1
 93
4
 10
7.164000000000001
 20
-6.0760000000000005
 10
7.760000000000001
 20
-6.0760000000000005
 10
7.760000000000001
 20
-5.026000000000001
 10
7.164000000000001
 20
-5.026000000000001
 97
0
 75
1
 76
1
 98
0
  0
LWPOLYLINE
  5
1D6
330
17
100
AcDbEntity
  8
PIEZA
100
AcDbPolyline
 90
4
 70
1
 10
7.164000000000001
 20
-6.0760000000000005
 10
7.760000000000001
 20
-6.0760000000000005
 10
7.760000000000001
 20
-5.026000000000001
 10
7.164000000000001
 20
-5.026000000000001
  0
TEXT
  5
1D7
330
17
100
AcDbEntity
  8
PIEZA_TXT
100
AcDbText
 10
7.462000000000001
 20
-5.551
 30
0.0
 40
0.05
  1
0.60x1.05
 72
1
 11
7.462000000000001
 21
-5.551
 31
0.0
100
AcDbText
 73
2
  0
HATCH
  5
1D8
330
17
100
AcDbEntity
  8
SOBRANTE
 62
2
100
AcDbHatch
 10
0.0
 20
0.0
 30
0.0
210
0.0
220
0.0
230
1.0
  2
SOLID
 70
1
 71
0
 91
1
 92
3
 72
0
 73
1
 93
4
 10
7.164000000000001
 20
-5.026000000000001
 10
7.760000000000001
 20
-5.026000000000001
 10
7.760000000000001
 20
-4.882000000000001
 10
7.164000000000001
 20
-4.882000000000001
 97
0
 75
1
 76
1
 98
0
  0
LWPOLYLINE
  5
1D9
330
17
100
AcDbEntity
  8
SOBRANTE
100
AcDbPolyline
 90
4
 70
1
 10
7.164000000000001
 20
-5.026000000000001
 10
7.760000000000001
 20
-5.026000000000001
 10
7.760000000000001
 20
-4.882000000000001
 10
7.164000000000001
 20
-4.882000000000001
  0
TEXT
  5
1DA
330
17
100
AcDbEntity
  8
PIEZA_TXT
100
AcDbText
 10
7.462000000000001
 20
-4.954000000000001
 30
0.0
 40
0.04
  1
sobra0.60x0.14
 72
1
 11
7.462000000000001
 21
-4.954000000000001
 31
0.0
100
AcDbText
 73
2
  0
LWPOLYLINE
  5
1DB
330
17
100
AcDbEntity
  8
BALDOSA
100
AcDbPolyline
 90
4
 70
1
 10
7.960000000000001
 20
-6.0760000000000005
 10
8.556000000000001
 20
-6.0760000000000005
 10
8.556000000000001
 20
-4.882000000000001
 10
7.960000000000001
 20
-4.882000000000001
  0
TEXT
  5
1DC
330
17
100
AcDbEntity
  8
TITULO
100
AcDbText
 10
8.258000000000001
 20
-4.822000000000001
 30
0.0
 40
0.06
  1
M-47
 72
1
 11
8.258000000000001
 21
-4.822000000000001
 31
0.0
100
AcDbText
 73
2
  0
HATCH
  5
1DD
330
17
100
AcDbEntity
  8
PIEZA
 62
3
100
AcDbHatch
 10
0.0
 20
0.0
 30
0.0
210
0.0
220
0.0
230
1.0
  2
SOLID
 70
1
 71
0
 91
1
 92
3
 72
0
 73
1
 93
4
 10
7.960000000000001
 20
-6.0760000000000005
 10
8.556000000000001
 20
-6.0760000000000005
 10
8.556000000000001
 20
-5.026000000000001
 10
7.960000000000001
 20
-5.026000000000001
 97
0
 75
1
 76
1
 98
0
  0
LWPOLYLINE
  5
1DE
330
17
100
AcDbEntity
  8
PIEZA
100
AcDbPolyline
 90
4
 70
1
 10
7.960000000000001
 20
-6.0760000000000005
 10
8.556000000000001
 20
-6.0760000000000005
 10
8.556000000000001
 20
-5.026000000000001
 10
7.960000000000001
 20
-5.026000000000001
  0
TEXT
  5
1DF
330
17
100
AcDbEntity
  8
PIEZA_TXT
100
AcDbText
 10
8.258000000000001
 20
-5.551
 30
0.0
 40
0.05
  1
0.60x1.05
 72
1
 11
8.258000000000001
 21
-5.551
 31
0.0
100
AcDbText
 73
2
  0
HATCH
  5
1E0
330
17
100
AcDbEntity
  8
SOBRANTE
 62
2
100
AcDbHatch
 10
0.0
 20
0.0
 30
0.0
210
0.0
220
0.0
230
1.0
  2
SOLID
 70
1
 71
0
 91
1
 92
3
 72
0
 73
1
 93
4
 10
7.960000000000001
 20
-5.026000000000001
 10
8.556000000000001
 20
-5.026000000000001
 10
8.556000000000001
 20
-4.882000000000001
 10
7.960000000000001
 20
-4.882000000000001
 97
0
 75
1
 76
1
 98
0
  0
LWPOLYLINE
  5
1E1
330
17
100
AcDbEntity
  8
SOBRANTE
100
AcDbPolyline
 90
4
 70
1
 10
7.960000000000001
 20
-5.026000000000001
 10
8.556000000000001
 20
-5.026000000000001
 10
8.556000000000001
 20
-4.882000000000001
 10
7.960000000000001
 20
-4.882000000000001
  0
TEXT
  5
1E2
330
17
100
AcDbEntity
  8
PIEZA_TXT
100
AcDbText
 10
8.258000000000001
 20
-4.954000000000001
 30
0.0
 40
0.04
  1
sobra0.60x0.14
 72
1
 11
8.258000000000001
 21
-4.954000000000001
 31
0.0
100
AcDbText
 73
2
  0
LWPOLYLINE
  5
1E3
330
17
100
AcDbEntity
  8
BALDOSA
100
AcDbPolyline
 90
4
 70
1
 10
8.756
 20
-6.0760000000000005
 10
9.352
 20
-6.0760000000000005
 10
9.352
 20
-4.882000000000001
 10
8.756
 20
-4.882000000000001
  0
TEXT
  5
1E4
330
17
100
AcDbEntity
  8
TITULO
100
AcDbText
 10
9.054
 20
-4.822000000000001
 30
0.0
 40
0.06
  1
M-48
 72
1
 11
9.054
 21
-4.822000000000001
 31
0.0
100
AcDbText
 73
2
  0
HATCH
  5
1E5
330
17
100
AcDbEntity
  8
PIEZA
 62
3
100
AcDbHatch
 10
0.0
 20
0.0
 30
0.0
210
0.0
220
0.0
230
1.0
  2
SOLID
 70
1
 71
0
 91
1
 92
3
 72
0
 73
1
 93
4
 10
8.756
 20
-6.0760000000000005
 10
9.352
 20
-6.0760000000000005
 10
9.352
 20
-5.026000000000001
 10
8.756
 20
-5.026000000000001
 97
0
 75
1
 76
1
 98
0
  0
LWPOLYLINE
  5
1E6
330
17
100
AcDbEntity
  8
PIEZA
100
AcDbPolyline
 90
4
 70
1
 10
8.756
 20
-6.0760000000000005
 10
9.352
 20
-6.0760000000000005
 10
9.352
 20
-5.026000000000001
 10
8.756
 20
-5.026000000000001
  0
TEXT
  5
1E7
330
17
100
AcDbEntity
  8
PIEZA_TXT
100
AcDbText
 10
9.054
 20
-5.551
 30
0.0
 40
0.05
  1
0.60x1.05
 72
1
 11
9.054
 21
-5.551
 31
0.0
100
AcDbText
 73
2
  0
HATCH
  5
1E8
330
17
100
AcDbEntity
  8
SOBRANTE
 62
2
100
AcDbHatch
 10
0.0
 20
0.0
 30
0.0
210
0.0
220
0.0
230
1.0
  2
SOLID
 70
1
 71
0
 91
1
 92
3
 72
0
 73
1
 93
4
 10
8.756
 20
-5.026000000000001
 10
9.352
 20
-5.026000000000001
 10
9.352
 20
-4.882000000000001
 10
8.756
 20
-4.882000000000001
 97
0
 75
1
 76
1
 98
0
  0
LWPOLYLINE
  5
1E9
330
17
100
AcDbEntity
  8
SOBRANTE
100
AcDbPolyline
 90
4
 70
1
 10
8.756
 20
-5.026000000000001
 10
9.352
 20
-5.026000000000001
 10
9.352
 20
-4.882000000000001
 10
8.756
 20
-4.882000000000001
  0
TEXT
  5
1EA
330
17
100
AcDbEntity
  8
PIEZA_TXT
100
AcDbText
 10
9.054
 20
-4.954000000000001
 30
0.0
 40
0.04
  1
sobra0.60x0.14
 72
1
 11
9.054
 21
-4.954000000000001
 31
0.0
100
AcDbText
 73
2
  0
LWPOLYLINE
  5
1EB
330
17
100
AcDbEntity
  8
BALDOSA
100
AcDbPolyline
 90
4
 70
1
 10
0.0
 20
-7.57
 10
0.596
 20
-7.57
 10
0.596
 20
-6.376
 10
0.0
 20
-6.376
  0
TEXT
  5
1EC
330
17
100
AcDbEntity
  8
TITULO
100
AcDbText
 10
0.298
 20
-6.316000000000001
 30
0.0
 40
0.06
  1
M-49
 72
1
 11
0.298
 21
-6.316000000000001
 31
0.0
100
AcDbText
 73
2
  0
HATCH
  5
1ED
330
17
100
AcDbEntity
  8
PIEZA
 62
3
100
AcDbHatch
 10
0.0
 20
0.0
 30
0.0
210
0.0
220
0.0
230
1.0
  2
SOLID
 70
1
 71
0
 91
1
 92
3
 72
0
 73
1
 93
4
 10
0.0
 20
-7.57
 10
0.596
 20
-7.57
 10
0.596
 20
-6.5200000000000005
 10
0.0
 20
-6.5200000000000005
 97
0
 75
1
 76
1
 98
0
  0
LWPOLYLINE
  5
1EE
330
17
100
AcDbEntity
  8
PIEZA
100
AcDbPolyline
 90
4
 70
1
 10
0.0
 20
-7.57
 10
0.596
 20
-7.57
 10
0.596
 20
-6.5200000000000005
 10
0.0
 20
-6.5200000000000005
  0
TEXT
  5
1EF
330
17
100
AcDbEntity
  8
PIEZA_TXT
100
AcDbText
 10
0.298
 20
-7.045
 30
0.0
 40
0.05
  1
0.60x1.05
 72
1
 11
0.298
 21
-7.045
 31
0.0
100
AcDbText
 73
2
  0
HATCH
  5
1F0
330
17
100
AcDbEntity
  8
SOBRANTE
 62
2
100
AcDbHatch
 10
0.0
 20
0.0
 30
0.0
210
0.0
220
0.0
230
1.0
  2
SOLID
 70
1
 71
0
 91
1
 92
3
 72
0
 73
1
 93
4
 10
0.0
 20
-6.5200000000000005
 10
0.596
 20
-6.5200000000000005
 10
0.596
 20
-6.376
 10
0.0
 20
-6.376
 97
0
 75
1
 76
1
 98
0
  0
LWPOLYLINE
  5
1F1
330
17
100
AcDbEntity
  8
SOBRANTE
100
AcDbPolyline
 90
4
 70
1
 10
0.0
 20
-6.5200000000000005
 10
0.596
 20
-6.5200000000000005
 10
0.596
 20
-6.376
 10
0.0
 20
-6.376
  0
TEXT
  5
1F2
330
17
100
AcDbEntity
  8
PIEZA_TXT
100
AcDbText
 10
0.298
 20
-6.448
 30
0.0
 40
0.04
  1
sobra0.60x0.14
 72
1
 11
0.298
 21
-6.448
 31
0.0
100
AcDbText
 73
2
  0
LWPOLYLINE
  5
1F3
330
17
100
AcDbEntity
  8
BALDOSA
100
AcDbPolyline
 90
4
 70
1
 10
0.796
 20
-7.57
 10
1.392
 20
-7.57
 10
1.392
 20
-6.376
 10
0.796
 20
-6.376
  0
TEXT
  5
1F4
330
17
100
AcDbEntity
  8
TITULO
100
AcDbText
 10
1.094
 20
-6.316000000000001
 30
0.0
 40
0.06
  1
M-50
 72
1
 11
1.094
 21
-6.316000000000001
 31
0.0
100
AcDbText
 73
2
  0
HATCH
  5
1F5
330
17
100
AcDbEntity
  8
PIEZA
 62
3
100
AcDbHatch
 10
0.0
 20
0.0
 30
0.0
210
0.0
220
0.0
230
1.0
  2
SOLID
 70
1
 71
0
 91
1
 92
3
 72
0
 73
1
 93
4
 10
0.796
 20
-7.57
 10
1.392
 20
-7.57
 10
1.392
 20
-6.5200000000000005
 10
0.796
 20
-6.5200000000000005
 97
0
 75
1
 76
1
 98
0
  0
LWPOLYLINE
  5
1F6
330
17
100
AcDbEntity
  8
PIEZA
100
AcDbPolyline
 90
4
 70
1
 10
0.796
 20
-7.57
 10
1.392
 20
-7.57
 10
1.392
 20
-6.5200000000000005
 10
0.796
 20
-6.5200000000000005
  0
TEXT
  5
1F7
330
17
100
AcDbEntity
  8
PIEZA_TXT
100
AcDbText
 10
1.094
 20
-7.045
 30
0.0
 40
0.05
  1
0.60x1.05
 72
1
 11
1.094
 21
-7.045
 31
0.0
100
AcDbText
 73
2
  0
HATCH
  5
1F8
330
17
100
AcDbEntity
  8
SOBRANTE
 62
2
100
AcDbHatch
 10
0.0
 20
0.0
 30
0.0
210
0.0
220
0.0
230
1.0
  2
SOLID
 70
1
 71
0
 91
1
 92
3
 72
0
 73
1
 93
4
 10
0.796
 20
-6.5200000000000005
 10
1.392
 20
-6.5200000000000005
 10
1.392
 20
-6.376
 10
0.796
 20
-6.376
 97
0
 75
1
 76
1
 98
0
  0
LWPOLYLINE
  5
1F9
330
17
100
AcDbEntity
  8
SOBRANTE
100
AcDbPolyline
 90
4
 70
1
 10
0.796
 20
-6.5200000000000005
 10
1.392
 20
-6.5200000000000005
 10
1.392
 20
-6.376
 10
0.796
 20
-6.376
  0
TEXT
  5
1FA
330
17
100
AcDbEntity
  8
PIEZA_TXT
100
AcDbText
 10
1.094
 20
-6.448
 30
0.0
 40
0.04
  1
sobra0.60x0.14
 72
1
 11
1.094
 21
-6.448
 31
0.0
100
AcDbText
 73
2
  0
LWPOLYLINE
  5
1FB
330
17
100
AcDbEntity
  8
BALDOSA
100
AcDbPolyline
 90
4
 70
1
 10
1.592
 20
-7.57
 10
2.188
 20
-7.57
 10
2.188
 20
-6.376
 10
1.592
 20
-6.376
  0
TEXT
  5
1FC
330
17
100
AcDbEntity
  8
TITULO
100
AcDbText
 10
1.8900000000000001
 20
-6.316000000000001
 30
0.0
 40
0.06
  1
M-51
 72
1
 11
1.8900000000000001
 21
-6.316000000000001
 31
0.0
100
AcDbText
 73
2
  0
HATCH
  5
1FD
330
17
100
AcDbEntity
  8
PIEZA
 62
3
100
AcDbHatch
 10
0.0
 20
0.0
 30
0.0
210
0.0
220
0.0
230
1.0
  2
SOLID
 70
1
 71
0
 91
1
 92
3
 72
0
 73
1
 93
4
 10
1.592
 20
-7.57
 10
2.09
 20
-7.57
 10
2.09
 20
-6.42
 10
1.592
 20
-6.42
 97
0
 75
1
 76
1
 98
0
  0
LWPOLYLINE
  5
1FE
330
17
100
AcDbEntity
  8
PIEZA
100
AcDbPolyline
 90
4
 70
1
 10
1.592
 20
-7.57
 10
2.09
 20
-7.57
 10
2.09
 20
-6.42
 10
1.592
 20
-6.42
  0
TEXT
  5
1FF
330
17
100
AcDbEntity
  8
PIEZA_TXT
100
AcDbText
 10
1.8410000000000002
 20
-6.995
 30
0.0
 40
0.05
  1
0.50x1.15
 72
1
 11
1.8410000000000002
 21
-6.995
 31
0.0
100
AcDbText
 73
2
  0
HATCH
  5
200
330
17
100
AcDbEntity
  8
PIEZA
 62
3
100
AcDbHatch
 10
0.0
 20
0.0
 30
0.0
210
0.0
220
0.0
230
1.0
  2
SOLID
 70
1
 71
0
 91
1
 92
3
 72
0
 73
1
 93
4
 10
2.09
 20
-7.57
 10
2.1679999999999997
 20
-7.57
 10
2.1679999999999997
 20
-6.376
 10
2.09
 20
-6.376
 97
0
 75
1
 76
1
 98
0
  0
LWPOLYLINE
  5
201
330
17
100
AcDbEntity
  8
PIEZA
100
AcDbPolyline
 90
4
 70
1
 10
2.09
 20
-7.57
 10
2.1679999999999997
 20
-7.57
 10
2.1679999999999997
 20
-6.376
 10
2.09
 20
-6.376
  0
TEXT
  5
202
330
17
100
AcDbEntity
  8
PIEZA_TXT
100
AcDbText
 10
2.129
 20
-6.973000000000001
 30
0.0
 40
0.0195
  1
0.08x1.19
 72
1
 11
2.129
 21
-6.973000000000001
 31
0.0
100
AcDbText
 73
2
  0
HATCH
  5
203
330
17
100
AcDbEntity
  8
DESPERDICIO
 62
7
100
AcDbHatch
 10
0.0
 20
0.0
 30
0.0
210
0.0
220
0.0
230
1.0
  2
ANSI31
 70
0
 71
0
 91
1
 92
3
 72
0
 73
1
 93
4
 10
1.592
 20
-6.42
 10
2.09
 20
-6.42
 10
2.09
 20
-6.3759999999999994
 10
1.592
 20
-6.3759999999999994
 97
0
 75
1
 76
1
 52
0.0
 41
0.02
 77
0
 78
1
 53
45.0
 43
0.0
 44
0.0
 45
-0.0449012806
 46
0.0449012806
 79
0
 98
0
  0
LWPOLYLINE
  5
204
330
17
100
AcDbEntity
  8
DESPERDICIO
100
AcDbPolyline
 90
4
 70
1
 10
1.592
 20
-6.42
 10
2.09
 20
-6.42
 10
2.09
 20
-6.3759999999999994
 10
1.592
 20
-6.3759999999999994
  0
HATCH
  5
205
330
17
100
AcDbEntity
  8
DESPERDICIO
 62
7
100
AcDbHatch
 10
0.0
 20
0.0
 30
0.0
210
0.0
220
0.0
230
1.0
  2
ANSI31
 70
0
 71
0
 91
1
 92
3
 72
0
 73
1
 93
4
 10
2.168
 20
-7.57
 10
2.188
 20
-7.57
 10
2.188
 20
-6.376
 10
2.168
 20
-6.376
 97
0
 75
1
 76
1
 52
0.0
 41
0.02
 77
0
 78
1
 53
45.0
 43
0.0
 44
0.0
 45
-0.0449012806
 46
0.0449012806
 79
0
 98
0
  0
LWPOLYLINE
  5
206
330
17
100
AcDbEntity
  8
DESPERDICIO
100
AcDbPolyline
 90
4
 70
1
 10
2.168
 20
-7.57
 10
2.188
 20
-7.57
 10
2.188
 20
-6.376
 10
2.168
 20
-6.376
  0
LWPOLYLINE
  5
207
330
17
100
AcDbEntity
  8
BALDOSA
100
AcDbPolyline
 90
4
 70
1
 10
2.388
 20
-7.57
 10
2.984
 20
-7.57
 10
2.984
 20
-6.376
 10
2.388
 20
-6.376
  0
TEXT
  5
208
330
17
100
AcDbEntity
  8
TITULO
100
AcDbText
 10
2.686
 20
-6.316000000000001
 30
0.0
 40
0.06
  1
M-52
 72
1
 11
2.686
 21
-6.316000000000001
 31
0.0
100
AcDbText
 73
2
  0
HATCH
  5
209
330
17
100
AcDbEntity
  8
PIEZA
 62
3
100
AcDbHatch
 10
0.0
 20
0.0
 30
0.0
210
0.0
220
0.0
230
1.0
  2
SOLID
 70
1
 71
0
 91
1
 92
3
 72
0
 73
1
 93
4
 10
2.388
 20
-7.57
 10
2.886
 20
-7.57
 10
2.886
 20
-6.42
 10
2.388
 20
-6.42
 97
0
 75
1
 76
1
 98
0
  0
LWPOLYLINE
  5
20A
330
17
100
AcDbEntity
  8
PIEZA
100
AcDbPolyline
 90
4
 70
1
 10
2.388
 20
-7.57
 10
2.886
 20
-7.57
 10
2.886
 20
-6.42
 10
2.388
 20
-6.42
  0
TEXT
  5
20B
330
17
100
AcDbEntity
  8
PIEZA_TXT
100
AcDbText
 10
2.637
 20
-6.995
 30
0.0
 40
0.05
  1
0.50x1.15
 72
1
 11
2.637
 21
-6.995
 31
0.0
100
AcDbText
 73
2
  0
HATCH
  5
20C
330
17
100
AcDbEntity
  8
PIEZA
 62
3
100
AcDbHatch
 10
0.0
 20
0.0
 30
0.0
210
0.0
220
0.0
230
1.0
  2
SOLID
 70
1
 71
0
 91
1
 92
3
 72
0
 73
1
 93
4
 10
2.886
 20
-7.57
 10
2.964
 20
-7.57
 10
2.964
 20
-6.466
 10
2.886
 20
-6.466
 97
0
 75
1
 76
1
 98
0
  0
LWPOLYLINE
  5
20D
330
17
100
AcDbEntity
  8
PIEZA
100
AcDbPolyline
 90
4
 70
1
 10
2.886
 20
-7.57
 10
2.964
 20
-7.57
 10
2.964
 20
-6.466
 10
2.886
 20
-6.466
  0
TEXT
  5
20E
330
17
100
AcDbEntity
  8
PIEZA_TXT
100
AcDbText
 10
2.9250000000000003
 20
-7.018000000000001
 30
0.0
 40
0.0195
  1
0.08x1.10
 72
1
 11
2.9250000000000003
 21
-7.018000000000001
 31
0.0
100
AcDbText
 73
2
  0
HATCH
  5
20F
330
17
100
AcDbEntity
  8
DESPERDICIO
 62
7
100
AcDbHatch
 10
0.0
 20
0.0
 30
0.0
210
0.0
220
0.0
230
1.0
  2
ANSI31
 70
0
 71
0
 91
1
 92
3
 72
0
 73
1
 93
4
 10
2.388
 20
-6.42
 10
2.886
 20
-6.42
 10
2.886
 20
-6.3759999999999994
 10
2.388
 20
-6.3759999999999994
 97
0
 75
1
 76
1
 52
0.0
 41
0.02
 77
0
 78
1
 53
45.0
 43
0.0
 44
0.0
 45
-0.0449012806
 46
0.0449012806
 79
0
 98
0
  0
LWPOLYLINE
  5
210
330
17
100
AcDbEntity
  8
DESPERDICIO
100
AcDbPolyline
 90
4
 70
1
 10
2.388
 20
-6.42
 10
2.886
 20
-6.42
 10
2.886
 20
-6.3759999999999994
 10
2.388
 20
-6.3759999999999994
  0
HATCH
  5
211
330
17
100
AcDbEntity
  8
DESPERDICIO
 62
7
100
AcDbHatch
 10
0.0
 20
0.0
 30
0.0
210
0.0
220
0.0
230
1.0
  2
ANSI31
 70
0
 71
0
 91
1
 92
3
 72
0
 73
1
 93
4
 10
2.964
 20
-7.57
 10
2.984
 20
-7.57
 10
2.984
 20
-6.376
 10
2.964
 20
-6.376
 97
0
 75
1
 76
1
 52
0.0
 41
0.02
 77
0
 78
1
 53
45.0
 43
0.0
 44
0.0
 45
-0.0449012806
 46
0.0449012806
 79
0
 98
0
  0
LWPOLYLINE
  5
212
330
17
100
AcDbEntity
  8
DESPERDICIO
100
AcDbPolyline
 90
4
 70
1
 10
2.964
 20
-7.57
 10
2.984
 20
-7.57
 10
2.984
 20
-6.376
 10
2.964
 20
-6.376
  0
HATCH
  5
213
330
17
100
AcDbEntity
  8
DESPERDICIO
 62
7
100
AcDbHatch
 10
0.0
 20
0.0
 30
0.0
210
0.0
220
0.0
230
1.0
  2
ANSI31
 70
0
 71
0
 91
1
 92
3
 72
0
 73
1
 93
4
 10
2.886
 20
-6.466
 10
2.964
 20
-6.466
 10
2.964
 20
-6.376
 10
2.886
 20
-6.376
 97
0
 75
1
 76
1
 52
0.0
 41
0.02
 77
0
 78
1
 53
45.0
 43
0.0
 44
0.0
 45
-0.0449012806
 46
0.0449012806
 79
0
 98
0
  0
LWPOLYLINE
  5
214
330
17
100
AcDbEntity
  8
DESPERDICIO
100
AcDbPolyline
 90
4
 70
1
 10
2.886
 20
-6.466
 10
2.964
 20
-6.466
 10
2.964
 20
-6.376
 10
2.886
 20
-6.376
  0
LWPOLYLINE
  5
215
330
17
100
AcDbEntity
  8
BALDOSA
100
AcDbPolyline
 90
4
 70
1
 10
3.184
 20
-7.57
 10
3.7800000000000002
 20
-7.57
 10
3.7800000000000002
 20
-6.376
 10
3.184
 20
-6.376
  0
TEXT
  5
216
330
17
100
AcDbEntity
  8
TITULO
100
AcDbText
 10
3.482
 20
-6.316000000000001
 30
0.0
 40
0.06
  1
M-53
 72
1
 11
3.482
 21
-6.316000000000001
 31
0.0
100
AcDbText
 73
2
  0
HATCH
  5
217
330
17
100
AcDbEntity
  8
PIEZA
 62
3
100
AcDbHatch
 10
0.0
 20
0.0
 30
0.0
210
0.0
220
0.0
230
1.0
  2
SOLID
 70
1
 71
0
 91
1
 92
3
 72
0
 73
1
 93
4
 10
3.184
 20
-7.57
 10
3.702
 20
-7.57
 10
3.702
 20
-6.508
 10
3.184
 20
-6.508
 97
0
 75
1
 76
1
 98
0
  0
LWPOLYLINE
  5
218
330
17
100
AcDbEntity
  8
PIEZA
100
AcDbPolyline
 90
4
 70
1
 10
3.184
 20
-7.57
 10
3.702
 20
-7.57
 10
3.702
 20
-6.508
 10
3.184
 20
-6.508
  0
TEXT
  5
219
330
17
100
AcDbEntity
  8
PIEZA_TXT
100
AcDbText
 10
3.443
 20
-7.039000000000001
 30
0.0
 40
0.05
  1
0.52x1.06
 72
1
 11
3.443
 21
-7.039000000000001
 31
0.0
100
AcDbText
 73
2
  0
HATCH
  5
21A
330
17
100
AcDbEntity
  8
PIEZA
 62
3
100
AcDbHatch
 10
0.0
 20
0.0
 30
0.0
210
0.0
220
0.0
230
1.0
  2
SOLID
 70
1
 71
0
 91
1
 92
3
 72
0
 73
1
 93
4
 10
3.702
 20
-7.57
 10
3.774
 20
-7.57
 10
3.774
 20
-6.463
 10
3.702
 20
-6.463
 97
0
 75
1
 76
1
 98
0
  0
LWPOLYLINE
  5
21B
330
17
100
AcDbEntity
  8
PIEZA
100
AcDbPolyline
 90
4
 70
1
 10
3.702
 20
-7.57
 10
3.774
 20
-7.57
 10
3.774
 20
-6.463
 10
3.702
 20
-6.463
  0
TEXT
  5
21C
330
17
100
AcDbEntity
  8
PIEZA_TXT
100
AcDbText
 10
3.738
 20
-7.016500000000001
 30
0.0
 40
0.018
  1
0.07x1.11
 72
1
 11
3.738
 21
-7.016500000000001
 31
0.0
100
AcDbText
 73
2
  0
HATCH
  5
21D
330
17
100
AcDbEntity
  8
SOBRANTE
 62
2
100
AcDbHatch
 10
0.0
 20
0.0
 30
0.0
210
0.0
220
0.0
230
1.0
  2
SOLID
 70
1
 71
0
 91
1
 92
3
 72
0
 73
1
 93
4
 10
3.184
 20
-6.508
 10
3.702
 20
-6.508
 10
3.702
 20
-6.376
 10
3.184
 20
-6.376
 97
0
 75
1
 76
1
 98
0
  0
LWPOLYLINE
  5
21E
330
17
100
AcDbEntity
  8
SOBRANTE
100
AcDbPolyline
 90
4
 70
1
 10
3.184
 20
-6.508
 10
3.702
 20
-6.508
 10
3.702
 20
-6.376
 10
3.184
 20
-6.376
  0
TEXT
  5
21F
330
17
100
AcDbEntity
  8
PIEZA_TXT
100
AcDbText
 10
3.443
 20
-6.442
 30
0.0
 40
0.04
  1
sobra0.52x0.13
 72
1
 11
3.443
 21
-6.442
 31
0.0
100
AcDbText
 73
2
  0
HATCH
  5
220
330
17
100
AcDbEntity
  8
DESPERDICIO
 62
7
100
AcDbHatch
 10
0.0
 20
0.0
 30
0.0
210
0.0
220
0.0
230
1.0
  2
ANSI31
 70
0
 71
0
 91
1
 92
3
 72
0
 73
1
 93
4
 10
3.702
 20
-6.463
 10
3.774
 20
-6.463
 10
3.774
 20
-6.376
 10
3.702
 20
-6.376
 97
0
 75
1
 76
1
 52
0.0
 41
0.02
 77
0
 78
1
 53
45.0
 43
0.0
 44
0.0
 45
-0.0449012806
 46
0.0449012806
 79
0
 98
0
  0
LWPOLYLINE
  5
221
330
17
100
AcDbEntity
  8
DESPERDICIO
100
AcDbPolyline
 90
4
 70
1
 10
3.702
 20
-6.463
 10
3.774
 20
-6.463
 10
3.774
 20
-6.376
 10
3.702
 20
-6.376
  0
LWPOLYLINE
  5
222
330
17
100
AcDbEntity
  8
BALDOSA
100
AcDbPolyline
 90
4
 70
1
 10
3.9800000000000004
 20
-7.57
 10
4.5760000000000005
 20
-7.57
 10
4.5760000000000005
 20
-6.376
 10
3.9800000000000004
 20
-6.376
  0
TEXT
  5
223
330
17
100
AcDbEntity
  8
TITULO
100
AcDbText
 10
4.2780000000000005
 20
-6.316000000000001
 30
0.0
 40
0.06
  1
M-54
 72
1
 11
4.2780000000000005
 21
-6.316000000000001
 31
0.0
100
AcDbText
 73
2
  0
HATCH
  5
224
330
17
100
AcDbEntity
  8
PIEZA
 62
3
100
AcDbHatch
 10
0.0
 20
0.0
 30
0.0
210
0.0
220
0.0
230
1.0
  2
SOLID
 70
1
 71
0
 91
1
 92
3
 72
0
 73
1
 93
4
 10
3.9800000000000004
 20
-7.57
 10
4.3740000000000006
 20
-7.57
 10
4.3740000000000006
 20
-6.376
 10
3.9800000000000004
 20
-6.376
 97
0
 75
1
 76
1
 98
0
  0
LWPOLYLINE
  5
225
330
17
100
AcDbEntity
  8
PIEZA
100
AcDbPolyline
 90
4
 70
1
 10
3.9800000000000004
 20
-7.57
 10
4.3740000000000006
 20
-7.57
 10
4.3740000000000006
 20
-6.376
 10
3.9800000000000004
 20
-6.376
  0
TEXT
  5
226
330
17
100
AcDbEntity
  8
PIEZA_TXT
100
AcDbText
 10
4.1770000000000005
 20
-6.973000000000001
 30
0.0
 40
0.05
  1
0.39x1.19
 72
1
 11
4.1770000000000005
 21
-6.973000000000001
 31
0.0
100
AcDbText
 73
2
  0
HATCH
  5
227
330
17
100
AcDbEntity
  8
PIEZA
 62
3
100
AcDbHatch
 10
0.0
 20
0.0
 30
0.0
210
0.0
220
0.0
230
1.0
  2
SOLID
 70
1
 71
0
 91
1
 92
3
 72
0
 73
1
 93
4
 10
4.3740000000000006
 20
-7.57
 10
4.542000000000001
 20
-7.57
 10
4.542000000000001
 20
-6.46
 10
4.3740000000000006
 20
-6.46
 97
0
 75
1
 76
1
 98
0
  0
LWPOLYLINE
  5
228
330
17
100
AcDbEntity
  8
PIEZA
100
AcDbPolyline
 90
4
 70
1
 10
4.3740000000000006
 20
-7.57
 10
4.542000000000001
 20
-7.57
 10
4.542000000000001
 20
-6.46
 10
4.3740000000000006
 20
-6.46
  0
TEXT
  5
229
330
17
100
AcDbEntity
  8
PIEZA_TXT
100
AcDbText
 10
4.458
 20
-7.015000000000001
 30
0.0
 40
0.042
  1
0.17x1.11
 72
1
 11
4.458
 21
-7.015000000000001
 31
0.0
100
AcDbText
 73
2
  0
HATCH
  5
22A
330
17
100
AcDbEntity
  8
DESPERDICIO
 62
7
100
AcDbHatch
 10
0.0
 20
0.0
 30
0.0
210
0.0
220
0.0
230
1.0
  2
ANSI31
 70
0
 71
0
 91
1
 92
3
 72
0
 73
1
 93
4
 10
4.542000000000001
 20
-7.57
 10
4.5760000000000005
 20
-7.57
 10
4.5760000000000005
 20
-6.376
 10
4.542000000000001
 20
-6.376
 97
0
 75
1
 76
1
 52
0.0
 41
0.02
 77
0
 78
1
 53
45.0
 43
0.0
 44
0.0
 45
-0.0449012806
 46
0.0449012806
 79
0
 98
0
  0
LWPOLYLINE
  5
22B
330
17
100
AcDbEntity
  8
DESPERDICIO
100
AcDbPolyline
 90
4
 70
1
 10
4.542000000000001
 20
-7.57
 10
4.5760000000000005
 20
-7.57
 10
4.5760000000000005
 20
-6.376
 10
4.542000000000001
 20
-6.376
  0
HATCH
  5
22C
330
17
100
AcDbEntity
  8
DESPERDICIO
 62
7
100
AcDbHatch
 10
0.0
 20
0.0
 30
0.0
210
0.0
220
0.0
230
1.0
  2
ANSI31
 70
0
 71
0
 91
1
 92
3
 72
0
 73
1
 93
4
 10
4.3740000000000006
 20
-6.46
 10
4.542000000000001
 20
-6.46
 10
4.542000000000001
 20
-6.376
 10
4.3740000000000006
 20
-6.376
 97
0
 75
1
 76
1
 52
0.0
 41
0.02
 77
0
 78
1
 53
45.0
 43
0.0
 44
0.0
 45
-0.0449012806
 46
0.0449012806
 79
0
 98
0
  0
LWPOLYLINE
  5
22D
330
17
100
AcDbEntity
  8
DESPERDICIO
100
AcDbPolyline
 90
4
 70
1
 10
4.3740000000000006
 20
-6.46
 10
4.542000000000001
 20
-6.46
 10
4.542000000000001
 20
-6.376
 10
4.3740000000000006
 20
-6.376
  0
LWPOLYLINE
  5
22E
330
17
100
AcDbEntity
  8
BALDOSA
100
AcDbPolyline
 90
4
 70
1
 10
4.776
 20
-7.57
 10
5.372
 20
-7.57
 10
5.372
 20
-6.376
 10
4.776
 20
-6.376
  0
TEXT
  5
22F
330
17
100
AcDbEntity
  8
TITULO
100
AcDbText
 10
5.074
 20
-6.316000000000001
 30
0.0
 40
0.06
  1
M-55
 72
1
 11
5.074
 21
-6.316000000000001
 31
0.0
100
AcDbText
 73
2
  0
HATCH
  5
230
330
17
100
AcDbEntity
  8
PIEZA
 62
3
100
AcDbHatch
 10
0.0
 20
0.0
 30
0.0
210
0.0
220
0.0
230
1.0
  2
SOLID
 70
1
 71
0
 91
1
 92
3
 72
0
 73
1
 93
4
 10
4.776
 20
-7.57
 10
5.17
 20
-7.57
 10
5.17
 20
-6.461
 10
4.776
 20
-6.461
 97
0
 75
1
 76
1
 98
0
  0
LWPOLYLINE
  5
231
330
17
100
AcDbEntity
  8
PIEZA
100
AcDbPolyline
 90
4
 70
1
 10
4.776
 20
-7.57
 10
5.17
 20
-7.57
 10
5.17
 20
-6.461
 10
4.776
 20
-6.461
  0
TEXT
  5
232
330
17
100
AcDbEntity
  8
PIEZA_TXT
100
AcDbText
 10
4.973
 20
-7.0155
 30
0.0
 40
0.05
  1
0.39x1.11
 72
1
 11
4.973
 21
-7.0155
 31
0.0
100
AcDbText
 73
2
  0
HATCH
  5
233
330
17
100
AcDbEntity
  8
PIEZA
 62
3
100
AcDbHatch
 10
0.0
 20
0.0
 30
0.0
210
0.0
220
0.0
230
1.0
  2
SOLID
 70
1
 71
0
 91
1
 92
3
 72
0
 73
1
 93
4
 10
5.17
 20
-7.57
 10
5.306
 20
-7.57
 10
5.306
 20
-6.376
 10
5.17
 20
-6.376
 97
0
 75
1
 76
1
 98
0
  0
LWPOLYLINE
  5
234
330
17
100
AcDbEntity
  8
PIEZA
100
AcDbPolyline
 90
4
 70
1
 10
5.17
 20
-7.57
 10
5.306
 20
-7.57
 10
5.306
 20
-6.376
 10
5.17
 20
-6.376
  0
TEXT
  5
235
330
17
100
AcDbEntity
  8
PIEZA_TXT
100
AcDbText
 10
5.2379999999999995
 20
-6.973000000000001
 30
0.0
 40
0.034
  1
0.14x1.19
 72
1
 11
5.2379999999999995
 21
-6.973000000000001
 31
0.0
100
AcDbText
 73
2
  0
HATCH
  5
236
330
17
100
AcDbEntity
  8
PIEZA
 62
3
100
AcDbHatch
 10
0.0
 20
0.0
 30
0.0
210
0.0
220
0.0
230
1.0
  2
SOLID
 70
1
 71
0
 91
1
 92
3
 72
0
 73
1
 93
4
 10
5.306
 20
-7.57
 10
5.351
 20
-7.57
 10
5.351
 20
-6.4599
 10
5.306
 20
-6.4599
 97
0
 75
1
 76
1
 98
0
  0
LWPOLYLINE
  5
237
330
17
100
AcDbEntity
  8
PIEZA
100
AcDbPolyline
 90
4
 70
1
 10
5.306
 20
-7.57
 10
5.351
 20
-7.57
 10
5.351
 20
-6.4599
 10
5.306
 20
-6.4599
  0
TEXT
  5
238
330
17
100
AcDbEntity
  8
PIEZA_TXT
100
AcDbText
 10
5.3285
 20
-7.014950000000001
 30
0.0
 40
0.01125
  1
0.04x1.11
 72
1
 11
5.3285
 21
-7.014950000000001
 31
0.0
100
AcDbText
 73
2
  0
HATCH
  5
239
330
17
100
AcDbEntity
  8
DESPERDICIO
 62
7
100
AcDbHatch
 10
0.0
 20
0.0
 30
0.0
210
0.0
220
0.0
230
1.0
  2
ANSI31
 70
0
 71
0
 91
1
 92
3
 72
0
 73
1
 93
4
 10
4.776
 20
-6.461
 10
5.17
 20
-6.461
 10
5.17
 20
-6.376
 10
4.776
 20
-6.376
 97
0
 75
1
 76
1
 52
0.0
 41
0.02
 77
0
 78
1
 53
45.0
 43
0.0
 44
0.0
 45
-0.0449012806
 46
0.0449012806
 79
0
 98
0
  0
LWPOLYLINE
  5
23A
330
17
100
AcDbEntity
  8
DESPERDICIO
100
AcDbPolyline
 90
4
 70
1
 10
4.776
 20
-6.461
 10
5.17
 20
-6.461
 10
5.17
 20
-6.376
 10
4.776
 20
-6.376
  0
HATCH
  5
23B
330
17
100
AcDbEntity
  8
DESPERDICIO
 62
7
100
AcDbHatch
 10
0.0
 20
0.0
 30
0.0
210
0.0
220
0.0
230
1.0
  2
ANSI31
 70
0
 71
0
 91
1
 92
3
 72
0
 73
1
 93
4
 10
5.351
 20
-7.57
 10
5.372
 20
-7.57
 10
5.372
 20
-6.376
 10
5.351
 20
-6.376
 97
0
 75
1
 76
1
 52
0.0
 41
0.02
 77
0
 78
1
 53
45.0
 43
0.0
 44
0.0
 45
-0.0449012806
 46
0.0449012806
 79
0
 98
0
  0
LWPOLYLINE
  5
23C
330
17
100
AcDbEntity
  8
DESPERDICIO
100
AcDbPolyline
 90
4
 70
1
 10
5.351
 20
-7.57
 10
5.372
 20
-7.57
 10
5.372
 20
-6.376
 10
5.351
 20
-6.376
  0
HATCH
  5
23D
330
17
100
AcDbEntity
  8
DESPERDICIO
 62
7
100
AcDbHatch
 10
0.0
 20
0.0
 30
0.0
210
0.0
220
0.0
230
1.0
  2
ANSI31
 70
0
 71
0
 91
1
 92
3
 72
0
 73
1
 93
4
 10
5.306
 20
-6.4599
 10
5.351
 20
-6.4599
 10
5.351
 20
-6.376
 10
5.306
 20
-6.376
 97
0
 75
1
 76
1
 52
0.0
 41
0.02
 77
0
 78
1
 53
45.0
 43
0.0
 44
0.0
 45
-0.0449012806
 46
0.0449012806
 79
0
 98
0
  0
LWPOLYLINE
  5
23E
330
17
100
AcDbEntity
  8
DESPERDICIO
100
AcDbPolyline
 90
4
 70
1
 10
5.306
 20
-6.4599
 10
5.351
 20
-6.4599
 10
5.351
 20
-6.376
 10
5.306
 20
-6.376
  0
LWPOLYLINE
  5
23F
330
17
100
AcDbEntity
  8
BALDOSA
100
AcDbPolyline
 90
4
 70
1
 10
5.572
 20
-7.57
 10
6.168
 20
-7.57
 10
6.168
 20
-6.376
 10
5.572
 20
-6.376
  0
TEXT
  5
240
330
17
100
AcDbEntity
  8
TITULO
100
AcDbText
 10
5.87
 20
-6.316000000000001
 30
0.0
 40
0.06
  1
M-56
 72
1
 11
5.87
 21
-6.316000000000001
 31
0.0
100
AcDbText
 73
2
  0
HATCH
  5
241
330
17
100
AcDbEntity
  8
PIEZA
 62
3
100
AcDbHatch
 10
0.0
 20
0.0
 30
0.0
210
0.0
220
0.0
230
1.0
  2
SOLID
 70
1
 71
0
 91
1
 92
3
 72
0
 73
1
 93
4
 10
5.572
 20
-7.57
 10
5.966
 20
-7.57
 10
5.966
 20
-6.496
 10
5.572
 20
-6.496
 97
0
 75
1
 76
1
 98
0
  0
LWPOLYLINE
  5
242
330
17
100
AcDbEntity
  8
PIEZA
100
AcDbPolyline
 90
4
 70
1
 10
5.572
 20
-7.57
 10
5.966
 20
-7.57
 10
5.966
 20
-6.496
 10
5.572
 20
-6.496
  0
TEXT
  5
243
330
17
100
AcDbEntity
  8
PIEZA_TXT
100
AcDbText
 10
5.769
 20
-7.033
 30
0.0
 40
0.05
  1
0.39x1.07
 72
1
 11
5.769
 21
-7.033
 31
0.0
100
AcDbText
 73
2
  0
HATCH
  5
244
330
17
100
AcDbEntity
  8
PIEZA
 62
3
100
AcDbHatch
 10
0.0
 20
0.0
 30
0.0
210
0.0
220
0.0
230
1.0
  2
SOLID
 70
1
 71
0
 91
1
 92
3
 72
0
 73
1
 93
4
 10
5.966
 20
-7.57
 10
6.055000000000001
 20
-7.57
 10
6.055000000000001
 20
-6.67
 10
5.966
 20
-6.67
 97
0
 75
1
 76
1
 98
0
  0
LWPOLYLINE
  5
245
330
17
100
AcDbEntity
  8
PIEZA
100
AcDbPolyline
 90
4
 70
1
 10
5.966
 20
-7.57
 10
6.055000000000001
 20
-7.57
 10
6.055000000000001
 20
-6.67
 10
5.966
 20
-6.67
  0
TEXT
  5
246
330
17
100
AcDbEntity
  8
PIEZA_TXT
100
AcDbText
 10
6.0105
 20
-7.12
 30
0.0
 40
0.02225
  1
0.09x0.90
 72
1
 11
6.0105
 21
-7.12
 31
0.0
100
AcDbText
 73
2
  0
HATCH
  5
247
330
17
100
AcDbEntity
  8
PIEZA
 62
3
100
AcDbHatch
 10
0.0
 20
0.0
 30
0.0
210
0.0
220
0.0
230
1.0
  2
SOLID
 70
1
 71
0
 91
1
 92
3
 72
0
 73
1
 93
4
 10
6.055
 20
-7.57
 10
6.144
 20
-7.57
 10
6.144
 20
-6.67
 10
6.055
 20
-6.67
 97
0
 75
1
 76
1
 98
0
  0
LWPOLYLINE
  5
248
330
17
100
AcDbEntity
  8
PIEZA
100
AcDbPolyline
 90
4
 70
1
 10
6.055
 20
-7.57
 10
6.144
 20
-7.57
 10
6.144
 20
-6.67
 10
6.055
 20
-6.67
  0
TEXT
  5
249
330
17
100
AcDbEntity
  8
PIEZA_TXT
100
AcDbText
 10
6.0995
 20
-7.12
 30
0.0
 40
0.02225
  1
0.09x0.90
 72
1
 11
6.0995
 21
-7.12
 31
0.0
100
AcDbText
 73
2
  0
HATCH
  5
24A
330
17
100
AcDbEntity
  8
SOBRANTE
 62
2
100
AcDbHatch
 10
0.0
 20
0.0
 30
0.0
210
0.0
220
0.0
230
1.0
  2
SOLID
 70
1
 71
0
 91
1
 92
3
 72
0
 73
1
 93
4
 10
5.572
 20
-6.496
 10
5.966
 20
-6.496
 10
5.966
 20
-6.376
 10
5.572
 20
-6.376
 97
0
 75
1
 76
1
 98
0
  0
LWPOLYLINE
  5
24B
330
17
100
AcDbEntity
  8
SOBRANTE
100
AcDbPolyline
 90
4
 70
1
 10
5.572
 20
-6.496
 10
5.966
 20
-6.496
 10
5.966
 20
-6.376
 10
5.572
 20
-6.376
  0
TEXT
  5
24C
330
17
100
AcDbEntity
  8
PIEZA_TXT
100
AcDbText
 10
5.769
 20
-6.436000000000001
 30
0.0
 40
0.04
  1
sobra0.39x0.12
 72
1
 11
5.769
 21
-6.436000000000001
 31
0.0
100
AcDbText
 73
2
  0
HATCH
  5
24D
330
17
100
AcDbEntity
  8
DESPERDICIO
 62
7
100
AcDbHatch
 10
0.0
 20
0.0
 30
0.0
210
0.0
220
0.0
230
1.0
  2
ANSI31
 70
0
 71
0
 91
1
 92
3
 72
0
 73
1
 93
4
 10
5.966
 20
-6.67
 10
6.055000000000001
 20
-6.67
 10
6.055000000000001
 20
-6.376
 10
5.966
 20
-6.376
 97
0
 75
1
 76
1
 52
0.0
 41
0.02
 77
0
 78
1
 53
45.0
 43
0.0
 44
0.0
 45
-0.0449012806
 46
0.0449012806
 79
0
 98
0
  0
LWPOLYLINE
  5
24E
330
17
100
AcDbEntity
  8
DESPERDICIO
100
AcDbPolyline
 90
4
 70
1
 10
5.966
 20
-6.67
 10
6.055000000000001
 20
-6.67
 10
6.055000000000001
 20
-6.376
 10
5.966
 20
-6.376
  0
HATCH
  5
24F
330
17
100
AcDbEntity
  8
SOBRANTE
 62
2
100
AcDbHatch
 10
0.0
 20
0.0
 30
0.0
210
0.0
220
0.0
230
1.0
  2
SOLID
 70
1
 71
0
 91
1
 92
3
 72
0
 73
1
 93
4
 10
6.055
 20
-6.67
 10
6.167999999999999
 20
-6.67
 10
6.167999999999999
 20
-6.376
 10
6.055
 20
-6.376
 97
0
 75
1
 76
1
 98
0
  0
LWPOLYLINE
  5
250
330
17
100
AcDbEntity
  8
SOBRANTE
100
AcDbPolyline
 90
4
 70
1
 10
6.055
 20
-6.67
 10
6.167999999999999
 20
-6.67
 10
6.167999999999999
 20
-6.376
 10
6.055
 20
-6.376
  0
TEXT
  5
251
330
17
100
AcDbEntity
  8
PIEZA_TXT
100
AcDbText
 10
6.1114999999999995
 20
-6.523
 30
0.0
 40
0.02259999999999999
  1
sobra0.11x0.29
 72
1
 11
6.1114999999999995
 21
-6.523
 31
0.0
100
AcDbText
 73
2
  0
HATCH
  5
252
330
17
100
AcDbEntity
  8
DESPERDICIO
 62
7
100
AcDbHatch
 10
0.0
 20
0.0
 30
0.0
210
0.0
220
0.0
230
1.0
  2
ANSI31
 70
0
 71
0
 91
1
 92
3
 72
0
 73
1
 93
4
 10
6.144
 20
-7.57
 10
6.168
 20
-7.57
 10
6.168
 20
-6.67
 10
6.144
 20
-6.67
 97
0
 75
1
 76
1
 52
0.0
 41
0.02
 77
0
 78
1
 53
45.0
 43
0.0
 44
0.0
 45
-0.0449012806
 46
0.0449012806
 79
0
 98
0
  0
LWPOLYLINE
  5
253
330
17
100
AcDbEntity
  8
DESPERDICIO
100
AcDbPolyline
 90
4
 70
1
 10
6.144
 20
-7.57
 10
6.168
 20
-7.57
 10
6.168
 20
-6.67
 10
6.144
 20
-6.67
  0
LWPOLYLINE
  5
254
330
17
100
AcDbEntity
  8
BALDOSA
100
AcDbPolyline
 90
4
 70
1
 10
6.368
 20
-7.57
 10
6.964
 20
-7.57
 10
6.964
 20
-6.376
 10
6.368
 20
-6.376
  0
TEXT
  5
255
330
17
100
AcDbEntity
  8
TITULO
100
AcDbText
 10
6.666
 20
-6.316000000000001
 30
0.0
 40
0.06
  1
M-57
 72
1
 11
6.666
 21
-6.316000000000001
 31
0.0
100
AcDbText
 73
2
  0
HATCH
  5
256
330
17
100
AcDbEntity
  8
PIEZA
 62
3
100
AcDbHatch
 10
0.0
 20
0.0
 30
0.0
210
0.0
220
0.0
230
1.0
  2
SOLID
 70
1
 71
0
 91
1
 92
3
 72
0
 73
1
 93
4
 10
6.368
 20
-7.57
 10
6.716
 20
-7.57
 10
6.716
 20
-6.376
 10
6.368
 20
-6.376
 97
0
 75
1
 76
1
 98
0
  0
LWPOLYLINE
  5
257
330
17
100
AcDbEntity
  8
PIEZA
100
AcDbPolyline
 90
4
 70
1
 10
6.368
 20
-7.57
 10
6.716
 20
-7.57
 10
6.716
 20
-6.376
 10
6.368
 20
-6.376
  0
TEXT
  5
258
330
17
100
AcDbEntity
  8
PIEZA_TXT
100
AcDbText
 10
6.542000000000001
 20
-6.973000000000001
 30
0.0
 40
0.05
  1
0.35x1.19
 72
1
 11
6.542000000000001
 21
-6.973000000000001
 31
0.0
100
AcDbText
 73
2
  0
HATCH
  5
259
330
17
100
AcDbEntity
  8
PIEZA
 62
3
100
AcDbHatch
 10
0.0
 20
0.0
 30
0.0
210
0.0
220
0.0
230
1.0
  2
SOLID
 70
1
 71
0
 91
1
 92
3
 72
0
 73
1
 93
4
 10
6.716
 20
-7.57
 10
6.954000000000001
 20
-7.57
 10
6.954000000000001
 20
-6.45
 10
6.716
 20
-6.45
 97
0
 75
1
 76
1
 98
0
  0
LWPOLYLINE
  5
25A
330
17
100
AcDbEntity
  8
PIEZA
100
AcDbPolyline
 90
4
 70
1
 10
6.716
 20
-7.57
 10
6.954000000000001
 20
-7.57
 10
6.954000000000001
 20
-6.45
 10
6.716
 20
-6.45
  0
TEXT
  5
25B
330
17
100
AcDbEntity
  8
PIEZA_TXT
100
AcDbText
 10
6.835
 20
-7.01
 30
0.0
 40
0.05
  1
0.24x1.12
 72
1
 11
6.835
 21
-7.01
 31
0.0
100
AcDbText
 73
2
  0
HATCH
  5
25C
330
17
100
AcDbEntity
  8
DESPERDICIO
 62
7
100
AcDbHatch
 10
0.0
 20
0.0
 30
0.0
210
0.0
220
0.0
230
1.0
  2
ANSI31
 70
0
 71
0
 91
1
 92
3
 72
0
 73
1
 93
4
 10
6.716
 20
-6.45
 10
6.964
 20
-6.45
 10
6.964
 20
-6.376
 10
6.716
 20
-6.376
 97
0
 75
1
 76
1
 52
0.0
 41
0.02
 77
0
 78
1
 53
45.0
 43
0.0
 44
0.0
 45
-0.0449012806
 46
0.0449012806
 79
0
 98
0
  0
LWPOLYLINE
  5
25D
330
17
100
AcDbEntity
  8
DESPERDICIO
100
AcDbPolyline
 90
4
 70
1
 10
6.716
 20
-6.45
 10
6.964
 20
-6.45
 10
6.964
 20
-6.376
 10
6.716
 20
-6.376
  0
HATCH
  5
25E
330
17
100
AcDbEntity
  8
DESPERDICIO
 62
7
100
AcDbHatch
 10
0.0
 20
0.0
 30
0.0
210
0.0
220
0.0
230
1.0
  2
ANSI31
 70
0
 71
0
 91
1
 92
3
 72
0
 73
1
 93
4
 10
6.954000000000001
 20
-7.57
 10
6.964
 20
-7.57
 10
6.964
 20
-6.45
 10
6.954000000000001
 20
-6.45
 97
0
 75
1
 76
1
 52
0.0
 41
0.02
 77
0
 78
1
 53
45.0
 43
0.0
 44
0.0
 45
-0.0449012806
 46
0.0449012806
 79
0
 98
0
  0
LWPOLYLINE
  5
25F
330
17
100
AcDbEntity
  8
DESPERDICIO
100
AcDbPolyline
 90
4
 70
1
 10
6.954000000000001
 20
-7.57
 10
6.964
 20
-7.57
 10
6.964
 20
-6.45
 10
6.954000000000001
 20
-6.45
  0
LWPOLYLINE
  5
260
330
17
100
AcDbEntity
  8
BALDOSA
100
AcDbPolyline
 90
4
 70
1
 10
7.164000000000001
 20
-7.57
 10
7.760000000000001
 20
-7.57
 10
7.760000000000001
 20
-6.376
 10
7.164000000000001
 20
-6.376
  0
TEXT
  5
261
330
17
100
AcDbEntity
  8
TITULO
100
AcDbText
 10
7.462000000000001
 20
-6.316000000000001
 30
0.0
 40
0.06
  1
M-58
 72
1
 11
7.462000000000001
 21
-6.316000000000001
 31
0.0
100
AcDbText
 73
2
  0
HATCH
  5
262
330
17
100
AcDbEntity
  8
PIEZA
 62
3
100
AcDbHatch
 10
0.0
 20
0.0
 30
0.0
210
0.0
220
0.0
230
1.0
  2
SOLID
 70
1
 71
0
 91
1
 92
3
 72
0
 73
1
 93
4
 10
7.164000000000001
 20
-7.57
 10
7.760000000000001
 20
-7.57
 10
7.760000000000001
 20
-6.882000000000001
 10
7.164000000000001
 20
-6.882000000000001
 97
0
 75
1
 76
1
 98
0
  0
LWPOLYLINE
  5
263
330
17
100
AcDbEntity
  8
PIEZA
100
AcDbPolyline
 90
4
 70
1
 10
7.164000000000001
 20
-7.57
 10
7.760000000000001
 20
-7.57
 10
7.760000000000001
 20
-6.882000000000001
 10
7.164000000000001
 20
-6.882000000000001
  0
TEXT
  5
264
330
17
100
AcDbEntity
  8
PIEZA_TXT
100
AcDbText
 10
7.462000000000001
 20
-7.226
 30
0.0
 40
0.05
  1
0.60x0.69
 72
1
 11
7.462000000000001
 21
-7.226
 31
0.0
100
AcDbText
 73
2
  0
HATCH
  5
265
330
17
100
AcDbEntity
  8
PIEZA
 62
3
100
AcDbHatch
 10
0.0
 20
0.0
 30
0.0
210
0.0
220
0.0
230
1.0
  2
SOLID
 70
1
 71
0
 91
1
 92
3
 72
0
 73
1
 93
4
 10
7.164000000000001
 20
-6.882000000000001
 10
7.438000000000001
 20
-6.882000000000001
 10
7.438000000000001
 20
-6.4430000000000005
 10
7.164000000000001
 20
-6.4430000000000005
 97
0
 75
1
 76
1
 98
0
  0
LWPOLYLINE
  5
266
330
17
100
AcDbEntity
  8
PIEZA
100
AcDbPolyline
 90
4
 70
1
 10
7.164000000000001
 20
-6.882000000000001
 10
7.438000000000001
 20
-6.882000000000001
 10
7.438000000000001
 20
-6.4430000000000005
 10
7.164000000000001
 20
-6.4430000000000005
  0
TEXT
  5
267
330
17
100
AcDbEntity
  8
PIEZA_TXT
100
AcDbText
 10
7.301
 20
-6.6625000000000005
 30
0.0
 40
0.05
  1
0.27x0.44
 72
1
 11
7.301
 21
-6.6625000000000005
 31
0.0
100
AcDbText
 73
2
  0
HATCH
  5
268
330
17
100
AcDbEntity
  8
PIEZA
 62
3
100
AcDbHatch
 10
0.0
 20
0.0
 30
0.0
210
0.0
220
0.0
230
1.0
  2
SOLID
 70
1
 71
0
 91
1
 92
3
 72
0
 73
1
 93
4
 10
7.438000000000001
 20
-6.882000000000001
 10
7.742000000000001
 20
-6.882000000000001
 10
7.742000000000001
 20
-6.534000000000001
 10
7.438000000000001
 20
-6.534000000000001
 97
0
 75
1
 76
1
 98
0
  0
LWPOLYLINE
  5
269
330
17
100
AcDbEntity
  8
PIEZA
100
AcDbPolyline
 90
4
 70
1
 10
7.438000000000001
 20
-6.882000000000001
 10
7.742000000000001
 20
-6.882000000000001
 10
7.742000000000001
 20
-6.534000000000001
 10
7.438000000000001
 20
-6.534000000000001
  0
TEXT
  5
26A
330
17
100
AcDbEntity
  8
PIEZA_TXT
100
AcDbText
 10
7.590000000000001
 20
-6.708
 30
0.0
 40
0.05
  1
0.30x0.35
 72
1
 11
7.590000000000001
 21
-6.708
 31
0.0
100
AcDbText
 73
2
  0
HATCH
  5
26B
330
17
100
AcDbEntity
  8
DESPERDICIO
 62
7
100
AcDbHatch
 10
0.0
 20
0.0
 30
0.0
210
0.0
220
0.0
230
1.0
  2
ANSI31
 70
0
 71
0
 91
1
 92
3
 72
0
 73
1
 93
4
 10
7.164000000000001
 20
-6.4430000000000005
 10
7.438000000000001
 20
-6.4430000000000005
 10
7.438000000000001
 20
-6.376
 10
7.164000000000001
 20
-6.376
 97
0
 75
1
 76
1
 52
0.0
 41
0.02
 77
0
 78
1
 53
45.0
 43
0.0
 44
0.0
 45
-0.0449012806
 46
0.0449012806
 79
0
 98
0
  0
LWPOLYLINE
  5
26C
330
17
100
AcDbEntity
  8
DESPERDICIO
100
AcDbPolyline
 90
4
 70
1
 10
7.164000000000001
 20
-6.4430000000000005
 10
7.438000000000001
 20
-6.4430000000000005
 10
7.438000000000001
 20
-6.376
 10
7.164000000000001
 20
-6.376
  0
HATCH
  5
26D
330
17
100
AcDbEntity
  8
SOBRANTE
 62
2
100
AcDbHatch
 10
0.0
 20
0.0
 30
0.0
210
0.0
220
0.0
230
1.0
  2
SOLID
 70
1
 71
0
 91
1
 92
3
 72
0
 73
1
 93
4
 10
7.438000000000001
 20
-6.534000000000001
 10
7.760000000000001
 20
-6.534000000000001
 10
7.760000000000001
 20
-6.376
 10
7.438000000000001
 20
-6.376
 97
0
 75
1
 76
1
 98
0
  0
LWPOLYLINE
  5
26E
330
17
100
AcDbEntity
  8
SOBRANTE
100
AcDbPolyline
 90
4
 70
1
 10
7.438000000000001
 20
-6.534000000000001
 10
7.760000000000001
 20
-6.534000000000001
 10
7.760000000000001
 20
-6.376
 10
7.438000000000001
 20
-6.376
  0
TEXT
  5
26F
330
17
100
AcDbEntity
  8
PIEZA_TXT
100
AcDbText
 10
7.599
 20
-6.455000000000001
 30
0.0
 40
0.04
  1
sobra0.32x0.16
 72
1
 11
7.599
 21
-6.455000000000001
 31
0.0
100
AcDbText
 73
2
  0
HATCH
  5
270
330
17
100
AcDbEntity
  8
DESPERDICIO
 62
7
100
AcDbHatch
 10
0.0
 20
0.0
 30
0.0
210
0.0
220
0.0
230
1.0
  2
ANSI31
 70
0
 71
0
 91
1
 92
3
 72
0
 73
1
 93
4
 10
7.742000000000001
 20
-6.882000000000001
 10
7.760000000000001
 20
-6.882000000000001
 10
7.760000000000001
 20
-6.534000000000001
 10
7.742000000000001
 20
-6.534000000000001
 97
0
 75
1
 76
1
 52
0.0
 41
0.02
 77
0
 78
1
 53
45.0
 43
0.0
 44
0.0
 45
-0.0449012806
 46
0.0449012806
 79
0
 98
0
  0
LWPOLYLINE
  5
271
330
17
100
AcDbEntity
  8
DESPERDICIO
100
AcDbPolyline
 90
4
 70
1
 10
7.742000000000001
 20
-6.882000000000001
 10
7.760000000000001
 20
-6.882000000000001
 10
7.760000000000001
 20
-6.534000000000001
 10
7.742000000000001
 20
-6.534000000000001
  0
LWPOLYLINE
  5
272
330
17
100
AcDbEntity
  8
BALDOSA
100
AcDbPolyline
 90
4
 70
1
 10
7.960000000000001
 20
-7.57
 10
8.556000000000001
 20
-7.57
 10
8.556000000000001
 20
-6.376
 10
7.960000000000001
 20
-6.376
  0
TEXT
  5
273
330
17
100
AcDbEntity
  8
TITULO
100
AcDbText
 10
8.258000000000001
 20
-6.316000000000001
 30
0.0
 40
0.06
  1
M-59
 72
1
 11
8.258000000000001
 21
-6.316000000000001
 31
0.0
100
AcDbText
 73
2
  0
HATCH
  5
274
330
17
100
AcDbEntity
  8
PIEZA
 62
3
100
AcDbHatch
 10
0.0
 20
0.0
 30
0.0
210
0.0
220
0.0
230
1.0
  2
SOLID
 70
1
 71
0
 91
1
 92
3
 72
0
 73
1
 93
4
 10
7.960000000000001
 20
-7.57
 10
8.556000000000001
 20
-7.57
 10
8.556000000000001
 20
-6.882000000000001
 10
7.960000000000001
 20
-6.882000000000001
 97
0
 75
1
 76
1
 98
0
  0
LWPOLYLINE
  5
275
330
17
100
AcDbEntity
  8
PIEZA
100
AcDbPolyline
 90
4
 70
1
 10
7.960000000000001
 20
-7.57
 10
8.556000000000001
 20
-7.57
 10
8.556000000000001
 20
-6.882000000000001
 10
7.960000000000001
 20
-6.882000000000001
  0
TEXT
  5
276
330
17
100
AcDbEntity
  8
PIEZA_TXT
100
AcDbText
 10
8.258000000000001
 20
-7.226
 30
0.0
 40
0.05
  1
0.60x0.69
 72
1
 11
8.258000000000001
 21
-7.226
 31
0.0
100
AcDbText
 73
2
  0
HATCH
  5
277
330
17
100
AcDbEntity
  8
PIEZA
 62
3
100
AcDbHatch
 10
0.0
 20
0.0
 30
0.0
210
0.0
220
0.0
230
1.0
  2
SOLID
 70
1
 71
0
 91
1
 92
3
 72
0
 73
1
 93
4
 10
7.960000000000001
 20
-6.882000000000001
 10
8.110000000000001
 20
-6.882000000000001
 10
8.110000000000001
 20
-6.4110000000000005
 10
7.960000000000001
 20
-6.4110000000000005
 97
0
 75
1
 76
1
 98
0
  0
LWPOLYLINE
  5
278
330
17
100
AcDbEntity
  8
PIEZA
100
AcDbPolyline
 90
4
 70
1
 10
7.960000000000001
 20
-6.882000000000001
 10
8.110000000000001
 20
-6.882000000000001
 10
8.110000000000001
 20
-6.4110000000000005
 10
7.960000000000001
 20
-6.4110000000000005
  0
TEXT
  5
279
330
17
100
AcDbEntity
  8
PIEZA_TXT
100
AcDbText
 10
8.035
 20
-6.6465000000000005
 30
0.0
 40
0.0375
  1
0.15x0.47
 72
1
 11
8.035
 21
-6.6465000000000005
 31
0.0
100
AcDbText
 73
2
  0
HATCH
  5
27A
330
17
100
AcDbEntity
  8
PIEZA
 62
3
100
AcDbHatch
 10
0.0
 20
0.0
 30
0.0
210
0.0
220
0.0
230
1.0
  2
SOLID
 70
1
 71
0
 91
1
 92
3
 72
0
 73
1
 93
4
 10
8.110000000000001
 20
-6.882000000000001
 10
8.260000000000002
 20
-6.882000000000001
 10
8.260000000000002
 20
-6.4110000000000005
 10
8.110000000000001
 20
-6.4110000000000005
 97
0
 75
1
 76
1
 98
0
  0
LWPOLYLINE
  5
27B
330
17
100
AcDbEntity
  8
PIEZA
100
AcDbPolyline
 90
4
 70
1
 10
8.110000000000001
 20
-6.882000000000001
 10
8.260000000000002
 20
-6.882000000000001
 10
8.260000000000002
 20
-6.4110000000000005
 10
8.110000000000001
 20
-6.4110000000000005
  0
TEXT
  5
27C
330
17
100
AcDbEntity
  8
PIEZA_TXT
100
AcDbText
 10
8.185
 20
-6.6465000000000005
 30
0.0
 40
0.0375
  1
0.15x0.47
 72
1
 11
8.185
 21
-6.6465000000000005
 31
0.0
100
AcDbText
 73
2
  0
HATCH
  5
27D
330
17
100
AcDbEntity
  8
PIEZA
 62
3
100
AcDbHatch
 10
0.0
 20
0.0
 30
0.0
210
0.0
220
0.0
230
1.0
  2
SOLID
 70
1
 71
0
 91
1
 92
3
 72
0
 73
1
 93
4
 10
8.260000000000002
 20
-6.882000000000001
 10
8.396
 20
-6.882000000000001
 10
8.396
 20
-6.4110000000000005
 10
8.260000000000002
 20
-6.4110000000000005
 97
0
 75
1
 76
1
 98
0
  0
LWPOLYLINE
  5
27E
330
17
100
AcDbEntity
  8
PIEZA
100
AcDbPolyline
 90
4
 70
1
 10
8.260000000000002
 20
-6.882000000000001
 10
8.396
 20
-6.882000000000001
 10
8.396
 20
-6.4110000000000005
 10
8.260000000000002
 20
-6.4110000000000005
  0
TEXT
  5
27F
330
17
100
AcDbEntity
  8
PIEZA_TXT
100
AcDbText
 10
8.328000000000001
 20
-6.6465000000000005
 30
0.0
 40
0.034
  1
0.14x0.47
 72
1
 11
8.328000000000001
 21
-6.6465000000000005
 31
0.0
100
AcDbText
 73
2
  0
HATCH
  5
280
330
17
100
AcDbEntity
  8
PIEZA
 62
3
100
AcDbHatch
 10
0.0
 20
0.0
 30
0.0
210
0.0
220
0.0
230
1.0
  2
SOLID
 70
1
 71
0
 91
1
 92
3
 72
0
 73
1
 93
4
 10
8.396
 20
-6.882000000000001
 10
8.532
 20
-6.882000000000001
 10
8.532
 20
-6.4430000000000005
 10
8.396
 20
-6.4430000000000005
 97
0
 75
1
 76
1
 98
0
  0
LWPOLYLINE
  5
281
330
17
100
AcDbEntity
  8
PIEZA
100
AcDbPolyline
 90
4
 70
1
 10
8.396
 20
-6.882000000000001
 10
8.532
 20
-6.882000000000001
 10
8.532
 20
-6.4430000000000005
 10
8.396
 20
-6.4430000000000005
  0
TEXT
  5
282
330
17
100
AcDbEntity
  8
PIEZA_TXT
100
AcDbText
 10
8.464
 20
-6.6625000000000005
 30
0.0
 40
0.034
  1
0.14x0.44
 72
1
 11
8.464
 21
-6.6625000000000005
 31
0.0
100
AcDbText
 73
2
  0
HATCH
  5
283
330
17
100
AcDbEntity
  8
DESPERDICIO
 62
7
100
AcDbHatch
 10
0.0
 20
0.0
 30
0.0
210
0.0
220
0.0
230
1.0
  2
ANSI31
 70
0
 71
0
 91
1
 92
3
 72
0
 73
1
 93
4
 10
7.960000000000001
 20
-6.4110000000000005
 10
8.110000000000001
 20
-6.4110000000000005
 10
8.110000000000001
 20
-6.376
 10
7.960000000000001
 20
-6.376
 97
0
 75
1
 76
1
 52
0.0
 41
0.02
 77
0
 78
1
 53
45.0
 43
0.0
 44
0.0
 45
-0.0449012806
 46
0.0449012806
 79
0
 98
0
  0
LWPOLYLINE
  5
284
330
17
100
AcDbEntity
  8
DESPERDICIO
100
AcDbPolyline
 90
4
 70
1
 10
7.960000000000001
 20
-6.4110000000000005
 10
8.110000000000001
 20
-6.4110000000000005
 10
8.110000000000001
 20
-6.376
 10
7.960000000000001
 20
-6.376
  0
HATCH
  5
285
330
17
100
AcDbEntity
  8
DESPERDICIO
 62
7
100
AcDbHatch
 10
0.0
 20
0.0
 30
0.0
210
0.0
220
0.0
230
1.0
  2
ANSI31
 70
0
 71
0
 91
1
 92
3
 72
0
 73
1
 93
4
 10
8.110000000000001
 20
-6.4110000000000005
 10
8.260000000000002
 20
-6.4110000000000005
 10
8.260000000000002
 20
-6.376
 10
8.110000000000001
 20
-6.376
 97
0
 75
1
 76
1
 52
0.0
 41
0.02
 77
0
 78
1
 53
45.0
 43
0.0
 44
0.0
 45
-0.0449012806
 46
0.0449012806
 79
0
 98
0
  0
LWPOLYLINE
  5
286
330
17
100
AcDbEntity
  8
DESPERDICIO
100
AcDbPolyline
 90
4
 70
1
 10
8.110000000000001
 20
-6.4110000000000005
 10
8.260000000000002
 20
-6.4110000000000005
 10
8.260000000000002
 20
-6.376
 10
8.110000000000001
 20
-6.376
  0
HATCH
  5
287
330
17
100
AcDbEntity
  8
DESPERDICIO
 62
7
100
AcDbHatch
 10
0.0
 20
0.0
 30
0.0
210
0.0
220
0.0
230
1.0
  2
ANSI31
 70
0
 71
0
 91
1
 92
3
 72
0
 73
1
 93
4
 10
8.260000000000002
 20
-6.4110000000000005
 10
8.396
 20
-6.4110000000000005
 10
8.396
 20
-6.376
 10
8.260000000000002
 20
-6.376
 97
0
 75
1
 76
1
 52
0.0
 41
0.02
 77
0
 78
1
 53
45.0
 43
0.0
 44
0.0
 45
-0.0449012806
 46
0.0449012806
 79
0
 98
0
  0
LWPOLYLINE
  5
288
330
17
100
AcDbEntity
  8
DESPERDICIO
100
AcDbPolyline
 90
4
 70
1
 10
8.260000000000002
 20
-6.4110000000000005
 10
8.396
 20
-6.4110000000000005
 10
8.396
 20
-6.376
 10
8.260000000000002
 20
-6.376
  0
HATCH
  5
289
330
17
100
AcDbEntity
  8
DESPERDICIO
 62
7
100
AcDbHatch
 10
0.0
 20
0.0
 30
0.0
210
0.0
220
0.0
230
1.0
  2
ANSI31
 70
0
 71
0
 91
1
 92
3
 72
0
 73
1
 93
4
 10
8.532
 20
-6.882000000000001
 10
8.556
 20
-6.882000000000001
 10
8.556
 20
-6.376
 10
8.532
 20
-6.376
 97
0
 75
1
 76
1
 52
0.0
 41
0.02
 77
0
 78
1
 53
45.0
 43
0.0
 44
0.0
 45
-0.0449012806
 46
0.0449012806
 79
0
 98
0
  0
LWPOLYLINE
  5
28A
330
17
100
AcDbEntity
  8
DESPERDICIO
100
AcDbPolyline
 90
4
 70
1
 10
8.532
 20
-6.882000000000001
 10
8.556
 20
-6.882000000000001
 10
8.556
 20
-6.376
 10
8.532
 20
-6.376
  0
HATCH
  5
28B
330
17
100
AcDbEntity
  8
DESPERDICIO
 62
7
100
AcDbHatch
 10
0.0
 20
0.0
 30
0.0
210
0.0
220
0.0
230
1.0
  2
ANSI31
 70
0
 71
0
 91
1
 92
3
 72
0
 73
1
 93
4
 10
8.396
 20
-6.4430000000000005
 10
8.532
 20
-6.4430000000000005
 10
8.532
 20
-6.376
 10
8.396
 20
-6.376
 97
0
 75
1
 76
1
 52
0.0
 41
0.02
 77
0
 78
1
 53
45.0
 43
0.0
 44
0.0
 45
-0.0449012806
 46
0.0449012806
 79
0
 98
0
  0
LWPOLYLINE
  5
28C
330
17
100
AcDbEntity
  8
DESPERDICIO
100
AcDbPolyline
 90
4
 70
1
 10
8.396
 20
-6.4430000000000005
 10
8.532
 20
-6.4430000000000005
 10
8.532
 20
-6.376
 10
8.396
 20
-6.376
  0
LWPOLYLINE
  5
28D
330
17
100
AcDbEntity
  8
BALDOSA
100
AcDbPolyline
 90
4
 70
1
 10
8.756
 20
-7.57
 10
9.352
 20
-7.57
 10
9.352
 20
-6.376
 10
8.756
 20
-6.376
  0
TEXT
  5
28E
330
17
100
AcDbEntity
  8
TITULO
100
AcDbText
 10
9.054
 20
-6.316000000000001
 30
0.0
 40
0.06
  1
M-60
 72
1
 11
9.054
 21
-6.316000000000001
 31
0.0
100
AcDbText
 73
2
  0
HATCH
  5
28F
330
17
100
AcDbEntity
  8
PIEZA
 62
3
100
AcDbHatch
 10
0.0
 20
0.0
 30
0.0
210
0.0
220
0.0
230
1.0
  2
SOLID
 70
1
 71
0
 91
1
 92
3
 72
0
 73
1
 93
4
 10
8.756
 20
-7.57
 10
9.352
 20
-7.57
 10
9.352
 20
-6.882000000000001
 10
8.756
 20
-6.882000000000001
 97
0
 75
1
 76
1
 98
0
  0
LWPOLYLINE
  5
290
330
17
100
AcDbEntity
  8
PIEZA
100
AcDbPolyline
 90
4
 70
1
 10
8.756
 20
-7.57
 10
9.352
 20
-7.57
 10
9.352
 20
-6.882000000000001
 10
8.756
 20
-6.882000000000001
  0
TEXT
  5
291
330
17
100
AcDbEntity
  8
PIEZA_TXT
100
AcDbText
 10
9.054
 20
-7.226
 30
0.0
 40
0.05
  1
0.60x0.69
 72
1
 11
9.054
 21
-7.226
 31
0.0
100
AcDbText
 73
2
  0
HATCH
  5
292
330
17
100
AcDbEntity
  8
SOBRANTE
 62
2
100
AcDbHatch
 10
0.0
 20
0.0
 30
0.0
210
0.0
220
0.0
230
1.0
  2
SOLID
 70
1
 71
0
 91
1
 92
3
 72
0
 73
1
 93
4
 10
8.756
 20
-6.882000000000001
 10
9.352
 20
-6.882000000000001
 10
9.352
 20
-6.376
 10
8.756
 20
-6.376
 97
0
 75
1
 76
1
 98
0
  0
LWPOLYLINE
  5
293
330
17
100
AcDbEntity
  8
SOBRANTE
100
AcDbPolyline
 90
4
 70
1
 10
8.756
 20
-6.882000000000001
 10
9.352
 20
-6.882000000000001
 10
9.352
 20
-6.376
 10
8.756
 20
-6.376
  0
TEXT
  5
294
330
17
100
AcDbEntity
  8
PIEZA_TXT
100
AcDbText
 10
9.054
 20
-6.6290000000000004
 30
0.0
 40
0.04
  1
sobra0.60x0.51
 72
1
 11
9.054
 21
-6.6290000000000004
 31
0.0
100
AcDbText
 73
2
  0
LWPOLYLINE
  5
295
330
17
100
AcDbEntity
  8
BALDOSA
100
AcDbPolyline
 90
4
 70
1
 10
0.0
 20
-9.064
 10
0.596
 20
-9.064
 10
0.596
 20
-7.87
 10
0.0
 20
-7.87
  0
TEXT
  5
296
330
17
100
AcDbEntity
  8
TITULO
100
AcDbText
 10
0.298
 20
-7.8100000000000005
 30
0.0
 40
0.06
  1
M-61
 72
1
 11
0.298
 21
-7.8100000000000005
 31
0.0
100
AcDbText
 73
2
  0
HATCH
  5
297
330
17
100
AcDbEntity
  8
PIEZA
 62
3
100
AcDbHatch
 10
0.0
 20
0.0
 30
0.0
210
0.0
220
0.0
230
1.0
  2
SOLID
 70
1
 71
0
 91
1
 92
3
 72
0
 73
1
 93
4
 10
0.0
 20
-9.064
 10
0.596
 20
-9.064
 10
0.596
 20
-8.38
 10
0.0
 20
-8.38
 97
0
 75
1
 76
1
 98
0
  0
LWPOLYLINE
  5
298
330
17
100
AcDbEntity
  8
PIEZA
100
AcDbPolyline
 90
4
 70
1
 10
0.0
 20
-9.064
 10
0.596
 20
-9.064
 10
0.596
 20
-8.38
 10
0.0
 20
-8.38
  0
TEXT
  5
299
330
17
100
AcDbEntity
  8
PIEZA_TXT
100
AcDbText
 10
0.298
 20
-8.722
 30
0.0
 40
0.05
  1
0.60x0.68
 72
1
 11
0.298
 21
-8.722
 31
0.0
100
AcDbText
 73
2
  0
HATCH
  5
29A
330
17
100
AcDbEntity
  8
SOBRANTE
 62
2
100
AcDbHatch
 10
0.0
 20
0.0
 30
0.0
210
0.0
220
0.0
230
1.0
  2
SOLID
 70
1
 71
0
 91
1
 92
3
 72
0
 73
1
 93
4
 10
0.0
 20
-8.38
 10
0.596
 20
-8.38
 10
0.596
 20
-7.870000000000001
 10
0.0
 20
-7.870000000000001
 97
0
 75
1
 76
1
 98
0
  0
LWPOLYLINE
  5
29B
330
17
100
AcDbEntity
  8
SOBRANTE
100
AcDbPolyline
 90
4
 70
1
 10
0.0
 20
-8.38
 10
0.596
 20
-8.38
 10
0.596
 20
-7.870000000000001
 10
0.0
 20
-7.870000000000001
  0
TEXT
  5
29C
330
17
100
AcDbEntity
  8
PIEZA_TXT
100
AcDbText
 10
0.298
 20
-8.125
 30
0.0
 40
0.04
  1
sobra0.60x0.51
 72
1
 11
0.298
 21
-8.125
 31
0.0
100
AcDbText
 73
2
  0
LWPOLYLINE
  5
29D
330
17
100
AcDbEntity
  8
BALDOSA
100
AcDbPolyline
 90
4
 70
1
 10
0.796
 20
-9.064
 10
1.392
 20
-9.064
 10
1.392
 20
-7.87
 10
0.796
 20
-7.87
  0
TEXT
  5
29E
330
17
100
AcDbEntity
  8
TITULO
100
AcDbText
 10
1.094
 20
-7.8100000000000005
 30
0.0
 40
0.06
  1
M-62
 72
1
 11
1.094
 21
-7.8100000000000005
 31
0.0
100
AcDbText
 73
2
  0
HATCH
  5
29F
330
17
100
AcDbEntity
  8
PIEZA
 62
3
100
AcDbHatch
 10
0.0
 20
0.0
 30
0.0
210
0.0
220
0.0
230
1.0
  2
SOLID
 70
1
 71
0
 91
1
 92
3
 72
0
 73
1
 93
4
 10
0.796
 20
-9.064
 10
1.392
 20
-9.064
 10
1.392
 20
-8.38
 10
0.796
 20
-8.38
 97
0
 75
1
 76
1
 98
0
  0
LWPOLYLINE
  5
2A0
330
17
100
AcDbEntity
  8
PIEZA
100
AcDbPolyline
 90
4
 70
1
 10
0.796
 20
-9.064
 10
1.392
 20
-9.064
 10
1.392
 20
-8.38
 10
0.796
 20
-8.38
  0
TEXT
  5
2A1
330
17
100
AcDbEntity
  8
PIEZA_TXT
100
AcDbText
 10
1.094
 20
-8.722
 30
0.0
 40
0.05
  1
0.60x0.68
 72
1
 11
1.094
 21
-8.722
 31
0.0
100
AcDbText
 73
2
  0
HATCH
  5
2A2
330
17
100
AcDbEntity
  8
SOBRANTE
 62
2
100
AcDbHatch
 10
0.0
 20
0.0
 30
0.0
210
0.0
220
0.0
230
1.0
  2
SOLID
 70
1
 71
0
 91
1
 92
3
 72
0
 73
1
 93
4
 10
0.796
 20
-8.38
 10
1.392
 20
-8.38
 10
1.392
 20
-7.870000000000001
 10
0.796
 20
-7.870000000000001
 97
0
 75
1
 76
1
 98
0
  0
LWPOLYLINE
  5
2A3
330
17
100
AcDbEntity
  8
SOBRANTE
100
AcDbPolyline
 90
4
 70
1
 10
0.796
 20
-8.38
 10
1.392
 20
-8.38
 10
1.392
 20
-7.870000000000001
 10
0.796
 20
-7.870000000000001
  0
TEXT
  5
2A4
330
17
100
AcDbEntity
  8
PIEZA_TXT
100
AcDbText
 10
1.094
 20
-8.125
 30
0.0
 40
0.04
  1
sobra0.60x0.51
 72
1
 11
1.094
 21
-8.125
 31
0.0
100
AcDbText
 73
2
  0
LWPOLYLINE
  5
2A5
330
17
100
AcDbEntity
  8
BALDOSA
100
AcDbPolyline
 90
4
 70
1
 10
1.592
 20
-9.064
 10
2.188
 20
-9.064
 10
2.188
 20
-7.87
 10
1.592
 20
-7.87
  0
TEXT
  5
2A6
330
17
100
AcDbEntity
  8
TITULO
100
AcDbText
 10
1.8900000000000001
 20
-7.8100000000000005
 30
0.0
 40
0.06
  1
M-63
 72
1
 11
1.8900000000000001
 21
-7.8100000000000005
 31
0.0
100
AcDbText
 73
2
  0
HATCH
  5
2A7
330
17
100
AcDbEntity
  8
PIEZA
 62
3
100
AcDbHatch
 10
0.0
 20
0.0
 30
0.0
210
0.0
220
0.0
230
1.0
  2
SOLID
 70
1
 71
0
 91
1
 92
3
 72
0
 73
1
 93
4
 10
1.592
 20
-9.064
 10
2.181
 20
-9.064
 10
2.181
 20
-8.466
 10
1.592
 20
-8.466
 97
0
 75
1
 76
1
 98
0
  0
LWPOLYLINE
  5
2A8
330
17
100
AcDbEntity
  8
PIEZA
100
AcDbPolyline
 90
4
 70
1
 10
1.592
 20
-9.064
 10
2.181
 20
-9.064
 10
2.181
 20
-8.466
 10
1.592
 20
-8.466
  0
TEXT
  5
2A9
330
17
100
AcDbEntity
  8
PIEZA_TXT
100
AcDbText
 10
1.8865
 20
-8.765
 30
0.0
 40
0.05
  1
0.59x0.60
 72
1
 11
1.8865
 21
-8.765
 31
0.0
100
AcDbText
 73
2
  0
HATCH
  5
2AA
330
17
100
AcDbEntity
  8
PIEZA
 62
3
100
AcDbHatch
 10
0.0
 20
0.0
 30
0.0
210
0.0
220
0.0
230
1.0
  2
SOLID
 70
1
 71
0
 91
1
 92
3
 72
0
 73
1
 93
4
 10
1.592
 20
-8.466
 10
2.028
 20
-8.466
 10
2.028
 20
-7.9479999999999995
 10
1.592
 20
-7.9479999999999995
 97
0
 75
1
 76
1
 98
0
  0
LWPOLYLINE
  5
2AB
330
17
100
AcDbEntity
  8
PIEZA
100
AcDbPolyline
 90
4
 70
1
 10
1.592
 20
-8.466
 10
2.028
 20
-8.466
 10
2.028
 20
-7.9479999999999995
 10
1.592
 20
-7.9479999999999995
  0
TEXT
  5
2AC
330
17
100
AcDbEntity
  8
PIEZA_TXT
100
AcDbText
 10
1.81
 20
-8.206999999999999
 30
0.0
 40
0.05
  1
0.44x0.52
 72
1
 11
1.81
 21
-8.206999999999999
 31
0.0
100
AcDbText
 73
2
  0
HATCH
  5
2AD
330
17
100
AcDbEntity
  8
SOBRANTE
 62
2
100
AcDbHatch
 10
0.0
 20
0.0
 30
0.0
210
0.0
220
0.0
230
1.0
  2
SOLID
 70
1
 71
0
 91
1
 92
3
 72
0
 73
1
 93
4
 10
2.028
 20
-8.466
 10
2.188
 20
-8.466
 10
2.188
 20
-7.869999999999999
 10
2.028
 20
-7.869999999999999
 97
0
 75
1
 76
1
 98
0
  0
LWPOLYLINE
  5
2AE
330
17
100
AcDbEntity
  8
SOBRANTE
100
AcDbPolyline
 90
4
 70
1
 10
2.028
 20
-8.466
 10
2.188
 20
-8.466
 10
2.188
 20
-7.869999999999999
 10
2.028
 20
-7.869999999999999
  0
TEXT
  5
2AF
330
17
100
AcDbEntity
  8
PIEZA_TXT
100
AcDbText
 10
2.108
 20
-8.168
 30
0.0
 40
0.031999999999999994
  1
sobra0.16x0.60
 72
1
 11
2.108
 21
-8.168
 31
0.0
100
AcDbText
 73
2
  0
HATCH
  5
2B0
330
17
100
AcDbEntity
  8
DESPERDICIO
 62
7
100
AcDbHatch
 10
0.0
 20
0.0
 30
0.0
210
0.0
220
0.0
230
1.0
  2
ANSI31
 70
0
 71
0
 91
1
 92
3
 72
0
 73
1
 93
4
 10
1.592
 20
-7.948
 10
2.028
 20
-7.948
 10
2.028
 20
-7.87
 10
1.592
 20
-7.87
 97
0
 75
1
 76
1
 52
0.0
 41
0.02
 77
0
 78
1
 53
45.0
 43
0.0
 44
0.0
 45
-0.0449012806
 46
0.0449012806
 79
0
 98
0
  0
LWPOLYLINE
  5
2B1
330
17
100
AcDbEntity
  8
DESPERDICIO
100
AcDbPolyline
 90
4
 70
1
 10
1.592
 20
-7.948
 10
2.028
 20
-7.948
 10
2.028
 20
-7.87
 10
1.592
 20
-7.87
  0
LWPOLYLINE
  5
2B2
330
17
100
AcDbEntity
  8
BALDOSA
100
AcDbPolyline
 90
4
 70
1
 10
2.388
 20
-9.064
 10
2.984
 20
-9.064
 10
2.984
 20
-7.87
 10
2.388
 20
-7.87
  0
TEXT
  5
2B3
330
17
100
AcDbEntity
  8
TITULO
100
AcDbText
 10
2.686
 20
-7.8100000000000005
 30
0.0
 40
0.06
  1
M-64
 72
1
 11
2.686
 21
-7.8100000000000005
 31
0.0
100
AcDbText
 73
2
  0
HATCH
  5
2B4
330
17
100
AcDbEntity
  8
PIEZA
 62
3
100
AcDbHatch
 10
0.0
 20
0.0
 30
0.0
210
0.0
220
0.0
230
1.0
  2
SOLID
 70
1
 71
0
 91
1
 92
3
 72
0
 73
1
 93
4
 10
2.388
 20
-9.064
 10
2.6719999999999997
 20
-9.064
 10
2.6719999999999997
 20
-7.87
 10
2.388
 20
-7.87
 97
0
 75
1
 76
1
 98
0
  0
LWPOLYLINE
  5
2B5
330
17
100
AcDbEntity
  8
PIEZA
100
AcDbPolyline
 90
4
 70
1
 10
2.388
 20
-9.064
 10
2.6719999999999997
 20
-9.064
 10
2.6719999999999997
 20
-7.87
 10
2.388
 20
-7.87
  0
TEXT
  5
2B6
330
17
100
AcDbEntity
  8
PIEZA_TXT
100
AcDbText
 10
2.53
 20
-8.467
 30
0.0
 40
0.05
  1
0.28x1.19
 72
1
 11
2.53
 21
-8.467
 31
0.0
100
AcDbText
 73
2
  0
HATCH
  5
2B7
330
17
100
AcDbEntity
  8
PIEZA
 62
3
100
AcDbHatch
 10
0.0
 20
0.0
 30
0.0
210
0.0
220
0.0
230
1.0
  2
SOLID
 70
1
 71
0
 91
1
 92
3
 72
0
 73
1
 93
4
 10
2.6719999999999997
 20
-9.064
 10
2.9559999999999995
 20
-9.064
 10
2.9559999999999995
 20
-7.87
 10
2.6719999999999997
 20
-7.87
 97
0
 75
1
 76
1
 98
0
  0
LWPOLYLINE
  5
2B8
330
17
100
AcDbEntity
  8
PIEZA
100
AcDbPolyline
 90
4
 70
1
 10
2.6719999999999997
 20
-9.064
 10
2.9559999999999995
 20
-9.064
 10
2.9559999999999995
 20
-7.87
 10
2.6719999999999997
 20
-7.87
  0
TEXT
  5
2B9
330
17
100
AcDbEntity
  8
PIEZA_TXT
100
AcDbText
 10
2.8139999999999996
 20
-8.467
 30
0.0
 40
0.05
  1
0.28x1.19
 72
1
 11
2.8139999999999996
 21
-8.467
 31
0.0
100
AcDbText
 73
2
  0
HATCH
  5
2BA
330
17
100
AcDbEntity
  8
DESPERDICIO
 62
7
100
AcDbHatch
 10
0.0
 20
0.0
 30
0.0
210
0.0
220
0.0
230
1.0
  2
ANSI31
 70
0
 71
0
 91
1
 92
3
 72
0
 73
1
 93
4
 10
2.956
 20
-9.064
 10
2.984
 20
-9.064
 10
2.984
 20
-7.87
 10
2.956
 20
-7.87
 97
0
 75
1
 76
1
 52
0.0
 41
0.02
 77
0
 78
1
 53
45.0
 43
0.0
 44
0.0
 45
-0.0449012806
 46
0.0449012806
 79
0
 98
0
  0
LWPOLYLINE
  5
2BB
330
17
100
AcDbEntity
  8
DESPERDICIO
100
AcDbPolyline
 90
4
 70
1
 10
2.956
 20
-9.064
 10
2.984
 20
-9.064
 10
2.984
 20
-7.87
 10
2.956
 20
-7.87
  0
LWPOLYLINE
  5
2BC
330
17
100
AcDbEntity
  8
BALDOSA
100
AcDbPolyline
 90
4
 70
1
 10
3.184
 20
-9.064
 10
3.7800000000000002
 20
-9.064
 10
3.7800000000000002
 20
-7.87
 10
3.184
 20
-7.87
  0
TEXT
  5
2BD
330
17
100
AcDbEntity
  8
TITULO
100
AcDbText
 10
3.482
 20
-7.8100000000000005
 30
0.0
 40
0.06
  1
M-65
 72
1
 11
3.482
 21
-7.8100000000000005
 31
0.0
100
AcDbText
 73
2
  0
HATCH
  5
2BE
330
17
100
AcDbEntity
  8
PIEZA
 62
3
100
AcDbHatch
 10
0.0
 20
0.0
 30
0.0
210
0.0
220
0.0
230
1.0
  2
SOLID
 70
1
 71
0
 91
1
 92
3
 72
0
 73
1
 93
4
 10
3.184
 20
-9.064
 10
3.7112000000000003
 20
-9.064
 10
3.7112000000000003
 20
-8.466
 10
3.184
 20
-8.466
 97
0
 75
1
 76
1
 98
0
  0
LWPOLYLINE
  5
2BF
330
17
100
AcDbEntity
  8
PIEZA
100
AcDbPolyline
 90
4
 70
1
 10
3.184
 20
-9.064
 10
3.7112000000000003
 20
-9.064
 10
3.7112000000000003
 20
-8.466
 10
3.184
 20
-8.466
  0
TEXT
  5
2C0
330
17
100
AcDbEntity
  8
PIEZA_TXT
100
AcDbText
 10
3.4476
 20
-8.765
 30
0.0
 40
0.05
  1
0.53x0.60
 72
1
 11
3.4476
 21
-8.765
 31
0.0
100
AcDbText
 73
2
  0
HATCH
  5
2C1
330
17
100
AcDbEntity
  8
PIEZA
 62
3
100
AcDbHatch
 10
0.0
 20
0.0
 30
0.0
210
0.0
220
0.0
230
1.0
  2
SOLID
 70
1
 71
0
 91
1
 92
3
 72
0
 73
1
 93
4
 10
3.184
 20
-8.466
 10
3.5140000000000002
 20
-8.466
 10
3.5140000000000002
 20
-7.876999999999999
 10
3.184
 20
-7.876999999999999
 97
0
 75
1
 76
1
 98
0
  0
LWPOLYLINE
  5
2C2
330
17
100
AcDbEntity
  8
PIEZA
100
AcDbPolyline
 90
4
 70
1
 10
3.184
 20
-8.466
 10
3.5140000000000002
 20
-8.466
 10
3.5140000000000002
 20
-7.876999999999999
 10
3.184
 20
-7.876999999999999
  0
TEXT
  5
2C3
330
17
100
AcDbEntity
  8
PIEZA_TXT
100
AcDbText
 10
3.349
 20
-8.1715
 30
0.0
 40
0.05
  1
0.33x0.59
 72
1
 11
3.349
 21
-8.1715
 31
0.0
100
AcDbText
 73
2
  0
HATCH
  5
2C4
330
17
100
AcDbEntity
  8
DESPERDICIO
 62
7
100
AcDbHatch
 10
0.0
 20
0.0
 30
0.0
210
0.0
220
0.0
230
1.0
  2
ANSI31
 70
0
 71
0
 91
1
 92
3
 72
0
 73
1
 93
4
 10
3.7112000000000003
 20
-9.064
 10
3.7800000000000002
 20
-9.064
 10
3.7800000000000002
 20
-8.466
 10
3.7112000000000003
 20
-8.466
 97
0
 75
1
 76
1
 52
0.0
 41
0.02
 77
0
 78
1
 53
45.0
 43
0.0
 44
0.0
 45
-0.0449012806
 46
0.0449012806
 79
0
 98
0
  0
LWPOLYLINE
  5
2C5
330
17
100
AcDbEntity
  8
DESPERDICIO
100
AcDbPolyline
 90
4
 70
1
 10
3.7112000000000003
 20
-9.064
 10
3.7800000000000002
 20
-9.064
 10
3.7800000000000002
 20
-8.466
 10
3.7112000000000003
 20
-8.466
  0
HATCH
  5
2C6
330
17
100
AcDbEntity
  8
SOBRANTE
 62
2
100
AcDbHatch
 10
0.0
 20
0.0
 30
0.0
210
0.0
220
0.0
230
1.0
  2
SOLID
 70
1
 71
0
 91
1
 92
3
 72
0
 73
1
 93
4
 10
3.5140000000000002
 20
-8.466
 10
3.7800000000000002
 20
-8.466
 10
3.7800000000000002
 20
-7.869999999999999
 10
3.5140000000000002
 20
-7.869999999999999
 97
0
 75
1
 76
1
 98
0
  0
LWPOLYLINE
  5
2C7
330
17
100
AcDbEntity
  8
SOBRANTE
100
AcDbPolyline
 90
4
 70
1
 10
3.5140000000000002
 20
-8.466
 10
3.7800000000000002
 20
-8.466
 10
3.7800000000000002
 20
-7.869999999999999
 10
3.5140000000000002
 20
-7.869999999999999
  0
TEXT
  5
2C8
330
17
100
AcDbEntity
  8
PIEZA_TXT
100
AcDbText
 10
3.6470000000000002
 20
-8.168
 30
0.0
 40
0.04
  1
sobra0.27x0.60
 72
1
 11
3.6470000000000002
 21
-8.168
 31
0.0
100
AcDbText
 73
2
  0
LWPOLYLINE
  5
2C9
330
17
100
AcDbEntity
  8
BALDOSA
100
AcDbPolyline
 90
4
 70
1
 10
3.9800000000000004
 20
-9.064
 10
4.5760000000000005
 20
-9.064
 10
4.5760000000000005
 20
-7.87
 10
3.9800000000000004
 20
-7.87
  0
TEXT
  5
2CA
330
17
100
AcDbEntity
  8
TITULO
100
AcDbText
 10
4.2780000000000005
 20
-7.8100000000000005
 30
0.0
 40
0.06
  1
M-66
 72
1
 11
4.2780000000000005
 21
-7.8100000000000005
 31
0.0
100
AcDbText
 73
2
  0
HATCH
  5
2CB
330
17
100
AcDbEntity
  8
PIEZA
 62
3
100
AcDbHatch
 10
0.0
 20
0.0
 30
0.0
210
0.0
220
0.0
230
1.0
  2
SOLID
 70
1
 71
0
 91
1
 92
3
 72
0
 73
1
 93
4
 10
3.9800000000000004
 20
-9.064
 10
4.25
 20
-9.064
 10
4.25
 20
-7.914
 10
3.9800000000000004
 20
-7.914
 97
0
 75
1
 76
1
 98
0
  0
LWPOLYLINE
  5
2CC
330
17
100
AcDbEntity
  8
PIEZA
100
AcDbPolyline
 90
4
 70
1
 10
3.9800000000000004
 20
-9.064
 10
4.25
 20
-9.064
 10
4.25
 20
-7.914
 10
3.9800000000000004
 20
-7.914
  0
TEXT
  5
2CD
330
17
100
AcDbEntity
  8
PIEZA_TXT
100
AcDbText
 10
4.115
 20
-8.489
 30
0.0
 40
0.05
  1
0.27x1.15
 72
1
 11
4.115
 21
-8.489
 31
0.0
100
AcDbText
 73
2
  0
HATCH
  5
2CE
330
17
100
AcDbEntity
  8
PIEZA
 62
3
100
AcDbHatch
 10
0.0
 20
0.0
 30
0.0
210
0.0
220
0.0
230
1.0
  2
SOLID
 70
1
 71
0
 91
1
 92
3
 72
0
 73
1
 93
4
 10
4.25
 20
-9.064
 10
4.52
 20
-9.064
 10
4.52
 20
-7.914
 10
4.25
 20
-7.914
 97
0
 75
1
 76
1
 98
0
  0
LWPOLYLINE
  5
2CF
330
17
100
AcDbEntity
  8
PIEZA
100
AcDbPolyline
 90
4
 70
1
 10
4.25
 20
-9.064
 10
4.52
 20
-9.064
 10
4.52
 20
-7.914
 10
4.25
 20
-7.914
  0
TEXT
  5
2D0
330
17
100
AcDbEntity
  8
PIEZA_TXT
100
AcDbText
 10
4.385
 20
-8.489
 30
0.0
 40
0.05
  1
0.27x1.15
 72
1
 11
4.385
 21
-8.489
 31
0.0
100
AcDbText
 73
2
  0
HATCH
  5
2D1
330
17
100
AcDbEntity
  8
PIEZA
 62
3
100
AcDbHatch
 10
0.0
 20
0.0
 30
0.0
210
0.0
220
0.0
230
1.0
  2
SOLID
 70
1
 71
0
 91
1
 92
3
 72
0
 73
1
 93
4
 10
4.5200000000000005
 20
-9.064
 10
4.559500000000001
 20
-9.064
 10
4.559500000000001
 20
-7.953
 10
4.5200000000000005
 20
-7.953
 97
0
 75
1
 76
1
 98
0
  0
LWPOLYLINE
  5
2D2
330
17
100
AcDbEntity
  8
PIEZA
100
AcDbPolyline
 90
4
 70
1
 10
4.5200000000000005
 20
-9.064
 10
4.559500000000001
 20
-9.064
 10
4.559500000000001
 20
-7.953
 10
4.5200000000000005
 20
-7.953
  0
TEXT
  5
2D3
330
17
100
AcDbEntity
  8
PIEZA_TXT
100
AcDbText
 10
4.539750000000001
 20
-8.5085
 30
0.0
 40
0.009875
  1
0.04x1.11
 72
1
 11
4.539750000000001
 21
-8.5085
 31
0.0
100
AcDbText
 73
2
  0
HATCH
  5
2D4
330
17
100
AcDbEntity
  8
DESPERDICIO
 62
7
100
AcDbHatch
 10
0.0
 20
0.0
 30
0.0
210
0.0
220
0.0
230
1.0
  2
ANSI31
 70
0
 71
0
 91
1
 92
3
 72
0
 73
1
 93
4
 10
3.9800000000000004
 20
-7.914
 10
4.25
 20
-7.914
 10
4.25
 20
-7.869999999999999
 10
3.9800000000000004
 20
-7.869999999999999
 97
0
 75
1
 76
1
 52
0.0
 41
0.02
 77
0
 78
1
 53
45.0
 43
0.0
 44
0.0
 45
-0.0449012806
 46
0.0449012806
 79
0
 98
0
  0
LWPOLYLINE
  5
2D5
330
17
100
AcDbEntity
  8
DESPERDICIO
100
AcDbPolyline
 90
4
 70
1
 10
3.9800000000000004
 20
-7.914
 10
4.25
 20
-7.914
 10
4.25
 20
-7.869999999999999
 10
3.9800000000000004
 20
-7.869999999999999
  0
HATCH
  5
2D6
330
17
100
AcDbEntity
  8
DESPERDICIO
 62
7
100
AcDbHatch
 10
0.0
 20
0.0
 30
0.0
210
0.0
220
0.0
230
1.0
  2
ANSI31
 70
0
 71
0
 91
1
 92
3
 72
0
 73
1
 93
4
 10
4.25
 20
-7.914
 10
4.52
 20
-7.914
 10
4.52
 20
-7.869999999999999
 10
4.25
 20
-7.869999999999999
 97
0
 75
1
 76
1
 52
0.0
 41
0.02
 77
0
 78
1
 53
45.0
 43
0.0
 44
0.0
 45
-0.0449012806
 46
0.0449012806
 79
0
 98
0
  0
LWPOLYLINE
  5
2D7
330
17
100
AcDbEntity
  8
DESPERDICIO
100
AcDbPolyline
 90
4
 70
1
 10
4.25
 20
-7.914
 10
4.52
 20
-7.914
 10
4.52
 20
-7.869999999999999
 10
4.25
 20
-7.869999999999999
  0
HATCH
  5
2D8
330
17
100
AcDbEntity
  8
DESPERDICIO
 62
7
100
AcDbHatch
 10
0.0
 20
0.0
 30
0.0
210
0.0
220
0.0
230
1.0
  2
ANSI31
 70
0
 71
0
 91
1
 92
3
 72
0
 73
1
 93
4
 10
4.559500000000001
 20
-9.064
 10
4.5760000000000005
 20
-9.064
 10
4.5760000000000005
 20
-7.87
 10
4.559500000000001
 20
-7.87
 97
0
 75
1
 76
1
 52
0.0
 41
0.02
 77
0
 78
1
 53
45.0
 43
0.0
 44
0.0
 45
-0.0449012806
 46
0.0449012806
 79
0
 98
0
  0
LWPOLYLINE
  5
2D9
330
17
100
AcDbEntity
  8
DESPERDICIO
100
AcDbPolyline
 90
4
 70
1
 10
4.559500000000001
 20
-9.064
 10
4.5760000000000005
 20
-9.064
 10
4.5760000000000005
 20
-7.87
 10
4.559500000000001
 20
-7.87
  0
HATCH
  5
2DA
330
17
100
AcDbEntity
  8
DESPERDICIO
 62
7
100
AcDbHatch
 10
0.0
 20
0.0
 30
0.0
210
0.0
220
0.0
230
1.0
  2
ANSI31
 70
0
 71
0
 91
1
 92
3
 72
0
 73
1
 93
4
 10
4.5200000000000005
 20
-7.953
 10
4.559500000000001
 20
-7.953
 10
4.559500000000001
 20
-7.87
 10
4.5200000000000005
 20
-7.87
 97
0
 75
1
 76
1
 52
0.0
 41
0.02
 77
0
 78
1
 53
45.0
 43
0.0
 44
0.0
 45
-0.0449012806
 46
0.0449012806
 79
0
 98
0
  0
LWPOLYLINE
  5
2DB
330
17
100
AcDbEntity
  8
DESPERDICIO
100
AcDbPolyline
 90
4
 70
1
 10
4.5200000000000005
 20
-7.953
 10
4.559500000000001
 20
-7.953
 10
4.559500000000001
 20
-7.87
 10
4.5200000000000005
 20
-7.87
  0
LWPOLYLINE
  5
2DC
330
17
100
AcDbEntity
  8
BALDOSA
100
AcDbPolyline
 90
4
 70
1
 10
4.776
 20
-9.064
 10
5.372
 20
-9.064
 10
5.372
 20
-7.87
 10
4.776
 20
-7.87
  0
TEXT
  5
2DD
330
17
100
AcDbEntity
  8
TITULO
100
AcDbText
 10
5.074
 20
-7.8100000000000005
 30
0.0
 40
0.06
  1
M-67
 72
1
 11
5.074
 21
-7.8100000000000005
 31
0.0
100
AcDbText
 73
2
  0
HATCH
  5
2DE
330
17
100
AcDbEntity
  8
PIEZA
 62
3
100
AcDbHatch
 10
0.0
 20
0.0
 30
0.0
210
0.0
220
0.0
230
1.0
  2
SOLID
 70
1
 71
0
 91
1
 92
3
 72
0
 73
1
 93
4
 10
4.776
 20
-9.064
 10
5.045999999999999
 20
-9.064
 10
5.045999999999999
 20
-7.914
 10
4.776
 20
-7.914
 97
0
 75
1
 76
1
 98
0
  0
LWPOLYLINE
  5
2DF
330
17
100
AcDbEntity
  8
PIEZA
100
AcDbPolyline
 90
4
 70
1
 10
4.776
 20
-9.064
 10
5.045999999999999
 20
-9.064
 10
5.045999999999999
 20
-7.914
 10
4.776
 20
-7.914
  0
TEXT
  5
2E0
330
17
100
AcDbEntity
  8
PIEZA_TXT
100
AcDbText
 10
4.911
 20
-8.489
 30
0.0
 40
0.05
  1
0.27x1.15
 72
1
 11
4.911
 21
-8.489
 31
0.0
100
AcDbText
 73
2
  0
HATCH
  5
2E1
330
17
100
AcDbEntity
  8
PIEZA
 62
3
100
AcDbHatch
 10
0.0
 20
0.0
 30
0.0
210
0.0
220
0.0
230
1.0
  2
SOLID
 70
1
 71
0
 91
1
 92
3
 72
0
 73
1
 93
4
 10
5.045999999999999
 20
-9.064
 10
5.315999999999999
 20
-9.064
 10
5.315999999999999
 20
-7.914
 10
5.045999999999999
 20
-7.914
 97
0
 75
1
 76
1
 98
0
  0
LWPOLYLINE
  5
2E2
330
17
100
AcDbEntity
  8
PIEZA
100
AcDbPolyline
 90
4
 70
1
 10
5.045999999999999
 20
-9.064
 10
5.315999999999999
 20
-9.064
 10
5.315999999999999
 20
-7.914
 10
5.045999999999999
 20
-7.914
  0
TEXT
  5
2E3
330
17
100
AcDbEntity
  8
PIEZA_TXT
100
AcDbText
 10
5.180999999999999
 20
-8.489
 30
0.0
 40
0.05
  1
0.27x1.15
 72
1
 11
5.180999999999999
 21
-8.489
 31
0.0
100
AcDbText
 73
2
  0
HATCH
  5
2E4
330
17
100
AcDbEntity
  8
DESPERDICIO
 62
7
100
AcDbHatch
 10
0.0
 20
0.0
 30
0.0
210
0.0
220
0.0
230
1.0
  2
ANSI31
 70
0
 71
0
 91
1
 92
3
 72
0
 73
1
 93
4
 10
4.776
 20
-7.914
 10
5.045999999999999
 20
-7.914
 10
5.045999999999999
 20
-7.869999999999999
 10
4.776
 20
-7.869999999999999
 97
0
 75
1
 76
1
 52
0.0
 41
0.02
 77
0
 78
1
 53
45.0
 43
0.0
 44
0.0
 45
-0.0449012806
 46
0.0449012806
 79
0
 98
0
  0
LWPOLYLINE
  5
2E5
330
17
100
AcDbEntity
  8
DESPERDICIO
100
AcDbPolyline
 90
4
 70
1
 10
4.776
 20
-7.914
 10
5.045999999999999
 20
-7.914
 10
5.045999999999999
 20
-7.869999999999999
 10
4.776
 20
-7.869999999999999
  0
HATCH
  5
2E6
330
17
100
AcDbEntity
  8
DESPERDICIO
 62
7
100
AcDbHatch
 10
0.0
 20
0.0
 30
0.0
210
0.0
220
0.0
230
1.0
  2
ANSI31
 70
0
 71
0
 91
1
 92
3
 72
0
 73
1
 93
4
 10
5.316
 20
-9.064
 10
5.372
 20
-9.064
 10
5.372
 20
-7.87
 10
5.316
 20
-7.87
 97
0
 75
1
 76
1
 52
0.0
 41
0.02
 77
0
 78
1
 53
45.0
 43
0.0
 44
0.0
 45
-0.0449012806
 46
0.0449012806
 79
0
 98
0
  0
LWPOLYLINE
  5
2E7
330
17
100
AcDbEntity
  8
DESPERDICIO
100
AcDbPolyline
 90
4
 70
1
 10
5.316
 20
-9.064
 10
5.372
 20
-9.064
 10
5.372
 20
-7.87
 10
5.316
 20
-7.87
  0
HATCH
  5
2E8
330
17
100
AcDbEntity
  8
DESPERDICIO
 62
7
100
AcDbHatch
 10
0.0
 20
0.0
 30
0.0
210
0.0
220
0.0
230
1.0
  2
ANSI31
 70
0
 71
0
 91
1
 92
3
 72
0
 73
1
 93
4
 10
5.045999999999999
 20
-7.914
 10
5.315999999999999
 20
-7.914
 10
5.315999999999999
 20
-7.869999999999999
 10
5.045999999999999
 20
-7.869999999999999
 97
0
 75
1
 76
1
 52
0.0
 41
0.02
 77
0
 78
1
 53
45.0
 43
0.0
 44
0.0
 45
-0.0449012806
 46
0.0449012806
 79
0
 98
0
  0
LWPOLYLINE
  5
2E9
330
17
100
AcDbEntity
  8
DESPERDICIO
100
AcDbPolyline
 90
4
 70
1
 10
5.045999999999999
 20
-7.914
 10
5.315999999999999
 20
-7.914
 10
5.315999999999999
 20
-7.869999999999999
 10
5.045999999999999
 20
-7.869999999999999
  0
LWPOLYLINE
  5
2EA
330
17
100
AcDbEntity
  8
BALDOSA
100
AcDbPolyline
 90
4
 70
1
 10
5.572
 20
-9.064
 10
6.168
 20
-9.064
 10
6.168
 20
-7.87
 10
5.572
 20
-7.87
  0
TEXT
  5
2EB
330
17
100
AcDbEntity
  8
TITULO
100
AcDbText
 10
5.87
 20
-7.8100000000000005
 30
0.0
 40
0.06
  1
M-68
 72
1
 11
5.87
 21
-7.8100000000000005
 31
0.0
100
AcDbText
 73
2
  0
HATCH
  5
2EC
330
17
100
AcDbEntity
  8
PIEZA
 62
3
100
AcDbHatch
 10
0.0
 20
0.0
 30
0.0
210
0.0
220
0.0
230
1.0
  2
SOLID
 70
1
 71
0
 91
1
 92
3
 72
0
 73
1
 93
4
 10
5.572
 20
-9.064
 10
5.8420000000000005
 20
-9.064
 10
5.8420000000000005
 20
-7.914
 10
5.572
 20
-7.914
 97
0
 75
1
 76
1
 98
0
  0
LWPOLYLINE
  5
2ED
330
17
100
AcDbEntity
  8
PIEZA
100
AcDbPolyline
 90
4
 70
1
 10
5.572
 20
-9.064
 10
5.8420000000000005
 20
-9.064
 10
5.8420000000000005
 20
-7.914
 10
5.572
 20
-7.914
  0
TEXT
  5
2EE
330
17
100
AcDbEntity
  8
PIEZA_TXT
100
AcDbText
 10
5.707
 20
-8.489
 30
0.0
 40
0.05
  1
0.27x1.15
 72
1
 11
5.707
 21
-8.489
 31
0.0
100
AcDbText
 73
2
  0
HATCH
  5
2EF
330
17
100
AcDbEntity
  8
PIEZA
 62
3
100
AcDbHatch
 10
0.0
 20
0.0
 30
0.0
210
0.0
220
0.0
230
1.0
  2
SOLID
 70
1
 71
0
 91
1
 92
3
 72
0
 73
1
 93
4
 10
5.8420000000000005
 20
-9.064
 10
6.112
 20
-9.064
 10
6.112
 20
-7.914
 10
5.8420000000000005
 20
-7.914
 97
0
 75
1
 76
1
 98
0
  0
LWPOLYLINE
  5
2F0
330
17
100
AcDbEntity
  8
PIEZA
100
AcDbPolyline
 90
4
 70
1
 10
5.8420000000000005
 20
-9.064
 10
6.112
 20
-9.064
 10
6.112
 20
-7.914
 10
5.8420000000000005
 20
-7.914
  0
TEXT
  5
2F1
330
17
100
AcDbEntity
  8
PIEZA_TXT
100
AcDbText
 10
5.977
 20
-8.489
 30
0.0
 40
0.05
  1
0.27x1.15
 72
1
 11
5.977
 21
-8.489
 31
0.0
100
AcDbText
 73
2
  0
HATCH
  5
2F2
330
17
100
AcDbEntity
  8
DESPERDICIO
 62
7
100
AcDbHatch
 10
0.0
 20
0.0
 30
0.0
210
0.0
220
0.0
230
1.0
  2
ANSI31
 70
0
 71
0
 91
1
 92
3
 72
0
 73
1
 93
4
 10
5.572
 20
-7.914
 10
5.8420000000000005
 20
-7.914
 10
5.8420000000000005
 20
-7.869999999999999
 10
5.572
 20
-7.869999999999999
 97
0
 75
1
 76
1
 52
0.0
 41
0.02
 77
0
 78
1
 53
45.0
 43
0.0
 44
0.0
 45
-0.0449012806
 46
0.0449012806
 79
0
 98
0
  0
LWPOLYLINE
  5
2F3
330
17
100
AcDbEntity
  8
DESPERDICIO
100
AcDbPolyline
 90
4
 70
1
 10
5.572
 20
-7.914
 10
5.8420000000000005
 20
-7.914
 10
5.8420000000000005
 20
-7.869999999999999
 10
5.572
 20
-7.869999999999999
  0
HATCH
  5
2F4
330
17
100
AcDbEntity
  8
DESPERDICIO
 62
7
100
AcDbHatch
 10
0.0
 20
0.0
 30
0.0
210
0.0
220
0.0
230
1.0
  2
ANSI31
 70
0
 71
0
 91
1
 92
3
 72
0
 73
1
 93
4
 10
6.112
 20
-9.064
 10
6.168
 20
-9.064
 10
6.168
 20
-7.87
 10
6.112
 20
-7.87
 97
0
 75
1
 76
1
 52
0.0
 41
0.02
 77
0
 78
1
 53
45.0
 43
0.0
 44
0.0
 45
-0.0449012806
 46
0.0449012806
 79
0
 98
0
  0
LWPOLYLINE
  5
2F5
330
17
100
AcDbEntity
  8
DESPERDICIO
100
AcDbPolyline
 90
4
 70
1
 10
6.112
 20
-9.064
 10
6.168
 20
-9.064
 10
6.168
 20
-7.87
 10
6.112
 20
-7.87
  0
HATCH
  5
2F6
330
17
100
AcDbEntity
  8
DESPERDICIO
 62
7
100
AcDbHatch
 10
0.0
 20
0.0
 30
0.0
210
0.0
220
0.0
230
1.0
  2
ANSI31
 70
0
 71
0
 91
1
 92
3
 72
0
 73
1
 93
4
 10
5.8420000000000005
 20
-7.914
 10
6.112
 20
-7.914
 10
6.112
 20
-7.869999999999999
 10
5.8420000000000005
 20
-7.869999999999999
 97
0
 75
1
 76
1
 52
0.0
 41
0.02
 77
0
 78
1
 53
45.0
 43
0.0
 44
0.0
 45
-0.0449012806
 46
0.0449012806
 79
0
 98
0
  0
LWPOLYLINE
  5
2F7
330
17
100
AcDbEntity
  8
DESPERDICIO
100
AcDbPolyline
 90
4
 70
1
 10
5.8420000000000005
 20
-7.914
 10
6.112
 20
-7.914
 10
6.112
 20
-7.869999999999999
 10
5.8420000000000005
 20
-7.869999999999999
  0
LWPOLYLINE
  5
2F8
330
17
100
AcDbEntity
  8
BALDOSA
100
AcDbPolyline
 90
4
 70
1
 10
6.368
 20
-9.064
 10
6.964
 20
-9.064
 10
6.964
 20
-7.87
 10
6.368
 20
-7.87
  0
TEXT
  5
2F9
330
17
100
AcDbEntity
  8
TITULO
100
AcDbText
 10
6.666
 20
-7.8100000000000005
 30
0.0
 40
0.06
  1
M-69
 72
1
 11
6.666
 21
-7.8100000000000005
 31
0.0
100
AcDbText
 73
2
  0
HATCH
  5
2FA
330
17
100
AcDbEntity
  8
PIEZA
 62
3
100
AcDbHatch
 10
0.0
 20
0.0
 30
0.0
210
0.0
220
0.0
230
1.0
  2
SOLID
 70
1
 71
0
 91
1
 92
3
 72
0
 73
1
 93
4
 10
6.368
 20
-9.064
 10
6.638
 20
-9.064
 10
6.638
 20
-7.914
 10
6.368
 20
-7.914
 97
0
 75
1
 76
1
 98
0
  0
LWPOLYLINE
  5
2FB
330
17
100
AcDbEntity
  8
PIEZA
100
AcDbPolyline
 90
4
 70
1
 10
6.368
 20
-9.064
 10
6.638
 20
-9.064
 10
6.638
 20
-7.914
 10
6.368
 20
-7.914
  0
TEXT
  5
2FC
330
17
100
AcDbEntity
  8
PIEZA_TXT
100
AcDbText
 10
6.503
 20
-8.489
 30
0.0
 40
0.05
  1
0.27x1.15
 72
1
 11
6.503
 21
-8.489
 31
0.0
100
AcDbText
 73
2
  0
HATCH
  5
2FD
330
17
100
AcDbEntity
  8
PIEZA
 62
3
100
AcDbHatch
 10
0.0
 20
0.0
 30
0.0
210
0.0
220
0.0
230
1.0
  2
SOLID
 70
1
 71
0
 91
1
 92
3
 72
0
 73
1
 93
4
 10
6.638
 20
-9.064
 10
6.9079999999999995
 20
-9.064
 10
6.9079999999999995
 20
-7.914
 10
6.638
 20
-7.914
 97
0
 75
1
 76
1
 98
0
  0
LWPOLYLINE
  5
2FE
330
17
100
AcDbEntity
  8
PIEZA
100
AcDbPolyline
 90
4
 70
1
 10
6.638
 20
-9.064
 10
6.9079999999999995
 20
-9.064
 10
6.9079999999999995
 20
-7.914
 10
6.638
 20
-7.914
  0
TEXT
  5
2FF
330
17
100
AcDbEntity
  8
PIEZA_TXT
100
AcDbText
 10
6.773
 20
-8.489
 30
0.0
 40
0.05
  1
0.27x1.15
 72
1
 11
6.773
 21
-8.489
 31
0.0
100
AcDbText
 73
2
  0
HATCH
  5
300
330
17
100
AcDbEntity
  8
DESPERDICIO
 62
7
100
AcDbHatch
 10
0.0
 20
0.0
 30
0.0
210
0.0
220
0.0
230
1.0
  2
ANSI31
 70
0
 71
0
 91
1
 92
3
 72
0
 73
1
 93
4
 10
6.368
 20
-7.914
 10
6.638
 20
-7.914
 10
6.638
 20
-7.869999999999999
 10
6.368
 20
-7.869999999999999
 97
0
 75
1
 76
1
 52
0.0
 41
0.02
 77
0
 78
1
 53
45.0
 43
0.0
 44
0.0
 45
-0.0449012806
 46
0.0449012806
 79
0
 98
0
  0
LWPOLYLINE
  5
301
330
17
100
AcDbEntity
  8
DESPERDICIO
100
AcDbPolyline
 90
4
 70
1
 10
6.368
 20
-7.914
 10
6.638
 20
-7.914
 10
6.638
 20
-7.869999999999999
 10
6.368
 20
-7.869999999999999
  0
HATCH
  5
302
330
17
100
AcDbEntity
  8
DESPERDICIO
 62
7
100
AcDbHatch
 10
0.0
 20
0.0
 30
0.0
210
0.0
220
0.0
230
1.0
  2
ANSI31
 70
0
 71
0
 91
1
 92
3
 72
0
 73
1
 93
4
 10
6.908
 20
-9.064
 10
6.964
 20
-9.064
 10
6.964
 20
-7.87
 10
6.908
 20
-7.87
 97
0
 75
1
 76
1
 52
0.0
 41
0.02
 77
0
 78
1
 53
45.0
 43
0.0
 44
0.0
 45
-0.0449012806
 46
0.0449012806
 79
0
 98
0
  0
LWPOLYLINE
  5
303
330
17
100
AcDbEntity
  8
DESPERDICIO
100
AcDbPolyline
 90
4
 70
1
 10
6.908
 20
-9.064
 10
6.964
 20
-9.064
 10
6.964
 20
-7.87
 10
6.908
 20
-7.87
  0
HATCH
  5
304
330
17
100
AcDbEntity
  8
DESPERDICIO
 62
7
100
AcDbHatch
 10
0.0
 20
0.0
 30
0.0
210
0.0
220
0.0
230
1.0
  2
ANSI31
 70
0
 71
0
 91
1
 92
3
 72
0
 73
1
 93
4
 10
6.638
 20
-7.914
 10
6.9079999999999995
 20
-7.914
 10
6.9079999999999995
 20
-7.869999999999999
 10
6.638
 20
-7.869999999999999
 97
0
 75
1
 76
1
 52
0.0
 41
0.02
 77
0
 78
1
 53
45.0
 43
0.0
 44
0.0
 45
-0.0449012806
 46
0.0449012806
 79
0
 98
0
  0
LWPOLYLINE
  5
305
330
17
100
AcDbEntity
  8
DESPERDICIO
100
AcDbPolyline
 90
4
 70
1
 10
6.638
 20
-7.914
 10
6.9079999999999995
 20
-7.914
 10
6.9079999999999995
 20
-7.869999999999999
 10
6.638
 20
-7.869999999999999
  0
LWPOLYLINE
  5
306
330
17
100
AcDbEntity
  8
BALDOSA
100
AcDbPolyline
 90
4
 70
1
 10
7.164000000000001
 20
-9.064
 10
7.760000000000001
 20
-9.064
 10
7.760000000000001
 20
-7.87
 10
7.164000000000001
 20
-7.87
  0
TEXT
  5
307
330
17
100
AcDbEntity
  8
TITULO
100
AcDbText
 10
7.462000000000001
 20
-7.8100000000000005
 30
0.0
 40
0.06
  1
M-70
 72
1
 11
7.462000000000001
 21
-7.8100000000000005
 31
0.0
100
AcDbText
 73
2
  0
HATCH
  5
308
330
17
100
AcDbEntity
  8
PIEZA
 62
3
100
AcDbHatch
 10
0.0
 20
0.0
 30
0.0
210
0.0
220
0.0
230
1.0
  2
SOLID
 70
1
 71
0
 91
1
 92
3
 72
0
 73
1
 93
4
 10
7.164000000000001
 20
-9.064
 10
7.434000000000001
 20
-9.064
 10
7.434000000000001
 20
-7.914
 10
7.164000000000001
 20
-7.914
 97
0
 75
1
 76
1
 98
0
  0
LWPOLYLINE
  5
309
330
17
100
AcDbEntity
  8
PIEZA
100
AcDbPolyline
 90
4
 70
1
 10
7.164000000000001
 20
-9.064
 10
7.434000000000001
 20
-9.064
 10
7.434000000000001
 20
-7.914
 10
7.164000000000001
 20
-7.914
  0
TEXT
  5
30A
330
17
100
AcDbEntity
  8
PIEZA_TXT
100
AcDbText
 10
7.299
 20
-8.489
 30
0.0
 40
0.05
  1
0.27x1.15
 72
1
 11
7.299
 21
-8.489
 31
0.0
100
AcDbText
 73
2
  0
HATCH
  5
30B
330
17
100
AcDbEntity
  8
PIEZA
 62
3
100
AcDbHatch
 10
0.0
 20
0.0
 30
0.0
210
0.0
220
0.0
230
1.0
  2
SOLID
 70
1
 71
0
 91
1
 92
3
 72
0
 73
1
 93
4
 10
7.434000000000001
 20
-9.064
 10
7.704000000000001
 20
-9.064
 10
7.704000000000001
 20
-7.914
 10
7.434000000000001
 20
-7.914
 97
0
 75
1
 76
1
 98
0
  0
LWPOLYLINE
  5
30C
330
17
100
AcDbEntity
  8
PIEZA
100
AcDbPolyline
 90
4
 70
1
 10
7.434000000000001
 20
-9.064
 10
7.704000000000001
 20
-9.064
 10
7.704000000000001
 20
-7.914
 10
7.434000000000001
 20
-7.914
  0
TEXT
  5
30D
330
17
100
AcDbEntity
  8
PIEZA_TXT
100
AcDbText
 10
7.569000000000001
 20
-8.489
 30
0.0
 40
0.05
  1
0.27x1.15
 72
1
 11
7.569000000000001
 21
-8.489
 31
0.0
100
AcDbText
 73
2
  0
HATCH
  5
30E
330
17
100
AcDbEntity
  8
DESPERDICIO
 62
7
100
AcDbHatch
 10
0.0
 20
0.0
 30
0.0
210
0.0
220
0.0
230
1.0
  2
ANSI31
 70
0
 71
0
 91
1
 92
3
 72
0
 73
1
 93
4
 10
7.164000000000001
 20
-7.914
 10
7.434000000000001
 20
-7.914
 10
7.434000000000001
 20
-7.869999999999999
 10
7.164000000000001
 20
-7.869999999999999
 97
0
 75
1
 76
1
 52
0.0
 41
0.02
 77
0
 78
1
 53
45.0
 43
0.0
 44
0.0
 45
-0.0449012806
 46
0.0449012806
 79
0
 98
0
  0
LWPOLYLINE
  5
30F
330
17
100
AcDbEntity
  8
DESPERDICIO
100
AcDbPolyline
 90
4
 70
1
 10
7.164000000000001
 20
-7.914
 10
7.434000000000001
 20
-7.914
 10
7.434000000000001
 20
-7.869999999999999
 10
7.164000000000001
 20
-7.869999999999999
  0
HATCH
  5
310
330
17
100
AcDbEntity
  8
DESPERDICIO
 62
7
100
AcDbHatch
 10
0.0
 20
0.0
 30
0.0
210
0.0
220
0.0
230
1.0
  2
ANSI31
 70
0
 71
0
 91
1
 92
3
 72
0
 73
1
 93
4
 10
7.704000000000001
 20
-9.064
 10
7.760000000000001
 20
-9.064
 10
7.760000000000001
 20
-7.87
 10
7.704000000000001
 20
-7.87
 97
0
 75
1
 76
1
 52
0.0
 41
0.02
 77
0
 78
1
 53
45.0
 43
0.0
 44
0.0
 45
-0.0449012806
 46
0.0449012806
 79
0
 98
0
  0
LWPOLYLINE
  5
311
330
17
100
AcDbEntity
  8
DESPERDICIO
100
AcDbPolyline
 90
4
 70
1
 10
7.704000000000001
 20
-9.064
 10
7.760000000000001
 20
-9.064
 10
7.760000000000001
 20
-7.87
 10
7.704000000000001
 20
-7.87
  0
HATCH
  5
312
330
17
100
AcDbEntity
  8
DESPERDICIO
 62
7
100
AcDbHatch
 10
0.0
 20
0.0
 30
0.0
210
0.0
220
0.0
230
1.0
  2
ANSI31
 70
0
 71
0
 91
1
 92
3
 72
0
 73
1
 93
4
 10
7.434000000000001
 20
-7.914
 10
7.704000000000001
 20
-7.914
 10
7.704000000000001
 20
-7.869999999999999
 10
7.434000000000001
 20
-7.869999999999999
 97
0
 75
1
 76
1
 52
0.0
 41
0.02
 77
0
 78
1
 53
45.0
 43
0.0
 44
0.0
 45
-0.0449012806
 46
0.0449012806
 79
0
 98
0
  0
LWPOLYLINE
  5
313
330
17
100
AcDbEntity
  8
DESPERDICIO
100
AcDbPolyline
 90
4
 70
1
 10
7.434000000000001
 20
-7.914
 10
7.704000000000001
 20
-7.914
 10
7.704000000000001
 20
-7.869999999999999
 10
7.434000000000001
 20
-7.869999999999999
  0
LWPOLYLINE
  5
314
330
17
100
AcDbEntity
  8
BALDOSA
100
AcDbPolyline
 90
4
 70
1
 10
7.960000000000001
 20
-9.064
 10
8.556000000000001
 20
-9.064
 10
8.556000000000001
 20
-7.87
 10
7.960000000000001
 20
-7.87
  0
TEXT
  5
315
330
17
100
AcDbEntity
  8
TITULO
100
AcDbText
 10
8.258000000000001
 20
-7.8100000000000005
 30
0.0
 40
0.06
  1
M-71
 72
1
 11
8.258000000000001
 21
-7.8100000000000005
 31
0.0
100
AcDbText
 73
2
  0
HATCH
  5
316
330
17
100
AcDbEntity
  8
PIEZA
 62
3
100
AcDbHatch
 10
0.0
 20
0.0
 30
0.0
210
0.0
220
0.0
230
1.0
  2
SOLID
 70
1
 71
0
 91
1
 92
3
 72
0
 73
1
 93
4
 10
7.960000000000001
 20
-9.064
 10
8.23
 20
-9.064
 10
8.23
 20
-7.914
 10
7.960000000000001
 20
-7.914
 97
0
 75
1
 76
1
 98
0
  0
LWPOLYLINE
  5
317
330
17
100
AcDbEntity
  8
PIEZA
100
AcDbPolyline
 90
4
 70
1
 10
7.960000000000001
 20
-9.064
 10
8.23
 20
-9.064
 10
8.23
 20
-7.914
 10
7.960000000000001
 20
-7.914
  0
TEXT
  5
318
330
17
100
AcDbEntity
  8
PIEZA_TXT
100
AcDbText
 10
8.095
 20
-8.489
 30
0.0
 40
0.05
  1
0.27x1.15
 72
1
 11
8.095
 21
-8.489
 31
0.0
100
AcDbText
 73
2
  0
HATCH
  5
319
330
17
100
AcDbEntity
  8
PIEZA
 62
3
100
AcDbHatch
 10
0.0
 20
0.0
 30
0.0
210
0.0
220
0.0
230
1.0
  2
SOLID
 70
1
 71
0
 91
1
 92
3
 72
0
 73
1
 93
4
 10
8.23
 20
-9.064
 10
8.5
 20
-9.064
 10
8.5
 20
-7.914
 10
8.23
 20
-7.914
 97
0
 75
1
 76
1
 98
0
  0
LWPOLYLINE
  5
31A
330
17
100
AcDbEntity
  8
PIEZA
100
AcDbPolyline
 90
4
 70
1
 10
8.23
 20
-9.064
 10
8.5
 20
-9.064
 10
8.5
 20
-7.914
 10
8.23
 20
-7.914
  0
TEXT
  5
31B
330
17
100
AcDbEntity
  8
PIEZA_TXT
100
AcDbText
 10
8.365
 20
-8.489
 30
0.0
 40
0.05
  1
0.27x1.15
 72
1
 11
8.365
 21
-8.489
 31
0.0
100
AcDbText
 73
2
  0
HATCH
  5
31C
330
17
100
AcDbEntity
  8
DESPERDICIO
 62
7
100
AcDbHatch
 10
0.0
 20
0.0
 30
0.0
210
0.0
220
0.0
230
1.0
  2
ANSI31
 70
0
 71
0
 91
1
 92
3
 72
0
 73
1
 93
4
 10
7.960000000000001
 20
-7.914
 10
8.23
 20
-7.914
 10
8.23
 20
-7.869999999999999
 10
7.960000000000001
 20
-7.869999999999999
 97
0
 75
1
 76
1
 52
0.0
 41
0.02
 77
0
 78
1
 53
45.0
 43
0.0
 44
0.0
 45
-0.0449012806
 46
0.0449012806
 79
0
 98
0
  0
LWPOLYLINE
  5
31D
330
17
100
AcDbEntity
  8
DESPERDICIO
100
AcDbPolyline
 90
4
 70
1
 10
7.960000000000001
 20
-7.914
 10
8.23
 20
-7.914
 10
8.23
 20
-7.869999999999999
 10
7.960000000000001
 20
-7.869999999999999
  0
HATCH
  5
31E
330
17
100
AcDbEntity
  8
DESPERDICIO
 62
7
100
AcDbHatch
 10
0.0
 20
0.0
 30
0.0
210
0.0
220
0.0
230
1.0
  2
ANSI31
 70
0
 71
0
 91
1
 92
3
 72
0
 73
1
 93
4
 10
8.5
 20
-9.064
 10
8.556
 20
-9.064
 10
8.556
 20
-7.87
 10
8.5
 20
-7.87
 97
0
 75
1
 76
1
 52
0.0
 41
0.02
 77
0
 78
1
 53
45.0
 43
0.0
 44
0.0
 45
-0.0449012806
 46
0.0449012806
 79
0
 98
0
  0
LWPOLYLINE
  5
31F
330
17
100
AcDbEntity
  8
DESPERDICIO
100
AcDbPolyline
 90
4
 70
1
 10
8.5
 20
-9.064
 10
8.556
 20
-9.064
 10
8.556
 20
-7.87
 10
8.5
 20
-7.87
  0
HATCH
  5
320
330
17
100
AcDbEntity
  8
DESPERDICIO
 62
7
100
AcDbHatch
 10
0.0
 20
0.0
 30
0.0
210
0.0
220
0.0
230
1.0
  2
ANSI31
 70
0
 71
0
 91
1
 92
3
 72
0
 73
1
 93
4
 10
8.23
 20
-7.914
 10
8.5
 20
-7.914
 10
8.5
 20
-7.869999999999999
 10
8.23
 20
-7.869999999999999
 97
0
 75
1
 76
1
 52
0.0
 41
0.02
 77
0
 78
1
 53
45.0
 43
0.0
 44
0.0
 45
-0.0449012806
 46
0.0449012806
 79
0
 98
0
  0
LWPOLYLINE
  5
321
330
17
100
AcDbEntity
  8
DESPERDICIO
100
AcDbPolyline
 90
4
 70
1
 10
8.23
 20
-7.914
 10
8.5
 20
-7.914
 10
8.5
 20
-7.869999999999999
 10
8.23
 20
-7.869999999999999
  0
LWPOLYLINE
  5
322
330
17
100
AcDbEntity
  8
BALDOSA
100
AcDbPolyline
 90
4
 70
1
 10
8.756
 20
-9.064
 10
9.352
 20
-9.064
 10
9.352
 20
-7.87
 10
8.756
 20
-7.87
  0
TEXT
  5
323
330
17
100
AcDbEntity
  8
TITULO
100
AcDbText
 10
9.054
 20
-7.8100000000000005
 30
0.0
 40
0.06
  1
M-72
 72
1
 11
9.054
 21
-7.8100000000000005
 31
0.0
100
AcDbText
 73
2
  0
HATCH
  5
324
330
17
100
AcDbEntity
  8
PIEZA
 62
3
100
AcDbHatch
 10
0.0
 20
0.0
 30
0.0
210
0.0
220
0.0
230
1.0
  2
SOLID
 70
1
 71
0
 91
1
 92
3
 72
0
 73
1
 93
4
 10
8.756
 20
-9.064
 10
9.008000000000001
 20
-9.064
 10
9.008000000000001
 20
-7.876
 10
8.756
 20
-7.876
 97
0
 75
1
 76
1
 98
0
  0
LWPOLYLINE
  5
325
330
17
100
AcDbEntity
  8
PIEZA
100
AcDbPolyline
 90
4
 70
1
 10
8.756
 20
-9.064
 10
9.008000000000001
 20
-9.064
 10
9.008000000000001
 20
-7.876
 10
8.756
 20
-7.876
  0
TEXT
  5
326
330
17
100
AcDbEntity
  8
PIEZA_TXT
100
AcDbText
 10
8.882
 20
-8.47
 30
0.0
 40
0.05
  1
0.25x1.19
 72
1
 11
8.882
 21
-8.47
 31
0.0
100
AcDbText
 73
2
  0
HATCH
  5
327
330
17
100
AcDbEntity
  8
PIEZA
 62
3
100
AcDbHatch
 10
0.0
 20
0.0
 30
0.0
210
0.0
220
0.0
230
1.0
  2
SOLID
 70
1
 71
0
 91
1
 92
3
 72
0
 73
1
 93
4
 10
9.008000000000001
 20
-9.064
 10
9.258000000000001
 20
-9.064
 10
9.258000000000001
 20
-7.914
 10
9.008000000000001
 20
-7.914
 97
0
 75
1
 76
1
 98
0
  0
LWPOLYLINE
  5
328
330
17
100
AcDbEntity
  8
PIEZA
100
AcDbPolyline
 90
4
 70
1
 10
9.008000000000001
 20
-9.064
 10
9.258000000000001
 20
-9.064
 10
9.258000000000001
 20
-7.914
 10
9.008000000000001
 20
-7.914
  0
TEXT
  5
329
330
17
100
AcDbEntity
  8
PIEZA_TXT
100
AcDbText
 10
9.133000000000001
 20
-8.489
 30
0.0
 40
0.05
  1
0.25x1.15
 72
1
 11
9.133000000000001
 21
-8.489
 31
0.0
100
AcDbText
 73
2
  0
HATCH
  5
32A
330
17
100
AcDbEntity
  8
PIEZA
 62
3
100
AcDbHatch
 10
0.0
 20
0.0
 30
0.0
210
0.0
220
0.0
230
1.0
  2
SOLID
 70
1
 71
0
 91
1
 92
3
 72
0
 73
1
 93
4
 10
9.258000000000001
 20
-9.064
 10
9.336
 20
-9.064
 10
9.336
 20
-8.376
 10
9.258000000000001
 20
-8.376
 97
0
 75
1
 76
1
 98
0
  0
LWPOLYLINE
  5
32B
330
17
100
AcDbEntity
  8
PIEZA
100
AcDbPolyline
 90
4
 70
1
 10
9.258000000000001
 20
-9.064
 10
9.336
 20
-9.064
 10
9.336
 20
-8.376
 10
9.258000000000001
 20
-8.376
  0
TEXT
  5
32C
330
17
100
AcDbEntity
  8
PIEZA_TXT
100
AcDbText
 10
9.297
 20
-8.72
 30
0.0
 40
0.0195
  1
0.08x0.69
 72
1
 11
9.297
 21
-8.72
 31
0.0
100
AcDbText
 73
2
  0
HATCH
  5
32D
330
17
100
AcDbEntity
  8
DESPERDICIO
 62
7
100
AcDbHatch
 10
0.0
 20
0.0
 30
0.0
210
0.0
220
0.0
230
1.0
  2
ANSI31
 70
0
 71
0
 91
1
 92
3
 72
0
 73
1
 93
4
 10
9.008000000000001
 20
-7.914
 10
9.258000000000001
 20
-7.914
 10
9.258000000000001
 20
-7.869999999999999
 10
9.008000000000001
 20
-7.869999999999999
 97
0
 75
1
 76
1
 52
0.0
 41
0.02
 77
0
 78
1
 53
45.0
 43
0.0
 44
0.0
 45
-0.0449012806
 46
0.0449012806
 79
0
 98
0
  0
LWPOLYLINE
  5
32E
330
17
100
AcDbEntity
  8
DESPERDICIO
100
AcDbPolyline
 90
4
 70
1
 10
9.008000000000001
 20
-7.914
 10
9.258000000000001
 20
-7.914
 10
9.258000000000001
 20
-7.869999999999999
 10
9.008000000000001
 20
-7.869999999999999
  0
HATCH
  5
32F
330
17
100
AcDbEntity
  8
DESPERDICIO
 62
7
100
AcDbHatch
 10
0.0
 20
0.0
 30
0.0
210
0.0
220
0.0
230
1.0
  2
ANSI31
 70
0
 71
0
 91
1
 92
3
 72
0
 73
1
 93
4
 10
9.258000000000001
 20
-8.376
 10
9.352
 20
-8.376
 10
9.352
 20
-7.869999999999999
 10
9.258000000000001
 20
-7.869999999999999
 97
0
 75
1
 76
1
 52
0.0
 41
0.02
 77
0
 78
1
 53
45.0
 43
0.0
 44
0.0
 45
-0.0449012806
 46
0.0449012806
 79
0
 98
0
  0
LWPOLYLINE
  5
330
330
17
100
AcDbEntity
  8
DESPERDICIO
100
AcDbPolyline
 90
4
 70
1
 10
9.258000000000001
 20
-8.376
 10
9.352
 20
-8.376
 10
9.352
 20
-7.869999999999999
 10
9.258000000000001
 20
-7.869999999999999
  0
HATCH
  5
331
330
17
100
AcDbEntity
  8
DESPERDICIO
 62
7
100
AcDbHatch
 10
0.0
 20
0.0
 30
0.0
210
0.0
220
0.0
230
1.0
  2
ANSI31
 70
0
 71
0
 91
1
 92
3
 72
0
 73
1
 93
4
 10
9.336
 20
-9.064
 10
9.352
 20
-9.064
 10
9.352
 20
-8.376
 10
9.336
 20
-8.376
 97
0
 75
1
 76
1
 52
0.0
 41
0.02
 77
0
 78
1
 53
45.0
 43
0.0
 44
0.0
 45
-0.0449012806
 46
0.0449012806
 79
0
 98
0
  0
LWPOLYLINE
  5
332
330
17
100
AcDbEntity
  8
DESPERDICIO
100
AcDbPolyline
 90
4
 70
1
 10
9.336
 20
-9.064
 10
9.352
 20
-9.064
 10
9.352
 20
-8.376
 10
9.336
 20
-8.376
  0
LWPOLYLINE
  5
333
330
17
100
AcDbEntity
  8
BALDOSA
100
AcDbPolyline
 90
4
 70
1
 10
0.0
 20
-10.558
 10
0.596
 20
-10.558
 10
0.596
 20
-9.364
 10
0.0
 20
-9.364
  0
TEXT
  5
334
330
17
100
AcDbEntity
  8
TITULO
100
AcDbText
 10
0.298
 20
-9.304
 30
0.0
 40
0.06
  1
M-73
 72
1
 11
0.298
 21
-9.304
 31
0.0
100
AcDbText
 73
2
  0
HATCH
  5
335
330
17
100
AcDbEntity
  8
PIEZA
 62
3
100
AcDbHatch
 10
0.0
 20
0.0
 30
0.0
210
0.0
220
0.0
230
1.0
  2
SOLID
 70
1
 71
0
 91
1
 92
3
 72
0
 73
1
 93
4
 10
0.0
 20
-10.558
 10
0.25
 20
-10.558
 10
0.25
 20
-9.408
 10
0.0
 20
-9.408
 97
0
 75
1
 76
1
 98
0
  0
LWPOLYLINE
  5
336
330
17
100
AcDbEntity
  8
PIEZA
100
AcDbPolyline
 90
4
 70
1
 10
0.0
 20
-10.558
 10
0.25
 20
-10.558
 10
0.25
 20
-9.408
 10
0.0
 20
-9.408
  0
TEXT
  5
337
330
17
100
AcDbEntity
  8
PIEZA_TXT
100
AcDbText
 10
0.125
 20
-9.983
 30
0.0
 40
0.05
  1
0.25x1.15
 72
1
 11
0.125
 21
-9.983
 31
0.0
100
AcDbText
 73
2
  0
HATCH
  5
338
330
17
100
AcDbEntity
  8
PIEZA
 62
3
100
AcDbHatch
 10
0.0
 20
0.0
 30
0.0
210
0.0
220
0.0
230
1.0
  2
SOLID
 70
1
 71
0
 91
1
 92
3
 72
0
 73
1
 93
4
 10
0.25
 20
-10.558
 10
0.554
 20
-10.558
 10
0.554
 20
-9.959999999999999
 10
0.25
 20
-9.959999999999999
 97
0
 75
1
 76
1
 98
0
  0
LWPOLYLINE
  5
339
330
17
100
AcDbEntity
  8
PIEZA
100
AcDbPolyline
 90
4
 70
1
 10
0.25
 20
-10.558
 10
0.554
 20
-10.558
 10
0.554
 20
-9.959999999999999
 10
0.25
 20
-9.959999999999999
  0
TEXT
  5
33A
330
17
100
AcDbEntity
  8
PIEZA_TXT
100
AcDbText
 10
0.402
 20
-10.259
 30
0.0
 40
0.05
  1
0.30x0.60
 72
1
 11
0.402
 21
-10.259
 31
0.0
100
AcDbText
 73
2
  0
HATCH
  5
33B
330
17
100
AcDbEntity
  8
PIEZA
 62
3
100
AcDbHatch
 10
0.0
 20
0.0
 30
0.0
210
0.0
220
0.0
230
1.0
  2
SOLID
 70
1
 71
0
 91
1
 92
3
 72
0
 73
1
 93
4
 10
0.25
 20
-9.959999999999999
 10
0.554
 20
-9.959999999999999
 10
0.554
 20
-9.419999999999998
 10
0.25
 20
-9.419999999999998
 97
0
 75
1
 76
1
 98
0
  0
LWPOLYLINE
  5
33C
330
17
100
AcDbEntity
  8
PIEZA
100
AcDbPolyline
 90
4
 70
1
 10
0.25
 20
-9.959999999999999
 10
0.554
 20
-9.959999999999999
 10
0.554
 20
-9.419999999999998
 10
0.25
 20
-9.419999999999998
  0
TEXT
  5
33D
330
17
100
AcDbEntity
  8
PIEZA_TXT
100
AcDbText
 10
0.402
 20
-9.69
 30
0.0
 40
0.05
  1
0.30x0.54
 72
1
 11
0.402
 21
-9.69
 31
0.0
100
AcDbText
 73
2
  0
HATCH
  5
33E
330
17
100
AcDbEntity
  8
DESPERDICIO
 62
7
100
AcDbHatch
 10
0.0
 20
0.0
 30
0.0
210
0.0
220
0.0
230
1.0
  2
ANSI31
 70
0
 71
0
 91
1
 92
3
 72
0
 73
1
 93
4
 10
0.0
 20
-9.408
 10
0.25
 20
-9.408
 10
0.25
 20
-9.363999999999999
 10
0.0
 20
-9.363999999999999
 97
0
 75
1
 76
1
 52
0.0
 41
0.02
 77
0
 78
1
 53
45.0
 43
0.0
 44
0.0
 45
-0.0449012806
 46
0.0449012806
 79
0
 98
0
  0
LWPOLYLINE
  5
33F
330
17
100
AcDbEntity
  8
DESPERDICIO
100
AcDbPolyline
 90
4
 70
1
 10
0.0
 20
-9.408
 10
0.25
 20
-9.408
 10
0.25
 20
-9.363999999999999
 10
0.0
 20
-9.363999999999999
  0
HATCH
  5
340
330
17
100
AcDbEntity
  8
DESPERDICIO
 62
7
100
AcDbHatch
 10
0.0
 20
0.0
 30
0.0
210
0.0
220
0.0
230
1.0
  2
ANSI31
 70
0
 71
0
 91
1
 92
3
 72
0
 73
1
 93
4
 10
0.554
 20
-10.558
 10
0.5960000000000001
 20
-10.558
 10
0.5960000000000001
 20
-9.959999999999999
 10
0.554
 20
-9.959999999999999
 97
0
 75
1
 76
1
 52
0.0
 41
0.02
 77
0
 78
1
 53
45.0
 43
0.0
 44
0.0
 45
-0.0449012806
 46
0.0449012806
 79
0
 98
0
  0
LWPOLYLINE
  5
341
330
17
100
AcDbEntity
  8
DESPERDICIO
100
AcDbPolyline
 90
4
 70
1
 10
0.554
 20
-10.558
 10
0.5960000000000001
 20
-10.558
 10
0.5960000000000001
 20
-9.959999999999999
 10
0.554
 20
-9.959999999999999
  0
HATCH
  5
342
330
17
100
AcDbEntity
  8
DESPERDICIO
 62
7
100
AcDbHatch
 10
0.0
 20
0.0
 30
0.0
210
0.0
220
0.0
230
1.0
  2
ANSI31
 70
0
 71
0
 91
1
 92
3
 72
0
 73
1
 93
4
 10
0.554
 20
-9.959999999999999
 10
0.5960000000000001
 20
-9.959999999999999
 10
0.5960000000000001
 20
-9.363999999999999
 10
0.554
 20
-9.363999999999999
 97
0
 75
1
 76
1
 52
0.0
 41
0.02
 77
0
 78
1
 53
45.0
 43
0.0
 44
0.0
 45
-0.0449012806
 46
0.0449012806
 79
0
 98
0
  0
LWPOLYLINE
  5
343
330
17
100
AcDbEntity
  8
DESPERDICIO
100
AcDbPolyline
 90
4
 70
1
 10
0.554
 20
-9.959999999999999
 10
0.5960000000000001
 20
-9.959999999999999
 10
0.5960000000000001
 20
-9.363999999999999
 10
0.554
 20
-9.363999999999999
  0
HATCH
  5
344
330
17
100
AcDbEntity
  8
DESPERDICIO
 62
7
100
AcDbHatch
 10
0.0
 20
0.0
 30
0.0
210
0.0
220
0.0
230
1.0
  2
ANSI31
 70
0
 71
0
 91
1
 92
3
 72
0
 73
1
 93
4
 10
0.25
 20
-9.42
 10
0.554
 20
-9.42
 10
0.554
 20
-9.364
 10
0.25
 20
-9.364
 97
0
 75
1
 76
1
 52
0.0
 41
0.02
 77
0
 78
1
 53
45.0
 43
0.0
 44
0.0
 45
-0.0449012806
 46
0.0449012806
 79
0
 98
0
  0
LWPOLYLINE
  5
345
330
17
100
AcDbEntity
  8
DESPERDICIO
100
AcDbPolyline
 90
4
 70
1
 10
0.25
 20
-9.42
 10
0.554
 20
-9.42
 10
0.554
 20
-9.364
 10
0.25
 20
-9.364
  0
LWPOLYLINE
  5
346
330
17
100
AcDbEntity
  8
BALDOSA
100
AcDbPolyline
 90
4
 70
1
 10
0.796
 20
-10.558
 10
1.392
 20
-10.558
 10
1.392
 20
-9.364
 10
0.796
 20
-9.364
  0
TEXT
  5
347
330
17
100
AcDbEntity
  8
TITULO
100
AcDbText
 10
1.094
 20
-9.304
 30
0.0
 40
0.06
  1
M-74
 72
1
 11
1.094
 21
-9.304
 31
0.0
100
AcDbText
 73
2
  0
HATCH
  5
348
330
17
100
AcDbEntity
  8
PIEZA
 62
3
100
AcDbHatch
 10
0.0
 20
0.0
 30
0.0
210
0.0
220
0.0
230
1.0
  2
SOLID
 70
1
 71
0
 91
1
 92
3
 72
0
 73
1
 93
4
 10
0.796
 20
-10.558
 10
1.267
 20
-10.558
 10
1.267
 20
-9.958
 10
0.796
 20
-9.958
 97
0
 75
1
 76
1
 98
0
  0
LWPOLYLINE
  5
349
330
17
100
AcDbEntity
  8
PIEZA
100
AcDbPolyline
 90
4
 70
1
 10
0.796
 20
-10.558
 10
1.267
 20
-10.558
 10
1.267
 20
-9.958
 10
0.796
 20
-9.958
  0
TEXT
  5
34A
330
17
100
AcDbEntity
  8
PIEZA_TXT
100
AcDbText
 10
1.0315
 20
-10.258
 30
0.0
 40
0.05
  1
0.47x0.60
 72
1
 11
1.0315
 21
-10.258
 31
0.0
100
AcDbText
 73
2
  0
HATCH
  5
34B
330
17
100
AcDbEntity
  8
SOBRANTE
 62
2
100
AcDbHatch
 10
0.0
 20
0.0
 30
0.0
210
0.0
220
0.0
230
1.0
  2
SOLID
 70
1
 71
0
 91
1
 92
3
 72
0
 73
1
 93
4
 10
0.796
 20
-9.958
 10
1.392
 20
-9.958
 10
1.392
 20
-9.364
 10
0.796
 20
-9.364
 97
0
 75
1
 76
1
 98
0
  0
LWPOLYLINE
  5
34C
330
17
100
AcDbEntity
  8
SOBRANTE
100
AcDbPolyline
 90
4
 70
1
 10
0.796
 20
-9.958
 10
1.392
 20
-9.958
 10
1.392
 20
-9.364
 10
0.796
 20
-9.364
  0
TEXT
  5
34D
330
17
100
AcDbEntity
  8
PIEZA_TXT
100
AcDbText
 10
1.094
 20
-9.661
 30
0.0
 40
0.04
  1
sobra0.60x0.59
 72
1
 11
1.094
 21
-9.661
 31
0.0
100
AcDbText
 73
2
  0
HATCH
  5
34E
330
17
100
AcDbEntity
  8
SOBRANTE
 62
2
100
AcDbHatch
 10
0.0
 20
0.0
 30
0.0
210
0.0
220
0.0
230
1.0
  2
SOLID
 70
1
 71
0
 91
1
 92
3
 72
0
 73
1
 93
4
 10
1.267
 20
-10.558
 10
1.392
 20
-10.558
 10
1.392
 20
-9.958
 10
1.267
 20
-9.958
 97
0
 75
1
 76
1
 98
0
  0
LWPOLYLINE
  5
34F
330
17
100
AcDbEntity
  8
SOBRANTE
100
AcDbPolyline
 90
4
 70
1
 10
1.267
 20
-10.558
 10
1.392
 20
-10.558
 10
1.392
 20
-9.958
 10
1.267
 20
-9.958
  0
TEXT
  5
350
330
17
100
AcDbEntity
  8
PIEZA_TXT
100
AcDbText
 10
1.3295
 20
-10.258
 30
0.0
 40
0.025
  1
sobra0.12x0.60
 72
1
 11
1.3295
 21
-10.258
 31
0.0
100
AcDbText
 73
2
  0
LWPOLYLINE
  5
351
330
17
100
AcDbEntity
  8
BALDOSA
100
AcDbPolyline
 90
4
 70
1
 10
1.592
 20
-10.558
 10
2.188
 20
-10.558
 10
2.188
 20
-9.364
 10
1.592
 20
-9.364
  0
TEXT
  5
352
330
17
100
AcDbEntity
  8
TITULO
100
AcDbText
 10
1.8900000000000001
 20
-9.304
 30
0.0
 40
0.06
  1
M-75
 72
1
 11
1.8900000000000001
 21
-9.304
 31
0.0
100
AcDbText
 73
2
  0
HATCH
  5
353
330
17
100
AcDbEntity
  8
PIEZA
 62
3
100
AcDbHatch
 10
0.0
 20
0.0
 30
0.0
210
0.0
220
0.0
230
1.0
  2
SOLID
 70
1
 71
0
 91
1
 92
3
 72
0
 73
1
 93
4
 10
1.592
 20
-10.558
 10
2.031
 20
-10.558
 10
2.031
 20
-9.958
 10
1.592
 20
-9.958
 97
0
 75
1
 76
1
 98
0
  0
LWPOLYLINE
  5
354
330
17
100
AcDbEntity
  8
PIEZA
100
AcDbPolyline
 90
4
 70
1
 10
1.592
 20
-10.558
 10
2.031
 20
-10.558
 10
2.031
 20
-9.958
 10
1.592
 20
-9.958
  0
TEXT
  5
355
330
17
100
AcDbEntity
  8
PIEZA_TXT
100
AcDbText
 10
1.8115
 20
-10.258
 30
0.0
 40
0.05
  1
0.44x0.60
 72
1
 11
1.8115
 21
-10.258
 31
0.0
100
AcDbText
 73
2
  0
HATCH
  5
356
330
17
100
AcDbEntity
  8
SOBRANTE
 62
2
100
AcDbHatch
 10
0.0
 20
0.0
 30
0.0
210
0.0
220
0.0
230
1.0
  2
SOLID
 70
1
 71
0
 91
1
 92
3
 72
0
 73
1
 93
4
 10
1.592
 20
-9.958
 10
2.188
 20
-9.958
 10
2.188
 20
-9.364
 10
1.592
 20
-9.364
 97
0
 75
1
 76
1
 98
0
  0
LWPOLYLINE
  5
357
330
17
100
AcDbEntity
  8
SOBRANTE
100
AcDbPolyline
 90
4
 70
1
 10
1.592
 20
-9.958
 10
2.188
 20
-9.958
 10
2.188
 20
-9.364
 10
1.592
 20
-9.364
  0
TEXT
  5
358
330
17
100
AcDbEntity
  8
PIEZA_TXT
100
AcDbText
 10
1.8900000000000001
 20
-9.661
 30
0.0
 40
0.04
  1
sobra0.60x0.59
 72
1
 11
1.8900000000000001
 21
-9.661
 31
0.0
100
AcDbText
 73
2
  0
HATCH
  5
359
330
17
100
AcDbEntity
  8
SOBRANTE
 62
2
100
AcDbHatch
 10
0.0
 20
0.0
 30
0.0
210
0.0
220
0.0
230
1.0
  2
SOLID
 70
1
 71
0
 91
1
 92
3
 72
0
 73
1
 93
4
 10
2.031
 20
-10.558
 10
2.188
 20
-10.558
 10
2.188
 20
-9.958
 10
2.031
 20
-9.958
 97
0
 75
1
 76
1
 98
0
  0
LWPOLYLINE
  5
35A
330
17
100
AcDbEntity
  8
SOBRANTE
100
AcDbPolyline
 90
4
 70
1
 10
2.031
 20
-10.558
 10
2.188
 20
-10.558
 10
2.188
 20
-9.958
 10
2.031
 20
-9.958
  0
TEXT
  5
35B
330
17
100
AcDbEntity
  8
PIEZA_TXT
100
AcDbText
 10
2.1095
 20
-10.258
 30
0.0
 40
0.0314
  1
sobra0.16x0.60
 72
1
 11
2.1095
 21
-10.258
 31
0.0
100
AcDbText
 73
2
  0
LWPOLYLINE
  5
35C
330
17
100
AcDbEntity
  8
BALDOSA
100
AcDbPolyline
 90
4
 70
1
 10
2.388
 20
-10.558
 10
2.984
 20
-10.558
 10
2.984
 20
-9.364
 10
2.388
 20
-9.364
  0
TEXT
  5
35D
330
17
100
AcDbEntity
  8
TITULO
100
AcDbText
 10
2.686
 20
-9.304
 30
0.0
 40
0.06
  1
M-76
 72
1
 11
2.686
 21
-9.304
 31
0.0
100
AcDbText
 73
2
  0
HATCH
  5
35E
330
17
100
AcDbEntity
  8
PIEZA
 62
3
100
AcDbHatch
 10
0.0
 20
0.0
 30
0.0
210
0.0
220
0.0
230
1.0
  2
SOLID
 70
1
 71
0
 91
1
 92
3
 72
0
 73
1
 93
4
 10
2.388
 20
-10.558
 10
2.827
 20
-10.558
 10
2.827
 20
-9.958
 10
2.388
 20
-9.958
 97
0
 75
1
 76
1
 98
0
  0
LWPOLYLINE
  5
35F
330
17
100
AcDbEntity
  8
PIEZA
100
AcDbPolyline
 90
4
 70
1
 10
2.388
 20
-10.558
 10
2.827
 20
-10.558
 10
2.827
 20
-9.958
 10
2.388
 20
-9.958
  0
TEXT
  5
360
330
17
100
AcDbEntity
  8
PIEZA_TXT
100
AcDbText
 10
2.6075
 20
-10.258
 30
0.0
 40
0.05
  1
0.44x0.60
 72
1
 11
2.6075
 21
-10.258
 31
0.0
100
AcDbText
 73
2
  0
HATCH
  5
361
330
17
100
AcDbEntity
  8
SOBRANTE
 62
2
100
AcDbHatch
 10
0.0
 20
0.0
 30
0.0
210
0.0
220
0.0
230
1.0
  2
SOLID
 70
1
 71
0
 91
1
 92
3
 72
0
 73
1
 93
4
 10
2.388
 20
-9.958
 10
2.984
 20
-9.958
 10
2.984
 20
-9.364
 10
2.388
 20
-9.364
 97
0
 75
1
 76
1
 98
0
  0
LWPOLYLINE
  5
362
330
17
100
AcDbEntity
  8
SOBRANTE
100
AcDbPolyline
 90
4
 70
1
 10
2.388
 20
-9.958
 10
2.984
 20
-9.958
 10
2.984
 20
-9.364
 10
2.388
 20
-9.364
  0
TEXT
  5
363
330
17
100
AcDbEntity
  8
PIEZA_TXT
100
AcDbText
 10
2.686
 20
-9.661
 30
0.0
 40
0.04
  1
sobra0.60x0.59
 72
1
 11
2.686
 21
-9.661
 31
0.0
100
AcDbText
 73
2
  0
HATCH
  5
364
330
17
100
AcDbEntity
  8
SOBRANTE
 62
2
100
AcDbHatch
 10
0.0
 20
0.0
 30
0.0
210
0.0
220
0.0
230
1.0
  2
SOLID
 70
1
 71
0
 91
1
 92
3
 72
0
 73
1
 93
4
 10
2.827
 20
-10.558
 10
2.984
 20
-10.558
 10
2.984
 20
-9.958
 10
2.827
 20
-9.958
 97
0
 75
1
 76
1
 98
0
  0
LWPOLYLINE
  5
365
330
17
100
AcDbEntity
  8
SOBRANTE
100
AcDbPolyline
 90
4
 70
1
 10
2.827
 20
-10.558
 10
2.984
 20
-10.558
 10
2.984
 20
-9.958
 10
2.827
 20
-9.958
  0
TEXT
  5
366
330
17
100
AcDbEntity
  8
PIEZA_TXT
100
AcDbText
 10
2.9055
 20
-10.258
 30
0.0
 40
0.0314
  1
sobra0.16x0.60
 72
1
 11
2.9055
 21
-10.258
 31
0.0
100
AcDbText
 73
2
  0
LWPOLYLINE
  5
367
330
17
100
AcDbEntity
  8
BALDOSA
100
AcDbPolyline
 90
4
 70
1
 10
3.184
 20
-10.558
 10
3.7800000000000002
 20
-10.558
 10
3.7800000000000002
 20
-9.364
 10
3.184
 20
-9.364
  0
TEXT
  5
368
330
17
100
AcDbEntity
  8
TITULO
100
AcDbText
 10
3.482
 20
-9.304
 30
0.0
 40
0.06
  1
M-77
 72
1
 11
3.482
 21
-9.304
 31
0.0
100
AcDbText
 73
2
  0
HATCH
  5
369
330
17
100
AcDbEntity
  8
PIEZA
 62
3
100
AcDbHatch
 10
0.0
 20
0.0
 30
0.0
210
0.0
220
0.0
230
1.0
  2
SOLID
 70
1
 71
0
 91
1
 92
3
 72
0
 73
1
 93
4
 10
3.184
 20
-10.558
 10
3.623
 20
-10.558
 10
3.623
 20
-9.958
 10
3.184
 20
-9.958
 97
0
 75
1
 76
1
 98
0
  0
LWPOLYLINE
  5
36A
330
17
100
AcDbEntity
  8
PIEZA
100
AcDbPolyline
 90
4
 70
1
 10
3.184
 20
-10.558
 10
3.623
 20
-10.558
 10
3.623
 20
-9.958
 10
3.184
 20
-9.958
  0
TEXT
  5
36B
330
17
100
AcDbEntity
  8
PIEZA_TXT
100
AcDbText
 10
3.4035
 20
-10.258
 30
0.0
 40
0.05
  1
0.44x0.60
 72
1
 11
3.4035
 21
-10.258
 31
0.0
100
AcDbText
 73
2
  0
HATCH
  5
36C
330
17
100
AcDbEntity
  8
SOBRANTE
 62
2
100
AcDbHatch
 10
0.0
 20
0.0
 30
0.0
210
0.0
220
0.0
230
1.0
  2
SOLID
 70
1
 71
0
 91
1
 92
3
 72
0
 73
1
 93
4
 10
3.184
 20
-9.958
 10
3.7800000000000002
 20
-9.958
 10
3.7800000000000002
 20
-9.364
 10
3.184
 20
-9.364
 97
0
 75
1
 76
1
 98
0
  0
LWPOLYLINE
  5
36D
330
17
100
AcDbEntity
  8
SOBRANTE
100
AcDbPolyline
 90
4
 70
1
 10
3.184
 20
-9.958
 10
3.7800000000000002
 20
-9.958
 10
3.7800000000000002
 20
-9.364
 10
3.184
 20
-9.364
  0
TEXT
  5
36E
330
17
100
AcDbEntity
  8
PIEZA_TXT
100
AcDbText
 10
3.482
 20
-9.661
 30
0.0
 40
0.04
  1
sobra0.60x0.59
 72
1
 11
3.482
 21
-9.661
 31
0.0
100
AcDbText
 73
2
  0
HATCH
  5
36F
330
17
100
AcDbEntity
  8
SOBRANTE
 62
2
100
AcDbHatch
 10
0.0
 20
0.0
 30
0.0
210
0.0
220
0.0
230
1.0
  2
SOLID
 70
1
 71
0
 91
1
 92
3
 72
0
 73
1
 93
4
 10
3.623
 20
-10.558
 10
3.7800000000000002
 20
-10.558
 10
3.7800000000000002
 20
-9.958
 10
3.623
 20
-9.958
 97
0
 75
1
 76
1
 98
0
  0
LWPOLYLINE
  5
370
330
17
100
AcDbEntity
  8
SOBRANTE
100
AcDbPolyline
 90
4
 70
1
 10
3.623
 20
-10.558
 10
3.7800000000000002
 20
-10.558
 10
3.7800000000000002
 20
-9.958
 10
3.623
 20
-9.958
  0
TEXT
  5
371
330
17
100
AcDbEntity
  8
PIEZA_TXT
100
AcDbText
 10
3.7015000000000002
 20
-10.258
 30
0.0
 40
0.0314
  1
sobra0.16x0.60
 72
1
 11
3.7015000000000002
 21
-10.258
 31
0.0
100
AcDbText
 73
2
  0
LWPOLYLINE
  5
372
330
17
100
AcDbEntity
  8
BALDOSA
100
AcDbPolyline
 90
4
 70
1
 10
3.9800000000000004
 20
-10.558
 10
4.5760000000000005
 20
-10.558
 10
4.5760000000000005
 20
-9.364
 10
3.9800000000000004
 20
-9.364
  0
TEXT
  5
373
330
17
100
AcDbEntity
  8
TITULO
100
AcDbText
 10
4.2780000000000005
 20
-9.304
 30
0.0
 40
0.06
  1
M-78
 72
1
 11
4.2780000000000005
 21
-9.304
 31
0.0
100
AcDbText
 73
2
  0
HATCH
  5
374
330
17
100
AcDbEntity
  8
PIEZA
 62
3
100
AcDbHatch
 10
0.0
 20
0.0
 30
0.0
210
0.0
220
0.0
230
1.0
  2
SOLID
 70
1
 71
0
 91
1
 92
3
 72
0
 73
1
 93
4
 10
3.9800000000000004
 20
-10.558
 10
4.4190000000000005
 20
-10.558
 10
4.4190000000000005
 20
-9.958
 10
3.9800000000000004
 20
-9.958
 97
0
 75
1
 76
1
 98
0
  0
LWPOLYLINE
  5
375
330
17
100
AcDbEntity
  8
PIEZA
100
AcDbPolyline
 90
4
 70
1
 10
3.9800000000000004
 20
-10.558
 10
4.4190000000000005
 20
-10.558
 10
4.4190000000000005
 20
-9.958
 10
3.9800000000000004
 20
-9.958
  0
TEXT
  5
376
330
17
100
AcDbEntity
  8
PIEZA_TXT
100
AcDbText
 10
4.1995000000000005
 20
-10.258
 30
0.0
 40
0.05
  1
0.44x0.60
 72
1
 11
4.1995000000000005
 21
-10.258
 31
0.0
100
AcDbText
 73
2
  0
HATCH
  5
377
330
17
100
AcDbEntity
  8
SOBRANTE
 62
2
100
AcDbHatch
 10
0.0
 20
0.0
 30
0.0
210
0.0
220
0.0
230
1.0
  2
SOLID
 70
1
 71
0
 91
1
 92
3
 72
0
 73
1
 93
4
 10
3.9800000000000004
 20
-9.958
 10
4.5760000000000005
 20
-9.958
 10
4.5760000000000005
 20
-9.364
 10
3.9800000000000004
 20
-9.364
 97
0
 75
1
 76
1
 98
0
  0
LWPOLYLINE
  5
378
330
17
100
AcDbEntity
  8
SOBRANTE
100
AcDbPolyline
 90
4
 70
1
 10
3.9800000000000004
 20
-9.958
 10
4.5760000000000005
 20
-9.958
 10
4.5760000000000005
 20
-9.364
 10
3.9800000000000004
 20
-9.364
  0
TEXT
  5
379
330
17
100
AcDbEntity
  8
PIEZA_TXT
100
AcDbText
 10
4.2780000000000005
 20
-9.661
 30
0.0
 40
0.04
  1
sobra0.60x0.59
 72
1
 11
4.2780000000000005
 21
-9.661
 31
0.0
100
AcDbText
 73
2
  0
HATCH
  5
37A
330
17
100
AcDbEntity
  8
SOBRANTE
 62
2
100
AcDbHatch
 10
0.0
 20
0.0
 30
0.0
210
0.0
220
0.0
230
1.0
  2
SOLID
 70
1
 71
0
 91
1
 92
3
 72
0
 73
1
 93
4
 10
4.4190000000000005
 20
-10.558
 10
4.5760000000000005
 20
-10.558
 10
4.5760000000000005
 20
-9.958
 10
4.4190000000000005
 20
-9.958
 97
0
 75
1
 76
1
 98
0
  0
LWPOLYLINE
  5
37B
330
17
100
AcDbEntity
  8
SOBRANTE
100
AcDbPolyline
 90
4
 70
1
 10
4.4190000000000005
 20
-10.558
 10
4.5760000000000005
 20
-10.558
 10
4.5760000000000005
 20
-9.958
 10
4.4190000000000005
 20
-9.958
  0
TEXT
  5
37C
330
17
100
AcDbEntity
  8
PIEZA_TXT
100
AcDbText
 10
4.4975000000000005
 20
-10.258
 30
0.0
 40
0.0314
  1
sobra0.16x0.60
 72
1
 11
4.4975000000000005
 21
-10.258
 31
0.0
100
AcDbText
 73
2
  0
LWPOLYLINE
  5
37D
330
17
100
AcDbEntity
  8
BALDOSA
100
AcDbPolyline
 90
4
 70
1
 10
4.776
 20
-10.558
 10
5.372
 20
-10.558
 10
5.372
 20
-9.364
 10
4.776
 20
-9.364
  0
TEXT
  5
37E
330
17
100
AcDbEntity
  8
TITULO
100
AcDbText
 10
5.074
 20
-9.304
 30
0.0
 40
0.06
  1
M-79
 72
1
 11
5.074
 21
-9.304
 31
0.0
100
AcDbText
 73
2
  0
HATCH
  5
37F
330
17
100
AcDbEntity
  8
PIEZA
 62
3
100
AcDbHatch
 10
0.0
 20
0.0
 30
0.0
210
0.0
220
0.0
230
1.0
  2
SOLID
 70
1
 71
0
 91
1
 92
3
 72
0
 73
1
 93
4
 10
4.776
 20
-10.558
 10
5.08
 20
-10.558
 10
5.08
 20
-9.959999999999999
 10
4.776
 20
-9.959999999999999
 97
0
 75
1
 76
1
 98
0
  0
LWPOLYLINE
  5
380
330
17
100
AcDbEntity
  8
PIEZA
100
AcDbPolyline
 90
4
 70
1
 10
4.776
 20
-10.558
 10
5.08
 20
-10.558
 10
5.08
 20
-9.959999999999999
 10
4.776
 20
-9.959999999999999
  0
TEXT
  5
381
330
17
100
AcDbEntity
  8
PIEZA_TXT
100
AcDbText
 10
4.928
 20
-10.259
 30
0.0
 40
0.05
  1
0.30x0.60
 72
1
 11
4.928
 21
-10.259
 31
0.0
100
AcDbText
 73
2
  0
HATCH
  5
382
330
17
100
AcDbEntity
  8
SOBRANTE
 62
2
100
AcDbHatch
 10
0.0
 20
0.0
 30
0.0
210
0.0
220
0.0
230
1.0
  2
SOLID
 70
1
 71
0
 91
1
 92
3
 72
0
 73
1
 93
4
 10
4.776
 20
-9.959999999999999
 10
5.372
 20
-9.959999999999999
 10
5.372
 20
-9.363999999999999
 10
4.776
 20
-9.363999999999999
 97
0
 75
1
 76
1
 98
0
  0
LWPOLYLINE
  5
383
330
17
100
AcDbEntity
  8
SOBRANTE
100
AcDbPolyline
 90
4
 70
1
 10
4.776
 20
-9.959999999999999
 10
5.372
 20
-9.959999999999999
 10
5.372
 20
-9.363999999999999
 10
4.776
 20
-9.363999999999999
  0
TEXT
  5
384
330
17
100
AcDbEntity
  8
PIEZA_TXT
100
AcDbText
 10
5.074
 20
-9.661999999999999
 30
0.0
 40
0.04
  1
sobra0.60x0.60
 72
1
 11
5.074
 21
-9.661999999999999
 31
0.0
100
AcDbText
 73
2
  0
HATCH
  5
385
330
17
100
AcDbEntity
  8
SOBRANTE
 62
2
100
AcDbHatch
 10
0.0
 20
0.0
 30
0.0
210
0.0
220
0.0
230
1.0
  2
SOLID
 70
1
 71
0
 91
1
 92
3
 72
0
 73
1
 93
4
 10
5.08
 20
-10.558
 10
5.372
 20
-10.558
 10
5.372
 20
-9.959999999999999
 10
5.08
 20
-9.959999999999999
 97
0
 75
1
 76
1
 98
0
  0
LWPOLYLINE
  5
386
330
17
100
AcDbEntity
  8
SOBRANTE
100
AcDbPolyline
 90
4
 70
1
 10
5.08
 20
-10.558
 10
5.372
 20
-10.558
 10
5.372
 20
-9.959999999999999
 10
5.08
 20
-9.959999999999999
  0
TEXT
  5
387
330
17
100
AcDbEntity
  8
PIEZA_TXT
100
AcDbText
 10
5.226
 20
-10.259
 30
0.0
 40
0.04
  1
sobra0.29x0.60
 72
1
 11
5.226
 21
-10.259
 31
0.0
100
AcDbText
 73
2
  0
TEXT
  5
388
330
17
100
AcDbEntity
  8
TITULO
100
AcDbText
 10
0.0
 20
-12.608
 30
0.0
 40
0.15
  1
Royal Walnut  |  baldosa 0.200x1.200 m  |  175 pzas = 35 cajas = 42.00 m2  |  recortes en 86 baldosas  |  desperdicio 0.76 m2
 11
0.0
 21
-12.608
 31
0.0
100
AcDbText
  0
LWPOLYLINE
  5
389
330
17
100
AcDbEntity
  8
BALDOSA
100
AcDbPolyline
 90
4
 70
1
 10
0.0
 20
-14.458
 10
0.2
 20
-14.458
 10
0.2
 20
-13.258000000000001
 10
0.0
 20
-13.258000000000001
  0
TEXT
  5
38A
330
17
100
AcDbEntity
  8
TITULO
100
AcDbText
 10
0.1
 20
-13.198
 30
0.0
 40
0.06
  1
RW-01
 72
1
 11
0.1
 21
-13.198
 31
0.0
100
AcDbText
 73
2
  0
HATCH
  5
38B
330
17
100
AcDbEntity
  8
PIEZA
 62
3
100
AcDbHatch
 10
0.0
 20
0.0
 30
0.0
210
0.0
220
0.0
230
1.0
  2
SOLID
 70
1
 71
0
 91
1
 92
3
 72
0
 73
1
 93
4
 10
0.0
 20
-14.458
 10
0.2
 20
-14.458
 10
0.2
 20
-13.264
 10
0.0
 20
-13.264
 97
0
 75
1
 76
1
 98
0
  0
LWPOLYLINE
  5
38C
330
17
100
AcDbEntity
  8
PIEZA
100
AcDbPolyline
 90
4
 70
1
 10
0.0
 20
-14.458
 10
0.2
 20
-14.458
 10
0.2
 20
-13.264
 10
0.0
 20
-13.264
  0
TEXT
  5
38D
330
17
100
AcDbEntity
  8
PIEZA_TXT
100
AcDbText
 10
0.1
 20
-13.861
 30
0.0
 40
0.05
  1
0.20x1.19
 72
1
 11
0.1
 21
-13.861
 31
0.0
100
AcDbText
 73
2
  0
LWPOLYLINE
  5
38E
330
17
100
AcDbEntity
  8
BALDOSA
100
AcDbPolyline
 90
4
 70
1
 10
0.4
 20
-14.458
 10
0.6000000000000001
 20
-14.458
 10
0.6000000000000001
 20
-13.258000000000001
 10
0.4
 20
-13.258000000000001
  0
TEXT
  5
38F
330
17
100
AcDbEntity
  8
TITULO
100
AcDbText
 10
0.5
 20
-13.198
 30
0.0
 40
0.06
  1
RW-02
 72
1
 11
0.5
 21
-13.198
 31
0.0
100
AcDbText
 73
2
  0
HATCH
  5
390
330
17
100
AcDbEntity
  8
PIEZA
 62
3
100
AcDbHatch
 10
0.0
 20
0.0
 30
0.0
210
0.0
220
0.0
230
1.0
  2
SOLID
 70
1
 71
0
 91
1
 92
3
 72
0
 73
1
 93
4
 10
0.4
 20
-14.458
 10
0.6000000000000001
 20
-14.458
 10
0.6000000000000001
 20
-13.264
 10
0.4
 20
-13.264
 97
0
 75
1
 76
1
 98
0
  0
LWPOLYLINE
  5
391
330
17
100
AcDbEntity
  8
PIEZA
100
AcDbPolyline
 90
4
 70
1
 10
0.4
 20
-14.458
 10
0.6000000000000001
 20
-14.458
 10
0.6000000000000001
 20
-13.264
 10
0.4
 20
-13.264
  0
TEXT
  5
392
330
17
100
AcDbEntity
  8
PIEZA_TXT
100
AcDbText
 10
0.5
 20
-13.861
 30
0.0
 40
0.05
  1
0.20x1.19
 72
1
 11
0.5
 21
-13.861
 31
0.0
100
AcDbText
 73
2
  0
LWPOLYLINE
  5
393
330
17
100
AcDbEntity
  8
BALDOSA
100
AcDbPolyline
 90
4
 70
1
 10
0.8
 20
-14.458
 10
1.0
 20
-14.458
 10
1.0
 20
-13.258000000000001
 10
0.8
 20
-13.258000000000001
  0
TEXT
  5
394
330
17
100
AcDbEntity
  8
TITULO
100
AcDbText
 10
0.9
 20
-13.198
 30
0.0
 40
0.06
  1
RW-03
 72
1
 11
0.9
 21
-13.198
 31
0.0
100
AcDbText
 73
2
  0
HATCH
  5
395
330
17
100
AcDbEntity
  8
PIEZA
 62
3
100
AcDbHatch
 10
0.0
 20
0.0
 30
0.0
210
0.0
220
0.0
230
1.0
  2
SOLID
 70
1
 71
0
 91
1
 92
3
 72
0
 73
1
 93
4
 10
0.8
 20
-14.458
 10
1.0
 20
-14.458
 10
1.0
 20
-13.338000000000001
 10
0.8
 20
-13.338000000000001
 97
0
 75
1
 76
1
 98
0
  0
LWPOLYLINE
  5
396
330
17
100
AcDbEntity
  8
PIEZA
100
AcDbPolyline
 90
4
 70
1
 10
0.8
 20
-14.458
 10
1.0
 20
-14.458
 10
1.0
 20
-13.338000000000001
 10
0.8
 20
-13.338000000000001
  0
TEXT
  5
397
330
17
100
AcDbEntity
  8
PIEZA_TXT
100
AcDbText
 10
0.9
 20
-13.898
 30
0.0
 40
0.05
  1
0.20x1.12
 72
1
 11
0.9
 21
-13.898
 31
0.0
100
AcDbText
 73
2
  0
HATCH
  5
398
330
17
100
AcDbEntity
  8
DESPERDICIO
 62
7
100
AcDbHatch
 10
0.0
 20
0.0
 30
0.0
210
0.0
220
0.0
230
1.0
  2
ANSI31
 70
0
 71
0
 91
1
 92
3
 72
0
 73
1
 93
4
 10
0.8
 20
-13.338000000000001
 10
1.0
 20
-13.338000000000001
 10
1.0
 20
-13.258000000000001
 10
0.8
 20
-13.258000000000001
 97
0
 75
1
 76
1
 52
0.0
 41
0.02
 77
0
 78
1
 53
45.0
 43
0.0
 44
0.0
 45
-0.0449012806
 46
0.0449012806
 79
0
 98
0
  0
LWPOLYLINE
  5
399
330
17
100
AcDbEntity
  8
DESPERDICIO
100
AcDbPolyline
 90
4
 70
1
 10
0.8
 20
-13.338000000000001
 10
1.0
 20
-13.338000000000001
 10
1.0
 20
-13.258000000000001
 10
0.8
 20
-13.258000000000001
  0
LWPOLYLINE
  5
39A
330
17
100
AcDbEntity
  8
BALDOSA
100
AcDbPolyline
 90
4
 70
1
 10
1.2000000000000002
 20
-14.458
 10
1.4000000000000001
 20
-14.458
 10
1.4000000000000001
 20
-13.258000000000001
 10
1.2000000000000002
 20
-13.258000000000001
  0
TEXT
  5
39B
330
17
100
AcDbEntity
  8
TITULO
100
AcDbText
 10
1.3000000000000003
 20
-13.198
 30
0.0
 40
0.06
  1
RW-04
 72
1
 11
1.3000000000000003
 21
-13.198
 31
0.0
100
AcDbText
 73
2
  0
HATCH
  5
39C
330
17
100
AcDbEntity
  8
PIEZA
 62
3
100
AcDbHatch
 10
0.0
 20
0.0
 30
0.0
210
0.0
220
0.0
230
1.0
  2
SOLID
 70
1
 71
0
 91
1
 92
3
 72
0
 73
1
 93
4
 10
1.2000000000000002
 20
-14.458
 10
1.4000000000000001
 20
-14.458
 10
1.4000000000000001
 20
-13.338000000000001
 10
1.2000000000000002
 20
-13.338000000000001
 97
0
 75
1
 76
1
 98
0
  0
LWPOLYLINE
  5
39D
330
17
100
AcDbEntity
  8
PIEZA
100
AcDbPolyline
 90
4
 70
1
 10
1.2000000000000002
 20
-14.458
 10
1.4000000000000001
 20
-14.458
 10
1.4000000000000001
 20
-13.338000000000001
 10
1.2000000000000002
 20
-13.338000000000001
  0
TEXT
  5
39E
330
17
100
AcDbEntity
  8
PIEZA_TXT
100
AcDbText
 10
1.3000000000000003
 20
-13.898
 30
0.0
 40
0.05
  1
0.20x1.12
 72
1
 11
1.3000000000000003
 21
-13.898
 31
0.0
100
AcDbText
 73
2
  0
HATCH
  5
39F
330
17
100
AcDbEntity
  8
DESPERDICIO
 62
7
100
AcDbHatch
 10
0.0
 20
0.0
 30
0.0
210
0.0
220
0.0
230
1.0
  2
ANSI31
 70
0
 71
0
 91
1
 92
3
 72
0
 73
1
 93
4
 10
1.2000000000000002
 20
-13.338000000000001
 10
1.4000000000000001
 20
-13.338000000000001
 10
1.4000000000000001
 20
-13.258000000000001
 10
1.2000000000000002
 20
-13.258000000000001
 97
0
 75
1
 76
1
 52
0.0
 41
0.02
 77
0
 78
1
 53
45.0
 43
0.0
 44
0.0
 45
-0.0449012806
 46
0.0449012806
 79
0
 98
0
  0
LWPOLYLINE
  5
3A0
330
17
100
AcDbEntity
  8
DESPERDICIO
100
AcDbPolyline
 90
4
 70
1
 10
1.2000000000000002
 20
-13.338000000000001
 10
1.4000000000000001
 20
-13.338000000000001
 10
1.4000000000000001
 20
-13.258000000000001
 10
1.2000000000000002
 20
-13.258000000000001
  0
LWPOLYLINE
  5
3A1
330
17
100
AcDbEntity
  8
BALDOSA
100
AcDbPolyline
 90
4
 70
1
 10
1.6
 20
-14.458
 10
1.8
 20
-14.458
 10
1.8
 20
-13.258000000000001
 10
1.6
 20
-13.258000000000001
  0
TEXT
  5
3A2
330
17
100
AcDbEntity
  8
TITULO
100
AcDbText
 10
1.7000000000000002
 20
-13.198
 30
0.0
 40
0.06
  1
RW-05
 72
1
 11
1.7000000000000002
 21
-13.198
 31
0.0
100
AcDbText
 73
2
  0
HATCH
  5
3A3
330
17
100
AcDbEntity
  8
PIEZA
 62
3
100
AcDbHatch
 10
0.0
 20
0.0
 30
0.0
210
0.0
220
0.0
230
1.0
  2
SOLID
 70
1
 71
0
 91
1
 92
3
 72
0
 73
1
 93
4
 10
1.6
 20
-14.458
 10
1.8
 20
-14.458
 10
1.8
 20
-13.347
 10
1.6
 20
-13.347
 97
0
 75
1
 76
1
 98
0
  0
LWPOLYLINE
  5
3A4
330
17
100
AcDbEntity
  8
PIEZA
100
AcDbPolyline
 90
4
 70
1
 10
1.6
 20
-14.458
 10
1.8
 20
-14.458
 10
1.8
 20
-13.347
 10
1.6
 20
-13.347
  0
TEXT
  5
3A5
330
17
100
AcDbEntity
  8
PIEZA_TXT
100
AcDbText
 10
1.7000000000000002
 20
-13.9025
 30
0.0
 40
0.05
  1
0.20x1.11
 72
1
 11
1.7000000000000002
 21
-13.9025
 31
0.0
100
AcDbText
 73
2
  0
HATCH
  5
3A6
330
17
100
AcDbEntity
  8
DESPERDICIO
 62
7
100
AcDbHatch
 10
0.0
 20
0.0
 30
0.0
210
0.0
220
0.0
230
1.0
  2
ANSI31
 70
0
 71
0
 91
1
 92
3
 72
0
 73
1
 93
4
 10
1.6
 20
-13.347
 10
1.8
 20
-13.347
 10
1.8
 20
-13.258
 10
1.6
 20
-13.258
 97
0
 75
1
 76
1
 52
0.0
 41
0.02
 77
0
 78
1
 53
45.0
 43
0.0
 44
0.0
 45
-0.0449012806
 46
0.0449012806
 79
0
 98
0
  0
LWPOLYLINE
  5
3A7
330
17
100
AcDbEntity
  8
DESPERDICIO
100
AcDbPolyline
 90
4
 70
1
 10
1.6
 20
-13.347
 10
1.8
 20
-13.347
 10
1.8
 20
-13.258
 10
1.6
 20
-13.258
  0
LWPOLYLINE
  5
3A8
330
17
100
AcDbEntity
  8
BALDOSA
100
AcDbPolyline
 90
4
 70
1
 10
2.0
 20
-14.458
 10
2.2
 20
-14.458
 10
2.2
 20
-13.258000000000001
 10
2.0
 20
-13.258000000000001
  0
TEXT
  5
3A9
330
17
100
AcDbEntity
  8
TITULO
100
AcDbText
 10
2.1
 20
-13.198
 30
0.0
 40
0.06
  1
RW-06
 72
1
 11
2.1
 21
-13.198
 31
0.0
100
AcDbText
 73
2
  0
HATCH
  5
3AA
330
17
100
AcDbEntity
  8
PIEZA
 62
3
100
AcDbHatch
 10
0.0
 20
0.0
 30
0.0
210
0.0
220
0.0
230
1.0
  2
SOLID
 70
1
 71
0
 91
1
 92
3
 72
0
 73
1
 93
4
 10
2.0
 20
-14.458
 10
2.2
 20
-14.458
 10
2.2
 20
-13.347
 10
2.0
 20
-13.347
 97
0
 75
1
 76
1
 98
0
  0
LWPOLYLINE
  5
3AB
330
17
100
AcDbEntity
  8
PIEZA
100
AcDbPolyline
 90
4
 70
1
 10
2.0
 20
-14.458
 10
2.2
 20
-14.458
 10
2.2
 20
-13.347
 10
2.0
 20
-13.347
  0
TEXT
  5
3AC
330
17
100
AcDbEntity
  8
PIEZA_TXT
100
AcDbText
 10
2.1
 20
-13.9025
 30
0.0
 40
0.05
  1
0.20x1.11
 72
1
 11
2.1
 21
-13.9025
 31
0.0
100
AcDbText
 73
2
  0
HATCH
  5
3AD
330
17
100
AcDbEntity
  8
DESPERDICIO
 62
7
100
AcDbHatch
 10
0.0
 20
0.0
 30
0.0
210
0.0
220
0.0
230
1.0
  2
ANSI31
 70
0
 71
0
 91
1
 92
3
 72
0
 73
1
 93
4
 10
2.0
 20
-13.347
 10
2.2
 20
-13.347
 10
2.2
 20
-13.258
 10
2.0
 20
-13.258
 97
0
 75
1
 76
1
 52
0.0
 41
0.02
 77
0
 78
1
 53
45.0
 43
0.0
 44
0.0
 45
-0.0449012806
 46
0.0449012806
 79
0
 98
0
  0
LWPOLYLINE
  5
3AE
330
17
100
AcDbEntity
  8
DESPERDICIO
100
AcDbPolyline
 90
4
 70
1
 10
2.0
 20
-13.347
 10
2.2
 20
-13.347
 10
2.2
 20
-13.258
 10
2.0
 20
-13.258
  0
LWPOLYLINE
  5
3AF
330
17
100
AcDbEntity
  8
BALDOSA
100
AcDbPolyline
 90
4
 70
1
 10
2.4000000000000004
 20
-14.458
 10
2.6000000000000005
 20
-14.458
 10
2.6000000000000005
 20
-13.258000000000001
 10
2.4000000000000004
 20
-13.258000000000001
  0
TEXT
  5
3B0
330
17
100
AcDbEntity
  8
TITULO
100
AcDbText
 10
2.5000000000000004
 20
-13.198
 30
0.0
 40
0.06
  1
RW-07
 72
1
 11
2.5000000000000004
 21
-13.198
 31
0.0
100
AcDbText
 73
2
  0
HATCH
  5
3B1
330
17
100
AcDbEntity
  8
PIEZA
 62
3
100
AcDbHatch
 10
0.0
 20
0.0
 30
0.0
210
0.0
220
0.0
230
1.0
  2
SOLID
 70
1
 71
0
 91
1
 92
3
 72
0
 73
1
 93
4
 10
2.4000000000000004
 20
-14.458
 10
2.6000000000000005
 20
-14.458
 10
2.6000000000000005
 20
-13.347
 10
2.4000000000000004
 20
-13.347
 97
0
 75
1
 76
1
 98
0
  0
LWPOLYLINE
  5
3B2
330
17
100
AcDbEntity
  8
PIEZA
100
AcDbPolyline
 90
4
 70
1
 10
2.4000000000000004
 20
-14.458
 10
2.6000000000000005
 20
-14.458
 10
2.6000000000000005
 20
-13.347
 10
2.4000000000000004
 20
-13.347
  0
TEXT
  5
3B3
330
17
100
AcDbEntity
  8
PIEZA_TXT
100
AcDbText
 10
2.5000000000000004
 20
-13.9025
 30
0.0
 40
0.05
  1
0.20x1.11
 72
1
 11
2.5000000000000004
 21
-13.9025
 31
0.0
100
AcDbText
 73
2
  0
HATCH
  5
3B4
330
17
100
AcDbEntity
  8
DESPERDICIO
 62
7
100
AcDbHatch
 10
0.0
 20
0.0
 30
0.0
210
0.0
220
0.0
230
1.0
  2
ANSI31
 70
0
 71
0
 91
1
 92
3
 72
0
 73
1
 93
4
 10
2.4000000000000004
 20
-13.347
 10
2.6000000000000005
 20
-13.347
 10
2.6000000000000005
 20
-13.258
 10
2.4000000000000004
 20
-13.258
 97
0
 75
1
 76
1
 52
0.0
 41
0.02
 77
0
 78
1
 53
45.0
 43
0.0
 44
0.0
 45
-0.0449012806
 46
0.0449012806
 79
0
 98
0
  0
LWPOLYLINE
  5
3B5
330
17
100
AcDbEntity
  8
DESPERDICIO
100
AcDbPolyline
 90
4
 70
1
 10
2.4000000000000004
 20
-13.347
 10
2.6000000000000005
 20
-13.347
 10
2.6000000000000005
 20
-13.258
 10
2.4000000000000004
 20
-13.258
  0
LWPOLYLINE
  5
3B6
330
17
100
AcDbEntity
  8
BALDOSA
100
AcDbPolyline
 90
4
 70
1
 10
2.8000000000000003
 20
-14.458
 10
3.0000000000000004
 20
-14.458
 10
3.0000000000000004
 20
-13.258000000000001
 10
2.8000000000000003
 20
-13.258000000000001
  0
TEXT
  5
3B7
330
17
100
AcDbEntity
  8
TITULO
100
AcDbText
 10
2.9000000000000004
 20
-13.198
 30
0.0
 40
0.06
  1
RW-08
 72
1
 11
2.9000000000000004
 21
-13.198
 31
0.0
100
AcDbText
 73
2
  0
HATCH
  5
3B8
330
17
100
AcDbEntity
  8
PIEZA
 62
3
100
AcDbHatch
 10
0.0
 20
0.0
 30
0.0
210
0.0
220
0.0
230
1.0
  2
SOLID
 70
1
 71
0
 91
1
 92
3
 72
0
 73
1
 93
4
 10
2.8000000000000003
 20
-14.458
 10
3.0000000000000004
 20
-14.458
 10
3.0000000000000004
 20
-13.347
 10
2.8000000000000003
 20
-13.347
 97
0
 75
1
 76
1
 98
0
  0
LWPOLYLINE
  5
3B9
330
17
100
AcDbEntity
  8
PIEZA
100
AcDbPolyline
 90
4
 70
1
 10
2.8000000000000003
 20
-14.458
 10
3.0000000000000004
 20
-14.458
 10
3.0000000000000004
 20
-13.347
 10
2.8000000000000003
 20
-13.347
  0
TEXT
  5
3BA
330
17
100
AcDbEntity
  8
PIEZA_TXT
100
AcDbText
 10
2.9000000000000004
 20
-13.9025
 30
0.0
 40
0.05
  1
0.20x1.11
 72
1
 11
2.9000000000000004
 21
-13.9025
 31
0.0
100
AcDbText
 73
2
  0
HATCH
  5
3BB
330
17
100
AcDbEntity
  8
DESPERDICIO
 62
7
100
AcDbHatch
 10
0.0
 20
0.0
 30
0.0
210
0.0
220
0.0
230
1.0
  2
ANSI31
 70
0
 71
0
 91
1
 92
3
 72
0
 73
1
 93
4
 10
2.8000000000000003
 20
-13.347
 10
3.0000000000000004
 20
-13.347
 10
3.0000000000000004
 20
-13.258
 10
2.8000000000000003
 20
-13.258
 97
0
 75
1
 76
1
 52
0.0
 41
0.02
 77
0
 78
1
 53
45.0
 43
0.0
 44
0.0
 45
-0.0449012806
 46
0.0449012806
 79
0
 98
0
  0
LWPOLYLINE
  5
3BC
330
17
100
AcDbEntity
  8
DESPERDICIO
100
AcDbPolyline
 90
4
 70
1
 10
2.8000000000000003
 20
-13.347
 10
3.0000000000000004
 20
-13.347
 10
3.0000000000000004
 20
-13.258
 10
2.8000000000000003
 20
-13.258
  0
LWPOLYLINE
  5
3BD
330
17
100
AcDbEntity
  8
BALDOSA
100
AcDbPolyline
 90
4
 70
1
 10
3.2
 20
-14.458
 10
3.4000000000000004
 20
-14.458
 10
3.4000000000000004
 20
-13.258000000000001
 10
3.2
 20
-13.258000000000001
  0
TEXT
  5
3BE
330
17
100
AcDbEntity
  8
TITULO
100
AcDbText
 10
3.3000000000000003
 20
-13.198
 30
0.0
 40
0.06
  1
RW-09
 72
1
 11
3.3000000000000003
 21
-13.198
 31
0.0
100
AcDbText
 73
2
  0
HATCH
  5
3BF
330
17
100
AcDbEntity
  8
PIEZA
 62
3
100
AcDbHatch
 10
0.0
 20
0.0
 30
0.0
210
0.0
220
0.0
230
1.0
  2
SOLID
 70
1
 71
0
 91
1
 92
3
 72
0
 73
1
 93
4
 10
3.2
 20
-14.458
 10
3.4000000000000004
 20
-14.458
 10
3.4000000000000004
 20
-13.347
 10
3.2
 20
-13.347
 97
0
 75
1
 76
1
 98
0
  0
LWPOLYLINE
  5
3C0
330
17
100
AcDbEntity
  8
PIEZA
100
AcDbPolyline
 90
4
 70
1
 10
3.2
 20
-14.458
 10
3.4000000000000004
 20
-14.458
 10
3.4000000000000004
 20
-13.347
 10
3.2
 20
-13.347
  0
TEXT
  5
3C1
330
17
100
AcDbEntity
  8
PIEZA_TXT
100
AcDbText
 10
3.3000000000000003
 20
-13.9025
 30
0.0
 40
0.05
  1
0.20x1.11
 72
1
 11
3.3000000000000003
 21
-13.9025
 31
0.0
100
AcDbText
 73
2
  0
HATCH
  5
3C2
330
17
100
AcDbEntity
  8
DESPERDICIO
 62
7
100
AcDbHatch
 10
0.0
 20
0.0
 30
0.0
210
0.0
220
0.0
230
1.0
  2
ANSI31
 70
0
 71
0
 91
1
 92
3
 72
0
 73
1
 93
4
 10
3.2
 20
-13.347
 10
3.4000000000000004
 20
-13.347
 10
3.4000000000000004
 20
-13.258
 10
3.2
 20
-13.258
 97
0
 75
1
 76
1
 52
0.0
 41
0.02
 77
0
 78
1
 53
45.0
 43
0.0
 44
0.0
 45
-0.0449012806
 46
0.0449012806
 79
0
 98
0
  0
LWPOLYLINE
  5
3C3
330
17
100
AcDbEntity
  8
DESPERDICIO
100
AcDbPolyline
 90
4
 70
1
 10
3.2
 20
-13.347
 10
3.4000000000000004
 20
-13.347
 10
3.4000000000000004
 20
-13.258
 10
3.2
 20
-13.258
  0
LWPOLYLINE
  5
3C4
330
17
100
AcDbEntity
  8
BALDOSA
100
AcDbPolyline
 90
4
 70
1
 10
3.6
 20
-14.458
 10
3.8000000000000003
 20
-14.458
 10
3.8000000000000003
 20
-13.258000000000001
 10
3.6
 20
-13.258000000000001
  0
TEXT
  5
3C5
330
17
100
AcDbEntity
  8
TITULO
100
AcDbText
 10
3.7
 20
-13.198
 30
0.0
 40
0.06
  1
RW-10
 72
1
 11
3.7
 21
-13.198
 31
0.0
100
AcDbText
 73
2
  0
HATCH
  5
3C6
330
17
100
AcDbEntity
  8
PIEZA
 62
3
100
AcDbHatch
 10
0.0
 20
0.0
 30
0.0
210
0.0
220
0.0
230
1.0
  2
SOLID
 70
1
 71
0
 91
1
 92
3
 72
0
 73
1
 93
4
 10
3.6
 20
-14.458
 10
3.8000000000000003
 20
-14.458
 10
3.8000000000000003
 20
-13.347
 10
3.6
 20
-13.347
 97
0
 75
1
 76
1
 98
0
  0
LWPOLYLINE
  5
3C7
330
17
100
AcDbEntity
  8
PIEZA
100
AcDbPolyline
 90
4
 70
1
 10
3.6
 20
-14.458
 10
3.8000000000000003
 20
-14.458
 10
3.8000000000000003
 20
-13.347
 10
3.6
 20
-13.347
  0
TEXT
  5
3C8
330
17
100
AcDbEntity
  8
PIEZA_TXT
100
AcDbText
 10
3.7
 20
-13.9025
 30
0.0
 40
0.05
  1
0.20x1.11
 72
1
 11
3.7
 21
-13.9025
 31
0.0
100
AcDbText
 73
2
  0
HATCH
  5
3C9
330
17
100
AcDbEntity
  8
DESPERDICIO
 62
7
100
AcDbHatch
 10
0.0
 20
0.0
 30
0.0
210
0.0
220
0.0
230
1.0
  2
ANSI31
 70
0
 71
0
 91
1
 92
3
 72
0
 73
1
 93
4
 10
3.6
 20
-13.347
 10
3.8000000000000003
 20
-13.347
 10
3.8000000000000003
 20
-13.258
 10
3.6
 20
-13.258
 97
0
 75
1
 76
1
 52
0.0
 41
0.02
 77
0
 78
1
 53
45.0
 43
0.0
 44
0.0
 45
-0.0449012806
 46
0.0449012806
 79
0
 98
0
  0
LWPOLYLINE
  5
3CA
330
17
100
AcDbEntity
  8
DESPERDICIO
100
AcDbPolyline
 90
4
 70
1
 10
3.6
 20
-13.347
 10
3.8000000000000003
 20
-13.347
 10
3.8000000000000003
 20
-13.258
 10
3.6
 20
-13.258
  0
LWPOLYLINE
  5
3CB
330
17
100
AcDbEntity
  8
BALDOSA
100
AcDbPolyline
 90
4
 70
1
 10
4.0
 20
-14.458
 10
4.2
 20
-14.458
 10
4.2
 20
-13.258000000000001
 10
4.0
 20
-13.258000000000001
  0
TEXT
  5
3CC
330
17
100
AcDbEntity
  8
TITULO
100
AcDbText
 10
4.1
 20
-13.198
 30
0.0
 40
0.06
  1
RW-11
 72
1
 11
4.1
 21
-13.198
 31
0.0
100
AcDbText
 73
2
  0
HATCH
  5
3CD
330
17
100
AcDbEntity
  8
PIEZA
 62
3
100
AcDbHatch
 10
0.0
 20
0.0
 30
0.0
210
0.0
220
0.0
230
1.0
  2
SOLID
 70
1
 71
0
 91
1
 92
3
 72
0
 73
1
 93
4
 10
4.0
 20
-14.458
 10
4.2
 20
-14.458
 10
4.2
 20
-13.347
 10
4.0
 20
-13.347
 97
0
 75
1
 76
1
 98
0
  0
LWPOLYLINE
  5
3CE
330
17
100
AcDbEntity
  8
PIEZA
100
AcDbPolyline
 90
4
 70
1
 10
4.0
 20
-14.458
 10
4.2
 20
-14.458
 10
4.2
 20
-13.347
 10
4.0
 20
-13.347
  0
TEXT
  5
3CF
330
17
100
AcDbEntity
  8
PIEZA_TXT
100
AcDbText
 10
4.1
 20
-13.9025
 30
0.0
 40
0.05
  1
0.20x1.11
 72
1
 11
4.1
 21
-13.9025
 31
0.0
100
AcDbText
 73
2
  0
HATCH
  5
3D0
330
17
100
AcDbEntity
  8
DESPERDICIO
 62
7
100
AcDbHatch
 10
0.0
 20
0.0
 30
0.0
210
0.0
220
0.0
230
1.0
  2
ANSI31
 70
0
 71
0
 91
1
 92
3
 72
0
 73
1
 93
4
 10
4.0
 20
-13.347
 10
4.2
 20
-13.347
 10
4.2
 20
-13.258
 10
4.0
 20
-13.258
 97
0
 75
1
 76
1
 52
0.0
 41
0.02
 77
0
 78
1
 53
45.0
 43
0.0
 44
0.0
 45
-0.0449012806
 46
0.0449012806
 79
0
 98
0
  0
LWPOLYLINE
  5
3D1
330
17
100
AcDbEntity
  8
DESPERDICIO
100
AcDbPolyline
 90
4
 70
1
 10
4.0
 20
-13.347
 10
4.2
 20
-13.347
 10
4.2
 20
-13.258
 10
4.0
 20
-13.258
  0
LWPOLYLINE
  5
3D2
330
17
100
AcDbEntity
  8
BALDOSA
100
AcDbPolyline
 90
4
 70
1
 10
4.4
 20
-14.458
 10
4.6000000000000005
 20
-14.458
 10
4.6000000000000005
 20
-13.258000000000001
 10
4.4
 20
-13.258000000000001
  0
TEXT
  5
3D3
330
17
100
AcDbEntity
  8
TITULO
100
AcDbText
 10
4.5
 20
-13.198
 30
0.0
 40
0.06
  1
RW-12
 72
1
 11
4.5
 21
-13.198
 31
0.0
100
AcDbText
 73
2
  0
HATCH
  5
3D4
330
17
100
AcDbEntity
  8
PIEZA
 62
3
100
AcDbHatch
 10
0.0
 20
0.0
 30
0.0
210
0.0
220
0.0
230
1.0
  2
SOLID
 70
1
 71
0
 91
1
 92
3
 72
0
 73
1
 93
4
 10
4.4
 20
-14.458
 10
4.6000000000000005
 20
-14.458
 10
4.6000000000000005
 20
-13.3479
 10
4.4
 20
-13.3479
 97
0
 75
1
 76
1
 98
0
  0
LWPOLYLINE
  5
3D5
330
17
100
AcDbEntity
  8
PIEZA
100
AcDbPolyline
 90
4
 70
1
 10
4.4
 20
-14.458
 10
4.6000000000000005
 20
-14.458
 10
4.6000000000000005
 20
-13.3479
 10
4.4
 20
-13.3479
  0
TEXT
  5
3D6
330
17
100
AcDbEntity
  8
PIEZA_TXT
100
AcDbText
 10
4.5
 20
-13.90295
 30
0.0
 40
0.05
  1
0.20x1.11
 72
1
 11
4.5
 21
-13.90295
 31
0.0
100
AcDbText
 73
2
  0
HATCH
  5
3D7
330
17
100
AcDbEntity
  8
DESPERDICIO
 62
7
100
AcDbHatch
 10
0.0
 20
0.0
 30
0.0
210
0.0
220
0.0
230
1.0
  2
ANSI31
 70
0
 71
0
 91
1
 92
3
 72
0
 73
1
 93
4
 10
4.4
 20
-13.3479
 10
4.6000000000000005
 20
-13.3479
 10
4.6000000000000005
 20
-13.258
 10
4.4
 20
-13.258
 97
0
 75
1
 76
1
 52
0.0
 41
0.02
 77
0
 78
1
 53
45.0
 43
0.0
 44
0.0
 45
-0.0449012806
 46
0.0449012806
 79
0
 98
0
  0
LWPOLYLINE
  5
3D8
330
17
100
AcDbEntity
  8
DESPERDICIO
100
AcDbPolyline
 90
4
 70
1
 10
4.4
 20
-13.3479
 10
4.6000000000000005
 20
-13.3479
 10
4.6000000000000005
 20
-13.258
 10
4.4
 20
-13.258
  0
LWPOLYLINE
  5
3D9
330
17
100
AcDbEntity
  8
BALDOSA
100
AcDbPolyline
 90
4
 70
1
 10
0.0
 20
-15.958000000000002
 10
0.2
 20
-15.958000000000002
 10
0.2
 20
-14.758000000000003
 10
0.0
 20
-14.758000000000003
  0
TEXT
  5
3DA
330
17
100
AcDbEntity
  8
TITULO
100
AcDbText
 10
0.1
 20
-14.698000000000002
 30
0.0
 40
0.06
  1
RW-13
 72
1
 11
0.1
 21
-14.698000000000002
 31
0.0
100
AcDbText
 73
2
  0
HATCH
  5
3DB
330
17
100
AcDbEntity
  8
PIEZA
 62
3
100
AcDbHatch
 10
0.0
 20
0.0
 30
0.0
210
0.0
220
0.0
230
1.0
  2
SOLID
 70
1
 71
0
 91
1
 92
3
 72
0
 73
1
 93
4
 10
0.0
 20
-15.958000000000002
 10
0.2
 20
-15.958000000000002
 10
0.2
 20
-14.847900000000003
 10
0.0
 20
-14.847900000000003
 97
0
 75
1
 76
1
 98
0
  0
LWPOLYLINE
  5
3DC
330
17
100
AcDbEntity
  8
PIEZA
100
AcDbPolyline
 90
4
 70
1
 10
0.0
 20
-15.958000000000002
 10
0.2
 20
-15.958000000000002
 10
0.2
 20
-14.847900000000003
 10
0.0
 20
-14.847900000000003
  0
TEXT
  5
3DD
330
17
100
AcDbEntity
  8
PIEZA_TXT
100
AcDbText
 10
0.1
 20
-15.402950000000002
 30
0.0
 40
0.05
  1
0.20x1.11
 72
1
 11
0.1
 21
-15.402950000000002
 31
0.0
100
AcDbText
 73
2
  0
HATCH
  5
3DE
330
17
100
AcDbEntity
  8
DESPERDICIO
 62
7
100
AcDbHatch
 10
0.0
 20
0.0
 30
0.0
210
0.0
220
0.0
230
1.0
  2
ANSI31
 70
0
 71
0
 91
1
 92
3
 72
0
 73
1
 93
4
 10
0.0
 20
-14.847900000000003
 10
0.2
 20
-14.847900000000003
 10
0.2
 20
-14.758000000000003
 10
0.0
 20
-14.758000000000003
 97
0
 75
1
 76
1
 52
0.0
 41
0.02
 77
0
 78
1
 53
45.0
 43
0.0
 44
0.0
 45
-0.0449012806
 46
0.0449012806
 79
0
 98
0
  0
LWPOLYLINE
  5
3DF
330
17
100
AcDbEntity
  8
DESPERDICIO
100
AcDbPolyline
 90
4
 70
1
 10
0.0
 20
-14.847900000000003
 10
0.2
 20
-14.847900000000003
 10
0.2
 20
-14.758000000000003
 10
0.0
 20
-14.758000000000003
  0
LWPOLYLINE
  5
3E0
330
17
100
AcDbEntity
  8
BALDOSA
100
AcDbPolyline
 90
4
 70
1
 10
0.4
 20
-15.958000000000002
 10
0.6000000000000001
 20
-15.958000000000002
 10
0.6000000000000001
 20
-14.758000000000003
 10
0.4
 20
-14.758000000000003
  0
TEXT
  5
3E1
330
17
100
AcDbEntity
  8
TITULO
100
AcDbText
 10
0.5
 20
-14.698000000000002
 30
0.0
 40
0.06
  1
RW-14
 72
1
 11
0.5
 21
-14.698000000000002
 31
0.0
100
AcDbText
 73
2
  0
HATCH
  5
3E2
330
17
100
AcDbEntity
  8
PIEZA
 62
3
100
AcDbHatch
 10
0.0
 20
0.0
 30
0.0
210
0.0
220
0.0
230
1.0
  2
SOLID
 70
1
 71
0
 91
1
 92
3
 72
0
 73
1
 93
4
 10
0.4
 20
-15.958000000000002
 10
0.6000000000000001
 20
-15.958000000000002
 10
0.6000000000000001
 20
-14.847900000000003
 10
0.4
 20
-14.847900000000003
 97
0
 75
1
 76
1
 98
0
  0
LWPOLYLINE
  5
3E3
330
17
100
AcDbEntity
  8
PIEZA
100
AcDbPolyline
 90
4
 70
1
 10
0.4
 20
-15.958000000000002
 10
0.6000000000000001
 20
-15.958000000000002
 10
0.6000000000000001
 20
-14.847900000000003
 10
0.4
 20
-14.847900000000003
  0
TEXT
  5
3E4
330
17
100
AcDbEntity
  8
PIEZA_TXT
100
AcDbText
 10
0.5
 20
-15.402950000000002
 30
0.0
 40
0.05
  1
0.20x1.11
 72
1
 11
0.5
 21
-15.402950000000002
 31
0.0
100
AcDbText
 73
2
  0
HATCH
  5
3E5
330
17
100
AcDbEntity
  8
DESPERDICIO
 62
7
100
AcDbHatch
 10
0.0
 20
0.0
 30
0.0
210
0.0
220
0.0
230
1.0
  2
ANSI31
 70
0
 71
0
 91
1
 92
3
 72
0
 73
1
 93
4
 10
0.4
 20
-14.847900000000003
 10
0.6000000000000001
 20
-14.847900000000003
 10
0.6000000000000001
 20
-14.758000000000003
 10
0.4
 20
-14.758000000000003
 97
0
 75
1
 76
1
 52
0.0
 41
0.02
 77
0
 78
1
 53
45.0
 43
0.0
 44
0.0
 45
-0.0449012806
 46
0.0449012806
 79
0
 98
0
  0
LWPOLYLINE
  5
3E6
330
17
100
AcDbEntity
  8
DESPERDICIO
100
AcDbPolyline
 90
4
 70
1
 10
0.4
 20
-14.847900000000003
 10
0.6000000000000001
 20
-14.847900000000003
 10
0.6000000000000001
 20
-14.758000000000003
 10
0.4
 20
-14.758000000000003
  0
LWPOLYLINE
  5
3E7
330
17
100
AcDbEntity
  8
BALDOSA
100
AcDbPolyline
 90
4
 70
1
 10
0.8
 20
-15.958000000000002
 10
1.0
 20
-15.958000000000002
 10
1.0
 20
-14.758000000000003
 10
0.8
 20
-14.758000000000003
  0
TEXT
  5
3E8
330
17
100
AcDbEntity
  8
TITULO
100
AcDbText
 10
0.9
 20
-14.698000000000002
 30
0.0
 40
0.06
  1
RW-15
 72
1
 11
0.9
 21
-14.698000000000002
 31
0.0
100
AcDbText
 73
2
  0
HATCH
  5
3E9
330
17
100
AcDbEntity
  8
PIEZA
 62
3
100
AcDbHatch
 10
0.0
 20
0.0
 30
0.0
210
0.0
220
0.0
230
1.0
  2
SOLID
 70
1
 71
0
 91
1
 92
3
 72
0
 73
1
 93
4
 10
0.8
 20
-15.958000000000002
 10
1.0
 20
-15.958000000000002
 10
1.0
 20
-14.847900000000003
 10
0.8
 20
-14.847900000000003
 97
0
 75
1
 76
1
 98
0
  0
LWPOLYLINE
  5
3EA
330
17
100
AcDbEntity
  8
PIEZA
100
AcDbPolyline
 90
4
 70
1
 10
0.8
 20
-15.958000000000002
 10
1.0
 20
-15.958000000000002
 10
1.0
 20
-14.847900000000003
 10
0.8
 20
-14.847900000000003
  0
TEXT
  5
3EB
330
17
100
AcDbEntity
  8
PIEZA_TXT
100
AcDbText
 10
0.9
 20
-15.402950000000002
 30
0.0
 40
0.05
  1
0.20x1.11
 72
1
 11
0.9
 21
-15.402950000000002
 31
0.0
100
AcDbText
 73
2
  0
HATCH
  5
3EC
330
17
100
AcDbEntity
  8
DESPERDICIO
 62
7
100
AcDbHatch
 10
0.0
 20
0.0
 30
0.0
210
0.0
220
0.0
230
1.0
  2
ANSI31
 70
0
 71
0
 91
1
 92
3
 72
0
 73
1
 93
4
 10
0.8
 20
-14.847900000000003
 10
1.0
 20
-14.847900000000003
 10
1.0
 20
-14.758000000000003
 10
0.8
 20
-14.758000000000003
 97
0
 75
1
 76
1
 52
0.0
 41
0.02
 77
0
 78
1
 53
45.0
 43
0.0
 44
0.0
 45
-0.0449012806
 46
0.0449012806
 79
0
 98
0
  0
LWPOLYLINE
  5
3ED
330
17
100
AcDbEntity
  8
DESPERDICIO
100
AcDbPolyline
 90
4
 70
1
 10
0.8
 20
-14.847900000000003
 10
1.0
 20
-14.847900000000003
 10
1.0
 20
-14.758000000000003
 10
0.8
 20
-14.758000000000003
  0
LWPOLYLINE
  5
3EE
330
17
100
AcDbEntity
  8
BALDOSA
100
AcDbPolyline
 90
4
 70
1
 10
1.2000000000000002
 20
-15.958000000000002
 10
1.4000000000000001
 20
-15.958000000000002
 10
1.4000000000000001
 20
-14.758000000000003
 10
1.2000000000000002
 20
-14.758000000000003
  0
TEXT
  5
3EF
330
17
100
AcDbEntity
  8
TITULO
100
AcDbText
 10
1.3000000000000003
 20
-14.698000000000002
 30
0.0
 40
0.06
  1
RW-16
 72
1
 11
1.3000000000000003
 21
-14.698000000000002
 31
0.0
100
AcDbText
 73
2
  0
HATCH
  5
3F0
330
17
100
AcDbEntity
  8
PIEZA
 62
3
100
AcDbHatch
 10
0.0
 20
0.0
 30
0.0
210
0.0
220
0.0
230
1.0
  2
SOLID
 70
1
 71
0
 91
1
 92
3
 72
0
 73
1
 93
4
 10
1.2000000000000002
 20
-15.958000000000002
 10
1.4000000000000001
 20
-15.958000000000002
 10
1.4000000000000001
 20
-14.847900000000003
 10
1.2000000000000002
 20
-14.847900000000003
 97
0
 75
1
 76
1
 98
0
  0
LWPOLYLINE
  5
3F1
330
17
100
AcDbEntity
  8
PIEZA
100
AcDbPolyline
 90
4
 70
1
 10
1.2000000000000002
 20
-15.958000000000002
 10
1.4000000000000001
 20
-15.958000000000002
 10
1.4000000000000001
 20
-14.847900000000003
 10
1.2000000000000002
 20
-14.847900000000003
  0
TEXT
  5
3F2
330
17
100
AcDbEntity
  8
PIEZA_TXT
100
AcDbText
 10
1.3000000000000003
 20
-15.402950000000002
 30
0.0
 40
0.05
  1
0.20x1.11
 72
1
 11
1.3000000000000003
 21
-15.402950000000002
 31
0.0
100
AcDbText
 73
2
  0
HATCH
  5
3F3
330
17
100
AcDbEntity
  8
DESPERDICIO
 62
7
100
AcDbHatch
 10
0.0
 20
0.0
 30
0.0
210
0.0
220
0.0
230
1.0
  2
ANSI31
 70
0
 71
0
 91
1
 92
3
 72
0
 73
1
 93
4
 10
1.2000000000000002
 20
-14.847900000000003
 10
1.4000000000000001
 20
-14.847900000000003
 10
1.4000000000000001
 20
-14.758000000000003
 10
1.2000000000000002
 20
-14.758000000000003
 97
0
 75
1
 76
1
 52
0.0
 41
0.02
 77
0
 78
1
 53
45.0
 43
0.0
 44
0.0
 45
-0.0449012806
 46
0.0449012806
 79
0
 98
0
  0
LWPOLYLINE
  5
3F4
330
17
100
AcDbEntity
  8
DESPERDICIO
100
AcDbPolyline
 90
4
 70
1
 10
1.2000000000000002
 20
-14.847900000000003
 10
1.4000000000000001
 20
-14.847900000000003
 10
1.4000000000000001
 20
-14.758000000000003
 10
1.2000000000000002
 20
-14.758000000000003
  0
LWPOLYLINE
  5
3F5
330
17
100
AcDbEntity
  8
BALDOSA
100
AcDbPolyline
 90
4
 70
1
 10
1.6
 20
-15.958000000000002
 10
1.8
 20
-15.958000000000002
 10
1.8
 20
-14.758000000000003
 10
1.6
 20
-14.758000000000003
  0
TEXT
  5
3F6
330
17
100
AcDbEntity
  8
TITULO
100
AcDbText
 10
1.7000000000000002
 20
-14.698000000000002
 30
0.0
 40
0.06
  1
RW-17
 72
1
 11
1.7000000000000002
 21
-14.698000000000002
 31
0.0
100
AcDbText
 73
2
  0
HATCH
  5
3F7
330
17
100
AcDbEntity
  8
PIEZA
 62
3
100
AcDbHatch
 10
0.0
 20
0.0
 30
0.0
210
0.0
220
0.0
230
1.0
  2
SOLID
 70
1
 71
0
 91
1
 92
3
 72
0
 73
1
 93
4
 10
1.6
 20
-15.958000000000002
 10
1.8
 20
-15.958000000000002
 10
1.8
 20
-14.847900000000003
 10
1.6
 20
-14.847900000000003
 97
0
 75
1
 76
1
 98
0
  0
LWPOLYLINE
  5
3F8
330
17
100
AcDbEntity
  8
PIEZA
100
AcDbPolyline
 90
4
 70
1
 10
1.6
 20
-15.958000000000002
 10
1.8
 20
-15.958000000000002
 10
1.8
 20
-14.847900000000003
 10
1.6
 20
-14.847900000000003
  0
TEXT
  5
3F9
330
17
100
AcDbEntity
  8
PIEZA_TXT
100
AcDbText
 10
1.7000000000000002
 20
-15.402950000000002
 30
0.0
 40
0.05
  1
0.20x1.11
 72
1
 11
1.7000000000000002
 21
-15.402950000000002
 31
0.0
100
AcDbText
 73
2
  0
HATCH
  5
3FA
330
17
100
AcDbEntity
  8
DESPERDICIO
 62
7
100
AcDbHatch
 10
0.0
 20
0.0
 30
0.0
210
0.0
220
0.0
230
1.0
  2
ANSI31
 70
0
 71
0
 91
1
 92
3
 72
0
 73
1
 93
4
 10
1.6
 20
-14.847900000000003
 10
1.8
 20
-14.847900000000003
 10
1.8
 20
-14.758000000000003
 10
1.6
 20
-14.758000000000003
 97
0
 75
1
 76
1
 52
0.0
 41
0.02
 77
0
 78
1
 53
45.0
 43
0.0
 44
0.0
 45
-0.0449012806
 46
0.0449012806
 79
0
 98
0
  0
LWPOLYLINE
  5
3FB
330
17
100
AcDbEntity
  8
DESPERDICIO
100
AcDbPolyline
 90
4
 70
1
 10
1.6
 20
-14.847900000000003
 10
1.8
 20
-14.847900000000003
 10
1.8
 20
-14.758000000000003
 10
1.6
 20
-14.758000000000003
  0
LWPOLYLINE
  5
3FC
330
17
100
AcDbEntity
  8
BALDOSA
100
AcDbPolyline
 90
4
 70
1
 10
2.0
 20
-15.958000000000002
 10
2.2
 20
-15.958000000000002
 10
2.2
 20
-14.758000000000003
 10
2.0
 20
-14.758000000000003
  0
TEXT
  5
3FD
330
17
100
AcDbEntity
  8
TITULO
100
AcDbText
 10
2.1
 20
-14.698000000000002
 30
0.0
 40
0.06
  1
RW-18
 72
1
 11
2.1
 21
-14.698000000000002
 31
0.0
100
AcDbText
 73
2
  0
HATCH
  5
3FE
330
17
100
AcDbEntity
  8
PIEZA
 62
3
100
AcDbHatch
 10
0.0
 20
0.0
 30
0.0
210
0.0
220
0.0
230
1.0
  2
SOLID
 70
1
 71
0
 91
1
 92
3
 72
0
 73
1
 93
4
 10
2.0
 20
-15.958000000000002
 10
2.2
 20
-15.958000000000002
 10
2.2
 20
-14.847900000000003
 10
2.0
 20
-14.847900000000003
 97
0
 75
1
 76
1
 98
0
  0
LWPOLYLINE
  5
3FF
330
17
100
AcDbEntity
  8
PIEZA
100
AcDbPolyline
 90
4
 70
1
 10
2.0
 20
-15.958000000000002
 10
2.2
 20
-15.958000000000002
 10
2.2
 20
-14.847900000000003
 10
2.0
 20
-14.847900000000003
  0
TEXT
  5
400
330
17
100
AcDbEntity
  8
PIEZA_TXT
100
AcDbText
 10
2.1
 20
-15.402950000000002
 30
0.0
 40
0.05
  1
0.20x1.11
 72
1
 11
2.1
 21
-15.402950000000002
 31
0.0
100
AcDbText
 73
2
  0
HATCH
  5
401
330
17
100
AcDbEntity
  8
DESPERDICIO
 62
7
100
AcDbHatch
 10
0.0
 20
0.0
 30
0.0
210
0.0
220
0.0
230
1.0
  2
ANSI31
 70
0
 71
0
 91
1
 92
3
 72
0
 73
1
 93
4
 10
2.0
 20
-14.847900000000003
 10
2.2
 20
-14.847900000000003
 10
2.2
 20
-14.758000000000003
 10
2.0
 20
-14.758000000000003
 97
0
 75
1
 76
1
 52
0.0
 41
0.02
 77
0
 78
1
 53
45.0
 43
0.0
 44
0.0
 45
-0.0449012806
 46
0.0449012806
 79
0
 98
0
  0
LWPOLYLINE
  5
402
330
17
100
AcDbEntity
  8
DESPERDICIO
100
AcDbPolyline
 90
4
 70
1
 10
2.0
 20
-14.847900000000003
 10
2.2
 20
-14.847900000000003
 10
2.2
 20
-14.758000000000003
 10
2.0
 20
-14.758000000000003
  0
LWPOLYLINE
  5
403
330
17
100
AcDbEntity
  8
BALDOSA
100
AcDbPolyline
 90
4
 70
1
 10
2.4000000000000004
 20
-15.958000000000002
 10
2.6000000000000005
 20
-15.958000000000002
 10
2.6000000000000005
 20
-14.758000000000003
 10
2.4000000000000004
 20
-14.758000000000003
  0
TEXT
  5
404
330
17
100
AcDbEntity
  8
TITULO
100
AcDbText
 10
2.5000000000000004
 20
-14.698000000000002
 30
0.0
 40
0.06
  1
RW-19
 72
1
 11
2.5000000000000004
 21
-14.698000000000002
 31
0.0
100
AcDbText
 73
2
  0
HATCH
  5
405
330
17
100
AcDbEntity
  8
PIEZA
 62
3
100
AcDbHatch
 10
0.0
 20
0.0
 30
0.0
210
0.0
220
0.0
230
1.0
  2
SOLID
 70
1
 71
0
 91
1
 92
3
 72
0
 73
1
 93
4
 10
2.4000000000000004
 20
-15.958000000000002
 10
2.6000000000000005
 20
-15.958000000000002
 10
2.6000000000000005
 20
-14.847900000000003
 10
2.4000000000000004
 20
-14.847900000000003
 97
0
 75
1
 76
1
 98
0
  0
LWPOLYLINE
  5
406
330
17
100
AcDbEntity
  8
PIEZA
100
AcDbPolyline
 90
4
 70
1
 10
2.4000000000000004
 20
-15.958000000000002
 10
2.6000000000000005
 20
-15.958000000000002
 10
2.6000000000000005
 20
-14.847900000000003
 10
2.4000000000000004
 20
-14.847900000000003
  0
TEXT
  5
407
330
17
100
AcDbEntity
  8
PIEZA_TXT
100
AcDbText
 10
2.5000000000000004
 20
-15.402950000000002
 30
0.0
 40
0.05
  1
0.20x1.11
 72
1
 11
2.5000000000000004
 21
-15.402950000000002
 31
0.0
100
AcDbText
 73
2
  0
HATCH
  5
408
330
17
100
AcDbEntity
  8
DESPERDICIO
 62
7
100
AcDbHatch
 10
0.0
 20
0.0
 30
0.0
210
0.0
220
0.0
230
1.0
  2
ANSI31
 70
0
 71
0
 91
1
 92
3
 72
0
 73
1
 93
4
 10
2.4000000000000004
 20
-14.847900000000003
 10
2.6000000000000005
 20
-14.847900000000003
 10
2.6000000000000005
 20
-14.758000000000003
 10
2.4000000000000004
 20
-14.758000000000003
 97
0
 75
1
 76
1
 52
0.0
 41
0.02
 77
0
 78
1
 53
45.0
 43
0.0
 44
0.0
 45
-0.0449012806
 46
0.0449012806
 79
0
 98
0
  0
LWPOLYLINE
  5
409
330
17
100
AcDbEntity
  8
DESPERDICIO
100
AcDbPolyline
 90
4
 70
1
 10
2.4000000000000004
 20
-14.847900000000003
 10
2.6000000000000005
 20
-14.847900000000003
 10
2.6000000000000005
 20
-14.758000000000003
 10
2.4000000000000004
 20
-14.758000000000003
  0
LWPOLYLINE
  5
40A
330
17
100
AcDbEntity
  8
BALDOSA
100
AcDbPolyline
 90
4
 70
1
 10
2.8000000000000003
 20
-15.958000000000002
 10
3.0000000000000004
 20
-15.958000000000002
 10
3.0000000000000004
 20
-14.758000000000003
 10
2.8000000000000003
 20
-14.758000000000003
  0
TEXT
  5
40B
330
17
100
AcDbEntity
  8
TITULO
100
AcDbText
 10
2.9000000000000004
 20
-14.698000000000002
 30
0.0
 40
0.06
  1
RW-20
 72
1
 11
2.9000000000000004
 21
-14.698000000000002
 31
0.0
100
AcDbText
 73
2
  0
HATCH
  5
40C
330
17
100
AcDbEntity
  8
PIEZA
 62
3
100
AcDbHatch
 10
0.0
 20
0.0
 30
0.0
210
0.0
220
0.0
230
1.0
  2
SOLID
 70
1
 71
0
 91
1
 92
3
 72
0
 73
1
 93
4
 10
2.8000000000000003
 20
-15.958000000000002
 10
3.0000000000000004
 20
-15.958000000000002
 10
3.0000000000000004
 20
-14.847900000000003
 10
2.8000000000000003
 20
-14.847900000000003
 97
0
 75
1
 76
1
 98
0
  0
LWPOLYLINE
  5
40D
330
17
100
AcDbEntity
  8
PIEZA
100
AcDbPolyline
 90
4
 70
1
 10
2.8000000000000003
 20
-15.958000000000002
 10
3.0000000000000004
 20
-15.958000000000002
 10
3.0000000000000004
 20
-14.847900000000003
 10
2.8000000000000003
 20
-14.847900000000003
  0
TEXT
  5
40E
330
17
100
AcDbEntity
  8
PIEZA_TXT
100
AcDbText
 10
2.9000000000000004
 20
-15.402950000000002
 30
0.0
 40
0.05
  1
0.20x1.11
 72
1
 11
2.9000000000000004
 21
-15.402950000000002
 31
0.0
100
AcDbText
 73
2
  0
HATCH
  5
40F
330
17
100
AcDbEntity
  8
DESPERDICIO
 62
7
100
AcDbHatch
 10
0.0
 20
0.0
 30
0.0
210
0.0
220
0.0
230
1.0
  2
ANSI31
 70
0
 71
0
 91
1
 92
3
 72
0
 73
1
 93
4
 10
2.8000000000000003
 20
-14.847900000000003
 10
3.0000000000000004
 20
-14.847900000000003
 10
3.0000000000000004
 20
-14.758000000000003
 10
2.8000000000000003
 20
-14.758000000000003
 97
0
 75
1
 76
1
 52
0.0
 41
0.02
 77
0
 78
1
 53
45.0
 43
0.0
 44
0.0
 45
-0.0449012806
 46
0.0449012806
 79
0
 98
0
  0
LWPOLYLINE
  5
410
330
17
100
AcDbEntity
  8
DESPERDICIO
100
AcDbPolyline
 90
4
 70
1
 10
2.8000000000000003
 20
-14.847900000000003
 10
3.0000000000000004
 20
-14.847900000000003
 10
3.0000000000000004
 20
-14.758000000000003
 10
2.8000000000000003
 20
-14.758000000000003
  0
LWPOLYLINE
  5
411
330
17
100
AcDbEntity
  8
BALDOSA
100
AcDbPolyline
 90
4
 70
1
 10
3.2
 20
-15.958000000000002
 10
3.4000000000000004
 20
-15.958000000000002
 10
3.4000000000000004
 20
-14.758000000000003
 10
3.2
 20
-14.758000000000003
  0
TEXT
  5
412
330
17
100
AcDbEntity
  8
TITULO
100
AcDbText
 10
3.3000000000000003
 20
-14.698000000000002
 30
0.0
 40
0.06
  1
RW-21
 72
1
 11
3.3000000000000003
 21
-14.698000000000002
 31
0.0
100
AcDbText
 73
2
  0
HATCH
  5
413
330
17
100
AcDbEntity
  8
PIEZA
 62
3
100
AcDbHatch
 10
0.0
 20
0.0
 30
0.0
210
0.0
220
0.0
230
1.0
  2
SOLID
 70
1
 71
0
 91
1
 92
3
 72
0
 73
1
 93
4
 10
3.2
 20
-15.958000000000002
 10
3.4000000000000004
 20
-15.958000000000002
 10
3.4000000000000004
 20
-14.847900000000003
 10
3.2
 20
-14.847900000000003
 97
0
 75
1
 76
1
 98
0
  0
LWPOLYLINE
  5
414
330
17
100
AcDbEntity
  8
PIEZA
100
AcDbPolyline
 90
4
 70
1
 10
3.2
 20
-15.958000000000002
 10
3.4000000000000004
 20
-15.958000000000002
 10
3.4000000000000004
 20
-14.847900000000003
 10
3.2
 20
-14.847900000000003
  0
TEXT
  5
415
330
17
100
AcDbEntity
  8
PIEZA_TXT
100
AcDbText
 10
3.3000000000000003
 20
-15.402950000000002
 30
0.0
 40
0.05
  1
0.20x1.11
 72
1
 11
3.3000000000000003
 21
-15.402950000000002
 31
0.0
100
AcDbText
 73
2
  0
HATCH
  5
416
330
17
100
AcDbEntity
  8
DESPERDICIO
 62
7
100
AcDbHatch
 10
0.0
 20
0.0
 30
0.0
210
0.0
220
0.0
230
1.0
  2
ANSI31
 70
0
 71
0
 91
1
 92
3
 72
0
 73
1
 93
4
 10
3.2
 20
-14.847900000000003
 10
3.4000000000000004
 20
-14.847900000000003
 10
3.4000000000000004
 20
-14.758000000000003
 10
3.2
 20
-14.758000000000003
 97
0
 75
1
 76
1
 52
0.0
 41
0.02
 77
0
 78
1
 53
45.0
 43
0.0
 44
0.0
 45
-0.0449012806
 46
0.0449012806
 79
0
 98
0
  0
LWPOLYLINE
  5
417
330
17
100
AcDbEntity
  8
DESPERDICIO
100
AcDbPolyline
 90
4
 70
1
 10
3.2
 20
-14.847900000000003
 10
3.4000000000000004
 20
-14.847900000000003
 10
3.4000000000000004
 20
-14.758000000000003
 10
3.2
 20
-14.758000000000003
  0
LWPOLYLINE
  5
418
330
17
100
AcDbEntity
  8
BALDOSA
100
AcDbPolyline
 90
4
 70
1
 10
3.6
 20
-15.958000000000002
 10
3.8000000000000003
 20
-15.958000000000002
 10
3.8000000000000003
 20
-14.758000000000003
 10
3.6
 20
-14.758000000000003
  0
TEXT
  5
419
330
17
100
AcDbEntity
  8
TITULO
100
AcDbText
 10
3.7
 20
-14.698000000000002
 30
0.0
 40
0.06
  1
RW-22
 72
1
 11
3.7
 21
-14.698000000000002
 31
0.0
100
AcDbText
 73
2
  0
HATCH
  5
41A
330
17
100
AcDbEntity
  8
PIEZA
 62
3
100
AcDbHatch
 10
0.0
 20
0.0
 30
0.0
210
0.0
220
0.0
230
1.0
  2
SOLID
 70
1
 71
0
 91
1
 92
3
 72
0
 73
1
 93
4
 10
3.6
 20
-15.958000000000002
 10
3.8000000000000003
 20
-15.958000000000002
 10
3.8000000000000003
 20
-14.848000000000003
 10
3.6
 20
-14.848000000000003
 97
0
 75
1
 76
1
 98
0
  0
LWPOLYLINE
  5
41B
330
17
100
AcDbEntity
  8
PIEZA
100
AcDbPolyline
 90
4
 70
1
 10
3.6
 20
-15.958000000000002
 10
3.8000000000000003
 20
-15.958000000000002
 10
3.8000000000000003
 20
-14.848000000000003
 10
3.6
 20
-14.848000000000003
  0
TEXT
  5
41C
330
17
100
AcDbEntity
  8
PIEZA_TXT
100
AcDbText
 10
3.7
 20
-15.403000000000002
 30
0.0
 40
0.05
  1
0.20x1.11
 72
1
 11
3.7
 21
-15.403000000000002
 31
0.0
100
AcDbText
 73
2
  0
HATCH
  5
41D
330
17
100
AcDbEntity
  8
DESPERDICIO
 62
7
100
AcDbHatch
 10
0.0
 20
0.0
 30
0.0
210
0.0
220
0.0
230
1.0
  2
ANSI31
 70
0
 71
0
 91
1
 92
3
 72
0
 73
1
 93
4
 10
3.6
 20
-14.848000000000003
 10
3.8000000000000003
 20
-14.848000000000003
 10
3.8000000000000003
 20
-14.758000000000003
 10
3.6
 20
-14.758000000000003
 97
0
 75
1
 76
1
 52
0.0
 41
0.02
 77
0
 78
1
 53
45.0
 43
0.0
 44
0.0
 45
-0.0449012806
 46
0.0449012806
 79
0
 98
0
  0
LWPOLYLINE
  5
41E
330
17
100
AcDbEntity
  8
DESPERDICIO
100
AcDbPolyline
 90
4
 70
1
 10
3.6
 20
-14.848000000000003
 10
3.8000000000000003
 20
-14.848000000000003
 10
3.8000000000000003
 20
-14.758000000000003
 10
3.6
 20
-14.758000000000003
  0
LWPOLYLINE
  5
41F
330
17
100
AcDbEntity
  8
BALDOSA
100
AcDbPolyline
 90
4
 70
1
 10
4.0
 20
-15.958000000000002
 10
4.2
 20
-15.958000000000002
 10
4.2
 20
-14.758000000000003
 10
4.0
 20
-14.758000000000003
  0
TEXT
  5
420
330
17
100
AcDbEntity
  8
TITULO
100
AcDbText
 10
4.1
 20
-14.698000000000002
 30
0.0
 40
0.06
  1
RW-23
 72
1
 11
4.1
 21
-14.698000000000002
 31
0.0
100
AcDbText
 73
2
  0
HATCH
  5
421
330
17
100
AcDbEntity
  8
PIEZA
 62
3
100
AcDbHatch
 10
0.0
 20
0.0
 30
0.0
210
0.0
220
0.0
230
1.0
  2
SOLID
 70
1
 71
0
 91
1
 92
3
 72
0
 73
1
 93
4
 10
4.0
 20
-15.958000000000002
 10
4.2
 20
-15.958000000000002
 10
4.2
 20
-14.851000000000003
 10
4.0
 20
-14.851000000000003
 97
0
 75
1
 76
1
 98
0
  0
LWPOLYLINE
  5
422
330
17
100
AcDbEntity
  8
PIEZA
100
AcDbPolyline
 90
4
 70
1
 10
4.0
 20
-15.958000000000002
 10
4.2
 20
-15.958000000000002
 10
4.2
 20
-14.851000000000003
 10
4.0
 20
-14.851000000000003
  0
TEXT
  5
423
330
17
100
AcDbEntity
  8
PIEZA_TXT
100
AcDbText
 10
4.1
 20
-15.404500000000002
 30
0.0
 40
0.05
  1
0.20x1.11
 72
1
 11
4.1
 21
-15.404500000000002
 31
0.0
100
AcDbText
 73
2
  0
HATCH
  5
424
330
17
100
AcDbEntity
  8
DESPERDICIO
 62
7
100
AcDbHatch
 10
0.0
 20
0.0
 30
0.0
210
0.0
220
0.0
230
1.0
  2
ANSI31
 70
0
 71
0
 91
1
 92
3
 72
0
 73
1
 93
4
 10
4.0
 20
-14.851000000000003
 10
4.2
 20
-14.851000000000003
 10
4.2
 20
-14.758000000000003
 10
4.0
 20
-14.758000000000003
 97
0
 75
1
 76
1
 52
0.0
 41
0.02
 77
0
 78
1
 53
45.0
 43
0.0
 44
0.0
 45
-0.0449012806
 46
0.0449012806
 79
0
 98
0
  0
LWPOLYLINE
  5
425
330
17
100
AcDbEntity
  8
DESPERDICIO
100
AcDbPolyline
 90
4
 70
1
 10
4.0
 20
-14.851000000000003
 10
4.2
 20
-14.851000000000003
 10
4.2
 20
-14.758000000000003
 10
4.0
 20
-14.758000000000003
  0
LWPOLYLINE
  5
426
330
17
100
AcDbEntity
  8
BALDOSA
100
AcDbPolyline
 90
4
 70
1
 10
4.4
 20
-15.958000000000002
 10
4.6000000000000005
 20
-15.958000000000002
 10
4.6000000000000005
 20
-14.758000000000003
 10
4.4
 20
-14.758000000000003
  0
TEXT
  5
427
330
17
100
AcDbEntity
  8
TITULO
100
AcDbText
 10
4.5
 20
-14.698000000000002
 30
0.0
 40
0.06
  1
RW-24
 72
1
 11
4.5
 21
-14.698000000000002
 31
0.0
100
AcDbText
 73
2
  0
HATCH
  5
428
330
17
100
AcDbEntity
  8
PIEZA
 62
3
100
AcDbHatch
 10
0.0
 20
0.0
 30
0.0
210
0.0
220
0.0
230
1.0
  2
SOLID
 70
1
 71
0
 91
1
 92
3
 72
0
 73
1
 93
4
 10
4.4
 20
-15.958000000000002
 10
4.6000000000000005
 20
-15.958000000000002
 10
4.6000000000000005
 20
-14.851000000000003
 10
4.4
 20
-14.851000000000003
 97
0
 75
1
 76
1
 98
0
  0
LWPOLYLINE
  5
429
330
17
100
AcDbEntity
  8
PIEZA
100
AcDbPolyline
 90
4
 70
1
 10
4.4
 20
-15.958000000000002
 10
4.6000000000000005
 20
-15.958000000000002
 10
4.6000000000000005
 20
-14.851000000000003
 10
4.4
 20
-14.851000000000003
  0
TEXT
  5
42A
330
17
100
AcDbEntity
  8
PIEZA_TXT
100
AcDbText
 10
4.5
 20
-15.404500000000002
 30
0.0
 40
0.05
  1
0.20x1.11
 72
1
 11
4.5
 21
-15.404500000000002
 31
0.0
100
AcDbText
 73
2
  0
HATCH
  5
42B
330
17
100
AcDbEntity
  8
DESPERDICIO
 62
7
100
AcDbHatch
 10
0.0
 20
0.0
 30
0.0
210
0.0
220
0.0
230
1.0
  2
ANSI31
 70
0
 71
0
 91
1
 92
3
 72
0
 73
1
 93
4
 10
4.4
 20
-14.851000000000003
 10
4.6000000000000005
 20
-14.851000000000003
 10
4.6000000000000005
 20
-14.758000000000003
 10
4.4
 20
-14.758000000000003
 97
0
 75
1
 76
1
 52
0.0
 41
0.02
 77
0
 78
1
 53
45.0
 43
0.0
 44
0.0
 45
-0.0449012806
 46
0.0449012806
 79
0
 98
0
  0
LWPOLYLINE
  5
42C
330
17
100
AcDbEntity
  8
DESPERDICIO
100
AcDbPolyline
 90
4
 70
1
 10
4.4
 20
-14.851000000000003
 10
4.6000000000000005
 20
-14.851000000000003
 10
4.6000000000000005
 20
-14.758000000000003
 10
4.4
 20
-14.758000000000003
  0
LWPOLYLINE
  5
42D
330
17
100
AcDbEntity
  8
BALDOSA
100
AcDbPolyline
 90
4
 70
1
 10
0.0
 20
-17.458000000000002
 10
0.2
 20
-17.458000000000002
 10
0.2
 20
-16.258000000000003
 10
0.0
 20
-16.258000000000003
  0
TEXT
  5
42E
330
17
100
AcDbEntity
  8
TITULO
100
AcDbText
 10
0.1
 20
-16.198000000000004
 30
0.0
 40
0.06
  1
RW-25
 72
1
 11
0.1
 21
-16.198000000000004
 31
0.0
100
AcDbText
 73
2
  0
HATCH
  5
42F
330
17
100
AcDbEntity
  8
PIEZA
 62
3
100
AcDbHatch
 10
0.0
 20
0.0
 30
0.0
210
0.0
220
0.0
230
1.0
  2
SOLID
 70
1
 71
0
 91
1
 92
3
 72
0
 73
1
 93
4
 10
0.0
 20
-17.458000000000002
 10
0.2
 20
-17.458000000000002
 10
0.2
 20
-16.351000000000003
 10
0.0
 20
-16.351000000000003
 97
0
 75
1
 76
1
 98
0
  0
LWPOLYLINE
  5
430
330
17
100
AcDbEntity
  8
PIEZA
100
AcDbPolyline
 90
4
 70
1
 10
0.0
 20
-17.458000000000002
 10
0.2
 20
-17.458000000000002
 10
0.2
 20
-16.351000000000003
 10
0.0
 20
-16.351000000000003
  0
TEXT
  5
431
330
17
100
AcDbEntity
  8
PIEZA_TXT
100
AcDbText
 10
0.1
 20
-16.904500000000002
 30
0.0
 40
0.05
  1
0.20x1.11
 72
1
 11
0.1
 21
-16.904500000000002
 31
0.0
100
AcDbText
 73
2
  0
HATCH
  5
432
330
17
100
AcDbEntity
  8
DESPERDICIO
 62
7
100
AcDbHatch
 10
0.0
 20
0.0
 30
0.0
210
0.0
220
0.0
230
1.0
  2
ANSI31
 70
0
 71
0
 91
1
 92
3
 72
0
 73
1
 93
4
 10
0.0
 20
-16.351000000000003
 10
0.2
 20
-16.351000000000003
 10
0.2
 20
-16.258000000000003
 10
0.0
 20
-16.258000000000003
 97
0
 75
1
 76
1
 52
0.0
 41
0.02
 77
0
 78
1
 53
45.0
 43
0.0
 44
0.0
 45
-0.0449012806
 46
0.0449012806
 79
0
 98
0
  0
LWPOLYLINE
  5
433
330
17
100
AcDbEntity
  8
DESPERDICIO
100
AcDbPolyline
 90
4
 70
1
 10
0.0
 20
-16.351000000000003
 10
0.2
 20
-16.351000000000003
 10
0.2
 20
-16.258000000000003
 10
0.0
 20
-16.258000000000003
  0
LWPOLYLINE
  5
434
330
17
100
AcDbEntity
  8
BALDOSA
100
AcDbPolyline
 90
4
 70
1
 10
0.4
 20
-17.458000000000002
 10
0.6000000000000001
 20
-17.458000000000002
 10
0.6000000000000001
 20
-16.258000000000003
 10
0.4
 20
-16.258000000000003
  0
TEXT
  5
435
330
17
100
AcDbEntity
  8
TITULO
100
AcDbText
 10
0.5
 20
-16.198000000000004
 30
0.0
 40
0.06
  1
RW-26
 72
1
 11
0.5
 21
-16.198000000000004
 31
0.0
100
AcDbText
 73
2
  0
HATCH
  5
436
330
17
100
AcDbEntity
  8
PIEZA
 62
3
100
AcDbHatch
 10
0.0
 20
0.0
 30
0.0
210
0.0
220
0.0
230
1.0
  2
SOLID
 70
1
 71
0
 91
1
 92
3
 72
0
 73
1
 93
4
 10
0.4
 20
-17.458000000000002
 10
0.6000000000000001
 20
-17.458000000000002
 10
0.6000000000000001
 20
-16.351000000000003
 10
0.4
 20
-16.351000000000003
 97
0
 75
1
 76
1
 98
0
  0
LWPOLYLINE
  5
437
330
17
100
AcDbEntity
  8
PIEZA
100
AcDbPolyline
 90
4
 70
1
 10
0.4
 20
-17.458000000000002
 10
0.6000000000000001
 20
-17.458000000000002
 10
0.6000000000000001
 20
-16.351000000000003
 10
0.4
 20
-16.351000000000003
  0
TEXT
  5
438
330
17
100
AcDbEntity
  8
PIEZA_TXT
100
AcDbText
 10
0.5
 20
-16.904500000000002
 30
0.0
 40
0.05
  1
0.20x1.11
 72
1
 11
0.5
 21
-16.904500000000002
 31
0.0
100
AcDbText
 73
2
  0
HATCH
  5
439
330
17
100
AcDbEntity
  8
DESPERDICIO
 62
7
100
AcDbHatch
 10
0.0
 20
0.0
 30
0.0
210
0.0
220
0.0
230
1.0
  2
ANSI31
 70
0
 71
0
 91
1
 92
3
 72
0
 73
1
 93
4
 10
0.4
 20
-16.351000000000003
 10
0.6000000000000001
 20
-16.351000000000003
 10
0.6000000000000001
 20
-16.258000000000003
 10
0.4
 20
-16.258000000000003
 97
0
 75
1
 76
1
 52
0.0
 41
0.02
 77
0
 78
1
 53
45.0
 43
0.0
 44
0.0
 45
-0.0449012806
 46
0.0449012806
 79
0
 98
0
  0
LWPOLYLINE
  5
43A
330
17
100
AcDbEntity
  8
DESPERDICIO
100
AcDbPolyline
 90
4
 70
1
 10
0.4
 20
-16.351000000000003
 10
0.6000000000000001
 20
-16.351000000000003
 10
0.6000000000000001
 20
-16.258000000000003
 10
0.4
 20
-16.258000000000003
  0
LWPOLYLINE
  5
43B
330
17
100
AcDbEntity
  8
BALDOSA
100
AcDbPolyline
 90
4
 70
1
 10
0.8
 20
-17.458000000000002
 10
1.0
 20
-17.458000000000002
 10
1.0
 20
-16.258000000000003
 10
0.8
 20
-16.258000000000003
  0
TEXT
  5
43C
330
17
100
AcDbEntity
  8
TITULO
100
AcDbText
 10
0.9
 20
-16.198000000000004
 30
0.0
 40
0.06
  1
RW-27
 72
1
 11
0.9
 21
-16.198000000000004
 31
0.0
100
AcDbText
 73
2
  0
HATCH
  5
43D
330
17
100
AcDbEntity
  8
PIEZA
 62
3
100
AcDbHatch
 10
0.0
 20
0.0
 30
0.0
210
0.0
220
0.0
230
1.0
  2
SOLID
 70
1
 71
0
 91
1
 92
3
 72
0
 73
1
 93
4
 10
0.8
 20
-17.458000000000002
 10
1.0
 20
-17.458000000000002
 10
1.0
 20
-16.351000000000003
 10
0.8
 20
-16.351000000000003
 97
0
 75
1
 76
1
 98
0
  0
LWPOLYLINE
  5
43E
330
17
100
AcDbEntity
  8
PIEZA
100
AcDbPolyline
 90
4
 70
1
 10
0.8
 20
-17.458000000000002
 10
1.0
 20
-17.458000000000002
 10
1.0
 20
-16.351000000000003
 10
0.8
 20
-16.351000000000003
  0
TEXT
  5
43F
330
17
100
AcDbEntity
  8
PIEZA_TXT
100
AcDbText
 10
0.9
 20
-16.904500000000002
 30
0.0
 40
0.05
  1
0.20x1.11
 72
1
 11
0.9
 21
-16.904500000000002
 31
0.0
100
AcDbText
 73
2
  0
HATCH
  5
440
330
17
100
AcDbEntity
  8
DESPERDICIO
 62
7
100
AcDbHatch
 10
0.0
 20
0.0
 30
0.0
210
0.0
220
0.0
230
1.0
  2
ANSI31
 70
0
 71
0
 91
1
 92
3
 72
0
 73
1
 93
4
 10
0.8
 20
-16.351000000000003
 10
1.0
 20
-16.351000000000003
 10
1.0
 20
-16.258000000000003
 10
0.8
 20
-16.258000000000003
 97
0
 75
1
 76
1
 52
0.0
 41
0.02
 77
0
 78
1
 53
45.0
 43
0.0
 44
0.0
 45
-0.0449012806
 46
0.0449012806
 79
0
 98
0
  0
LWPOLYLINE
  5
441
330
17
100
AcDbEntity
  8
DESPERDICIO
100
AcDbPolyline
 90
4
 70
1
 10
0.8
 20
-16.351000000000003
 10
1.0
 20
-16.351000000000003
 10
1.0
 20
-16.258000000000003
 10
0.8
 20
-16.258000000000003
  0
LWPOLYLINE
  5
442
330
17
100
AcDbEntity
  8
BALDOSA
100
AcDbPolyline
 90
4
 70
1
 10
1.2000000000000002
 20
-17.458000000000002
 10
1.4000000000000001
 20
-17.458000000000002
 10
1.4000000000000001
 20
-16.258000000000003
 10
1.2000000000000002
 20
-16.258000000000003
  0
TEXT
  5
443
330
17
100
AcDbEntity
  8
TITULO
100
AcDbText
 10
1.3000000000000003
 20
-16.198000000000004
 30
0.0
 40
0.06
  1
RW-28
 72
1
 11
1.3000000000000003
 21
-16.198000000000004
 31
0.0
100
AcDbText
 73
2
  0
HATCH
  5
444
330
17
100
AcDbEntity
  8
PIEZA
 62
3
100
AcDbHatch
 10
0.0
 20
0.0
 30
0.0
210
0.0
220
0.0
230
1.0
  2
SOLID
 70
1
 71
0
 91
1
 92
3
 72
0
 73
1
 93
4
 10
1.2000000000000002
 20
-17.458000000000002
 10
1.4000000000000001
 20
-17.458000000000002
 10
1.4000000000000001
 20
-16.351000000000003
 10
1.2000000000000002
 20
-16.351000000000003
 97
0
 75
1
 76
1
 98
0
  0
LWPOLYLINE
  5
445
330
17
100
AcDbEntity
  8
PIEZA
100
AcDbPolyline
 90
4
 70
1
 10
1.2000000000000002
 20
-17.458000000000002
 10
1.4000000000000001
 20
-17.458000000000002
 10
1.4000000000000001
 20
-16.351000000000003
 10
1.2000000000000002
 20
-16.351000000000003
  0
TEXT
  5
446
330
17
100
AcDbEntity
  8
PIEZA_TXT
100
AcDbText
 10
1.3000000000000003
 20
-16.904500000000002
 30
0.0
 40
0.05
  1
0.20x1.11
 72
1
 11
1.3000000000000003
 21
-16.904500000000002
 31
0.0
100
AcDbText
 73
2
  0
HATCH
  5
447
330
17
100
AcDbEntity
  8
DESPERDICIO
 62
7
100
AcDbHatch
 10
0.0
 20
0.0
 30
0.0
210
0.0
220
0.0
230
1.0
  2
ANSI31
 70
0
 71
0
 91
1
 92
3
 72
0
 73
1
 93
4
 10
1.2000000000000002
 20
-16.351000000000003
 10
1.4000000000000001
 20
-16.351000000000003
 10
1.4000000000000001
 20
-16.258000000000003
 10
1.2000000000000002
 20
-16.258000000000003
 97
0
 75
1
 76
1
 52
0.0
 41
0.02
 77
0
 78
1
 53
45.0
 43
0.0
 44
0.0
 45
-0.0449012806
 46
0.0449012806
 79
0
 98
0
  0
LWPOLYLINE
  5
448
330
17
100
AcDbEntity
  8
DESPERDICIO
100
AcDbPolyline
 90
4
 70
1
 10
1.2000000000000002
 20
-16.351000000000003
 10
1.4000000000000001
 20
-16.351000000000003
 10
1.4000000000000001
 20
-16.258000000000003
 10
1.2000000000000002
 20
-16.258000000000003
  0
LWPOLYLINE
  5
449
330
17
100
AcDbEntity
  8
BALDOSA
100
AcDbPolyline
 90
4
 70
1
 10
1.6
 20
-17.458000000000002
 10
1.8
 20
-17.458000000000002
 10
1.8
 20
-16.258000000000003
 10
1.6
 20
-16.258000000000003
  0
TEXT
  5
44A
330
17
100
AcDbEntity
  8
TITULO
100
AcDbText
 10
1.7000000000000002
 20
-16.198000000000004
 30
0.0
 40
0.06
  1
RW-29
 72
1
 11
1.7000000000000002
 21
-16.198000000000004
 31
0.0
100
AcDbText
 73
2
  0
HATCH
  5
44B
330
17
100
AcDbEntity
  8
PIEZA
 62
3
100
AcDbHatch
 10
0.0
 20
0.0
 30
0.0
210
0.0
220
0.0
230
1.0
  2
SOLID
 70
1
 71
0
 91
1
 92
3
 72
0
 73
1
 93
4
 10
1.6
 20
-17.458000000000002
 10
1.8
 20
-17.458000000000002
 10
1.8
 20
-16.351000000000003
 10
1.6
 20
-16.351000000000003
 97
0
 75
1
 76
1
 98
0
  0
LWPOLYLINE
  5
44C
330
17
100
AcDbEntity
  8
PIEZA
100
AcDbPolyline
 90
4
 70
1
 10
1.6
 20
-17.458000000000002
 10
1.8
 20
-17.458000000000002
 10
1.8
 20
-16.351000000000003
 10
1.6
 20
-16.351000000000003
  0
TEXT
  5
44D
330
17
100
AcDbEntity
  8
PIEZA_TXT
100
AcDbText
 10
1.7000000000000002
 20
-16.904500000000002
 30
0.0
 40
0.05
  1
0.20x1.11
 72
1
 11
1.7000000000000002
 21
-16.904500000000002
 31
0.0
100
AcDbText
 73
2
  0
HATCH
  5
44E
330
17
100
AcDbEntity
  8
DESPERDICIO
 62
7
100
AcDbHatch
 10
0.0
 20
0.0
 30
0.0
210
0.0
220
0.0
230
1.0
  2
ANSI31
 70
0
 71
0
 91
1
 92
3
 72
0
 73
1
 93
4
 10
1.6
 20
-16.351000000000003
 10
1.8
 20
-16.351000000000003
 10
1.8
 20
-16.258000000000003
 10
1.6
 20
-16.258000000000003
 97
0
 75
1
 76
1
 52
0.0
 41
0.02
 77
0
 78
1
 53
45.0
 43
0.0
 44
0.0
 45
-0.0449012806
 46
0.0449012806
 79
0
 98
0
  0
LWPOLYLINE
  5
44F
330
17
100
AcDbEntity
  8
DESPERDICIO
100
AcDbPolyline
 90
4
 70
1
 10
1.6
 20
-16.351000000000003
 10
1.8
 20
-16.351000000000003
 10
1.8
 20
-16.258000000000003
 10
1.6
 20
-16.258000000000003
  0
LWPOLYLINE
  5
450
330
17
100
AcDbEntity
  8
BALDOSA
100
AcDbPolyline
 90
4
 70
1
 10
2.0
 20
-17.458000000000002
 10
2.2
 20
-17.458000000000002
 10
2.2
 20
-16.258000000000003
 10
2.0
 20
-16.258000000000003
  0
TEXT
  5
451
330
17
100
AcDbEntity
  8
TITULO
100
AcDbText
 10
2.1
 20
-16.198000000000004
 30
0.0
 40
0.06
  1
RW-30
 72
1
 11
2.1
 21
-16.198000000000004
 31
0.0
100
AcDbText
 73
2
  0
HATCH
  5
452
330
17
100
AcDbEntity
  8
PIEZA
 62
3
100
AcDbHatch
 10
0.0
 20
0.0
 30
0.0
210
0.0
220
0.0
230
1.0
  2
SOLID
 70
1
 71
0
 91
1
 92
3
 72
0
 73
1
 93
4
 10
2.0
 20
-17.458000000000002
 10
2.2
 20
-17.458000000000002
 10
2.2
 20
-16.351000000000003
 10
2.0
 20
-16.351000000000003
 97
0
 75
1
 76
1
 98
0
  0
LWPOLYLINE
  5
453
330
17
100
AcDbEntity
  8
PIEZA
100
AcDbPolyline
 90
4
 70
1
 10
2.0
 20
-17.458000000000002
 10
2.2
 20
-17.458000000000002
 10
2.2
 20
-16.351000000000003
 10
2.0
 20
-16.351000000000003
  0
TEXT
  5
454
330
17
100
AcDbEntity
  8
PIEZA_TXT
100
AcDbText
 10
2.1
 20
-16.904500000000002
 30
0.0
 40
0.05
  1
0.20x1.11
 72
1
 11
2.1
 21
-16.904500000000002
 31
0.0
100
AcDbText
 73
2
  0
HATCH
  5
455
330
17
100
AcDbEntity
  8
DESPERDICIO
 62
7
100
AcDbHatch
 10
0.0
 20
0.0
 30
0.0
210
0.0
220
0.0
230
1.0
  2
ANSI31
 70
0
 71
0
 91
1
 92
3
 72
0
 73
1
 93
4
 10
2.0
 20
-16.351000000000003
 10
2.2
 20
-16.351000000000003
 10
2.2
 20
-16.258000000000003
 10
2.0
 20
-16.258000000000003
 97
0
 75
1
 76
1
 52
0.0
 41
0.02
 77
0
 78
1
 53
45.0
 43
0.0
 44
0.0
 45
-0.0449012806
 46
0.0449012806
 79
0
 98
0
  0
LWPOLYLINE
  5
456
330
17
100
AcDbEntity
  8
DESPERDICIO
100
AcDbPolyline
 90
4
 70
1
 10
2.0
 20
-16.351000000000003
 10
2.2
 20
-16.351000000000003
 10
2.2
 20
-16.258000000000003
 10
2.0
 20
-16.258000000000003
  0
LWPOLYLINE
  5
457
330
17
100
AcDbEntity
  8
BALDOSA
100
AcDbPolyline
 90
4
 70
1
 10
2.4000000000000004
 20
-17.458000000000002
 10
2.6000000000000005
 20
-17.458000000000002
 10
2.6000000000000005
 20
-16.258000000000003
 10
2.4000000000000004
 20
-16.258000000000003
  0
TEXT
  5
458
330
17
100
AcDbEntity
  8
TITULO
100
AcDbText
 10
2.5000000000000004
 20
-16.198000000000004
 30
0.0
 40
0.06
  1
RW-31
 72
1
 11
2.5000000000000004
 21
-16.198000000000004
 31
0.0
100
AcDbText
 73
2
  0
HATCH
  5
459
330
17
100
AcDbEntity
  8
PIEZA
 62
3
100
AcDbHatch
 10
0.0
 20
0.0
 30
0.0
210
0.0
220
0.0
230
1.0
  2
SOLID
 70
1
 71
0
 91
1
 92
3
 72
0
 73
1
 93
4
 10
2.4000000000000004
 20
-17.458000000000002
 10
2.6000000000000005
 20
-17.458000000000002
 10
2.6000000000000005
 20
-16.351000000000003
 10
2.4000000000000004
 20
-16.351000000000003
 97
0
 75
1
 76
1
 98
0
  0
LWPOLYLINE
  5
45A
330
17
100
AcDbEntity
  8
PIEZA
100
AcDbPolyline
 90
4
 70
1
 10
2.4000000000000004
 20
-17.458000000000002
 10
2.6000000000000005
 20
-17.458000000000002
 10
2.6000000000000005
 20
-16.351000000000003
 10
2.4000000000000004
 20
-16.351000000000003
  0
TEXT
  5
45B
330
17
100
AcDbEntity
  8
PIEZA_TXT
100
AcDbText
 10
2.5000000000000004
 20
-16.904500000000002
 30
0.0
 40
0.05
  1
0.20x1.11
 72
1
 11
2.5000000000000004
 21
-16.904500000000002
 31
0.0
100
AcDbText
 73
2
  0
HATCH
  5
45C
330
17
100
AcDbEntity
  8
DESPERDICIO
 62
7
100
AcDbHatch
 10
0.0
 20
0.0
 30
0.0
210
0.0
220
0.0
230
1.0
  2
ANSI31
 70
0
 71
0
 91
1
 92
3
 72
0
 73
1
 93
4
 10
2.4000000000000004
 20
-16.351000000000003
 10
2.6000000000000005
 20
-16.351000000000003
 10
2.6000000000000005
 20
-16.258000000000003
 10
2.4000000000000004
 20
-16.258000000000003
 97
0
 75
1
 76
1
 52
0.0
 41
0.02
 77
0
 78
1
 53
45.0
 43
0.0
 44
0.0
 45
-0.0449012806
 46
0.0449012806
 79
0
 98
0
  0
LWPOLYLINE
  5
45D
330
17
100
AcDbEntity
  8
DESPERDICIO
100
AcDbPolyline
 90
4
 70
1
 10
2.4000000000000004
 20
-16.351000000000003
 10
2.6000000000000005
 20
-16.351000000000003
 10
2.6000000000000005
 20
-16.258000000000003
 10
2.4000000000000004
 20
-16.258000000000003
  0
LWPOLYLINE
  5
45E
330
17
100
AcDbEntity
  8
BALDOSA
100
AcDbPolyline
 90
4
 70
1
 10
2.8000000000000003
 20
-17.458000000000002
 10
3.0000000000000004
 20
-17.458000000000002
 10
3.0000000000000004
 20
-16.258000000000003
 10
2.8000000000000003
 20
-16.258000000000003
  0
TEXT
  5
45F
330
17
100
AcDbEntity
  8
TITULO
100
AcDbText
 10
2.9000000000000004
 20
-16.198000000000004
 30
0.0
 40
0.06
  1
RW-32
 72
1
 11
2.9000000000000004
 21
-16.198000000000004
 31
0.0
100
AcDbText
 73
2
  0
HATCH
  5
460
330
17
100
AcDbEntity
  8
PIEZA
 62
3
100
AcDbHatch
 10
0.0
 20
0.0
 30
0.0
210
0.0
220
0.0
230
1.0
  2
SOLID
 70
1
 71
0
 91
1
 92
3
 72
0
 73
1
 93
4
 10
2.8000000000000003
 20
-17.458000000000002
 10
3.0000000000000004
 20
-17.458000000000002
 10
3.0000000000000004
 20
-16.372000000000003
 10
2.8000000000000003
 20
-16.372000000000003
 97
0
 75
1
 76
1
 98
0
  0
LWPOLYLINE
  5
461
330
17
100
AcDbEntity
  8
PIEZA
100
AcDbPolyline
 90
4
 70
1
 10
2.8000000000000003
 20
-17.458000000000002
 10
3.0000000000000004
 20
-17.458000000000002
 10
3.0000000000000004
 20
-16.372000000000003
 10
2.8000000000000003
 20
-16.372000000000003
  0
TEXT
  5
462
330
17
100
AcDbEntity
  8
PIEZA_TXT
100
AcDbText
 10
2.9000000000000004
 20
-16.915000000000003
 30
0.0
 40
0.05
  1
0.20x1.09
 72
1
 11
2.9000000000000004
 21
-16.915000000000003
 31
0.0
100
AcDbText
 73
2
  0
HATCH
  5
463
330
17
100
AcDbEntity
  8
SOBRANTE
 62
2
100
AcDbHatch
 10
0.0
 20
0.0
 30
0.0
210
0.0
220
0.0
230
1.0
  2
SOLID
 70
1
 71
0
 91
1
 92
3
 72
0
 73
1
 93
4
 10
2.8000000000000003
 20
-16.372000000000003
 10
3.0000000000000004
 20
-16.372000000000003
 10
3.0000000000000004
 20
-16.258000000000003
 10
2.8000000000000003
 20
-16.258000000000003
 97
0
 75
1
 76
1
 98
0
  0
LWPOLYLINE
  5
464
330
17
100
AcDbEntity
  8
SOBRANTE
100
AcDbPolyline
 90
4
 70
1
 10
2.8000000000000003
 20
-16.372000000000003
 10
3.0000000000000004
 20
-16.372000000000003
 10
3.0000000000000004
 20
-16.258000000000003
 10
2.8000000000000003
 20
-16.258000000000003
  0
TEXT
  5
465
330
17
100
AcDbEntity
  8
PIEZA_TXT
100
AcDbText
 10
2.9000000000000004
 20
-16.315000000000005
 30
0.0
 40
0.04
  1
sobra0.20x0.11
 72
1
 11
2.9000000000000004
 21
-16.315000000000005
 31
0.0
100
AcDbText
 73
2
  0
LWPOLYLINE
  5
466
330
17
100
AcDbEntity
  8
BALDOSA
100
AcDbPolyline
 90
4
 70
1
 10
3.2
 20
-17.458000000000002
 10
3.4000000000000004
 20
-17.458000000000002
 10
3.4000000000000004
 20
-16.258000000000003
 10
3.2
 20
-16.258000000000003
  0
TEXT
  5
467
330
17
100
AcDbEntity
  8
TITULO
100
AcDbText
 10
3.3000000000000003
 20
-16.198000000000004
 30
0.0
 40
0.06
  1
RW-33
 72
1
 11
3.3000000000000003
 21
-16.198000000000004
 31
0.0
100
AcDbText
 73
2
  0
HATCH
  5
468
330
17
100
AcDbEntity
  8
PIEZA
 62
3
100
AcDbHatch
 10
0.0
 20
0.0
 30
0.0
210
0.0
220
0.0
230
1.0
  2
SOLID
 70
1
 71
0
 91
1
 92
3
 72
0
 73
1
 93
4
 10
3.2
 20
-17.458000000000002
 10
3.4000000000000004
 20
-17.458000000000002
 10
3.4000000000000004
 20
-16.379600000000003
 10
3.2
 20
-16.379600000000003
 97
0
 75
1
 76
1
 98
0
  0
LWPOLYLINE
  5
469
330
17
100
AcDbEntity
  8
PIEZA
100
AcDbPolyline
 90
4
 70
1
 10
3.2
 20
-17.458000000000002
 10
3.4000000000000004
 20
-17.458000000000002
 10
3.4000000000000004
 20
-16.379600000000003
 10
3.2
 20
-16.379600000000003
  0
TEXT
  5
46A
330
17
100
AcDbEntity
  8
PIEZA_TXT
100
AcDbText
 10
3.3000000000000003
 20
-16.9188
 30
0.0
 40
0.05
  1
0.20x1.08
 72
1
 11
3.3000000000000003
 21
-16.9188
 31
0.0
100
AcDbText
 73
2
  0
HATCH
  5
46B
330
17
100
AcDbEntity
  8
SOBRANTE
 62
2
100
AcDbHatch
 10
0.0
 20
0.0
 30
0.0
210
0.0
220
0.0
230
1.0
  2
SOLID
 70
1
 71
0
 91
1
 92
3
 72
0
 73
1
 93
4
 10
3.2
 20
-16.379600000000003
 10
3.4000000000000004
 20
-16.379600000000003
 10
3.4000000000000004
 20
-16.258000000000003
 10
3.2
 20
-16.258000000000003
 97
0
 75
1
 76
1
 98
0
  0
LWPOLYLINE
  5
46C
330
17
100
AcDbEntity
  8
SOBRANTE
100
AcDbPolyline
 90
4
 70
1
 10
3.2
 20
-16.379600000000003
 10
3.4000000000000004
 20
-16.379600000000003
 10
3.4000000000000004
 20
-16.258000000000003
 10
3.2
 20
-16.258000000000003
  0
TEXT
  5
46D
330
17
100
AcDbEntity
  8
PIEZA_TXT
100
AcDbText
 10
3.3000000000000003
 20
-16.318800000000003
 30
0.0
 40
0.04
  1
sobra0.20x0.12
 72
1
 11
3.3000000000000003
 21
-16.318800000000003
 31
0.0
100
AcDbText
 73
2
  0
LWPOLYLINE
  5
46E
330
17
100
AcDbEntity
  8
BALDOSA
100
AcDbPolyline
 90
4
 70
1
 10
3.6
 20
-17.458000000000002
 10
3.8000000000000003
 20
-17.458000000000002
 10
3.8000000000000003
 20
-16.258000000000003
 10
3.6
 20
-16.258000000000003
  0
TEXT
  5
46F
330
17
100
AcDbEntity
  8
TITULO
100
AcDbText
 10
3.7
 20
-16.198000000000004
 30
0.0
 40
0.06
  1
RW-34
 72
1
 11
3.7
 21
-16.198000000000004
 31
0.0
100
AcDbText
 73
2
  0
HATCH
  5
470
330
17
100
AcDbEntity
  8
PIEZA
 62
3
100
AcDbHatch
 10
0.0
 20
0.0
 30
0.0
210
0.0
220
0.0
230
1.0
  2
SOLID
 70
1
 71
0
 91
1
 92
3
 72
0
 73
1
 93
4
 10
3.6
 20
-17.458000000000002
 10
3.8000000000000003
 20
-17.458000000000002
 10
3.8000000000000003
 20
-16.379600000000003
 10
3.6
 20
-16.379600000000003
 97
0
 75
1
 76
1
 98
0
  0
LWPOLYLINE
  5
471
330
17
100
AcDbEntity
  8
PIEZA
100
AcDbPolyline
 90
4
 70
1
 10
3.6
 20
-17.458000000000002
 10
3.8000000000000003
 20
-17.458000000000002
 10
3.8000000000000003
 20
-16.379600000000003
 10
3.6
 20
-16.379600000000003
  0
TEXT
  5
472
330
17
100
AcDbEntity
  8
PIEZA_TXT
100
AcDbText
 10
3.7
 20
-16.9188
 30
0.0
 40
0.05
  1
0.20x1.08
 72
1
 11
3.7
 21
-16.9188
 31
0.0
100
AcDbText
 73
2
  0
HATCH
  5
473
330
17
100
AcDbEntity
  8
SOBRANTE
 62
2
100
AcDbHatch
 10
0.0
 20
0.0
 30
0.0
210
0.0
220
0.0
230
1.0
  2
SOLID
 70
1
 71
0
 91
1
 92
3
 72
0
 73
1
 93
4
 10
3.6
 20
-16.379600000000003
 10
3.8000000000000003
 20
-16.379600000000003
 10
3.8000000000000003
 20
-16.258000000000003
 10
3.6
 20
-16.258000000000003
 97
0
 75
1
 76
1
 98
0
  0
LWPOLYLINE
  5
474
330
17
100
AcDbEntity
  8
SOBRANTE
100
AcDbPolyline
 90
4
 70
1
 10
3.6
 20
-16.379600000000003
 10
3.8000000000000003
 20
-16.379600000000003
 10
3.8000000000000003
 20
-16.258000000000003
 10
3.6
 20
-16.258000000000003
  0
TEXT
  5
475
330
17
100
AcDbEntity
  8
PIEZA_TXT
100
AcDbText
 10
3.7
 20
-16.318800000000003
 30
0.0
 40
0.04
  1
sobra0.20x0.12
 72
1
 11
3.7
 21
-16.318800000000003
 31
0.0
100
AcDbText
 73
2
  0
LWPOLYLINE
  5
476
330
17
100
AcDbEntity
  8
BALDOSA
100
AcDbPolyline
 90
4
 70
1
 10
4.0
 20
-17.458000000000002
 10
4.2
 20
-17.458000000000002
 10
4.2
 20
-16.258000000000003
 10
4.0
 20
-16.258000000000003
  0
TEXT
  5
477
330
17
100
AcDbEntity
  8
TITULO
100
AcDbText
 10
4.1
 20
-16.198000000000004
 30
0.0
 40
0.06
  1
RW-35
 72
1
 11
4.1
 21
-16.198000000000004
 31
0.0
100
AcDbText
 73
2
  0
HATCH
  5
478
330
17
100
AcDbEntity
  8
PIEZA
 62
3
100
AcDbHatch
 10
0.0
 20
0.0
 30
0.0
210
0.0
220
0.0
230
1.0
  2
SOLID
 70
1
 71
0
 91
1
 92
3
 72
0
 73
1
 93
4
 10
4.0
 20
-17.458000000000002
 10
4.2
 20
-17.458000000000002
 10
4.2
 20
-16.379600000000003
 10
4.0
 20
-16.379600000000003
 97
0
 75
1
 76
1
 98
0
  0
LWPOLYLINE
  5
479
330
17
100
AcDbEntity
  8
PIEZA
100
AcDbPolyline
 90
4
 70
1
 10
4.0
 20
-17.458000000000002
 10
4.2
 20
-17.458000000000002
 10
4.2
 20
-16.379600000000003
 10
4.0
 20
-16.379600000000003
  0
TEXT
  5
47A
330
17
100
AcDbEntity
  8
PIEZA_TXT
100
AcDbText
 10
4.1
 20
-16.9188
 30
0.0
 40
0.05
  1
0.20x1.08
 72
1
 11
4.1
 21
-16.9188
 31
0.0
100
AcDbText
 73
2
  0
HATCH
  5
47B
330
17
100
AcDbEntity
  8
SOBRANTE
 62
2
100
AcDbHatch
 10
0.0
 20
0.0
 30
0.0
210
0.0
220
0.0
230
1.0
  2
SOLID
 70
1
 71
0
 91
1
 92
3
 72
0
 73
1
 93
4
 10
4.0
 20
-16.379600000000003
 10
4.2
 20
-16.379600000000003
 10
4.2
 20
-16.258000000000003
 10
4.0
 20
-16.258000000000003
 97
0
 75
1
 76
1
 98
0
  0
LWPOLYLINE
  5
47C
330
17
100
AcDbEntity
  8
SOBRANTE
100
AcDbPolyline
 90
4
 70
1
 10
4.0
 20
-16.379600000000003
 10
4.2
 20
-16.379600000000003
 10
4.2
 20
-16.258000000000003
 10
4.0
 20
-16.258000000000003
  0
TEXT
  5
47D
330
17
100
AcDbEntity
  8
PIEZA_TXT
100
AcDbText
 10
4.1
 20
-16.318800000000003
 30
0.0
 40
0.04
  1
sobra0.20x0.12
 72
1
 11
4.1
 21
-16.318800000000003
 31
0.0
100
AcDbText
 73
2
  0
LWPOLYLINE
  5
47E
330
17
100
AcDbEntity
  8
BALDOSA
100
AcDbPolyline
 90
4
 70
1
 10
4.4
 20
-17.458000000000002
 10
4.6000000000000005
 20
-17.458000000000002
 10
4.6000000000000005
 20
-16.258000000000003
 10
4.4
 20
-16.258000000000003
  0
TEXT
  5
47F
330
17
100
AcDbEntity
  8
TITULO
100
AcDbText
 10
4.5
 20
-16.198000000000004
 30
0.0
 40
0.06
  1
RW-36
 72
1
 11
4.5
 21
-16.198000000000004
 31
0.0
100
AcDbText
 73
2
  0
HATCH
  5
480
330
17
100
AcDbEntity
  8
PIEZA
 62
3
100
AcDbHatch
 10
0.0
 20
0.0
 30
0.0
210
0.0
220
0.0
230
1.0
  2
SOLID
 70
1
 71
0
 91
1
 92
3
 72
0
 73
1
 93
4
 10
4.4
 20
-17.458000000000002
 10
4.6000000000000005
 20
-17.458000000000002
 10
4.6000000000000005
 20
-16.379600000000003
 10
4.4
 20
-16.379600000000003
 97
0
 75
1
 76
1
 98
0
  0
LWPOLYLINE
  5
481
330
17
100
AcDbEntity
  8
PIEZA
100
AcDbPolyline
 90
4
 70
1
 10
4.4
 20
-17.458000000000002
 10
4.6000000000000005
 20
-17.458000000000002
 10
4.6000000000000005
 20
-16.379600000000003
 10
4.4
 20
-16.379600000000003
  0
TEXT
  5
482
330
17
100
AcDbEntity
  8
PIEZA_TXT
100
AcDbText
 10
4.5
 20
-16.9188
 30
0.0
 40
0.05
  1
0.20x1.08
 72
1
 11
4.5
 21
-16.9188
 31
0.0
100
AcDbText
 73
2
  0
HATCH
  5
483
330
17
100
AcDbEntity
  8
SOBRANTE
 62
2
100
AcDbHatch
 10
0.0
 20
0.0
 30
0.0
210
0.0
220
0.0
230
1.0
  2
SOLID
 70
1
 71
0
 91
1
 92
3
 72
0
 73
1
 93
4
 10
4.4
 20
-16.379600000000003
 10
4.6000000000000005
 20
-16.379600000000003
 10
4.6000000000000005
 20
-16.258000000000003
 10
4.4
 20
-16.258000000000003
 97
0
 75
1
 76
1
 98
0
  0
LWPOLYLINE
  5
484
330
17
100
AcDbEntity
  8
SOBRANTE
100
AcDbPolyline
 90
4
 70
1
 10
4.4
 20
-16.379600000000003
 10
4.6000000000000005
 20
-16.379600000000003
 10
4.6000000000000005
 20
-16.258000000000003
 10
4.4
 20
-16.258000000000003
  0
TEXT
  5
485
330
17
100
AcDbEntity
  8
PIEZA_TXT
100
AcDbText
 10
4.5
 20
-16.318800000000003
 30
0.0
 40
0.04
  1
sobra0.20x0.12
 72
1
 11
4.5
 21
-16.318800000000003
 31
0.0
100
AcDbText
 73
2
  0
LWPOLYLINE
  5
486
330
17
100
AcDbEntity
  8
BALDOSA
100
AcDbPolyline
 90
4
 70
1
 10
0.0
 20
-18.958000000000002
 10
0.2
 20
-18.958000000000002
 10
0.2
 20
-17.758000000000003
 10
0.0
 20
-17.758000000000003
  0
TEXT
  5
487
330
17
100
AcDbEntity
  8
TITULO
100
AcDbText
 10
0.1
 20
-17.698000000000004
 30
0.0
 40
0.06
  1
RW-37
 72
1
 11
0.1
 21
-17.698000000000004
 31
0.0
100
AcDbText
 73
2
  0
HATCH
  5
488
330
17
100
AcDbEntity
  8
PIEZA
 62
3
100
AcDbHatch
 10
0.0
 20
0.0
 30
0.0
210
0.0
220
0.0
230
1.0
  2
SOLID
 70
1
 71
0
 91
1
 92
3
 72
0
 73
1
 93
4
 10
0.0
 20
-18.958000000000002
 10
0.2
 20
-18.958000000000002
 10
0.2
 20
-17.879600000000003
 10
0.0
 20
-17.879600000000003
 97
0
 75
1
 76
1
 98
0
  0
LWPOLYLINE
  5
489
330
17
100
AcDbEntity
  8
PIEZA
100
AcDbPolyline
 90
4
 70
1
 10
0.0
 20
-18.958000000000002
 10
0.2
 20
-18.958000000000002
 10
0.2
 20
-17.879600000000003
 10
0.0
 20
-17.879600000000003
  0
TEXT
  5
48A
330
17
100
AcDbEntity
  8
PIEZA_TXT
100
AcDbText
 10
0.1
 20
-18.4188
 30
0.0
 40
0.05
  1
0.20x1.08
 72
1
 11
0.1
 21
-18.4188
 31
0.0
100
AcDbText
 73
2
  0
HATCH
  5
48B
330
17
100
AcDbEntity
  8
SOBRANTE
 62
2
100
AcDbHatch
 10
0.0
 20
0.0
 30
0.0
210
0.0
220
0.0
230
1.0
  2
SOLID
 70
1
 71
0
 91
1
 92
3
 72
0
 73
1
 93
4
 10
0.0
 20
-17.879600000000003
 10
0.2
 20
-17.879600000000003
 10
0.2
 20
-17.758000000000003
 10
0.0
 20
-17.758000000000003
 97
0
 75
1
 76
1
 98
0
  0
LWPOLYLINE
  5
48C
330
17
100
AcDbEntity
  8
SOBRANTE
100
AcDbPolyline
 90
4
 70
1
 10
0.0
 20
-17.879600000000003
 10
0.2
 20
-17.879600000000003
 10
0.2
 20
-17.758000000000003
 10
0.0
 20
-17.758000000000003
  0
TEXT
  5
48D
330
17
100
AcDbEntity
  8
PIEZA_TXT
100
AcDbText
 10
0.1
 20
-17.818800000000003
 30
0.0
 40
0.04
  1
sobra0.20x0.12
 72
1
 11
0.1
 21
-17.818800000000003
 31
0.0
100
AcDbText
 73
2
  0
LWPOLYLINE
  5
48E
330
17
100
AcDbEntity
  8
BALDOSA
100
AcDbPolyline
 90
4
 70
1
 10
0.4
 20
-18.958000000000002
 10
0.6000000000000001
 20
-18.958000000000002
 10
0.6000000000000001
 20
-17.758000000000003
 10
0.4
 20
-17.758000000000003
  0
TEXT
  5
48F
330
17
100
AcDbEntity
  8
TITULO
100
AcDbText
 10
0.5
 20
-17.698000000000004
 30
0.0
 40
0.06
  1
RW-38
 72
1
 11
0.5
 21
-17.698000000000004
 31
0.0
100
AcDbText
 73
2
  0
HATCH
  5
490
330
17
100
AcDbEntity
  8
PIEZA
 62
3
100
AcDbHatch
 10
0.0
 20
0.0
 30
0.0
210
0.0
220
0.0
230
1.0
  2
SOLID
 70
1
 71
0
 91
1
 92
3
 72
0
 73
1
 93
4
 10
0.4
 20
-18.958000000000002
 10
0.6000000000000001
 20
-18.958000000000002
 10
0.6000000000000001
 20
-17.879600000000003
 10
0.4
 20
-17.879600000000003
 97
0
 75
1
 76
1
 98
0
  0
LWPOLYLINE
  5
491
330
17
100
AcDbEntity
  8
PIEZA
100
AcDbPolyline
 90
4
 70
1
 10
0.4
 20
-18.958000000000002
 10
0.6000000000000001
 20
-18.958000000000002
 10
0.6000000000000001
 20
-17.879600000000003
 10
0.4
 20
-17.879600000000003
  0
TEXT
  5
492
330
17
100
AcDbEntity
  8
PIEZA_TXT
100
AcDbText
 10
0.5
 20
-18.4188
 30
0.0
 40
0.05
  1
0.20x1.08
 72
1
 11
0.5
 21
-18.4188
 31
0.0
100
AcDbText
 73
2
  0
HATCH
  5
493
330
17
100
AcDbEntity
  8
SOBRANTE
 62
2
100
AcDbHatch
 10
0.0
 20
0.0
 30
0.0
210
0.0
220
0.0
230
1.0
  2
SOLID
 70
1
 71
0
 91
1
 92
3
 72
0
 73
1
 93
4
 10
0.4
 20
-17.879600000000003
 10
0.6000000000000001
 20
-17.879600000000003
 10
0.6000000000000001
 20
-17.758000000000003
 10
0.4
 20
-17.758000000000003
 97
0
 75
1
 76
1
 98
0
  0
LWPOLYLINE
  5
494
330
17
100
AcDbEntity
  8
SOBRANTE
100
AcDbPolyline
 90
4
 70
1
 10
0.4
 20
-17.879600000000003
 10
0.6000000000000001
 20
-17.879600000000003
 10
0.6000000000000001
 20
-17.758000000000003
 10
0.4
 20
-17.758000000000003
  0
TEXT
  5
495
330
17
100
AcDbEntity
  8
PIEZA_TXT
100
AcDbText
 10
0.5
 20
-17.818800000000003
 30
0.0
 40
0.04
  1
sobra0.20x0.12
 72
1
 11
0.5
 21
-17.818800000000003
 31
0.0
100
AcDbText
 73
2
  0
LWPOLYLINE
  5
496
330
17
100
AcDbEntity
  8
BALDOSA
100
AcDbPolyline
 90
4
 70
1
 10
0.8
 20
-18.958000000000002
 10
1.0
 20
-18.958000000000002
 10
1.0
 20
-17.758000000000003
 10
0.8
 20
-17.758000000000003
  0
TEXT
  5
497
330
17
100
AcDbEntity
  8
TITULO
100
AcDbText
 10
0.9
 20
-17.698000000000004
 30
0.0
 40
0.06
  1
RW-39
 72
1
 11
0.9
 21
-17.698000000000004
 31
0.0
100
AcDbText
 73
2
  0
HATCH
  5
498
330
17
100
AcDbEntity
  8
PIEZA
 62
3
100
AcDbHatch
 10
0.0
 20
0.0
 30
0.0
210
0.0
220
0.0
230
1.0
  2
SOLID
 70
1
 71
0
 91
1
 92
3
 72
0
 73
1
 93
4
 10
0.8
 20
-18.958000000000002
 10
1.0
 20
-18.958000000000002
 10
1.0
 20
-17.879600000000003
 10
0.8
 20
-17.879600000000003
 97
0
 75
1
 76
1
 98
0
  0
LWPOLYLINE
  5
499
330
17
100
AcDbEntity
  8
PIEZA
100
AcDbPolyline
 90
4
 70
1
 10
0.8
 20
-18.958000000000002
 10
1.0
 20
-18.958000000000002
 10
1.0
 20
-17.879600000000003
 10
0.8
 20
-17.879600000000003
  0
TEXT
  5
49A
330
17
100
AcDbEntity
  8
PIEZA_TXT
100
AcDbText
 10
0.9
 20
-18.4188
 30
0.0
 40
0.05
  1
0.20x1.08
 72
1
 11
0.9
 21
-18.4188
 31
0.0
100
AcDbText
 73
2
  0
HATCH
  5
49B
330
17
100
AcDbEntity
  8
SOBRANTE
 62
2
100
AcDbHatch
 10
0.0
 20
0.0
 30
0.0
210
0.0
220
0.0
230
1.0
  2
SOLID
 70
1
 71
0
 91
1
 92
3
 72
0
 73
1
 93
4
 10
0.8
 20
-17.879600000000003
 10
1.0
 20
-17.879600000000003
 10
1.0
 20
-17.758000000000003
 10
0.8
 20
-17.758000000000003
 97
0
 75
1
 76
1
 98
0
  0
LWPOLYLINE
  5
49C
330
17
100
AcDbEntity
  8
SOBRANTE
100
AcDbPolyline
 90
4
 70
1
 10
0.8
 20
-17.879600000000003
 10
1.0
 20
-17.879600000000003
 10
1.0
 20
-17.758000000000003
 10
0.8
 20
-17.758000000000003
  0
TEXT
  5
49D
330
17
100
AcDbEntity
  8
PIEZA_TXT
100
AcDbText
 10
0.9
 20
-17.818800000000003
 30
0.0
 40
0.04
  1
sobra0.20x0.12
 72
1
 11
0.9
 21
-17.818800000000003
 31
0.0
100
AcDbText
 73
2
  0
LWPOLYLINE
  5
49E
330
17
100
AcDbEntity
  8
BALDOSA
100
AcDbPolyline
 90
4
 70
1
 10
1.2000000000000002
 20
-18.958000000000002
 10
1.4000000000000001
 20
-18.958000000000002
 10
1.4000000000000001
 20
-17.758000000000003
 10
1.2000000000000002
 20
-17.758000000000003
  0
TEXT
  5
49F
330
17
100
AcDbEntity
  8
TITULO
100
AcDbText
 10
1.3000000000000003
 20
-17.698000000000004
 30
0.0
 40
0.06
  1
RW-40
 72
1
 11
1.3000000000000003
 21
-17.698000000000004
 31
0.0
100
AcDbText
 73
2
  0
HATCH
  5
4A0
330
17
100
AcDbEntity
  8
PIEZA
 62
3
100
AcDbHatch
 10
0.0
 20
0.0
 30
0.0
210
0.0
220
0.0
230
1.0
  2
SOLID
 70
1
 71
0
 91
1
 92
3
 72
0
 73
1
 93
4
 10
1.2000000000000002
 20
-18.958000000000002
 10
1.4000000000000001
 20
-18.958000000000002
 10
1.4000000000000001
 20
-17.879600000000003
 10
1.2000000000000002
 20
-17.879600000000003
 97
0
 75
1
 76
1
 98
0
  0
LWPOLYLINE
  5
4A1
330
17
100
AcDbEntity
  8
PIEZA
100
AcDbPolyline
 90
4
 70
1
 10
1.2000000000000002
 20
-18.958000000000002
 10
1.4000000000000001
 20
-18.958000000000002
 10
1.4000000000000001
 20
-17.879600000000003
 10
1.2000000000000002
 20
-17.879600000000003
  0
TEXT
  5
4A2
330
17
100
AcDbEntity
  8
PIEZA_TXT
100
AcDbText
 10
1.3000000000000003
 20
-18.4188
 30
0.0
 40
0.05
  1
0.20x1.08
 72
1
 11
1.3000000000000003
 21
-18.4188
 31
0.0
100
AcDbText
 73
2
  0
HATCH
  5
4A3
330
17
100
AcDbEntity
  8
SOBRANTE
 62
2
100
AcDbHatch
 10
0.0
 20
0.0
 30
0.0
210
0.0
220
0.0
230
1.0
  2
SOLID
 70
1
 71
0
 91
1
 92
3
 72
0
 73
1
 93
4
 10
1.2000000000000002
 20
-17.879600000000003
 10
1.4000000000000001
 20
-17.879600000000003
 10
1.4000000000000001
 20
-17.758000000000003
 10
1.2000000000000002
 20
-17.758000000000003
 97
0
 75
1
 76
1
 98
0
  0
LWPOLYLINE
  5
4A4
330
17
100
AcDbEntity
  8
SOBRANTE
100
AcDbPolyline
 90
4
 70
1
 10
1.2000000000000002
 20
-17.879600000000003
 10
1.4000000000000001
 20
-17.879600000000003
 10
1.4000000000000001
 20
-17.758000000000003
 10
1.2000000000000002
 20
-17.758000000000003
  0
TEXT
  5
4A5
330
17
100
AcDbEntity
  8
PIEZA_TXT
100
AcDbText
 10
1.3000000000000003
 20
-17.818800000000003
 30
0.0
 40
0.04
  1
sobra0.20x0.12
 72
1
 11
1.3000000000000003
 21
-17.818800000000003
 31
0.0
100
AcDbText
 73
2
  0
LWPOLYLINE
  5
4A6
330
17
100
AcDbEntity
  8
BALDOSA
100
AcDbPolyline
 90
4
 70
1
 10
1.6
 20
-18.958000000000002
 10
1.8
 20
-18.958000000000002
 10
1.8
 20
-17.758000000000003
 10
1.6
 20
-17.758000000000003
  0
TEXT
  5
4A7
330
17
100
AcDbEntity
  8
TITULO
100
AcDbText
 10
1.7000000000000002
 20
-17.698000000000004
 30
0.0
 40
0.06
  1
RW-41
 72
1
 11
1.7000000000000002
 21
-17.698000000000004
 31
0.0
100
AcDbText
 73
2
  0
HATCH
  5
4A8
330
17
100
AcDbEntity
  8
PIEZA
 62
3
100
AcDbHatch
 10
0.0
 20
0.0
 30
0.0
210
0.0
220
0.0
230
1.0
  2
SOLID
 70
1
 71
0
 91
1
 92
3
 72
0
 73
1
 93
4
 10
1.6
 20
-18.958000000000002
 10
1.8
 20
-18.958000000000002
 10
1.8
 20
-17.879600000000003
 10
1.6
 20
-17.879600000000003
 97
0
 75
1
 76
1
 98
0
  0
LWPOLYLINE
  5
4A9
330
17
100
AcDbEntity
  8
PIEZA
100
AcDbPolyline
 90
4
 70
1
 10
1.6
 20
-18.958000000000002
 10
1.8
 20
-18.958000000000002
 10
1.8
 20
-17.879600000000003
 10
1.6
 20
-17.879600000000003
  0
TEXT
  5
4AA
330
17
100
AcDbEntity
  8
PIEZA_TXT
100
AcDbText
 10
1.7000000000000002
 20
-18.4188
 30
0.0
 40
0.05
  1
0.20x1.08
 72
1
 11
1.7000000000000002
 21
-18.4188
 31
0.0
100
AcDbText
 73
2
  0
HATCH
  5
4AB
330
17
100
AcDbEntity
  8
SOBRANTE
 62
2
100
AcDbHatch
 10
0.0
 20
0.0
 30
0.0
210
0.0
220
0.0
230
1.0
  2
SOLID
 70
1
 71
0
 91
1
 92
3
 72
0
 73
1
 93
4
 10
1.6
 20
-17.879600000000003
 10
1.8
 20
-17.879600000000003
 10
1.8
 20
-17.758000000000003
 10
1.6
 20
-17.758000000000003
 97
0
 75
1
 76
1
 98
0
  0
LWPOLYLINE
  5
4AC
330
17
100
AcDbEntity
  8
SOBRANTE
100
AcDbPolyline
 90
4
 70
1
 10
1.6
 20
-17.879600000000003
 10
1.8
 20
-17.879600000000003
 10
1.8
 20
-17.758000000000003
 10
1.6
 20
-17.758000000000003
  0
TEXT
  5
4AD
330
17
100
AcDbEntity
  8
PIEZA_TXT
100
AcDbText
 10
1.7000000000000002
 20
-17.818800000000003
 30
0.0
 40
0.04
  1
sobra0.20x0.12
 72
1
 11
1.7000000000000002
 21
-17.818800000000003
 31
0.0
100
AcDbText
 73
2
  0
LWPOLYLINE
  5
4AE
330
17
100
AcDbEntity
  8
BALDOSA
100
AcDbPolyline
 90
4
 70
1
 10
2.0
 20
-18.958000000000002
 10
2.2
 20
-18.958000000000002
 10
2.2
 20
-17.758000000000003
 10
2.0
 20
-17.758000000000003
  0
TEXT
  5
4AF
330
17
100
AcDbEntity
  8
TITULO
100
AcDbText
 10
2.1
 20
-17.698000000000004
 30
0.0
 40
0.06
  1
RW-42
 72
1
 11
2.1
 21
-17.698000000000004
 31
0.0
100
AcDbText
 73
2
  0
HATCH
  5
4B0
330
17
100
AcDbEntity
  8
PIEZA
 62
3
100
AcDbHatch
 10
0.0
 20
0.0
 30
0.0
210
0.0
220
0.0
230
1.0
  2
SOLID
 70
1
 71
0
 91
1
 92
3
 72
0
 73
1
 93
4
 10
2.0
 20
-18.958000000000002
 10
2.2
 20
-18.958000000000002
 10
2.2
 20
-17.879600000000003
 10
2.0
 20
-17.879600000000003
 97
0
 75
1
 76
1
 98
0
  0
LWPOLYLINE
  5
4B1
330
17
100
AcDbEntity
  8
PIEZA
100
AcDbPolyline
 90
4
 70
1
 10
2.0
 20
-18.958000000000002
 10
2.2
 20
-18.958000000000002
 10
2.2
 20
-17.879600000000003
 10
2.0
 20
-17.879600000000003
  0
TEXT
  5
4B2
330
17
100
AcDbEntity
  8
PIEZA_TXT
100
AcDbText
 10
2.1
 20
-18.4188
 30
0.0
 40
0.05
  1
0.20x1.08
 72
1
 11
2.1
 21
-18.4188
 31
0.0
100
AcDbText
 73
2
  0
HATCH
  5
4B3
330
17
100
AcDbEntity
  8
SOBRANTE
 62
2
100
AcDbHatch
 10
0.0
 20
0.0
 30
0.0
210
0.0
220
0.0
230
1.0
  2
SOLID
 70
1
 71
0
 91
1
 92
3
 72
0
 73
1
 93
4
 10
2.0
 20
-17.879600000000003
 10
2.2
 20
-17.879600000000003
 10
2.2
 20
-17.758000000000003
 10
2.0
 20
-17.758000000000003
 97
0
 75
1
 76
1
 98
0
  0
LWPOLYLINE
  5
4B4
330
17
100
AcDbEntity
  8
SOBRANTE
100
AcDbPolyline
 90
4
 70
1
 10
2.0
 20
-17.879600000000003
 10
2.2
 20
-17.879600000000003
 10
2.2
 20
-17.758000000000003
 10
2.0
 20
-17.758000000000003
  0
TEXT
  5
4B5
330
17
100
AcDbEntity
  8
PIEZA_TXT
100
AcDbText
 10
2.1
 20
-17.818800000000003
 30
0.0
 40
0.04
  1
sobra0.20x0.12
 72
1
 11
2.1
 21
-17.818800000000003
 31
0.0
100
AcDbText
 73
2
  0
LWPOLYLINE
  5
4B6
330
17
100
AcDbEntity
  8
BALDOSA
100
AcDbPolyline
 90
4
 70
1
 10
2.4000000000000004
 20
-18.958000000000002
 10
2.6000000000000005
 20
-18.958000000000002
 10
2.6000000000000005
 20
-17.758000000000003
 10
2.4000000000000004
 20
-17.758000000000003
  0
TEXT
  5
4B7
330
17
100
AcDbEntity
  8
TITULO
100
AcDbText
 10
2.5000000000000004
 20
-17.698000000000004
 30
0.0
 40
0.06
  1
RW-43
 72
1
 11
2.5000000000000004
 21
-17.698000000000004
 31
0.0
100
AcDbText
 73
2
  0
HATCH
  5
4B8
330
17
100
AcDbEntity
  8
PIEZA
 62
3
100
AcDbHatch
 10
0.0
 20
0.0
 30
0.0
210
0.0
220
0.0
230
1.0
  2
SOLID
 70
1
 71
0
 91
1
 92
3
 72
0
 73
1
 93
4
 10
2.4000000000000004
 20
-18.958000000000002
 10
2.6000000000000005
 20
-18.958000000000002
 10
2.6000000000000005
 20
-17.879600000000003
 10
2.4000000000000004
 20
-17.879600000000003
 97
0
 75
1
 76
1
 98
0
  0
LWPOLYLINE
  5
4B9
330
17
100
AcDbEntity
  8
PIEZA
100
AcDbPolyline
 90
4
 70
1
 10
2.4000000000000004
 20
-18.958000000000002
 10
2.6000000000000005
 20
-18.958000000000002
 10
2.6000000000000005
 20
-17.879600000000003
 10
2.4000000000000004
 20
-17.879600000000003
  0
TEXT
  5
4BA
330
17
100
AcDbEntity
  8
PIEZA_TXT
100
AcDbText
 10
2.5000000000000004
 20
-18.4188
 30
0.0
 40
0.05
  1
0.20x1.08
 72
1
 11
2.5000000000000004
 21
-18.4188
 31
0.0
100
AcDbText
 73
2
  0
HATCH
  5
4BB
330
17
100
AcDbEntity
  8
SOBRANTE
 62
2
100
AcDbHatch
 10
0.0
 20
0.0
 30
0.0
210
0.0
220
0.0
230
1.0
  2
SOLID
 70
1
 71
0
 91
1
 92
3
 72
0
 73
1
 93
4
 10
2.4000000000000004
 20
-17.879600000000003
 10
2.6000000000000005
 20
-17.879600000000003
 10
2.6000000000000005
 20
-17.758000000000003
 10
2.4000000000000004
 20
-17.758000000000003
 97
0
 75
1
 76
1
 98
0
  0
LWPOLYLINE
  5
4BC
330
17
100
AcDbEntity
  8
SOBRANTE
100
AcDbPolyline
 90
4
 70
1
 10
2.4000000000000004
 20
-17.879600000000003
 10
2.6000000000000005
 20
-17.879600000000003
 10
2.6000000000000005
 20
-17.758000000000003
 10
2.4000000000000004
 20
-17.758000000000003
  0
TEXT
  5
4BD
330
17
100
AcDbEntity
  8
PIEZA_TXT
100
AcDbText
 10
2.5000000000000004
 20
-17.818800000000003
 30
0.0
 40
0.04
  1
sobra0.20x0.12
 72
1
 11
2.5000000000000004
 21
-17.818800000000003
 31
0.0
100
AcDbText
 73
2
  0
LWPOLYLINE
  5
4BE
330
17
100
AcDbEntity
  8
BALDOSA
100
AcDbPolyline
 90
4
 70
1
 10
2.8000000000000003
 20
-18.958000000000002
 10
3.0000000000000004
 20
-18.958000000000002
 10
3.0000000000000004
 20
-17.758000000000003
 10
2.8000000000000003
 20
-17.758000000000003
  0
TEXT
  5
4BF
330
17
100
AcDbEntity
  8
TITULO
100
AcDbText
 10
2.9000000000000004
 20
-17.698000000000004
 30
0.0
 40
0.06
  1
RW-44
 72
1
 11
2.9000000000000004
 21
-17.698000000000004
 31
0.0
100
AcDbText
 73
2
  0
HATCH
  5
4C0
330
17
100
AcDbEntity
  8
PIEZA
 62
3
100
AcDbHatch
 10
0.0
 20
0.0
 30
0.0
210
0.0
220
0.0
230
1.0
  2
SOLID
 70
1
 71
0
 91
1
 92
3
 72
0
 73
1
 93
4
 10
2.8000000000000003
 20
-18.958000000000002
 10
3.0000000000000004
 20
-18.958000000000002
 10
3.0000000000000004
 20
-17.879600000000003
 10
2.8000000000000003
 20
-17.879600000000003
 97
0
 75
1
 76
1
 98
0
  0
LWPOLYLINE
  5
4C1
330
17
100
AcDbEntity
  8
PIEZA
100
AcDbPolyline
 90
4
 70
1
 10
2.8000000000000003
 20
-18.958000000000002
 10
3.0000000000000004
 20
-18.958000000000002
 10
3.0000000000000004
 20
-17.879600000000003
 10
2.8000000000000003
 20
-17.879600000000003
  0
TEXT
  5
4C2
330
17
100
AcDbEntity
  8
PIEZA_TXT
100
AcDbText
 10
2.9000000000000004
 20
-18.4188
 30
0.0
 40
0.05
  1
0.20x1.08
 72
1
 11
2.9000000000000004
 21
-18.4188
 31
0.0
100
AcDbText
 73
2
  0
HATCH
  5
4C3
330
17
100
AcDbEntity
  8
SOBRANTE
 62
2
100
AcDbHatch
 10
0.0
 20
0.0
 30
0.0
210
0.0
220
0.0
230
1.0
  2
SOLID
 70
1
 71
0
 91
1
 92
3
 72
0
 73
1
 93
4
 10
2.8000000000000003
 20
-17.879600000000003
 10
3.0000000000000004
 20
-17.879600000000003
 10
3.0000000000000004
 20
-17.758000000000003
 10
2.8000000000000003
 20
-17.758000000000003
 97
0
 75
1
 76
1
 98
0
  0
LWPOLYLINE
  5
4C4
330
17
100
AcDbEntity
  8
SOBRANTE
100
AcDbPolyline
 90
4
 70
1
 10
2.8000000000000003
 20
-17.879600000000003
 10
3.0000000000000004
 20
-17.879600000000003
 10
3.0000000000000004
 20
-17.758000000000003
 10
2.8000000000000003
 20
-17.758000000000003
  0
TEXT
  5
4C5
330
17
100
AcDbEntity
  8
PIEZA_TXT
100
AcDbText
 10
2.9000000000000004
 20
-17.818800000000003
 30
0.0
 40
0.04
  1
sobra0.20x0.12
 72
1
 11
2.9000000000000004
 21
-17.818800000000003
 31
0.0
100
AcDbText
 73
2
  0
LWPOLYLINE
  5
4C6
330
17
100
AcDbEntity
  8
BALDOSA
100
AcDbPolyline
 90
4
 70
1
 10
3.2
 20
-18.958000000000002
 10
3.4000000000000004
 20
-18.958000000000002
 10
3.4000000000000004
 20
-17.758000000000003
 10
3.2
 20
-17.758000000000003
  0
TEXT
  5
4C7
330
17
100
AcDbEntity
  8
TITULO
100
AcDbText
 10
3.3000000000000003
 20
-17.698000000000004
 30
0.0
 40
0.06
  1
RW-45
 72
1
 11
3.3000000000000003
 21
-17.698000000000004
 31
0.0
100
AcDbText
 73
2
  0
HATCH
  5
4C8
330
17
100
AcDbEntity
  8
PIEZA
 62
3
100
AcDbHatch
 10
0.0
 20
0.0
 30
0.0
210
0.0
220
0.0
230
1.0
  2
SOLID
 70
1
 71
0
 91
1
 92
3
 72
0
 73
1
 93
4
 10
3.2
 20
-18.958000000000002
 10
3.4000000000000004
 20
-18.958000000000002
 10
3.4000000000000004
 20
-17.879600000000003
 10
3.2
 20
-17.879600000000003
 97
0
 75
1
 76
1
 98
0
  0
LWPOLYLINE
  5
4C9
330
17
100
AcDbEntity
  8
PIEZA
100
AcDbPolyline
 90
4
 70
1
 10
3.2
 20
-18.958000000000002
 10
3.4000000000000004
 20
-18.958000000000002
 10
3.4000000000000004
 20
-17.879600000000003
 10
3.2
 20
-17.879600000000003
  0
TEXT
  5
4CA
330
17
100
AcDbEntity
  8
PIEZA_TXT
100
AcDbText
 10
3.3000000000000003
 20
-18.4188
 30
0.0
 40
0.05
  1
0.20x1.08
 72
1
 11
3.3000000000000003
 21
-18.4188
 31
0.0
100
AcDbText
 73
2
  0
HATCH
  5
4CB
330
17
100
AcDbEntity
  8
SOBRANTE
 62
2
100
AcDbHatch
 10
0.0
 20
0.0
 30
0.0
210
0.0
220
0.0
230
1.0
  2
SOLID
 70
1
 71
0
 91
1
 92
3
 72
0
 73
1
 93
4
 10
3.2
 20
-17.879600000000003
 10
3.4000000000000004
 20
-17.879600000000003
 10
3.4000000000000004
 20
-17.758000000000003
 10
3.2
 20
-17.758000000000003
 97
0
 75
1
 76
1
 98
0
  0
LWPOLYLINE
  5
4CC
330
17
100
AcDbEntity
  8
SOBRANTE
100
AcDbPolyline
 90
4
 70
1
 10
3.2
 20
-17.879600000000003
 10
3.4000000000000004
 20
-17.879600000000003
 10
3.4000000000000004
 20
-17.758000000000003
 10
3.2
 20
-17.758000000000003
  0
TEXT
  5
4CD
330
17
100
AcDbEntity
  8
PIEZA_TXT
100
AcDbText
 10
3.3000000000000003
 20
-17.818800000000003
 30
0.0
 40
0.04
  1
sobra0.20x0.12
 72
1
 11
3.3000000000000003
 21
-17.818800000000003
 31
0.0
100
AcDbText
 73
2
  0
LWPOLYLINE
  5
4CE
330
17
100
AcDbEntity
  8
BALDOSA
100
AcDbPolyline
 90
4
 70
1
 10
3.6
 20
-18.958000000000002
 10
3.8000000000000003
 20
-18.958000000000002
 10
3.8000000000000003
 20
-17.758000000000003
 10
3.6
 20
-17.758000000000003
  0
TEXT
  5
4CF
330
17
100
AcDbEntity
  8
TITULO
100
AcDbText
 10
3.7
 20
-17.698000000000004
 30
0.0
 40
0.06
  1
RW-46
 72
1
 11
3.7
 21
-17.698000000000004
 31
0.0
100
AcDbText
 73
2
  0
HATCH
  5
4D0
330
17
100
AcDbEntity
  8
PIEZA
 62
3
100
AcDbHatch
 10
0.0
 20
0.0
 30
0.0
210
0.0
220
0.0
230
1.0
  2
SOLID
 70
1
 71
0
 91
1
 92
3
 72
0
 73
1
 93
4
 10
3.6
 20
-18.958000000000002
 10
3.777
 20
-18.958000000000002
 10
3.777
 20
-17.758000000000003
 10
3.6
 20
-17.758000000000003
 97
0
 75
1
 76
1
 98
0
  0
LWPOLYLINE
  5
4D1
330
17
100
AcDbEntity
  8
PIEZA
100
AcDbPolyline
 90
4
 70
1
 10
3.6
 20
-18.958000000000002
 10
3.777
 20
-18.958000000000002
 10
3.777
 20
-17.758000000000003
 10
3.6
 20
-17.758000000000003
  0
TEXT
  5
4D2
330
17
100
AcDbEntity
  8
PIEZA_TXT
100
AcDbText
 10
3.6885
 20
-18.358
 30
0.0
 40
0.04425
  1
0.18x1.20
 72
1
 11
3.6885
 21
-18.358
 31
0.0
100
AcDbText
 73
2
  0
HATCH
  5
4D3
330
17
100
AcDbEntity
  8
DESPERDICIO
 62
7
100
AcDbHatch
 10
0.0
 20
0.0
 30
0.0
210
0.0
220
0.0
230
1.0
  2
ANSI31
 70
0
 71
0
 91
1
 92
3
 72
0
 73
1
 93
4
 10
3.777
 20
-18.958000000000002
 10
3.8000000000000003
 20
-18.958000000000002
 10
3.8000000000000003
 20
-17.758000000000003
 10
3.777
 20
-17.758000000000003
 97
0
 75
1
 76
1
 52
0.0
 41
0.02
 77
0
 78
1
 53
45.0
 43
0.0
 44
0.0
 45
-0.0449012806
 46
0.0449012806
 79
0
 98
0
  0
LWPOLYLINE
  5
4D4
330
17
100
AcDbEntity
  8
DESPERDICIO
100
AcDbPolyline
 90
4
 70
1
 10
3.777
 20
-18.958000000000002
 10
3.8000000000000003
 20
-18.958000000000002
 10
3.8000000000000003
 20
-17.758000000000003
 10
3.777
 20
-17.758000000000003
  0
LWPOLYLINE
  5
4D5
330
17
100
AcDbEntity
  8
BALDOSA
100
AcDbPolyline
 90
4
 70
1
 10
4.0
 20
-18.958000000000002
 10
4.2
 20
-18.958000000000002
 10
4.2
 20
-17.758000000000003
 10
4.0
 20
-17.758000000000003
  0
TEXT
  5
4D6
330
17
100
AcDbEntity
  8
TITULO
100
AcDbText
 10
4.1
 20
-17.698000000000004
 30
0.0
 40
0.06
  1
RW-47
 72
1
 11
4.1
 21
-17.698000000000004
 31
0.0
100
AcDbText
 73
2
  0
HATCH
  5
4D7
330
17
100
AcDbEntity
  8
PIEZA
 62
3
100
AcDbHatch
 10
0.0
 20
0.0
 30
0.0
210
0.0
220
0.0
230
1.0
  2
SOLID
 70
1
 71
0
 91
1
 92
3
 72
0
 73
1
 93
4
 10
4.0
 20
-18.958000000000002
 10
4.177
 20
-18.958000000000002
 10
4.177
 20
-17.758000000000003
 10
4.0
 20
-17.758000000000003
 97
0
 75
1
 76
1
 98
0
  0
LWPOLYLINE
  5
4D8
330
17
100
AcDbEntity
  8
PIEZA
100
AcDbPolyline
 90
4
 70
1
 10
4.0
 20
-18.958000000000002
 10
4.177
 20
-18.958000000000002
 10
4.177
 20
-17.758000000000003
 10
4.0
 20
-17.758000000000003
  0
TEXT
  5
4D9
330
17
100
AcDbEntity
  8
PIEZA_TXT
100
AcDbText
 10
4.0885
 20
-18.358
 30
0.0
 40
0.04425
  1
0.18x1.20
 72
1
 11
4.0885
 21
-18.358
 31
0.0
100
AcDbText
 73
2
  0
HATCH
  5
4DA
330
17
100
AcDbEntity
  8
DESPERDICIO
 62
7
100
AcDbHatch
 10
0.0
 20
0.0
 30
0.0
210
0.0
220
0.0
230
1.0
  2
ANSI31
 70
0
 71
0
 91
1
 92
3
 72
0
 73
1
 93
4
 10
4.177
 20
-18.958000000000002
 10
4.199999999999999
 20
-18.958000000000002
 10
4.199999999999999
 20
-17.758000000000003
 10
4.177
 20
-17.758000000000003
 97
0
 75
1
 76
1
 52
0.0
 41
0.02
 77
0
 78
1
 53
45.0
 43
0.0
 44
0.0
 45
-0.0449012806
 46
0.0449012806
 79
0
 98
0
  0
LWPOLYLINE
  5
4DB
330
17
100
AcDbEntity
  8
DESPERDICIO
100
AcDbPolyline
 90
4
 70
1
 10
4.177
 20
-18.958000000000002
 10
4.199999999999999
 20
-18.958000000000002
 10
4.199999999999999
 20
-17.758000000000003
 10
4.177
 20
-17.758000000000003
  0
LWPOLYLINE
  5
4DC
330
17
100
AcDbEntity
  8
BALDOSA
100
AcDbPolyline
 90
4
 70
1
 10
4.4
 20
-18.958000000000002
 10
4.6000000000000005
 20
-18.958000000000002
 10
4.6000000000000005
 20
-17.758000000000003
 10
4.4
 20
-17.758000000000003
  0
TEXT
  5
4DD
330
17
100
AcDbEntity
  8
TITULO
100
AcDbText
 10
4.5
 20
-17.698000000000004
 30
0.0
 40
0.06
  1
RW-48
 72
1
 11
4.5
 21
-17.698000000000004
 31
0.0
100
AcDbText
 73
2
  0
HATCH
  5
4DE
330
17
100
AcDbEntity
  8
PIEZA
 62
3
100
AcDbHatch
 10
0.0
 20
0.0
 30
0.0
210
0.0
220
0.0
230
1.0
  2
SOLID
 70
1
 71
0
 91
1
 92
3
 72
0
 73
1
 93
4
 10
4.4
 20
-18.958000000000002
 10
4.6000000000000005
 20
-18.958000000000002
 10
4.6000000000000005
 20
-17.908500000000004
 10
4.4
 20
-17.908500000000004
 97
0
 75
1
 76
1
 98
0
  0
LWPOLYLINE
  5
4DF
330
17
100
AcDbEntity
  8
PIEZA
100
AcDbPolyline
 90
4
 70
1
 10
4.4
 20
-18.958000000000002
 10
4.6000000000000005
 20
-18.958000000000002
 10
4.6000000000000005
 20
-17.908500000000004
 10
4.4
 20
-17.908500000000004
  0
TEXT
  5
4E0
330
17
100
AcDbEntity
  8
PIEZA_TXT
100
AcDbText
 10
4.5
 20
-18.43325
 30
0.0
 40
0.05
  1
0.20x1.05
 72
1
 11
4.5
 21
-18.43325
 31
0.0
100
AcDbText
 73
2
  0
HATCH
  5
4E1
330
17
100
AcDbEntity
  8
SOBRANTE
 62
2
100
AcDbHatch
 10
0.0
 20
0.0
 30
0.0
210
0.0
220
0.0
230
1.0
  2
SOLID
 70
1
 71
0
 91
1
 92
3
 72
0
 73
1
 93
4
 10
4.4
 20
-17.908500000000004
 10
4.6000000000000005
 20
-17.908500000000004
 10
4.6000000000000005
 20
-17.758000000000003
 10
4.4
 20
-17.758000000000003
 97
0
 75
1
 76
1
 98
0
  0
LWPOLYLINE
  5
4E2
330
17
100
AcDbEntity
  8
SOBRANTE
100
AcDbPolyline
 90
4
 70
1
 10
4.4
 20
-17.908500000000004
 10
4.6000000000000005
 20
-17.908500000000004
 10
4.6000000000000005
 20
-17.758000000000003
 10
4.4
 20
-17.758000000000003
  0
TEXT
  5
4E3
330
17
100
AcDbEntity
  8
PIEZA_TXT
100
AcDbText
 10
4.5
 20
-17.833250000000003
 30
0.0
 40
0.04
  1
sobra0.20x0.15
 72
1
 11
4.5
 21
-17.833250000000003
 31
0.0
100
AcDbText
 73
2
  0
LWPOLYLINE
  5
4E4
330
17
100
AcDbEntity
  8
BALDOSA
100
AcDbPolyline
 90
4
 70
1
 10
0.0
 20
-20.458000000000002
 10
0.2
 20
-20.458000000000002
 10
0.2
 20
-19.258000000000003
 10
0.0
 20
-19.258000000000003
  0
TEXT
  5
4E5
330
17
100
AcDbEntity
  8
TITULO
100
AcDbText
 10
0.1
 20
-19.198000000000004
 30
0.0
 40
0.06
  1
RW-49
 72
1
 11
0.1
 21
-19.198000000000004
 31
0.0
100
AcDbText
 73
2
  0
HATCH
  5
4E6
330
17
100
AcDbEntity
  8
PIEZA
 62
3
100
AcDbHatch
 10
0.0
 20
0.0
 30
0.0
210
0.0
220
0.0
230
1.0
  2
SOLID
 70
1
 71
0
 91
1
 92
3
 72
0
 73
1
 93
4
 10
0.0
 20
-20.458000000000002
 10
0.2
 20
-20.458000000000002
 10
0.2
 20
-19.408500000000004
 10
0.0
 20
-19.408500000000004
 97
0
 75
1
 76
1
 98
0
  0
LWPOLYLINE
  5
4E7
330
17
100
AcDbEntity
  8
PIEZA
100
AcDbPolyline
 90
4
 70
1
 10
0.0
 20
-20.458000000000002
 10
0.2
 20
-20.458000000000002
 10
0.2
 20
-19.408500000000004
 10
0.0
 20
-19.408500000000004
  0
TEXT
  5
4E8
330
17
100
AcDbEntity
  8
PIEZA_TXT
100
AcDbText
 10
0.1
 20
-19.93325
 30
0.0
 40
0.05
  1
0.20x1.05
 72
1
 11
0.1
 21
-19.93325
 31
0.0
100
AcDbText
 73
2
  0
HATCH
  5
4E9
330
17
100
AcDbEntity
  8
SOBRANTE
 62
2
100
AcDbHatch
 10
0.0
 20
0.0
 30
0.0
210
0.0
220
0.0
230
1.0
  2
SOLID
 70
1
 71
0
 91
1
 92
3
 72
0
 73
1
 93
4
 10
0.0
 20
-19.408500000000004
 10
0.2
 20
-19.408500000000004
 10
0.2
 20
-19.258000000000003
 10
0.0
 20
-19.258000000000003
 97
0
 75
1
 76
1
 98
0
  0
LWPOLYLINE
  5
4EA
330
17
100
AcDbEntity
  8
SOBRANTE
100
AcDbPolyline
 90
4
 70
1
 10
0.0
 20
-19.408500000000004
 10
0.2
 20
-19.408500000000004
 10
0.2
 20
-19.258000000000003
 10
0.0
 20
-19.258000000000003
  0
TEXT
  5
4EB
330
17
100
AcDbEntity
  8
PIEZA_TXT
100
AcDbText
 10
0.1
 20
-19.333250000000003
 30
0.0
 40
0.04
  1
sobra0.20x0.15
 72
1
 11
0.1
 21
-19.333250000000003
 31
0.0
100
AcDbText
 73
2
  0
LWPOLYLINE
  5
4EC
330
17
100
AcDbEntity
  8
BALDOSA
100
AcDbPolyline
 90
4
 70
1
 10
0.4
 20
-20.458000000000002
 10
0.6000000000000001
 20
-20.458000000000002
 10
0.6000000000000001
 20
-19.258000000000003
 10
0.4
 20
-19.258000000000003
  0
TEXT
  5
4ED
330
17
100
AcDbEntity
  8
TITULO
100
AcDbText
 10
0.5
 20
-19.198000000000004
 30
0.0
 40
0.06
  1
RW-50
 72
1
 11
0.5
 21
-19.198000000000004
 31
0.0
100
AcDbText
 73
2
  0
HATCH
  5
4EE
330
17
100
AcDbEntity
  8
PIEZA
 62
3
100
AcDbHatch
 10
0.0
 20
0.0
 30
0.0
210
0.0
220
0.0
230
1.0
  2
SOLID
 70
1
 71
0
 91
1
 92
3
 72
0
 73
1
 93
4
 10
0.4
 20
-20.458000000000002
 10
0.6000000000000001
 20
-20.458000000000002
 10
0.6000000000000001
 20
-19.408500000000004
 10
0.4
 20
-19.408500000000004
 97
0
 75
1
 76
1
 98
0
  0
LWPOLYLINE
  5
4EF
330
17
100
AcDbEntity
  8
PIEZA
100
AcDbPolyline
 90
4
 70
1
 10
0.4
 20
-20.458000000000002
 10
0.6000000000000001
 20
-20.458000000000002
 10
0.6000000000000001
 20
-19.408500000000004
 10
0.4
 20
-19.408500000000004
  0
TEXT
  5
4F0
330
17
100
AcDbEntity
  8
PIEZA_TXT
100
AcDbText
 10
0.5
 20
-19.93325
 30
0.0
 40
0.05
  1
0.20x1.05
 72
1
 11
0.5
 21
-19.93325
 31
0.0
100
AcDbText
 73
2
  0
HATCH
  5
4F1
330
17
100
AcDbEntity
  8
SOBRANTE
 62
2
100
AcDbHatch
 10
0.0
 20
0.0
 30
0.0
210
0.0
220
0.0
230
1.0
  2
SOLID
 70
1
 71
0
 91
1
 92
3
 72
0
 73
1
 93
4
 10
0.4
 20
-19.408500000000004
 10
0.6000000000000001
 20
-19.408500000000004
 10
0.6000000000000001
 20
-19.258000000000003
 10
0.4
 20
-19.258000000000003
 97
0
 75
1
 76
1
 98
0
  0
LWPOLYLINE
  5
4F2
330
17
100
AcDbEntity
  8
SOBRANTE
100
AcDbPolyline
 90
4
 70
1
 10
0.4
 20
-19.408500000000004
 10
0.6000000000000001
 20
-19.408500000000004
 10
0.6000000000000001
 20
-19.258000000000003
 10
0.4
 20
-19.258000000000003
  0
TEXT
  5
4F3
330
17
100
AcDbEntity
  8
PIEZA_TXT
100
AcDbText
 10
0.5
 20
-19.333250000000003
 30
0.0
 40
0.04
  1
sobra0.20x0.15
 72
1
 11
0.5
 21
-19.333250000000003
 31
0.0
100
AcDbText
 73
2
  0
LWPOLYLINE
  5
4F4
330
17
100
AcDbEntity
  8
BALDOSA
100
AcDbPolyline
 90
4
 70
1
 10
0.8
 20
-20.458000000000002
 10
1.0
 20
-20.458000000000002
 10
1.0
 20
-19.258000000000003
 10
0.8
 20
-19.258000000000003
  0
TEXT
  5
4F5
330
17
100
AcDbEntity
  8
TITULO
100
AcDbText
 10
0.9
 20
-19.198000000000004
 30
0.0
 40
0.06
  1
RW-51
 72
1
 11
0.9
 21
-19.198000000000004
 31
0.0
100
AcDbText
 73
2
  0
HATCH
  5
4F6
330
17
100
AcDbEntity
  8
PIEZA
 62
3
100
AcDbHatch
 10
0.0
 20
0.0
 30
0.0
210
0.0
220
0.0
230
1.0
  2
SOLID
 70
1
 71
0
 91
1
 92
3
 72
0
 73
1
 93
4
 10
0.8
 20
-20.458000000000002
 10
1.0
 20
-20.458000000000002
 10
1.0
 20
-19.408500000000004
 10
0.8
 20
-19.408500000000004
 97
0
 75
1
 76
1
 98
0
  0
LWPOLYLINE
  5
4F7
330
17
100
AcDbEntity
  8
PIEZA
100
AcDbPolyline
 90
4
 70
1
 10
0.8
 20
-20.458000000000002
 10
1.0
 20
-20.458000000000002
 10
1.0
 20
-19.408500000000004
 10
0.8
 20
-19.408500000000004
  0
TEXT
  5
4F8
330
17
100
AcDbEntity
  8
PIEZA_TXT
100
AcDbText
 10
0.9
 20
-19.93325
 30
0.0
 40
0.05
  1
0.20x1.05
 72
1
 11
0.9
 21
-19.93325
 31
0.0
100
AcDbText
 73
2
  0
HATCH
  5
4F9
330
17
100
AcDbEntity
  8
SOBRANTE
 62
2
100
AcDbHatch
 10
0.0
 20
0.0
 30
0.0
210
0.0
220
0.0
230
1.0
  2
SOLID
 70
1
 71
0
 91
1
 92
3
 72
0
 73
1
 93
4
 10
0.8
 20
-19.408500000000004
 10
1.0
 20
-19.408500000000004
 10
1.0
 20
-19.258000000000003
 10
0.8
 20
-19.258000000000003
 97
0
 75
1
 76
1
 98
0
  0
LWPOLYLINE
  5
4FA
330
17
100
AcDbEntity
  8
SOBRANTE
100
AcDbPolyline
 90
4
 70
1
 10
0.8
 20
-19.408500000000004
 10
1.0
 20
-19.408500000000004
 10
1.0
 20
-19.258000000000003
 10
0.8
 20
-19.258000000000003
  0
TEXT
  5
4FB
330
17
100
AcDbEntity
  8
PIEZA_TXT
100
AcDbText
 10
0.9
 20
-19.333250000000003
 30
0.0
 40
0.04
  1
sobra0.20x0.15
 72
1
 11
0.9
 21
-19.333250000000003
 31
0.0
100
AcDbText
 73
2
  0
LWPOLYLINE
  5
4FC
330
17
100
AcDbEntity
  8
BALDOSA
100
AcDbPolyline
 90
4
 70
1
 10
1.2000000000000002
 20
-20.458000000000002
 10
1.4000000000000001
 20
-20.458000000000002
 10
1.4000000000000001
 20
-19.258000000000003
 10
1.2000000000000002
 20
-19.258000000000003
  0
TEXT
  5
4FD
330
17
100
AcDbEntity
  8
TITULO
100
AcDbText
 10
1.3000000000000003
 20
-19.198000000000004
 30
0.0
 40
0.06
  1
RW-52
 72
1
 11
1.3000000000000003
 21
-19.198000000000004
 31
0.0
100
AcDbText
 73
2
  0
HATCH
  5
4FE
330
17
100
AcDbEntity
  8
PIEZA
 62
3
100
AcDbHatch
 10
0.0
 20
0.0
 30
0.0
210
0.0
220
0.0
230
1.0
  2
SOLID
 70
1
 71
0
 91
1
 92
3
 72
0
 73
1
 93
4
 10
1.2000000000000002
 20
-20.458000000000002
 10
1.4000000000000001
 20
-20.458000000000002
 10
1.4000000000000001
 20
-19.408500000000004
 10
1.2000000000000002
 20
-19.408500000000004
 97
0
 75
1
 76
1
 98
0
  0
LWPOLYLINE
  5
4FF
330
17
100
AcDbEntity
  8
PIEZA
100
AcDbPolyline
 90
4
 70
1
 10
1.2000000000000002
 20
-20.458000000000002
 10
1.4000000000000001
 20
-20.458000000000002
 10
1.4000000000000001
 20
-19.408500000000004
 10
1.2000000000000002
 20
-19.408500000000004
  0
TEXT
  5
500
330
17
100
AcDbEntity
  8
PIEZA_TXT
100
AcDbText
 10
1.3000000000000003
 20
-19.93325
 30
0.0
 40
0.05
  1
0.20x1.05
 72
1
 11
1.3000000000000003
 21
-19.93325
 31
0.0
100
AcDbText
 73
2
  0
HATCH
  5
501
330
17
100
AcDbEntity
  8
SOBRANTE
 62
2
100
AcDbHatch
 10
0.0
 20
0.0
 30
0.0
210
0.0
220
0.0
230
1.0
  2
SOLID
 70
1
 71
0
 91
1
 92
3
 72
0
 73
1
 93
4
 10
1.2000000000000002
 20
-19.408500000000004
 10
1.4000000000000001
 20
-19.408500000000004
 10
1.4000000000000001
 20
-19.258000000000003
 10
1.2000000000000002
 20
-19.258000000000003
 97
0
 75
1
 76
1
 98
0
  0
LWPOLYLINE
  5
502
330
17
100
AcDbEntity
  8
SOBRANTE
100
AcDbPolyline
 90
4
 70
1
 10
1.2000000000000002
 20
-19.408500000000004
 10
1.4000000000000001
 20
-19.408500000000004
 10
1.4000000000000001
 20
-19.258000000000003
 10
1.2000000000000002
 20
-19.258000000000003
  0
TEXT
  5
503
330
17
100
AcDbEntity
  8
PIEZA_TXT
100
AcDbText
 10
1.3000000000000003
 20
-19.333250000000003
 30
0.0
 40
0.04
  1
sobra0.20x0.15
 72
1
 11
1.3000000000000003
 21
-19.333250000000003
 31
0.0
100
AcDbText
 73
2
  0
LWPOLYLINE
  5
504
330
17
100
AcDbEntity
  8
BALDOSA
100
AcDbPolyline
 90
4
 70
1
 10
1.6
 20
-20.458000000000002
 10
1.8
 20
-20.458000000000002
 10
1.8
 20
-19.258000000000003
 10
1.6
 20
-19.258000000000003
  0
TEXT
  5
505
330
17
100
AcDbEntity
  8
TITULO
100
AcDbText
 10
1.7000000000000002
 20
-19.198000000000004
 30
0.0
 40
0.06
  1
RW-53
 72
1
 11
1.7000000000000002
 21
-19.198000000000004
 31
0.0
100
AcDbText
 73
2
  0
HATCH
  5
506
330
17
100
AcDbEntity
  8
PIEZA
 62
3
100
AcDbHatch
 10
0.0
 20
0.0
 30
0.0
210
0.0
220
0.0
230
1.0
  2
SOLID
 70
1
 71
0
 91
1
 92
3
 72
0
 73
1
 93
4
 10
1.6
 20
-20.458000000000002
 10
1.8
 20
-20.458000000000002
 10
1.8
 20
-19.408500000000004
 10
1.6
 20
-19.408500000000004
 97
0
 75
1
 76
1
 98
0
  0
LWPOLYLINE
  5
507
330
17
100
AcDbEntity
  8
PIEZA
100
AcDbPolyline
 90
4
 70
1
 10
1.6
 20
-20.458000000000002
 10
1.8
 20
-20.458000000000002
 10
1.8
 20
-19.408500000000004
 10
1.6
 20
-19.408500000000004
  0
TEXT
  5
508
330
17
100
AcDbEntity
  8
PIEZA_TXT
100
AcDbText
 10
1.7000000000000002
 20
-19.93325
 30
0.0
 40
0.05
  1
0.20x1.05
 72
1
 11
1.7000000000000002
 21
-19.93325
 31
0.0
100
AcDbText
 73
2
  0
HATCH
  5
509
330
17
100
AcDbEntity
  8
SOBRANTE
 62
2
100
AcDbHatch
 10
0.0
 20
0.0
 30
0.0
210
0.0
220
0.0
230
1.0
  2
SOLID
 70
1
 71
0
 91
1
 92
3
 72
0
 73
1
 93
4
 10
1.6
 20
-19.408500000000004
 10
1.8
 20
-19.408500000000004
 10
1.8
 20
-19.258000000000003
 10
1.6
 20
-19.258000000000003
 97
0
 75
1
 76
1
 98
0
  0
LWPOLYLINE
  5
50A
330
17
100
AcDbEntity
  8
SOBRANTE
100
AcDbPolyline
 90
4
 70
1
 10
1.6
 20
-19.408500000000004
 10
1.8
 20
-19.408500000000004
 10
1.8
 20
-19.258000000000003
 10
1.6
 20
-19.258000000000003
  0
TEXT
  5
50B
330
17
100
AcDbEntity
  8
PIEZA_TXT
100
AcDbText
 10
1.7000000000000002
 20
-19.333250000000003
 30
0.0
 40
0.04
  1
sobra0.20x0.15
 72
1
 11
1.7000000000000002
 21
-19.333250000000003
 31
0.0
100
AcDbText
 73
2
  0
LWPOLYLINE
  5
50C
330
17
100
AcDbEntity
  8
BALDOSA
100
AcDbPolyline
 90
4
 70
1
 10
2.0
 20
-20.458000000000002
 10
2.2
 20
-20.458000000000002
 10
2.2
 20
-19.258000000000003
 10
2.0
 20
-19.258000000000003
  0
TEXT
  5
50D
330
17
100
AcDbEntity
  8
TITULO
100
AcDbText
 10
2.1
 20
-19.198000000000004
 30
0.0
 40
0.06
  1
RW-54
 72
1
 11
2.1
 21
-19.198000000000004
 31
0.0
100
AcDbText
 73
2
  0
HATCH
  5
50E
330
17
100
AcDbEntity
  8
PIEZA
 62
3
100
AcDbHatch
 10
0.0
 20
0.0
 30
0.0
210
0.0
220
0.0
230
1.0
  2
SOLID
 70
1
 71
0
 91
1
 92
3
 72
0
 73
1
 93
4
 10
2.0
 20
-20.458000000000002
 10
2.182
 20
-20.458000000000002
 10
2.182
 20
-19.338
 10
2.0
 20
-19.338
 97
0
 75
1
 76
1
 98
0
  0
LWPOLYLINE
  5
50F
330
17
100
AcDbEntity
  8
PIEZA
100
AcDbPolyline
 90
4
 70
1
 10
2.0
 20
-20.458000000000002
 10
2.182
 20
-20.458000000000002
 10
2.182
 20
-19.338
 10
2.0
 20
-19.338
  0
TEXT
  5
510
330
17
100
AcDbEntity
  8
PIEZA_TXT
100
AcDbText
 10
2.091
 20
-19.898000000000003
 30
0.0
 40
0.0455
  1
0.18x1.12
 72
1
 11
2.091
 21
-19.898000000000003
 31
0.0
100
AcDbText
 73
2
  0
HATCH
  5
511
330
17
100
AcDbEntity
  8
DESPERDICIO
 62
7
100
AcDbHatch
 10
0.0
 20
0.0
 30
0.0
210
0.0
220
0.0
230
1.0
  2
ANSI31
 70
0
 71
0
 91
1
 92
3
 72
0
 73
1
 93
4
 10
2.182
 20
-20.458000000000002
 10
2.2
 20
-20.458000000000002
 10
2.2
 20
-19.258000000000003
 10
2.182
 20
-19.258000000000003
 97
0
 75
1
 76
1
 52
0.0
 41
0.02
 77
0
 78
1
 53
45.0
 43
0.0
 44
0.0
 45
-0.0449012806
 46
0.0449012806
 79
0
 98
0
  0
LWPOLYLINE
  5
512
330
17
100
AcDbEntity
  8
DESPERDICIO
100
AcDbPolyline
 90
4
 70
1
 10
2.182
 20
-20.458000000000002
 10
2.2
 20
-20.458000000000002
 10
2.2
 20
-19.258000000000003
 10
2.182
 20
-19.258000000000003
  0
HATCH
  5
513
330
17
100
AcDbEntity
  8
DESPERDICIO
 62
7
100
AcDbHatch
 10
0.0
 20
0.0
 30
0.0
210
0.0
220
0.0
230
1.0
  2
ANSI31
 70
0
 71
0
 91
1
 92
3
 72
0
 73
1
 93
4
 10
2.0
 20
-19.338
 10
2.182
 20
-19.338
 10
2.182
 20
-19.258000000000003
 10
2.0
 20
-19.258000000000003
 97
0
 75
1
 76
1
 52
0.0
 41
0.02
 77
0
 78
1
 53
45.0
 43
0.0
 44
0.0
 45
-0.0449012806
 46
0.0449012806
 79
0
 98
0
  0
LWPOLYLINE
  5
514
330
17
100
AcDbEntity
  8
DESPERDICIO
100
AcDbPolyline
 90
4
 70
1
 10
2.0
 20
-19.338
 10
2.182
 20
-19.338
 10
2.182
 20
-19.258000000000003
 10
2.0
 20
-19.258000000000003
  0
LWPOLYLINE
  5
515
330
17
100
AcDbEntity
  8
BALDOSA
100
AcDbPolyline
 90
4
 70
1
 10
2.4000000000000004
 20
-20.458000000000002
 10
2.6000000000000005
 20
-20.458000000000002
 10
2.6000000000000005
 20
-19.258000000000003
 10
2.4000000000000004
 20
-19.258000000000003
  0
TEXT
  5
516
330
17
100
AcDbEntity
  8
TITULO
100
AcDbText
 10
2.5000000000000004
 20
-19.198000000000004
 30
0.0
 40
0.06
  1
RW-55
 72
1
 11
2.5000000000000004
 21
-19.198000000000004
 31
0.0
100
AcDbText
 73
2
  0
HATCH
  5
517
330
17
100
AcDbEntity
  8
PIEZA
 62
3
100
AcDbHatch
 10
0.0
 20
0.0
 30
0.0
210
0.0
220
0.0
230
1.0
  2
SOLID
 70
1
 71
0
 91
1
 92
3
 72
0
 73
1
 93
4
 10
2.4000000000000004
 20
-20.458000000000002
 10
2.6000000000000005
 20
-20.458000000000002
 10
2.6000000000000005
 20
-19.440800000000003
 10
2.4000000000000004
 20
-19.440800000000003
 97
0
 75
1
 76
1
 98
0
  0
LWPOLYLINE
  5
518
330
17
100
AcDbEntity
  8
PIEZA
100
AcDbPolyline
 90
4
 70
1
 10
2.4000000000000004
 20
-20.458000000000002
 10
2.6000000000000005
 20
-20.458000000000002
 10
2.6000000000000005
 20
-19.440800000000003
 10
2.4000000000000004
 20
-19.440800000000003
  0
TEXT
  5
519
330
17
100
AcDbEntity
  8
PIEZA_TXT
100
AcDbText
 10
2.5000000000000004
 20
-19.9494
 30
0.0
 40
0.05
  1
0.20x1.02
 72
1
 11
2.5000000000000004
 21
-19.9494
 31
0.0
100
AcDbText
 73
2
  0
HATCH
  5
51A
330
17
100
AcDbEntity
  8
SOBRANTE
 62
2
100
AcDbHatch
 10
0.0
 20
0.0
 30
0.0
210
0.0
220
0.0
230
1.0
  2
SOLID
 70
1
 71
0
 91
1
 92
3
 72
0
 73
1
 93
4
 10
2.4000000000000004
 20
-19.440800000000003
 10
2.6000000000000005
 20
-19.440800000000003
 10
2.6000000000000005
 20
-19.258000000000003
 10
2.4000000000000004
 20
-19.258000000000003
 97
0
 75
1
 76
1
 98
0
  0
LWPOLYLINE
  5
51B
330
17
100
AcDbEntity
  8
SOBRANTE
100
AcDbPolyline
 90
4
 70
1
 10
2.4000000000000004
 20
-19.440800000000003
 10
2.6000000000000005
 20
-19.440800000000003
 10
2.6000000000000005
 20
-19.258000000000003
 10
2.4000000000000004
 20
-19.258000000000003
  0
TEXT
  5
51C
330
17
100
AcDbEntity
  8
PIEZA_TXT
100
AcDbText
 10
2.5000000000000004
 20
-19.349400000000003
 30
0.0
 40
0.04
  1
sobra0.20x0.18
 72
1
 11
2.5000000000000004
 21
-19.349400000000003
 31
0.0
100
AcDbText
 73
2
  0
LWPOLYLINE
  5
51D
330
17
100
AcDbEntity
  8
BALDOSA
100
AcDbPolyline
 90
4
 70
1
 10
2.8000000000000003
 20
-20.458000000000002
 10
3.0000000000000004
 20
-20.458000000000002
 10
3.0000000000000004
 20
-19.258000000000003
 10
2.8000000000000003
 20
-19.258000000000003
  0
TEXT
  5
51E
330
17
100
AcDbEntity
  8
TITULO
100
AcDbText
 10
2.9000000000000004
 20
-19.198000000000004
 30
0.0
 40
0.06
  1
RW-56
 72
1
 11
2.9000000000000004
 21
-19.198000000000004
 31
0.0
100
AcDbText
 73
2
  0
HATCH
  5
51F
330
17
100
AcDbEntity
  8
PIEZA
 62
3
100
AcDbHatch
 10
0.0
 20
0.0
 30
0.0
210
0.0
220
0.0
230
1.0
  2
SOLID
 70
1
 71
0
 91
1
 92
3
 72
0
 73
1
 93
4
 10
2.8000000000000003
 20
-20.458000000000002
 10
3.0000000000000004
 20
-20.458000000000002
 10
3.0000000000000004
 20
-19.441100000000002
 10
2.8000000000000003
 20
-19.441100000000002
 97
0
 75
1
 76
1
 98
0
  0
LWPOLYLINE
  5
520
330
17
100
AcDbEntity
  8
PIEZA
100
AcDbPolyline
 90
4
 70
1
 10
2.8000000000000003
 20
-20.458000000000002
 10
3.0000000000000004
 20
-20.458000000000002
 10
3.0000000000000004
 20
-19.441100000000002
 10
2.8000000000000003
 20
-19.441100000000002
  0
TEXT
  5
521
330
17
100
AcDbEntity
  8
PIEZA_TXT
100
AcDbText
 10
2.9000000000000004
 20
-19.949550000000002
 30
0.0
 40
0.05
  1
0.20x1.02
 72
1
 11
2.9000000000000004
 21
-19.949550000000002
 31
0.0
100
AcDbText
 73
2
  0
HATCH
  5
522
330
17
100
AcDbEntity
  8
SOBRANTE
 62
2
100
AcDbHatch
 10
0.0
 20
0.0
 30
0.0
210
0.0
220
0.0
230
1.0
  2
SOLID
 70
1
 71
0
 91
1
 92
3
 72
0
 73
1
 93
4
 10
2.8000000000000003
 20
-19.441100000000002
 10
3.0000000000000004
 20
-19.441100000000002
 10
3.0000000000000004
 20
-19.258000000000003
 10
2.8000000000000003
 20
-19.258000000000003
 97
0
 75
1
 76
1
 98
0
  0
LWPOLYLINE
  5
523
330
17
100
AcDbEntity
  8
SOBRANTE
100
AcDbPolyline
 90
4
 70
1
 10
2.8000000000000003
 20
-19.441100000000002
 10
3.0000000000000004
 20
-19.441100000000002
 10
3.0000000000000004
 20
-19.258000000000003
 10
2.8000000000000003
 20
-19.258000000000003
  0
TEXT
  5
524
330
17
100
AcDbEntity
  8
PIEZA_TXT
100
AcDbText
 10
2.9000000000000004
 20
-19.34955
 30
0.0
 40
0.04
  1
sobra0.20x0.18
 72
1
 11
2.9000000000000004
 21
-19.34955
 31
0.0
100
AcDbText
 73
2
  0
LWPOLYLINE
  5
525
330
17
100
AcDbEntity
  8
BALDOSA
100
AcDbPolyline
 90
4
 70
1
 10
3.2
 20
-20.458000000000002
 10
3.4000000000000004
 20
-20.458000000000002
 10
3.4000000000000004
 20
-19.258000000000003
 10
3.2
 20
-19.258000000000003
  0
TEXT
  5
526
330
17
100
AcDbEntity
  8
TITULO
100
AcDbText
 10
3.3000000000000003
 20
-19.198000000000004
 30
0.0
 40
0.06
  1
RW-57
 72
1
 11
3.3000000000000003
 21
-19.198000000000004
 31
0.0
100
AcDbText
 73
2
  0
HATCH
  5
527
330
17
100
AcDbEntity
  8
PIEZA
 62
3
100
AcDbHatch
 10
0.0
 20
0.0
 30
0.0
210
0.0
220
0.0
230
1.0
  2
SOLID
 70
1
 71
0
 91
1
 92
3
 72
0
 73
1
 93
4
 10
3.2
 20
-20.458000000000002
 10
3.4000000000000004
 20
-20.458000000000002
 10
3.4000000000000004
 20
-19.4414
 10
3.2
 20
-19.4414
 97
0
 75
1
 76
1
 98
0
  0
LWPOLYLINE
  5
528
330
17
100
AcDbEntity
  8
PIEZA
100
AcDbPolyline
 90
4
 70
1
 10
3.2
 20
-20.458000000000002
 10
3.4000000000000004
 20
-20.458000000000002
 10
3.4000000000000004
 20
-19.4414
 10
3.2
 20
-19.4414
  0
TEXT
  5
529
330
17
100
AcDbEntity
  8
PIEZA_TXT
100
AcDbText
 10
3.3000000000000003
 20
-19.949700000000004
 30
0.0
 40
0.05
  1
0.20x1.02
 72
1
 11
3.3000000000000003
 21
-19.949700000000004
 31
0.0
100
AcDbText
 73
2
  0
HATCH
  5
52A
330
17
100
AcDbEntity
  8
SOBRANTE
 62
2
100
AcDbHatch
 10
0.0
 20
0.0
 30
0.0
210
0.0
220
0.0
230
1.0
  2
SOLID
 70
1
 71
0
 91
1
 92
3
 72
0
 73
1
 93
4
 10
3.2
 20
-19.4414
 10
3.4000000000000004
 20
-19.4414
 10
3.4000000000000004
 20
-19.258000000000003
 10
3.2
 20
-19.258000000000003
 97
0
 75
1
 76
1
 98
0
  0
LWPOLYLINE
  5
52B
330
17
100
AcDbEntity
  8
SOBRANTE
100
AcDbPolyline
 90
4
 70
1
 10
3.2
 20
-19.4414
 10
3.4000000000000004
 20
-19.4414
 10
3.4000000000000004
 20
-19.258000000000003
 10
3.2
 20
-19.258000000000003
  0
TEXT
  5
52C
330
17
100
AcDbEntity
  8
PIEZA_TXT
100
AcDbText
 10
3.3000000000000003
 20
-19.349700000000002
 30
0.0
 40
0.04
  1
sobra0.20x0.18
 72
1
 11
3.3000000000000003
 21
-19.349700000000002
 31
0.0
100
AcDbText
 73
2
  0
LWPOLYLINE
  5
52D
330
17
100
AcDbEntity
  8
BALDOSA
100
AcDbPolyline
 90
4
 70
1
 10
3.6
 20
-20.458000000000002
 10
3.8000000000000003
 20
-20.458000000000002
 10
3.8000000000000003
 20
-19.258000000000003
 10
3.6
 20
-19.258000000000003
  0
TEXT
  5
52E
330
17
100
AcDbEntity
  8
TITULO
100
AcDbText
 10
3.7
 20
-19.198000000000004
 30
0.0
 40
0.06
  1
RW-58
 72
1
 11
3.7
 21
-19.198000000000004
 31
0.0
100
AcDbText
 73
2
  0
HATCH
  5
52F
330
17
100
AcDbEntity
  8
PIEZA
 62
3
100
AcDbHatch
 10
0.0
 20
0.0
 30
0.0
210
0.0
220
0.0
230
1.0
  2
SOLID
 70
1
 71
0
 91
1
 92
3
 72
0
 73
1
 93
4
 10
3.6
 20
-20.458000000000002
 10
3.8000000000000003
 20
-20.458000000000002
 10
3.8000000000000003
 20
-19.4417
 10
3.6
 20
-19.4417
 97
0
 75
1
 76
1
 98
0
  0
LWPOLYLINE
  5
530
330
17
100
AcDbEntity
  8
PIEZA
100
AcDbPolyline
 90
4
 70
1
 10
3.6
 20
-20.458000000000002
 10
3.8000000000000003
 20
-20.458000000000002
 10
3.8000000000000003
 20
-19.4417
 10
3.6
 20
-19.4417
  0
TEXT
  5
531
330
17
100
AcDbEntity
  8
PIEZA_TXT
100
AcDbText
 10
3.7
 20
-19.94985
 30
0.0
 40
0.05
  1
0.20x1.02
 72
1
 11
3.7
 21
-19.94985
 31
0.0
100
AcDbText
 73
2
  0
HATCH
  5
532
330
17
100
AcDbEntity
  8
SOBRANTE
 62
2
100
AcDbHatch
 10
0.0
 20
0.0
 30
0.0
210
0.0
220
0.0
230
1.0
  2
SOLID
 70
1
 71
0
 91
1
 92
3
 72
0
 73
1
 93
4
 10
3.6
 20
-19.4417
 10
3.8000000000000003
 20
-19.4417
 10
3.8000000000000003
 20
-19.258000000000003
 10
3.6
 20
-19.258000000000003
 97
0
 75
1
 76
1
 98
0
  0
LWPOLYLINE
  5
533
330
17
100
AcDbEntity
  8
SOBRANTE
100
AcDbPolyline
 90
4
 70
1
 10
3.6
 20
-19.4417
 10
3.8000000000000003
 20
-19.4417
 10
3.8000000000000003
 20
-19.258000000000003
 10
3.6
 20
-19.258000000000003
  0
TEXT
  5
534
330
17
100
AcDbEntity
  8
PIEZA_TXT
100
AcDbText
 10
3.7
 20
-19.34985
 30
0.0
 40
0.04
  1
sobra0.20x0.18
 72
1
 11
3.7
 21
-19.34985
 31
0.0
100
AcDbText
 73
2
  0
LWPOLYLINE
  5
535
330
17
100
AcDbEntity
  8
BALDOSA
100
AcDbPolyline
 90
4
 70
1
 10
4.0
 20
-20.458000000000002
 10
4.2
 20
-20.458000000000002
 10
4.2
 20
-19.258000000000003
 10
4.0
 20
-19.258000000000003
  0
TEXT
  5
536
330
17
100
AcDbEntity
  8
TITULO
100
AcDbText
 10
4.1
 20
-19.198000000000004
 30
0.0
 40
0.06
  1
RW-59
 72
1
 11
4.1
 21
-19.198000000000004
 31
0.0
100
AcDbText
 73
2
  0
HATCH
  5
537
330
17
100
AcDbEntity
  8
PIEZA
 62
3
100
AcDbHatch
 10
0.0
 20
0.0
 30
0.0
210
0.0
220
0.0
230
1.0
  2
SOLID
 70
1
 71
0
 91
1
 92
3
 72
0
 73
1
 93
4
 10
4.0
 20
-20.458000000000002
 10
4.2
 20
-20.458000000000002
 10
4.2
 20
-19.442
 10
4.0
 20
-19.442
 97
0
 75
1
 76
1
 98
0
  0
LWPOLYLINE
  5
538
330
17
100
AcDbEntity
  8
PIEZA
100
AcDbPolyline
 90
4
 70
1
 10
4.0
 20
-20.458000000000002
 10
4.2
 20
-20.458000000000002
 10
4.2
 20
-19.442
 10
4.0
 20
-19.442
  0
TEXT
  5
539
330
17
100
AcDbEntity
  8
PIEZA_TXT
100
AcDbText
 10
4.1
 20
-19.950000000000003
 30
0.0
 40
0.05
  1
0.20x1.02
 72
1
 11
4.1
 21
-19.950000000000003
 31
0.0
100
AcDbText
 73
2
  0
HATCH
  5
53A
330
17
100
AcDbEntity
  8
SOBRANTE
 62
2
100
AcDbHatch
 10
0.0
 20
0.0
 30
0.0
210
0.0
220
0.0
230
1.0
  2
SOLID
 70
1
 71
0
 91
1
 92
3
 72
0
 73
1
 93
4
 10
4.0
 20
-19.442
 10
4.2
 20
-19.442
 10
4.2
 20
-19.258
 10
4.0
 20
-19.258
 97
0
 75
1
 76
1
 98
0
  0
LWPOLYLINE
  5
53B
330
17
100
AcDbEntity
  8
SOBRANTE
100
AcDbPolyline
 90
4
 70
1
 10
4.0
 20
-19.442
 10
4.2
 20
-19.442
 10
4.2
 20
-19.258
 10
4.0
 20
-19.258
  0
TEXT
  5
53C
330
17
100
AcDbEntity
  8
PIEZA_TXT
100
AcDbText
 10
4.1
 20
-19.35
 30
0.0
 40
0.04
  1
sobra0.20x0.18
 72
1
 11
4.1
 21
-19.35
 31
0.0
100
AcDbText
 73
2
  0
LWPOLYLINE
  5
53D
330
17
100
AcDbEntity
  8
BALDOSA
100
AcDbPolyline
 90
4
 70
1
 10
4.4
 20
-20.458000000000002
 10
4.6000000000000005
 20
-20.458000000000002
 10
4.6000000000000005
 20
-19.258000000000003
 10
4.4
 20
-19.258000000000003
  0
TEXT
  5
53E
330
17
100
AcDbEntity
  8
TITULO
100
AcDbText
 10
4.5
 20
-19.198000000000004
 30
0.0
 40
0.06
  1
RW-60
 72
1
 11
4.5
 21
-19.198000000000004
 31
0.0
100
AcDbText
 73
2
  0
HATCH
  5
53F
330
17
100
AcDbEntity
  8
PIEZA
 62
3
100
AcDbHatch
 10
0.0
 20
0.0
 30
0.0
210
0.0
220
0.0
230
1.0
  2
SOLID
 70
1
 71
0
 91
1
 92
3
 72
0
 73
1
 93
4
 10
4.4
 20
-20.458000000000002
 10
4.6000000000000005
 20
-20.458000000000002
 10
4.6000000000000005
 20
-19.442300000000003
 10
4.4
 20
-19.442300000000003
 97
0
 75
1
 76
1
 98
0
  0
LWPOLYLINE
  5
540
330
17
100
AcDbEntity
  8
PIEZA
100
AcDbPolyline
 90
4
 70
1
 10
4.4
 20
-20.458000000000002
 10
4.6000000000000005
 20
-20.458000000000002
 10
4.6000000000000005
 20
-19.442300000000003
 10
4.4
 20
-19.442300000000003
  0
TEXT
  5
541
330
17
100
AcDbEntity
  8
PIEZA_TXT
100
AcDbText
 10
4.5
 20
-19.95015
 30
0.0
 40
0.05
  1
0.20x1.02
 72
1
 11
4.5
 21
-19.95015
 31
0.0
100
AcDbText
 73
2
  0
HATCH
  5
542
330
17
100
AcDbEntity
  8
SOBRANTE
 62
2
100
AcDbHatch
 10
0.0
 20
0.0
 30
0.0
210
0.0
220
0.0
230
1.0
  2
SOLID
 70
1
 71
0
 91
1
 92
3
 72
0
 73
1
 93
4
 10
4.4
 20
-19.442300000000003
 10
4.6000000000000005
 20
-19.442300000000003
 10
4.6000000000000005
 20
-19.258000000000003
 10
4.4
 20
-19.258000000000003
 97
0
 75
1
 76
1
 98
0
  0
LWPOLYLINE
  5
543
330
17
100
AcDbEntity
  8
SOBRANTE
100
AcDbPolyline
 90
4
 70
1
 10
4.4
 20
-19.442300000000003
 10
4.6000000000000005
 20
-19.442300000000003
 10
4.6000000000000005
 20
-19.258000000000003
 10
4.4
 20
-19.258000000000003
  0
TEXT
  5
544
330
17
100
AcDbEntity
  8
PIEZA_TXT
100
AcDbText
 10
4.5
 20
-19.350150000000003
 30
0.0
 40
0.04
  1
sobra0.20x0.18
 72
1
 11
4.5
 21
-19.350150000000003
 31
0.0
100
AcDbText
 73
2
  0
LWPOLYLINE
  5
545
330
17
100
AcDbEntity
  8
BALDOSA
100
AcDbPolyline
 90
4
 70
1
 10
0.0
 20
-21.958000000000002
 10
0.2
 20
-21.958000000000002
 10
0.2
 20
-20.758000000000003
 10
0.0
 20
-20.758000000000003
  0
TEXT
  5
546
330
17
100
AcDbEntity
  8
TITULO
100
AcDbText
 10
0.1
 20
-20.698000000000004
 30
0.0
 40
0.06
  1
RW-61
 72
1
 11
0.1
 21
-20.698000000000004
 31
0.0
100
AcDbText
 73
2
  0
HATCH
  5
547
330
17
100
AcDbEntity
  8
PIEZA
 62
3
100
AcDbHatch
 10
0.0
 20
0.0
 30
0.0
210
0.0
220
0.0
230
1.0
  2
SOLID
 70
1
 71
0
 91
1
 92
3
 72
0
 73
1
 93
4
 10
0.0
 20
-21.958000000000002
 10
0.177
 20
-21.958000000000002
 10
0.177
 20
-20.908500000000004
 10
0.0
 20
-20.908500000000004
 97
0
 75
1
 76
1
 98
0
  0
LWPOLYLINE
  5
548
330
17
100
AcDbEntity
  8
PIEZA
100
AcDbPolyline
 90
4
 70
1
 10
0.0
 20
-21.958000000000002
 10
0.177
 20
-21.958000000000002
 10
0.177
 20
-20.908500000000004
 10
0.0
 20
-20.908500000000004
  0
TEXT
  5
549
330
17
100
AcDbEntity
  8
PIEZA_TXT
100
AcDbText
 10
0.0885
 20
-21.43325
 30
0.0
 40
0.04425
  1
0.18x1.05
 72
1
 11
0.0885
 21
-21.43325
 31
0.0
100
AcDbText
 73
2
  0
HATCH
  5
54A
330
17
100
AcDbEntity
  8
SOBRANTE
 62
2
100
AcDbHatch
 10
0.0
 20
0.0
 30
0.0
210
0.0
220
0.0
230
1.0
  2
SOLID
 70
1
 71
0
 91
1
 92
3
 72
0
 73
1
 93
4
 10
0.0
 20
-20.908500000000004
 10
0.2
 20
-20.908500000000004
 10
0.2
 20
-20.758000000000003
 10
0.0
 20
-20.758000000000003
 97
0
 75
1
 76
1
 98
0
  0
LWPOLYLINE
  5
54B
330
17
100
AcDbEntity
  8
SOBRANTE
100
AcDbPolyline
 90
4
 70
1
 10
0.0
 20
-20.908500000000004
 10
0.2
 20
-20.908500000000004
 10
0.2
 20
-20.758000000000003
 10
0.0
 20
-20.758000000000003
  0
TEXT
  5
54C
330
17
100
AcDbEntity
  8
PIEZA_TXT
100
AcDbText
 10
0.1
 20
-20.833250000000003
 30
0.0
 40
0.04
  1
sobra0.20x0.15
 72
1
 11
0.1
 21
-20.833250000000003
 31
0.0
100
AcDbText
 73
2
  0
HATCH
  5
54D
330
17
100
AcDbEntity
  8
DESPERDICIO
 62
7
100
AcDbHatch
 10
0.0
 20
0.0
 30
0.0
210
0.0
220
0.0
230
1.0
  2
ANSI31
 70
0
 71
0
 91
1
 92
3
 72
0
 73
1
 93
4
 10
0.177
 20
-21.958000000000002
 10
0.2
 20
-21.958000000000002
 10
0.2
 20
-20.908500000000004
 10
0.177
 20
-20.908500000000004
 97
0
 75
1
 76
1
 52
0.0
 41
0.02
 77
0
 78
1
 53
45.0
 43
0.0
 44
0.0
 45
-0.0449012806
 46
0.0449012806
 79
0
 98
0
  0
LWPOLYLINE
  5
54E
330
17
100
AcDbEntity
  8
DESPERDICIO
100
AcDbPolyline
 90
4
 70
1
 10
0.177
 20
-21.958000000000002
 10
0.2
 20
-21.958000000000002
 10
0.2
 20
-20.908500000000004
 10
0.177
 20
-20.908500000000004
  0
LWPOLYLINE
  5
54F
330
17
100
AcDbEntity
  8
BALDOSA
100
AcDbPolyline
 90
4
 70
1
 10
0.4
 20
-21.958000000000002
 10
0.6000000000000001
 20
-21.958000000000002
 10
0.6000000000000001
 20
-20.758000000000003
 10
0.4
 20
-20.758000000000003
  0
TEXT
  5
550
330
17
100
AcDbEntity
  8
TITULO
100
AcDbText
 10
0.5
 20
-20.698000000000004
 30
0.0
 40
0.06
  1
RW-62
 72
1
 11
0.5
 21
-20.698000000000004
 31
0.0
100
AcDbText
 73
2
  0
HATCH
  5
551
330
17
100
AcDbEntity
  8
PIEZA
 62
3
100
AcDbHatch
 10
0.0
 20
0.0
 30
0.0
210
0.0
220
0.0
230
1.0
  2
SOLID
 70
1
 71
0
 91
1
 92
3
 72
0
 73
1
 93
4
 10
0.4
 20
-21.958000000000002
 10
0.577
 20
-21.958000000000002
 10
0.577
 20
-20.940700000000003
 10
0.4
 20
-20.940700000000003
 97
0
 75
1
 76
1
 98
0
  0
LWPOLYLINE
  5
552
330
17
100
AcDbEntity
  8
PIEZA
100
AcDbPolyline
 90
4
 70
1
 10
0.4
 20
-21.958000000000002
 10
0.577
 20
-21.958000000000002
 10
0.577
 20
-20.940700000000003
 10
0.4
 20
-20.940700000000003
  0
TEXT
  5
553
330
17
100
AcDbEntity
  8
PIEZA_TXT
100
AcDbText
 10
0.48850000000000005
 20
-21.449350000000003
 30
0.0
 40
0.04425
  1
0.18x1.02
 72
1
 11
0.48850000000000005
 21
-21.449350000000003
 31
0.0
100
AcDbText
 73
2
  0
HATCH
  5
554
330
17
100
AcDbEntity
  8
SOBRANTE
 62
2
100
AcDbHatch
 10
0.0
 20
0.0
 30
0.0
210
0.0
220
0.0
230
1.0
  2
SOLID
 70
1
 71
0
 91
1
 92
3
 72
0
 73
1
 93
4
 10
0.4
 20
-20.940700000000003
 10
0.6000000000000001
 20
-20.940700000000003
 10
0.6000000000000001
 20
-20.758000000000003
 10
0.4
 20
-20.758000000000003
 97
0
 75
1
 76
1
 98
0
  0
LWPOLYLINE
  5
555
330
17
100
AcDbEntity
  8
SOBRANTE
100
AcDbPolyline
 90
4
 70
1
 10
0.4
 20
-20.940700000000003
 10
0.6000000000000001
 20
-20.940700000000003
 10
0.6000000000000001
 20
-20.758000000000003
 10
0.4
 20
-20.758000000000003
  0
TEXT
  5
556
330
17
100
AcDbEntity
  8
PIEZA_TXT
100
AcDbText
 10
0.5
 20
-20.849350000000005
 30
0.0
 40
0.04
  1
sobra0.20x0.18
 72
1
 11
0.5
 21
-20.849350000000005
 31
0.0
100
AcDbText
 73
2
  0
HATCH
  5
557
330
17
100
AcDbEntity
  8
DESPERDICIO
 62
7
100
AcDbHatch
 10
0.0
 20
0.0
 30
0.0
210
0.0
220
0.0
230
1.0
  2
ANSI31
 70
0
 71
0
 91
1
 92
3
 72
0
 73
1
 93
4
 10
0.577
 20
-21.958000000000002
 10
0.6
 20
-21.958000000000002
 10
0.6
 20
-20.940700000000003
 10
0.577
 20
-20.940700000000003
 97
0
 75
1
 76
1
 52
0.0
 41
0.02
 77
0
 78
1
 53
45.0
 43
0.0
 44
0.0
 45
-0.0449012806
 46
0.0449012806
 79
0
 98
0
  0
LWPOLYLINE
  5
558
330
17
100
AcDbEntity
  8
DESPERDICIO
100
AcDbPolyline
 90
4
 70
1
 10
0.577
 20
-21.958000000000002
 10
0.6
 20
-21.958000000000002
 10
0.6
 20
-20.940700000000003
 10
0.577
 20
-20.940700000000003
  0
LWPOLYLINE
  5
559
330
17
100
AcDbEntity
  8
BALDOSA
100
AcDbPolyline
 90
4
 70
1
 10
0.8
 20
-21.958000000000002
 10
1.0
 20
-21.958000000000002
 10
1.0
 20
-20.758000000000003
 10
0.8
 20
-20.758000000000003
  0
TEXT
  5
55A
330
17
100
AcDbEntity
  8
TITULO
100
AcDbText
 10
0.9
 20
-20.698000000000004
 30
0.0
 40
0.06
  1
RW-63
 72
1
 11
0.9
 21
-20.698000000000004
 31
0.0
100
AcDbText
 73
2
  0
HATCH
  5
55B
330
17
100
AcDbEntity
  8
PIEZA
 62
3
100
AcDbHatch
 10
0.0
 20
0.0
 30
0.0
210
0.0
220
0.0
230
1.0
  2
SOLID
 70
1
 71
0
 91
1
 92
3
 72
0
 73
1
 93
4
 10
0.8
 20
-21.958000000000002
 10
1.0
 20
-21.958000000000002
 10
1.0
 20
-21.270000000000003
 10
0.8
 20
-21.270000000000003
 97
0
 75
1
 76
1
 98
0
  0
LWPOLYLINE
  5
55C
330
17
100
AcDbEntity
  8
PIEZA
100
AcDbPolyline
 90
4
 70
1
 10
0.8
 20
-21.958000000000002
 10
1.0
 20
-21.958000000000002
 10
1.0
 20
-21.270000000000003
 10
0.8
 20
-21.270000000000003
  0
TEXT
  5
55D
330
17
100
AcDbEntity
  8
PIEZA_TXT
100
AcDbText
 10
0.9
 20
-21.614
 30
0.0
 40
0.05
  1
0.20x0.69
 72
1
 11
0.9
 21
-21.614
 31
0.0
100
AcDbText
 73
2
  0
HATCH
  5
55E
330
17
100
AcDbEntity
  8
PIEZA
 62
3
100
AcDbHatch
 10
0.0
 20
0.0
 30
0.0
210
0.0
220
0.0
230
1.0
  2
SOLID
 70
1
 71
0
 91
1
 92
3
 72
0
 73
1
 93
4
 10
0.8
 20
-21.270000000000003
 10
1.0
 20
-21.270000000000003
 10
1.0
 20
-20.759500000000003
 10
0.8
 20
-20.759500000000003
 97
0
 75
1
 76
1
 98
0
  0
LWPOLYLINE
  5
55F
330
17
100
AcDbEntity
  8
PIEZA
100
AcDbPolyline
 90
4
 70
1
 10
0.8
 20
-21.270000000000003
 10
1.0
 20
-21.270000000000003
 10
1.0
 20
-20.759500000000003
 10
0.8
 20
-20.759500000000003
  0
TEXT
  5
560
330
17
100
AcDbEntity
  8
PIEZA_TXT
100
AcDbText
 10
0.9
 20
-21.014750000000003
 30
0.0
 40
0.05
  1
0.20x0.51
 72
1
 11
0.9
 21
-21.014750000000003
 31
0.0
100
AcDbText
 73
2
  0
LWPOLYLINE
  5
561
330
17
100
AcDbEntity
  8
BALDOSA
100
AcDbPolyline
 90
4
 70
1
 10
1.2000000000000002
 20
-21.958000000000002
 10
1.4000000000000001
 20
-21.958000000000002
 10
1.4000000000000001
 20
-20.758000000000003
 10
1.2000000000000002
 20
-20.758000000000003
  0
TEXT
  5
562
330
17
100
AcDbEntity
  8
TITULO
100
AcDbText
 10
1.3000000000000003
 20
-20.698000000000004
 30
0.0
 40
0.06
  1
RW-64
 72
1
 11
1.3000000000000003
 21
-20.698000000000004
 31
0.0
100
AcDbText
 73
2
  0
HATCH
  5
563
330
17
100
AcDbEntity
  8
PIEZA
 62
3
100
AcDbHatch
 10
0.0
 20
0.0
 30
0.0
210
0.0
220
0.0
230
1.0
  2
SOLID
 70
1
 71
0
 91
1
 92
3
 72
0
 73
1
 93
4
 10
1.2000000000000002
 20
-21.958000000000002
 10
1.4000000000000001
 20
-21.958000000000002
 10
1.4000000000000001
 20
-21.358500000000003
 10
1.2000000000000002
 20
-21.358500000000003
 97
0
 75
1
 76
1
 98
0
  0
LWPOLYLINE
  5
564
330
17
100
AcDbEntity
  8
PIEZA
100
AcDbPolyline
 90
4
 70
1
 10
1.2000000000000002
 20
-21.958000000000002
 10
1.4000000000000001
 20
-21.958000000000002
 10
1.4000000000000001
 20
-21.358500000000003
 10
1.2000000000000002
 20
-21.358500000000003
  0
TEXT
  5
565
330
17
100
AcDbEntity
  8
PIEZA_TXT
100
AcDbText
 10
1.3000000000000003
 20
-21.658250000000002
 30
0.0
 40
0.05
  1
0.20x0.60
 72
1
 11
1.3000000000000003
 21
-21.658250000000002
 31
0.0
100
AcDbText
 73
2
  0
HATCH
  5
566
330
17
100
AcDbEntity
  8
PIEZA
 62
3
100
AcDbHatch
 10
0.0
 20
0.0
 30
0.0
210
0.0
220
0.0
230
1.0
  2
SOLID
 70
1
 71
0
 91
1
 92
3
 72
0
 73
1
 93
4
 10
1.2000000000000002
 20
-21.358500000000003
 10
1.4000000000000001
 20
-21.358500000000003
 10
1.4000000000000001
 20
-20.759000000000004
 10
1.2000000000000002
 20
-20.759000000000004
 97
0
 75
1
 76
1
 98
0
  0
LWPOLYLINE
  5
567
330
17
100
AcDbEntity
  8
PIEZA
100
AcDbPolyline
 90
4
 70
1
 10
1.2000000000000002
 20
-21.358500000000003
 10
1.4000000000000001
 20
-21.358500000000003
 10
1.4000000000000001
 20
-20.759000000000004
 10
1.2000000000000002
 20
-20.759000000000004
  0
TEXT
  5
568
330
17
100
AcDbEntity
  8
PIEZA_TXT
100
AcDbText
 10
1.3000000000000003
 20
-21.058750000000003
 30
0.0
 40
0.05
  1
0.20x0.60
 72
1
 11
1.3000000000000003
 21
-21.058750000000003
 31
0.0
100
AcDbText
 73
2
  0
LWPOLYLINE
  5
569
330
17
100
AcDbEntity
  8
BALDOSA
100
AcDbPolyline
 90
4
 70
1
 10
1.6
 20
-21.958000000000002
 10
1.8
 20
-21.958000000000002
 10
1.8
 20
-20.758000000000003
 10
1.6
 20
-20.758000000000003
  0
TEXT
  5
56A
330
17
100
AcDbEntity
  8
TITULO
100
AcDbText
 10
1.7000000000000002
 20
-20.698000000000004
 30
0.0
 40
0.06
  1
RW-65
 72
1
 11
1.7000000000000002
 21
-20.698000000000004
 31
0.0
100
AcDbText
 73
2
  0
HATCH
  5
56B
330
17
100
AcDbEntity
  8
PIEZA
 62
3
100
AcDbHatch
 10
0.0
 20
0.0
 30
0.0
210
0.0
220
0.0
230
1.0
  2
SOLID
 70
1
 71
0
 91
1
 92
3
 72
0
 73
1
 93
4
 10
1.6
 20
-21.958000000000002
 10
1.8
 20
-21.958000000000002
 10
1.8
 20
-21.358500000000003
 10
1.6
 20
-21.358500000000003
 97
0
 75
1
 76
1
 98
0
  0
LWPOLYLINE
  5
56C
330
17
100
AcDbEntity
  8
PIEZA
100
AcDbPolyline
 90
4
 70
1
 10
1.6
 20
-21.958000000000002
 10
1.8
 20
-21.958000000000002
 10
1.8
 20
-21.358500000000003
 10
1.6
 20
-21.358500000000003
  0
TEXT
  5
56D
330
17
100
AcDbEntity
  8
PIEZA_TXT
100
AcDbText
 10
1.7000000000000002
 20
-21.658250000000002
 30
0.0
 40
0.05
  1
0.20x0.60
 72
1
 11
1.7000000000000002
 21
-21.658250000000002
 31
0.0
100
AcDbText
 73
2
  0
HATCH
  5
56E
330
17
100
AcDbEntity
  8
PIEZA
 62
3
100
AcDbHatch
 10
0.0
 20
0.0
 30
0.0
210
0.0
220
0.0
230
1.0
  2
SOLID
 70
1
 71
0
 91
1
 92
3
 72
0
 73
1
 93
4
 10
1.6
 20
-21.358500000000003
 10
1.8
 20
-21.358500000000003
 10
1.8
 20
-20.759000000000004
 10
1.6
 20
-20.759000000000004
 97
0
 75
1
 76
1
 98
0
  0
LWPOLYLINE
  5
56F
330
17
100
AcDbEntity
  8
PIEZA
100
AcDbPolyline
 90
4
 70
1
 10
1.6
 20
-21.358500000000003
 10
1.8
 20
-21.358500000000003
 10
1.8
 20
-20.759000000000004
 10
1.6
 20
-20.759000000000004
  0
TEXT
  5
570
330
17
100
AcDbEntity
  8
PIEZA_TXT
100
AcDbText
 10
1.7000000000000002
 20
-21.058750000000003
 30
0.0
 40
0.05
  1
0.20x0.60
 72
1
 11
1.7000000000000002
 21
-21.058750000000003
 31
0.0
100
AcDbText
 73
2
  0
LWPOLYLINE
  5
571
330
17
100
AcDbEntity
  8
BALDOSA
100
AcDbPolyline
 90
4
 70
1
 10
2.0
 20
-21.958000000000002
 10
2.2
 20
-21.958000000000002
 10
2.2
 20
-20.758000000000003
 10
2.0
 20
-20.758000000000003
  0
TEXT
  5
572
330
17
100
AcDbEntity
  8
TITULO
100
AcDbText
 10
2.1
 20
-20.698000000000004
 30
0.0
 40
0.06
  1
RW-66
 72
1
 11
2.1
 21
-20.698000000000004
 31
0.0
100
AcDbText
 73
2
  0
HATCH
  5
573
330
17
100
AcDbEntity
  8
PIEZA
 62
3
100
AcDbHatch
 10
0.0
 20
0.0
 30
0.0
210
0.0
220
0.0
230
1.0
  2
SOLID
 70
1
 71
0
 91
1
 92
3
 72
0
 73
1
 93
4
 10
2.0
 20
-21.958000000000002
 10
2.2
 20
-21.958000000000002
 10
2.2
 20
-21.358500000000003
 10
2.0
 20
-21.358500000000003
 97
0
 75
1
 76
1
 98
0
  0
LWPOLYLINE
  5
574
330
17
100
AcDbEntity
  8
PIEZA
100
AcDbPolyline
 90
4
 70
1
 10
2.0
 20
-21.958000000000002
 10
2.2
 20
-21.958000000000002
 10
2.2
 20
-21.358500000000003
 10
2.0
 20
-21.358500000000003
  0
TEXT
  5
575
330
17
100
AcDbEntity
  8
PIEZA_TXT
100
AcDbText
 10
2.1
 20
-21.658250000000002
 30
0.0
 40
0.05
  1
0.20x0.60
 72
1
 11
2.1
 21
-21.658250000000002
 31
0.0
100
AcDbText
 73
2
  0
HATCH
  5
576
330
17
100
AcDbEntity
  8
PIEZA
 62
3
100
AcDbHatch
 10
0.0
 20
0.0
 30
0.0
210
0.0
220
0.0
230
1.0
  2
SOLID
 70
1
 71
0
 91
1
 92
3
 72
0
 73
1
 93
4
 10
2.0
 20
-21.358500000000003
 10
2.2
 20
-21.358500000000003
 10
2.2
 20
-20.759000000000004
 10
2.0
 20
-20.759000000000004
 97
0
 75
1
 76
1
 98
0
  0
LWPOLYLINE
  5
577
330
17
100
AcDbEntity
  8
PIEZA
100
AcDbPolyline
 90
4
 70
1
 10
2.0
 20
-21.358500000000003
 10
2.2
 20
-21.358500000000003
 10
2.2
 20
-20.759000000000004
 10
2.0
 20
-20.759000000000004
  0
TEXT
  5
578
330
17
100
AcDbEntity
  8
PIEZA_TXT
100
AcDbText
 10
2.1
 20
-21.058750000000003
 30
0.0
 40
0.05
  1
0.20x0.60
 72
1
 11
2.1
 21
-21.058750000000003
 31
0.0
100
AcDbText
 73
2
  0
LWPOLYLINE
  5
579
330
17
100
AcDbEntity
  8
BALDOSA
100
AcDbPolyline
 90
4
 70
1
 10
2.4000000000000004
 20
-21.958000000000002
 10
2.6000000000000005
 20
-21.958000000000002
 10
2.6000000000000005
 20
-20.758000000000003
 10
2.4000000000000004
 20
-20.758000000000003
  0
TEXT
  5
57A
330
17
100
AcDbEntity
  8
TITULO
100
AcDbText
 10
2.5000000000000004
 20
-20.698000000000004
 30
0.0
 40
0.06
  1
RW-67
 72
1
 11
2.5000000000000004
 21
-20.698000000000004
 31
0.0
100
AcDbText
 73
2
  0
HATCH
  5
57B
330
17
100
AcDbEntity
  8
PIEZA
 62
3
100
AcDbHatch
 10
0.0
 20
0.0
 30
0.0
210
0.0
220
0.0
230
1.0
  2
SOLID
 70
1
 71
0
 91
1
 92
3
 72
0
 73
1
 93
4
 10
2.4000000000000004
 20
-21.958000000000002
 10
2.6000000000000005
 20
-21.958000000000002
 10
2.6000000000000005
 20
-21.4475
 10
2.4000000000000004
 20
-21.4475
 97
0
 75
1
 76
1
 98
0
  0
LWPOLYLINE
  5
57C
330
17
100
AcDbEntity
  8
PIEZA
100
AcDbPolyline
 90
4
 70
1
 10
2.4000000000000004
 20
-21.958000000000002
 10
2.6000000000000005
 20
-21.958000000000002
 10
2.6000000000000005
 20
-21.4475
 10
2.4000000000000004
 20
-21.4475
  0
TEXT
  5
57D
330
17
100
AcDbEntity
  8
PIEZA_TXT
100
AcDbText
 10
2.5000000000000004
 20
-21.70275
 30
0.0
 40
0.05
  1
0.20x0.51
 72
1
 11
2.5000000000000004
 21
-21.70275
 31
0.0
100
AcDbText
 73
2
  0
HATCH
  5
57E
330
17
100
AcDbEntity
  8
PIEZA
 62
3
100
AcDbHatch
 10
0.0
 20
0.0
 30
0.0
210
0.0
220
0.0
230
1.0
  2
SOLID
 70
1
 71
0
 91
1
 92
3
 72
0
 73
1
 93
4
 10
2.4000000000000004
 20
-21.4475
 10
2.6000000000000005
 20
-21.4475
 10
2.6000000000000005
 20
-20.937
 10
2.4000000000000004
 20
-20.937
 97
0
 75
1
 76
1
 98
0
  0
LWPOLYLINE
  5
57F
330
17
100
AcDbEntity
  8
PIEZA
100
AcDbPolyline
 90
4
 70
1
 10
2.4000000000000004
 20
-21.4475
 10
2.6000000000000005
 20
-21.4475
 10
2.6000000000000005
 20
-20.937
 10
2.4000000000000004
 20
-20.937
  0
TEXT
  5
580
330
17
100
AcDbEntity
  8
PIEZA_TXT
100
AcDbText
 10
2.5000000000000004
 20
-21.19225
 30
0.0
 40
0.05
  1
0.20x0.51
 72
1
 11
2.5000000000000004
 21
-21.19225
 31
0.0
100
AcDbText
 73
2
  0
HATCH
  5
581
330
17
100
AcDbEntity
  8
SOBRANTE
 62
2
100
AcDbHatch
 10
0.0
 20
0.0
 30
0.0
210
0.0
220
0.0
230
1.0
  2
SOLID
 70
1
 71
0
 91
1
 92
3
 72
0
 73
1
 93
4
 10
2.4000000000000004
 20
-20.937
 10
2.6000000000000005
 20
-20.937
 10
2.6000000000000005
 20
-20.758000000000003
 10
2.4000000000000004
 20
-20.758000000000003
 97
0
 75
1
 76
1
 98
0
  0
LWPOLYLINE
  5
582
330
17
100
AcDbEntity
  8
SOBRANTE
100
AcDbPolyline
 90
4
 70
1
 10
2.4000000000000004
 20
-20.937
 10
2.6000000000000005
 20
-20.937
 10
2.6000000000000005
 20
-20.758000000000003
 10
2.4000000000000004
 20
-20.758000000000003
  0
TEXT
  5
583
330
17
100
AcDbEntity
  8
PIEZA_TXT
100
AcDbText
 10
2.5000000000000004
 20
-20.8475
 30
0.0
 40
0.04
  1
sobra0.20x0.18
 72
1
 11
2.5000000000000004
 21
-20.8475
 31
0.0
100
AcDbText
 73
2
  0
LWPOLYLINE
  5
584
330
17
100
AcDbEntity
  8
BALDOSA
100
AcDbPolyline
 90
4
 70
1
 10
2.8000000000000003
 20
-21.958000000000002
 10
3.0000000000000004
 20
-21.958000000000002
 10
3.0000000000000004
 20
-20.758000000000003
 10
2.8000000000000003
 20
-20.758000000000003
  0
TEXT
  5
585
330
17
100
AcDbEntity
  8
TITULO
100
AcDbText
 10
2.9000000000000004
 20
-20.698000000000004
 30
0.0
 40
0.06
  1
RW-68
 72
1
 11
2.9000000000000004
 21
-20.698000000000004
 31
0.0
100
AcDbText
 73
2
  0
HATCH
  5
586
330
17
100
AcDbEntity
  8
PIEZA
 62
3
100
AcDbHatch
 10
0.0
 20
0.0
 30
0.0
210
0.0
220
0.0
230
1.0
  2
SOLID
 70
1
 71
0
 91
1
 92
3
 72
0
 73
1
 93
4
 10
2.8000000000000003
 20
-21.958000000000002
 10
3.0000000000000004
 20
-21.958000000000002
 10
3.0000000000000004
 20
-21.4475
 10
2.8000000000000003
 20
-21.4475
 97
0
 75
1
 76
1
 98
0
  0
LWPOLYLINE
  5
587
330
17
100
AcDbEntity
  8
PIEZA
100
AcDbPolyline
 90
4
 70
1
 10
2.8000000000000003
 20
-21.958000000000002
 10
3.0000000000000004
 20
-21.958000000000002
 10
3.0000000000000004
 20
-21.4475
 10
2.8000000000000003
 20
-21.4475
  0
TEXT
  5
588
330
17
100
AcDbEntity
  8
PIEZA_TXT
100
AcDbText
 10
2.9000000000000004
 20
-21.70275
 30
0.0
 40
0.05
  1
0.20x0.51
 72
1
 11
2.9000000000000004
 21
-21.70275
 31
0.0
100
AcDbText
 73
2
  0
HATCH
  5
589
330
17
100
AcDbEntity
  8
PIEZA
 62
3
100
AcDbHatch
 10
0.0
 20
0.0
 30
0.0
210
0.0
220
0.0
230
1.0
  2
SOLID
 70
1
 71
0
 91
1
 92
3
 72
0
 73
1
 93
4
 10
2.8000000000000003
 20
-21.4475
 10
3.0000000000000004
 20
-21.4475
 10
3.0000000000000004
 20
-20.937
 10
2.8000000000000003
 20
-20.937
 97
0
 75
1
 76
1
 98
0
  0
LWPOLYLINE
  5
58A
330
17
100
AcDbEntity
  8
PIEZA
100
AcDbPolyline
 90
4
 70
1
 10
2.8000000000000003
 20
-21.4475
 10
3.0000000000000004
 20
-21.4475
 10
3.0000000000000004
 20
-20.937
 10
2.8000000000000003
 20
-20.937
  0
TEXT
  5
58B
330
17
100
AcDbEntity
  8
PIEZA_TXT
100
AcDbText
 10
2.9000000000000004
 20
-21.19225
 30
0.0
 40
0.05
  1
0.20x0.51
 72
1
 11
2.9000000000000004
 21
-21.19225
 31
0.0
100
AcDbText
 73
2
  0
HATCH
  5
58C
330
17
100
AcDbEntity
  8
SOBRANTE
 62
2
100
AcDbHatch
 10
0.0
 20
0.0
 30
0.0
210
0.0
220
0.0
230
1.0
  2
SOLID
 70
1
 71
0
 91
1
 92
3
 72
0
 73
1
 93
4
 10
2.8000000000000003
 20
-20.937
 10
3.0000000000000004
 20
-20.937
 10
3.0000000000000004
 20
-20.758000000000003
 10
2.8000000000000003
 20
-20.758000000000003
 97
0
 75
1
 76
1
 98
0
  0
LWPOLYLINE
  5
58D
330
17
100
AcDbEntity
  8
SOBRANTE
100
AcDbPolyline
 90
4
 70
1
 10
2.8000000000000003
 20
-20.937
 10
3.0000000000000004
 20
-20.937
 10
3.0000000000000004
 20
-20.758000000000003
 10
2.8000000000000003
 20
-20.758000000000003
  0
TEXT
  5
58E
330
17
100
AcDbEntity
  8
PIEZA_TXT
100
AcDbText
 10
2.9000000000000004
 20
-20.8475
 30
0.0
 40
0.04
  1
sobra0.20x0.18
 72
1
 11
2.9000000000000004
 21
-20.8475
 31
0.0
100
AcDbText
 73
2
  0
LWPOLYLINE
  5
58F
330
17
100
AcDbEntity
  8
BALDOSA
100
AcDbPolyline
 90
4
 70
1
 10
3.2
 20
-21.958000000000002
 10
3.4000000000000004
 20
-21.958000000000002
 10
3.4000000000000004
 20
-20.758000000000003
 10
3.2
 20
-20.758000000000003
  0
TEXT
  5
590
330
17
100
AcDbEntity
  8
TITULO
100
AcDbText
 10
3.3000000000000003
 20
-20.698000000000004
 30
0.0
 40
0.06
  1
RW-69
 72
1
 11
3.3000000000000003
 21
-20.698000000000004
 31
0.0
100
AcDbText
 73
2
  0
HATCH
  5
591
330
17
100
AcDbEntity
  8
PIEZA
 62
3
100
AcDbHatch
 10
0.0
 20
0.0
 30
0.0
210
0.0
220
0.0
230
1.0
  2
SOLID
 70
1
 71
0
 91
1
 92
3
 72
0
 73
1
 93
4
 10
3.2
 20
-21.958000000000002
 10
3.4000000000000004
 20
-21.958000000000002
 10
3.4000000000000004
 20
-21.4475
 10
3.2
 20
-21.4475
 97
0
 75
1
 76
1
 98
0
  0
LWPOLYLINE
  5
592
330
17
100
AcDbEntity
  8
PIEZA
100
AcDbPolyline
 90
4
 70
1
 10
3.2
 20
-21.958000000000002
 10
3.4000000000000004
 20
-21.958000000000002
 10
3.4000000000000004
 20
-21.4475
 10
3.2
 20
-21.4475
  0
TEXT
  5
593
330
17
100
AcDbEntity
  8
PIEZA_TXT
100
AcDbText
 10
3.3000000000000003
 20
-21.70275
 30
0.0
 40
0.05
  1
0.20x0.51
 72
1
 11
3.3000000000000003
 21
-21.70275
 31
0.0
100
AcDbText
 73
2
  0
HATCH
  5
594
330
17
100
AcDbEntity
  8
PIEZA
 62
3
100
AcDbHatch
 10
0.0
 20
0.0
 30
0.0
210
0.0
220
0.0
230
1.0
  2
SOLID
 70
1
 71
0
 91
1
 92
3
 72
0
 73
1
 93
4
 10
3.2
 20
-21.4475
 10
3.4000000000000004
 20
-21.4475
 10
3.4000000000000004
 20
-20.937900000000003
 10
3.2
 20
-20.937900000000003
 97
0
 75
1
 76
1
 98
0
  0
LWPOLYLINE
  5
595
330
17
100
AcDbEntity
  8
PIEZA
100
AcDbPolyline
 90
4
 70
1
 10
3.2
 20
-21.4475
 10
3.4000000000000004
 20
-21.4475
 10
3.4000000000000004
 20
-20.937900000000003
 10
3.2
 20
-20.937900000000003
  0
TEXT
  5
596
330
17
100
AcDbEntity
  8
PIEZA_TXT
100
AcDbText
 10
3.3000000000000003
 20
-21.192700000000002
 30
0.0
 40
0.05
  1
0.20x0.51
 72
1
 11
3.3000000000000003
 21
-21.192700000000002
 31
0.0
100
AcDbText
 73
2
  0
HATCH
  5
597
330
17
100
AcDbEntity
  8
SOBRANTE
 62
2
100
AcDbHatch
 10
0.0
 20
0.0
 30
0.0
210
0.0
220
0.0
230
1.0
  2
SOLID
 70
1
 71
0
 91
1
 92
3
 72
0
 73
1
 93
4
 10
3.2
 20
-20.937900000000003
 10
3.4000000000000004
 20
-20.937900000000003
 10
3.4000000000000004
 20
-20.758000000000003
 10
3.2
 20
-20.758000000000003
 97
0
 75
1
 76
1
 98
0
  0
LWPOLYLINE
  5
598
330
17
100
AcDbEntity
  8
SOBRANTE
100
AcDbPolyline
 90
4
 70
1
 10
3.2
 20
-20.937900000000003
 10
3.4000000000000004
 20
-20.937900000000003
 10
3.4000000000000004
 20
-20.758000000000003
 10
3.2
 20
-20.758000000000003
  0
TEXT
  5
599
330
17
100
AcDbEntity
  8
PIEZA_TXT
100
AcDbText
 10
3.3000000000000003
 20
-20.847950000000004
 30
0.0
 40
0.04
  1
sobra0.20x0.18
 72
1
 11
3.3000000000000003
 21
-20.847950000000004
 31
0.0
100
AcDbText
 73
2
  0
LWPOLYLINE
  5
59A
330
17
100
AcDbEntity
  8
BALDOSA
100
AcDbPolyline
 90
4
 70
1
 10
3.6
 20
-21.958000000000002
 10
3.8000000000000003
 20
-21.958000000000002
 10
3.8000000000000003
 20
-20.758000000000003
 10
3.6
 20
-20.758000000000003
  0
TEXT
  5
59B
330
17
100
AcDbEntity
  8
TITULO
100
AcDbText
 10
3.7
 20
-20.698000000000004
 30
0.0
 40
0.06
  1
RW-70
 72
1
 11
3.7
 21
-20.698000000000004
 31
0.0
100
AcDbText
 73
2
  0
HATCH
  5
59C
330
17
100
AcDbEntity
  8
PIEZA
 62
3
100
AcDbHatch
 10
0.0
 20
0.0
 30
0.0
210
0.0
220
0.0
230
1.0
  2
SOLID
 70
1
 71
0
 91
1
 92
3
 72
0
 73
1
 93
4
 10
3.6
 20
-21.958000000000002
 10
3.8000000000000003
 20
-21.958000000000002
 10
3.8000000000000003
 20
-21.448400000000003
 10
3.6
 20
-21.448400000000003
 97
0
 75
1
 76
1
 98
0
  0
LWPOLYLINE
  5
59D
330
17
100
AcDbEntity
  8
PIEZA
100
AcDbPolyline
 90
4
 70
1
 10
3.6
 20
-21.958000000000002
 10
3.8000000000000003
 20
-21.958000000000002
 10
3.8000000000000003
 20
-21.448400000000003
 10
3.6
 20
-21.448400000000003
  0
TEXT
  5
59E
330
17
100
AcDbEntity
  8
PIEZA_TXT
100
AcDbText
 10
3.7
 20
-21.703200000000002
 30
0.0
 40
0.05
  1
0.20x0.51
 72
1
 11
3.7
 21
-21.703200000000002
 31
0.0
100
AcDbText
 73
2
  0
HATCH
  5
59F
330
17
100
AcDbEntity
  8
PIEZA
 62
3
100
AcDbHatch
 10
0.0
 20
0.0
 30
0.0
210
0.0
220
0.0
230
1.0
  2
SOLID
 70
1
 71
0
 91
1
 92
3
 72
0
 73
1
 93
4
 10
3.6
 20
-21.448400000000003
 10
3.8000000000000003
 20
-21.448400000000003
 10
3.8000000000000003
 20
-20.938800000000004
 10
3.6
 20
-20.938800000000004
 97
0
 75
1
 76
1
 98
0
  0
LWPOLYLINE
  5
5A0
330
17
100
AcDbEntity
  8
PIEZA
100
AcDbPolyline
 90
4
 70
1
 10
3.6
 20
-21.448400000000003
 10
3.8000000000000003
 20
-21.448400000000003
 10
3.8000000000000003
 20
-20.938800000000004
 10
3.6
 20
-20.938800000000004
  0
TEXT
  5
5A1
330
17
100
AcDbEntity
  8
PIEZA_TXT
100
AcDbText
 10
3.7
 20
-21.193600000000004
 30
0.0
 40
0.05
  1
0.20x0.51
 72
1
 11
3.7
 21
-21.193600000000004
 31
0.0
100
AcDbText
 73
2
  0
HATCH
  5
5A2
330
17
100
AcDbEntity
  8
SOBRANTE
 62
2
100
AcDbHatch
 10
0.0
 20
0.0
 30
0.0
210
0.0
220
0.0
230
1.0
  2
SOLID
 70
1
 71
0
 91
1
 92
3
 72
0
 73
1
 93
4
 10
3.6
 20
-20.9388
 10
3.8000000000000003
 20
-20.9388
 10
3.8000000000000003
 20
-20.758
 10
3.6
 20
-20.758
 97
0
 75
1
 76
1
 98
0
  0
LWPOLYLINE
  5
5A3
330
17
100
AcDbEntity
  8
SOBRANTE
100
AcDbPolyline
 90
4
 70
1
 10
3.6
 20
-20.9388
 10
3.8000000000000003
 20
-20.9388
 10
3.8000000000000003
 20
-20.758
 10
3.6
 20
-20.758
  0
TEXT
  5
5A4
330
17
100
AcDbEntity
  8
PIEZA_TXT
100
AcDbText
 10
3.7
 20
-20.8484
 30
0.0
 40
0.04
  1
sobra0.20x0.18
 72
1
 11
3.7
 21
-20.8484
 31
0.0
100
AcDbText
 73
2
  0
LWPOLYLINE
  5
5A5
330
17
100
AcDbEntity
  8
BALDOSA
100
AcDbPolyline
 90
4
 70
1
 10
4.0
 20
-21.958000000000002
 10
4.2
 20
-21.958000000000002
 10
4.2
 20
-20.758000000000003
 10
4.0
 20
-20.758000000000003
  0
TEXT
  5
5A6
330
17
100
AcDbEntity
  8
TITULO
100
AcDbText
 10
4.1
 20
-20.698000000000004
 30
0.0
 40
0.06
  1
RW-71
 72
1
 11
4.1
 21
-20.698000000000004
 31
0.0
100
AcDbText
 73
2
  0
HATCH
  5
5A7
330
17
100
AcDbEntity
  8
PIEZA
 62
3
100
AcDbHatch
 10
0.0
 20
0.0
 30
0.0
210
0.0
220
0.0
230
1.0
  2
SOLID
 70
1
 71
0
 91
1
 92
3
 72
0
 73
1
 93
4
 10
4.0
 20
-21.958000000000002
 10
4.2
 20
-21.958000000000002
 10
4.2
 20
-21.448400000000003
 10
4.0
 20
-21.448400000000003
 97
0
 75
1
 76
1
 98
0
  0
LWPOLYLINE
  5
5A8
330
17
100
AcDbEntity
  8
PIEZA
100
AcDbPolyline
 90
4
 70
1
 10
4.0
 20
-21.958000000000002
 10
4.2
 20
-21.958000000000002
 10
4.2
 20
-21.448400000000003
 10
4.0
 20
-21.448400000000003
  0
TEXT
  5
5A9
330
17
100
AcDbEntity
  8
PIEZA_TXT
100
AcDbText
 10
4.1
 20
-21.703200000000002
 30
0.0
 40
0.05
  1
0.20x0.51
 72
1
 11
4.1
 21
-21.703200000000002
 31
0.0
100
AcDbText
 73
2
  0
HATCH
  5
5AA
330
17
100
AcDbEntity
  8
PIEZA
 62
3
100
AcDbHatch
 10
0.0
 20
0.0
 30
0.0
210
0.0
220
0.0
230
1.0
  2
SOLID
 70
1
 71
0
 91
1
 92
3
 72
0
 73
1
 93
4
 10
4.0
 20
-21.448400000000003
 10
4.2
 20
-21.448400000000003
 10
4.2
 20
-20.938800000000004
 10
4.0
 20
-20.938800000000004
 97
0
 75
1
 76
1
 98
0
  0
LWPOLYLINE
  5
5AB
330
17
100
AcDbEntity
  8
PIEZA
100
AcDbPolyline
 90
4
 70
1
 10
4.0
 20
-21.448400000000003
 10
4.2
 20
-21.448400000000003
 10
4.2
 20
-20.938800000000004
 10
4.0
 20
-20.938800000000004
  0
TEXT
  5
5AC
330
17
100
AcDbEntity
  8
PIEZA_TXT
100
AcDbText
 10
4.1
 20
-21.193600000000004
 30
0.0
 40
0.05
  1
0.20x0.51
 72
1
 11
4.1
 21
-21.193600000000004
 31
0.0
100
AcDbText
 73
2
  0
HATCH
  5
5AD
330
17
100
AcDbEntity
  8
SOBRANTE
 62
2
100
AcDbHatch
 10
0.0
 20
0.0
 30
0.0
210
0.0
220
0.0
230
1.0
  2
SOLID
 70
1
 71
0
 91
1
 92
3
 72
0
 73
1
 93
4
 10
4.0
 20
-20.9388
 10
4.2
 20
-20.9388
 10
4.2
 20
-20.758
 10
4.0
 20
-20.758
 97
0
 75
1
 76
1
 98
0
  0
LWPOLYLINE
  5
5AE
330
17
100
AcDbEntity
  8
SOBRANTE
100
AcDbPolyline
 90
4
 70
1
 10
4.0
 20
-20.9388
 10
4.2
 20
-20.9388
 10
4.2
 20
-20.758
 10
4.0
 20
-20.758
  0
TEXT
  5
5AF
330
17
100
AcDbEntity
  8
PIEZA_TXT
100
AcDbText
 10
4.1
 20
-20.8484
 30
0.0
 40
0.04
  1
sobra0.20x0.18
 72
1
 11
4.1
 21
-20.8484
 31
0.0
100
AcDbText
 73
2
  0
LWPOLYLINE
  5
5B0
330
17
100
AcDbEntity
  8
BALDOSA
100
AcDbPolyline
 90
4
 70
1
 10
4.4
 20
-21.958000000000002
 10
4.6000000000000005
 20
-21.958000000000002
 10
4.6000000000000005
 20
-20.758000000000003
 10
4.4
 20
-20.758000000000003
  0
TEXT
  5
5B1
330
17
100
AcDbEntity
  8
TITULO
100
AcDbText
 10
4.5
 20
-20.698000000000004
 30
0.0
 40
0.06
  1
RW-72
 72
1
 11
4.5
 21
-20.698000000000004
 31
0.0
100
AcDbText
 73
2
  0
HATCH
  5
5B2
330
17
100
AcDbEntity
  8
PIEZA
 62
3
100
AcDbHatch
 10
0.0
 20
0.0
 30
0.0
210
0.0
220
0.0
230
1.0
  2
SOLID
 70
1
 71
0
 91
1
 92
3
 72
0
 73
1
 93
4
 10
4.4
 20
-21.958000000000002
 10
4.6000000000000005
 20
-21.958000000000002
 10
4.6000000000000005
 20
-21.448400000000003
 10
4.4
 20
-21.448400000000003
 97
0
 75
1
 76
1
 98
0
  0
LWPOLYLINE
  5
5B3
330
17
100
AcDbEntity
  8
PIEZA
100
AcDbPolyline
 90
4
 70
1
 10
4.4
 20
-21.958000000000002
 10
4.6000000000000005
 20
-21.958000000000002
 10
4.6000000000000005
 20
-21.448400000000003
 10
4.4
 20
-21.448400000000003
  0
TEXT
  5
5B4
330
17
100
AcDbEntity
  8
PIEZA_TXT
100
AcDbText
 10
4.5
 20
-21.703200000000002
 30
0.0
 40
0.05
  1
0.20x0.51
 72
1
 11
4.5
 21
-21.703200000000002
 31
0.0
100
AcDbText
 73
2
  0
HATCH
  5
5B5
330
17
100
AcDbEntity
  8
PIEZA
 62
3
100
AcDbHatch
 10
0.0
 20
0.0
 30
0.0
210
0.0
220
0.0
230
1.0
  2
SOLID
 70
1
 71
0
 91
1
 92
3
 72
0
 73
1
 93
4
 10
4.4
 20
-21.448400000000003
 10
4.6000000000000005
 20
-21.448400000000003
 10
4.6000000000000005
 20
-20.938800000000004
 10
4.4
 20
-20.938800000000004
 97
0
 75
1
 76
1
 98
0
  0
LWPOLYLINE
  5
5B6
330
17
100
AcDbEntity
  8
PIEZA
100
AcDbPolyline
 90
4
 70
1
 10
4.4
 20
-21.448400000000003
 10
4.6000000000000005
 20
-21.448400000000003
 10
4.6000000000000005
 20
-20.938800000000004
 10
4.4
 20
-20.938800000000004
  0
TEXT
  5
5B7
330
17
100
AcDbEntity
  8
PIEZA_TXT
100
AcDbText
 10
4.5
 20
-21.193600000000004
 30
0.0
 40
0.05
  1
0.20x0.51
 72
1
 11
4.5
 21
-21.193600000000004
 31
0.0
100
AcDbText
 73
2
  0
HATCH
  5
5B8
330
17
100
AcDbEntity
  8
SOBRANTE
 62
2
100
AcDbHatch
 10
0.0
 20
0.0
 30
0.0
210
0.0
220
0.0
230
1.0
  2
SOLID
 70
1
 71
0
 91
1
 92
3
 72
0
 73
1
 93
4
 10
4.4
 20
-20.9388
 10
4.6000000000000005
 20
-20.9388
 10
4.6000000000000005
 20
-20.758
 10
4.4
 20
-20.758
 97
0
 75
1
 76
1
 98
0
  0
LWPOLYLINE
  5
5B9
330
17
100
AcDbEntity
  8
SOBRANTE
100
AcDbPolyline
 90
4
 70
1
 10
4.4
 20
-20.9388
 10
4.6000000000000005
 20
-20.9388
 10
4.6000000000000005
 20
-20.758
 10
4.4
 20
-20.758
  0
TEXT
  5
5BA
330
17
100
AcDbEntity
  8
PIEZA_TXT
100
AcDbText
 10
4.5
 20
-20.8484
 30
0.0
 40
0.04
  1
sobra0.20x0.18
 72
1
 11
4.5
 21
-20.8484
 31
0.0
100
AcDbText
 73
2
  0
LWPOLYLINE
  5
5BB
330
17
100
AcDbEntity
  8
BALDOSA
100
AcDbPolyline
 90
4
 70
1
 10
0.0
 20
-23.458000000000002
 10
0.2
 20
-23.458000000000002
 10
0.2
 20
-22.258000000000003
 10
0.0
 20
-22.258000000000003
  0
TEXT
  5
5BC
330
17
100
AcDbEntity
  8
TITULO
100
AcDbText
 10
0.1
 20
-22.198000000000004
 30
0.0
 40
0.06
  1
RW-73
 72
1
 11
0.1
 21
-22.198000000000004
 31
0.0
100
AcDbText
 73
2
  0
HATCH
  5
5BD
330
17
100
AcDbEntity
  8
PIEZA
 62
3
100
AcDbHatch
 10
0.0
 20
0.0
 30
0.0
210
0.0
220
0.0
230
1.0
  2
SOLID
 70
1
 71
0
 91
1
 92
3
 72
0
 73
1
 93
4
 10
0.0
 20
-23.458000000000002
 10
0.2
 20
-23.458000000000002
 10
0.2
 20
-22.948400000000003
 10
0.0
 20
-22.948400000000003
 97
0
 75
1
 76
1
 98
0
  0
LWPOLYLINE
  5
5BE
330
17
100
AcDbEntity
  8
PIEZA
100
AcDbPolyline
 90
4
 70
1
 10
0.0
 20
-23.458000000000002
 10
0.2
 20
-23.458000000000002
 10
0.2
 20
-22.948400000000003
 10
0.0
 20
-22.948400000000003
  0
TEXT
  5
5BF
330
17
100
AcDbEntity
  8
PIEZA_TXT
100
AcDbText
 10
0.1
 20
-23.203200000000002
 30
0.0
 40
0.05
  1
0.20x0.51
 72
1
 11
0.1
 21
-23.203200000000002
 31
0.0
100
AcDbText
 73
2
  0
HATCH
  5
5C0
330
17
100
AcDbEntity
  8
PIEZA
 62
3
100
AcDbHatch
 10
0.0
 20
0.0
 30
0.0
210
0.0
220
0.0
230
1.0
  2
SOLID
 70
1
 71
0
 91
1
 92
3
 72
0
 73
1
 93
4
 10
0.0
 20
-22.948400000000003
 10
0.2
 20
-22.948400000000003
 10
0.2
 20
-22.438800000000004
 10
0.0
 20
-22.438800000000004
 97
0
 75
1
 76
1
 98
0
  0
LWPOLYLINE
  5
5C1
330
17
100
AcDbEntity
  8
PIEZA
100
AcDbPolyline
 90
4
 70
1
 10
0.0
 20
-22.948400000000003
 10
0.2
 20
-22.948400000000003
 10
0.2
 20
-22.438800000000004
 10
0.0
 20
-22.438800000000004
  0
TEXT
  5
5C2
330
17
100
AcDbEntity
  8
PIEZA_TXT
100
AcDbText
 10
0.1
 20
-22.693600000000004
 30
0.0
 40
0.05
  1
0.20x0.51
 72
1
 11
0.1
 21
-22.693600000000004
 31
0.0
100
AcDbText
 73
2
  0
HATCH
  5
5C3
330
17
100
AcDbEntity
  8
SOBRANTE
 62
2
100
AcDbHatch
 10
0.0
 20
0.0
 30
0.0
210
0.0
220
0.0
230
1.0
  2
SOLID
 70
1
 71
0
 91
1
 92
3
 72
0
 73
1
 93
4
 10
0.0
 20
-22.4388
 10
0.2
 20
-22.4388
 10
0.2
 20
-22.258
 10
0.0
 20
-22.258
 97
0
 75
1
 76
1
 98
0
  0
LWPOLYLINE
  5
5C4
330
17
100
AcDbEntity
  8
SOBRANTE
100
AcDbPolyline
 90
4
 70
1
 10
0.0
 20
-22.4388
 10
0.2
 20
-22.4388
 10
0.2
 20
-22.258
 10
0.0
 20
-22.258
  0
TEXT
  5
5C5
330
17
100
AcDbEntity
  8
PIEZA_TXT
100
AcDbText
 10
0.1
 20
-22.3484
 30
0.0
 40
0.04
  1
sobra0.20x0.18
 72
1
 11
0.1
 21
-22.3484
 31
0.0
100
AcDbText
 73
2
  0
LWPOLYLINE
  5
5C6
330
17
100
AcDbEntity
  8
BALDOSA
100
AcDbPolyline
 90
4
 70
1
 10
0.4
 20
-23.458000000000002
 10
0.6000000000000001
 20
-23.458000000000002
 10
0.6000000000000001
 20
-22.258000000000003
 10
0.4
 20
-22.258000000000003
  0
TEXT
  5
5C7
330
17
100
AcDbEntity
  8
TITULO
100
AcDbText
 10
0.5
 20
-22.198000000000004
 30
0.0
 40
0.06
  1
RW-74
 72
1
 11
0.5
 21
-22.198000000000004
 31
0.0
100
AcDbText
 73
2
  0
HATCH
  5
5C8
330
17
100
AcDbEntity
  8
PIEZA
 62
3
100
AcDbHatch
 10
0.0
 20
0.0
 30
0.0
210
0.0
220
0.0
230
1.0
  2
SOLID
 70
1
 71
0
 91
1
 92
3
 72
0
 73
1
 93
4
 10
0.4
 20
-23.458000000000002
 10
0.6000000000000001
 20
-23.458000000000002
 10
0.6000000000000001
 20
-22.948400000000003
 10
0.4
 20
-22.948400000000003
 97
0
 75
1
 76
1
 98
0
  0
LWPOLYLINE
  5
5C9
330
17
100
AcDbEntity
  8
PIEZA
100
AcDbPolyline
 90
4
 70
1
 10
0.4
 20
-23.458000000000002
 10
0.6000000000000001
 20
-23.458000000000002
 10
0.6000000000000001
 20
-22.948400000000003
 10
0.4
 20
-22.948400000000003
  0
TEXT
  5
5CA
330
17
100
AcDbEntity
  8
PIEZA_TXT
100
AcDbText
 10
0.5
 20
-23.203200000000002
 30
0.0
 40
0.05
  1
0.20x0.51
 72
1
 11
0.5
 21
-23.203200000000002
 31
0.0
100
AcDbText
 73
2
  0
HATCH
  5
5CB
330
17
100
AcDbEntity
  8
PIEZA
 62
3
100
AcDbHatch
 10
0.0
 20
0.0
 30
0.0
210
0.0
220
0.0
230
1.0
  2
SOLID
 70
1
 71
0
 91
1
 92
3
 72
0
 73
1
 93
4
 10
0.4
 20
-22.948400000000003
 10
0.6000000000000001
 20
-22.948400000000003
 10
0.6000000000000001
 20
-22.441900000000004
 10
0.4
 20
-22.441900000000004
 97
0
 75
1
 76
1
 98
0
  0
LWPOLYLINE
  5
5CC
330
17
100
AcDbEntity
  8
PIEZA
100
AcDbPolyline
 90
4
 70
1
 10
0.4
 20
-22.948400000000003
 10
0.6000000000000001
 20
-22.948400000000003
 10
0.6000000000000001
 20
-22.441900000000004
 10
0.4
 20
-22.441900000000004
  0
TEXT
  5
5CD
330
17
100
AcDbEntity
  8
PIEZA_TXT
100
AcDbText
 10
0.5
 20
-22.69515
 30
0.0
 40
0.05
  1
0.20x0.51
 72
1
 11
0.5
 21
-22.69515
 31
0.0
100
AcDbText
 73
2
  0
HATCH
  5
5CE
330
17
100
AcDbEntity
  8
SOBRANTE
 62
2
100
AcDbHatch
 10
0.0
 20
0.0
 30
0.0
210
0.0
220
0.0
230
1.0
  2
SOLID
 70
1
 71
0
 91
1
 92
3
 72
0
 73
1
 93
4
 10
0.4
 20
-22.4419
 10
0.6000000000000001
 20
-22.4419
 10
0.6000000000000001
 20
-22.258
 10
0.4
 20
-22.258
 97
0
 75
1
 76
1
 98
0
  0
LWPOLYLINE
  5
5CF
330
17
100
AcDbEntity
  8
SOBRANTE
100
AcDbPolyline
 90
4
 70
1
 10
0.4
 20
-22.4419
 10
0.6000000000000001
 20
-22.4419
 10
0.6000000000000001
 20
-22.258
 10
0.4
 20
-22.258
  0
TEXT
  5
5D0
330
17
100
AcDbEntity
  8
PIEZA_TXT
100
AcDbText
 10
0.5
 20
-22.34995
 30
0.0
 40
0.04
  1
sobra0.20x0.18
 72
1
 11
0.5
 21
-22.34995
 31
0.0
100
AcDbText
 73
2
  0
LWPOLYLINE
  5
5D1
330
17
100
AcDbEntity
  8
BALDOSA
100
AcDbPolyline
 90
4
 70
1
 10
0.8
 20
-23.458000000000002
 10
1.0
 20
-23.458000000000002
 10
1.0
 20
-22.258000000000003
 10
0.8
 20
-22.258000000000003
  0
TEXT
  5
5D2
330
17
100
AcDbEntity
  8
TITULO
100
AcDbText
 10
0.9
 20
-22.198000000000004
 30
0.0
 40
0.06
  1
RW-75
 72
1
 11
0.9
 21
-22.198000000000004
 31
0.0
100
AcDbText
 73
2
  0
HATCH
  5
5D3
330
17
100
AcDbEntity
  8
PIEZA
 62
3
100
AcDbHatch
 10
0.0
 20
0.0
 30
0.0
210
0.0
220
0.0
230
1.0
  2
SOLID
 70
1
 71
0
 91
1
 92
3
 72
0
 73
1
 93
4
 10
0.8
 20
-23.458000000000002
 10
1.0
 20
-23.458000000000002
 10
1.0
 20
-22.951500000000003
 10
0.8
 20
-22.951500000000003
 97
0
 75
1
 76
1
 98
0
  0
LWPOLYLINE
  5
5D4
330
17
100
AcDbEntity
  8
PIEZA
100
AcDbPolyline
 90
4
 70
1
 10
0.8
 20
-23.458000000000002
 10
1.0
 20
-23.458000000000002
 10
1.0
 20
-22.951500000000003
 10
0.8
 20
-22.951500000000003
  0
TEXT
  5
5D5
330
17
100
AcDbEntity
  8
PIEZA_TXT
100
AcDbText
 10
0.9
 20
-23.20475
 30
0.0
 40
0.05
  1
0.20x0.51
 72
1
 11
0.9
 21
-23.20475
 31
0.0
100
AcDbText
 73
2
  0
HATCH
  5
5D6
330
17
100
AcDbEntity
  8
PIEZA
 62
3
100
AcDbHatch
 10
0.0
 20
0.0
 30
0.0
210
0.0
220
0.0
230
1.0
  2
SOLID
 70
1
 71
0
 91
1
 92
3
 72
0
 73
1
 93
4
 10
0.8
 20
-22.951500000000003
 10
1.0
 20
-22.951500000000003
 10
1.0
 20
-22.445000000000004
 10
0.8
 20
-22.445000000000004
 97
0
 75
1
 76
1
 98
0
  0
LWPOLYLINE
  5
5D7
330
17
100
AcDbEntity
  8
PIEZA
100
AcDbPolyline
 90
4
 70
1
 10
0.8
 20
-22.951500000000003
 10
1.0
 20
-22.951500000000003
 10
1.0
 20
-22.445000000000004
 10
0.8
 20
-22.445000000000004
  0
TEXT
  5
5D8
330
17
100
AcDbEntity
  8
PIEZA_TXT
100
AcDbText
 10
0.9
 20
-22.69825
 30
0.0
 40
0.05
  1
0.20x0.51
 72
1
 11
0.9
 21
-22.69825
 31
0.0
100
AcDbText
 73
2
  0
HATCH
  5
5D9
330
17
100
AcDbEntity
  8
SOBRANTE
 62
2
100
AcDbHatch
 10
0.0
 20
0.0
 30
0.0
210
0.0
220
0.0
230
1.0
  2
SOLID
 70
1
 71
0
 91
1
 92
3
 72
0
 73
1
 93
4
 10
0.8
 20
-22.445
 10
1.0
 20
-22.445
 10
1.0
 20
-22.258
 10
0.8
 20
-22.258
 97
0
 75
1
 76
1
 98
0
  0
LWPOLYLINE
  5
5DA
330
17
100
AcDbEntity
  8
SOBRANTE
100
AcDbPolyline
 90
4
 70
1
 10
0.8
 20
-22.445
 10
1.0
 20
-22.445
 10
1.0
 20
-22.258
 10
0.8
 20
-22.258
  0
TEXT
  5
5DB
330
17
100
AcDbEntity
  8
PIEZA_TXT
100
AcDbText
 10
0.9
 20
-22.3515
 30
0.0
 40
0.04
  1
sobra0.20x0.19
 72
1
 11
0.9
 21
-22.3515
 31
0.0
100
AcDbText
 73
2
  0
LWPOLYLINE
  5
5DC
330
17
100
AcDbEntity
  8
BALDOSA
100
AcDbPolyline
 90
4
 70
1
 10
1.2000000000000002
 20
-23.458000000000002
 10
1.4000000000000001
 20
-23.458000000000002
 10
1.4000000000000001
 20
-22.258000000000003
 10
1.2000000000000002
 20
-22.258000000000003
  0
TEXT
  5
5DD
330
17
100
AcDbEntity
  8
TITULO
100
AcDbText
 10
1.3000000000000003
 20
-22.198000000000004
 30
0.0
 40
0.06
  1
RW-76
 72
1
 11
1.3000000000000003
 21
-22.198000000000004
 31
0.0
100
AcDbText
 73
2
  0
HATCH
  5
5DE
330
17
100
AcDbEntity
  8
PIEZA
 62
3
100
AcDbHatch
 10
0.0
 20
0.0
 30
0.0
210
0.0
220
0.0
230
1.0
  2
SOLID
 70
1
 71
0
 91
1
 92
3
 72
0
 73
1
 93
4
 10
1.2000000000000002
 20
-23.458000000000002
 10
1.4000000000000001
 20
-23.458000000000002
 10
1.4000000000000001
 20
-22.951500000000003
 10
1.2000000000000002
 20
-22.951500000000003
 97
0
 75
1
 76
1
 98
0
  0
LWPOLYLINE
  5
5DF
330
17
100
AcDbEntity
  8
PIEZA
100
AcDbPolyline
 90
4
 70
1
 10
1.2000000000000002
 20
-23.458000000000002
 10
1.4000000000000001
 20
-23.458000000000002
 10
1.4000000000000001
 20
-22.951500000000003
 10
1.2000000000000002
 20
-22.951500000000003
  0
TEXT
  5
5E0
330
17
100
AcDbEntity
  8
PIEZA_TXT
100
AcDbText
 10
1.3000000000000003
 20
-23.20475
 30
0.0
 40
0.05
  1
0.20x0.51
 72
1
 11
1.3000000000000003
 21
-23.20475
 31
0.0
100
AcDbText
 73
2
  0
HATCH
  5
5E1
330
17
100
AcDbEntity
  8
PIEZA
 62
3
100
AcDbHatch
 10
0.0
 20
0.0
 30
0.0
210
0.0
220
0.0
230
1.0
  2
SOLID
 70
1
 71
0
 91
1
 92
3
 72
0
 73
1
 93
4
 10
1.2000000000000002
 20
-22.951500000000003
 10
1.4000000000000001
 20
-22.951500000000003
 10
1.4000000000000001
 20
-22.445000000000004
 10
1.2000000000000002
 20
-22.445000000000004
 97
0
 75
1
 76
1
 98
0
  0
LWPOLYLINE
  5
5E2
330
17
100
AcDbEntity
  8
PIEZA
100
AcDbPolyline
 90
4
 70
1
 10
1.2000000000000002
 20
-22.951500000000003
 10
1.4000000000000001
 20
-22.951500000000003
 10
1.4000000000000001
 20
-22.445000000000004
 10
1.2000000000000002
 20
-22.445000000000004
  0
TEXT
  5
5E3
330
17
100
AcDbEntity
  8
PIEZA_TXT
100
AcDbText
 10
1.3000000000000003
 20
-22.69825
 30
0.0
 40
0.05
  1
0.20x0.51
 72
1
 11
1.3000000000000003
 21
-22.69825
 31
0.0
100
AcDbText
 73
2
  0
HATCH
  5
5E4
330
17
100
AcDbEntity
  8
SOBRANTE
 62
2
100
AcDbHatch
 10
0.0
 20
0.0
 30
0.0
210
0.0
220
0.0
230
1.0
  2
SOLID
 70
1
 71
0
 91
1
 92
3
 72
0
 73
1
 93
4
 10
1.2000000000000002
 20
-22.445
 10
1.4000000000000001
 20
-22.445
 10
1.4000000000000001
 20
-22.258
 10
1.2000000000000002
 20
-22.258
 97
0
 75
1
 76
1
 98
0
  0
LWPOLYLINE
  5
5E5
330
17
100
AcDbEntity
  8
SOBRANTE
100
AcDbPolyline
 90
4
 70
1
 10
1.2000000000000002
 20
-22.445
 10
1.4000000000000001
 20
-22.445
 10
1.4000000000000001
 20
-22.258
 10
1.2000000000000002
 20
-22.258
  0
TEXT
  5
5E6
330
17
100
AcDbEntity
  8
PIEZA_TXT
100
AcDbText
 10
1.3000000000000003
 20
-22.3515
 30
0.0
 40
0.04
  1
sobra0.20x0.19
 72
1
 11
1.3000000000000003
 21
-22.3515
 31
0.0
100
AcDbText
 73
2
  0
LWPOLYLINE
  5
5E7
330
17
100
AcDbEntity
  8
BALDOSA
100
AcDbPolyline
 90
4
 70
1
 10
1.6
 20
-23.458000000000002
 10
1.8
 20
-23.458000000000002
 10
1.8
 20
-22.258000000000003
 10
1.6
 20
-22.258000000000003
  0
TEXT
  5
5E8
330
17
100
AcDbEntity
  8
TITULO
100
AcDbText
 10
1.7000000000000002
 20
-22.198000000000004
 30
0.0
 40
0.06
  1
RW-77
 72
1
 11
1.7000000000000002
 21
-22.198000000000004
 31
0.0
100
AcDbText
 73
2
  0
HATCH
  5
5E9
330
17
100
AcDbEntity
  8
PIEZA
 62
3
100
AcDbHatch
 10
0.0
 20
0.0
 30
0.0
210
0.0
220
0.0
230
1.0
  2
SOLID
 70
1
 71
0
 91
1
 92
3
 72
0
 73
1
 93
4
 10
1.6
 20
-23.458000000000002
 10
1.8
 20
-23.458000000000002
 10
1.8
 20
-22.951500000000003
 10
1.6
 20
-22.951500000000003
 97
0
 75
1
 76
1
 98
0
  0
LWPOLYLINE
  5
5EA
330
17
100
AcDbEntity
  8
PIEZA
100
AcDbPolyline
 90
4
 70
1
 10
1.6
 20
-23.458000000000002
 10
1.8
 20
-23.458000000000002
 10
1.8
 20
-22.951500000000003
 10
1.6
 20
-22.951500000000003
  0
TEXT
  5
5EB
330
17
100
AcDbEntity
  8
PIEZA_TXT
100
AcDbText
 10
1.7000000000000002
 20
-23.20475
 30
0.0
 40
0.05
  1
0.20x0.51
 72
1
 11
1.7000000000000002
 21
-23.20475
 31
0.0
100
AcDbText
 73
2
  0
HATCH
  5
5EC
330
17
100
AcDbEntity
  8
PIEZA
 62
3
100
AcDbHatch
 10
0.0
 20
0.0
 30
0.0
210
0.0
220
0.0
230
1.0
  2
SOLID
 70
1
 71
0
 91
1
 92
3
 72
0
 73
1
 93
4
 10
1.6
 20
-22.951500000000003
 10
1.8
 20
-22.951500000000003
 10
1.8
 20
-22.445000000000004
 10
1.6
 20
-22.445000000000004
 97
0
 75
1
 76
1
 98
0
  0
LWPOLYLINE
  5
5ED
330
17
100
AcDbEntity
  8
PIEZA
100
AcDbPolyline
 90
4
 70
1
 10
1.6
 20
-22.951500000000003
 10
1.8
 20
-22.951500000000003
 10
1.8
 20
-22.445000000000004
 10
1.6
 20
-22.445000000000004
  0
TEXT
  5
5EE
330
17
100
AcDbEntity
  8
PIEZA_TXT
100
AcDbText
 10
1.7000000000000002
 20
-22.69825
 30
0.0
 40
0.05
  1
0.20x0.51
 72
1
 11
1.7000000000000002
 21
-22.69825
 31
0.0
100
AcDbText
 73
2
  0
HATCH
  5
5EF
330
17
100
AcDbEntity
  8
SOBRANTE
 62
2
100
AcDbHatch
 10
0.0
 20
0.0
 30
0.0
210
0.0
220
0.0
230
1.0
  2
SOLID
 70
1
 71
0
 91
1
 92
3
 72
0
 73
1
 93
4
 10
1.6
 20
-22.445
 10
1.8
 20
-22.445
 10
1.8
 20
-22.258
 10
1.6
 20
-22.258
 97
0
 75
1
 76
1
 98
0
  0
LWPOLYLINE
  5
5F0
330
17
100
AcDbEntity
  8
SOBRANTE
100
AcDbPolyline
 90
4
 70
1
 10
1.6
 20
-22.445
 10
1.8
 20
-22.445
 10
1.8
 20
-22.258
 10
1.6
 20
-22.258
  0
TEXT
  5
5F1
330
17
100
AcDbEntity
  8
PIEZA_TXT
100
AcDbText
 10
1.7000000000000002
 20
-22.3515
 30
0.0
 40
0.04
  1
sobra0.20x0.19
 72
1
 11
1.7000000000000002
 21
-22.3515
 31
0.0
100
AcDbText
 73
2
  0
LWPOLYLINE
  5
5F2
330
17
100
AcDbEntity
  8
BALDOSA
100
AcDbPolyline
 90
4
 70
1
 10
2.0
 20
-23.458000000000002
 10
2.2
 20
-23.458000000000002
 10
2.2
 20
-22.258000000000003
 10
2.0
 20
-22.258000000000003
  0
TEXT
  5
5F3
330
17
100
AcDbEntity
  8
TITULO
100
AcDbText
 10
2.1
 20
-22.198000000000004
 30
0.0
 40
0.06
  1
RW-78
 72
1
 11
2.1
 21
-22.198000000000004
 31
0.0
100
AcDbText
 73
2
  0
HATCH
  5
5F4
330
17
100
AcDbEntity
  8
PIEZA
 62
3
100
AcDbHatch
 10
0.0
 20
0.0
 30
0.0
210
0.0
220
0.0
230
1.0
  2
SOLID
 70
1
 71
0
 91
1
 92
3
 72
0
 73
1
 93
4
 10
2.0
 20
-23.458000000000002
 10
2.2
 20
-23.458000000000002
 10
2.2
 20
-22.951500000000003
 10
2.0
 20
-22.951500000000003
 97
0
 75
1
 76
1
 98
0
  0
LWPOLYLINE
  5
5F5
330
17
100
AcDbEntity
  8
PIEZA
100
AcDbPolyline
 90
4
 70
1
 10
2.0
 20
-23.458000000000002
 10
2.2
 20
-23.458000000000002
 10
2.2
 20
-22.951500000000003
 10
2.0
 20
-22.951500000000003
  0
TEXT
  5
5F6
330
17
100
AcDbEntity
  8
PIEZA_TXT
100
AcDbText
 10
2.1
 20
-23.20475
 30
0.0
 40
0.05
  1
0.20x0.51
 72
1
 11
2.1
 21
-23.20475
 31
0.0
100
AcDbText
 73
2
  0
HATCH
  5
5F7
330
17
100
AcDbEntity
  8
PIEZA
 62
3
100
AcDbHatch
 10
0.0
 20
0.0
 30
0.0
210
0.0
220
0.0
230
1.0
  2
SOLID
 70
1
 71
0
 91
1
 92
3
 72
0
 73
1
 93
4
 10
2.0
 20
-22.951500000000003
 10
2.2
 20
-22.951500000000003
 10
2.2
 20
-22.445000000000004
 10
2.0
 20
-22.445000000000004
 97
0
 75
1
 76
1
 98
0
  0
LWPOLYLINE
  5
5F8
330
17
100
AcDbEntity
  8
PIEZA
100
AcDbPolyline
 90
4
 70
1
 10
2.0
 20
-22.951500000000003
 10
2.2
 20
-22.951500000000003
 10
2.2
 20
-22.445000000000004
 10
2.0
 20
-22.445000000000004
  0
TEXT
  5
5F9
330
17
100
AcDbEntity
  8
PIEZA_TXT
100
AcDbText
 10
2.1
 20
-22.69825
 30
0.0
 40
0.05
  1
0.20x0.51
 72
1
 11
2.1
 21
-22.69825
 31
0.0
100
AcDbText
 73
2
  0
HATCH
  5
5FA
330
17
100
AcDbEntity
  8
SOBRANTE
 62
2
100
AcDbHatch
 10
0.0
 20
0.0
 30
0.0
210
0.0
220
0.0
230
1.0
  2
SOLID
 70
1
 71
0
 91
1
 92
3
 72
0
 73
1
 93
4
 10
2.0
 20
-22.445
 10
2.2
 20
-22.445
 10
2.2
 20
-22.258
 10
2.0
 20
-22.258
 97
0
 75
1
 76
1
 98
0
  0
LWPOLYLINE
  5
5FB
330
17
100
AcDbEntity
  8
SOBRANTE
100
AcDbPolyline
 90
4
 70
1
 10
2.0
 20
-22.445
 10
2.2
 20
-22.445
 10
2.2
 20
-22.258
 10
2.0
 20
-22.258
  0
TEXT
  5
5FC
330
17
100
AcDbEntity
  8
PIEZA_TXT
100
AcDbText
 10
2.1
 20
-22.3515
 30
0.0
 40
0.04
  1
sobra0.20x0.19
 72
1
 11
2.1
 21
-22.3515
 31
0.0
100
AcDbText
 73
2
  0
LWPOLYLINE
  5
5FD
330
17
100
AcDbEntity
  8
BALDOSA
100
AcDbPolyline
 90
4
 70
1
 10
2.4000000000000004
 20
-23.458000000000002
 10
2.6000000000000005
 20
-23.458000000000002
 10
2.6000000000000005
 20
-22.258000000000003
 10
2.4000000000000004
 20
-22.258000000000003
  0
TEXT
  5
5FE
330
17
100
AcDbEntity
  8
TITULO
100
AcDbText
 10
2.5000000000000004
 20
-22.198000000000004
 30
0.0
 40
0.06
  1
RW-79
 72
1
 11
2.5000000000000004
 21
-22.198000000000004
 31
0.0
100
AcDbText
 73
2
  0
HATCH
  5
5FF
330
17
100
AcDbEntity
  8
PIEZA
 62
3
100
AcDbHatch
 10
0.0
 20
0.0
 30
0.0
210
0.0
220
0.0
230
1.0
  2
SOLID
 70
1
 71
0
 91
1
 92
3
 72
0
 73
1
 93
4
 10
2.4000000000000004
 20
-23.458000000000002
 10
2.6000000000000005
 20
-23.458000000000002
 10
2.6000000000000005
 20
-23.009
 10
2.4000000000000004
 20
-23.009
 97
0
 75
1
 76
1
 98
0
  0
LWPOLYLINE
  5
600
330
17
100
AcDbEntity
  8
PIEZA
100
AcDbPolyline
 90
4
 70
1
 10
2.4000000000000004
 20
-23.458000000000002
 10
2.6000000000000005
 20
-23.458000000000002
 10
2.6000000000000005
 20
-23.009
 10
2.4000000000000004
 20
-23.009
  0
TEXT
  5
601
330
17
100
AcDbEntity
  8
PIEZA_TXT
100
AcDbText
 10
2.5000000000000004
 20
-23.233500000000003
 30
0.0
 40
0.05
  1
0.20x0.45
 72
1
 11
2.5000000000000004
 21
-23.233500000000003
 31
0.0
100
AcDbText
 73
2
  0
HATCH
  5
602
330
17
100
AcDbEntity
  8
PIEZA
 62
3
100
AcDbHatch
 10
0.0
 20
0.0
 30
0.0
210
0.0
220
0.0
230
1.0
  2
SOLID
 70
1
 71
0
 91
1
 92
3
 72
0
 73
1
 93
4
 10
2.4000000000000004
 20
-23.009
 10
2.6000000000000005
 20
-23.009
 10
2.6000000000000005
 20
-22.56
 10
2.4000000000000004
 20
-22.56
 97
0
 75
1
 76
1
 98
0
  0
LWPOLYLINE
  5
603
330
17
100
AcDbEntity
  8
PIEZA
100
AcDbPolyline
 90
4
 70
1
 10
2.4000000000000004
 20
-23.009
 10
2.6000000000000005
 20
-23.009
 10
2.6000000000000005
 20
-22.56
 10
2.4000000000000004
 20
-22.56
  0
TEXT
  5
604
330
17
100
AcDbEntity
  8
PIEZA_TXT
100
AcDbText
 10
2.5000000000000004
 20
-22.7845
 30
0.0
 40
0.05
  1
0.20x0.45
 72
1
 11
2.5000000000000004
 21
-22.7845
 31
0.0
100
AcDbText
 73
2
  0
HATCH
  5
605
330
17
100
AcDbEntity
  8
SOBRANTE
 62
2
100
AcDbHatch
 10
0.0
 20
0.0
 30
0.0
210
0.0
220
0.0
230
1.0
  2
SOLID
 70
1
 71
0
 91
1
 92
3
 72
0
 73
1
 93
4
 10
2.4000000000000004
 20
-22.560000000000002
 10
2.6000000000000005
 20
-22.560000000000002
 10
2.6000000000000005
 20
-22.258000000000003
 10
2.4000000000000004
 20
-22.258000000000003
 97
0
 75
1
 76
1
 98
0
  0
LWPOLYLINE
  5
606
330
17
100
AcDbEntity
  8
SOBRANTE
100
AcDbPolyline
 90
4
 70
1
 10
2.4000000000000004
 20
-22.560000000000002
 10
2.6000000000000005
 20
-22.560000000000002
 10
2.6000000000000005
 20
-22.258000000000003
 10
2.4000000000000004
 20
-22.258000000000003
  0
TEXT
  5
607
330
17
100
AcDbEntity
  8
PIEZA_TXT
100
AcDbText
 10
2.5000000000000004
 20
-22.409000000000002
 30
0.0
 40
0.04
  1
sobra0.20x0.30
 72
1
 11
2.5000000000000004
 21
-22.409000000000002
 31
0.0
100
AcDbText
 73
2
  0
LWPOLYLINE
  5
608
330
17
100
AcDbEntity
  8
BALDOSA
100
AcDbPolyline
 90
4
 70
1
 10
2.8000000000000003
 20
-23.458000000000002
 10
3.0000000000000004
 20
-23.458000000000002
 10
3.0000000000000004
 20
-22.258000000000003
 10
2.8000000000000003
 20
-22.258000000000003
  0
TEXT
  5
609
330
17
100
AcDbEntity
  8
TITULO
100
AcDbText
 10
2.9000000000000004
 20
-22.198000000000004
 30
0.0
 40
0.06
  1
RW-80
 72
1
 11
2.9000000000000004
 21
-22.198000000000004
 31
0.0
100
AcDbText
 73
2
  0
HATCH
  5
60A
330
17
100
AcDbEntity
  8
PIEZA
 62
3
100
AcDbHatch
 10
0.0
 20
0.0
 30
0.0
210
0.0
220
0.0
230
1.0
  2
SOLID
 70
1
 71
0
 91
1
 92
3
 72
0
 73
1
 93
4
 10
2.8000000000000003
 20
-23.458000000000002
 10
3.0000000000000004
 20
-23.458000000000002
 10
3.0000000000000004
 20
-23.009
 10
2.8000000000000003
 20
-23.009
 97
0
 75
1
 76
1
 98
0
  0
LWPOLYLINE
  5
60B
330
17
100
AcDbEntity
  8
PIEZA
100
AcDbPolyline
 90
4
 70
1
 10
2.8000000000000003
 20
-23.458000000000002
 10
3.0000000000000004
 20
-23.458000000000002
 10
3.0000000000000004
 20
-23.009
 10
2.8000000000000003
 20
-23.009
  0
TEXT
  5
60C
330
17
100
AcDbEntity
  8
PIEZA_TXT
100
AcDbText
 10
2.9000000000000004
 20
-23.233500000000003
 30
0.0
 40
0.05
  1
0.20x0.45
 72
1
 11
2.9000000000000004
 21
-23.233500000000003
 31
0.0
100
AcDbText
 73
2
  0
HATCH
  5
60D
330
17
100
AcDbEntity
  8
PIEZA
 62
3
100
AcDbHatch
 10
0.0
 20
0.0
 30
0.0
210
0.0
220
0.0
230
1.0
  2
SOLID
 70
1
 71
0
 91
1
 92
3
 72
0
 73
1
 93
4
 10
2.8000000000000003
 20
-23.009
 10
3.0000000000000004
 20
-23.009
 10
3.0000000000000004
 20
-22.56
 10
2.8000000000000003
 20
-22.56
 97
0
 75
1
 76
1
 98
0
  0
LWPOLYLINE
  5
60E
330
17
100
AcDbEntity
  8
PIEZA
100
AcDbPolyline
 90
4
 70
1
 10
2.8000000000000003
 20
-23.009
 10
3.0000000000000004
 20
-23.009
 10
3.0000000000000004
 20
-22.56
 10
2.8000000000000003
 20
-22.56
  0
TEXT
  5
60F
330
17
100
AcDbEntity
  8
PIEZA_TXT
100
AcDbText
 10
2.9000000000000004
 20
-22.7845
 30
0.0
 40
0.05
  1
0.20x0.45
 72
1
 11
2.9000000000000004
 21
-22.7845
 31
0.0
100
AcDbText
 73
2
  0
HATCH
  5
610
330
17
100
AcDbEntity
  8
SOBRANTE
 62
2
100
AcDbHatch
 10
0.0
 20
0.0
 30
0.0
210
0.0
220
0.0
230
1.0
  2
SOLID
 70
1
 71
0
 91
1
 92
3
 72
0
 73
1
 93
4
 10
2.8000000000000003
 20
-22.560000000000002
 10
3.0000000000000004
 20
-22.560000000000002
 10
3.0000000000000004
 20
-22.258000000000003
 10
2.8000000000000003
 20
-22.258000000000003
 97
0
 75
1
 76
1
 98
0
  0
LWPOLYLINE
  5
611
330
17
100
AcDbEntity
  8
SOBRANTE
100
AcDbPolyline
 90
4
 70
1
 10
2.8000000000000003
 20
-22.560000000000002
 10
3.0000000000000004
 20
-22.560000000000002
 10
3.0000000000000004
 20
-22.258000000000003
 10
2.8000000000000003
 20
-22.258000000000003
  0
TEXT
  5
612
330
17
100
AcDbEntity
  8
PIEZA_TXT
100
AcDbText
 10
2.9000000000000004
 20
-22.409000000000002
 30
0.0
 40
0.04
  1
sobra0.20x0.30
 72
1
 11
2.9000000000000004
 21
-22.409000000000002
 31
0.0
100
AcDbText
 73
2
  0
LWPOLYLINE
  5
613
330
17
100
AcDbEntity
  8
BALDOSA
100
AcDbPolyline
 90
4
 70
1
 10
3.2
 20
-23.458000000000002
 10
3.4000000000000004
 20
-23.458000000000002
 10
3.4000000000000004
 20
-22.258000000000003
 10
3.2
 20
-22.258000000000003
  0
TEXT
  5
614
330
17
100
AcDbEntity
  8
TITULO
100
AcDbText
 10
3.3000000000000003
 20
-22.198000000000004
 30
0.0
 40
0.06
  1
RW-81
 72
1
 11
3.3000000000000003
 21
-22.198000000000004
 31
0.0
100
AcDbText
 73
2
  0
HATCH
  5
615
330
17
100
AcDbEntity
  8
PIEZA
 62
3
100
AcDbHatch
 10
0.0
 20
0.0
 30
0.0
210
0.0
220
0.0
230
1.0
  2
SOLID
 70
1
 71
0
 91
1
 92
3
 72
0
 73
1
 93
4
 10
3.2
 20
-23.458000000000002
 10
3.4000000000000004
 20
-23.458000000000002
 10
3.4000000000000004
 20
-23.009
 10
3.2
 20
-23.009
 97
0
 75
1
 76
1
 98
0
  0
LWPOLYLINE
  5
616
330
17
100
AcDbEntity
  8
PIEZA
100
AcDbPolyline
 90
4
 70
1
 10
3.2
 20
-23.458000000000002
 10
3.4000000000000004
 20
-23.458000000000002
 10
3.4000000000000004
 20
-23.009
 10
3.2
 20
-23.009
  0
TEXT
  5
617
330
17
100
AcDbEntity
  8
PIEZA_TXT
100
AcDbText
 10
3.3000000000000003
 20
-23.233500000000003
 30
0.0
 40
0.05
  1
0.20x0.45
 72
1
 11
3.3000000000000003
 21
-23.233500000000003
 31
0.0
100
AcDbText
 73
2
  0
HATCH
  5
618
330
17
100
AcDbEntity
  8
PIEZA
 62
3
100
AcDbHatch
 10
0.0
 20
0.0
 30
0.0
210
0.0
220
0.0
230
1.0
  2
SOLID
 70
1
 71
0
 91
1
 92
3
 72
0
 73
1
 93
4
 10
3.2
 20
-23.009
 10
3.4000000000000004
 20
-23.009
 10
3.4000000000000004
 20
-22.56
 10
3.2
 20
-22.56
 97
0
 75
1
 76
1
 98
0
  0
LWPOLYLINE
  5
619
330
17
100
AcDbEntity
  8
PIEZA
100
AcDbPolyline
 90
4
 70
1
 10
3.2
 20
-23.009
 10
3.4000000000000004
 20
-23.009
 10
3.4000000000000004
 20
-22.56
 10
3.2
 20
-22.56
  0
TEXT
  5
61A
330
17
100
AcDbEntity
  8
PIEZA_TXT
100
AcDbText
 10
3.3000000000000003
 20
-22.7845
 30
0.0
 40
0.05
  1
0.20x0.45
 72
1
 11
3.3000000000000003
 21
-22.7845
 31
0.0
100
AcDbText
 73
2
  0
HATCH
  5
61B
330
17
100
AcDbEntity
  8
SOBRANTE
 62
2
100
AcDbHatch
 10
0.0
 20
0.0
 30
0.0
210
0.0
220
0.0
230
1.0
  2
SOLID
 70
1
 71
0
 91
1
 92
3
 72
0
 73
1
 93
4
 10
3.2
 20
-22.560000000000002
 10
3.4000000000000004
 20
-22.560000000000002
 10
3.4000000000000004
 20
-22.258000000000003
 10
3.2
 20
-22.258000000000003
 97
0
 75
1
 76
1
 98
0
  0
LWPOLYLINE
  5
61C
330
17
100
AcDbEntity
  8
SOBRANTE
100
AcDbPolyline
 90
4
 70
1
 10
3.2
 20
-22.560000000000002
 10
3.4000000000000004
 20
-22.560000000000002
 10
3.4000000000000004
 20
-22.258000000000003
 10
3.2
 20
-22.258000000000003
  0
TEXT
  5
61D
330
17
100
AcDbEntity
  8
PIEZA_TXT
100
AcDbText
 10
3.3000000000000003
 20
-22.409000000000002
 30
0.0
 40
0.04
  1
sobra0.20x0.30
 72
1
 11
3.3000000000000003
 21
-22.409000000000002
 31
0.0
100
AcDbText
 73
2
  0
LWPOLYLINE
  5
61E
330
17
100
AcDbEntity
  8
BALDOSA
100
AcDbPolyline
 90
4
 70
1
 10
3.6
 20
-23.458000000000002
 10
3.8000000000000003
 20
-23.458000000000002
 10
3.8000000000000003
 20
-22.258000000000003
 10
3.6
 20
-22.258000000000003
  0
TEXT
  5
61F
330
17
100
AcDbEntity
  8
TITULO
100
AcDbText
 10
3.7
 20
-22.198000000000004
 30
0.0
 40
0.06
  1
RW-82
 72
1
 11
3.7
 21
-22.198000000000004
 31
0.0
100
AcDbText
 73
2
  0
HATCH
  5
620
330
17
100
AcDbEntity
  8
PIEZA
 62
3
100
AcDbHatch
 10
0.0
 20
0.0
 30
0.0
210
0.0
220
0.0
230
1.0
  2
SOLID
 70
1
 71
0
 91
1
 92
3
 72
0
 73
1
 93
4
 10
3.6
 20
-23.458000000000002
 10
3.8000000000000003
 20
-23.458000000000002
 10
3.8000000000000003
 20
-23.009
 10
3.6
 20
-23.009
 97
0
 75
1
 76
1
 98
0
  0
LWPOLYLINE
  5
621
330
17
100
AcDbEntity
  8
PIEZA
100
AcDbPolyline
 90
4
 70
1
 10
3.6
 20
-23.458000000000002
 10
3.8000000000000003
 20
-23.458000000000002
 10
3.8000000000000003
 20
-23.009
 10
3.6
 20
-23.009
  0
TEXT
  5
622
330
17
100
AcDbEntity
  8
PIEZA_TXT
100
AcDbText
 10
3.7
 20
-23.233500000000003
 30
0.0
 40
0.05
  1
0.20x0.45
 72
1
 11
3.7
 21
-23.233500000000003
 31
0.0
100
AcDbText
 73
2
  0
HATCH
  5
623
330
17
100
AcDbEntity
  8
PIEZA
 62
3
100
AcDbHatch
 10
0.0
 20
0.0
 30
0.0
210
0.0
220
0.0
230
1.0
  2
SOLID
 70
1
 71
0
 91
1
 92
3
 72
0
 73
1
 93
4
 10
3.6
 20
-23.009
 10
3.8000000000000003
 20
-23.009
 10
3.8000000000000003
 20
-22.592200000000002
 10
3.6
 20
-22.592200000000002
 97
0
 75
1
 76
1
 98
0
  0
LWPOLYLINE
  5
624
330
17
100
AcDbEntity
  8
PIEZA
100
AcDbPolyline
 90
4
 70
1
 10
3.6
 20
-23.009
 10
3.8000000000000003
 20
-23.009
 10
3.8000000000000003
 20
-22.592200000000002
 10
3.6
 20
-22.592200000000002
  0
TEXT
  5
625
330
17
100
AcDbEntity
  8
PIEZA_TXT
100
AcDbText
 10
3.7
 20
-22.8006
 30
0.0
 40
0.05
  1
0.20x0.42
 72
1
 11
3.7
 21
-22.8006
 31
0.0
100
AcDbText
 73
2
  0
HATCH
  5
626
330
17
100
AcDbEntity
  8
SOBRANTE
 62
2
100
AcDbHatch
 10
0.0
 20
0.0
 30
0.0
210
0.0
220
0.0
230
1.0
  2
SOLID
 70
1
 71
0
 91
1
 92
3
 72
0
 73
1
 93
4
 10
3.6
 20
-22.592200000000002
 10
3.8000000000000003
 20
-22.592200000000002
 10
3.8000000000000003
 20
-22.258000000000003
 10
3.6
 20
-22.258000000000003
 97
0
 75
1
 76
1
 98
0
  0
LWPOLYLINE
  5
627
330
17
100
AcDbEntity
  8
SOBRANTE
100
AcDbPolyline
 90
4
 70
1
 10
3.6
 20
-22.592200000000002
 10
3.8000000000000003
 20
-22.592200000000002
 10
3.8000000000000003
 20
-22.258000000000003
 10
3.6
 20
-22.258000000000003
  0
TEXT
  5
628
330
17
100
AcDbEntity
  8
PIEZA_TXT
100
AcDbText
 10
3.7
 20
-22.4251
 30
0.0
 40
0.04
  1
sobra0.20x0.33
 72
1
 11
3.7
 21
-22.4251
 31
0.0
100
AcDbText
 73
2
  0
LWPOLYLINE
  5
629
330
17
100
AcDbEntity
  8
BALDOSA
100
AcDbPolyline
 90
4
 70
1
 10
4.0
 20
-23.458000000000002
 10
4.2
 20
-23.458000000000002
 10
4.2
 20
-22.258000000000003
 10
4.0
 20
-22.258000000000003
  0
TEXT
  5
62A
330
17
100
AcDbEntity
  8
TITULO
100
AcDbText
 10
4.1
 20
-22.198000000000004
 30
0.0
 40
0.06
  1
RW-83
 72
1
 11
4.1
 21
-22.198000000000004
 31
0.0
100
AcDbText
 73
2
  0
HATCH
  5
62B
330
17
100
AcDbEntity
  8
PIEZA
 62
3
100
AcDbHatch
 10
0.0
 20
0.0
 30
0.0
210
0.0
220
0.0
230
1.0
  2
SOLID
 70
1
 71
0
 91
1
 92
3
 72
0
 73
1
 93
4
 10
4.0
 20
-23.458000000000002
 10
4.072
 20
-23.458000000000002
 10
4.072
 20
-22.258000000000003
 10
4.0
 20
-22.258000000000003
 97
0
 75
1
 76
1
 98
0
  0
LWPOLYLINE
  5
62C
330
17
100
AcDbEntity
  8
PIEZA
100
AcDbPolyline
 90
4
 70
1
 10
4.0
 20
-23.458000000000002
 10
4.072
 20
-23.458000000000002
 10
4.072
 20
-22.258000000000003
 10
4.0
 20
-22.258000000000003
  0
TEXT
  5
62D
330
17
100
AcDbEntity
  8
PIEZA_TXT
100
AcDbText
 10
4.036
 20
-22.858
 30
0.0
 40
0.018
  1
0.07x1.20
 72
1
 11
4.036
 21
-22.858
 31
0.0
100
AcDbText
 73
2
  0
HATCH
  5
62E
330
17
100
AcDbEntity
  8
PIEZA
 62
3
100
AcDbHatch
 10
0.0
 20
0.0
 30
0.0
210
0.0
220
0.0
230
1.0
  2
SOLID
 70
1
 71
0
 91
1
 92
3
 72
0
 73
1
 93
4
 10
4.072
 20
-23.458000000000002
 10
4.117
 20
-23.458000000000002
 10
4.117
 20
-22.258000000000003
 10
4.072
 20
-22.258000000000003
 97
0
 75
1
 76
1
 98
0
  0
LWPOLYLINE
  5
62F
330
17
100
AcDbEntity
  8
PIEZA
100
AcDbPolyline
 90
4
 70
1
 10
4.072
 20
-23.458000000000002
 10
4.117
 20
-23.458000000000002
 10
4.117
 20
-22.258000000000003
 10
4.072
 20
-22.258000000000003
  0
TEXT
  5
630
330
17
100
AcDbEntity
  8
PIEZA_TXT
100
AcDbText
 10
4.0945
 20
-22.858
 30
0.0
 40
0.01125
  1
0.04x1.20
 72
1
 11
4.0945
 21
-22.858
 31
0.0
100
AcDbText
 73
2
  0
HATCH
  5
631
330
17
100
AcDbEntity
  8
DESPERDICIO
 62
7
100
AcDbHatch
 10
0.0
 20
0.0
 30
0.0
210
0.0
220
0.0
230
1.0
  2
ANSI31
 70
0
 71
0
 91
1
 92
3
 72
0
 73
1
 93
4
 10
4.117
 20
-23.458000000000002
 10
4.2
 20
-23.458000000000002
 10
4.2
 20
-22.258000000000003
 10
4.117
 20
-22.258000000000003
 97
0
 75
1
 76
1
 52
0.0
 41
0.02
 77
0
 78
1
 53
45.0
 43
0.0
 44
0.0
 45
-0.0449012806
 46
0.0449012806
 79
0
 98
0
  0
LWPOLYLINE
  5
632
330
17
100
AcDbEntity
  8
DESPERDICIO
100
AcDbPolyline
 90
4
 70
1
 10
4.117
 20
-23.458000000000002
 10
4.2
 20
-23.458000000000002
 10
4.2
 20
-22.258000000000003
 10
4.117
 20
-22.258000000000003
  0
LWPOLYLINE
  5
633
330
17
100
AcDbEntity
  8
BALDOSA
100
AcDbPolyline
 90
4
 70
1
 10
4.4
 20
-23.458000000000002
 10
4.6000000000000005
 20
-23.458000000000002
 10
4.6000000000000005
 20
-22.258000000000003
 10
4.4
 20
-22.258000000000003
  0
TEXT
  5
634
330
17
100
AcDbEntity
  8
TITULO
100
AcDbText
 10
4.5
 20
-22.198000000000004
 30
0.0
 40
0.06
  1
RW-84
 72
1
 11
4.5
 21
-22.198000000000004
 31
0.0
100
AcDbText
 73
2
  0
HATCH
  5
635
330
17
100
AcDbEntity
  8
PIEZA
 62
3
100
AcDbHatch
 10
0.0
 20
0.0
 30
0.0
210
0.0
220
0.0
230
1.0
  2
SOLID
 70
1
 71
0
 91
1
 92
3
 72
0
 73
1
 93
4
 10
4.4
 20
-23.458000000000002
 10
4.6000000000000005
 20
-23.458000000000002
 10
4.6000000000000005
 20
-23.041500000000003
 10
4.4
 20
-23.041500000000003
 97
0
 75
1
 76
1
 98
0
  0
LWPOLYLINE
  5
636
330
17
100
AcDbEntity
  8
PIEZA
100
AcDbPolyline
 90
4
 70
1
 10
4.4
 20
-23.458000000000002
 10
4.6000000000000005
 20
-23.458000000000002
 10
4.6000000000000005
 20
-23.041500000000003
 10
4.4
 20
-23.041500000000003
  0
TEXT
  5
637
330
17
100
AcDbEntity
  8
PIEZA_TXT
100
AcDbText
 10
4.5
 20
-23.249750000000002
 30
0.0
 40
0.05
  1
0.20x0.42
 72
1
 11
4.5
 21
-23.249750000000002
 31
0.0
100
AcDbText
 73
2
  0
HATCH
  5
638
330
17
100
AcDbEntity
  8
PIEZA
 62
3
100
AcDbHatch
 10
0.0
 20
0.0
 30
0.0
210
0.0
220
0.0
230
1.0
  2
SOLID
 70
1
 71
0
 91
1
 92
3
 72
0
 73
1
 93
4
 10
4.4
 20
-23.041500000000003
 10
4.6000000000000005
 20
-23.041500000000003
 10
4.6000000000000005
 20
-22.625300000000003
 10
4.4
 20
-22.625300000000003
 97
0
 75
1
 76
1
 98
0
  0
LWPOLYLINE
  5
639
330
17
100
AcDbEntity
  8
PIEZA
100
AcDbPolyline
 90
4
 70
1
 10
4.4
 20
-23.041500000000003
 10
4.6000000000000005
 20
-23.041500000000003
 10
4.6000000000000005
 20
-22.625300000000003
 10
4.4
 20
-22.625300000000003
  0
TEXT
  5
63A
330
17
100
AcDbEntity
  8
PIEZA_TXT
100
AcDbText
 10
4.5
 20
-22.8334
 30
0.0
 40
0.05
  1
0.20x0.42
 72
1
 11
4.5
 21
-22.8334
 31
0.0
100
AcDbText
 73
2
  0
HATCH
  5
63B
330
17
100
AcDbEntity
  8
SOBRANTE
 62
2
100
AcDbHatch
 10
0.0
 20
0.0
 30
0.0
210
0.0
220
0.0
230
1.0
  2
SOLID
 70
1
 71
0
 91
1
 92
3
 72
0
 73
1
 93
4
 10
4.4
 20
-22.625300000000003
 10
4.6000000000000005
 20
-22.625300000000003
 10
4.6000000000000005
 20
-22.258000000000003
 10
4.4
 20
-22.258000000000003
 97
0
 75
1
 76
1
 98
0
  0
LWPOLYLINE
  5
63C
330
17
100
AcDbEntity
  8
SOBRANTE
100
AcDbPolyline
 90
4
 70
1
 10
4.4
 20
-22.625300000000003
 10
4.6000000000000005
 20
-22.625300000000003
 10
4.6000000000000005
 20
-22.258000000000003
 10
4.4
 20
-22.258000000000003
  0
TEXT
  5
63D
330
17
100
AcDbEntity
  8
PIEZA_TXT
100
AcDbText
 10
4.5
 20
-22.441650000000003
 30
0.0
 40
0.04
  1
sobra0.20x0.37
 72
1
 11
4.5
 21
-22.441650000000003
 31
0.0
100
AcDbText
 73
2
  0
LWPOLYLINE
  5
63E
330
17
100
AcDbEntity
  8
BALDOSA
100
AcDbPolyline
 90
4
 70
1
 10
0.0
 20
-24.958000000000002
 10
0.2
 20
-24.958000000000002
 10
0.2
 20
-23.758000000000003
 10
0.0
 20
-23.758000000000003
  0
TEXT
  5
63F
330
17
100
AcDbEntity
  8
TITULO
100
AcDbText
 10
0.1
 20
-23.698000000000004
 30
0.0
 40
0.06
  1
RW-85
 72
1
 11
0.1
 21
-23.698000000000004
 31
0.0
100
AcDbText
 73
2
  0
HATCH
  5
640
330
17
100
AcDbEntity
  8
PIEZA
 62
3
100
AcDbHatch
 10
0.0
 20
0.0
 30
0.0
210
0.0
220
0.0
230
1.0
  2
SOLID
 70
1
 71
0
 91
1
 92
3
 72
0
 73
1
 93
4
 10
0.0
 20
-24.958000000000002
 10
0.2
 20
-24.958000000000002
 10
0.2
 20
-24.5421
 10
0.0
 20
-24.5421
 97
0
 75
1
 76
1
 98
0
  0
LWPOLYLINE
  5
641
330
17
100
AcDbEntity
  8
PIEZA
100
AcDbPolyline
 90
4
 70
1
 10
0.0
 20
-24.958000000000002
 10
0.2
 20
-24.958000000000002
 10
0.2
 20
-24.5421
 10
0.0
 20
-24.5421
  0
TEXT
  5
642
330
17
100
AcDbEntity
  8
PIEZA_TXT
100
AcDbText
 10
0.1
 20
-24.75005
 30
0.0
 40
0.05
  1
0.20x0.42
 72
1
 11
0.1
 21
-24.75005
 31
0.0
100
AcDbText
 73
2
  0
HATCH
  5
643
330
17
100
AcDbEntity
  8
PIEZA
 62
3
100
AcDbHatch
 10
0.0
 20
0.0
 30
0.0
210
0.0
220
0.0
230
1.0
  2
SOLID
 70
1
 71
0
 91
1
 92
3
 72
0
 73
1
 93
4
 10
0.0
 20
-24.5421
 10
0.2
 20
-24.5421
 10
0.2
 20
-24.1265
 10
0.0
 20
-24.1265
 97
0
 75
1
 76
1
 98
0
  0
LWPOLYLINE
  5
644
330
17
100
AcDbEntity
  8
PIEZA
100
AcDbPolyline
 90
4
 70
1
 10
0.0
 20
-24.5421
 10
0.2
 20
-24.5421
 10
0.2
 20
-24.1265
 10
0.0
 20
-24.1265
  0
TEXT
  5
645
330
17
100
AcDbEntity
  8
PIEZA_TXT
100
AcDbText
 10
0.1
 20
-24.334300000000002
 30
0.0
 40
0.05
  1
0.20x0.42
 72
1
 11
0.1
 21
-24.334300000000002
 31
0.0
100
AcDbText
 73
2
  0
HATCH
  5
646
330
17
100
AcDbEntity
  8
SOBRANTE
 62
2
100
AcDbHatch
 10
0.0
 20
0.0
 30
0.0
210
0.0
220
0.0
230
1.0
  2
SOLID
 70
1
 71
0
 91
1
 92
3
 72
0
 73
1
 93
4
 10
0.0
 20
-24.126500000000004
 10
0.2
 20
-24.126500000000004
 10
0.2
 20
-23.758000000000003
 10
0.0
 20
-23.758000000000003
 97
0
 75
1
 76
1
 98
0
  0
LWPOLYLINE
  5
647
330
17
100
AcDbEntity
  8
SOBRANTE
100
AcDbPolyline
 90
4
 70
1
 10
0.0
 20
-24.126500000000004
 10
0.2
 20
-24.126500000000004
 10
0.2
 20
-23.758000000000003
 10
0.0
 20
-23.758000000000003
  0
TEXT
  5
648
330
17
100
AcDbEntity
  8
PIEZA_TXT
100
AcDbText
 10
0.1
 20
-23.942250000000005
 30
0.0
 40
0.04
  1
sobra0.20x0.37
 72
1
 11
0.1
 21
-23.942250000000005
 31
0.0
100
AcDbText
 73
2
  0
LWPOLYLINE
  5
649
330
17
100
AcDbEntity
  8
BALDOSA
100
AcDbPolyline
 90
4
 70
1
 10
0.4
 20
-24.958000000000002
 10
0.6000000000000001
 20
-24.958000000000002
 10
0.6000000000000001
 20
-23.758000000000003
 10
0.4
 20
-23.758000000000003
  0
TEXT
  5
64A
330
17
100
AcDbEntity
  8
TITULO
100
AcDbText
 10
0.5
 20
-23.698000000000004
 30
0.0
 40
0.06
  1
RW-86
 72
1
 11
0.5
 21
-23.698000000000004
 31
0.0
100
AcDbText
 73
2
  0
HATCH
  5
64B
330
17
100
AcDbEntity
  8
PIEZA
 62
3
100
AcDbHatch
 10
0.0
 20
0.0
 30
0.0
210
0.0
220
0.0
230
1.0
  2
SOLID
 70
1
 71
0
 91
1
 92
3
 72
0
 73
1
 93
4
 10
0.4
 20
-24.958000000000002
 10
0.6000000000000001
 20
-24.958000000000002
 10
0.6000000000000001
 20
-24.542700000000004
 10
0.4
 20
-24.542700000000004
 97
0
 75
1
 76
1
 98
0
  0
LWPOLYLINE
  5
64C
330
17
100
AcDbEntity
  8
PIEZA
100
AcDbPolyline
 90
4
 70
1
 10
0.4
 20
-24.958000000000002
 10
0.6000000000000001
 20
-24.958000000000002
 10
0.6000000000000001
 20
-24.542700000000004
 10
0.4
 20
-24.542700000000004
  0
TEXT
  5
64D
330
17
100
AcDbEntity
  8
PIEZA_TXT
100
AcDbText
 10
0.5
 20
-24.75035
 30
0.0
 40
0.05
  1
0.20x0.42
 72
1
 11
0.5
 21
-24.75035
 31
0.0
100
AcDbText
 73
2
  0
HATCH
  5
64E
330
17
100
AcDbEntity
  8
SOBRANTE
 62
2
100
AcDbHatch
 10
0.0
 20
0.0
 30
0.0
210
0.0
220
0.0
230
1.0
  2
SOLID
 70
1
 71
0
 91
1
 92
3
 72
0
 73
1
 93
4
 10
0.4
 20
-24.542700000000004
 10
0.6000000000000001
 20
-24.542700000000004
 10
0.6000000000000001
 20
-23.758000000000003
 10
0.4
 20
-23.758000000000003
 97
0
 75
1
 76
1
 98
0
  0
LWPOLYLINE
  5
64F
330
17
100
AcDbEntity
  8
SOBRANTE
100
AcDbPolyline
 90
4
 70
1
 10
0.4
 20
-24.542700000000004
 10
0.6000000000000001
 20
-24.542700000000004
 10
0.6000000000000001
 20
-23.758000000000003
 10
0.4
 20
-23.758000000000003
  0
TEXT
  5
650
330
17
100
AcDbEntity
  8
PIEZA_TXT
100
AcDbText
 10
0.5
 20
-24.150350000000003
 30
0.0
 40
0.04
  1
sobra0.20x0.78
 72
1
 11
0.5
 21
-24.150350000000003
 31
0.0
100
AcDbText
 73
2
  0
TEXT
  5
651
330
17
100
AcDbEntity
  8
TITULO
100
AcDbText
 10
0.0
 20
-27.458000000000002
 30
0.0
 40
0.16
  1
PLANO GENERAL DE CORTE - RECORTES DE PISO
 11
0.0
 21
-27.458000000000002
 31
0.0
100
AcDbText
  0
TEXT
  5
652
330
17
100
AcDbEntity
  8
TITULO
100
AcDbText
 10
0.0
 20
-27.758000000000003
 30
0.0
 40
0.16
  1
TOTAL: 354 piezas = 125 cajas = 169.80 m2
 11
0.0
 21
-27.758000000000003
 31
0.0
100
AcDbText
  0
TEXT
  5
653
330
17
100
AcDbEntity
  8
TITULO
100
AcDbText
 10
0.0
 20
-28.058000000000003
 30
0.0
 40
0.16
  1
Sobrante reutilizable: 6.78 m2    Desperdicio (merma): 3.44 m2
 11
0.0
 21
-28.058000000000003
 31
0.0
100
AcDbText
  0
TEXT
  5
654
330
17
100
AcDbEntity
  8
TITULO
100
AcDbText
 10
0.0
 20
-28.358000000000004
 30
0.0
 40
0.16
  1
LEYENDA:  verde = pieza que se corta y se usa   |   amarillo = sobrante reutilizable   |   rojo = desperdicio
 11
0.0
 21
-28.358000000000004
 31
0.0
100
AcDbText
  0
ENDSEC
  0
SECTION
  2
OBJECTS
  0
DICTIONARY
  5
A
330
0
100
AcDbDictionary
281
1
  3
ACAD_COLOR
350
B
  3
ACAD_GROUP
350
C
  3
ACAD_LAYOUT
350
D
  3
ACAD_MATERIAL
350
E
  3
ACAD_MLEADERSTYLE
350
F
  3
ACAD_MLINESTYLE
350
10
  3
ACAD_PLOTSETTINGS
350
11
  3
ACAD_PLOTSTYLENAME
350
12
  3
ACAD_SCALELIST
350
14
  3
ACAD_TABLESTYLE
350
15
  3
ACAD_VISUALSTYLE
350
16
  3
EZDXF_META
350
2D
  0
DICTIONARY
  5
B
330
A
100
AcDbDictionary
281
1
  0
DICTIONARY
  5
C
330
A
100
AcDbDictionary
281
1
  0
DICTIONARY
  5
D
330
A
100
AcDbDictionary
281
1
  3
Model
350
1A
  3
Layout1
350
1E
  0
DICTIONARY
  5
E
330
A
100
AcDbDictionary
281
1
  3
ByBlock
350
1F
  3
ByLayer
350
20
  3
Global
350
21
  0
DICTIONARY
  5
F
330
A
100
AcDbDictionary
281
1
  3
Standard
350
2C
  0
DICTIONARY
  5
10
330
A
100
AcDbDictionary
281
1
  3
Standard
350
22
  0
DICTIONARY
  5
11
330
A
100
AcDbDictionary
281
1
  0
ACDBDICTIONARYWDFLT
  5
12
330
A
100
AcDbDictionary
281
1
  3
Normal
350
13
100
AcDbDictionaryWithDefault
340
13
  0
ACDBPLACEHOLDER
  5
13
330
12
  0
DICTIONARY
  5
14
330
A
100
AcDbDictionary
281
1
  0
DICTIONARY
  5
15
330
A
100
AcDbDictionary
281
1
  0
DICTIONARY
  5
16
330
A
100
AcDbDictionary
281
1
  3
2dWireframe
350
5A
  3
Basic
350
5B
  3
Brighten
350
5C
  3
ColorChange
350
5D
  3
Conceptual
350
5E
  3
Dim
350
5F
  3
EdgeColorOff
350
60
  3
Facepattern
350
61
  3
Flat
350
62
  3
FlatWithEdges
350
63
  3
Gouraud
350
64
  3
GouraudWithEdges
350
65
  3
Hidden
350
66
  3
JitterOff
350
67
  3
Linepattern
350
68
  3
Modeling
350
69
  3
OverhangOff
350
6A
  3
Realistic
350
6B
  3
Shaded
350
6C
  3
Shaded with edges
350
6D
  3
Shades of Gray
350
6E
  3
Sketchy
350
6F
  3
Thicken
350
70
  3
Wireframe
350
71
  3
X-Ray
350
72
  0
LAYOUT
  5
1A
330
D
100
AcDbPlotSettings
  1

  4
A3
  6

 40
7.5
 41
20.0
 42
7.5
 43
20.0
 44
420.0
 45
297.0
 46
0.0
 47
0.0
 48
0.0
 49
0.0
140
0.0
141
0.0
142
1.0
143
1.0
 70
1024
 72
1
 73
0
 74
5
  7

 75
16
 76
0
 77
2
 78
300
147
1.0
148
0.0
149
0.0
100
AcDbLayout
  1
Model
 70
1
 71
0
 10
0.0
 20
0.0
 11
420.0
 21
297.0
 12
0.0
 22
0.0
 32
0.0
 14
1e+20
 24
1e+20
 34
1e+20
 15
-1e+20
 25
-1e+20
 35
-1e+20
146
0.0
 13
0.0
 23
0.0
 33
0.0
 16
1.0
 26
0.0
 36
0.0
 17
0.0
 27
1.0
 37
0.0
 76
1
330
17
  0
LAYOUT
  5
1E
330
D
100
AcDbPlotSettings
  1

  4
A3
  6

 40
7.5
 41
20.0
 42
7.5
 43
20.0
 44
420.0
 45
297.0
 46
0.0
 47
0.0
 48
0.0
 49
0.0
140
0.0
141
0.0
142
1.0
143
1.0
 70
0
 72
1
 73
0
 74
5
  7

 75
16
 76
0
 77
2
 78
300
147
1.0
148
0.0
149
0.0
100
AcDbLayout
  1
Layout1
 70
1
 71
1
 10
0.0
 20
0.0
 11
420.0
 21
297.0
 12
0.0
 22
0.0
 32
0.0
 14
1e+20
 24
1e+20
 34
1e+20
 15
-1e+20
 25
-1e+20
 35
-1e+20
146
0.0
 13
0.0
 23
0.0
 33
0.0
 16
1.0
 26
0.0
 36
0.0
 17
0.0
 27
1.0
 37
0.0
 76
1
330
1B
  0
MATERIAL
  5
1F
102
{ACAD_REACTORS
330
E
102
}
330
E
100
AcDbMaterial
  1
ByBlock
  2

 70
0
 40
1.0
 71
1
 41
1.0
 91
-1023410177
 42
1.0
 72
1
  3

 73
1
 74
1
 75
1
 44
0.5
 73
0
 45
1.0
 46
1.0
 77
1
  4

 78
1
 79
1
170
1
 48
1.0
171
1
  6

172
1
173
1
174
1
140
1.0
141
1.0
175
1
  7

176
1
177
1
178
1
143
1.0
179
1
  8

270
1
271
1
272
1
145
1.0
146
1.0
273
1
  9

274
1
275
1
276
1
 42
1.0
 72
1
  3

 73
1
 74
1
 75
1
 94
63
  0
MATERIAL
  5
20
102
{ACAD_REACTORS
330
E
102
}
330
E
100
AcDbMaterial
  1
ByLayer
  2

 70
0
 40
1.0
 71
1
 41
1.0
 91
-1023410177
 42
1.0
 72
1
  3

 73
1
 74
1
 75
1
 44
0.5
 73
0
 45
1.0
 46
1.0
 77
1
  4

 78
1
 79
1
170
1
 48
1.0
171
1
  6

172
1
173
1
174
1
140
1.0
141
1.0
175
1
  7

176
1
177
1
178
1
143
1.0
179
1
  8

270
1
271
1
272
1
145
1.0
146
1.0
273
1
  9

274
1
275
1
276
1
 42
1.0
 72
1
  3

 73
1
 74
1
 75
1
 94
63
  0
MATERIAL
  5
21
102
{ACAD_REACTORS
330
E
102
}
330
E
100
AcDbMaterial
  1
Global
  2

 70
0
 40
1.0
 71
1
 41
1.0
 91
-1023410177
 42
1.0
 72
1
  3

 73
1
 74
1
 75
1
 44
0.5
 73
0
 45
1.0
 46
1.0
 77
1
  4

 78
1
 79
1
170
1
 48
1.0
171
1
  6

172
1
173
1
174
1
140
1.0
141
1.0
175
1
  7

176
1
177
1
178
1
143
1.0
179
1
  8

270
1
271
1
272
1
145
1.0
146
1.0
273
1
  9

274
1
275
1
276
1
 42
1.0
 72
1
  3

 73
1
 74
1
 75
1
 94
63
  0
MLINESTYLE
  5
22
102
{ACAD_REACTORS
330
10
102
}
330
10
100
AcDbMlineStyle
  2
Standard
 70
0
  3

 62
256
 51
90.0
 52
90.0
 71
2
 49
0.5
 62
256
  6
BYLAYER
 49
-0.5
 62
256
  6
BYLAYER
  0
MLEADERSTYLE
  5
2C
102
{ACAD_REACTORS
330
F
102
}
330
F
100
AcDbMLeaderStyle
179
2
170
2
171
1
172
0
 90
2
 40
0.0
 41
0.0
173
1
 91
-1056964608
 92
-2
290
1
 42
2.0
291
1
 43
8.0
  3
Standard
 44
4.0
300

342
29
174
1
175
1
176
0
178
1
 93
-1056964608
 45
4.0
292
0
297
0
 46
4.0
 94
-1056964608
 47
1.0
 49
1.0
140
1.0
294
1
141
0.0
177
0
142
1.0
295
0
296
0
143
3.75
271
0
272
9
273
9
  0
DICTIONARY
  5
2D
330
A
100
AcDbDictionary
280
1
281
1
  3
CREATED_BY_EZDXF
350
2E
  3
WRITTEN_BY_EZDXF
350
657
  0
DICTIONARYVAR
  5
2E
330
2D
100
DictionaryVariables
280
0
  1
1.4.4 @ 2026-06-20T20:32:23.741786+00:00
  0
VISUALSTYLE
  5
5A
102
{ACAD_REACTORS
330
16
102
}
330
16
100
AcDbVisualStyle
  2
2dWireframe
 70
4
 90
0
 40
0.6
 62
7
290
0
291
0
  0
VISUALSTYLE
  5
5B
102
{ACAD_REACTORS
330
16
102
}
330
16
100
AcDbVisualStyle
  2
Basic
 70
7
 90
1
 40
0.6
 62
7
290
0
291
1
  0
VISUALSTYLE
  5
5C
102
{ACAD_REACTORS
330
16
102
}
330
16
100
AcDbVisualStyle
  2
Brighten
 70
12
 90
2
 40
0.6
 62
7
290
0
291
1
  0
VISUALSTYLE
  5
5D
102
{ACAD_REACTORS
330
16
102
}
330
16
100
AcDbVisualStyle
  2
ColorChange
 70
16
 90
2
 40
0.6
 62
8
290
0
291
1
  0
VISUALSTYLE
  5
5E
102
{ACAD_REACTORS
330
16
102
}
330
16
100
AcDbVisualStyle
  2
Conceptual
 70
9
 90
3
 40
0.6
 62
7
290
0
291
0
  0
VISUALSTYLE
  5
5F
102
{ACAD_REACTORS
330
16
102
}
330
16
100
AcDbVisualStyle
  2
Dim
 70
11
 90
2
 40
0.6
 62
7
290
0
291
1
  0
VISUALSTYLE
  5
60
102
{ACAD_REACTORS
330
16
102
}
330
16
100
AcDbVisualStyle
  2
EdgeColorOff
 70
22
 90
2
 40
0.6
 62
7
290
0
291
1
  0
VISUALSTYLE
  5
61
102
{ACAD_REACTORS
330
16
102
}
330
16
100
AcDbVisualStyle
  2
Facepattern
 70
15
 90
2
 40
0.6
 62
7
290
0
291
1
  0
VISUALSTYLE
  5
62
102
{ACAD_REACTORS
330
16
102
}
330
16
100
AcDbVisualStyle
  2
Flat
 70
0
 90
2
 40
0.6
 62
7
290
0
291
1
  0
VISUALSTYLE
  5
63
102
{ACAD_REACTORS
330
16
102
}
330
16
100
AcDbVisualStyle
  2
FlatWithEdges
 70
1
 90
2
 40
0.6
 62
7
290
0
291
1
  0
VISUALSTYLE
  5
64
102
{ACAD_REACTORS
330
16
102
}
330
16
100
AcDbVisualStyle
  2
Gouraud
 70
2
 90
2
 40
0.6
 62
7
290
0
291
1
  0
VISUALSTYLE
  5
65
102
{ACAD_REACTORS
330
16
102
}
330
16
100
AcDbVisualStyle
  2
GouraudWithEdges
 70
3
 90
2
 40
0.6
 62
7
290
0
291
1
  0
VISUALSTYLE
  5
66
102
{ACAD_REACTORS
330
16
102
}
330
16
100
AcDbVisualStyle
  2
Hidden
 70
6
 90
1
 40
0.6
 62
7
290
0
291
0
  0
VISUALSTYLE
  5
67
102
{ACAD_REACTORS
330
16
102
}
330
16
100
AcDbVisualStyle
  2
JitterOff
 70
20
 90
2
 40
0.6
 62
7
290
0
291
1
  0
VISUALSTYLE
  5
68
102
{ACAD_REACTORS
330
16
102
}
330
16
100
AcDbVisualStyle
  2
Linepattern
 70
14
 90
2
 40
0.6
 62
7
290
0
291
1
  0
VISUALSTYLE
  5
69
102
{ACAD_REACTORS
330
16
102
}
330
16
100
AcDbVisualStyle
  2
Modeling
 70
10
 90
2
 40
0.6
 62
7
290
0
291
0
  0
VISUALSTYLE
  5
6A
102
{ACAD_REACTORS
330
16
102
}
330
16
100
AcDbVisualStyle
  2
OverhangOff
 70
21
 90
2
 40
0.6
 62
7
290
0
291
1
  0
VISUALSTYLE
  5
6B
102
{ACAD_REACTORS
330
16
102
}
330
16
100
AcDbVisualStyle
  2
Realistic
 70
8
 90
2
 40
0.6
 62
7
290
0
291
0
  0
VISUALSTYLE
  5
6C
102
{ACAD_REACTORS
330
16
102
}
330
16
100
AcDbVisualStyle
  2
Shaded
 70
27
 90
2
 40
0.6
 62
7
290
0
291
0
  0
VISUALSTYLE
  5
6D
102
{ACAD_REACTORS
330
16
102
}
330
16
100
AcDbVisualStyle
  2
Shaded with edges
 70
26
 90
2
 40
0.6
 62
7
290
0
291
0
  0
VISUALSTYLE
  5
6E
102
{ACAD_REACTORS
330
16
102
}
330
16
100
AcDbVisualStyle
  2
Shades of Gray
 70
23
 90
2
 40
0.6
 62
7
290
0
291
0
  0
VISUALSTYLE
  5
6F
102
{ACAD_REACTORS
330
16
102
}
330
16
100
AcDbVisualStyle
  2
Sketchy
 70
24
 90
1
 40
0.6
 62
7
290
0
291
0
  0
VISUALSTYLE
  5
70
102
{ACAD_REACTORS
330
16
102
}
330
16
100
AcDbVisualStyle
  2
Thicken
 70
13
 90
2
 40
0.6
 62
7
290
0
291
1
  0
VISUALSTYLE
  5
71
102
{ACAD_REACTORS
330
16
102
}
330
16
100
AcDbVisualStyle
  2
Wireframe
 70
5
 90
0
 40
0.6
 62
7
290
0
291
0
  0
VISUALSTYLE
  5
72
102
{ACAD_REACTORS
330
16
102
}
330
16
100
AcDbVisualStyle
  2
X-Ray
 70
25
 90
2
 40
0.5
 62
7
290
0
291
0
  0
DICTIONARYVAR
  5
657
330
2D
100
DictionaryVariables
280
0
  1
1.4.4 @ 2026-06-20T20:32:23.816284+00:00
  0
ENDSEC
  0
EOF
