  0
SECTION
  2
HEADER
  9
$ACADVER
  1
AC1015
  9
$ACADMAINTVER
 70
6
  9
$DWGCODEPAGE
  3
ANSI_1252
  9
$INSBASE
 10
0.0
 20
0.0
 30
0.0
  9
$EXTMIN
 10
1e+20
 20
1e+20
 30
1e+20
  9
$EXTMAX
 10
-1e+20
 20
-1e+20
 30
-1e+20
  9
$LIMMIN
 10
0.0
 20
0.0
  9
$LIMMAX
 10
420.0
 20
297.0
  9
$ORTHOMODE
 70
0
  9
$REGENMODE
 70
1
  9
$FILLMODE
 70
1
  9
$QTEXTMODE
 70
0
  9
$MIRRTEXT
 70
1
  9
$LTSCALE
 40
1.0
  9
$ATTMODE
 70
1
  9
$TEXTSIZE
 40
2.5
  9
$TRACEWID
 40
1.0
  9
$TEXTSTYLE
  7
OpenSans
  9
$CLAYER
  8
0
  9
$CELTYPE
  6
ByLayer
  9
$CECOLOR
 62
256
  9
$CELTSCALE
 40
1.0
  9
$DISPSILH
 70
0
  9
$DIMSCALE
 40
1.0
  9
$DIMASZ
 40
0.175
  9
$DIMEXO
 40
0.125
  9
$DIMDLI
 40
3.75
  9
$DIMRND
 40
0.0
  9
$DIMDLE
 40
0.0
  9
$DIMEXE
 40
0.375
  9
$DIMTP
 40
0.0
  9
$DIMTM
 40
0.0
  9
$DIMTXT
 40
0.25
  9
$DIMCEN
 40
2.5
  9
$DIMTSZ
 40
0.0
  9
$DIMTOL
 70
0
  9
$DIMLIM
 70
0
  9
$DIMTIH
 70
0
  9
$DIMTOH
 70
0
  9
$DIMSE1
 70
0
  9
$DIMSE2
 70
0
  9
$DIMTAD
 70
1
  9
$DIMZIN
 70
12
  9
$DIMBLK
  1
ARCHTICK
  9
$DIMASO
 70
1
  9
$DIMSHO
 70
1
  9
$DIMPOST
  1

  9
$DIMAPOST
  1

  9
$DIMALT
 70
0
  9
$DIMALTD
 70
3
  9
$DIMALTF
 40
0.03937007874
  9
$DIMLFAC
 40
100.0
  9
$DIMTOFL
 70
1
  9
$DIMTVP
 40
0.0
  9
$DIMTIX
 70
0
  9
$DIMSOXD
 70
0
  9
$DIMSAH
 70
0
  9
$DIMBLK1
  1

  9
$DIMBLK2
  1

  9
$DIMSTYLE
  2
EZDXF
  9
$DIMCLRD
 70
0
  9
$DIMCLRE
 70
0
  9
$DIMCLRT
 70
0
  9
$DIMTFAC
 40
0.5
  9
$DIMGAP
 40
0.1
  9
$DIMJUST
 70
0
  9
$DIMSD1
 70
0
  9
$DIMSD2
 70
0
  9
$DIMTOLJ
 70
0
  9
$DIMTZIN
 70
8
  9
$DIMALTZ
 70
0
  9
$DIMALTTZ
 70
0
  9
$DIMUPT
 70
1
  9
$DIMDEC
 70
2
  9
$DIMTDEC
 70
2
  9
$DIMALTU
 70
2
  9
$DIMALTTD
 70
3
  9
$DIMTXSTY
  7
OpenSansCondensed-Light
  9
$DIMAUNIT
 70
0
  9
$DIMADEC
 70
2
  9
$DIMALTRND
 40
0.0
  9
$DIMAZIN
 70
3
  9
$DIMDSEP
 70
46
  9
$DIMATFIT
 70
3
  9
$DIMFRAC
 70
0
  9
$DIMLDRBLK
  1

  9
$DIMLUNIT
 70
2
  9
$DIMLWD
 70
-2
  9
$DIMLWE
 70
-2
  9
$DIMTMOVE
 70
2
  9
$LUNITS
 70
2
  9
$LUPREC
 70
4
  9
$SKETCHINC
 40
1.0
  9
$FILLETRAD
 40
10.0
  9
$AUNITS
 70
0
  9
$AUPREC
 70
2
  9
$MENU
  1
.
  9
$ELEVATION
 40
0.0
  9
$PELEVATION
 40
0.0
  9
$THICKNESS
 40
0.0
  9
$LIMCHECK
 70
0
  9
$CHAMFERA
 40
0.0
  9
$CHAMFERB
 40
0.0
  9
$CHAMFERC
 40
0.0
  9
$CHAMFERD
 40
0.0
  9
$SKPOLY
 70
0
  9
$TDCREATE
 40
2461225.622685185
  9
$TDUCREATE
 40
2458532.153996898
  9
$TDUPDATE
 40
2461225.622696759
  9
$TDUUPDATE
 40
2458532.1544311
  9
$TDINDWG
 40
0.0
  9
$TDUSRTIMER
 40
0.0
  9
$USRTIMER
 70
1
  9
$ANGBASE
 50
0.0
  9
$ANGDIR
 70
0
  9
$PDMODE
 70
0
  9
$PDSIZE
 40
0.0
  9
$PLINEWID
 40
0.0
  9
$SPLFRAME
 70
0
  9
$SPLINETYPE
 70
6
  9
$SPLINESEGS
 70
8
  9
$HANDSEED
  5
AC5
  9
$SURFTAB1
 70
6
  9
$SURFTAB2
 70
6
  9
$SURFTYPE
 70
6
  9
$SURFU
 70
6
  9
$SURFV
 70
6
  9
$UCSBASE
  2

  9
$UCSNAME
  2

  9
$UCSORG
 10
0.0
 20
0.0
 30
0.0
  9
$UCSXDIR
 10
1.0
 20
0.0
 30
0.0
  9
$UCSYDIR
 10
0.0
 20
1.0
 30
0.0
  9
$UCSORTHOREF
  2

  9
$UCSORTHOVIEW
 70
0
  9
$UCSORGTOP
 10
0.0
 20
0.0
 30
0.0
  9
$UCSORGBOTTOM
 10
0.0
 20
0.0
 30
0.0
  9
$UCSORGLEFT
 10
0.0
 20
0.0
 30
0.0
  9
$UCSORGRIGHT
 10
0.0
 20
0.0
 30
0.0
  9
$UCSORGFRONT
 10
0.0
 20
0.0
 30
0.0
  9
$UCSORGBACK
 10
0.0
 20
0.0
 30
0.0
  9
$PUCSBASE
  2

  9
$PUCSNAME
  2

  9
$PUCSORG
 10
0.0
 20
0.0
 30
0.0
  9
$PUCSXDIR
 10
1.0
 20
0.0
 30
0.0
  9
$PUCSYDIR
 10
0.0
 20
1.0
 30
0.0
  9
$PUCSORTHOREF
  2

  9
$PUCSORTHOVIEW
 70
0
  9
$PUCSORGTOP
 10
0.0
 20
0.0
 30
0.0
  9
$PUCSORGBOTTOM
 10
0.0
 20
0.0
 30
0.0
  9
$PUCSORGLEFT
 10
0.0
 20
0.0
 30
0.0
  9
$PUCSORGRIGHT
 10
0.0
 20
0.0
 30
0.0
  9
$PUCSORGFRONT
 10
0.0
 20
0.0
 30
0.0
  9
$PUCSORGBACK
 10
0.0
 20
0.0
 30
0.0
  9
$USERI1
 70
0
  9
$USERI2
 70
0
  9
$USERI3
 70
0
  9
$USERI4
 70
0
  9
$USERI5
 70
0
  9
$USERR1
 40
0.0
  9
$USERR2
 40
0.0
  9
$USERR3
 40
0.0
  9
$USERR4
 40
0.0
  9
$USERR5
 40
0.0
  9
$WORLDVIEW
 70
1
  9
$SHADEDGE
 70
3
  9
$SHADEDIF
 70
70
  9
$TILEMODE
 70
1
  9
$MAXACTVP
 70
64
  9
$PINSBASE
 10
0.0
 20
0.0
 30
0.0
  9
$PLIMCHECK
 70
0
  9
$PEXTMIN
 10
1e+20
 20
1e+20
 30
1e+20
  9
$PEXTMAX
 10
-1e+20
 20
-1e+20
 30
-1e+20
  9
$PLIMMIN
 10
0.0
 20
0.0
  9
$PLIMMAX
 10
420.0
 20
297.0
  9
$UNITMODE
 70
0
  9
$VISRETAIN
 70
1
  9
$PLINEGEN
 70
0
  9
$PSLTSCALE
 70
1
  9
$TREEDEPTH
 70
3020
  9
$CMLSTYLE
  2
Standard
  9
$CMLJUST
 70
0
  9
$CMLSCALE
 40
20.0
  9
$PROXYGRAPHICS
 70
1
  9
$MEASUREMENT
 70
1
  9
$CELWEIGHT
370
-1
  9
$ENDCAPS
280
0
  9
$JOINSTYLE
280
0
  9
$LWDISPLAY
290
0
  9
$INSUNITS
 70
6
  9
$HYPERLINKBASE
  1

  9
$STYLESHEET
  1

  9
$XEDIT
290
1
  9
$CEPSNTYPE
380
0
  9
$PSTYLEMODE
290
1
  9
$FINGERPRINTGUID
  2
{5582C0C9-7E77-44BE-99A0-13A4B003364E}
  9
$VERSIONGUID
  2
{248F4D8C-DC7D-4E86-A641-9F4FFC4DC29B}
  9
$EXTNAMES
290
1
  9
$PSVPSCALE
 40
0.0
  9
$OLESTARTUP
290
0
  0
ENDSEC
  0
SECTION
  2
CLASSES
  0
CLASS
  1
ACDBDICTIONARYWDFLT
  2
AcDbDictionaryWithDefault
  3
ObjectDBX Classes
 90
0
280
0
281
0
  0
CLASS
  1
SUN
  2
AcDbSun
  3
SCENEOE
 90
1153
280
0
281
0
  0
CLASS
  1
VISUALSTYLE
  2
AcDbVisualStyle
  3
ObjectDBX Classes
 90
4095
280
0
281
0
  0
CLASS
  1
MATERIAL
  2
AcDbMaterial
  3
ObjectDBX Classes
 90
1153
280
0
281
0
  0
CLASS
  1
SCALE
  2
AcDbScale
  3
ObjectDBX Classes
 90
1153
280
0
281
0
  0
CLASS
  1
TABLESTYLE
  2
AcDbTableStyle
  3
ObjectDBX Classes
 90
4095
280
0
281
0
  0
CLASS
  1
MLEADERSTYLE
  2
AcDbMLeaderStyle
  3
ACDB_MLEADERSTYLE_CLASS
 90
4095
280
0
281
0
  0
CLASS
  1
DICTIONARYVAR
  2
AcDbDictionaryVar
  3
ObjectDBX Classes
 90
0
280
0
281
0
  0
CLASS
  1
CELLSTYLEMAP
  2
AcDbCellStyleMap
  3
ObjectDBX Classes
 90
1152
280
0
281
0
  0
CLASS
  1
MENTALRAYRENDERSETTINGS
  2
AcDbMentalRayRenderSettings
  3
SCENEOE
 90
1024
280
0
281
0
  0
CLASS
  1
ACDBDETAILVIEWSTYLE
  2
AcDbDetailViewStyle
  3
ObjectDBX Classes
 90
1025
280
0
281
0
  0
CLASS
  1
ACDBSECTIONVIEWSTYLE
  2
AcDbSectionViewStyle
  3
ObjectDBX Classes
 90
1025
280
0
281
0
  0
CLASS
  1
RASTERVARIABLES
  2
AcDbRasterVariables
  3
ISM
 90
0
280
0
281
0
  0
CLASS
  1
ACDBPLACEHOLDER
  2
AcDbPlaceHolder
  3
ObjectDBX Classes
 90
0
280
0
281
0
  0
CLASS
  1
LAYOUT
  2
AcDbLayout
  3
ObjectDBX Classes
 90
0
280
0
281
0
  0
ENDSEC
  0
SECTION
  2
TABLES
  0
TABLE
  2
VPORT
  5
8
330
0
100
AcDbSymbolTable
 70
1
  0
VPORT
  5
23
330
8
100
AcDbSymbolTableRecord
100
AcDbViewportTableRecord
  2
*Active
 70
0
 10
0.0
 20
0.0
 11
1.0
 21
1.0
 12
0.0
 22
0.0
 13
0.0
 23
0.0
 14
0.5
 24
0.5
 15
0.5
 25
0.5
 16
0.0
 26
0.0
 36
1.0
 17
0.0
 27
0.0
 37
0.0
 40
1000.0
 41
1.34
 42
50.0
 43
0.0
 44
0.0
 50
0.0
 51
0.0
 71
0
 72
1000
 73
1
 74
3
 75
0
 76
0
 77
0
 78
0
281
0
 65
0
146
0.0
  0
ENDTAB
  0
TABLE
  2
LTYPE
  5
2
330
0
100
AcDbSymbolTable
 70
21
  0
LTYPE
  5
24
330
2
100
AcDbSymbolTableRecord
100
AcDbLinetypeTableRecord
  2
ByBlock
 70
0
  3

 72
65
 73
0
 40
0.0
  0
LTYPE
  5
25
330
2
100
AcDbSymbolTableRecord
100
AcDbLinetypeTableRecord
  2
ByLayer
 70
0
  3

 72
65
 73
0
 40
0.0
  0
LTYPE
  5
26
330
2
100
AcDbSymbolTableRecord
100
AcDbLinetypeTableRecord
  2
Continuous
 70
0
  3

 72
65
 73
0
 40
0.0
  0
LTYPE
  5
2F
330
2
100
AcDbSymbolTableRecord
100
AcDbLinetypeTableRecord
  2
CENTER
 70
0
  3
Center ____ _ ____ _ ____ _ ____ _ ____ _ ____
 72
65
 73
4
 40
5.08
 49
3.175
 74
0
 49
-0.635
 74
0
 49
0.635
 74
0
 49
-0.635
 74
0
  0
LTYPE
  5
30
330
2
100
AcDbSymbolTableRecord
100
AcDbLinetypeTableRecord
  2
CENTERX2
 70
0
  3
Center (2x) ________  __  ________  __  ________
 72
65
 73
4
 40
8.89
 49
6.35
 74
0
 49
-0.635
 74
0
 49
1.27
 74
0
 49
-0.635
 74
0
  0
LTYPE
  5
31
330
2
100
AcDbSymbolTableRecord
100
AcDbLinetypeTableRecord
  2
CENTER2
 70
0
  3
Center (.5x) ____ _ ____ _ ____ _ ____ _ ____
 72
65
 73
4
 40
2.54
 49
1.587
 74
0
 49
-0.318
 74
0
 49
0.318
 74
0
 49
-0.318
 74
0
  0
LTYPE
  5
32
330
2
100
AcDbSymbolTableRecord
100
AcDbLinetypeTableRecord
  2
DASHED
 70
0
  3
Dashed __ __ __ __ __ __ __ __ __ __ __ __ __ _
 72
65
 73
2
 40
1.524
 49
1.27
 74
0
 49
-0.254
 74
0
  0
LTYPE
  5
33
330
2
100
AcDbSymbolTableRecord
100
AcDbLinetypeTableRecord
  2
DASHEDX2
 70
0
  3
Dashed (2x) ____  ____  ____  ____  ____  ____
 72
65
 73
2
 40
3.048
 49
2.54
 74
0
 49
-0.508
 74
0
  0
LTYPE
  5
34
330
2
100
AcDbSymbolTableRecord
100
AcDbLinetypeTableRecord
  2
DASHED2
 70
0
  3
Dashed (.5x) _ _ _ _ _ _ _ _ _ _ _ _ _ _
 72
65
 73
2
 40
0.762
 49
0.635
 74
0
 49
-0.127
 74
0
  0
LTYPE
  5
35
330
2
100
AcDbSymbolTableRecord
100
AcDbLinetypeTableRecord
  2
PHANTOM
 70
0
  3
Phantom ______  __  __  ______  __  __  ______
 72
65
 73
6
 40
6.35
 49
3.175
 74
0
 49
-0.635
 74
0
 49
0.635
 74
0
 49
-0.635
 74
0
 49
0.635
 74
0
 49
-0.635
 74
0
  0
LTYPE
  5
36
330
2
100
AcDbSymbolTableRecord
100
AcDbLinetypeTableRecord
  2
PHANTOMX2
 70
0
  3
Phantom (2x)____________    ____    ____    ____________
 72
65
 73
6
 40
10.795
 49
6.35
 74
0
 49
-0.635
 74
0
 49
1.27
 74
0
 49
-0.635
 74
0
 49
1.27
 74
0
 49
-0.635
 74
0
  0
LTYPE
  5
37
330
2
100
AcDbSymbolTableRecord
100
AcDbLinetypeTableRecord
  2
PHANTOM2
 70
0
  3
Phantom (.5x) ___ _ _ ___ _ _ ___ _ _ ___ _ _ ___
 72
65
 73
6
 40
3.175
 49
1.587
 74
0
 49
-0.318
 74
0
 49
0.318
 74
0
 49
-0.318
 74
0
 49
0.318
 74
0
 49
-0.318
 74
0
  0
LTYPE
  5
38
330
2
100
AcDbSymbolTableRecord
100
AcDbLinetypeTableRecord
  2
DASHDOT
 70
0
  3
Dash dot __ . __ . __ . __ . __ . __ . __ . __
 72
65
 73
4
 40
3.556
 49
2.54
 74
0
 49
-0.508
 74
0
 49
0.0
 74
0
 49
-0.508
 74
0
  0
LTYPE
  5
39
330
2
100
AcDbSymbolTableRecord
100
AcDbLinetypeTableRecord
  2
DASHDOTX2
 70
0
  3
Dash dot (2x) ____  .  ____  .  ____  .  ____
 72
65
 73
4
 40
6.096
 49
5.08
 74
0
 49
-0.508
 74
0
 49
0.0
 74
0
 49
-0.508
 74
0
  0
LTYPE
  5
3A
330
2
100
AcDbSymbolTableRecord
100
AcDbLinetypeTableRecord
  2
DASHDOT2
 70
0
  3
Dash dot (.5x) _ . _ . _ . _ . _ . _ . _ . _
 72
65
 73
4
 40
1.778
 49
1.27
 74
0
 49
-0.254
 74
0
 49
0.0
 74
0
 49
-0.254
 74
0
  0
LTYPE
  5
3B
330
2
100
AcDbSymbolTableRecord
100
AcDbLinetypeTableRecord
  2
DOT
 70
0
  3
Dot .  .  .  .  .  .  .  .  .  .  .  .  .  .  .  .
 72
65
 73
2
 40
0.508
 49
0.0
 74
0
 49
-0.508
 74
0
  0
LTYPE
  5
3C
330
2
100
AcDbSymbolTableRecord
100
AcDbLinetypeTableRecord
  2
DOTX2
 70
0
  3
Dot (2x) .    .    .    .    .    .    .    . 
 72
65
 73
2
 40
1.016
 49
0.0
 74
0
 49
-1.016
 74
0
  0
LTYPE
  5
3D
330
2
100
AcDbSymbolTableRecord
100
AcDbLinetypeTableRecord
  2
DOT2
 70
0
  3
Dot (.5) . . . . . . . . . . . . . . . . . . . 
 72
65
 73
2
 40
0.254
 49
0.0
 74
0
 49
-0.254
 74
0
  0
LTYPE
  5
3E
330
2
100
AcDbSymbolTableRecord
100
AcDbLinetypeTableRecord
  2
DIVIDE
 70
0
  3
Divide __ . . __ . . __ . . __ . . __ . . __
 72
65
 73
6
 40
4.064
 49
2.54
 74
0
 49
-0.508
 74
0
 49
0.0
 74
0
 49
-0.508
 74
0
 49
0.0
 74
0
 49
-0.508
 74
0
  0
LTYPE
  5
3F
330
2
100
AcDbSymbolTableRecord
100
AcDbLinetypeTableRecord
  2
DIVIDEX2
 70
0
  3
Divide (2x) ____  . .  ____  . .  ____  . .  ____
 72
65
 73
6
 40
6.604
 49
5.08
 74
0
 49
-0.508
 74
0
 49
0.0
 74
0
 49
-0.508
 74
0
 49
0.0
 74
0
 49
-0.508
 74
0
  0
LTYPE
  5
40
330
2
100
AcDbSymbolTableRecord
100
AcDbLinetypeTableRecord
  2
DIVIDE2
 70
0
  3
Divide(.5x) _ . _ . _ . _ . _ . _ . _ . _
 72
65
 73
6
 40
2.032
 49
1.27
 74
0
 49
-0.254
 74
0
 49
0.0
 74
0
 49
-0.254
 74
0
 49
0.0
 74
0
 49
-0.254
 74
0
  0
ENDTAB
  0
TABLE
  2
LAYER
  5
1
330
0
100
AcDbSymbolTable
 70
18
  0
LAYER
  5
27
330
1
100
AcDbSymbolTableRecord
100
AcDbLayerTableRecord
  2
0
 70
0
 62
7
  6
Continuous
370
-3
390
13
  0
LAYER
  5
28
330
1
100
AcDbSymbolTableRecord
100
AcDbLayerTableRecord
  2
Defpoints
 70
0
 62
7
  6
Continuous
290
0
370
-3
390
13
  0
LAYER
  5
8A
330
1
100
AcDbSymbolTableRecord
100
AcDbLayerTableRecord
  2
MORET
 70
0
 62
30
  6
Continuous
370
-3
390
13
  0
LAYER
  5
8B
330
1
100
AcDbSymbolTableRecord
100
AcDbLayerTableRecord
  2
MORET-FALTANTES
 70
0
 62
6
  6
Continuous
370
-3
390
13
  0
LAYER
  5
8C
330
1
100
AcDbSymbolTableRecord
100
AcDbLayerTableRecord
  2
ROYAL
 70
0
 62
4
  6
Continuous
370
-3
390
13
  0
LAYER
  5
8D
330
1
100
AcDbSymbolTableRecord
100
AcDbLayerTableRecord
  2
ROYAL-FALTANTES
 70
0
 62
200
  6
Continuous
370
-3
390
13
  0
LAYER
  5
8E
330
1
100
AcDbSymbolTableRecord
100
AcDbLayerTableRecord
  2
ETIQUETAS
 70
0
 62
7
  6
Continuous
370
-3
390
13
  0
LAYER
  5
8F
330
1
100
AcDbSymbolTableRecord
100
AcDbLayerTableRecord
  2
MUROS
 70
0
 62
8
  6
Continuous
370
-3
390
13
  0
LAYER
  5
90
330
1
100
AcDbSymbolTableRecord
100
AcDbLayerTableRecord
  2
SOBRANTE-JUNTO-AL-RECORTE
 70
0
 62
2
  6
Continuous
370
-3
390
13
  0
LAYER
  5
91
330
1
100
AcDbSymbolTableRecord
100
AcDbLayerTableRecord
  2
PLAN-CORTE-PIEZAS-A-ABRIR
 70
0
 62
7
  6
Continuous
370
-3
390
13
  0
LAYER
  5
92
330
1
100
AcDbSymbolTableRecord
100
AcDbLayerTableRecord
  2
PLAN-CORTE-RECORTES
 70
0
 62
3
  6
Continuous
370
-3
390
13
  0
LAYER
  5
93
330
1
100
AcDbSymbolTableRecord
100
AcDbLayerTableRecord
  2
PLAN-CORTE-SOBRANTES
 70
0
 62
2
  6
Continuous
370
-3
390
13
  0
LAYER
  5
94
330
1
100
AcDbSymbolTableRecord
100
AcDbLayerTableRecord
  2
PLAN-CORTE-DESPERDICIO
 70
0
 62
1
  6
Continuous
370
-3
390
13
  0
LAYER
  5
95
330
1
100
AcDbSymbolTableRecord
100
AcDbLayerTableRecord
  2
PLAN-CORTE-TEXTOS
 70
0
 62
5
  6
Continuous
370
-3
390
13
  0
LAYER
  5
96
330
1
100
AcDbSymbolTableRecord
100
AcDbLayerTableRecord
  2
RESUMEN
 70
0
 62
5
  6
Continuous
370
-3
390
13
  0
LAYER
  5
97
330
1
100
AcDbSymbolTableRecord
100
AcDbLayerTableRecord
  2
ZOCLO
 70
0
 62
3
  6
Continuous
370
-3
390
13
  0
LAYER
  5
98
330
1
100
AcDbSymbolTableRecord
100
AcDbLayerTableRecord
  2
URBANIA-LAVANDERIA
 70
0
 62
5
  6
Continuous
370
-3
390
13
  0
LAYER
  5
99
330
1
100
AcDbSymbolTableRecord
100
AcDbLayerTableRecord
  2
REGADERA-MALLA-MURO
 70
0
 62
1
  6
Continuous
370
-3
390
13
  0
ENDTAB
  0
TABLE
  2
STYLE
  5
5
330
0
100
AcDbSymbolTable
 70
26
  0
STYLE
  5
29
330
5
100
AcDbSymbolTableRecord
100
AcDbTextStyleTableRecord
  2
Standard
 70
0
 40
0.0
 41
1.0
 50
0.0
 71
0
 42
2.5
  3
txt
  4

  0
STYLE
  5
41
330
5
100
AcDbSymbolTableRecord
100
AcDbTextStyleTableRecord
  2
OpenSans-Light
 70
0
 40
0.0
 41
1.0
 50
0.0
 71
0
 42
2.5
  3
OpenSans-Light.ttf
  4

  0
STYLE
  5
42
330
5
100
AcDbSymbolTableRecord
100
AcDbTextStyleTableRecord
  2
OpenSans-Light-Italic
 70
0
 40
0.0
 41
1.0
 50
0.0
 71
0
 42
2.5
  3
OpenSans-LightItalic.ttf
  4

  0
STYLE
  5
43
330
5
100
AcDbSymbolTableRecord
100
AcDbTextStyleTableRecord
  2
OpenSans
 70
0
 40
0.0
 41
1.0
 50
0.0
 71
0
 42
2.5
  3
OpenSans-Regular.ttf
  4

  0
STYLE
  5
44
330
5
100
AcDbSymbolTableRecord
100
AcDbTextStyleTableRecord
  2
OpenSans-Italic
 70
0
 40
0.0
 41
1.0
 50
0.0
 71
0
 42
2.5
  3
OpenSans-Italic.ttf
  4

  0
STYLE
  5
45
330
5
100
AcDbSymbolTableRecord
100
AcDbTextStyleTableRecord
  2
OpenSans-SemiBold
 70
0
 40
0.0
 41
1.0
 50
0.0
 71
0
 42
2.5
  3
OpenSans-SemiBold.ttf
  4

  0
STYLE
  5
46
330
5
100
AcDbSymbolTableRecord
100
AcDbTextStyleTableRecord
  2
OpenSans-SemiBoldItalic
 70
0
 40
0.0
 41
1.0
 50
0.0
 71
0
 42
2.5
  3
OpenSans-SemiBoldItalic.ttf
  4

  0
STYLE
  5
47
330
5
100
AcDbSymbolTableRecord
100
AcDbTextStyleTableRecord
  2
OpenSans-Bold
 70
0
 40
0.0
 41
1.0
 50
0.0
 71
0
 42
2.5
  3
OpenSans-Bold.ttf
  4

  0
STYLE
  5
48
330
5
100
AcDbSymbolTableRecord
100
AcDbTextStyleTableRecord
  2
OpenSans-BoldItalic
 70
0
 40
0.0
 41
1.0
 50
0.0
 71
0
 42
2.5
  3
OpenSans-BoldItalic.ttf
  4

  0
STYLE
  5
49
330
5
100
AcDbSymbolTableRecord
100
AcDbTextStyleTableRecord
  2
OpenSans-ExtraBold
 70
0
 40
0.0
 41
1.0
 50
0.0
 71
0
 42
2.5
  3
OpenSans-ExtraBold.ttf
  4

  0
STYLE
  5
4A
330
5
100
AcDbSymbolTableRecord
100
AcDbTextStyleTableRecord
  2
OpenSans-ExtraBoldItalic
 70
0
 40
0.0
 41
1.0
 50
0.0
 71
0
 42
2.5
  3
OpenSans-ExtraBoldItalic.ttf
  4

  0
STYLE
  5
4B
330
5
100
AcDbSymbolTableRecord
100
AcDbTextStyleTableRecord
  2
OpenSansCondensed-Bold
 70
0
 40
0.0
 41
1.0
 50
0.0
 71
0
 42
2.5
  3
OpenSansCondensed-Bold.ttf
  4

  0
STYLE
  5
4C
330
5
100
AcDbSymbolTableRecord
100
AcDbTextStyleTableRecord
  2
OpenSansCondensed-Light
 70
0
 40
0.0
 41
1.0
 50
0.0
 71
0
 42
2.5
  3
OpenSansCondensed-Light.ttf
  4

  0
STYLE
  5
4D
330
5
100
AcDbSymbolTableRecord
100
AcDbTextStyleTableRecord
  2
OpenSansCondensed-Italic
 70
0
 40
0.0
 41
1.0
 50
0.0
 71
0
 42
2.5
  3
OpenSansCondensed-LightItalic.ttf
  4

  0
STYLE
  5
4E
330
5
100
AcDbSymbolTableRecord
100
AcDbTextStyleTableRecord
  2
LiberationSans
 70
0
 40
0.0
 41
1.0
 50
0.0
 71
0
 42
2.5
  3
LiberationSans-Regular.ttf
  4

  0
STYLE
  5
4F
330
5
100
AcDbSymbolTableRecord
100
AcDbTextStyleTableRecord
  2
LiberationSans-Bold
 70
0
 40
0.0
 41
1.0
 50
0.0
 71
0
 42
2.5
  3
LiberationSans-Bold.ttf
  4

  0
STYLE
  5
50
330
5
100
AcDbSymbolTableRecord
100
AcDbTextStyleTableRecord
  2
LiberationSans-BoldItalic
 70
0
 40
0.0
 41
1.0
 50
0.0
 71
0
 42
2.5
  3
LiberationSans-BoldItalic.ttf
  4

  0
STYLE
  5
51
330
5
100
AcDbSymbolTableRecord
100
AcDbTextStyleTableRecord
  2
LiberationSans-Italic
 70
0
 40
0.0
 41
1.0
 50
0.0
 71
0
 42
2.5
  3
LiberationSans-Italic.ttf
  4

  0
STYLE
  5
52
330
5
100
AcDbSymbolTableRecord
100
AcDbTextStyleTableRecord
  2
LiberationSerif
 70
0
 40
0.0
 41
1.0
 50
0.0
 71
0
 42
2.5
  3
LiberationSerif-Regular.ttf
  4

  0
STYLE
  5
53
330
5
100
AcDbSymbolTableRecord
100
AcDbTextStyleTableRecord
  2
LiberationSerif-Bold
 70
0
 40
0.0
 41
1.0
 50
0.0
 71
0
 42
2.5
  3
LiberationSerif-Bold.ttf
  4

  0
STYLE
  5
54
330
5
100
AcDbSymbolTableRecord
100
AcDbTextStyleTableRecord
  2
LiberationSerif-BoldItalic
 70
0
 40
0.0
 41
1.0
 50
0.0
 71
0
 42
2.5
  3
LiberationSerif-BoldItalic.ttf
  4

  0
STYLE
  5
55
330
5
100
AcDbSymbolTableRecord
100
AcDbTextStyleTableRecord
  2
LiberationSerif-Italic
 70
0
 40
0.0
 41
1.0
 50
0.0
 71
0
 42
2.5
  3
LiberationSerif-Italic.ttf
  4

  0
STYLE
  5
56
330
5
100
AcDbSymbolTableRecord
100
AcDbTextStyleTableRecord
  2
LiberationMono
 70
0
 40
0.0
 41
1.0
 50
0.0
 71
0
 42
2.5
  3
LiberationMono-Regular.ttf
  4

  0
STYLE
  5
57
330
5
100
AcDbSymbolTableRecord
100
AcDbTextStyleTableRecord
  2
LiberationMono-Bold
 70
0
 40
0.0
 41
1.0
 50
0.0
 71
0
 42
2.5
  3
LiberationMono-Bold.ttf
  4

  0
STYLE
  5
58
330
5
100
AcDbSymbolTableRecord
100
AcDbTextStyleTableRecord
  2
LiberationMono-BoldItalic
 70
0
 40
0.0
 41
1.0
 50
0.0
 71
0
 42
2.5
  3
LiberationMono-BoldItalic.ttf
  4

  0
STYLE
  5
59
330
5
100
AcDbSymbolTableRecord
100
AcDbTextStyleTableRecord
  2
LiberationMono-Italic
 70
0
 40
0.0
 41
1.0
 50
0.0
 71
0
 42
2.5
  3
LiberationMono-Italic.ttf
  4

  0
ENDTAB
  0
TABLE
  2
VIEW
  5
7
330
0
100
AcDbSymbolTable
 70
0
  0
ENDTAB
  0
TABLE
  2
UCS
  5
6
330
0
100
AcDbSymbolTable
 70
0
  0
ENDTAB
  0
TABLE
  2
APPID
  5
3
330
0
100
AcDbSymbolTable
 70
3
  0
APPID
  5
2A
330
3
100
AcDbSymbolTableRecord
100
AcDbRegAppTableRecord
  2
ACAD
 70
0
  0
APPID
  5
AC2
330
3
100
AcDbSymbolTableRecord
100
AcDbRegAppTableRecord
  2
HATCHBACKGROUNDCOLOR
 70
0
  0
APPID
  5
AC3
330
3
100
AcDbSymbolTableRecord
100
AcDbRegAppTableRecord
  2
EZDXF
 70
0
  0
ENDTAB
  0
TABLE
  2
DIMSTYLE
  5
4
330
0
100
AcDbSymbolTable
 70
12
100
AcDbDimStyleTable
  0
DIMSTYLE
105
2B
330
4
100
AcDbSymbolTableRecord
100
AcDbDimStyleTableRecord
  2
Standard
 70
0
  3

  4

 40
1.0
 41
2.5
 42
0.625
 43
3.75
 44
1.25
 45
0.0
 46
0.0
 47
0.0
 48
0.0
140
2.5
141
2.5
142
0.0
143
0.03937007874
144
1.0
145
0.0
146
1.0
147
0.625
148
0.0
 71
0
 72
0
 73
0
 74
0
 75
0
 76
0
 77
1
 78
8
 79
3
170
0
171
3
172
1
173
0
174
0
175
0
176
0
177
0
178
0
179
2
271
2
272
2
273
2
274
3
275
0
276
0
277
2
278
44
279
0
280
0
281
0
282
0
283
0
284
8
285
0
286
0
288
0
289
3
371
-2
372
-2
  0
DIMSTYLE
105
73
330
4
100
AcDbSymbolTableRecord
100
AcDbDimStyleTableRecord
  2
EZDXF
 70
0
  3

  4

 40
1.0
 41
0.175
 42
0.125
 43
3.75
 44
0.375
 45
0.0
 46
0.0
 47
0.0
 48
0.0
140
0.25
141
2.5
142
0.0
143
0.03937007874
144
100.0
145
0.0
146
0.5
147
0.1
148
0.0
 71
0
 72
0
 73
0
 74
0
 75
0
 76
0
 77
1
 78
12
 79
3
170
0
171
3
172
1
173
0
174
0
175
0
176
0
177
0
178
0
179
2
271
2
272
2
273
2
274
3
275
0
276
0
277
2
278
46
279
2
280
0
281
0
282
0
283
0
284
8
285
0
286
0
288
1
289
3
340
4C
342
74
371
-2
372
-2
  0
DIMSTYLE
105
7C
330
4
100
AcDbSymbolTableRecord
100
AcDbDimStyleTableRecord
  2
EZ_M_100_H25_CM
 70
0
  3

  4

 40
1.0
 41
0.25
 42
0.125
 43
3.75
 44
0.375
 45
0.0
 46
0.0
 47
0.0
 48
0.0
140
0.25
141
2.5
142
0.125
143
0.03937007874
144
100.0
145
0.0
146
0.5
147
0.1
148
0.0
 71
0
 72
0
 73
0
 74
0
 75
0
 76
0
 77
1
 78
12
 79
3
170
0
171
3
172
1
173
0
174
0
175
0
176
0
177
0
178
0
179
2
271
2
272
2
273
2
274
3
275
0
276
0
277
2
278
46
279
2
280
0
281
0
282
0
283
0
284
8
285
0
286
0
288
1
289
3
340
4C
371
-2
372
-2
  0
DIMSTYLE
105
7D
330
4
100
AcDbSymbolTableRecord
100
AcDbDimStyleTableRecord
  2
EZ_M_50_H25_CM
 70
0
  3

  4

 40
1.0
 41
0.125
 42
0.0625
 43
3.75
 44
0.1875
 45
0.0
 46
0.0
 47
0.0
 48
0.0
140
0.125
141
2.5
142
0.0625
143
0.03937007874
144
100.0
145
0.0
146
0.5
147
0.05
148
0.0
 71
0
 72
0
 73
0
 74
0
 75
0
 76
0
 77
1
 78
12
 79
3
170
0
171
3
172
1
173
0
174
0
175
0
176
0
177
0
178
0
179
2
271
2
272
2
273
2
274
3
275
0
276
0
277
2
278
46
279
2
280
0
281
0
282
0
283
0
284
8
285
0
286
0
288
1
289
3
340
4C
371
-2
372
-2
  0
DIMSTYLE
105
7E
330
4
100
AcDbSymbolTableRecord
100
AcDbDimStyleTableRecord
  2
EZ_M_25_H25_CM
 70
0
  3

  4

 40
1.0
 41
0.0625
 42
0.03125
 43
3.75
 44
0.09375
 45
0.0
 46
0.0
 47
0.0
 48
0.0
140
0.0625
141
2.5
142
0.03125
143
0.03937007874
144
100.0
145
0.0
146
0.5
147
0.025
148
0.0
 71
0
 72
0
 73
0
 74
0
 75
0
 76
0
 77
1
 78
12
 79
3
170
0
171
3
172
1
173
0
174
0
175
0
176
0
177
0
178
0
179
2
271
2
272
2
273
2
274
3
275
0
276
0
277
2
278
46
279
2
280
0
281
0
282
0
283
0
284
8
285
0
286
0
288
1
289
3
340
4C
371
-2
372
-2
  0
DIMSTYLE
105
7F
330
4
100
AcDbSymbolTableRecord
100
AcDbDimStyleTableRecord
  2
EZ_M_20_H25_CM
 70
0
  3

  4

 40
1.0
 41
0.05
 42
0.025
 43
3.75
 44
0.07500000000000001
 45
0.0
 46
0.0
 47
0.0
 48
0.0
140
0.05
141
2.5
142
0.025
143
0.03937007874
144
100.0
145
0.0
146
0.5
147
0.020000000000000004
148
0.0
 71
0
 72
0
 73
0
 74
0
 75
0
 76
0
 77
1
 78
12
 79
3
170
0
171
3
172
1
173
0
174
0
175
0
176
0
177
0
178
0
179
2
271
2
272
2
273
2
274
3
275
0
276
0
277
2
278
46
279
2
280
0
281
0
282
0
283
0
284
8
285
0
286
0
288
1
289
3
340
4C
371
-2
372
-2
  0
DIMSTYLE
105
80
330
4
100
AcDbSymbolTableRecord
100
AcDbDimStyleTableRecord
  2
EZ_M_10_H25_CM
 70
0
  3

  4

 40
1.0
 41
0.025
 42
0.0125
 43
3.75
 44
0.037500000000000006
 45
0.0
 46
0.0
 47
0.0
 48
0.0
140
0.025
141
2.5
142
0.0125
143
0.03937007874
144
100.0
145
0.0
146
0.5
147
0.010000000000000002
148
0.0
 71
0
 72
0
 73
0
 74
0
 75
0
 76
0
 77
1
 78
12
 79
3
170
0
171
3
172
1
173
0
174
0
175
0
176
0
177
0
178
0
179
2
271
2
272
2
273
2
274
3
275
0
276
0
277
2
278
46
279
2
280
0
281
0
282
0
283
0
284
8
285
0
286
0
288
1
289
3
340
4C
371
-2
372
-2
  0
DIMSTYLE
105
81
330
4
100
AcDbSymbolTableRecord
100
AcDbDimStyleTableRecord
  2
EZ_M_5_H25_CM
 70
0
  3

  4

 40
1.0
 41
0.0125
 42
0.00625
 43
3.75
 44
0.018750000000000003
 45
0.0
 46
0.0
 47
0.0
 48
0.0
140
0.0125
141
2.5
142
0.00625
143
0.03937007874
144
100.0
145
0.0
146
0.5
147
0.005000000000000001
148
0.0
 71
0
 72
0
 73
0
 74
0
 75
0
 76
0
 77
1
 78
12
 79
3
170
0
171
3
172
1
173
0
174
0
175
0
176
0
177
0
178
0
179
2
271
2
272
2
273
2
274
3
275
0
276
0
277
2
278
46
279
2
280
0
281
0
282
0
283
0
284
8
285
0
286
0
288
1
289
3
340
4C
371
-2
372
-2
  0
DIMSTYLE
105
82
330
4
100
AcDbSymbolTableRecord
100
AcDbDimStyleTableRecord
  2
EZ_M_1_H25_CM
 70
0
  3

  4

 40
1.0
 41
0.0025
 42
0.00125
 43
3.75
 44
0.00375
 45
0.0
 46
0.0
 47
0.0
 48
0.0
140
0.0025
141
2.5
142
0.00125
143
0.03937007874
144
100.0
145
0.0
146
0.5
147
0.001
148
0.0
 71
0
 72
0
 73
0
 74
0
 75
0
 76
0
 77
1
 78
12
 79
3
170
0
171
3
172
1
173
0
174
0
175
0
176
0
177
0
178
0
179
2
271
2
272
2
273
2
274
3
275
0
276
0
277
2
278
46
279
2
280
0
281
0
282
0
283
0
284
8
285
0
286
0
288
1
289
3
340
4C
371
-2
372
-2
  0
DIMSTYLE
105
83
330
4
100
AcDbSymbolTableRecord
100
AcDbDimStyleTableRecord
  2
EZ_RADIUS
 70
0
  3

  4

 40
1.0
 41
0.25
 42
0.125
 43
3.75
 44
0.375
 45
0.0
 46
0.0
 47
0.0
 48
0.0
140
0.25
141
0.0
142
0.0
143
0.03937007874
144
100.0
145
0.0
146
0.5
147
0.1
148
0.0
 71
0
 72
0
 73
0
 74
0
 75
0
 76
0
 77
1
 78
12
 79
3
170
0
171
3
172
0
173
0
174
0
175
0
176
0
177
0
178
0
179
2
271
2
272
2
273
2
274
3
275
0
276
0
277
2
278
46
279
1
280
0
281
0
282
0
283
0
284
8
285
0
286
0
288
1
289
3
340
4C
342
84
371
-2
372
-2
  0
DIMSTYLE
105
88
330
4
100
AcDbSymbolTableRecord
100
AcDbDimStyleTableRecord
  2
EZ_RADIUS_INSIDE
 70
0
  3

  4

 40
1.0
 41
0.25
 42
0.125
 43
3.75
 44
0.375
 45
0.0
 46
0.0
 47
0.0
 48
0.0
140
0.25
141
0.0
142
0.0
143
0.03937007874
144
100.0
145
0.0
146
0.5
147
0.1
148
0.0
 71
0
 72
0
 73
0
 74
0
 75
0
 76
0
 77
0
 78
12
 79
3
170
0
171
3
172
0
173
0
174
1
175
0
176
0
177
0
178
0
179
2
271
2
272
2
273
2
274
3
275
0
276
0
277
2
278
46
279
0
280
0
281
0
282
0
283
0
284
8
285
0
286
0
288
1
289
0
340
4C
342
84
371
-2
372
-2
  0
DIMSTYLE
105
89
330
4
100
AcDbSymbolTableRecord
100
AcDbDimStyleTableRecord
  2
EZ_CURVED
 70
0
  3

  4

 40
1.0
 41
0.25
 42
0.125
 43
3.75
 44
0.375
 45
0.0
 46
0.0
 47
0.0
 48
0.0
140
0.25
141
2.5
142
0.0
143
0.03937007874
144
100.0
145
0.0
146
0.5
147
0.1
148
0.0
 71
0
 72
0
 73
0
 74
0
 75
0
 76
0
 77
1
 78
12
 79
2
 90
2
170
0
171
3
172
1
173
0
174
0
175
0
176
0
177
0
178
0
179
2
271
2
272
2
273
2
274
3
275
0
276
0
277
2
278
46
279
2
280
0
281
0
282
0
283
0
284
8
285
0
286
0
288
1
289
3
340
4C
371
-2
372
-2
  0
ENDTAB
  0
TABLE
  2
BLOCK_RECORD
  5
9
330
0
100
AcDbSymbolTable
 70
5
  0
BLOCK_RECORD
  5
17
330
9
100
AcDbSymbolTableRecord
100
AcDbBlockTableRecord
  2
*Model_Space
340
1A
  0
BLOCK_RECORD
  5
1B
330
9
100
AcDbSymbolTableRecord
100
AcDbBlockTableRecord
  2
*Paper_Space
340
1E
  0
BLOCK_RECORD
  5
74
330
9
100
AcDbSymbolTableRecord
100
AcDbBlockTableRecord
  2
_ARCHTICK
340
0
  0
BLOCK_RECORD
  5
78
330
9
100
AcDbSymbolTableRecord
100
AcDbBlockTableRecord
  2
_CLOSEDFILLED
340
0
  0
BLOCK_RECORD
  5
84
330
9
100
AcDbSymbolTableRecord
100
AcDbBlockTableRecord
  2
_CLOSEDBLANK
340
0
  0
ENDTAB
  0
ENDSEC
  0
SECTION
  2
BLOCKS
  0
BLOCK
  5
18
330
17
100
AcDbEntity
  8
0
100
AcDbBlockBegin
  2
*Model_Space
 70
0
 10
0.0
 20
0.0
 30
0.0
  3
*Model_Space
  1

  0
ENDBLK
  5
19
330
17
100
AcDbEntity
  8
0
100
AcDbBlockEnd
  0
BLOCK
  5
1C
330
1B
100
AcDbEntity
  8
0
100
AcDbBlockBegin
  2
*Paper_Space
 70
0
 10
0.0
 20
0.0
 30
0.0
  3
*Paper_Space
  1

  0
ENDBLK
  5
1D
330
1B
100
AcDbEntity
  8
0
100
AcDbBlockEnd
  0
BLOCK
  5
75
330
74
100
AcDbEntity
  8
0
100
AcDbBlockBegin
  2
_ARCHTICK
 70
0
 10
0.0
 20
0.0
 30
0.0
  3
_ARCHTICK
  1

  0
LWPOLYLINE
  5
77
330
74
100
AcDbEntity
  8
0
  6
BYBLOCK
 62
0
100
AcDbPolyline
 90
2
 70
0
 43
0.15
 10
-0.5
 20
-0.5
 10
0.5
 20
0.5
  0
ENDBLK
  5
76
330
74
100
AcDbEntity
  8
0
100
AcDbBlockEnd
  0
BLOCK
  5
79
330
78
100
AcDbEntity
  8
0
100
AcDbBlockBegin
  2
_CLOSEDFILLED
 70
0
 10
0.0
 20
0.0
 30
0.0
  3
_CLOSEDFILLED
  1

  0
SOLID
  5
7B
330
78
100
AcDbEntity
  8
0
  6
BYBLOCK
 62
0
100
AcDbTrace
 10
-1.0
 20
0.16439898372402537
 30
0.0
 11
0.0
 21
0.0
 31
0.0
 12
-1.0
 22
-0.16439898372402537
 32
0.0
 13
-1.0
 23
-0.16439898372402537
 33
0.0
  0
ENDBLK
  5
7A
330
78
100
AcDbEntity
  8
0
100
AcDbBlockEnd
  0
BLOCK
  5
85
330
84
100
AcDbEntity
  8
0
100
AcDbBlockBegin
  2
_CLOSEDBLANK
 70
0
 10
0.0
 20
0.0
 30
0.0
  3
_CLOSEDBLANK
  1

  0
LWPOLYLINE
  5
87
330
84
100
AcDbEntity
  8
0
  6
BYBLOCK
 62
0
100
AcDbPolyline
 90
3
 70
1
 10
-1.0
 20
0.16439898372402537
 10
0.0
 20
0.0
 10
-1.0
 20
-0.16439898372402537
  0
ENDBLK
  5
86
330
84
100
AcDbEntity
  8
0
100
AcDbBlockEnd
  0
ENDSEC
  0
SECTION
  2
ENTITIES
  0
LWPOLYLINE
  5
9A
330
17
100
AcDbEntity
  8
MORET
100
AcDbPolyline
 90
4
 70
1
 10
496.156
 20
-86.7366
 10
496.752
 20
-86.7366
 10
496.752
 20
-85.5426
 10
496.156
 20
-85.5426
  0
TEXT
  5
9B
330
17
100
AcDbEntity
  8
ETIQUETAS
100
AcDbText
 10
496.454
 20
-86.1396
 30
0.0
 40
0.055
  1
PB-M-068
 72
1
 11
496.454
 21
-86.1396
 31
0.0
100
AcDbText
 73
2
  0
LWPOLYLINE
  5
9C
330
17
100
AcDbEntity
  8
MORET
100
AcDbPolyline
 90
4
 70
1
 10
495.558
 20
-86.7366
 10
496.154
 20
-86.7366
 10
496.154
 20
-85.5426
 10
495.558
 20
-85.5426
  0
TEXT
  5
9D
330
17
100
AcDbEntity
  8
ETIQUETAS
100
AcDbText
 10
495.856
 20
-86.1396
 30
0.0
 40
0.055
  1
PB-M-067
 72
1
 11
495.856
 21
-86.1396
 31
0.0
100
AcDbText
 73
2
  0
LWPOLYLINE
  5
9E
330
17
100
AcDbEntity
  8
MORET
100
AcDbPolyline
 90
4
 70
1
 10
494.96
 20
-86.7366
 10
495.556
 20
-86.7366
 10
495.556
 20
-85.5426
 10
494.96
 20
-85.5426
  0
TEXT
  5
9F
330
17
100
AcDbEntity
  8
ETIQUETAS
100
AcDbText
 10
495.258
 20
-86.1396
 30
0.0
 40
0.055
  1
PB-M-066
 72
1
 11
495.258
 21
-86.1396
 31
0.0
100
AcDbText
 73
2
  0
LWPOLYLINE
  5
A0
330
17
100
AcDbEntity
  8
MORET
100
AcDbPolyline
 90
4
 70
1
 10
494.362
 20
-86.7366
 10
494.958
 20
-86.7366
 10
494.958
 20
-85.5426
 10
494.362
 20
-85.5426
  0
TEXT
  5
A1
330
17
100
AcDbEntity
  8
ETIQUETAS
100
AcDbText
 10
494.66
 20
-86.1396
 30
0.0
 40
0.055
  1
PB-M-065
 72
1
 11
494.66
 21
-86.1396
 31
0.0
100
AcDbText
 73
2
  0
LWPOLYLINE
  5
A2
330
17
100
AcDbEntity
  8
MORET
100
AcDbPolyline
 90
4
 70
1
 10
493.764
 20
-86.7366
 10
494.36
 20
-86.7366
 10
494.36
 20
-85.5426
 10
493.764
 20
-85.5426
  0
TEXT
  5
A3
330
17
100
AcDbEntity
  8
ETIQUETAS
100
AcDbText
 10
494.062
 20
-86.1396
 30
0.0
 40
0.055
  1
PB-M-064
 72
1
 11
494.062
 21
-86.1396
 31
0.0
100
AcDbText
 73
2
  0
LWPOLYLINE
  5
A4
330
17
100
AcDbEntity
  8
MORET
100
AcDbPolyline
 90
4
 70
1
 10
493.166
 20
-86.7366
 10
493.762
 20
-86.7366
 10
493.762
 20
-85.5426
 10
493.166
 20
-85.5426
  0
TEXT
  5
A5
330
17
100
AcDbEntity
  8
ETIQUETAS
100
AcDbText
 10
493.464
 20
-86.1396
 30
0.0
 40
0.055
  1
PB-M-063
 72
1
 11
493.464
 21
-86.1396
 31
0.0
100
AcDbText
 73
2
  0
LWPOLYLINE
  5
A6
330
17
100
AcDbEntity
  8
MORET
100
AcDbPolyline
 90
4
 70
1
 10
492.568
 20
-86.7366
 10
493.164
 20
-86.7366
 10
493.164
 20
-85.5426
 10
492.568
 20
-85.5426
  0
TEXT
  5
A7
330
17
100
AcDbEntity
  8
ETIQUETAS
100
AcDbText
 10
492.866
 20
-86.1396
 30
0.0
 40
0.055
  1
PB-M-062
 72
1
 11
492.866
 21
-86.1396
 31
0.0
100
AcDbText
 73
2
  0
LWPOLYLINE
  5
A8
330
17
100
AcDbEntity
  8
MORET
100
AcDbPolyline
 90
4
 70
1
 10
491.97
 20
-86.7366
 10
492.56600000000003
 20
-86.7366
 10
492.56600000000003
 20
-85.5426
 10
491.97
 20
-85.5426
  0
TEXT
  5
A9
330
17
100
AcDbEntity
  8
ETIQUETAS
100
AcDbText
 10
492.268
 20
-86.1396
 30
0.0
 40
0.055
  1
PB-M-061
 72
1
 11
492.268
 21
-86.1396
 31
0.0
100
AcDbText
 73
2
  0
LWPOLYLINE
  5
AA
330
17
100
AcDbEntity
  8
MORET
100
AcDbPolyline
 90
4
 70
1
 10
491.372
 20
-86.7366
 10
491.968
 20
-86.7366
 10
491.968
 20
-85.5426
 10
491.372
 20
-85.5426
  0
TEXT
  5
AB
330
17
100
AcDbEntity
  8
ETIQUETAS
100
AcDbText
 10
491.67
 20
-86.1396
 30
0.0
 40
0.055
  1
PB-M-060
 72
1
 11
491.67
 21
-86.1396
 31
0.0
100
AcDbText
 73
2
  0
LWPOLYLINE
  5
AC
330
17
100
AcDbEntity
  8
MORET
100
AcDbPolyline
 90
4
 70
1
 10
490.774
 20
-86.7366
 10
491.37
 20
-86.7366
 10
491.37
 20
-85.5426
 10
490.774
 20
-85.5426
  0
TEXT
  5
AD
330
17
100
AcDbEntity
  8
ETIQUETAS
100
AcDbText
 10
491.072
 20
-86.1396
 30
0.0
 40
0.055
  1
PB-M-059
 72
1
 11
491.072
 21
-86.1396
 31
0.0
100
AcDbText
 73
2
  0
LWPOLYLINE
  5
AE
330
17
100
AcDbEntity
  8
MORET
100
AcDbPolyline
 90
4
 70
1
 10
490.176
 20
-86.7366
 10
490.772
 20
-86.7366
 10
490.772
 20
-85.5426
 10
490.176
 20
-85.5426
  0
TEXT
  5
AF
330
17
100
AcDbEntity
  8
ETIQUETAS
100
AcDbText
 10
490.474
 20
-86.1396
 30
0.0
 40
0.055
  1
PB-M-058
 72
1
 11
490.474
 21
-86.1396
 31
0.0
100
AcDbText
 73
2
  0
LWPOLYLINE
  5
B0
330
17
100
AcDbEntity
  8
MORET
100
AcDbPolyline
 90
4
 70
1
 10
489.5638
 20
-87.9322
 10
490.1598
 20
-87.9322
 10
490.1598
 20
-86.73819999999999
 10
489.5638
 20
-86.73819999999999
  0
TEXT
  5
B1
330
17
100
AcDbEntity
  8
ETIQUETAS
100
AcDbText
 10
489.8618
 20
-87.3352
 30
0.0
 40
0.055
  1
PB-M-073
 72
1
 11
489.8618
 21
-87.3352
 31
0.0
100
AcDbText
 73
2
  0
LWPOLYLINE
  5
B2
330
17
100
AcDbEntity
  8
MORET
100
AcDbPolyline
 90
4
 70
1
 10
496.754
 20
-86.7366
 10
497.35
 20
-86.7366
 10
497.35
 20
-85.5426
 10
496.754
 20
-85.5426
  0
TEXT
  5
B3
330
17
100
AcDbEntity
  8
ETIQUETAS
100
AcDbText
 10
497.052
 20
-86.1396
 30
0.0
 40
0.055
  1
PB-M-069
 72
1
 11
497.052
 21
-86.1396
 31
0.0
100
AcDbText
 73
2
  0
LWPOLYLINE
  5
B4
330
17
100
AcDbEntity
  8
MORET
100
AcDbPolyline
 90
4
 70
1
 10
496.156
 20
-85.5406
 10
496.752
 20
-85.5406
 10
496.752
 20
-84.3466
 10
496.156
 20
-84.3466
  0
TEXT
  5
B5
330
17
100
AcDbEntity
  8
ETIQUETAS
100
AcDbText
 10
496.454
 20
-84.9436
 30
0.0
 40
0.055
  1
PB-M-054
 72
1
 11
496.454
 21
-84.9436
 31
0.0
100
AcDbText
 73
2
  0
LWPOLYLINE
  5
B6
330
17
100
AcDbEntity
  8
MORET
100
AcDbPolyline
 90
4
 70
1
 10
495.558
 20
-85.5406
 10
496.154
 20
-85.5406
 10
496.154
 20
-84.3466
 10
495.558
 20
-84.3466
  0
TEXT
  5
B7
330
17
100
AcDbEntity
  8
ETIQUETAS
100
AcDbText
 10
495.856
 20
-84.9436
 30
0.0
 40
0.055
  1
PB-M-053
 72
1
 11
495.856
 21
-84.9436
 31
0.0
100
AcDbText
 73
2
  0
LWPOLYLINE
  5
B8
330
17
100
AcDbEntity
  8
MORET
100
AcDbPolyline
 90
4
 70
1
 10
494.96
 20
-85.5406
 10
495.556
 20
-85.5406
 10
495.556
 20
-84.3466
 10
494.96
 20
-84.3466
  0
TEXT
  5
B9
330
17
100
AcDbEntity
  8
ETIQUETAS
100
AcDbText
 10
495.258
 20
-84.9436
 30
0.0
 40
0.055
  1
PB-M-052
 72
1
 11
495.258
 21
-84.9436
 31
0.0
100
AcDbText
 73
2
  0
LWPOLYLINE
  5
BA
330
17
100
AcDbEntity
  8
MORET
100
AcDbPolyline
 90
4
 70
1
 10
494.362
 20
-85.5406
 10
494.958
 20
-85.5406
 10
494.958
 20
-84.3466
 10
494.362
 20
-84.3466
  0
TEXT
  5
BB
330
17
100
AcDbEntity
  8
ETIQUETAS
100
AcDbText
 10
494.66
 20
-84.9436
 30
0.0
 40
0.055
  1
PB-M-051
 72
1
 11
494.66
 21
-84.9436
 31
0.0
100
AcDbText
 73
2
  0
LWPOLYLINE
  5
BC
330
17
100
AcDbEntity
  8
MORET
100
AcDbPolyline
 90
4
 70
1
 10
493.764
 20
-85.5406
 10
494.36
 20
-85.5406
 10
494.36
 20
-84.3466
 10
493.764
 20
-84.3466
  0
TEXT
  5
BD
330
17
100
AcDbEntity
  8
ETIQUETAS
100
AcDbText
 10
494.062
 20
-84.9436
 30
0.0
 40
0.055
  1
PB-M-050
 72
1
 11
494.062
 21
-84.9436
 31
0.0
100
AcDbText
 73
2
  0
LWPOLYLINE
  5
BE
330
17
100
AcDbEntity
  8
MORET
100
AcDbPolyline
 90
4
 70
1
 10
493.166
 20
-85.5406
 10
493.762
 20
-85.5406
 10
493.762
 20
-84.3466
 10
493.166
 20
-84.3466
  0
TEXT
  5
BF
330
17
100
AcDbEntity
  8
ETIQUETAS
100
AcDbText
 10
493.464
 20
-84.9436
 30
0.0
 40
0.055
  1
PB-M-049
 72
1
 11
493.464
 21
-84.9436
 31
0.0
100
AcDbText
 73
2
  0
LWPOLYLINE
  5
C0
330
17
100
AcDbEntity
  8
MORET
100
AcDbPolyline
 90
4
 70
1
 10
492.568
 20
-85.5406
 10
493.164
 20
-85.5406
 10
493.164
 20
-84.3466
 10
492.568
 20
-84.3466
  0
TEXT
  5
C1
330
17
100
AcDbEntity
  8
ETIQUETAS
100
AcDbText
 10
492.866
 20
-84.9436
 30
0.0
 40
0.055
  1
PB-M-048
 72
1
 11
492.866
 21
-84.9436
 31
0.0
100
AcDbText
 73
2
  0
LWPOLYLINE
  5
C2
330
17
100
AcDbEntity
  8
MORET
100
AcDbPolyline
 90
4
 70
1
 10
491.97
 20
-85.5406
 10
492.56600000000003
 20
-85.5406
 10
492.56600000000003
 20
-84.3466
 10
491.97
 20
-84.3466
  0
TEXT
  5
C3
330
17
100
AcDbEntity
  8
ETIQUETAS
100
AcDbText
 10
492.268
 20
-84.9436
 30
0.0
 40
0.055
  1
PB-M-047
 72
1
 11
492.268
 21
-84.9436
 31
0.0
100
AcDbText
 73
2
  0
LWPOLYLINE
  5
C4
330
17
100
AcDbEntity
  8
MORET
100
AcDbPolyline
 90
4
 70
1
 10
491.372
 20
-85.5406
 10
491.968
 20
-85.5406
 10
491.968
 20
-84.3466
 10
491.372
 20
-84.3466
  0
TEXT
  5
C5
330
17
100
AcDbEntity
  8
ETIQUETAS
100
AcDbText
 10
491.67
 20
-84.9436
 30
0.0
 40
0.055
  1
PB-M-046
 72
1
 11
491.67
 21
-84.9436
 31
0.0
100
AcDbText
 73
2
  0
LWPOLYLINE
  5
C6
330
17
100
AcDbEntity
  8
MORET
100
AcDbPolyline
 90
4
 70
1
 10
490.774
 20
-85.5406
 10
491.37
 20
-85.5406
 10
491.37
 20
-84.3466
 10
490.774
 20
-84.3466
  0
TEXT
  5
C7
330
17
100
AcDbEntity
  8
ETIQUETAS
100
AcDbText
 10
491.072
 20
-84.9436
 30
0.0
 40
0.055
  1
PB-M-045
 72
1
 11
491.072
 21
-84.9436
 31
0.0
100
AcDbText
 73
2
  0
LWPOLYLINE
  5
C8
330
17
100
AcDbEntity
  8
MORET
100
AcDbPolyline
 90
4
 70
1
 10
490.176
 20
-85.5406
 10
490.772
 20
-85.5406
 10
490.772
 20
-84.3466
 10
490.176
 20
-84.3466
  0
TEXT
  5
C9
330
17
100
AcDbEntity
  8
ETIQUETAS
100
AcDbText
 10
490.474
 20
-84.9436
 30
0.0
 40
0.055
  1
PB-M-044
 72
1
 11
490.474
 21
-84.9436
 31
0.0
100
AcDbText
 73
2
  0
LWPOLYLINE
  5
CA
330
17
100
AcDbEntity
  8
MORET
100
AcDbPolyline
 90
4
 70
1
 10
489.578
 20
-85.5406
 10
490.174
 20
-85.5406
 10
490.174
 20
-84.3466
 10
489.578
 20
-84.3466
  0
TEXT
  5
CB
330
17
100
AcDbEntity
  8
ETIQUETAS
100
AcDbText
 10
489.876
 20
-84.9436
 30
0.0
 40
0.055
  1
PB-M-043
 72
1
 11
489.876
 21
-84.9436
 31
0.0
100
AcDbText
 73
2
  0
LWPOLYLINE
  5
CC
330
17
100
AcDbEntity
  8
MORET
100
AcDbPolyline
 90
4
 70
1
 10
496.754
 20
-85.5406
 10
497.35
 20
-85.5406
 10
497.35
 20
-84.3466
 10
496.754
 20
-84.3466
  0
TEXT
  5
CD
330
17
100
AcDbEntity
  8
ETIQUETAS
100
AcDbText
 10
497.052
 20
-84.9436
 30
0.0
 40
0.055
  1
PB-M-055
 72
1
 11
497.052
 21
-84.9436
 31
0.0
100
AcDbText
 73
2
  0
LWPOLYLINE
  5
CE
330
17
100
AcDbEntity
  8
MORET
100
AcDbPolyline
 90
4
 70
1
 10
493.7498
 20
-89.1278
 10
494.3458
 20
-89.1278
 10
494.3458
 20
-87.93379999999999
 10
493.7498
 20
-87.93379999999999
  0
TEXT
  5
CF
330
17
100
AcDbEntity
  8
ETIQUETAS
100
AcDbText
 10
494.0478
 20
-88.5308
 30
0.0
 40
0.055
  1
PB-M-097
 72
1
 11
494.0478
 21
-88.5308
 31
0.0
100
AcDbText
 73
2
  0
LWPOLYLINE
  5
D0
330
17
100
AcDbEntity
  8
MORET
100
AcDbPolyline
 90
4
 70
1
 10
493.1518
 20
-89.1278
 10
493.7478
 20
-89.1278
 10
493.7478
 20
-87.93379999999999
 10
493.1518
 20
-87.93379999999999
  0
TEXT
  5
D1
330
17
100
AcDbEntity
  8
ETIQUETAS
100
AcDbText
 10
493.4498
 20
-88.5308
 30
0.0
 40
0.055
  1
PB-M-096
 72
1
 11
493.4498
 21
-88.5308
 31
0.0
100
AcDbText
 73
2
  0
LWPOLYLINE
  5
D2
330
17
100
AcDbEntity
  8
MORET
100
AcDbPolyline
 90
4
 70
1
 10
492.5538
 20
-89.1278
 10
493.1498
 20
-89.1278
 10
493.1498
 20
-87.93379999999999
 10
492.5538
 20
-87.93379999999999
  0
TEXT
  5
D3
330
17
100
AcDbEntity
  8
ETIQUETAS
100
AcDbText
 10
492.8518
 20
-88.5308
 30
0.0
 40
0.055
  1
PB-M-095
 72
1
 11
492.8518
 21
-88.5308
 31
0.0
100
AcDbText
 73
2
  0
LWPOLYLINE
  5
D4
330
17
100
AcDbEntity
  8
MORET
100
AcDbPolyline
 90
4
 70
1
 10
491.9558
 20
-89.1278
 10
492.5518
 20
-89.1278
 10
492.5518
 20
-87.93379999999999
 10
491.9558
 20
-87.93379999999999
  0
TEXT
  5
D5
330
17
100
AcDbEntity
  8
ETIQUETAS
100
AcDbText
 10
492.2538
 20
-88.5308
 30
0.0
 40
0.055
  1
PB-M-094
 72
1
 11
492.2538
 21
-88.5308
 31
0.0
100
AcDbText
 73
2
  0
LWPOLYLINE
  5
D6
330
17
100
AcDbEntity
  8
MORET
100
AcDbPolyline
 90
4
 70
1
 10
491.3578
 20
-89.1278
 10
491.9538
 20
-89.1278
 10
491.9538
 20
-87.93379999999999
 10
491.3578
 20
-87.93379999999999
  0
TEXT
  5
D7
330
17
100
AcDbEntity
  8
ETIQUETAS
100
AcDbText
 10
491.6558
 20
-88.5308
 30
0.0
 40
0.055
  1
PB-M-093
 72
1
 11
491.6558
 21
-88.5308
 31
0.0
100
AcDbText
 73
2
  0
LWPOLYLINE
  5
D8
330
17
100
AcDbEntity
  8
MORET
100
AcDbPolyline
 90
4
 70
1
 10
490.7598
 20
-89.1278
 10
491.3558
 20
-89.1278
 10
491.3558
 20
-87.93379999999999
 10
490.7598
 20
-87.93379999999999
  0
TEXT
  5
D9
330
17
100
AcDbEntity
  8
ETIQUETAS
100
AcDbText
 10
491.0578
 20
-88.5308
 30
0.0
 40
0.055
  1
PB-M-092
 72
1
 11
491.0578
 21
-88.5308
 31
0.0
100
AcDbText
 73
2
  0
LWPOLYLINE
  5
DA
330
17
100
AcDbEntity
  8
MORET
100
AcDbPolyline
 90
4
 70
1
 10
490.1618
 20
-89.1278
 10
490.75780000000003
 20
-89.1278
 10
490.75780000000003
 20
-87.93379999999999
 10
490.1618
 20
-87.93379999999999
  0
TEXT
  5
DB
330
17
100
AcDbEntity
  8
ETIQUETAS
100
AcDbText
 10
490.4598
 20
-88.5308
 30
0.0
 40
0.055
  1
PB-M-091
 72
1
 11
490.4598
 21
-88.5308
 31
0.0
100
AcDbText
 73
2
  0
LWPOLYLINE
  5
DC
330
17
100
AcDbEntity
  8
MORET
100
AcDbPolyline
 90
4
 70
1
 10
489.5638
 20
-89.1278
 10
490.1598
 20
-89.1278
 10
490.1598
 20
-87.93379999999999
 10
489.5638
 20
-87.93379999999999
  0
TEXT
  5
DD
330
17
100
AcDbEntity
  8
ETIQUETAS
100
AcDbText
 10
489.8618
 20
-88.5308
 30
0.0
 40
0.055
  1
PB-M-090
 72
1
 11
489.8618
 21
-88.5308
 31
0.0
100
AcDbText
 73
2
  0
LWPOLYLINE
  5
DE
330
17
100
AcDbEntity
  8
MORET
100
AcDbPolyline
 90
4
 70
1
 10
493.7498
 20
-90.3233
 10
494.3458
 20
-90.3233
 10
494.3458
 20
-89.1293
 10
493.7498
 20
-89.1293
  0
TEXT
  5
DF
330
17
100
AcDbEntity
  8
ETIQUETAS
100
AcDbText
 10
494.0478
 20
-89.7263
 30
0.0
 40
0.055
  1
PB-M-112
 72
1
 11
494.0478
 21
-89.7263
 31
0.0
100
AcDbText
 73
2
  0
LWPOLYLINE
  5
E0
330
17
100
AcDbEntity
  8
MORET
100
AcDbPolyline
 90
4
 70
1
 10
493.1518
 20
-90.3233
 10
493.7478
 20
-90.3233
 10
493.7478
 20
-89.1293
 10
493.1518
 20
-89.1293
  0
TEXT
  5
E1
330
17
100
AcDbEntity
  8
ETIQUETAS
100
AcDbText
 10
493.4498
 20
-89.7263
 30
0.0
 40
0.055
  1
PB-M-111
 72
1
 11
493.4498
 21
-89.7263
 31
0.0
100
AcDbText
 73
2
  0
LWPOLYLINE
  5
E2
330
17
100
AcDbEntity
  8
MORET
100
AcDbPolyline
 90
4
 70
1
 10
492.5538
 20
-90.3233
 10
493.1498
 20
-90.3233
 10
493.1498
 20
-89.1293
 10
492.5538
 20
-89.1293
  0
TEXT
  5
E3
330
17
100
AcDbEntity
  8
ETIQUETAS
100
AcDbText
 10
492.8518
 20
-89.7263
 30
0.0
 40
0.055
  1
PB-M-110
 72
1
 11
492.8518
 21
-89.7263
 31
0.0
100
AcDbText
 73
2
  0
LWPOLYLINE
  5
E4
330
17
100
AcDbEntity
  8
MORET
100
AcDbPolyline
 90
4
 70
1
 10
491.9558
 20
-90.3233
 10
492.5518
 20
-90.3233
 10
492.5518
 20
-89.1293
 10
491.9558
 20
-89.1293
  0
TEXT
  5
E5
330
17
100
AcDbEntity
  8
ETIQUETAS
100
AcDbText
 10
492.2538
 20
-89.7263
 30
0.0
 40
0.055
  1
PB-M-109
 72
1
 11
492.2538
 21
-89.7263
 31
0.0
100
AcDbText
 73
2
  0
LWPOLYLINE
  5
E6
330
17
100
AcDbEntity
  8
MORET
100
AcDbPolyline
 90
4
 70
1
 10
491.3578
 20
-90.3233
 10
491.9538
 20
-90.3233
 10
491.9538
 20
-89.1293
 10
491.3578
 20
-89.1293
  0
TEXT
  5
E7
330
17
100
AcDbEntity
  8
ETIQUETAS
100
AcDbText
 10
491.6558
 20
-89.7263
 30
0.0
 40
0.055
  1
PB-M-108
 72
1
 11
491.6558
 21
-89.7263
 31
0.0
100
AcDbText
 73
2
  0
LWPOLYLINE
  5
E8
330
17
100
AcDbEntity
  8
MORET
100
AcDbPolyline
 90
4
 70
1
 10
490.7598
 20
-90.3233
 10
491.3558
 20
-90.3233
 10
491.3558
 20
-89.1293
 10
490.7598
 20
-89.1293
  0
TEXT
  5
E9
330
17
100
AcDbEntity
  8
ETIQUETAS
100
AcDbText
 10
491.0578
 20
-89.7263
 30
0.0
 40
0.055
  1
PB-M-107
 72
1
 11
491.0578
 21
-89.7263
 31
0.0
100
AcDbText
 73
2
  0
LWPOLYLINE
  5
EA
330
17
100
AcDbEntity
  8
MORET
100
AcDbPolyline
 90
4
 70
1
 10
490.1618
 20
-90.3233
 10
490.75780000000003
 20
-90.3233
 10
490.75780000000003
 20
-89.1293
 10
490.1618
 20
-89.1293
  0
TEXT
  5
EB
330
17
100
AcDbEntity
  8
ETIQUETAS
100
AcDbText
 10
490.4598
 20
-89.7263
 30
0.0
 40
0.055
  1
PB-M-106
 72
1
 11
490.4598
 21
-89.7263
 31
0.0
100
AcDbText
 73
2
  0
LWPOLYLINE
  5
EC
330
17
100
AcDbEntity
  8
MORET
100
AcDbPolyline
 90
4
 70
1
 10
489.5638
 20
-90.3233
 10
490.1598
 20
-90.3233
 10
490.1598
 20
-89.1293
 10
489.5638
 20
-89.1293
  0
TEXT
  5
ED
330
17
100
AcDbEntity
  8
ETIQUETAS
100
AcDbText
 10
489.8618
 20
-89.7263
 30
0.0
 40
0.055
  1
PB-M-105
 72
1
 11
489.8618
 21
-89.7263
 31
0.0
100
AcDbText
 73
2
  0
LWPOLYLINE
  5
EE
330
17
100
AcDbEntity
  8
MORET
100
AcDbPolyline
 90
8
 70
1
 10
494.9513
 20
-91.5189
 10
494.3513
 20
-91.5189
 10
494.3513
 20
-90.3249
 10
494.9513
 20
-90.3249
 10
494.9513
 20
-90.3264
 10
494.6387
 20
-90.3264
 10
494.6387
 20
-90.3404
 10
494.9513
 20
-90.3404
  0
TEXT
  5
EF
330
17
100
AcDbEntity
  8
ETIQUETAS
100
AcDbText
 10
494.6513
 20
-90.9219
 30
0.0
 40
0.055
  1
PB-M-133
 72
1
 11
494.6513
 21
-90.9219
 31
0.0
100
AcDbText
 73
2
  0
LWPOLYLINE
  5
F0
330
17
100
AcDbEntity
  8
MORET
100
AcDbPolyline
 90
4
 70
1
 10
493.7498
 20
-91.5189
 10
494.3458
 20
-91.5189
 10
494.3458
 20
-90.3249
 10
493.7498
 20
-90.3249
  0
TEXT
  5
F1
330
17
100
AcDbEntity
  8
ETIQUETAS
100
AcDbText
 10
494.0478
 20
-90.9219
 30
0.0
 40
0.055
  1
PB-M-132
 72
1
 11
494.0478
 21
-90.9219
 31
0.0
100
AcDbText
 73
2
  0
LWPOLYLINE
  5
F2
330
17
100
AcDbEntity
  8
MORET
100
AcDbPolyline
 90
4
 70
1
 10
493.1518
 20
-91.5189
 10
493.7478
 20
-91.5189
 10
493.7478
 20
-90.3249
 10
493.1518
 20
-90.3249
  0
TEXT
  5
F3
330
17
100
AcDbEntity
  8
ETIQUETAS
100
AcDbText
 10
493.4498
 20
-90.9219
 30
0.0
 40
0.055
  1
PB-M-131
 72
1
 11
493.4498
 21
-90.9219
 31
0.0
100
AcDbText
 73
2
  0
LWPOLYLINE
  5
F4
330
17
100
AcDbEntity
  8
MORET
100
AcDbPolyline
 90
4
 70
1
 10
492.5538
 20
-91.5189
 10
493.1498
 20
-91.5189
 10
493.1498
 20
-90.3249
 10
492.5538
 20
-90.3249
  0
TEXT
  5
F5
330
17
100
AcDbEntity
  8
ETIQUETAS
100
AcDbText
 10
492.8518
 20
-90.9219
 30
0.0
 40
0.055
  1
PB-M-130
 72
1
 11
492.8518
 21
-90.9219
 31
0.0
100
AcDbText
 73
2
  0
LWPOLYLINE
  5
F6
330
17
100
AcDbEntity
  8
MORET
100
AcDbPolyline
 90
4
 70
1
 10
491.9558
 20
-91.5189
 10
492.5518
 20
-91.5189
 10
492.5518
 20
-90.3249
 10
491.9558
 20
-90.3249
  0
TEXT
  5
F7
330
17
100
AcDbEntity
  8
ETIQUETAS
100
AcDbText
 10
492.2538
 20
-90.9219
 30
0.0
 40
0.055
  1
PB-M-129
 72
1
 11
492.2538
 21
-90.9219
 31
0.0
100
AcDbText
 73
2
  0
LWPOLYLINE
  5
F8
330
17
100
AcDbEntity
  8
MORET
100
AcDbPolyline
 90
4
 70
1
 10
491.3578
 20
-91.5189
 10
491.9538
 20
-91.5189
 10
491.9538
 20
-90.3249
 10
491.3578
 20
-90.3249
  0
TEXT
  5
F9
330
17
100
AcDbEntity
  8
ETIQUETAS
100
AcDbText
 10
491.6558
 20
-90.9219
 30
0.0
 40
0.055
  1
PB-M-128
 72
1
 11
491.6558
 21
-90.9219
 31
0.0
100
AcDbText
 73
2
  0
LWPOLYLINE
  5
FA
330
17
100
AcDbEntity
  8
MORET
100
AcDbPolyline
 90
4
 70
1
 10
490.7598
 20
-91.5189
 10
491.3558
 20
-91.5189
 10
491.3558
 20
-90.3249
 10
490.7598
 20
-90.3249
  0
TEXT
  5
FB
330
17
100
AcDbEntity
  8
ETIQUETAS
100
AcDbText
 10
491.0578
 20
-90.9219
 30
0.0
 40
0.055
  1
PB-M-127
 72
1
 11
491.0578
 21
-90.9219
 31
0.0
100
AcDbText
 73
2
  0
LWPOLYLINE
  5
FC
330
17
100
AcDbEntity
  8
MORET
100
AcDbPolyline
 90
4
 70
1
 10
490.1618
 20
-91.5189
 10
490.75780000000003
 20
-91.5189
 10
490.75780000000003
 20
-90.3249
 10
490.1618
 20
-90.3249
  0
TEXT
  5
FD
330
17
100
AcDbEntity
  8
ETIQUETAS
100
AcDbText
 10
490.4598
 20
-90.9219
 30
0.0
 40
0.055
  1
PB-M-126
 72
1
 11
490.4598
 21
-90.9219
 31
0.0
100
AcDbText
 73
2
  0
LWPOLYLINE
  5
FE
330
17
100
AcDbEntity
  8
MORET
100
AcDbPolyline
 90
4
 70
1
 10
489.5638
 20
-91.5189
 10
490.1598
 20
-91.5189
 10
490.1598
 20
-90.3249
 10
489.5638
 20
-90.3249
  0
TEXT
  5
FF
330
17
100
AcDbEntity
  8
ETIQUETAS
100
AcDbText
 10
489.8618
 20
-90.9219
 30
0.0
 40
0.055
  1
PB-M-125
 72
1
 11
489.8618
 21
-90.9219
 31
0.0
100
AcDbText
 73
2
  0
LWPOLYLINE
  5
100
330
17
100
AcDbEntity
  8
MORET
100
AcDbPolyline
 90
4
 70
1
 10
496.1167
 20
-82.0044
 10
496.7127
 20
-82.0044
 10
496.7127
 20
-80.8104
 10
496.1167
 20
-80.8104
  0
TEXT
  5
101
330
17
100
AcDbEntity
  8
ETIQUETAS
100
AcDbText
 10
496.4147
 20
-81.4074
 30
0.0
 40
0.055
  1
PB-M-012
 72
1
 11
496.4147
 21
-81.4074
 31
0.0
100
AcDbText
 73
2
  0
LWPOLYLINE
  5
102
330
17
100
AcDbEntity
  8
MORET
100
AcDbPolyline
 90
4
 70
1
 10
495.5187
 20
-82.0044
 10
496.1147
 20
-82.0044
 10
496.1147
 20
-80.8104
 10
495.5187
 20
-80.8104
  0
TEXT
  5
103
330
17
100
AcDbEntity
  8
ETIQUETAS
100
AcDbText
 10
495.8167
 20
-81.4074
 30
0.0
 40
0.055
  1
PB-M-011
 72
1
 11
495.8167
 21
-81.4074
 31
0.0
100
AcDbText
 73
2
  0
LWPOLYLINE
  5
104
330
17
100
AcDbEntity
  8
MORET
100
AcDbPolyline
 90
4
 70
1
 10
494.9207
 20
-82.0044
 10
495.5167
 20
-82.0044
 10
495.5167
 20
-80.8104
 10
494.9207
 20
-80.8104
  0
TEXT
  5
105
330
17
100
AcDbEntity
  8
ETIQUETAS
100
AcDbText
 10
495.2187
 20
-81.4074
 30
0.0
 40
0.055
  1
PB-M-010
 72
1
 11
495.2187
 21
-81.4074
 31
0.0
100
AcDbText
 73
2
  0
LWPOLYLINE
  5
106
330
17
100
AcDbEntity
  8
MORET
100
AcDbPolyline
 90
4
 70
1
 10
494.3227
 20
-82.0044
 10
494.9187
 20
-82.0044
 10
494.9187
 20
-80.8104
 10
494.3227
 20
-80.8104
  0
TEXT
  5
107
330
17
100
AcDbEntity
  8
ETIQUETAS
100
AcDbText
 10
494.6207
 20
-81.4074
 30
0.0
 40
0.055
  1
PB-M-009
 72
1
 11
494.6207
 21
-81.4074
 31
0.0
100
AcDbText
 73
2
  0
LWPOLYLINE
  5
108
330
17
100
AcDbEntity
  8
MORET
100
AcDbPolyline
 90
4
 70
1
 10
493.7247
 20
-82.0044
 10
494.3207
 20
-82.0044
 10
494.3207
 20
-80.8104
 10
493.7247
 20
-80.8104
  0
TEXT
  5
109
330
17
100
AcDbEntity
  8
ETIQUETAS
100
AcDbText
 10
494.0227
 20
-81.4074
 30
0.0
 40
0.055
  1
PB-M-008
 72
1
 11
494.0227
 21
-81.4074
 31
0.0
100
AcDbText
 73
2
  0
LWPOLYLINE
  5
10A
330
17
100
AcDbEntity
  8
MORET
100
AcDbPolyline
 90
4
 70
1
 10
493.1267
 20
-82.0044
 10
493.72270000000003
 20
-82.0044
 10
493.72270000000003
 20
-80.8104
 10
493.1267
 20
-80.8104
  0
TEXT
  5
10B
330
17
100
AcDbEntity
  8
ETIQUETAS
100
AcDbText
 10
493.4247
 20
-81.4074
 30
0.0
 40
0.055
  1
PB-M-007
 72
1
 11
493.4247
 21
-81.4074
 31
0.0
100
AcDbText
 73
2
  0
LWPOLYLINE
  5
10C
330
17
100
AcDbEntity
  8
MORET
100
AcDbPolyline
 90
4
 70
1
 10
492.5287
 20
-82.0044
 10
493.1247
 20
-82.0044
 10
493.1247
 20
-80.8104
 10
492.5287
 20
-80.8104
  0
TEXT
  5
10D
330
17
100
AcDbEntity
  8
ETIQUETAS
100
AcDbText
 10
492.8267
 20
-81.4074
 30
0.0
 40
0.055
  1
PB-M-006
 72
1
 11
492.8267
 21
-81.4074
 31
0.0
100
AcDbText
 73
2
  0
LWPOLYLINE
  5
10E
330
17
100
AcDbEntity
  8
MORET
100
AcDbPolyline
 90
4
 70
1
 10
491.9307
 20
-82.0044
 10
492.5267
 20
-82.0044
 10
492.5267
 20
-80.8104
 10
491.9307
 20
-80.8104
  0
TEXT
  5
10F
330
17
100
AcDbEntity
  8
ETIQUETAS
100
AcDbText
 10
492.2287
 20
-81.4074
 30
0.0
 40
0.055
  1
PB-M-005
 72
1
 11
492.2287
 21
-81.4074
 31
0.0
100
AcDbText
 73
2
  0
LWPOLYLINE
  5
110
330
17
100
AcDbEntity
  8
MORET
100
AcDbPolyline
 90
4
 70
1
 10
491.3327
 20
-82.0044
 10
491.9287
 20
-82.0044
 10
491.9287
 20
-80.8104
 10
491.3327
 20
-80.8104
  0
TEXT
  5
111
330
17
100
AcDbEntity
  8
ETIQUETAS
100
AcDbText
 10
491.6307
 20
-81.4074
 30
0.0
 40
0.055
  1
PB-M-004
 72
1
 11
491.6307
 21
-81.4074
 31
0.0
100
AcDbText
 73
2
  0
LWPOLYLINE
  5
112
330
17
100
AcDbEntity
  8
MORET
100
AcDbPolyline
 90
4
 70
1
 10
490.7347
 20
-82.0044
 10
491.3307
 20
-82.0044
 10
491.3307
 20
-80.8104
 10
490.7347
 20
-80.8104
  0
TEXT
  5
113
330
17
100
AcDbEntity
  8
ETIQUETAS
100
AcDbText
 10
491.0327
 20
-81.4074
 30
0.0
 40
0.055
  1
PB-M-003
 72
1
 11
491.0327
 21
-81.4074
 31
0.0
100
AcDbText
 73
2
  0
LWPOLYLINE
  5
114
330
17
100
AcDbEntity
  8
MORET
100
AcDbPolyline
 90
4
 70
1
 10
490.1367
 20
-82.0044
 10
490.7327
 20
-82.0044
 10
490.7327
 20
-80.8104
 10
490.1367
 20
-80.8104
  0
TEXT
  5
115
330
17
100
AcDbEntity
  8
ETIQUETAS
100
AcDbText
 10
490.4347
 20
-81.4074
 30
0.0
 40
0.055
  1
PB-M-002
 72
1
 11
490.4347
 21
-81.4074
 31
0.0
100
AcDbText
 73
2
  0
LWPOLYLINE
  5
116
330
17
100
AcDbEntity
  8
MORET
100
AcDbPolyline
 90
4
 70
1
 10
489.5387
 20
-82.0044
 10
490.1347
 20
-82.0044
 10
490.1347
 20
-80.8104
 10
489.5387
 20
-80.8104
  0
TEXT
  5
117
330
17
100
AcDbEntity
  8
ETIQUETAS
100
AcDbText
 10
489.8367
 20
-81.4074
 30
0.0
 40
0.055
  1
PB-M-001
 72
1
 11
489.8367
 21
-81.4074
 31
0.0
100
AcDbText
 73
2
  0
LWPOLYLINE
  5
118
330
17
100
AcDbEntity
  8
MORET
100
AcDbPolyline
 90
4
 70
1
 10
496.7147
 20
-82.0044
 10
497.3107
 20
-82.0044
 10
497.3107
 20
-80.8104
 10
496.7147
 20
-80.8104
  0
TEXT
  5
119
330
17
100
AcDbEntity
  8
ETIQUETAS
100
AcDbText
 10
497.0127
 20
-81.4074
 30
0.0
 40
0.055
  1
PB-M-013
 72
1
 11
497.0127
 21
-81.4074
 31
0.0
100
AcDbText
 73
2
  0
LWPOLYLINE
  5
11A
330
17
100
AcDbEntity
  8
MORET
100
AcDbPolyline
 90
4
 70
1
 10
502.7442
 20
-90.2364
 10
503.3402
 20
-90.2364
 10
503.3402
 20
-89.0424
 10
502.7442
 20
-89.0424
  0
TEXT
  5
11B
330
17
100
AcDbEntity
  8
ETIQUETAS
100
AcDbText
 10
503.0422
 20
-89.6394
 30
0.0
 40
0.055
  1
PA-M-036
 72
1
 11
503.0422
 21
-89.6394
 31
0.0
100
AcDbText
 73
2
  0
LWPOLYLINE
  5
11C
330
17
100
AcDbEntity
  8
MORET
100
AcDbPolyline
 90
4
 70
1
 10
502.7442
 20
-91.4324
 10
503.3402
 20
-91.4324
 10
503.3402
 20
-90.2384
 10
502.7442
 20
-90.2384
  0
TEXT
  5
11D
330
17
100
AcDbEntity
  8
ETIQUETAS
100
AcDbText
 10
503.0422
 20
-90.8354
 30
0.0
 40
0.055
  1
PA-M-039
 72
1
 11
503.0422
 21
-90.8354
 31
0.0
100
AcDbText
 73
2
  0
LWPOLYLINE
  5
11E
330
17
100
AcDbEntity
  8
MORET
100
AcDbPolyline
 90
10
 70
1
 10
505.9982
 20
-89.8204
 10
505.9982
 20
-88.6264
 10
506.5942
 20
-88.6264
 10
506.5942
 20
-89.7304
 10
506.3442
 20
-89.7304
 10
506.3442
 20
-89.1304
 10
506.2242
 20
-89.1304
 10
506.2242
 20
-89.7304
 10
506.0242
 20
-89.7304
 10
506.0242
 20
-89.8204
  0
TEXT
  5
11F
330
17
100
AcDbEntity
  8
ETIQUETAS
100
AcDbText
 10
506.2962
 20
-89.2234
 30
0.0
 40
0.055
  1
PA-M-035
 72
1
 11
506.2962
 21
-89.2234
 31
0.0
100
AcDbText
 73
2
  0
LWPOLYLINE
  5
120
330
17
100
AcDbEntity
  8
MORET
100
AcDbPolyline
 90
4
 70
1
 10
505.4002
 20
-89.8204
 10
505.9962
 20
-89.8204
 10
505.9962
 20
-88.6264
 10
505.4002
 20
-88.6264
  0
TEXT
  5
121
330
17
100
AcDbEntity
  8
ETIQUETAS
100
AcDbText
 10
505.6982
 20
-89.2234
 30
0.0
 40
0.055
  1
PA-M-034
 72
1
 11
505.6982
 21
-89.2234
 31
0.0
100
AcDbText
 73
2
  0
LWPOLYLINE
  5
122
330
17
100
AcDbEntity
  8
MORET
100
AcDbPolyline
 90
8
 70
1
 10
504.8022
 20
-89.8204
 10
504.8022
 20
-88.6264
 10
505.3982
 20
-88.6264
 10
505.3982
 20
-89.8204
 10
505.1242
 20
-89.8204
 10
505.1242
 20
-89.7304
 10
504.8062
 20
-89.7304
 10
504.8062
 20
-89.8204
  0
TEXT
  5
123
330
17
100
AcDbEntity
  8
ETIQUETAS
100
AcDbText
 10
505.1002
 20
-89.2234
 30
0.0
 40
0.055
  1
PA-M-033
 72
1
 11
505.1002
 21
-89.2234
 31
0.0
100
AcDbText
 73
2
  0
LWPOLYLINE
  5
124
330
17
100
AcDbEntity
  8
MORET
100
AcDbPolyline
 90
4
 70
1
 10
505.4002
 20
-88.6244
 10
505.9962
 20
-88.6244
 10
505.9962
 20
-87.43039999999999
 10
505.4002
 20
-87.43039999999999
  0
TEXT
  5
125
330
17
100
AcDbEntity
  8
ETIQUETAS
100
AcDbText
 10
505.6982
 20
-88.0274
 30
0.0
 40
0.055
  1
PA-M-024
 72
1
 11
505.6982
 21
-88.0274
 31
0.0
100
AcDbText
 73
2
  0
LWPOLYLINE
  5
126
330
17
100
AcDbEntity
  8
MORET
100
AcDbPolyline
 90
4
 70
1
 10
504.8022
 20
-88.6244
 10
505.39820000000003
 20
-88.6244
 10
505.39820000000003
 20
-87.43039999999999
 10
504.8022
 20
-87.43039999999999
  0
TEXT
  5
127
330
17
100
AcDbEntity
  8
ETIQUETAS
100
AcDbText
 10
505.1002
 20
-88.0274
 30
0.0
 40
0.055
  1
PA-M-023
 72
1
 11
505.1002
 21
-88.0274
 31
0.0
100
AcDbText
 73
2
  0
LWPOLYLINE
  5
128
330
17
100
AcDbEntity
  8
MORET
100
AcDbPolyline
 90
4
 70
1
 10
504.2042
 20
-88.6244
 10
504.8002
 20
-88.6244
 10
504.8002
 20
-87.43039999999999
 10
504.2042
 20
-87.43039999999999
  0
TEXT
  5
129
330
17
100
AcDbEntity
  8
ETIQUETAS
100
AcDbText
 10
504.5022
 20
-88.0274
 30
0.0
 40
0.055
  1
PA-M-022
 72
1
 11
504.5022
 21
-88.0274
 31
0.0
100
AcDbText
 73
2
  0
LWPOLYLINE
  5
12A
330
17
100
AcDbEntity
  8
MORET
100
AcDbPolyline
 90
11
 70
1
 10
505.9982
 20
-88.6244
 10
505.9982
 20
-87.4304
 10
506.5942
 20
-87.4304
 10
506.5942
 20
-87.4304
 10
506.3442
 20
-87.4304
 10
506.2242
 20
-87.4304
 10
506.2242
 20
-88.3804
 10
506.3442
 20
-88.3804
 10
506.3442
 20
-87.9404
 10
506.5942
 20
-87.9404
 10
506.5942
 20
-88.6244
  0
TEXT
  5
12B
330
17
100
AcDbEntity
  8
ETIQUETAS
100
AcDbText
 10
506.2962
 20
-88.0274
 30
0.0
 40
0.055
  1
PA-M-025
 72
1
 11
506.2962
 21
-88.0274
 31
0.0
100
AcDbText
 73
2
  0
LWPOLYLINE
  5
12C
330
17
100
AcDbEntity
  8
MORET
100
AcDbPolyline
 90
4
 70
1
 10
502.7442
 20
-87.8884
 10
503.3402
 20
-87.8884
 10
503.3402
 20
-86.6944
 10
502.7442
 20
-86.6944
  0
TEXT
  5
12D
330
17
100
AcDbEntity
  8
ETIQUETAS
100
AcDbText
 10
503.0422
 20
-87.2914
 30
0.0
 40
0.055
  1
PA-M-020
 72
1
 11
503.0422
 21
-87.2914
 31
0.0
100
AcDbText
 73
2
  0
LWPOLYLINE
  5
12E
330
17
100
AcDbEntity
  8
MORET
100
AcDbPolyline
 90
4
 70
1
 10
502.7442
 20
-86.6924
 10
503.3402
 20
-86.6924
 10
503.3402
 20
-85.4984
 10
502.7442
 20
-85.4984
  0
TEXT
  5
12F
330
17
100
AcDbEntity
  8
ETIQUETAS
100
AcDbText
 10
503.0422
 20
-86.0954
 30
0.0
 40
0.055
  1
PA-M-010
 72
1
 11
503.0422
 21
-86.0954
 31
0.0
100
AcDbText
 73
2
  0
LWPOLYLINE
  5
130
330
17
100
AcDbEntity
  8
MORET
100
AcDbPolyline
 90
4
 70
1
 10
496.1545
 20
-89.7194
 10
496.7505
 20
-89.7194
 10
496.7505
 20
-88.52539999999999
 10
496.1545
 20
-88.52539999999999
  0
TEXT
  5
131
330
17
100
AcDbEntity
  8
ETIQUETAS
100
AcDbText
 10
496.4525
 20
-89.1224
 30
0.0
 40
0.055
  1
PB-M-102
 72
1
 11
496.4525
 21
-89.1224
 31
0.0
100
AcDbText
 73
2
  0
LWPOLYLINE
  5
132
330
17
100
AcDbEntity
  8
MORET
100
AcDbPolyline
 90
4
 70
1
 10
495.5565
 20
-89.7194
 10
496.15250000000003
 20
-89.7194
 10
496.15250000000003
 20
-88.52539999999999
 10
495.5565
 20
-88.52539999999999
  0
TEXT
  5
133
330
17
100
AcDbEntity
  8
ETIQUETAS
100
AcDbText
 10
495.8545
 20
-89.1224
 30
0.0
 40
0.055
  1
PB-M-101
 72
1
 11
495.8545
 21
-89.1224
 31
0.0
100
AcDbText
 73
2
  0
LWPOLYLINE
  5
134
330
17
100
AcDbEntity
  8
MORET
100
AcDbPolyline
 90
4
 70
1
 10
494.9585
 20
-89.7194
 10
495.5545
 20
-89.7194
 10
495.5545
 20
-88.52539999999999
 10
494.9585
 20
-88.52539999999999
  0
TEXT
  5
135
330
17
100
AcDbEntity
  8
ETIQUETAS
100
AcDbText
 10
495.2565
 20
-89.1224
 30
0.0
 40
0.055
  1
PB-M-100
 72
1
 11
495.2565
 21
-89.1224
 31
0.0
100
AcDbText
 73
2
  0
LWPOLYLINE
  5
136
330
17
100
AcDbEntity
  8
MORET
100
AcDbPolyline
 90
4
 70
1
 10
489.578
 20
-86.7366
 10
490.174
 20
-86.7366
 10
490.174
 20
-85.5426
 10
489.578
 20
-85.5426
  0
TEXT
  5
137
330
17
100
AcDbEntity
  8
ETIQUETAS
100
AcDbText
 10
489.876
 20
-86.1396
 30
0.0
 40
0.055
  1
PB-M-057
 72
1
 11
489.876
 21
-86.1396
 31
0.0
100
AcDbText
 73
2
  0
LWPOLYLINE
  5
138
330
17
100
AcDbEntity
  8
MORET
100
AcDbPolyline
 90
4
 70
1
 10
496.1545
 20
-87.9322
 10
496.7505
 20
-87.9322
 10
496.7505
 20
-86.73819999999999
 10
496.1545
 20
-86.73819999999999
  0
TEXT
  5
139
330
17
100
AcDbEntity
  8
ETIQUETAS
100
AcDbText
 10
496.4525
 20
-87.3352
 30
0.0
 40
0.055
  1
PB-M-084
 72
1
 11
496.4525
 21
-87.3352
 31
0.0
100
AcDbText
 73
2
  0
LWPOLYLINE
  5
13A
330
17
100
AcDbEntity
  8
MORET
100
AcDbPolyline
 90
8
 70
1
 10
495.5525
 20
-87.9322
 10
495.5525
 20
-86.7382
 10
496.1525
 20
-86.7382
 10
496.1525
 20
-87.9322
 10
495.8287
 20
-87.9322
 10
495.8287
 20
-87.8604
 10
495.7087
 20
-87.8604
 10
495.7087
 20
-87.9322
  0
TEXT
  5
13B
330
17
100
AcDbEntity
  8
ETIQUETAS
100
AcDbText
 10
495.8525
 20
-87.3352
 30
0.0
 40
0.055
  1
PB-M-083
 72
1
 11
495.8525
 21
-87.3352
 31
0.0
100
AcDbText
 73
2
  0
LWPOLYLINE
  5
13C
330
17
100
AcDbEntity
  8
MORET
100
AcDbPolyline
 90
4
 70
1
 10
494.9539
 20
-87.9322
 10
495.5499
 20
-87.9322
 10
495.5499
 20
-86.73819999999999
 10
494.9539
 20
-86.73819999999999
  0
TEXT
  5
13D
330
17
100
AcDbEntity
  8
ETIQUETAS
100
AcDbText
 10
495.2519
 20
-87.3352
 30
0.0
 40
0.055
  1
PB-M-082
 72
1
 11
495.2519
 21
-87.3352
 31
0.0
100
AcDbText
 73
2
  0
LWPOLYLINE
  5
13E
330
17
100
AcDbEntity
  8
MORET
100
AcDbPolyline
 90
8
 70
1
 10
494.3513
 20
-87.9322
 10
494.3513
 20
-86.7382
 10
494.9513
 20
-86.7382
 10
494.9513
 20
-87.9322
 10
494.8187
 20
-87.9322
 10
494.8187
 20
-87.8604
 10
494.6387
 20
-87.8604
 10
494.6387
 20
-87.9322
  0
TEXT
  5
13F
330
17
100
AcDbEntity
  8
ETIQUETAS
100
AcDbText
 10
494.6513
 20
-87.3352
 30
0.0
 40
0.055
  1
PB-M-081
 72
1
 11
494.6513
 21
-87.3352
 31
0.0
100
AcDbText
 73
2
  0
LWPOLYLINE
  5
140
330
17
100
AcDbEntity
  8
MORET
100
AcDbPolyline
 90
4
 70
1
 10
493.7498
 20
-87.9322
 10
494.3458
 20
-87.9322
 10
494.3458
 20
-86.73819999999999
 10
493.7498
 20
-86.73819999999999
  0
TEXT
  5
141
330
17
100
AcDbEntity
  8
ETIQUETAS
100
AcDbText
 10
494.0478
 20
-87.3352
 30
0.0
 40
0.055
  1
PB-M-080
 72
1
 11
494.0478
 21
-87.3352
 31
0.0
100
AcDbText
 73
2
  0
LWPOLYLINE
  5
142
330
17
100
AcDbEntity
  8
MORET
100
AcDbPolyline
 90
4
 70
1
 10
493.1518
 20
-87.9322
 10
493.7478
 20
-87.9322
 10
493.7478
 20
-86.73819999999999
 10
493.1518
 20
-86.73819999999999
  0
TEXT
  5
143
330
17
100
AcDbEntity
  8
ETIQUETAS
100
AcDbText
 10
493.4498
 20
-87.3352
 30
0.0
 40
0.055
  1
PB-M-079
 72
1
 11
493.4498
 21
-87.3352
 31
0.0
100
AcDbText
 73
2
  0
LWPOLYLINE
  5
144
330
17
100
AcDbEntity
  8
MORET
100
AcDbPolyline
 90
4
 70
1
 10
492.5538
 20
-87.9322
 10
493.1498
 20
-87.9322
 10
493.1498
 20
-86.73819999999999
 10
492.5538
 20
-86.73819999999999
  0
TEXT
  5
145
330
17
100
AcDbEntity
  8
ETIQUETAS
100
AcDbText
 10
492.8518
 20
-87.3352
 30
0.0
 40
0.055
  1
PB-M-078
 72
1
 11
492.8518
 21
-87.3352
 31
0.0
100
AcDbText
 73
2
  0
LWPOLYLINE
  5
146
330
17
100
AcDbEntity
  8
MORET
100
AcDbPolyline
 90
4
 70
1
 10
491.9558
 20
-87.9322
 10
492.5518
 20
-87.9322
 10
492.5518
 20
-86.73819999999999
 10
491.9558
 20
-86.73819999999999
  0
TEXT
  5
147
330
17
100
AcDbEntity
  8
ETIQUETAS
100
AcDbText
 10
492.2538
 20
-87.3352
 30
0.0
 40
0.055
  1
PB-M-077
 72
1
 11
492.2538
 21
-87.3352
 31
0.0
100
AcDbText
 73
2
  0
LWPOLYLINE
  5
148
330
17
100
AcDbEntity
  8
MORET
100
AcDbPolyline
 90
4
 70
1
 10
491.3578
 20
-87.9322
 10
491.9538
 20
-87.9322
 10
491.9538
 20
-86.73819999999999
 10
491.3578
 20
-86.73819999999999
  0
TEXT
  5
149
330
17
100
AcDbEntity
  8
ETIQUETAS
100
AcDbText
 10
491.6558
 20
-87.3352
 30
0.0
 40
0.055
  1
PB-M-076
 72
1
 11
491.6558
 21
-87.3352
 31
0.0
100
AcDbText
 73
2
  0
LWPOLYLINE
  5
14A
330
17
100
AcDbEntity
  8
MORET
100
AcDbPolyline
 90
4
 70
1
 10
490.7598
 20
-87.9322
 10
491.3558
 20
-87.9322
 10
491.3558
 20
-86.73819999999999
 10
490.7598
 20
-86.73819999999999
  0
TEXT
  5
14B
330
17
100
AcDbEntity
  8
ETIQUETAS
100
AcDbText
 10
491.0578
 20
-87.3352
 30
0.0
 40
0.055
  1
PB-M-075
 72
1
 11
491.0578
 21
-87.3352
 31
0.0
100
AcDbText
 73
2
  0
LWPOLYLINE
  5
14C
330
17
100
AcDbEntity
  8
MORET
100
AcDbPolyline
 90
4
 70
1
 10
490.1618
 20
-87.9322
 10
490.75780000000003
 20
-87.9322
 10
490.75780000000003
 20
-86.73819999999999
 10
490.1618
 20
-86.73819999999999
  0
TEXT
  5
14D
330
17
100
AcDbEntity
  8
ETIQUETAS
100
AcDbText
 10
490.4598
 20
-87.3352
 30
0.0
 40
0.055
  1
PB-M-074
 72
1
 11
490.4598
 21
-87.3352
 31
0.0
100
AcDbText
 73
2
  0
LWPOLYLINE
  5
14E
330
17
100
AcDbEntity
  8
MORET
100
AcDbPolyline
 90
4
 70
1
 10
503.3422
 20
-90.2364
 10
503.9382
 20
-90.2364
 10
503.9382
 20
-89.0424
 10
503.3422
 20
-89.0424
  0
TEXT
  5
14F
330
17
100
AcDbEntity
  8
ETIQUETAS
100
AcDbText
 10
503.6402
 20
-89.6394
 30
0.0
 40
0.055
  1
PA-M-037
 72
1
 11
503.6402
 21
-89.6394
 31
0.0
100
AcDbText
 73
2
  0
LWPOLYLINE
  5
150
330
17
100
AcDbEntity
  8
MORET
100
AcDbPolyline
 90
4
 70
1
 10
503.3422
 20
-91.4324
 10
503.9382
 20
-91.4324
 10
503.9382
 20
-90.2384
 10
503.3422
 20
-90.2384
  0
TEXT
  5
151
330
17
100
AcDbEntity
  8
ETIQUETAS
100
AcDbText
 10
503.6402
 20
-90.8354
 30
0.0
 40
0.055
  1
PA-M-040
 72
1
 11
503.6402
 21
-90.8354
 31
0.0
100
AcDbText
 73
2
  0
LWPOLYLINE
  5
152
330
17
100
AcDbEntity
  8
MORET
100
AcDbPolyline
 90
4
 70
1
 10
503.3422
 20
-87.8884
 10
503.9382
 20
-87.8884
 10
503.9382
 20
-86.6944
 10
503.3422
 20
-86.6944
  0
TEXT
  5
153
330
17
100
AcDbEntity
  8
ETIQUETAS
100
AcDbText
 10
503.6402
 20
-87.2914
 30
0.0
 40
0.055
  1
PA-M-021
 72
1
 11
503.6402
 21
-87.2914
 31
0.0
100
AcDbText
 73
2
  0
LWPOLYLINE
  5
154
330
17
100
AcDbEntity
  8
MORET
100
AcDbPolyline
 90
4
 70
1
 10
503.3422
 20
-86.6924
 10
503.9382
 20
-86.6924
 10
503.9382
 20
-85.4984
 10
503.3422
 20
-85.4984
  0
TEXT
  5
155
330
17
100
AcDbEntity
  8
ETIQUETAS
100
AcDbText
 10
503.6402
 20
-86.0954
 30
0.0
 40
0.055
  1
PA-M-011
 72
1
 11
503.6402
 21
-86.0954
 31
0.0
100
AcDbText
 73
2
  0
LWPOLYLINE
  5
156
330
17
100
AcDbEntity
  8
MORET
100
AcDbPolyline
 90
6
 70
1
 10
504.4662
 20
-85.0604
 10
505.0632
 20
-85.0604
 10
505.0632
 20
-86.2544
 10
504.5242
 20
-86.2544
 10
504.5242
 20
-85.8604
 10
504.4662
 20
-85.8604
  0
TEXT
  5
157
330
17
100
AcDbEntity
  8
ETIQUETAS
100
AcDbText
 10
504.7647
 20
-85.6574
 30
0.0
 40
0.055
  1
PA-M-005
 72
1
 11
504.7647
 21
-85.6574
 31
0.0
100
AcDbText
 73
2
  0
LWPOLYLINE
  5
158
330
17
100
AcDbEntity
  8
MORET
100
AcDbPolyline
 90
4
 70
1
 10
505.0652
 20
-86.2544
 10
505.6612
 20
-86.2544
 10
505.6612
 20
-85.0604
 10
505.0652
 20
-85.0604
  0
TEXT
  5
159
330
17
100
AcDbEntity
  8
ETIQUETAS
100
AcDbText
 10
505.3632
 20
-85.6574
 30
0.0
 40
0.055
  1
PA-M-006
 72
1
 11
505.3632
 21
-85.6574
 31
0.0
100
AcDbText
 73
2
  0
LWPOLYLINE
  5
15A
330
17
100
AcDbEntity
  8
MORET
100
AcDbPolyline
 90
4
 70
1
 10
505.6632
 20
-86.2544
 10
506.2592
 20
-86.2544
 10
506.2592
 20
-85.0604
 10
505.6632
 20
-85.0604
  0
TEXT
  5
15B
330
17
100
AcDbEntity
  8
ETIQUETAS
100
AcDbText
 10
505.9612
 20
-85.6574
 30
0.0
 40
0.055
  1
PA-M-007
 72
1
 11
505.9612
 21
-85.6574
 31
0.0
100
AcDbText
 73
2
  0
LWPOLYLINE
  5
15C
330
17
100
AcDbEntity
  8
MORET
100
AcDbPolyline
 90
4
 70
1
 10
494.3513
 20
-92.7104
 10
494.9473
 20
-92.7104
 10
494.9473
 20
-91.5189
 10
494.3513
 20
-91.5189
  0
TEXT
  5
15D
330
17
100
AcDbEntity
  8
ETIQUETAS
100
AcDbText
 10
494.6493
 20
-92.1147
 30
0.0
 40
0.055
  1
PB-M-148
 72
1
 11
494.6493
 21
-92.1147
 31
0.0
100
AcDbText
 73
2
  0
LWPOLYLINE
  5
15E
330
17
100
AcDbEntity
  8
MORET
100
AcDbPolyline
 90
8
 70
1
 10
493.7498
 20
-92.7104
 10
493.7498
 20
-91.5189
 10
494.3493
 20
-91.5189
 10
494.3493
 20
-92.7104
 10
493.9087
 20
-92.7104
 10
493.9087
 20
-92.5304
 10
493.7527
 20
-92.5304
 10
493.7527
 20
-92.7104
  0
TEXT
  5
15F
330
17
100
AcDbEntity
  8
ETIQUETAS
100
AcDbText
 10
494.0496
 20
-92.1147
 30
0.0
 40
0.055
  1
PB-M-147
 72
1
 11
494.0496
 21
-92.1147
 31
0.0
100
AcDbText
 73
2
  0
LWPOLYLINE
  5
160
330
17
100
AcDbEntity
  8
MORET
100
AcDbPolyline
 90
8
 70
1
 10
494.9539
 20
-91.5189
 10
494.9539
 20
-90.3404
 10
495.5527
 20
-90.3404
 10
495.5527
 20
-91.5189
 10
495.3887
 20
-91.5189
 10
495.3887
 20
-91.2404
 10
495.2087
 20
-91.2404
 10
495.2087
 20
-91.5189
  0
TEXT
  5
161
330
17
100
AcDbEntity
  8
ETIQUETAS
100
AcDbText
 10
495.2533
 20
-90.9296
 30
0.0
 40
0.055
  1
PB-M-134
 72
1
 11
495.2533
 21
-90.9296
 31
0.0
100
AcDbText
 73
2
  0
LWPOLYLINE
  5
162
330
17
100
AcDbEntity
  8
MORET
100
AcDbPolyline
 90
4
 70
1
 10
503.3422
 20
-89.0404
 10
503.9402
 20
-89.0404
 10
503.9402
 20
-87.8904
 10
503.3422
 20
-87.8904
  0
TEXT
  5
163
330
17
100
AcDbEntity
  8
ETIQUETAS
100
AcDbText
 10
503.6412
 20
-88.4654
 30
0.0
 40
0.055
  1
PA-M-029
 72
1
 11
503.6412
 21
-88.4654
 31
0.0
100
AcDbText
 73
2
  0
LWPOLYLINE
  5
164
330
17
100
AcDbEntity
  8
MORET
100
AcDbPolyline
 90
4
 70
1
 10
502.7442
 20
-89.0404
 10
503.3402
 20
-89.0404
 10
503.3402
 20
-87.8904
 10
502.7442
 20
-87.8904
  0
TEXT
  5
165
330
17
100
AcDbEntity
  8
ETIQUETAS
100
AcDbText
 10
503.0422
 20
-88.4654
 30
0.0
 40
0.055
  1
PA-M-028
 72
1
 11
503.0422
 21
-88.4654
 31
0.0
100
AcDbText
 73
2
  0
LWPOLYLINE
  5
166
330
17
100
AcDbEntity
  8
MORET
100
AcDbPolyline
 90
6
 70
1
 10
496.752
 20
-84.3446
 10
496.1545
 20
-84.3446
 10
496.1545
 20
-83.2004
 10
496.5087
 20
-83.2004
 10
496.5087
 20
-83.2604
 10
496.752
 20
-83.2604
  0
TEXT
  5
167
330
17
100
AcDbEntity
  8
ETIQUETAS
100
AcDbText
 10
496.4532
 20
-83.7725
 30
0.0
 40
0.055
  1
PB-M-039
 72
1
 11
496.4532
 21
-83.7725
 31
0.0
100
AcDbText
 73
2
  0
LWPOLYLINE
  5
168
330
17
100
AcDbEntity
  8
MORET
100
AcDbPolyline
 90
4
 70
1
 10
495.5546
 20
-84.3446
 10
496.1525
 20
-84.3446
 10
496.1525
 20
-83.2004
 10
495.5546
 20
-83.2004
  0
TEXT
  5
169
330
17
100
AcDbEntity
  8
ETIQUETAS
100
AcDbText
 10
495.8535
 20
-83.7725
 30
0.0
 40
0.055
  1
PB-M-038
 72
1
 11
495.8535
 21
-83.7725
 31
0.0
100
AcDbText
 73
2
  0
LWPOLYLINE
  5
16A
330
17
100
AcDbEntity
  8
MORET
100
AcDbPolyline
 90
4
 70
1
 10
494.9539
 20
-84.3446
 10
495.55269999999996
 20
-84.3446
 10
495.55269999999996
 20
-83.2004
 10
494.9539
 20
-83.2004
  0
TEXT
  5
16B
330
17
100
AcDbEntity
  8
ETIQUETAS
100
AcDbText
 10
495.2533
 20
-83.7725
 30
0.0
 40
0.055
  1
PB-M-037
 72
1
 11
495.2533
 21
-83.7725
 31
0.0
100
AcDbText
 73
2
  0
LWPOLYLINE
  5
16C
330
17
100
AcDbEntity
  8
MORET
100
AcDbPolyline
 90
4
 70
1
 10
494.3513
 20
-84.3446
 10
494.9513
 20
-84.3446
 10
494.9513
 20
-83.2004
 10
494.3513
 20
-83.2004
  0
TEXT
  5
16D
330
17
100
AcDbEntity
  8
ETIQUETAS
100
AcDbText
 10
494.6513
 20
-83.7725
 30
0.0
 40
0.055
  1
PB-M-036
 72
1
 11
494.6513
 21
-83.7725
 31
0.0
100
AcDbText
 73
2
  0
LWPOLYLINE
  5
16E
330
17
100
AcDbEntity
  8
MORET
100
AcDbPolyline
 90
8
 70
1
 10
494.3493
 20
-83.2004
 10
494.3493
 20
-84.3446
 10
493.7498
 20
-84.3446
 10
493.7498
 20
-83.2004
 10
493.7527
 20
-83.2004
 10
493.7527
 20
-83.2604
 10
494.0587
 20
-83.2604
 10
494.0587
 20
-83.2004
  0
TEXT
  5
16F
330
17
100
AcDbEntity
  8
ETIQUETAS
100
AcDbText
 10
494.0496
 20
-83.7725
 30
0.0
 40
0.055
  1
PB-M-035
 72
1
 11
494.0496
 21
-83.7725
 31
0.0
100
AcDbText
 73
2
  0
LWPOLYLINE
  5
170
330
17
100
AcDbEntity
  8
MORET
100
AcDbPolyline
 90
6
 70
1
 10
493.1459
 20
-84.3446
 10
492.5464
 20
-84.3446
 10
492.5464
 20
-83.2004
 10
493.0587
 20
-83.2004
 10
493.0587
 20
-83.2604
 10
493.1459
 20
-83.2604
  0
TEXT
  5
171
330
17
100
AcDbEntity
  8
ETIQUETAS
100
AcDbText
 10
492.8462
 20
-83.7725
 30
0.0
 40
0.055
  1
PB-M-034
 72
1
 11
492.8462
 21
-83.7725
 31
0.0
100
AcDbText
 73
2
  0
LWPOLYLINE
  5
172
330
17
100
AcDbEntity
  8
MORET
100
AcDbPolyline
 90
4
 70
1
 10
491.9449
 20
-84.3446
 10
492.5444
 20
-84.3446
 10
492.5444
 20
-83.2004
 10
491.9449
 20
-83.2004
  0
TEXT
  5
173
330
17
100
AcDbEntity
  8
ETIQUETAS
100
AcDbText
 10
492.2447
 20
-83.7725
 30
0.0
 40
0.055
  1
PB-M-033
 72
1
 11
492.2447
 21
-83.7725
 31
0.0
100
AcDbText
 73
2
  0
LWPOLYLINE
  5
174
330
17
100
AcDbEntity
  8
MORET
100
AcDbPolyline
 90
4
 70
1
 10
491.3435
 20
-84.3446
 10
491.943
 20
-84.3446
 10
491.943
 20
-83.2004
 10
491.3435
 20
-83.2004
  0
TEXT
  5
175
330
17
100
AcDbEntity
  8
ETIQUETAS
100
AcDbText
 10
491.6433
 20
-83.7725
 30
0.0
 40
0.055
  1
PB-M-032
 72
1
 11
491.6433
 21
-83.7725
 31
0.0
100
AcDbText
 73
2
  0
LWPOLYLINE
  5
176
330
17
100
AcDbEntity
  8
MORET
100
AcDbPolyline
 90
4
 70
1
 10
490.742
 20
-84.3446
 10
491.3415
 20
-84.3446
 10
491.3415
 20
-83.2004
 10
490.742
 20
-83.2004
  0
TEXT
  5
177
330
17
100
AcDbEntity
  8
ETIQUETAS
100
AcDbText
 10
491.0418
 20
-83.7725
 30
0.0
 40
0.055
  1
PB-M-031
 72
1
 11
491.0418
 21
-83.7725
 31
0.0
100
AcDbText
 73
2
  0
LWPOLYLINE
  5
178
330
17
100
AcDbEntity
  8
MORET
100
AcDbPolyline
 90
4
 70
1
 10
490.1405
 20
-84.3446
 10
490.73999999999995
 20
-84.3446
 10
490.73999999999995
 20
-83.2004
 10
490.1405
 20
-83.2004
  0
TEXT
  5
179
330
17
100
AcDbEntity
  8
ETIQUETAS
100
AcDbText
 10
490.4402
 20
-83.7725
 30
0.0
 40
0.055
  1
PB-M-030
 72
1
 11
490.4402
 21
-83.7725
 31
0.0
100
AcDbText
 73
2
  0
LWPOLYLINE
  5
17A
330
17
100
AcDbEntity
  8
MORET
100
AcDbPolyline
 90
8
 70
1
 10
490.1385
 20
-83.2
 10
490.1385
 20
-84.3446
 10
489.5388
 20
-84.3446
 10
489.5388
 20
-83.2
 10
489.539
 20
-83.2
 10
489.539
 20
-83.2604
 10
490.1087
 20
-83.2604
 10
490.1087
 20
-83.2
  0
TEXT
  5
17B
330
17
100
AcDbEntity
  8
ETIQUETAS
100
AcDbText
 10
489.8386
 20
-83.7723
 30
0.0
 40
0.055
  1
PB-M-029
 72
1
 11
489.8386
 21
-83.7723
 31
0.0
100
AcDbText
 73
2
  0
LWPOLYLINE
  5
17C
330
17
100
AcDbEntity
  8
MORET
100
AcDbPolyline
 90
4
 70
1
 10
496.7525
 20
-87.8604
 10
497.35
 20
-87.8604
 10
497.35
 20
-86.7386
 10
496.7525
 20
-86.7386
  0
TEXT
  5
17D
330
17
100
AcDbEntity
  8
ETIQUETAS
100
AcDbText
 10
497.0512
 20
-87.2995
 30
0.0
 40
0.055
  1
PB-M-071
 72
1
 11
497.0512
 21
-87.2995
 31
0.0
100
AcDbText
 73
2
  0
LWPOLYLINE
  5
17E
330
17
100
AcDbEntity
  8
MORET
100
AcDbPolyline
 90
4
 70
1
 10
495.5546
 20
-91.4602
 10
496.1525
 20
-91.4602
 10
496.1525
 20
-90.3404
 10
495.5546
 20
-90.3404
  0
TEXT
  5
17F
330
17
100
AcDbEntity
  8
ETIQUETAS
100
AcDbText
 10
495.8535
 20
-90.9003
 30
0.0
 40
0.055
  1
PB-M-120
 72
1
 11
495.8535
 21
-90.9003
 31
0.0
100
AcDbText
 73
2
  0
LWPOLYLINE
  5
180
330
17
100
AcDbEntity
  8
MORET
100
AcDbPolyline
 90
4
 70
1
 10
496.754
 20
-91.4602
 10
497.35
 20
-91.4602
 10
497.35
 20
-90.3404
 10
496.754
 20
-90.3404
  0
TEXT
  5
181
330
17
100
AcDbEntity
  8
ETIQUETAS
100
AcDbText
 10
497.052
 20
-90.9003
 30
0.0
 40
0.055
  1
PB-M-123
 72
1
 11
497.052
 21
-90.9003
 31
0.0
100
AcDbText
 73
2
  0
LWPOLYLINE
  5
182
330
17
100
AcDbEntity
  8
MORET
100
AcDbPolyline
 90
6
 70
1
 10
496.1167
 20
-83.1204
 10
496.1167
 20
-82.0064
 10
496.7127
 20
-82.0064
 10
496.7127
 20
-83.0804
 10
496.5087
 20
-83.0804
 10
496.5087
 20
-83.1204
  0
TEXT
  5
183
330
17
100
AcDbEntity
  8
ETIQUETAS
100
AcDbText
 10
496.4147
 20
-82.5634
 30
0.0
 40
0.055
  1
PB-M-028
 72
1
 11
496.4147
 21
-82.5634
 31
0.0
100
AcDbText
 73
2
  0
LWPOLYLINE
  5
184
330
17
100
AcDbEntity
  8
MORET
100
AcDbPolyline
 90
4
 70
1
 10
495.5187
 20
-83.1204
 10
496.1147
 20
-83.1204
 10
496.1147
 20
-82.0064
 10
495.5187
 20
-82.0064
  0
TEXT
  5
185
330
17
100
AcDbEntity
  8
ETIQUETAS
100
AcDbText
 10
495.8167
 20
-82.5634
 30
0.0
 40
0.055
  1
PB-M-027
 72
1
 11
495.8167
 21
-82.5634
 31
0.0
100
AcDbText
 73
2
  0
LWPOLYLINE
  5
186
330
17
100
AcDbEntity
  8
MORET
100
AcDbPolyline
 90
4
 70
1
 10
494.9207
 20
-83.1204
 10
495.5167
 20
-83.1204
 10
495.5167
 20
-82.0064
 10
494.9207
 20
-82.0064
  0
TEXT
  5
187
330
17
100
AcDbEntity
  8
ETIQUETAS
100
AcDbText
 10
495.2187
 20
-82.5634
 30
0.0
 40
0.055
  1
PB-M-026
 72
1
 11
495.2187
 21
-82.5634
 31
0.0
100
AcDbText
 73
2
  0
LWPOLYLINE
  5
188
330
17
100
AcDbEntity
  8
MORET
100
AcDbPolyline
 90
4
 70
1
 10
494.3227
 20
-83.1204
 10
494.9187
 20
-83.1204
 10
494.9187
 20
-82.0064
 10
494.3227
 20
-82.0064
  0
TEXT
  5
189
330
17
100
AcDbEntity
  8
ETIQUETAS
100
AcDbText
 10
494.6207
 20
-82.5634
 30
0.0
 40
0.055
  1
PB-M-025
 72
1
 11
494.6207
 21
-82.5634
 31
0.0
100
AcDbText
 73
2
  0
LWPOLYLINE
  5
18A
330
17
100
AcDbEntity
  8
MORET
100
AcDbPolyline
 90
8
 70
1
 10
493.7247
 20
-83.1204
 10
493.7247
 20
-82.0064
 10
494.3207
 20
-82.0064
 10
494.3207
 20
-83.1204
 10
494.0587
 20
-83.1204
 10
494.0587
 20
-83.0804
 10
493.7527
 20
-83.0804
 10
493.7527
 20
-83.1204
  0
TEXT
  5
18B
330
17
100
AcDbEntity
  8
ETIQUETAS
100
AcDbText
 10
494.0227
 20
-82.5634
 30
0.0
 40
0.055
  1
PB-M-024
 72
1
 11
494.0227
 21
-82.5634
 31
0.0
100
AcDbText
 73
2
  0
LWPOLYLINE
  5
18C
330
17
100
AcDbEntity
  8
MORET
100
AcDbPolyline
 90
6
 70
1
 10
492.5287
 20
-83.1204
 10
492.5287
 20
-82.0064
 10
493.1247
 20
-82.0064
 10
493.1247
 20
-83.0804
 10
493.0587
 20
-83.0804
 10
493.0587
 20
-83.1204
  0
TEXT
  5
18D
330
17
100
AcDbEntity
  8
ETIQUETAS
100
AcDbText
 10
492.8267
 20
-82.5634
 30
0.0
 40
0.055
  1
PB-M-023
 72
1
 11
492.8267
 21
-82.5634
 31
0.0
100
AcDbText
 73
2
  0
LWPOLYLINE
  5
18E
330
17
100
AcDbEntity
  8
MORET
100
AcDbPolyline
 90
4
 70
1
 10
491.9307
 20
-83.1204
 10
492.5267
 20
-83.1204
 10
492.5267
 20
-82.0064
 10
491.9307
 20
-82.0064
  0
TEXT
  5
18F
330
17
100
AcDbEntity
  8
ETIQUETAS
100
AcDbText
 10
492.2287
 20
-82.5634
 30
0.0
 40
0.055
  1
PB-M-022
 72
1
 11
492.2287
 21
-82.5634
 31
0.0
100
AcDbText
 73
2
  0
LWPOLYLINE
  5
190
330
17
100
AcDbEntity
  8
MORET
100
AcDbPolyline
 90
4
 70
1
 10
491.3327
 20
-83.1204
 10
491.9287
 20
-83.1204
 10
491.9287
 20
-82.0064
 10
491.3327
 20
-82.0064
  0
TEXT
  5
191
330
17
100
AcDbEntity
  8
ETIQUETAS
100
AcDbText
 10
491.6307
 20
-82.5634
 30
0.0
 40
0.055
  1
PB-M-021
 72
1
 11
491.6307
 21
-82.5634
 31
0.0
100
AcDbText
 73
2
  0
LWPOLYLINE
  5
192
330
17
100
AcDbEntity
  8
MORET
100
AcDbPolyline
 90
4
 70
1
 10
490.7347
 20
-83.1204
 10
491.3307
 20
-83.1204
 10
491.3307
 20
-82.0064
 10
490.7347
 20
-82.0064
  0
TEXT
  5
193
330
17
100
AcDbEntity
  8
ETIQUETAS
100
AcDbText
 10
491.0327
 20
-82.5634
 30
0.0
 40
0.055
  1
PB-M-020
 72
1
 11
491.0327
 21
-82.5634
 31
0.0
100
AcDbText
 73
2
  0
LWPOLYLINE
  5
194
330
17
100
AcDbEntity
  8
MORET
100
AcDbPolyline
 90
4
 70
1
 10
490.1367
 20
-83.1204
 10
490.7327
 20
-83.1204
 10
490.7327
 20
-82.0064
 10
490.1367
 20
-82.0064
  0
TEXT
  5
195
330
17
100
AcDbEntity
  8
ETIQUETAS
100
AcDbText
 10
490.4347
 20
-82.5634
 30
0.0
 40
0.055
  1
PB-M-019
 72
1
 11
490.4347
 21
-82.5634
 31
0.0
100
AcDbText
 73
2
  0
LWPOLYLINE
  5
196
330
17
100
AcDbEntity
  8
MORET
100
AcDbPolyline
 90
6
 70
1
 10
489.5387
 20
-82.0064
 10
490.1347
 20
-82.0064
 10
490.1347
 20
-83.1204
 10
490.1087
 20
-83.1204
 10
490.1087
 20
-83.0804
 10
489.5387
 20
-83.0804
  0
TEXT
  5
197
330
17
100
AcDbEntity
  8
ETIQUETAS
100
AcDbText
 10
489.8367
 20
-82.5634
 30
0.0
 40
0.055
  1
PB-M-018
 72
1
 11
489.8367
 21
-82.5634
 31
0.0
100
AcDbText
 73
2
  0
LWPOLYLINE
  5
198
330
17
100
AcDbEntity
  8
MORET
100
AcDbPolyline
 90
4
 70
1
 10
496.1545
 20
-92.5302
 10
496.752
 20
-92.5302
 10
496.752
 20
-91.4622
 10
496.1545
 20
-91.4622
  0
TEXT
  5
199
330
17
100
AcDbEntity
  8
ETIQUETAS
100
AcDbText
 10
496.4532
 20
-91.9962
 30
0.0
 40
0.055
  1
PB-M-136
 72
1
 11
496.4532
 21
-91.9962
 31
0.0
100
AcDbText
 73
2
  0
LWPOLYLINE
  5
19A
330
17
100
AcDbEntity
  8
MORET
100
AcDbPolyline
 90
4
 70
1
 10
495.5546
 20
-92.5302
 10
496.1525
 20
-92.5302
 10
496.1525
 20
-91.4622
 10
495.5546
 20
-91.4622
  0
TEXT
  5
19B
330
17
100
AcDbEntity
  8
ETIQUETAS
100
AcDbText
 10
495.8535
 20
-91.9962
 30
0.0
 40
0.055
  1
PB-M-135
 72
1
 11
495.8535
 21
-91.9962
 31
0.0
100
AcDbText
 73
2
  0
LWPOLYLINE
  5
19C
330
17
100
AcDbEntity
  8
MORET
100
AcDbPolyline
 90
4
 70
1
 10
496.754
 20
-92.5302
 10
497.35
 20
-92.5302
 10
497.35
 20
-91.4622
 10
496.754
 20
-91.4622
  0
TEXT
  5
19D
330
17
100
AcDbEntity
  8
ETIQUETAS
100
AcDbText
 10
497.052
 20
-91.9962
 30
0.0
 40
0.055
  1
PB-M-137
 72
1
 11
497.052
 21
-91.9962
 31
0.0
100
AcDbText
 73
2
  0
LWPOLYLINE
  5
19E
330
17
100
AcDbEntity
  8
MORET
100
AcDbPolyline
 90
4
 70
1
 10
496.7525
 20
-89.7194
 10
497.35
 20
-89.7194
 10
497.35
 20
-88.6104
 10
496.7525
 20
-88.6104
  0
TEXT
  5
19F
330
17
100
AcDbEntity
  8
ETIQUETAS
100
AcDbText
 10
497.0512
 20
-89.1649
 30
0.0
 40
0.055
  1
PB-M-103
 72
1
 11
497.0512
 21
-89.1649
 31
0.0
100
AcDbText
 73
2
  0
LWPOLYLINE
  5
1A0
330
17
100
AcDbEntity
  8
MORET
100
AcDbPolyline
 90
4
 70
1
 10
506.5962
 20
-89.7304
 10
507.1922
 20
-89.7304
 10
507.1922
 20
-88.6264
 10
506.5962
 20
-88.6264
  0
TEXT
  5
1A1
330
17
100
AcDbEntity
  8
ETIQUETAS
100
AcDbText
 10
506.8942
 20
-89.1784
 30
0.0
 40
0.055
  1
PA-M-031
 72
1
 11
506.8942
 21
-89.1784
 31
0.0
100
AcDbText
 73
2
  0
LWPOLYLINE
  5
1A2
330
17
100
AcDbEntity
  8
MORET
100
AcDbPolyline
 90
4
 70
1
 10
504.2042
 20
-89.7304
 10
504.8002
 20
-89.7304
 10
504.8002
 20
-88.6264
 10
504.2042
 20
-88.6264
  0
TEXT
  5
1A3
330
17
100
AcDbEntity
  8
ETIQUETAS
100
AcDbText
 10
504.5022
 20
-89.1784
 30
0.0
 40
0.055
  1
PA-M-030
 72
1
 11
504.5022
 21
-89.1784
 31
0.0
100
AcDbText
 73
2
  0
LWPOLYLINE
  5
1A4
330
17
100
AcDbEntity
  8
MORET
100
AcDbPolyline
 90
4
 70
1
 10
507.1942
 20
-89.7304
 10
507.79420000000005
 20
-89.7304
 10
507.79420000000005
 20
-88.6264
 10
507.1942
 20
-88.6264
  0
TEXT
  5
1A5
330
17
100
AcDbEntity
  8
ETIQUETAS
100
AcDbText
 10
507.4942
 20
-89.1784
 30
0.0
 40
0.055
  1
PA-M-032
 72
1
 11
507.4942
 21
-89.1784
 31
0.0
100
AcDbText
 73
2
  0
LWPOLYLINE
  5
1A6
330
17
100
AcDbEntity
  8
MORET
100
AcDbPolyline
 90
4
 70
1
 10
502.7442
 20
-92.5304
 10
503.3402
 20
-92.5304
 10
503.3402
 20
-91.4344
 10
502.7442
 20
-91.4344
  0
TEXT
  5
1A7
330
17
100
AcDbEntity
  8
ETIQUETAS
100
AcDbText
 10
503.0422
 20
-91.9824
 30
0.0
 40
0.055
  1
PA-M-041
 72
1
 11
503.0422
 21
-91.9824
 31
0.0
100
AcDbText
 73
2
  0
LWPOLYLINE
  5
1A8
330
17
100
AcDbEntity
  8
MORET
100
AcDbPolyline
 90
4
 70
1
 10
503.3422
 20
-92.5304
 10
503.9402
 20
-92.5304
 10
503.9402
 20
-91.4344
 10
503.3422
 20
-91.4344
  0
TEXT
  5
1A9
330
17
100
AcDbEntity
  8
ETIQUETAS
100
AcDbText
 10
503.6412
 20
-91.9824
 30
0.0
 40
0.055
  1
PA-M-042
 72
1
 11
503.6412
 21
-91.9824
 31
0.0
100
AcDbText
 73
2
  0
LWPOLYLINE
  5
1AA
330
17
100
AcDbEntity
  8
MORET
100
AcDbPolyline
 90
4
 70
1
 10
493.1478
 20
-84.3446
 10
493.74780000000004
 20
-84.3446
 10
493.74780000000004
 20
-83.2604
 10
493.1478
 20
-83.2604
  0
TEXT
  5
1AB
330
17
100
AcDbEntity
  8
ETIQUETAS
100
AcDbText
 10
493.4478
 20
-83.8025
 30
0.0
 40
0.055
  1
PB-M-040
 72
1
 11
493.4478
 21
-83.8025
 31
0.0
100
AcDbText
 73
2
  0
LWPOLYLINE
  5
1AC
330
17
100
AcDbEntity
  8
MORET
100
AcDbPolyline
 90
4
 70
1
 10
496.754
 20
-84.3446
 10
497.35
 20
-84.3446
 10
497.35
 20
-83.2604
 10
496.754
 20
-83.2604
  0
TEXT
  5
1AD
330
17
100
AcDbEntity
  8
ETIQUETAS
100
AcDbText
 10
497.052
 20
-83.8025
 30
0.0
 40
0.055
  1
PB-M-041
 72
1
 11
497.052
 21
-83.8025
 31
0.0
100
AcDbText
 73
2
  0
LWPOLYLINE
  5
1AE
330
17
100
AcDbEntity
  8
MORET
100
AcDbPolyline
 90
4
 70
1
 10
493.1267
 20
-83.0804
 10
493.72270000000003
 20
-83.0804
 10
493.72270000000003
 20
-82.0064
 10
493.1267
 20
-82.0064
  0
TEXT
  5
1AF
330
17
100
AcDbEntity
  8
ETIQUETAS
100
AcDbText
 10
493.4247
 20
-82.5434
 30
0.0
 40
0.055
  1
PB-M-015
 72
1
 11
493.4247
 21
-82.5434
 31
0.0
100
AcDbText
 73
2
  0
LWPOLYLINE
  5
1B0
330
17
100
AcDbEntity
  8
MORET
100
AcDbPolyline
 90
4
 70
1
 10
496.7147
 20
-83.0804
 10
497.3107
 20
-83.0804
 10
497.3107
 20
-82.0064
 10
496.7147
 20
-82.0064
  0
TEXT
  5
1B1
330
17
100
AcDbEntity
  8
ETIQUETAS
100
AcDbText
 10
497.0127
 20
-82.5434
 30
0.0
 40
0.055
  1
PB-M-016
 72
1
 11
497.0127
 21
-82.5434
 31
0.0
100
AcDbText
 73
2
  0
LWPOLYLINE
  5
1B2
330
17
100
AcDbEntity
  8
MORET
100
AcDbPolyline
 90
4
 70
1
 10
493.1478
 20
-92.5302
 10
493.74780000000004
 20
-92.5302
 10
493.74780000000004
 20
-91.5209
 10
493.1478
 20
-91.5209
  0
TEXT
  5
1B3
330
17
100
AcDbEntity
  8
ETIQUETAS
100
AcDbText
 10
493.4478
 20
-92.0255
 30
0.0
 40
0.055
  1
PB-M-146
 72
1
 11
493.4478
 21
-92.0255
 31
0.0
100
AcDbText
 73
2
  0
LWPOLYLINE
  5
1B4
330
17
100
AcDbEntity
  8
MORET
100
AcDbPolyline
 90
4
 70
1
 10
492.5464
 20
-92.5302
 10
493.1459
 20
-92.5302
 10
493.1459
 20
-91.5209
 10
492.5464
 20
-91.5209
  0
TEXT
  5
1B5
330
17
100
AcDbEntity
  8
ETIQUETAS
100
AcDbText
 10
492.8462
 20
-92.0255
 30
0.0
 40
0.055
  1
PB-M-145
 72
1
 11
492.8462
 21
-92.0255
 31
0.0
100
AcDbText
 73
2
  0
LWPOLYLINE
  5
1B6
330
17
100
AcDbEntity
  8
MORET
100
AcDbPolyline
 90
4
 70
1
 10
491.9449
 20
-92.5302
 10
492.5444
 20
-92.5302
 10
492.5444
 20
-91.5209
 10
491.9449
 20
-91.5209
  0
TEXT
  5
1B7
330
17
100
AcDbEntity
  8
ETIQUETAS
100
AcDbText
 10
492.2447
 20
-92.0255
 30
0.0
 40
0.055
  1
PB-M-144
 72
1
 11
492.2447
 21
-92.0255
 31
0.0
100
AcDbText
 73
2
  0
LWPOLYLINE
  5
1B8
330
17
100
AcDbEntity
  8
MORET
100
AcDbPolyline
 90
4
 70
1
 10
491.3435
 20
-92.5302
 10
491.943
 20
-92.5302
 10
491.943
 20
-91.5209
 10
491.3435
 20
-91.5209
  0
TEXT
  5
1B9
330
17
100
AcDbEntity
  8
ETIQUETAS
100
AcDbText
 10
491.6433
 20
-92.0255
 30
0.0
 40
0.055
  1
PB-M-143
 72
1
 11
491.6433
 21
-92.0255
 31
0.0
100
AcDbText
 73
2
  0
LWPOLYLINE
  5
1BA
330
17
100
AcDbEntity
  8
MORET
100
AcDbPolyline
 90
4
 70
1
 10
490.742
 20
-92.5302
 10
491.3415
 20
-92.5302
 10
491.3415
 20
-91.5209
 10
490.742
 20
-91.5209
  0
TEXT
  5
1BB
330
17
100
AcDbEntity
  8
ETIQUETAS
100
AcDbText
 10
491.0418
 20
-92.0255
 30
0.0
 40
0.055
  1
PB-M-142
 72
1
 11
491.0418
 21
-92.0255
 31
0.0
100
AcDbText
 73
2
  0
LWPOLYLINE
  5
1BC
330
17
100
AcDbEntity
  8
MORET
100
AcDbPolyline
 90
4
 70
1
 10
490.1405
 20
-92.5302
 10
490.73999999999995
 20
-92.5302
 10
490.73999999999995
 20
-91.5209
 10
490.1405
 20
-91.5209
  0
TEXT
  5
1BD
330
17
100
AcDbEntity
  8
ETIQUETAS
100
AcDbText
 10
490.4402
 20
-92.0255
 30
0.0
 40
0.055
  1
PB-M-141
 72
1
 11
490.4402
 21
-92.0255
 31
0.0
100
AcDbText
 73
2
  0
LWPOLYLINE
  5
1BE
330
17
100
AcDbEntity
  8
MORET
100
AcDbPolyline
 90
4
 70
1
 10
489.5388
 20
-92.5302
 10
490.13849999999996
 20
-92.5302
 10
490.13849999999996
 20
-91.5209
 10
489.5388
 20
-91.5209
  0
TEXT
  5
1BF
330
17
100
AcDbEntity
  8
ETIQUETAS
100
AcDbText
 10
489.8386
 20
-92.0255
 30
0.0
 40
0.055
  1
PB-M-140
 72
1
 11
489.8386
 21
-92.0255
 31
0.0
100
AcDbText
 73
2
  0
LWPOLYLINE
  5
1C0
330
17
100
AcDbEntity
  8
MORET
100
AcDbPolyline
 90
6
 70
1
 10
503.9402
 20
-86.5604
 10
503.9402
 20
-85.4984
 10
504.4642
 20
-85.4984
 10
504.4642
 20
-85.8604
 10
504.3442
 20
-85.8604
 10
504.3442
 20
-86.5604
  0
TEXT
  5
1C1
330
17
100
AcDbEntity
  8
ETIQUETAS
100
AcDbText
 10
504.2022
 20
-86.0294
 30
0.0
 40
0.055
  1
PA-M-009
 72
1
 11
504.2022
 21
-86.0294
 31
0.0
100
AcDbText
 73
2
  0
LWPOLYLINE
  5
1C2
330
17
100
AcDbEntity
  8
MORET
100
AcDbPolyline
 90
4
 70
1
 10
497.3127
 20
-82.0044
 10
497.75870000000003
 20
-82.0044
 10
497.75870000000003
 20
-80.8104
 10
497.3127
 20
-80.8104
  0
TEXT
  5
1C3
330
17
100
AcDbEntity
  8
ETIQUETAS
100
AcDbText
 10
497.5357
 20
-81.4074
 30
0.0
 40
0.055
  1
PB-M-014
 72
1
 11
497.5357
 21
-81.4074
 31
0.0
100
AcDbText
 73
2
  0
LWPOLYLINE
  5
1C4
330
17
100
AcDbEntity
  8
MORET
100
AcDbPolyline
 90
6
 70
1
 10
497.352
 20
-89.7194
 10
497.352
 20
-88.6104
 10
497.7587
 20
-88.6104
 10
497.7587
 20
-89.3604
 10
497.6387
 20
-89.3604
 10
497.6387
 20
-89.7194
  0
TEXT
  5
1C5
330
17
100
AcDbEntity
  8
ETIQUETAS
100
AcDbText
 10
497.5553
 20
-89.1649
 30
0.0
 40
0.055
  1
PB-M-104
 72
1
 11
497.5553
 21
-89.1649
 31
0.0
100
AcDbText
 73
2
  0
LWPOLYLINE
  5
1C6
330
17
100
AcDbEntity
  8
MORET
100
AcDbPolyline
 90
4
 70
1
 10
505.9982
 20
-87.4284
 10
506.2242
 20
-87.4284
 10
506.2242
 20
-86.7404
 10
505.9982
 20
-86.7404
  0
TEXT
  5
1C7
330
17
100
AcDbEntity
  8
ETIQUETAS
100
AcDbText
 10
506.1112
 20
-87.0844
 30
0.0
 40
0.04972
  1
PA-M-019
 72
1
 11
506.1112
 21
-87.0844
 31
0.0
100
AcDbText
 73
2
  0
LWPOLYLINE
  5
1C8
330
17
100
AcDbEntity
  8
MORET
100
AcDbPolyline
 90
4
 70
1
 10
497.3127
 20
-83.0804
 10
497.75870000000003
 20
-83.0804
 10
497.75870000000003
 20
-82.0064
 10
497.3127
 20
-82.0064
  0
TEXT
  5
1C9
330
17
100
AcDbEntity
  8
ETIQUETAS
100
AcDbText
 10
497.5357
 20
-82.5434
 30
0.0
 40
0.055
  1
PB-M-017
 72
1
 11
497.5357
 21
-82.5434
 31
0.0
100
AcDbText
 73
2
  0
LWPOLYLINE
  5
1CA
330
17
100
AcDbEntity
  8
MORET
100
AcDbPolyline
 90
4
 70
1
 10
506.2612
 20
-86.2544
 10
506.6142
 20
-86.2544
 10
506.6142
 20
-85.0604
 10
506.2612
 20
-85.0604
  0
TEXT
  5
1CB
330
17
100
AcDbEntity
  8
ETIQUETAS
100
AcDbText
 10
506.4377
 20
-85.6574
 30
0.0
 40
0.055
  1
PA-M-008
 72
1
 11
506.4377
 21
-85.6574
 31
0.0
100
AcDbText
 73
2
  0
LWPOLYLINE
  5
1CC
330
17
100
AcDbEntity
  8
MORET
100
AcDbPolyline
 90
4
 70
1
 10
504.2042
 20
-87.4284
 10
504.8002
 20
-87.4284
 10
504.8002
 20
-86.7404
 10
504.2042
 20
-86.7404
  0
TEXT
  5
1CD
330
17
100
AcDbEntity
  8
ETIQUETAS
100
AcDbText
 10
504.5022
 20
-87.0844
 30
0.0
 40
0.055
  1
PA-M-016
 72
1
 11
504.5022
 21
-87.0844
 31
0.0
100
AcDbText
 73
2
  0
LWPOLYLINE
  5
1CE
330
17
100
AcDbEntity
  8
MORET
100
AcDbPolyline
 90
4
 70
1
 10
504.8022
 20
-87.4284
 10
505.39820000000003
 20
-87.4284
 10
505.39820000000003
 20
-86.7404
 10
504.8022
 20
-86.7404
  0
TEXT
  5
1CF
330
17
100
AcDbEntity
  8
ETIQUETAS
100
AcDbText
 10
505.1002
 20
-87.0844
 30
0.0
 40
0.055
  1
PA-M-017
 72
1
 11
505.1002
 21
-87.0844
 31
0.0
100
AcDbText
 73
2
  0
LWPOLYLINE
  5
1D0
330
17
100
AcDbEntity
  8
MORET
100
AcDbPolyline
 90
4
 70
1
 10
505.4002
 20
-87.4284
 10
505.9962
 20
-87.4284
 10
505.9962
 20
-86.7404
 10
505.4002
 20
-86.7404
  0
TEXT
  5
1D1
330
17
100
AcDbEntity
  8
ETIQUETAS
100
AcDbText
 10
505.6982
 20
-87.0844
 30
0.0
 40
0.055
  1
PA-M-018
 72
1
 11
505.6982
 21
-87.0844
 31
0.0
100
AcDbText
 73
2
  0
LWPOLYLINE
  5
1D2
330
17
100
AcDbEntity
  8
MORET
100
AcDbPolyline
 90
4
 70
1
 10
506.5962
 20
-88.6244
 10
507.1922
 20
-88.6244
 10
507.1922
 20
-87.9404
 10
506.5962
 20
-87.9404
  0
TEXT
  5
1D3
330
17
100
AcDbEntity
  8
ETIQUETAS
100
AcDbText
 10
506.8942
 20
-88.2824
 30
0.0
 40
0.055
  1
PA-M-026
 72
1
 11
506.8942
 21
-88.2824
 31
0.0
100
AcDbText
 73
2
  0
LWPOLYLINE
  5
1D4
330
17
100
AcDbEntity
  8
MORET
100
AcDbPolyline
 90
4
 70
1
 10
507.1942
 20
-88.6244
 10
507.79420000000005
 20
-88.6244
 10
507.79420000000005
 20
-87.9404
 10
507.1942
 20
-87.9404
  0
TEXT
  5
1D5
330
17
100
AcDbEntity
  8
ETIQUETAS
100
AcDbText
 10
507.4942
 20
-88.2824
 30
0.0
 40
0.055
  1
PA-M-027
 72
1
 11
507.4942
 21
-88.2824
 31
0.0
100
AcDbText
 73
2
  0
LWPOLYLINE
  5
1D6
330
17
100
AcDbEntity
  8
MORET
100
AcDbPolyline
 90
4
 70
1
 10
496.1545
 20
-88.5233
 10
496.7587
 20
-88.5233
 10
496.7587
 20
-87.93430000000001
 10
496.1545
 20
-87.93430000000001
  0
TEXT
  5
1D7
330
17
100
AcDbEntity
  8
ETIQUETAS
100
AcDbText
 10
496.4566
 20
-88.2288
 30
0.0
 40
0.055
  1
PB-M-089
 72
1
 11
496.4566
 21
-88.2288
 31
0.0
100
AcDbText
 73
2
  0
LWPOLYLINE
  5
1D8
330
17
100
AcDbEntity
  8
MORET
100
AcDbPolyline
 90
4
 70
1
 10
494.3478
 20
-89.1278
 10
494.63870000000003
 20
-89.1278
 10
494.63870000000003
 20
-87.93379999999999
 10
494.3478
 20
-87.93379999999999
  0
TEXT
  5
1D9
330
17
100
AcDbEntity
  8
ETIQUETAS
100
AcDbText
 10
494.4932
 20
-88.5308
 30
0.0
 40
0.055
  1
PB-M-098
 72
1
 11
494.4932
 21
-88.5308
 31
0.0
100
AcDbText
 73
2
  0
LWPOLYLINE
  5
1DA
330
17
100
AcDbEntity
  8
MORET-FALTANTES
100
AcDbPolyline
 90
4
 70
1
 10
494.3478
 20
-90.3233
 10
494.63870000000003
 20
-90.3233
 10
494.63870000000003
 20
-89.1293
 10
494.3478
 20
-89.1293
  0
TEXT
  5
1DB
330
17
100
AcDbEntity
  8
ETIQUETAS
100
AcDbText
 10
494.4932
 20
-89.7263
 30
0.0
 40
0.055
  1
PB-M-113
 72
1
 11
494.4932
 21
-89.7263
 31
0.0
100
AcDbText
 73
2
  0
LWPOLYLINE
  5
1DC
330
17
100
AcDbEntity
  8
MORET
100
AcDbPolyline
 90
6
 70
1
 10
503.9382
 20
-85.4964
 10
503.3422
 20
-85.4964
 10
503.3422
 20
-84.9704
 10
503.6443
 20
-84.9704
 10
503.6443
 20
-85.0604
 10
503.9382
 20
-85.0604
  0
TEXT
  5
1DD
330
17
100
AcDbEntity
  8
ETIQUETAS
100
AcDbText
 10
503.6402
 20
-85.2334
 30
0.0
 40
0.055
  1
PA-M-001
 72
1
 11
503.6402
 21
-85.2334
 31
0.0
100
AcDbText
 73
2
  0
LWPOLYLINE
  5
1DE
330
17
100
AcDbEntity
  8
MORET
100
AcDbPolyline
 90
4
 70
1
 10
502.7442
 20
-85.4964
 10
503.3402
 20
-85.4964
 10
503.3402
 20
-84.978
 10
502.7442
 20
-84.978
  0
TEXT
  5
1DF
330
17
100
AcDbEntity
  8
ETIQUETAS
100
AcDbText
 10
503.0422
 20
-85.2372
 30
0.0
 40
0.055
  1
PA-M-002
 72
1
 11
503.0422
 21
-85.2372
 31
0.0
100
AcDbText
 73
2
  0
LWPOLYLINE
  5
1E0
330
17
100
AcDbEntity
  8
MORET
100
AcDbPolyline
 90
4
 70
1
 10
494.9493
 20
-92.7104
 10
495.2087
 20
-92.7104
 10
495.2087
 20
-91.5189
 10
494.9493
 20
-91.5189
  0
TEXT
  5
1E1
330
17
100
AcDbEntity
  8
ETIQUETAS
100
AcDbText
 10
495.079
 20
-92.1147
 30
0.0
 40
0.055
  1
PB-M-149
 72
1
 11
495.079
 21
-92.1147
 31
0.0
100
AcDbText
 73
2
  0
LWPOLYLINE
  5
1E2
330
17
100
AcDbEntity
  8
MORET
100
AcDbPolyline
 90
4
 70
1
 10
494.9539
 20
-88.4054
 10
495.55269999999996
 20
-88.4054
 10
495.55269999999996
 20
-87.9344
 10
494.9539
 20
-87.9344
  0
TEXT
  5
1E3
330
17
100
AcDbEntity
  8
ETIQUETAS
100
AcDbText
 10
495.2533
 20
-88.1699
 30
0.0
 40
0.055
  1
PB-M-086
 72
1
 11
495.2533
 21
-88.1699
 31
0.0
100
AcDbText
 73
2
  0
LWPOLYLINE
  5
1E4
330
17
100
AcDbEntity
  8
MORET-FALTANTES
100
AcDbPolyline
 90
8
 70
1
 10
496.3987
 20
-91.4602
 10
496.1545
 20
-91.4602
 10
496.1545
 20
-90.3404
 10
496.3987
 20
-90.3404
 10
496.3987
 20
-91.2404
 10
496.1887
 20
-91.2404
 10
496.1887
 20
-91.4204
 10
496.3987
 20
-91.4204
  0
TEXT
  5
1E5
330
17
100
AcDbEntity
  8
ETIQUETAS
100
AcDbText
 10
496.2766
 20
-90.9003
 30
0.0
 40
0.053724
  1
PB-M-121
 72
1
 11
496.2766
 21
-90.9003
 31
0.0
100
AcDbText
 73
2
  0
LWPOLYLINE
  5
1E6
330
17
100
AcDbEntity
  8
MORET
100
AcDbPolyline
 90
4
 70
1
 10
496.754
 20
-90.1604
 10
497.35
 20
-90.1604
 10
497.35
 20
-89.7214
 10
496.754
 20
-89.7214
  0
TEXT
  5
1E7
330
17
100
AcDbEntity
  8
ETIQUETAS
100
AcDbText
 10
497.052
 20
-89.9409
 30
0.0
 40
0.055
  1
PB-M-118
 72
1
 11
497.052
 21
-89.9409
 31
0.0
100
AcDbText
 73
2
  0
LWPOLYLINE
  5
1E8
330
17
100
AcDbEntity
  8
MORET
100
AcDbPolyline
 90
4
 70
1
 10
496.1545
 20
-90.1604
 10
496.752
 20
-90.1604
 10
496.752
 20
-89.7214
 10
496.1545
 20
-89.7214
  0
TEXT
  5
1E9
330
17
100
AcDbEntity
  8
ETIQUETAS
100
AcDbText
 10
496.4532
 20
-89.9409
 30
0.0
 40
0.055
  1
PB-M-117
 72
1
 11
496.4532
 21
-89.9409
 31
0.0
100
AcDbText
 73
2
  0
LWPOLYLINE
  5
1EA
330
17
100
AcDbEntity
  8
MORET
100
AcDbPolyline
 90
4
 70
1
 10
495.5546
 20
-90.1604
 10
496.1525
 20
-90.1604
 10
496.1525
 20
-89.7214
 10
495.5546
 20
-89.7214
  0
TEXT
  5
1EB
330
17
100
AcDbEntity
  8
ETIQUETAS
100
AcDbText
 10
495.8535
 20
-89.9409
 30
0.0
 40
0.055
  1
PB-M-116
 72
1
 11
495.8535
 21
-89.9409
 31
0.0
100
AcDbText
 73
2
  0
LWPOLYLINE
  5
1EC
330
17
100
AcDbEntity
  8
MORET
100
AcDbPolyline
 90
4
 70
1
 10
494.9539
 20
-90.1604
 10
495.55269999999996
 20
-90.1604
 10
495.55269999999996
 20
-89.7214
 10
494.9539
 20
-89.7214
  0
TEXT
  5
1ED
330
17
100
AcDbEntity
  8
ETIQUETAS
100
AcDbText
 10
495.2533
 20
-89.9409
 30
0.0
 40
0.055
  1
PB-M-115
 72
1
 11
495.2533
 21
-89.9409
 31
0.0
100
AcDbText
 73
2
  0
LWPOLYLINE
  5
1EE
330
17
100
AcDbEntity
  8
MORET-FALTANTES
100
AcDbPolyline
 90
4
 70
1
 10
497.352
 20
-86.7366
 10
497.57869999999997
 20
-86.7366
 10
497.57869999999997
 20
-85.5426
 10
497.352
 20
-85.5426
  0
TEXT
  5
1EF
330
17
100
AcDbEntity
  8
ETIQUETAS
100
AcDbText
 10
497.4654
 20
-86.1396
 30
0.0
 40
0.049874
  1
PB-M-070
 72
1
 11
497.4654
 21
-86.1396
 31
0.0
100
AcDbText
 73
2
  0
LWPOLYLINE
  5
1F0
330
17
100
AcDbEntity
  8
MORET
100
AcDbPolyline
 90
4
 70
1
 10
497.352
 20
-85.5406
 10
497.57869999999997
 20
-85.5406
 10
497.57869999999997
 20
-84.3466
 10
497.352
 20
-84.3466
  0
TEXT
  5
1F1
330
17
100
AcDbEntity
  8
ETIQUETAS
100
AcDbText
 10
497.4654
 20
-84.9436
 30
0.0
 40
0.049874
  1
PB-M-056
 72
1
 11
497.4654
 21
-84.9436
 31
0.0
100
AcDbText
 73
2
  0
LWPOLYLINE
  5
1F2
330
17
100
AcDbEntity
  8
ROYAL
100
AcDbPolyline
 90
4
 70
1
 10
502.1632
 20
-85.5099
 10
502.3632
 20
-85.5099
 10
502.3632
 20
-84.3099
 10
502.1632
 20
-84.3099
  0
TEXT
  5
1F3
330
17
100
AcDbEntity
  8
ETIQUETAS
100
AcDbText
 10
502.2632
 20
-84.9099
 30
0.0
 40
0.044000000000000004
  1
PA-R-117
 72
1
 11
502.2632
 21
-84.9099
 31
0.0
100
AcDbText
 73
2
  0
LWPOLYLINE
  5
1F4
330
17
100
AcDbEntity
  8
ROYAL
100
AcDbPolyline
 90
4
 70
1
 10
501.9622
 20
-86.1104
 10
502.1622
 20
-86.1104
 10
502.1622
 20
-84.9104
 10
501.9622
 20
-84.9104
  0
TEXT
  5
1F5
330
17
100
AcDbEntity
  8
ETIQUETAS
100
AcDbText
 10
502.0622
 20
-85.5104
 30
0.0
 40
0.044000000000000004
  1
PA-R-123
 72
1
 11
502.0622
 21
-85.5104
 31
0.0
100
AcDbText
 73
2
  0
LWPOLYLINE
  5
1F6
330
17
100
AcDbEntity
  8
ROYAL
100
AcDbPolyline
 90
4
 70
1
 10
501.7612
 20
-85.5099
 10
501.96119999999996
 20
-85.5099
 10
501.96119999999996
 20
-84.3099
 10
501.7612
 20
-84.3099
  0
TEXT
  5
1F7
330
17
100
AcDbEntity
  8
ETIQUETAS
100
AcDbText
 10
501.8612
 20
-84.9099
 30
0.0
 40
0.044000000000000004
  1
PA-R-116
 72
1
 11
501.8612
 21
-84.9099
 31
0.0
100
AcDbText
 73
2
  0
LWPOLYLINE
  5
1F8
330
17
100
AcDbEntity
  8
ROYAL
100
AcDbPolyline
 90
4
 70
1
 10
501.5602
 20
-86.1104
 10
501.7602
 20
-86.1104
 10
501.7602
 20
-84.9104
 10
501.5602
 20
-84.9104
  0
TEXT
  5
1F9
330
17
100
AcDbEntity
  8
ETIQUETAS
100
AcDbText
 10
501.6602
 20
-85.5104
 30
0.0
 40
0.044000000000000004
  1
PA-R-122
 72
1
 11
501.6602
 21
-85.5104
 31
0.0
100
AcDbText
 73
2
  0
LWPOLYLINE
  5
1FA
330
17
100
AcDbEntity
  8
ROYAL
100
AcDbPolyline
 90
4
 70
1
 10
501.3592
 20
-85.5099
 10
501.5592
 20
-85.5099
 10
501.5592
 20
-84.3099
 10
501.3592
 20
-84.3099
  0
TEXT
  5
1FB
330
17
100
AcDbEntity
  8
ETIQUETAS
100
AcDbText
 10
501.4592
 20
-84.9099
 30
0.0
 40
0.044000000000000004
  1
PA-R-115
 72
1
 11
501.4592
 21
-84.9099
 31
0.0
100
AcDbText
 73
2
  0
LWPOLYLINE
  5
1FC
330
17
100
AcDbEntity
  8
ROYAL
100
AcDbPolyline
 90
4
 70
1
 10
501.1582
 20
-86.1104
 10
501.3582
 20
-86.1104
 10
501.3582
 20
-84.9104
 10
501.1582
 20
-84.9104
  0
TEXT
  5
1FD
330
17
100
AcDbEntity
  8
ETIQUETAS
100
AcDbText
 10
501.2582
 20
-85.5104
 30
0.0
 40
0.044000000000000004
  1
PA-R-121
 72
1
 11
501.2582
 21
-85.5104
 31
0.0
100
AcDbText
 73
2
  0
LWPOLYLINE
  5
1FE
330
17
100
AcDbEntity
  8
ROYAL
100
AcDbPolyline
 90
4
 70
1
 10
500.9572
 20
-85.5099
 10
501.1572
 20
-85.5099
 10
501.1572
 20
-84.3099
 10
500.9572
 20
-84.3099
  0
TEXT
  5
1FF
330
17
100
AcDbEntity
  8
ETIQUETAS
100
AcDbText
 10
501.0572
 20
-84.9099
 30
0.0
 40
0.044000000000000004
  1
PA-R-114
 72
1
 11
501.0572
 21
-84.9099
 31
0.0
100
AcDbText
 73
2
  0
LWPOLYLINE
  5
200
330
17
100
AcDbEntity
  8
ROYAL
100
AcDbPolyline
 90
4
 70
1
 10
500.7562
 20
-86.1104
 10
500.95619999999997
 20
-86.1104
 10
500.95619999999997
 20
-84.9104
 10
500.7562
 20
-84.9104
  0
TEXT
  5
201
330
17
100
AcDbEntity
  8
ETIQUETAS
100
AcDbText
 10
500.8562
 20
-85.5104
 30
0.0
 40
0.044000000000000004
  1
PA-R-120
 72
1
 11
500.8562
 21
-85.5104
 31
0.0
100
AcDbText
 73
2
  0
LWPOLYLINE
  5
202
330
17
100
AcDbEntity
  8
ROYAL
100
AcDbPolyline
 90
4
 70
1
 10
500.5552
 20
-85.5099
 10
500.7552
 20
-85.5099
 10
500.7552
 20
-84.3099
 10
500.5552
 20
-84.3099
  0
TEXT
  5
203
330
17
100
AcDbEntity
  8
ETIQUETAS
100
AcDbText
 10
500.6552
 20
-84.9099
 30
0.0
 40
0.044000000000000004
  1
PA-R-113
 72
1
 11
500.6552
 21
-84.9099
 31
0.0
100
AcDbText
 73
2
  0
LWPOLYLINE
  5
204
330
17
100
AcDbEntity
  8
ROYAL
100
AcDbPolyline
 90
4
 70
1
 10
500.3542
 20
-86.1104
 10
500.5542
 20
-86.1104
 10
500.5542
 20
-84.9104
 10
500.3542
 20
-84.9104
  0
TEXT
  5
205
330
17
100
AcDbEntity
  8
ETIQUETAS
100
AcDbText
 10
500.4542
 20
-85.5104
 30
0.0
 40
0.044000000000000004
  1
PA-R-119
 72
1
 11
500.4542
 21
-85.5104
 31
0.0
100
AcDbText
 73
2
  0
LWPOLYLINE
  5
206
330
17
100
AcDbEntity
  8
ROYAL
100
AcDbPolyline
 90
4
 70
1
 10
500.1532
 20
-85.5099
 10
500.3532
 20
-85.5099
 10
500.3532
 20
-84.3099
 10
500.1532
 20
-84.3099
  0
TEXT
  5
207
330
17
100
AcDbEntity
  8
ETIQUETAS
100
AcDbText
 10
500.2532
 20
-84.9099
 30
0.0
 40
0.044000000000000004
  1
PA-R-112
 72
1
 11
500.2532
 21
-84.9099
 31
0.0
100
AcDbText
 73
2
  0
LWPOLYLINE
  5
208
330
17
100
AcDbEntity
  8
ROYAL
100
AcDbPolyline
 90
4
 70
1
 10
499.9522
 20
-86.1104
 10
500.1522
 20
-86.1104
 10
500.1522
 20
-84.9104
 10
499.9522
 20
-84.9104
  0
TEXT
  5
209
330
17
100
AcDbEntity
  8
ETIQUETAS
100
AcDbText
 10
500.0522
 20
-85.5104
 30
0.0
 40
0.044000000000000004
  1
PA-R-118
 72
1
 11
500.0522
 21
-85.5104
 31
0.0
100
AcDbText
 73
2
  0
LWPOLYLINE
  5
20A
330
17
100
AcDbEntity
  8
ROYAL
100
AcDbPolyline
 90
4
 70
1
 10
502.1632
 20
-84.3089
 10
502.3632
 20
-84.3089
 10
502.3632
 20
-83.10889999999999
 10
502.1632
 20
-83.10889999999999
  0
TEXT
  5
20B
330
17
100
AcDbEntity
  8
ETIQUETAS
100
AcDbText
 10
502.2632
 20
-83.7089
 30
0.0
 40
0.044000000000000004
  1
PA-R-065
 72
1
 11
502.2632
 21
-83.7089
 31
0.0
100
AcDbText
 73
2
  0
LWPOLYLINE
  5
20C
330
17
100
AcDbEntity
  8
ROYAL
100
AcDbPolyline
 90
4
 70
1
 10
501.9622
 20
-84.9094
 10
502.1622
 20
-84.9094
 10
502.1622
 20
-83.7094
 10
501.9622
 20
-83.7094
  0
TEXT
  5
20D
330
17
100
AcDbEntity
  8
ETIQUETAS
100
AcDbText
 10
502.0622
 20
-84.3094
 30
0.0
 40
0.044000000000000004
  1
PA-R-084
 72
1
 11
502.0622
 21
-84.3094
 31
0.0
100
AcDbText
 73
2
  0
LWPOLYLINE
  5
20E
330
17
100
AcDbEntity
  8
ROYAL
100
AcDbPolyline
 90
4
 70
1
 10
501.7612
 20
-84.3089
 10
501.96119999999996
 20
-84.3089
 10
501.96119999999996
 20
-83.10889999999999
 10
501.7612
 20
-83.10889999999999
  0
TEXT
  5
20F
330
17
100
AcDbEntity
  8
ETIQUETAS
100
AcDbText
 10
501.8612
 20
-83.7089
 30
0.0
 40
0.044000000000000004
  1
PA-R-064
 72
1
 11
501.8612
 21
-83.7089
 31
0.0
100
AcDbText
 73
2
  0
LWPOLYLINE
  5
210
330
17
100
AcDbEntity
  8
ROYAL
100
AcDbPolyline
 90
4
 70
1
 10
501.5602
 20
-84.9094
 10
501.7602
 20
-84.9094
 10
501.7602
 20
-83.7094
 10
501.5602
 20
-83.7094
  0
TEXT
  5
211
330
17
100
AcDbEntity
  8
ETIQUETAS
100
AcDbText
 10
501.6602
 20
-84.3094
 30
0.0
 40
0.044000000000000004
  1
PA-R-083
 72
1
 11
501.6602
 21
-84.3094
 31
0.0
100
AcDbText
 73
2
  0
LWPOLYLINE
  5
212
330
17
100
AcDbEntity
  8
ROYAL
100
AcDbPolyline
 90
4
 70
1
 10
501.3592
 20
-84.3089
 10
501.5592
 20
-84.3089
 10
501.5592
 20
-83.10889999999999
 10
501.3592
 20
-83.10889999999999
  0
TEXT
  5
213
330
17
100
AcDbEntity
  8
ETIQUETAS
100
AcDbText
 10
501.4592
 20
-83.7089
 30
0.0
 40
0.044000000000000004
  1
PA-R-063
 72
1
 11
501.4592
 21
-83.7089
 31
0.0
100
AcDbText
 73
2
  0
LWPOLYLINE
  5
214
330
17
100
AcDbEntity
  8
ROYAL
100
AcDbPolyline
 90
4
 70
1
 10
501.1582
 20
-84.9094
 10
501.3582
 20
-84.9094
 10
501.3582
 20
-83.7094
 10
501.1582
 20
-83.7094
  0
TEXT
  5
215
330
17
100
AcDbEntity
  8
ETIQUETAS
100
AcDbText
 10
501.2582
 20
-84.3094
 30
0.0
 40
0.044000000000000004
  1
PA-R-082
 72
1
 11
501.2582
 21
-84.3094
 31
0.0
100
AcDbText
 73
2
  0
LWPOLYLINE
  5
216
330
17
100
AcDbEntity
  8
ROYAL
100
AcDbPolyline
 90
4
 70
1
 10
500.9572
 20
-84.3089
 10
501.1572
 20
-84.3089
 10
501.1572
 20
-83.10889999999999
 10
500.9572
 20
-83.10889999999999
  0
TEXT
  5
217
330
17
100
AcDbEntity
  8
ETIQUETAS
100
AcDbText
 10
501.0572
 20
-83.7089
 30
0.0
 40
0.044000000000000004
  1
PA-R-062
 72
1
 11
501.0572
 21
-83.7089
 31
0.0
100
AcDbText
 73
2
  0
LWPOLYLINE
  5
218
330
17
100
AcDbEntity
  8
ROYAL
100
AcDbPolyline
 90
4
 70
1
 10
500.7562
 20
-84.9094
 10
500.95619999999997
 20
-84.9094
 10
500.95619999999997
 20
-83.7094
 10
500.7562
 20
-83.7094
  0
TEXT
  5
219
330
17
100
AcDbEntity
  8
ETIQUETAS
100
AcDbText
 10
500.8562
 20
-84.3094
 30
0.0
 40
0.044000000000000004
  1
PA-R-081
 72
1
 11
500.8562
 21
-84.3094
 31
0.0
100
AcDbText
 73
2
  0
LWPOLYLINE
  5
21A
330
17
100
AcDbEntity
  8
ROYAL
100
AcDbPolyline
 90
4
 70
1
 10
500.5552
 20
-84.3089
 10
500.7552
 20
-84.3089
 10
500.7552
 20
-83.10889999999999
 10
500.5552
 20
-83.10889999999999
  0
TEXT
  5
21B
330
17
100
AcDbEntity
  8
ETIQUETAS
100
AcDbText
 10
500.6552
 20
-83.7089
 30
0.0
 40
0.044000000000000004
  1
PA-R-061
 72
1
 11
500.6552
 21
-83.7089
 31
0.0
100
AcDbText
 73
2
  0
LWPOLYLINE
  5
21C
330
17
100
AcDbEntity
  8
ROYAL
100
AcDbPolyline
 90
4
 70
1
 10
500.3542
 20
-84.9094
 10
500.5542
 20
-84.9094
 10
500.5542
 20
-83.7094
 10
500.3542
 20
-83.7094
  0
TEXT
  5
21D
330
17
100
AcDbEntity
  8
ETIQUETAS
100
AcDbText
 10
500.4542
 20
-84.3094
 30
0.0
 40
0.044000000000000004
  1
PA-R-080
 72
1
 11
500.4542
 21
-84.3094
 31
0.0
100
AcDbText
 73
2
  0
LWPOLYLINE
  5
21E
330
17
100
AcDbEntity
  8
ROYAL
100
AcDbPolyline
 90
4
 70
1
 10
500.1532
 20
-84.3089
 10
500.3532
 20
-84.3089
 10
500.3532
 20
-83.10889999999999
 10
500.1532
 20
-83.10889999999999
  0
TEXT
  5
21F
330
17
100
AcDbEntity
  8
ETIQUETAS
100
AcDbText
 10
500.2532
 20
-83.7089
 30
0.0
 40
0.044000000000000004
  1
PA-R-060
 72
1
 11
500.2532
 21
-83.7089
 31
0.0
100
AcDbText
 73
2
  0
LWPOLYLINE
  5
220
330
17
100
AcDbEntity
  8
ROYAL
100
AcDbPolyline
 90
4
 70
1
 10
499.9522
 20
-84.9094
 10
500.1522
 20
-84.9094
 10
500.1522
 20
-83.7094
 10
499.9522
 20
-83.7094
  0
TEXT
  5
221
330
17
100
AcDbEntity
  8
ETIQUETAS
100
AcDbText
 10
500.0522
 20
-84.3094
 30
0.0
 40
0.044000000000000004
  1
PA-R-079
 72
1
 11
500.0522
 21
-84.3094
 31
0.0
100
AcDbText
 73
2
  0
LWPOLYLINE
  5
222
330
17
100
AcDbEntity
  8
ROYAL
100
AcDbPolyline
 90
4
 70
1
 10
501.9622
 20
-83.7084
 10
502.1622
 20
-83.7084
 10
502.1622
 20
-82.5084
 10
501.9622
 20
-82.5084
  0
TEXT
  5
223
330
17
100
AcDbEntity
  8
ETIQUETAS
100
AcDbText
 10
502.0622
 20
-83.1084
 30
0.0
 40
0.044000000000000004
  1
PA-R-045
 72
1
 11
502.0622
 21
-83.1084
 31
0.0
100
AcDbText
 73
2
  0
LWPOLYLINE
  5
224
330
17
100
AcDbEntity
  8
ROYAL
100
AcDbPolyline
 90
4
 70
1
 10
501.5602
 20
-83.7084
 10
501.7602
 20
-83.7084
 10
501.7602
 20
-82.5084
 10
501.5602
 20
-82.5084
  0
TEXT
  5
225
330
17
100
AcDbEntity
  8
ETIQUETAS
100
AcDbText
 10
501.6602
 20
-83.1084
 30
0.0
 40
0.044000000000000004
  1
PA-R-044
 72
1
 11
501.6602
 21
-83.1084
 31
0.0
100
AcDbText
 73
2
  0
LWPOLYLINE
  5
226
330
17
100
AcDbEntity
  8
ROYAL
100
AcDbPolyline
 90
4
 70
1
 10
501.1582
 20
-83.7084
 10
501.3582
 20
-83.7084
 10
501.3582
 20
-82.5084
 10
501.1582
 20
-82.5084
  0
TEXT
  5
227
330
17
100
AcDbEntity
  8
ETIQUETAS
100
AcDbText
 10
501.2582
 20
-83.1084
 30
0.0
 40
0.044000000000000004
  1
PA-R-043
 72
1
 11
501.2582
 21
-83.1084
 31
0.0
100
AcDbText
 73
2
  0
LWPOLYLINE
  5
228
330
17
100
AcDbEntity
  8
ROYAL
100
AcDbPolyline
 90
4
 70
1
 10
500.7562
 20
-83.7084
 10
500.95619999999997
 20
-83.7084
 10
500.95619999999997
 20
-82.5084
 10
500.7562
 20
-82.5084
  0
TEXT
  5
229
330
17
100
AcDbEntity
  8
ETIQUETAS
100
AcDbText
 10
500.8562
 20
-83.1084
 30
0.0
 40
0.044000000000000004
  1
PA-R-042
 72
1
 11
500.8562
 21
-83.1084
 31
0.0
100
AcDbText
 73
2
  0
LWPOLYLINE
  5
22A
330
17
100
AcDbEntity
  8
ROYAL
100
AcDbPolyline
 90
4
 70
1
 10
500.3542
 20
-83.7084
 10
500.5542
 20
-83.7084
 10
500.5542
 20
-82.5084
 10
500.3542
 20
-82.5084
  0
TEXT
  5
22B
330
17
100
AcDbEntity
  8
ETIQUETAS
100
AcDbText
 10
500.4542
 20
-83.1084
 30
0.0
 40
0.044000000000000004
  1
PA-R-041
 72
1
 11
500.4542
 21
-83.1084
 31
0.0
100
AcDbText
 73
2
  0
LWPOLYLINE
  5
22C
330
17
100
AcDbEntity
  8
ROYAL
100
AcDbPolyline
 90
4
 70
1
 10
499.9522
 20
-83.7084
 10
500.1522
 20
-83.7084
 10
500.1522
 20
-82.5084
 10
499.9522
 20
-82.5084
  0
TEXT
  5
22D
330
17
100
AcDbEntity
  8
ETIQUETAS
100
AcDbText
 10
500.0522
 20
-83.1084
 30
0.0
 40
0.044000000000000004
  1
PA-R-040
 72
1
 11
500.0522
 21
-83.1084
 31
0.0
100
AcDbText
 73
2
  0
LWPOLYLINE
  5
22E
330
17
100
AcDbEntity
  8
ROYAL
100
AcDbPolyline
 90
4
 70
1
 10
507.5682
 20
-84.3699
 10
507.7682
 20
-84.3699
 10
507.7682
 20
-83.1699
 10
507.5682
 20
-83.1699
  0
TEXT
  5
22F
330
17
100
AcDbEntity
  8
ETIQUETAS
100
AcDbText
 10
507.6682
 20
-83.7699
 30
0.0
 40
0.044000000000000004
  1
PA-R-078
 72
1
 11
507.6682
 21
-83.7699
 31
0.0
100
AcDbText
 73
2
  0
LWPOLYLINE
  5
230
330
17
100
AcDbEntity
  8
ROYAL
100
AcDbPolyline
 90
4
 70
1
 10
507.3672
 20
-83.7694
 10
507.5672
 20
-83.7694
 10
507.5672
 20
-82.5694
 10
507.3672
 20
-82.5694
  0
TEXT
  5
231
330
17
100
AcDbEntity
  8
ETIQUETAS
100
AcDbText
 10
507.4672
 20
-83.1694
 30
0.0
 40
0.044000000000000004
  1
PA-R-058
 72
1
 11
507.4672
 21
-83.1694
 31
0.0
100
AcDbText
 73
2
  0
LWPOLYLINE
  5
232
330
17
100
AcDbEntity
  8
ROYAL
100
AcDbPolyline
 90
4
 70
1
 10
507.1662
 20
-84.3699
 10
507.3662
 20
-84.3699
 10
507.3662
 20
-83.1699
 10
507.1662
 20
-83.1699
  0
TEXT
  5
233
330
17
100
AcDbEntity
  8
ETIQUETAS
100
AcDbText
 10
507.2662
 20
-83.7699
 30
0.0
 40
0.044000000000000004
  1
PA-R-077
 72
1
 11
507.2662
 21
-83.7699
 31
0.0
100
AcDbText
 73
2
  0
LWPOLYLINE
  5
234
330
17
100
AcDbEntity
  8
ROYAL
100
AcDbPolyline
 90
4
 70
1
 10
506.9652
 20
-83.7694
 10
507.16519999999997
 20
-83.7694
 10
507.16519999999997
 20
-82.5694
 10
506.9652
 20
-82.5694
  0
TEXT
  5
235
330
17
100
AcDbEntity
  8
ETIQUETAS
100
AcDbText
 10
507.0652
 20
-83.1694
 30
0.0
 40
0.044000000000000004
  1
PA-R-057
 72
1
 11
507.0652
 21
-83.1694
 31
0.0
100
AcDbText
 73
2
  0
LWPOLYLINE
  5
236
330
17
100
AcDbEntity
  8
ROYAL
100
AcDbPolyline
 90
4
 70
1
 10
506.7642
 20
-84.3699
 10
506.9642
 20
-84.3699
 10
506.9642
 20
-83.1699
 10
506.7642
 20
-83.1699
  0
TEXT
  5
237
330
17
100
AcDbEntity
  8
ETIQUETAS
100
AcDbText
 10
506.8642
 20
-83.7699
 30
0.0
 40
0.044000000000000004
  1
PA-R-076
 72
1
 11
506.8642
 21
-83.7699
 31
0.0
100
AcDbText
 73
2
  0
LWPOLYLINE
  5
238
330
17
100
AcDbEntity
  8
ROYAL
100
AcDbPolyline
 90
4
 70
1
 10
506.5632
 20
-83.7694
 10
506.7632
 20
-83.7694
 10
506.7632
 20
-82.5694
 10
506.5632
 20
-82.5694
  0
TEXT
  5
239
330
17
100
AcDbEntity
  8
ETIQUETAS
100
AcDbText
 10
506.6632
 20
-83.1694
 30
0.0
 40
0.044000000000000004
  1
PA-R-056
 72
1
 11
506.6632
 21
-83.1694
 31
0.0
100
AcDbText
 73
2
  0
LWPOLYLINE
  5
23A
330
17
100
AcDbEntity
  8
ROYAL
100
AcDbPolyline
 90
4
 70
1
 10
506.3622
 20
-84.3699
 10
506.56219999999996
 20
-84.3699
 10
506.56219999999996
 20
-83.1699
 10
506.3622
 20
-83.1699
  0
TEXT
  5
23B
330
17
100
AcDbEntity
  8
ETIQUETAS
100
AcDbText
 10
506.4622
 20
-83.7699
 30
0.0
 40
0.044000000000000004
  1
PA-R-075
 72
1
 11
506.4622
 21
-83.7699
 31
0.0
100
AcDbText
 73
2
  0
LWPOLYLINE
  5
23C
330
17
100
AcDbEntity
  8
ROYAL
100
AcDbPolyline
 90
4
 70
1
 10
506.1612
 20
-83.7694
 10
506.3612
 20
-83.7694
 10
506.3612
 20
-82.5694
 10
506.1612
 20
-82.5694
  0
TEXT
  5
23D
330
17
100
AcDbEntity
  8
ETIQUETAS
100
AcDbText
 10
506.2612
 20
-83.1694
 30
0.0
 40
0.044000000000000004
  1
PA-R-055
 72
1
 11
506.2612
 21
-83.1694
 31
0.0
100
AcDbText
 73
2
  0
LWPOLYLINE
  5
23E
330
17
100
AcDbEntity
  8
ROYAL
100
AcDbPolyline
 90
4
 70
1
 10
505.9602
 20
-84.3699
 10
506.1602
 20
-84.3699
 10
506.1602
 20
-83.1699
 10
505.9602
 20
-83.1699
  0
TEXT
  5
23F
330
17
100
AcDbEntity
  8
ETIQUETAS
100
AcDbText
 10
506.0602
 20
-83.7699
 30
0.0
 40
0.044000000000000004
  1
PA-R-074
 72
1
 11
506.0602
 21
-83.7699
 31
0.0
100
AcDbText
 73
2
  0
LWPOLYLINE
  5
240
330
17
100
AcDbEntity
  8
ROYAL
100
AcDbPolyline
 90
4
 70
1
 10
505.7592
 20
-83.7694
 10
505.9592
 20
-83.7694
 10
505.9592
 20
-82.5694
 10
505.7592
 20
-82.5694
  0
TEXT
  5
241
330
17
100
AcDbEntity
  8
ETIQUETAS
100
AcDbText
 10
505.8592
 20
-83.1694
 30
0.0
 40
0.044000000000000004
  1
PA-R-054
 72
1
 11
505.8592
 21
-83.1694
 31
0.0
100
AcDbText
 73
2
  0
LWPOLYLINE
  5
242
330
17
100
AcDbEntity
  8
ROYAL
100
AcDbPolyline
 90
4
 70
1
 10
505.5582
 20
-84.3699
 10
505.7582
 20
-84.3699
 10
505.7582
 20
-83.1699
 10
505.5582
 20
-83.1699
  0
TEXT
  5
243
330
17
100
AcDbEntity
  8
ETIQUETAS
100
AcDbText
 10
505.6582
 20
-83.7699
 30
0.0
 40
0.044000000000000004
  1
PA-R-073
 72
1
 11
505.6582
 21
-83.7699
 31
0.0
100
AcDbText
 73
2
  0
LWPOLYLINE
  5
244
330
17
100
AcDbEntity
  8
ROYAL
100
AcDbPolyline
 90
4
 70
1
 10
505.3572
 20
-83.7694
 10
505.55719999999997
 20
-83.7694
 10
505.55719999999997
 20
-82.5694
 10
505.3572
 20
-82.5694
  0
TEXT
  5
245
330
17
100
AcDbEntity
  8
ETIQUETAS
100
AcDbText
 10
505.4572
 20
-83.1694
 30
0.0
 40
0.044000000000000004
  1
PA-R-053
 72
1
 11
505.4572
 21
-83.1694
 31
0.0
100
AcDbText
 73
2
  0
LWPOLYLINE
  5
246
330
17
100
AcDbEntity
  8
ROYAL
100
AcDbPolyline
 90
4
 70
1
 10
505.1562
 20
-84.3699
 10
505.3562
 20
-84.3699
 10
505.3562
 20
-83.1699
 10
505.1562
 20
-83.1699
  0
TEXT
  5
247
330
17
100
AcDbEntity
  8
ETIQUETAS
100
AcDbText
 10
505.2562
 20
-83.7699
 30
0.0
 40
0.044000000000000004
  1
PA-R-072
 72
1
 11
505.2562
 21
-83.7699
 31
0.0
100
AcDbText
 73
2
  0
LWPOLYLINE
  5
248
330
17
100
AcDbEntity
  8
ROYAL
100
AcDbPolyline
 90
4
 70
1
 10
504.9552
 20
-83.7694
 10
505.1552
 20
-83.7694
 10
505.1552
 20
-82.5694
 10
504.9552
 20
-82.5694
  0
TEXT
  5
249
330
17
100
AcDbEntity
  8
ETIQUETAS
100
AcDbText
 10
505.0552
 20
-83.1694
 30
0.0
 40
0.044000000000000004
  1
PA-R-052
 72
1
 11
505.0552
 21
-83.1694
 31
0.0
100
AcDbText
 73
2
  0
LWPOLYLINE
  5
24A
330
17
100
AcDbEntity
  8
ROYAL
100
AcDbPolyline
 90
4
 70
1
 10
504.7542
 20
-84.3699
 10
504.9542
 20
-84.3699
 10
504.9542
 20
-83.1699
 10
504.7542
 20
-83.1699
  0
TEXT
  5
24B
330
17
100
AcDbEntity
  8
ETIQUETAS
100
AcDbText
 10
504.8542
 20
-83.7699
 30
0.0
 40
0.044000000000000004
  1
PA-R-071
 72
1
 11
504.8542
 21
-83.7699
 31
0.0
100
AcDbText
 73
2
  0
LWPOLYLINE
  5
24C
330
17
100
AcDbEntity
  8
ROYAL
100
AcDbPolyline
 90
4
 70
1
 10
504.5532
 20
-83.7694
 10
504.7532
 20
-83.7694
 10
504.7532
 20
-82.5694
 10
504.5532
 20
-82.5694
  0
TEXT
  5
24D
330
17
100
AcDbEntity
  8
ETIQUETAS
100
AcDbText
 10
504.6532
 20
-83.1694
 30
0.0
 40
0.044000000000000004
  1
PA-R-051
 72
1
 11
504.6532
 21
-83.1694
 31
0.0
100
AcDbText
 73
2
  0
LWPOLYLINE
  5
24E
330
17
100
AcDbEntity
  8
ROYAL
100
AcDbPolyline
 90
4
 70
1
 10
504.3522
 20
-84.3699
 10
504.55219999999997
 20
-84.3699
 10
504.55219999999997
 20
-83.1699
 10
504.3522
 20
-83.1699
  0
TEXT
  5
24F
330
17
100
AcDbEntity
  8
ETIQUETAS
100
AcDbText
 10
504.4522
 20
-83.7699
 30
0.0
 40
0.044000000000000004
  1
PA-R-070
 72
1
 11
504.4522
 21
-83.7699
 31
0.0
100
AcDbText
 73
2
  0
LWPOLYLINE
  5
250
330
17
100
AcDbEntity
  8
ROYAL
100
AcDbPolyline
 90
4
 70
1
 10
504.1512
 20
-83.7694
 10
504.3512
 20
-83.7694
 10
504.3512
 20
-82.5694
 10
504.1512
 20
-82.5694
  0
TEXT
  5
251
330
17
100
AcDbEntity
  8
ETIQUETAS
100
AcDbText
 10
504.2512
 20
-83.1694
 30
0.0
 40
0.044000000000000004
  1
PA-R-050
 72
1
 11
504.2512
 21
-83.1694
 31
0.0
100
AcDbText
 73
2
  0
LWPOLYLINE
  5
252
330
17
100
AcDbEntity
  8
ROYAL
100
AcDbPolyline
 90
4
 70
1
 10
503.9502
 20
-84.3699
 10
504.1502
 20
-84.3699
 10
504.1502
 20
-83.1699
 10
503.9502
 20
-83.1699
  0
TEXT
  5
253
330
17
100
AcDbEntity
  8
ETIQUETAS
100
AcDbText
 10
504.0502
 20
-83.7699
 30
0.0
 40
0.044000000000000004
  1
PA-R-069
 72
1
 11
504.0502
 21
-83.7699
 31
0.0
100
AcDbText
 73
2
  0
LWPOLYLINE
  5
254
330
17
100
AcDbEntity
  8
ROYAL
100
AcDbPolyline
 90
4
 70
1
 10
503.7492
 20
-83.7694
 10
503.94919999999996
 20
-83.7694
 10
503.94919999999996
 20
-82.5694
 10
503.7492
 20
-82.5694
  0
TEXT
  5
255
330
17
100
AcDbEntity
  8
ETIQUETAS
100
AcDbText
 10
503.8492
 20
-83.1694
 30
0.0
 40
0.044000000000000004
  1
PA-R-049
 72
1
 11
503.8492
 21
-83.1694
 31
0.0
100
AcDbText
 73
2
  0
LWPOLYLINE
  5
256
330
17
100
AcDbEntity
  8
ROYAL
100
AcDbPolyline
 90
4
 70
1
 10
503.5482
 20
-84.3699
 10
503.7482
 20
-84.3699
 10
503.7482
 20
-83.1699
 10
503.5482
 20
-83.1699
  0
TEXT
  5
257
330
17
100
AcDbEntity
  8
ETIQUETAS
100
AcDbText
 10
503.6482
 20
-83.7699
 30
0.0
 40
0.044000000000000004
  1
PA-R-068
 72
1
 11
503.6482
 21
-83.7699
 31
0.0
100
AcDbText
 73
2
  0
LWPOLYLINE
  5
258
330
17
100
AcDbEntity
  8
ROYAL
100
AcDbPolyline
 90
4
 70
1
 10
503.3472
 20
-84.9704
 10
503.5472
 20
-84.9704
 10
503.5472
 20
-83.7704
 10
503.3472
 20
-83.7704
  0
TEXT
  5
259
330
17
100
AcDbEntity
  8
ETIQUETAS
100
AcDbText
 10
503.4472
 20
-84.3704
 30
0.0
 40
0.044000000000000004
  1
PA-R-097
 72
1
 11
503.4472
 21
-84.3704
 31
0.0
100
AcDbText
 73
2
  0
LWPOLYLINE
  5
25A
330
17
100
AcDbEntity
  8
ROYAL
100
AcDbPolyline
 90
4
 70
1
 10
503.3472
 20
-83.7694
 10
503.5472
 20
-83.7694
 10
503.5472
 20
-82.5694
 10
503.3472
 20
-82.5694
  0
TEXT
  5
25B
330
17
100
AcDbEntity
  8
ETIQUETAS
100
AcDbText
 10
503.4472
 20
-83.1694
 30
0.0
 40
0.044000000000000004
  1
PA-R-048
 72
1
 11
503.4472
 21
-83.1694
 31
0.0
100
AcDbText
 73
2
  0
LWPOLYLINE
  5
25C
330
17
100
AcDbEntity
  8
ROYAL
100
AcDbPolyline
 90
4
 70
1
 10
503.1462
 20
-84.3699
 10
503.3462
 20
-84.3699
 10
503.3462
 20
-83.1699
 10
503.1462
 20
-83.1699
  0
TEXT
  5
25D
330
17
100
AcDbEntity
  8
ETIQUETAS
100
AcDbText
 10
503.2462
 20
-83.7699
 30
0.0
 40
0.044000000000000004
  1
PA-R-067
 72
1
 11
503.2462
 21
-83.7699
 31
0.0
100
AcDbText
 73
2
  0
LWPOLYLINE
  5
25E
330
17
100
AcDbEntity
  8
ROYAL
100
AcDbPolyline
 90
4
 70
1
 10
502.9452
 20
-84.9704
 10
503.1452
 20
-84.9704
 10
503.1452
 20
-83.7704
 10
502.9452
 20
-83.7704
  0
TEXT
  5
25F
330
17
100
AcDbEntity
  8
ETIQUETAS
100
AcDbText
 10
503.0452
 20
-84.3704
 30
0.0
 40
0.044000000000000004
  1
PA-R-096
 72
1
 11
503.0452
 21
-84.3704
 31
0.0
100
AcDbText
 73
2
  0
LWPOLYLINE
  5
260
330
17
100
AcDbEntity
  8
ROYAL
100
AcDbPolyline
 90
4
 70
1
 10
502.9452
 20
-83.7694
 10
503.1452
 20
-83.7694
 10
503.1452
 20
-82.5694
 10
502.9452
 20
-82.5694
  0
TEXT
  5
261
330
17
100
AcDbEntity
  8
ETIQUETAS
100
AcDbText
 10
503.0452
 20
-83.1694
 30
0.0
 40
0.044000000000000004
  1
PA-R-047
 72
1
 11
503.0452
 21
-83.1694
 31
0.0
100
AcDbText
 73
2
  0
LWPOLYLINE
  5
262
330
17
100
AcDbEntity
  8
ROYAL
100
AcDbPolyline
 90
4
 70
1
 10
502.7442
 20
-84.3699
 10
502.94419999999997
 20
-84.3699
 10
502.94419999999997
 20
-83.1699
 10
502.7442
 20
-83.1699
  0
TEXT
  5
263
330
17
100
AcDbEntity
  8
ETIQUETAS
100
AcDbText
 10
502.8442
 20
-83.7699
 30
0.0
 40
0.044000000000000004
  1
PA-R-066
 72
1
 11
502.8442
 21
-83.7699
 31
0.0
100
AcDbText
 73
2
  0
LWPOLYLINE
  5
264
330
17
100
AcDbEntity
  8
ROYAL
100
AcDbPolyline
 90
4
 70
1
 10
507.5412
 20
-92.8229
 10
507.7412
 20
-92.8229
 10
507.7412
 20
-91.6229
 10
507.5412
 20
-91.6229
  0
TEXT
  5
265
330
17
100
AcDbEntity
  8
ETIQUETAS
100
AcDbText
 10
507.6412
 20
-92.2229
 30
0.0
 40
0.044000000000000004
  1
PA-R-187
 72
1
 11
507.6412
 21
-92.2229
 31
0.0
100
AcDbText
 73
2
  0
LWPOLYLINE
  5
266
330
17
100
AcDbEntity
  8
ROYAL
100
AcDbPolyline
 90
4
 70
1
 10
507.1392
 20
-92.8229
 10
507.3392
 20
-92.8229
 10
507.3392
 20
-91.6229
 10
507.1392
 20
-91.6229
  0
TEXT
  5
267
330
17
100
AcDbEntity
  8
ETIQUETAS
100
AcDbText
 10
507.2392
 20
-92.2229
 30
0.0
 40
0.044000000000000004
  1
PA-R-186
 72
1
 11
507.2392
 21
-92.2229
 31
0.0
100
AcDbText
 73
2
  0
LWPOLYLINE
  5
268
330
17
100
AcDbEntity
  8
ROYAL
100
AcDbPolyline
 90
4
 70
1
 10
506.7372
 20
-92.8229
 10
506.93719999999996
 20
-92.8229
 10
506.93719999999996
 20
-91.6229
 10
506.7372
 20
-91.6229
  0
TEXT
  5
269
330
17
100
AcDbEntity
  8
ETIQUETAS
100
AcDbText
 10
506.8372
 20
-92.2229
 30
0.0
 40
0.044000000000000004
  1
PA-R-185
 72
1
 11
506.8372
 21
-92.2229
 31
0.0
100
AcDbText
 73
2
  0
LWPOLYLINE
  5
26A
330
17
100
AcDbEntity
  8
ROYAL
100
AcDbPolyline
 90
4
 70
1
 10
506.3352
 20
-92.8229
 10
506.5352
 20
-92.8229
 10
506.5352
 20
-91.6229
 10
506.3352
 20
-91.6229
  0
TEXT
  5
26B
330
17
100
AcDbEntity
  8
ETIQUETAS
100
AcDbText
 10
506.4352
 20
-92.2229
 30
0.0
 40
0.044000000000000004
  1
PA-R-184
 72
1
 11
506.4352
 21
-92.2229
 31
0.0
100
AcDbText
 73
2
  0
LWPOLYLINE
  5
26C
330
17
100
AcDbEntity
  8
ROYAL
100
AcDbPolyline
 90
4
 70
1
 10
505.9332
 20
-92.8229
 10
506.1332
 20
-92.8229
 10
506.1332
 20
-91.6229
 10
505.9332
 20
-91.6229
  0
TEXT
  5
26D
330
17
100
AcDbEntity
  8
ETIQUETAS
100
AcDbText
 10
506.0332
 20
-92.2229
 30
0.0
 40
0.044000000000000004
  1
PA-R-183
 72
1
 11
506.0332
 21
-92.2229
 31
0.0
100
AcDbText
 73
2
  0
LWPOLYLINE
  5
26E
330
17
100
AcDbEntity
  8
ROYAL
100
AcDbPolyline
 90
4
 70
1
 10
505.5312
 20
-92.8229
 10
505.7312
 20
-92.8229
 10
505.7312
 20
-91.6229
 10
505.5312
 20
-91.6229
  0
TEXT
  5
26F
330
17
100
AcDbEntity
  8
ETIQUETAS
100
AcDbText
 10
505.6312
 20
-92.2229
 30
0.0
 40
0.044000000000000004
  1
PA-R-182
 72
1
 11
505.6312
 21
-92.2229
 31
0.0
100
AcDbText
 73
2
  0
LWPOLYLINE
  5
270
330
17
100
AcDbEntity
  8
ROYAL
100
AcDbPolyline
 90
4
 70
1
 10
505.1292
 20
-92.8229
 10
505.3292
 20
-92.8229
 10
505.3292
 20
-91.6229
 10
505.1292
 20
-91.6229
  0
TEXT
  5
271
330
17
100
AcDbEntity
  8
ETIQUETAS
100
AcDbText
 10
505.2292
 20
-92.2229
 30
0.0
 40
0.044000000000000004
  1
PA-R-181
 72
1
 11
505.2292
 21
-92.2229
 31
0.0
100
AcDbText
 73
2
  0
LWPOLYLINE
  5
272
330
17
100
AcDbEntity
  8
ROYAL
100
AcDbPolyline
 90
4
 70
1
 10
504.7272
 20
-92.8229
 10
504.92719999999997
 20
-92.8229
 10
504.92719999999997
 20
-91.6229
 10
504.7272
 20
-91.6229
  0
TEXT
  5
273
330
17
100
AcDbEntity
  8
ETIQUETAS
100
AcDbText
 10
504.8272
 20
-92.2229
 30
0.0
 40
0.044000000000000004
  1
PA-R-180
 72
1
 11
504.8272
 21
-92.2229
 31
0.0
100
AcDbText
 73
2
  0
LWPOLYLINE
  5
274
330
17
100
AcDbEntity
  8
ROYAL
100
AcDbPolyline
 90
4
 70
1
 10
504.3252
 20
-92.8229
 10
504.5252
 20
-92.8229
 10
504.5252
 20
-91.6229
 10
504.3252
 20
-91.6229
  0
TEXT
  5
275
330
17
100
AcDbEntity
  8
ETIQUETAS
100
AcDbText
 10
504.4252
 20
-92.2229
 30
0.0
 40
0.044000000000000004
  1
PA-R-179
 72
1
 11
504.4252
 21
-92.2229
 31
0.0
100
AcDbText
 73
2
  0
LWPOLYLINE
  5
276
330
17
100
AcDbEntity
  8
ROYAL
100
AcDbPolyline
 90
4
 70
1
 10
507.5412
 20
-91.6219
 10
507.7412
 20
-91.6219
 10
507.7412
 20
-90.4219
 10
507.5412
 20
-90.4219
  0
TEXT
  5
277
330
17
100
AcDbEntity
  8
ETIQUETAS
100
AcDbText
 10
507.6412
 20
-91.0219
 30
0.0
 40
0.044000000000000004
  1
PA-R-168
 72
1
 11
507.6412
 21
-91.0219
 31
0.0
100
AcDbText
 73
2
  0
LWPOLYLINE
  5
278
330
17
100
AcDbEntity
  8
ROYAL
100
AcDbPolyline
 90
4
 70
1
 10
507.3402
 20
-92.2224
 10
507.54019999999997
 20
-92.2224
 10
507.54019999999997
 20
-91.02239999999999
 10
507.3402
 20
-91.02239999999999
  0
TEXT
  5
279
330
17
100
AcDbEntity
  8
ETIQUETAS
100
AcDbText
 10
507.4402
 20
-91.6224
 30
0.0
 40
0.044000000000000004
  1
PA-R-177
 72
1
 11
507.4402
 21
-91.6224
 31
0.0
100
AcDbText
 73
2
  0
LWPOLYLINE
  5
27A
330
17
100
AcDbEntity
  8
ROYAL
100
AcDbPolyline
 90
4
 70
1
 10
507.1392
 20
-91.6219
 10
507.3392
 20
-91.6219
 10
507.3392
 20
-90.4219
 10
507.1392
 20
-90.4219
  0
TEXT
  5
27B
330
17
100
AcDbEntity
  8
ETIQUETAS
100
AcDbText
 10
507.2392
 20
-91.0219
 30
0.0
 40
0.044000000000000004
  1
PA-R-167
 72
1
 11
507.2392
 21
-91.0219
 31
0.0
100
AcDbText
 73
2
  0
LWPOLYLINE
  5
27C
330
17
100
AcDbEntity
  8
ROYAL
100
AcDbPolyline
 90
4
 70
1
 10
506.9382
 20
-92.2224
 10
507.1382
 20
-92.2224
 10
507.1382
 20
-91.02239999999999
 10
506.9382
 20
-91.02239999999999
  0
TEXT
  5
27D
330
17
100
AcDbEntity
  8
ETIQUETAS
100
AcDbText
 10
507.0382
 20
-91.6224
 30
0.0
 40
0.044000000000000004
  1
PA-R-176
 72
1
 11
507.0382
 21
-91.6224
 31
0.0
100
AcDbText
 73
2
  0
LWPOLYLINE
  5
27E
330
17
100
AcDbEntity
  8
ROYAL
100
AcDbPolyline
 90
4
 70
1
 10
506.7372
 20
-91.6219
 10
506.93719999999996
 20
-91.6219
 10
506.93719999999996
 20
-90.4219
 10
506.7372
 20
-90.4219
  0
TEXT
  5
27F
330
17
100
AcDbEntity
  8
ETIQUETAS
100
AcDbText
 10
506.8372
 20
-91.0219
 30
0.0
 40
0.044000000000000004
  1
PA-R-166
 72
1
 11
506.8372
 21
-91.0219
 31
0.0
100
AcDbText
 73
2
  0
LWPOLYLINE
  5
280
330
17
100
AcDbEntity
  8
ROYAL
100
AcDbPolyline
 90
4
 70
1
 10
506.5362
 20
-92.2224
 10
506.7362
 20
-92.2224
 10
506.7362
 20
-91.02239999999999
 10
506.5362
 20
-91.02239999999999
  0
TEXT
  5
281
330
17
100
AcDbEntity
  8
ETIQUETAS
100
AcDbText
 10
506.6362
 20
-91.6224
 30
0.0
 40
0.044000000000000004
  1
PA-R-175
 72
1
 11
506.6362
 21
-91.6224
 31
0.0
100
AcDbText
 73
2
  0
LWPOLYLINE
  5
282
330
17
100
AcDbEntity
  8
ROYAL
100
AcDbPolyline
 90
4
 70
1
 10
506.3352
 20
-91.6219
 10
506.5352
 20
-91.6219
 10
506.5352
 20
-90.4219
 10
506.3352
 20
-90.4219
  0
TEXT
  5
283
330
17
100
AcDbEntity
  8
ETIQUETAS
100
AcDbText
 10
506.4352
 20
-91.0219
 30
0.0
 40
0.044000000000000004
  1
PA-R-165
 72
1
 11
506.4352
 21
-91.0219
 31
0.0
100
AcDbText
 73
2
  0
LWPOLYLINE
  5
284
330
17
100
AcDbEntity
  8
ROYAL
100
AcDbPolyline
 90
4
 70
1
 10
506.1342
 20
-92.2224
 10
506.3342
 20
-92.2224
 10
506.3342
 20
-91.02239999999999
 10
506.1342
 20
-91.02239999999999
  0
TEXT
  5
285
330
17
100
AcDbEntity
  8
ETIQUETAS
100
AcDbText
 10
506.2342
 20
-91.6224
 30
0.0
 40
0.044000000000000004
  1
PA-R-174
 72
1
 11
506.2342
 21
-91.6224
 31
0.0
100
AcDbText
 73
2
  0
LWPOLYLINE
  5
286
330
17
100
AcDbEntity
  8
ROYAL
100
AcDbPolyline
 90
4
 70
1
 10
505.9332
 20
-91.6219
 10
506.1332
 20
-91.6219
 10
506.1332
 20
-90.4219
 10
505.9332
 20
-90.4219
  0
TEXT
  5
287
330
17
100
AcDbEntity
  8
ETIQUETAS
100
AcDbText
 10
506.0332
 20
-91.0219
 30
0.0
 40
0.044000000000000004
  1
PA-R-164
 72
1
 11
506.0332
 21
-91.0219
 31
0.0
100
AcDbText
 73
2
  0
LWPOLYLINE
  5
288
330
17
100
AcDbEntity
  8
ROYAL
100
AcDbPolyline
 90
4
 70
1
 10
505.7322
 20
-92.2224
 10
505.93219999999997
 20
-92.2224
 10
505.93219999999997
 20
-91.02239999999999
 10
505.7322
 20
-91.02239999999999
  0
TEXT
  5
289
330
17
100
AcDbEntity
  8
ETIQUETAS
100
AcDbText
 10
505.8322
 20
-91.6224
 30
0.0
 40
0.044000000000000004
  1
PA-R-173
 72
1
 11
505.8322
 21
-91.6224
 31
0.0
100
AcDbText
 73
2
  0
LWPOLYLINE
  5
28A
330
17
100
AcDbEntity
  8
ROYAL
100
AcDbPolyline
 90
4
 70
1
 10
505.5312
 20
-91.6219
 10
505.7312
 20
-91.6219
 10
505.7312
 20
-90.4219
 10
505.5312
 20
-90.4219
  0
TEXT
  5
28B
330
17
100
AcDbEntity
  8
ETIQUETAS
100
AcDbText
 10
505.6312
 20
-91.0219
 30
0.0
 40
0.044000000000000004
  1
PA-R-163
 72
1
 11
505.6312
 21
-91.0219
 31
0.0
100
AcDbText
 73
2
  0
LWPOLYLINE
  5
28C
330
17
100
AcDbEntity
  8
ROYAL
100
AcDbPolyline
 90
4
 70
1
 10
505.3302
 20
-92.2224
 10
505.5302
 20
-92.2224
 10
505.5302
 20
-91.02239999999999
 10
505.3302
 20
-91.02239999999999
  0
TEXT
  5
28D
330
17
100
AcDbEntity
  8
ETIQUETAS
100
AcDbText
 10
505.4302
 20
-91.6224
 30
0.0
 40
0.044000000000000004
  1
PA-R-172
 72
1
 11
505.4302
 21
-91.6224
 31
0.0
100
AcDbText
 73
2
  0
LWPOLYLINE
  5
28E
330
17
100
AcDbEntity
  8
ROYAL
100
AcDbPolyline
 90
4
 70
1
 10
505.1292
 20
-91.6219
 10
505.3292
 20
-91.6219
 10
505.3292
 20
-90.4219
 10
505.1292
 20
-90.4219
  0
TEXT
  5
28F
330
17
100
AcDbEntity
  8
ETIQUETAS
100
AcDbText
 10
505.2292
 20
-91.0219
 30
0.0
 40
0.044000000000000004
  1
PA-R-162
 72
1
 11
505.2292
 21
-91.0219
 31
0.0
100
AcDbText
 73
2
  0
LWPOLYLINE
  5
290
330
17
100
AcDbEntity
  8
ROYAL
100
AcDbPolyline
 90
4
 70
1
 10
504.9282
 20
-92.2224
 10
505.1282
 20
-92.2224
 10
505.1282
 20
-91.02239999999999
 10
504.9282
 20
-91.02239999999999
  0
TEXT
  5
291
330
17
100
AcDbEntity
  8
ETIQUETAS
100
AcDbText
 10
505.0282
 20
-91.6224
 30
0.0
 40
0.044000000000000004
  1
PA-R-171
 72
1
 11
505.0282
 21
-91.6224
 31
0.0
100
AcDbText
 73
2
  0
LWPOLYLINE
  5
292
330
17
100
AcDbEntity
  8
ROYAL
100
AcDbPolyline
 90
4
 70
1
 10
504.7272
 20
-91.6219
 10
504.92719999999997
 20
-91.6219
 10
504.92719999999997
 20
-90.4219
 10
504.7272
 20
-90.4219
  0
TEXT
  5
293
330
17
100
AcDbEntity
  8
ETIQUETAS
100
AcDbText
 10
504.8272
 20
-91.0219
 30
0.0
 40
0.044000000000000004
  1
PA-R-161
 72
1
 11
504.8272
 21
-91.0219
 31
0.0
100
AcDbText
 73
2
  0
LWPOLYLINE
  5
294
330
17
100
AcDbEntity
  8
ROYAL
100
AcDbPolyline
 90
4
 70
1
 10
504.5262
 20
-92.2224
 10
504.7262
 20
-92.2224
 10
504.7262
 20
-91.02239999999999
 10
504.5262
 20
-91.02239999999999
  0
TEXT
  5
295
330
17
100
AcDbEntity
  8
ETIQUETAS
100
AcDbText
 10
504.6262
 20
-91.6224
 30
0.0
 40
0.044000000000000004
  1
PA-R-170
 72
1
 11
504.6262
 21
-91.6224
 31
0.0
100
AcDbText
 73
2
  0
LWPOLYLINE
  5
296
330
17
100
AcDbEntity
  8
ROYAL
100
AcDbPolyline
 90
4
 70
1
 10
504.3252
 20
-91.6219
 10
504.5252
 20
-91.6219
 10
504.5252
 20
-90.4219
 10
504.3252
 20
-90.4219
  0
TEXT
  5
297
330
17
100
AcDbEntity
  8
ETIQUETAS
100
AcDbText
 10
504.4252
 20
-91.0219
 30
0.0
 40
0.044000000000000004
  1
PA-R-160
 72
1
 11
504.4252
 21
-91.0219
 31
0.0
100
AcDbText
 73
2
  0
LWPOLYLINE
  5
298
330
17
100
AcDbEntity
  8
ROYAL
100
AcDbPolyline
 90
4
 70
1
 10
504.1242
 20
-92.2224
 10
504.32419999999996
 20
-92.2224
 10
504.32419999999996
 20
-91.02239999999999
 10
504.1242
 20
-91.02239999999999
  0
TEXT
  5
299
330
17
100
AcDbEntity
  8
ETIQUETAS
100
AcDbText
 10
504.2242
 20
-91.6224
 30
0.0
 40
0.044000000000000004
  1
PA-R-169
 72
1
 11
504.2242
 21
-91.6224
 31
0.0
100
AcDbText
 73
2
  0
LWPOLYLINE
  5
29A
330
17
100
AcDbEntity
  8
ROYAL
100
AcDbPolyline
 90
4
 70
1
 10
505.7322
 20
-91.0214
 10
505.93219999999997
 20
-91.0214
 10
505.93219999999997
 20
-89.8214
 10
505.7322
 20
-89.8214
  0
TEXT
  5
29B
330
17
100
AcDbEntity
  8
ETIQUETAS
100
AcDbText
 10
505.8322
 20
-90.4214
 30
0.0
 40
0.044000000000000004
  1
PA-R-151
 72
1
 11
505.8322
 21
-90.4214
 31
0.0
100
AcDbText
 73
2
  0
LWPOLYLINE
  5
29C
330
17
100
AcDbEntity
  8
ROYAL
100
AcDbPolyline
 90
4
 70
1
 10
505.3302
 20
-91.0214
 10
505.5302
 20
-91.0214
 10
505.5302
 20
-89.8214
 10
505.3302
 20
-89.8214
  0
TEXT
  5
29D
330
17
100
AcDbEntity
  8
ETIQUETAS
100
AcDbText
 10
505.4302
 20
-90.4214
 30
0.0
 40
0.044000000000000004
  1
PA-R-150
 72
1
 11
505.4302
 21
-90.4214
 31
0.0
100
AcDbText
 73
2
  0
LWPOLYLINE
  5
29E
330
17
100
AcDbEntity
  8
ROYAL
100
AcDbPolyline
 90
4
 70
1
 10
502.3642
 20
-86.1107
 10
502.56419999999997
 20
-86.1107
 10
502.56419999999997
 20
-84.91069999999999
 10
502.3642
 20
-84.91069999999999
  0
TEXT
  5
29F
330
17
100
AcDbEntity
  8
ETIQUETAS
100
AcDbText
 10
502.4642
 20
-85.5107
 30
0.0
 40
0.044000000000000004
  1
PA-R-125
 72
1
 11
502.4642
 21
-85.5107
 31
0.0
100
AcDbText
 73
2
  0
LWPOLYLINE
  5
2A0
330
17
100
AcDbEntity
  8
ROYAL
100
AcDbPolyline
 90
4
 70
1
 10
502.3642
 20
-84.9097
 10
502.56419999999997
 20
-84.9097
 10
502.56419999999997
 20
-83.7097
 10
502.3642
 20
-83.7097
  0
TEXT
  5
2A1
330
17
100
AcDbEntity
  8
ETIQUETAS
100
AcDbText
 10
502.4642
 20
-84.3097
 30
0.0
 40
0.044000000000000004
  1
PA-R-085
 72
1
 11
502.4642
 21
-84.3097
 31
0.0
100
AcDbText
 73
2
  0
LWPOLYLINE
  5
2A2
330
17
100
AcDbEntity
  8
ROYAL
100
AcDbPolyline
 90
4
 70
1
 10
502.3642
 20
-83.7087
 10
502.56419999999997
 20
-83.7087
 10
502.56419999999997
 20
-82.50869999999999
 10
502.3642
 20
-82.50869999999999
  0
TEXT
  5
2A3
330
17
100
AcDbEntity
  8
ETIQUETAS
100
AcDbText
 10
502.4642
 20
-83.1087
 30
0.0
 40
0.044000000000000004
  1
PA-R-046
 72
1
 11
502.4642
 21
-83.1087
 31
0.0
100
AcDbText
 73
2
  0
LWPOLYLINE
  5
2A4
330
17
100
AcDbEntity
  8
MORET-FALTANTES
100
AcDbPolyline
 90
4
 70
1
 10
497.352
 20
-87.8604
 10
497.57869999999997
 20
-87.8604
 10
497.57869999999997
 20
-86.7386
 10
497.352
 20
-86.7386
  0
TEXT
  5
2A5
330
17
100
AcDbEntity
  8
ETIQUETAS
100
AcDbText
 10
497.4654
 20
-87.2995
 30
0.0
 40
0.049874
  1
PB-M-072
 72
1
 11
497.4654
 21
-87.2995
 31
0.0
100
AcDbText
 73
2
  0
LWPOLYLINE
  5
2A6
330
17
100
AcDbEntity
  8
MORET
100
AcDbPolyline
 90
4
 70
1
 10
497.352
 20
-91.4602
 10
497.57869999999997
 20
-91.4602
 10
497.57869999999997
 20
-90.3404
 10
497.352
 20
-90.3404
  0
TEXT
  5
2A7
330
17
100
AcDbEntity
  8
ETIQUETAS
100
AcDbText
 10
497.4654
 20
-90.9003
 30
0.0
 40
0.049874
  1
PB-M-124
 72
1
 11
497.4654
 21
-90.9003
 31
0.0
100
AcDbText
 73
2
  0
LWPOLYLINE
  5
2A8
330
17
100
AcDbEntity
  8
MORET-FALTANTES
100
AcDbPolyline
 90
4
 70
1
 10
497.352
 20
-84.3446
 10
497.57869999999997
 20
-84.3446
 10
497.57869999999997
 20
-83.2604
 10
497.352
 20
-83.2604
  0
TEXT
  5
2A9
330
17
100
AcDbEntity
  8
ETIQUETAS
100
AcDbText
 10
497.4654
 20
-83.8025
 30
0.0
 40
0.049874
  1
PB-M-042
 72
1
 11
497.4654
 21
-83.8025
 31
0.0
100
AcDbText
 73
2
  0
LWPOLYLINE
  5
2AA
330
17
100
AcDbEntity
  8
MORET
100
AcDbPolyline
 90
4
 70
1
 10
497.352
 20
-92.5302
 10
497.57899999999995
 20
-92.5302
 10
497.57899999999995
 20
-91.4622
 10
497.352
 20
-91.4622
  0
TEXT
  5
2AB
330
17
100
AcDbEntity
  8
ETIQUETAS
100
AcDbText
 10
497.4655
 20
-91.9962
 30
0.0
 40
0.049940000000000005
  1
PB-M-138
 72
1
 11
497.4655
 21
-91.9962
 31
0.0
100
AcDbText
 73
2
  0
LWPOLYLINE
  5
2AC
330
17
100
AcDbEntity
  8
MORET-FALTANTES
100
AcDbPolyline
 90
4
 70
1
 10
503.9402
 20
-85.4964
 10
504.4642
 20
-85.4964
 10
504.4642
 20
-85.05999999999999
 10
503.9402
 20
-85.05999999999999
  0
TEXT
  5
2AD
330
17
100
AcDbEntity
  8
ETIQUETAS
100
AcDbText
 10
504.2022
 20
-85.2782
 30
0.0
 40
0.055
  1
PA-M-003
 72
1
 11
504.2022
 21
-85.2782
 31
0.0
100
AcDbText
 73
2
  0
LWPOLYLINE
  5
2AE
330
17
100
AcDbEntity
  8
ROYAL
100
AcDbPolyline
 90
4
 70
1
 10
507.3402
 20
-91.0214
 10
507.54019999999997
 20
-91.0214
 10
507.54019999999997
 20
-89.9104
 10
507.3402
 20
-89.9104
  0
TEXT
  5
2AF
330
17
100
AcDbEntity
  8
ETIQUETAS
100
AcDbText
 10
507.4402
 20
-90.4659
 30
0.0
 40
0.044000000000000004
  1
PA-R-158
 72
1
 11
507.4402
 21
-90.4659
 31
0.0
100
AcDbText
 73
2
  0
LWPOLYLINE
  5
2B0
330
17
100
AcDbEntity
  8
ROYAL
100
AcDbPolyline
 90
4
 70
1
 10
506.9382
 20
-91.0214
 10
507.1382
 20
-91.0214
 10
507.1382
 20
-89.9104
 10
506.9382
 20
-89.9104
  0
TEXT
  5
2B1
330
17
100
AcDbEntity
  8
ETIQUETAS
100
AcDbText
 10
507.0382
 20
-90.4659
 30
0.0
 40
0.044000000000000004
  1
PA-R-157
 72
1
 11
507.0382
 21
-90.4659
 31
0.0
100
AcDbText
 73
2
  0
LWPOLYLINE
  5
2B2
330
17
100
AcDbEntity
  8
ROYAL
100
AcDbPolyline
 90
4
 70
1
 10
506.5362
 20
-91.0214
 10
506.7362
 20
-91.0214
 10
506.7362
 20
-89.9104
 10
506.5362
 20
-89.9104
  0
TEXT
  5
2B3
330
17
100
AcDbEntity
  8
ETIQUETAS
100
AcDbText
 10
506.6362
 20
-90.4659
 30
0.0
 40
0.044000000000000004
  1
PA-R-156
 72
1
 11
506.6362
 21
-90.4659
 31
0.0
100
AcDbText
 73
2
  0
LWPOLYLINE
  5
2B4
330
17
100
AcDbEntity
  8
ROYAL
100
AcDbPolyline
 90
4
 70
1
 10
506.1342
 20
-91.0214
 10
506.3342
 20
-91.0214
 10
506.3342
 20
-89.9104
 10
506.1342
 20
-89.9104
  0
TEXT
  5
2B5
330
17
100
AcDbEntity
  8
ETIQUETAS
100
AcDbText
 10
506.2342
 20
-90.4659
 30
0.0
 40
0.044000000000000004
  1
PA-R-155
 72
1
 11
506.2342
 21
-90.4659
 31
0.0
100
AcDbText
 73
2
  0
LWPOLYLINE
  5
2B6
330
17
100
AcDbEntity
  8
ROYAL
100
AcDbPolyline
 90
4
 70
1
 10
504.9282
 20
-91.0214
 10
505.1282
 20
-91.0214
 10
505.1282
 20
-89.9104
 10
504.9282
 20
-89.9104
  0
TEXT
  5
2B7
330
17
100
AcDbEntity
  8
ETIQUETAS
100
AcDbText
 10
505.0282
 20
-90.4659
 30
0.0
 40
0.044000000000000004
  1
PA-R-154
 72
1
 11
505.0282
 21
-90.4659
 31
0.0
100
AcDbText
 73
2
  0
LWPOLYLINE
  5
2B8
330
17
100
AcDbEntity
  8
ROYAL
100
AcDbPolyline
 90
4
 70
1
 10
504.5262
 20
-91.0214
 10
504.7262
 20
-91.0214
 10
504.7262
 20
-89.9104
 10
504.5262
 20
-89.9104
  0
TEXT
  5
2B9
330
17
100
AcDbEntity
  8
ETIQUETAS
100
AcDbText
 10
504.6262
 20
-90.4659
 30
0.0
 40
0.044000000000000004
  1
PA-R-153
 72
1
 11
504.6262
 21
-90.4659
 31
0.0
100
AcDbText
 73
2
  0
LWPOLYLINE
  5
2BA
330
17
100
AcDbEntity
  8
ROYAL
100
AcDbPolyline
 90
4
 70
1
 10
504.1242
 20
-91.0214
 10
504.32419999999996
 20
-91.0214
 10
504.32419999999996
 20
-89.9104
 10
504.1242
 20
-89.9104
  0
TEXT
  5
2BB
330
17
100
AcDbEntity
  8
ETIQUETAS
100
AcDbText
 10
504.2242
 20
-90.4659
 30
0.0
 40
0.044000000000000004
  1
PA-R-152
 72
1
 11
504.2242
 21
-90.4659
 31
0.0
100
AcDbText
 73
2
  0
LWPOLYLINE
  5
2BC
330
17
100
AcDbEntity
  8
ROYAL
100
AcDbPolyline
 90
4
 70
1
 10
507.3672
 20
-84.8804
 10
507.5672
 20
-84.8804
 10
507.5672
 20
-83.77029999999999
 10
507.3672
 20
-83.77029999999999
  0
TEXT
  5
2BD
330
17
100
AcDbEntity
  8
ETIQUETAS
100
AcDbText
 10
507.4672
 20
-84.3254
 30
0.0
 40
0.044000000000000004
  1
PA-R-095
 72
1
 11
507.4672
 21
-84.3254
 31
0.0
100
AcDbText
 73
2
  0
LWPOLYLINE
  5
2BE
330
17
100
AcDbEntity
  8
ROYAL
100
AcDbPolyline
 90
4
 70
1
 10
506.9652
 20
-84.8804
 10
507.16519999999997
 20
-84.8804
 10
507.16519999999997
 20
-83.77029999999999
 10
506.9652
 20
-83.77029999999999
  0
TEXT
  5
2BF
330
17
100
AcDbEntity
  8
ETIQUETAS
100
AcDbText
 10
507.0652
 20
-84.3254
 30
0.0
 40
0.044000000000000004
  1
PA-R-094
 72
1
 11
507.0652
 21
-84.3254
 31
0.0
100
AcDbText
 73
2
  0
LWPOLYLINE
  5
2C0
330
17
100
AcDbEntity
  8
ROYAL
100
AcDbPolyline
 90
4
 70
1
 10
506.5632
 20
-84.8804
 10
506.7632
 20
-84.8804
 10
506.7632
 20
-83.77029999999999
 10
506.5632
 20
-83.77029999999999
  0
TEXT
  5
2C1
330
17
100
AcDbEntity
  8
ETIQUETAS
100
AcDbText
 10
506.6632
 20
-84.3254
 30
0.0
 40
0.044000000000000004
  1
PA-R-093
 72
1
 11
506.6632
 21
-84.3254
 31
0.0
100
AcDbText
 73
2
  0
LWPOLYLINE
  5
2C2
330
17
100
AcDbEntity
  8
ROYAL
100
AcDbPolyline
 90
4
 70
1
 10
506.1612
 20
-84.8804
 10
506.3612
 20
-84.8804
 10
506.3612
 20
-83.77029999999999
 10
506.1612
 20
-83.77029999999999
  0
TEXT
  5
2C3
330
17
100
AcDbEntity
  8
ETIQUETAS
100
AcDbText
 10
506.2612
 20
-84.3254
 30
0.0
 40
0.044000000000000004
  1
PA-R-092
 72
1
 11
506.2612
 21
-84.3254
 31
0.0
100
AcDbText
 73
2
  0
LWPOLYLINE
  5
2C4
330
17
100
AcDbEntity
  8
ROYAL
100
AcDbPolyline
 90
4
 70
1
 10
505.7592
 20
-84.8804
 10
505.9592
 20
-84.8804
 10
505.9592
 20
-83.77029999999999
 10
505.7592
 20
-83.77029999999999
  0
TEXT
  5
2C5
330
17
100
AcDbEntity
  8
ETIQUETAS
100
AcDbText
 10
505.8592
 20
-84.3254
 30
0.0
 40
0.044000000000000004
  1
PA-R-091
 72
1
 11
505.8592
 21
-84.3254
 31
0.0
100
AcDbText
 73
2
  0
LWPOLYLINE
  5
2C6
330
17
100
AcDbEntity
  8
ROYAL
100
AcDbPolyline
 90
4
 70
1
 10
505.3572
 20
-84.8804
 10
505.55719999999997
 20
-84.8804
 10
505.55719999999997
 20
-83.77029999999999
 10
505.3572
 20
-83.77029999999999
  0
TEXT
  5
2C7
330
17
100
AcDbEntity
  8
ETIQUETAS
100
AcDbText
 10
505.4572
 20
-84.3254
 30
0.0
 40
0.044000000000000004
  1
PA-R-090
 72
1
 11
505.4572
 21
-84.3254
 31
0.0
100
AcDbText
 73
2
  0
LWPOLYLINE
  5
2C8
330
17
100
AcDbEntity
  8
ROYAL
100
AcDbPolyline
 90
4
 70
1
 10
504.9552
 20
-84.8804
 10
505.1552
 20
-84.8804
 10
505.1552
 20
-83.77029999999999
 10
504.9552
 20
-83.77029999999999
  0
TEXT
  5
2C9
330
17
100
AcDbEntity
  8
ETIQUETAS
100
AcDbText
 10
505.0552
 20
-84.3254
 30
0.0
 40
0.044000000000000004
  1
PA-R-089
 72
1
 11
505.0552
 21
-84.3254
 31
0.0
100
AcDbText
 73
2
  0
LWPOLYLINE
  5
2CA
330
17
100
AcDbEntity
  8
ROYAL
100
AcDbPolyline
 90
4
 70
1
 10
504.5532
 20
-84.8804
 10
504.7532
 20
-84.8804
 10
504.7532
 20
-83.77029999999999
 10
504.5532
 20
-83.77029999999999
  0
TEXT
  5
2CB
330
17
100
AcDbEntity
  8
ETIQUETAS
100
AcDbText
 10
504.6532
 20
-84.3254
 30
0.0
 40
0.044000000000000004
  1
PA-R-088
 72
1
 11
504.6532
 21
-84.3254
 31
0.0
100
AcDbText
 73
2
  0
LWPOLYLINE
  5
2CC
330
17
100
AcDbEntity
  8
ROYAL
100
AcDbPolyline
 90
4
 70
1
 10
504.1512
 20
-84.8804
 10
504.3512
 20
-84.8804
 10
504.3512
 20
-83.77029999999999
 10
504.1512
 20
-83.77029999999999
  0
TEXT
  5
2CD
330
17
100
AcDbEntity
  8
ETIQUETAS
100
AcDbText
 10
504.2512
 20
-84.3254
 30
0.0
 40
0.044000000000000004
  1
PA-R-087
 72
1
 11
504.2512
 21
-84.3254
 31
0.0
100
AcDbText
 73
2
  0
LWPOLYLINE
  5
2CE
330
17
100
AcDbEntity
  8
ROYAL
100
AcDbPolyline
 90
4
 70
1
 10
503.7492
 20
-84.8804
 10
503.94919999999996
 20
-84.8804
 10
503.94919999999996
 20
-83.77029999999999
 10
503.7492
 20
-83.77029999999999
  0
TEXT
  5
2CF
330
17
100
AcDbEntity
  8
ETIQUETAS
100
AcDbText
 10
503.8492
 20
-84.3254
 30
0.0
 40
0.044000000000000004
  1
PA-R-086
 72
1
 11
503.8492
 21
-84.3254
 31
0.0
100
AcDbText
 73
2
  0
LWPOLYLINE
  5
2D0
330
17
100
AcDbEntity
  8
ROYAL
100
AcDbPolyline
 90
4
 70
1
 10
507.3402
 20
-93.3304
 10
507.54019999999997
 20
-93.3304
 10
507.54019999999997
 20
-92.2234
 10
507.3402
 20
-92.2234
  0
TEXT
  5
2D1
330
17
100
AcDbEntity
  8
ETIQUETAS
100
AcDbText
 10
507.4402
 20
-92.7769
 30
0.0
 40
0.044000000000000004
  1
PA-R-196
 72
1
 11
507.4402
 21
-92.7769
 31
0.0
100
AcDbText
 73
2
  0
LWPOLYLINE
  5
2D2
330
17
100
AcDbEntity
  8
ROYAL
100
AcDbPolyline
 90
4
 70
1
 10
506.9382
 20
-93.3304
 10
507.1382
 20
-93.3304
 10
507.1382
 20
-92.2234
 10
506.9382
 20
-92.2234
  0
TEXT
  5
2D3
330
17
100
AcDbEntity
  8
ETIQUETAS
100
AcDbText
 10
507.0382
 20
-92.7769
 30
0.0
 40
0.044000000000000004
  1
PA-R-195
 72
1
 11
507.0382
 21
-92.7769
 31
0.0
100
AcDbText
 73
2
  0
LWPOLYLINE
  5
2D4
330
17
100
AcDbEntity
  8
ROYAL
100
AcDbPolyline
 90
4
 70
1
 10
506.5362
 20
-93.3304
 10
506.7362
 20
-93.3304
 10
506.7362
 20
-92.2234
 10
506.5362
 20
-92.2234
  0
TEXT
  5
2D5
330
17
100
AcDbEntity
  8
ETIQUETAS
100
AcDbText
 10
506.6362
 20
-92.7769
 30
0.0
 40
0.044000000000000004
  1
PA-R-194
 72
1
 11
506.6362
 21
-92.7769
 31
0.0
100
AcDbText
 73
2
  0
LWPOLYLINE
  5
2D6
330
17
100
AcDbEntity
  8
ROYAL
100
AcDbPolyline
 90
4
 70
1
 10
506.1342
 20
-93.3304
 10
506.3342
 20
-93.3304
 10
506.3342
 20
-92.2234
 10
506.1342
 20
-92.2234
  0
TEXT
  5
2D7
330
17
100
AcDbEntity
  8
ETIQUETAS
100
AcDbText
 10
506.2342
 20
-92.7769
 30
0.0
 40
0.044000000000000004
  1
PA-R-193
 72
1
 11
506.2342
 21
-92.7769
 31
0.0
100
AcDbText
 73
2
  0
LWPOLYLINE
  5
2D8
330
17
100
AcDbEntity
  8
ROYAL
100
AcDbPolyline
 90
4
 70
1
 10
505.7322
 20
-93.3304
 10
505.93219999999997
 20
-93.3304
 10
505.93219999999997
 20
-92.2234
 10
505.7322
 20
-92.2234
  0
TEXT
  5
2D9
330
17
100
AcDbEntity
  8
ETIQUETAS
100
AcDbText
 10
505.8322
 20
-92.7769
 30
0.0
 40
0.044000000000000004
  1
PA-R-192
 72
1
 11
505.8322
 21
-92.7769
 31
0.0
100
AcDbText
 73
2
  0
LWPOLYLINE
  5
2DA
330
17
100
AcDbEntity
  8
ROYAL
100
AcDbPolyline
 90
4
 70
1
 10
505.3302
 20
-93.3304
 10
505.5302
 20
-93.3304
 10
505.5302
 20
-92.2234
 10
505.3302
 20
-92.2234
  0
TEXT
  5
2DB
330
17
100
AcDbEntity
  8
ETIQUETAS
100
AcDbText
 10
505.4302
 20
-92.7769
 30
0.0
 40
0.044000000000000004
  1
PA-R-191
 72
1
 11
505.4302
 21
-92.7769
 31
0.0
100
AcDbText
 73
2
  0
LWPOLYLINE
  5
2DC
330
17
100
AcDbEntity
  8
ROYAL
100
AcDbPolyline
 90
4
 70
1
 10
504.9282
 20
-93.3304
 10
505.1282
 20
-93.3304
 10
505.1282
 20
-92.2234
 10
504.9282
 20
-92.2234
  0
TEXT
  5
2DD
330
17
100
AcDbEntity
  8
ETIQUETAS
100
AcDbText
 10
505.0282
 20
-92.7769
 30
0.0
 40
0.044000000000000004
  1
PA-R-190
 72
1
 11
505.0282
 21
-92.7769
 31
0.0
100
AcDbText
 73
2
  0
LWPOLYLINE
  5
2DE
330
17
100
AcDbEntity
  8
ROYAL
100
AcDbPolyline
 90
4
 70
1
 10
504.5262
 20
-93.3304
 10
504.7262
 20
-93.3304
 10
504.7262
 20
-92.2234
 10
504.5262
 20
-92.2234
  0
TEXT
  5
2DF
330
17
100
AcDbEntity
  8
ETIQUETAS
100
AcDbText
 10
504.6262
 20
-92.7769
 30
0.0
 40
0.044000000000000004
  1
PA-R-189
 72
1
 11
504.6262
 21
-92.7769
 31
0.0
100
AcDbText
 73
2
  0
LWPOLYLINE
  5
2E0
330
17
100
AcDbEntity
  8
ROYAL
100
AcDbPolyline
 90
4
 70
1
 10
504.1242
 20
-93.3304
 10
504.32419999999996
 20
-93.3304
 10
504.32419999999996
 20
-92.2234
 10
504.1242
 20
-92.2234
  0
TEXT
  5
2E1
330
17
100
AcDbEntity
  8
ETIQUETAS
100
AcDbText
 10
504.2242
 20
-92.7769
 30
0.0
 40
0.044000000000000004
  1
PA-R-188
 72
1
 11
504.2242
 21
-92.7769
 31
0.0
100
AcDbText
 73
2
  0
LWPOLYLINE
  5
2E2
330
17
100
AcDbEntity
  8
ROYAL
100
AcDbPolyline
 90
4
 70
1
 10
507.5682
 20
-83.1689
 10
507.7682
 20
-83.1689
 10
507.7682
 20
-82.09049999999999
 10
507.5682
 20
-82.09049999999999
  0
TEXT
  5
2E3
330
17
100
AcDbEntity
  8
ETIQUETAS
100
AcDbText
 10
507.6682
 20
-82.6297
 30
0.0
 40
0.044000000000000004
  1
PA-R-039
 72
1
 11
507.6682
 21
-82.6297
 31
0.0
100
AcDbText
 73
2
  0
LWPOLYLINE
  5
2E4
330
17
100
AcDbEntity
  8
ROYAL
100
AcDbPolyline
 90
4
 70
1
 10
507.1662
 20
-83.1689
 10
507.3662
 20
-83.1689
 10
507.3662
 20
-82.09049999999999
 10
507.1662
 20
-82.09049999999999
  0
TEXT
  5
2E5
330
17
100
AcDbEntity
  8
ETIQUETAS
100
AcDbText
 10
507.2662
 20
-82.6297
 30
0.0
 40
0.044000000000000004
  1
PA-R-038
 72
1
 11
507.2662
 21
-82.6297
 31
0.0
100
AcDbText
 73
2
  0
LWPOLYLINE
  5
2E6
330
17
100
AcDbEntity
  8
ROYAL
100
AcDbPolyline
 90
4
 70
1
 10
506.7642
 20
-83.1689
 10
506.9642
 20
-83.1689
 10
506.9642
 20
-82.09049999999999
 10
506.7642
 20
-82.09049999999999
  0
TEXT
  5
2E7
330
17
100
AcDbEntity
  8
ETIQUETAS
100
AcDbText
 10
506.8642
 20
-82.6297
 30
0.0
 40
0.044000000000000004
  1
PA-R-037
 72
1
 11
506.8642
 21
-82.6297
 31
0.0
100
AcDbText
 73
2
  0
LWPOLYLINE
  5
2E8
330
17
100
AcDbEntity
  8
ROYAL
100
AcDbPolyline
 90
4
 70
1
 10
506.3622
 20
-83.1689
 10
506.56219999999996
 20
-83.1689
 10
506.56219999999996
 20
-82.09049999999999
 10
506.3622
 20
-82.09049999999999
  0
TEXT
  5
2E9
330
17
100
AcDbEntity
  8
ETIQUETAS
100
AcDbText
 10
506.4622
 20
-82.6297
 30
0.0
 40
0.044000000000000004
  1
PA-R-036
 72
1
 11
506.4622
 21
-82.6297
 31
0.0
100
AcDbText
 73
2
  0
LWPOLYLINE
  5
2EA
330
17
100
AcDbEntity
  8
ROYAL
100
AcDbPolyline
 90
4
 70
1
 10
505.9602
 20
-83.1689
 10
506.1602
 20
-83.1689
 10
506.1602
 20
-82.09049999999999
 10
505.9602
 20
-82.09049999999999
  0
TEXT
  5
2EB
330
17
100
AcDbEntity
  8
ETIQUETAS
100
AcDbText
 10
506.0602
 20
-82.6297
 30
0.0
 40
0.044000000000000004
  1
PA-R-035
 72
1
 11
506.0602
 21
-82.6297
 31
0.0
100
AcDbText
 73
2
  0
LWPOLYLINE
  5
2EC
330
17
100
AcDbEntity
  8
ROYAL
100
AcDbPolyline
 90
4
 70
1
 10
505.5582
 20
-83.1689
 10
505.7582
 20
-83.1689
 10
505.7582
 20
-82.09049999999999
 10
505.5582
 20
-82.09049999999999
  0
TEXT
  5
2ED
330
17
100
AcDbEntity
  8
ETIQUETAS
100
AcDbText
 10
505.6582
 20
-82.6297
 30
0.0
 40
0.044000000000000004
  1
PA-R-034
 72
1
 11
505.6582
 21
-82.6297
 31
0.0
100
AcDbText
 73
2
  0
LWPOLYLINE
  5
2EE
330
17
100
AcDbEntity
  8
ROYAL
100
AcDbPolyline
 90
4
 70
1
 10
505.1562
 20
-83.1689
 10
505.3562
 20
-83.1689
 10
505.3562
 20
-82.09049999999999
 10
505.1562
 20
-82.09049999999999
  0
TEXT
  5
2EF
330
17
100
AcDbEntity
  8
ETIQUETAS
100
AcDbText
 10
505.2562
 20
-82.6297
 30
0.0
 40
0.044000000000000004
  1
PA-R-033
 72
1
 11
505.2562
 21
-82.6297
 31
0.0
100
AcDbText
 73
2
  0
LWPOLYLINE
  5
2F0
330
17
100
AcDbEntity
  8
ROYAL
100
AcDbPolyline
 90
4
 70
1
 10
504.7542
 20
-83.1689
 10
504.9542
 20
-83.1689
 10
504.9542
 20
-82.09049999999999
 10
504.7542
 20
-82.09049999999999
  0
TEXT
  5
2F1
330
17
100
AcDbEntity
  8
ETIQUETAS
100
AcDbText
 10
504.8542
 20
-82.6297
 30
0.0
 40
0.044000000000000004
  1
PA-R-032
 72
1
 11
504.8542
 21
-82.6297
 31
0.0
100
AcDbText
 73
2
  0
LWPOLYLINE
  5
2F2
330
17
100
AcDbEntity
  8
ROYAL
100
AcDbPolyline
 90
4
 70
1
 10
504.3522
 20
-83.1689
 10
504.55219999999997
 20
-83.1689
 10
504.55219999999997
 20
-82.09049999999999
 10
504.3522
 20
-82.09049999999999
  0
TEXT
  5
2F3
330
17
100
AcDbEntity
  8
ETIQUETAS
100
AcDbText
 10
504.4522
 20
-82.6297
 30
0.0
 40
0.044000000000000004
  1
PA-R-031
 72
1
 11
504.4522
 21
-82.6297
 31
0.0
100
AcDbText
 73
2
  0
LWPOLYLINE
  5
2F4
330
17
100
AcDbEntity
  8
ROYAL
100
AcDbPolyline
 90
4
 70
1
 10
503.9502
 20
-83.1689
 10
504.1502
 20
-83.1689
 10
504.1502
 20
-82.09049999999999
 10
503.9502
 20
-82.09049999999999
  0
TEXT
  5
2F5
330
17
100
AcDbEntity
  8
ETIQUETAS
100
AcDbText
 10
504.0502
 20
-82.6297
 30
0.0
 40
0.044000000000000004
  1
PA-R-030
 72
1
 11
504.0502
 21
-82.6297
 31
0.0
100
AcDbText
 73
2
  0
LWPOLYLINE
  5
2F6
330
17
100
AcDbEntity
  8
ROYAL
100
AcDbPolyline
 90
4
 70
1
 10
503.5482
 20
-83.1689
 10
503.7482
 20
-83.1689
 10
503.7482
 20
-82.09049999999999
 10
503.5482
 20
-82.09049999999999
  0
TEXT
  5
2F7
330
17
100
AcDbEntity
  8
ETIQUETAS
100
AcDbText
 10
503.6482
 20
-82.6297
 30
0.0
 40
0.044000000000000004
  1
PA-R-029
 72
1
 11
503.6482
 21
-82.6297
 31
0.0
100
AcDbText
 73
2
  0
LWPOLYLINE
  5
2F8
330
17
100
AcDbEntity
  8
ROYAL
100
AcDbPolyline
 90
4
 70
1
 10
503.1462
 20
-83.1689
 10
503.3462
 20
-83.1689
 10
503.3462
 20
-82.09049999999999
 10
503.1462
 20
-82.09049999999999
  0
TEXT
  5
2F9
330
17
100
AcDbEntity
  8
ETIQUETAS
100
AcDbText
 10
503.2462
 20
-82.6297
 30
0.0
 40
0.044000000000000004
  1
PA-R-028
 72
1
 11
503.2462
 21
-82.6297
 31
0.0
100
AcDbText
 73
2
  0
LWPOLYLINE
  5
2FA
330
17
100
AcDbEntity
  8
ROYAL
100
AcDbPolyline
 90
4
 70
1
 10
502.7442
 20
-83.1689
 10
502.94419999999997
 20
-83.1689
 10
502.94419999999997
 20
-82.09049999999999
 10
502.7442
 20
-82.09049999999999
  0
TEXT
  5
2FB
330
17
100
AcDbEntity
  8
ETIQUETAS
100
AcDbText
 10
502.8442
 20
-82.6297
 30
0.0
 40
0.044000000000000004
  1
PA-R-027
 72
1
 11
502.8442
 21
-82.6297
 31
0.0
100
AcDbText
 73
2
  0
LWPOLYLINE
  5
2FC
330
17
100
AcDbEntity
  8
ROYAL
100
AcDbPolyline
 90
4
 70
1
 10
499.7742
 20
-85.5099
 10
499.95120000000003
 20
-85.5099
 10
499.95120000000003
 20
-84.3099
 10
499.7742
 20
-84.3099
  0
TEXT
  5
2FD
330
17
100
AcDbEntity
  8
ETIQUETAS
100
AcDbText
 10
499.8627
 20
-84.9099
 30
0.0
 40
0.038939999999999995
  1
PA-R-111
 72
1
 11
499.8627
 21
-84.9099
 31
0.0
100
AcDbText
 73
2
  0
LWPOLYLINE
  5
2FE
330
17
100
AcDbEntity
  8
ROYAL
100
AcDbPolyline
 90
4
 70
1
 10
499.7742
 20
-84.3089
 10
499.95120000000003
 20
-84.3089
 10
499.95120000000003
 20
-83.10889999999999
 10
499.7742
 20
-83.10889999999999
  0
TEXT
  5
2FF
330
17
100
AcDbEntity
  8
ETIQUETAS
100
AcDbText
 10
499.8627
 20
-83.7089
 30
0.0
 40
0.038939999999999995
  1
PA-R-059
 72
1
 11
499.8627
 21
-83.7089
 31
0.0
100
AcDbText
 73
2
  0
LWPOLYLINE
  5
300
330
17
100
AcDbEntity
  8
ROYAL
100
AcDbPolyline
 90
4
 70
1
 10
502.1632
 20
-86.5604
 10
502.3632
 20
-86.5604
 10
502.3632
 20
-85.5109
 10
502.1632
 20
-85.5109
  0
TEXT
  5
301
330
17
100
AcDbEntity
  8
ETIQUETAS
100
AcDbText
 10
502.2632
 20
-86.0357
 30
0.0
 40
0.044000000000000004
  1
PA-R-132
 72
1
 11
502.2632
 21
-86.0357
 31
0.0
100
AcDbText
 73
2
  0
LWPOLYLINE
  5
302
330
17
100
AcDbEntity
  8
ROYAL
100
AcDbPolyline
 90
4
 70
1
 10
501.7612
 20
-86.5604
 10
501.96119999999996
 20
-86.5604
 10
501.96119999999996
 20
-85.5109
 10
501.7612
 20
-85.5109
  0
TEXT
  5
303
330
17
100
AcDbEntity
  8
ETIQUETAS
100
AcDbText
 10
501.8612
 20
-86.0357
 30
0.0
 40
0.044000000000000004
  1
PA-R-131
 72
1
 11
501.8612
 21
-86.0357
 31
0.0
100
AcDbText
 73
2
  0
LWPOLYLINE
  5
304
330
17
100
AcDbEntity
  8
ROYAL
100
AcDbPolyline
 90
4
 70
1
 10
501.3592
 20
-86.5604
 10
501.5592
 20
-86.5604
 10
501.5592
 20
-85.5109
 10
501.3592
 20
-85.5109
  0
TEXT
  5
305
330
17
100
AcDbEntity
  8
ETIQUETAS
100
AcDbText
 10
501.4592
 20
-86.0357
 30
0.0
 40
0.044000000000000004
  1
PA-R-130
 72
1
 11
501.4592
 21
-86.0357
 31
0.0
100
AcDbText
 73
2
  0
LWPOLYLINE
  5
306
330
17
100
AcDbEntity
  8
ROYAL
100
AcDbPolyline
 90
4
 70
1
 10
500.9572
 20
-86.5604
 10
501.1572
 20
-86.5604
 10
501.1572
 20
-85.5109
 10
500.9572
 20
-85.5109
  0
TEXT
  5
307
330
17
100
AcDbEntity
  8
ETIQUETAS
100
AcDbText
 10
501.0572
 20
-86.0357
 30
0.0
 40
0.044000000000000004
  1
PA-R-129
 72
1
 11
501.0572
 21
-86.0357
 31
0.0
100
AcDbText
 73
2
  0
LWPOLYLINE
  5
308
330
17
100
AcDbEntity
  8
ROYAL
100
AcDbPolyline
 90
4
 70
1
 10
500.5552
 20
-86.5604
 10
500.7552
 20
-86.5604
 10
500.7552
 20
-85.5109
 10
500.5552
 20
-85.5109
  0
TEXT
  5
309
330
17
100
AcDbEntity
  8
ETIQUETAS
100
AcDbText
 10
500.6552
 20
-86.0357
 30
0.0
 40
0.044000000000000004
  1
PA-R-128
 72
1
 11
500.6552
 21
-86.0357
 31
0.0
100
AcDbText
 73
2
  0
LWPOLYLINE
  5
30A
330
17
100
AcDbEntity
  8
ROYAL
100
AcDbPolyline
 90
4
 70
1
 10
500.1532
 20
-86.5604
 10
500.3532
 20
-86.5604
 10
500.3532
 20
-85.5109
 10
500.1532
 20
-85.5109
  0
TEXT
  5
30B
330
17
100
AcDbEntity
  8
ETIQUETAS
100
AcDbText
 10
500.2532
 20
-86.0357
 30
0.0
 40
0.044000000000000004
  1
PA-R-127
 72
1
 11
500.2532
 21
-86.0357
 31
0.0
100
AcDbText
 73
2
  0
LWPOLYLINE
  5
30C
330
17
100
AcDbEntity
  8
MORET-FALTANTES
100
AcDbPolyline
 90
4
 70
1
 10
496.5787
 20
-91.4602
 10
496.754
 20
-91.4602
 10
496.754
 20
-90.3404
 10
496.5787
 20
-90.3404
  0
TEXT
  5
30D
330
17
100
AcDbEntity
  8
ETIQUETAS
100
AcDbText
 10
496.6664
 20
-90.9003
 30
0.0
 40
0.038566
  1
PB-M-122
 72
1
 11
496.6664
 21
-90.9003
 31
0.0
100
AcDbText
 73
2
  0
LWPOLYLINE
  5
30E
330
17
100
AcDbEntity
  8
ROYAL
100
AcDbPolyline
 90
4
 70
1
 10
500.1532
 20
-83.1079
 10
500.3532
 20
-83.1079
 10
500.3532
 20
-82.0907
 10
500.1532
 20
-82.0907
  0
TEXT
  5
30F
330
17
100
AcDbEntity
  8
ETIQUETAS
100
AcDbText
 10
500.2532
 20
-82.5993
 30
0.0
 40
0.044000000000000004
  1
PA-R-021
 72
1
 11
500.2532
 21
-82.5993
 31
0.0
100
AcDbText
 73
2
  0
LWPOLYLINE
  5
310
330
17
100
AcDbEntity
  8
ROYAL
100
AcDbPolyline
 90
4
 70
1
 10
500.5552
 20
-83.1079
 10
500.7552
 20
-83.1079
 10
500.7552
 20
-82.091
 10
500.5552
 20
-82.091
  0
TEXT
  5
311
330
17
100
AcDbEntity
  8
ETIQUETAS
100
AcDbText
 10
500.6552
 20
-82.5995
 30
0.0
 40
0.044000000000000004
  1
PA-R-022
 72
1
 11
500.6552
 21
-82.5995
 31
0.0
100
AcDbText
 73
2
  0
LWPOLYLINE
  5
312
330
17
100
AcDbEntity
  8
ROYAL
100
AcDbPolyline
 90
4
 70
1
 10
500.9572
 20
-83.1079
 10
501.1572
 20
-83.1079
 10
501.1572
 20
-82.0913
 10
500.9572
 20
-82.0913
  0
TEXT
  5
313
330
17
100
AcDbEntity
  8
ETIQUETAS
100
AcDbText
 10
501.0572
 20
-82.5996
 30
0.0
 40
0.044000000000000004
  1
PA-R-023
 72
1
 11
501.0572
 21
-82.5996
 31
0.0
100
AcDbText
 73
2
  0
LWPOLYLINE
  5
314
330
17
100
AcDbEntity
  8
ROYAL
100
AcDbPolyline
 90
4
 70
1
 10
501.3592
 20
-83.1079
 10
501.5592
 20
-83.1079
 10
501.5592
 20
-82.0916
 10
501.3592
 20
-82.0916
  0
TEXT
  5
315
330
17
100
AcDbEntity
  8
ETIQUETAS
100
AcDbText
 10
501.4592
 20
-82.5998
 30
0.0
 40
0.044000000000000004
  1
PA-R-024
 72
1
 11
501.4592
 21
-82.5998
 31
0.0
100
AcDbText
 73
2
  0
LWPOLYLINE
  5
316
330
17
100
AcDbEntity
  8
ROYAL
100
AcDbPolyline
 90
4
 70
1
 10
501.7612
 20
-83.1079
 10
501.96119999999996
 20
-83.1079
 10
501.96119999999996
 20
-82.0919
 10
501.7612
 20
-82.0919
  0
TEXT
  5
317
330
17
100
AcDbEntity
  8
ETIQUETAS
100
AcDbText
 10
501.8612
 20
-82.5999
 30
0.0
 40
0.044000000000000004
  1
PA-R-025
 72
1
 11
501.8612
 21
-82.5999
 31
0.0
100
AcDbText
 73
2
  0
LWPOLYLINE
  5
318
330
17
100
AcDbEntity
  8
ROYAL
100
AcDbPolyline
 90
4
 70
1
 10
502.1632
 20
-83.1079
 10
502.3632
 20
-83.1079
 10
502.3632
 20
-82.0922
 10
502.1632
 20
-82.0922
  0
TEXT
  5
319
330
17
100
AcDbEntity
  8
ETIQUETAS
100
AcDbText
 10
502.2632
 20
-82.6
 30
0.0
 40
0.044000000000000004
  1
PA-R-026
 72
1
 11
502.2632
 21
-82.6
 31
0.0
100
AcDbText
 73
2
  0
LWPOLYLINE
  5
31A
330
17
100
AcDbEntity
  8
MORET-FALTANTES
100
AcDbPolyline
 90
4
 70
1
 10
495.8287
 20
-88.5233
 10
496.15450000000004
 20
-88.5233
 10
496.15450000000004
 20
-87.93430000000001
 10
495.8287
 20
-87.93430000000001
  0
TEXT
  5
31B
330
17
100
AcDbEntity
  8
ETIQUETAS
100
AcDbText
 10
495.9916
 20
-88.2288
 30
0.0
 40
0.055
  1
PB-M-088
 72
1
 11
495.9916
 21
-88.2288
 31
0.0
100
AcDbText
 73
2
  0
LWPOLYLINE
  5
31C
330
17
100
AcDbEntity
  8
MORET-FALTANTES
100
AcDbPolyline
 90
4
 70
1
 10
495.389
 20
-92.5302
 10
495.5546
 20
-92.5302
 10
495.5546
 20
-91.5209
 10
495.389
 20
-91.5209
  0
TEXT
  5
31D
330
17
100
AcDbEntity
  8
ETIQUETAS
100
AcDbText
 10
495.4718
 20
-92.0255
 30
0.0
 40
0.036432
  1
PB-M-139
 72
1
 11
495.4718
 21
-92.0255
 31
0.0
100
AcDbText
 73
2
  0
LWPOLYLINE
  5
31E
330
17
100
AcDbEntity
  8
ROYAL
100
AcDbPolyline
 90
4
 70
1
 10
499.7742
 20
-86.5604
 10
499.95120000000003
 20
-86.5604
 10
499.95120000000003
 20
-85.5109
 10
499.7742
 20
-85.5109
  0
TEXT
  5
31F
330
17
100
AcDbEntity
  8
ETIQUETAS
100
AcDbText
 10
499.8627
 20
-86.0357
 30
0.0
 40
0.038939999999999995
  1
PA-R-126
 72
1
 11
499.8627
 21
-86.0357
 31
0.0
100
AcDbText
 73
2
  0
LWPOLYLINE
  5
320
330
17
100
AcDbEntity
  8
MORET-FALTANTES
100
AcDbPolyline
 90
4
 70
1
 10
505.0652
 20
-86.5604
 10
505.6612
 20
-86.5604
 10
505.6612
 20
-86.2564
 10
505.0652
 20
-86.2564
  0
TEXT
  5
321
330
17
100
AcDbEntity
  8
ETIQUETAS
100
AcDbText
 10
505.3632
 20
-86.4084
 30
0.0
 40
0.055
  1
PA-M-013
 72
1
 11
505.3632
 21
-86.4084
 31
0.0
100
AcDbText
 73
2
  0
LWPOLYLINE
  5
322
330
17
100
AcDbEntity
  8
MORET
100
AcDbPolyline
 90
4
 70
1
 10
505.6632
 20
-86.5604
 10
506.2592
 20
-86.5604
 10
506.2592
 20
-86.2564
 10
505.6632
 20
-86.2564
  0
TEXT
  5
323
330
17
100
AcDbEntity
  8
ETIQUETAS
100
AcDbText
 10
505.9612
 20
-86.4084
 30
0.0
 40
0.055
  1
PA-M-014
 72
1
 11
505.9612
 21
-86.4084
 31
0.0
100
AcDbText
 73
2
  0
LWPOLYLINE
  5
324
330
17
100
AcDbEntity
  8
ROYAL
100
AcDbPolyline
 90
4
 70
1
 10
499.7742
 20
-83.1079
 10
499.95120000000003
 20
-83.1079
 10
499.95120000000003
 20
-82.0906
 10
499.7742
 20
-82.0906
  0
TEXT
  5
325
330
17
100
AcDbEntity
  8
ETIQUETAS
100
AcDbText
 10
499.8627
 20
-82.5992
 30
0.0
 40
0.038939999999999995
  1
PA-R-020
 72
1
 11
499.8627
 21
-82.5992
 31
0.0
100
AcDbText
 73
2
  0
LWPOLYLINE
  5
326
330
17
100
AcDbEntity
  8
MORET-FALTANTES
100
AcDbPolyline
 90
4
 70
1
 10
504.5242
 20
-86.5604
 10
505.0632
 20
-86.5604
 10
505.0632
 20
-86.2564
 10
504.5242
 20
-86.2564
  0
TEXT
  5
327
330
17
100
AcDbEntity
  8
ETIQUETAS
100
AcDbText
 10
504.7937
 20
-86.4084
 30
0.0
 40
0.055
  1
PA-M-012
 72
1
 11
504.7937
 21
-86.4084
 31
0.0
100
AcDbText
 73
2
  0
LWPOLYLINE
  5
328
330
17
100
AcDbEntity
  8
MORET-FALTANTES
100
AcDbPolyline
 90
4
 70
1
 10
494.8187
 20
-89.7194
 10
494.9565
 20
-89.7194
 10
494.9565
 20
-88.52539999999999
 10
494.8187
 20
-88.52539999999999
  0
TEXT
  5
329
330
17
100
AcDbEntity
  8
ETIQUETAS
100
AcDbText
 10
494.8876
 20
-89.1224
 30
0.0
 40
0.030316000000000003
  1
PB-M-099
 72
1
 11
494.8876
 21
-89.1224
 31
0.0
100
AcDbText
 73
2
  0
LWPOLYLINE
  5
32A
330
17
100
AcDbEntity
  8
MORET-FALTANTES
100
AcDbPolyline
 90
4
 70
1
 10
497.352
 20
-90.1604
 10
497.6387
 20
-90.1604
 10
497.6387
 20
-89.7214
 10
497.352
 20
-89.7214
  0
TEXT
  5
32B
330
17
100
AcDbEntity
  8
ETIQUETAS
100
AcDbText
 10
497.4953
 20
-89.9409
 30
0.0
 40
0.055
  1
PB-M-119
 72
1
 11
497.4953
 21
-89.9409
 31
0.0
100
AcDbText
 73
2
  0
LWPOLYLINE
  5
32C
330
17
100
AcDbEntity
  8
ROYAL-FALTANTES
100
AcDbPolyline
 90
6
 70
1
 10
503.548
 20
-84.969
 10
503.548
 20
-84.371
 10
503.748
 20
-84.371
 10
503.748
 20
-84.8804
 10
503.6443
 20
-84.8804
 10
503.6443
 20
-84.969
  0
TEXT
  5
32D
330
17
100
AcDbEntity
  8
ETIQUETAS
100
AcDbText
 10
503.648
 20
-84.67
 30
0.0
 40
0.044000000000000004
  1
PA-R-108
 72
1
 11
503.648
 21
-84.67
 31
0.0
100
AcDbText
 73
2
  0
LWPOLYLINE
  5
32E
330
17
100
AcDbEntity
  8
ROYAL
100
AcDbPolyline
 90
4
 70
1
 10
503.1462
 20
-84.9704
 10
503.3462
 20
-84.9704
 10
503.3462
 20
-84.37089999999999
 10
503.1462
 20
-84.37089999999999
  0
TEXT
  5
32F
330
17
100
AcDbEntity
  8
ETIQUETAS
100
AcDbText
 10
503.2462
 20
-84.6706
 30
0.0
 40
0.044000000000000004
  1
PA-R-110
 72
1
 11
503.2462
 21
-84.6706
 31
0.0
100
AcDbText
 73
2
  0
LWPOLYLINE
  5
330
330
17
100
AcDbEntity
  8
ROYAL-FALTANTES
100
AcDbPolyline
 90
4
 70
1
 10
502.7442
 20
-84.9704
 10
502.94419999999997
 20
-84.9704
 10
502.94419999999997
 20
-84.37089999999999
 10
502.7442
 20
-84.37089999999999
  0
TEXT
  5
331
330
17
100
AcDbEntity
  8
ETIQUETAS
100
AcDbText
 10
502.8442
 20
-84.6706
 30
0.0
 40
0.044000000000000004
  1
PA-R-109
 72
1
 11
502.8442
 21
-84.6706
 31
0.0
100
AcDbText
 73
2
  0
LWPOLYLINE
  5
332
330
17
100
AcDbEntity
  8
ROYAL
100
AcDbPolyline
 90
6
 70
1
 10
506.1332
 20
-90.4209
 10
505.9332
 20
-90.4209
 10
505.9332
 20
-89.8214
 10
506.0242
 20
-89.8214
 10
506.0242
 20
-89.9104
 10
506.1332
 20
-89.9104
  0
TEXT
  5
333
330
17
100
AcDbEntity
  8
ETIQUETAS
100
AcDbText
 10
506.0332
 20
-90.1212
 30
0.0
 40
0.044000000000000004
  1
PA-R-142
 72
1
 11
506.0332
 21
-90.1212
 31
0.0
100
AcDbText
 73
2
  0
LWPOLYLINE
  5
334
330
17
100
AcDbEntity
  8
ROYAL-FALTANTES
100
AcDbPolyline
 90
4
 70
1
 10
505.5312
 20
-90.4209
 10
505.7312
 20
-90.4209
 10
505.7312
 20
-89.8214
 10
505.5312
 20
-89.8214
  0
TEXT
  5
335
330
17
100
AcDbEntity
  8
ETIQUETAS
100
AcDbText
 10
505.6312
 20
-90.1212
 30
0.0
 40
0.044000000000000004
  1
PA-R-141
 72
1
 11
505.6312
 21
-90.1212
 31
0.0
100
AcDbText
 73
2
  0
LWPOLYLINE
  5
336
330
17
100
AcDbEntity
  8
ROYAL
100
AcDbPolyline
 90
4
 70
1
 10
505.1292
 20
-90.4209
 10
505.3292
 20
-90.4209
 10
505.3292
 20
-89.8214
 10
505.1292
 20
-89.8214
  0
TEXT
  5
337
330
17
100
AcDbEntity
  8
ETIQUETAS
100
AcDbText
 10
505.2292
 20
-90.1212
 30
0.0
 40
0.044000000000000004
  1
PA-R-140
 72
1
 11
505.2292
 21
-90.1212
 31
0.0
100
AcDbText
 73
2
  0
LWPOLYLINE
  5
338
330
17
100
AcDbEntity
  8
MORET-FALTANTES
100
AcDbPolyline
 90
4
 70
1
 10
506.2612
 20
-86.5604
 10
506.6142
 20
-86.5604
 10
506.6142
 20
-86.2564
 10
506.2612
 20
-86.2564
  0
TEXT
  5
339
330
17
100
AcDbEntity
  8
ETIQUETAS
100
AcDbText
 10
506.4377
 20
-86.4084
 30
0.0
 40
0.055
  1
PA-M-015
 72
1
 11
506.4377
 21
-86.4084
 31
0.0
100
AcDbText
 73
2
  0
LWPOLYLINE
  5
33A
330
17
100
AcDbEntity
  8
ROYAL
100
AcDbPolyline
 90
4
 70
1
 10
507.5412
 20
-90.4209
 10
507.7412
 20
-90.4209
 10
507.7412
 20
-89.91040000000001
 10
507.5412
 20
-89.91040000000001
  0
TEXT
  5
33B
330
17
100
AcDbEntity
  8
ETIQUETAS
100
AcDbText
 10
507.6412
 20
-90.1656
 30
0.0
 40
0.044000000000000004
  1
PA-R-148
 72
1
 11
507.6412
 21
-90.1656
 31
0.0
100
AcDbText
 73
2
  0
LWPOLYLINE
  5
33C
330
17
100
AcDbEntity
  8
ROYAL-FALTANTES
100
AcDbPolyline
 90
4
 70
1
 10
507.1392
 20
-90.4209
 10
507.3392
 20
-90.4209
 10
507.3392
 20
-89.91040000000001
 10
507.1392
 20
-89.91040000000001
  0
TEXT
  5
33D
330
17
100
AcDbEntity
  8
ETIQUETAS
100
AcDbText
 10
507.2392
 20
-90.1656
 30
0.0
 40
0.044000000000000004
  1
PA-R-147
 72
1
 11
507.2392
 21
-90.1656
 31
0.0
100
AcDbText
 73
2
  0
LWPOLYLINE
  5
33E
330
17
100
AcDbEntity
  8
ROYAL
100
AcDbPolyline
 90
4
 70
1
 10
506.7372
 20
-90.4209
 10
506.93719999999996
 20
-90.4209
 10
506.93719999999996
 20
-89.91040000000001
 10
506.7372
 20
-89.91040000000001
  0
TEXT
  5
33F
330
17
100
AcDbEntity
  8
ETIQUETAS
100
AcDbText
 10
506.8372
 20
-90.1656
 30
0.0
 40
0.044000000000000004
  1
PA-R-146
 72
1
 11
506.8372
 21
-90.1656
 31
0.0
100
AcDbText
 73
2
  0
LWPOLYLINE
  5
340
330
17
100
AcDbEntity
  8
ROYAL-FALTANTES
100
AcDbPolyline
 90
4
 70
1
 10
506.3352
 20
-90.4209
 10
506.5352
 20
-90.4209
 10
506.5352
 20
-89.91040000000001
 10
506.3352
 20
-89.91040000000001
  0
TEXT
  5
341
330
17
100
AcDbEntity
  8
ETIQUETAS
100
AcDbText
 10
506.4352
 20
-90.1656
 30
0.0
 40
0.044000000000000004
  1
PA-R-145
 72
1
 11
506.4352
 21
-90.1656
 31
0.0
100
AcDbText
 73
2
  0
LWPOLYLINE
  5
342
330
17
100
AcDbEntity
  8
ROYAL
100
AcDbPolyline
 90
4
 70
1
 10
504.7272
 20
-90.4209
 10
504.92719999999997
 20
-90.4209
 10
504.92719999999997
 20
-89.91040000000001
 10
504.7272
 20
-89.91040000000001
  0
TEXT
  5
343
330
17
100
AcDbEntity
  8
ETIQUETAS
100
AcDbText
 10
504.8272
 20
-90.1656
 30
0.0
 40
0.044000000000000004
  1
PA-R-144
 72
1
 11
504.8272
 21
-90.1656
 31
0.0
100
AcDbText
 73
2
  0
LWPOLYLINE
  5
344
330
17
100
AcDbEntity
  8
ROYAL-FALTANTES
100
AcDbPolyline
 90
4
 70
1
 10
504.3252
 20
-90.4209
 10
504.5252
 20
-90.4209
 10
504.5252
 20
-89.91040000000001
 10
504.3252
 20
-89.91040000000001
  0
TEXT
  5
345
330
17
100
AcDbEntity
  8
ETIQUETAS
100
AcDbText
 10
504.4252
 20
-90.1656
 30
0.0
 40
0.044000000000000004
  1
PA-R-143
 72
1
 11
504.4252
 21
-90.1656
 31
0.0
100
AcDbText
 73
2
  0
LWPOLYLINE
  5
346
330
17
100
AcDbEntity
  8
ROYAL
100
AcDbPolyline
 90
4
 70
1
 10
507.5682
 20
-84.8804
 10
507.7682
 20
-84.8804
 10
507.7682
 20
-84.37079999999999
 10
507.5682
 20
-84.37079999999999
  0
TEXT
  5
347
330
17
100
AcDbEntity
  8
ETIQUETAS
100
AcDbText
 10
507.6682
 20
-84.6256
 30
0.0
 40
0.044000000000000004
  1
PA-R-107
 72
1
 11
507.6682
 21
-84.6256
 31
0.0
100
AcDbText
 73
2
  0
LWPOLYLINE
  5
348
330
17
100
AcDbEntity
  8
ROYAL-FALTANTES
100
AcDbPolyline
 90
4
 70
1
 10
507.1662
 20
-84.8804
 10
507.3662
 20
-84.8804
 10
507.3662
 20
-84.37079999999999
 10
507.1662
 20
-84.37079999999999
  0
TEXT
  5
349
330
17
100
AcDbEntity
  8
ETIQUETAS
100
AcDbText
 10
507.2662
 20
-84.6256
 30
0.0
 40
0.044000000000000004
  1
PA-R-106
 72
1
 11
507.2662
 21
-84.6256
 31
0.0
100
AcDbText
 73
2
  0
LWPOLYLINE
  5
34A
330
17
100
AcDbEntity
  8
ROYAL
100
AcDbPolyline
 90
4
 70
1
 10
506.7642
 20
-84.8804
 10
506.9642
 20
-84.8804
 10
506.9642
 20
-84.37079999999999
 10
506.7642
 20
-84.37079999999999
  0
TEXT
  5
34B
330
17
100
AcDbEntity
  8
ETIQUETAS
100
AcDbText
 10
506.8642
 20
-84.6256
 30
0.0
 40
0.044000000000000004
  1
PA-R-105
 72
1
 11
506.8642
 21
-84.6256
 31
0.0
100
AcDbText
 73
2
  0
LWPOLYLINE
  5
34C
330
17
100
AcDbEntity
  8
ROYAL-FALTANTES
100
AcDbPolyline
 90
4
 70
1
 10
506.3622
 20
-84.8804
 10
506.56219999999996
 20
-84.8804
 10
506.56219999999996
 20
-84.37079999999999
 10
506.3622
 20
-84.37079999999999
  0
TEXT
  5
34D
330
17
100
AcDbEntity
  8
ETIQUETAS
100
AcDbText
 10
506.4622
 20
-84.6256
 30
0.0
 40
0.044000000000000004
  1
PA-R-104
 72
1
 11
506.4622
 21
-84.6256
 31
0.0
100
AcDbText
 73
2
  0
LWPOLYLINE
  5
34E
330
17
100
AcDbEntity
  8
ROYAL
100
AcDbPolyline
 90
4
 70
1
 10
505.9602
 20
-84.8804
 10
506.1602
 20
-84.8804
 10
506.1602
 20
-84.37079999999999
 10
505.9602
 20
-84.37079999999999
  0
TEXT
  5
34F
330
17
100
AcDbEntity
  8
ETIQUETAS
100
AcDbText
 10
506.0602
 20
-84.6256
 30
0.0
 40
0.044000000000000004
  1
PA-R-103
 72
1
 11
506.0602
 21
-84.6256
 31
0.0
100
AcDbText
 73
2
  0
LWPOLYLINE
  5
350
330
17
100
AcDbEntity
  8
ROYAL-FALTANTES
100
AcDbPolyline
 90
4
 70
1
 10
505.5582
 20
-84.8804
 10
505.7582
 20
-84.8804
 10
505.7582
 20
-84.37079999999999
 10
505.5582
 20
-84.37079999999999
  0
TEXT
  5
351
330
17
100
AcDbEntity
  8
ETIQUETAS
100
AcDbText
 10
505.6582
 20
-84.6256
 30
0.0
 40
0.044000000000000004
  1
PA-R-102
 72
1
 11
505.6582
 21
-84.6256
 31
0.0
100
AcDbText
 73
2
  0
LWPOLYLINE
  5
352
330
17
100
AcDbEntity
  8
ROYAL
100
AcDbPolyline
 90
4
 70
1
 10
505.1562
 20
-84.8804
 10
505.3562
 20
-84.8804
 10
505.3562
 20
-84.37079999999999
 10
505.1562
 20
-84.37079999999999
  0
TEXT
  5
353
330
17
100
AcDbEntity
  8
ETIQUETAS
100
AcDbText
 10
505.2562
 20
-84.6256
 30
0.0
 40
0.044000000000000004
  1
PA-R-101
 72
1
 11
505.2562
 21
-84.6256
 31
0.0
100
AcDbText
 73
2
  0
LWPOLYLINE
  5
354
330
17
100
AcDbEntity
  8
ROYAL-FALTANTES
100
AcDbPolyline
 90
4
 70
1
 10
504.7542
 20
-84.8804
 10
504.9542
 20
-84.8804
 10
504.9542
 20
-84.37079999999999
 10
504.7542
 20
-84.37079999999999
  0
TEXT
  5
355
330
17
100
AcDbEntity
  8
ETIQUETAS
100
AcDbText
 10
504.8542
 20
-84.6256
 30
0.0
 40
0.044000000000000004
  1
PA-R-100
 72
1
 11
504.8542
 21
-84.6256
 31
0.0
100
AcDbText
 73
2
  0
LWPOLYLINE
  5
356
330
17
100
AcDbEntity
  8
ROYAL
100
AcDbPolyline
 90
4
 70
1
 10
504.3522
 20
-84.8804
 10
504.55219999999997
 20
-84.8804
 10
504.55219999999997
 20
-84.37079999999999
 10
504.3522
 20
-84.37079999999999
  0
TEXT
  5
357
330
17
100
AcDbEntity
  8
ETIQUETAS
100
AcDbText
 10
504.4522
 20
-84.6256
 30
0.0
 40
0.044000000000000004
  1
PA-R-099
 72
1
 11
504.4522
 21
-84.6256
 31
0.0
100
AcDbText
 73
2
  0
LWPOLYLINE
  5
358
330
17
100
AcDbEntity
  8
ROYAL-FALTANTES
100
AcDbPolyline
 90
4
 70
1
 10
503.9502
 20
-84.8804
 10
504.1502
 20
-84.8804
 10
504.1502
 20
-84.37079999999999
 10
503.9502
 20
-84.37079999999999
  0
TEXT
  5
359
330
17
100
AcDbEntity
  8
ETIQUETAS
100
AcDbText
 10
504.0502
 20
-84.6256
 30
0.0
 40
0.044000000000000004
  1
PA-R-098
 72
1
 11
504.0502
 21
-84.6256
 31
0.0
100
AcDbText
 73
2
  0
LWPOLYLINE
  5
35A
330
17
100
AcDbEntity
  8
ROYAL
100
AcDbPolyline
 90
4
 70
1
 10
507.5412
 20
-93.3304
 10
507.7412
 20
-93.3304
 10
507.7412
 20
-92.8239
 10
507.5412
 20
-92.8239
  0
TEXT
  5
35B
330
17
100
AcDbEntity
  8
ETIQUETAS
100
AcDbText
 10
507.6412
 20
-93.0772
 30
0.0
 40
0.044000000000000004
  1
PA-R-206
 72
1
 11
507.6412
 21
-93.0772
 31
0.0
100
AcDbText
 73
2
  0
LWPOLYLINE
  5
35C
330
17
100
AcDbEntity
  8
ROYAL-FALTANTES
100
AcDbPolyline
 90
4
 70
1
 10
507.1392
 20
-93.3304
 10
507.3392
 20
-93.3304
 10
507.3392
 20
-92.8239
 10
507.1392
 20
-92.8239
  0
TEXT
  5
35D
330
17
100
AcDbEntity
  8
ETIQUETAS
100
AcDbText
 10
507.2392
 20
-93.0772
 30
0.0
 40
0.044000000000000004
  1
PA-R-205
 72
1
 11
507.2392
 21
-93.0772
 31
0.0
100
AcDbText
 73
2
  0
LWPOLYLINE
  5
35E
330
17
100
AcDbEntity
  8
ROYAL
100
AcDbPolyline
 90
4
 70
1
 10
506.7372
 20
-93.3304
 10
506.93719999999996
 20
-93.3304
 10
506.93719999999996
 20
-92.8239
 10
506.7372
 20
-92.8239
  0
TEXT
  5
35F
330
17
100
AcDbEntity
  8
ETIQUETAS
100
AcDbText
 10
506.8372
 20
-93.0772
 30
0.0
 40
0.044000000000000004
  1
PA-R-204
 72
1
 11
506.8372
 21
-93.0772
 31
0.0
100
AcDbText
 73
2
  0
LWPOLYLINE
  5
360
330
17
100
AcDbEntity
  8
ROYAL-FALTANTES
100
AcDbPolyline
 90
4
 70
1
 10
506.3352
 20
-93.3304
 10
506.5352
 20
-93.3304
 10
506.5352
 20
-92.8239
 10
506.3352
 20
-92.8239
  0
TEXT
  5
361
330
17
100
AcDbEntity
  8
ETIQUETAS
100
AcDbText
 10
506.4352
 20
-93.0772
 30
0.0
 40
0.044000000000000004
  1
PA-R-203
 72
1
 11
506.4352
 21
-93.0772
 31
0.0
100
AcDbText
 73
2
  0
LWPOLYLINE
  5
362
330
17
100
AcDbEntity
  8
ROYAL
100
AcDbPolyline
 90
4
 70
1
 10
505.9332
 20
-93.3304
 10
506.1332
 20
-93.3304
 10
506.1332
 20
-92.8239
 10
505.9332
 20
-92.8239
  0
TEXT
  5
363
330
17
100
AcDbEntity
  8
ETIQUETAS
100
AcDbText
 10
506.0332
 20
-93.0772
 30
0.0
 40
0.044000000000000004
  1
PA-R-202
 72
1
 11
506.0332
 21
-93.0772
 31
0.0
100
AcDbText
 73
2
  0
LWPOLYLINE
  5
364
330
17
100
AcDbEntity
  8
ROYAL-FALTANTES
100
AcDbPolyline
 90
4
 70
1
 10
505.5312
 20
-93.3304
 10
505.7312
 20
-93.3304
 10
505.7312
 20
-92.8239
 10
505.5312
 20
-92.8239
  0
TEXT
  5
365
330
17
100
AcDbEntity
  8
ETIQUETAS
100
AcDbText
 10
505.6312
 20
-93.0772
 30
0.0
 40
0.044000000000000004
  1
PA-R-201
 72
1
 11
505.6312
 21
-93.0772
 31
0.0
100
AcDbText
 73
2
  0
LWPOLYLINE
  5
366
330
17
100
AcDbEntity
  8
ROYAL
100
AcDbPolyline
 90
4
 70
1
 10
505.1292
 20
-93.3304
 10
505.3292
 20
-93.3304
 10
505.3292
 20
-92.8239
 10
505.1292
 20
-92.8239
  0
TEXT
  5
367
330
17
100
AcDbEntity
  8
ETIQUETAS
100
AcDbText
 10
505.2292
 20
-93.0772
 30
0.0
 40
0.044000000000000004
  1
PA-R-200
 72
1
 11
505.2292
 21
-93.0772
 31
0.0
100
AcDbText
 73
2
  0
LWPOLYLINE
  5
368
330
17
100
AcDbEntity
  8
ROYAL-FALTANTES
100
AcDbPolyline
 90
4
 70
1
 10
504.7272
 20
-93.3304
 10
504.92719999999997
 20
-93.3304
 10
504.92719999999997
 20
-92.8239
 10
504.7272
 20
-92.8239
  0
TEXT
  5
369
330
17
100
AcDbEntity
  8
ETIQUETAS
100
AcDbText
 10
504.8272
 20
-93.0772
 30
0.0
 40
0.044000000000000004
  1
PA-R-199
 72
1
 11
504.8272
 21
-93.0772
 31
0.0
100
AcDbText
 73
2
  0
LWPOLYLINE
  5
36A
330
17
100
AcDbEntity
  8
ROYAL
100
AcDbPolyline
 90
4
 70
1
 10
504.3252
 20
-93.3304
 10
504.5252
 20
-93.3304
 10
504.5252
 20
-92.8239
 10
504.3252
 20
-92.8239
  0
TEXT
  5
36B
330
17
100
AcDbEntity
  8
ETIQUETAS
100
AcDbText
 10
504.4252
 20
-93.0772
 30
0.0
 40
0.044000000000000004
  1
PA-R-198
 72
1
 11
504.4252
 21
-93.0772
 31
0.0
100
AcDbText
 73
2
  0
LWPOLYLINE
  5
36C
330
17
100
AcDbEntity
  8
ROYAL-FALTANTES
100
AcDbPolyline
 90
4
 70
1
 10
507.3672
 20
-82.5694
 10
507.5672
 20
-82.5694
 10
507.5672
 20
-82.0905
 10
507.3672
 20
-82.0905
  0
TEXT
  5
36D
330
17
100
AcDbEntity
  8
ETIQUETAS
100
AcDbText
 10
507.4672
 20
-82.3299
 30
0.0
 40
0.044000000000000004
  1
PA-R-019
 72
1
 11
507.4672
 21
-82.3299
 31
0.0
100
AcDbText
 73
2
  0
LWPOLYLINE
  5
36E
330
17
100
AcDbEntity
  8
ROYAL
100
AcDbPolyline
 90
4
 70
1
 10
506.9652
 20
-82.5694
 10
507.16519999999997
 20
-82.5694
 10
507.16519999999997
 20
-82.0905
 10
506.9652
 20
-82.0905
  0
TEXT
  5
36F
330
17
100
AcDbEntity
  8
ETIQUETAS
100
AcDbText
 10
507.0652
 20
-82.3299
 30
0.0
 40
0.044000000000000004
  1
PA-R-018
 72
1
 11
507.0652
 21
-82.3299
 31
0.0
100
AcDbText
 73
2
  0
LWPOLYLINE
  5
370
330
17
100
AcDbEntity
  8
ROYAL-FALTANTES
100
AcDbPolyline
 90
4
 70
1
 10
506.5632
 20
-82.5694
 10
506.7632
 20
-82.5694
 10
506.7632
 20
-82.0905
 10
506.5632
 20
-82.0905
  0
TEXT
  5
371
330
17
100
AcDbEntity
  8
ETIQUETAS
100
AcDbText
 10
506.6632
 20
-82.3299
 30
0.0
 40
0.044000000000000004
  1
PA-R-017
 72
1
 11
506.6632
 21
-82.3299
 31
0.0
100
AcDbText
 73
2
  0
LWPOLYLINE
  5
372
330
17
100
AcDbEntity
  8
ROYAL
100
AcDbPolyline
 90
4
 70
1
 10
506.1612
 20
-82.5694
 10
506.3612
 20
-82.5694
 10
506.3612
 20
-82.0905
 10
506.1612
 20
-82.0905
  0
TEXT
  5
373
330
17
100
AcDbEntity
  8
ETIQUETAS
100
AcDbText
 10
506.2612
 20
-82.3299
 30
0.0
 40
0.044000000000000004
  1
PA-R-016
 72
1
 11
506.2612
 21
-82.3299
 31
0.0
100
AcDbText
 73
2
  0
LWPOLYLINE
  5
374
330
17
100
AcDbEntity
  8
ROYAL-FALTANTES
100
AcDbPolyline
 90
4
 70
1
 10
505.7592
 20
-82.5694
 10
505.9592
 20
-82.5694
 10
505.9592
 20
-82.0905
 10
505.7592
 20
-82.0905
  0
TEXT
  5
375
330
17
100
AcDbEntity
  8
ETIQUETAS
100
AcDbText
 10
505.8592
 20
-82.3299
 30
0.0
 40
0.044000000000000004
  1
PA-R-015
 72
1
 11
505.8592
 21
-82.3299
 31
0.0
100
AcDbText
 73
2
  0
LWPOLYLINE
  5
376
330
17
100
AcDbEntity
  8
ROYAL
100
AcDbPolyline
 90
4
 70
1
 10
505.3572
 20
-82.5694
 10
505.55719999999997
 20
-82.5694
 10
505.55719999999997
 20
-82.0905
 10
505.3572
 20
-82.0905
  0
TEXT
  5
377
330
17
100
AcDbEntity
  8
ETIQUETAS
100
AcDbText
 10
505.4572
 20
-82.3299
 30
0.0
 40
0.044000000000000004
  1
PA-R-014
 72
1
 11
505.4572
 21
-82.3299
 31
0.0
100
AcDbText
 73
2
  0
LWPOLYLINE
  5
378
330
17
100
AcDbEntity
  8
ROYAL-FALTANTES
100
AcDbPolyline
 90
4
 70
1
 10
504.9552
 20
-82.5694
 10
505.1552
 20
-82.5694
 10
505.1552
 20
-82.0905
 10
504.9552
 20
-82.0905
  0
TEXT
  5
379
330
17
100
AcDbEntity
  8
ETIQUETAS
100
AcDbText
 10
505.0552
 20
-82.3299
 30
0.0
 40
0.044000000000000004
  1
PA-R-013
 72
1
 11
505.0552
 21
-82.3299
 31
0.0
100
AcDbText
 73
2
  0
LWPOLYLINE
  5
37A
330
17
100
AcDbEntity
  8
ROYAL
100
AcDbPolyline
 90
4
 70
1
 10
504.5532
 20
-82.5694
 10
504.7532
 20
-82.5694
 10
504.7532
 20
-82.0905
 10
504.5532
 20
-82.0905
  0
TEXT
  5
37B
330
17
100
AcDbEntity
  8
ETIQUETAS
100
AcDbText
 10
504.6532
 20
-82.3299
 30
0.0
 40
0.044000000000000004
  1
PA-R-012
 72
1
 11
504.6532
 21
-82.3299
 31
0.0
100
AcDbText
 73
2
  0
LWPOLYLINE
  5
37C
330
17
100
AcDbEntity
  8
ROYAL-FALTANTES
100
AcDbPolyline
 90
4
 70
1
 10
504.1512
 20
-82.5694
 10
504.3512
 20
-82.5694
 10
504.3512
 20
-82.0905
 10
504.1512
 20
-82.0905
  0
TEXT
  5
37D
330
17
100
AcDbEntity
  8
ETIQUETAS
100
AcDbText
 10
504.2512
 20
-82.3299
 30
0.0
 40
0.044000000000000004
  1
PA-R-011
 72
1
 11
504.2512
 21
-82.3299
 31
0.0
100
AcDbText
 73
2
  0
LWPOLYLINE
  5
37E
330
17
100
AcDbEntity
  8
ROYAL
100
AcDbPolyline
 90
4
 70
1
 10
503.7492
 20
-82.5694
 10
503.94919999999996
 20
-82.5694
 10
503.94919999999996
 20
-82.0905
 10
503.7492
 20
-82.0905
  0
TEXT
  5
37F
330
17
100
AcDbEntity
  8
ETIQUETAS
100
AcDbText
 10
503.8492
 20
-82.3299
 30
0.0
 40
0.044000000000000004
  1
PA-R-010
 72
1
 11
503.8492
 21
-82.3299
 31
0.0
100
AcDbText
 73
2
  0
LWPOLYLINE
  5
380
330
17
100
AcDbEntity
  8
ROYAL-FALTANTES
100
AcDbPolyline
 90
4
 70
1
 10
503.3472
 20
-82.5694
 10
503.5472
 20
-82.5694
 10
503.5472
 20
-82.0905
 10
503.3472
 20
-82.0905
  0
TEXT
  5
381
330
17
100
AcDbEntity
  8
ETIQUETAS
100
AcDbText
 10
503.4472
 20
-82.3299
 30
0.0
 40
0.044000000000000004
  1
PA-R-009
 72
1
 11
503.4472
 21
-82.3299
 31
0.0
100
AcDbText
 73
2
  0
LWPOLYLINE
  5
382
330
17
100
AcDbEntity
  8
ROYAL
100
AcDbPolyline
 90
4
 70
1
 10
502.9452
 20
-82.5694
 10
503.1452
 20
-82.5694
 10
503.1452
 20
-82.0905
 10
502.9452
 20
-82.0905
  0
TEXT
  5
383
330
17
100
AcDbEntity
  8
ETIQUETAS
100
AcDbText
 10
503.0452
 20
-82.3299
 30
0.0
 40
0.044000000000000004
  1
PA-R-008
 72
1
 11
503.0452
 21
-82.3299
 31
0.0
100
AcDbText
 73
2
  0
LWPOLYLINE
  5
384
330
17
100
AcDbEntity
  8
ROYAL-FALTANTES
100
AcDbPolyline
 90
4
 70
1
 10
501.9622
 20
-86.5604
 10
502.1622
 20
-86.5604
 10
502.1622
 20
-86.1114
 10
501.9622
 20
-86.1114
  0
TEXT
  5
385
330
17
100
AcDbEntity
  8
ETIQUETAS
100
AcDbText
 10
502.0622
 20
-86.3359
 30
0.0
 40
0.044000000000000004
  1
PA-R-138
 72
1
 11
502.0622
 21
-86.3359
 31
0.0
100
AcDbText
 73
2
  0
LWPOLYLINE
  5
386
330
17
100
AcDbEntity
  8
ROYAL
100
AcDbPolyline
 90
4
 70
1
 10
501.5602
 20
-86.5604
 10
501.7602
 20
-86.5604
 10
501.7602
 20
-86.1114
 10
501.5602
 20
-86.1114
  0
TEXT
  5
387
330
17
100
AcDbEntity
  8
ETIQUETAS
100
AcDbText
 10
501.6602
 20
-86.3359
 30
0.0
 40
0.044000000000000004
  1
PA-R-137
 72
1
 11
501.6602
 21
-86.3359
 31
0.0
100
AcDbText
 73
2
  0
LWPOLYLINE
  5
388
330
17
100
AcDbEntity
  8
ROYAL-FALTANTES
100
AcDbPolyline
 90
4
 70
1
 10
501.1582
 20
-86.5604
 10
501.3582
 20
-86.5604
 10
501.3582
 20
-86.1114
 10
501.1582
 20
-86.1114
  0
TEXT
  5
389
330
17
100
AcDbEntity
  8
ETIQUETAS
100
AcDbText
 10
501.2582
 20
-86.3359
 30
0.0
 40
0.044000000000000004
  1
PA-R-136
 72
1
 11
501.2582
 21
-86.3359
 31
0.0
100
AcDbText
 73
2
  0
LWPOLYLINE
  5
38A
330
17
100
AcDbEntity
  8
ROYAL
100
AcDbPolyline
 90
4
 70
1
 10
500.7562
 20
-86.5604
 10
500.95619999999997
 20
-86.5604
 10
500.95619999999997
 20
-86.1114
 10
500.7562
 20
-86.1114
  0
TEXT
  5
38B
330
17
100
AcDbEntity
  8
ETIQUETAS
100
AcDbText
 10
500.8562
 20
-86.3359
 30
0.0
 40
0.044000000000000004
  1
PA-R-135
 72
1
 11
500.8562
 21
-86.3359
 31
0.0
100
AcDbText
 73
2
  0
LWPOLYLINE
  5
38C
330
17
100
AcDbEntity
  8
ROYAL-FALTANTES
100
AcDbPolyline
 90
4
 70
1
 10
500.3542
 20
-86.5604
 10
500.5542
 20
-86.5604
 10
500.5542
 20
-86.1114
 10
500.3542
 20
-86.1114
  0
TEXT
  5
38D
330
17
100
AcDbEntity
  8
ETIQUETAS
100
AcDbText
 10
500.4542
 20
-86.3359
 30
0.0
 40
0.044000000000000004
  1
PA-R-134
 72
1
 11
500.4542
 21
-86.3359
 31
0.0
100
AcDbText
 73
2
  0
LWPOLYLINE
  5
38E
330
17
100
AcDbEntity
  8
ROYAL
100
AcDbPolyline
 90
4
 70
1
 10
499.9522
 20
-86.5604
 10
500.1522
 20
-86.5604
 10
500.1522
 20
-86.1114
 10
499.9522
 20
-86.1114
  0
TEXT
  5
38F
330
17
100
AcDbEntity
  8
ETIQUETAS
100
AcDbText
 10
500.0522
 20
-86.3359
 30
0.0
 40
0.044000000000000004
  1
PA-R-133
 72
1
 11
500.0522
 21
-86.3359
 31
0.0
100
AcDbText
 73
2
  0
LWPOLYLINE
  5
390
330
17
100
AcDbEntity
  8
ROYAL-FALTANTES
100
AcDbPolyline
 90
4
 70
1
 10
502.3642
 20
-86.5607
 10
502.56419999999997
 20
-86.5607
 10
502.56419999999997
 20
-86.1117
 10
502.3642
 20
-86.1117
  0
TEXT
  5
391
330
17
100
AcDbEntity
  8
ETIQUETAS
100
AcDbText
 10
502.4642
 20
-86.3362
 30
0.0
 40
0.044000000000000004
  1
PA-R-139
 72
1
 11
502.4642
 21
-86.3362
 31
0.0
100
AcDbText
 73
2
  0
LWPOLYLINE
  5
392
330
17
100
AcDbEntity
  8
ROYAL
100
AcDbPolyline
 90
4
 70
1
 10
507.7422
 20
-92.2224
 10
507.8142
 20
-92.2224
 10
507.8142
 20
-91.02239999999999
 10
507.7422
 20
-91.02239999999999
  0
TEXT
  5
393
330
17
100
AcDbEntity
  8
ETIQUETAS
100
AcDbText
 10
507.7782
 20
-91.6224
 30
0.0
 40
0.022
  1
PA-R-178
 72
1
 11
507.7782
 21
-91.6224
 31
0.0
100
AcDbText
 73
2
  0
LWPOLYLINE
  5
394
330
17
100
AcDbEntity
  8
ROYAL
100
AcDbPolyline
 90
4
 70
1
 10
502.3642
 20
-82.5087
 10
502.56419999999997
 20
-82.5087
 10
502.56419999999997
 20
-82.0905
 10
502.3642
 20
-82.0905
  0
TEXT
  5
395
330
17
100
AcDbEntity
  8
ETIQUETAS
100
AcDbText
 10
502.4642
 20
-82.2996
 30
0.0
 40
0.044000000000000004
  1
PA-R-007
 72
1
 11
502.4642
 21
-82.2996
 31
0.0
100
AcDbText
 73
2
  0
LWPOLYLINE
  5
396
330
17
100
AcDbEntity
  8
ROYAL-FALTANTES
100
AcDbPolyline
 90
4
 70
1
 10
499.9522
 20
-82.5074
 10
500.1522
 20
-82.5074
 10
500.1522
 20
-82.09060000000001
 10
499.9522
 20
-82.09060000000001
  0
TEXT
  5
397
330
17
100
AcDbEntity
  8
ETIQUETAS
100
AcDbText
 10
500.0522
 20
-82.299
 30
0.0
 40
0.044000000000000004
  1
PA-R-001
 72
1
 11
500.0522
 21
-82.299
 31
0.0
100
AcDbText
 73
2
  0
LWPOLYLINE
  5
398
330
17
100
AcDbEntity
  8
ROYAL
100
AcDbPolyline
 90
4
 70
1
 10
500.3542
 20
-82.5074
 10
500.5542
 20
-82.5074
 10
500.5542
 20
-82.0909
 10
500.3542
 20
-82.0909
  0
TEXT
  5
399
330
17
100
AcDbEntity
  8
ETIQUETAS
100
AcDbText
 10
500.4542
 20
-82.2991
 30
0.0
 40
0.044000000000000004
  1
PA-R-002
 72
1
 11
500.4542
 21
-82.2991
 31
0.0
100
AcDbText
 73
2
  0
LWPOLYLINE
  5
39A
330
17
100
AcDbEntity
  8
ROYAL-FALTANTES
100
AcDbPolyline
 90
4
 70
1
 10
500.7562
 20
-82.5074
 10
500.95619999999997
 20
-82.5074
 10
500.95619999999997
 20
-82.0912
 10
500.7562
 20
-82.0912
  0
TEXT
  5
39B
330
17
100
AcDbEntity
  8
ETIQUETAS
100
AcDbText
 10
500.8562
 20
-82.2993
 30
0.0
 40
0.044000000000000004
  1
PA-R-003
 72
1
 11
500.8562
 21
-82.2993
 31
0.0
100
AcDbText
 73
2
  0
LWPOLYLINE
  5
39C
330
17
100
AcDbEntity
  8
ROYAL
100
AcDbPolyline
 90
4
 70
1
 10
501.1582
 20
-82.5074
 10
501.3582
 20
-82.5074
 10
501.3582
 20
-82.09150000000001
 10
501.1582
 20
-82.09150000000001
  0
TEXT
  5
39D
330
17
100
AcDbEntity
  8
ETIQUETAS
100
AcDbText
 10
501.2582
 20
-82.2995
 30
0.0
 40
0.044000000000000004
  1
PA-R-004
 72
1
 11
501.2582
 21
-82.2995
 31
0.0
100
AcDbText
 73
2
  0
LWPOLYLINE
  5
39E
330
17
100
AcDbEntity
  8
ROYAL-FALTANTES
100
AcDbPolyline
 90
4
 70
1
 10
501.5602
 20
-82.5074
 10
501.7602
 20
-82.5074
 10
501.7602
 20
-82.0918
 10
501.5602
 20
-82.0918
  0
TEXT
  5
39F
330
17
100
AcDbEntity
  8
ETIQUETAS
100
AcDbText
 10
501.6602
 20
-82.2996
 30
0.0
 40
0.044000000000000004
  1
PA-R-005
 72
1
 11
501.6602
 21
-82.2996
 31
0.0
100
AcDbText
 73
2
  0
LWPOLYLINE
  5
3A0
330
17
100
AcDbEntity
  8
ROYAL
100
AcDbPolyline
 90
4
 70
1
 10
501.9622
 20
-82.5074
 10
502.1622
 20
-82.5074
 10
502.1622
 20
-82.0921
 10
501.9622
 20
-82.0921
  0
TEXT
  5
3A1
330
17
100
AcDbEntity
  8
ETIQUETAS
100
AcDbText
 10
502.0622
 20
-82.2998
 30
0.0
 40
0.044000000000000004
  1
PA-R-006
 72
1
 11
502.0622
 21
-82.2998
 31
0.0
100
AcDbText
 73
2
  0
LWPOLYLINE
  5
3A2
330
17
100
AcDbEntity
  8
MORET-FALTANTES
100
AcDbPolyline
 90
4
 70
1
 10
502.654
 20
-85.96
 10
502.74219999999997
 20
-85.96
 10
502.74219999999997
 20
-85.05999999999999
 10
502.654
 20
-85.05999999999999
  0
TEXT
  5
3A3
330
17
100
AcDbEntity
  8
ETIQUETAS
100
AcDbText
 10
502.6981
 20
-85.51
 30
0.0
 40
0.022
  1
PA-M-004
 72
1
 11
502.6981
 21
-85.51
 31
0.0
100
AcDbText
 73
2
  0
LWPOLYLINE
  5
3A4
330
17
100
AcDbEntity
  8
MORET-FALTANTES
100
AcDbPolyline
 90
4
 70
1
 10
503.9402
 20
-90.81
 10
504.034
 20
-90.81
 10
504.034
 20
-89.91
 10
503.9402
 20
-89.91
  0
TEXT
  5
3A5
330
17
100
AcDbEntity
  8
ETIQUETAS
100
AcDbText
 10
503.9871
 20
-90.36
 30
0.0
 40
0.022
  1
PA-M-038
 72
1
 11
503.9871
 21
-90.36
 31
0.0
100
AcDbText
 73
2
  0
LWPOLYLINE
  5
3A6
330
17
100
AcDbEntity
  8
ROYAL-FALTANTES
100
AcDbPolyline
 90
4
 70
1
 10
502.565
 20
-85.96
 10
502.654
 20
-85.96
 10
502.654
 20
-85.05999999999999
 10
502.565
 20
-85.05999999999999
  0
TEXT
  5
3A7
330
17
100
AcDbEntity
  8
ETIQUETAS
100
AcDbText
 10
502.6095
 20
-85.51
 30
0.0
 40
0.022
  1
PA-R-124
 72
1
 11
502.6095
 21
-85.51
 31
0.0
100
AcDbText
 73
2
  0
LWPOLYLINE
  5
3A8
330
17
100
AcDbEntity
  8
ROYAL
100
AcDbPolyline
 90
4
 70
1
 10
504.0342
 20
-90.8104
 10
504.1232
 20
-90.8104
 10
504.1232
 20
-89.9104
 10
504.0342
 20
-89.9104
  0
TEXT
  5
3A9
330
17
100
AcDbEntity
  8
ETIQUETAS
100
AcDbText
 10
504.0787
 20
-90.3604
 30
0.0
 40
0.022
  1
PA-R-149
 72
1
 11
504.0787
 21
-90.3604
 31
0.0
100
AcDbText
 73
2
  0
LWPOLYLINE
  5
3AA
330
17
100
AcDbEntity
  8
ROYAL-FALTANTES
100
AcDbPolyline
 90
4
 70
1
 10
507.742
 20
-91.022
 10
507.814
 20
-91.022
 10
507.814
 20
-89.91000000000001
 10
507.742
 20
-89.91000000000001
  0
TEXT
  5
3AB
330
17
100
AcDbEntity
  8
ETIQUETAS
100
AcDbText
 10
507.778
 20
-90.466
 30
0.0
 40
0.022
  1
PA-R-159
 72
1
 11
507.778
 21
-90.466
 31
0.0
100
AcDbText
 73
2
  0
LWPOLYLINE
  5
3AC
330
17
100
AcDbEntity
  8
ROYAL
100
AcDbPolyline
 90
4
 70
1
 10
507.7422
 20
-93.3304
 10
507.8142
 20
-93.3304
 10
507.8142
 20
-92.2234
 10
507.7422
 20
-92.2234
  0
TEXT
  5
3AD
330
17
100
AcDbEntity
  8
ETIQUETAS
100
AcDbText
 10
507.7782
 20
-92.7769
 30
0.0
 40
0.022
  1
PA-R-197
 72
1
 11
507.7782
 21
-92.7769
 31
0.0
100
AcDbText
 73
2
  0
LWPOLYLINE
  5
3AE
330
17
100
AcDbEntity
  8
MORET-FALTANTES
100
AcDbPolyline
 90
4
 70
1
 10
495.5546
 20
-88.4054
 10
495.7087
 20
-88.4054
 10
495.7087
 20
-87.9344
 10
495.5546
 20
-87.9344
  0
TEXT
  5
3AF
330
17
100
AcDbEntity
  8
ETIQUETAS
100
AcDbText
 10
495.6316
 20
-88.1699
 30
0.0
 40
0.033901999999999995
  1
PB-M-087
 72
1
 11
495.6316
 21
-88.1699
 31
0.0
100
AcDbText
 73
2
  0
LWPOLYLINE
  5
3B0
330
17
100
AcDbEntity
  8
MORET-FALTANTES
100
AcDbPolyline
 90
4
 70
1
 10
494.8187
 20
-88.4054
 10
494.9539
 20
-88.4054
 10
494.9539
 20
-87.9344
 10
494.8187
 20
-87.9344
  0
TEXT
  5
3B1
330
17
100
AcDbEntity
  8
ETIQUETAS
100
AcDbText
 10
494.8863
 20
-88.1699
 30
0.0
 40
0.029743999999999996
  1
PB-M-085
 72
1
 11
494.8863
 21
-88.1699
 31
0.0
100
AcDbText
 73
2
  0
LWPOLYLINE
  5
3B2
330
17
100
AcDbEntity
  8
MORET-FALTANTES
100
AcDbPolyline
 90
4
 70
1
 10
494.8187
 20
-90.1604
 10
494.9539
 20
-90.1604
 10
494.9539
 20
-89.7214
 10
494.8187
 20
-89.7214
  0
TEXT
  5
3B3
330
17
100
AcDbEntity
  8
ETIQUETAS
100
AcDbText
 10
494.8863
 20
-89.9409
 30
0.0
 40
0.029743999999999996
  1
PB-M-114
 72
1
 11
494.8863
 21
-89.9409
 31
0.0
100
AcDbText
 73
2
  0
LINE
  5
3B4
330
17
100
AcDbEntity
  8
ZOCLO
100
AcDbLine
 10
493.9086590739558
 20
-92.48041814012245
 30
0.0
 11
491.8086590739603
 21
-92.48041814012244
 31
0.0
  0
LINE
  5
3B5
330
17
100
AcDbEntity
  8
ZOCLO
100
AcDbLine
 10
491.8086590739603
 20
-92.48041814012244
 30
0.0
 11
490.2086590739603
 21
-92.48041814012244
 31
0.0
  0
LINE
  5
3B6
330
17
100
AcDbEntity
  8
ZOCLO
100
AcDbLine
 10
490.2086590739603
 20
-92.48041814012244
 30
0.0
 11
489.58865907395585
 21
-92.48041814012244
 31
0.0
  0
LINE
  5
3B7
330
17
100
AcDbEntity
  8
ZOCLO
100
AcDbLine
 10
489.58865907395585
 20
-92.48041814012244
 30
0.0
 11
489.58865907395585
 21
-83.31041814012247
 31
0.0
  0
LINE
  5
3B8
330
17
100
AcDbEntity
  8
ZOCLO
100
AcDbLine
 10
489.58865907395585
 20
-83.31041814012247
 30
0.0
 11
490.1086590119249
 21
-83.31041814012247
 31
0.0
  0
LINE
  5
3B9
330
17
100
AcDbEntity
  8
ZOCLO
100
AcDbLine
 10
493.05865907395577
 20
-83.31041814012247
 30
0.0
 11
494.05865907395577
 21
-83.31041814012247
 31
0.0
  0
LINE
  5
3BA
330
17
100
AcDbEntity
  8
ZOCLO
100
AcDbLine
 10
496.5086590739557
 20
-83.31041814012247
 30
0.0
 11
497.5286590739558
 21
-83.31041814012247
 31
0.0
  0
LINE
  5
3BB
330
17
100
AcDbEntity
  8
ZOCLO
100
AcDbLine
 10
497.5286590739558
 20
-83.31041814012247
 30
0.0
 11
497.5286590739558
 21
-85.41041814012249
 31
0.0
  0
LINE
  5
3BC
330
17
100
AcDbEntity
  8
ZOCLO
100
AcDbLine
 10
497.5286590739558
 20
-85.41041814012249
 30
0.0
 11
497.5286590739558
 21
-86.91041814012247
 31
0.0
  0
LINE
  5
3BD
330
17
100
AcDbEntity
  8
ZOCLO
100
AcDbLine
 10
497.5286590739558
 20
-86.91041814012247
 30
0.0
 11
497.5286590739558
 21
-87.81041814012248
 31
0.0
  0
LINE
  5
3BE
330
17
100
AcDbEntity
  8
ZOCLO
100
AcDbLine
 10
497.5286590739558
 20
-87.81041814012248
 30
0.0
 11
496.70865907395574
 21
-87.81041814012245
 31
0.0
  0
LINE
  5
3BF
330
17
100
AcDbEntity
  8
ZOCLO
100
AcDbLine
 10
496.70865907395574
 20
-87.81041814012245
 30
0.0
 11
496.70865907395574
 21
-87.92846688416894
 31
0.0
  0
LINE
  5
3C0
330
17
100
AcDbEntity
  8
ZOCLO
100
AcDbLine
 10
495.86767722442187
 20
-87.8840725737864
 30
0.0
 11
495.86767722442187
 21
-87.82277361244974
 31
0.0
  0
LINE
  5
3C1
330
17
100
AcDbEntity
  8
ZOCLO
100
AcDbLine
 10
495.86767722442187
 20
-87.82277361244974
 30
0.0
 11
495.66980666255836
 21
-87.82277361244974
 31
0.0
  0
LINE
  5
3C2
330
17
100
AcDbEntity
  8
ZOCLO
100
AcDbLine
 10
495.66980666255836
 20
-87.82277361244974
 30
0.0
 11
495.66980666255836
 21
-88.36871500743398
 31
0.0
  0
LINE
  5
3C3
330
17
100
AcDbEntity
  8
ZOCLO
100
AcDbLine
 10
495.66980666255836
 20
-88.36871500743398
 30
0.0
 11
494.8686590739558
 21
-88.36871500743398
 31
0.0
  0
LINE
  5
3C4
330
17
100
AcDbEntity
  8
ZOCLO
100
AcDbLine
 10
494.8686590739558
 20
-88.36871500743398
 30
0.0
 11
494.8686590739558
 21
-87.81041814012247
 31
0.0
  0
LINE
  5
3C5
330
17
100
AcDbEntity
  8
ZOCLO
100
AcDbLine
 10
494.8686590739558
 20
-87.81041814012247
 30
0.0
 11
494.58865907395585
 21
-87.81041814012245
 31
0.0
  0
LINE
  5
3C6
330
17
100
AcDbEntity
  8
ZOCLO
100
AcDbLine
 10
494.58865907395585
 20
-87.81041814012245
 30
0.0
 11
494.58865907395585
 21
-90.39041814012246
 31
0.0
  0
LINE
  5
3C7
330
17
100
AcDbEntity
  8
ZOCLO
100
AcDbLine
 10
494.58865907395585
 20
-90.39041814012246
 30
0.0
 11
496.3486592055438
 21
-90.39041814012246
 31
0.0
  0
LINE
  5
3C8
330
17
100
AcDbEntity
  8
ZOCLO
100
AcDbLine
 10
496.3486592055438
 20
-90.39041814012246
 30
0.0
 11
496.34866131095424
 21
-91.1904173646559
 31
0.0
  0
LINE
  5
3C9
330
17
100
AcDbEntity
  8
ZOCLO
100
AcDbLine
 10
496.34866131095424
 20
-91.1904173646559
 30
0.0
 11
496.1386614425358
 21
-91.1904203254074
 31
0.0
  0
LINE
  5
3CA
330
17
100
AcDbEntity
  8
ZOCLO
100
AcDbLine
 10
496.1386614425358
 20
-91.1904203254074
 30
0.0
 11
496.1386614425358
 21
-91.30818748966612
 31
0.0
  0
LINE
  5
3CB
330
17
100
AcDbEntity
  8
ZOCLO
100
AcDbLine
 10
496.1386614425358
 20
-91.35166749548955
 30
0.0
 11
496.1386614425358
 21
-91.4704200000563
 31
0.0
  0
LINE
  5
3CC
330
17
100
AcDbEntity
  8
ZOCLO
100
AcDbLine
 10
496.1386614425358
 20
-91.4704200000563
 30
0.0
 11
496.628661552197
 21
-91.47041628013456
 31
0.0
  0
LINE
  5
3CD
330
17
100
AcDbEntity
  8
ZOCLO
100
AcDbLine
 10
496.628661552197
 20
-91.47041628013456
 30
0.0
 11
496.6286591836127
 21
-90.39041814012246
 31
0.0
  0
LINE
  5
3CE
330
17
100
AcDbEntity
  8
ZOCLO
100
AcDbLine
 10
496.6286591836127
 20
-90.39041814012246
 30
0.0
 11
497.5286590739558
 21
-90.39041814012246
 31
0.0
  0
LINE
  5
3CF
330
17
100
AcDbEntity
  8
ZOCLO
100
AcDbLine
 10
497.5286590739558
 20
-90.39041814012246
 30
0.0
 11
497.5286590739558
 21
-90.61041814012248
 31
0.0
  0
LINE
  5
3D0
330
17
100
AcDbEntity
  8
ZOCLO
100
AcDbLine
 10
497.5286590739558
 20
-90.61041814012248
 30
0.0
 11
497.5286590739558
 21
-92.41041814012246
 31
0.0
  0
LINE
  5
3D1
330
17
100
AcDbEntity
  8
ZOCLO
100
AcDbLine
 10
497.5286590739558
 20
-92.41041814012246
 30
0.0
 11
497.5286590739558
 21
-92.48041814012247
 31
0.0
  0
LINE
  5
3D2
330
17
100
AcDbEntity
  8
ZOCLO
100
AcDbLine
 10
497.5286590739558
 20
-92.48041814012247
 30
0.0
 11
495.43865907395065
 21
-92.48041814012247
 31
0.0
  0
LINE
  5
3D3
330
17
100
AcDbEntity
  8
ZOCLO
100
AcDbLine
 10
495.43865907395065
 20
-92.48041814012247
 30
0.0
 11
495.43865907395065
 21
-91.37600063111904
 31
0.0
  0
LINE
  5
3D4
330
17
100
AcDbEntity
  8
ZOCLO
100
AcDbLine
 10
495.43865907395065
 20
-91.3170136276226
 30
0.0
 11
495.43865907395065
 21
-91.19041814012246
 31
0.0
  0
LINE
  5
3D5
330
17
100
AcDbEntity
  8
ZOCLO
100
AcDbLine
 10
495.43865907395065
 20
-91.19041814012246
 30
0.0
 11
495.1586590739558
 21
-91.19041814012246
 31
0.0
  0
LINE
  5
3D6
330
17
100
AcDbEntity
  8
ZOCLO
100
AcDbLine
 10
495.1586590739558
 20
-91.19041814012246
 30
0.0
 11
495.1586590739558
 21
-92.56764914232303
 31
0.0
  0
LINE
  5
3D7
330
17
100
AcDbEntity
  8
ZOCLO
100
AcDbLine
 10
504.40593287756883
 20
-85.81041806531037
 30
0.0
 11
504.29255415970124
 21
-85.81041806531037
 31
0.0
  0
LINE
  5
3D8
330
17
100
AcDbEntity
  8
ZOCLO
100
AcDbLine
 10
504.29255415970124
 20
-85.81041806531037
 30
0.0
 11
504.29255415970124
 21
-86.5104181555369
 31
0.0
  0
LINE
  5
3D9
330
17
100
AcDbEntity
  8
ZOCLO
100
AcDbLine
 10
504.29255415970124
 20
-86.5104181555369
 30
0.0
 11
503.8942197458156
 21
-86.5104181555369
 31
0.0
  0
LINE
  5
3DA
330
17
100
AcDbEntity
  8
ZOCLO
100
AcDbLine
 10
503.8942197458156
 20
-86.5104181555369
 30
0.0
 11
503.8942197458156
 21
-89.96041815553689
 31
0.0
  0
LINE
  5
3DB
330
17
100
AcDbEntity
  8
ZOCLO
100
AcDbLine
 10
503.8942197458156
 20
-89.96041815553689
 30
0.0
 11
503.94421974581553
 21
-89.96041815553689
 31
0.0
  0
LINE
  5
3DC
330
17
100
AcDbEntity
  8
ZOCLO
100
AcDbLine
 10
505.17421974581555
 20
-89.78226128841982
 30
0.0
 11
505.17421974581555
 21
-89.68041815553688
 31
0.0
  0
LINE
  5
3DD
330
17
100
AcDbEntity
  8
ZOCLO
100
AcDbLine
 10
505.17421974581555
 20
-89.68041815553688
 30
0.0
 11
504.17421974581555
 21
-89.68041815553688
 31
0.0
  0
LINE
  5
3DE
330
17
100
AcDbEntity
  8
ZOCLO
100
AcDbLine
 10
504.17421974581555
 20
-89.68041815553688
 30
0.0
 11
504.17421974581555
 21
-86.79041815553687
 31
0.0
  0
LINE
  5
3DF
330
17
100
AcDbEntity
  8
ZOCLO
100
AcDbLine
 10
504.17421974581555
 20
-86.79041815553687
 30
0.0
 11
506.17213753598264
 21
-86.79041815553687
 31
0.0
  0
LINE
  5
3E0
330
17
100
AcDbEntity
  8
ZOCLO
100
AcDbLine
 10
506.17213753598264
 20
-86.79041815553687
 30
0.0
 11
506.17213753598264
 21
-88.40952935835492
 31
0.0
  0
LINE
  5
3E1
330
17
100
AcDbEntity
  8
ZOCLO
100
AcDbLine
 10
506.17213753598264
 20
-88.40952935835492
 30
0.0
 11
506.25710766505983
 21
-88.40952935835492
 31
0.0
  0
LINE
  5
3E2
330
17
100
AcDbEntity
  8
ZOCLO
100
AcDbLine
 10
503.94421974581553
 20
-90.76041815553691
 30
0.0
 11
503.8942197458156
 21
-90.76041815553691
 31
0.0
  0
LINE
  5
3E3
330
17
100
AcDbEntity
  8
ZOCLO
100
AcDbLine
 10
503.8942197458156
 20
-90.76041815553691
 30
0.0
 11
503.8942197458156
 21
-92.48041813821024
 31
0.0
  0
LINE
  5
3E4
330
17
100
AcDbEntity
  8
ZOCLO
100
AcDbLine
 10
503.8942197458156
 20
-92.48041813821024
 30
0.0
 11
502.7886995862468
 21
-92.48041813821024
 31
0.0
  0
LINE
  5
3E5
330
17
100
AcDbEntity
  8
ZOCLO
100
AcDbLine
 10
502.79421974581544
 20
-86.74160174812631
 30
0.0
 11
502.79421974581544
 21
-85.91041813821028
 31
0.0
  0
LINE
  5
3E6
330
17
100
AcDbEntity
  8
ZOCLO
100
AcDbLine
 10
502.79421974581544
 20
-85.91041813821028
 30
0.0
 11
502.6642063930376
 21
-85.91041813821028
 31
0.0
  0
LINE
  5
3E7
330
17
100
AcDbEntity
  8
ZOCLO
100
AcDbLine
 10
503.59432164606426
 20
-84.99822429248479
 30
0.0
 11
503.59432164606426
 21
-85.11041805886734
 31
0.0
  0
LINE
  5
3E8
330
17
100
AcDbEntity
  8
ZOCLO
100
AcDbLine
 10
503.59432164606426
 20
-85.11041805886734
 30
0.0
 11
504.3998712701234
 21
-85.11041805886734
 31
0.0
  0
LINE
  5
3E9
330
17
100
AcDbEntity
  8
ZOCLO
100
AcDbLine
 10
504.4452426557282
 20
-85.11041805886734
 30
0.0
 11
506.61421974581543
 21
-85.11041805886734
 31
0.0
  0
LINE
  5
3EA
330
17
100
AcDbEntity
  8
ZOCLO
100
AcDbLine
 10
506.61421974581543
 20
-86.5104181555369
 30
0.0
 11
504.57255440625784
 21
-86.5104181555369
 31
0.0
  0
LINE
  5
3EB
330
17
100
AcDbEntity
  8
ZOCLO
100
AcDbLine
 10
504.57255440625784
 20
-86.5104181555369
 30
0.0
 11
504.57255440625784
 21
-85.81041806531039
 31
0.0
  0
LINE
  5
3EC
330
17
100
AcDbEntity
  8
ZOCLO
100
AcDbLine
 10
504.57255440625784
 20
-85.81041806531039
 30
0.0
 11
504.4541658157907
 21
-85.81041806531039
 31
0.0
  0
LINE
  5
3ED
330
17
100
AcDbEntity
  8
ZOCLO
100
AcDbLine
 10
493.95865907395574
 20
-92.59803370625264
 30
0.0
 11
493.95865907395574
 21
-92.48041814012245
 31
0.0
  0
LINE
  5
3EE
330
17
100
AcDbEntity
  8
ZOCLO
100
AcDbLine
 10
493.95865907395574
 20
-92.48041814012245
 30
0.0
 11
493.90865907395585
 21
-92.48041814012245
 31
0.0
  0
LINE
  5
3EF
330
17
100
AcDbEntity
  8
ZOCLO
100
AcDbLine
 10
494.1086590739558
 20
-83.21587234391745
 30
0.0
 11
494.1086590739558
 21
-83.31041814012247
 31
0.0
  0
LINE
  5
3F0
330
17
100
AcDbEntity
  8
ZOCLO
100
AcDbLine
 10
494.1086590739558
 20
-83.31041814012247
 30
0.0
 11
494.0586590739559
 21
-83.31041814012247
 31
0.0
  0
LINE
  5
3F1
330
17
100
AcDbEntity
  8
ZOCLO
100
AcDbLine
 10
493.008659073956
 20
-83.21512729942788
 30
0.0
 11
493.008659073956
 21
-83.31041814012247
 31
0.0
  0
LINE
  5
3F2
330
17
100
AcDbEntity
  8
ZOCLO
100
AcDbLine
 10
493.008659073956
 20
-83.31041814012247
 30
0.0
 11
493.0586590739559
 21
-83.31041814012247
 31
0.0
  0
LINE
  5
3F3
330
17
100
AcDbEntity
  8
ZOCLO
100
AcDbLine
 10
493.05865907395577
 20
-83.03041814012246
 30
0.0
 11
494.05865907395577
 21
-83.03041814012246
 31
0.0
  0
LINE
  5
3F4
330
17
100
AcDbEntity
  8
ZOCLO
100
AcDbLine
 10
496.45865907395597
 20
-83.21128443837642
 30
0.0
 11
496.45865907395597
 21
-83.31041814012247
 31
0.0
  0
LINE
  5
3F5
330
17
100
AcDbEntity
  8
ZOCLO
100
AcDbLine
 10
496.45865907395597
 20
-83.31041814012247
 30
0.0
 11
496.50865907395587
 21
-83.31041814012247
 31
0.0
  0
LINE
  5
3F6
330
17
100
AcDbEntity
  8
ZOCLO
100
AcDbLine
 10
494.1086590739558
 20
-83.12496393632748
 30
0.0
 11
494.1086590739558
 21
-83.03041814012246
 31
0.0
  0
LINE
  5
3F7
330
17
100
AcDbEntity
  8
ZOCLO
100
AcDbLine
 10
494.1086590739558
 20
-83.03041814012246
 30
0.0
 11
494.0586590739559
 21
-83.03041814012246
 31
0.0
  0
LINE
  5
3F8
330
17
100
AcDbEntity
  8
ZOCLO
100
AcDbLine
 10
493.008659073956
 20
-83.12570898081705
 30
0.0
 11
493.008659073956
 21
-83.03041814012246
 31
0.0
  0
LINE
  5
3F9
330
17
100
AcDbEntity
  8
ZOCLO
100
AcDbLine
 10
493.008659073956
 20
-83.03041814012246
 30
0.0
 11
493.0586590739559
 21
-83.03041814012246
 31
0.0
  0
LINE
  5
3FA
330
17
100
AcDbEntity
  8
ZOCLO
100
AcDbLine
 10
490.15865901192484
 20
-83.21587234391745
 30
0.0
 11
490.15865901192484
 21
-83.31041814012247
 31
0.0
  0
LINE
  5
3FB
330
17
100
AcDbEntity
  8
ZOCLO
100
AcDbLine
 10
490.15865901192484
 20
-83.31041814012247
 30
0.0
 11
490.10865901192494
 21
-83.31041814012247
 31
0.0
  0
LINE
  5
3FC
330
17
100
AcDbEntity
  8
ZOCLO
100
AcDbLine
 10
490.15865907395573
 20
-83.12496393632748
 30
0.0
 11
490.15865907395573
 21
-83.03041814012246
 31
0.0
  0
LINE
  5
3FD
330
17
100
AcDbEntity
  8
ZOCLO
100
AcDbLine
 10
490.15865907395573
 20
-83.03041814012246
 30
0.0
 11
490.10865907395583
 21
-83.03041814012246
 31
0.0
  0
LINE
  5
3FE
330
17
100
AcDbEntity
  8
ZOCLO
100
AcDbLine
 10
489.58865907395585
 20
-80.82590053661966
 30
0.0
 11
489.58865907395585
 21
-83.03041814012246
 31
0.0
  0
LINE
  5
3FF
330
17
100
AcDbEntity
  8
ZOCLO
100
AcDbLine
 10
489.58865907395585
 20
-83.03041814012246
 30
0.0
 11
490.1086590739557
 21
-83.03041814012246
 31
0.0
  0
LINE
  5
400
330
17
100
AcDbEntity
  8
ZOCLO
100
AcDbLine
 10
496.50865907395576
 20
-83.03041814012246
 30
0.0
 11
497.75865907395587
 21
-83.03041814012246
 31
0.0
  0
LINE
  5
401
330
17
100
AcDbEntity
  8
ZOCLO
100
AcDbLine
 10
496.45865907395597
 20
-83.12570898081705
 30
0.0
 11
496.45865907395597
 21
-83.03041814012246
 31
0.0
  0
LINE
  5
402
330
17
100
AcDbEntity
  8
ZOCLO
100
AcDbLine
 10
496.45865907395597
 20
-83.03041814012246
 30
0.0
 11
496.50865907395587
 21
-83.03041814012246
 31
0.0
  0
LINE
  5
403
330
17
100
AcDbEntity
  8
ZOCLO
100
AcDbLine
 10
502.79326367353883
 20
-84.99822429248479
 30
0.0
 11
502.79326367353883
 21
-85.11041805886734
 31
0.0
  0
LINE
  5
404
330
17
100
AcDbEntity
  8
ZOCLO
100
AcDbLine
 10
502.79326367353883
 20
-85.11041805886734
 30
0.0
 11
502.6628976748402
 21
-85.11041805886734
 31
0.0
  0
LINE
  5
405
330
17
100
AcDbEntity
  8
ZOCLO
100
AcDbLine
 10
502.79421974581544
 20
-86.74160174812631
 30
0.0
 11
502.79421974581544
 21
-86.78441522869936
 31
0.0
  0
LINE
  5
406
330
17
100
AcDbEntity
  8
ZOCLO
100
AcDbLine
 10
502.79421974581544
 20
-86.78441522869936
 30
0.0
 11
499.8140219572475
 21
-86.78441522869936
 31
0.0
  0
LINE
  5
407
330
17
100
AcDbEntity
  8
ZOCLO
100
AcDbLine
 10
499.8140219572475
 20
-86.78441522869936
 30
0.0
 11
499.8140219572475
 21
-88.94041813821033
 31
0.0
  0
LINE
  5
408
330
17
100
AcDbEntity
  8
ZOCLO
100
AcDbLine
 10
506.32413840641686
 20
-88.40952935835492
 30
0.0
 11
506.3938021525897
 21
-88.40952935835492
 31
0.0
  0
LINE
  5
409
330
17
100
AcDbEntity
  8
ZOCLO
100
AcDbLine
 10
506.3938021525897
 20
-88.40952935835492
 30
0.0
 11
506.3938021525904
 21
-87.91041813820831
 31
0.0
  0
LINE
  5
40A
330
17
100
AcDbEntity
  8
ZOCLO
100
AcDbLine
 10
506.32413840641686
 20
-89.0826799015673
 30
0.0
 11
506.3938021525897
 21
-89.0826799015673
 31
0.0
  0
LINE
  5
40B
330
17
100
AcDbEntity
  8
ZOCLO
100
AcDbLine
 10
506.3938021525897
 20
-89.0826799015673
 30
0.0
 11
506.3938021525897
 21
-89.68041812446094
 31
0.0
  0
LINE
  5
40C
330
17
100
AcDbEntity
  8
ZOCLO
100
AcDbLine
 10
506.3938021525897
 20
-89.68041812446094
 30
0.0
 11
507.76421974581547
 21
-89.6804181377262
 31
0.0
  0
LINE
  5
40D
330
17
100
AcDbEntity
  8
ZOCLO
100
AcDbLine
 10
507.76421974581547
 20
-89.6804181377262
 30
0.0
 11
507.7642197458148
 21
-88.87041813820495
 31
0.0
  0
LINE
  5
40E
330
17
100
AcDbEntity
  8
ZOCLO
100
AcDbLine
 10
507.7642197458148
 20
-88.87041813820495
 30
0.0
 11
507.7642197458157
 21
-87.91041813820831
 31
0.0
  0
LINE
  5
40F
330
17
100
AcDbEntity
  8
ZOCLO
100
AcDbLine
 10
505.9796773765198
 20
-89.7833650642184
 30
0.0
 11
505.9796773765198
 21
-89.6804181263481
 31
0.0
  0
LINE
  5
410
330
17
100
AcDbEntity
  8
ZOCLO
100
AcDbLine
 10
505.9796773765198
 20
-89.6804181263481
 30
0.0
 11
506.17463733904106
 21
-89.68041812446094
 31
0.0
  0
LINE
  5
411
330
17
100
AcDbEntity
  8
ZOCLO
100
AcDbLine
 10
506.17463733904106
 20
-89.68041812446094
 30
0.0
 11
506.17463733904106
 21
-89.0826799015673
 31
0.0
  0
LINE
  5
412
330
17
100
AcDbEntity
  8
ZOCLO
100
AcDbLine
 10
506.17463733904106
 20
-89.0826799015673
 30
0.0
 11
506.2443010852139
 21
-89.0826799015673
 31
0.0
  0
LINE
  5
413
330
17
100
AcDbEntity
  8
ZOCLO
100
AcDbLine
 10
494.8686590739558
 20
-90.11041814012248
 30
0.0
 11
494.8686590739558
 21
-88.56041814012247
 31
0.0
  0
LINE
  5
414
330
17
100
AcDbEntity
  8
ZOCLO
100
AcDbLine
 10
494.8686590739558
 20
-88.56041814012247
 30
0.0
 11
495.86767722442187
 21
-88.56041814012247
 31
0.0
  0
LINE
  5
415
330
17
100
AcDbEntity
  8
ZOCLO
100
AcDbLine
 10
495.86767722442187
 20
-88.56041814012247
 30
0.0
 11
495.86767722442187
 21
-88.00319978099219
 31
0.0
  0
LINE
  5
416
330
17
100
AcDbEntity
  8
ZOCLO
100
AcDbLine
 10
497.6438047711454
 20
-88.65064266595255
 30
0.0
 11
496.71489719100674
 21
-88.65064266595255
 31
0.0
  0
LINE
  5
417
330
17
100
AcDbEntity
  8
ZOCLO
100
AcDbLine
 10
496.71489719100674
 20
-88.65064266595255
 30
0.0
 11
496.71489719100674
 21
-88.01057092149995
 31
0.0
  0
LINE
  5
418
330
17
100
AcDbEntity
  8
ZOCLO
100
AcDbLine
 10
506.0733175748851
 20
-103.69377760114352
 30
0.0
 11
507.217094713263
 21
-103.69377760114352
 31
0.0
  0
LINE
  5
419
330
17
100
AcDbEntity
  8
MUROS
100
AcDbLine
 10
489.53865907395584
 20
-83.08041525724154
 30
0.0
 11
489.35865907395583
 21
-83.08041525724154
 31
0.0
  0
LINE
  5
41A
330
17
100
AcDbEntity
  8
MUROS
100
AcDbLine
 10
489.35865907395583
 20
-83.08041525724154
 30
0.0
 11
489.35865907395583
 21
-79.71041814012247
 31
0.0
  0
LINE
  5
41B
330
17
100
AcDbEntity
  8
MUROS
100
AcDbLine
 10
489.35865907395583
 20
-79.71041814012247
 30
0.0
 11
498.85865907395583
 21
-79.71041814012247
 31
0.0
  0
LINE
  5
41C
330
17
100
AcDbEntity
  8
MUROS
100
AcDbLine
 10
498.85865907395583
 20
-79.71041814012247
 30
0.0
 11
498.85865907395583
 21
-79.86041814012248
 31
0.0
  0
LINE
  5
41D
330
17
100
AcDbEntity
  8
MUROS
100
AcDbLine
 10
498.85865907395583
 20
-79.86041814012248
 30
0.0
 11
489.53865907395584
 21
-79.86041814012248
 31
0.0
  0
LINE
  5
41E
330
17
100
AcDbEntity
  8
MUROS
100
AcDbLine
 10
493.0586590739559
 20
-83.08041814012246
 30
0.0
 11
494.0586590739559
 21
-83.08041814012246
 31
0.0
  0
LINE
  5
41F
330
17
100
AcDbEntity
  8
MUROS
100
AcDbLine
 10
494.0586590739559
 20
-83.08041814012246
 30
0.0
 11
494.0586590739559
 21
-83.26041814012247
 31
0.0
  0
LINE
  5
420
330
17
100
AcDbEntity
  8
MUROS
100
AcDbLine
 10
494.0586590739559
 20
-83.26041814012247
 30
0.0
 11
493.0586590739559
 21
-83.26041814012247
 31
0.0
  0
LINE
  5
421
330
17
100
AcDbEntity
  8
MUROS
100
AcDbLine
 10
497.75865907395587
 20
-90.61041814012248
 30
0.0
 11
497.75865907395587
 21
-92.41041814012246
 31
0.0
  0
LINE
  5
422
330
17
100
AcDbEntity
  8
MUROS
100
AcDbLine
 10
497.57865907395586
 20
-92.41041814012246
 30
0.0
 11
497.57865907395586
 21
-90.61041814012248
 31
0.0
  0
LINE
  5
423
330
17
100
AcDbEntity
  8
MUROS
100
AcDbLine
 10
491.9086590739604
 20
-92.53041814012244
 30
0.0
 11
493.90865907395585
 21
-92.53041814012245
 31
0.0
  0
LINE
  5
424
330
17
100
AcDbEntity
  8
MUROS
100
AcDbLine
 10
493.90865907395585
 20
-92.53041814012245
 30
0.0
 11
493.90865907395585
 21
-92.71041814012244
 31
0.0
  0
LINE
  5
425
330
17
100
AcDbEntity
  8
MUROS
100
AcDbLine
 10
493.90865907395585
 20
-92.71041814012244
 30
0.0
 11
491.9086590739604
 21
-92.71041814012244
 31
0.0
  0
LINE
  5
426
330
17
100
AcDbEntity
  8
MUROS
100
AcDbLine
 10
491.9086590739604
 20
-92.53041814012244
 30
0.0
 11
490.10865907396044
 21
-92.53041814012244
 31
0.0
  0
LINE
  5
427
330
17
100
AcDbEntity
  8
MUROS
100
AcDbLine
 10
496.50865907395587
 20
-83.08041814012246
 30
0.0
 11
497.75865907395587
 21
-83.08041814012246
 31
0.0
  0
LINE
  5
428
330
17
100
AcDbEntity
  8
MUROS
100
AcDbLine
 10
497.75865907395587
 20
-83.08041814012246
 30
0.0
 11
497.75865907395587
 21
-85.41041814012249
 31
0.0
  0
LINE
  5
429
330
17
100
AcDbEntity
  8
MUROS
100
AcDbLine
 10
497.75865907395587
 20
-85.41041814012249
 30
0.0
 11
497.57865907395586
 21
-85.41041814012249
 31
0.0
  0
LINE
  5
42A
330
17
100
AcDbEntity
  8
MUROS
100
AcDbLine
 10
497.57865907395586
 20
-85.41041814012249
 30
0.0
 11
497.57865907395586
 21
-83.26041814012247
 31
0.0
  0
LINE
  5
42B
330
17
100
AcDbEntity
  8
MUROS
100
AcDbLine
 10
497.57865907395586
 20
-83.26041814012247
 30
0.0
 11
496.50865907395587
 21
-83.26041814012247
 31
0.0
  0
LINE
  5
42C
330
17
100
AcDbEntity
  8
MUROS
100
AcDbLine
 10
489.35865907395583
 20
-83.08041525724154
 30
0.0
 11
489.35865907395583
 21
-92.71041814012243
 31
0.0
  0
LINE
  5
42D
330
17
100
AcDbEntity
  8
MUROS
100
AcDbLine
 10
489.35865907395583
 20
-92.71041814012243
 30
0.0
 11
490.10865907396044
 21
-92.71041814012243
 31
0.0
  0
LINE
  5
42E
330
17
100
AcDbEntity
  8
MUROS
100
AcDbLine
 10
490.10865907396044
 20
-92.71041814012243
 30
0.0
 11
490.10865907396044
 21
-92.53041814012244
 31
0.0
  0
LINE
  5
42F
330
17
100
AcDbEntity
  8
MUROS
100
AcDbLine
 10
490.10865907396044
 20
-92.53041814012244
 30
0.0
 11
489.53865907395584
 21
-92.53041814012244
 31
0.0
  0
LINE
  5
430
330
17
100
AcDbEntity
  8
MUROS
100
AcDbLine
 10
489.53865907395584
 20
-92.53041814012244
 30
0.0
 11
489.53865907395584
 21
-83.26041814012247
 31
0.0
  0
LINE
  5
431
330
17
100
AcDbEntity
  8
MUROS
100
AcDbLine
 10
489.53865907395584
 20
-83.26041814012247
 30
0.0
 11
490.10865901192494
 21
-83.26041814012247
 31
0.0
  0
LINE
  5
432
330
17
100
AcDbEntity
  8
MUROS
100
AcDbLine
 10
490.10865901192494
 20
-83.26041814012247
 30
0.0
 11
490.10865901192494
 21
-83.08041525724154
 31
0.0
  0
LINE
  5
433
330
17
100
AcDbEntity
  8
MUROS
100
AcDbLine
 10
497.75865907395587
 20
-88.04041814012247
 30
0.0
 11
497.75865907395587
 21
-88.01041814012247
 31
0.0
  0
LINE
  5
434
330
17
100
AcDbEntity
  8
MUROS
100
AcDbLine
 10
497.75865907395587
 20
-88.01041814012247
 30
0.0
 11
497.75865907395587
 21
-86.91041814012247
 31
0.0
  0
LINE
  5
435
330
17
100
AcDbEntity
  8
MUROS
100
AcDbLine
 10
497.75865907395587
 20
-86.91041814012247
 30
0.0
 11
497.57865907395586
 21
-86.91041814012247
 31
0.0
  0
LINE
  5
436
330
17
100
AcDbEntity
  8
MUROS
100
AcDbLine
 10
497.57865907395586
 20
-86.91041814012247
 30
0.0
 11
497.57865907395586
 21
-87.86041814012248
 31
0.0
  0
LINE
  5
437
330
17
100
AcDbEntity
  8
MUROS
100
AcDbLine
 10
497.57865907395586
 20
-87.86041814012248
 30
0.0
 11
496.75865907395587
 21
-87.86041814012245
 31
0.0
  0
LINE
  5
438
330
17
100
AcDbEntity
  8
MUROS
100
AcDbLine
 10
496.75865907395587
 20
-87.86041814012245
 30
0.0
 11
496.75865907395587
 21
-88.04041814012247
 31
0.0
  0
LINE
  5
439
330
17
100
AcDbEntity
  8
MUROS
100
AcDbLine
 10
497.75865907395587
 20
-86.91041814012247
 30
0.0
 11
497.75865907395587
 21
-85.41041814012249
 31
0.0
  0
LINE
  5
43A
330
17
100
AcDbEntity
  8
MUROS
100
AcDbLine
 10
497.57865907395586
 20
-86.91041814012247
 30
0.0
 11
497.57865907395586
 21
-85.41041814012249
 31
0.0
  0
LINE
  5
43B
330
17
100
AcDbEntity
  8
MUROS
100
AcDbLine
 10
491.9086590739604
 20
-92.71041814012244
 30
0.0
 11
490.10865907396044
 21
-92.71041814012244
 31
0.0
  0
LINE
  5
43C
330
17
100
AcDbEntity
  8
MUROS
100
AcDbLine
 10
495.20865907395586
 20
-91.24041814012246
 30
0.0
 11
495.38865907395075
 21
-91.24041814012246
 31
0.0
  0
LINE
  5
43D
330
17
100
AcDbEntity
  8
MUROS
100
AcDbLine
 10
495.38865907395075
 20
-91.24041814012246
 30
0.0
 11
495.38865907395075
 21
-92.53041814012246
 31
0.0
  0
LINE
  5
43E
330
17
100
AcDbEntity
  8
MUROS
100
AcDbLine
 10
495.38865907395075
 20
-92.53041814012246
 30
0.0
 11
497.57865907395586
 21
-92.53041814012246
 31
0.0
  0
LINE
  5
43F
330
17
100
AcDbEntity
  8
MUROS
100
AcDbLine
 10
497.57865907395586
 20
-92.53041814012246
 30
0.0
 11
497.57865907395586
 21
-92.41041814012246
 31
0.0
  0
LINE
  5
440
330
17
100
AcDbEntity
  8
MUROS
100
AcDbLine
 10
497.57865907395586
 20
-92.41041814012246
 30
0.0
 11
497.75865907395587
 21
-92.41041814012246
 31
0.0
  0
LINE
  5
441
330
17
100
AcDbEntity
  8
MUROS
100
AcDbLine
 10
497.75865907395587
 20
-92.41041814012246
 30
0.0
 11
497.75865907395587
 21
-92.71041814012244
 31
0.0
  0
LINE
  5
442
330
17
100
AcDbEntity
  8
MUROS
100
AcDbLine
 10
497.75865907395587
 20
-92.71041814012244
 30
0.0
 11
495.20865907395586
 21
-92.71041814012247
 31
0.0
  0
LINE
  5
443
330
17
100
AcDbEntity
  8
MUROS
100
AcDbLine
 10
497.75865907395587
 20
-90.16041814012249
 30
0.0
 11
497.75865907395587
 21
-90.61041814012248
 31
0.0
  0
LINE
  5
444
330
17
100
AcDbEntity
  8
MUROS
100
AcDbLine
 10
497.75865907395587
 20
-90.61041814012248
 30
0.0
 11
497.57865907395586
 21
-90.61041814012248
 31
0.0
  0
LINE
  5
445
330
17
100
AcDbEntity
  8
MUROS
100
AcDbLine
 10
497.57865907395586
 20
-90.61041814012248
 30
0.0
 11
497.57865907395586
 21
-90.34041814012247
 31
0.0
  0
LINE
  5
446
330
17
100
AcDbEntity
  8
MUROS
100
AcDbLine
 10
497.57865907395586
 20
-90.34041814012247
 30
0.0
 11
496.57865907395586
 21
-90.34041814012247
 31
0.0
  0
LINE
  5
447
330
17
100
AcDbEntity
  8
MUROS
100
AcDbLine
 10
496.57865907395586
 20
-90.34041814012247
 30
0.0
 11
496.578661442541
 21
-91.42041665971772
 31
0.0
  0
LINE
  5
448
330
17
100
AcDbEntity
  8
MUROS
100
AcDbLine
 10
496.578661442541
 20
-91.42041665971772
 30
0.0
 11
496.1886614425359
 21
-91.42041962047108
 31
0.0
  0
LINE
  5
449
330
17
100
AcDbEntity
  8
MUROS
100
AcDbLine
 10
496.1886614425359
 20
-91.42041962047108
 30
0.0
 11
496.1886614425359
 21
-91.2404196204711
 31
0.0
  0
LINE
  5
44A
330
17
100
AcDbEntity
  8
MUROS
100
AcDbLine
 10
496.1886614425359
 20
-91.2404196204711
 30
0.0
 11
496.39866144254097
 21
-91.24041665971774
 31
0.0
  0
LINE
  5
44B
330
17
100
AcDbEntity
  8
MUROS
100
AcDbLine
 10
496.39866144254097
 20
-91.24041665971774
 30
0.0
 11
496.39865907395586
 21
-90.34041814012247
 31
0.0
  0
LINE
  5
44C
330
17
100
AcDbEntity
  8
MUROS
100
AcDbLine
 10
496.39865907395586
 20
-90.34041814012247
 30
0.0
 11
494.63865907395586
 21
-90.34041814012247
 31
0.0
  0
LINE
  5
44D
330
17
100
AcDbEntity
  8
MUROS
100
AcDbLine
 10
494.63865907395586
 20
-90.34041814012247
 30
0.0
 11
494.63865907395586
 21
-87.86041814012245
 31
0.0
  0
LINE
  5
44E
330
17
100
AcDbEntity
  8
MUROS
100
AcDbLine
 10
494.63865907395586
 20
-87.86041814012245
 30
0.0
 11
494.81865907395587
 21
-87.86041814012246
 31
0.0
  0
LINE
  5
44F
330
17
100
AcDbEntity
  8
MUROS
100
AcDbLine
 10
494.81865907395587
 20
-87.86041814012246
 30
0.0
 11
494.8186590739559
 21
-90.16041814012247
 31
0.0
  0
LINE
  5
450
330
17
100
AcDbEntity
  8
MUROS
100
AcDbLine
 10
494.8186590739559
 20
-90.16041814012247
 30
0.0
 11
497.75865907395587
 21
-90.16041814012249
 31
0.0
  0
LINE
  5
451
330
17
100
AcDbEntity
  8
MUROS
100
AcDbLine
 10
497.75865907395587
 20
-90.16041814012249
 30
0.0
 11
497.75865907395587
 21
-90.1604181401225
 31
0.0
  0
LINE
  5
452
330
17
100
AcDbEntity
  8
MUROS
100
AcDbLine
 10
497.75865907395587
 20
-90.1604181401225
 30
0.0
 11
497.75865907395587
 21
-90.16041814012249
 31
0.0
  0
LINE
  5
453
330
17
100
AcDbEntity
  8
MUROS
100
AcDbLine
 10
497.75865907395587
 20
-90.16041814012249
 30
0.0
 11
497.75865907395587
 21
-90.1604181401225
 31
0.0
  0
LINE
  5
454
330
17
100
AcDbEntity
  8
MUROS
100
AcDbLine
 10
497.75865907395587
 20
-90.1604181401225
 30
0.0
 11
497.75865907395587
 21
-90.16041814012249
 31
0.0
  0
LINE
  5
455
330
17
100
AcDbEntity
  8
MUROS
100
AcDbLine
 10
499.5942197458155
 20
-81.91041813821028
 30
0.0
 11
499.5942197458155
 21
-79.71041813821026
 31
0.0
  0
LINE
  5
456
330
17
100
AcDbEntity
  8
MUROS
100
AcDbLine
 10
499.5942197458155
 20
-79.71041813821026
 30
0.0
 11
509.0942197458155
 21
-79.71041813821027
 31
0.0
  0
LINE
  5
457
330
17
100
AcDbEntity
  8
MUROS
100
AcDbLine
 10
509.0942197458155
 20
-79.71041813821027
 30
0.0
 11
509.0942197458155
 21
-79.86041813821028
 31
0.0
  0
LINE
  5
458
330
17
100
AcDbEntity
  8
MUROS
100
AcDbLine
 10
509.0942197458155
 20
-79.86041813821028
 30
0.0
 11
499.77421974581546
 21
-79.86041813821026
 31
0.0
  0
LINE
  5
459
330
17
100
AcDbEntity
  8
MUROS
100
AcDbLine
 10
499.77421974581546
 20
-79.86041813821026
 30
0.0
 11
499.77421974581546
 21
-81.91041813821028
 31
0.0
  0
LINE
  5
45A
330
17
100
AcDbEntity
  8
MUROS
100
AcDbLine
 10
502.14421974582007
 20
-92.53041813821025
 30
0.0
 11
500.34421974582006
 21
-92.53041813821025
 31
0.0
  0
LINE
  5
45B
330
17
100
AcDbEntity
  8
MUROS
100
AcDbLine
 10
502.14421974582007
 20
-92.71041813821024
 30
0.0
 11
500.34421974582006
 21
-92.71041813821023
 31
0.0
  0
LINE
  5
45C
330
17
100
AcDbEntity
  8
MUROS
100
AcDbLine
 10
502.19421974581553
 20
-81.91041813821028
 30
0.0
 11
500.19421974581553
 21
-81.91041813821028
 31
0.0
  0
LINE
  5
45D
330
17
100
AcDbEntity
  8
MUROS
100
AcDbLine
 10
500.19421974581553
 20
-81.91041813821028
 30
0.0
 11
500.19421974581553
 21
-82.09041813821028
 31
0.0
  0
LINE
  5
45E
330
17
100
AcDbEntity
  8
MUROS
100
AcDbLine
 10
500.19421974581553
 20
-82.09041813821028
 30
0.0
 11
502.19421974581553
 21
-82.09041813821028
 31
0.0
  0
LINE
  5
45F
330
17
100
AcDbEntity
  8
MUROS
100
AcDbLine
 10
507.99421974581537
 20
-86.74041815553687
 30
0.0
 11
507.9942197458157
 21
-87.91041813820833
 31
0.0
  0
LINE
  5
460
330
17
100
AcDbEntity
  8
MUROS
100
AcDbLine
 10
507.81421974581536
 20
-86.74041815553687
 30
0.0
 11
507.81421974581576
 21
-87.91041813820833
 31
0.0
  0
LINE
  5
461
330
17
100
AcDbEntity
  8
MUROS
100
AcDbLine
 10
507.8142197457733
 20
-93.33041813821862
 30
0.0
 11
506.4642197457733
 21
-93.33041813821862
 31
0.0
  0
LINE
  5
462
330
17
100
AcDbEntity
  8
MUROS
100
AcDbLine
 10
506.4642197457733
 20
-93.33041813821862
 30
0.0
 11
506.4642197457733
 21
-93.51041813821871
 31
0.0
  0
LINE
  5
463
330
17
100
AcDbEntity
  8
MUROS
100
AcDbLine
 10
506.4642197457733
 20
-93.51041813821871
 30
0.0
 11
507.8142197457733
 21
-93.51041813821871
 31
0.0
  0
LINE
  5
464
330
17
100
AcDbEntity
  8
MUROS
100
AcDbLine
 10
507.8142197458154
 20
-89.91041815554169
 30
0.0
 11
507.8142197450268
 21
-90.7504181555417
 31
0.0
  0
LINE
  5
465
330
17
100
AcDbEntity
  8
MUROS
100
AcDbLine
 10
507.8142197450268
 20
-90.7504181555417
 30
0.0
 11
507.9942197450269
 21
-90.7504181555417
 31
0.0
  0
LINE
  5
466
330
17
100
AcDbEntity
  8
MUROS
100
AcDbLine
 10
507.9942197450269
 20
-90.7504181555417
 30
0.0
 11
507.9942197458155
 21
-89.91041815554168
 31
0.0
  0
LINE
  5
467
330
17
100
AcDbEntity
  8
MUROS
100
AcDbLine
 10
507.99421974581594
 20
-87.91041813820821
 30
0.0
 11
507.9942197458148
 21
-88.87041813820497
 31
0.0
  0
LINE
  5
468
330
17
100
AcDbEntity
  8
MUROS
100
AcDbLine
 10
507.8142197458159
 20
-87.91041813820821
 30
0.0
 11
507.81421974581474
 21
-88.87041813820497
 31
0.0
  0
LINE
  5
469
330
17
100
AcDbEntity
  8
MUROS
100
AcDbLine
 10
504.4441826699508
 20
-81.91041813821028
 30
0.0
 11
502.7442197458155
 21
-81.91041813821028
 31
0.0
  0
LINE
  5
46A
330
17
100
AcDbEntity
  8
MUROS
100
AcDbLine
 10
502.7442197458155
 20
-81.91041813821028
 30
0.0
 11
502.7442197458155
 21
-82.09041813821028
 31
0.0
  0
LINE
  5
46B
330
17
100
AcDbEntity
  8
MUROS
100
AcDbLine
 10
502.7442197458155
 20
-82.09041813821028
 30
0.0
 11
504.4441826699508
 21
-82.09041813821028
 31
0.0
  0
LINE
  5
46C
330
17
100
AcDbEntity
  8
MUROS
100
AcDbLine
 10
507.99421974581537
 20
-85.06041805886734
 30
0.0
 11
507.8142197458154
 21
-85.06041805886734
 31
0.0
  0
LINE
  5
46D
330
17
100
AcDbEntity
  8
MUROS
100
AcDbLine
 10
507.8142197458154
 20
-85.06041805886734
 30
0.0
 11
507.8142197458154
 21
-86.56041815553688
 31
0.0
  0
LINE
  5
46E
330
17
100
AcDbEntity
  8
MUROS
100
AcDbLine
 10
507.8142197458154
 20
-86.56041815553688
 30
0.0
 11
507.99421974581537
 21
-86.56041815553688
 31
0.0
  0
LINE
  5
46F
330
17
100
AcDbEntity
  8
MUROS
100
AcDbLine
 10
506.0242197458155
 20
-89.73041812088348
 30
0.0
 11
506.0242197458155
 21
-89.91041812088349
 31
0.0
  0
LINE
  5
470
330
17
100
AcDbEntity
  8
MUROS
100
AcDbLine
 10
506.0242197458155
 20
-89.91041812088349
 30
0.0
 11
507.9942197458155
 21
-89.91041815554169
 31
0.0
  0
LINE
  5
471
330
17
100
AcDbEntity
  8
MUROS
100
AcDbLine
 10
507.9942197458155
 20
-89.91041815554169
 30
0.0
 11
507.99421974581526
 21
-88.87041813820497
 31
0.0
  0
LINE
  5
472
330
17
100
AcDbEntity
  8
MUROS
100
AcDbLine
 10
507.99421974581526
 20
-88.87041813820497
 30
0.0
 11
507.8142197458152
 21
-88.87041813820497
 31
0.0
  0
LINE
  5
473
330
17
100
AcDbEntity
  8
MUROS
100
AcDbLine
 10
507.8142197458152
 20
-88.87041813820497
 30
0.0
 11
507.81421974581554
 21
-89.73041813821018
 31
0.0
  0
LINE
  5
474
330
17
100
AcDbEntity
  8
MUROS
100
AcDbLine
 10
503.94421974581553
 20
-92.71041813821023
 30
0.0
 11
502.14421974582007
 21
-92.71041813821024
 31
0.0
  0
LINE
  5
475
330
17
100
AcDbEntity
  8
MUROS
100
AcDbLine
 10
502.14421974582007
 20
-92.71041813821024
 30
0.0
 11
502.14421974582007
 21
-92.53041813821024
 31
0.0
  0
LINE
  5
476
330
17
100
AcDbEntity
  8
MUROS
100
AcDbLine
 10
502.14421974582007
 20
-92.53041813821024
 30
0.0
 11
503.94421974581553
 21
-92.53041813821024
 31
0.0
  0
LINE
  5
477
330
17
100
AcDbEntity
  8
MUROS
100
AcDbLine
 10
503.94421974581553
 20
-92.53041813821024
 30
0.0
 11
503.94421974581553
 21
-90.81041815553691
 31
0.0
  0
LINE
  5
478
330
17
100
AcDbEntity
  8
MUROS
100
AcDbLine
 10
503.94421974581553
 20
-90.81041815553691
 30
0.0
 11
504.12421974581554
 21
-90.81041815553691
 31
0.0
  0
LINE
  5
479
330
17
100
AcDbEntity
  8
MUROS
100
AcDbLine
 10
504.12421974581554
 20
-90.81041815553691
 30
0.0
 11
504.12421974581554
 21
-93.33041813821018
 31
0.0
  0
LINE
  5
47A
330
17
100
AcDbEntity
  8
MUROS
100
AcDbLine
 10
504.12421974581554
 20
-93.33041813821018
 30
0.0
 11
506.4642197457733
 21
-93.33041813750171
 31
0.0
  0
LINE
  5
47B
330
17
100
AcDbEntity
  8
MUROS
100
AcDbLine
 10
506.4642197457733
 20
-93.33041813750171
 30
0.0
 11
506.4642197457733
 21
-93.5104181375018
 31
0.0
  0
LINE
  5
47C
330
17
100
AcDbEntity
  8
MUROS
100
AcDbLine
 10
506.4642197457733
 20
-93.5104181375018
 30
0.0
 11
503.94421974581553
 21
-93.51041813821018
 31
0.0
  0
LINE
  5
47D
330
17
100
AcDbEntity
  8
MUROS
100
AcDbLine
 10
507.9942197450269
 20
-90.7504181555417
 30
0.0
 11
507.9942197450269
 21
-93.51041813821027
 31
0.0
  0
LINE
  5
47E
330
17
100
AcDbEntity
  8
MUROS
100
AcDbLine
 10
507.9942197450269
 20
-93.51041813821027
 30
0.0
 11
507.81421974581554
 21
-93.51041813821027
 31
0.0
  0
LINE
  5
47F
330
17
100
AcDbEntity
  8
MUROS
100
AcDbLine
 10
507.81421974581554
 20
-93.51041813821027
 30
0.0
 11
507.8142197450268
 21
-90.7504181555417
 31
0.0
  0
LINE
  5
480
330
17
100
AcDbEntity
  8
MUROS
100
AcDbLine
 10
504.52421974581557
 20
-86.5604181555369
 30
0.0
 11
504.52421974581557
 21
-85.86039409197888
 31
0.0
  0
LINE
  5
481
330
17
100
AcDbEntity
  8
MUROS
100
AcDbLine
 10
504.52421974581557
 20
-85.86039409197888
 30
0.0
 11
504.34421974581556
 21
-85.86041815553689
 31
0.0
  0
LINE
  5
482
330
17
100
AcDbEntity
  8
MUROS
100
AcDbLine
 10
504.34421974581556
 20
-85.86041815553689
 30
0.0
 11
504.34421974581556
 21
-86.5604181555369
 31
0.0
  0
LINE
  5
483
330
17
100
AcDbEntity
  8
MUROS
100
AcDbLine
 10
504.34421974581556
 20
-86.5604181555369
 30
0.0
 11
503.94421974581553
 21
-86.5604181555369
 31
0.0
  0
LINE
  5
484
330
17
100
AcDbEntity
  8
MUROS
100
AcDbLine
 10
503.94421974581553
 20
-86.5604181555369
 30
0.0
 11
503.94421974581553
 21
-89.91041815553689
 31
0.0
  0
LINE
  5
485
330
17
100
AcDbEntity
  8
MUROS
100
AcDbLine
 10
503.94421974581553
 20
-89.91041815553689
 30
0.0
 11
505.1242197458155
 21
-89.91041815553689
 31
0.0
  0
LINE
  5
486
330
17
100
AcDbEntity
  8
MUROS
100
AcDbLine
 10
505.1242197458155
 20
-89.91041815553689
 30
0.0
 11
505.1242197458155
 21
-89.73041815553688
 31
0.0
  0
LINE
  5
487
330
17
100
AcDbEntity
  8
MUROS
100
AcDbLine
 10
505.1242197458155
 20
-89.73041815553688
 30
0.0
 11
504.1242197458155
 21
-89.73041815553688
 31
0.0
  0
LINE
  5
488
330
17
100
AcDbEntity
  8
MUROS
100
AcDbLine
 10
504.1242197458155
 20
-89.73041815553688
 30
0.0
 11
504.12421974581554
 21
-86.74041815553687
 31
0.0
  0
LINE
  5
489
330
17
100
AcDbEntity
  8
MUROS
100
AcDbLine
 10
504.12421974581554
 20
-86.74041815553687
 30
0.0
 11
507.99421974581537
 21
-86.74041815553687
 31
0.0
  0
LINE
  5
48A
330
17
100
AcDbEntity
  8
MUROS
100
AcDbLine
 10
507.99421974581537
 20
-86.74041815553687
 30
0.0
 11
507.99421974581537
 21
-86.5604181555369
 31
0.0
  0
LINE
  5
48B
330
17
100
AcDbEntity
  8
MUROS
100
AcDbLine
 10
507.99421974581537
 20
-86.5604181555369
 30
0.0
 11
504.52421974581557
 21
-86.5604181555369
 31
0.0
  0
LINE
  5
48C
330
17
100
AcDbEntity
  8
MUROS
100
AcDbLine
 10
507.99421974581537
 20
-81.91041815553689
 30
0.0
 11
504.44418264439605
 21
-81.91041815553689
 31
0.0
  0
LINE
  5
48D
330
17
100
AcDbEntity
  8
MUROS
100
AcDbLine
 10
504.44418264439605
 20
-81.91041815553689
 30
0.0
 11
504.44418269550556
 21
-82.0904181555369
 31
0.0
  0
LINE
  5
48E
330
17
100
AcDbEntity
  8
MUROS
100
AcDbLine
 10
504.44418269550556
 20
-82.0904181555369
 30
0.0
 11
507.8142197458153
 21
-82.09041815553688
 31
0.0
  0
LINE
  5
48F
330
17
100
AcDbEntity
  8
MUROS
100
AcDbLine
 10
507.8142197458153
 20
-82.09041815553688
 30
0.0
 11
507.8142197458153
 21
-84.88041805886735
 31
0.0
  0
LINE
  5
490
330
17
100
AcDbEntity
  8
MUROS
100
AcDbLine
 10
507.8142197458153
 20
-84.88041805886735
 30
0.0
 11
503.6443216460642
 21
-84.88041805886735
 31
0.0
  0
LINE
  5
491
330
17
100
AcDbEntity
  8
MUROS
100
AcDbLine
 10
503.6443216460642
 20
-84.88041805886735
 30
0.0
 11
503.6443216460642
 21
-85.06041805886734
 31
0.0
  0
LINE
  5
492
330
17
100
AcDbEntity
  8
MUROS
100
AcDbLine
 10
503.6443216460642
 20
-85.06041805886734
 30
0.0
 11
507.99421974581537
 21
-85.06041805886734
 31
0.0
  0
LINE
  5
493
330
17
100
AcDbEntity
  8
MUROS
100
AcDbLine
 10
502.7442197458155
 20
-81.91041813821028
 30
0.0
 11
502.19421974581553
 21
-81.91041813821028
 31
0.0
  0
LINE
  5
494
330
17
100
AcDbEntity
  8
MUROS
100
AcDbLine
 10
502.19421974581553
 20
-81.91041813821028
 30
0.0
 11
502.19421974581553
 21
-82.09041813821028
 31
0.0
  0
LINE
  5
495
330
17
100
AcDbEntity
  8
MUROS
100
AcDbLine
 10
502.19421974581553
 20
-82.09041813821028
 30
0.0
 11
502.56421974581554
 21
-82.09041813821028
 31
0.0
  0
LINE
  5
496
330
17
100
AcDbEntity
  8
MUROS
100
AcDbLine
 10
502.56421974581554
 20
-82.09041813821028
 30
0.0
 11
502.56421974581554
 21
-85.06041813821025
 31
0.0
  0
LINE
  5
497
330
17
100
AcDbEntity
  8
MUROS
100
AcDbLine
 10
502.56421974581554
 20
-85.06041813821025
 30
0.0
 11
502.7442197458155
 21
-85.06041813821025
 31
0.0
  0
LINE
  5
498
330
17
100
AcDbEntity
  8
MUROS
100
AcDbLine
 10
502.7442197458155
 20
-85.06041813821025
 30
0.0
 11
502.7442197458155
 21
-81.91041813821028
 31
0.0
  0
LINE
  5
499
330
17
100
AcDbEntity
  8
MUROS
100
AcDbLine
 10
499.7742197458155
 20
-86.74041813821026
 30
0.0
 11
502.7442197458155
 21
-86.74041813821026
 31
0.0
  0
LINE
  5
49A
330
17
100
AcDbEntity
  8
MUROS
100
AcDbLine
 10
502.7442197458155
 20
-86.74041813821026
 30
0.0
 11
502.7442197458155
 21
-85.96041813821027
 31
0.0
  0
LINE
  5
49B
330
17
100
AcDbEntity
  8
MUROS
100
AcDbLine
 10
502.7442197458155
 20
-85.96041813821027
 30
0.0
 11
502.56421974581554
 21
-85.96041813821029
 31
0.0
  0
LINE
  5
49C
330
17
100
AcDbEntity
  8
MUROS
100
AcDbLine
 10
502.56421974581554
 20
-85.96041813821029
 30
0.0
 11
502.56421974581554
 21
-86.56041813821028
 31
0.0
  0
LINE
  5
49D
330
17
100
AcDbEntity
  8
MUROS
100
AcDbLine
 10
502.56421974581554
 20
-86.56041813821028
 30
0.0
 11
499.7742197458155
 21
-86.56041813821028
 31
0.0
  0
LINE
  5
49E
330
17
100
AcDbEntity
  8
MUROS
100
AcDbLine
 10
499.7742197458155
 20
-86.56041813821028
 30
0.0
 11
499.77421974581546
 21
-82.09041813821028
 31
0.0
  0
LINE
  5
49F
330
17
100
AcDbEntity
  8
MUROS
100
AcDbLine
 10
499.77421974581546
 20
-82.09041813821028
 30
0.0
 11
500.19421974581553
 21
-82.09041813821028
 31
0.0
  0
LINE
  5
4A0
330
17
100
AcDbEntity
  8
MUROS
100
AcDbLine
 10
500.19421974581553
 20
-82.09041813821028
 30
0.0
 11
500.19421974581553
 21
-81.91041813821028
 31
0.0
  0
LINE
  5
4A1
330
17
100
AcDbEntity
  8
MUROS
100
AcDbLine
 10
500.19421974581553
 20
-81.91041813821028
 30
0.0
 11
499.5942197458155
 21
-81.91041813821028
 31
0.0
  0
LINE
  5
4A2
330
17
100
AcDbEntity
  8
MUROS
100
AcDbLine
 10
499.5942197458155
 20
-81.91041813821028
 30
0.0
 11
499.5942197458155
 21
-92.71041813821023
 31
0.0
  0
LINE
  5
4A3
330
17
100
AcDbEntity
  8
MUROS
100
AcDbLine
 10
499.5942197458155
 20
-92.71041813821023
 30
0.0
 11
500.34421974582006
 21
-92.71041813821023
 31
0.0
  0
LINE
  5
4A4
330
17
100
AcDbEntity
  8
MUROS
100
AcDbLine
 10
500.34421974582006
 20
-92.71041813821023
 30
0.0
 11
500.34421974582006
 21
-92.53041813821024
 31
0.0
  0
LINE
  5
4A5
330
17
100
AcDbEntity
  8
MUROS
100
AcDbLine
 10
500.34421974582006
 20
-92.53041813821024
 30
0.0
 11
499.7742197458155
 21
-92.53041813821025
 31
0.0
  0
LINE
  5
4A6
330
17
100
AcDbEntity
  8
MUROS
100
AcDbLine
 10
497.75865907395587
 20
-88.01041814012247
 30
0.0
 11
497.75865907395587
 21
-88.49041814965027
 31
0.0
  0
TEXT
  5
4A7
330
17
100
AcDbEntity
  8
URBANIA-LAVANDERIA
100
AcDbText
 10
496.26
 20
-89.9
 30
0.0
 40
0.12
  1
URBANIA
 72
1
 11
496.26
 21
-89.9
 31
0.0
100
AcDbText
 73
2
  0
TEXT
  5
4A8
330
17
100
AcDbEntity
  8
URBANIA-LAVANDERIA
100
AcDbText
 10
497.5
 20
-89.71
 30
0.0
 40
0.12
  1
URBANIA
 72
1
 11
497.5
 21
-89.71
 31
0.0
100
AcDbText
 73
2
  0
LWPOLYLINE
  5
4A9
330
17
100
AcDbEntity
  8
SOBRANTE-JUNTO-AL-RECORTE
100
AcDbPolyline
 90
4
 70
1
 10
489.5388
 20
-92.7149
 10
490.13849999999996
 20
-92.7149
 10
490.13849999999996
 20
-92.5302
 10
489.5388
 20
-92.5302
  0
TEXT
  5
4AA
330
17
100
AcDbEntity
  8
SOBRANTE-JUNTO-AL-RECORTE
100
AcDbText
 10
489.83865
 20
-92.62255
 30
0.0
 40
0.045
  1
SOBRA DE PB-M-140
 72
1
 11
489.83865
 21
-92.62255
 31
0.0
100
AcDbText
 73
2
  0
LWPOLYLINE
  5
4AB
330
17
100
AcDbEntity
  8
SOBRANTE-JUNTO-AL-RECORTE
100
AcDbPolyline
 90
4
 70
1
 10
489.5387
 20
-83.2004
 10
490.1347
 20
-83.2004
 10
490.1347
 20
-83.1204
 10
489.5387
 20
-83.1204
  0
TEXT
  5
4AC
330
17
100
AcDbEntity
  8
SOBRANTE-JUNTO-AL-RECORTE
100
AcDbText
 10
489.8367
 20
-83.1604
 30
0.0
 40
0.039999999999999925
  1
SOBRA DE PB-M-018
 72
1
 11
489.8367
 21
-83.1604
 31
0.0
100
AcDbText
 73
2
  0
LWPOLYLINE
  5
4AD
330
17
100
AcDbEntity
  8
SOBRANTE-JUNTO-AL-RECORTE
100
AcDbPolyline
 90
4
 70
1
 10
490.1405
 20
-92.7149
 10
490.73999999999995
 20
-92.7149
 10
490.73999999999995
 20
-92.5302
 10
490.1405
 20
-92.5302
  0
TEXT
  5
4AE
330
17
100
AcDbEntity
  8
SOBRANTE-JUNTO-AL-RECORTE
100
AcDbText
 10
490.44025
 20
-92.62255
 30
0.0
 40
0.045
  1
SOBRA DE PB-M-141
 72
1
 11
490.44025
 21
-92.62255
 31
0.0
100
AcDbText
 73
2
  0
LWPOLYLINE
  5
4AF
330
17
100
AcDbEntity
  8
SOBRANTE-JUNTO-AL-RECORTE
100
AcDbPolyline
 90
4
 70
1
 10
489.5388
 20
-84.394
 10
490.13849999999996
 20
-84.394
 10
490.13849999999996
 20
-84.3446
 10
489.5388
 20
-84.3446
  0
TEXT
  5
4B0
330
17
100
AcDbEntity
  8
SOBRANTE-JUNTO-AL-RECORTE
100
AcDbText
 10
489.83865
 20
-84.36930000000001
 30
0.0
 40
0.024699999999999944
  1
SOBRA DE PB-M-029
 72
1
 11
489.83865
 21
-84.36930000000001
 31
0.0
100
AcDbText
 73
2
  0
LWPOLYLINE
  5
4B1
330
17
100
AcDbEntity
  8
SOBRANTE-JUNTO-AL-RECORTE
100
AcDbPolyline
 90
4
 70
1
 10
490.1367
 20
-83.2004
 10
490.7327
 20
-83.2004
 10
490.7327
 20
-83.1204
 10
490.1367
 20
-83.1204
  0
TEXT
  5
4B2
330
17
100
AcDbEntity
  8
SOBRANTE-JUNTO-AL-RECORTE
100
AcDbText
 10
490.4347
 20
-83.1604
 30
0.0
 40
0.039999999999999925
  1
SOBRA DE PB-M-019
 72
1
 11
490.4347
 21
-83.1604
 31
0.0
100
AcDbText
 73
2
  0
LWPOLYLINE
  5
4B3
330
17
100
AcDbEntity
  8
SOBRANTE-JUNTO-AL-RECORTE
100
AcDbPolyline
 90
4
 70
1
 10
490.742
 20
-92.7149
 10
491.3415
 20
-92.7149
 10
491.3415
 20
-92.5302
 10
490.742
 20
-92.5302
  0
TEXT
  5
4B4
330
17
100
AcDbEntity
  8
SOBRANTE-JUNTO-AL-RECORTE
100
AcDbText
 10
491.04175000000004
 20
-92.62255
 30
0.0
 40
0.045
  1
SOBRA DE PB-M-142
 72
1
 11
491.04175000000004
 21
-92.62255
 31
0.0
100
AcDbText
 73
2
  0
LWPOLYLINE
  5
4B5
330
17
100
AcDbEntity
  8
SOBRANTE-JUNTO-AL-RECORTE
100
AcDbPolyline
 90
4
 70
1
 10
490.1405
 20
-84.3944
 10
490.73999999999995
 20
-84.3944
 10
490.73999999999995
 20
-84.3446
 10
490.1405
 20
-84.3446
  0
TEXT
  5
4B6
330
17
100
AcDbEntity
  8
SOBRANTE-JUNTO-AL-RECORTE
100
AcDbText
 10
490.44025
 20
-84.3695
 30
0.0
 40
0.024899999999999922
  1
SOBRA DE PB-M-030
 72
1
 11
490.44025
 21
-84.3695
 31
0.0
100
AcDbText
 73
2
  0
LWPOLYLINE
  5
4B7
330
17
100
AcDbEntity
  8
SOBRANTE-JUNTO-AL-RECORTE
100
AcDbPolyline
 90
4
 70
1
 10
490.7347
 20
-83.2004
 10
491.3307
 20
-83.2004
 10
491.3307
 20
-83.1204
 10
490.7347
 20
-83.1204
  0
TEXT
  5
4B8
330
17
100
AcDbEntity
  8
SOBRANTE-JUNTO-AL-RECORTE
100
AcDbText
 10
491.0327
 20
-83.1604
 30
0.0
 40
0.039999999999999925
  1
SOBRA DE PB-M-020
 72
1
 11
491.0327
 21
-83.1604
 31
0.0
100
AcDbText
 73
2
  0
LWPOLYLINE
  5
4B9
330
17
100
AcDbEntity
  8
SOBRANTE-JUNTO-AL-RECORTE
100
AcDbPolyline
 90
4
 70
1
 10
491.3435
 20
-92.7149
 10
491.943
 20
-92.7149
 10
491.943
 20
-92.5302
 10
491.3435
 20
-92.5302
  0
TEXT
  5
4BA
330
17
100
AcDbEntity
  8
SOBRANTE-JUNTO-AL-RECORTE
100
AcDbText
 10
491.64325
 20
-92.62255
 30
0.0
 40
0.045
  1
SOBRA DE PB-M-143
 72
1
 11
491.64325
 21
-92.62255
 31
0.0
100
AcDbText
 73
2
  0
LWPOLYLINE
  5
4BB
330
17
100
AcDbEntity
  8
SOBRANTE-JUNTO-AL-RECORTE
100
AcDbPolyline
 90
4
 70
1
 10
490.742
 20
-84.3944
 10
491.3415
 20
-84.3944
 10
491.3415
 20
-84.3446
 10
490.742
 20
-84.3446
  0
TEXT
  5
4BC
330
17
100
AcDbEntity
  8
SOBRANTE-JUNTO-AL-RECORTE
100
AcDbText
 10
491.04175000000004
 20
-84.3695
 30
0.0
 40
0.024899999999999922
  1
SOBRA DE PB-M-031
 72
1
 11
491.04175000000004
 21
-84.3695
 31
0.0
100
AcDbText
 73
2
  0
LWPOLYLINE
  5
4BD
330
17
100
AcDbEntity
  8
SOBRANTE-JUNTO-AL-RECORTE
100
AcDbPolyline
 90
4
 70
1
 10
491.9449
 20
-92.7149
 10
492.5444
 20
-92.7149
 10
492.5444
 20
-92.5302
 10
491.9449
 20
-92.5302
  0
TEXT
  5
4BE
330
17
100
AcDbEntity
  8
SOBRANTE-JUNTO-AL-RECORTE
100
AcDbText
 10
492.24465000000004
 20
-92.62255
 30
0.0
 40
0.045
  1
SOBRA DE PB-M-144
 72
1
 11
492.24465000000004
 21
-92.62255
 31
0.0
100
AcDbText
 73
2
  0
LWPOLYLINE
  5
4BF
330
17
100
AcDbEntity
  8
SOBRANTE-JUNTO-AL-RECORTE
100
AcDbPolyline
 90
4
 70
1
 10
491.3327
 20
-83.2004
 10
491.9287
 20
-83.2004
 10
491.9287
 20
-83.1204
 10
491.3327
 20
-83.1204
  0
TEXT
  5
4C0
330
17
100
AcDbEntity
  8
SOBRANTE-JUNTO-AL-RECORTE
100
AcDbText
 10
491.6307
 20
-83.1604
 30
0.0
 40
0.039999999999999925
  1
SOBRA DE PB-M-021
 72
1
 11
491.6307
 21
-83.1604
 31
0.0
100
AcDbText
 73
2
  0
LWPOLYLINE
  5
4C1
330
17
100
AcDbEntity
  8
SOBRANTE-JUNTO-AL-RECORTE
100
AcDbPolyline
 90
4
 70
1
 10
507.5412
 20
-94.0239
 10
507.7412
 20
-94.0239
 10
507.7412
 20
-93.3304
 10
507.5412
 20
-93.3304
  0
TEXT
  5
4C2
330
17
100
AcDbEntity
  8
SOBRANTE-JUNTO-AL-RECORTE
100
AcDbText
 10
507.6412
 20
-93.67715
 30
0.0
 40
0.045
  1
SOBRA DE PA-R-206
 50
90.0
 72
1
 11
507.6412
 21
-93.67715
 31
0.0
100
AcDbText
 73
2
  0
LWPOLYLINE
  5
4C3
330
17
100
AcDbEntity
  8
SOBRANTE-JUNTO-AL-RECORTE
100
AcDbPolyline
 90
4
 70
1
 10
507.8142
 20
-93.4234
 10
507.9422
 20
-93.4234
 10
507.9422
 20
-92.2234
 10
507.8142
 20
-92.2234
  0
LWPOLYLINE
  5
4C4
330
17
100
AcDbEntity
  8
SOBRANTE-JUNTO-AL-RECORTE
100
AcDbPolyline
 90
4
 70
1
 10
507.7422
 20
-93.4234
 10
507.8142
 20
-93.4234
 10
507.8142
 20
-93.3304
 10
507.7422
 20
-93.3304
  0
TEXT
  5
4C5
330
17
100
AcDbEntity
  8
SOBRANTE-JUNTO-AL-RECORTE
100
AcDbText
 10
507.87820000000005
 20
-92.8234
 30
0.0
 40
0.045
  1
SOBRA DE PA-R-197
 50
90.0
 72
1
 11
507.87820000000005
 21
-92.8234
 31
0.0
100
AcDbText
 73
2
  0
LWPOLYLINE
  5
4C6
330
17
100
AcDbEntity
  8
SOBRANTE-JUNTO-AL-RECORTE
100
AcDbPolyline
 90
4
 70
1
 10
507.3402
 20
-93.4234
 10
507.54019999999997
 20
-93.4234
 10
507.54019999999997
 20
-93.3304
 10
507.3402
 20
-93.3304
  0
LWPOLYLINE
  5
4C7
330
17
100
AcDbEntity
  8
SOBRANTE-JUNTO-AL-RECORTE
100
AcDbPolyline
 90
4
 70
1
 10
491.3435
 20
-84.3944
 10
491.943
 20
-84.3944
 10
491.943
 20
-84.3446
 10
491.3435
 20
-84.3446
  0
TEXT
  5
4C8
330
17
100
AcDbEntity
  8
SOBRANTE-JUNTO-AL-RECORTE
100
AcDbText
 10
491.64325
 20
-84.3695
 30
0.0
 40
0.024899999999999922
  1
SOBRA DE PB-M-032
 72
1
 11
491.64325
 21
-84.3695
 31
0.0
100
AcDbText
 73
2
  0
LWPOLYLINE
  5
4C9
330
17
100
AcDbEntity
  8
SOBRANTE-JUNTO-AL-RECORTE
100
AcDbPolyline
 90
4
 70
1
 10
492.5464
 20
-92.7149
 10
493.1459
 20
-92.7149
 10
493.1459
 20
-92.5302
 10
492.5464
 20
-92.5302
  0
TEXT
  5
4CA
330
17
100
AcDbEntity
  8
SOBRANTE-JUNTO-AL-RECORTE
100
AcDbText
 10
492.84615
 20
-92.62255
 30
0.0
 40
0.045
  1
SOBRA DE PB-M-145
 72
1
 11
492.84615
 21
-92.62255
 31
0.0
100
AcDbText
 73
2
  0
LWPOLYLINE
  5
4CB
330
17
100
AcDbEntity
  8
SOBRANTE-JUNTO-AL-RECORTE
100
AcDbPolyline
 90
4
 70
1
 10
491.9307
 20
-83.2004
 10
492.5267
 20
-83.2004
 10
492.5267
 20
-83.1204
 10
491.9307
 20
-83.1204
  0
TEXT
  5
4CC
330
17
100
AcDbEntity
  8
SOBRANTE-JUNTO-AL-RECORTE
100
AcDbText
 10
492.2287
 20
-83.1604
 30
0.0
 40
0.039999999999999925
  1
SOBRA DE PB-M-022
 72
1
 11
492.2287
 21
-83.1604
 31
0.0
100
AcDbText
 73
2
  0
LWPOLYLINE
  5
4CD
330
17
100
AcDbEntity
  8
SOBRANTE-JUNTO-AL-RECORTE
100
AcDbPolyline
 90
4
 70
1
 10
506.7372
 20
-94.0239
 10
506.93719999999996
 20
-94.0239
 10
506.93719999999996
 20
-93.3304
 10
506.7372
 20
-93.3304
  0
TEXT
  5
4CE
330
17
100
AcDbEntity
  8
SOBRANTE-JUNTO-AL-RECORTE
100
AcDbText
 10
506.8372
 20
-93.67715
 30
0.0
 40
0.045
  1
SOBRA DE PA-R-204
 50
90.0
 72
1
 11
506.8372
 21
-93.67715
 31
0.0
100
AcDbText
 73
2
  0
LWPOLYLINE
  5
4CF
330
17
100
AcDbEntity
  8
SOBRANTE-JUNTO-AL-RECORTE
100
AcDbPolyline
 90
4
 70
1
 10
506.9382
 20
-93.4234
 10
507.1382
 20
-93.4234
 10
507.1382
 20
-93.3304
 10
506.9382
 20
-93.3304
  0
LWPOLYLINE
  5
4D0
330
17
100
AcDbEntity
  8
SOBRANTE-JUNTO-AL-RECORTE
100
AcDbPolyline
 90
4
 70
1
 10
507.8142
 20
-92.2224
 10
507.9422
 20
-92.2224
 10
507.9422
 20
-91.02239999999999
 10
507.8142
 20
-91.02239999999999
  0
TEXT
  5
4D1
330
17
100
AcDbEntity
  8
SOBRANTE-JUNTO-AL-RECORTE
100
AcDbText
 10
507.87820000000005
 20
-91.6224
 30
0.0
 40
0.045
  1
SOBRA DE PA-R-178
 50
90.0
 72
1
 11
507.87820000000005
 21
-91.6224
 31
0.0
100
AcDbText
 73
2
  0
LWPOLYLINE
  5
4D2
330
17
100
AcDbEntity
  8
SOBRANTE-JUNTO-AL-RECORTE
100
AcDbPolyline
 90
4
 70
1
 10
493.1478
 20
-92.7149
 10
493.74780000000004
 20
-92.7149
 10
493.74780000000004
 20
-92.5302
 10
493.1478
 20
-92.5302
  0
TEXT
  5
4D3
330
17
100
AcDbEntity
  8
SOBRANTE-JUNTO-AL-RECORTE
100
AcDbText
 10
493.44780000000003
 20
-92.62255
 30
0.0
 40
0.045
  1
SOBRA DE PB-M-146
 72
1
 11
493.44780000000003
 21
-92.62255
 31
0.0
100
AcDbText
 73
2
  0
LWPOLYLINE
  5
4D4
330
17
100
AcDbEntity
  8
SOBRANTE-JUNTO-AL-RECORTE
100
AcDbPolyline
 90
4
 70
1
 10
506.5362
 20
-93.4234
 10
506.7362
 20
-93.4234
 10
506.7362
 20
-93.3304
 10
506.5362
 20
-93.3304
  0
LWPOLYLINE
  5
4D5
330
17
100
AcDbEntity
  8
SOBRANTE-JUNTO-AL-RECORTE
100
AcDbPolyline
 90
4
 70
1
 10
491.9449
 20
-84.3944
 10
492.5444
 20
-84.3944
 10
492.5444
 20
-84.3446
 10
491.9449
 20
-84.3446
  0
TEXT
  5
4D6
330
17
100
AcDbEntity
  8
SOBRANTE-JUNTO-AL-RECORTE
100
AcDbText
 10
492.24465000000004
 20
-84.3695
 30
0.0
 40
0.024899999999999922
  1
SOBRA DE PB-M-033
 72
1
 11
492.24465000000004
 21
-84.3695
 31
0.0
100
AcDbText
 73
2
  0
LWPOLYLINE
  5
4D7
330
17
100
AcDbEntity
  8
SOBRANTE-JUNTO-AL-RECORTE
100
AcDbPolyline
 90
4
 70
1
 10
492.5287
 20
-83.2004
 10
493.1247
 20
-83.2004
 10
493.1247
 20
-83.1204
 10
492.5287
 20
-83.1204
  0
TEXT
  5
4D8
330
17
100
AcDbEntity
  8
SOBRANTE-JUNTO-AL-RECORTE
100
AcDbText
 10
492.8267
 20
-83.1604
 30
0.0
 40
0.039999999999999925
  1
SOBRA DE PB-M-023
 72
1
 11
492.8267
 21
-83.1604
 31
0.0
100
AcDbText
 73
2
  0
LWPOLYLINE
  5
4D9
330
17
100
AcDbEntity
  8
SOBRANTE-JUNTO-AL-RECORTE
100
AcDbPolyline
 90
4
 70
1
 10
505.9332
 20
-94.0239
 10
506.1332
 20
-94.0239
 10
506.1332
 20
-93.3304
 10
505.9332
 20
-93.3304
  0
TEXT
  5
4DA
330
17
100
AcDbEntity
  8
SOBRANTE-JUNTO-AL-RECORTE
100
AcDbText
 10
506.0332
 20
-93.67715
 30
0.0
 40
0.045
  1
SOBRA DE PA-R-202
 50
90.0
 72
1
 11
506.0332
 21
-93.67715
 31
0.0
100
AcDbText
 73
2
  0
LWPOLYLINE
  5
4DB
330
17
100
AcDbEntity
  8
SOBRANTE-JUNTO-AL-RECORTE
100
AcDbPolyline
 90
4
 70
1
 10
506.1342
 20
-93.4234
 10
506.3342
 20
-93.4234
 10
506.3342
 20
-93.3304
 10
506.1342
 20
-93.3304
  0
LWPOLYLINE
  5
4DC
330
17
100
AcDbEntity
  8
SOBRANTE-JUNTO-AL-RECORTE
100
AcDbPolyline
 90
4
 70
1
 10
507.5682
 20
-82.09049999999999
 10
507.7682
 20
-82.09049999999999
 10
507.7682
 20
-81.96889999999999
 10
507.5682
 20
-81.96889999999999
  0
LWPOLYLINE
  5
4DD
330
17
100
AcDbEntity
  8
SOBRANTE-JUNTO-AL-RECORTE
100
AcDbPolyline
 90
4
 70
1
 10
505.7322
 20
-93.4234
 10
505.93219999999997
 20
-93.4234
 10
505.93219999999997
 20
-93.3304
 10
505.7322
 20
-93.3304
  0
LWPOLYLINE
  5
4DE
330
17
100
AcDbEntity
  8
SOBRANTE-JUNTO-AL-RECORTE
100
AcDbPolyline
 90
4
 70
1
 10
493.1267
 20
-83.2004
 10
493.72270000000003
 20
-83.2004
 10
493.72270000000003
 20
-83.0804
 10
493.1267
 20
-83.0804
  0
TEXT
  5
4DF
330
17
100
AcDbEntity
  8
SOBRANTE-JUNTO-AL-RECORTE
100
AcDbText
 10
493.42470000000003
 20
-83.1404
 30
0.0
 40
0.045
  1
SOBRA DE PB-M-015
 72
1
 11
493.42470000000003
 21
-83.1404
 31
0.0
100
AcDbText
 73
2
  0
LWPOLYLINE
  5
4E0
330
17
100
AcDbEntity
  8
SOBRANTE-JUNTO-AL-RECORTE
100
AcDbPolyline
 90
4
 70
1
 10
492.5464
 20
-84.3944
 10
493.1459
 20
-84.3944
 10
493.1459
 20
-84.3446
 10
492.5464
 20
-84.3446
  0
TEXT
  5
4E1
330
17
100
AcDbEntity
  8
SOBRANTE-JUNTO-AL-RECORTE
100
AcDbText
 10
492.84615
 20
-84.3695
 30
0.0
 40
0.024899999999999922
  1
SOBRA DE PB-M-034
 72
1
 11
492.84615
 21
-84.3695
 31
0.0
100
AcDbText
 73
2
  0
LWPOLYLINE
  5
4E2
330
17
100
AcDbEntity
  8
SOBRANTE-JUNTO-AL-RECORTE
100
AcDbPolyline
 90
4
 70
1
 10
507.5412
 20
-89.91040000000001
 10
507.7412
 20
-89.91040000000001
 10
507.7412
 20
-89.22090000000001
 10
507.5412
 20
-89.22090000000001
  0
TEXT
  5
4E3
330
17
100
AcDbEntity
  8
SOBRANTE-JUNTO-AL-RECORTE
100
AcDbText
 10
507.6412
 20
-89.56565
 30
0.0
 40
0.045
  1
SOBRA DE PA-R-148
 50
90.0
 72
1
 11
507.6412
 21
-89.56565
 31
0.0
100
AcDbText
 73
2
  0
LWPOLYLINE
  5
4E4
330
17
100
AcDbEntity
  8
SOBRANTE-JUNTO-AL-RECORTE
100
AcDbPolyline
 90
4
 70
1
 10
507.1662
 20
-82.09049999999999
 10
507.3662
 20
-82.09049999999999
 10
507.3662
 20
-81.96889999999999
 10
507.1662
 20
-81.96889999999999
  0
LWPOLYLINE
  5
4E5
330
17
100
AcDbEntity
  8
SOBRANTE-JUNTO-AL-RECORTE
100
AcDbPolyline
 90
4
 70
1
 10
506.9652
 20
-82.0905
 10
507.16519999999997
 20
-82.0905
 10
507.16519999999997
 20
-81.3694
 10
506.9652
 20
-81.3694
  0
TEXT
  5
4E6
330
17
100
AcDbEntity
  8
SOBRANTE-JUNTO-AL-RECORTE
100
AcDbText
 10
507.0652
 20
-81.72995
 30
0.0
 40
0.045
  1
SOBRA DE PA-R-018
 50
90.0
 72
1
 11
507.0652
 21
-81.72995
 31
0.0
100
AcDbText
 73
2
  0
LWPOLYLINE
  5
4E7
330
17
100
AcDbEntity
  8
SOBRANTE-JUNTO-AL-RECORTE
100
AcDbPolyline
 90
4
 70
1
 10
505.1292
 20
-94.0239
 10
505.3292
 20
-94.0239
 10
505.3292
 20
-93.3304
 10
505.1292
 20
-93.3304
  0
TEXT
  5
4E8
330
17
100
AcDbEntity
  8
SOBRANTE-JUNTO-AL-RECORTE
100
AcDbText
 10
505.22920000000005
 20
-93.67715
 30
0.0
 40
0.045
  1
SOBRA DE PA-R-200
 50
90.0
 72
1
 11
505.22920000000005
 21
-93.67715
 31
0.0
100
AcDbText
 73
2
  0
LWPOLYLINE
  5
4E9
330
17
100
AcDbEntity
  8
SOBRANTE-JUNTO-AL-RECORTE
100
AcDbPolyline
 90
4
 70
1
 10
507.3402
 20
-89.9104
 10
507.54019999999997
 20
-89.9104
 10
507.54019999999997
 20
-89.8214
 10
507.3402
 20
-89.8214
  0
LWPOLYLINE
  5
4EA
330
17
100
AcDbEntity
  8
SOBRANTE-JUNTO-AL-RECORTE
100
AcDbPolyline
 90
4
 70
1
 10
505.3302
 20
-93.4234
 10
505.5302
 20
-93.4234
 10
505.5302
 20
-93.3304
 10
505.3302
 20
-93.3304
  0
LWPOLYLINE
  5
4EB
330
17
100
AcDbEntity
  8
SOBRANTE-JUNTO-AL-RECORTE
100
AcDbPolyline
 90
4
 70
1
 10
506.7642
 20
-82.09049999999999
 10
506.9642
 20
-82.09049999999999
 10
506.9642
 20
-81.96889999999999
 10
506.7642
 20
-81.96889999999999
  0
LWPOLYLINE
  5
4EC
330
17
100
AcDbEntity
  8
SOBRANTE-JUNTO-AL-RECORTE
100
AcDbPolyline
 90
4
 70
1
 10
506.9382
 20
-89.9104
 10
507.1382
 20
-89.9104
 10
507.1382
 20
-89.8214
 10
506.9382
 20
-89.8214
  0
LWPOLYLINE
  5
4ED
330
17
100
AcDbEntity
  8
SOBRANTE-JUNTO-AL-RECORTE
100
AcDbPolyline
 90
4
 70
1
 10
504.9282
 20
-93.4234
 10
505.1282
 20
-93.4234
 10
505.1282
 20
-93.3304
 10
504.9282
 20
-93.3304
  0
LWPOLYLINE
  5
4EE
330
17
100
AcDbEntity
  8
SOBRANTE-JUNTO-AL-RECORTE
100
AcDbPolyline
 90
4
 70
1
 10
493.7247
 20
-83.2004
 10
494.3207
 20
-83.2004
 10
494.3207
 20
-83.1204
 10
493.7247
 20
-83.1204
  0
TEXT
  5
4EF
330
17
100
AcDbEntity
  8
SOBRANTE-JUNTO-AL-RECORTE
100
AcDbText
 10
494.0227
 20
-83.1604
 30
0.0
 40
0.039999999999999925
  1
SOBRA DE PB-M-024
 72
1
 11
494.0227
 21
-83.1604
 31
0.0
100
AcDbText
 73
2
  0
LWPOLYLINE
  5
4F0
330
17
100
AcDbEntity
  8
SOBRANTE-JUNTO-AL-RECORTE
100
AcDbPolyline
 90
4
 70
1
 10
507.5682
 20
-85.57079999999999
 10
507.7682
 20
-85.57079999999999
 10
507.7682
 20
-84.8804
 10
507.5682
 20
-84.8804
  0
TEXT
  5
4F1
330
17
100
AcDbEntity
  8
SOBRANTE-JUNTO-AL-RECORTE
100
AcDbText
 10
507.6682
 20
-85.22559999999999
 30
0.0
 40
0.045
  1
SOBRA DE PA-R-107
 50
90.0
 72
1
 11
507.6682
 21
-85.22559999999999
 31
0.0
100
AcDbText
 73
2
  0
LWPOLYLINE
  5
4F2
330
17
100
AcDbEntity
  8
SOBRANTE-JUNTO-AL-RECORTE
100
AcDbPolyline
 90
4
 70
1
 10
495.2087
 20
-92.7129
 10
495.5453
 20
-92.7129
 10
495.5453
 20
-91.5189
 10
495.2087
 20
-91.5189
  0
TEXT
  5
4F3
330
17
100
AcDbEntity
  8
SOBRANTE-JUNTO-AL-RECORTE
100
AcDbText
 10
495.377
 20
-92.11590000000001
 30
0.0
 40
0.045
  1
SOBRA DE PB-M-149
 50
90.0
 72
1
 11
495.377
 21
-92.11590000000001
 31
0.0
100
AcDbText
 73
2
  0
LWPOLYLINE
  5
4F4
330
17
100
AcDbEntity
  8
SOBRANTE-JUNTO-AL-RECORTE
100
AcDbPolyline
 90
4
 70
1
 10
493.1478
 20
-84.4544
 10
493.74780000000004
 20
-84.4544
 10
493.74780000000004
 20
-84.34460000000001
 10
493.1478
 20
-84.34460000000001
  0
TEXT
  5
4F5
330
17
100
AcDbEntity
  8
SOBRANTE-JUNTO-AL-RECORTE
100
AcDbText
 10
493.44780000000003
 20
-84.3995
 30
0.0
 40
0.045
  1
SOBRA DE PB-M-040
 72
1
 11
493.44780000000003
 21
-84.3995
 31
0.0
100
AcDbText
 73
2
  0
LWPOLYLINE
  5
4F6
330
17
100
AcDbEntity
  8
SOBRANTE-JUNTO-AL-RECORTE
100
AcDbPolyline
 90
4
 70
1
 10
504.3252
 20
-94.0239
 10
504.5252
 20
-94.0239
 10
504.5252
 20
-93.3304
 10
504.3252
 20
-93.3304
  0
TEXT
  5
4F7
330
17
100
AcDbEntity
  8
SOBRANTE-JUNTO-AL-RECORTE
100
AcDbText
 10
504.4252
 20
-93.67715
 30
0.0
 40
0.045
  1
SOBRA DE PA-R-198
 50
90.0
 72
1
 11
504.4252
 21
-93.67715
 31
0.0
100
AcDbText
 73
2
  0
LWPOLYLINE
  5
4F8
330
17
100
AcDbEntity
  8
SOBRANTE-JUNTO-AL-RECORTE
100
AcDbPolyline
 90
4
 70
1
 10
507.1942
 20
-88.6264
 10
507.79420000000005
 20
-88.6264
 10
507.79420000000005
 20
-88.5364
 10
507.1942
 20
-88.5364
  0
TEXT
  5
4F9
330
17
100
AcDbEntity
  8
SOBRANTE-JUNTO-AL-RECORTE
100
AcDbText
 10
507.49420000000003
 20
-88.5814
 30
0.0
 40
0.04499999999999993
  1
SOBRA DE PA-M-032
 72
1
 11
507.49420000000003
 21
-88.5814
 31
0.0
100
AcDbText
 73
2
  0
LWPOLYLINE
  5
4FA
330
17
100
AcDbEntity
  8
SOBRANTE-JUNTO-AL-RECORTE
100
AcDbPolyline
 90
4
 70
1
 10
507.3672
 20
-84.9703
 10
507.5672
 20
-84.9703
 10
507.5672
 20
-84.8804
 10
507.3672
 20
-84.8804
  0
LWPOLYLINE
  5
4FB
330
17
100
AcDbEntity
  8
SOBRANTE-JUNTO-AL-RECORTE
100
AcDbPolyline
 90
4
 70
1
 10
504.5262
 20
-93.4234
 10
504.7262
 20
-93.4234
 10
504.7262
 20
-93.3304
 10
504.5262
 20
-93.3304
  0
LWPOLYLINE
  5
4FC
330
17
100
AcDbEntity
  8
SOBRANTE-JUNTO-AL-RECORTE
100
AcDbPolyline
 90
4
 70
1
 10
506.1612
 20
-82.0905
 10
506.3612
 20
-82.0905
 10
506.3612
 20
-81.3694
 10
506.1612
 20
-81.3694
  0
TEXT
  5
4FD
330
17
100
AcDbEntity
  8
SOBRANTE-JUNTO-AL-RECORTE
100
AcDbText
 10
506.26120000000003
 20
-81.72995
 30
0.0
 40
0.045
  1
SOBRA DE PA-R-016
 50
90.0
 72
1
 11
506.26120000000003
 21
-81.72995
 31
0.0
100
AcDbText
 73
2
  0
LWPOLYLINE
  5
4FE
330
17
100
AcDbEntity
  8
SOBRANTE-JUNTO-AL-RECORTE
100
AcDbPolyline
 90
4
 70
1
 10
506.3622
 20
-82.09049999999999
 10
506.56219999999996
 20
-82.09049999999999
 10
506.56219999999996
 20
-81.96889999999999
 10
506.3622
 20
-81.96889999999999
  0
LWPOLYLINE
  5
4FF
330
17
100
AcDbEntity
  8
SOBRANTE-JUNTO-AL-RECORTE
100
AcDbPolyline
 90
4
 70
1
 10
506.7372
 20
-89.91040000000001
 10
506.93719999999996
 20
-89.91040000000001
 10
506.93719999999996
 20
-89.22090000000001
 10
506.7372
 20
-89.22090000000001
  0
TEXT
  5
500
330
17
100
AcDbEntity
  8
SOBRANTE-JUNTO-AL-RECORTE
100
AcDbText
 10
506.8372
 20
-89.56565
 30
0.0
 40
0.045
  1
SOBRA DE PA-R-146
 50
90.0
 72
1
 11
506.8372
 21
-89.56565
 31
0.0
100
AcDbText
 73
2
  0
LWPOLYLINE
  5
501
330
17
100
AcDbEntity
  8
SOBRANTE-JUNTO-AL-RECORTE
100
AcDbPolyline
 90
4
 70
1
 10
506.5362
 20
-89.9104
 10
506.7362
 20
-89.9104
 10
506.7362
 20
-89.8214
 10
506.5362
 20
-89.8214
  0
LWPOLYLINE
  5
502
330
17
100
AcDbEntity
  8
SOBRANTE-JUNTO-AL-RECORTE
100
AcDbPolyline
 90
4
 70
1
 10
507.1942
 20
-87.9404
 10
507.79420000000005
 20
-87.9404
 10
507.79420000000005
 20
-87.43039999999999
 10
507.1942
 20
-87.43039999999999
  0
TEXT
  5
503
330
17
100
AcDbEntity
  8
SOBRANTE-JUNTO-AL-RECORTE
100
AcDbText
 10
507.49420000000003
 20
-87.6854
 30
0.0
 40
0.045
  1
SOBRA DE PA-M-027
 72
1
 11
507.49420000000003
 21
-87.6854
 31
0.0
100
AcDbText
 73
2
  0
LWPOLYLINE
  5
504
330
17
100
AcDbEntity
  8
SOBRANTE-JUNTO-AL-RECORTE
100
AcDbPolyline
 90
4
 70
1
 10
504.1242
 20
-93.4234
 10
504.32419999999996
 20
-93.4234
 10
504.32419999999996
 20
-93.3304
 10
504.1242
 20
-93.3304
  0
LWPOLYLINE
  5
505
330
17
100
AcDbEntity
  8
SOBRANTE-JUNTO-AL-RECORTE
100
AcDbPolyline
 90
4
 70
1
 10
494.3227
 20
-83.2004
 10
494.9187
 20
-83.2004
 10
494.9187
 20
-83.1204
 10
494.3227
 20
-83.1204
  0
TEXT
  5
506
330
17
100
AcDbEntity
  8
SOBRANTE-JUNTO-AL-RECORTE
100
AcDbText
 10
494.6207
 20
-83.1604
 30
0.0
 40
0.039999999999999925
  1
SOBRA DE PB-M-025
 72
1
 11
494.6207
 21
-83.1604
 31
0.0
100
AcDbText
 73
2
  0
LWPOLYLINE
  5
507
330
17
100
AcDbEntity
  8
SOBRANTE-JUNTO-AL-RECORTE
100
AcDbPolyline
 90
4
 70
1
 10
506.9652
 20
-84.9703
 10
507.16519999999997
 20
-84.9703
 10
507.16519999999997
 20
-84.8804
 10
506.9652
 20
-84.8804
  0
LWPOLYLINE
  5
508
330
17
100
AcDbEntity
  8
SOBRANTE-JUNTO-AL-RECORTE
100
AcDbPolyline
 90
4
 70
1
 10
493.7498
 20
-84.3944
 10
494.34929999999997
 20
-84.3944
 10
494.34929999999997
 20
-84.3446
 10
493.7498
 20
-84.3446
  0
TEXT
  5
509
330
17
100
AcDbEntity
  8
SOBRANTE-JUNTO-AL-RECORTE
100
AcDbText
 10
494.04955
 20
-84.3695
 30
0.0
 40
0.024899999999999922
  1
SOBRA DE PB-M-035
 72
1
 11
494.04955
 21
-84.3695
 31
0.0
100
AcDbText
 73
2
  0
LWPOLYLINE
  5
50A
330
17
100
AcDbEntity
  8
SOBRANTE-JUNTO-AL-RECORTE
100
AcDbPolyline
 90
4
 70
1
 10
505.9602
 20
-82.09049999999999
 10
506.1602
 20
-82.09049999999999
 10
506.1602
 20
-81.96889999999999
 10
505.9602
 20
-81.96889999999999
  0
LWPOLYLINE
  5
50B
330
17
100
AcDbEntity
  8
SOBRANTE-JUNTO-AL-RECORTE
100
AcDbPolyline
 90
4
 70
1
 10
495.5546
 20
-92.6562
 10
496.1525
 20
-92.6562
 10
496.1525
 20
-92.5302
 10
495.5546
 20
-92.5302
  0
TEXT
  5
50C
330
17
100
AcDbEntity
  8
SOBRANTE-JUNTO-AL-RECORTE
100
AcDbText
 10
495.85355
 20
-92.5932
 30
0.0
 40
0.045
  1
SOBRA DE PB-M-135
 72
1
 11
495.85355
 21
-92.5932
 31
0.0
100
AcDbText
 73
2
  0
LWPOLYLINE
  5
50D
330
17
100
AcDbEntity
  8
SOBRANTE-JUNTO-AL-RECORTE
100
AcDbPolyline
 90
4
 70
1
 10
506.5962
 20
-88.6264
 10
507.1922
 20
-88.6264
 10
507.1922
 20
-88.5364
 10
506.5962
 20
-88.5364
  0
TEXT
  5
50E
330
17
100
AcDbEntity
  8
SOBRANTE-JUNTO-AL-RECORTE
100
AcDbText
 10
506.8942
 20
-88.5814
 30
0.0
 40
0.04499999999999993
  1
SOBRA DE PA-M-031
 72
1
 11
506.8942
 21
-88.5814
 31
0.0
100
AcDbText
 73
2
  0
LWPOLYLINE
  5
50F
330
17
100
AcDbEntity
  8
SOBRANTE-JUNTO-AL-RECORTE
100
AcDbPolyline
 90
4
 70
1
 10
506.1342
 20
-89.9104
 10
506.3342
 20
-89.9104
 10
506.3342
 20
-89.8214
 10
506.1342
 20
-89.8214
  0
LWPOLYLINE
  5
510
330
17
100
AcDbEntity
  8
SOBRANTE-JUNTO-AL-RECORTE
100
AcDbPolyline
 90
4
 70
1
 10
506.7642
 20
-85.57079999999999
 10
506.9642
 20
-85.57079999999999
 10
506.9642
 20
-84.8804
 10
506.7642
 20
-84.8804
  0
TEXT
  5
511
330
17
100
AcDbEntity
  8
SOBRANTE-JUNTO-AL-RECORTE
100
AcDbText
 10
506.86420000000004
 20
-85.22559999999999
 30
0.0
 40
0.045
  1
SOBRA DE PA-R-105
 50
90.0
 72
1
 11
506.86420000000004
 21
-85.22559999999999
 31
0.0
100
AcDbText
 73
2
  0
LWPOLYLINE
  5
512
330
17
100
AcDbEntity
  8
SOBRANTE-JUNTO-AL-RECORTE
100
AcDbPolyline
 90
4
 70
1
 10
506.5632
 20
-84.9703
 10
506.7632
 20
-84.9703
 10
506.7632
 20
-84.8804
 10
506.5632
 20
-84.8804
  0
LWPOLYLINE
  5
513
330
17
100
AcDbEntity
  8
SOBRANTE-JUNTO-AL-RECORTE
100
AcDbPolyline
 90
4
 70
1
 10
505.3572
 20
-82.0905
 10
505.55719999999997
 20
-82.0905
 10
505.55719999999997
 20
-81.3694
 10
505.3572
 20
-81.3694
  0
TEXT
  5
514
330
17
100
AcDbEntity
  8
SOBRANTE-JUNTO-AL-RECORTE
100
AcDbText
 10
505.4572
 20
-81.72995
 30
0.0
 40
0.045
  1
SOBRA DE PA-R-014
 50
90.0
 72
1
 11
505.4572
 21
-81.72995
 31
0.0
100
AcDbText
 73
2
  0
LWPOLYLINE
  5
515
330
17
100
AcDbEntity
  8
SOBRANTE-JUNTO-AL-RECORTE
100
AcDbPolyline
 90
4
 70
1
 10
506.5962
 20
-87.9404
 10
507.1922
 20
-87.9404
 10
507.1922
 20
-87.43039999999999
 10
506.5962
 20
-87.43039999999999
  0
TEXT
  5
516
330
17
100
AcDbEntity
  8
SOBRANTE-JUNTO-AL-RECORTE
100
AcDbText
 10
506.8942
 20
-87.6854
 30
0.0
 40
0.045
  1
SOBRA DE PA-M-026
 72
1
 11
506.8942
 21
-87.6854
 31
0.0
100
AcDbText
 73
2
  0
LWPOLYLINE
  5
517
330
17
100
AcDbEntity
  8
SOBRANTE-JUNTO-AL-RECORTE
100
AcDbPolyline
 90
4
 70
1
 10
505.5582
 20
-82.09049999999999
 10
505.7582
 20
-82.09049999999999
 10
505.7582
 20
-81.96889999999999
 10
505.5582
 20
-81.96889999999999
  0
LWPOLYLINE
  5
518
330
17
100
AcDbEntity
  8
SOBRANTE-JUNTO-AL-RECORTE
100
AcDbPolyline
 90
4
 70
1
 10
494.9207
 20
-83.2004
 10
495.5167
 20
-83.2004
 10
495.5167
 20
-83.1204
 10
494.9207
 20
-83.1204
  0
TEXT
  5
519
330
17
100
AcDbEntity
  8
SOBRANTE-JUNTO-AL-RECORTE
100
AcDbText
 10
495.2187
 20
-83.1604
 30
0.0
 40
0.039999999999999925
  1
SOBRA DE PB-M-026
 72
1
 11
495.2187
 21
-83.1604
 31
0.0
100
AcDbText
 73
2
  0
LWPOLYLINE
  5
51A
330
17
100
AcDbEntity
  8
SOBRANTE-JUNTO-AL-RECORTE
100
AcDbPolyline
 90
4
 70
1
 10
505.9332
 20
-89.8214
 10
506.1332
 20
-89.8214
 10
506.1332
 20
-89.2209
 10
505.9332
 20
-89.2209
  0
TEXT
  5
51B
330
17
100
AcDbEntity
  8
SOBRANTE-JUNTO-AL-RECORTE
100
AcDbText
 10
506.0332
 20
-89.52114999999999
 30
0.0
 40
0.045
  1
SOBRA DE PA-R-142
 50
90.0
 72
1
 11
506.0332
 21
-89.52114999999999
 31
0.0
100
AcDbText
 73
2
  0
LWPOLYLINE
  5
51C
330
17
100
AcDbEntity
  8
SOBRANTE-JUNTO-AL-RECORTE
100
AcDbPolyline
 90
4
 70
1
 10
496.1545
 20
-92.6562
 10
496.752
 20
-92.6562
 10
496.752
 20
-92.5302
 10
496.1545
 20
-92.5302
  0
TEXT
  5
51D
330
17
100
AcDbEntity
  8
SOBRANTE-JUNTO-AL-RECORTE
100
AcDbText
 10
496.45324999999997
 20
-92.5932
 30
0.0
 40
0.045
  1
SOBRA DE PB-M-136
 72
1
 11
496.45324999999997
 21
-92.5932
 31
0.0
100
AcDbText
 73
2
  0
LWPOLYLINE
  5
51E
330
17
100
AcDbEntity
  8
SOBRANTE-JUNTO-AL-RECORTE
100
AcDbPolyline
 90
4
 70
1
 10
494.3513
 20
-84.3944
 10
494.9513
 20
-84.3944
 10
494.9513
 20
-84.3446
 10
494.3513
 20
-84.3446
  0
TEXT
  5
51F
330
17
100
AcDbEntity
  8
SOBRANTE-JUNTO-AL-RECORTE
100
AcDbText
 10
494.6513
 20
-84.3695
 30
0.0
 40
0.024899999999999922
  1
SOBRA DE PB-M-036
 72
1
 11
494.6513
 21
-84.3695
 31
0.0
100
AcDbText
 73
2
  0
LWPOLYLINE
  5
520
330
17
100
AcDbEntity
  8
SOBRANTE-JUNTO-AL-RECORTE
100
AcDbPolyline
 90
4
 70
1
 10
505.1562
 20
-82.09049999999999
 10
505.3562
 20
-82.09049999999999
 10
505.3562
 20
-81.96889999999999
 10
505.1562
 20
-81.96889999999999
  0
LWPOLYLINE
  5
521
330
17
100
AcDbEntity
  8
SOBRANTE-JUNTO-AL-RECORTE
100
AcDbPolyline
 90
4
 70
1
 10
506.1612
 20
-84.9703
 10
506.3612
 20
-84.9703
 10
506.3612
 20
-84.8804
 10
506.1612
 20
-84.8804
  0
LWPOLYLINE
  5
522
330
17
100
AcDbEntity
  8
SOBRANTE-JUNTO-AL-RECORTE
100
AcDbPolyline
 90
4
 70
1
 10
496.754
 20
-92.6562
 10
497.35
 20
-92.6562
 10
497.35
 20
-92.5302
 10
496.754
 20
-92.5302
  0
TEXT
  5
523
330
17
100
AcDbEntity
  8
SOBRANTE-JUNTO-AL-RECORTE
100
AcDbText
 10
497.052
 20
-92.5932
 30
0.0
 40
0.045
  1
SOBRA DE PB-M-137
 72
1
 11
497.052
 21
-92.5932
 31
0.0
100
AcDbText
 73
2
  0
LWPOLYLINE
  5
524
330
17
100
AcDbEntity
  8
SOBRANTE-JUNTO-AL-RECORTE
100
AcDbPolyline
 90
4
 70
1
 10
495.5187
 20
-83.2004
 10
496.1147
 20
-83.2004
 10
496.1147
 20
-83.1204
 10
495.5187
 20
-83.1204
  0
TEXT
  5
525
330
17
100
AcDbEntity
  8
SOBRANTE-JUNTO-AL-RECORTE
100
AcDbText
 10
495.8167
 20
-83.1604
 30
0.0
 40
0.039999999999999925
  1
SOBRA DE PB-M-027
 72
1
 11
495.8167
 21
-83.1604
 31
0.0
100
AcDbText
 73
2
  0
LWPOLYLINE
  5
526
330
17
100
AcDbEntity
  8
SOBRANTE-JUNTO-AL-RECORTE
100
AcDbPolyline
 90
4
 70
1
 10
503.3422
 20
-92.6284
 10
503.9402
 20
-92.6284
 10
503.9402
 20
-92.5304
 10
503.3422
 20
-92.5304
  0
TEXT
  5
527
330
17
100
AcDbEntity
  8
SOBRANTE-JUNTO-AL-RECORTE
100
AcDbText
 10
503.64119999999997
 20
-92.57939999999999
 30
0.0
 40
0.045
  1
SOBRA DE PA-M-042
 72
1
 11
503.64119999999997
 21
-92.57939999999999
 31
0.0
100
AcDbText
 73
2
  0
LWPOLYLINE
  5
528
330
17
100
AcDbEntity
  8
SOBRANTE-JUNTO-AL-RECORTE
100
AcDbPolyline
 90
4
 70
1
 10
494.63870000000003
 20
-89.1278
 10
494.9438
 20
-89.1278
 10
494.9438
 20
-87.93379999999999
 10
494.63870000000003
 20
-87.93379999999999
  0
TEXT
  5
529
330
17
100
AcDbEntity
  8
SOBRANTE-JUNTO-AL-RECORTE
100
AcDbText
 10
494.79125000000005
 20
-88.5308
 30
0.0
 40
0.045
  1
SOBRA DE PB-M-098
 50
90.0
 72
1
 11
494.79125000000005
 21
-88.5308
 31
0.0
100
AcDbText
 73
2
  0
LWPOLYLINE
  5
52A
330
17
100
AcDbEntity
  8
SOBRANTE-JUNTO-AL-RECORTE
100
AcDbPolyline
 90
4
 70
1
 10
495.5546
 20
-90.3404
 10
496.1525
 20
-90.3404
 10
496.1525
 20
-90.2662
 10
495.5546
 20
-90.2662
  0
TEXT
  5
52B
330
17
100
AcDbEntity
  8
SOBRANTE-JUNTO-AL-RECORTE
100
AcDbText
 10
495.85355
 20
-90.30330000000001
 30
0.0
 40
0.03710000000000002
  1
SOBRA DE PB-M-120
 72
1
 11
495.85355
 21
-90.30330000000001
 31
0.0
100
AcDbText
 73
2
  0
LWPOLYLINE
  5
52C
330
17
100
AcDbEntity
  8
SOBRANTE-JUNTO-AL-RECORTE
100
AcDbPolyline
 90
4
 70
1
 10
506.0182
 20
-86.2544
 10
506.2612
 20
-86.2544
 10
506.2612
 20
-85.0604
 10
506.0182
 20
-85.0604
  0
TEXT
  5
52D
330
17
100
AcDbEntity
  8
SOBRANTE-JUNTO-AL-RECORTE
100
AcDbText
 10
506.1397
 20
-85.65740000000001
 30
0.0
 40
0.045
  1
SOBRA DE PA-M-008
 50
90.0
 72
1
 11
506.1397
 21
-85.65740000000001
 31
0.0
100
AcDbText
 73
2
  0
LWPOLYLINE
  5
52E
330
17
100
AcDbEntity
  8
SOBRANTE-JUNTO-AL-RECORTE
100
AcDbPolyline
 90
4
 70
1
 10
504.5532
 20
-82.0905
 10
504.7532
 20
-82.0905
 10
504.7532
 20
-81.3694
 10
504.5532
 20
-81.3694
  0
TEXT
  5
52F
330
17
100
AcDbEntity
  8
SOBRANTE-JUNTO-AL-RECORTE
100
AcDbText
 10
504.6532
 20
-81.72995
 30
0.0
 40
0.045
  1
SOBRA DE PA-R-012
 50
90.0
 72
1
 11
504.6532
 21
-81.72995
 31
0.0
100
AcDbText
 73
2
  0
LWPOLYLINE
  5
530
330
17
100
AcDbEntity
  8
SOBRANTE-JUNTO-AL-RECORTE
100
AcDbPolyline
 90
4
 70
1
 10
504.7542
 20
-82.09049999999999
 10
504.9542
 20
-82.09049999999999
 10
504.9542
 20
-81.96889999999999
 10
504.7542
 20
-81.96889999999999
  0
LWPOLYLINE
  5
531
330
17
100
AcDbEntity
  8
SOBRANTE-JUNTO-AL-RECORTE
100
AcDbPolyline
 90
4
 70
1
 10
494.9539
 20
-89.7214
 10
495.55269999999996
 20
-89.7214
 10
495.55269999999996
 20
-88.96640000000001
 10
494.9539
 20
-88.96640000000001
  0
TEXT
  5
532
330
17
100
AcDbEntity
  8
SOBRANTE-JUNTO-AL-RECORTE
100
AcDbText
 10
495.25329999999997
 20
-89.3439
 30
0.0
 40
0.045
  1
SOBRA DE PB-M-115
 50
90.0
 72
1
 11
495.25329999999997
 21
-89.3439
 31
0.0
100
AcDbText
 73
2
  0
LWPOLYLINE
  5
533
330
17
100
AcDbEntity
  8
SOBRANTE-JUNTO-AL-RECORTE
100
AcDbPolyline
 90
4
 70
1
 10
505.9602
 20
-84.37079999999999
 10
506.1602
 20
-84.37079999999999
 10
506.1602
 20
-83.68039999999999
 10
505.9602
 20
-83.68039999999999
  0
TEXT
  5
534
330
17
100
AcDbEntity
  8
SOBRANTE-JUNTO-AL-RECORTE
100
AcDbText
 10
506.0602
 20
-84.02559999999998
 30
0.0
 40
0.045
  1
SOBRA DE PA-R-103
 50
90.0
 72
1
 11
506.0602
 21
-84.02559999999998
 31
0.0
100
AcDbText
 73
2
  0
LWPOLYLINE
  5
535
330
17
100
AcDbEntity
  8
SOBRANTE-JUNTO-AL-RECORTE
100
AcDbPolyline
 90
4
 70
1
 10
497.75870000000003
 20
-82.0044
 10
497.9087
 20
-82.0044
 10
497.9087
 20
-80.8104
 10
497.75870000000003
 20
-80.8104
  0
TEXT
  5
536
330
17
100
AcDbEntity
  8
SOBRANTE-JUNTO-AL-RECORTE
100
AcDbText
 10
497.8337
 20
-81.40740000000001
 30
0.0
 40
0.045
  1
SOBRA DE PB-M-014
 50
90.0
 72
1
 11
497.8337
 21
-81.40740000000001
 31
0.0
100
AcDbText
 73
2
  0
LWPOLYLINE
  5
537
330
17
100
AcDbEntity
  8
SOBRANTE-JUNTO-AL-RECORTE
100
AcDbPolyline
 90
4
 70
1
 10
497.57899999999995
 20
-92.6562
 10
497.948
 20
-92.6562
 10
497.948
 20
-91.4622
 10
497.57899999999995
 20
-91.4622
  0
LWPOLYLINE
  5
538
330
17
100
AcDbEntity
  8
SOBRANTE-JUNTO-AL-RECORTE
100
AcDbPolyline
 90
4
 70
1
 10
497.352
 20
-92.6562
 10
497.57899999999995
 20
-92.6562
 10
497.57899999999995
 20
-92.5302
 10
497.352
 20
-92.5302
  0
TEXT
  5
539
330
17
100
AcDbEntity
  8
SOBRANTE-JUNTO-AL-RECORTE
100
AcDbText
 10
497.76349999999996
 20
-92.0592
 30
0.0
 40
0.045
  1
SOBRA DE PB-M-138
 50
90.0
 72
1
 11
497.76349999999996
 21
-92.0592
 31
0.0
100
AcDbText
 73
2
  0
LWPOLYLINE
  5
53A
330
17
100
AcDbEntity
  8
SOBRANTE-JUNTO-AL-RECORTE
100
AcDbPolyline
 90
4
 70
1
 10
505.7592
 20
-84.9703
 10
505.9592
 20
-84.9703
 10
505.9592
 20
-84.8804
 10
505.7592
 20
-84.8804
  0
LWPOLYLINE
  5
53B
330
17
100
AcDbEntity
  8
SOBRANTE-JUNTO-AL-RECORTE
100
AcDbPolyline
 90
4
 70
1
 10
504.9282
 20
-89.9104
 10
505.1282
 20
-89.9104
 10
505.1282
 20
-89.8214
 10
504.9282
 20
-89.8214
  0
LWPOLYLINE
  5
53C
330
17
100
AcDbEntity
  8
SOBRANTE-JUNTO-AL-RECORTE
100
AcDbPolyline
 90
4
 70
1
 10
494.9539
 20
-84.3944
 10
495.55269999999996
 20
-84.3944
 10
495.55269999999996
 20
-84.3446
 10
494.9539
 20
-84.3446
  0
TEXT
  5
53D
330
17
100
AcDbEntity
  8
SOBRANTE-JUNTO-AL-RECORTE
100
AcDbText
 10
495.25329999999997
 20
-84.3695
 30
0.0
 40
0.024899999999999922
  1
SOBRA DE PB-M-037
 72
1
 11
495.25329999999997
 21
-84.3695
 31
0.0
100
AcDbText
 73
2
  0
LWPOLYLINE
  5
53E
330
17
100
AcDbEntity
  8
SOBRANTE-JUNTO-AL-RECORTE
100
AcDbPolyline
 90
4
 70
1
 10
505.1292
 20
-91.0214
 10
505.3292
 20
-91.0214
 10
505.3292
 20
-90.4209
 10
505.1292
 20
-90.4209
  0
TEXT
  5
53F
330
17
100
AcDbEntity
  8
SOBRANTE-JUNTO-AL-RECORTE
100
AcDbText
 10
505.22920000000005
 20
-90.72115
 30
0.0
 40
0.045
  1
SOBRA DE PA-R-140
 50
90.0
 72
1
 11
505.22920000000005
 21
-90.72115
 31
0.0
100
AcDbText
 73
2
  0
LWPOLYLINE
  5
540
330
17
100
AcDbEntity
  8
SOBRANTE-JUNTO-AL-RECORTE
100
AcDbPolyline
 90
4
 70
1
 10
502.7442
 20
-92.6284
 10
503.3402
 20
-92.6284
 10
503.3402
 20
-92.5304
 10
502.7442
 20
-92.5304
  0
TEXT
  5
541
330
17
100
AcDbEntity
  8
SOBRANTE-JUNTO-AL-RECORTE
100
AcDbText
 10
503.0422
 20
-92.57939999999999
 30
0.0
 40
0.045
  1
SOBRA DE PA-M-041
 72
1
 11
503.0422
 21
-92.57939999999999
 31
0.0
100
AcDbText
 73
2
  0
LWPOLYLINE
  5
542
330
17
100
AcDbEntity
  8
SOBRANTE-JUNTO-AL-RECORTE
100
AcDbPolyline
 90
4
 70
1
 10
504.3522
 20
-82.09049999999999
 10
504.55219999999997
 20
-82.09049999999999
 10
504.55219999999997
 20
-81.96889999999999
 10
504.3522
 20
-81.96889999999999
  0
LWPOLYLINE
  5
543
330
17
100
AcDbEntity
  8
SOBRANTE-JUNTO-AL-RECORTE
100
AcDbPolyline
 90
4
 70
1
 10
496.1167
 20
-83.2004
 10
496.7127
 20
-83.2004
 10
496.7127
 20
-83.1204
 10
496.1167
 20
-83.1204
  0
TEXT
  5
544
330
17
100
AcDbEntity
  8
SOBRANTE-JUNTO-AL-RECORTE
100
AcDbText
 10
496.4147
 20
-83.1604
 30
0.0
 40
0.039999999999999925
  1
SOBRA DE PB-M-028
 72
1
 11
496.4147
 21
-83.1604
 31
0.0
100
AcDbText
 73
2
  0
LWPOLYLINE
  5
545
330
17
100
AcDbEntity
  8
SOBRANTE-JUNTO-AL-RECORTE
100
AcDbPolyline
 90
4
 70
1
 10
506.2242
 20
-87.9344
 10
506.5942
 20
-87.9344
 10
506.5942
 20
-86.7404
 10
506.2242
 20
-86.7404
  0
LWPOLYLINE
  5
546
330
17
100
AcDbEntity
  8
SOBRANTE-JUNTO-AL-RECORTE
100
AcDbPolyline
 90
4
 70
1
 10
505.9982
 20
-87.9344
 10
506.2242
 20
-87.9344
 10
506.2242
 20
-87.4284
 10
505.9982
 20
-87.4284
  0
TEXT
  5
547
330
17
100
AcDbEntity
  8
SOBRANTE-JUNTO-AL-RECORTE
100
AcDbText
 10
506.4092
 20
-87.3374
 30
0.0
 40
0.045
  1
SOBRA DE PA-M-019
 50
90.0
 72
1
 11
506.4092
 21
-87.3374
 31
0.0
100
AcDbText
 73
2
  0
LWPOLYLINE
  5
548
330
17
100
AcDbEntity
  8
SOBRANTE-JUNTO-AL-RECORTE
100
AcDbPolyline
 90
4
 70
1
 10
504.5262
 20
-89.9104
 10
504.7262
 20
-89.9104
 10
504.7262
 20
-89.8214
 10
504.5262
 20
-89.8214
  0
LWPOLYLINE
  5
549
330
17
100
AcDbEntity
  8
SOBRANTE-JUNTO-AL-RECORTE
100
AcDbPolyline
 90
4
 70
1
 10
504.7272
 20
-89.91040000000001
 10
504.92719999999997
 20
-89.91040000000001
 10
504.92719999999997
 20
-89.22090000000001
 10
504.7272
 20
-89.22090000000001
  0
TEXT
  5
54A
330
17
100
AcDbEntity
  8
SOBRANTE-JUNTO-AL-RECORTE
100
AcDbText
 10
504.8272
 20
-89.56565
 30
0.0
 40
0.045
  1
SOBRA DE PA-R-144
 50
90.0
 72
1
 11
504.8272
 21
-89.56565
 31
0.0
100
AcDbText
 73
2
  0
LWPOLYLINE
  5
54B
330
17
100
AcDbEntity
  8
SOBRANTE-JUNTO-AL-RECORTE
100
AcDbPolyline
 90
4
 70
1
 10
505.3572
 20
-84.9703
 10
505.55719999999997
 20
-84.9703
 10
505.55719999999997
 20
-84.8804
 10
505.3572
 20
-84.8804
  0
LWPOLYLINE
  5
54C
330
17
100
AcDbEntity
  8
SOBRANTE-JUNTO-AL-RECORTE
100
AcDbPolyline
 90
4
 70
1
 10
503.7492
 20
-82.0905
 10
503.94919999999996
 20
-82.0905
 10
503.94919999999996
 20
-81.3694
 10
503.7492
 20
-81.3694
  0
TEXT
  5
54D
330
17
100
AcDbEntity
  8
SOBRANTE-JUNTO-AL-RECORTE
100
AcDbText
 10
503.8492
 20
-81.72995
 30
0.0
 40
0.045
  1
SOBRA DE PA-R-010
 50
90.0
 72
1
 11
503.8492
 21
-81.72995
 31
0.0
100
AcDbText
 73
2
  0
LWPOLYLINE
  5
54E
330
17
100
AcDbEntity
  8
SOBRANTE-JUNTO-AL-RECORTE
100
AcDbPolyline
 90
4
 70
1
 10
505.6632
 20
-87.4504
 10
506.2592
 20
-87.4504
 10
506.2592
 20
-86.5604
 10
505.6632
 20
-86.5604
  0
TEXT
  5
54F
330
17
100
AcDbEntity
  8
SOBRANTE-JUNTO-AL-RECORTE
100
AcDbText
 10
505.9612
 20
-87.00540000000001
 30
0.0
 40
0.045
  1
SOBRA DE PA-M-014
 50
90.0
 72
1
 11
505.9612
 21
-87.00540000000001
 31
0.0
100
AcDbText
 73
2
  0
LWPOLYLINE
  5
550
330
17
100
AcDbEntity
  8
SOBRANTE-JUNTO-AL-RECORTE
100
AcDbPolyline
 90
4
 70
1
 10
495.5546
 20
-89.7214
 10
496.1525
 20
-89.7214
 10
496.1525
 20
-88.96640000000001
 10
495.5546
 20
-88.96640000000001
  0
TEXT
  5
551
330
17
100
AcDbEntity
  8
SOBRANTE-JUNTO-AL-RECORTE
100
AcDbText
 10
495.85355
 20
-89.3439
 30
0.0
 40
0.045
  1
SOBRA DE PB-M-116
 50
90.0
 72
1
 11
495.85355
 21
-89.3439
 31
0.0
100
AcDbText
 73
2
  0
LWPOLYLINE
  5
552
330
17
100
AcDbEntity
  8
SOBRANTE-JUNTO-AL-RECORTE
100
AcDbPolyline
 90
4
 70
1
 10
503.9502
 20
-82.09049999999999
 10
504.1502
 20
-82.09049999999999
 10
504.1502
 20
-81.96889999999999
 10
503.9502
 20
-81.96889999999999
  0
LWPOLYLINE
  5
553
330
17
100
AcDbEntity
  8
SOBRANTE-JUNTO-AL-RECORTE
100
AcDbPolyline
 90
4
 70
1
 10
495.5546
 20
-84.3944
 10
496.1525
 20
-84.3944
 10
496.1525
 20
-84.3446
 10
495.5546
 20
-84.3446
  0
TEXT
  5
554
330
17
100
AcDbEntity
  8
SOBRANTE-JUNTO-AL-RECORTE
100
AcDbText
 10
495.85355
 20
-84.3695
 30
0.0
 40
0.024899999999999922
  1
SOBRA DE PB-M-038
 72
1
 11
495.85355
 21
-84.3695
 31
0.0
100
AcDbText
 73
2
  0
LWPOLYLINE
  5
555
330
17
100
AcDbEntity
  8
SOBRANTE-JUNTO-AL-RECORTE
100
AcDbPolyline
 90
4
 70
1
 10
496.7147
 20
-83.2004
 10
497.3107
 20
-83.2004
 10
497.3107
 20
-83.0804
 10
496.7147
 20
-83.0804
  0
TEXT
  5
556
330
17
100
AcDbEntity
  8
SOBRANTE-JUNTO-AL-RECORTE
100
AcDbText
 10
497.0127
 20
-83.1404
 30
0.0
 40
0.045
  1
SOBRA DE PB-M-016
 72
1
 11
497.0127
 21
-83.1404
 31
0.0
100
AcDbText
 73
2
  0
LWPOLYLINE
  5
557
330
17
100
AcDbEntity
  8
SOBRANTE-JUNTO-AL-RECORTE
100
AcDbPolyline
 90
4
 70
1
 10
504.1242
 20
-89.9104
 10
504.32419999999996
 20
-89.9104
 10
504.32419999999996
 20
-89.8214
 10
504.1242
 20
-89.8214
  0
LWPOLYLINE
  5
558
330
17
100
AcDbEntity
  8
SOBRANTE-JUNTO-AL-RECORTE
100
AcDbPolyline
 90
4
 70
1
 10
496.754
 20
-90.3404
 10
497.35
 20
-90.3404
 10
497.35
 20
-90.2662
 10
496.754
 20
-90.2662
  0
TEXT
  5
559
330
17
100
AcDbEntity
  8
SOBRANTE-JUNTO-AL-RECORTE
100
AcDbText
 10
497.052
 20
-90.30330000000001
 30
0.0
 40
0.03710000000000002
  1
SOBRA DE PB-M-123
 72
1
 11
497.052
 21
-90.30330000000001
 31
0.0
100
AcDbText
 73
2
  0
LWPOLYLINE
  5
55A
330
17
100
AcDbEntity
  8
SOBRANTE-JUNTO-AL-RECORTE
100
AcDbPolyline
 90
4
 70
1
 10
494.9539
 20
-87.9344
 10
495.55269999999996
 20
-87.9344
 10
495.55269999999996
 20
-87.2114
 10
494.9539
 20
-87.2114
  0
TEXT
  5
55B
330
17
100
AcDbEntity
  8
SOBRANTE-JUNTO-AL-RECORTE
100
AcDbText
 10
495.25329999999997
 20
-87.57289999999999
 30
0.0
 40
0.045
  1
SOBRA DE PB-M-086
 50
90.0
 72
1
 11
495.25329999999997
 21
-87.57289999999999
 31
0.0
100
AcDbText
 73
2
  0
LWPOLYLINE
  5
55C
330
17
100
AcDbEntity
  8
SOBRANTE-JUNTO-AL-RECORTE
100
AcDbPolyline
 90
4
 70
1
 10
505.4002
 20
-87.9344
 10
505.9962
 20
-87.9344
 10
505.9962
 20
-87.4284
 10
505.4002
 20
-87.4284
  0
TEXT
  5
55D
330
17
100
AcDbEntity
  8
SOBRANTE-JUNTO-AL-RECORTE
100
AcDbText
 10
505.6982
 20
-87.6814
 30
0.0
 40
0.045
  1
SOBRA DE PA-M-018
 72
1
 11
505.6982
 21
-87.6814
 31
0.0
100
AcDbText
 73
2
  0
LWPOLYLINE
  5
55E
330
17
100
AcDbEntity
  8
SOBRANTE-JUNTO-AL-RECORTE
100
AcDbPolyline
 90
4
 70
1
 10
505.1562
 20
-85.57079999999999
 10
505.3562
 20
-85.57079999999999
 10
505.3562
 20
-84.8804
 10
505.1562
 20
-84.8804
  0
TEXT
  5
55F
330
17
100
AcDbEntity
  8
SOBRANTE-JUNTO-AL-RECORTE
100
AcDbText
 10
505.25620000000004
 20
-85.22559999999999
 30
0.0
 40
0.045
  1
SOBRA DE PA-R-101
 50
90.0
 72
1
 11
505.25620000000004
 21
-85.22559999999999
 31
0.0
100
AcDbText
 73
2
  0
LWPOLYLINE
  5
560
330
17
100
AcDbEntity
  8
SOBRANTE-JUNTO-AL-RECORTE
100
AcDbPolyline
 90
4
 70
1
 10
504.9552
 20
-84.9703
 10
505.1552
 20
-84.9703
 10
505.1552
 20
-84.8804
 10
504.9552
 20
-84.8804
  0
LWPOLYLINE
  5
561
330
17
100
AcDbEntity
  8
SOBRANTE-JUNTO-AL-RECORTE
100
AcDbPolyline
 90
4
 70
1
 10
503.5482
 20
-82.09049999999999
 10
503.7482
 20
-82.09049999999999
 10
503.7482
 20
-81.96889999999999
 10
503.5482
 20
-81.96889999999999
  0
LWPOLYLINE
  5
562
330
17
100
AcDbEntity
  8
SOBRANTE-JUNTO-AL-RECORTE
100
AcDbPolyline
 90
4
 70
1
 10
503.9232
 20
-91.1104
 10
504.0342
 20
-91.1104
 10
504.0342
 20
-89.9104
 10
503.9232
 20
-89.9104
  0
LWPOLYLINE
  5
563
330
17
100
AcDbEntity
  8
SOBRANTE-JUNTO-AL-RECORTE
100
AcDbPolyline
 90
4
 70
1
 10
504.0342
 20
-91.1104
 10
504.1232
 20
-91.1104
 10
504.1232
 20
-90.8104
 10
504.0342
 20
-90.8104
  0
TEXT
  5
564
330
17
100
AcDbEntity
  8
SOBRANTE-JUNTO-AL-RECORTE
100
AcDbText
 10
503.9787
 20
-90.5104
 30
0.0
 40
0.045
  1
SOBRA DE PA-R-149
 50
90.0
 72
1
 11
503.9787
 21
-90.5104
 31
0.0
100
AcDbText
 73
2
  0
LWPOLYLINE
  5
565
330
17
100
AcDbEntity
  8
SOBRANTE-JUNTO-AL-RECORTE
100
AcDbPolyline
 90
4
 70
1
 10
502.9452
 20
-82.0905
 10
503.1452
 20
-82.0905
 10
503.1452
 20
-81.3694
 10
502.9452
 20
-81.3694
  0
TEXT
  5
566
330
17
100
AcDbEntity
  8
SOBRANTE-JUNTO-AL-RECORTE
100
AcDbText
 10
503.0452
 20
-81.72995
 30
0.0
 40
0.045
  1
SOBRA DE PA-R-008
 50
90.0
 72
1
 11
503.0452
 21
-81.72995
 31
0.0
100
AcDbText
 73
2
  0
LWPOLYLINE
  5
567
330
17
100
AcDbEntity
  8
SOBRANTE-JUNTO-AL-RECORTE
100
AcDbPolyline
 90
4
 70
1
 10
497.57869999999997
 20
-91.4602
 10
497.948
 20
-91.4602
 10
497.948
 20
-90.2662
 10
497.57869999999997
 20
-90.2662
  0
LWPOLYLINE
  5
568
330
17
100
AcDbEntity
  8
SOBRANTE-JUNTO-AL-RECORTE
100
AcDbPolyline
 90
4
 70
1
 10
497.352
 20
-90.3404
 10
497.57869999999997
 20
-90.3404
 10
497.57869999999997
 20
-90.2662
 10
497.352
 20
-90.2662
  0
TEXT
  5
569
330
17
100
AcDbEntity
  8
SOBRANTE-JUNTO-AL-RECORTE
100
AcDbText
 10
497.76334999999995
 20
-90.8632
 30
0.0
 40
0.045
  1
SOBRA DE PB-M-124
 50
90.0
 72
1
 11
497.76334999999995
 21
-90.8632
 31
0.0
100
AcDbText
 73
2
  0
LWPOLYLINE
  5
56A
330
17
100
AcDbEntity
  8
SOBRANTE-JUNTO-AL-RECORTE
100
AcDbPolyline
 90
4
 70
1
 10
496.1545
 20
-90.9154
 10
496.752
 20
-90.9154
 10
496.752
 20
-90.16040000000001
 10
496.1545
 20
-90.16040000000001
  0
TEXT
  5
56B
330
17
100
AcDbEntity
  8
SOBRANTE-JUNTO-AL-RECORTE
100
AcDbText
 10
496.45324999999997
 20
-90.53790000000001
 30
0.0
 40
0.045
  1
SOBRA DE PB-M-117
 50
90.0
 72
1
 11
496.45324999999997
 21
-90.53790000000001
 31
0.0
100
AcDbText
 73
2
  0
LWPOLYLINE
  5
56C
330
17
100
AcDbEntity
  8
SOBRANTE-JUNTO-AL-RECORTE
100
AcDbPolyline
 90
4
 70
1
 10
497.75870000000003
 20
-83.2004
 10
497.9087
 20
-83.2004
 10
497.9087
 20
-82.0064
 10
497.75870000000003
 20
-82.0064
  0
LWPOLYLINE
  5
56D
330
17
100
AcDbEntity
  8
SOBRANTE-JUNTO-AL-RECORTE
100
AcDbPolyline
 90
4
 70
1
 10
497.3127
 20
-83.2004
 10
497.75870000000003
 20
-83.2004
 10
497.75870000000003
 20
-83.0804
 10
497.3127
 20
-83.0804
  0
TEXT
  5
56E
330
17
100
AcDbEntity
  8
SOBRANTE-JUNTO-AL-RECORTE
100
AcDbText
 10
497.8337
 20
-82.60340000000001
 30
0.0
 40
0.045
  1
SOBRA DE PB-M-017
 50
90.0
 72
1
 11
497.8337
 21
-82.60340000000001
 31
0.0
100
AcDbText
 73
2
  0
LWPOLYLINE
  5
56F
330
17
100
AcDbEntity
  8
SOBRANTE-JUNTO-AL-RECORTE
100
AcDbPolyline
 90
4
 70
1
 10
503.1462
 20
-82.09049999999999
 10
503.3462
 20
-82.09049999999999
 10
503.3462
 20
-81.96889999999999
 10
503.1462
 20
-81.96889999999999
  0
LWPOLYLINE
  5
570
330
17
100
AcDbEntity
  8
SOBRANTE-JUNTO-AL-RECORTE
100
AcDbPolyline
 90
4
 70
1
 10
496.1545
 20
-84.3944
 10
496.752
 20
-84.3944
 10
496.752
 20
-84.3446
 10
496.1545
 20
-84.3446
  0
TEXT
  5
571
330
17
100
AcDbEntity
  8
SOBRANTE-JUNTO-AL-RECORTE
100
AcDbText
 10
496.45324999999997
 20
-84.3695
 30
0.0
 40
0.024899999999999922
  1
SOBRA DE PB-M-039
 72
1
 11
496.45324999999997
 21
-84.3695
 31
0.0
100
AcDbText
 73
2
  0
LWPOLYLINE
  5
572
330
17
100
AcDbEntity
  8
SOBRANTE-JUNTO-AL-RECORTE
100
AcDbPolyline
 90
4
 70
1
 10
504.5532
 20
-84.9703
 10
504.7532
 20
-84.9703
 10
504.7532
 20
-84.8804
 10
504.5532
 20
-84.8804
  0
LWPOLYLINE
  5
573
330
17
100
AcDbEntity
  8
SOBRANTE-JUNTO-AL-RECORTE
100
AcDbPolyline
 90
4
 70
1
 10
502.3642
 20
-82.0905
 10
502.56419999999997
 20
-82.0905
 10
502.56419999999997
 20
-81.3087
 10
502.3642
 20
-81.3087
  0
TEXT
  5
574
330
17
100
AcDbEntity
  8
SOBRANTE-JUNTO-AL-RECORTE
100
AcDbText
 10
502.4642
 20
-81.6996
 30
0.0
 40
0.045
  1
SOBRA DE PA-R-007
 50
90.0
 72
1
 11
502.4642
 21
-81.6996
 31
0.0
100
AcDbText
 73
2
  0
LWPOLYLINE
  5
575
330
17
100
AcDbEntity
  8
SOBRANTE-JUNTO-AL-RECORTE
100
AcDbPolyline
 90
4
 70
1
 10
504.2042
 20
-88.6264
 10
504.8002
 20
-88.6264
 10
504.8002
 20
-88.5364
 10
504.2042
 20
-88.5364
  0
TEXT
  5
576
330
17
100
AcDbEntity
  8
SOBRANTE-JUNTO-AL-RECORTE
100
AcDbText
 10
504.5022
 20
-88.5814
 30
0.0
 40
0.04499999999999993
  1
SOBRA DE PA-M-030
 72
1
 11
504.5022
 21
-88.5814
 31
0.0
100
AcDbText
 73
2
  0
LWPOLYLINE
  5
577
330
17
100
AcDbEntity
  8
SOBRANTE-JUNTO-AL-RECORTE
100
AcDbPolyline
 90
4
 70
1
 10
502.7442
 20
-82.09049999999999
 10
502.94419999999997
 20
-82.09049999999999
 10
502.94419999999997
 20
-81.96889999999999
 10
502.7442
 20
-81.96889999999999
  0
LWPOLYLINE
  5
578
330
17
100
AcDbEntity
  8
SOBRANTE-JUNTO-AL-RECORTE
100
AcDbPolyline
 90
4
 70
1
 10
501.9622
 20
-82.0921
 10
502.1622
 20
-82.0921
 10
502.1622
 20
-81.3074
 10
501.9622
 20
-81.3074
  0
TEXT
  5
579
330
17
100
AcDbEntity
  8
SOBRANTE-JUNTO-AL-RECORTE
100
AcDbText
 10
502.0622
 20
-81.69975000000001
 30
0.0
 40
0.045
  1
SOBRA DE PA-R-006
 50
90.0
 72
1
 11
502.0622
 21
-81.69975000000001
 31
0.0
100
AcDbText
 73
2
  0
LWPOLYLINE
  5
57A
330
17
100
AcDbEntity
  8
SOBRANTE-JUNTO-AL-RECORTE
100
AcDbPolyline
 90
4
 70
1
 10
504.8022
 20
-86.7404
 10
505.39820000000003
 20
-86.7404
 10
505.39820000000003
 20
-86.2344
 10
504.8022
 20
-86.2344
  0
TEXT
  5
57B
330
17
100
AcDbEntity
  8
SOBRANTE-JUNTO-AL-RECORTE
100
AcDbText
 10
505.10020000000003
 20
-86.4874
 30
0.0
 40
0.045
  1
SOBRA DE PA-M-017
 72
1
 11
505.10020000000003
 21
-86.4874
 31
0.0
100
AcDbText
 73
2
  0
LWPOLYLINE
  5
57C
330
17
100
AcDbEntity
  8
SOBRANTE-JUNTO-AL-RECORTE
100
AcDbPolyline
 90
4
 70
1
 10
496.754
 20
-89.7214
 10
497.35
 20
-89.7214
 10
497.35
 20
-88.96640000000001
 10
496.754
 20
-88.96640000000001
  0
TEXT
  5
57D
330
17
100
AcDbEntity
  8
SOBRANTE-JUNTO-AL-RECORTE
100
AcDbText
 10
497.052
 20
-89.3439
 30
0.0
 40
0.045
  1
SOBRA DE PB-M-118
 50
90.0
 72
1
 11
497.052
 21
-89.3439
 31
0.0
100
AcDbText
 73
2
  0
LWPOLYLINE
  5
57E
330
17
100
AcDbEntity
  8
SOBRANTE-JUNTO-AL-RECORTE
100
AcDbPolyline
 90
4
 70
1
 10
504.3522
 20
-85.57079999999999
 10
504.55219999999997
 20
-85.57079999999999
 10
504.55219999999997
 20
-84.8804
 10
504.3522
 20
-84.8804
  0
TEXT
  5
57F
330
17
100
AcDbEntity
  8
SOBRANTE-JUNTO-AL-RECORTE
100
AcDbText
 10
504.4522
 20
-85.22559999999999
 30
0.0
 40
0.045
  1
SOBRA DE PA-R-099
 50
90.0
 72
1
 11
504.4522
 21
-85.22559999999999
 31
0.0
100
AcDbText
 73
2
  0
LWPOLYLINE
  5
580
330
17
100
AcDbEntity
  8
SOBRANTE-JUNTO-AL-RECORTE
100
AcDbPolyline
 90
4
 70
1
 10
504.1512
 20
-84.9703
 10
504.3512
 20
-84.9703
 10
504.3512
 20
-84.8804
 10
504.1512
 20
-84.8804
  0
LWPOLYLINE
  5
581
330
17
100
AcDbEntity
  8
SOBRANTE-JUNTO-AL-RECORTE
100
AcDbPolyline
 90
4
 70
1
 10
502.1632
 20
-82.0922
 10
502.3632
 20
-82.0922
 10
502.3632
 20
-81.90790000000001
 10
502.1632
 20
-81.90790000000001
  0
LWPOLYLINE
  5
582
330
17
100
AcDbEntity
  8
SOBRANTE-JUNTO-AL-RECORTE
100
AcDbPolyline
 90
4
 70
1
 10
501.1582
 20
-82.09150000000001
 10
501.3582
 20
-82.09150000000001
 10
501.3582
 20
-81.30740000000002
 10
501.1582
 20
-81.30740000000002
  0
TEXT
  5
583
330
17
100
AcDbEntity
  8
SOBRANTE-JUNTO-AL-RECORTE
100
AcDbText
 10
501.25820000000004
 20
-81.69945000000001
 30
0.0
 40
0.045
  1
SOBRA DE PA-R-004
 50
90.0
 72
1
 11
501.25820000000004
 21
-81.69945000000001
 31
0.0
100
AcDbText
 73
2
  0
LWPOLYLINE
  5
584
330
17
100
AcDbEntity
  8
SOBRANTE-JUNTO-AL-RECORTE
100
AcDbPolyline
 90
4
 70
1
 10
496.754
 20
-84.4544
 10
497.35
 20
-84.4544
 10
497.35
 20
-84.34460000000001
 10
496.754
 20
-84.34460000000001
  0
TEXT
  5
585
330
17
100
AcDbEntity
  8
SOBRANTE-JUNTO-AL-RECORTE
100
AcDbText
 10
497.052
 20
-84.3995
 30
0.0
 40
0.045
  1
SOBRA DE PB-M-041
 72
1
 11
497.052
 21
-84.3995
 31
0.0
100
AcDbText
 73
2
  0
LWPOLYLINE
  5
586
330
17
100
AcDbEntity
  8
SOBRANTE-JUNTO-AL-RECORTE
100
AcDbPolyline
 90
4
 70
1
 10
500.3542
 20
-82.0909
 10
500.5542
 20
-82.0909
 10
500.5542
 20
-81.3074
 10
500.3542
 20
-81.3074
  0
TEXT
  5
587
330
17
100
AcDbEntity
  8
SOBRANTE-JUNTO-AL-RECORTE
100
AcDbText
 10
500.4542
 20
-81.69915
 30
0.0
 40
0.045
  1
SOBRA DE PA-R-002
 50
90.0
 72
1
 11
500.4542
 21
-81.69915
 31
0.0
100
AcDbText
 73
2
  0
LWPOLYLINE
  5
588
330
17
100
AcDbEntity
  8
SOBRANTE-JUNTO-AL-RECORTE
100
AcDbPolyline
 90
4
 70
1
 10
501.7612
 20
-82.0919
 10
501.96119999999996
 20
-82.0919
 10
501.96119999999996
 20
-81.9079
 10
501.7612
 20
-81.9079
  0
LWPOLYLINE
  5
589
330
17
100
AcDbEntity
  8
SOBRANTE-JUNTO-AL-RECORTE
100
AcDbPolyline
 90
4
 70
1
 10
501.3592
 20
-82.0916
 10
501.5592
 20
-82.0916
 10
501.5592
 20
-81.9079
 10
501.3592
 20
-81.9079
  0
LWPOLYLINE
  5
58A
330
17
100
AcDbEntity
  8
SOBRANTE-JUNTO-AL-RECORTE
100
AcDbPolyline
 90
4
 70
1
 10
503.7492
 20
-84.9703
 10
503.94919999999996
 20
-84.9703
 10
503.94919999999996
 20
-84.8804
 10
503.7492
 20
-84.8804
  0
LWPOLYLINE
  5
58B
330
17
100
AcDbEntity
  8
SOBRANTE-JUNTO-AL-RECORTE
100
AcDbPolyline
 90
4
 70
1
 10
496.1545
 20
-87.93430000000001
 10
496.7587
 20
-87.93430000000001
 10
496.7587
 20
-87.3293
 10
496.1545
 20
-87.3293
  0
TEXT
  5
58C
330
17
100
AcDbEntity
  8
SOBRANTE-JUNTO-AL-RECORTE
100
AcDbText
 10
496.4566
 20
-87.63180000000001
 30
0.0
 40
0.045
  1
SOBRA DE PB-M-089
 50
90.0
 72
1
 11
496.4566
 21
-87.63180000000001
 31
0.0
100
AcDbText
 73
2
  0
LWPOLYLINE
  5
58D
330
17
100
AcDbEntity
  8
SOBRANTE-JUNTO-AL-RECORTE
100
AcDbPolyline
 90
4
 70
1
 10
500.9572
 20
-82.0913
 10
501.1572
 20
-82.0913
 10
501.1572
 20
-81.9079
 10
500.9572
 20
-81.9079
  0
LWPOLYLINE
  5
58E
330
17
100
AcDbEntity
  8
SOBRANTE-JUNTO-AL-RECORTE
100
AcDbPolyline
 90
4
 70
1
 10
499.75120000000004
 20
-83.1079
 10
499.77420000000006
 20
-83.1079
 10
499.77420000000006
 20
-81.9079
 10
499.75120000000004
 20
-81.9079
  0
LWPOLYLINE
  5
58F
330
17
100
AcDbEntity
  8
SOBRANTE-JUNTO-AL-RECORTE
100
AcDbPolyline
 90
4
 70
1
 10
499.7742
 20
-82.0906
 10
499.95120000000003
 20
-82.0906
 10
499.95120000000003
 20
-81.9079
 10
499.7742
 20
-81.9079
  0
LWPOLYLINE
  5
590
330
17
100
AcDbEntity
  8
SOBRANTE-JUNTO-AL-RECORTE
100
AcDbPolyline
 90
4
 70
1
 10
500.5552
 20
-82.091
 10
500.7552
 20
-82.091
 10
500.7552
 20
-81.9079
 10
500.5552
 20
-81.9079
  0
LWPOLYLINE
  5
591
330
17
100
AcDbEntity
  8
SOBRANTE-JUNTO-AL-RECORTE
100
AcDbPolyline
 90
4
 70
1
 10
500.1532
 20
-82.0907
 10
500.3532
 20
-82.0907
 10
500.3532
 20
-81.9079
 10
500.1532
 20
-81.9079
  0
LWPOLYLINE
  5
592
330
17
100
AcDbEntity
  8
SOBRANTE-JUNTO-AL-RECORTE
100
AcDbPolyline
 90
4
 70
1
 10
496.7525
 20
-88.6104
 10
497.35
 20
-88.6104
 10
497.35
 20
-88.5254
 10
496.7525
 20
-88.5254
  0
TEXT
  5
593
330
17
100
AcDbEntity
  8
SOBRANTE-JUNTO-AL-RECORTE
100
AcDbText
 10
497.05125
 20
-88.5679
 30
0.0
 40
0.04249999999999998
  1
SOBRA DE PB-M-103
 72
1
 11
497.05125
 21
-88.5679
 31
0.0
100
AcDbText
 73
2
  0
LWPOLYLINE
  5
594
330
17
100
AcDbEntity
  8
SOBRANTE-JUNTO-AL-RECORTE
100
AcDbPolyline
 90
4
 70
1
 10
504.2042
 20
-86.7404
 10
504.8002
 20
-86.7404
 10
504.8002
 20
-86.2344
 10
504.2042
 20
-86.2344
  0
TEXT
  5
595
330
17
100
AcDbEntity
  8
SOBRANTE-JUNTO-AL-RECORTE
100
AcDbText
 10
504.5022
 20
-86.4874
 30
0.0
 40
0.045
  1
SOBRA DE PA-M-016
 72
1
 11
504.5022
 21
-86.4874
 31
0.0
100
AcDbText
 73
2
  0
LWPOLYLINE
  5
596
330
17
100
AcDbEntity
  8
SOBRANTE-JUNTO-AL-RECORTE
100
AcDbPolyline
 90
4
 70
1
 10
503.8682
 20
-86.5604
 10
503.9402
 20
-86.5604
 10
503.9402
 20
-85.3664
 10
503.8682
 20
-85.3664
  0
LWPOLYLINE
  5
597
330
17
100
AcDbEntity
  8
SOBRANTE-JUNTO-AL-RECORTE
100
AcDbPolyline
 90
4
 70
1
 10
503.9402
 20
-85.4984
 10
504.4642
 20
-85.4984
 10
504.4642
 20
-85.3664
 10
503.9402
 20
-85.3664
  0
TEXT
  5
598
330
17
100
AcDbEntity
  8
SOBRANTE-JUNTO-AL-RECORTE
100
AcDbText
 10
503.9042
 20
-85.96340000000001
 30
0.0
 40
0.035999999999999976
  1
SOBRA DE PA-M-009
 50
90.0
 72
1
 11
503.9042
 21
-85.96340000000001
 31
0.0
100
AcDbText
 73
2
  0
LWPOLYLINE
  5
599
330
17
100
AcDbEntity
  8
SOBRANTE-JUNTO-AL-RECORTE
100
AcDbPolyline
 90
4
 70
1
 10
497.7587
 20
-89.7194
 10
497.948
 20
-89.7194
 10
497.948
 20
-88.52539999999999
 10
497.7587
 20
-88.52539999999999
  0
LWPOLYLINE
  5
59A
330
17
100
AcDbEntity
  8
SOBRANTE-JUNTO-AL-RECORTE
100
AcDbPolyline
 90
4
 70
1
 10
497.352
 20
-88.6104
 10
497.7587
 20
-88.6104
 10
497.7587
 20
-88.5254
 10
497.352
 20
-88.5254
  0
TEXT
  5
59B
330
17
100
AcDbEntity
  8
SOBRANTE-JUNTO-AL-RECORTE
100
AcDbText
 10
497.85335
 20
-89.1224
 30
0.0
 40
0.045
  1
SOBRA DE PB-M-104
 50
90.0
 72
1
 11
497.85335
 21
-89.1224
 31
0.0
100
AcDbText
 73
2
  0
LWPOLYLINE
  5
59C
330
17
100
AcDbEntity
  8
SOBRANTE-JUNTO-AL-RECORTE
100
AcDbPolyline
 90
4
 70
1
 10
503.3422
 20
-89.0844
 10
503.9402
 20
-89.0844
 10
503.9402
 20
-89.0404
 10
503.3422
 20
-89.0404
  0
LWPOLYLINE
  5
59D
330
17
100
AcDbEntity
  8
SOBRANTE-JUNTO-AL-RECORTE
100
AcDbPolyline
 90
4
 70
1
 10
503.3422
 20
-84.9704
 10
503.9382
 20
-84.9704
 10
503.9382
 20
-84.30239999999999
 10
503.3422
 20
-84.30239999999999
  0
TEXT
  5
59E
330
17
100
AcDbEntity
  8
SOBRANTE-JUNTO-AL-RECORTE
100
AcDbText
 10
503.6402
 20
-84.6364
 30
0.0
 40
0.045
  1
SOBRA DE PA-M-001
 50
90.0
 72
1
 11
503.6402
 21
-84.6364
 31
0.0
100
AcDbText
 73
2
  0
LWPOLYLINE
  5
59F
330
17
100
AcDbEntity
  8
SOBRANTE-JUNTO-AL-RECORTE
100
AcDbPolyline
 90
4
 70
1
 10
503.1462
 20
-85.5709
 10
503.3462
 20
-85.5709
 10
503.3462
 20
-84.9704
 10
503.1462
 20
-84.9704
  0
TEXT
  5
5A0
330
17
100
AcDbEntity
  8
SOBRANTE-JUNTO-AL-RECORTE
100
AcDbText
 10
503.24620000000004
 20
-85.27064999999999
 30
0.0
 40
0.045
  1
SOBRA DE PA-R-110
 50
90.0
 72
1
 11
503.24620000000004
 21
-85.27064999999999
 31
0.0
100
AcDbText
 73
2
  0
LWPOLYLINE
  5
5A1
330
17
100
AcDbEntity
  8
SOBRANTE-JUNTO-AL-RECORTE
100
AcDbPolyline
 90
4
 70
1
 10
497.57869999999997
 20
-85.5406
 10
497.948
 20
-85.5406
 10
497.948
 20
-84.3466
 10
497.57869999999997
 20
-84.3466
  0
TEXT
  5
5A2
330
17
100
AcDbEntity
  8
SOBRANTE-JUNTO-AL-RECORTE
100
AcDbText
 10
497.76334999999995
 20
-84.9436
 30
0.0
 40
0.045
  1
SOBRA DE PB-M-056
 50
90.0
 72
1
 11
497.76334999999995
 21
-84.9436
 31
0.0
100
AcDbText
 73
2
  0
LWPOLYLINE
  5
5A3
330
17
100
AcDbEntity
  8
SOBRANTE-JUNTO-AL-RECORTE
100
AcDbPolyline
 90
4
 70
1
 10
496.7525
 20
-86.7386
 10
497.35
 20
-86.7386
 10
497.35
 20
-86.66640000000001
 10
496.7525
 20
-86.66640000000001
  0
TEXT
  5
5A4
330
17
100
AcDbEntity
  8
SOBRANTE-JUNTO-AL-RECORTE
100
AcDbText
 10
497.05125
 20
-86.7025
 30
0.0
 40
0.03610000000000002
  1
SOBRA DE PB-M-071
 72
1
 11
497.05125
 21
-86.7025
 31
0.0
100
AcDbText
 73
2
  0
LWPOLYLINE
  5
5A5
330
17
100
AcDbEntity
  8
SOBRANTE-JUNTO-AL-RECORTE
100
AcDbPolyline
 90
4
 70
1
 10
502.7442
 20
-89.0844
 10
503.3402
 20
-89.0844
 10
503.3402
 20
-89.0404
 10
502.7442
 20
-89.0404
  0
LWPOLYLINE
  5
5A6
330
17
100
AcDbEntity
  8
SOBRANTE-JUNTO-AL-RECORTE
100
AcDbPolyline
 90
4
 70
1
 10
499.75120000000004
 20
-84.3089
 10
499.77420000000006
 20
-84.3089
 10
499.77420000000006
 20
-83.10889999999999
 10
499.75120000000004
 20
-83.10889999999999
  0
LWPOLYLINE
  5
5A7
330
17
100
AcDbEntity
  8
SOBRANTE-JUNTO-AL-RECORTE
100
AcDbPolyline
 90
4
 70
1
 10
502.7442
 20
-84.978
 10
503.3402
 20
-84.978
 10
503.3402
 20
-84.30239999999999
 10
502.7442
 20
-84.30239999999999
  0
TEXT
  5
5A8
330
17
100
AcDbEntity
  8
SOBRANTE-JUNTO-AL-RECORTE
100
AcDbText
 10
503.0422
 20
-84.6402
 30
0.0
 40
0.045
  1
SOBRA DE PA-M-002
 50
90.0
 72
1
 11
503.0422
 21
-84.6402
 31
0.0
100
AcDbText
 73
2
  0
LWPOLYLINE
  5
5A9
330
17
100
AcDbEntity
  8
SOBRANTE-JUNTO-AL-RECORTE
100
AcDbPolyline
 90
4
 70
1
 10
502.1632
 20
-86.71090000000001
 10
502.3632
 20
-86.71090000000001
 10
502.3632
 20
-86.56040000000002
 10
502.1632
 20
-86.56040000000002
  0
LWPOLYLINE
  5
5AA
330
17
100
AcDbEntity
  8
SOBRANTE-JUNTO-AL-RECORTE
100
AcDbPolyline
 90
4
 70
1
 10
499.75120000000004
 20
-85.5099
 10
499.77420000000006
 20
-85.5099
 10
499.77420000000006
 20
-84.3099
 10
499.75120000000004
 20
-84.3099
  0
LWPOLYLINE
  5
5AB
330
17
100
AcDbEntity
  8
SOBRANTE-JUNTO-AL-RECORTE
100
AcDbPolyline
 90
4
 70
1
 10
501.7612
 20
-86.71090000000001
 10
501.96119999999996
 20
-86.71090000000001
 10
501.96119999999996
 20
-86.56040000000002
 10
501.7612
 20
-86.56040000000002
  0
LWPOLYLINE
  5
5AC
330
17
100
AcDbEntity
  8
SOBRANTE-JUNTO-AL-RECORTE
100
AcDbPolyline
 90
4
 70
1
 10
501.5602
 20
-87.3114
 10
501.7602
 20
-87.3114
 10
501.7602
 20
-86.5604
 10
501.5602
 20
-86.5604
  0
TEXT
  5
5AD
330
17
100
AcDbEntity
  8
SOBRANTE-JUNTO-AL-RECORTE
100
AcDbText
 10
501.66020000000003
 20
-86.9359
 30
0.0
 40
0.045
  1
SOBRA DE PA-R-137
 50
90.0
 72
1
 11
501.66020000000003
 21
-86.9359
 31
0.0
100
AcDbText
 73
2
  0
LWPOLYLINE
  5
5AE
330
17
100
AcDbEntity
  8
SOBRANTE-JUNTO-AL-RECORTE
100
AcDbPolyline
 90
4
 70
1
 10
501.3592
 20
-86.71090000000001
 10
501.5592
 20
-86.71090000000001
 10
501.5592
 20
-86.56040000000002
 10
501.3592
 20
-86.56040000000002
  0
LWPOLYLINE
  5
5AF
330
17
100
AcDbEntity
  8
SOBRANTE-JUNTO-AL-RECORTE
100
AcDbPolyline
 90
4
 70
1
 10
500.9572
 20
-86.71090000000001
 10
501.1572
 20
-86.71090000000001
 10
501.1572
 20
-86.56040000000002
 10
500.9572
 20
-86.56040000000002
  0
LWPOLYLINE
  5
5B0
330
17
100
AcDbEntity
  8
SOBRANTE-JUNTO-AL-RECORTE
100
AcDbPolyline
 90
4
 70
1
 10
499.75120000000004
 20
-86.71090000000001
 10
499.77420000000006
 20
-86.71090000000001
 10
499.77420000000006
 20
-85.5109
 10
499.75120000000004
 20
-85.5109
  0
LWPOLYLINE
  5
5B1
330
17
100
AcDbEntity
  8
SOBRANTE-JUNTO-AL-RECORTE
100
AcDbPolyline
 90
4
 70
1
 10
499.7742
 20
-86.71090000000001
 10
499.95120000000003
 20
-86.71090000000001
 10
499.95120000000003
 20
-86.56040000000002
 10
499.7742
 20
-86.56040000000002
  0
LWPOLYLINE
  5
5B2
330
17
100
AcDbEntity
  8
SOBRANTE-JUNTO-AL-RECORTE
100
AcDbPolyline
 90
4
 70
1
 10
500.5552
 20
-86.71090000000001
 10
500.7552
 20
-86.71090000000001
 10
500.7552
 20
-86.56040000000002
 10
500.5552
 20
-86.56040000000002
  0
LWPOLYLINE
  5
5B3
330
17
100
AcDbEntity
  8
SOBRANTE-JUNTO-AL-RECORTE
100
AcDbPolyline
 90
4
 70
1
 10
500.1532
 20
-86.71090000000001
 10
500.3532
 20
-86.71090000000001
 10
500.3532
 20
-86.56040000000002
 10
500.1532
 20
-86.56040000000002
  0
LWPOLYLINE
  5
5B4
330
17
100
AcDbEntity
  8
SOBRANTE-JUNTO-AL-RECORTE
100
AcDbPolyline
 90
4
 70
1
 10
500.7562
 20
-87.3114
 10
500.95619999999997
 20
-87.3114
 10
500.95619999999997
 20
-86.5604
 10
500.7562
 20
-86.5604
  0
TEXT
  5
5B5
330
17
100
AcDbEntity
  8
SOBRANTE-JUNTO-AL-RECORTE
100
AcDbText
 10
500.8562
 20
-86.9359
 30
0.0
 40
0.045
  1
SOBRA DE PA-R-135
 50
90.0
 72
1
 11
500.8562
 21
-86.9359
 31
0.0
100
AcDbText
 73
2
  0
LWPOLYLINE
  5
5B6
330
17
100
AcDbEntity
  8
SOBRANTE-JUNTO-AL-RECORTE
100
AcDbPolyline
 90
4
 70
1
 10
499.9522
 20
-87.3114
 10
500.1522
 20
-87.3114
 10
500.1522
 20
-86.5604
 10
499.9522
 20
-86.5604
  0
TEXT
  5
5B7
330
17
100
AcDbEntity
  8
SOBRANTE-JUNTO-AL-RECORTE
100
AcDbText
 10
500.0522
 20
-86.9359
 30
0.0
 40
0.045
  1
SOBRA DE PA-R-133
 50
90.0
 72
1
 11
500.0522
 21
-86.9359
 31
0.0
100
AcDbText
 73
2
  0
TEXT
  5
5B8
330
17
100
AcDbEntity
  8
PLAN-CORTE-TEXTOS
100
AcDbText
 10
498.5387
 20
-94.8304
 30
0.0
 40
0.25
  1
PLAN DE CORTE - MORET  (99 piezas a abrir EN ORDEN: M-01 = primer corte, PLANTA ALTA junto a la ESCALERA, y se avanza alejandose; al terminar P.A. sigue P.B.; amarillo = SOBRANTE con su medida -> GUARDAR EN RESERVA; rojo = desperdicio)
 72
1
 11
498.5387
 21
-94.8304
 31
0.0
100
AcDbText
 73
2
  0
LWPOLYLINE
  5
5B9
330
17
100
AcDbEntity
  8
PLAN-CORTE-PIEZAS-A-ABRIR
100
AcDbPolyline
 90
4
 70
1
 10
489.5387
 20
-97.2244
 10
490.1347
 20
-97.2244
 10
490.1347
 20
-96.0304
 10
489.5387
 20
-96.0304
  0
TEXT
  5
5BA
330
17
100
AcDbEntity
  8
PLAN-CORTE-TEXTOS
100
AcDbText
 10
489.8367
 20
-95.8904
 30
0.0
 40
0.06
  1
M-01
 72
1
 11
489.8367
 21
-95.8904
 31
0.0
100
AcDbText
 73
2
  0
LWPOLYLINE
  5
5BB
330
17
100
AcDbEntity
  8
PLAN-CORTE-RECORTES
100
AcDbPolyline
 90
4
 70
1
 10
489.5387
 20
-97.2244
 10
490.1347
 20
-97.2244
 10
490.1347
 20
-96.0744
 10
489.5387
 20
-96.0744
  0
TEXT
  5
5BC
330
17
100
AcDbEntity
  8
PLAN-CORTE-TEXTOS
100
AcDbText
 10
489.8367
 20
-96.6494
 30
0.0
 40
0.035
  1
PA-M-029
 50
90.0
 72
1
 11
489.8367
 21
-96.6494
 31
0.0
100
AcDbText
 73
2
  0
LWPOLYLINE
  5
5BD
330
17
100
AcDbEntity
  8
PLAN-CORTE-DESPERDICIO
100
AcDbPolyline
 90
4
 70
1
 10
489.5387
 20
-96.0744
 10
490.1347
 20
-96.0744
 10
490.1347
 20
-96.0304
 10
489.5387
 20
-96.0304
  0
LWPOLYLINE
  5
5BE
330
17
100
AcDbEntity
  8
PLAN-CORTE-PIEZAS-A-ABRIR
100
AcDbPolyline
 90
4
 70
1
 10
490.5847
 20
-97.2244
 10
491.1807
 20
-97.2244
 10
491.1807
 20
-96.0304
 10
490.5847
 20
-96.0304
  0
TEXT
  5
5BF
330
17
100
AcDbEntity
  8
PLAN-CORTE-TEXTOS
100
AcDbText
 10
490.8827
 20
-95.8904
 30
0.0
 40
0.06
  1
M-02
 72
1
 11
490.8827
 21
-95.8904
 31
0.0
100
AcDbText
 73
2
  0
LWPOLYLINE
  5
5C0
330
17
100
AcDbEntity
  8
PLAN-CORTE-RECORTES
100
AcDbPolyline
 90
4
 70
1
 10
490.5847
 20
-97.2244
 10
491.1807
 20
-97.2244
 10
491.1807
 20
-96.0744
 10
490.5847
 20
-96.0744
  0
TEXT
  5
5C1
330
17
100
AcDbEntity
  8
PLAN-CORTE-TEXTOS
100
AcDbText
 10
490.8827
 20
-96.6494
 30
0.0
 40
0.035
  1
PA-M-028
 50
90.0
 72
1
 11
490.8827
 21
-96.6494
 31
0.0
100
AcDbText
 73
2
  0
LWPOLYLINE
  5
5C2
330
17
100
AcDbEntity
  8
PLAN-CORTE-DESPERDICIO
100
AcDbPolyline
 90
4
 70
1
 10
490.5847
 20
-96.0744
 10
491.1807
 20
-96.0744
 10
491.1807
 20
-96.0304
 10
490.5847
 20
-96.0304
  0
LWPOLYLINE
  5
5C3
330
17
100
AcDbEntity
  8
PLAN-CORTE-PIEZAS-A-ABRIR
100
AcDbPolyline
 90
4
 70
1
 10
491.6307
 20
-97.2244
 10
492.2267
 20
-97.2244
 10
492.2267
 20
-96.0304
 10
491.6307
 20
-96.0304
  0
TEXT
  5
5C4
330
17
100
AcDbEntity
  8
PLAN-CORTE-TEXTOS
100
AcDbText
 10
491.9287
 20
-95.8904
 30
0.0
 40
0.06
  1
M-03
 72
1
 11
491.9287
 21
-95.8904
 31
0.0
100
AcDbText
 73
2
  0
LWPOLYLINE
  5
5C5
330
17
100
AcDbEntity
  8
PLAN-CORTE-RECORTES
100
AcDbPolyline
 90
4
 70
1
 10
491.6307
 20
-97.2244
 10
492.2267
 20
-97.2244
 10
492.2267
 20
-96.5364
 10
491.6307
 20
-96.5364
  0
TEXT
  5
5C6
330
17
100
AcDbEntity
  8
PLAN-CORTE-TEXTOS
100
AcDbText
 10
491.9287
 20
-96.88040000000001
 30
0.0
 40
0.035
  1
PA-M-016
 50
90.0
 72
1
 11
491.9287
 21
-96.88040000000001
 31
0.0
100
AcDbText
 73
2
  0
LWPOLYLINE
  5
5C7
330
17
100
AcDbEntity
  8
PLAN-CORTE-RECORTES
100
AcDbPolyline
 90
4
 70
1
 10
491.6307
 20
-96.5364
 10
492.2267
 20
-96.5364
 10
492.2267
 20
-96.2304
 10
491.6307
 20
-96.2304
  0
TEXT
  5
5C8
330
17
100
AcDbEntity
  8
PLAN-CORTE-TEXTOS
100
AcDbText
 10
491.9287
 20
-96.3834
 30
0.0
 40
0.026702508960573475
  1
R1-fondo (DE SOBRA DE PA-M-016)
 72
1
 11
491.9287
 21
-96.3834
 31
0.0
100
AcDbText
 73
2
  0
LWPOLYLINE
  5
5C9
330
17
100
AcDbEntity
  8
PLAN-CORTE-SOBRANTES
100
AcDbPolyline
 90
4
 70
1
 10
491.6307
 20
-96.2304
 10
492.2267
 20
-96.2304
 10
492.2267
 20
-96.0304
 10
491.6307
 20
-96.0304
  0
TEXT
  5
5CA
330
17
100
AcDbEntity
  8
PLAN-CORTE-TEXTOS
100
AcDbText
 10
491.9287
 20
-96.13040000000001
 30
0.0
 40
0.030564102564102563
  1
SOBRA 0.596x0.2 -> GUARDAR
 72
1
 11
491.9287
 21
-96.13040000000001
 31
0.0
100
AcDbText
 73
2
  0
LWPOLYLINE
  5
5CB
330
17
100
AcDbEntity
  8
PLAN-CORTE-PIEZAS-A-ABRIR
100
AcDbPolyline
 90
4
 70
1
 10
492.6767
 20
-97.2244
 10
493.2727
 20
-97.2244
 10
493.2727
 20
-96.0304
 10
492.6767
 20
-96.0304
  0
TEXT
  5
5CC
330
17
100
AcDbEntity
  8
PLAN-CORTE-TEXTOS
100
AcDbText
 10
492.9747
 20
-95.8904
 30
0.0
 40
0.06
  1
M-04
 72
1
 11
492.9747
 21
-95.8904
 31
0.0
100
AcDbText
 73
2
  0
LWPOLYLINE
  5
5CD
330
17
100
AcDbEntity
  8
PLAN-CORTE-RECORTES
100
AcDbPolyline
 90
4
 70
1
 10
492.6767
 20
-97.2244
 10
493.19469999999995
 20
-97.2244
 10
493.19469999999995
 20
-96.1624
 10
492.6767
 20
-96.1624
  0
TEXT
  5
5CE
330
17
100
AcDbEntity
  8
PLAN-CORTE-TEXTOS
100
AcDbText
 10
492.9357
 20
-96.6934
 30
0.0
 40
0.035
  1
PA-M-009
 50
90.0
 72
1
 11
492.9357
 21
-96.6934
 31
0.0
100
AcDbText
 73
2
  0
LWPOLYLINE
  5
5CF
330
17
100
AcDbEntity
  8
PLAN-CORTE-DESPERDICIO
100
AcDbPolyline
 90
4
 70
1
 10
493.19469999999995
 20
-97.2244
 10
493.27269999999993
 20
-97.2244
 10
493.27269999999993
 20
-96.0304
 10
493.19469999999995
 20
-96.0304
  0
LWPOLYLINE
  5
5D0
330
17
100
AcDbEntity
  8
PLAN-CORTE-SOBRANTES
100
AcDbPolyline
 90
4
 70
1
 10
492.6767
 20
-96.1624
 10
493.19469999999995
 20
-96.1624
 10
493.19469999999995
 20
-96.0304
 10
492.6767
 20
-96.0304
  0
TEXT
  5
5D1
330
17
100
AcDbEntity
  8
PLAN-CORTE-TEXTOS
100
AcDbText
 10
492.9357
 20
-96.0964
 30
0.0
 40
0.04062745098039216
  1
SOBRA 0.518x0.132
 72
1
 11
492.9357
 21
-96.0964
 31
0.0
100
AcDbText
 73
2
  0
LWPOLYLINE
  5
5D2
330
17
100
AcDbEntity
  8
PLAN-CORTE-PIEZAS-A-ABRIR
100
AcDbPolyline
 90
4
 70
1
 10
493.72270000000003
 20
-97.2244
 10
494.31870000000004
 20
-97.2244
 10
494.31870000000004
 20
-96.0304
 10
493.72270000000003
 20
-96.0304
  0
TEXT
  5
5D3
330
17
100
AcDbEntity
  8
PLAN-CORTE-TEXTOS
100
AcDbText
 10
494.02070000000003
 20
-95.8904
 30
0.0
 40
0.06
  1
M-05
 72
1
 11
494.02070000000003
 21
-95.8904
 31
0.0
100
AcDbText
 73
2
  0
LWPOLYLINE
  5
5D4
330
17
100
AcDbEntity
  8
PLAN-CORTE-RECORTES
100
AcDbPolyline
 90
4
 70
1
 10
493.72270000000003
 20
-97.2244
 10
493.89770000000004
 20
-97.2244
 10
493.89770000000004
 20
-96.0744
 10
493.72270000000003
 20
-96.0744
  0
TEXT
  5
5D5
330
17
100
AcDbEntity
  8
PLAN-CORTE-TEXTOS
100
AcDbText
 10
493.8102
 20
-96.6494
 30
0.0
 40
0.035
  1
P14
 50
90.0
 72
1
 11
493.8102
 21
-96.6494
 31
0.0
100
AcDbText
 73
2
  0
LWPOLYLINE
  5
5D6
330
17
100
AcDbEntity
  8
PLAN-CORTE-RECORTES
100
AcDbPolyline
 90
4
 70
1
 10
493.89770000000004
 20
-97.2244
 10
494.2017
 20
-97.2244
 10
494.2017
 20
-96.6264
 10
493.89770000000004
 20
-96.6264
  0
TEXT
  5
5D7
330
17
100
AcDbEntity
  8
PLAN-CORTE-TEXTOS
100
AcDbText
 10
494.04970000000003
 20
-96.9254
 30
0.0
 40
0.03194444444444444
  1
PA-M-013 (DE SOBRA DE P14)
 50
90.0
 72
1
 11
494.04970000000003
 21
-96.9254
 31
0.0
100
AcDbText
 73
2
  0
LWPOLYLINE
  5
5D8
330
17
100
AcDbEntity
  8
PLAN-CORTE-RECORTES
100
AcDbPolyline
 90
4
 70
1
 10
493.89770000000004
 20
-96.6264
 10
494.2017
 20
-96.6264
 10
494.2017
 20
-96.0864
 10
493.89770000000004
 20
-96.0864
  0
TEXT
  5
5D9
330
17
100
AcDbEntity
  8
PLAN-CORTE-TEXTOS
100
AcDbText
 10
494.04970000000003
 20
-96.35640000000001
 30
0.0
 40
0.024193548387096777
  1
PA-M-012 (DE SOBRA DE PA-M-013)
 50
90.0
 72
1
 11
494.04970000000003
 21
-96.35640000000001
 31
0.0
100
AcDbText
 73
2
  0
LWPOLYLINE
  5
5DA
330
17
100
AcDbEntity
  8
PLAN-CORTE-DESPERDICIO
100
AcDbPolyline
 90
4
 70
1
 10
493.72270000000003
 20
-96.0744
 10
493.89770000000004
 20
-96.0744
 10
493.89770000000004
 20
-96.0304
 10
493.72270000000003
 20
-96.0304
  0
LWPOLYLINE
  5
5DB
330
17
100
AcDbEntity
  8
PLAN-CORTE-SOBRANTES
100
AcDbPolyline
 90
4
 70
1
 10
494.2017
 20
-97.2244
 10
494.31870000000004
 20
-97.2244
 10
494.31870000000004
 20
-96.6264
 10
494.2017
 20
-96.6264
  0
TEXT
  5
5DC
330
17
100
AcDbEntity
  8
PLAN-CORTE-TEXTOS
100
AcDbText
 10
494.2602
 20
-96.9254
 30
0.0
 40
0.028476190476190474
  1
SOBRA 0.117x0.598 -> GUARDAR
 50
90.0
 72
1
 11
494.2602
 21
-96.9254
 31
0.0
100
AcDbText
 73
2
  0
LWPOLYLINE
  5
5DD
330
17
100
AcDbEntity
  8
PLAN-CORTE-SOBRANTES
100
AcDbPolyline
 90
4
 70
1
 10
494.2017
 20
-96.6264
 10
494.31870000000004
 20
-96.6264
 10
494.31870000000004
 20
-96.0304
 10
494.2017
 20
-96.0304
  0
TEXT
  5
5DE
330
17
100
AcDbEntity
  8
PLAN-CORTE-TEXTOS
100
AcDbText
 10
494.2602
 20
-96.3284
 30
0.0
 40
0.028380952380952378
  1
SOBRA 0.117x0.596 -> GUARDAR
 50
90.0
 72
1
 11
494.2602
 21
-96.3284
 31
0.0
100
AcDbText
 73
2
  0
LWPOLYLINE
  5
5DF
330
17
100
AcDbEntity
  8
PLAN-CORTE-DESPERDICIO
100
AcDbPolyline
 90
4
 70
1
 10
493.89770000000004
 20
-96.0864
 10
494.2017
 20
-96.0864
 10
494.2017
 20
-96.0304
 10
493.89770000000004
 20
-96.0304
  0
LWPOLYLINE
  5
5E0
330
17
100
AcDbEntity
  8
PLAN-CORTE-PIEZAS-A-ABRIR
100
AcDbPolyline
 90
4
 70
1
 10
494.7687
 20
-97.2244
 10
495.3647
 20
-97.2244
 10
495.3647
 20
-96.0304
 10
494.7687
 20
-96.0304
  0
TEXT
  5
5E1
330
17
100
AcDbEntity
  8
PLAN-CORTE-TEXTOS
100
AcDbText
 10
495.0667
 20
-95.8904
 30
0.0
 40
0.06
  1
M-06
 72
1
 11
495.0667
 21
-95.8904
 31
0.0
100
AcDbText
 73
2
  0
LWPOLYLINE
  5
5E2
330
17
100
AcDbEntity
  8
PLAN-CORTE-RECORTES
100
AcDbPolyline
 90
4
 70
1
 10
494.7687
 20
-97.2244
 10
495.3647
 20
-97.2244
 10
495.3647
 20
-96.5364
 10
494.7687
 20
-96.5364
  0
TEXT
  5
5E3
330
17
100
AcDbEntity
  8
PLAN-CORTE-TEXTOS
100
AcDbText
 10
495.0667
 20
-96.88040000000001
 30
0.0
 40
0.035
  1
PA-M-017
 50
90.0
 72
1
 11
495.0667
 21
-96.88040000000001
 31
0.0
100
AcDbText
 73
2
  0
LWPOLYLINE
  5
5E4
330
17
100
AcDbEntity
  8
PLAN-CORTE-RECORTES
100
AcDbPolyline
 90
4
 70
1
 10
494.7687
 20
-96.5364
 10
495.3647
 20
-96.5364
 10
495.3647
 20
-96.2304
 10
494.7687
 20
-96.2304
  0
TEXT
  5
5E5
330
17
100
AcDbEntity
  8
PLAN-CORTE-TEXTOS
100
AcDbText
 10
495.0667
 20
-96.3834
 30
0.0
 40
0.026702508960573475
  1
R1-fondo (DE SOBRA DE PA-M-017)
 72
1
 11
495.0667
 21
-96.3834
 31
0.0
100
AcDbText
 73
2
  0
LWPOLYLINE
  5
5E6
330
17
100
AcDbEntity
  8
PLAN-CORTE-SOBRANTES
100
AcDbPolyline
 90
4
 70
1
 10
494.7687
 20
-96.2304
 10
495.3647
 20
-96.2304
 10
495.3647
 20
-96.0304
 10
494.7687
 20
-96.0304
  0
TEXT
  5
5E7
330
17
100
AcDbEntity
  8
PLAN-CORTE-TEXTOS
100
AcDbText
 10
495.0667
 20
-96.13040000000001
 30
0.0
 40
0.030564102564102563
  1
SOBRA 0.596x0.2 -> GUARDAR
 72
1
 11
495.0667
 21
-96.13040000000001
 31
0.0
100
AcDbText
 73
2
  0
LWPOLYLINE
  5
5E8
330
17
100
AcDbEntity
  8
PLAN-CORTE-PIEZAS-A-ABRIR
100
AcDbPolyline
 90
4
 70
1
 10
495.8147
 20
-97.2244
 10
496.4107
 20
-97.2244
 10
496.4107
 20
-96.0304
 10
495.8147
 20
-96.0304
  0
TEXT
  5
5E9
330
17
100
AcDbEntity
  8
PLAN-CORTE-TEXTOS
100
AcDbText
 10
496.1127
 20
-95.8904
 30
0.0
 40
0.06
  1
M-07
 72
1
 11
496.1127
 21
-95.8904
 31
0.0
100
AcDbText
 73
2
  0
LWPOLYLINE
  5
5EA
330
17
100
AcDbEntity
  8
PLAN-CORTE-RECORTES
100
AcDbPolyline
 90
4
 70
1
 10
495.8147
 20
-97.2244
 10
496.0667
 20
-97.2244
 10
496.0667
 20
-96.0364
 10
495.8147
 20
-96.0364
  0
TEXT
  5
5EB
330
17
100
AcDbEntity
  8
PLAN-CORTE-TEXTOS
100
AcDbText
 10
495.9407
 20
-96.63040000000001
 30
0.0
 40
0.035
  1
PB-M-149
 50
90.0
 72
1
 11
495.9407
 21
-96.63040000000001
 31
0.0
100
AcDbText
 73
2
  0
LWPOLYLINE
  5
5EC
330
17
100
AcDbEntity
  8
PLAN-CORTE-RECORTES
100
AcDbPolyline
 90
4
 70
1
 10
496.0667
 20
-97.2244
 10
496.2807
 20
-97.2244
 10
496.2807
 20
-96.0304
 10
496.0667
 20
-96.0304
  0
TEXT
  5
5ED
330
17
100
AcDbEntity
  8
PLAN-CORTE-TEXTOS
100
AcDbText
 10
496.17370000000005
 20
-96.62740000000001
 30
0.0
 40
0.035
  1
PB-M-070 (DE SOBRA DE PB-M-149)
 50
90.0
 72
1
 11
496.17370000000005
 21
-96.62740000000001
 31
0.0
100
AcDbText
 73
2
  0
LWPOLYLINE
  5
5EE
330
17
100
AcDbEntity
  8
PLAN-CORTE-RECORTES
100
AcDbPolyline
 90
4
 70
1
 10
496.2807
 20
-97.2244
 10
496.3707
 20
-97.2244
 10
496.3707
 20
-96.3244
 10
496.2807
 20
-96.3244
  0
TEXT
  5
5EF
330
17
100
AcDbEntity
  8
PLAN-CORTE-TEXTOS
100
AcDbText
 10
496.32570000000004
 20
-96.7744
 30
0.0
 40
0.02
  1
PA-M-004 (DE SOBRA DE PB-M-070)
 50
90.0
 72
1
 11
496.32570000000004
 21
-96.7744
 31
0.0
100
AcDbText
 73
2
  0
LWPOLYLINE
  5
5F0
330
17
100
AcDbEntity
  8
PLAN-CORTE-DESPERDICIO
100
AcDbPolyline
 90
4
 70
1
 10
496.3707
 20
-97.2244
 10
496.4107
 20
-97.2244
 10
496.4107
 20
-96.0304
 10
496.3707
 20
-96.0304
  0
LWPOLYLINE
  5
5F1
330
17
100
AcDbEntity
  8
PLAN-CORTE-DESPERDICIO
100
AcDbPolyline
 90
4
 70
1
 10
496.2807
 20
-96.3244
 10
496.3707
 20
-96.3244
 10
496.3707
 20
-96.0304
 10
496.2807
 20
-96.0304
  0
LWPOLYLINE
  5
5F2
330
17
100
AcDbEntity
  8
PLAN-CORTE-PIEZAS-A-ABRIR
100
AcDbPolyline
 90
4
 70
1
 10
496.8607
 20
-97.2244
 10
497.4567
 20
-97.2244
 10
497.4567
 20
-96.0304
 10
496.8607
 20
-96.0304
  0
TEXT
  5
5F3
330
17
100
AcDbEntity
  8
PLAN-CORTE-TEXTOS
100
AcDbText
 10
497.1587
 20
-95.8904
 30
0.0
 40
0.06
  1
M-08
 72
1
 11
497.1587
 21
-95.8904
 31
0.0
100
AcDbText
 73
2
  0
LWPOLYLINE
  5
5F4
330
17
100
AcDbEntity
  8
PLAN-CORTE-RECORTES
100
AcDbPolyline
 90
4
 70
1
 10
496.8607
 20
-97.2244
 10
497.4567
 20
-97.2244
 10
497.4567
 20
-96.1204
 10
496.8607
 20
-96.1204
  0
TEXT
  5
5F5
330
17
100
AcDbEntity
  8
PLAN-CORTE-TEXTOS
100
AcDbText
 10
497.1587
 20
-96.6724
 30
0.0
 40
0.035
  1
PA-M-030
 50
90.0
 72
1
 11
497.1587
 21
-96.6724
 31
0.0
100
AcDbText
 73
2
  0
LWPOLYLINE
  5
5F6
330
17
100
AcDbEntity
  8
PLAN-CORTE-DESPERDICIO
100
AcDbPolyline
 90
4
 70
1
 10
496.8607
 20
-96.1204
 10
497.4567
 20
-96.1204
 10
497.4567
 20
-96.0304
 10
496.8607
 20
-96.0304
  0
LWPOLYLINE
  5
5F7
330
17
100
AcDbEntity
  8
PLAN-CORTE-PIEZAS-A-ABRIR
100
AcDbPolyline
 90
4
 70
1
 10
497.9067
 20
-97.2244
 10
498.5027
 20
-97.2244
 10
498.5027
 20
-96.0304
 10
497.9067
 20
-96.0304
  0
TEXT
  5
5F8
330
17
100
AcDbEntity
  8
PLAN-CORTE-TEXTOS
100
AcDbText
 10
498.2047
 20
-95.8904
 30
0.0
 40
0.06
  1
M-09
 72
1
 11
498.2047
 21
-95.8904
 31
0.0
100
AcDbText
 73
2
  0
LWPOLYLINE
  5
5F9
330
17
100
AcDbEntity
  8
PLAN-CORTE-RECORTES
100
AcDbPolyline
 90
4
 70
1
 10
497.9067
 20
-97.2244
 10
498.4339
 20
-97.2244
 10
498.4339
 20
-96.6264
 10
497.9067
 20
-96.6264
  0
TEXT
  5
5FA
330
17
100
AcDbEntity
  8
PLAN-CORTE-TEXTOS
100
AcDbText
 10
498.1703
 20
-96.9254
 30
0.0
 40
0.035
  1
PA-M-001
 50
90.0
 72
1
 11
498.1703
 21
-96.9254
 31
0.0
100
AcDbText
 73
2
  0
LWPOLYLINE
  5
5FB
330
17
100
AcDbEntity
  8
PLAN-CORTE-SOBRANTES
100
AcDbPolyline
 90
4
 70
1
 10
497.9067
 20
-96.6264
 10
498.5027
 20
-96.6264
 10
498.5027
 20
-96.0304
 10
497.9067
 20
-96.0304
  0
TEXT
  5
5FC
330
17
100
AcDbEntity
  8
PLAN-CORTE-TEXTOS
100
AcDbText
 10
498.2047
 20
-96.3284
 30
0.0
 40
0.028380952380952378
  1
SOBRA 0.596x0.596 -> GUARDAR
 72
1
 11
498.2047
 21
-96.3284
 31
0.0
100
AcDbText
 73
2
  0
LWPOLYLINE
  5
5FD
330
17
100
AcDbEntity
  8
PLAN-CORTE-DESPERDICIO
100
AcDbPolyline
 90
4
 70
1
 10
498.4339
 20
-97.2244
 10
498.5027
 20
-97.2244
 10
498.5027
 20
-96.6264
 10
498.4339
 20
-96.6264
  0
LWPOLYLINE
  5
5FE
330
17
100
AcDbEntity
  8
PLAN-CORTE-PIEZAS-A-ABRIR
100
AcDbPolyline
 90
4
 70
1
 10
498.9527
 20
-97.2244
 10
499.5487
 20
-97.2244
 10
499.5487
 20
-96.0304
 10
498.9527
 20
-96.0304
  0
TEXT
  5
5FF
330
17
100
AcDbEntity
  8
PLAN-CORTE-TEXTOS
100
AcDbText
 10
499.2507
 20
-95.8904
 30
0.0
 40
0.06
  1
M-10
 72
1
 11
499.2507
 21
-95.8904
 31
0.0
100
AcDbText
 73
2
  0
LWPOLYLINE
  5
600
330
17
100
AcDbEntity
  8
PLAN-CORTE-RECORTES
100
AcDbPolyline
 90
4
 70
1
 10
498.9527
 20
-97.2244
 10
499.4727
 20
-97.2244
 10
499.4727
 20
-96.62440000000001
 10
498.9527
 20
-96.62440000000001
  0
TEXT
  5
601
330
17
100
AcDbEntity
  8
PLAN-CORTE-TEXTOS
100
AcDbText
 10
499.2127
 20
-96.9244
 30
0.0
 40
0.035
  1
PA-M-002
 50
90.0
 72
1
 11
499.2127
 21
-96.9244
 31
0.0
100
AcDbText
 73
2
  0
LWPOLYLINE
  5
602
330
17
100
AcDbEntity
  8
PLAN-CORTE-RECORTES
100
AcDbPolyline
 90
4
 70
1
 10
498.9527
 20
-96.62440000000001
 10
499.5487
 20
-96.62440000000001
 10
499.5487
 20
-96.31840000000001
 10
498.9527
 20
-96.31840000000001
  0
TEXT
  5
603
330
17
100
AcDbEntity
  8
PLAN-CORTE-TEXTOS
100
AcDbText
 10
499.2507
 20
-96.4714
 30
0.0
 40
0.026702508960573475
  1
R2-fondo (DE SOBRA DE PA-M-002)
 72
1
 11
499.2507
 21
-96.4714
 31
0.0
100
AcDbText
 73
2
  0
LWPOLYLINE
  5
604
330
17
100
AcDbEntity
  8
PLAN-CORTE-RECORTES
100
AcDbPolyline
 90
4
 70
1
 10
498.9527
 20
-96.3184
 10
499.3917
 20
-96.3184
 10
499.3917
 20
-96.0444
 10
498.9527
 20
-96.0444
  0
TEXT
  5
605
330
17
100
AcDbEntity
  8
PLAN-CORTE-TEXTOS
100
AcDbText
 10
499.1722
 20
-96.1814
 30
0.0
 40
0.019668458781362006
  1
PB-M-119 (DE SOBRA DE R2-fondo)
 72
1
 11
499.1722
 21
-96.1814
 31
0.0
100
AcDbText
 73
2
  0
LWPOLYLINE
  5
606
330
17
100
AcDbEntity
  8
PLAN-CORTE-DESPERDICIO
100
AcDbPolyline
 90
4
 70
1
 10
499.4727
 20
-97.2244
 10
499.5487
 20
-97.2244
 10
499.5487
 20
-96.62440000000001
 10
499.4727
 20
-96.62440000000001
  0
LWPOLYLINE
  5
607
330
17
100
AcDbEntity
  8
PLAN-CORTE-SOBRANTES
100
AcDbPolyline
 90
4
 70
1
 10
499.3917
 20
-96.3184
 10
499.5487
 20
-96.3184
 10
499.5487
 20
-96.0304
 10
499.3917
 20
-96.0304
  0
TEXT
  5
608
330
17
100
AcDbEntity
  8
PLAN-CORTE-TEXTOS
100
AcDbText
 10
499.47020000000003
 20
-96.17439999999999
 30
0.0
 40
0.022588235294117645
  1
SOBRA 0.157x0.288
 50
90.0
 72
1
 11
499.47020000000003
 21
-96.17439999999999
 31
0.0
100
AcDbText
 73
2
  0
LWPOLYLINE
  5
609
330
17
100
AcDbEntity
  8
PLAN-CORTE-DESPERDICIO
100
AcDbPolyline
 90
4
 70
1
 10
498.9527
 20
-96.0444
 10
499.3917
 20
-96.0444
 10
499.3917
 20
-96.0304
 10
498.9527
 20
-96.0304
  0
LWPOLYLINE
  5
60A
330
17
100
AcDbEntity
  8
PLAN-CORTE-PIEZAS-A-ABRIR
100
AcDbPolyline
 90
4
 70
1
 10
499.9987
 20
-97.2244
 10
500.5947
 20
-97.2244
 10
500.5947
 20
-96.0304
 10
499.9987
 20
-96.0304
  0
TEXT
  5
60B
330
17
100
AcDbEntity
  8
PLAN-CORTE-TEXTOS
100
AcDbText
 10
500.2967
 20
-95.8904
 30
0.0
 40
0.06
  1
M-11
 72
1
 11
500.2967
 21
-95.8904
 31
0.0
100
AcDbText
 73
2
  0
LWPOLYLINE
  5
60C
330
17
100
AcDbEntity
  8
PLAN-CORTE-RECORTES
100
AcDbPolyline
 90
4
 70
1
 10
499.9987
 20
-97.2244
 10
500.5947
 20
-97.2244
 10
500.5947
 20
-96.0304
 10
499.9987
 20
-96.0304
  0
TEXT
  5
60D
330
17
100
AcDbEntity
  8
PLAN-CORTE-TEXTOS
100
AcDbText
 10
500.2967
 20
-96.62740000000001
 30
0.0
 40
0.035
  1
PA-M-005
 50
90.0
 72
1
 11
500.2967
 21
-96.62740000000001
 31
0.0
100
AcDbText
 73
2
  0
LWPOLYLINE
  5
60E
330
17
100
AcDbEntity
  8
PLAN-CORTE-PIEZAS-A-ABRIR
100
AcDbPolyline
 90
4
 70
1
 10
501.04470000000003
 20
-97.2244
 10
501.64070000000004
 20
-97.2244
 10
501.64070000000004
 20
-96.0304
 10
501.04470000000003
 20
-96.0304
  0
TEXT
  5
60F
330
17
100
AcDbEntity
  8
PLAN-CORTE-TEXTOS
100
AcDbText
 10
501.34270000000004
 20
-95.8904
 30
0.0
 40
0.06
  1
M-12
 72
1
 11
501.34270000000004
 21
-95.8904
 31
0.0
100
AcDbText
 73
2
  0
LWPOLYLINE
  5
610
330
17
100
AcDbEntity
  8
PLAN-CORTE-RECORTES
100
AcDbPolyline
 90
4
 70
1
 10
501.04470000000003
 20
-97.2244
 10
501.64070000000004
 20
-97.2244
 10
501.64070000000004
 20
-96.5244
 10
501.04470000000003
 20
-96.5244
  0
TEXT
  5
611
330
17
100
AcDbEntity
  8
PLAN-CORTE-TEXTOS
100
AcDbText
 10
501.34270000000004
 20
-96.87440000000001
 30
0.0
 40
0.035
  1
D1-R1
 50
90.0
 72
1
 11
501.34270000000004
 21
-96.87440000000001
 31
0.0
100
AcDbText
 73
2
  0
LWPOLYLINE
  5
612
330
17
100
AcDbEntity
  8
PLAN-CORTE-RECORTES
100
AcDbPolyline
 90
4
 70
1
 10
501.04470000000003
 20
-96.5244
 10
501.5647
 20
-96.5244
 10
501.5647
 20
-96.0884
 10
501.04470000000003
 20
-96.0884
  0
TEXT
  5
613
330
17
100
AcDbEntity
  8
PLAN-CORTE-TEXTOS
100
AcDbText
 10
501.3047
 20
-96.3064
 30
0.0
 40
0.025793650793650796
  1
PA-M-003 (DE SOBRA DE D1-R1)
 72
1
 11
501.3047
 21
-96.3064
 31
0.0
100
AcDbText
 73
2
  0
LWPOLYLINE
  5
614
330
17
100
AcDbEntity
  8
PLAN-CORTE-DESPERDICIO
100
AcDbPolyline
 90
4
 70
1
 10
501.5647
 20
-96.5244
 10
501.64070000000004
 20
-96.5244
 10
501.64070000000004
 20
-96.0304
 10
501.5647
 20
-96.0304
  0
LWPOLYLINE
  5
615
330
17
100
AcDbEntity
  8
PLAN-CORTE-DESPERDICIO
100
AcDbPolyline
 90
4
 70
1
 10
501.04470000000003
 20
-96.08840000000001
 10
501.5647
 20
-96.08840000000001
 10
501.5647
 20
-96.0304
 10
501.04470000000003
 20
-96.0304
  0
LWPOLYLINE
  5
616
330
17
100
AcDbEntity
  8
PLAN-CORTE-PIEZAS-A-ABRIR
100
AcDbPolyline
 90
4
 70
1
 10
502.0907
 20
-97.2244
 10
502.68670000000003
 20
-97.2244
 10
502.68670000000003
 20
-96.0304
 10
502.0907
 20
-96.0304
  0
TEXT
  5
617
330
17
100
AcDbEntity
  8
PLAN-CORTE-TEXTOS
100
AcDbText
 10
502.38870000000003
 20
-95.8904
 30
0.0
 40
0.06
  1
M-13
 72
1
 11
502.38870000000003
 21
-95.8904
 31
0.0
100
AcDbText
 73
2
  0
LWPOLYLINE
  5
618
330
17
100
AcDbEntity
  8
PLAN-CORTE-RECORTES
100
AcDbPolyline
 90
4
 70
1
 10
502.0907
 20
-97.2244
 10
502.68670000000003
 20
-97.2244
 10
502.68670000000003
 20
-96.5364
 10
502.0907
 20
-96.5364
  0
TEXT
  5
619
330
17
100
AcDbEntity
  8
PLAN-CORTE-TEXTOS
100
AcDbText
 10
502.38870000000003
 20
-96.88040000000001
 30
0.0
 40
0.035
  1
PA-M-018
 50
90.0
 72
1
 11
502.38870000000003
 21
-96.88040000000001
 31
0.0
100
AcDbText
 73
2
  0
LWPOLYLINE
  5
61A
330
17
100
AcDbEntity
  8
PLAN-CORTE-RECORTES
100
AcDbPolyline
 90
4
 70
1
 10
502.0907
 20
-96.5364
 10
502.68670000000003
 20
-96.5364
 10
502.68670000000003
 20
-96.2304
 10
502.0907
 20
-96.2304
  0
TEXT
  5
61B
330
17
100
AcDbEntity
  8
PLAN-CORTE-TEXTOS
100
AcDbText
 10
502.38870000000003
 20
-96.3834
 30
0.0
 40
0.026702508960573475
  1
R1-fondo (DE SOBRA DE PA-M-018)
 72
1
 11
502.38870000000003
 21
-96.3834
 31
0.0
100
AcDbText
 73
2
  0
LWPOLYLINE
  5
61C
330
17
100
AcDbEntity
  8
PLAN-CORTE-SOBRANTES
100
AcDbPolyline
 90
4
 70
1
 10
502.0907
 20
-96.2304
 10
502.68670000000003
 20
-96.2304
 10
502.68670000000003
 20
-96.0304
 10
502.0907
 20
-96.0304
  0
TEXT
  5
61D
330
17
100
AcDbEntity
  8
PLAN-CORTE-TEXTOS
100
AcDbText
 10
502.38870000000003
 20
-96.13040000000001
 30
0.0
 40
0.030564102564102563
  1
SOBRA 0.596x0.2 -> GUARDAR
 72
1
 11
502.38870000000003
 21
-96.13040000000001
 31
0.0
100
AcDbText
 73
2
  0
LWPOLYLINE
  5
61E
330
17
100
AcDbEntity
  8
PLAN-CORTE-PIEZAS-A-ABRIR
100
AcDbPolyline
 90
4
 70
1
 10
503.1367
 20
-97.2244
 10
503.7327
 20
-97.2244
 10
503.7327
 20
-96.0304
 10
503.1367
 20
-96.0304
  0
TEXT
  5
61F
330
17
100
AcDbEntity
  8
PLAN-CORTE-TEXTOS
100
AcDbText
 10
503.4347
 20
-95.8904
 30
0.0
 40
0.06
  1
M-14
 72
1
 11
503.4347
 21
-95.8904
 31
0.0
100
AcDbText
 73
2
  0
LWPOLYLINE
  5
620
330
17
100
AcDbEntity
  8
PLAN-CORTE-RECORTES
100
AcDbPolyline
 90
4
 70
1
 10
503.1367
 20
-97.2244
 10
503.7327
 20
-97.2244
 10
503.7327
 20
-96.0304
 10
503.1367
 20
-96.0304
  0
TEXT
  5
621
330
17
100
AcDbEntity
  8
PLAN-CORTE-TEXTOS
100
AcDbText
 10
503.4347
 20
-96.62740000000001
 30
0.0
 40
0.035
  1
PA-M-033
 50
90.0
 72
1
 11
503.4347
 21
-96.62740000000001
 31
0.0
100
AcDbText
 73
2
  0
LWPOLYLINE
  5
622
330
17
100
AcDbEntity
  8
PLAN-CORTE-PIEZAS-A-ABRIR
100
AcDbPolyline
 90
4
 70
1
 10
504.1827
 20
-97.2244
 10
504.7787
 20
-97.2244
 10
504.7787
 20
-96.0304
 10
504.1827
 20
-96.0304
  0
TEXT
  5
623
330
17
100
AcDbEntity
  8
PLAN-CORTE-TEXTOS
100
AcDbText
 10
504.4807
 20
-95.8904
 30
0.0
 40
0.06
  1
M-15
 72
1
 11
504.4807
 21
-95.8904
 31
0.0
100
AcDbText
 73
2
  0
LWPOLYLINE
  5
624
330
17
100
AcDbEntity
  8
PLAN-CORTE-RECORTES
100
AcDbPolyline
 90
4
 70
1
 10
504.1827
 20
-97.2244
 10
504.3969
 20
-97.2244
 10
504.3969
 20
-96.5368
 10
504.1827
 20
-96.5368
  0
TEXT
  5
625
330
17
100
AcDbEntity
  8
PLAN-CORTE-TEXTOS
100
AcDbText
 10
504.2898
 20
-96.8806
 30
0.0
 40
0.035
  1
PA-M-019
 50
90.0
 72
1
 11
504.2898
 21
-96.8806
 31
0.0
100
AcDbText
 73
2
  0
LWPOLYLINE
  5
626
330
17
100
AcDbEntity
  8
PLAN-CORTE-RECORTES
100
AcDbPolyline
 90
4
 70
1
 10
504.1827
 20
-96.5368
 10
504.3947
 20
-96.5368
 10
504.3947
 20
-96.2308
 10
504.1827
 20
-96.2308
  0
TEXT
  5
627
330
17
100
AcDbEntity
  8
PLAN-CORTE-TEXTOS
100
AcDbText
 10
504.2887
 20
-96.3838
 30
0.0
 40
0.013709677419354839
  1
R1-fondo (DE SOBRA DE PA-M-019)
 50
90.0
 72
1
 11
504.2887
 21
-96.3838
 31
0.0
100
AcDbText
 73
2
  0
LWPOLYLINE
  5
628
330
17
100
AcDbEntity
  8
PLAN-CORTE-SOBRANTES
100
AcDbPolyline
 90
4
 70
1
 10
504.3969
 20
-97.2244
 10
504.7787
 20
-97.2244
 10
504.7787
 20
-96.0304
 10
504.3969
 20
-96.0304
  0
TEXT
  5
629
330
17
100
AcDbEntity
  8
PLAN-CORTE-TEXTOS
100
AcDbText
 10
504.5878
 20
-96.62740000000001
 30
0.0
 40
0.045
  1
SOBRA 0.382x1.194 -> GUARDAR
 50
90.0
 72
1
 11
504.5878
 21
-96.62740000000001
 31
0.0
100
AcDbText
 73
2
  0
LWPOLYLINE
  5
62A
330
17
100
AcDbEntity
  8
PLAN-CORTE-SOBRANTES
100
AcDbPolyline
 90
4
 70
1
 10
504.1827
 20
-96.2308
 10
504.3969
 20
-96.2308
 10
504.3969
 20
-96.0304
 10
504.1827
 20
-96.0304
  0
TEXT
  5
62B
330
17
100
AcDbEntity
  8
PLAN-CORTE-TEXTOS
100
AcDbText
 10
504.2898
 20
-96.1306
 30
0.0
 40
0.045
  1
SOBRA
 72
1
 11
504.2898
 21
-96.1306
 31
0.0
100
AcDbText
 73
2
  0
LWPOLYLINE
  5
62C
330
17
100
AcDbEntity
  8
PLAN-CORTE-PIEZAS-A-ABRIR
100
AcDbPolyline
 90
4
 70
1
 10
505.2287
 20
-97.2244
 10
505.8247
 20
-97.2244
 10
505.8247
 20
-96.0304
 10
505.2287
 20
-96.0304
  0
TEXT
  5
62D
330
17
100
AcDbEntity
  8
PLAN-CORTE-TEXTOS
100
AcDbText
 10
505.5267
 20
-95.8904
 30
0.0
 40
0.06
  1
M-16
 72
1
 11
505.5267
 21
-95.8904
 31
0.0
100
AcDbText
 73
2
  0
LWPOLYLINE
  5
62E
330
17
100
AcDbEntity
  8
PLAN-CORTE-RECORTES
100
AcDbPolyline
 90
4
 70
1
 10
505.2287
 20
-97.2244
 10
505.5327
 20
-97.2244
 10
505.5327
 20
-96.6264
 10
505.2287
 20
-96.6264
  0
TEXT
  5
62F
330
17
100
AcDbEntity
  8
PLAN-CORTE-TEXTOS
100
AcDbText
 10
505.3807
 20
-96.9254
 30
0.0
 40
0.035
  1
PA-M-014
 50
90.0
 72
1
 11
505.3807
 21
-96.9254
 31
0.0
100
AcDbText
 73
2
  0
LWPOLYLINE
  5
630
330
17
100
AcDbEntity
  8
PLAN-CORTE-SOBRANTES
100
AcDbPolyline
 90
4
 70
1
 10
505.2287
 20
-96.6264
 10
505.8247
 20
-96.6264
 10
505.8247
 20
-96.0304
 10
505.2287
 20
-96.0304
  0
TEXT
  5
631
330
17
100
AcDbEntity
  8
PLAN-CORTE-TEXTOS
100
AcDbText
 10
505.5267
 20
-96.3284
 30
0.0
 40
0.028380952380952378
  1
SOBRA 0.596x0.596 -> GUARDAR
 72
1
 11
505.5267
 21
-96.3284
 31
0.0
100
AcDbText
 73
2
  0
LWPOLYLINE
  5
632
330
17
100
AcDbEntity
  8
PLAN-CORTE-SOBRANTES
100
AcDbPolyline
 90
4
 70
1
 10
505.5327
 20
-97.2244
 10
505.82469999999995
 20
-97.2244
 10
505.82469999999995
 20
-96.6264
 10
505.5327
 20
-96.6264
  0
TEXT
  5
633
330
17
100
AcDbEntity
  8
PLAN-CORTE-TEXTOS
100
AcDbText
 10
505.6787
 20
-96.9254
 30
0.0
 40
0.028476190476190474
  1
SOBRA 0.292x0.598 -> GUARDAR
 50
90.0
 72
1
 11
505.6787
 21
-96.9254
 31
0.0
100
AcDbText
 73
2
  0
LWPOLYLINE
  5
634
330
17
100
AcDbEntity
  8
PLAN-CORTE-PIEZAS-A-ABRIR
100
AcDbPolyline
 90
4
 70
1
 10
506.2747
 20
-97.2244
 10
506.8707
 20
-97.2244
 10
506.8707
 20
-96.0304
 10
506.2747
 20
-96.0304
  0
TEXT
  5
635
330
17
100
AcDbEntity
  8
PLAN-CORTE-TEXTOS
100
AcDbText
 10
506.5727
 20
-95.8904
 30
0.0
 40
0.06
  1
M-17
 72
1
 11
506.5727
 21
-95.8904
 31
0.0
100
AcDbText
 73
2
  0
LWPOLYLINE
  5
636
330
17
100
AcDbEntity
  8
PLAN-CORTE-RECORTES
100
AcDbPolyline
 90
4
 70
1
 10
506.2747
 20
-97.2244
 10
506.8707
 20
-97.2244
 10
506.8707
 20
-96.0304
 10
506.2747
 20
-96.0304
  0
TEXT
  5
637
330
17
100
AcDbEntity
  8
PLAN-CORTE-TEXTOS
100
AcDbText
 10
506.5727
 20
-96.62740000000001
 30
0.0
 40
0.035
  1
PA-M-025
 50
90.0
 72
1
 11
506.5727
 21
-96.62740000000001
 31
0.0
100
AcDbText
 73
2
  0
LWPOLYLINE
  5
638
330
17
100
AcDbEntity
  8
PLAN-CORTE-PIEZAS-A-ABRIR
100
AcDbPolyline
 90
4
 70
1
 10
507.3207
 20
-97.2244
 10
507.9167
 20
-97.2244
 10
507.9167
 20
-96.0304
 10
507.3207
 20
-96.0304
  0
TEXT
  5
639
330
17
100
AcDbEntity
  8
PLAN-CORTE-TEXTOS
100
AcDbText
 10
507.6187
 20
-95.8904
 30
0.0
 40
0.06
  1
M-18
 72
1
 11
507.6187
 21
-95.8904
 31
0.0
100
AcDbText
 73
2
  0
LWPOLYLINE
  5
63A
330
17
100
AcDbEntity
  8
PLAN-CORTE-RECORTES
100
AcDbPolyline
 90
4
 70
1
 10
507.3207
 20
-97.2244
 10
507.5327
 20
-97.2244
 10
507.5327
 20
-96.0304
 10
507.3207
 20
-96.0304
  0
TEXT
  5
63B
330
17
100
AcDbEntity
  8
PLAN-CORTE-TEXTOS
100
AcDbText
 10
507.4267
 20
-96.62740000000001
 30
0.0
 40
0.035
  1
R2-fondo
 50
90.0
 72
1
 11
507.4267
 21
-96.62740000000001
 31
0.0
100
AcDbText
 73
2
  0
LWPOLYLINE
  5
63C
330
17
100
AcDbEntity
  8
PLAN-CORTE-RECORTES
100
AcDbPolyline
 90
4
 70
1
 10
507.5327
 20
-97.2244
 10
507.7467
 20
-97.2244
 10
507.7467
 20
-96.1044
 10
507.5327
 20
-96.1044
  0
TEXT
  5
63D
330
17
100
AcDbEntity
  8
PLAN-CORTE-TEXTOS
100
AcDbText
 10
507.6397
 20
-96.6644
 30
0.0
 40
0.035
  1
PB-M-072 (DE SOBRA DE R2-fondo)
 50
90.0
 72
1
 11
507.6397
 21
-96.6644
 31
0.0
100
AcDbText
 73
2
  0
LWPOLYLINE
  5
63E
330
17
100
AcDbEntity
  8
PLAN-CORTE-RECORTES
100
AcDbPolyline
 90
4
 70
1
 10
507.7467
 20
-97.2244
 10
507.83669999999995
 20
-97.2244
 10
507.83669999999995
 20
-96.3244
 10
507.7467
 20
-96.3244
  0
TEXT
  5
63F
330
17
100
AcDbEntity
  8
PLAN-CORTE-TEXTOS
100
AcDbText
 10
507.7917
 20
-96.7744
 30
0.0
 40
0.02
  1
PA-M-038 (DE SOBRA DE PB-M-072)
 50
90.0
 72
1
 11
507.7917
 21
-96.7744
 31
0.0
100
AcDbText
 73
2
  0
LWPOLYLINE
  5
640
330
17
100
AcDbEntity
  8
PLAN-CORTE-DESPERDICIO
100
AcDbPolyline
 90
4
 70
1
 10
507.5327
 20
-96.1044
 10
507.7467
 20
-96.1044
 10
507.7467
 20
-96.0304
 10
507.5327
 20
-96.0304
  0
LWPOLYLINE
  5
641
330
17
100
AcDbEntity
  8
PLAN-CORTE-DESPERDICIO
100
AcDbPolyline
 90
4
 70
1
 10
507.8367
 20
-97.2244
 10
507.9167
 20
-97.2244
 10
507.9167
 20
-96.0304
 10
507.8367
 20
-96.0304
  0
LWPOLYLINE
  5
642
330
17
100
AcDbEntity
  8
PLAN-CORTE-DESPERDICIO
100
AcDbPolyline
 90
4
 70
1
 10
507.7467
 20
-96.3244
 10
507.83669999999995
 20
-96.3244
 10
507.83669999999995
 20
-96.0304
 10
507.7467
 20
-96.0304
  0
LWPOLYLINE
  5
643
330
17
100
AcDbEntity
  8
PLAN-CORTE-PIEZAS-A-ABRIR
100
AcDbPolyline
 90
4
 70
1
 10
508.3667
 20
-97.2244
 10
508.9627
 20
-97.2244
 10
508.9627
 20
-96.0304
 10
508.3667
 20
-96.0304
  0
TEXT
  5
644
330
17
100
AcDbEntity
  8
PLAN-CORTE-TEXTOS
100
AcDbText
 10
508.6647
 20
-95.8904
 30
0.0
 40
0.06
  1
M-19
 72
1
 11
508.6647
 21
-95.8904
 31
0.0
100
AcDbText
 73
2
  0
LWPOLYLINE
  5
645
330
17
100
AcDbEntity
  8
PLAN-CORTE-RECORTES
100
AcDbPolyline
 90
4
 70
1
 10
508.3667
 20
-97.2244
 10
508.8377
 20
-97.2244
 10
508.8377
 20
-96.62440000000001
 10
508.3667
 20
-96.62440000000001
  0
TEXT
  5
646
330
17
100
AcDbEntity
  8
PLAN-CORTE-TEXTOS
100
AcDbText
 10
508.6022
 20
-96.9244
 30
0.0
 40
0.035
  1
PB-M-086
 50
90.0
 72
1
 11
508.6022
 21
-96.9244
 31
0.0
100
AcDbText
 73
2
  0
LWPOLYLINE
  5
647
330
17
100
AcDbEntity
  8
PLAN-CORTE-RECORTES
100
AcDbPolyline
 90
4
 70
1
 10
508.3667
 20
-96.62440000000001
 10
508.67069999999995
 20
-96.62440000000001
 10
508.67069999999995
 20
-96.27640000000001
 10
508.3667
 20
-96.27640000000001
  0
TEXT
  5
648
330
17
100
AcDbEntity
  8
PLAN-CORTE-TEXTOS
100
AcDbText
 10
508.51869999999997
 20
-96.4504
 30
0.0
 40
0.015591397849462365
  1
PA-M-015 (DE SOBRA DE PB-M-086)
 50
90.0
 72
1
 11
508.51869999999997
 21
-96.4504
 31
0.0
100
AcDbText
 73
2
  0
LWPOLYLINE
  5
649
330
17
100
AcDbEntity
  8
PLAN-CORTE-RECORTES
100
AcDbPolyline
 90
4
 70
1
 10
508.67069999999995
 20
-96.62440000000001
 10
508.88269999999994
 20
-96.62440000000001
 10
508.88269999999994
 20
-96.31840000000001
 10
508.67069999999995
 20
-96.31840000000001
  0
TEXT
  5
64A
330
17
100
AcDbEntity
  8
PLAN-CORTE-TEXTOS
100
AcDbText
 10
508.77669999999995
 20
-96.4714
 30
0.0
 40
0.013709677419354839
  1
R2-fondo (DE SOBRA DE PA-M-015)
 50
90.0
 72
1
 11
508.77669999999995
 21
-96.4714
 31
0.0
100
AcDbText
 73
2
  0
LWPOLYLINE
  5
64B
330
17
100
AcDbEntity
  8
PLAN-CORTE-SOBRANTES
100
AcDbPolyline
 90
4
 70
1
 10
508.8377
 20
-97.2244
 10
508.9627
 20
-97.2244
 10
508.9627
 20
-96.62440000000001
 10
508.8377
 20
-96.62440000000001
  0
TEXT
  5
64C
330
17
100
AcDbEntity
  8
PLAN-CORTE-TEXTOS
100
AcDbText
 10
508.9002
 20
-96.9244
 30
0.0
 40
0.030769230769230767
  1
SOBRA 0.125x0.6 -> GUARDAR
 50
90.0
 72
1
 11
508.9002
 21
-96.9244
 31
0.0
100
AcDbText
 73
2
  0
LWPOLYLINE
  5
64D
330
17
100
AcDbEntity
  8
PLAN-CORTE-SOBRANTES
100
AcDbPolyline
 90
4
 70
1
 10
508.3667
 20
-96.27640000000001
 10
508.67069999999995
 20
-96.27640000000001
 10
508.67069999999995
 20
-96.03040000000001
 10
508.3667
 20
-96.03040000000001
  0
TEXT
  5
64E
330
17
100
AcDbEntity
  8
PLAN-CORTE-TEXTOS
100
AcDbText
 10
508.51869999999997
 20
-96.1534
 30
0.0
 40
0.02384313725490196
  1
SOBRA 0.304x0.246
 72
1
 11
508.51869999999997
 21
-96.1534
 31
0.0
100
AcDbText
 73
2
  0
LWPOLYLINE
  5
64F
330
17
100
AcDbEntity
  8
PLAN-CORTE-SOBRANTES
100
AcDbPolyline
 90
4
 70
1
 10
508.67069999999995
 20
-96.3184
 10
508.9626999999999
 20
-96.3184
 10
508.9626999999999
 20
-96.0304
 10
508.67069999999995
 20
-96.0304
  0
TEXT
  5
650
330
17
100
AcDbEntity
  8
PLAN-CORTE-TEXTOS
100
AcDbText
 10
508.81669999999997
 20
-96.17439999999999
 30
0.0
 40
0.022901960784313724
  1
SOBRA 0.292x0.288
 72
1
 11
508.81669999999997
 21
-96.17439999999999
 31
0.0
100
AcDbText
 73
2
  0
LWPOLYLINE
  5
651
330
17
100
AcDbEntity
  8
PLAN-CORTE-DESPERDICIO
100
AcDbPolyline
 90
4
 70
1
 10
508.8827
 20
-96.62440000000001
 10
508.9627
 20
-96.62440000000001
 10
508.9627
 20
-96.31840000000001
 10
508.8827
 20
-96.31840000000001
  0
LWPOLYLINE
  5
652
330
17
100
AcDbEntity
  8
PLAN-CORTE-PIEZAS-A-ABRIR
100
AcDbPolyline
 90
4
 70
1
 10
509.41270000000003
 20
-97.2244
 10
510.00870000000003
 20
-97.2244
 10
510.00870000000003
 20
-96.0304
 10
509.41270000000003
 20
-96.0304
  0
TEXT
  5
653
330
17
100
AcDbEntity
  8
PLAN-CORTE-TEXTOS
100
AcDbText
 10
509.71070000000003
 20
-95.8904
 30
0.0
 40
0.06
  1
M-20
 72
1
 11
509.71070000000003
 21
-95.8904
 31
0.0
100
AcDbText
 73
2
  0
LWPOLYLINE
  5
654
330
17
100
AcDbEntity
  8
PLAN-CORTE-RECORTES
100
AcDbPolyline
 90
4
 70
1
 10
509.41270000000003
 20
-97.2244
 10
510.00870000000003
 20
-97.2244
 10
510.00870000000003
 20
-96.0304
 10
509.41270000000003
 20
-96.0304
  0
TEXT
  5
655
330
17
100
AcDbEntity
  8
PLAN-CORTE-TEXTOS
100
AcDbText
 10
509.71070000000003
 20
-96.62740000000001
 30
0.0
 40
0.035
  1
PA-M-035
 50
90.0
 72
1
 11
509.71070000000003
 21
-96.62740000000001
 31
0.0
100
AcDbText
 73
2
  0
LWPOLYLINE
  5
656
330
17
100
AcDbEntity
  8
PLAN-CORTE-PIEZAS-A-ABRIR
100
AcDbPolyline
 90
4
 70
1
 10
510.4587
 20
-97.2244
 10
511.0547
 20
-97.2244
 10
511.0547
 20
-96.0304
 10
510.4587
 20
-96.0304
  0
TEXT
  5
657
330
17
100
AcDbEntity
  8
PLAN-CORTE-TEXTOS
100
AcDbText
 10
510.7567
 20
-95.8904
 30
0.0
 40
0.06
  1
M-21
 72
1
 11
510.7567
 21
-95.8904
 31
0.0
100
AcDbText
 73
2
  0
LWPOLYLINE
  5
658
330
17
100
AcDbEntity
  8
PLAN-CORTE-RECORTES
100
AcDbPolyline
 90
4
 70
1
 10
510.4587
 20
-97.2244
 10
510.80670000000003
 20
-97.2244
 10
510.80670000000003
 20
-96.0304
 10
510.4587
 20
-96.0304
  0
TEXT
  5
659
330
17
100
AcDbEntity
  8
PLAN-CORTE-TEXTOS
100
AcDbText
 10
510.6327
 20
-96.62740000000001
 30
0.0
 40
0.035
  1
PA-M-008
 50
90.0
 72
1
 11
510.6327
 21
-96.62740000000001
 31
0.0
100
AcDbText
 73
2
  0
LWPOLYLINE
  5
65A
330
17
100
AcDbEntity
  8
PLAN-CORTE-RECORTES
100
AcDbPolyline
 90
4
 70
1
 10
510.80670000000003
 20
-97.2244
 10
511.04470000000003
 20
-97.2244
 10
511.04470000000003
 20
-96.1044
 10
510.80670000000003
 20
-96.1044
  0
TEXT
  5
65B
330
17
100
AcDbEntity
  8
PLAN-CORTE-TEXTOS
100
AcDbText
 10
510.92570000000006
 20
-96.6644
 30
0.0
 40
0.035
  1
PB-M-121 (DE SOBRA DE PA-M-008)
 50
90.0
 72
1
 11
510.92570000000006
 21
-96.6644
 31
0.0
100
AcDbText
 73
2
  0
LWPOLYLINE
  5
65C
330
17
100
AcDbEntity
  8
PLAN-CORTE-DESPERDICIO
100
AcDbPolyline
 90
4
 70
1
 10
510.80670000000003
 20
-96.1044
 10
511.0547
 20
-96.1044
 10
511.0547
 20
-96.0304
 10
510.80670000000003
 20
-96.0304
  0
LWPOLYLINE
  5
65D
330
17
100
AcDbEntity
  8
PLAN-CORTE-DESPERDICIO
100
AcDbPolyline
 90
4
 70
1
 10
511.04470000000003
 20
-97.2244
 10
511.0547
 20
-97.2244
 10
511.0547
 20
-96.1044
 10
511.04470000000003
 20
-96.1044
  0
LWPOLYLINE
  5
65E
330
17
100
AcDbEntity
  8
PLAN-CORTE-PIEZAS-A-ABRIR
100
AcDbPolyline
 90
4
 70
1
 10
511.5047
 20
-97.2244
 10
512.1007
 20
-97.2244
 10
512.1007
 20
-96.0304
 10
511.5047
 20
-96.0304
  0
TEXT
  5
65F
330
17
100
AcDbEntity
  8
PLAN-CORTE-TEXTOS
100
AcDbText
 10
511.8027
 20
-95.8904
 30
0.0
 40
0.06
  1
M-22
 72
1
 11
511.8027
 21
-95.8904
 31
0.0
100
AcDbText
 73
2
  0
LWPOLYLINE
  5
660
330
17
100
AcDbEntity
  8
PLAN-CORTE-RECORTES
100
AcDbPolyline
 90
4
 70
1
 10
511.5047
 20
-97.2244
 10
512.1007
 20
-97.2244
 10
512.1007
 20
-96.5404
 10
511.5047
 20
-96.5404
  0
TEXT
  5
661
330
17
100
AcDbEntity
  8
PLAN-CORTE-TEXTOS
100
AcDbText
 10
511.8027
 20
-96.8824
 30
0.0
 40
0.035
  1
PA-M-026
 50
90.0
 72
1
 11
511.8027
 21
-96.8824
 31
0.0
100
AcDbText
 73
2
  0
LWPOLYLINE
  5
662
330
17
100
AcDbEntity
  8
PLAN-CORTE-RECORTES
100
AcDbPolyline
 90
4
 70
1
 10
511.5047
 20
-96.5404
 10
512.1007
 20
-96.5404
 10
512.1007
 20
-96.23440000000001
 10
511.5047
 20
-96.23440000000001
  0
TEXT
  5
663
330
17
100
AcDbEntity
  8
PLAN-CORTE-TEXTOS
100
AcDbText
 10
511.8027
 20
-96.3874
 30
0.0
 40
0.026702508960573475
  1
R2-fondo (DE SOBRA DE PA-M-026)
 72
1
 11
511.8027
 21
-96.3874
 31
0.0
100
AcDbText
 73
2
  0
LWPOLYLINE
  5
664
330
17
100
AcDbEntity
  8
PLAN-CORTE-SOBRANTES
100
AcDbPolyline
 90
4
 70
1
 10
511.5047
 20
-96.23440000000001
 10
512.1007
 20
-96.23440000000001
 10
512.1007
 20
-96.03040000000001
 10
511.5047
 20
-96.03040000000001
  0
TEXT
  5
665
330
17
100
AcDbEntity
  8
PLAN-CORTE-TEXTOS
100
AcDbText
 10
511.8027
 20
-96.1324
 30
0.0
 40
0.028380952380952378
  1
SOBRA 0.596x0.204 -> GUARDAR
 72
1
 11
511.8027
 21
-96.1324
 31
0.0
100
AcDbText
 73
2
  0
LWPOLYLINE
  5
666
330
17
100
AcDbEntity
  8
PLAN-CORTE-PIEZAS-A-ABRIR
100
AcDbPolyline
 90
4
 70
1
 10
489.5387
 20
-99.1184
 10
490.1347
 20
-99.1184
 10
490.1347
 20
-97.92439999999999
 10
489.5387
 20
-97.92439999999999
  0
TEXT
  5
667
330
17
100
AcDbEntity
  8
PLAN-CORTE-TEXTOS
100
AcDbText
 10
489.8367
 20
-97.78439999999999
 30
0.0
 40
0.06
  1
M-23
 72
1
 11
489.8367
 21
-97.78439999999999
 31
0.0
100
AcDbText
 73
2
  0
LWPOLYLINE
  5
668
330
17
100
AcDbEntity
  8
PLAN-CORTE-RECORTES
100
AcDbPolyline
 90
4
 70
1
 10
489.5387
 20
-99.1184
 10
490.1347
 20
-99.1184
 10
490.1347
 20
-98.0144
 10
489.5387
 20
-98.0144
  0
TEXT
  5
669
330
17
100
AcDbEntity
  8
PLAN-CORTE-TEXTOS
100
AcDbText
 10
489.8367
 20
-98.56639999999999
 30
0.0
 40
0.035
  1
PA-M-031
 50
90.0
 72
1
 11
489.8367
 21
-98.56639999999999
 31
0.0
100
AcDbText
 73
2
  0
LWPOLYLINE
  5
66A
330
17
100
AcDbEntity
  8
PLAN-CORTE-DESPERDICIO
100
AcDbPolyline
 90
4
 70
1
 10
489.5387
 20
-98.0144
 10
490.1347
 20
-98.0144
 10
490.1347
 20
-97.92439999999999
 10
489.5387
 20
-97.92439999999999
  0
LWPOLYLINE
  5
66B
330
17
100
AcDbEntity
  8
PLAN-CORTE-PIEZAS-A-ABRIR
100
AcDbPolyline
 90
4
 70
1
 10
490.5847
 20
-99.1184
 10
491.1807
 20
-99.1184
 10
491.1807
 20
-97.92439999999999
 10
490.5847
 20
-97.92439999999999
  0
TEXT
  5
66C
330
17
100
AcDbEntity
  8
PLAN-CORTE-TEXTOS
100
AcDbText
 10
490.8827
 20
-97.78439999999999
 30
0.0
 40
0.06
  1
M-24
 72
1
 11
490.8827
 21
-97.78439999999999
 31
0.0
100
AcDbText
 73
2
  0
LWPOLYLINE
  5
66D
330
17
100
AcDbEntity
  8
PLAN-CORTE-RECORTES
100
AcDbPolyline
 90
4
 70
1
 10
490.5847
 20
-99.1184
 10
491.1807
 20
-99.1184
 10
491.1807
 20
-98.4344
 10
490.5847
 20
-98.4344
  0
TEXT
  5
66E
330
17
100
AcDbEntity
  8
PLAN-CORTE-TEXTOS
100
AcDbText
 10
490.8827
 20
-98.7764
 30
0.0
 40
0.035
  1
PA-M-027
 50
90.0
 72
1
 11
490.8827
 21
-98.7764
 31
0.0
100
AcDbText
 73
2
  0
LWPOLYLINE
  5
66F
330
17
100
AcDbEntity
  8
PLAN-CORTE-RECORTES
100
AcDbPolyline
 90
4
 70
1
 10
490.5847
 20
-98.4344
 10
491.1807
 20
-98.4344
 10
491.1807
 20
-98.1284
 10
490.5847
 20
-98.1284
  0
TEXT
  5
670
330
17
100
AcDbEntity
  8
PLAN-CORTE-TEXTOS
100
AcDbText
 10
490.8827
 20
-98.28139999999999
 30
0.0
 40
0.026702508960573475
  1
R2-fondo (DE SOBRA DE PA-M-027)
 72
1
 11
490.8827
 21
-98.28139999999999
 31
0.0
100
AcDbText
 73
2
  0
LWPOLYLINE
  5
671
330
17
100
AcDbEntity
  8
PLAN-CORTE-SOBRANTES
100
AcDbPolyline
 90
4
 70
1
 10
490.5847
 20
-98.1284
 10
491.1807
 20
-98.1284
 10
491.1807
 20
-97.9244
 10
490.5847
 20
-97.9244
  0
TEXT
  5
672
330
17
100
AcDbEntity
  8
PLAN-CORTE-TEXTOS
100
AcDbText
 10
490.8827
 20
-98.0264
 30
0.0
 40
0.028380952380952378
  1
SOBRA 0.596x0.204 -> GUARDAR
 72
1
 11
490.8827
 21
-98.0264
 31
0.0
100
AcDbText
 73
2
  0
LWPOLYLINE
  5
673
330
17
100
AcDbEntity
  8
PLAN-CORTE-PIEZAS-A-ABRIR
100
AcDbPolyline
 90
4
 70
1
 10
491.6307
 20
-99.1184
 10
492.2267
 20
-99.1184
 10
492.2267
 20
-97.92439999999999
 10
491.6307
 20
-97.92439999999999
  0
TEXT
  5
674
330
17
100
AcDbEntity
  8
PLAN-CORTE-TEXTOS
100
AcDbText
 10
491.9287
 20
-97.78439999999999
 30
0.0
 40
0.06
  1
M-25
 72
1
 11
491.9287
 21
-97.78439999999999
 31
0.0
100
AcDbText
 73
2
  0
LWPOLYLINE
  5
675
330
17
100
AcDbEntity
  8
PLAN-CORTE-RECORTES
100
AcDbPolyline
 90
4
 70
1
 10
491.6307
 20
-99.1184
 10
492.2267
 20
-99.1184
 10
492.2267
 20
-98.0144
 10
491.6307
 20
-98.0144
  0
TEXT
  5
676
330
17
100
AcDbEntity
  8
PLAN-CORTE-TEXTOS
100
AcDbText
 10
491.9287
 20
-98.56639999999999
 30
0.0
 40
0.035
  1
PA-M-032
 50
90.0
 72
1
 11
491.9287
 21
-98.56639999999999
 31
0.0
100
AcDbText
 73
2
  0
LWPOLYLINE
  5
677
330
17
100
AcDbEntity
  8
PLAN-CORTE-DESPERDICIO
100
AcDbPolyline
 90
4
 70
1
 10
491.6307
 20
-98.0144
 10
492.2267
 20
-98.0144
 10
492.2267
 20
-97.92439999999999
 10
491.6307
 20
-97.92439999999999
  0
LWPOLYLINE
  5
678
330
17
100
AcDbEntity
  8
PLAN-CORTE-PIEZAS-A-ABRIR
100
AcDbPolyline
 90
4
 70
1
 10
492.6767
 20
-99.1184
 10
493.2727
 20
-99.1184
 10
493.2727
 20
-97.92439999999999
 10
492.6767
 20
-97.92439999999999
  0
TEXT
  5
679
330
17
100
AcDbEntity
  8
PLAN-CORTE-TEXTOS
100
AcDbText
 10
492.9747
 20
-97.78439999999999
 30
0.0
 40
0.06
  1
M-26
 72
1
 11
492.9747
 21
-97.78439999999999
 31
0.0
100
AcDbText
 73
2
  0
LWPOLYLINE
  5
67A
330
17
100
AcDbEntity
  8
PLAN-CORTE-RECORTES
100
AcDbPolyline
 90
4
 70
1
 10
492.6767
 20
-99.1184
 10
493.2727
 20
-99.1184
 10
493.2727
 20
-98.02239999999999
 10
492.6767
 20
-98.02239999999999
  0
TEXT
  5
67B
330
17
100
AcDbEntity
  8
PLAN-CORTE-TEXTOS
100
AcDbText
 10
492.9747
 20
-98.57039999999999
 30
0.0
 40
0.035
  1
PA-M-042
 50
90.0
 72
1
 11
492.9747
 21
-98.57039999999999
 31
0.0
100
AcDbText
 73
2
  0
LWPOLYLINE
  5
67C
330
17
100
AcDbEntity
  8
PLAN-CORTE-DESPERDICIO
100
AcDbPolyline
 90
4
 70
1
 10
492.6767
 20
-98.02239999999999
 10
493.2727
 20
-98.02239999999999
 10
493.2727
 20
-97.92439999999999
 10
492.6767
 20
-97.92439999999999
  0
LWPOLYLINE
  5
67D
330
17
100
AcDbEntity
  8
PLAN-CORTE-PIEZAS-A-ABRIR
100
AcDbPolyline
 90
4
 70
1
 10
493.72270000000003
 20
-99.1184
 10
494.31870000000004
 20
-99.1184
 10
494.31870000000004
 20
-97.92439999999999
 10
493.72270000000003
 20
-97.92439999999999
  0
TEXT
  5
67E
330
17
100
AcDbEntity
  8
PLAN-CORTE-TEXTOS
100
AcDbText
 10
494.02070000000003
 20
-97.78439999999999
 30
0.0
 40
0.06
  1
M-27
 72
1
 11
494.02070000000003
 21
-97.78439999999999
 31
0.0
100
AcDbText
 73
2
  0
LWPOLYLINE
  5
67F
330
17
100
AcDbEntity
  8
PLAN-CORTE-RECORTES
100
AcDbPolyline
 90
4
 70
1
 10
493.72270000000003
 20
-99.1184
 10
494.31870000000004
 20
-99.1184
 10
494.31870000000004
 20
-98.02239999999999
 10
493.72270000000003
 20
-98.02239999999999
  0
TEXT
  5
680
330
17
100
AcDbEntity
  8
PLAN-CORTE-TEXTOS
100
AcDbText
 10
494.02070000000003
 20
-98.57039999999999
 30
0.0
 40
0.035
  1
PA-M-041
 50
90.0
 72
1
 11
494.02070000000003
 21
-98.57039999999999
 31
0.0
100
AcDbText
 73
2
  0
LWPOLYLINE
  5
681
330
17
100
AcDbEntity
  8
PLAN-CORTE-DESPERDICIO
100
AcDbPolyline
 90
4
 70
1
 10
493.72270000000003
 20
-98.02239999999999
 10
494.31870000000004
 20
-98.02239999999999
 10
494.31870000000004
 20
-97.92439999999999
 10
493.72270000000003
 20
-97.92439999999999
  0
LWPOLYLINE
  5
682
330
17
100
AcDbEntity
  8
PLAN-CORTE-PIEZAS-A-ABRIR
100
AcDbPolyline
 90
4
 70
1
 10
494.7687
 20
-99.1184
 10
495.3647
 20
-99.1184
 10
495.3647
 20
-97.92439999999999
 10
494.7687
 20
-97.92439999999999
  0
TEXT
  5
683
330
17
100
AcDbEntity
  8
PLAN-CORTE-TEXTOS
100
AcDbText
 10
495.0667
 20
-97.78439999999999
 30
0.0
 40
0.06
  1
M-28
 72
1
 11
495.0667
 21
-97.78439999999999
 31
0.0
100
AcDbText
 73
2
  0
LWPOLYLINE
  5
684
330
17
100
AcDbEntity
  8
PLAN-CORTE-RECORTES
100
AcDbPolyline
 90
4
 70
1
 10
494.7687
 20
-99.1184
 10
495.16270000000003
 20
-99.1184
 10
495.16270000000003
 20
-98.0094
 10
494.7687
 20
-98.0094
  0
TEXT
  5
685
330
17
100
AcDbEntity
  8
PLAN-CORTE-TEXTOS
100
AcDbText
 10
494.9657
 20
-98.56389999999999
 30
0.0
 40
0.035
  1
PB-M-104
 50
90.0
 72
1
 11
494.9657
 21
-98.56389999999999
 31
0.0
100
AcDbText
 73
2
  0
LWPOLYLINE
  5
686
330
17
100
AcDbEntity
  8
PLAN-CORTE-RECORTES
100
AcDbPolyline
 90
4
 70
1
 10
495.16270000000003
 20
-99.1184
 10
495.33770000000004
 20
-99.1184
 10
495.33770000000004
 20
-97.96839999999999
 10
495.16270000000003
 20
-97.96839999999999
  0
TEXT
  5
687
330
17
100
AcDbEntity
  8
PLAN-CORTE-TEXTOS
100
AcDbText
 10
495.2502
 20
-98.54339999999999
 30
0.0
 40
0.035
  1
P1 (DE SOBRA DE PB-M-104)
 50
90.0
 72
1
 11
495.2502
 21
-98.54339999999999
 31
0.0
100
AcDbText
 73
2
  0
LWPOLYLINE
  5
688
330
17
100
AcDbEntity
  8
PLAN-CORTE-DESPERDICIO
100
AcDbPolyline
 90
4
 70
1
 10
494.7687
 20
-98.0094
 10
495.16270000000003
 20
-98.0094
 10
495.16270000000003
 20
-97.9244
 10
494.7687
 20
-97.9244
  0
LWPOLYLINE
  5
689
330
17
100
AcDbEntity
  8
PLAN-CORTE-DESPERDICIO
100
AcDbPolyline
 90
4
 70
1
 10
495.33770000000004
 20
-99.1184
 10
495.3647
 20
-99.1184
 10
495.3647
 20
-97.92439999999999
 10
495.33770000000004
 20
-97.92439999999999
  0
LWPOLYLINE
  5
68A
330
17
100
AcDbEntity
  8
PLAN-CORTE-DESPERDICIO
100
AcDbPolyline
 90
4
 70
1
 10
495.16270000000003
 20
-97.96839999999999
 10
495.33770000000004
 20
-97.96839999999999
 10
495.33770000000004
 20
-97.92439999999999
 10
495.16270000000003
 20
-97.92439999999999
  0
LWPOLYLINE
  5
68B
330
17
100
AcDbEntity
  8
PLAN-CORTE-PIEZAS-A-ABRIR
100
AcDbPolyline
 90
4
 70
1
 10
495.8147
 20
-99.1184
 10
496.4107
 20
-99.1184
 10
496.4107
 20
-97.92439999999999
 10
495.8147
 20
-97.92439999999999
  0
TEXT
  5
68C
330
17
100
AcDbEntity
  8
PLAN-CORTE-TEXTOS
100
AcDbText
 10
496.1127
 20
-97.78439999999999
 30
0.0
 40
0.06
  1
M-29
 72
1
 11
496.1127
 21
-97.78439999999999
 31
0.0
100
AcDbText
 73
2
  0
LWPOLYLINE
  5
68D
330
17
100
AcDbEntity
  8
PLAN-CORTE-RECORTES
100
AcDbPolyline
 90
4
 70
1
 10
495.8147
 20
-99.1184
 10
496.4107
 20
-99.1184
 10
496.4107
 20
-97.99839999999999
 10
495.8147
 20
-97.99839999999999
  0
TEXT
  5
68E
330
17
100
AcDbEntity
  8
PLAN-CORTE-TEXTOS
100
AcDbText
 10
496.1127
 20
-98.55839999999999
 30
0.0
 40
0.035
  1
PB-M-071
 50
90.0
 72
1
 11
496.1127
 21
-98.55839999999999
 31
0.0
100
AcDbText
 73
2
  0
LWPOLYLINE
  5
68F
330
17
100
AcDbEntity
  8
PLAN-CORTE-DESPERDICIO
100
AcDbPolyline
 90
4
 70
1
 10
495.8147
 20
-97.99839999999999
 10
496.4107
 20
-97.99839999999999
 10
496.4107
 20
-97.92439999999999
 10
495.8147
 20
-97.92439999999999
  0
LWPOLYLINE
  5
690
330
17
100
AcDbEntity
  8
PLAN-CORTE-PIEZAS-A-ABRIR
100
AcDbPolyline
 90
4
 70
1
 10
496.8607
 20
-99.1184
 10
497.4567
 20
-99.1184
 10
497.4567
 20
-97.92439999999999
 10
496.8607
 20
-97.92439999999999
  0
TEXT
  5
691
330
17
100
AcDbEntity
  8
PLAN-CORTE-TEXTOS
100
AcDbText
 10
497.1587
 20
-97.78439999999999
 30
0.0
 40
0.06
  1
M-30
 72
1
 11
497.1587
 21
-97.78439999999999
 31
0.0
100
AcDbText
 73
2
  0
LWPOLYLINE
  5
692
330
17
100
AcDbEntity
  8
PLAN-CORTE-RECORTES
100
AcDbPolyline
 90
4
 70
1
 10
496.8607
 20
-99.1184
 10
497.0747
 20
-99.1184
 10
497.0747
 20
-97.92439999999999
 10
496.8607
 20
-97.92439999999999
  0
TEXT
  5
693
330
17
100
AcDbEntity
  8
PLAN-CORTE-TEXTOS
100
AcDbText
 10
496.96770000000004
 20
-98.5214
 30
0.0
 40
0.035
  1
PB-M-056
 50
90.0
 72
1
 11
496.96770000000004
 21
-98.5214
 31
0.0
100
AcDbText
 73
2
  0
LWPOLYLINE
  5
694
330
17
100
AcDbEntity
  8
PLAN-CORTE-RECORTES
100
AcDbPolyline
 90
4
 70
1
 10
497.0747
 20
-99.1184
 10
497.2867
 20
-99.1184
 10
497.2867
 20
-97.92439999999999
 10
497.0747
 20
-97.92439999999999
  0
TEXT
  5
695
330
17
100
AcDbEntity
  8
PLAN-CORTE-TEXTOS
100
AcDbText
 10
497.1807
 20
-98.5214
 30
0.0
 40
0.035
  1
R1-fondo (DE SOBRA DE PB-M-056)
 50
90.0
 72
1
 11
497.1807
 21
-98.5214
 31
0.0
100
AcDbText
 73
2
  0
LWPOLYLINE
  5
696
330
17
100
AcDbEntity
  8
PLAN-CORTE-RECORTES
100
AcDbPolyline
 90
4
 70
1
 10
497.2867
 20
-99.1184
 10
497.4227
 20
-99.1184
 10
497.4227
 20
-97.92439999999999
 10
497.2867
 20
-97.92439999999999
  0
TEXT
  5
697
330
17
100
AcDbEntity
  8
PLAN-CORTE-TEXTOS
100
AcDbText
 10
497.3547
 20
-98.5214
 30
0.0
 40
0.030222222222222223
  1
PB-M-099 (DE SOBRA DE R1-fondo)
 50
90.0
 72
1
 11
497.3547
 21
-98.5214
 31
0.0
100
AcDbText
 73
2
  0
LWPOLYLINE
  5
698
330
17
100
AcDbEntity
  8
PLAN-CORTE-DESPERDICIO
100
AcDbPolyline
 90
4
 70
1
 10
497.4227
 20
-99.1184
 10
497.4567
 20
-99.1184
 10
497.4567
 20
-97.92439999999999
 10
497.4227
 20
-97.92439999999999
  0
LWPOLYLINE
  5
699
330
17
100
AcDbEntity
  8
PLAN-CORTE-PIEZAS-A-ABRIR
100
AcDbPolyline
 90
4
 70
1
 10
497.9067
 20
-99.1184
 10
498.5027
 20
-99.1184
 10
498.5027
 20
-97.92439999999999
 10
497.9067
 20
-97.92439999999999
  0
TEXT
  5
69A
330
17
100
AcDbEntity
  8
PLAN-CORTE-TEXTOS
100
AcDbText
 10
498.2047
 20
-97.78439999999999
 30
0.0
 40
0.06
  1
M-31
 72
1
 11
498.2047
 21
-97.78439999999999
 31
0.0
100
AcDbText
 73
2
  0
LWPOLYLINE
  5
69B
330
17
100
AcDbEntity
  8
PLAN-CORTE-RECORTES
100
AcDbPolyline
 90
4
 70
1
 10
497.9067
 20
-99.1184
 10
498.5027
 20
-99.1184
 10
498.5027
 20
-98.0094
 10
497.9067
 20
-98.0094
  0
TEXT
  5
69C
330
17
100
AcDbEntity
  8
PLAN-CORTE-TEXTOS
100
AcDbText
 10
498.2047
 20
-98.56389999999999
 30
0.0
 40
0.035
  1
PB-M-103
 50
90.0
 72
1
 11
498.2047
 21
-98.56389999999999
 31
0.0
100
AcDbText
 73
2
  0
LWPOLYLINE
  5
69D
330
17
100
AcDbEntity
  8
PLAN-CORTE-DESPERDICIO
100
AcDbPolyline
 90
4
 70
1
 10
497.9067
 20
-98.0094
 10
498.5027
 20
-98.0094
 10
498.5027
 20
-97.9244
 10
497.9067
 20
-97.9244
  0
LWPOLYLINE
  5
69E
330
17
100
AcDbEntity
  8
PLAN-CORTE-PIEZAS-A-ABRIR
100
AcDbPolyline
 90
4
 70
1
 10
498.9527
 20
-99.1184
 10
499.5487
 20
-99.1184
 10
499.5487
 20
-97.92439999999999
 10
498.9527
 20
-97.92439999999999
  0
TEXT
  5
69F
330
17
100
AcDbEntity
  8
PLAN-CORTE-TEXTOS
100
AcDbText
 10
499.2507
 20
-97.78439999999999
 30
0.0
 40
0.06
  1
M-32
 72
1
 11
499.2507
 21
-97.78439999999999
 31
0.0
100
AcDbText
 73
2
  0
LWPOLYLINE
  5
6A0
330
17
100
AcDbEntity
  8
PLAN-CORTE-RECORTES
100
AcDbPolyline
 90
4
 70
1
 10
498.9527
 20
-99.1184
 10
499.3917
 20
-99.1184
 10
499.3917
 20
-98.5184
 10
498.9527
 20
-98.5184
  0
TEXT
  5
6A1
330
17
100
AcDbEntity
  8
PLAN-CORTE-TEXTOS
100
AcDbText
 10
499.1722
 20
-98.8184
 30
0.0
 40
0.035
  1
PB-M-118
 50
90.0
 72
1
 11
499.1722
 21
-98.8184
 31
0.0
100
AcDbText
 73
2
  0
LWPOLYLINE
  5
6A2
330
17
100
AcDbEntity
  8
PLAN-CORTE-RECORTES
100
AcDbPolyline
 90
4
 70
1
 10
499.3917
 20
-99.1184
 10
499.5417
 20
-99.1184
 10
499.5417
 20
-98.64739999999999
 10
499.3917
 20
-98.64739999999999
  0
TEXT
  5
6A3
330
17
100
AcDbEntity
  8
PLAN-CORTE-TEXTOS
100
AcDbText
 10
499.4667
 20
-98.88289999999999
 30
0.0
 40
0.021102150537634406
  1
PB-M-087 (DE SOBRA DE PB-M-118)
 50
90.0
 72
1
 11
499.4667
 21
-98.88289999999999
 31
0.0
100
AcDbText
 73
2
  0
LWPOLYLINE
  5
6A4
330
17
100
AcDbEntity
  8
PLAN-CORTE-SOBRANTES
100
AcDbPolyline
 90
4
 70
1
 10
498.9527
 20
-98.5184
 10
499.5487
 20
-98.5184
 10
499.5487
 20
-97.9244
 10
498.9527
 20
-97.9244
  0
TEXT
  5
6A5
330
17
100
AcDbEntity
  8
PLAN-CORTE-TEXTOS
100
AcDbText
 10
499.2507
 20
-98.2214
 30
0.0
 40
0.028380952380952378
  1
SOBRA 0.596x0.594 -> GUARDAR
 72
1
 11
499.2507
 21
-98.2214
 31
0.0
100
AcDbText
 73
2
  0
LWPOLYLINE
  5
6A6
330
17
100
AcDbEntity
  8
PLAN-CORTE-SOBRANTES
100
AcDbPolyline
 90
4
 70
1
 10
499.3917
 20
-98.64739999999999
 10
499.5487
 20
-98.64739999999999
 10
499.5487
 20
-98.51839999999999
 10
499.3917
 20
-98.51839999999999
  0
TEXT
  5
6A7
330
17
100
AcDbEntity
  8
PLAN-CORTE-TEXTOS
100
AcDbText
 10
499.47020000000003
 20
-98.5829
 30
0.0
 40
0.041866666666666656
  1
SOBRA
 72
1
 11
499.47020000000003
 21
-98.5829
 31
0.0
100
AcDbText
 73
2
  0
LWPOLYLINE
  5
6A8
330
17
100
AcDbEntity
  8
PLAN-CORTE-PIEZAS-A-ABRIR
100
AcDbPolyline
 90
4
 70
1
 10
499.9987
 20
-99.1184
 10
500.5947
 20
-99.1184
 10
500.5947
 20
-97.92439999999999
 10
499.9987
 20
-97.92439999999999
  0
TEXT
  5
6A9
330
17
100
AcDbEntity
  8
PLAN-CORTE-TEXTOS
100
AcDbText
 10
500.2967
 20
-97.78439999999999
 30
0.0
 40
0.06
  1
M-33
 72
1
 11
500.2967
 21
-97.78439999999999
 31
0.0
100
AcDbText
 73
2
  0
LWPOLYLINE
  5
6AA
330
17
100
AcDbEntity
  8
PLAN-CORTE-RECORTES
100
AcDbPolyline
 90
4
 70
1
 10
499.9987
 20
-99.1184
 10
500.2127
 20
-99.1184
 10
500.2127
 20
-97.99839999999999
 10
499.9987
 20
-97.99839999999999
  0
TEXT
  5
6AB
330
17
100
AcDbEntity
  8
PLAN-CORTE-TEXTOS
100
AcDbText
 10
500.1057
 20
-98.55839999999999
 30
0.0
 40
0.035
  1
PB-M-124
 50
90.0
 72
1
 11
500.1057
 21
-98.55839999999999
 31
0.0
100
AcDbText
 73
2
  0
LWPOLYLINE
  5
6AC
330
17
100
AcDbEntity
  8
PLAN-CORTE-RECORTES
100
AcDbPolyline
 90
4
 70
1
 10
500.2127
 20
-99.1184
 10
500.4267
 20
-99.1184
 10
500.4267
 20
-98.0324
 10
500.2127
 20
-98.0324
  0
TEXT
  5
6AD
330
17
100
AcDbEntity
  8
PLAN-CORTE-TEXTOS
100
AcDbText
 10
500.3197
 20
-98.57539999999999
 30
0.0
 40
0.035
  1
PB-M-042 (DE SOBRA DE PB-M-124)
 50
90.0
 72
1
 11
500.3197
 21
-98.57539999999999
 31
0.0
100
AcDbText
 73
2
  0
LWPOLYLINE
  5
6AE
330
17
100
AcDbEntity
  8
PLAN-CORTE-RECORTES
100
AcDbPolyline
 90
4
 70
1
 10
500.4267
 20
-99.1184
 10
500.5947
 20
-99.1184
 10
500.5947
 20
-98.10799999999999
 10
500.4267
 20
-98.10799999999999
  0
TEXT
  5
6AF
330
17
100
AcDbEntity
  8
PLAN-CORTE-TEXTOS
100
AcDbText
 10
500.5107
 20
-98.61319999999999
 30
0.0
 40
0.035
  1
PB-M-139 (DE SOBRA DE PB-M-042)
 50
90.0
 72
1
 11
500.5107
 21
-98.61319999999999
 31
0.0
100
AcDbText
 73
2
  0
LWPOLYLINE
  5
6B0
330
17
100
AcDbEntity
  8
PLAN-CORTE-DESPERDICIO
100
AcDbPolyline
 90
4
 70
1
 10
499.9987
 20
-97.99839999999999
 10
500.2127
 20
-97.99839999999999
 10
500.2127
 20
-97.92439999999999
 10
499.9987
 20
-97.92439999999999
  0
LWPOLYLINE
  5
6B1
330
17
100
AcDbEntity
  8
PLAN-CORTE-SOBRANTES
100
AcDbPolyline
 90
4
 70
1
 10
500.2127
 20
-98.0324
 10
500.4267
 20
-98.0324
 10
500.4267
 20
-97.92439999999999
 10
500.2127
 20
-97.92439999999999
  0
TEXT
  5
6B2
330
17
100
AcDbEntity
  8
PLAN-CORTE-TEXTOS
100
AcDbText
 10
500.3197
 20
-97.9784
 30
0.0
 40
0.045
  1
SOBRA
 72
1
 11
500.3197
 21
-97.9784
 31
0.0
100
AcDbText
 73
2
  0
LWPOLYLINE
  5
6B3
330
17
100
AcDbEntity
  8
PLAN-CORTE-SOBRANTES
100
AcDbPolyline
 90
4
 70
1
 10
500.4267
 20
-98.10799999999999
 10
500.5947
 20
-98.10799999999999
 10
500.5947
 20
-97.92439999999999
 10
500.4267
 20
-97.92439999999999
  0
TEXT
  5
6B4
330
17
100
AcDbEntity
  8
PLAN-CORTE-TEXTOS
100
AcDbText
 10
500.5107
 20
-98.01619999999998
 30
0.0
 40
0.045
  1
SOBRA
 50
90.0
 72
1
 11
500.5107
 21
-98.01619999999998
 31
0.0
100
AcDbText
 73
2
  0
LWPOLYLINE
  5
6B5
330
17
100
AcDbEntity
  8
PLAN-CORTE-PIEZAS-A-ABRIR
100
AcDbPolyline
 90
4
 70
1
 10
501.04470000000003
 20
-99.1184
 10
501.64070000000004
 20
-99.1184
 10
501.64070000000004
 20
-97.92439999999999
 10
501.04470000000003
 20
-97.92439999999999
  0
TEXT
  5
6B6
330
17
100
AcDbEntity
  8
PLAN-CORTE-TEXTOS
100
AcDbText
 10
501.34270000000004
 20
-97.78439999999999
 30
0.0
 40
0.06
  1
M-34
 72
1
 11
501.34270000000004
 21
-97.78439999999999
 31
0.0
100
AcDbText
 73
2
  0
LWPOLYLINE
  5
6B7
330
17
100
AcDbEntity
  8
PLAN-CORTE-RECORTES
100
AcDbPolyline
 90
4
 70
1
 10
501.04470000000003
 20
-99.1184
 10
501.63370000000003
 20
-99.1184
 10
501.63370000000003
 20
-98.5204
 10
501.04470000000003
 20
-98.5204
  0
TEXT
  5
6B8
330
17
100
AcDbEntity
  8
PLAN-CORTE-TEXTOS
100
AcDbText
 10
501.33920000000006
 20
-98.81939999999999
 30
0.0
 40
0.035
  1
PB-M-089
 50
90.0
 72
1
 11
501.33920000000006
 21
-98.81939999999999
 31
0.0
100
AcDbText
 73
2
  0
LWPOLYLINE
  5
6B9
330
17
100
AcDbEntity
  8
PLAN-CORTE-SOBRANTES
100
AcDbPolyline
 90
4
 70
1
 10
501.04470000000003
 20
-98.5204
 10
501.64070000000004
 20
-98.5204
 10
501.64070000000004
 20
-97.92439999999999
 10
501.04470000000003
 20
-97.92439999999999
  0
TEXT
  5
6BA
330
17
100
AcDbEntity
  8
PLAN-CORTE-TEXTOS
100
AcDbText
 10
501.34270000000004
 20
-98.2224
 30
0.0
 40
0.028380952380952378
  1
SOBRA 0.596x0.596 -> GUARDAR
 72
1
 11
501.34270000000004
 21
-98.2224
 31
0.0
100
AcDbText
 73
2
  0
LWPOLYLINE
  5
6BB
330
17
100
AcDbEntity
  8
PLAN-CORTE-PIEZAS-A-ABRIR
100
AcDbPolyline
 90
4
 70
1
 10
502.0907
 20
-99.1184
 10
502.68670000000003
 20
-99.1184
 10
502.68670000000003
 20
-97.92439999999999
 10
502.0907
 20
-97.92439999999999
  0
TEXT
  5
6BC
330
17
100
AcDbEntity
  8
PLAN-CORTE-TEXTOS
100
AcDbText
 10
502.38870000000003
 20
-97.78439999999999
 30
0.0
 40
0.06
  1
M-35
 72
1
 11
502.38870000000003
 21
-97.78439999999999
 31
0.0
100
AcDbText
 73
2
  0
LWPOLYLINE
  5
6BD
330
17
100
AcDbEntity
  8
PLAN-CORTE-RECORTES
100
AcDbPolyline
 90
4
 70
1
 10
502.0907
 20
-99.1184
 10
502.68670000000003
 20
-99.1184
 10
502.68670000000003
 20
-97.99839999999999
 10
502.0907
 20
-97.99839999999999
  0
TEXT
  5
6BE
330
17
100
AcDbEntity
  8
PLAN-CORTE-TEXTOS
100
AcDbText
 10
502.38870000000003
 20
-98.55839999999999
 30
0.0
 40
0.035
  1
PB-M-123
 50
90.0
 72
1
 11
502.38870000000003
 21
-98.55839999999999
 31
0.0
100
AcDbText
 73
2
  0
LWPOLYLINE
  5
6BF
330
17
100
AcDbEntity
  8
PLAN-CORTE-DESPERDICIO
100
AcDbPolyline
 90
4
 70
1
 10
502.0907
 20
-97.99839999999999
 10
502.68670000000003
 20
-97.99839999999999
 10
502.68670000000003
 20
-97.92439999999999
 10
502.0907
 20
-97.92439999999999
  0
LWPOLYLINE
  5
6C0
330
17
100
AcDbEntity
  8
PLAN-CORTE-PIEZAS-A-ABRIR
100
AcDbPolyline
 90
4
 70
1
 10
503.1367
 20
-99.1184
 10
503.7327
 20
-99.1184
 10
503.7327
 20
-97.92439999999999
 10
503.1367
 20
-97.92439999999999
  0
TEXT
  5
6C1
330
17
100
AcDbEntity
  8
PLAN-CORTE-TEXTOS
100
AcDbText
 10
503.4347
 20
-97.78439999999999
 30
0.0
 40
0.06
  1
M-36
 72
1
 11
503.4347
 21
-97.78439999999999
 31
0.0
100
AcDbText
 73
2
  0
LWPOLYLINE
  5
6C2
330
17
100
AcDbEntity
  8
PLAN-CORTE-RECORTES
100
AcDbPolyline
 90
4
 70
1
 10
503.1367
 20
-99.1184
 10
503.7327
 20
-99.1184
 10
503.7327
 20
-98.0324
 10
503.1367
 20
-98.0324
  0
TEXT
  5
6C3
330
17
100
AcDbEntity
  8
PLAN-CORTE-TEXTOS
100
AcDbText
 10
503.4347
 20
-98.57539999999999
 30
0.0
 40
0.035
  1
PB-M-041
 50
90.0
 72
1
 11
503.4347
 21
-98.57539999999999
 31
0.0
100
AcDbText
 73
2
  0
LWPOLYLINE
  5
6C4
330
17
100
AcDbEntity
  8
PLAN-CORTE-SOBRANTES
100
AcDbPolyline
 90
4
 70
1
 10
503.1367
 20
-98.0324
 10
503.7327
 20
-98.0324
 10
503.7327
 20
-97.92439999999999
 10
503.1367
 20
-97.92439999999999
  0
TEXT
  5
6C5
330
17
100
AcDbEntity
  8
PLAN-CORTE-TEXTOS
100
AcDbText
 10
503.4347
 20
-97.9784
 30
0.0
 40
0.028380952380952378
  1
SOBRA 0.596x0.108 -> GUARDAR
 72
1
 11
503.4347
 21
-97.9784
 31
0.0
100
AcDbText
 73
2
  0
LWPOLYLINE
  5
6C6
330
17
100
AcDbEntity
  8
PLAN-CORTE-PIEZAS-A-ABRIR
100
AcDbPolyline
 90
4
 70
1
 10
504.1827
 20
-99.1184
 10
504.7787
 20
-99.1184
 10
504.7787
 20
-97.92439999999999
 10
504.1827
 20
-97.92439999999999
  0
TEXT
  5
6C7
330
17
100
AcDbEntity
  8
PLAN-CORTE-TEXTOS
100
AcDbText
 10
504.4807
 20
-97.78439999999999
 30
0.0
 40
0.06
  1
M-37
 72
1
 11
504.4807
 21
-97.78439999999999
 31
0.0
100
AcDbText
 73
2
  0
LWPOLYLINE
  5
6C8
330
17
100
AcDbEntity
  8
PLAN-CORTE-RECORTES
100
AcDbPolyline
 90
4
 70
1
 10
504.1827
 20
-99.1184
 10
504.62170000000003
 20
-99.1184
 10
504.62170000000003
 20
-98.5184
 10
504.1827
 20
-98.5184
  0
TEXT
  5
6C9
330
17
100
AcDbEntity
  8
PLAN-CORTE-TEXTOS
100
AcDbText
 10
504.4022
 20
-98.8184
 30
0.0
 40
0.035
  1
PB-M-117
 50
90.0
 72
1
 11
504.4022
 21
-98.8184
 31
0.0
100
AcDbText
 73
2
  0
LWPOLYLINE
  5
6CA
330
17
100
AcDbEntity
  8
PLAN-CORTE-RECORTES
100
AcDbPolyline
 90
4
 70
1
 10
504.62170000000003
 20
-99.1184
 10
504.75770000000006
 20
-99.1184
 10
504.75770000000006
 20
-98.64739999999999
 10
504.62170000000003
 20
-98.64739999999999
  0
TEXT
  5
6CB
330
17
100
AcDbEntity
  8
PLAN-CORTE-TEXTOS
100
AcDbText
 10
504.6897
 20
-98.88289999999999
 30
0.0
 40
0.021102150537634406
  1
PB-M-085 (DE SOBRA DE PB-M-117)
 50
90.0
 72
1
 11
504.6897
 21
-98.88289999999999
 31
0.0
100
AcDbText
 73
2
  0
LWPOLYLINE
  5
6CC
330
17
100
AcDbEntity
  8
PLAN-CORTE-SOBRANTES
100
AcDbPolyline
 90
4
 70
1
 10
504.1827
 20
-98.5184
 10
504.7787
 20
-98.5184
 10
504.7787
 20
-97.9244
 10
504.1827
 20
-97.9244
  0
TEXT
  5
6CD
330
17
100
AcDbEntity
  8
PLAN-CORTE-TEXTOS
100
AcDbText
 10
504.4807
 20
-98.2214
 30
0.0
 40
0.028380952380952378
  1
SOBRA 0.596x0.594 -> GUARDAR
 72
1
 11
504.4807
 21
-98.2214
 31
0.0
100
AcDbText
 73
2
  0
LWPOLYLINE
  5
6CE
330
17
100
AcDbEntity
  8
PLAN-CORTE-SOBRANTES
100
AcDbPolyline
 90
4
 70
1
 10
504.62170000000003
 20
-98.64739999999999
 10
504.7787
 20
-98.64739999999999
 10
504.7787
 20
-98.51839999999999
 10
504.62170000000003
 20
-98.51839999999999
  0
TEXT
  5
6CF
330
17
100
AcDbEntity
  8
PLAN-CORTE-TEXTOS
100
AcDbText
 10
504.70020000000005
 20
-98.5829
 30
0.0
 40
0.041866666666666656
  1
SOBRA
 72
1
 11
504.70020000000005
 21
-98.5829
 31
0.0
100
AcDbText
 73
2
  0
LWPOLYLINE
  5
6D0
330
17
100
AcDbEntity
  8
PLAN-CORTE-DESPERDICIO
100
AcDbPolyline
 90
4
 70
1
 10
504.7577
 20
-99.1184
 10
504.7787
 20
-99.1184
 10
504.7787
 20
-98.64739999999999
 10
504.7577
 20
-98.64739999999999
  0
LWPOLYLINE
  5
6D1
330
17
100
AcDbEntity
  8
PLAN-CORTE-PIEZAS-A-ABRIR
100
AcDbPolyline
 90
4
 70
1
 10
505.2287
 20
-99.1184
 10
505.8247
 20
-99.1184
 10
505.8247
 20
-97.92439999999999
 10
505.2287
 20
-97.92439999999999
  0
TEXT
  5
6D2
330
17
100
AcDbEntity
  8
PLAN-CORTE-TEXTOS
100
AcDbText
 10
505.5267
 20
-97.78439999999999
 30
0.0
 40
0.06
  1
M-38
 72
1
 11
505.5267
 21
-97.78439999999999
 31
0.0
100
AcDbText
 73
2
  0
LWPOLYLINE
  5
6D3
330
17
100
AcDbEntity
  8
PLAN-CORTE-RECORTES
100
AcDbPolyline
 90
4
 70
1
 10
505.2287
 20
-99.1184
 10
505.8247
 20
-99.1184
 10
505.8247
 20
-98.41839999999999
 10
505.2287
 20
-98.41839999999999
  0
TEXT
  5
6D4
330
17
100
AcDbEntity
  8
PLAN-CORTE-TEXTOS
100
AcDbText
 10
505.5267
 20
-98.7684
 30
0.0
 40
0.035
  1
D1-R2
 50
90.0
 72
1
 11
505.5267
 21
-98.7684
 31
0.0
100
AcDbText
 73
2
  0
LWPOLYLINE
  5
6D5
330
17
100
AcDbEntity
  8
PLAN-CORTE-RECORTES
100
AcDbPolyline
 90
4
 70
1
 10
505.2287
 20
-98.41839999999999
 10
505.8177
 20
-98.41839999999999
 10
505.8177
 20
-98.0884
 10
505.2287
 20
-98.0884
  0
TEXT
  5
6D6
330
17
100
AcDbEntity
  8
PLAN-CORTE-TEXTOS
100
AcDbText
 10
505.52320000000003
 20
-98.25339999999998
 30
0.0
 40
0.029216269841269838
  1
PB-M-088 (DE SOBRA DE D1-R2)
 72
1
 11
505.52320000000003
 21
-98.25339999999998
 31
0.0
100
AcDbText
 73
2
  0
LWPOLYLINE
  5
6D7
330
17
100
AcDbEntity
  8
PLAN-CORTE-SOBRANTES
100
AcDbPolyline
 90
4
 70
1
 10
505.2287
 20
-98.0884
 10
505.8247
 20
-98.0884
 10
505.8247
 20
-97.92439999999999
 10
505.2287
 20
-97.92439999999999
  0
TEXT
  5
6D8
330
17
100
AcDbEntity
  8
PLAN-CORTE-TEXTOS
100
AcDbText
 10
505.5267
 20
-98.0064
 30
0.0
 40
0.028380952380952378
  1
SOBRA 0.596x0.164 -> GUARDAR
 72
1
 11
505.5267
 21
-98.0064
 31
0.0
100
AcDbText
 73
2
  0
LWPOLYLINE
  5
6D9
330
17
100
AcDbEntity
  8
PLAN-CORTE-PIEZAS-A-ABRIR
100
AcDbPolyline
 90
4
 70
1
 10
506.2747
 20
-99.1184
 10
506.8707
 20
-99.1184
 10
506.8707
 20
-97.92439999999999
 10
506.2747
 20
-97.92439999999999
  0
TEXT
  5
6DA
330
17
100
AcDbEntity
  8
PLAN-CORTE-TEXTOS
100
AcDbText
 10
506.5727
 20
-97.78439999999999
 30
0.0
 40
0.06
  1
M-39
 72
1
 11
506.5727
 21
-97.78439999999999
 31
0.0
100
AcDbText
 73
2
  0
LWPOLYLINE
  5
6DB
330
17
100
AcDbEntity
  8
PLAN-CORTE-RECORTES
100
AcDbPolyline
 90
4
 70
1
 10
506.2747
 20
-99.1184
 10
506.4887
 20
-99.1184
 10
506.4887
 20
-98.0504
 10
506.2747
 20
-98.0504
  0
TEXT
  5
6DC
330
17
100
AcDbEntity
  8
PLAN-CORTE-TEXTOS
100
AcDbText
 10
506.3817
 20
-98.58439999999999
 30
0.0
 40
0.035
  1
PB-M-138
 50
90.0
 72
1
 11
506.3817
 21
-98.58439999999999
 31
0.0
100
AcDbText
 73
2
  0
LWPOLYLINE
  5
6DD
330
17
100
AcDbEntity
  8
PLAN-CORTE-RECORTES
100
AcDbPolyline
 90
4
 70
1
 10
506.4887
 20
-99.1184
 10
506.6637
 20
-99.1184
 10
506.6637
 20
-97.96839999999999
 10
506.4887
 20
-97.96839999999999
  0
TEXT
  5
6DE
330
17
100
AcDbEntity
  8
PLAN-CORTE-TEXTOS
100
AcDbText
 10
506.5762
 20
-98.54339999999999
 30
0.0
 40
0.035
  1
P3 (DE SOBRA DE PB-M-138)
 50
90.0
 72
1
 11
506.5762
 21
-98.54339999999999
 31
0.0
100
AcDbText
 73
2
  0
LWPOLYLINE
  5
6DF
330
17
100
AcDbEntity
  8
PLAN-CORTE-RECORTES
100
AcDbPolyline
 90
4
 70
1
 10
506.6637
 20
-99.1184
 10
506.8387
 20
-99.1184
 10
506.8387
 20
-97.96839999999999
 10
506.6637
 20
-97.96839999999999
  0
TEXT
  5
6E0
330
17
100
AcDbEntity
  8
PLAN-CORTE-TEXTOS
100
AcDbText
 10
506.7512
 20
-98.54339999999999
 30
0.0
 40
0.035
  1
P4 (DE SOBRA DE P3)
 50
90.0
 72
1
 11
506.7512
 21
-98.54339999999999
 31
0.0
100
AcDbText
 73
2
  0
LWPOLYLINE
  5
6E1
330
17
100
AcDbEntity
  8
PLAN-CORTE-SOBRANTES
100
AcDbPolyline
 90
4
 70
1
 10
506.2747
 20
-98.0504
 10
506.4887
 20
-98.0504
 10
506.4887
 20
-97.92439999999999
 10
506.2747
 20
-97.92439999999999
  0
TEXT
  5
6E2
330
17
100
AcDbEntity
  8
PLAN-CORTE-TEXTOS
100
AcDbText
 10
506.3817
 20
-97.9874
 30
0.0
 40
0.045
  1
SOBRA
 72
1
 11
506.3817
 21
-97.9874
 31
0.0
100
AcDbText
 73
2
  0
LWPOLYLINE
  5
6E3
330
17
100
AcDbEntity
  8
PLAN-CORTE-DESPERDICIO
100
AcDbPolyline
 90
4
 70
1
 10
506.4887
 20
-97.96839999999999
 10
506.6637
 20
-97.96839999999999
 10
506.6637
 20
-97.92439999999999
 10
506.4887
 20
-97.92439999999999
  0
LWPOLYLINE
  5
6E4
330
17
100
AcDbEntity
  8
PLAN-CORTE-DESPERDICIO
100
AcDbPolyline
 90
4
 70
1
 10
506.8387
 20
-99.1184
 10
506.8707
 20
-99.1184
 10
506.8707
 20
-97.92439999999999
 10
506.8387
 20
-97.92439999999999
  0
LWPOLYLINE
  5
6E5
330
17
100
AcDbEntity
  8
PLAN-CORTE-DESPERDICIO
100
AcDbPolyline
 90
4
 70
1
 10
506.6637
 20
-97.96839999999999
 10
506.8387
 20
-97.96839999999999
 10
506.8387
 20
-97.92439999999999
 10
506.6637
 20
-97.92439999999999
  0
LWPOLYLINE
  5
6E6
330
17
100
AcDbEntity
  8
PLAN-CORTE-PIEZAS-A-ABRIR
100
AcDbPolyline
 90
4
 70
1
 10
507.3207
 20
-99.1184
 10
507.9167
 20
-99.1184
 10
507.9167
 20
-97.92439999999999
 10
507.3207
 20
-97.92439999999999
  0
TEXT
  5
6E7
330
17
100
AcDbEntity
  8
PLAN-CORTE-TEXTOS
100
AcDbText
 10
507.6187
 20
-97.78439999999999
 30
0.0
 40
0.06
  1
M-40
 72
1
 11
507.6187
 21
-97.78439999999999
 31
0.0
100
AcDbText
 73
2
  0
LWPOLYLINE
  5
6E8
330
17
100
AcDbEntity
  8
PLAN-CORTE-RECORTES
100
AcDbPolyline
 90
4
 70
1
 10
507.3207
 20
-99.1184
 10
507.9167
 20
-99.1184
 10
507.9167
 20
-97.9264
 10
507.3207
 20
-97.9264
  0
TEXT
  5
6E9
330
17
100
AcDbEntity
  8
PLAN-CORTE-TEXTOS
100
AcDbText
 10
507.6187
 20
-98.52239999999999
 30
0.0
 40
0.035
  1
PB-M-083
 50
90.0
 72
1
 11
507.6187
 21
-98.52239999999999
 31
0.0
100
AcDbText
 73
2
  0
LWPOLYLINE
  5
6EA
330
17
100
AcDbEntity
  8
PLAN-CORTE-PIEZAS-A-ABRIR
100
AcDbPolyline
 90
4
 70
1
 10
508.3667
 20
-99.1184
 10
508.9627
 20
-99.1184
 10
508.9627
 20
-97.92439999999999
 10
508.3667
 20
-97.92439999999999
  0
TEXT
  5
6EB
330
17
100
AcDbEntity
  8
PLAN-CORTE-TEXTOS
100
AcDbText
 10
508.6647
 20
-97.78439999999999
 30
0.0
 40
0.06
  1
M-41
 72
1
 11
508.6647
 21
-97.78439999999999
 31
0.0
100
AcDbText
 73
2
  0
LWPOLYLINE
  5
6EC
330
17
100
AcDbEntity
  8
PLAN-CORTE-RECORTES
100
AcDbPolyline
 90
4
 70
1
 10
508.3667
 20
-99.1184
 10
508.7607
 20
-99.1184
 10
508.7607
 20
-97.92439999999999
 10
508.3667
 20
-97.92439999999999
  0
TEXT
  5
6ED
330
17
100
AcDbEntity
  8
PLAN-CORTE-TEXTOS
100
AcDbText
 10
508.5637
 20
-98.5214
 30
0.0
 40
0.035
  1
PB-M-014
 50
90.0
 72
1
 11
508.5637
 21
-98.5214
 31
0.0
100
AcDbText
 73
2
  0
LWPOLYLINE
  5
6EE
330
17
100
AcDbEntity
  8
PLAN-CORTE-RECORTES
100
AcDbPolyline
 90
4
 70
1
 10
508.7607
 20
-99.1184
 10
508.9427
 20
-99.1184
 10
508.9427
 20
-97.99839999999999
 10
508.7607
 20
-97.99839999999999
  0
TEXT
  5
6EF
330
17
100
AcDbEntity
  8
PLAN-CORTE-TEXTOS
100
AcDbText
 10
508.8517
 20
-98.55839999999999
 30
0.0
 40
0.035
  1
PB-M-122 (DE SOBRA DE PB-M-014)
 50
90.0
 72
1
 11
508.8517
 21
-98.55839999999999
 31
0.0
100
AcDbText
 73
2
  0
LWPOLYLINE
  5
6F0
330
17
100
AcDbEntity
  8
PLAN-CORTE-DESPERDICIO
100
AcDbPolyline
 90
4
 70
1
 10
508.9427
 20
-99.1184
 10
508.9627
 20
-99.1184
 10
508.9627
 20
-97.92439999999999
 10
508.9427
 20
-97.92439999999999
  0
LWPOLYLINE
  5
6F1
330
17
100
AcDbEntity
  8
PLAN-CORTE-DESPERDICIO
100
AcDbPolyline
 90
4
 70
1
 10
508.7607
 20
-97.99839999999999
 10
508.9427
 20
-97.99839999999999
 10
508.9427
 20
-97.92439999999999
 10
508.7607
 20
-97.92439999999999
  0
LWPOLYLINE
  5
6F2
330
17
100
AcDbEntity
  8
PLAN-CORTE-PIEZAS-A-ABRIR
100
AcDbPolyline
 90
4
 70
1
 10
509.41270000000003
 20
-99.1184
 10
510.00870000000003
 20
-99.1184
 10
510.00870000000003
 20
-97.92439999999999
 10
509.41270000000003
 20
-97.92439999999999
  0
TEXT
  5
6F3
330
17
100
AcDbEntity
  8
PLAN-CORTE-TEXTOS
100
AcDbText
 10
509.71070000000003
 20
-97.78439999999999
 30
0.0
 40
0.06
  1
M-42
 72
1
 11
509.71070000000003
 21
-97.78439999999999
 31
0.0
100
AcDbText
 73
2
  0
LWPOLYLINE
  5
6F4
330
17
100
AcDbEntity
  8
PLAN-CORTE-RECORTES
100
AcDbPolyline
 90
4
 70
1
 10
509.41270000000003
 20
-99.1184
 10
509.80670000000003
 20
-99.1184
 10
509.80670000000003
 20
-98.0444
 10
509.41270000000003
 20
-98.0444
  0
TEXT
  5
6F5
330
17
100
AcDbEntity
  8
PLAN-CORTE-TEXTOS
100
AcDbText
 10
509.60970000000003
 20
-98.58139999999999
 30
0.0
 40
0.035
  1
PB-M-017
 50
90.0
 72
1
 11
509.60970000000003
 21
-98.58139999999999
 31
0.0
100
AcDbText
 73
2
  0
LWPOLYLINE
  5
6F6
330
17
100
AcDbEntity
  8
PLAN-CORTE-RECORTES
100
AcDbPolyline
 90
4
 70
1
 10
509.80670000000003
 20
-99.1184
 10
509.98170000000005
 20
-99.1184
 10
509.98170000000005
 20
-97.96839999999999
 10
509.80670000000003
 20
-97.96839999999999
  0
TEXT
  5
6F7
330
17
100
AcDbEntity
  8
PLAN-CORTE-TEXTOS
100
AcDbText
 10
509.8942
 20
-98.54339999999999
 30
0.0
 40
0.035
  1
P2 (DE SOBRA DE PB-M-017)
 50
90.0
 72
1
 11
509.8942
 21
-98.54339999999999
 31
0.0
100
AcDbText
 73
2
  0
LWPOLYLINE
  5
6F8
330
17
100
AcDbEntity
  8
PLAN-CORTE-SOBRANTES
100
AcDbPolyline
 90
4
 70
1
 10
509.41270000000003
 20
-98.0444
 10
509.80670000000003
 20
-98.0444
 10
509.80670000000003
 20
-97.92439999999999
 10
509.41270000000003
 20
-97.92439999999999
  0
TEXT
  5
6F9
330
17
100
AcDbEntity
  8
PLAN-CORTE-TEXTOS
100
AcDbText
 10
509.60970000000003
 20
-97.9844
 30
0.0
 40
0.03283333333333333
  1
SOBRA 0.394x0.12
 72
1
 11
509.60970000000003
 21
-97.9844
 31
0.0
100
AcDbText
 73
2
  0
LWPOLYLINE
  5
6FA
330
17
100
AcDbEntity
  8
PLAN-CORTE-DESPERDICIO
100
AcDbPolyline
 90
4
 70
1
 10
509.98170000000005
 20
-99.1184
 10
510.00870000000003
 20
-99.1184
 10
510.00870000000003
 20
-97.92439999999999
 10
509.98170000000005
 20
-97.92439999999999
  0
LWPOLYLINE
  5
6FB
330
17
100
AcDbEntity
  8
PLAN-CORTE-DESPERDICIO
100
AcDbPolyline
 90
4
 70
1
 10
509.80670000000003
 20
-97.96839999999999
 10
509.98170000000005
 20
-97.96839999999999
 10
509.98170000000005
 20
-97.92439999999999
 10
509.80670000000003
 20
-97.92439999999999
  0
LWPOLYLINE
  5
6FC
330
17
100
AcDbEntity
  8
PLAN-CORTE-PIEZAS-A-ABRIR
100
AcDbPolyline
 90
4
 70
1
 10
510.4587
 20
-99.1184
 10
511.0547
 20
-99.1184
 10
511.0547
 20
-97.92439999999999
 10
510.4587
 20
-97.92439999999999
  0
TEXT
  5
6FD
330
17
100
AcDbEntity
  8
PLAN-CORTE-TEXTOS
100
AcDbText
 10
510.7567
 20
-97.78439999999999
 30
0.0
 40
0.06
  1
M-43
 72
1
 11
510.7567
 21
-97.78439999999999
 31
0.0
100
AcDbText
 73
2
  0
LWPOLYLINE
  5
6FE
330
17
100
AcDbEntity
  8
PLAN-CORTE-RECORTES
100
AcDbPolyline
 90
4
 70
1
 10
510.4587
 20
-99.1184
 10
511.0547
 20
-99.1184
 10
511.0547
 20
-98.0504
 10
510.4587
 20
-98.0504
  0
TEXT
  5
6FF
330
17
100
AcDbEntity
  8
PLAN-CORTE-TEXTOS
100
AcDbText
 10
510.7567
 20
-98.58439999999999
 30
0.0
 40
0.035
  1
PB-M-137
 50
90.0
 72
1
 11
510.7567
 21
-98.58439999999999
 31
0.0
100
AcDbText
 73
2
  0
LWPOLYLINE
  5
700
330
17
100
AcDbEntity
  8
PLAN-CORTE-SOBRANTES
100
AcDbPolyline
 90
4
 70
1
 10
510.4587
 20
-98.0504
 10
511.0547
 20
-98.0504
 10
511.0547
 20
-97.92439999999999
 10
510.4587
 20
-97.92439999999999
  0
TEXT
  5
701
330
17
100
AcDbEntity
  8
PLAN-CORTE-TEXTOS
100
AcDbText
 10
510.7567
 20
-97.9874
 30
0.0
 40
0.028380952380952378
  1
SOBRA 0.596x0.126 -> GUARDAR
 72
1
 11
510.7567
 21
-97.9874
 31
0.0
100
AcDbText
 73
2
  0
LWPOLYLINE
  5
702
330
17
100
AcDbEntity
  8
PLAN-CORTE-PIEZAS-A-ABRIR
100
AcDbPolyline
 90
4
 70
1
 10
511.5047
 20
-99.1184
 10
512.1007
 20
-99.1184
 10
512.1007
 20
-97.92439999999999
 10
511.5047
 20
-97.92439999999999
  0
TEXT
  5
703
330
17
100
AcDbEntity
  8
PLAN-CORTE-TEXTOS
100
AcDbText
 10
511.8027
 20
-97.78439999999999
 30
0.0
 40
0.06
  1
M-44
 72
1
 11
511.8027
 21
-97.78439999999999
 31
0.0
100
AcDbText
 73
2
  0
LWPOLYLINE
  5
704
330
17
100
AcDbEntity
  8
PLAN-CORTE-RECORTES
100
AcDbPolyline
 90
4
 70
1
 10
511.5047
 20
-99.1184
 10
512.1007
 20
-99.1184
 10
512.1007
 20
-97.9724
 10
511.5047
 20
-97.9724
  0
TEXT
  5
705
330
17
100
AcDbEntity
  8
PLAN-CORTE-TEXTOS
100
AcDbText
 10
511.8027
 20
-98.5454
 30
0.0
 40
0.035
  1
PB-M-039
 50
90.0
 72
1
 11
511.8027
 21
-98.5454
 31
0.0
100
AcDbText
 73
2
  0
LWPOLYLINE
  5
706
330
17
100
AcDbEntity
  8
PLAN-CORTE-DESPERDICIO
100
AcDbPolyline
 90
4
 70
1
 10
511.5047
 20
-97.9724
 10
512.1007
 20
-97.9724
 10
512.1007
 20
-97.92439999999999
 10
511.5047
 20
-97.92439999999999
  0
LWPOLYLINE
  5
707
330
17
100
AcDbEntity
  8
PLAN-CORTE-PIEZAS-A-ABRIR
100
AcDbPolyline
 90
4
 70
1
 10
489.5387
 20
-101.0124
 10
490.1347
 20
-101.0124
 10
490.1347
 20
-99.8184
 10
489.5387
 20
-99.8184
  0
TEXT
  5
708
330
17
100
AcDbEntity
  8
PLAN-CORTE-TEXTOS
100
AcDbText
 10
489.8367
 20
-99.6784
 30
0.0
 40
0.06
  1
M-45
 72
1
 11
489.8367
 21
-99.6784
 31
0.0
100
AcDbText
 73
2
  0
LWPOLYLINE
  5
709
330
17
100
AcDbEntity
  8
PLAN-CORTE-RECORTES
100
AcDbPolyline
 90
4
 70
1
 10
489.5387
 20
-101.0124
 10
489.9777
 20
-101.0124
 10
489.9777
 20
-100.4124
 10
489.5387
 20
-100.4124
  0
TEXT
  5
70A
330
17
100
AcDbEntity
  8
PLAN-CORTE-TEXTOS
100
AcDbText
 10
489.7582
 20
-100.7124
 30
0.0
 40
0.035
  1
PB-M-116
 50
90.0
 72
1
 11
489.7582
 21
-100.7124
 31
0.0
100
AcDbText
 73
2
  0
LWPOLYLINE
  5
70B
330
17
100
AcDbEntity
  8
PLAN-CORTE-RECORTES
100
AcDbPolyline
 90
4
 70
1
 10
489.9777
 20
-101.0124
 10
490.11370000000005
 20
-101.0124
 10
490.11370000000005
 20
-100.5734
 10
489.9777
 20
-100.5734
  0
TEXT
  5
70C
330
17
100
AcDbEntity
  8
PLAN-CORTE-TEXTOS
100
AcDbText
 10
490.0457
 20
-100.7929
 30
0.0
 40
0.019668458781362006
  1
PB-M-114 (DE SOBRA DE PB-M-116)
 50
90.0
 72
1
 11
490.0457
 21
-100.7929
 31
0.0
100
AcDbText
 73
2
  0
LWPOLYLINE
  5
70D
330
17
100
AcDbEntity
  8
PLAN-CORTE-SOBRANTES
100
AcDbPolyline
 90
4
 70
1
 10
489.5387
 20
-100.4124
 10
490.1347
 20
-100.4124
 10
490.1347
 20
-99.81840000000001
 10
489.5387
 20
-99.81840000000001
  0
TEXT
  5
70E
330
17
100
AcDbEntity
  8
PLAN-CORTE-TEXTOS
100
AcDbText
 10
489.8367
 20
-100.11540000000001
 30
0.0
 40
0.028380952380952378
  1
SOBRA 0.596x0.594 -> GUARDAR
 72
1
 11
489.8367
 21
-100.11540000000001
 31
0.0
100
AcDbText
 73
2
  0
LWPOLYLINE
  5
70F
330
17
100
AcDbEntity
  8
PLAN-CORTE-SOBRANTES
100
AcDbPolyline
 90
4
 70
1
 10
489.9777
 20
-100.5734
 10
490.1347
 20
-100.5734
 10
490.1347
 20
-100.4124
 10
489.9777
 20
-100.4124
  0
TEXT
  5
710
330
17
100
AcDbEntity
  8
PLAN-CORTE-TEXTOS
100
AcDbText
 10
490.05620000000005
 20
-100.4929
 30
0.0
 40
0.04293333333333333
  1
SOBRA
 50
90.0
 72
1
 11
490.05620000000005
 21
-100.4929
 31
0.0
100
AcDbText
 73
2
  0
LWPOLYLINE
  5
711
330
17
100
AcDbEntity
  8
PLAN-CORTE-DESPERDICIO
100
AcDbPolyline
 90
4
 70
1
 10
490.1137
 20
-101.0124
 10
490.1347
 20
-101.0124
 10
490.1347
 20
-100.5734
 10
490.1137
 20
-100.5734
  0
LWPOLYLINE
  5
712
330
17
100
AcDbEntity
  8
PLAN-CORTE-PIEZAS-A-ABRIR
100
AcDbPolyline
 90
4
 70
1
 10
490.5847
 20
-101.0124
 10
491.1807
 20
-101.0124
 10
491.1807
 20
-99.8184
 10
490.5847
 20
-99.8184
  0
TEXT
  5
713
330
17
100
AcDbEntity
  8
PLAN-CORTE-TEXTOS
100
AcDbText
 10
490.8827
 20
-99.6784
 30
0.0
 40
0.06
  1
M-46
 72
1
 11
490.8827
 21
-99.6784
 31
0.0
100
AcDbText
 73
2
  0
LWPOLYLINE
  5
714
330
17
100
AcDbEntity
  8
PLAN-CORTE-RECORTES
100
AcDbPolyline
 90
4
 70
1
 10
490.5847
 20
-101.0124
 10
491.1807
 20
-101.0124
 10
491.1807
 20
-99.9384
 10
490.5847
 20
-99.9384
  0
TEXT
  5
715
330
17
100
AcDbEntity
  8
PLAN-CORTE-TEXTOS
100
AcDbText
 10
490.8827
 20
-100.4754
 30
0.0
 40
0.035
  1
PB-M-016
 50
90.0
 72
1
 11
490.8827
 21
-100.4754
 31
0.0
100
AcDbText
 73
2
  0
LWPOLYLINE
  5
716
330
17
100
AcDbEntity
  8
PLAN-CORTE-SOBRANTES
100
AcDbPolyline
 90
4
 70
1
 10
490.5847
 20
-99.9384
 10
491.1807
 20
-99.9384
 10
491.1807
 20
-99.8184
 10
490.5847
 20
-99.8184
  0
TEXT
  5
717
330
17
100
AcDbEntity
  8
PLAN-CORTE-TEXTOS
100
AcDbText
 10
490.8827
 20
-99.8784
 30
0.0
 40
0.029432098765432096
  1
SOBRA 0.596x0.12 -> GUARDAR
 72
1
 11
490.8827
 21
-99.8784
 31
0.0
100
AcDbText
 73
2
  0
LWPOLYLINE
  5
718
330
17
100
AcDbEntity
  8
PLAN-CORTE-PIEZAS-A-ABRIR
100
AcDbPolyline
 90
4
 70
1
 10
491.6307
 20
-101.0124
 10
492.2267
 20
-101.0124
 10
492.2267
 20
-99.8184
 10
491.6307
 20
-99.8184
  0
TEXT
  5
719
330
17
100
AcDbEntity
  8
PLAN-CORTE-TEXTOS
100
AcDbText
 10
491.9287
 20
-99.6784
 30
0.0
 40
0.06
  1
M-47
 72
1
 11
491.9287
 21
-99.6784
 31
0.0
100
AcDbText
 73
2
  0
LWPOLYLINE
  5
71A
330
17
100
AcDbEntity
  8
PLAN-CORTE-RECORTES
100
AcDbPolyline
 90
4
 70
1
 10
491.6307
 20
-101.0124
 10
492.2267
 20
-101.0124
 10
492.2267
 20
-99.8924
 10
491.6307
 20
-99.8924
  0
TEXT
  5
71B
330
17
100
AcDbEntity
  8
PLAN-CORTE-TEXTOS
100
AcDbText
 10
491.9287
 20
-100.4524
 30
0.0
 40
0.035
  1
PB-M-120
 50
90.0
 72
1
 11
491.9287
 21
-100.4524
 31
0.0
100
AcDbText
 73
2
  0
LWPOLYLINE
  5
71C
330
17
100
AcDbEntity
  8
PLAN-CORTE-DESPERDICIO
100
AcDbPolyline
 90
4
 70
1
 10
491.6307
 20
-99.8924
 10
492.2267
 20
-99.8924
 10
492.2267
 20
-99.8184
 10
491.6307
 20
-99.8184
  0
LWPOLYLINE
  5
71D
330
17
100
AcDbEntity
  8
PLAN-CORTE-PIEZAS-A-ABRIR
100
AcDbPolyline
 90
4
 70
1
 10
492.6767
 20
-101.0124
 10
493.2727
 20
-101.0124
 10
493.2727
 20
-99.8184
 10
492.6767
 20
-99.8184
  0
TEXT
  5
71E
330
17
100
AcDbEntity
  8
PLAN-CORTE-TEXTOS
100
AcDbText
 10
492.9747
 20
-99.6784
 30
0.0
 40
0.06
  1
M-48
 72
1
 11
492.9747
 21
-99.6784
 31
0.0
100
AcDbText
 73
2
  0
LWPOLYLINE
  5
71F
330
17
100
AcDbEntity
  8
PLAN-CORTE-RECORTES
100
AcDbPolyline
 90
4
 70
1
 10
492.6767
 20
-101.0124
 10
493.2727
 20
-101.0124
 10
493.2727
 20
-99.9444
 10
492.6767
 20
-99.9444
  0
TEXT
  5
720
330
17
100
AcDbEntity
  8
PLAN-CORTE-TEXTOS
100
AcDbText
 10
492.9747
 20
-100.4784
 30
0.0
 40
0.035
  1
PB-M-136
 50
90.0
 72
1
 11
492.9747
 21
-100.4784
 31
0.0
100
AcDbText
 73
2
  0
LWPOLYLINE
  5
721
330
17
100
AcDbEntity
  8
PLAN-CORTE-SOBRANTES
100
AcDbPolyline
 90
4
 70
1
 10
492.6767
 20
-99.9444
 10
493.2727
 20
-99.9444
 10
493.2727
 20
-99.8184
 10
492.6767
 20
-99.8184
  0
TEXT
  5
722
330
17
100
AcDbEntity
  8
PLAN-CORTE-TEXTOS
100
AcDbText
 10
492.9747
 20
-99.8814
 30
0.0
 40
0.028380952380952378
  1
SOBRA 0.596x0.126 -> GUARDAR
 72
1
 11
492.9747
 21
-99.8814
 31
0.0
100
AcDbText
 73
2
  0
LWPOLYLINE
  5
723
330
17
100
AcDbEntity
  8
PLAN-CORTE-PIEZAS-A-ABRIR
100
AcDbPolyline
 90
4
 70
1
 10
493.72270000000003
 20
-101.0124
 10
494.31870000000004
 20
-101.0124
 10
494.31870000000004
 20
-99.8184
 10
493.72270000000003
 20
-99.8184
  0
TEXT
  5
724
330
17
100
AcDbEntity
  8
PLAN-CORTE-TEXTOS
100
AcDbText
 10
494.02070000000003
 20
-99.6784
 30
0.0
 40
0.06
  1
M-49
 72
1
 11
494.02070000000003
 21
-99.6784
 31
0.0
100
AcDbText
 73
2
  0
LWPOLYLINE
  5
725
330
17
100
AcDbEntity
  8
PLAN-CORTE-RECORTES
100
AcDbPolyline
 90
4
 70
1
 10
493.72270000000003
 20
-101.0124
 10
494.31870000000004
 20
-101.0124
 10
494.31870000000004
 20
-99.8664
 10
493.72270000000003
 20
-99.8664
  0
TEXT
  5
726
330
17
100
AcDbEntity
  8
PLAN-CORTE-TEXTOS
100
AcDbText
 10
494.02070000000003
 20
-100.4394
 30
0.0
 40
0.035
  1
PB-M-038
 50
90.0
 72
1
 11
494.02070000000003
 21
-100.4394
 31
0.0
100
AcDbText
 73
2
  0
LWPOLYLINE
  5
727
330
17
100
AcDbEntity
  8
PLAN-CORTE-DESPERDICIO
100
AcDbPolyline
 90
4
 70
1
 10
493.72270000000003
 20
-99.8664
 10
494.31870000000004
 20
-99.8664
 10
494.31870000000004
 20
-99.8184
 10
493.72270000000003
 20
-99.8184
  0
LWPOLYLINE
  5
728
330
17
100
AcDbEntity
  8
PLAN-CORTE-PIEZAS-A-ABRIR
100
AcDbPolyline
 90
4
 70
1
 10
494.7687
 20
-101.0124
 10
495.3647
 20
-101.0124
 10
495.3647
 20
-99.8184
 10
494.7687
 20
-99.8184
  0
TEXT
  5
729
330
17
100
AcDbEntity
  8
PLAN-CORTE-TEXTOS
100
AcDbText
 10
495.0667
 20
-99.6784
 30
0.0
 40
0.06
  1
M-50
 72
1
 11
495.0667
 21
-99.6784
 31
0.0
100
AcDbText
 73
2
  0
LWPOLYLINE
  5
72A
330
17
100
AcDbEntity
  8
PLAN-CORTE-RECORTES
100
AcDbPolyline
 90
4
 70
1
 10
494.7687
 20
-101.0124
 10
495.3647
 20
-101.0124
 10
495.3647
 20
-99.8984
 10
494.7687
 20
-99.8984
  0
TEXT
  5
72B
330
17
100
AcDbEntity
  8
PLAN-CORTE-TEXTOS
100
AcDbText
 10
495.0667
 20
-100.4554
 30
0.0
 40
0.035
  1
PB-M-028
 50
90.0
 72
1
 11
495.0667
 21
-100.4554
 31
0.0
100
AcDbText
 73
2
  0
LWPOLYLINE
  5
72C
330
17
100
AcDbEntity
  8
PLAN-CORTE-DESPERDICIO
100
AcDbPolyline
 90
4
 70
1
 10
494.7687
 20
-99.8984
 10
495.3647
 20
-99.8984
 10
495.3647
 20
-99.8184
 10
494.7687
 20
-99.8184
  0
LWPOLYLINE
  5
72D
330
17
100
AcDbEntity
  8
PLAN-CORTE-PIEZAS-A-ABRIR
100
AcDbPolyline
 90
4
 70
1
 10
495.8147
 20
-101.0124
 10
496.4107
 20
-101.0124
 10
496.4107
 20
-99.8184
 10
495.8147
 20
-99.8184
  0
TEXT
  5
72E
330
17
100
AcDbEntity
  8
PLAN-CORTE-TEXTOS
100
AcDbText
 10
496.1127
 20
-99.6784
 30
0.0
 40
0.06
  1
M-51
 72
1
 11
496.1127
 21
-99.6784
 31
0.0
100
AcDbText
 73
2
  0
LWPOLYLINE
  5
72F
330
17
100
AcDbEntity
  8
PLAN-CORTE-RECORTES
100
AcDbPolyline
 90
4
 70
1
 10
495.8147
 20
-101.0124
 10
496.25370000000004
 20
-101.0124
 10
496.25370000000004
 20
-100.4124
 10
495.8147
 20
-100.4124
  0
TEXT
  5
730
330
17
100
AcDbEntity
  8
PLAN-CORTE-TEXTOS
100
AcDbText
 10
496.0342
 20
-100.7124
 30
0.0
 40
0.035
  1
PB-M-115
 50
90.0
 72
1
 11
496.0342
 21
-100.7124
 31
0.0
100
AcDbText
 73
2
  0
LWPOLYLINE
  5
731
330
17
100
AcDbEntity
  8
PLAN-CORTE-SOBRANTES
100
AcDbPolyline
 90
4
 70
1
 10
495.8147
 20
-100.4124
 10
496.4107
 20
-100.4124
 10
496.4107
 20
-99.81840000000001
 10
495.8147
 20
-99.81840000000001
  0
TEXT
  5
732
330
17
100
AcDbEntity
  8
PLAN-CORTE-TEXTOS
100
AcDbText
 10
496.1127
 20
-100.11540000000001
 30
0.0
 40
0.028380952380952378
  1
SOBRA 0.596x0.594 -> GUARDAR
 72
1
 11
496.1127
 21
-100.11540000000001
 31
0.0
100
AcDbText
 73
2
  0
LWPOLYLINE
  5
733
330
17
100
AcDbEntity
  8
PLAN-CORTE-SOBRANTES
100
AcDbPolyline
 90
4
 70
1
 10
496.25370000000004
 20
-101.0124
 10
496.4107
 20
-101.0124
 10
496.4107
 20
-100.4124
 10
496.25370000000004
 20
-100.4124
  0
TEXT
  5
734
330
17
100
AcDbEntity
  8
PLAN-CORTE-TEXTOS
100
AcDbText
 10
496.33220000000006
 20
-100.7124
 30
0.0
 40
0.030769230769230767
  1
SOBRA 0.157x0.6 -> GUARDAR
 50
90.0
 72
1
 11
496.33220000000006
 21
-100.7124
 31
0.0
100
AcDbText
 73
2
  0
LWPOLYLINE
  5
735
330
17
100
AcDbEntity
  8
PLAN-CORTE-PIEZAS-A-ABRIR
100
AcDbPolyline
 90
4
 70
1
 10
496.8607
 20
-101.0124
 10
497.4567
 20
-101.0124
 10
497.4567
 20
-99.8184
 10
496.8607
 20
-99.8184
  0
TEXT
  5
736
330
17
100
AcDbEntity
  8
PLAN-CORTE-TEXTOS
100
AcDbText
 10
497.1587
 20
-99.6784
 30
0.0
 40
0.06
  1
M-52
 72
1
 11
497.1587
 21
-99.6784
 31
0.0
100
AcDbText
 73
2
  0
LWPOLYLINE
  5
737
330
17
100
AcDbEntity
  8
PLAN-CORTE-RECORTES
100
AcDbPolyline
 90
4
 70
1
 10
496.8607
 20
-101.0124
 10
497.4567
 20
-101.0124
 10
497.4567
 20
-99.8204
 10
496.8607
 20
-99.8204
  0
TEXT
  5
738
330
17
100
AcDbEntity
  8
PLAN-CORTE-TEXTOS
100
AcDbText
 10
497.1587
 20
-100.4164
 30
0.0
 40
0.035
  1
PB-M-081
 50
90.0
 72
1
 11
497.1587
 21
-100.4164
 31
0.0
100
AcDbText
 73
2
  0
LWPOLYLINE
  5
739
330
17
100
AcDbEntity
  8
PLAN-CORTE-PIEZAS-A-ABRIR
100
AcDbPolyline
 90
4
 70
1
 10
497.9067
 20
-101.0124
 10
498.5027
 20
-101.0124
 10
498.5027
 20
-99.8184
 10
497.9067
 20
-99.8184
  0
TEXT
  5
73A
330
17
100
AcDbEntity
  8
PLAN-CORTE-TEXTOS
100
AcDbText
 10
498.2047
 20
-99.6784
 30
0.0
 40
0.06
  1
M-53
 72
1
 11
498.2047
 21
-99.6784
 31
0.0
100
AcDbText
 73
2
  0
LWPOLYLINE
  5
73B
330
17
100
AcDbEntity
  8
PLAN-CORTE-RECORTES
100
AcDbPolyline
 90
4
 70
1
 10
497.9067
 20
-101.0124
 10
498.5027
 20
-101.0124
 10
498.5027
 20
-99.9444
 10
497.9067
 20
-99.9444
  0
TEXT
  5
73C
330
17
100
AcDbEntity
  8
PLAN-CORTE-TEXTOS
100
AcDbText
 10
498.2047
 20
-100.4784
 30
0.0
 40
0.035
  1
PB-M-135
 50
90.0
 72
1
 11
498.2047
 21
-100.4784
 31
0.0
100
AcDbText
 73
2
  0
LWPOLYLINE
  5
73D
330
17
100
AcDbEntity
  8
PLAN-CORTE-SOBRANTES
100
AcDbPolyline
 90
4
 70
1
 10
497.9067
 20
-99.9444
 10
498.5027
 20
-99.9444
 10
498.5027
 20
-99.8184
 10
497.9067
 20
-99.8184
  0
TEXT
  5
73E
330
17
100
AcDbEntity
  8
PLAN-CORTE-TEXTOS
100
AcDbText
 10
498.2047
 20
-99.8814
 30
0.0
 40
0.028380952380952378
  1
SOBRA 0.596x0.126 -> GUARDAR
 72
1
 11
498.2047
 21
-99.8814
 31
0.0
100
AcDbText
 73
2
  0
LWPOLYLINE
  5
73F
330
17
100
AcDbEntity
  8
PLAN-CORTE-PIEZAS-A-ABRIR
100
AcDbPolyline
 90
4
 70
1
 10
498.9527
 20
-101.0124
 10
499.5487
 20
-101.0124
 10
499.5487
 20
-99.8184
 10
498.9527
 20
-99.8184
  0
TEXT
  5
740
330
17
100
AcDbEntity
  8
PLAN-CORTE-TEXTOS
100
AcDbText
 10
499.2507
 20
-99.6784
 30
0.0
 40
0.06
  1
M-54
 72
1
 11
499.2507
 21
-99.6784
 31
0.0
100
AcDbText
 73
2
  0
LWPOLYLINE
  5
741
330
17
100
AcDbEntity
  8
PLAN-CORTE-RECORTES
100
AcDbPolyline
 90
4
 70
1
 10
498.9527
 20
-101.0124
 10
499.5487
 20
-101.0124
 10
499.5487
 20
-99.83239999999999
 10
498.9527
 20
-99.83239999999999
  0
TEXT
  5
742
330
17
100
AcDbEntity
  8
PLAN-CORTE-TEXTOS
100
AcDbText
 10
499.2507
 20
-100.4224
 30
0.0
 40
0.035
  1
PB-M-134
 50
90.0
 72
1
 11
499.2507
 21
-100.4224
 31
0.0
100
AcDbText
 73
2
  0
LWPOLYLINE
  5
743
330
17
100
AcDbEntity
  8
PLAN-CORTE-DESPERDICIO
100
AcDbPolyline
 90
4
 70
1
 10
498.9527
 20
-99.83239999999999
 10
499.5487
 20
-99.83239999999999
 10
499.5487
 20
-99.8184
 10
498.9527
 20
-99.8184
  0
LWPOLYLINE
  5
744
330
17
100
AcDbEntity
  8
PLAN-CORTE-PIEZAS-A-ABRIR
100
AcDbPolyline
 90
4
 70
1
 10
499.9987
 20
-101.0124
 10
500.5947
 20
-101.0124
 10
500.5947
 20
-99.8184
 10
499.9987
 20
-99.8184
  0
TEXT
  5
745
330
17
100
AcDbEntity
  8
PLAN-CORTE-TEXTOS
100
AcDbText
 10
500.2967
 20
-99.6784
 30
0.0
 40
0.06
  1
M-55
 72
1
 11
500.2967
 21
-99.6784
 31
0.0
100
AcDbText
 73
2
  0
LWPOLYLINE
  5
746
330
17
100
AcDbEntity
  8
PLAN-CORTE-RECORTES
100
AcDbPolyline
 90
4
 70
1
 10
499.9987
 20
-101.0124
 10
500.5947
 20
-101.0124
 10
500.5947
 20
-99.8664
 10
499.9987
 20
-99.8664
  0
TEXT
  5
747
330
17
100
AcDbEntity
  8
PLAN-CORTE-TEXTOS
100
AcDbText
 10
500.2967
 20
-100.4394
 30
0.0
 40
0.035
  1
PB-M-037
 50
90.0
 72
1
 11
500.2967
 21
-100.4394
 31
0.0
100
AcDbText
 73
2
  0
LWPOLYLINE
  5
748
330
17
100
AcDbEntity
  8
PLAN-CORTE-DESPERDICIO
100
AcDbPolyline
 90
4
 70
1
 10
499.9987
 20
-99.8664
 10
500.5947
 20
-99.8664
 10
500.5947
 20
-99.8184
 10
499.9987
 20
-99.8184
  0
LWPOLYLINE
  5
749
330
17
100
AcDbEntity
  8
PLAN-CORTE-PIEZAS-A-ABRIR
100
AcDbPolyline
 90
4
 70
1
 10
501.04470000000003
 20
-101.0124
 10
501.64070000000004
 20
-101.0124
 10
501.64070000000004
 20
-99.8184
 10
501.04470000000003
 20
-99.8184
  0
TEXT
  5
74A
330
17
100
AcDbEntity
  8
PLAN-CORTE-TEXTOS
100
AcDbText
 10
501.34270000000004
 20
-99.6784
 30
0.0
 40
0.06
  1
M-56
 72
1
 11
501.34270000000004
 21
-99.6784
 31
0.0
100
AcDbText
 73
2
  0
LWPOLYLINE
  5
74B
330
17
100
AcDbEntity
  8
PLAN-CORTE-RECORTES
100
AcDbPolyline
 90
4
 70
1
 10
501.04470000000003
 20
-101.0124
 10
501.3287
 20
-101.0124
 10
501.3287
 20
-99.8184
 10
501.04470000000003
 20
-99.8184
  0
TEXT
  5
74C
330
17
100
AcDbEntity
  8
PLAN-CORTE-TEXTOS
100
AcDbText
 10
501.18670000000003
 20
-100.4154
 30
0.0
 40
0.035
  1
PB-M-098
 50
90.0
 72
1
 11
501.18670000000003
 21
-100.4154
 31
0.0
100
AcDbText
 73
2
  0
LWPOLYLINE
  5
74D
330
17
100
AcDbEntity
  8
PLAN-CORTE-RECORTES
100
AcDbPolyline
 90
4
 70
1
 10
501.3287
 20
-101.0124
 10
501.6127
 20
-101.0124
 10
501.6127
 20
-99.8184
 10
501.3287
 20
-99.8184
  0
TEXT
  5
74E
330
17
100
AcDbEntity
  8
PLAN-CORTE-TEXTOS
100
AcDbText
 10
501.4707
 20
-100.4154
 30
0.0
 40
0.035
  1
PB-M-113 (DE SOBRA DE PB-M-098)
 50
90.0
 72
1
 11
501.4707
 21
-100.4154
 31
0.0
100
AcDbText
 73
2
  0
LWPOLYLINE
  5
74F
330
17
100
AcDbEntity
  8
PLAN-CORTE-DESPERDICIO
100
AcDbPolyline
 90
4
 70
1
 10
501.6127
 20
-101.0124
 10
501.64070000000004
 20
-101.0124
 10
501.64070000000004
 20
-99.8184
 10
501.6127
 20
-99.8184
  0
LWPOLYLINE
  5
750
330
17
100
AcDbEntity
  8
PLAN-CORTE-PIEZAS-A-ABRIR
100
AcDbPolyline
 90
4
 70
1
 10
502.0907
 20
-101.0124
 10
502.68670000000003
 20
-101.0124
 10
502.68670000000003
 20
-99.8184
 10
502.0907
 20
-99.8184
  0
TEXT
  5
751
330
17
100
AcDbEntity
  8
PLAN-CORTE-TEXTOS
100
AcDbText
 10
502.38870000000003
 20
-99.6784
 30
0.0
 40
0.06
  1
M-57
 72
1
 11
502.38870000000003
 21
-99.6784
 31
0.0
100
AcDbText
 73
2
  0
LWPOLYLINE
  5
752
330
17
100
AcDbEntity
  8
PLAN-CORTE-RECORTES
100
AcDbPolyline
 90
4
 70
1
 10
502.0907
 20
-101.0124
 10
502.68670000000003
 20
-101.0124
 10
502.68670000000003
 20
-99.8984
 10
502.0907
 20
-99.8984
  0
TEXT
  5
753
330
17
100
AcDbEntity
  8
PLAN-CORTE-TEXTOS
100
AcDbText
 10
502.38870000000003
 20
-100.4554
 30
0.0
 40
0.035
  1
PB-M-027
 50
90.0
 72
1
 11
502.38870000000003
 21
-100.4554
 31
0.0
100
AcDbText
 73
2
  0
LWPOLYLINE
  5
754
330
17
100
AcDbEntity
  8
PLAN-CORTE-DESPERDICIO
100
AcDbPolyline
 90
4
 70
1
 10
502.0907
 20
-99.8984
 10
502.68670000000003
 20
-99.8984
 10
502.68670000000003
 20
-99.8184
 10
502.0907
 20
-99.8184
  0
LWPOLYLINE
  5
755
330
17
100
AcDbEntity
  8
PLAN-CORTE-PIEZAS-A-ABRIR
100
AcDbPolyline
 90
4
 70
1
 10
503.1367
 20
-101.0124
 10
503.7327
 20
-101.0124
 10
503.7327
 20
-99.8184
 10
503.1367
 20
-99.8184
  0
TEXT
  5
756
330
17
100
AcDbEntity
  8
PLAN-CORTE-TEXTOS
100
AcDbText
 10
503.4347
 20
-99.6784
 30
0.0
 40
0.06
  1
M-58
 72
1
 11
503.4347
 21
-99.6784
 31
0.0
100
AcDbText
 73
2
  0
LWPOLYLINE
  5
757
330
17
100
AcDbEntity
  8
PLAN-CORTE-RECORTES
100
AcDbPolyline
 90
4
 70
1
 10
503.1367
 20
-101.0124
 10
503.7327
 20
-101.0124
 10
503.7327
 20
-99.8184
 10
503.1367
 20
-99.8184
  0
TEXT
  5
758
330
17
100
AcDbEntity
  8
PLAN-CORTE-TEXTOS
100
AcDbText
 10
503.4347
 20
-100.4154
 30
0.0
 40
0.035
  1
PB-M-133
 50
90.0
 72
1
 11
503.4347
 21
-100.4154
 31
0.0
100
AcDbText
 73
2
  0
LWPOLYLINE
  5
759
330
17
100
AcDbEntity
  8
PLAN-CORTE-PIEZAS-A-ABRIR
100
AcDbPolyline
 90
4
 70
1
 10
504.1827
 20
-101.0124
 10
504.7787
 20
-101.0124
 10
504.7787
 20
-99.8184
 10
504.1827
 20
-99.8184
  0
TEXT
  5
75A
330
17
100
AcDbEntity
  8
PLAN-CORTE-TEXTOS
100
AcDbText
 10
504.4807
 20
-99.6784
 30
0.0
 40
0.06
  1
M-59
 72
1
 11
504.4807
 21
-99.6784
 31
0.0
100
AcDbText
 73
2
  0
LWPOLYLINE
  5
75B
330
17
100
AcDbEntity
  8
PLAN-CORTE-RECORTES
100
AcDbPolyline
 90
4
 70
1
 10
504.1827
 20
-101.0124
 10
504.7787
 20
-101.0124
 10
504.7787
 20
-99.8664
 10
504.1827
 20
-99.8664
  0
TEXT
  5
75C
330
17
100
AcDbEntity
  8
PLAN-CORTE-TEXTOS
100
AcDbText
 10
504.4807
 20
-100.4394
 30
0.0
 40
0.035
  1
PB-M-036
 50
90.0
 72
1
 11
504.4807
 21
-100.4394
 31
0.0
100
AcDbText
 73
2
  0
LWPOLYLINE
  5
75D
330
17
100
AcDbEntity
  8
PLAN-CORTE-DESPERDICIO
100
AcDbPolyline
 90
4
 70
1
 10
504.1827
 20
-99.8664
 10
504.7787
 20
-99.8664
 10
504.7787
 20
-99.8184
 10
504.1827
 20
-99.8184
  0
LWPOLYLINE
  5
75E
330
17
100
AcDbEntity
  8
PLAN-CORTE-PIEZAS-A-ABRIR
100
AcDbPolyline
 90
4
 70
1
 10
505.2287
 20
-101.0124
 10
505.8247
 20
-101.0124
 10
505.8247
 20
-99.8184
 10
505.2287
 20
-99.8184
  0
TEXT
  5
75F
330
17
100
AcDbEntity
  8
PLAN-CORTE-TEXTOS
100
AcDbText
 10
505.5267
 20
-99.6784
 30
0.0
 40
0.06
  1
M-60
 72
1
 11
505.5267
 21
-99.6784
 31
0.0
100
AcDbText
 73
2
  0
LWPOLYLINE
  5
760
330
17
100
AcDbEntity
  8
PLAN-CORTE-RECORTES
100
AcDbPolyline
 90
4
 70
1
 10
505.2287
 20
-101.0124
 10
505.8247
 20
-101.0124
 10
505.8247
 20
-99.8984
 10
505.2287
 20
-99.8984
  0
TEXT
  5
761
330
17
100
AcDbEntity
  8
PLAN-CORTE-TEXTOS
100
AcDbText
 10
505.5267
 20
-100.4554
 30
0.0
 40
0.035
  1
PB-M-026
 50
90.0
 72
1
 11
505.5267
 21
-100.4554
 31
0.0
100
AcDbText
 73
2
  0
LWPOLYLINE
  5
762
330
17
100
AcDbEntity
  8
PLAN-CORTE-DESPERDICIO
100
AcDbPolyline
 90
4
 70
1
 10
505.2287
 20
-99.8984
 10
505.8247
 20
-99.8984
 10
505.8247
 20
-99.8184
 10
505.2287
 20
-99.8184
  0
LWPOLYLINE
  5
763
330
17
100
AcDbEntity
  8
PLAN-CORTE-PIEZAS-A-ABRIR
100
AcDbPolyline
 90
4
 70
1
 10
506.2747
 20
-101.0124
 10
506.8707
 20
-101.0124
 10
506.8707
 20
-99.8184
 10
506.2747
 20
-99.8184
  0
TEXT
  5
764
330
17
100
AcDbEntity
  8
PLAN-CORTE-TEXTOS
100
AcDbText
 10
506.5727
 20
-99.6784
 30
0.0
 40
0.06
  1
M-61
 72
1
 11
506.5727
 21
-99.6784
 31
0.0
100
AcDbText
 73
2
  0
LWPOLYLINE
  5
765
330
17
100
AcDbEntity
  8
PLAN-CORTE-RECORTES
100
AcDbPolyline
 90
4
 70
1
 10
506.2747
 20
-101.0124
 10
506.8707
 20
-101.0124
 10
506.8707
 20
-99.8984
 10
506.2747
 20
-99.8984
  0
TEXT
  5
766
330
17
100
AcDbEntity
  8
PLAN-CORTE-TEXTOS
100
AcDbText
 10
506.5727
 20
-100.4554
 30
0.0
 40
0.035
  1
PB-M-025
 50
90.0
 72
1
 11
506.5727
 21
-100.4554
 31
0.0
100
AcDbText
 73
2
  0
LWPOLYLINE
  5
767
330
17
100
AcDbEntity
  8
PLAN-CORTE-DESPERDICIO
100
AcDbPolyline
 90
4
 70
1
 10
506.2747
 20
-99.8984
 10
506.8707
 20
-99.8984
 10
506.8707
 20
-99.8184
 10
506.2747
 20
-99.8184
  0
LWPOLYLINE
  5
768
330
17
100
AcDbEntity
  8
PLAN-CORTE-PIEZAS-A-ABRIR
100
AcDbPolyline
 90
4
 70
1
 10
507.3207
 20
-101.0124
 10
507.9167
 20
-101.0124
 10
507.9167
 20
-99.8184
 10
507.3207
 20
-99.8184
  0
TEXT
  5
769
330
17
100
AcDbEntity
  8
PLAN-CORTE-TEXTOS
100
AcDbText
 10
507.6187
 20
-99.6784
 30
0.0
 40
0.06
  1
M-62
 72
1
 11
507.6187
 21
-99.6784
 31
0.0
100
AcDbText
 73
2
  0
LWPOLYLINE
  5
76A
330
17
100
AcDbEntity
  8
PLAN-CORTE-RECORTES
100
AcDbPolyline
 90
4
 70
1
 10
507.3207
 20
-101.0124
 10
507.9167
 20
-101.0124
 10
507.9167
 20
-99.8664
 10
507.3207
 20
-99.8664
  0
TEXT
  5
76B
330
17
100
AcDbEntity
  8
PLAN-CORTE-TEXTOS
100
AcDbText
 10
507.6187
 20
-100.4394
 30
0.0
 40
0.035
  1
PB-M-035
 50
90.0
 72
1
 11
507.6187
 21
-100.4394
 31
0.0
100
AcDbText
 73
2
  0
LWPOLYLINE
  5
76C
330
17
100
AcDbEntity
  8
PLAN-CORTE-DESPERDICIO
100
AcDbPolyline
 90
4
 70
1
 10
507.3207
 20
-99.8664
 10
507.9167
 20
-99.8664
 10
507.9167
 20
-99.8184
 10
507.3207
 20
-99.8184
  0
LWPOLYLINE
  5
76D
330
17
100
AcDbEntity
  8
PLAN-CORTE-PIEZAS-A-ABRIR
100
AcDbPolyline
 90
4
 70
1
 10
508.3667
 20
-101.0124
 10
508.9627
 20
-101.0124
 10
508.9627
 20
-99.8184
 10
508.3667
 20
-99.8184
  0
TEXT
  5
76E
330
17
100
AcDbEntity
  8
PLAN-CORTE-TEXTOS
100
AcDbText
 10
508.6647
 20
-99.6784
 30
0.0
 40
0.06
  1
M-63
 72
1
 11
508.6647
 21
-99.6784
 31
0.0
100
AcDbText
 73
2
  0
LWPOLYLINE
  5
76F
330
17
100
AcDbEntity
  8
PLAN-CORTE-RECORTES
100
AcDbPolyline
 90
4
 70
1
 10
508.3667
 20
-101.0124
 10
508.9627
 20
-101.0124
 10
508.9627
 20
-99.8244
 10
508.3667
 20
-99.8244
  0
TEXT
  5
770
330
17
100
AcDbEntity
  8
PLAN-CORTE-TEXTOS
100
AcDbText
 10
508.6647
 20
-100.4184
 30
0.0
 40
0.035
  1
PB-M-147
 50
90.0
 72
1
 11
508.6647
 21
-100.4184
 31
0.0
100
AcDbText
 73
2
  0
LWPOLYLINE
  5
771
330
17
100
AcDbEntity
  8
PLAN-CORTE-PIEZAS-A-ABRIR
100
AcDbPolyline
 90
4
 70
1
 10
509.41270000000003
 20
-101.0124
 10
510.00870000000003
 20
-101.0124
 10
510.00870000000003
 20
-99.8184
 10
509.41270000000003
 20
-99.8184
  0
TEXT
  5
772
330
17
100
AcDbEntity
  8
PLAN-CORTE-TEXTOS
100
AcDbText
 10
509.71070000000003
 20
-99.6784
 30
0.0
 40
0.06
  1
M-64
 72
1
 11
509.71070000000003
 21
-99.6784
 31
0.0
100
AcDbText
 73
2
  0
LWPOLYLINE
  5
773
330
17
100
AcDbEntity
  8
PLAN-CORTE-RECORTES
100
AcDbPolyline
 90
4
 70
1
 10
509.41270000000003
 20
-101.0124
 10
510.00870000000003
 20
-101.0124
 10
510.00870000000003
 20
-99.8984
 10
509.41270000000003
 20
-99.8984
  0
TEXT
  5
774
330
17
100
AcDbEntity
  8
PLAN-CORTE-TEXTOS
100
AcDbText
 10
509.71070000000003
 20
-100.4554
 30
0.0
 40
0.035
  1
PB-M-024
 50
90.0
 72
1
 11
509.71070000000003
 21
-100.4554
 31
0.0
100
AcDbText
 73
2
  0
LWPOLYLINE
  5
775
330
17
100
AcDbEntity
  8
PLAN-CORTE-DESPERDICIO
100
AcDbPolyline
 90
4
 70
1
 10
509.41270000000003
 20
-99.8984
 10
510.00870000000003
 20
-99.8984
 10
510.00870000000003
 20
-99.8184
 10
509.41270000000003
 20
-99.8184
  0
LWPOLYLINE
  5
776
330
17
100
AcDbEntity
  8
PLAN-CORTE-PIEZAS-A-ABRIR
100
AcDbPolyline
 90
4
 70
1
 10
510.4587
 20
-101.0124
 10
511.0547
 20
-101.0124
 10
511.0547
 20
-99.8184
 10
510.4587
 20
-99.8184
  0
TEXT
  5
777
330
17
100
AcDbEntity
  8
PLAN-CORTE-TEXTOS
100
AcDbText
 10
510.7567
 20
-99.6784
 30
0.0
 40
0.06
  1
M-65
 72
1
 11
510.7567
 21
-99.6784
 31
0.0
100
AcDbText
 73
2
  0
LWPOLYLINE
  5
778
330
17
100
AcDbEntity
  8
PLAN-CORTE-RECORTES
100
AcDbPolyline
 90
4
 70
1
 10
510.4587
 20
-101.0124
 10
511.0547
 20
-101.0124
 10
511.0547
 20
-99.9264
 10
510.4587
 20
-99.9264
  0
TEXT
  5
779
330
17
100
AcDbEntity
  8
PLAN-CORTE-TEXTOS
100
AcDbText
 10
510.7567
 20
-100.4694
 30
0.0
 40
0.035
  1
PB-M-040
 50
90.0
 72
1
 11
510.7567
 21
-100.4694
 31
0.0
100
AcDbText
 73
2
  0
LWPOLYLINE
  5
77A
330
17
100
AcDbEntity
  8
PLAN-CORTE-SOBRANTES
100
AcDbPolyline
 90
4
 70
1
 10
510.4587
 20
-99.9264
 10
511.0547
 20
-99.9264
 10
511.0547
 20
-99.8184
 10
510.4587
 20
-99.8184
  0
TEXT
  5
77B
330
17
100
AcDbEntity
  8
PLAN-CORTE-TEXTOS
100
AcDbText
 10
510.7567
 20
-99.8724
 30
0.0
 40
0.028380952380952378
  1
SOBRA 0.596x0.108 -> GUARDAR
 72
1
 11
510.7567
 21
-99.8724
 31
0.0
100
AcDbText
 73
2
  0
LWPOLYLINE
  5
77C
330
17
100
AcDbEntity
  8
PLAN-CORTE-PIEZAS-A-ABRIR
100
AcDbPolyline
 90
4
 70
1
 10
511.5047
 20
-101.0124
 10
512.1007
 20
-101.0124
 10
512.1007
 20
-99.8184
 10
511.5047
 20
-99.8184
  0
TEXT
  5
77D
330
17
100
AcDbEntity
  8
PLAN-CORTE-TEXTOS
100
AcDbText
 10
511.8027
 20
-99.6784
 30
0.0
 40
0.06
  1
M-66
 72
1
 11
511.8027
 21
-99.6784
 31
0.0
100
AcDbText
 73
2
  0
LWPOLYLINE
  5
77E
330
17
100
AcDbEntity
  8
PLAN-CORTE-RECORTES
100
AcDbPolyline
 90
4
 70
1
 10
511.5047
 20
-101.0124
 10
512.1007
 20
-101.0124
 10
512.1007
 20
-100.0044
 10
511.5047
 20
-100.0044
  0
TEXT
  5
77F
330
17
100
AcDbEntity
  8
PLAN-CORTE-TEXTOS
100
AcDbText
 10
511.8027
 20
-100.5084
 30
0.0
 40
0.035
  1
PB-M-146
 50
90.0
 72
1
 11
511.8027
 21
-100.5084
 31
0.0
100
AcDbText
 73
2
  0
LWPOLYLINE
  5
780
330
17
100
AcDbEntity
  8
PLAN-CORTE-SOBRANTES
100
AcDbPolyline
 90
4
 70
1
 10
511.5047
 20
-100.0044
 10
512.1007
 20
-100.0044
 10
512.1007
 20
-99.8184
 10
511.5047
 20
-99.8184
  0
TEXT
  5
781
330
17
100
AcDbEntity
  8
PLAN-CORTE-TEXTOS
100
AcDbText
 10
511.8027
 20
-99.9114
 30
0.0
 40
0.028380952380952378
  1
SOBRA 0.596x0.186 -> GUARDAR
 72
1
 11
511.8027
 21
-99.9114
 31
0.0
100
AcDbText
 73
2
  0
LWPOLYLINE
  5
782
330
17
100
AcDbEntity
  8
PLAN-CORTE-PIEZAS-A-ABRIR
100
AcDbPolyline
 90
4
 70
1
 10
489.5387
 20
-102.90639999999999
 10
490.1347
 20
-102.90639999999999
 10
490.1347
 20
-101.71239999999999
 10
489.5387
 20
-101.71239999999999
  0
TEXT
  5
783
330
17
100
AcDbEntity
  8
PLAN-CORTE-TEXTOS
100
AcDbText
 10
489.8367
 20
-101.57239999999999
 30
0.0
 40
0.06
  1
M-67
 72
1
 11
489.8367
 21
-101.57239999999999
 31
0.0
100
AcDbText
 73
2
  0
LWPOLYLINE
  5
784
330
17
100
AcDbEntity
  8
PLAN-CORTE-RECORTES
100
AcDbPolyline
 90
4
 70
1
 10
489.5387
 20
-102.90639999999999
 10
490.1347
 20
-102.90639999999999
 10
490.1347
 20
-101.83239999999999
 10
489.5387
 20
-101.83239999999999
  0
TEXT
  5
785
330
17
100
AcDbEntity
  8
PLAN-CORTE-TEXTOS
100
AcDbText
 10
489.8367
 20
-102.36939999999998
 30
0.0
 40
0.035
  1
PB-M-015
 50
90.0
 72
1
 11
489.8367
 21
-102.36939999999998
 31
0.0
100
AcDbText
 73
2
  0
LWPOLYLINE
  5
786
330
17
100
AcDbEntity
  8
PLAN-CORTE-SOBRANTES
100
AcDbPolyline
 90
4
 70
1
 10
489.5387
 20
-101.83239999999999
 10
490.1347
 20
-101.83239999999999
 10
490.1347
 20
-101.71239999999999
 10
489.5387
 20
-101.71239999999999
  0
TEXT
  5
787
330
17
100
AcDbEntity
  8
PLAN-CORTE-TEXTOS
100
AcDbText
 10
489.8367
 20
-101.77239999999999
 30
0.0
 40
0.029432098765432096
  1
SOBRA 0.596x0.12 -> GUARDAR
 72
1
 11
489.8367
 21
-101.77239999999999
 31
0.0
100
AcDbText
 73
2
  0
LWPOLYLINE
  5
788
330
17
100
AcDbEntity
  8
PLAN-CORTE-PIEZAS-A-ABRIR
100
AcDbPolyline
 90
4
 70
1
 10
490.5847
 20
-102.90639999999999
 10
491.1807
 20
-102.90639999999999
 10
491.1807
 20
-101.71239999999999
 10
490.5847
 20
-101.71239999999999
  0
TEXT
  5
789
330
17
100
AcDbEntity
  8
PLAN-CORTE-TEXTOS
100
AcDbText
 10
490.8827
 20
-101.57239999999999
 30
0.0
 40
0.06
  1
M-68
 72
1
 11
490.8827
 21
-101.57239999999999
 31
0.0
100
AcDbText
 73
2
  0
LWPOLYLINE
  5
78A
330
17
100
AcDbEntity
  8
PLAN-CORTE-RECORTES
100
AcDbPolyline
 90
4
 70
1
 10
490.5847
 20
-102.90639999999999
 10
491.1807
 20
-102.90639999999999
 10
491.1807
 20
-101.76039999999999
 10
490.5847
 20
-101.76039999999999
  0
TEXT
  5
78B
330
17
100
AcDbEntity
  8
PLAN-CORTE-TEXTOS
100
AcDbText
 10
490.8827
 20
-102.3334
 30
0.0
 40
0.035
  1
PB-M-034
 50
90.0
 72
1
 11
490.8827
 21
-102.3334
 31
0.0
100
AcDbText
 73
2
  0
LWPOLYLINE
  5
78C
330
17
100
AcDbEntity
  8
PLAN-CORTE-DESPERDICIO
100
AcDbPolyline
 90
4
 70
1
 10
490.5847
 20
-101.76039999999999
 10
491.1807
 20
-101.76039999999999
 10
491.1807
 20
-101.71239999999999
 10
490.5847
 20
-101.71239999999999
  0
LWPOLYLINE
  5
78D
330
17
100
AcDbEntity
  8
PLAN-CORTE-PIEZAS-A-ABRIR
100
AcDbPolyline
 90
4
 70
1
 10
491.6307
 20
-102.90639999999999
 10
492.2267
 20
-102.90639999999999
 10
492.2267
 20
-101.71239999999999
 10
491.6307
 20
-101.71239999999999
  0
TEXT
  5
78E
330
17
100
AcDbEntity
  8
PLAN-CORTE-TEXTOS
100
AcDbText
 10
491.9287
 20
-101.57239999999999
 30
0.0
 40
0.06
  1
M-69
 72
1
 11
491.9287
 21
-101.57239999999999
 31
0.0
100
AcDbText
 73
2
  0
LWPOLYLINE
  5
78F
330
17
100
AcDbEntity
  8
PLAN-CORTE-RECORTES
100
AcDbPolyline
 90
4
 70
1
 10
491.6307
 20
-102.90639999999999
 10
492.2267
 20
-102.90639999999999
 10
492.2267
 20
-101.8984
 10
491.6307
 20
-101.8984
  0
TEXT
  5
790
330
17
100
AcDbEntity
  8
PLAN-CORTE-TEXTOS
100
AcDbText
 10
491.9287
 20
-102.40239999999999
 30
0.0
 40
0.035
  1
PB-M-145
 50
90.0
 72
1
 11
491.9287
 21
-102.40239999999999
 31
0.0
100
AcDbText
 73
2
  0
LWPOLYLINE
  5
791
330
17
100
AcDbEntity
  8
PLAN-CORTE-SOBRANTES
100
AcDbPolyline
 90
4
 70
1
 10
491.6307
 20
-101.8984
 10
492.2267
 20
-101.8984
 10
492.2267
 20
-101.7124
 10
491.6307
 20
-101.7124
  0
TEXT
  5
792
330
17
100
AcDbEntity
  8
PLAN-CORTE-TEXTOS
100
AcDbText
 10
491.9287
 20
-101.80539999999999
 30
0.0
 40
0.028380952380952378
  1
SOBRA 0.596x0.186 -> GUARDAR
 72
1
 11
491.9287
 21
-101.80539999999999
 31
0.0
100
AcDbText
 73
2
  0
LWPOLYLINE
  5
793
330
17
100
AcDbEntity
  8
PLAN-CORTE-PIEZAS-A-ABRIR
100
AcDbPolyline
 90
4
 70
1
 10
492.6767
 20
-102.90639999999999
 10
493.2727
 20
-102.90639999999999
 10
493.2727
 20
-101.71239999999999
 10
492.6767
 20
-101.71239999999999
  0
TEXT
  5
794
330
17
100
AcDbEntity
  8
PLAN-CORTE-TEXTOS
100
AcDbText
 10
492.9747
 20
-101.57239999999999
 30
0.0
 40
0.06
  1
M-70
 72
1
 11
492.9747
 21
-101.57239999999999
 31
0.0
100
AcDbText
 73
2
  0
LWPOLYLINE
  5
795
330
17
100
AcDbEntity
  8
PLAN-CORTE-RECORTES
100
AcDbPolyline
 90
4
 70
1
 10
492.6767
 20
-102.90639999999999
 10
493.2727
 20
-102.90639999999999
 10
493.2727
 20
-101.79239999999999
 10
492.6767
 20
-101.79239999999999
  0
TEXT
  5
796
330
17
100
AcDbEntity
  8
PLAN-CORTE-TEXTOS
100
AcDbText
 10
492.9747
 20
-102.34939999999999
 30
0.0
 40
0.035
  1
PB-M-023
 50
90.0
 72
1
 11
492.9747
 21
-102.34939999999999
 31
0.0
100
AcDbText
 73
2
  0
LWPOLYLINE
  5
797
330
17
100
AcDbEntity
  8
PLAN-CORTE-DESPERDICIO
100
AcDbPolyline
 90
4
 70
1
 10
492.6767
 20
-101.79239999999999
 10
493.2727
 20
-101.79239999999999
 10
493.2727
 20
-101.71239999999999
 10
492.6767
 20
-101.71239999999999
  0
LWPOLYLINE
  5
798
330
17
100
AcDbEntity
  8
PLAN-CORTE-PIEZAS-A-ABRIR
100
AcDbPolyline
 90
4
 70
1
 10
493.72270000000003
 20
-102.90639999999999
 10
494.31870000000004
 20
-102.90639999999999
 10
494.31870000000004
 20
-101.71239999999999
 10
493.72270000000003
 20
-101.71239999999999
  0
TEXT
  5
799
330
17
100
AcDbEntity
  8
PLAN-CORTE-TEXTOS
100
AcDbText
 10
494.02070000000003
 20
-101.57239999999999
 30
0.0
 40
0.06
  1
M-71
 72
1
 11
494.02070000000003
 21
-101.57239999999999
 31
0.0
100
AcDbText
 73
2
  0
LWPOLYLINE
  5
79A
330
17
100
AcDbEntity
  8
PLAN-CORTE-RECORTES
100
AcDbPolyline
 90
4
 70
1
 10
493.72270000000003
 20
-102.90639999999999
 10
494.31870000000004
 20
-102.90639999999999
 10
494.31870000000004
 20
-101.76039999999999
 10
493.72270000000003
 20
-101.76039999999999
  0
TEXT
  5
79B
330
17
100
AcDbEntity
  8
PLAN-CORTE-TEXTOS
100
AcDbText
 10
494.02070000000003
 20
-102.3334
 30
0.0
 40
0.035
  1
PB-M-033
 50
90.0
 72
1
 11
494.02070000000003
 21
-102.3334
 31
0.0
100
AcDbText
 73
2
  0
LWPOLYLINE
  5
79C
330
17
100
AcDbEntity
  8
PLAN-CORTE-DESPERDICIO
100
AcDbPolyline
 90
4
 70
1
 10
493.72270000000003
 20
-101.76039999999999
 10
494.31870000000004
 20
-101.76039999999999
 10
494.31870000000004
 20
-101.71239999999999
 10
493.72270000000003
 20
-101.71239999999999
  0
LWPOLYLINE
  5
79D
330
17
100
AcDbEntity
  8
PLAN-CORTE-PIEZAS-A-ABRIR
100
AcDbPolyline
 90
4
 70
1
 10
494.7687
 20
-102.90639999999999
 10
495.3647
 20
-102.90639999999999
 10
495.3647
 20
-101.71239999999999
 10
494.7687
 20
-101.71239999999999
  0
TEXT
  5
79E
330
17
100
AcDbEntity
  8
PLAN-CORTE-TEXTOS
100
AcDbText
 10
495.0667
 20
-101.57239999999999
 30
0.0
 40
0.06
  1
M-72
 72
1
 11
495.0667
 21
-101.57239999999999
 31
0.0
100
AcDbText
 73
2
  0
LWPOLYLINE
  5
79F
330
17
100
AcDbEntity
  8
PLAN-CORTE-RECORTES
100
AcDbPolyline
 90
4
 70
1
 10
494.7687
 20
-102.90639999999999
 10
495.3647
 20
-102.90639999999999
 10
495.3647
 20
-101.8984
 10
494.7687
 20
-101.8984
  0
TEXT
  5
7A0
330
17
100
AcDbEntity
  8
PLAN-CORTE-TEXTOS
100
AcDbText
 10
495.0667
 20
-102.40239999999999
 30
0.0
 40
0.035
  1
PB-M-144
 50
90.0
 72
1
 11
495.0667
 21
-102.40239999999999
 31
0.0
100
AcDbText
 73
2
  0
LWPOLYLINE
  5
7A1
330
17
100
AcDbEntity
  8
PLAN-CORTE-SOBRANTES
100
AcDbPolyline
 90
4
 70
1
 10
494.7687
 20
-101.8984
 10
495.3647
 20
-101.8984
 10
495.3647
 20
-101.7124
 10
494.7687
 20
-101.7124
  0
TEXT
  5
7A2
330
17
100
AcDbEntity
  8
PLAN-CORTE-TEXTOS
100
AcDbText
 10
495.0667
 20
-101.80539999999999
 30
0.0
 40
0.028380952380952378
  1
SOBRA 0.596x0.186 -> GUARDAR
 72
1
 11
495.0667
 21
-101.80539999999999
 31
0.0
100
AcDbText
 73
2
  0
LWPOLYLINE
  5
7A3
330
17
100
AcDbEntity
  8
PLAN-CORTE-PIEZAS-A-ABRIR
100
AcDbPolyline
 90
4
 70
1
 10
495.8147
 20
-102.90639999999999
 10
496.4107
 20
-102.90639999999999
 10
496.4107
 20
-101.71239999999999
 10
495.8147
 20
-101.71239999999999
  0
TEXT
  5
7A4
330
17
100
AcDbEntity
  8
PLAN-CORTE-TEXTOS
100
AcDbText
 10
496.1127
 20
-101.57239999999999
 30
0.0
 40
0.06
  1
M-73
 72
1
 11
496.1127
 21
-101.57239999999999
 31
0.0
100
AcDbText
 73
2
  0
LWPOLYLINE
  5
7A5
330
17
100
AcDbEntity
  8
PLAN-CORTE-RECORTES
100
AcDbPolyline
 90
4
 70
1
 10
495.8147
 20
-102.90639999999999
 10
496.4107
 20
-102.90639999999999
 10
496.4107
 20
-101.79239999999999
 10
495.8147
 20
-101.79239999999999
  0
TEXT
  5
7A6
330
17
100
AcDbEntity
  8
PLAN-CORTE-TEXTOS
100
AcDbText
 10
496.1127
 20
-102.34939999999999
 30
0.0
 40
0.035
  1
PB-M-022
 50
90.0
 72
1
 11
496.1127
 21
-102.34939999999999
 31
0.0
100
AcDbText
 73
2
  0
LWPOLYLINE
  5
7A7
330
17
100
AcDbEntity
  8
PLAN-CORTE-DESPERDICIO
100
AcDbPolyline
 90
4
 70
1
 10
495.8147
 20
-101.79239999999999
 10
496.4107
 20
-101.79239999999999
 10
496.4107
 20
-101.71239999999999
 10
495.8147
 20
-101.71239999999999
  0
LWPOLYLINE
  5
7A8
330
17
100
AcDbEntity
  8
PLAN-CORTE-PIEZAS-A-ABRIR
100
AcDbPolyline
 90
4
 70
1
 10
496.8607
 20
-102.90639999999999
 10
497.4567
 20
-102.90639999999999
 10
497.4567
 20
-101.71239999999999
 10
496.8607
 20
-101.71239999999999
  0
TEXT
  5
7A9
330
17
100
AcDbEntity
  8
PLAN-CORTE-TEXTOS
100
AcDbText
 10
497.1587
 20
-101.57239999999999
 30
0.0
 40
0.06
  1
M-74
 72
1
 11
497.1587
 21
-101.57239999999999
 31
0.0
100
AcDbText
 73
2
  0
LWPOLYLINE
  5
7AA
330
17
100
AcDbEntity
  8
PLAN-CORTE-RECORTES
100
AcDbPolyline
 90
4
 70
1
 10
496.8607
 20
-102.90639999999999
 10
497.4567
 20
-102.90639999999999
 10
497.4567
 20
-101.76039999999999
 10
496.8607
 20
-101.76039999999999
  0
TEXT
  5
7AB
330
17
100
AcDbEntity
  8
PLAN-CORTE-TEXTOS
100
AcDbText
 10
497.1587
 20
-102.3334
 30
0.0
 40
0.035
  1
PB-M-032
 50
90.0
 72
1
 11
497.1587
 21
-102.3334
 31
0.0
100
AcDbText
 73
2
  0
LWPOLYLINE
  5
7AC
330
17
100
AcDbEntity
  8
PLAN-CORTE-DESPERDICIO
100
AcDbPolyline
 90
4
 70
1
 10
496.8607
 20
-101.76039999999999
 10
497.4567
 20
-101.76039999999999
 10
497.4567
 20
-101.71239999999999
 10
496.8607
 20
-101.71239999999999
  0
LWPOLYLINE
  5
7AD
330
17
100
AcDbEntity
  8
PLAN-CORTE-PIEZAS-A-ABRIR
100
AcDbPolyline
 90
4
 70
1
 10
497.9067
 20
-102.90639999999999
 10
498.5027
 20
-102.90639999999999
 10
498.5027
 20
-101.71239999999999
 10
497.9067
 20
-101.71239999999999
  0
TEXT
  5
7AE
330
17
100
AcDbEntity
  8
PLAN-CORTE-TEXTOS
100
AcDbText
 10
498.2047
 20
-101.57239999999999
 30
0.0
 40
0.06
  1
M-75
 72
1
 11
498.2047
 21
-101.57239999999999
 31
0.0
100
AcDbText
 73
2
  0
LWPOLYLINE
  5
7AF
330
17
100
AcDbEntity
  8
PLAN-CORTE-RECORTES
100
AcDbPolyline
 90
4
 70
1
 10
497.9067
 20
-102.90639999999999
 10
498.5027
 20
-102.90639999999999
 10
498.5027
 20
-101.8984
 10
497.9067
 20
-101.8984
  0
TEXT
  5
7B0
330
17
100
AcDbEntity
  8
PLAN-CORTE-TEXTOS
100
AcDbText
 10
498.2047
 20
-102.40239999999999
 30
0.0
 40
0.035
  1
PB-M-143
 50
90.0
 72
1
 11
498.2047
 21
-102.40239999999999
 31
0.0
100
AcDbText
 73
2
  0
LWPOLYLINE
  5
7B1
330
17
100
AcDbEntity
  8
PLAN-CORTE-SOBRANTES
100
AcDbPolyline
 90
4
 70
1
 10
497.9067
 20
-101.8984
 10
498.5027
 20
-101.8984
 10
498.5027
 20
-101.7124
 10
497.9067
 20
-101.7124
  0
TEXT
  5
7B2
330
17
100
AcDbEntity
  8
PLAN-CORTE-TEXTOS
100
AcDbText
 10
498.2047
 20
-101.80539999999999
 30
0.0
 40
0.028380952380952378
  1
SOBRA 0.596x0.186 -> GUARDAR
 72
1
 11
498.2047
 21
-101.80539999999999
 31
0.0
100
AcDbText
 73
2
  0
LWPOLYLINE
  5
7B3
330
17
100
AcDbEntity
  8
PLAN-CORTE-PIEZAS-A-ABRIR
100
AcDbPolyline
 90
4
 70
1
 10
498.9527
 20
-102.90639999999999
 10
499.5487
 20
-102.90639999999999
 10
499.5487
 20
-101.71239999999999
 10
498.9527
 20
-101.71239999999999
  0
TEXT
  5
7B4
330
17
100
AcDbEntity
  8
PLAN-CORTE-TEXTOS
100
AcDbText
 10
499.2507
 20
-101.57239999999999
 30
0.0
 40
0.06
  1
M-76
 72
1
 11
499.2507
 21
-101.57239999999999
 31
0.0
100
AcDbText
 73
2
  0
LWPOLYLINE
  5
7B5
330
17
100
AcDbEntity
  8
PLAN-CORTE-RECORTES
100
AcDbPolyline
 90
4
 70
1
 10
498.9527
 20
-102.90639999999999
 10
499.5487
 20
-102.90639999999999
 10
499.5487
 20
-101.79239999999999
 10
498.9527
 20
-101.79239999999999
  0
TEXT
  5
7B6
330
17
100
AcDbEntity
  8
PLAN-CORTE-TEXTOS
100
AcDbText
 10
499.2507
 20
-102.34939999999999
 30
0.0
 40
0.035
  1
PB-M-021
 50
90.0
 72
1
 11
499.2507
 21
-102.34939999999999
 31
0.0
100
AcDbText
 73
2
  0
LWPOLYLINE
  5
7B7
330
17
100
AcDbEntity
  8
PLAN-CORTE-DESPERDICIO
100
AcDbPolyline
 90
4
 70
1
 10
498.9527
 20
-101.79239999999999
 10
499.5487
 20
-101.79239999999999
 10
499.5487
 20
-101.71239999999999
 10
498.9527
 20
-101.71239999999999
  0
LWPOLYLINE
  5
7B8
330
17
100
AcDbEntity
  8
PLAN-CORTE-PIEZAS-A-ABRIR
100
AcDbPolyline
 90
4
 70
1
 10
499.9987
 20
-102.90639999999999
 10
500.5947
 20
-102.90639999999999
 10
500.5947
 20
-101.71239999999999
 10
499.9987
 20
-101.71239999999999
  0
TEXT
  5
7B9
330
17
100
AcDbEntity
  8
PLAN-CORTE-TEXTOS
100
AcDbText
 10
500.2967
 20
-101.57239999999999
 30
0.0
 40
0.06
  1
M-77
 72
1
 11
500.2967
 21
-101.57239999999999
 31
0.0
100
AcDbText
 73
2
  0
LWPOLYLINE
  5
7BA
330
17
100
AcDbEntity
  8
PLAN-CORTE-RECORTES
100
AcDbPolyline
 90
4
 70
1
 10
499.9987
 20
-102.90639999999999
 10
500.5947
 20
-102.90639999999999
 10
500.5947
 20
-101.76039999999999
 10
499.9987
 20
-101.76039999999999
  0
TEXT
  5
7BB
330
17
100
AcDbEntity
  8
PLAN-CORTE-TEXTOS
100
AcDbText
 10
500.2967
 20
-102.3334
 30
0.0
 40
0.035
  1
PB-M-031
 50
90.0
 72
1
 11
500.2967
 21
-102.3334
 31
0.0
100
AcDbText
 73
2
  0
LWPOLYLINE
  5
7BC
330
17
100
AcDbEntity
  8
PLAN-CORTE-DESPERDICIO
100
AcDbPolyline
 90
4
 70
1
 10
499.9987
 20
-101.76039999999999
 10
500.5947
 20
-101.76039999999999
 10
500.5947
 20
-101.71239999999999
 10
499.9987
 20
-101.71239999999999
  0
LWPOLYLINE
  5
7BD
330
17
100
AcDbEntity
  8
PLAN-CORTE-PIEZAS-A-ABRIR
100
AcDbPolyline
 90
4
 70
1
 10
501.04470000000003
 20
-102.90639999999999
 10
501.64070000000004
 20
-102.90639999999999
 10
501.64070000000004
 20
-101.71239999999999
 10
501.04470000000003
 20
-101.71239999999999
  0
TEXT
  5
7BE
330
17
100
AcDbEntity
  8
PLAN-CORTE-TEXTOS
100
AcDbText
 10
501.34270000000004
 20
-101.57239999999999
 30
0.0
 40
0.06
  1
M-78
 72
1
 11
501.34270000000004
 21
-101.57239999999999
 31
0.0
100
AcDbText
 73
2
  0
LWPOLYLINE
  5
7BF
330
17
100
AcDbEntity
  8
PLAN-CORTE-RECORTES
100
AcDbPolyline
 90
4
 70
1
 10
501.04470000000003
 20
-102.90639999999999
 10
501.64070000000004
 20
-102.90639999999999
 10
501.64070000000004
 20
-101.8984
 10
501.04470000000003
 20
-101.8984
  0
TEXT
  5
7C0
330
17
100
AcDbEntity
  8
PLAN-CORTE-TEXTOS
100
AcDbText
 10
501.34270000000004
 20
-102.40239999999999
 30
0.0
 40
0.035
  1
PB-M-142
 50
90.0
 72
1
 11
501.34270000000004
 21
-102.40239999999999
 31
0.0
100
AcDbText
 73
2
  0
LWPOLYLINE
  5
7C1
330
17
100
AcDbEntity
  8
PLAN-CORTE-SOBRANTES
100
AcDbPolyline
 90
4
 70
1
 10
501.04470000000003
 20
-101.8984
 10
501.64070000000004
 20
-101.8984
 10
501.64070000000004
 20
-101.7124
 10
501.04470000000003
 20
-101.7124
  0
TEXT
  5
7C2
330
17
100
AcDbEntity
  8
PLAN-CORTE-TEXTOS
100
AcDbText
 10
501.34270000000004
 20
-101.80539999999999
 30
0.0
 40
0.028380952380952378
  1
SOBRA 0.596x0.186 -> GUARDAR
 72
1
 11
501.34270000000004
 21
-101.80539999999999
 31
0.0
100
AcDbText
 73
2
  0
LWPOLYLINE
  5
7C3
330
17
100
AcDbEntity
  8
PLAN-CORTE-PIEZAS-A-ABRIR
100
AcDbPolyline
 90
4
 70
1
 10
502.0907
 20
-102.90639999999999
 10
502.68670000000003
 20
-102.90639999999999
 10
502.68670000000003
 20
-101.71239999999999
 10
502.0907
 20
-101.71239999999999
  0
TEXT
  5
7C4
330
17
100
AcDbEntity
  8
PLAN-CORTE-TEXTOS
100
AcDbText
 10
502.38870000000003
 20
-101.57239999999999
 30
0.0
 40
0.06
  1
M-79
 72
1
 11
502.38870000000003
 21
-101.57239999999999
 31
0.0
100
AcDbText
 73
2
  0
LWPOLYLINE
  5
7C5
330
17
100
AcDbEntity
  8
PLAN-CORTE-RECORTES
100
AcDbPolyline
 90
4
 70
1
 10
502.0907
 20
-102.90639999999999
 10
502.68670000000003
 20
-102.90639999999999
 10
502.68670000000003
 20
-101.79239999999999
 10
502.0907
 20
-101.79239999999999
  0
TEXT
  5
7C6
330
17
100
AcDbEntity
  8
PLAN-CORTE-TEXTOS
100
AcDbText
 10
502.38870000000003
 20
-102.34939999999999
 30
0.0
 40
0.035
  1
PB-M-020
 50
90.0
 72
1
 11
502.38870000000003
 21
-102.34939999999999
 31
0.0
100
AcDbText
 73
2
  0
LWPOLYLINE
  5
7C7
330
17
100
AcDbEntity
  8
PLAN-CORTE-DESPERDICIO
100
AcDbPolyline
 90
4
 70
1
 10
502.0907
 20
-101.79239999999999
 10
502.68670000000003
 20
-101.79239999999999
 10
502.68670000000003
 20
-101.71239999999999
 10
502.0907
 20
-101.71239999999999
  0
LWPOLYLINE
  5
7C8
330
17
100
AcDbEntity
  8
PLAN-CORTE-PIEZAS-A-ABRIR
100
AcDbPolyline
 90
4
 70
1
 10
503.1367
 20
-102.90639999999999
 10
503.7327
 20
-102.90639999999999
 10
503.7327
 20
-101.71239999999999
 10
503.1367
 20
-101.71239999999999
  0
TEXT
  5
7C9
330
17
100
AcDbEntity
  8
PLAN-CORTE-TEXTOS
100
AcDbText
 10
503.4347
 20
-101.57239999999999
 30
0.0
 40
0.06
  1
M-80
 72
1
 11
503.4347
 21
-101.57239999999999
 31
0.0
100
AcDbText
 73
2
  0
LWPOLYLINE
  5
7CA
330
17
100
AcDbEntity
  8
PLAN-CORTE-RECORTES
100
AcDbPolyline
 90
4
 70
1
 10
503.1367
 20
-102.90639999999999
 10
503.7327
 20
-102.90639999999999
 10
503.7327
 20
-101.76039999999999
 10
503.1367
 20
-101.76039999999999
  0
TEXT
  5
7CB
330
17
100
AcDbEntity
  8
PLAN-CORTE-TEXTOS
100
AcDbText
 10
503.4347
 20
-102.3334
 30
0.0
 40
0.035
  1
PB-M-030
 50
90.0
 72
1
 11
503.4347
 21
-102.3334
 31
0.0
100
AcDbText
 73
2
  0
LWPOLYLINE
  5
7CC
330
17
100
AcDbEntity
  8
PLAN-CORTE-DESPERDICIO
100
AcDbPolyline
 90
4
 70
1
 10
503.1367
 20
-101.76039999999999
 10
503.7327
 20
-101.76039999999999
 10
503.7327
 20
-101.71239999999999
 10
503.1367
 20
-101.71239999999999
  0
LWPOLYLINE
  5
7CD
330
17
100
AcDbEntity
  8
PLAN-CORTE-PIEZAS-A-ABRIR
100
AcDbPolyline
 90
4
 70
1
 10
504.1827
 20
-102.90639999999999
 10
504.7787
 20
-102.90639999999999
 10
504.7787
 20
-101.71239999999999
 10
504.1827
 20
-101.71239999999999
  0
TEXT
  5
7CE
330
17
100
AcDbEntity
  8
PLAN-CORTE-TEXTOS
100
AcDbText
 10
504.4807
 20
-101.57239999999999
 30
0.0
 40
0.06
  1
M-81
 72
1
 11
504.4807
 21
-101.57239999999999
 31
0.0
100
AcDbText
 73
2
  0
LWPOLYLINE
  5
7CF
330
17
100
AcDbEntity
  8
PLAN-CORTE-RECORTES
100
AcDbPolyline
 90
4
 70
1
 10
504.1827
 20
-102.90639999999999
 10
504.7787
 20
-102.90639999999999
 10
504.7787
 20
-101.8984
 10
504.1827
 20
-101.8984
  0
TEXT
  5
7D0
330
17
100
AcDbEntity
  8
PLAN-CORTE-TEXTOS
100
AcDbText
 10
504.4807
 20
-102.40239999999999
 30
0.0
 40
0.035
  1
PB-M-141
 50
90.0
 72
1
 11
504.4807
 21
-102.40239999999999
 31
0.0
100
AcDbText
 73
2
  0
LWPOLYLINE
  5
7D1
330
17
100
AcDbEntity
  8
PLAN-CORTE-SOBRANTES
100
AcDbPolyline
 90
4
 70
1
 10
504.1827
 20
-101.8984
 10
504.7787
 20
-101.8984
 10
504.7787
 20
-101.7124
 10
504.1827
 20
-101.7124
  0
TEXT
  5
7D2
330
17
100
AcDbEntity
  8
PLAN-CORTE-TEXTOS
100
AcDbText
 10
504.4807
 20
-101.80539999999999
 30
0.0
 40
0.028380952380952378
  1
SOBRA 0.596x0.186 -> GUARDAR
 72
1
 11
504.4807
 21
-101.80539999999999
 31
0.0
100
AcDbText
 73
2
  0
LWPOLYLINE
  5
7D3
330
17
100
AcDbEntity
  8
PLAN-CORTE-PIEZAS-A-ABRIR
100
AcDbPolyline
 90
4
 70
1
 10
505.2287
 20
-102.90639999999999
 10
505.8247
 20
-102.90639999999999
 10
505.8247
 20
-101.71239999999999
 10
505.2287
 20
-101.71239999999999
  0
TEXT
  5
7D4
330
17
100
AcDbEntity
  8
PLAN-CORTE-TEXTOS
100
AcDbText
 10
505.5267
 20
-101.57239999999999
 30
0.0
 40
0.06
  1
M-82
 72
1
 11
505.5267
 21
-101.57239999999999
 31
0.0
100
AcDbText
 73
2
  0
LWPOLYLINE
  5
7D5
330
17
100
AcDbEntity
  8
PLAN-CORTE-RECORTES
100
AcDbPolyline
 90
4
 70
1
 10
505.2287
 20
-102.90639999999999
 10
505.8247
 20
-102.90639999999999
 10
505.8247
 20
-101.79239999999999
 10
505.2287
 20
-101.79239999999999
  0
TEXT
  5
7D6
330
17
100
AcDbEntity
  8
PLAN-CORTE-TEXTOS
100
AcDbText
 10
505.5267
 20
-102.34939999999999
 30
0.0
 40
0.035
  1
PB-M-019
 50
90.0
 72
1
 11
505.5267
 21
-102.34939999999999
 31
0.0
100
AcDbText
 73
2
  0
LWPOLYLINE
  5
7D7
330
17
100
AcDbEntity
  8
PLAN-CORTE-DESPERDICIO
100
AcDbPolyline
 90
4
 70
1
 10
505.2287
 20
-101.79239999999999
 10
505.8247
 20
-101.79239999999999
 10
505.8247
 20
-101.71239999999999
 10
505.2287
 20
-101.71239999999999
  0
LWPOLYLINE
  5
7D8
330
17
100
AcDbEntity
  8
PLAN-CORTE-PIEZAS-A-ABRIR
100
AcDbPolyline
 90
4
 70
1
 10
506.2747
 20
-102.90639999999999
 10
506.8707
 20
-102.90639999999999
 10
506.8707
 20
-101.71239999999999
 10
506.2747
 20
-101.71239999999999
  0
TEXT
  5
7D9
330
17
100
AcDbEntity
  8
PLAN-CORTE-TEXTOS
100
AcDbText
 10
506.5727
 20
-101.57239999999999
 30
0.0
 40
0.06
  1
M-83
 72
1
 11
506.5727
 21
-101.57239999999999
 31
0.0
100
AcDbText
 73
2
  0
LWPOLYLINE
  5
7DA
330
17
100
AcDbEntity
  8
PLAN-CORTE-RECORTES
100
AcDbPolyline
 90
4
 70
1
 10
506.2747
 20
-102.90639999999999
 10
506.8707
 20
-102.90639999999999
 10
506.8707
 20
-101.76039999999999
 10
506.2747
 20
-101.76039999999999
  0
TEXT
  5
7DB
330
17
100
AcDbEntity
  8
PLAN-CORTE-TEXTOS
100
AcDbText
 10
506.5727
 20
-102.3334
 30
0.0
 40
0.035
  1
PB-M-029
 50
90.0
 72
1
 11
506.5727
 21
-102.3334
 31
0.0
100
AcDbText
 73
2
  0
LWPOLYLINE
  5
7DC
330
17
100
AcDbEntity
  8
PLAN-CORTE-DESPERDICIO
100
AcDbPolyline
 90
4
 70
1
 10
506.2747
 20
-101.76039999999999
 10
506.8707
 20
-101.76039999999999
 10
506.8707
 20
-101.71239999999999
 10
506.2747
 20
-101.71239999999999
  0
LWPOLYLINE
  5
7DD
330
17
100
AcDbEntity
  8
PLAN-CORTE-PIEZAS-A-ABRIR
100
AcDbPolyline
 90
4
 70
1
 10
507.3207
 20
-102.90639999999999
 10
507.9167
 20
-102.90639999999999
 10
507.9167
 20
-101.71239999999999
 10
507.3207
 20
-101.71239999999999
  0
TEXT
  5
7DE
330
17
100
AcDbEntity
  8
PLAN-CORTE-TEXTOS
100
AcDbText
 10
507.6187
 20
-101.57239999999999
 30
0.0
 40
0.06
  1
M-84
 72
1
 11
507.6187
 21
-101.57239999999999
 31
0.0
100
AcDbText
 73
2
  0
LWPOLYLINE
  5
7DF
330
17
100
AcDbEntity
  8
PLAN-CORTE-RECORTES
100
AcDbPolyline
 90
4
 70
1
 10
507.3207
 20
-102.90639999999999
 10
507.9167
 20
-102.90639999999999
 10
507.9167
 20
-101.8984
 10
507.3207
 20
-101.8984
  0
TEXT
  5
7E0
330
17
100
AcDbEntity
  8
PLAN-CORTE-TEXTOS
100
AcDbText
 10
507.6187
 20
-102.40239999999999
 30
0.0
 40
0.035
  1
PB-M-140
 50
90.0
 72
1
 11
507.6187
 21
-102.40239999999999
 31
0.0
100
AcDbText
 73
2
  0
LWPOLYLINE
  5
7E1
330
17
100
AcDbEntity
  8
PLAN-CORTE-SOBRANTES
100
AcDbPolyline
 90
4
 70
1
 10
507.3207
 20
-101.8984
 10
507.9167
 20
-101.8984
 10
507.9167
 20
-101.7124
 10
507.3207
 20
-101.7124
  0
TEXT
  5
7E2
330
17
100
AcDbEntity
  8
PLAN-CORTE-TEXTOS
100
AcDbText
 10
507.6187
 20
-101.80539999999999
 30
0.0
 40
0.028380952380952378
  1
SOBRA 0.596x0.186 -> GUARDAR
 72
1
 11
507.6187
 21
-101.80539999999999
 31
0.0
100
AcDbText
 73
2
  0
LWPOLYLINE
  5
7E3
330
17
100
AcDbEntity
  8
PLAN-CORTE-PIEZAS-A-ABRIR
100
AcDbPolyline
 90
4
 70
1
 10
508.3667
 20
-102.90639999999999
 10
508.9627
 20
-102.90639999999999
 10
508.9627
 20
-101.71239999999999
 10
508.3667
 20
-101.71239999999999
  0
TEXT
  5
7E4
330
17
100
AcDbEntity
  8
PLAN-CORTE-TEXTOS
100
AcDbText
 10
508.6647
 20
-101.57239999999999
 30
0.0
 40
0.06
  1
M-85
 72
1
 11
508.6647
 21
-101.57239999999999
 31
0.0
100
AcDbText
 73
2
  0
LWPOLYLINE
  5
7E5
330
17
100
AcDbEntity
  8
PLAN-CORTE-RECORTES
100
AcDbPolyline
 90
4
 70
1
 10
508.3667
 20
-102.90639999999999
 10
508.9627
 20
-102.90639999999999
 10
508.9627
 20
-101.79239999999999
 10
508.3667
 20
-101.79239999999999
  0
TEXT
  5
7E6
330
17
100
AcDbEntity
  8
PLAN-CORTE-TEXTOS
100
AcDbText
 10
508.6647
 20
-102.34939999999999
 30
0.0
 40
0.035
  1
PB-M-018
 50
90.0
 72
1
 11
508.6647
 21
-102.34939999999999
 31
0.0
100
AcDbText
 73
2
  0
LWPOLYLINE
  5
7E7
330
17
100
AcDbEntity
  8
PLAN-CORTE-DESPERDICIO
100
AcDbPolyline
 90
4
 70
1
 10
508.3667
 20
-101.79239999999999
 10
508.9627
 20
-101.79239999999999
 10
508.9627
 20
-101.71239999999999
 10
508.3667
 20
-101.71239999999999
  0
LWPOLYLINE
  5
7E8
330
17
100
AcDbEntity
  8
PLAN-CORTE-PIEZAS-A-ABRIR
100
AcDbPolyline
 90
4
 70
1
 10
509.41270000000003
 20
-102.90639999999999
 10
510.00870000000003
 20
-102.90639999999999
 10
510.00870000000003
 20
-101.71239999999999
 10
509.41270000000003
 20
-101.71239999999999
  0
TEXT
  5
7E9
330
17
100
AcDbEntity
  8
PLAN-CORTE-TEXTOS
100
AcDbText
 10
509.71070000000003
 20
-101.57239999999999
 30
0.0
 40
0.06
  1
M-86
 72
1
 11
509.71070000000003
 21
-101.57239999999999
 31
0.0
100
AcDbText
 73
2
  0
LWPOLYLINE
  5
7EA
330
17
100
AcDbEntity
  8
PLAN-CORTE-RECORTES
100
AcDbPolyline
 90
4
 70
1
 10
509.41270000000003
 20
-102.90639999999999
 10
509.92870000000005
 20
-102.90639999999999
 10
509.92870000000005
 20
-101.71239999999999
 10
509.41270000000003
 20
-101.71239999999999
  0
TEXT
  5
7EB
330
17
100
AcDbEntity
  8
PLAN-CORTE-TEXTOS
100
AcDbText
 10
509.6707
 20
-102.3094
 30
0.0
 40
0.035
  1
R1-lat-izq
 50
90.0
 72
1
 11
509.6707
 21
-102.3094
 31
0.0
100
AcDbText
 73
2
  0
LWPOLYLINE
  5
7EC
330
17
100
AcDbEntity
  8
PLAN-CORTE-DESPERDICIO
100
AcDbPolyline
 90
4
 70
1
 10
509.92870000000005
 20
-102.90639999999999
 10
510.00870000000003
 20
-102.90639999999999
 10
510.00870000000003
 20
-101.71239999999999
 10
509.92870000000005
 20
-101.71239999999999
  0
LWPOLYLINE
  5
7ED
330
17
100
AcDbEntity
  8
PLAN-CORTE-PIEZAS-A-ABRIR
100
AcDbPolyline
 90
4
 70
1
 10
510.4587
 20
-102.90639999999999
 10
511.0547
 20
-102.90639999999999
 10
511.0547
 20
-101.71239999999999
 10
510.4587
 20
-101.71239999999999
  0
TEXT
  5
7EE
330
17
100
AcDbEntity
  8
PLAN-CORTE-TEXTOS
100
AcDbText
 10
510.7567
 20
-101.57239999999999
 30
0.0
 40
0.06
  1
M-87
 72
1
 11
510.7567
 21
-101.57239999999999
 31
0.0
100
AcDbText
 73
2
  0
LWPOLYLINE
  5
7EF
330
17
100
AcDbEntity
  8
PLAN-CORTE-RECORTES
100
AcDbPolyline
 90
4
 70
1
 10
510.4587
 20
-102.90639999999999
 10
510.97470000000004
 20
-102.90639999999999
 10
510.97470000000004
 20
-101.71239999999999
 10
510.4587
 20
-101.71239999999999
  0
TEXT
  5
7F0
330
17
100
AcDbEntity
  8
PLAN-CORTE-TEXTOS
100
AcDbText
 10
510.7167
 20
-102.3094
 30
0.0
 40
0.035
  1
R1-lat-der
 50
90.0
 72
1
 11
510.7167
 21
-102.3094
 31
0.0
100
AcDbText
 73
2
  0
LWPOLYLINE
  5
7F1
330
17
100
AcDbEntity
  8
PLAN-CORTE-DESPERDICIO
100
AcDbPolyline
 90
4
 70
1
 10
510.97470000000004
 20
-102.90639999999999
 10
511.0547
 20
-102.90639999999999
 10
511.0547
 20
-101.71239999999999
 10
510.97470000000004
 20
-101.71239999999999
  0
LWPOLYLINE
  5
7F2
330
17
100
AcDbEntity
  8
PLAN-CORTE-PIEZAS-A-ABRIR
100
AcDbPolyline
 90
4
 70
1
 10
511.5047
 20
-102.90639999999999
 10
512.1007
 20
-102.90639999999999
 10
512.1007
 20
-101.71239999999999
 10
511.5047
 20
-101.71239999999999
  0
TEXT
  5
7F3
330
17
100
AcDbEntity
  8
PLAN-CORTE-TEXTOS
100
AcDbText
 10
511.8027
 20
-101.57239999999999
 30
0.0
 40
0.06
  1
M-88
 72
1
 11
511.8027
 21
-101.57239999999999
 31
0.0
100
AcDbText
 73
2
  0
LWPOLYLINE
  5
7F4
330
17
100
AcDbEntity
  8
PLAN-CORTE-RECORTES
100
AcDbPolyline
 90
4
 70
1
 10
511.5047
 20
-102.90639999999999
 10
512.0207
 20
-102.90639999999999
 10
512.0207
 20
-101.71239999999999
 10
511.5047
 20
-101.71239999999999
  0
TEXT
  5
7F5
330
17
100
AcDbEntity
  8
PLAN-CORTE-TEXTOS
100
AcDbText
 10
511.7627
 20
-102.3094
 30
0.0
 40
0.035
  1
R2-lat-izq
 50
90.0
 72
1
 11
511.7627
 21
-102.3094
 31
0.0
100
AcDbText
 73
2
  0
LWPOLYLINE
  5
7F6
330
17
100
AcDbEntity
  8
PLAN-CORTE-DESPERDICIO
100
AcDbPolyline
 90
4
 70
1
 10
512.0207
 20
-102.90639999999999
 10
512.1007000000001
 20
-102.90639999999999
 10
512.1007000000001
 20
-101.71239999999999
 10
512.0207
 20
-101.71239999999999
  0
LWPOLYLINE
  5
7F7
330
17
100
AcDbEntity
  8
PLAN-CORTE-PIEZAS-A-ABRIR
100
AcDbPolyline
 90
4
 70
1
 10
489.5387
 20
-104.8004
 10
490.1347
 20
-104.8004
 10
490.1347
 20
-103.6064
 10
489.5387
 20
-103.6064
  0
TEXT
  5
7F8
330
17
100
AcDbEntity
  8
PLAN-CORTE-TEXTOS
100
AcDbText
 10
489.8367
 20
-103.4664
 30
0.0
 40
0.06
  1
M-89
 72
1
 11
489.8367
 21
-103.4664
 31
0.0
100
AcDbText
 73
2
  0
LWPOLYLINE
  5
7F9
330
17
100
AcDbEntity
  8
PLAN-CORTE-RECORTES
100
AcDbPolyline
 90
4
 70
1
 10
489.5387
 20
-104.8004
 10
490.0547
 20
-104.8004
 10
490.0547
 20
-103.6064
 10
489.5387
 20
-103.6064
  0
TEXT
  5
7FA
330
17
100
AcDbEntity
  8
PLAN-CORTE-TEXTOS
100
AcDbText
 10
489.7967
 20
-104.2034
 30
0.0
 40
0.035
  1
R2-lat-der
 50
90.0
 72
1
 11
489.7967
 21
-104.2034
 31
0.0
100
AcDbText
 73
2
  0
LWPOLYLINE
  5
7FB
330
17
100
AcDbEntity
  8
PLAN-CORTE-DESPERDICIO
100
AcDbPolyline
 90
4
 70
1
 10
490.0547
 20
-104.8004
 10
490.1347
 20
-104.8004
 10
490.1347
 20
-103.6064
 10
490.0547
 20
-103.6064
  0
LWPOLYLINE
  5
7FC
330
17
100
AcDbEntity
  8
PLAN-CORTE-PIEZAS-A-ABRIR
100
AcDbPolyline
 90
4
 70
1
 10
490.5847
 20
-104.8004
 10
491.1807
 20
-104.8004
 10
491.1807
 20
-103.6064
 10
490.5847
 20
-103.6064
  0
TEXT
  5
7FD
330
17
100
AcDbEntity
  8
PLAN-CORTE-TEXTOS
100
AcDbText
 10
490.8827
 20
-103.4664
 30
0.0
 40
0.06
  1
M-90
 72
1
 11
490.8827
 21
-103.4664
 31
0.0
100
AcDbText
 73
2
  0
LWPOLYLINE
  5
7FE
330
17
100
AcDbEntity
  8
PLAN-CORTE-RECORTES
100
AcDbPolyline
 90
4
 70
1
 10
490.5847
 20
-104.8004
 10
490.8547
 20
-104.8004
 10
490.8547
 20
-103.65039999999999
 10
490.5847
 20
-103.65039999999999
  0
TEXT
  5
7FF
330
17
100
AcDbEntity
  8
PLAN-CORTE-TEXTOS
100
AcDbText
 10
490.7197
 20
-104.2254
 30
0.0
 40
0.035
  1
H1
 50
90.0
 72
1
 11
490.7197
 21
-104.2254
 31
0.0
100
AcDbText
 73
2
  0
LWPOLYLINE
  5
800
330
17
100
AcDbEntity
  8
PLAN-CORTE-RECORTES
100
AcDbPolyline
 90
4
 70
1
 10
490.8547
 20
-104.8004
 10
491.12469999999996
 20
-104.8004
 10
491.12469999999996
 20
-103.65039999999999
 10
490.8547
 20
-103.65039999999999
  0
TEXT
  5
801
330
17
100
AcDbEntity
  8
PLAN-CORTE-TEXTOS
100
AcDbText
 10
490.98969999999997
 20
-104.2254
 30
0.0
 40
0.035
  1
H2 (DE SOBRA DE H1)
 50
90.0
 72
1
 11
490.98969999999997
 21
-104.2254
 31
0.0
100
AcDbText
 73
2
  0
LWPOLYLINE
  5
802
330
17
100
AcDbEntity
  8
PLAN-CORTE-DESPERDICIO
100
AcDbPolyline
 90
4
 70
1
 10
490.5847
 20
-103.65039999999999
 10
490.8547
 20
-103.65039999999999
 10
490.8547
 20
-103.6064
 10
490.5847
 20
-103.6064
  0
LWPOLYLINE
  5
803
330
17
100
AcDbEntity
  8
PLAN-CORTE-DESPERDICIO
100
AcDbPolyline
 90
4
 70
1
 10
491.1247
 20
-104.8004
 10
491.1807
 20
-104.8004
 10
491.1807
 20
-103.6064
 10
491.1247
 20
-103.6064
  0
LWPOLYLINE
  5
804
330
17
100
AcDbEntity
  8
PLAN-CORTE-DESPERDICIO
100
AcDbPolyline
 90
4
 70
1
 10
490.8547
 20
-103.65039999999999
 10
491.12469999999996
 20
-103.65039999999999
 10
491.12469999999996
 20
-103.6064
 10
490.8547
 20
-103.6064
  0
LWPOLYLINE
  5
805
330
17
100
AcDbEntity
  8
PLAN-CORTE-PIEZAS-A-ABRIR
100
AcDbPolyline
 90
4
 70
1
 10
491.6307
 20
-104.8004
 10
492.2267
 20
-104.8004
 10
492.2267
 20
-103.6064
 10
491.6307
 20
-103.6064
  0
TEXT
  5
806
330
17
100
AcDbEntity
  8
PLAN-CORTE-TEXTOS
100
AcDbText
 10
491.9287
 20
-103.4664
 30
0.0
 40
0.06
  1
M-91
 72
1
 11
491.9287
 21
-103.4664
 31
0.0
100
AcDbText
 73
2
  0
LWPOLYLINE
  5
807
330
17
100
AcDbEntity
  8
PLAN-CORTE-RECORTES
100
AcDbPolyline
 90
4
 70
1
 10
491.6307
 20
-104.8004
 10
491.9007
 20
-104.8004
 10
491.9007
 20
-103.65039999999999
 10
491.6307
 20
-103.65039999999999
  0
TEXT
  5
808
330
17
100
AcDbEntity
  8
PLAN-CORTE-TEXTOS
100
AcDbText
 10
491.7657
 20
-104.2254
 30
0.0
 40
0.035
  1
H3
 50
90.0
 72
1
 11
491.7657
 21
-104.2254
 31
0.0
100
AcDbText
 73
2
  0
LWPOLYLINE
  5
809
330
17
100
AcDbEntity
  8
PLAN-CORTE-RECORTES
100
AcDbPolyline
 90
4
 70
1
 10
491.9007
 20
-104.8004
 10
492.17069999999995
 20
-104.8004
 10
492.17069999999995
 20
-103.65039999999999
 10
491.9007
 20
-103.65039999999999
  0
TEXT
  5
80A
330
17
100
AcDbEntity
  8
PLAN-CORTE-TEXTOS
100
AcDbText
 10
492.03569999999996
 20
-104.2254
 30
0.0
 40
0.035
  1
H4 (DE SOBRA DE H3)
 50
90.0
 72
1
 11
492.03569999999996
 21
-104.2254
 31
0.0
100
AcDbText
 73
2
  0
LWPOLYLINE
  5
80B
330
17
100
AcDbEntity
  8
PLAN-CORTE-DESPERDICIO
100
AcDbPolyline
 90
4
 70
1
 10
491.6307
 20
-103.65039999999999
 10
491.9007
 20
-103.65039999999999
 10
491.9007
 20
-103.6064
 10
491.6307
 20
-103.6064
  0
LWPOLYLINE
  5
80C
330
17
100
AcDbEntity
  8
PLAN-CORTE-DESPERDICIO
100
AcDbPolyline
 90
4
 70
1
 10
492.1707
 20
-104.8004
 10
492.2267
 20
-104.8004
 10
492.2267
 20
-103.6064
 10
492.1707
 20
-103.6064
  0
LWPOLYLINE
  5
80D
330
17
100
AcDbEntity
  8
PLAN-CORTE-DESPERDICIO
100
AcDbPolyline
 90
4
 70
1
 10
491.9007
 20
-103.65039999999999
 10
492.17069999999995
 20
-103.65039999999999
 10
492.17069999999995
 20
-103.6064
 10
491.9007
 20
-103.6064
  0
LWPOLYLINE
  5
80E
330
17
100
AcDbEntity
  8
PLAN-CORTE-PIEZAS-A-ABRIR
100
AcDbPolyline
 90
4
 70
1
 10
492.6767
 20
-104.8004
 10
493.2727
 20
-104.8004
 10
493.2727
 20
-103.6064
 10
492.6767
 20
-103.6064
  0
TEXT
  5
80F
330
17
100
AcDbEntity
  8
PLAN-CORTE-TEXTOS
100
AcDbText
 10
492.9747
 20
-103.4664
 30
0.0
 40
0.06
  1
M-92
 72
1
 11
492.9747
 21
-103.4664
 31
0.0
100
AcDbText
 73
2
  0
LWPOLYLINE
  5
810
330
17
100
AcDbEntity
  8
PLAN-CORTE-RECORTES
100
AcDbPolyline
 90
4
 70
1
 10
492.6767
 20
-104.8004
 10
492.94669999999996
 20
-104.8004
 10
492.94669999999996
 20
-103.65039999999999
 10
492.6767
 20
-103.65039999999999
  0
TEXT
  5
811
330
17
100
AcDbEntity
  8
PLAN-CORTE-TEXTOS
100
AcDbText
 10
492.8117
 20
-104.2254
 30
0.0
 40
0.035
  1
H5
 50
90.0
 72
1
 11
492.8117
 21
-104.2254
 31
0.0
100
AcDbText
 73
2
  0
LWPOLYLINE
  5
812
330
17
100
AcDbEntity
  8
PLAN-CORTE-RECORTES
100
AcDbPolyline
 90
4
 70
1
 10
492.94669999999996
 20
-104.8004
 10
493.21669999999995
 20
-104.8004
 10
493.21669999999995
 20
-103.65039999999999
 10
492.94669999999996
 20
-103.65039999999999
  0
TEXT
  5
813
330
17
100
AcDbEntity
  8
PLAN-CORTE-TEXTOS
100
AcDbText
 10
493.08169999999996
 20
-104.2254
 30
0.0
 40
0.035
  1
H6 (DE SOBRA DE H5)
 50
90.0
 72
1
 11
493.08169999999996
 21
-104.2254
 31
0.0
100
AcDbText
 73
2
  0
LWPOLYLINE
  5
814
330
17
100
AcDbEntity
  8
PLAN-CORTE-DESPERDICIO
100
AcDbPolyline
 90
4
 70
1
 10
492.6767
 20
-103.65039999999999
 10
492.94669999999996
 20
-103.65039999999999
 10
492.94669999999996
 20
-103.6064
 10
492.6767
 20
-103.6064
  0
LWPOLYLINE
  5
815
330
17
100
AcDbEntity
  8
PLAN-CORTE-DESPERDICIO
100
AcDbPolyline
 90
4
 70
1
 10
493.2167
 20
-104.8004
 10
493.2727
 20
-104.8004
 10
493.2727
 20
-103.6064
 10
493.2167
 20
-103.6064
  0
LWPOLYLINE
  5
816
330
17
100
AcDbEntity
  8
PLAN-CORTE-DESPERDICIO
100
AcDbPolyline
 90
4
 70
1
 10
492.94669999999996
 20
-103.65039999999999
 10
493.21669999999995
 20
-103.65039999999999
 10
493.21669999999995
 20
-103.6064
 10
492.94669999999996
 20
-103.6064
  0
LWPOLYLINE
  5
817
330
17
100
AcDbEntity
  8
PLAN-CORTE-PIEZAS-A-ABRIR
100
AcDbPolyline
 90
4
 70
1
 10
493.72270000000003
 20
-104.8004
 10
494.31870000000004
 20
-104.8004
 10
494.31870000000004
 20
-103.6064
 10
493.72270000000003
 20
-103.6064
  0
TEXT
  5
818
330
17
100
AcDbEntity
  8
PLAN-CORTE-TEXTOS
100
AcDbText
 10
494.02070000000003
 20
-103.4664
 30
0.0
 40
0.06
  1
M-93
 72
1
 11
494.02070000000003
 21
-103.4664
 31
0.0
100
AcDbText
 73
2
  0
LWPOLYLINE
  5
819
330
17
100
AcDbEntity
  8
PLAN-CORTE-RECORTES
100
AcDbPolyline
 90
4
 70
1
 10
493.72270000000003
 20
-104.8004
 10
493.9927
 20
-104.8004
 10
493.9927
 20
-103.65039999999999
 10
493.72270000000003
 20
-103.65039999999999
  0
TEXT
  5
81A
330
17
100
AcDbEntity
  8
PLAN-CORTE-TEXTOS
100
AcDbText
 10
493.8577
 20
-104.2254
 30
0.0
 40
0.035
  1
H7
 50
90.0
 72
1
 11
493.8577
 21
-104.2254
 31
0.0
100
AcDbText
 73
2
  0
LWPOLYLINE
  5
81B
330
17
100
AcDbEntity
  8
PLAN-CORTE-RECORTES
100
AcDbPolyline
 90
4
 70
1
 10
493.9927
 20
-104.8004
 10
494.2627
 20
-104.8004
 10
494.2627
 20
-103.65039999999999
 10
493.9927
 20
-103.65039999999999
  0
TEXT
  5
81C
330
17
100
AcDbEntity
  8
PLAN-CORTE-TEXTOS
100
AcDbText
 10
494.1277
 20
-104.2254
 30
0.0
 40
0.035
  1
H8 (DE SOBRA DE H7)
 50
90.0
 72
1
 11
494.1277
 21
-104.2254
 31
0.0
100
AcDbText
 73
2
  0
LWPOLYLINE
  5
81D
330
17
100
AcDbEntity
  8
PLAN-CORTE-DESPERDICIO
100
AcDbPolyline
 90
4
 70
1
 10
493.72270000000003
 20
-103.65039999999999
 10
493.9927
 20
-103.65039999999999
 10
493.9927
 20
-103.6064
 10
493.72270000000003
 20
-103.6064
  0
LWPOLYLINE
  5
81E
330
17
100
AcDbEntity
  8
PLAN-CORTE-DESPERDICIO
100
AcDbPolyline
 90
4
 70
1
 10
494.26270000000005
 20
-104.8004
 10
494.31870000000004
 20
-104.8004
 10
494.31870000000004
 20
-103.6064
 10
494.26270000000005
 20
-103.6064
  0
LWPOLYLINE
  5
81F
330
17
100
AcDbEntity
  8
PLAN-CORTE-DESPERDICIO
100
AcDbPolyline
 90
4
 70
1
 10
493.9927
 20
-103.65039999999999
 10
494.2627
 20
-103.65039999999999
 10
494.2627
 20
-103.6064
 10
493.9927
 20
-103.6064
  0
LWPOLYLINE
  5
820
330
17
100
AcDbEntity
  8
PLAN-CORTE-PIEZAS-A-ABRIR
100
AcDbPolyline
 90
4
 70
1
 10
494.7687
 20
-104.8004
 10
495.3647
 20
-104.8004
 10
495.3647
 20
-103.6064
 10
494.7687
 20
-103.6064
  0
TEXT
  5
821
330
17
100
AcDbEntity
  8
PLAN-CORTE-TEXTOS
100
AcDbText
 10
495.0667
 20
-103.4664
 30
0.0
 40
0.06
  1
M-94
 72
1
 11
495.0667
 21
-103.4664
 31
0.0
100
AcDbText
 73
2
  0
LWPOLYLINE
  5
822
330
17
100
AcDbEntity
  8
PLAN-CORTE-RECORTES
100
AcDbPolyline
 90
4
 70
1
 10
494.7687
 20
-104.8004
 10
495.0387
 20
-104.8004
 10
495.0387
 20
-103.65039999999999
 10
494.7687
 20
-103.65039999999999
  0
TEXT
  5
823
330
17
100
AcDbEntity
  8
PLAN-CORTE-TEXTOS
100
AcDbText
 10
494.9037
 20
-104.2254
 30
0.0
 40
0.035
  1
H9
 50
90.0
 72
1
 11
494.9037
 21
-104.2254
 31
0.0
100
AcDbText
 73
2
  0
LWPOLYLINE
  5
824
330
17
100
AcDbEntity
  8
PLAN-CORTE-RECORTES
100
AcDbPolyline
 90
4
 70
1
 10
495.0387
 20
-104.8004
 10
495.3087
 20
-104.8004
 10
495.3087
 20
-103.65039999999999
 10
495.0387
 20
-103.65039999999999
  0
TEXT
  5
825
330
17
100
AcDbEntity
  8
PLAN-CORTE-TEXTOS
100
AcDbText
 10
495.1737
 20
-104.2254
 30
0.0
 40
0.035
  1
H10 (DE SOBRA DE H9)
 50
90.0
 72
1
 11
495.1737
 21
-104.2254
 31
0.0
100
AcDbText
 73
2
  0
LWPOLYLINE
  5
826
330
17
100
AcDbEntity
  8
PLAN-CORTE-DESPERDICIO
100
AcDbPolyline
 90
4
 70
1
 10
494.7687
 20
-103.65039999999999
 10
495.0387
 20
-103.65039999999999
 10
495.0387
 20
-103.6064
 10
494.7687
 20
-103.6064
  0
LWPOLYLINE
  5
827
330
17
100
AcDbEntity
  8
PLAN-CORTE-DESPERDICIO
100
AcDbPolyline
 90
4
 70
1
 10
495.30870000000004
 20
-104.8004
 10
495.3647
 20
-104.8004
 10
495.3647
 20
-103.6064
 10
495.30870000000004
 20
-103.6064
  0
LWPOLYLINE
  5
828
330
17
100
AcDbEntity
  8
PLAN-CORTE-DESPERDICIO
100
AcDbPolyline
 90
4
 70
1
 10
495.0387
 20
-103.65039999999999
 10
495.3087
 20
-103.65039999999999
 10
495.3087
 20
-103.6064
 10
495.0387
 20
-103.6064
  0
LWPOLYLINE
  5
829
330
17
100
AcDbEntity
  8
PLAN-CORTE-PIEZAS-A-ABRIR
100
AcDbPolyline
 90
4
 70
1
 10
495.8147
 20
-104.8004
 10
496.4107
 20
-104.8004
 10
496.4107
 20
-103.6064
 10
495.8147
 20
-103.6064
  0
TEXT
  5
82A
330
17
100
AcDbEntity
  8
PLAN-CORTE-TEXTOS
100
AcDbText
 10
496.1127
 20
-103.4664
 30
0.0
 40
0.06
  1
M-95
 72
1
 11
496.1127
 21
-103.4664
 31
0.0
100
AcDbText
 73
2
  0
LWPOLYLINE
  5
82B
330
17
100
AcDbEntity
  8
PLAN-CORTE-RECORTES
100
AcDbPolyline
 90
4
 70
1
 10
495.8147
 20
-104.8004
 10
496.0847
 20
-104.8004
 10
496.0847
 20
-103.65039999999999
 10
495.8147
 20
-103.65039999999999
  0
TEXT
  5
82C
330
17
100
AcDbEntity
  8
PLAN-CORTE-TEXTOS
100
AcDbText
 10
495.9497
 20
-104.2254
 30
0.0
 40
0.035
  1
H11
 50
90.0
 72
1
 11
495.9497
 21
-104.2254
 31
0.0
100
AcDbText
 73
2
  0
LWPOLYLINE
  5
82D
330
17
100
AcDbEntity
  8
PLAN-CORTE-RECORTES
100
AcDbPolyline
 90
4
 70
1
 10
496.0847
 20
-104.8004
 10
496.3547
 20
-104.8004
 10
496.3547
 20
-103.65039999999999
 10
496.0847
 20
-103.65039999999999
  0
TEXT
  5
82E
330
17
100
AcDbEntity
  8
PLAN-CORTE-TEXTOS
100
AcDbText
 10
496.2197
 20
-104.2254
 30
0.0
 40
0.035
  1
H12 (DE SOBRA DE H11)
 50
90.0
 72
1
 11
496.2197
 21
-104.2254
 31
0.0
100
AcDbText
 73
2
  0
LWPOLYLINE
  5
82F
330
17
100
AcDbEntity
  8
PLAN-CORTE-DESPERDICIO
100
AcDbPolyline
 90
4
 70
1
 10
495.8147
 20
-103.65039999999999
 10
496.0847
 20
-103.65039999999999
 10
496.0847
 20
-103.6064
 10
495.8147
 20
-103.6064
  0
LWPOLYLINE
  5
830
330
17
100
AcDbEntity
  8
PLAN-CORTE-DESPERDICIO
100
AcDbPolyline
 90
4
 70
1
 10
496.35470000000004
 20
-104.8004
 10
496.4107
 20
-104.8004
 10
496.4107
 20
-103.6064
 10
496.35470000000004
 20
-103.6064
  0
LWPOLYLINE
  5
831
330
17
100
AcDbEntity
  8
PLAN-CORTE-DESPERDICIO
100
AcDbPolyline
 90
4
 70
1
 10
496.0847
 20
-103.65039999999999
 10
496.3547
 20
-103.65039999999999
 10
496.3547
 20
-103.6064
 10
496.0847
 20
-103.6064
  0
LWPOLYLINE
  5
832
330
17
100
AcDbEntity
  8
PLAN-CORTE-PIEZAS-A-ABRIR
100
AcDbPolyline
 90
4
 70
1
 10
496.8607
 20
-104.8004
 10
497.4567
 20
-104.8004
 10
497.4567
 20
-103.6064
 10
496.8607
 20
-103.6064
  0
TEXT
  5
833
330
17
100
AcDbEntity
  8
PLAN-CORTE-TEXTOS
100
AcDbText
 10
497.1587
 20
-103.4664
 30
0.0
 40
0.06
  1
M-96
 72
1
 11
497.1587
 21
-103.4664
 31
0.0
100
AcDbText
 73
2
  0
LWPOLYLINE
  5
834
330
17
100
AcDbEntity
  8
PLAN-CORTE-RECORTES
100
AcDbPolyline
 90
4
 70
1
 10
496.8607
 20
-104.8004
 10
497.1307
 20
-104.8004
 10
497.1307
 20
-103.65039999999999
 10
496.8607
 20
-103.65039999999999
  0
TEXT
  5
835
330
17
100
AcDbEntity
  8
PLAN-CORTE-TEXTOS
100
AcDbText
 10
496.9957
 20
-104.2254
 30
0.0
 40
0.035
  1
H13
 50
90.0
 72
1
 11
496.9957
 21
-104.2254
 31
0.0
100
AcDbText
 73
2
  0
LWPOLYLINE
  5
836
330
17
100
AcDbEntity
  8
PLAN-CORTE-RECORTES
100
AcDbPolyline
 90
4
 70
1
 10
497.1307
 20
-104.8004
 10
497.4007
 20
-104.8004
 10
497.4007
 20
-103.65039999999999
 10
497.1307
 20
-103.65039999999999
  0
TEXT
  5
837
330
17
100
AcDbEntity
  8
PLAN-CORTE-TEXTOS
100
AcDbText
 10
497.2657
 20
-104.2254
 30
0.0
 40
0.035
  1
H14 (DE SOBRA DE H13)
 50
90.0
 72
1
 11
497.2657
 21
-104.2254
 31
0.0
100
AcDbText
 73
2
  0
LWPOLYLINE
  5
838
330
17
100
AcDbEntity
  8
PLAN-CORTE-DESPERDICIO
100
AcDbPolyline
 90
4
 70
1
 10
496.8607
 20
-103.65039999999999
 10
497.1307
 20
-103.65039999999999
 10
497.1307
 20
-103.6064
 10
496.8607
 20
-103.6064
  0
LWPOLYLINE
  5
839
330
17
100
AcDbEntity
  8
PLAN-CORTE-DESPERDICIO
100
AcDbPolyline
 90
4
 70
1
 10
497.40070000000003
 20
-104.8004
 10
497.4567
 20
-104.8004
 10
497.4567
 20
-103.6064
 10
497.40070000000003
 20
-103.6064
  0
LWPOLYLINE
  5
83A
330
17
100
AcDbEntity
  8
PLAN-CORTE-DESPERDICIO
100
AcDbPolyline
 90
4
 70
1
 10
497.1307
 20
-103.65039999999999
 10
497.4007
 20
-103.65039999999999
 10
497.4007
 20
-103.6064
 10
497.1307
 20
-103.6064
  0
LWPOLYLINE
  5
83B
330
17
100
AcDbEntity
  8
PLAN-CORTE-PIEZAS-A-ABRIR
100
AcDbPolyline
 90
4
 70
1
 10
497.9067
 20
-104.8004
 10
498.5027
 20
-104.8004
 10
498.5027
 20
-103.6064
 10
497.9067
 20
-103.6064
  0
TEXT
  5
83C
330
17
100
AcDbEntity
  8
PLAN-CORTE-TEXTOS
100
AcDbText
 10
498.2047
 20
-103.4664
 30
0.0
 40
0.06
  1
M-97
 72
1
 11
498.2047
 21
-103.4664
 31
0.0
100
AcDbText
 73
2
  0
LWPOLYLINE
  5
83D
330
17
100
AcDbEntity
  8
PLAN-CORTE-RECORTES
100
AcDbPolyline
 90
4
 70
1
 10
497.9067
 20
-104.8004
 10
498.0817
 20
-104.8004
 10
498.0817
 20
-103.65039999999999
 10
497.9067
 20
-103.65039999999999
  0
TEXT
  5
83E
330
17
100
AcDbEntity
  8
PLAN-CORTE-TEXTOS
100
AcDbText
 10
497.9942
 20
-104.2254
 30
0.0
 40
0.035
  1
P5
 50
90.0
 72
1
 11
497.9942
 21
-104.2254
 31
0.0
100
AcDbText
 73
2
  0
LWPOLYLINE
  5
83F
330
17
100
AcDbEntity
  8
PLAN-CORTE-RECORTES
100
AcDbPolyline
 90
4
 70
1
 10
498.0817
 20
-104.8004
 10
498.2567
 20
-104.8004
 10
498.2567
 20
-103.65039999999999
 10
498.0817
 20
-103.65039999999999
  0
TEXT
  5
840
330
17
100
AcDbEntity
  8
PLAN-CORTE-TEXTOS
100
AcDbText
 10
498.1692
 20
-104.2254
 30
0.0
 40
0.035
  1
P6 (DE SOBRA DE P5)
 50
90.0
 72
1
 11
498.1692
 21
-104.2254
 31
0.0
100
AcDbText
 73
2
  0
LWPOLYLINE
  5
841
330
17
100
AcDbEntity
  8
PLAN-CORTE-RECORTES
100
AcDbPolyline
 90
4
 70
1
 10
498.2567
 20
-104.8004
 10
498.43170000000003
 20
-104.8004
 10
498.43170000000003
 20
-103.65039999999999
 10
498.2567
 20
-103.65039999999999
  0
TEXT
  5
842
330
17
100
AcDbEntity
  8
PLAN-CORTE-TEXTOS
100
AcDbText
 10
498.3442
 20
-104.2254
 30
0.0
 40
0.035
  1
P7 (DE SOBRA DE P6)
 50
90.0
 72
1
 11
498.3442
 21
-104.2254
 31
0.0
100
AcDbText
 73
2
  0
LWPOLYLINE
  5
843
330
17
100
AcDbEntity
  8
PLAN-CORTE-DESPERDICIO
100
AcDbPolyline
 90
4
 70
1
 10
497.9067
 20
-103.65039999999999
 10
498.0817
 20
-103.65039999999999
 10
498.0817
 20
-103.6064
 10
497.9067
 20
-103.6064
  0
LWPOLYLINE
  5
844
330
17
100
AcDbEntity
  8
PLAN-CORTE-DESPERDICIO
100
AcDbPolyline
 90
4
 70
1
 10
498.0817
 20
-103.65039999999999
 10
498.2567
 20
-103.65039999999999
 10
498.2567
 20
-103.6064
 10
498.0817
 20
-103.6064
  0
LWPOLYLINE
  5
845
330
17
100
AcDbEntity
  8
PLAN-CORTE-DESPERDICIO
100
AcDbPolyline
 90
4
 70
1
 10
498.4317
 20
-104.8004
 10
498.5027
 20
-104.8004
 10
498.5027
 20
-103.6064
 10
498.4317
 20
-103.6064
  0
LWPOLYLINE
  5
846
330
17
100
AcDbEntity
  8
PLAN-CORTE-DESPERDICIO
100
AcDbPolyline
 90
4
 70
1
 10
498.2567
 20
-103.65039999999999
 10
498.43170000000003
 20
-103.65039999999999
 10
498.43170000000003
 20
-103.6064
 10
498.2567
 20
-103.6064
  0
LWPOLYLINE
  5
847
330
17
100
AcDbEntity
  8
PLAN-CORTE-PIEZAS-A-ABRIR
100
AcDbPolyline
 90
4
 70
1
 10
498.9527
 20
-104.8004
 10
499.5487
 20
-104.8004
 10
499.5487
 20
-103.6064
 10
498.9527
 20
-103.6064
  0
TEXT
  5
848
330
17
100
AcDbEntity
  8
PLAN-CORTE-TEXTOS
100
AcDbText
 10
499.2507
 20
-103.4664
 30
0.0
 40
0.06
  1
M-98
 72
1
 11
499.2507
 21
-103.4664
 31
0.0
100
AcDbText
 73
2
  0
LWPOLYLINE
  5
849
330
17
100
AcDbEntity
  8
PLAN-CORTE-RECORTES
100
AcDbPolyline
 90
4
 70
1
 10
498.9527
 20
-104.8004
 10
499.1277
 20
-104.8004
 10
499.1277
 20
-103.65039999999999
 10
498.9527
 20
-103.65039999999999
  0
TEXT
  5
84A
330
17
100
AcDbEntity
  8
PLAN-CORTE-TEXTOS
100
AcDbText
 10
499.04019999999997
 20
-104.2254
 30
0.0
 40
0.035
  1
P8
 50
90.0
 72
1
 11
499.04019999999997
 21
-104.2254
 31
0.0
100
AcDbText
 73
2
  0
LWPOLYLINE
  5
84B
330
17
100
AcDbEntity
  8
PLAN-CORTE-RECORTES
100
AcDbPolyline
 90
4
 70
1
 10
499.1277
 20
-104.8004
 10
499.3027
 20
-104.8004
 10
499.3027
 20
-103.65039999999999
 10
499.1277
 20
-103.65039999999999
  0
TEXT
  5
84C
330
17
100
AcDbEntity
  8
PLAN-CORTE-TEXTOS
100
AcDbText
 10
499.2152
 20
-104.2254
 30
0.0
 40
0.035
  1
P9 (DE SOBRA DE P8)
 50
90.0
 72
1
 11
499.2152
 21
-104.2254
 31
0.0
100
AcDbText
 73
2
  0
LWPOLYLINE
  5
84D
330
17
100
AcDbEntity
  8
PLAN-CORTE-RECORTES
100
AcDbPolyline
 90
4
 70
1
 10
499.3027
 20
-104.8004
 10
499.4777
 20
-104.8004
 10
499.4777
 20
-103.65039999999999
 10
499.3027
 20
-103.65039999999999
  0
TEXT
  5
84E
330
17
100
AcDbEntity
  8
PLAN-CORTE-TEXTOS
100
AcDbText
 10
499.3902
 20
-104.2254
 30
0.0
 40
0.035
  1
P10 (DE SOBRA DE P9)
 50
90.0
 72
1
 11
499.3902
 21
-104.2254
 31
0.0
100
AcDbText
 73
2
  0
LWPOLYLINE
  5
84F
330
17
100
AcDbEntity
  8
PLAN-CORTE-DESPERDICIO
100
AcDbPolyline
 90
4
 70
1
 10
498.9527
 20
-103.65039999999999
 10
499.1277
 20
-103.65039999999999
 10
499.1277
 20
-103.6064
 10
498.9527
 20
-103.6064
  0
LWPOLYLINE
  5
850
330
17
100
AcDbEntity
  8
PLAN-CORTE-DESPERDICIO
100
AcDbPolyline
 90
4
 70
1
 10
499.1277
 20
-103.65039999999999
 10
499.3027
 20
-103.65039999999999
 10
499.3027
 20
-103.6064
 10
499.1277
 20
-103.6064
  0
LWPOLYLINE
  5
851
330
17
100
AcDbEntity
  8
PLAN-CORTE-DESPERDICIO
100
AcDbPolyline
 90
4
 70
1
 10
499.47769999999997
 20
-104.8004
 10
499.5487
 20
-104.8004
 10
499.5487
 20
-103.6064
 10
499.47769999999997
 20
-103.6064
  0
LWPOLYLINE
  5
852
330
17
100
AcDbEntity
  8
PLAN-CORTE-DESPERDICIO
100
AcDbPolyline
 90
4
 70
1
 10
499.3027
 20
-103.65039999999999
 10
499.4777
 20
-103.65039999999999
 10
499.4777
 20
-103.6064
 10
499.3027
 20
-103.6064
  0
LWPOLYLINE
  5
853
330
17
100
AcDbEntity
  8
PLAN-CORTE-PIEZAS-A-ABRIR
100
AcDbPolyline
 90
4
 70
1
 10
499.9987
 20
-104.8004
 10
500.5947
 20
-104.8004
 10
500.5947
 20
-103.6064
 10
499.9987
 20
-103.6064
  0
TEXT
  5
854
330
17
100
AcDbEntity
  8
PLAN-CORTE-TEXTOS
100
AcDbText
 10
500.2967
 20
-103.4664
 30
0.0
 40
0.06
  1
M-99
 72
1
 11
500.2967
 21
-103.4664
 31
0.0
100
AcDbText
 73
2
  0
LWPOLYLINE
  5
855
330
17
100
AcDbEntity
  8
PLAN-CORTE-RECORTES
100
AcDbPolyline
 90
4
 70
1
 10
499.9987
 20
-104.8004
 10
500.1737
 20
-104.8004
 10
500.1737
 20
-103.65039999999999
 10
499.9987
 20
-103.65039999999999
  0
TEXT
  5
856
330
17
100
AcDbEntity
  8
PLAN-CORTE-TEXTOS
100
AcDbText
 10
500.08619999999996
 20
-104.2254
 30
0.0
 40
0.035
  1
P11
 50
90.0
 72
1
 11
500.08619999999996
 21
-104.2254
 31
0.0
100
AcDbText
 73
2
  0
LWPOLYLINE
  5
857
330
17
100
AcDbEntity
  8
PLAN-CORTE-RECORTES
100
AcDbPolyline
 90
4
 70
1
 10
500.1737
 20
-104.8004
 10
500.3487
 20
-104.8004
 10
500.3487
 20
-103.65039999999999
 10
500.1737
 20
-103.65039999999999
  0
TEXT
  5
858
330
17
100
AcDbEntity
  8
PLAN-CORTE-TEXTOS
100
AcDbText
 10
500.2612
 20
-104.2254
 30
0.0
 40
0.035
  1
P12 (DE SOBRA DE P11)
 50
90.0
 72
1
 11
500.2612
 21
-104.2254
 31
0.0
100
AcDbText
 73
2
  0
LWPOLYLINE
  5
859
330
17
100
AcDbEntity
  8
PLAN-CORTE-RECORTES
100
AcDbPolyline
 90
4
 70
1
 10
500.3487
 20
-104.8004
 10
500.5237
 20
-104.8004
 10
500.5237
 20
-103.65039999999999
 10
500.3487
 20
-103.65039999999999
  0
TEXT
  5
85A
330
17
100
AcDbEntity
  8
PLAN-CORTE-TEXTOS
100
AcDbText
 10
500.4362
 20
-104.2254
 30
0.0
 40
0.035
  1
P13 (DE SOBRA DE P12)
 50
90.0
 72
1
 11
500.4362
 21
-104.2254
 31
0.0
100
AcDbText
 73
2
  0
LWPOLYLINE
  5
85B
330
17
100
AcDbEntity
  8
PLAN-CORTE-DESPERDICIO
100
AcDbPolyline
 90
4
 70
1
 10
499.9987
 20
-103.65039999999999
 10
500.1737
 20
-103.65039999999999
 10
500.1737
 20
-103.6064
 10
499.9987
 20
-103.6064
  0
LWPOLYLINE
  5
85C
330
17
100
AcDbEntity
  8
PLAN-CORTE-DESPERDICIO
100
AcDbPolyline
 90
4
 70
1
 10
500.1737
 20
-103.65039999999999
 10
500.3487
 20
-103.65039999999999
 10
500.3487
 20
-103.6064
 10
500.1737
 20
-103.6064
  0
LWPOLYLINE
  5
85D
330
17
100
AcDbEntity
  8
PLAN-CORTE-DESPERDICIO
100
AcDbPolyline
 90
4
 70
1
 10
500.52369999999996
 20
-104.8004
 10
500.5947
 20
-104.8004
 10
500.5947
 20
-103.6064
 10
500.52369999999996
 20
-103.6064
  0
LWPOLYLINE
  5
85E
330
17
100
AcDbEntity
  8
PLAN-CORTE-DESPERDICIO
100
AcDbPolyline
 90
4
 70
1
 10
500.3487
 20
-103.65039999999999
 10
500.5237
 20
-103.65039999999999
 10
500.5237
 20
-103.6064
 10
500.3487
 20
-103.6064
  0
TEXT
  5
85F
330
17
100
AcDbEntity
  8
PLAN-CORTE-TEXTOS
100
AcDbText
 10
498.5387
 20
-106.3004
 30
0.0
 40
0.25
  1
PLAN DE CORTE - ROYAL WALNUT  (87 piezas a abrir EN ORDEN: RW-01 = primer corte, PLANTA ALTA junto a la ESCALERA, y se avanza alejandose; al terminar P.A. sigue P.B.; amarillo = SOBRANTE con su medida -> GUARDAR EN RESERVA; rojo = desperdicio)
 72
1
 11
498.5387
 21
-106.3004
 31
0.0
100
AcDbText
 73
2
  0
LWPOLYLINE
  5
860
330
17
100
AcDbEntity
  8
PLAN-CORTE-PIEZAS-A-ABRIR
100
AcDbPolyline
 90
4
 70
1
 10
489.5387
 20
-108.7004
 10
489.7387
 20
-108.7004
 10
489.7387
 20
-107.5004
 10
489.5387
 20
-107.5004
  0
TEXT
  5
861
330
17
100
AcDbEntity
  8
PLAN-CORTE-TEXTOS
100
AcDbText
 10
489.63870000000003
 20
-107.3604
 30
0.0
 40
0.06
  1
RW-01
 72
1
 11
489.63870000000003
 21
-107.3604
 31
0.0
100
AcDbText
 73
2
  0
LWPOLYLINE
  5
862
330
17
100
AcDbEntity
  8
PLAN-CORTE-RECORTES
100
AcDbPolyline
 90
4
 70
1
 10
489.5387
 20
-108.7004
 10
489.7387
 20
-108.7004
 10
489.7387
 20
-108.2514
 10
489.5387
 20
-108.2514
  0
TEXT
  5
863
330
17
100
AcDbEntity
  8
PLAN-CORTE-TEXTOS
100
AcDbText
 10
489.63870000000003
 20
-108.4759
 30
0.0
 40
0.035
  1
PA-R-133
 50
90.0
 72
1
 11
489.63870000000003
 21
-108.4759
 31
0.0
100
AcDbText
 73
2
  0
LWPOLYLINE
  5
864
330
17
100
AcDbEntity
  8
PLAN-CORTE-RECORTES
100
AcDbPolyline
 90
4
 70
1
 10
489.5387
 20
-108.2514
 10
489.7387
 20
-108.2514
 10
489.7387
 20
-107.8024
 10
489.5387
 20
-107.8024
  0
TEXT
  5
865
330
17
100
AcDbEntity
  8
PLAN-CORTE-TEXTOS
100
AcDbText
 10
489.63870000000003
 20
-108.0269
 30
0.0
 40
0.020116487455197132
  1
PA-R-139 (DE SOBRA DE PA-R-133)
 50
90.0
 72
1
 11
489.63870000000003
 21
-108.0269
 31
0.0
100
AcDbText
 73
2
  0
LWPOLYLINE
  5
866
330
17
100
AcDbEntity
  8
PLAN-CORTE-SOBRANTES
100
AcDbPolyline
 90
4
 70
1
 10
489.5387
 20
-107.8024
 10
489.7387
 20
-107.8024
 10
489.7387
 20
-107.5004
 10
489.5387
 20
-107.5004
  0
TEXT
  5
867
330
17
100
AcDbEntity
  8
PLAN-CORTE-TEXTOS
100
AcDbText
 10
489.63870000000003
 20
-107.65140000000001
 30
0.0
 40
0.026844444444444435
  1
SOBRA 0.2x0.302
 50
90.0
 72
1
 11
489.63870000000003
 21
-107.65140000000001
 31
0.0
100
AcDbText
 73
2
  0
LWPOLYLINE
  5
868
330
17
100
AcDbEntity
  8
PLAN-CORTE-PIEZAS-A-ABRIR
100
AcDbPolyline
 90
4
 70
1
 10
490.1887
 20
-108.7004
 10
490.3887
 20
-108.7004
 10
490.3887
 20
-107.5004
 10
490.1887
 20
-107.5004
  0
TEXT
  5
869
330
17
100
AcDbEntity
  8
PLAN-CORTE-TEXTOS
100
AcDbText
 10
490.2887
 20
-107.3604
 30
0.0
 40
0.06
  1
RW-02
 72
1
 11
490.2887
 21
-107.3604
 31
0.0
100
AcDbText
 73
2
  0
LWPOLYLINE
  5
86A
330
17
100
AcDbEntity
  8
PLAN-CORTE-RECORTES
100
AcDbPolyline
 90
4
 70
1
 10
490.1887
 20
-108.7004
 10
490.3887
 20
-108.7004
 10
490.3887
 20
-108.2215
 10
490.1887
 20
-108.2215
  0
TEXT
  5
86B
330
17
100
AcDbEntity
  8
PLAN-CORTE-TEXTOS
100
AcDbText
 10
490.2887
 20
-108.46095
 30
0.0
 40
0.035
  1
PA-R-008
 50
90.0
 72
1
 11
490.2887
 21
-108.46095
 31
0.0
100
AcDbText
 73
2
  0
LWPOLYLINE
  5
86C
330
17
100
AcDbEntity
  8
PLAN-CORTE-RECORTES
100
AcDbPolyline
 90
4
 70
1
 10
490.1887
 20
-108.2215
 10
490.3887
 20
-108.2215
 10
490.3887
 20
-107.77250000000001
 10
490.1887
 20
-107.77250000000001
  0
TEXT
  5
86D
330
17
100
AcDbEntity
  8
PLAN-CORTE-TEXTOS
100
AcDbText
 10
490.2887
 20
-107.997
 30
0.0
 40
0.020116487455197132
  1
PA-R-138 (DE SOBRA DE PA-R-008)
 50
90.0
 72
1
 11
490.2887
 21
-107.997
 31
0.0
100
AcDbText
 73
2
  0
LWPOLYLINE
  5
86E
330
17
100
AcDbEntity
  8
PLAN-CORTE-SOBRANTES
100
AcDbPolyline
 90
4
 70
1
 10
490.1887
 20
-107.77250000000001
 10
490.3887
 20
-107.77250000000001
 10
490.3887
 20
-107.50040000000001
 10
490.1887
 20
-107.50040000000001
  0
TEXT
  5
86F
330
17
100
AcDbEntity
  8
PLAN-CORTE-TEXTOS
100
AcDbText
 10
490.2887
 20
-107.63645000000001
 30
0.0
 40
0.045
  1
SOBRA
 50
90.0
 72
1
 11
490.2887
 21
-107.63645000000001
 31
0.0
100
AcDbText
 73
2
  0
LWPOLYLINE
  5
870
330
17
100
AcDbEntity
  8
PLAN-CORTE-PIEZAS-A-ABRIR
100
AcDbPolyline
 90
4
 70
1
 10
490.8387
 20
-108.7004
 10
491.0387
 20
-108.7004
 10
491.0387
 20
-107.5004
 10
490.8387
 20
-107.5004
  0
TEXT
  5
871
330
17
100
AcDbEntity
  8
PLAN-CORTE-TEXTOS
100
AcDbText
 10
490.93870000000004
 20
-107.3604
 30
0.0
 40
0.06
  1
RW-03
 72
1
 11
490.93870000000004
 21
-107.3604
 31
0.0
100
AcDbText
 73
2
  0
LWPOLYLINE
  5
872
330
17
100
AcDbEntity
  8
PLAN-CORTE-RECORTES
100
AcDbPolyline
 90
4
 70
1
 10
490.8387
 20
-108.7004
 10
491.0387
 20
-108.7004
 10
491.0387
 20
-107.65090000000001
 10
490.8387
 20
-107.65090000000001
  0
TEXT
  5
873
330
17
100
AcDbEntity
  8
PLAN-CORTE-TEXTOS
100
AcDbText
 10
490.93870000000004
 20
-108.17565
 30
0.0
 40
0.035
  1
PA-R-132
 50
90.0
 72
1
 11
490.93870000000004
 21
-108.17565
 31
0.0
100
AcDbText
 73
2
  0
LWPOLYLINE
  5
874
330
17
100
AcDbEntity
  8
PLAN-CORTE-SOBRANTES
100
AcDbPolyline
 90
4
 70
1
 10
490.8387
 20
-107.65090000000001
 10
491.0387
 20
-107.65090000000001
 10
491.0387
 20
-107.50040000000001
 10
490.8387
 20
-107.50040000000001
  0
TEXT
  5
875
330
17
100
AcDbEntity
  8
PLAN-CORTE-TEXTOS
100
AcDbText
 10
490.93870000000004
 20
-107.57565000000001
 30
0.0
 40
0.045
  1
SOBRA
 72
1
 11
490.93870000000004
 21
-107.57565000000001
 31
0.0
100
AcDbText
 73
2
  0
LWPOLYLINE
  5
876
330
17
100
AcDbEntity
  8
PLAN-CORTE-PIEZAS-A-ABRIR
100
AcDbPolyline
 90
4
 70
1
 10
491.4887
 20
-108.7004
 10
491.6887
 20
-108.7004
 10
491.6887
 20
-107.5004
 10
491.4887
 20
-107.5004
  0
TEXT
  5
877
330
17
100
AcDbEntity
  8
PLAN-CORTE-TEXTOS
100
AcDbText
 10
491.5887
 20
-107.3604
 30
0.0
 40
0.06
  1
RW-04
 72
1
 11
491.5887
 21
-107.3604
 31
0.0
100
AcDbText
 73
2
  0
LWPOLYLINE
  5
878
330
17
100
AcDbEntity
  8
PLAN-CORTE-RECORTES
100
AcDbPolyline
 90
4
 70
1
 10
491.4887
 20
-108.7004
 10
491.6887
 20
-108.7004
 10
491.6887
 20
-108.2514
 10
491.4887
 20
-108.2514
  0
TEXT
  5
879
330
17
100
AcDbEntity
  8
PLAN-CORTE-TEXTOS
100
AcDbText
 10
491.5887
 20
-108.4759
 30
0.0
 40
0.035
  1
PA-R-137
 50
90.0
 72
1
 11
491.5887
 21
-108.4759
 31
0.0
100
AcDbText
 73
2
  0
LWPOLYLINE
  5
87A
330
17
100
AcDbEntity
  8
PLAN-CORTE-RECORTES
100
AcDbPolyline
 90
4
 70
1
 10
491.4887
 20
-108.2514
 10
491.6887
 20
-108.2514
 10
491.6887
 20
-107.8024
 10
491.4887
 20
-107.8024
  0
TEXT
  5
87B
330
17
100
AcDbEntity
  8
PLAN-CORTE-TEXTOS
100
AcDbText
 10
491.5887
 20
-108.0269
 30
0.0
 40
0.020116487455197132
  1
PA-R-136 (DE SOBRA DE PA-R-137)
 50
90.0
 72
1
 11
491.5887
 21
-108.0269
 31
0.0
100
AcDbText
 73
2
  0
LWPOLYLINE
  5
87C
330
17
100
AcDbEntity
  8
PLAN-CORTE-SOBRANTES
100
AcDbPolyline
 90
4
 70
1
 10
491.4887
 20
-107.8024
 10
491.6887
 20
-107.8024
 10
491.6887
 20
-107.5004
 10
491.4887
 20
-107.5004
  0
TEXT
  5
87D
330
17
100
AcDbEntity
  8
PLAN-CORTE-TEXTOS
100
AcDbText
 10
491.5887
 20
-107.65140000000001
 30
0.0
 40
0.026844444444444435
  1
SOBRA 0.2x0.302
 50
90.0
 72
1
 11
491.5887
 21
-107.65140000000001
 31
0.0
100
AcDbText
 73
2
  0
LWPOLYLINE
  5
87E
330
17
100
AcDbEntity
  8
PLAN-CORTE-PIEZAS-A-ABRIR
100
AcDbPolyline
 90
4
 70
1
 10
492.13870000000003
 20
-108.7004
 10
492.3387
 20
-108.7004
 10
492.3387
 20
-107.5004
 10
492.13870000000003
 20
-107.5004
  0
TEXT
  5
87F
330
17
100
AcDbEntity
  8
PLAN-CORTE-TEXTOS
100
AcDbText
 10
492.23870000000005
 20
-107.3604
 30
0.0
 40
0.06
  1
RW-05
 72
1
 11
492.23870000000005
 21
-107.3604
 31
0.0
100
AcDbText
 73
2
  0
LWPOLYLINE
  5
880
330
17
100
AcDbEntity
  8
PLAN-CORTE-RECORTES
100
AcDbPolyline
 90
4
 70
1
 10
492.13870000000003
 20
-108.7004
 10
492.3387
 20
-108.7004
 10
492.3387
 20
-107.65090000000001
 10
492.13870000000003
 20
-107.65090000000001
  0
TEXT
  5
881
330
17
100
AcDbEntity
  8
PLAN-CORTE-TEXTOS
100
AcDbText
 10
492.23870000000005
 20
-108.17565
 30
0.0
 40
0.035
  1
PA-R-131
 50
90.0
 72
1
 11
492.23870000000005
 21
-108.17565
 31
0.0
100
AcDbText
 73
2
  0
LWPOLYLINE
  5
882
330
17
100
AcDbEntity
  8
PLAN-CORTE-SOBRANTES
100
AcDbPolyline
 90
4
 70
1
 10
492.13870000000003
 20
-107.65090000000001
 10
492.3387
 20
-107.65090000000001
 10
492.3387
 20
-107.50040000000001
 10
492.13870000000003
 20
-107.50040000000001
  0
TEXT
  5
883
330
17
100
AcDbEntity
  8
PLAN-CORTE-TEXTOS
100
AcDbText
 10
492.23870000000005
 20
-107.57565000000001
 30
0.0
 40
0.045
  1
SOBRA
 72
1
 11
492.23870000000005
 21
-107.57565000000001
 31
0.0
100
AcDbText
 73
2
  0
LWPOLYLINE
  5
884
330
17
100
AcDbEntity
  8
PLAN-CORTE-PIEZAS-A-ABRIR
100
AcDbPolyline
 90
4
 70
1
 10
492.7887
 20
-108.7004
 10
492.9887
 20
-108.7004
 10
492.9887
 20
-107.5004
 10
492.7887
 20
-107.5004
  0
TEXT
  5
885
330
17
100
AcDbEntity
  8
PLAN-CORTE-TEXTOS
100
AcDbText
 10
492.88870000000003
 20
-107.3604
 30
0.0
 40
0.06
  1
RW-06
 72
1
 11
492.88870000000003
 21
-107.3604
 31
0.0
100
AcDbText
 73
2
  0
LWPOLYLINE
  5
886
330
17
100
AcDbEntity
  8
PLAN-CORTE-RECORTES
100
AcDbPolyline
 90
4
 70
1
 10
492.7887
 20
-108.7004
 10
492.8607
 20
-108.7004
 10
492.8607
 20
-107.5004
 10
492.7887
 20
-107.5004
  0
TEXT
  5
887
330
17
100
AcDbEntity
  8
PLAN-CORTE-TEXTOS
100
AcDbText
 10
492.8247
 20
-108.10040000000001
 30
0.0
 40
0.016
  1
PA-R-178
 50
90.0
 72
1
 11
492.8247
 21
-108.10040000000001
 31
0.0
100
AcDbText
 73
2
  0
LWPOLYLINE
  5
888
330
17
100
AcDbEntity
  8
PLAN-CORTE-RECORTES
100
AcDbPolyline
 90
4
 70
1
 10
492.8607
 20
-108.7004
 10
492.9497
 20
-108.7004
 10
492.9497
 20
-107.8004
 10
492.8607
 20
-107.8004
  0
TEXT
  5
889
330
17
100
AcDbEntity
  8
PLAN-CORTE-TEXTOS
100
AcDbText
 10
492.90520000000004
 20
-108.2504
 30
0.0
 40
0.019777777777777776
  1
PA-R-124 (DE SOBRA DE PA-R-178)
 50
90.0
 72
1
 11
492.90520000000004
 21
-108.2504
 31
0.0
100
AcDbText
 73
2
  0
LWPOLYLINE
  5
88A
330
17
100
AcDbEntity
  8
PLAN-CORTE-DESPERDICIO
100
AcDbPolyline
 90
4
 70
1
 10
492.9497
 20
-108.7004
 10
492.9887
 20
-108.7004
 10
492.9887
 20
-107.5004
 10
492.9497
 20
-107.5004
  0
LWPOLYLINE
  5
88B
330
17
100
AcDbEntity
  8
PLAN-CORTE-DESPERDICIO
100
AcDbPolyline
 90
4
 70
1
 10
492.8607
 20
-107.8004
 10
492.9497
 20
-107.8004
 10
492.9497
 20
-107.5004
 10
492.8607
 20
-107.5004
  0
LWPOLYLINE
  5
88C
330
17
100
AcDbEntity
  8
PLAN-CORTE-PIEZAS-A-ABRIR
100
AcDbPolyline
 90
4
 70
1
 10
493.4387
 20
-108.7004
 10
493.6387
 20
-108.7004
 10
493.6387
 20
-107.5004
 10
493.4387
 20
-107.5004
  0
TEXT
  5
88D
330
17
100
AcDbEntity
  8
PLAN-CORTE-TEXTOS
100
AcDbText
 10
493.5387
 20
-107.3604
 30
0.0
 40
0.06
  1
RW-07
 72
1
 11
493.5387
 21
-107.3604
 31
0.0
100
AcDbText
 73
2
  0
LWPOLYLINE
  5
88E
330
17
100
AcDbEntity
  8
PLAN-CORTE-RECORTES
100
AcDbPolyline
 90
4
 70
1
 10
493.4387
 20
-108.7004
 10
493.6387
 20
-108.7004
 10
493.6387
 20
-107.65090000000001
 10
493.4387
 20
-107.65090000000001
  0
TEXT
  5
88F
330
17
100
AcDbEntity
  8
PLAN-CORTE-TEXTOS
100
AcDbText
 10
493.5387
 20
-108.17565
 30
0.0
 40
0.035
  1
PA-R-130
 50
90.0
 72
1
 11
493.5387
 21
-108.17565
 31
0.0
100
AcDbText
 73
2
  0
LWPOLYLINE
  5
890
330
17
100
AcDbEntity
  8
PLAN-CORTE-SOBRANTES
100
AcDbPolyline
 90
4
 70
1
 10
493.4387
 20
-107.65090000000001
 10
493.6387
 20
-107.65090000000001
 10
493.6387
 20
-107.50040000000001
 10
493.4387
 20
-107.50040000000001
  0
TEXT
  5
891
330
17
100
AcDbEntity
  8
PLAN-CORTE-TEXTOS
100
AcDbText
 10
493.5387
 20
-107.57565000000001
 30
0.0
 40
0.045
  1
SOBRA
 72
1
 11
493.5387
 21
-107.57565000000001
 31
0.0
100
AcDbText
 73
2
  0
LWPOLYLINE
  5
892
330
17
100
AcDbEntity
  8
PLAN-CORTE-PIEZAS-A-ABRIR
100
AcDbPolyline
 90
4
 70
1
 10
494.0887
 20
-108.7004
 10
494.2887
 20
-108.7004
 10
494.2887
 20
-107.5004
 10
494.0887
 20
-107.5004
  0
TEXT
  5
893
330
17
100
AcDbEntity
  8
PLAN-CORTE-TEXTOS
100
AcDbText
 10
494.18870000000004
 20
-107.3604
 30
0.0
 40
0.06
  1
RW-08
 72
1
 11
494.18870000000004
 21
-107.3604
 31
0.0
100
AcDbText
 73
2
  0
LWPOLYLINE
  5
894
330
17
100
AcDbEntity
  8
PLAN-CORTE-RECORTES
100
AcDbPolyline
 90
4
 70
1
 10
494.0887
 20
-108.7004
 10
494.2887
 20
-108.7004
 10
494.2887
 20
-107.65090000000001
 10
494.0887
 20
-107.65090000000001
  0
TEXT
  5
895
330
17
100
AcDbEntity
  8
PLAN-CORTE-TEXTOS
100
AcDbText
 10
494.18870000000004
 20
-108.17565
 30
0.0
 40
0.035
  1
PA-R-129
 50
90.0
 72
1
 11
494.18870000000004
 21
-108.17565
 31
0.0
100
AcDbText
 73
2
  0
LWPOLYLINE
  5
896
330
17
100
AcDbEntity
  8
PLAN-CORTE-SOBRANTES
100
AcDbPolyline
 90
4
 70
1
 10
494.0887
 20
-107.65090000000001
 10
494.2887
 20
-107.65090000000001
 10
494.2887
 20
-107.50040000000001
 10
494.0887
 20
-107.50040000000001
  0
TEXT
  5
897
330
17
100
AcDbEntity
  8
PLAN-CORTE-TEXTOS
100
AcDbText
 10
494.18870000000004
 20
-107.57565000000001
 30
0.0
 40
0.045
  1
SOBRA
 72
1
 11
494.18870000000004
 21
-107.57565000000001
 31
0.0
100
AcDbText
 73
2
  0
LWPOLYLINE
  5
898
330
17
100
AcDbEntity
  8
PLAN-CORTE-PIEZAS-A-ABRIR
100
AcDbPolyline
 90
4
 70
1
 10
494.7387
 20
-108.7004
 10
494.9387
 20
-108.7004
 10
494.9387
 20
-107.5004
 10
494.7387
 20
-107.5004
  0
TEXT
  5
899
330
17
100
AcDbEntity
  8
PLAN-CORTE-TEXTOS
100
AcDbText
 10
494.8387
 20
-107.3604
 30
0.0
 40
0.06
  1
RW-09
 72
1
 11
494.8387
 21
-107.3604
 31
0.0
100
AcDbText
 73
2
  0
LWPOLYLINE
  5
89A
330
17
100
AcDbEntity
  8
PLAN-CORTE-RECORTES
100
AcDbPolyline
 90
4
 70
1
 10
494.7387
 20
-108.7004
 10
494.9387
 20
-108.7004
 10
494.9387
 20
-108.2514
 10
494.7387
 20
-108.2514
  0
TEXT
  5
89B
330
17
100
AcDbEntity
  8
PLAN-CORTE-TEXTOS
100
AcDbText
 10
494.8387
 20
-108.4759
 30
0.0
 40
0.035
  1
PA-R-135
 50
90.0
 72
1
 11
494.8387
 21
-108.4759
 31
0.0
100
AcDbText
 73
2
  0
LWPOLYLINE
  5
89C
330
17
100
AcDbEntity
  8
PLAN-CORTE-RECORTES
100
AcDbPolyline
 90
4
 70
1
 10
494.7387
 20
-108.2514
 10
494.9387
 20
-108.2514
 10
494.9387
 20
-107.8024
 10
494.7387
 20
-107.8024
  0
TEXT
  5
89D
330
17
100
AcDbEntity
  8
PLAN-CORTE-TEXTOS
100
AcDbText
 10
494.8387
 20
-108.0269
 30
0.0
 40
0.020116487455197132
  1
PA-R-134 (DE SOBRA DE PA-R-135)
 50
90.0
 72
1
 11
494.8387
 21
-108.0269
 31
0.0
100
AcDbText
 73
2
  0
LWPOLYLINE
  5
89E
330
17
100
AcDbEntity
  8
PLAN-CORTE-SOBRANTES
100
AcDbPolyline
 90
4
 70
1
 10
494.7387
 20
-107.8024
 10
494.9387
 20
-107.8024
 10
494.9387
 20
-107.5004
 10
494.7387
 20
-107.5004
  0
TEXT
  5
89F
330
17
100
AcDbEntity
  8
PLAN-CORTE-TEXTOS
100
AcDbText
 10
494.8387
 20
-107.65140000000001
 30
0.0
 40
0.026844444444444435
  1
SOBRA 0.2x0.302
 50
90.0
 72
1
 11
494.8387
 21
-107.65140000000001
 31
0.0
100
AcDbText
 73
2
  0
LWPOLYLINE
  5
8A0
330
17
100
AcDbEntity
  8
PLAN-CORTE-PIEZAS-A-ABRIR
100
AcDbPolyline
 90
4
 70
1
 10
495.38870000000003
 20
-108.7004
 10
495.5887
 20
-108.7004
 10
495.5887
 20
-107.5004
 10
495.38870000000003
 20
-107.5004
  0
TEXT
  5
8A1
330
17
100
AcDbEntity
  8
PLAN-CORTE-TEXTOS
100
AcDbText
 10
495.48870000000005
 20
-107.3604
 30
0.0
 40
0.06
  1
RW-10
 72
1
 11
495.48870000000005
 21
-107.3604
 31
0.0
100
AcDbText
 73
2
  0
LWPOLYLINE
  5
8A2
330
17
100
AcDbEntity
  8
PLAN-CORTE-RECORTES
100
AcDbPolyline
 90
4
 70
1
 10
495.38870000000003
 20
-108.7004
 10
495.5887
 20
-108.7004
 10
495.5887
 20
-108.1009
 10
495.38870000000003
 20
-108.1009
  0
TEXT
  5
8A3
330
17
100
AcDbEntity
  8
PLAN-CORTE-TEXTOS
100
AcDbText
 10
495.48870000000005
 20
-108.40065
 30
0.0
 40
0.035
  1
PA-R-110
 50
90.0
 72
1
 11
495.48870000000005
 21
-108.40065
 31
0.0
100
AcDbText
 73
2
  0
LWPOLYLINE
  5
8A4
330
17
100
AcDbEntity
  8
PLAN-CORTE-RECORTES
100
AcDbPolyline
 90
4
 70
1
 10
495.38870000000003
 20
-108.1009
 10
495.5887
 20
-108.1009
 10
495.5887
 20
-107.50139999999999
 10
495.38870000000003
 20
-107.50139999999999
  0
TEXT
  5
8A5
330
17
100
AcDbEntity
  8
PLAN-CORTE-TEXTOS
100
AcDbText
 10
495.48870000000005
 20
-107.80114999999999
 30
0.0
 40
0.026859318996415773
  1
PA-R-109 (DE SOBRA DE PA-R-110)
 50
90.0
 72
1
 11
495.48870000000005
 21
-107.80114999999999
 31
0.0
100
AcDbText
 73
2
  0
LWPOLYLINE
  5
8A6
330
17
100
AcDbEntity
  8
PLAN-CORTE-PIEZAS-A-ABRIR
100
AcDbPolyline
 90
4
 70
1
 10
496.0387
 20
-108.7004
 10
496.2387
 20
-108.7004
 10
496.2387
 20
-107.5004
 10
496.0387
 20
-107.5004
  0
TEXT
  5
8A7
330
17
100
AcDbEntity
  8
PLAN-CORTE-TEXTOS
100
AcDbText
 10
496.13870000000003
 20
-107.3604
 30
0.0
 40
0.06
  1
RW-11
 72
1
 11
496.13870000000003
 21
-107.3604
 31
0.0
100
AcDbText
 73
2
  0
LWPOLYLINE
  5
8A8
330
17
100
AcDbEntity
  8
PLAN-CORTE-RECORTES
100
AcDbPolyline
 90
4
 70
1
 10
496.0387
 20
-108.7004
 10
496.2387
 20
-108.7004
 10
496.2387
 20
-108.1009
 10
496.0387
 20
-108.1009
  0
TEXT
  5
8A9
330
17
100
AcDbEntity
  8
PLAN-CORTE-TEXTOS
100
AcDbText
 10
496.13870000000003
 20
-108.40065
 30
0.0
 40
0.035
  1
PA-R-140
 50
90.0
 72
1
 11
496.13870000000003
 21
-108.40065
 31
0.0
100
AcDbText
 73
2
  0
LWPOLYLINE
  5
8AA
330
17
100
AcDbEntity
  8
PLAN-CORTE-RECORTES
100
AcDbPolyline
 90
4
 70
1
 10
496.0387
 20
-108.1009
 10
496.2387
 20
-108.1009
 10
496.2387
 20
-107.5029
 10
496.0387
 20
-107.5029
  0
TEXT
  5
8AB
330
17
100
AcDbEntity
  8
PLAN-CORTE-TEXTOS
100
AcDbText
 10
496.13870000000003
 20
-107.80189999999999
 30
0.0
 40
0.0267921146953405
  1
PA-R-108 (DE SOBRA DE PA-R-140)
 50
90.0
 72
1
 11
496.13870000000003
 21
-107.80189999999999
 31
0.0
100
AcDbText
 73
2
  0
LWPOLYLINE
  5
8AC
330
17
100
AcDbEntity
  8
PLAN-CORTE-PIEZAS-A-ABRIR
100
AcDbPolyline
 90
4
 70
1
 10
496.6887
 20
-108.7004
 10
496.8887
 20
-108.7004
 10
496.8887
 20
-107.5004
 10
496.6887
 20
-107.5004
  0
TEXT
  5
8AD
330
17
100
AcDbEntity
  8
PLAN-CORTE-TEXTOS
100
AcDbText
 10
496.7887
 20
-107.3604
 30
0.0
 40
0.06
  1
RW-12
 72
1
 11
496.7887
 21
-107.3604
 31
0.0
100
AcDbText
 73
2
  0
LWPOLYLINE
  5
8AE
330
17
100
AcDbEntity
  8
PLAN-CORTE-RECORTES
100
AcDbPolyline
 90
4
 70
1
 10
496.6887
 20
-108.7004
 10
496.8887
 20
-108.7004
 10
496.8887
 20
-108.1908
 10
496.6887
 20
-108.1908
  0
TEXT
  5
8AF
330
17
100
AcDbEntity
  8
PLAN-CORTE-TEXTOS
100
AcDbText
 10
496.7887
 20
-108.4456
 30
0.0
 40
0.035
  1
PA-R-099
 50
90.0
 72
1
 11
496.7887
 21
-108.4456
 31
0.0
100
AcDbText
 73
2
  0
LWPOLYLINE
  5
8B0
330
17
100
AcDbEntity
  8
PLAN-CORTE-RECORTES
100
AcDbPolyline
 90
4
 70
1
 10
496.6887
 20
-108.1908
 10
496.8887
 20
-108.1908
 10
496.8887
 20
-107.68119999999999
 10
496.6887
 20
-107.68119999999999
  0
TEXT
  5
8B1
330
17
100
AcDbEntity
  8
PLAN-CORTE-TEXTOS
100
AcDbText
 10
496.7887
 20
-107.93599999999999
 30
0.0
 40
0.022831541218637993
  1
PA-R-098 (DE SOBRA DE PA-R-099)
 50
90.0
 72
1
 11
496.7887
 21
-107.93599999999999
 31
0.0
100
AcDbText
 73
2
  0
LWPOLYLINE
  5
8B2
330
17
100
AcDbEntity
  8
PLAN-CORTE-SOBRANTES
100
AcDbPolyline
 90
4
 70
1
 10
496.6887
 20
-107.6812
 10
496.8887
 20
-107.6812
 10
496.8887
 20
-107.5004
 10
496.6887
 20
-107.5004
  0
TEXT
  5
8B3
330
17
100
AcDbEntity
  8
PLAN-CORTE-TEXTOS
100
AcDbText
 10
496.7887
 20
-107.5908
 30
0.0
 40
0.045
  1
SOBRA
 72
1
 11
496.7887
 21
-107.5908
 31
0.0
100
AcDbText
 73
2
  0
LWPOLYLINE
  5
8B4
330
17
100
AcDbEntity
  8
PLAN-CORTE-PIEZAS-A-ABRIR
100
AcDbPolyline
 90
4
 70
1
 10
497.3387
 20
-108.7004
 10
497.5387
 20
-108.7004
 10
497.5387
 20
-107.5004
 10
497.3387
 20
-107.5004
  0
TEXT
  5
8B5
330
17
100
AcDbEntity
  8
PLAN-CORTE-TEXTOS
100
AcDbText
 10
497.43870000000004
 20
-107.3604
 30
0.0
 40
0.06
  1
RW-13
 72
1
 11
497.43870000000004
 21
-107.3604
 31
0.0
100
AcDbText
 73
2
  0
LWPOLYLINE
  5
8B6
330
17
100
AcDbEntity
  8
PLAN-CORTE-RECORTES
100
AcDbPolyline
 90
4
 70
1
 10
497.3387
 20
-108.7004
 10
497.5387
 20
-108.7004
 10
497.5387
 20
-108.18990000000001
 10
497.3387
 20
-108.18990000000001
  0
TEXT
  5
8B7
330
17
100
AcDbEntity
  8
PLAN-CORTE-TEXTOS
100
AcDbText
 10
497.43870000000004
 20
-108.44515
 30
0.0
 40
0.035
  1
PA-R-144
 50
90.0
 72
1
 11
497.43870000000004
 21
-108.44515
 31
0.0
100
AcDbText
 73
2
  0
LWPOLYLINE
  5
8B8
330
17
100
AcDbEntity
  8
PLAN-CORTE-RECORTES
100
AcDbPolyline
 90
4
 70
1
 10
497.3387
 20
-108.18990000000001
 10
497.5387
 20
-108.18990000000001
 10
497.5387
 20
-107.67940000000002
 10
497.3387
 20
-107.67940000000002
  0
TEXT
  5
8B9
330
17
100
AcDbEntity
  8
PLAN-CORTE-TEXTOS
100
AcDbText
 10
497.43870000000004
 20
-107.93465
 30
0.0
 40
0.022871863799283153
  1
PA-R-143 (DE SOBRA DE PA-R-144)
 50
90.0
 72
1
 11
497.43870000000004
 21
-107.93465
 31
0.0
100
AcDbText
 73
2
  0
LWPOLYLINE
  5
8BA
330
17
100
AcDbEntity
  8
PLAN-CORTE-SOBRANTES
100
AcDbPolyline
 90
4
 70
1
 10
497.3387
 20
-107.6794
 10
497.5387
 20
-107.6794
 10
497.5387
 20
-107.5004
 10
497.3387
 20
-107.5004
  0
TEXT
  5
8BB
330
17
100
AcDbEntity
  8
PLAN-CORTE-TEXTOS
100
AcDbText
 10
497.43870000000004
 20
-107.5899
 30
0.0
 40
0.045
  1
SOBRA
 72
1
 11
497.43870000000004
 21
-107.5899
 31
0.0
100
AcDbText
 73
2
  0
LWPOLYLINE
  5
8BC
330
17
100
AcDbEntity
  8
PLAN-CORTE-PIEZAS-A-ABRIR
100
AcDbPolyline
 90
4
 70
1
 10
497.9887
 20
-108.7004
 10
498.1887
 20
-108.7004
 10
498.1887
 20
-107.5004
 10
497.9887
 20
-107.5004
  0
TEXT
  5
8BD
330
17
100
AcDbEntity
  8
PLAN-CORTE-TEXTOS
100
AcDbText
 10
498.0887
 20
-107.3604
 30
0.0
 40
0.06
  1
RW-14
 72
1
 11
498.0887
 21
-107.3604
 31
0.0
100
AcDbText
 73
2
  0
LWPOLYLINE
  5
8BE
330
17
100
AcDbEntity
  8
PLAN-CORTE-RECORTES
100
AcDbPolyline
 90
4
 70
1
 10
497.9887
 20
-108.7004
 10
498.0777
 20
-108.7004
 10
498.0777
 20
-107.8004
 10
497.9887
 20
-107.8004
  0
TEXT
  5
8BF
330
17
100
AcDbEntity
  8
PLAN-CORTE-TEXTOS
100
AcDbText
 10
498.0332
 20
-108.2504
 30
0.0
 40
0.019777777777777776
  1
PA-R-149
 50
90.0
 72
1
 11
498.0332
 21
-108.2504
 31
0.0
100
AcDbText
 73
2
  0
LWPOLYLINE
  5
8C0
330
17
100
AcDbEntity
  8
PLAN-CORTE-RECORTES
100
AcDbPolyline
 90
4
 70
1
 10
498.0777
 20
-108.7004
 10
498.1497
 20
-108.7004
 10
498.1497
 20
-107.58840000000001
 10
498.0777
 20
-107.58840000000001
  0
TEXT
  5
8C1
330
17
100
AcDbEntity
  8
PLAN-CORTE-TEXTOS
100
AcDbText
 10
498.1137
 20
-108.1444
 30
0.0
 40
0.016
  1
PA-R-159 (DE SOBRA DE PA-R-149)
 50
90.0
 72
1
 11
498.1137
 21
-108.1444
 31
0.0
100
AcDbText
 73
2
  0
LWPOLYLINE
  5
8C2
330
17
100
AcDbEntity
  8
PLAN-CORTE-DESPERDICIO
100
AcDbPolyline
 90
4
 70
1
 10
497.9887
 20
-107.8004
 10
498.0777
 20
-107.8004
 10
498.0777
 20
-107.5004
 10
497.9887
 20
-107.5004
  0
LWPOLYLINE
  5
8C3
330
17
100
AcDbEntity
  8
PLAN-CORTE-DESPERDICIO
100
AcDbPolyline
 90
4
 70
1
 10
498.1497
 20
-108.7004
 10
498.1887
 20
-108.7004
 10
498.1887
 20
-107.5004
 10
498.1497
 20
-107.5004
  0
LWPOLYLINE
  5
8C4
330
17
100
AcDbEntity
  8
PLAN-CORTE-DESPERDICIO
100
AcDbPolyline
 90
4
 70
1
 10
498.0777
 20
-107.58840000000001
 10
498.1497
 20
-107.58840000000001
 10
498.1497
 20
-107.50040000000001
 10
498.0777
 20
-107.50040000000001
  0
LWPOLYLINE
  5
8C5
330
17
100
AcDbEntity
  8
PLAN-CORTE-PIEZAS-A-ABRIR
100
AcDbPolyline
 90
4
 70
1
 10
498.63870000000003
 20
-108.7004
 10
498.8387
 20
-108.7004
 10
498.8387
 20
-107.5004
 10
498.63870000000003
 20
-107.5004
  0
TEXT
  5
8C6
330
17
100
AcDbEntity
  8
PLAN-CORTE-TEXTOS
100
AcDbText
 10
498.73870000000005
 20
-107.3604
 30
0.0
 40
0.06
  1
RW-15
 72
1
 11
498.73870000000005
 21
-107.3604
 31
0.0
100
AcDbText
 73
2
  0
LWPOLYLINE
  5
8C7
330
17
100
AcDbEntity
  8
PLAN-CORTE-RECORTES
100
AcDbPolyline
 90
4
 70
1
 10
498.63870000000003
 20
-108.7004
 10
498.8387
 20
-108.7004
 10
498.8387
 20
-107.65090000000001
 10
498.63870000000003
 20
-107.65090000000001
  0
TEXT
  5
8C8
330
17
100
AcDbEntity
  8
PLAN-CORTE-TEXTOS
100
AcDbText
 10
498.73870000000005
 20
-108.17565
 30
0.0
 40
0.035
  1
PA-R-128
 50
90.0
 72
1
 11
498.73870000000005
 21
-108.17565
 31
0.0
100
AcDbText
 73
2
  0
LWPOLYLINE
  5
8C9
330
17
100
AcDbEntity
  8
PLAN-CORTE-SOBRANTES
100
AcDbPolyline
 90
4
 70
1
 10
498.63870000000003
 20
-107.65090000000001
 10
498.8387
 20
-107.65090000000001
 10
498.8387
 20
-107.50040000000001
 10
498.63870000000003
 20
-107.50040000000001
  0
TEXT
  5
8CA
330
17
100
AcDbEntity
  8
PLAN-CORTE-TEXTOS
100
AcDbText
 10
498.73870000000005
 20
-107.57565000000001
 30
0.0
 40
0.045
  1
SOBRA
 72
1
 11
498.73870000000005
 21
-107.57565000000001
 31
0.0
100
AcDbText
 73
2
  0
LWPOLYLINE
  5
8CB
330
17
100
AcDbEntity
  8
PLAN-CORTE-PIEZAS-A-ABRIR
100
AcDbPolyline
 90
4
 70
1
 10
499.2887
 20
-108.7004
 10
499.4887
 20
-108.7004
 10
499.4887
 20
-107.5004
 10
499.2887
 20
-107.5004
  0
TEXT
  5
8CC
330
17
100
AcDbEntity
  8
PLAN-CORTE-TEXTOS
100
AcDbText
 10
499.38870000000003
 20
-107.3604
 30
0.0
 40
0.06
  1
RW-16
 72
1
 11
499.38870000000003
 21
-107.3604
 31
0.0
100
AcDbText
 73
2
  0
LWPOLYLINE
  5
8CD
330
17
100
AcDbEntity
  8
PLAN-CORTE-RECORTES
100
AcDbPolyline
 90
4
 70
1
 10
499.2887
 20
-108.7004
 10
499.4887
 20
-108.7004
 10
499.4887
 20
-107.5903
 10
499.2887
 20
-107.5903
  0
TEXT
  5
8CE
330
17
100
AcDbEntity
  8
PLAN-CORTE-TEXTOS
100
AcDbText
 10
499.38870000000003
 20
-108.14535000000001
 30
0.0
 40
0.035
  1
PA-R-086
 50
90.0
 72
1
 11
499.38870000000003
 21
-108.14535000000001
 31
0.0
100
AcDbText
 73
2
  0
LWPOLYLINE
  5
8CF
330
17
100
AcDbEntity
  8
PLAN-CORTE-DESPERDICIO
100
AcDbPolyline
 90
4
 70
1
 10
499.2887
 20
-107.5903
 10
499.4887
 20
-107.5903
 10
499.4887
 20
-107.5004
 10
499.2887
 20
-107.5004
  0
LWPOLYLINE
  5
8D0
330
17
100
AcDbEntity
  8
PLAN-CORTE-PIEZAS-A-ABRIR
100
AcDbPolyline
 90
4
 70
1
 10
499.9387
 20
-108.7004
 10
500.1387
 20
-108.7004
 10
500.1387
 20
-107.5004
 10
499.9387
 20
-107.5004
  0
TEXT
  5
8D1
330
17
100
AcDbEntity
  8
PLAN-CORTE-TEXTOS
100
AcDbText
 10
500.0387
 20
-107.3604
 30
0.0
 40
0.06
  1
RW-17
 72
1
 11
500.0387
 21
-107.3604
 31
0.0
100
AcDbText
 73
2
  0
LWPOLYLINE
  5
8D2
330
17
100
AcDbEntity
  8
PLAN-CORTE-RECORTES
100
AcDbPolyline
 90
4
 70
1
 10
499.9387
 20
-108.7004
 10
500.1387
 20
-108.7004
 10
500.1387
 20
-108.1908
 10
499.9387
 20
-108.1908
  0
TEXT
  5
8D3
330
17
100
AcDbEntity
  8
PLAN-CORTE-TEXTOS
100
AcDbText
 10
500.0387
 20
-108.4456
 30
0.0
 40
0.035
  1
PA-R-101
 50
90.0
 72
1
 11
500.0387
 21
-108.4456
 31
0.0
100
AcDbText
 73
2
  0
LWPOLYLINE
  5
8D4
330
17
100
AcDbEntity
  8
PLAN-CORTE-RECORTES
100
AcDbPolyline
 90
4
 70
1
 10
499.9387
 20
-108.1908
 10
500.1387
 20
-108.1908
 10
500.1387
 20
-107.68119999999999
 10
499.9387
 20
-107.68119999999999
  0
TEXT
  5
8D5
330
17
100
AcDbEntity
  8
PLAN-CORTE-TEXTOS
100
AcDbText
 10
500.0387
 20
-107.93599999999999
 30
0.0
 40
0.022831541218637993
  1
PA-R-100 (DE SOBRA DE PA-R-101)
 50
90.0
 72
1
 11
500.0387
 21
-107.93599999999999
 31
0.0
100
AcDbText
 73
2
  0
LWPOLYLINE
  5
8D6
330
17
100
AcDbEntity
  8
PLAN-CORTE-SOBRANTES
100
AcDbPolyline
 90
4
 70
1
 10
499.9387
 20
-107.6812
 10
500.1387
 20
-107.6812
 10
500.1387
 20
-107.5004
 10
499.9387
 20
-107.5004
  0
TEXT
  5
8D7
330
17
100
AcDbEntity
  8
PLAN-CORTE-TEXTOS
100
AcDbText
 10
500.0387
 20
-107.5908
 30
0.0
 40
0.045
  1
SOBRA
 72
1
 11
500.0387
 21
-107.5908
 31
0.0
100
AcDbText
 73
2
  0
LWPOLYLINE
  5
8D8
330
17
100
AcDbEntity
  8
PLAN-CORTE-PIEZAS-A-ABRIR
100
AcDbPolyline
 90
4
 70
1
 10
500.5887
 20
-108.7004
 10
500.7887
 20
-108.7004
 10
500.7887
 20
-107.5004
 10
500.5887
 20
-107.5004
  0
TEXT
  5
8D9
330
17
100
AcDbEntity
  8
PLAN-CORTE-TEXTOS
100
AcDbText
 10
500.68870000000004
 20
-107.3604
 30
0.0
 40
0.06
  1
RW-18
 72
1
 11
500.68870000000004
 21
-107.3604
 31
0.0
100
AcDbText
 73
2
  0
LWPOLYLINE
  5
8DA
330
17
100
AcDbEntity
  8
PLAN-CORTE-RECORTES
100
AcDbPolyline
 90
4
 70
1
 10
500.5887
 20
-108.7004
 10
500.7887
 20
-108.7004
 10
500.7887
 20
-107.5894
 10
500.5887
 20
-107.5894
  0
TEXT
  5
8DB
330
17
100
AcDbEntity
  8
PLAN-CORTE-TEXTOS
100
AcDbText
 10
500.68870000000004
 20
-108.1449
 30
0.0
 40
0.035
  1
PA-R-152
 50
90.0
 72
1
 11
500.68870000000004
 21
-108.1449
 31
0.0
100
AcDbText
 73
2
  0
LWPOLYLINE
  5
8DC
330
17
100
AcDbEntity
  8
PLAN-CORTE-DESPERDICIO
100
AcDbPolyline
 90
4
 70
1
 10
500.5887
 20
-107.5894
 10
500.7887
 20
-107.5894
 10
500.7887
 20
-107.5004
 10
500.5887
 20
-107.5004
  0
LWPOLYLINE
  5
8DD
330
17
100
AcDbEntity
  8
PLAN-CORTE-PIEZAS-A-ABRIR
100
AcDbPolyline
 90
4
 70
1
 10
501.2387
 20
-108.7004
 10
501.4387
 20
-108.7004
 10
501.4387
 20
-107.5004
 10
501.2387
 20
-107.5004
  0
TEXT
  5
8DE
330
17
100
AcDbEntity
  8
PLAN-CORTE-TEXTOS
100
AcDbText
 10
501.3387
 20
-107.3604
 30
0.0
 40
0.06
  1
RW-19
 72
1
 11
501.3387
 21
-107.3604
 31
0.0
100
AcDbText
 73
2
  0
LWPOLYLINE
  5
8DF
330
17
100
AcDbEntity
  8
PLAN-CORTE-RECORTES
100
AcDbPolyline
 90
4
 70
1
 10
501.2387
 20
-108.7004
 10
501.4387
 20
-108.7004
 10
501.4387
 20
-107.5903
 10
501.2387
 20
-107.5903
  0
TEXT
  5
8E0
330
17
100
AcDbEntity
  8
PLAN-CORTE-TEXTOS
100
AcDbText
 10
501.3387
 20
-108.14535000000001
 30
0.0
 40
0.035
  1
PA-R-087
 50
90.0
 72
1
 11
501.3387
 21
-108.14535000000001
 31
0.0
100
AcDbText
 73
2
  0
LWPOLYLINE
  5
8E1
330
17
100
AcDbEntity
  8
PLAN-CORTE-DESPERDICIO
100
AcDbPolyline
 90
4
 70
1
 10
501.2387
 20
-107.5903
 10
501.4387
 20
-107.5903
 10
501.4387
 20
-107.5004
 10
501.2387
 20
-107.5004
  0
LWPOLYLINE
  5
8E2
330
17
100
AcDbEntity
  8
PLAN-CORTE-PIEZAS-A-ABRIR
100
AcDbPolyline
 90
4
 70
1
 10
501.88870000000003
 20
-108.7004
 10
502.0887
 20
-108.7004
 10
502.0887
 20
-107.5004
 10
501.88870000000003
 20
-107.5004
  0
TEXT
  5
8E3
330
17
100
AcDbEntity
  8
PLAN-CORTE-TEXTOS
100
AcDbText
 10
501.98870000000005
 20
-107.3604
 30
0.0
 40
0.06
  1
RW-20
 72
1
 11
501.98870000000005
 21
-107.3604
 31
0.0
100
AcDbText
 73
2
  0
LWPOLYLINE
  5
8E4
330
17
100
AcDbEntity
  8
PLAN-CORTE-RECORTES
100
AcDbPolyline
 90
4
 70
1
 10
501.88870000000003
 20
-108.7004
 10
502.0887
 20
-108.7004
 10
502.0887
 20
-107.5894
 10
501.88870000000003
 20
-107.5894
  0
TEXT
  5
8E5
330
17
100
AcDbEntity
  8
PLAN-CORTE-TEXTOS
100
AcDbText
 10
501.98870000000005
 20
-108.1449
 30
0.0
 40
0.035
  1
PA-R-153
 50
90.0
 72
1
 11
501.98870000000005
 21
-108.1449
 31
0.0
100
AcDbText
 73
2
  0
LWPOLYLINE
  5
8E6
330
17
100
AcDbEntity
  8
PLAN-CORTE-DESPERDICIO
100
AcDbPolyline
 90
4
 70
1
 10
501.88870000000003
 20
-107.5894
 10
502.0887
 20
-107.5894
 10
502.0887
 20
-107.5004
 10
501.88870000000003
 20
-107.5004
  0
LWPOLYLINE
  5
8E7
330
17
100
AcDbEntity
  8
PLAN-CORTE-PIEZAS-A-ABRIR
100
AcDbPolyline
 90
4
 70
1
 10
502.5387
 20
-108.7004
 10
502.7387
 20
-108.7004
 10
502.7387
 20
-107.5004
 10
502.5387
 20
-107.5004
  0
TEXT
  5
8E8
330
17
100
AcDbEntity
  8
PLAN-CORTE-TEXTOS
100
AcDbText
 10
502.63870000000003
 20
-107.3604
 30
0.0
 40
0.06
  1
RW-21
 72
1
 11
502.63870000000003
 21
-107.3604
 31
0.0
100
AcDbText
 73
2
  0
LWPOLYLINE
  5
8E9
330
17
100
AcDbEntity
  8
PLAN-CORTE-RECORTES
100
AcDbPolyline
 90
4
 70
1
 10
502.5387
 20
-108.7004
 10
502.7387
 20
-108.7004
 10
502.7387
 20
-107.5903
 10
502.5387
 20
-107.5903
  0
TEXT
  5
8EA
330
17
100
AcDbEntity
  8
PLAN-CORTE-TEXTOS
100
AcDbText
 10
502.63870000000003
 20
-108.14535000000001
 30
0.0
 40
0.035
  1
PA-R-088
 50
90.0
 72
1
 11
502.63870000000003
 21
-108.14535000000001
 31
0.0
100
AcDbText
 73
2
  0
LWPOLYLINE
  5
8EB
330
17
100
AcDbEntity
  8
PLAN-CORTE-DESPERDICIO
100
AcDbPolyline
 90
4
 70
1
 10
502.5387
 20
-107.5903
 10
502.7387
 20
-107.5903
 10
502.7387
 20
-107.5004
 10
502.5387
 20
-107.5004
  0
LWPOLYLINE
  5
8EC
330
17
100
AcDbEntity
  8
PLAN-CORTE-PIEZAS-A-ABRIR
100
AcDbPolyline
 90
4
 70
1
 10
503.1887
 20
-108.7004
 10
503.3887
 20
-108.7004
 10
503.3887
 20
-107.5004
 10
503.1887
 20
-107.5004
  0
TEXT
  5
8ED
330
17
100
AcDbEntity
  8
PLAN-CORTE-TEXTOS
100
AcDbText
 10
503.2887
 20
-107.3604
 30
0.0
 40
0.06
  1
RW-22
 72
1
 11
503.2887
 21
-107.3604
 31
0.0
100
AcDbText
 73
2
  0
LWPOLYLINE
  5
8EE
330
17
100
AcDbEntity
  8
PLAN-CORTE-RECORTES
100
AcDbPolyline
 90
4
 70
1
 10
503.1887
 20
-108.7004
 10
503.3887
 20
-108.7004
 10
503.3887
 20
-107.65090000000001
 10
503.1887
 20
-107.65090000000001
  0
TEXT
  5
8EF
330
17
100
AcDbEntity
  8
PLAN-CORTE-TEXTOS
100
AcDbText
 10
503.2887
 20
-108.17565
 30
0.0
 40
0.035
  1
PA-R-127
 50
90.0
 72
1
 11
503.2887
 21
-108.17565
 31
0.0
100
AcDbText
 73
2
  0
LWPOLYLINE
  5
8F0
330
17
100
AcDbEntity
  8
PLAN-CORTE-SOBRANTES
100
AcDbPolyline
 90
4
 70
1
 10
503.1887
 20
-107.65090000000001
 10
503.3887
 20
-107.65090000000001
 10
503.3887
 20
-107.50040000000001
 10
503.1887
 20
-107.50040000000001
  0
TEXT
  5
8F1
330
17
100
AcDbEntity
  8
PLAN-CORTE-TEXTOS
100
AcDbText
 10
503.2887
 20
-107.57565000000001
 30
0.0
 40
0.045
  1
SOBRA
 72
1
 11
503.2887
 21
-107.57565000000001
 31
0.0
100
AcDbText
 73
2
  0
LWPOLYLINE
  5
8F2
330
17
100
AcDbEntity
  8
PLAN-CORTE-PIEZAS-A-ABRIR
100
AcDbPolyline
 90
4
 70
1
 10
489.5387
 20
-110.6004
 10
489.7387
 20
-110.6004
 10
489.7387
 20
-109.40039999999999
 10
489.5387
 20
-109.40039999999999
  0
TEXT
  5
8F3
330
17
100
AcDbEntity
  8
PLAN-CORTE-TEXTOS
100
AcDbText
 10
489.63870000000003
 20
-109.26039999999999
 30
0.0
 40
0.06
  1
RW-23
 72
1
 11
489.63870000000003
 21
-109.26039999999999
 31
0.0
100
AcDbText
 73
2
  0
LWPOLYLINE
  5
8F4
330
17
100
AcDbEntity
  8
PLAN-CORTE-RECORTES
100
AcDbPolyline
 90
4
 70
1
 10
489.5387
 20
-110.6004
 10
489.7387
 20
-110.6004
 10
489.7387
 20
-109.48939999999999
 10
489.5387
 20
-109.48939999999999
  0
TEXT
  5
8F5
330
17
100
AcDbEntity
  8
PLAN-CORTE-TEXTOS
100
AcDbText
 10
489.63870000000003
 20
-110.0449
 30
0.0
 40
0.035
  1
PA-R-154
 50
90.0
 72
1
 11
489.63870000000003
 21
-110.0449
 31
0.0
100
AcDbText
 73
2
  0
LWPOLYLINE
  5
8F6
330
17
100
AcDbEntity
  8
PLAN-CORTE-DESPERDICIO
100
AcDbPolyline
 90
4
 70
1
 10
489.5387
 20
-109.48939999999999
 10
489.7387
 20
-109.48939999999999
 10
489.7387
 20
-109.40039999999999
 10
489.5387
 20
-109.40039999999999
  0
LWPOLYLINE
  5
8F7
330
17
100
AcDbEntity
  8
PLAN-CORTE-PIEZAS-A-ABRIR
100
AcDbPolyline
 90
4
 70
1
 10
490.1887
 20
-110.6004
 10
490.3887
 20
-110.6004
 10
490.3887
 20
-109.40039999999999
 10
490.1887
 20
-109.40039999999999
  0
TEXT
  5
8F8
330
17
100
AcDbEntity
  8
PLAN-CORTE-TEXTOS
100
AcDbText
 10
490.2887
 20
-109.26039999999999
 30
0.0
 40
0.06
  1
RW-24
 72
1
 11
490.2887
 21
-109.26039999999999
 31
0.0
100
AcDbText
 73
2
  0
LWPOLYLINE
  5
8F9
330
17
100
AcDbEntity
  8
PLAN-CORTE-RECORTES
100
AcDbPolyline
 90
4
 70
1
 10
490.1887
 20
-110.6004
 10
490.3887
 20
-110.6004
 10
490.3887
 20
-109.49029999999999
 10
490.1887
 20
-109.49029999999999
  0
TEXT
  5
8FA
330
17
100
AcDbEntity
  8
PLAN-CORTE-TEXTOS
100
AcDbText
 10
490.2887
 20
-110.04535
 30
0.0
 40
0.035
  1
PA-R-089
 50
90.0
 72
1
 11
490.2887
 21
-110.04535
 31
0.0
100
AcDbText
 73
2
  0
LWPOLYLINE
  5
8FB
330
17
100
AcDbEntity
  8
PLAN-CORTE-DESPERDICIO
100
AcDbPolyline
 90
4
 70
1
 10
490.1887
 20
-109.49029999999999
 10
490.3887
 20
-109.49029999999999
 10
490.3887
 20
-109.40039999999999
 10
490.1887
 20
-109.40039999999999
  0
LWPOLYLINE
  5
8FC
330
17
100
AcDbEntity
  8
PLAN-CORTE-PIEZAS-A-ABRIR
100
AcDbPolyline
 90
4
 70
1
 10
490.8387
 20
-110.6004
 10
491.0387
 20
-110.6004
 10
491.0387
 20
-109.40039999999999
 10
490.8387
 20
-109.40039999999999
  0
TEXT
  5
8FD
330
17
100
AcDbEntity
  8
PLAN-CORTE-TEXTOS
100
AcDbText
 10
490.93870000000004
 20
-109.26039999999999
 30
0.0
 40
0.06
  1
RW-25
 72
1
 11
490.93870000000004
 21
-109.26039999999999
 31
0.0
100
AcDbText
 73
2
  0
LWPOLYLINE
  5
8FE
330
17
100
AcDbEntity
  8
PLAN-CORTE-RECORTES
100
AcDbPolyline
 90
4
 70
1
 10
490.8387
 20
-110.6004
 10
491.0387
 20
-110.6004
 10
491.0387
 20
-110.00089999999999
 10
490.8387
 20
-110.00089999999999
  0
TEXT
  5
8FF
330
17
100
AcDbEntity
  8
PLAN-CORTE-TEXTOS
100
AcDbText
 10
490.93870000000004
 20
-110.30064999999999
 30
0.0
 40
0.035
  1
PA-R-142
 50
90.0
 72
1
 11
490.93870000000004
 21
-110.30064999999999
 31
0.0
100
AcDbText
 73
2
  0
LWPOLYLINE
  5
900
330
17
100
AcDbEntity
  8
PLAN-CORTE-RECORTES
100
AcDbPolyline
 90
4
 70
1
 10
490.8387
 20
-110.00089999999999
 10
491.0387
 20
-110.00089999999999
 10
491.0387
 20
-109.40139999999998
 10
490.8387
 20
-109.40139999999998
  0
TEXT
  5
901
330
17
100
AcDbEntity
  8
PLAN-CORTE-TEXTOS
100
AcDbText
 10
490.93870000000004
 20
-109.70114999999998
 30
0.0
 40
0.026859318996415773
  1
PA-R-141 (DE SOBRA DE PA-R-142)
 50
90.0
 72
1
 11
490.93870000000004
 21
-109.70114999999998
 31
0.0
100
AcDbText
 73
2
  0
LWPOLYLINE
  5
902
330
17
100
AcDbEntity
  8
PLAN-CORTE-PIEZAS-A-ABRIR
100
AcDbPolyline
 90
4
 70
1
 10
491.4887
 20
-110.6004
 10
491.6887
 20
-110.6004
 10
491.6887
 20
-109.40039999999999
 10
491.4887
 20
-109.40039999999999
  0
TEXT
  5
903
330
17
100
AcDbEntity
  8
PLAN-CORTE-TEXTOS
100
AcDbText
 10
491.5887
 20
-109.26039999999999
 30
0.0
 40
0.06
  1
RW-26
 72
1
 11
491.5887
 21
-109.26039999999999
 31
0.0
100
AcDbText
 73
2
  0
LWPOLYLINE
  5
904
330
17
100
AcDbEntity
  8
PLAN-CORTE-RECORTES
100
AcDbPolyline
 90
4
 70
1
 10
491.4887
 20
-110.6004
 10
491.6887
 20
-110.6004
 10
491.6887
 20
-110.09079999999999
 10
491.4887
 20
-110.09079999999999
  0
TEXT
  5
905
330
17
100
AcDbEntity
  8
PLAN-CORTE-TEXTOS
100
AcDbText
 10
491.5887
 20
-110.34559999999999
 30
0.0
 40
0.035
  1
PA-R-103
 50
90.0
 72
1
 11
491.5887
 21
-110.34559999999999
 31
0.0
100
AcDbText
 73
2
  0
LWPOLYLINE
  5
906
330
17
100
AcDbEntity
  8
PLAN-CORTE-RECORTES
100
AcDbPolyline
 90
4
 70
1
 10
491.4887
 20
-110.09079999999999
 10
491.6887
 20
-110.09079999999999
 10
491.6887
 20
-109.58119999999998
 10
491.4887
 20
-109.58119999999998
  0
TEXT
  5
907
330
17
100
AcDbEntity
  8
PLAN-CORTE-TEXTOS
100
AcDbText
 10
491.5887
 20
-109.83599999999998
 30
0.0
 40
0.022831541218637993
  1
PA-R-102 (DE SOBRA DE PA-R-103)
 50
90.0
 72
1
 11
491.5887
 21
-109.83599999999998
 31
0.0
100
AcDbText
 73
2
  0
LWPOLYLINE
  5
908
330
17
100
AcDbEntity
  8
PLAN-CORTE-SOBRANTES
100
AcDbPolyline
 90
4
 70
1
 10
491.4887
 20
-109.5812
 10
491.6887
 20
-109.5812
 10
491.6887
 20
-109.40039999999999
 10
491.4887
 20
-109.40039999999999
  0
TEXT
  5
909
330
17
100
AcDbEntity
  8
PLAN-CORTE-TEXTOS
100
AcDbText
 10
491.5887
 20
-109.4908
 30
0.0
 40
0.045
  1
SOBRA
 72
1
 11
491.5887
 21
-109.4908
 31
0.0
100
AcDbText
 73
2
  0
LWPOLYLINE
  5
90A
330
17
100
AcDbEntity
  8
PLAN-CORTE-PIEZAS-A-ABRIR
100
AcDbPolyline
 90
4
 70
1
 10
492.13870000000003
 20
-110.6004
 10
492.3387
 20
-110.6004
 10
492.3387
 20
-109.40039999999999
 10
492.13870000000003
 20
-109.40039999999999
  0
TEXT
  5
90B
330
17
100
AcDbEntity
  8
PLAN-CORTE-TEXTOS
100
AcDbText
 10
492.23870000000005
 20
-109.26039999999999
 30
0.0
 40
0.06
  1
RW-27
 72
1
 11
492.23870000000005
 21
-109.26039999999999
 31
0.0
100
AcDbText
 73
2
  0
LWPOLYLINE
  5
90C
330
17
100
AcDbEntity
  8
PLAN-CORTE-RECORTES
100
AcDbPolyline
 90
4
 70
1
 10
492.13870000000003
 20
-110.6004
 10
492.3387
 20
-110.6004
 10
492.3387
 20
-109.49029999999999
 10
492.13870000000003
 20
-109.49029999999999
  0
TEXT
  5
90D
330
17
100
AcDbEntity
  8
PLAN-CORTE-TEXTOS
100
AcDbText
 10
492.23870000000005
 20
-110.04535
 30
0.0
 40
0.035
  1
PA-R-090
 50
90.0
 72
1
 11
492.23870000000005
 21
-110.04535
 31
0.0
100
AcDbText
 73
2
  0
LWPOLYLINE
  5
90E
330
17
100
AcDbEntity
  8
PLAN-CORTE-DESPERDICIO
100
AcDbPolyline
 90
4
 70
1
 10
492.13870000000003
 20
-109.49029999999999
 10
492.3387
 20
-109.49029999999999
 10
492.3387
 20
-109.40039999999999
 10
492.13870000000003
 20
-109.40039999999999
  0
LWPOLYLINE
  5
90F
330
17
100
AcDbEntity
  8
PLAN-CORTE-PIEZAS-A-ABRIR
100
AcDbPolyline
 90
4
 70
1
 10
492.7887
 20
-110.6004
 10
492.9887
 20
-110.6004
 10
492.9887
 20
-109.40039999999999
 10
492.7887
 20
-109.40039999999999
  0
TEXT
  5
910
330
17
100
AcDbEntity
  8
PLAN-CORTE-TEXTOS
100
AcDbText
 10
492.88870000000003
 20
-109.26039999999999
 30
0.0
 40
0.06
  1
RW-28
 72
1
 11
492.88870000000003
 21
-109.26039999999999
 31
0.0
100
AcDbText
 73
2
  0
LWPOLYLINE
  5
911
330
17
100
AcDbEntity
  8
PLAN-CORTE-RECORTES
100
AcDbPolyline
 90
4
 70
1
 10
492.7887
 20
-110.6004
 10
492.9657
 20
-110.6004
 10
492.9657
 20
-109.5509
 10
492.7887
 20
-109.5509
  0
TEXT
  5
912
330
17
100
AcDbEntity
  8
PLAN-CORTE-TEXTOS
100
AcDbText
 10
492.8772
 20
-110.07565
 30
0.0
 40
0.035
  1
PA-R-126
 50
90.0
 72
1
 11
492.8772
 21
-110.07565
 31
0.0
100
AcDbText
 73
2
  0
LWPOLYLINE
  5
913
330
17
100
AcDbEntity
  8
PLAN-CORTE-SOBRANTES
100
AcDbPolyline
 90
4
 70
1
 10
492.7887
 20
-109.5509
 10
492.9887
 20
-109.5509
 10
492.9887
 20
-109.4004
 10
492.7887
 20
-109.4004
  0
TEXT
  5
914
330
17
100
AcDbEntity
  8
PLAN-CORTE-TEXTOS
100
AcDbText
 10
492.88870000000003
 20
-109.47565
 30
0.0
 40
0.045
  1
SOBRA
 72
1
 11
492.88870000000003
 21
-109.47565
 31
0.0
100
AcDbText
 73
2
  0
LWPOLYLINE
  5
915
330
17
100
AcDbEntity
  8
PLAN-CORTE-DESPERDICIO
100
AcDbPolyline
 90
4
 70
1
 10
492.9657
 20
-110.6004
 10
492.98870000000005
 20
-110.6004
 10
492.98870000000005
 20
-109.5509
 10
492.9657
 20
-109.5509
  0
LWPOLYLINE
  5
916
330
17
100
AcDbEntity
  8
PLAN-CORTE-PIEZAS-A-ABRIR
100
AcDbPolyline
 90
4
 70
1
 10
493.4387
 20
-110.6004
 10
493.6387
 20
-110.6004
 10
493.6387
 20
-109.40039999999999
 10
493.4387
 20
-109.40039999999999
  0
TEXT
  5
917
330
17
100
AcDbEntity
  8
PLAN-CORTE-TEXTOS
100
AcDbText
 10
493.5387
 20
-109.26039999999999
 30
0.0
 40
0.06
  1
RW-29
 72
1
 11
493.5387
 21
-109.26039999999999
 31
0.0
100
AcDbText
 73
2
  0
LWPOLYLINE
  5
918
330
17
100
AcDbEntity
  8
PLAN-CORTE-RECORTES
100
AcDbPolyline
 90
4
 70
1
 10
493.4387
 20
-110.6004
 10
493.6387
 20
-110.6004
 10
493.6387
 20
-109.49029999999999
 10
493.4387
 20
-109.49029999999999
  0
TEXT
  5
919
330
17
100
AcDbEntity
  8
PLAN-CORTE-TEXTOS
100
AcDbText
 10
493.5387
 20
-110.04535
 30
0.0
 40
0.035
  1
PA-R-091
 50
90.0
 72
1
 11
493.5387
 21
-110.04535
 31
0.0
100
AcDbText
 73
2
  0
LWPOLYLINE
  5
91A
330
17
100
AcDbEntity
  8
PLAN-CORTE-DESPERDICIO
100
AcDbPolyline
 90
4
 70
1
 10
493.4387
 20
-109.49029999999999
 10
493.6387
 20
-109.49029999999999
 10
493.6387
 20
-109.40039999999999
 10
493.4387
 20
-109.40039999999999
  0
LWPOLYLINE
  5
91B
330
17
100
AcDbEntity
  8
PLAN-CORTE-PIEZAS-A-ABRIR
100
AcDbPolyline
 90
4
 70
1
 10
494.0887
 20
-110.6004
 10
494.2887
 20
-110.6004
 10
494.2887
 20
-109.40039999999999
 10
494.0887
 20
-109.40039999999999
  0
TEXT
  5
91C
330
17
100
AcDbEntity
  8
PLAN-CORTE-TEXTOS
100
AcDbText
 10
494.18870000000004
 20
-109.26039999999999
 30
0.0
 40
0.06
  1
RW-30
 72
1
 11
494.18870000000004
 21
-109.26039999999999
 31
0.0
100
AcDbText
 73
2
  0
LWPOLYLINE
  5
91D
330
17
100
AcDbEntity
  8
PLAN-CORTE-RECORTES
100
AcDbPolyline
 90
4
 70
1
 10
494.0887
 20
-110.6004
 10
494.2887
 20
-110.6004
 10
494.2887
 20
-110.0899
 10
494.0887
 20
-110.0899
  0
TEXT
  5
91E
330
17
100
AcDbEntity
  8
PLAN-CORTE-TEXTOS
100
AcDbText
 10
494.18870000000004
 20
-110.34514999999999
 30
0.0
 40
0.035
  1
PA-R-146
 50
90.0
 72
1
 11
494.18870000000004
 21
-110.34514999999999
 31
0.0
100
AcDbText
 73
2
  0
LWPOLYLINE
  5
91F
330
17
100
AcDbEntity
  8
PLAN-CORTE-RECORTES
100
AcDbPolyline
 90
4
 70
1
 10
494.0887
 20
-110.0899
 10
494.2887
 20
-110.0899
 10
494.2887
 20
-109.5794
 10
494.0887
 20
-109.5794
  0
TEXT
  5
920
330
17
100
AcDbEntity
  8
PLAN-CORTE-TEXTOS
100
AcDbText
 10
494.18870000000004
 20
-109.83465
 30
0.0
 40
0.022871863799283153
  1
PA-R-145 (DE SOBRA DE PA-R-146)
 50
90.0
 72
1
 11
494.18870000000004
 21
-109.83465
 31
0.0
100
AcDbText
 73
2
  0
LWPOLYLINE
  5
921
330
17
100
AcDbEntity
  8
PLAN-CORTE-SOBRANTES
100
AcDbPolyline
 90
4
 70
1
 10
494.0887
 20
-109.57939999999999
 10
494.2887
 20
-109.57939999999999
 10
494.2887
 20
-109.40039999999999
 10
494.0887
 20
-109.40039999999999
  0
TEXT
  5
922
330
17
100
AcDbEntity
  8
PLAN-CORTE-TEXTOS
100
AcDbText
 10
494.18870000000004
 20
-109.48989999999999
 30
0.0
 40
0.045
  1
SOBRA
 72
1
 11
494.18870000000004
 21
-109.48989999999999
 31
0.0
100
AcDbText
 73
2
  0
LWPOLYLINE
  5
923
330
17
100
AcDbEntity
  8
PLAN-CORTE-PIEZAS-A-ABRIR
100
AcDbPolyline
 90
4
 70
1
 10
494.7387
 20
-110.6004
 10
494.9387
 20
-110.6004
 10
494.9387
 20
-109.40039999999999
 10
494.7387
 20
-109.40039999999999
  0
TEXT
  5
924
330
17
100
AcDbEntity
  8
PLAN-CORTE-TEXTOS
100
AcDbText
 10
494.8387
 20
-109.26039999999999
 30
0.0
 40
0.06
  1
RW-31
 72
1
 11
494.8387
 21
-109.26039999999999
 31
0.0
100
AcDbText
 73
2
  0
LWPOLYLINE
  5
925
330
17
100
AcDbEntity
  8
PLAN-CORTE-RECORTES
100
AcDbPolyline
 90
4
 70
1
 10
494.7387
 20
-110.6004
 10
494.9387
 20
-110.6004
 10
494.9387
 20
-110.09079999999999
 10
494.7387
 20
-110.09079999999999
  0
TEXT
  5
926
330
17
100
AcDbEntity
  8
PLAN-CORTE-TEXTOS
100
AcDbText
 10
494.8387
 20
-110.34559999999999
 30
0.0
 40
0.035
  1
PA-R-105
 50
90.0
 72
1
 11
494.8387
 21
-110.34559999999999
 31
0.0
100
AcDbText
 73
2
  0
LWPOLYLINE
  5
927
330
17
100
AcDbEntity
  8
PLAN-CORTE-RECORTES
100
AcDbPolyline
 90
4
 70
1
 10
494.7387
 20
-110.09079999999999
 10
494.9387
 20
-110.09079999999999
 10
494.9387
 20
-109.58119999999998
 10
494.7387
 20
-109.58119999999998
  0
TEXT
  5
928
330
17
100
AcDbEntity
  8
PLAN-CORTE-TEXTOS
100
AcDbText
 10
494.8387
 20
-109.83599999999998
 30
0.0
 40
0.022831541218637993
  1
PA-R-104 (DE SOBRA DE PA-R-105)
 50
90.0
 72
1
 11
494.8387
 21
-109.83599999999998
 31
0.0
100
AcDbText
 73
2
  0
LWPOLYLINE
  5
929
330
17
100
AcDbEntity
  8
PLAN-CORTE-SOBRANTES
100
AcDbPolyline
 90
4
 70
1
 10
494.7387
 20
-109.5812
 10
494.9387
 20
-109.5812
 10
494.9387
 20
-109.40039999999999
 10
494.7387
 20
-109.40039999999999
  0
TEXT
  5
92A
330
17
100
AcDbEntity
  8
PLAN-CORTE-TEXTOS
100
AcDbText
 10
494.8387
 20
-109.4908
 30
0.0
 40
0.045
  1
SOBRA
 72
1
 11
494.8387
 21
-109.4908
 31
0.0
100
AcDbText
 73
2
  0
LWPOLYLINE
  5
92B
330
17
100
AcDbEntity
  8
PLAN-CORTE-PIEZAS-A-ABRIR
100
AcDbPolyline
 90
4
 70
1
 10
495.38870000000003
 20
-110.6004
 10
495.5887
 20
-110.6004
 10
495.5887
 20
-109.40039999999999
 10
495.38870000000003
 20
-109.40039999999999
  0
TEXT
  5
92C
330
17
100
AcDbEntity
  8
PLAN-CORTE-TEXTOS
100
AcDbText
 10
495.48870000000005
 20
-109.26039999999999
 30
0.0
 40
0.06
  1
RW-32
 72
1
 11
495.48870000000005
 21
-109.26039999999999
 31
0.0
100
AcDbText
 73
2
  0
LWPOLYLINE
  5
92D
330
17
100
AcDbEntity
  8
PLAN-CORTE-RECORTES
100
AcDbPolyline
 90
4
 70
1
 10
495.38870000000003
 20
-110.6004
 10
495.5887
 20
-110.6004
 10
495.5887
 20
-109.48939999999999
 10
495.38870000000003
 20
-109.48939999999999
  0
TEXT
  5
92E
330
17
100
AcDbEntity
  8
PLAN-CORTE-TEXTOS
100
AcDbText
 10
495.48870000000005
 20
-110.0449
 30
0.0
 40
0.035
  1
PA-R-155
 50
90.0
 72
1
 11
495.48870000000005
 21
-110.0449
 31
0.0
100
AcDbText
 73
2
  0
LWPOLYLINE
  5
92F
330
17
100
AcDbEntity
  8
PLAN-CORTE-DESPERDICIO
100
AcDbPolyline
 90
4
 70
1
 10
495.38870000000003
 20
-109.48939999999999
 10
495.5887
 20
-109.48939999999999
 10
495.5887
 20
-109.40039999999999
 10
495.38870000000003
 20
-109.40039999999999
  0
LWPOLYLINE
  5
930
330
17
100
AcDbEntity
  8
PLAN-CORTE-PIEZAS-A-ABRIR
100
AcDbPolyline
 90
4
 70
1
 10
496.0387
 20
-110.6004
 10
496.2387
 20
-110.6004
 10
496.2387
 20
-109.40039999999999
 10
496.0387
 20
-109.40039999999999
  0
TEXT
  5
931
330
17
100
AcDbEntity
  8
PLAN-CORTE-TEXTOS
100
AcDbText
 10
496.13870000000003
 20
-109.26039999999999
 30
0.0
 40
0.06
  1
RW-33
 72
1
 11
496.13870000000003
 21
-109.26039999999999
 31
0.0
100
AcDbText
 73
2
  0
LWPOLYLINE
  5
932
330
17
100
AcDbEntity
  8
PLAN-CORTE-RECORTES
100
AcDbPolyline
 90
4
 70
1
 10
496.0387
 20
-110.6004
 10
496.2387
 20
-110.6004
 10
496.2387
 20
-109.49029999999999
 10
496.0387
 20
-109.49029999999999
  0
TEXT
  5
933
330
17
100
AcDbEntity
  8
PLAN-CORTE-TEXTOS
100
AcDbText
 10
496.13870000000003
 20
-110.04535
 30
0.0
 40
0.035
  1
PA-R-092
 50
90.0
 72
1
 11
496.13870000000003
 21
-110.04535
 31
0.0
100
AcDbText
 73
2
  0
LWPOLYLINE
  5
934
330
17
100
AcDbEntity
  8
PLAN-CORTE-DESPERDICIO
100
AcDbPolyline
 90
4
 70
1
 10
496.0387
 20
-109.49029999999999
 10
496.2387
 20
-109.49029999999999
 10
496.2387
 20
-109.40039999999999
 10
496.0387
 20
-109.40039999999999
  0
LWPOLYLINE
  5
935
330
17
100
AcDbEntity
  8
PLAN-CORTE-PIEZAS-A-ABRIR
100
AcDbPolyline
 90
4
 70
1
 10
496.6887
 20
-110.6004
 10
496.8887
 20
-110.6004
 10
496.8887
 20
-109.40039999999999
 10
496.6887
 20
-109.40039999999999
  0
TEXT
  5
936
330
17
100
AcDbEntity
  8
PLAN-CORTE-TEXTOS
100
AcDbText
 10
496.7887
 20
-109.26039999999999
 30
0.0
 40
0.06
  1
RW-34
 72
1
 11
496.7887
 21
-109.26039999999999
 31
0.0
100
AcDbText
 73
2
  0
LWPOLYLINE
  5
937
330
17
100
AcDbEntity
  8
PLAN-CORTE-RECORTES
100
AcDbPolyline
 90
4
 70
1
 10
496.6887
 20
-110.6004
 10
496.8657
 20
-110.6004
 10
496.8657
 20
-109.40039999999999
 10
496.6887
 20
-109.40039999999999
  0
TEXT
  5
938
330
17
100
AcDbEntity
  8
PLAN-CORTE-TEXTOS
100
AcDbText
 10
496.7772
 20
-110.0004
 30
0.0
 40
0.035
  1
PA-R-111
 50
90.0
 72
1
 11
496.7772
 21
-110.0004
 31
0.0
100
AcDbText
 73
2
  0
LWPOLYLINE
  5
939
330
17
100
AcDbEntity
  8
PLAN-CORTE-DESPERDICIO
100
AcDbPolyline
 90
4
 70
1
 10
496.8657
 20
-110.6004
 10
496.88870000000003
 20
-110.6004
 10
496.88870000000003
 20
-109.40039999999999
 10
496.8657
 20
-109.40039999999999
  0
LWPOLYLINE
  5
93A
330
17
100
AcDbEntity
  8
PLAN-CORTE-PIEZAS-A-ABRIR
100
AcDbPolyline
 90
4
 70
1
 10
497.3387
 20
-110.6004
 10
497.5387
 20
-110.6004
 10
497.5387
 20
-109.40039999999999
 10
497.3387
 20
-109.40039999999999
  0
TEXT
  5
93B
330
17
100
AcDbEntity
  8
PLAN-CORTE-TEXTOS
100
AcDbText
 10
497.43870000000004
 20
-109.26039999999999
 30
0.0
 40
0.06
  1
RW-35
 72
1
 11
497.43870000000004
 21
-109.26039999999999
 31
0.0
100
AcDbText
 73
2
  0
LWPOLYLINE
  5
93C
330
17
100
AcDbEntity
  8
PLAN-CORTE-RECORTES
100
AcDbPolyline
 90
4
 70
1
 10
497.3387
 20
-110.6004
 10
497.5387
 20
-110.6004
 10
497.5387
 20
-109.48939999999999
 10
497.3387
 20
-109.48939999999999
  0
TEXT
  5
93D
330
17
100
AcDbEntity
  8
PLAN-CORTE-TEXTOS
100
AcDbText
 10
497.43870000000004
 20
-110.0449
 30
0.0
 40
0.035
  1
PA-R-156
 50
90.0
 72
1
 11
497.43870000000004
 21
-110.0449
 31
0.0
100
AcDbText
 73
2
  0
LWPOLYLINE
  5
93E
330
17
100
AcDbEntity
  8
PLAN-CORTE-DESPERDICIO
100
AcDbPolyline
 90
4
 70
1
 10
497.3387
 20
-109.48939999999999
 10
497.5387
 20
-109.48939999999999
 10
497.5387
 20
-109.40039999999999
 10
497.3387
 20
-109.40039999999999
  0
LWPOLYLINE
  5
93F
330
17
100
AcDbEntity
  8
PLAN-CORTE-PIEZAS-A-ABRIR
100
AcDbPolyline
 90
4
 70
1
 10
497.9887
 20
-110.6004
 10
498.1887
 20
-110.6004
 10
498.1887
 20
-109.40039999999999
 10
497.9887
 20
-109.40039999999999
  0
TEXT
  5
940
330
17
100
AcDbEntity
  8
PLAN-CORTE-TEXTOS
100
AcDbText
 10
498.0887
 20
-109.26039999999999
 30
0.0
 40
0.06
  1
RW-36
 72
1
 11
498.0887
 21
-109.26039999999999
 31
0.0
100
AcDbText
 73
2
  0
LWPOLYLINE
  5
941
330
17
100
AcDbEntity
  8
PLAN-CORTE-RECORTES
100
AcDbPolyline
 90
4
 70
1
 10
497.9887
 20
-110.6004
 10
498.1887
 20
-110.6004
 10
498.1887
 20
-109.49029999999999
 10
497.9887
 20
-109.49029999999999
  0
TEXT
  5
942
330
17
100
AcDbEntity
  8
PLAN-CORTE-TEXTOS
100
AcDbText
 10
498.0887
 20
-110.04535
 30
0.0
 40
0.035
  1
PA-R-093
 50
90.0
 72
1
 11
498.0887
 21
-110.04535
 31
0.0
100
AcDbText
 73
2
  0
LWPOLYLINE
  5
943
330
17
100
AcDbEntity
  8
PLAN-CORTE-DESPERDICIO
100
AcDbPolyline
 90
4
 70
1
 10
497.9887
 20
-109.49029999999999
 10
498.1887
 20
-109.49029999999999
 10
498.1887
 20
-109.40039999999999
 10
497.9887
 20
-109.40039999999999
  0
LWPOLYLINE
  5
944
330
17
100
AcDbEntity
  8
PLAN-CORTE-PIEZAS-A-ABRIR
100
AcDbPolyline
 90
4
 70
1
 10
498.63870000000003
 20
-110.6004
 10
498.8387
 20
-110.6004
 10
498.8387
 20
-109.40039999999999
 10
498.63870000000003
 20
-109.40039999999999
  0
TEXT
  5
945
330
17
100
AcDbEntity
  8
PLAN-CORTE-TEXTOS
100
AcDbText
 10
498.73870000000005
 20
-109.26039999999999
 30
0.0
 40
0.06
  1
RW-37
 72
1
 11
498.73870000000005
 21
-109.26039999999999
 31
0.0
100
AcDbText
 73
2
  0
LWPOLYLINE
  5
946
330
17
100
AcDbEntity
  8
PLAN-CORTE-RECORTES
100
AcDbPolyline
 90
4
 70
1
 10
498.63870000000003
 20
-110.6004
 10
498.8387
 20
-110.6004
 10
498.8387
 20
-110.0899
 10
498.63870000000003
 20
-110.0899
  0
TEXT
  5
947
330
17
100
AcDbEntity
  8
PLAN-CORTE-TEXTOS
100
AcDbText
 10
498.73870000000005
 20
-110.34514999999999
 30
0.0
 40
0.035
  1
PA-R-148
 50
90.0
 72
1
 11
498.73870000000005
 21
-110.34514999999999
 31
0.0
100
AcDbText
 73
2
  0
LWPOLYLINE
  5
948
330
17
100
AcDbEntity
  8
PLAN-CORTE-RECORTES
100
AcDbPolyline
 90
4
 70
1
 10
498.63870000000003
 20
-110.0899
 10
498.8387
 20
-110.0899
 10
498.8387
 20
-109.5794
 10
498.63870000000003
 20
-109.5794
  0
TEXT
  5
949
330
17
100
AcDbEntity
  8
PLAN-CORTE-TEXTOS
100
AcDbText
 10
498.73870000000005
 20
-109.83465
 30
0.0
 40
0.022871863799283153
  1
PA-R-147 (DE SOBRA DE PA-R-148)
 50
90.0
 72
1
 11
498.73870000000005
 21
-109.83465
 31
0.0
100
AcDbText
 73
2
  0
LWPOLYLINE
  5
94A
330
17
100
AcDbEntity
  8
PLAN-CORTE-SOBRANTES
100
AcDbPolyline
 90
4
 70
1
 10
498.63870000000003
 20
-109.57939999999999
 10
498.8387
 20
-109.57939999999999
 10
498.8387
 20
-109.40039999999999
 10
498.63870000000003
 20
-109.40039999999999
  0
TEXT
  5
94B
330
17
100
AcDbEntity
  8
PLAN-CORTE-TEXTOS
100
AcDbText
 10
498.73870000000005
 20
-109.48989999999999
 30
0.0
 40
0.045
  1
SOBRA
 72
1
 11
498.73870000000005
 21
-109.48989999999999
 31
0.0
100
AcDbText
 73
2
  0
LWPOLYLINE
  5
94C
330
17
100
AcDbEntity
  8
PLAN-CORTE-PIEZAS-A-ABRIR
100
AcDbPolyline
 90
4
 70
1
 10
499.2887
 20
-110.6004
 10
499.4887
 20
-110.6004
 10
499.4887
 20
-109.40039999999999
 10
499.2887
 20
-109.40039999999999
  0
TEXT
  5
94D
330
17
100
AcDbEntity
  8
PLAN-CORTE-TEXTOS
100
AcDbText
 10
499.38870000000003
 20
-109.26039999999999
 30
0.0
 40
0.06
  1
RW-38
 72
1
 11
499.38870000000003
 21
-109.26039999999999
 31
0.0
100
AcDbText
 73
2
  0
LWPOLYLINE
  5
94E
330
17
100
AcDbEntity
  8
PLAN-CORTE-RECORTES
100
AcDbPolyline
 90
4
 70
1
 10
499.2887
 20
-110.6004
 10
499.4887
 20
-110.6004
 10
499.4887
 20
-109.48939999999999
 10
499.2887
 20
-109.48939999999999
  0
TEXT
  5
94F
330
17
100
AcDbEntity
  8
PLAN-CORTE-TEXTOS
100
AcDbText
 10
499.38870000000003
 20
-110.0449
 30
0.0
 40
0.035
  1
PA-R-157
 50
90.0
 72
1
 11
499.38870000000003
 21
-110.0449
 31
0.0
100
AcDbText
 73
2
  0
LWPOLYLINE
  5
950
330
17
100
AcDbEntity
  8
PLAN-CORTE-DESPERDICIO
100
AcDbPolyline
 90
4
 70
1
 10
499.2887
 20
-109.48939999999999
 10
499.4887
 20
-109.48939999999999
 10
499.4887
 20
-109.40039999999999
 10
499.2887
 20
-109.40039999999999
  0
LWPOLYLINE
  5
951
330
17
100
AcDbEntity
  8
PLAN-CORTE-PIEZAS-A-ABRIR
100
AcDbPolyline
 90
4
 70
1
 10
499.9387
 20
-110.6004
 10
500.1387
 20
-110.6004
 10
500.1387
 20
-109.40039999999999
 10
499.9387
 20
-109.40039999999999
  0
TEXT
  5
952
330
17
100
AcDbEntity
  8
PLAN-CORTE-TEXTOS
100
AcDbText
 10
500.0387
 20
-109.26039999999999
 30
0.0
 40
0.06
  1
RW-39
 72
1
 11
500.0387
 21
-109.26039999999999
 31
0.0
100
AcDbText
 73
2
  0
LWPOLYLINE
  5
953
330
17
100
AcDbEntity
  8
PLAN-CORTE-RECORTES
100
AcDbPolyline
 90
4
 70
1
 10
499.9387
 20
-110.6004
 10
500.1387
 20
-110.6004
 10
500.1387
 20
-109.52199999999999
 10
499.9387
 20
-109.52199999999999
  0
TEXT
  5
954
330
17
100
AcDbEntity
  8
PLAN-CORTE-TEXTOS
100
AcDbText
 10
500.0387
 20
-110.0612
 30
0.0
 40
0.035
  1
PA-R-028
 50
90.0
 72
1
 11
500.0387
 21
-110.0612
 31
0.0
100
AcDbText
 73
2
  0
LWPOLYLINE
  5
955
330
17
100
AcDbEntity
  8
PLAN-CORTE-SOBRANTES
100
AcDbPolyline
 90
4
 70
1
 10
499.9387
 20
-109.52199999999999
 10
500.1387
 20
-109.52199999999999
 10
500.1387
 20
-109.40039999999999
 10
499.9387
 20
-109.40039999999999
  0
TEXT
  5
956
330
17
100
AcDbEntity
  8
PLAN-CORTE-TEXTOS
100
AcDbText
 10
500.0387
 20
-109.46119999999999
 30
0.0
 40
0.045
  1
SOBRA
 72
1
 11
500.0387
 21
-109.46119999999999
 31
0.0
100
AcDbText
 73
2
  0
LWPOLYLINE
  5
957
330
17
100
AcDbEntity
  8
PLAN-CORTE-PIEZAS-A-ABRIR
100
AcDbPolyline
 90
4
 70
1
 10
500.5887
 20
-110.6004
 10
500.7887
 20
-110.6004
 10
500.7887
 20
-109.40039999999999
 10
500.5887
 20
-109.40039999999999
  0
TEXT
  5
958
330
17
100
AcDbEntity
  8
PLAN-CORTE-TEXTOS
100
AcDbText
 10
500.68870000000004
 20
-109.26039999999999
 30
0.0
 40
0.06
  1
RW-40
 72
1
 11
500.68870000000004
 21
-109.26039999999999
 31
0.0
100
AcDbText
 73
2
  0
LWPOLYLINE
  5
959
330
17
100
AcDbEntity
  8
PLAN-CORTE-RECORTES
100
AcDbPolyline
 90
4
 70
1
 10
500.5887
 20
-110.6004
 10
500.7887
 20
-110.6004
 10
500.7887
 20
-110.09079999999999
 10
500.5887
 20
-110.09079999999999
  0
TEXT
  5
95A
330
17
100
AcDbEntity
  8
PLAN-CORTE-TEXTOS
100
AcDbText
 10
500.68870000000004
 20
-110.34559999999999
 30
0.0
 40
0.035
  1
PA-R-107
 50
90.0
 72
1
 11
500.68870000000004
 21
-110.34559999999999
 31
0.0
100
AcDbText
 73
2
  0
LWPOLYLINE
  5
95B
330
17
100
AcDbEntity
  8
PLAN-CORTE-RECORTES
100
AcDbPolyline
 90
4
 70
1
 10
500.5887
 20
-110.09079999999999
 10
500.7887
 20
-110.09079999999999
 10
500.7887
 20
-109.58119999999998
 10
500.5887
 20
-109.58119999999998
  0
TEXT
  5
95C
330
17
100
AcDbEntity
  8
PLAN-CORTE-TEXTOS
100
AcDbText
 10
500.68870000000004
 20
-109.83599999999998
 30
0.0
 40
0.022831541218637993
  1
PA-R-106 (DE SOBRA DE PA-R-107)
 50
90.0
 72
1
 11
500.68870000000004
 21
-109.83599999999998
 31
0.0
100
AcDbText
 73
2
  0
LWPOLYLINE
  5
95D
330
17
100
AcDbEntity
  8
PLAN-CORTE-SOBRANTES
100
AcDbPolyline
 90
4
 70
1
 10
500.5887
 20
-109.5812
 10
500.7887
 20
-109.5812
 10
500.7887
 20
-109.40039999999999
 10
500.5887
 20
-109.40039999999999
  0
TEXT
  5
95E
330
17
100
AcDbEntity
  8
PLAN-CORTE-TEXTOS
100
AcDbText
 10
500.68870000000004
 20
-109.4908
 30
0.0
 40
0.045
  1
SOBRA
 72
1
 11
500.68870000000004
 21
-109.4908
 31
0.0
100
AcDbText
 73
2
  0
LWPOLYLINE
  5
95F
330
17
100
AcDbEntity
  8
PLAN-CORTE-PIEZAS-A-ABRIR
100
AcDbPolyline
 90
4
 70
1
 10
501.2387
 20
-110.6004
 10
501.4387
 20
-110.6004
 10
501.4387
 20
-109.40039999999999
 10
501.2387
 20
-109.40039999999999
  0
TEXT
  5
960
330
17
100
AcDbEntity
  8
PLAN-CORTE-TEXTOS
100
AcDbText
 10
501.3387
 20
-109.26039999999999
 30
0.0
 40
0.06
  1
RW-41
 72
1
 11
501.3387
 21
-109.26039999999999
 31
0.0
100
AcDbText
 73
2
  0
LWPOLYLINE
  5
961
330
17
100
AcDbEntity
  8
PLAN-CORTE-RECORTES
100
AcDbPolyline
 90
4
 70
1
 10
501.2387
 20
-110.6004
 10
501.4387
 20
-110.6004
 10
501.4387
 20
-109.52199999999999
 10
501.2387
 20
-109.52199999999999
  0
TEXT
  5
962
330
17
100
AcDbEntity
  8
PLAN-CORTE-TEXTOS
100
AcDbText
 10
501.3387
 20
-110.0612
 30
0.0
 40
0.035
  1
PA-R-029
 50
90.0
 72
1
 11
501.3387
 21
-110.0612
 31
0.0
100
AcDbText
 73
2
  0
LWPOLYLINE
  5
963
330
17
100
AcDbEntity
  8
PLAN-CORTE-SOBRANTES
100
AcDbPolyline
 90
4
 70
1
 10
501.2387
 20
-109.52199999999999
 10
501.4387
 20
-109.52199999999999
 10
501.4387
 20
-109.40039999999999
 10
501.2387
 20
-109.40039999999999
  0
TEXT
  5
964
330
17
100
AcDbEntity
  8
PLAN-CORTE-TEXTOS
100
AcDbText
 10
501.3387
 20
-109.46119999999999
 30
0.0
 40
0.045
  1
SOBRA
 72
1
 11
501.3387
 21
-109.46119999999999
 31
0.0
100
AcDbText
 73
2
  0
LWPOLYLINE
  5
965
330
17
100
AcDbEntity
  8
PLAN-CORTE-PIEZAS-A-ABRIR
100
AcDbPolyline
 90
4
 70
1
 10
501.88870000000003
 20
-110.6004
 10
502.0887
 20
-110.6004
 10
502.0887
 20
-109.40039999999999
 10
501.88870000000003
 20
-109.40039999999999
  0
TEXT
  5
966
330
17
100
AcDbEntity
  8
PLAN-CORTE-TEXTOS
100
AcDbText
 10
501.98870000000005
 20
-109.26039999999999
 30
0.0
 40
0.06
  1
RW-42
 72
1
 11
501.98870000000005
 21
-109.26039999999999
 31
0.0
100
AcDbText
 73
2
  0
LWPOLYLINE
  5
967
330
17
100
AcDbEntity
  8
PLAN-CORTE-RECORTES
100
AcDbPolyline
 90
4
 70
1
 10
501.88870000000003
 20
-110.6004
 10
502.0887
 20
-110.6004
 10
502.0887
 20
-109.52199999999999
 10
501.88870000000003
 20
-109.52199999999999
  0
TEXT
  5
968
330
17
100
AcDbEntity
  8
PLAN-CORTE-TEXTOS
100
AcDbText
 10
501.98870000000005
 20
-110.0612
 30
0.0
 40
0.035
  1
PA-R-027
 50
90.0
 72
1
 11
501.98870000000005
 21
-110.0612
 31
0.0
100
AcDbText
 73
2
  0
LWPOLYLINE
  5
969
330
17
100
AcDbEntity
  8
PLAN-CORTE-SOBRANTES
100
AcDbPolyline
 90
4
 70
1
 10
501.88870000000003
 20
-109.52199999999999
 10
502.0887
 20
-109.52199999999999
 10
502.0887
 20
-109.40039999999999
 10
501.88870000000003
 20
-109.40039999999999
  0
TEXT
  5
96A
330
17
100
AcDbEntity
  8
PLAN-CORTE-TEXTOS
100
AcDbText
 10
501.98870000000005
 20
-109.46119999999999
 30
0.0
 40
0.045
  1
SOBRA
 72
1
 11
501.98870000000005
 21
-109.46119999999999
 31
0.0
100
AcDbText
 73
2
  0
LWPOLYLINE
  5
96B
330
17
100
AcDbEntity
  8
PLAN-CORTE-PIEZAS-A-ABRIR
100
AcDbPolyline
 90
4
 70
1
 10
502.5387
 20
-110.6004
 10
502.7387
 20
-110.6004
 10
502.7387
 20
-109.40039999999999
 10
502.5387
 20
-109.40039999999999
  0
TEXT
  5
96C
330
17
100
AcDbEntity
  8
PLAN-CORTE-TEXTOS
100
AcDbText
 10
502.63870000000003
 20
-109.26039999999999
 30
0.0
 40
0.06
  1
RW-43
 72
1
 11
502.63870000000003
 21
-109.26039999999999
 31
0.0
100
AcDbText
 73
2
  0
LWPOLYLINE
  5
96D
330
17
100
AcDbEntity
  8
PLAN-CORTE-RECORTES
100
AcDbPolyline
 90
4
 70
1
 10
502.5387
 20
-110.6004
 10
502.7387
 20
-110.6004
 10
502.7387
 20
-109.49029999999999
 10
502.5387
 20
-109.49029999999999
  0
TEXT
  5
96E
330
17
100
AcDbEntity
  8
PLAN-CORTE-TEXTOS
100
AcDbText
 10
502.63870000000003
 20
-110.04535
 30
0.0
 40
0.035
  1
PA-R-094
 50
90.0
 72
1
 11
502.63870000000003
 21
-110.04535
 31
0.0
100
AcDbText
 73
2
  0
LWPOLYLINE
  5
96F
330
17
100
AcDbEntity
  8
PLAN-CORTE-DESPERDICIO
100
AcDbPolyline
 90
4
 70
1
 10
502.5387
 20
-109.49029999999999
 10
502.7387
 20
-109.49029999999999
 10
502.7387
 20
-109.40039999999999
 10
502.5387
 20
-109.40039999999999
  0
LWPOLYLINE
  5
970
330
17
100
AcDbEntity
  8
PLAN-CORTE-PIEZAS-A-ABRIR
100
AcDbPolyline
 90
4
 70
1
 10
503.1887
 20
-110.6004
 10
503.3887
 20
-110.6004
 10
503.3887
 20
-109.40039999999999
 10
503.1887
 20
-109.40039999999999
  0
TEXT
  5
971
330
17
100
AcDbEntity
  8
PLAN-CORTE-TEXTOS
100
AcDbText
 10
503.2887
 20
-109.26039999999999
 30
0.0
 40
0.06
  1
RW-44
 72
1
 11
503.2887
 21
-109.26039999999999
 31
0.0
100
AcDbText
 73
2
  0
LWPOLYLINE
  5
972
330
17
100
AcDbEntity
  8
PLAN-CORTE-RECORTES
100
AcDbPolyline
 90
4
 70
1
 10
503.1887
 20
-110.6004
 10
503.3887
 20
-110.6004
 10
503.3887
 20
-109.52199999999999
 10
503.1887
 20
-109.52199999999999
  0
TEXT
  5
973
330
17
100
AcDbEntity
  8
PLAN-CORTE-TEXTOS
100
AcDbText
 10
503.2887
 20
-110.0612
 30
0.0
 40
0.035
  1
PA-R-030
 50
90.0
 72
1
 11
503.2887
 21
-110.0612
 31
0.0
100
AcDbText
 73
2
  0
LWPOLYLINE
  5
974
330
17
100
AcDbEntity
  8
PLAN-CORTE-SOBRANTES
100
AcDbPolyline
 90
4
 70
1
 10
503.1887
 20
-109.52199999999999
 10
503.3887
 20
-109.52199999999999
 10
503.3887
 20
-109.40039999999999
 10
503.1887
 20
-109.40039999999999
  0
TEXT
  5
975
330
17
100
AcDbEntity
  8
PLAN-CORTE-TEXTOS
100
AcDbText
 10
503.2887
 20
-109.46119999999999
 30
0.0
 40
0.045
  1
SOBRA
 72
1
 11
503.2887
 21
-109.46119999999999
 31
0.0
100
AcDbText
 73
2
  0
LWPOLYLINE
  5
976
330
17
100
AcDbEntity
  8
PLAN-CORTE-PIEZAS-A-ABRIR
100
AcDbPolyline
 90
4
 70
1
 10
489.5387
 20
-112.5004
 10
489.7387
 20
-112.5004
 10
489.7387
 20
-111.3004
 10
489.5387
 20
-111.3004
  0
TEXT
  5
977
330
17
100
AcDbEntity
  8
PLAN-CORTE-TEXTOS
100
AcDbText
 10
489.63870000000003
 20
-111.1604
 30
0.0
 40
0.06
  1
RW-45
 72
1
 11
489.63870000000003
 21
-111.1604
 31
0.0
100
AcDbText
 73
2
  0
LWPOLYLINE
  5
978
330
17
100
AcDbEntity
  8
PLAN-CORTE-RECORTES
100
AcDbPolyline
 90
4
 70
1
 10
489.5387
 20
-112.5004
 10
489.7387
 20
-112.5004
 10
489.7387
 20
-111.422
 10
489.5387
 20
-111.422
  0
TEXT
  5
979
330
17
100
AcDbEntity
  8
PLAN-CORTE-TEXTOS
100
AcDbText
 10
489.63870000000003
 20
-111.9612
 30
0.0
 40
0.035
  1
PA-R-031
 50
90.0
 72
1
 11
489.63870000000003
 21
-111.9612
 31
0.0
100
AcDbText
 73
2
  0
LWPOLYLINE
  5
97A
330
17
100
AcDbEntity
  8
PLAN-CORTE-SOBRANTES
100
AcDbPolyline
 90
4
 70
1
 10
489.5387
 20
-111.422
 10
489.7387
 20
-111.422
 10
489.7387
 20
-111.3004
 10
489.5387
 20
-111.3004
  0
TEXT
  5
97B
330
17
100
AcDbEntity
  8
PLAN-CORTE-TEXTOS
100
AcDbText
 10
489.63870000000003
 20
-111.3612
 30
0.0
 40
0.045
  1
SOBRA
 72
1
 11
489.63870000000003
 21
-111.3612
 31
0.0
100
AcDbText
 73
2
  0
LWPOLYLINE
  5
97C
330
17
100
AcDbEntity
  8
PLAN-CORTE-PIEZAS-A-ABRIR
100
AcDbPolyline
 90
4
 70
1
 10
490.1887
 20
-112.5004
 10
490.3887
 20
-112.5004
 10
490.3887
 20
-111.3004
 10
490.1887
 20
-111.3004
  0
TEXT
  5
97D
330
17
100
AcDbEntity
  8
PLAN-CORTE-TEXTOS
100
AcDbText
 10
490.2887
 20
-111.1604
 30
0.0
 40
0.06
  1
RW-46
 72
1
 11
490.2887
 21
-111.1604
 31
0.0
100
AcDbText
 73
2
  0
LWPOLYLINE
  5
97E
330
17
100
AcDbEntity
  8
PLAN-CORTE-RECORTES
100
AcDbPolyline
 90
4
 70
1
 10
490.1887
 20
-112.5004
 10
490.3887
 20
-112.5004
 10
490.3887
 20
-111.4847
 10
490.1887
 20
-111.4847
  0
TEXT
  5
97F
330
17
100
AcDbEntity
  8
PLAN-CORTE-TEXTOS
100
AcDbText
 10
490.2887
 20
-111.99255
 30
0.0
 40
0.035
  1
PA-R-026
 50
90.0
 72
1
 11
490.2887
 21
-111.99255
 31
0.0
100
AcDbText
 73
2
  0
LWPOLYLINE
  5
980
330
17
100
AcDbEntity
  8
PLAN-CORTE-SOBRANTES
100
AcDbPolyline
 90
4
 70
1
 10
490.1887
 20
-111.4847
 10
490.3887
 20
-111.4847
 10
490.3887
 20
-111.30040000000001
 10
490.1887
 20
-111.30040000000001
  0
TEXT
  5
981
330
17
100
AcDbEntity
  8
PLAN-CORTE-TEXTOS
100
AcDbText
 10
490.2887
 20
-111.39255
 30
0.0
 40
0.045
  1
SOBRA
 72
1
 11
490.2887
 21
-111.39255
 31
0.0
100
AcDbText
 73
2
  0
LWPOLYLINE
  5
982
330
17
100
AcDbEntity
  8
PLAN-CORTE-PIEZAS-A-ABRIR
100
AcDbPolyline
 90
4
 70
1
 10
490.8387
 20
-112.5004
 10
491.0387
 20
-112.5004
 10
491.0387
 20
-111.3004
 10
490.8387
 20
-111.3004
  0
TEXT
  5
983
330
17
100
AcDbEntity
  8
PLAN-CORTE-TEXTOS
100
AcDbText
 10
490.93870000000004
 20
-111.1604
 30
0.0
 40
0.06
  1
RW-47
 72
1
 11
490.93870000000004
 21
-111.1604
 31
0.0
100
AcDbText
 73
2
  0
LWPOLYLINE
  5
984
330
17
100
AcDbEntity
  8
PLAN-CORTE-RECORTES
100
AcDbPolyline
 90
4
 70
1
 10
490.8387
 20
-112.5004
 10
491.0387
 20
-112.5004
 10
491.0387
 20
-111.422
 10
490.8387
 20
-111.422
  0
TEXT
  5
985
330
17
100
AcDbEntity
  8
PLAN-CORTE-TEXTOS
100
AcDbText
 10
490.93870000000004
 20
-111.9612
 30
0.0
 40
0.035
  1
PA-R-032
 50
90.0
 72
1
 11
490.93870000000004
 21
-111.9612
 31
0.0
100
AcDbText
 73
2
  0
LWPOLYLINE
  5
986
330
17
100
AcDbEntity
  8
PLAN-CORTE-SOBRANTES
100
AcDbPolyline
 90
4
 70
1
 10
490.8387
 20
-111.422
 10
491.0387
 20
-111.422
 10
491.0387
 20
-111.3004
 10
490.8387
 20
-111.3004
  0
TEXT
  5
987
330
17
100
AcDbEntity
  8
PLAN-CORTE-TEXTOS
100
AcDbText
 10
490.93870000000004
 20
-111.3612
 30
0.0
 40
0.045
  1
SOBRA
 72
1
 11
490.93870000000004
 21
-111.3612
 31
0.0
100
AcDbText
 73
2
  0
LWPOLYLINE
  5
988
330
17
100
AcDbEntity
  8
PLAN-CORTE-PIEZAS-A-ABRIR
100
AcDbPolyline
 90
4
 70
1
 10
491.4887
 20
-112.5004
 10
491.6887
 20
-112.5004
 10
491.6887
 20
-111.3004
 10
491.4887
 20
-111.3004
  0
TEXT
  5
989
330
17
100
AcDbEntity
  8
PLAN-CORTE-TEXTOS
100
AcDbText
 10
491.5887
 20
-111.1604
 30
0.0
 40
0.06
  1
RW-48
 72
1
 11
491.5887
 21
-111.1604
 31
0.0
100
AcDbText
 73
2
  0
LWPOLYLINE
  5
98A
330
17
100
AcDbEntity
  8
PLAN-CORTE-RECORTES
100
AcDbPolyline
 90
4
 70
1
 10
491.4887
 20
-112.5004
 10
491.6887
 20
-112.5004
 10
491.6887
 20
-111.4844
 10
491.4887
 20
-111.4844
  0
TEXT
  5
98B
330
17
100
AcDbEntity
  8
PLAN-CORTE-TEXTOS
100
AcDbText
 10
491.5887
 20
-111.9924
 30
0.0
 40
0.035
  1
PA-R-025
 50
90.0
 72
1
 11
491.5887
 21
-111.9924
 31
0.0
100
AcDbText
 73
2
  0
LWPOLYLINE
  5
98C
330
17
100
AcDbEntity
  8
PLAN-CORTE-SOBRANTES
100
AcDbPolyline
 90
4
 70
1
 10
491.4887
 20
-111.4844
 10
491.6887
 20
-111.4844
 10
491.6887
 20
-111.3004
 10
491.4887
 20
-111.3004
  0
TEXT
  5
98D
330
17
100
AcDbEntity
  8
PLAN-CORTE-TEXTOS
100
AcDbText
 10
491.5887
 20
-111.3924
 30
0.0
 40
0.045
  1
SOBRA
 72
1
 11
491.5887
 21
-111.3924
 31
0.0
100
AcDbText
 73
2
  0
LWPOLYLINE
  5
98E
330
17
100
AcDbEntity
  8
PLAN-CORTE-PIEZAS-A-ABRIR
100
AcDbPolyline
 90
4
 70
1
 10
492.13870000000003
 20
-112.5004
 10
492.3387
 20
-112.5004
 10
492.3387
 20
-111.3004
 10
492.13870000000003
 20
-111.3004
  0
TEXT
  5
98F
330
17
100
AcDbEntity
  8
PLAN-CORTE-TEXTOS
100
AcDbText
 10
492.23870000000005
 20
-111.1604
 30
0.0
 40
0.06
  1
RW-49
 72
1
 11
492.23870000000005
 21
-111.1604
 31
0.0
100
AcDbText
 73
2
  0
LWPOLYLINE
  5
990
330
17
100
AcDbEntity
  8
PLAN-CORTE-RECORTES
100
AcDbPolyline
 90
4
 70
1
 10
492.13870000000003
 20
-112.5004
 10
492.3387
 20
-112.5004
 10
492.3387
 20
-111.3894
 10
492.13870000000003
 20
-111.3894
  0
TEXT
  5
991
330
17
100
AcDbEntity
  8
PLAN-CORTE-TEXTOS
100
AcDbText
 10
492.23870000000005
 20
-111.9449
 30
0.0
 40
0.035
  1
PA-R-158
 50
90.0
 72
1
 11
492.23870000000005
 21
-111.9449
 31
0.0
100
AcDbText
 73
2
  0
LWPOLYLINE
  5
992
330
17
100
AcDbEntity
  8
PLAN-CORTE-DESPERDICIO
100
AcDbPolyline
 90
4
 70
1
 10
492.13870000000003
 20
-111.3894
 10
492.3387
 20
-111.3894
 10
492.3387
 20
-111.3004
 10
492.13870000000003
 20
-111.3004
  0
LWPOLYLINE
  5
993
330
17
100
AcDbEntity
  8
PLAN-CORTE-PIEZAS-A-ABRIR
100
AcDbPolyline
 90
4
 70
1
 10
492.7887
 20
-112.5004
 10
492.9887
 20
-112.5004
 10
492.9887
 20
-111.3004
 10
492.7887
 20
-111.3004
  0
TEXT
  5
994
330
17
100
AcDbEntity
  8
PLAN-CORTE-TEXTOS
100
AcDbText
 10
492.88870000000003
 20
-111.1604
 30
0.0
 40
0.06
  1
RW-50
 72
1
 11
492.88870000000003
 21
-111.1604
 31
0.0
100
AcDbText
 73
2
  0
LWPOLYLINE
  5
995
330
17
100
AcDbEntity
  8
PLAN-CORTE-RECORTES
100
AcDbPolyline
 90
4
 70
1
 10
492.7887
 20
-112.5004
 10
492.9887
 20
-112.5004
 10
492.9887
 20
-112.0215
 10
492.7887
 20
-112.0215
  0
TEXT
  5
996
330
17
100
AcDbEntity
  8
PLAN-CORTE-TEXTOS
100
AcDbText
 10
492.88870000000003
 20
-112.26095
 30
0.0
 40
0.035
  1
PA-R-010
 50
90.0
 72
1
 11
492.88870000000003
 21
-112.26095
 31
0.0
100
AcDbText
 73
2
  0
LWPOLYLINE
  5
997
330
17
100
AcDbEntity
  8
PLAN-CORTE-RECORTES
100
AcDbPolyline
 90
4
 70
1
 10
492.7887
 20
-112.0215
 10
492.9887
 20
-112.0215
 10
492.9887
 20
-111.54260000000001
 10
492.7887
 20
-111.54260000000001
  0
TEXT
  5
998
330
17
100
AcDbEntity
  8
PLAN-CORTE-TEXTOS
100
AcDbText
 10
492.88870000000003
 20
-111.78205
 30
0.0
 40
0.021456093189964158
  1
PA-R-009 (DE SOBRA DE PA-R-010)
 50
90.0
 72
1
 11
492.88870000000003
 21
-111.78205
 31
0.0
100
AcDbText
 73
2
  0
LWPOLYLINE
  5
999
330
17
100
AcDbEntity
  8
PLAN-CORTE-SOBRANTES
100
AcDbPolyline
 90
4
 70
1
 10
492.7887
 20
-111.5426
 10
492.9887
 20
-111.5426
 10
492.9887
 20
-111.3004
 10
492.7887
 20
-111.3004
  0
TEXT
  5
99A
330
17
100
AcDbEntity
  8
PLAN-CORTE-TEXTOS
100
AcDbText
 10
492.88870000000003
 20
-111.4215
 30
0.0
 40
0.045
  1
SOBRA
 50
90.0
 72
1
 11
492.88870000000003
 21
-111.4215
 31
0.0
100
AcDbText
 73
2
  0
LWPOLYLINE
  5
99B
330
17
100
AcDbEntity
  8
PLAN-CORTE-PIEZAS-A-ABRIR
100
AcDbPolyline
 90
4
 70
1
 10
493.4387
 20
-112.5004
 10
493.6387
 20
-112.5004
 10
493.6387
 20
-111.3004
 10
493.4387
 20
-111.3004
  0
TEXT
  5
99C
330
17
100
AcDbEntity
  8
PLAN-CORTE-TEXTOS
100
AcDbText
 10
493.5387
 20
-111.1604
 30
0.0
 40
0.06
  1
RW-51
 72
1
 11
493.5387
 21
-111.1604
 31
0.0
100
AcDbText
 73
2
  0
LWPOLYLINE
  5
99D
330
17
100
AcDbEntity
  8
PLAN-CORTE-RECORTES
100
AcDbPolyline
 90
4
 70
1
 10
493.4387
 20
-112.5004
 10
493.6157
 20
-112.5004
 10
493.6157
 20
-111.3004
 10
493.4387
 20
-111.3004
  0
TEXT
  5
99E
330
17
100
AcDbEntity
  8
PLAN-CORTE-TEXTOS
100
AcDbText
 10
493.5272
 20
-111.9004
 30
0.0
 40
0.035
  1
PA-R-059
 50
90.0
 72
1
 11
493.5272
 21
-111.9004
 31
0.0
100
AcDbText
 73
2
  0
LWPOLYLINE
  5
99F
330
17
100
AcDbEntity
  8
PLAN-CORTE-DESPERDICIO
100
AcDbPolyline
 90
4
 70
1
 10
493.6157
 20
-112.5004
 10
493.63870000000003
 20
-112.5004
 10
493.63870000000003
 20
-111.3004
 10
493.6157
 20
-111.3004
  0
LWPOLYLINE
  5
9A0
330
17
100
AcDbEntity
  8
PLAN-CORTE-PIEZAS-A-ABRIR
100
AcDbPolyline
 90
4
 70
1
 10
494.0887
 20
-112.5004
 10
494.2887
 20
-112.5004
 10
494.2887
 20
-111.3004
 10
494.0887
 20
-111.3004
  0
TEXT
  5
9A1
330
17
100
AcDbEntity
  8
PLAN-CORTE-TEXTOS
100
AcDbText
 10
494.18870000000004
 20
-111.1604
 30
0.0
 40
0.06
  1
RW-52
 72
1
 11
494.18870000000004
 21
-111.1604
 31
0.0
100
AcDbText
 73
2
  0
LWPOLYLINE
  5
9A2
330
17
100
AcDbEntity
  8
PLAN-CORTE-RECORTES
100
AcDbPolyline
 90
4
 70
1
 10
494.0887
 20
-112.5004
 10
494.2887
 20
-112.5004
 10
494.2887
 20
-111.3903
 10
494.0887
 20
-111.3903
  0
TEXT
  5
9A3
330
17
100
AcDbEntity
  8
PLAN-CORTE-TEXTOS
100
AcDbText
 10
494.18870000000004
 20
-111.94535
 30
0.0
 40
0.035
  1
PA-R-095
 50
90.0
 72
1
 11
494.18870000000004
 21
-111.94535
 31
0.0
100
AcDbText
 73
2
  0
LWPOLYLINE
  5
9A4
330
17
100
AcDbEntity
  8
PLAN-CORTE-DESPERDICIO
100
AcDbPolyline
 90
4
 70
1
 10
494.0887
 20
-111.3903
 10
494.2887
 20
-111.3903
 10
494.2887
 20
-111.3004
 10
494.0887
 20
-111.3004
  0
LWPOLYLINE
  5
9A5
330
17
100
AcDbEntity
  8
PLAN-CORTE-PIEZAS-A-ABRIR
100
AcDbPolyline
 90
4
 70
1
 10
494.7387
 20
-112.5004
 10
494.9387
 20
-112.5004
 10
494.9387
 20
-111.3004
 10
494.7387
 20
-111.3004
  0
TEXT
  5
9A6
330
17
100
AcDbEntity
  8
PLAN-CORTE-TEXTOS
100
AcDbText
 10
494.8387
 20
-111.1604
 30
0.0
 40
0.06
  1
RW-53
 72
1
 11
494.8387
 21
-111.1604
 31
0.0
100
AcDbText
 73
2
  0
LWPOLYLINE
  5
9A7
330
17
100
AcDbEntity
  8
PLAN-CORTE-RECORTES
100
AcDbPolyline
 90
4
 70
1
 10
494.7387
 20
-112.5004
 10
494.9387
 20
-112.5004
 10
494.9387
 20
-111.422
 10
494.7387
 20
-111.422
  0
TEXT
  5
9A8
330
17
100
AcDbEntity
  8
PLAN-CORTE-TEXTOS
100
AcDbText
 10
494.8387
 20
-111.9612
 30
0.0
 40
0.035
  1
PA-R-033
 50
90.0
 72
1
 11
494.8387
 21
-111.9612
 31
0.0
100
AcDbText
 73
2
  0
LWPOLYLINE
  5
9A9
330
17
100
AcDbEntity
  8
PLAN-CORTE-SOBRANTES
100
AcDbPolyline
 90
4
 70
1
 10
494.7387
 20
-111.422
 10
494.9387
 20
-111.422
 10
494.9387
 20
-111.3004
 10
494.7387
 20
-111.3004
  0
TEXT
  5
9AA
330
17
100
AcDbEntity
  8
PLAN-CORTE-TEXTOS
100
AcDbText
 10
494.8387
 20
-111.3612
 30
0.0
 40
0.045
  1
SOBRA
 72
1
 11
494.8387
 21
-111.3612
 31
0.0
100
AcDbText
 73
2
  0
LWPOLYLINE
  5
9AB
330
17
100
AcDbEntity
  8
PLAN-CORTE-PIEZAS-A-ABRIR
100
AcDbPolyline
 90
4
 70
1
 10
495.38870000000003
 20
-112.5004
 10
495.5887
 20
-112.5004
 10
495.5887
 20
-111.3004
 10
495.38870000000003
 20
-111.3004
  0
TEXT
  5
9AC
330
17
100
AcDbEntity
  8
PLAN-CORTE-TEXTOS
100
AcDbText
 10
495.48870000000005
 20
-111.1604
 30
0.0
 40
0.06
  1
RW-54
 72
1
 11
495.48870000000005
 21
-111.1604
 31
0.0
100
AcDbText
 73
2
  0
LWPOLYLINE
  5
9AD
330
17
100
AcDbEntity
  8
PLAN-CORTE-RECORTES
100
AcDbPolyline
 90
4
 70
1
 10
495.38870000000003
 20
-112.5004
 10
495.5887
 20
-112.5004
 10
495.5887
 20
-112.0215
 10
495.38870000000003
 20
-112.0215
  0
TEXT
  5
9AE
330
17
100
AcDbEntity
  8
PLAN-CORTE-TEXTOS
100
AcDbText
 10
495.48870000000005
 20
-112.26095
 30
0.0
 40
0.035
  1
PA-R-012
 50
90.0
 72
1
 11
495.48870000000005
 21
-112.26095
 31
0.0
100
AcDbText
 73
2
  0
LWPOLYLINE
  5
9AF
330
17
100
AcDbEntity
  8
PLAN-CORTE-RECORTES
100
AcDbPolyline
 90
4
 70
1
 10
495.38870000000003
 20
-112.0215
 10
495.5887
 20
-112.0215
 10
495.5887
 20
-111.54260000000001
 10
495.38870000000003
 20
-111.54260000000001
  0
TEXT
  5
9B0
330
17
100
AcDbEntity
  8
PLAN-CORTE-TEXTOS
100
AcDbText
 10
495.48870000000005
 20
-111.78205
 30
0.0
 40
0.021456093189964158
  1
PA-R-011 (DE SOBRA DE PA-R-012)
 50
90.0
 72
1
 11
495.48870000000005
 21
-111.78205
 31
0.0
100
AcDbText
 73
2
  0
LWPOLYLINE
  5
9B1
330
17
100
AcDbEntity
  8
PLAN-CORTE-SOBRANTES
100
AcDbPolyline
 90
4
 70
1
 10
495.38870000000003
 20
-111.5426
 10
495.5887
 20
-111.5426
 10
495.5887
 20
-111.3004
 10
495.38870000000003
 20
-111.3004
  0
TEXT
  5
9B2
330
17
100
AcDbEntity
  8
PLAN-CORTE-TEXTOS
100
AcDbText
 10
495.48870000000005
 20
-111.4215
 30
0.0
 40
0.045
  1
SOBRA
 50
90.0
 72
1
 11
495.48870000000005
 21
-111.4215
 31
0.0
100
AcDbText
 73
2
  0
LWPOLYLINE
  5
9B3
330
17
100
AcDbEntity
  8
PLAN-CORTE-PIEZAS-A-ABRIR
100
AcDbPolyline
 90
4
 70
1
 10
496.0387
 20
-112.5004
 10
496.2387
 20
-112.5004
 10
496.2387
 20
-111.3004
 10
496.0387
 20
-111.3004
  0
TEXT
  5
9B4
330
17
100
AcDbEntity
  8
PLAN-CORTE-TEXTOS
100
AcDbText
 10
496.13870000000003
 20
-111.1604
 30
0.0
 40
0.06
  1
RW-55
 72
1
 11
496.13870000000003
 21
-111.1604
 31
0.0
100
AcDbText
 73
2
  0
LWPOLYLINE
  5
9B5
330
17
100
AcDbEntity
  8
PLAN-CORTE-RECORTES
100
AcDbPolyline
 90
4
 70
1
 10
496.0387
 20
-112.5004
 10
496.2387
 20
-112.5004
 10
496.2387
 20
-111.4841
 10
496.0387
 20
-111.4841
  0
TEXT
  5
9B6
330
17
100
AcDbEntity
  8
PLAN-CORTE-TEXTOS
100
AcDbText
 10
496.13870000000003
 20
-111.99225
 30
0.0
 40
0.035
  1
PA-R-024
 50
90.0
 72
1
 11
496.13870000000003
 21
-111.99225
 31
0.0
100
AcDbText
 73
2
  0
LWPOLYLINE
  5
9B7
330
17
100
AcDbEntity
  8
PLAN-CORTE-SOBRANTES
100
AcDbPolyline
 90
4
 70
1
 10
496.0387
 20
-111.4841
 10
496.2387
 20
-111.4841
 10
496.2387
 20
-111.3004
 10
496.0387
 20
-111.3004
  0
TEXT
  5
9B8
330
17
100
AcDbEntity
  8
PLAN-CORTE-TEXTOS
100
AcDbText
 10
496.13870000000003
 20
-111.39225
 30
0.0
 40
0.045
  1
SOBRA
 72
1
 11
496.13870000000003
 21
-111.39225
 31
0.0
100
AcDbText
 73
2
  0
LWPOLYLINE
  5
9B9
330
17
100
AcDbEntity
  8
PLAN-CORTE-PIEZAS-A-ABRIR
100
AcDbPolyline
 90
4
 70
1
 10
496.6887
 20
-112.5004
 10
496.8887
 20
-112.5004
 10
496.8887
 20
-111.3004
 10
496.6887
 20
-111.3004
  0
TEXT
  5
9BA
330
17
100
AcDbEntity
  8
PLAN-CORTE-TEXTOS
100
AcDbText
 10
496.7887
 20
-111.1604
 30
0.0
 40
0.06
  1
RW-56
 72
1
 11
496.7887
 21
-111.1604
 31
0.0
100
AcDbText
 73
2
  0
LWPOLYLINE
  5
9BB
330
17
100
AcDbEntity
  8
PLAN-CORTE-RECORTES
100
AcDbPolyline
 90
4
 70
1
 10
496.6887
 20
-112.5004
 10
496.8887
 20
-112.5004
 10
496.8887
 20
-112.0822
 10
496.6887
 20
-112.0822
  0
TEXT
  5
9BC
330
17
100
AcDbEntity
  8
PLAN-CORTE-TEXTOS
100
AcDbText
 10
496.7887
 20
-112.29129999999999
 30
0.0
 40
0.035
  1
PA-R-007
 50
90.0
 72
1
 11
496.7887
 21
-112.29129999999999
 31
0.0
100
AcDbText
 73
2
  0
LWPOLYLINE
  5
9BD
330
17
100
AcDbEntity
  8
PLAN-CORTE-RECORTES
100
AcDbPolyline
 90
4
 70
1
 10
496.6887
 20
-112.0822
 10
496.8887
 20
-112.0822
 10
496.8887
 20
-111.6654
 10
496.6887
 20
-111.6654
  0
TEXT
  5
9BE
330
17
100
AcDbEntity
  8
PLAN-CORTE-TEXTOS
100
AcDbText
 10
496.7887
 20
-111.8738
 30
0.0
 40
0.01867383512544803
  1
PA-R-001 (DE SOBRA DE PA-R-007)
 50
90.0
 72
1
 11
496.7887
 21
-111.8738
 31
0.0
100
AcDbText
 73
2
  0
LWPOLYLINE
  5
9BF
330
17
100
AcDbEntity
  8
PLAN-CORTE-SOBRANTES
100
AcDbPolyline
 90
4
 70
1
 10
496.6887
 20
-111.6654
 10
496.8887
 20
-111.6654
 10
496.8887
 20
-111.30040000000001
 10
496.6887
 20
-111.30040000000001
  0
TEXT
  5
9C0
330
17
100
AcDbEntity
  8
PLAN-CORTE-TEXTOS
100
AcDbText
 10
496.7887
 20
-111.4829
 30
0.0
 40
0.032444444444444435
  1
SOBRA 0.2x0.365
 50
90.0
 72
1
 11
496.7887
 21
-111.4829
 31
0.0
100
AcDbText
 73
2
  0
LWPOLYLINE
  5
9C1
330
17
100
AcDbEntity
  8
PLAN-CORTE-PIEZAS-A-ABRIR
100
AcDbPolyline
 90
4
 70
1
 10
497.3387
 20
-112.5004
 10
497.5387
 20
-112.5004
 10
497.5387
 20
-111.3004
 10
497.3387
 20
-111.3004
  0
TEXT
  5
9C2
330
17
100
AcDbEntity
  8
PLAN-CORTE-TEXTOS
100
AcDbText
 10
497.43870000000004
 20
-111.1604
 30
0.0
 40
0.06
  1
RW-57
 72
1
 11
497.43870000000004
 21
-111.1604
 31
0.0
100
AcDbText
 73
2
  0
LWPOLYLINE
  5
9C3
330
17
100
AcDbEntity
  8
PLAN-CORTE-RECORTES
100
AcDbPolyline
 90
4
 70
1
 10
497.3387
 20
-112.5004
 10
497.5387
 20
-112.5004
 10
497.5387
 20
-112.0851
 10
497.3387
 20
-112.0851
  0
TEXT
  5
9C4
330
17
100
AcDbEntity
  8
PLAN-CORTE-TEXTOS
100
AcDbText
 10
497.43870000000004
 20
-112.29275
 30
0.0
 40
0.035
  1
PA-R-006
 50
90.0
 72
1
 11
497.43870000000004
 21
-112.29275
 31
0.0
100
AcDbText
 73
2
  0
LWPOLYLINE
  5
9C5
330
17
100
AcDbEntity
  8
PLAN-CORTE-SOBRANTES
100
AcDbPolyline
 90
4
 70
1
 10
497.3387
 20
-112.0851
 10
497.5387
 20
-112.0851
 10
497.5387
 20
-111.3004
 10
497.3387
 20
-111.3004
  0
TEXT
  5
9C6
330
17
100
AcDbEntity
  8
PLAN-CORTE-TEXTOS
100
AcDbText
 10
497.43870000000004
 20
-111.69275
 30
0.0
 40
0.04024102564102564
  1
SOBRA 0.2x0.785 -> GUARDAR
 50
90.0
 72
1
 11
497.43870000000004
 21
-111.69275
 31
0.0
100
AcDbText
 73
2
  0
LWPOLYLINE
  5
9C7
330
17
100
AcDbEntity
  8
PLAN-CORTE-PIEZAS-A-ABRIR
100
AcDbPolyline
 90
4
 70
1
 10
497.9887
 20
-112.5004
 10
498.1887
 20
-112.5004
 10
498.1887
 20
-111.3004
 10
497.9887
 20
-111.3004
  0
TEXT
  5
9C8
330
17
100
AcDbEntity
  8
PLAN-CORTE-TEXTOS
100
AcDbText
 10
498.0887
 20
-111.1604
 30
0.0
 40
0.06
  1
RW-58
 72
1
 11
498.0887
 21
-111.1604
 31
0.0
100
AcDbText
 73
2
  0
LWPOLYLINE
  5
9C9
330
17
100
AcDbEntity
  8
PLAN-CORTE-RECORTES
100
AcDbPolyline
 90
4
 70
1
 10
497.9887
 20
-112.5004
 10
498.1887
 20
-112.5004
 10
498.1887
 20
-111.422
 10
497.9887
 20
-111.422
  0
TEXT
  5
9CA
330
17
100
AcDbEntity
  8
PLAN-CORTE-TEXTOS
100
AcDbText
 10
498.0887
 20
-111.9612
 30
0.0
 40
0.035
  1
PA-R-034
 50
90.0
 72
1
 11
498.0887
 21
-111.9612
 31
0.0
100
AcDbText
 73
2
  0
LWPOLYLINE
  5
9CB
330
17
100
AcDbEntity
  8
PLAN-CORTE-SOBRANTES
100
AcDbPolyline
 90
4
 70
1
 10
497.9887
 20
-111.422
 10
498.1887
 20
-111.422
 10
498.1887
 20
-111.3004
 10
497.9887
 20
-111.3004
  0
TEXT
  5
9CC
330
17
100
AcDbEntity
  8
PLAN-CORTE-TEXTOS
100
AcDbText
 10
498.0887
 20
-111.3612
 30
0.0
 40
0.045
  1
SOBRA
 72
1
 11
498.0887
 21
-111.3612
 31
0.0
100
AcDbText
 73
2
  0
LWPOLYLINE
  5
9CD
330
17
100
AcDbEntity
  8
PLAN-CORTE-PIEZAS-A-ABRIR
100
AcDbPolyline
 90
4
 70
1
 10
498.63870000000003
 20
-112.5004
 10
498.8387
 20
-112.5004
 10
498.8387
 20
-111.3004
 10
498.63870000000003
 20
-111.3004
  0
TEXT
  5
9CE
330
17
100
AcDbEntity
  8
PLAN-CORTE-TEXTOS
100
AcDbText
 10
498.73870000000005
 20
-111.1604
 30
0.0
 40
0.06
  1
RW-59
 72
1
 11
498.73870000000005
 21
-111.1604
 31
0.0
100
AcDbText
 73
2
  0
LWPOLYLINE
  5
9CF
330
17
100
AcDbEntity
  8
PLAN-CORTE-RECORTES
100
AcDbPolyline
 90
4
 70
1
 10
498.63870000000003
 20
-112.5004
 10
498.8387
 20
-112.5004
 10
498.8387
 20
-111.4838
 10
498.63870000000003
 20
-111.4838
  0
TEXT
  5
9D0
330
17
100
AcDbEntity
  8
PLAN-CORTE-TEXTOS
100
AcDbText
 10
498.73870000000005
 20
-111.9921
 30
0.0
 40
0.035
  1
PA-R-023
 50
90.0
 72
1
 11
498.73870000000005
 21
-111.9921
 31
0.0
100
AcDbText
 73
2
  0
LWPOLYLINE
  5
9D1
330
17
100
AcDbEntity
  8
PLAN-CORTE-SOBRANTES
100
AcDbPolyline
 90
4
 70
1
 10
498.63870000000003
 20
-111.4838
 10
498.8387
 20
-111.4838
 10
498.8387
 20
-111.3004
 10
498.63870000000003
 20
-111.3004
  0
TEXT
  5
9D2
330
17
100
AcDbEntity
  8
PLAN-CORTE-TEXTOS
100
AcDbText
 10
498.73870000000005
 20
-111.3921
 30
0.0
 40
0.045
  1
SOBRA
 72
1
 11
498.73870000000005
 21
-111.3921
 31
0.0
100
AcDbText
 73
2
  0
LWPOLYLINE
  5
9D3
330
17
100
AcDbEntity
  8
PLAN-CORTE-PIEZAS-A-ABRIR
100
AcDbPolyline
 90
4
 70
1
 10
499.2887
 20
-112.5004
 10
499.4887
 20
-112.5004
 10
499.4887
 20
-111.3004
 10
499.2887
 20
-111.3004
  0
TEXT
  5
9D4
330
17
100
AcDbEntity
  8
PLAN-CORTE-TEXTOS
100
AcDbText
 10
499.38870000000003
 20
-111.1604
 30
0.0
 40
0.06
  1
RW-60
 72
1
 11
499.38870000000003
 21
-111.1604
 31
0.0
100
AcDbText
 73
2
  0
LWPOLYLINE
  5
9D5
330
17
100
AcDbEntity
  8
PLAN-CORTE-RECORTES
100
AcDbPolyline
 90
4
 70
1
 10
499.2887
 20
-112.5004
 10
499.4887
 20
-112.5004
 10
499.4887
 20
-112.0215
 10
499.2887
 20
-112.0215
  0
TEXT
  5
9D6
330
17
100
AcDbEntity
  8
PLAN-CORTE-TEXTOS
100
AcDbText
 10
499.38870000000003
 20
-112.26095
 30
0.0
 40
0.035
  1
PA-R-014
 50
90.0
 72
1
 11
499.38870000000003
 21
-112.26095
 31
0.0
100
AcDbText
 73
2
  0
LWPOLYLINE
  5
9D7
330
17
100
AcDbEntity
  8
PLAN-CORTE-RECORTES
100
AcDbPolyline
 90
4
 70
1
 10
499.2887
 20
-112.0215
 10
499.4887
 20
-112.0215
 10
499.4887
 20
-111.54260000000001
 10
499.2887
 20
-111.54260000000001
  0
TEXT
  5
9D8
330
17
100
AcDbEntity
  8
PLAN-CORTE-TEXTOS
100
AcDbText
 10
499.38870000000003
 20
-111.78205
 30
0.0
 40
0.021456093189964158
  1
PA-R-013 (DE SOBRA DE PA-R-014)
 50
90.0
 72
1
 11
499.38870000000003
 21
-111.78205
 31
0.0
100
AcDbText
 73
2
  0
LWPOLYLINE
  5
9D9
330
17
100
AcDbEntity
  8
PLAN-CORTE-SOBRANTES
100
AcDbPolyline
 90
4
 70
1
 10
499.2887
 20
-111.5426
 10
499.4887
 20
-111.5426
 10
499.4887
 20
-111.3004
 10
499.2887
 20
-111.3004
  0
TEXT
  5
9DA
330
17
100
AcDbEntity
  8
PLAN-CORTE-TEXTOS
100
AcDbText
 10
499.38870000000003
 20
-111.4215
 30
0.0
 40
0.045
  1
SOBRA
 50
90.0
 72
1
 11
499.38870000000003
 21
-111.4215
 31
0.0
100
AcDbText
 73
2
  0
LWPOLYLINE
  5
9DB
330
17
100
AcDbEntity
  8
PLAN-CORTE-PIEZAS-A-ABRIR
100
AcDbPolyline
 90
4
 70
1
 10
499.9387
 20
-112.5004
 10
500.1387
 20
-112.5004
 10
500.1387
 20
-111.3004
 10
499.9387
 20
-111.3004
  0
TEXT
  5
9DC
330
17
100
AcDbEntity
  8
PLAN-CORTE-TEXTOS
100
AcDbText
 10
500.0387
 20
-111.1604
 30
0.0
 40
0.06
  1
RW-61
 72
1
 11
500.0387
 21
-111.1604
 31
0.0
100
AcDbText
 73
2
  0
LWPOLYLINE
  5
9DD
330
17
100
AcDbEntity
  8
PLAN-CORTE-RECORTES
100
AcDbPolyline
 90
4
 70
1
 10
499.9387
 20
-112.5004
 10
500.1387
 20
-112.5004
 10
500.1387
 20
-112.0845
 10
499.9387
 20
-112.0845
  0
TEXT
  5
9DE
330
17
100
AcDbEntity
  8
PLAN-CORTE-TEXTOS
100
AcDbText
 10
500.0387
 20
-112.29245
 30
0.0
 40
0.035
  1
PA-R-004
 50
90.0
 72
1
 11
500.0387
 21
-112.29245
 31
0.0
100
AcDbText
 73
2
  0
LWPOLYLINE
  5
9DF
330
17
100
AcDbEntity
  8
PLAN-CORTE-RECORTES
100
AcDbPolyline
 90
4
 70
1
 10
499.9387
 20
-112.0845
 10
500.1387
 20
-112.0845
 10
500.1387
 20
-111.66890000000001
 10
499.9387
 20
-111.66890000000001
  0
TEXT
  5
9E0
330
17
100
AcDbEntity
  8
PLAN-CORTE-TEXTOS
100
AcDbText
 10
500.0387
 20
-111.8767
 30
0.0
 40
0.018620071684587815
  1
PA-R-005 (DE SOBRA DE PA-R-004)
 50
90.0
 72
1
 11
500.0387
 21
-111.8767
 31
0.0
100
AcDbText
 73
2
  0
LWPOLYLINE
  5
9E1
330
17
100
AcDbEntity
  8
PLAN-CORTE-SOBRANTES
100
AcDbPolyline
 90
4
 70
1
 10
499.9387
 20
-111.6689
 10
500.1387
 20
-111.6689
 10
500.1387
 20
-111.3004
 10
499.9387
 20
-111.3004
  0
TEXT
  5
9E2
330
17
100
AcDbEntity
  8
PLAN-CORTE-TEXTOS
100
AcDbText
 10
500.0387
 20
-111.48464999999999
 30
0.0
 40
0.03275555555555555
  1
SOBRA 0.2x0.368
 50
90.0
 72
1
 11
500.0387
 21
-111.48464999999999
 31
0.0
100
AcDbText
 73
2
  0
LWPOLYLINE
  5
9E3
330
17
100
AcDbEntity
  8
PLAN-CORTE-PIEZAS-A-ABRIR
100
AcDbPolyline
 90
4
 70
1
 10
500.5887
 20
-112.5004
 10
500.7887
 20
-112.5004
 10
500.7887
 20
-111.3004
 10
500.5887
 20
-111.3004
  0
TEXT
  5
9E4
330
17
100
AcDbEntity
  8
PLAN-CORTE-TEXTOS
100
AcDbText
 10
500.68870000000004
 20
-111.1604
 30
0.0
 40
0.06
  1
RW-62
 72
1
 11
500.68870000000004
 21
-111.1604
 31
0.0
100
AcDbText
 73
2
  0
LWPOLYLINE
  5
9E5
330
17
100
AcDbEntity
  8
PLAN-CORTE-RECORTES
100
AcDbPolyline
 90
4
 70
1
 10
500.5887
 20
-112.5004
 10
500.7887
 20
-112.5004
 10
500.7887
 20
-111.3934
 10
500.5887
 20
-111.3934
  0
TEXT
  5
9E6
330
17
100
AcDbEntity
  8
PLAN-CORTE-TEXTOS
100
AcDbText
 10
500.68870000000004
 20
-111.9469
 30
0.0
 40
0.035
  1
PA-R-188
 50
90.0
 72
1
 11
500.68870000000004
 21
-111.9469
 31
0.0
100
AcDbText
 73
2
  0
LWPOLYLINE
  5
9E7
330
17
100
AcDbEntity
  8
PLAN-CORTE-DESPERDICIO
100
AcDbPolyline
 90
4
 70
1
 10
500.5887
 20
-111.3934
 10
500.7887
 20
-111.3934
 10
500.7887
 20
-111.3004
 10
500.5887
 20
-111.3004
  0
LWPOLYLINE
  5
9E8
330
17
100
AcDbEntity
  8
PLAN-CORTE-PIEZAS-A-ABRIR
100
AcDbPolyline
 90
4
 70
1
 10
501.2387
 20
-112.5004
 10
501.4387
 20
-112.5004
 10
501.4387
 20
-111.3004
 10
501.2387
 20
-111.3004
  0
TEXT
  5
9E9
330
17
100
AcDbEntity
  8
PLAN-CORTE-TEXTOS
100
AcDbText
 10
501.3387
 20
-111.1604
 30
0.0
 40
0.06
  1
RW-63
 72
1
 11
501.3387
 21
-111.1604
 31
0.0
100
AcDbText
 73
2
  0
LWPOLYLINE
  5
9EA
330
17
100
AcDbEntity
  8
PLAN-CORTE-RECORTES
100
AcDbPolyline
 90
4
 70
1
 10
501.2387
 20
-112.5004
 10
501.4387
 20
-112.5004
 10
501.4387
 20
-111.422
 10
501.2387
 20
-111.422
  0
TEXT
  5
9EB
330
17
100
AcDbEntity
  8
PLAN-CORTE-TEXTOS
100
AcDbText
 10
501.3387
 20
-111.9612
 30
0.0
 40
0.035
  1
PA-R-035
 50
90.0
 72
1
 11
501.3387
 21
-111.9612
 31
0.0
100
AcDbText
 73
2
  0
LWPOLYLINE
  5
9EC
330
17
100
AcDbEntity
  8
PLAN-CORTE-SOBRANTES
100
AcDbPolyline
 90
4
 70
1
 10
501.2387
 20
-111.422
 10
501.4387
 20
-111.422
 10
501.4387
 20
-111.3004
 10
501.2387
 20
-111.3004
  0
TEXT
  5
9ED
330
17
100
AcDbEntity
  8
PLAN-CORTE-TEXTOS
100
AcDbText
 10
501.3387
 20
-111.3612
 30
0.0
 40
0.045
  1
SOBRA
 72
1
 11
501.3387
 21
-111.3612
 31
0.0
100
AcDbText
 73
2
  0
LWPOLYLINE
  5
9EE
330
17
100
AcDbEntity
  8
PLAN-CORTE-PIEZAS-A-ABRIR
100
AcDbPolyline
 90
4
 70
1
 10
501.88870000000003
 20
-112.5004
 10
502.0887
 20
-112.5004
 10
502.0887
 20
-111.3004
 10
501.88870000000003
 20
-111.3004
  0
TEXT
  5
9EF
330
17
100
AcDbEntity
  8
PLAN-CORTE-TEXTOS
100
AcDbText
 10
501.98870000000005
 20
-111.1604
 30
0.0
 40
0.06
  1
RW-64
 72
1
 11
501.98870000000005
 21
-111.1604
 31
0.0
100
AcDbText
 73
2
  0
LWPOLYLINE
  5
9F0
330
17
100
AcDbEntity
  8
PLAN-CORTE-RECORTES
100
AcDbPolyline
 90
4
 70
1
 10
501.88870000000003
 20
-112.5004
 10
502.0887
 20
-112.5004
 10
502.0887
 20
-111.3934
 10
501.88870000000003
 20
-111.3934
  0
TEXT
  5
9F1
330
17
100
AcDbEntity
  8
PLAN-CORTE-TEXTOS
100
AcDbText
 10
501.98870000000005
 20
-111.9469
 30
0.0
 40
0.035
  1
PA-R-189
 50
90.0
 72
1
 11
501.98870000000005
 21
-111.9469
 31
0.0
100
AcDbText
 73
2
  0
LWPOLYLINE
  5
9F2
330
17
100
AcDbEntity
  8
PLAN-CORTE-DESPERDICIO
100
AcDbPolyline
 90
4
 70
1
 10
501.88870000000003
 20
-111.3934
 10
502.0887
 20
-111.3934
 10
502.0887
 20
-111.3004
 10
501.88870000000003
 20
-111.3004
  0
LWPOLYLINE
  5
9F3
330
17
100
AcDbEntity
  8
PLAN-CORTE-PIEZAS-A-ABRIR
100
AcDbPolyline
 90
4
 70
1
 10
502.5387
 20
-112.5004
 10
502.7387
 20
-112.5004
 10
502.7387
 20
-111.3004
 10
502.5387
 20
-111.3004
  0
TEXT
  5
9F4
330
17
100
AcDbEntity
  8
PLAN-CORTE-TEXTOS
100
AcDbText
 10
502.63870000000003
 20
-111.1604
 30
0.0
 40
0.06
  1
RW-65
 72
1
 11
502.63870000000003
 21
-111.1604
 31
0.0
100
AcDbText
 73
2
  0
LWPOLYLINE
  5
9F5
330
17
100
AcDbEntity
  8
PLAN-CORTE-RECORTES
100
AcDbPolyline
 90
4
 70
1
 10
502.5387
 20
-112.5004
 10
502.7387
 20
-112.5004
 10
502.7387
 20
-111.48349999999999
 10
502.5387
 20
-111.48349999999999
  0
TEXT
  5
9F6
330
17
100
AcDbEntity
  8
PLAN-CORTE-TEXTOS
100
AcDbText
 10
502.63870000000003
 20
-111.99195
 30
0.0
 40
0.035
  1
PA-R-022
 50
90.0
 72
1
 11
502.63870000000003
 21
-111.99195
 31
0.0
100
AcDbText
 73
2
  0
LWPOLYLINE
  5
9F7
330
17
100
AcDbEntity
  8
PLAN-CORTE-SOBRANTES
100
AcDbPolyline
 90
4
 70
1
 10
502.5387
 20
-111.48349999999999
 10
502.7387
 20
-111.48349999999999
 10
502.7387
 20
-111.3004
 10
502.5387
 20
-111.3004
  0
TEXT
  5
9F8
330
17
100
AcDbEntity
  8
PLAN-CORTE-TEXTOS
100
AcDbText
 10
502.63870000000003
 20
-111.39195
 30
0.0
 40
0.045
  1
SOBRA
 72
1
 11
502.63870000000003
 21
-111.39195
 31
0.0
100
AcDbText
 73
2
  0
LWPOLYLINE
  5
9F9
330
17
100
AcDbEntity
  8
PLAN-CORTE-PIEZAS-A-ABRIR
100
AcDbPolyline
 90
4
 70
1
 10
503.1887
 20
-112.5004
 10
503.3887
 20
-112.5004
 10
503.3887
 20
-111.3004
 10
503.1887
 20
-111.3004
  0
TEXT
  5
9FA
330
17
100
AcDbEntity
  8
PLAN-CORTE-TEXTOS
100
AcDbText
 10
503.2887
 20
-111.1604
 30
0.0
 40
0.06
  1
RW-66
 72
1
 11
503.2887
 21
-111.1604
 31
0.0
100
AcDbText
 73
2
  0
LWPOLYLINE
  5
9FB
330
17
100
AcDbEntity
  8
PLAN-CORTE-RECORTES
100
AcDbPolyline
 90
4
 70
1
 10
503.1887
 20
-112.5004
 10
503.3887
 20
-112.5004
 10
503.3887
 20
-111.3934
 10
503.1887
 20
-111.3934
  0
TEXT
  5
9FC
330
17
100
AcDbEntity
  8
PLAN-CORTE-TEXTOS
100
AcDbText
 10
503.2887
 20
-111.9469
 30
0.0
 40
0.035
  1
PA-R-190
 50
90.0
 72
1
 11
503.2887
 21
-111.9469
 31
0.0
100
AcDbText
 73
2
  0
LWPOLYLINE
  5
9FD
330
17
100
AcDbEntity
  8
PLAN-CORTE-DESPERDICIO
100
AcDbPolyline
 90
4
 70
1
 10
503.1887
 20
-111.3934
 10
503.3887
 20
-111.3934
 10
503.3887
 20
-111.3004
 10
503.1887
 20
-111.3004
  0
LWPOLYLINE
  5
9FE
330
17
100
AcDbEntity
  8
PLAN-CORTE-PIEZAS-A-ABRIR
100
AcDbPolyline
 90
4
 70
1
 10
489.5387
 20
-114.40039999999999
 10
489.7387
 20
-114.40039999999999
 10
489.7387
 20
-113.20039999999999
 10
489.5387
 20
-113.20039999999999
  0
TEXT
  5
9FF
330
17
100
AcDbEntity
  8
PLAN-CORTE-TEXTOS
100
AcDbText
 10
489.63870000000003
 20
-113.06039999999999
 30
0.0
 40
0.06
  1
RW-67
 72
1
 11
489.63870000000003
 21
-113.06039999999999
 31
0.0
100
AcDbText
 73
2
  0
LWPOLYLINE
  5
A00
330
17
100
AcDbEntity
  8
PLAN-CORTE-RECORTES
100
AcDbPolyline
 90
4
 70
1
 10
489.5387
 20
-114.40039999999999
 10
489.7387
 20
-114.40039999999999
 10
489.7387
 20
-113.9215
 10
489.5387
 20
-113.9215
  0
TEXT
  5
A01
330
17
100
AcDbEntity
  8
PLAN-CORTE-TEXTOS
100
AcDbText
 10
489.63870000000003
 20
-114.16094999999999
 30
0.0
 40
0.035
  1
PA-R-016
 50
90.0
 72
1
 11
489.63870000000003
 21
-114.16094999999999
 31
0.0
100
AcDbText
 73
2
  0
LWPOLYLINE
  5
A02
330
17
100
AcDbEntity
  8
PLAN-CORTE-RECORTES
100
AcDbPolyline
 90
4
 70
1
 10
489.5387
 20
-113.9215
 10
489.7387
 20
-113.9215
 10
489.7387
 20
-113.4426
 10
489.5387
 20
-113.4426
  0
TEXT
  5
A03
330
17
100
AcDbEntity
  8
PLAN-CORTE-TEXTOS
100
AcDbText
 10
489.63870000000003
 20
-113.68204999999999
 30
0.0
 40
0.021456093189964158
  1
PA-R-015 (DE SOBRA DE PA-R-016)
 50
90.0
 72
1
 11
489.63870000000003
 21
-113.68204999999999
 31
0.0
100
AcDbText
 73
2
  0
LWPOLYLINE
  5
A04
330
17
100
AcDbEntity
  8
PLAN-CORTE-SOBRANTES
100
AcDbPolyline
 90
4
 70
1
 10
489.5387
 20
-113.44259999999998
 10
489.7387
 20
-113.44259999999998
 10
489.7387
 20
-113.20039999999999
 10
489.5387
 20
-113.20039999999999
  0
TEXT
  5
A05
330
17
100
AcDbEntity
  8
PLAN-CORTE-TEXTOS
100
AcDbText
 10
489.63870000000003
 20
-113.32149999999999
 30
0.0
 40
0.045
  1
SOBRA
 50
90.0
 72
1
 11
489.63870000000003
 21
-113.32149999999999
 31
0.0
100
AcDbText
 73
2
  0
LWPOLYLINE
  5
A06
330
17
100
AcDbEntity
  8
PLAN-CORTE-PIEZAS-A-ABRIR
100
AcDbPolyline
 90
4
 70
1
 10
490.1887
 20
-114.40039999999999
 10
490.3887
 20
-114.40039999999999
 10
490.3887
 20
-113.20039999999999
 10
490.1887
 20
-113.20039999999999
  0
TEXT
  5
A07
330
17
100
AcDbEntity
  8
PLAN-CORTE-TEXTOS
100
AcDbText
 10
490.2887
 20
-113.06039999999999
 30
0.0
 40
0.06
  1
RW-68
 72
1
 11
490.2887
 21
-113.06039999999999
 31
0.0
100
AcDbText
 73
2
  0
LWPOLYLINE
  5
A08
330
17
100
AcDbEntity
  8
PLAN-CORTE-RECORTES
100
AcDbPolyline
 90
4
 70
1
 10
490.1887
 20
-114.40039999999999
 10
490.3887
 20
-114.40039999999999
 10
490.3887
 20
-113.32199999999999
 10
490.1887
 20
-113.32199999999999
  0
TEXT
  5
A09
330
17
100
AcDbEntity
  8
PLAN-CORTE-TEXTOS
100
AcDbText
 10
490.2887
 20
-113.8612
 30
0.0
 40
0.035
  1
PA-R-036
 50
90.0
 72
1
 11
490.2887
 21
-113.8612
 31
0.0
100
AcDbText
 73
2
  0
LWPOLYLINE
  5
A0A
330
17
100
AcDbEntity
  8
PLAN-CORTE-SOBRANTES
100
AcDbPolyline
 90
4
 70
1
 10
490.1887
 20
-113.32199999999999
 10
490.3887
 20
-113.32199999999999
 10
490.3887
 20
-113.20039999999999
 10
490.1887
 20
-113.20039999999999
  0
TEXT
  5
A0B
330
17
100
AcDbEntity
  8
PLAN-CORTE-TEXTOS
100
AcDbText
 10
490.2887
 20
-113.26119999999999
 30
0.0
 40
0.045
  1
SOBRA
 72
1
 11
490.2887
 21
-113.26119999999999
 31
0.0
100
AcDbText
 73
2
  0
LWPOLYLINE
  5
A0C
330
17
100
AcDbEntity
  8
PLAN-CORTE-PIEZAS-A-ABRIR
100
AcDbPolyline
 90
4
 70
1
 10
490.8387
 20
-114.40039999999999
 10
491.0387
 20
-114.40039999999999
 10
491.0387
 20
-113.20039999999999
 10
490.8387
 20
-113.20039999999999
  0
TEXT
  5
A0D
330
17
100
AcDbEntity
  8
PLAN-CORTE-TEXTOS
100
AcDbText
 10
490.93870000000004
 20
-113.06039999999999
 30
0.0
 40
0.06
  1
RW-69
 72
1
 11
490.93870000000004
 21
-113.06039999999999
 31
0.0
100
AcDbText
 73
2
  0
LWPOLYLINE
  5
A0E
330
17
100
AcDbEntity
  8
PLAN-CORTE-RECORTES
100
AcDbPolyline
 90
4
 70
1
 10
490.8387
 20
-114.40039999999999
 10
491.0387
 20
-114.40039999999999
 10
491.0387
 20
-113.98389999999999
 10
490.8387
 20
-113.98389999999999
  0
TEXT
  5
A0F
330
17
100
AcDbEntity
  8
PLAN-CORTE-TEXTOS
100
AcDbText
 10
490.93870000000004
 20
-114.19214999999998
 30
0.0
 40
0.035
  1
PA-R-002
 50
90.0
 72
1
 11
490.93870000000004
 21
-114.19214999999998
 31
0.0
100
AcDbText
 73
2
  0
LWPOLYLINE
  5
A10
330
17
100
AcDbEntity
  8
PLAN-CORTE-RECORTES
100
AcDbPolyline
 90
4
 70
1
 10
490.8387
 20
-113.98389999999999
 10
491.0387
 20
-113.98389999999999
 10
491.0387
 20
-113.56769999999999
 10
490.8387
 20
-113.56769999999999
  0
TEXT
  5
A11
330
17
100
AcDbEntity
  8
PLAN-CORTE-TEXTOS
100
AcDbText
 10
490.93870000000004
 20
-113.77579999999999
 30
0.0
 40
0.018646953405017923
  1
PA-R-003 (DE SOBRA DE PA-R-002)
 50
90.0
 72
1
 11
490.93870000000004
 21
-113.77579999999999
 31
0.0
100
AcDbText
 73
2
  0
LWPOLYLINE
  5
A12
330
17
100
AcDbEntity
  8
PLAN-CORTE-SOBRANTES
100
AcDbPolyline
 90
4
 70
1
 10
490.8387
 20
-113.56769999999999
 10
491.0387
 20
-113.56769999999999
 10
491.0387
 20
-113.20039999999999
 10
490.8387
 20
-113.20039999999999
  0
TEXT
  5
A13
330
17
100
AcDbEntity
  8
PLAN-CORTE-TEXTOS
100
AcDbText
 10
490.93870000000004
 20
-113.38404999999999
 30
0.0
 40
0.03264888888888889
  1
SOBRA 0.2x0.367
 50
90.0
 72
1
 11
490.93870000000004
 21
-113.38404999999999
 31
0.0
100
AcDbText
 73
2
  0
LWPOLYLINE
  5
A14
330
17
100
AcDbEntity
  8
PLAN-CORTE-PIEZAS-A-ABRIR
100
AcDbPolyline
 90
4
 70
1
 10
491.4887
 20
-114.40039999999999
 10
491.6887
 20
-114.40039999999999
 10
491.6887
 20
-113.20039999999999
 10
491.4887
 20
-113.20039999999999
  0
TEXT
  5
A15
330
17
100
AcDbEntity
  8
PLAN-CORTE-TEXTOS
100
AcDbText
 10
491.5887
 20
-113.06039999999999
 30
0.0
 40
0.06
  1
RW-70
 72
1
 11
491.5887
 21
-113.06039999999999
 31
0.0
100
AcDbText
 73
2
  0
LWPOLYLINE
  5
A16
330
17
100
AcDbEntity
  8
PLAN-CORTE-RECORTES
100
AcDbPolyline
 90
4
 70
1
 10
491.4887
 20
-114.40039999999999
 10
491.6887
 20
-114.40039999999999
 10
491.6887
 20
-113.38319999999999
 10
491.4887
 20
-113.38319999999999
  0
TEXT
  5
A17
330
17
100
AcDbEntity
  8
PLAN-CORTE-TEXTOS
100
AcDbText
 10
491.5887
 20
-113.89179999999999
 30
0.0
 40
0.035
  1
PA-R-021
 50
90.0
 72
1
 11
491.5887
 21
-113.89179999999999
 31
0.0
100
AcDbText
 73
2
  0
LWPOLYLINE
  5
A18
330
17
100
AcDbEntity
  8
PLAN-CORTE-SOBRANTES
100
AcDbPolyline
 90
4
 70
1
 10
491.4887
 20
-113.38319999999999
 10
491.6887
 20
-113.38319999999999
 10
491.6887
 20
-113.20039999999999
 10
491.4887
 20
-113.20039999999999
  0
TEXT
  5
A19
330
17
100
AcDbEntity
  8
PLAN-CORTE-TEXTOS
100
AcDbText
 10
491.5887
 20
-113.2918
 30
0.0
 40
0.045
  1
SOBRA
 72
1
 11
491.5887
 21
-113.2918
 31
0.0
100
AcDbText
 73
2
  0
LWPOLYLINE
  5
A1A
330
17
100
AcDbEntity
  8
PLAN-CORTE-PIEZAS-A-ABRIR
100
AcDbPolyline
 90
4
 70
1
 10
492.13870000000003
 20
-114.40039999999999
 10
492.3387
 20
-114.40039999999999
 10
492.3387
 20
-113.20039999999999
 10
492.13870000000003
 20
-113.20039999999999
  0
TEXT
  5
A1B
330
17
100
AcDbEntity
  8
PLAN-CORTE-TEXTOS
100
AcDbText
 10
492.23870000000005
 20
-113.06039999999999
 30
0.0
 40
0.06
  1
RW-71
 72
1
 11
492.23870000000005
 21
-113.06039999999999
 31
0.0
100
AcDbText
 73
2
  0
LWPOLYLINE
  5
A1C
330
17
100
AcDbEntity
  8
PLAN-CORTE-RECORTES
100
AcDbPolyline
 90
4
 70
1
 10
492.13870000000003
 20
-114.40039999999999
 10
492.3387
 20
-114.40039999999999
 10
492.3387
 20
-113.29339999999999
 10
492.13870000000003
 20
-113.29339999999999
  0
TEXT
  5
A1D
330
17
100
AcDbEntity
  8
PLAN-CORTE-TEXTOS
100
AcDbText
 10
492.23870000000005
 20
-113.84689999999999
 30
0.0
 40
0.035
  1
PA-R-191
 50
90.0
 72
1
 11
492.23870000000005
 21
-113.84689999999999
 31
0.0
100
AcDbText
 73
2
  0
LWPOLYLINE
  5
A1E
330
17
100
AcDbEntity
  8
PLAN-CORTE-DESPERDICIO
100
AcDbPolyline
 90
4
 70
1
 10
492.13870000000003
 20
-113.29339999999999
 10
492.3387
 20
-113.29339999999999
 10
492.3387
 20
-113.20039999999999
 10
492.13870000000003
 20
-113.20039999999999
  0
LWPOLYLINE
  5
A1F
330
17
100
AcDbEntity
  8
PLAN-CORTE-PIEZAS-A-ABRIR
100
AcDbPolyline
 90
4
 70
1
 10
492.7887
 20
-114.40039999999999
 10
492.9887
 20
-114.40039999999999
 10
492.9887
 20
-113.20039999999999
 10
492.7887
 20
-113.20039999999999
  0
TEXT
  5
A20
330
17
100
AcDbEntity
  8
PLAN-CORTE-TEXTOS
100
AcDbText
 10
492.88870000000003
 20
-113.06039999999999
 30
0.0
 40
0.06
  1
RW-72
 72
1
 11
492.88870000000003
 21
-113.06039999999999
 31
0.0
100
AcDbText
 73
2
  0
LWPOLYLINE
  5
A21
330
17
100
AcDbEntity
  8
PLAN-CORTE-RECORTES
100
AcDbPolyline
 90
4
 70
1
 10
492.7887
 20
-114.40039999999999
 10
492.9887
 20
-114.40039999999999
 10
492.9887
 20
-113.89389999999999
 10
492.7887
 20
-113.89389999999999
  0
TEXT
  5
A22
330
17
100
AcDbEntity
  8
PLAN-CORTE-TEXTOS
100
AcDbText
 10
492.88870000000003
 20
-114.14715
 30
0.0
 40
0.035
  1
PA-R-198
 50
90.0
 72
1
 11
492.88870000000003
 21
-114.14715
 31
0.0
100
AcDbText
 73
2
  0
LWPOLYLINE
  5
A23
330
17
100
AcDbEntity
  8
PLAN-CORTE-RECORTES
100
AcDbPolyline
 90
4
 70
1
 10
492.7887
 20
-113.89389999999999
 10
492.9887
 20
-113.89389999999999
 10
492.9887
 20
-113.41499999999999
 10
492.7887
 20
-113.41499999999999
  0
TEXT
  5
A24
330
17
100
AcDbEntity
  8
PLAN-CORTE-TEXTOS
100
AcDbText
 10
492.88870000000003
 20
-113.65444999999998
 30
0.0
 40
0.021456093189964158
  1
PA-R-019 (DE SOBRA DE PA-R-198)
 50
90.0
 72
1
 11
492.88870000000003
 21
-113.65444999999998
 31
0.0
100
AcDbText
 73
2
  0
LWPOLYLINE
  5
A25
330
17
100
AcDbEntity
  8
PLAN-CORTE-SOBRANTES
100
AcDbPolyline
 90
4
 70
1
 10
492.7887
 20
-113.41499999999999
 10
492.9887
 20
-113.41499999999999
 10
492.9887
 20
-113.20039999999999
 10
492.7887
 20
-113.20039999999999
  0
TEXT
  5
A26
330
17
100
AcDbEntity
  8
PLAN-CORTE-TEXTOS
100
AcDbText
 10
492.88870000000003
 20
-113.3077
 30
0.0
 40
0.045
  1
SOBRA
 50
90.0
 72
1
 11
492.88870000000003
 21
-113.3077
 31
0.0
100
AcDbText
 73
2
  0
LWPOLYLINE
  5
A27
330
17
100
AcDbEntity
  8
PLAN-CORTE-PIEZAS-A-ABRIR
100
AcDbPolyline
 90
4
 70
1
 10
493.4387
 20
-114.40039999999999
 10
493.6387
 20
-114.40039999999999
 10
493.6387
 20
-113.20039999999999
 10
493.4387
 20
-113.20039999999999
  0
TEXT
  5
A28
330
17
100
AcDbEntity
  8
PLAN-CORTE-TEXTOS
100
AcDbText
 10
493.5387
 20
-113.06039999999999
 30
0.0
 40
0.06
  1
RW-73
 72
1
 11
493.5387
 21
-113.06039999999999
 31
0.0
100
AcDbText
 73
2
  0
LWPOLYLINE
  5
A29
330
17
100
AcDbEntity
  8
PLAN-CORTE-RECORTES
100
AcDbPolyline
 90
4
 70
1
 10
493.4387
 20
-114.40039999999999
 10
493.6387
 20
-114.40039999999999
 10
493.6387
 20
-113.89389999999999
 10
493.4387
 20
-113.89389999999999
  0
TEXT
  5
A2A
330
17
100
AcDbEntity
  8
PLAN-CORTE-TEXTOS
100
AcDbText
 10
493.5387
 20
-114.14715
 30
0.0
 40
0.035
  1
PA-R-200
 50
90.0
 72
1
 11
493.5387
 21
-114.14715
 31
0.0
100
AcDbText
 73
2
  0
LWPOLYLINE
  5
A2B
330
17
100
AcDbEntity
  8
PLAN-CORTE-RECORTES
100
AcDbPolyline
 90
4
 70
1
 10
493.4387
 20
-113.89389999999999
 10
493.6387
 20
-113.89389999999999
 10
493.6387
 20
-113.38739999999999
 10
493.4387
 20
-113.38739999999999
  0
TEXT
  5
A2C
330
17
100
AcDbEntity
  8
PLAN-CORTE-TEXTOS
100
AcDbText
 10
493.5387
 20
-113.64065
 30
0.0
 40
0.0226926523297491
  1
PA-R-199 (DE SOBRA DE PA-R-200)
 50
90.0
 72
1
 11
493.5387
 21
-113.64065
 31
0.0
100
AcDbText
 73
2
  0
LWPOLYLINE
  5
A2D
330
17
100
AcDbEntity
  8
PLAN-CORTE-SOBRANTES
100
AcDbPolyline
 90
4
 70
1
 10
493.4387
 20
-113.38739999999999
 10
493.6387
 20
-113.38739999999999
 10
493.6387
 20
-113.20039999999999
 10
493.4387
 20
-113.20039999999999
  0
TEXT
  5
A2E
330
17
100
AcDbEntity
  8
PLAN-CORTE-TEXTOS
100
AcDbText
 10
493.5387
 20
-113.29389999999998
 30
0.0
 40
0.045
  1
SOBRA
 72
1
 11
493.5387
 21
-113.29389999999998
 31
0.0
100
AcDbText
 73
2
  0
LWPOLYLINE
  5
A2F
330
17
100
AcDbEntity
  8
PLAN-CORTE-PIEZAS-A-ABRIR
100
AcDbPolyline
 90
4
 70
1
 10
494.0887
 20
-114.40039999999999
 10
494.2887
 20
-114.40039999999999
 10
494.2887
 20
-113.20039999999999
 10
494.0887
 20
-113.20039999999999
  0
TEXT
  5
A30
330
17
100
AcDbEntity
  8
PLAN-CORTE-TEXTOS
100
AcDbText
 10
494.18870000000004
 20
-113.06039999999999
 30
0.0
 40
0.06
  1
RW-74
 72
1
 11
494.18870000000004
 21
-113.06039999999999
 31
0.0
100
AcDbText
 73
2
  0
LWPOLYLINE
  5
A31
330
17
100
AcDbEntity
  8
PLAN-CORTE-RECORTES
100
AcDbPolyline
 90
4
 70
1
 10
494.0887
 20
-114.40039999999999
 10
494.2887
 20
-114.40039999999999
 10
494.2887
 20
-113.29339999999999
 10
494.0887
 20
-113.29339999999999
  0
TEXT
  5
A32
330
17
100
AcDbEntity
  8
PLAN-CORTE-TEXTOS
100
AcDbText
 10
494.18870000000004
 20
-113.84689999999999
 30
0.0
 40
0.035
  1
PA-R-192
 50
90.0
 72
1
 11
494.18870000000004
 21
-113.84689999999999
 31
0.0
100
AcDbText
 73
2
  0
LWPOLYLINE
  5
A33
330
17
100
AcDbEntity
  8
PLAN-CORTE-DESPERDICIO
100
AcDbPolyline
 90
4
 70
1
 10
494.0887
 20
-113.29339999999999
 10
494.2887
 20
-113.29339999999999
 10
494.2887
 20
-113.20039999999999
 10
494.0887
 20
-113.20039999999999
  0
LWPOLYLINE
  5
A34
330
17
100
AcDbEntity
  8
PLAN-CORTE-PIEZAS-A-ABRIR
100
AcDbPolyline
 90
4
 70
1
 10
494.7387
 20
-114.40039999999999
 10
494.9387
 20
-114.40039999999999
 10
494.9387
 20
-113.20039999999999
 10
494.7387
 20
-113.20039999999999
  0
TEXT
  5
A35
330
17
100
AcDbEntity
  8
PLAN-CORTE-TEXTOS
100
AcDbText
 10
494.8387
 20
-113.06039999999999
 30
0.0
 40
0.06
  1
RW-75
 72
1
 11
494.8387
 21
-113.06039999999999
 31
0.0
100
AcDbText
 73
2
  0
LWPOLYLINE
  5
A36
330
17
100
AcDbEntity
  8
PLAN-CORTE-RECORTES
100
AcDbPolyline
 90
4
 70
1
 10
494.7387
 20
-114.40039999999999
 10
494.9387
 20
-114.40039999999999
 10
494.9387
 20
-113.32199999999999
 10
494.7387
 20
-113.32199999999999
  0
TEXT
  5
A37
330
17
100
AcDbEntity
  8
PLAN-CORTE-TEXTOS
100
AcDbText
 10
494.8387
 20
-113.8612
 30
0.0
 40
0.035
  1
PA-R-037
 50
90.0
 72
1
 11
494.8387
 21
-113.8612
 31
0.0
100
AcDbText
 73
2
  0
LWPOLYLINE
  5
A38
330
17
100
AcDbEntity
  8
PLAN-CORTE-SOBRANTES
100
AcDbPolyline
 90
4
 70
1
 10
494.7387
 20
-113.32199999999999
 10
494.9387
 20
-113.32199999999999
 10
494.9387
 20
-113.20039999999999
 10
494.7387
 20
-113.20039999999999
  0
TEXT
  5
A39
330
17
100
AcDbEntity
  8
PLAN-CORTE-TEXTOS
100
AcDbText
 10
494.8387
 20
-113.26119999999999
 30
0.0
 40
0.045
  1
SOBRA
 72
1
 11
494.8387
 21
-113.26119999999999
 31
0.0
100
AcDbText
 73
2
  0
LWPOLYLINE
  5
A3A
330
17
100
AcDbEntity
  8
PLAN-CORTE-PIEZAS-A-ABRIR
100
AcDbPolyline
 90
4
 70
1
 10
495.38870000000003
 20
-114.40039999999999
 10
495.5887
 20
-114.40039999999999
 10
495.5887
 20
-113.20039999999999
 10
495.38870000000003
 20
-113.20039999999999
  0
TEXT
  5
A3B
330
17
100
AcDbEntity
  8
PLAN-CORTE-TEXTOS
100
AcDbText
 10
495.48870000000005
 20
-113.06039999999999
 30
0.0
 40
0.06
  1
RW-76
 72
1
 11
495.48870000000005
 21
-113.06039999999999
 31
0.0
100
AcDbText
 73
2
  0
LWPOLYLINE
  5
A3C
330
17
100
AcDbEntity
  8
PLAN-CORTE-RECORTES
100
AcDbPolyline
 90
4
 70
1
 10
495.38870000000003
 20
-114.40039999999999
 10
495.56570000000005
 20
-114.40039999999999
 10
495.56570000000005
 20
-113.38309999999998
 10
495.38870000000003
 20
-113.38309999999998
  0
TEXT
  5
A3D
330
17
100
AcDbEntity
  8
PLAN-CORTE-TEXTOS
100
AcDbText
 10
495.47720000000004
 20
-113.89174999999999
 30
0.0
 40
0.035
  1
PA-R-020
 50
90.0
 72
1
 11
495.47720000000004
 21
-113.89174999999999
 31
0.0
100
AcDbText
 73
2
  0
LWPOLYLINE
  5
A3E
330
17
100
AcDbEntity
  8
PLAN-CORTE-SOBRANTES
100
AcDbPolyline
 90
4
 70
1
 10
495.38870000000003
 20
-113.38309999999998
 10
495.5887
 20
-113.38309999999998
 10
495.5887
 20
-113.20039999999999
 10
495.38870000000003
 20
-113.20039999999999
  0
TEXT
  5
A3F
330
17
100
AcDbEntity
  8
PLAN-CORTE-TEXTOS
100
AcDbText
 10
495.48870000000005
 20
-113.29174999999998
 30
0.0
 40
0.045
  1
SOBRA
 72
1
 11
495.48870000000005
 21
-113.29174999999998
 31
0.0
100
AcDbText
 73
2
  0
LWPOLYLINE
  5
A40
330
17
100
AcDbEntity
  8
PLAN-CORTE-DESPERDICIO
100
AcDbPolyline
 90
4
 70
1
 10
495.56570000000005
 20
-114.40039999999999
 10
495.5887000000001
 20
-114.40039999999999
 10
495.5887000000001
 20
-113.38309999999998
 10
495.56570000000005
 20
-113.38309999999998
  0
LWPOLYLINE
  5
A41
330
17
100
AcDbEntity
  8
PLAN-CORTE-PIEZAS-A-ABRIR
100
AcDbPolyline
 90
4
 70
1
 10
496.0387
 20
-114.40039999999999
 10
496.2387
 20
-114.40039999999999
 10
496.2387
 20
-113.20039999999999
 10
496.0387
 20
-113.20039999999999
  0
TEXT
  5
A42
330
17
100
AcDbEntity
  8
PLAN-CORTE-TEXTOS
100
AcDbText
 10
496.13870000000003
 20
-113.06039999999999
 30
0.0
 40
0.06
  1
RW-77
 72
1
 11
496.13870000000003
 21
-113.06039999999999
 31
0.0
100
AcDbText
 73
2
  0
LWPOLYLINE
  5
A43
330
17
100
AcDbEntity
  8
PLAN-CORTE-RECORTES
100
AcDbPolyline
 90
4
 70
1
 10
496.0387
 20
-114.40039999999999
 10
496.2387
 20
-114.40039999999999
 10
496.2387
 20
-113.9215
 10
496.0387
 20
-113.9215
  0
TEXT
  5
A44
330
17
100
AcDbEntity
  8
PLAN-CORTE-TEXTOS
100
AcDbText
 10
496.13870000000003
 20
-114.16094999999999
 30
0.0
 40
0.035
  1
PA-R-018
 50
90.0
 72
1
 11
496.13870000000003
 21
-114.16094999999999
 31
0.0
100
AcDbText
 73
2
  0
LWPOLYLINE
  5
A45
330
17
100
AcDbEntity
  8
PLAN-CORTE-RECORTES
100
AcDbPolyline
 90
4
 70
1
 10
496.0387
 20
-113.9215
 10
496.2387
 20
-113.9215
 10
496.2387
 20
-113.4426
 10
496.0387
 20
-113.4426
  0
TEXT
  5
A46
330
17
100
AcDbEntity
  8
PLAN-CORTE-TEXTOS
100
AcDbText
 10
496.13870000000003
 20
-113.68204999999999
 30
0.0
 40
0.021456093189964158
  1
PA-R-017 (DE SOBRA DE PA-R-018)
 50
90.0
 72
1
 11
496.13870000000003
 21
-113.68204999999999
 31
0.0
100
AcDbText
 73
2
  0
LWPOLYLINE
  5
A47
330
17
100
AcDbEntity
  8
PLAN-CORTE-SOBRANTES
100
AcDbPolyline
 90
4
 70
1
 10
496.0387
 20
-113.44259999999998
 10
496.2387
 20
-113.44259999999998
 10
496.2387
 20
-113.20039999999999
 10
496.0387
 20
-113.20039999999999
  0
TEXT
  5
A48
330
17
100
AcDbEntity
  8
PLAN-CORTE-TEXTOS
100
AcDbText
 10
496.13870000000003
 20
-113.32149999999999
 30
0.0
 40
0.045
  1
SOBRA
 50
90.0
 72
1
 11
496.13870000000003
 21
-113.32149999999999
 31
0.0
100
AcDbText
 73
2
  0
LWPOLYLINE
  5
A49
330
17
100
AcDbEntity
  8
PLAN-CORTE-PIEZAS-A-ABRIR
100
AcDbPolyline
 90
4
 70
1
 10
496.6887
 20
-114.40039999999999
 10
496.8887
 20
-114.40039999999999
 10
496.8887
 20
-113.20039999999999
 10
496.6887
 20
-113.20039999999999
  0
TEXT
  5
A4A
330
17
100
AcDbEntity
  8
PLAN-CORTE-TEXTOS
100
AcDbText
 10
496.7887
 20
-113.06039999999999
 30
0.0
 40
0.06
  1
RW-78
 72
1
 11
496.7887
 21
-113.06039999999999
 31
0.0
100
AcDbText
 73
2
  0
LWPOLYLINE
  5
A4B
330
17
100
AcDbEntity
  8
PLAN-CORTE-RECORTES
100
AcDbPolyline
 90
4
 70
1
 10
496.6887
 20
-114.40039999999999
 10
496.8887
 20
-114.40039999999999
 10
496.8887
 20
-113.29339999999999
 10
496.6887
 20
-113.29339999999999
  0
TEXT
  5
A4C
330
17
100
AcDbEntity
  8
PLAN-CORTE-TEXTOS
100
AcDbText
 10
496.7887
 20
-113.84689999999999
 30
0.0
 40
0.035
  1
PA-R-193
 50
90.0
 72
1
 11
496.7887
 21
-113.84689999999999
 31
0.0
100
AcDbText
 73
2
  0
LWPOLYLINE
  5
A4D
330
17
100
AcDbEntity
  8
PLAN-CORTE-DESPERDICIO
100
AcDbPolyline
 90
4
 70
1
 10
496.6887
 20
-113.29339999999999
 10
496.8887
 20
-113.29339999999999
 10
496.8887
 20
-113.20039999999999
 10
496.6887
 20
-113.20039999999999
  0
LWPOLYLINE
  5
A4E
330
17
100
AcDbEntity
  8
PLAN-CORTE-PIEZAS-A-ABRIR
100
AcDbPolyline
 90
4
 70
1
 10
497.3387
 20
-114.40039999999999
 10
497.5387
 20
-114.40039999999999
 10
497.5387
 20
-113.20039999999999
 10
497.3387
 20
-113.20039999999999
  0
TEXT
  5
A4F
330
17
100
AcDbEntity
  8
PLAN-CORTE-TEXTOS
100
AcDbText
 10
497.43870000000004
 20
-113.06039999999999
 30
0.0
 40
0.06
  1
RW-79
 72
1
 11
497.43870000000004
 21
-113.06039999999999
 31
0.0
100
AcDbText
 73
2
  0
LWPOLYLINE
  5
A50
330
17
100
AcDbEntity
  8
PLAN-CORTE-RECORTES
100
AcDbPolyline
 90
4
 70
1
 10
497.3387
 20
-114.40039999999999
 10
497.5387
 20
-114.40039999999999
 10
497.5387
 20
-113.89389999999999
 10
497.3387
 20
-113.89389999999999
  0
TEXT
  5
A51
330
17
100
AcDbEntity
  8
PLAN-CORTE-TEXTOS
100
AcDbText
 10
497.43870000000004
 20
-114.14715
 30
0.0
 40
0.035
  1
PA-R-202
 50
90.0
 72
1
 11
497.43870000000004
 21
-114.14715
 31
0.0
100
AcDbText
 73
2
  0
LWPOLYLINE
  5
A52
330
17
100
AcDbEntity
  8
PLAN-CORTE-RECORTES
100
AcDbPolyline
 90
4
 70
1
 10
497.3387
 20
-113.89389999999999
 10
497.5387
 20
-113.89389999999999
 10
497.5387
 20
-113.38739999999999
 10
497.3387
 20
-113.38739999999999
  0
TEXT
  5
A53
330
17
100
AcDbEntity
  8
PLAN-CORTE-TEXTOS
100
AcDbText
 10
497.43870000000004
 20
-113.64065
 30
0.0
 40
0.0226926523297491
  1
PA-R-201 (DE SOBRA DE PA-R-202)
 50
90.0
 72
1
 11
497.43870000000004
 21
-113.64065
 31
0.0
100
AcDbText
 73
2
  0
LWPOLYLINE
  5
A54
330
17
100
AcDbEntity
  8
PLAN-CORTE-SOBRANTES
100
AcDbPolyline
 90
4
 70
1
 10
497.3387
 20
-113.38739999999999
 10
497.5387
 20
-113.38739999999999
 10
497.5387
 20
-113.20039999999999
 10
497.3387
 20
-113.20039999999999
  0
TEXT
  5
A55
330
17
100
AcDbEntity
  8
PLAN-CORTE-TEXTOS
100
AcDbText
 10
497.43870000000004
 20
-113.29389999999998
 30
0.0
 40
0.045
  1
SOBRA
 72
1
 11
497.43870000000004
 21
-113.29389999999998
 31
0.0
100
AcDbText
 73
2
  0
LWPOLYLINE
  5
A56
330
17
100
AcDbEntity
  8
PLAN-CORTE-PIEZAS-A-ABRIR
100
AcDbPolyline
 90
4
 70
1
 10
497.9887
 20
-114.40039999999999
 10
498.1887
 20
-114.40039999999999
 10
498.1887
 20
-113.20039999999999
 10
497.9887
 20
-113.20039999999999
  0
TEXT
  5
A57
330
17
100
AcDbEntity
  8
PLAN-CORTE-TEXTOS
100
AcDbText
 10
498.0887
 20
-113.06039999999999
 30
0.0
 40
0.06
  1
RW-80
 72
1
 11
498.0887
 21
-113.06039999999999
 31
0.0
100
AcDbText
 73
2
  0
LWPOLYLINE
  5
A58
330
17
100
AcDbEntity
  8
PLAN-CORTE-RECORTES
100
AcDbPolyline
 90
4
 70
1
 10
497.9887
 20
-114.40039999999999
 10
498.1887
 20
-114.40039999999999
 10
498.1887
 20
-113.32199999999999
 10
497.9887
 20
-113.32199999999999
  0
TEXT
  5
A59
330
17
100
AcDbEntity
  8
PLAN-CORTE-TEXTOS
100
AcDbText
 10
498.0887
 20
-113.8612
 30
0.0
 40
0.035
  1
PA-R-038
 50
90.0
 72
1
 11
498.0887
 21
-113.8612
 31
0.0
100
AcDbText
 73
2
  0
LWPOLYLINE
  5
A5A
330
17
100
AcDbEntity
  8
PLAN-CORTE-SOBRANTES
100
AcDbPolyline
 90
4
 70
1
 10
497.9887
 20
-113.32199999999999
 10
498.1887
 20
-113.32199999999999
 10
498.1887
 20
-113.20039999999999
 10
497.9887
 20
-113.20039999999999
  0
TEXT
  5
A5B
330
17
100
AcDbEntity
  8
PLAN-CORTE-TEXTOS
100
AcDbText
 10
498.0887
 20
-113.26119999999999
 30
0.0
 40
0.045
  1
SOBRA
 72
1
 11
498.0887
 21
-113.26119999999999
 31
0.0
100
AcDbText
 73
2
  0
LWPOLYLINE
  5
A5C
330
17
100
AcDbEntity
  8
PLAN-CORTE-PIEZAS-A-ABRIR
100
AcDbPolyline
 90
4
 70
1
 10
498.63870000000003
 20
-114.40039999999999
 10
498.8387
 20
-114.40039999999999
 10
498.8387
 20
-113.20039999999999
 10
498.63870000000003
 20
-113.20039999999999
  0
TEXT
  5
A5D
330
17
100
AcDbEntity
  8
PLAN-CORTE-TEXTOS
100
AcDbText
 10
498.73870000000005
 20
-113.06039999999999
 30
0.0
 40
0.06
  1
RW-81
 72
1
 11
498.73870000000005
 21
-113.06039999999999
 31
0.0
100
AcDbText
 73
2
  0
LWPOLYLINE
  5
A5E
330
17
100
AcDbEntity
  8
PLAN-CORTE-RECORTES
100
AcDbPolyline
 90
4
 70
1
 10
498.63870000000003
 20
-114.40039999999999
 10
498.8387
 20
-114.40039999999999
 10
498.8387
 20
-113.29339999999999
 10
498.63870000000003
 20
-113.29339999999999
  0
TEXT
  5
A5F
330
17
100
AcDbEntity
  8
PLAN-CORTE-TEXTOS
100
AcDbText
 10
498.73870000000005
 20
-113.84689999999999
 30
0.0
 40
0.035
  1
PA-R-194
 50
90.0
 72
1
 11
498.73870000000005
 21
-113.84689999999999
 31
0.0
100
AcDbText
 73
2
  0
LWPOLYLINE
  5
A60
330
17
100
AcDbEntity
  8
PLAN-CORTE-DESPERDICIO
100
AcDbPolyline
 90
4
 70
1
 10
498.63870000000003
 20
-113.29339999999999
 10
498.8387
 20
-113.29339999999999
 10
498.8387
 20
-113.20039999999999
 10
498.63870000000003
 20
-113.20039999999999
  0
LWPOLYLINE
  5
A61
330
17
100
AcDbEntity
  8
PLAN-CORTE-PIEZAS-A-ABRIR
100
AcDbPolyline
 90
4
 70
1
 10
499.2887
 20
-114.40039999999999
 10
499.4887
 20
-114.40039999999999
 10
499.4887
 20
-113.20039999999999
 10
499.2887
 20
-113.20039999999999
  0
TEXT
  5
A62
330
17
100
AcDbEntity
  8
PLAN-CORTE-TEXTOS
100
AcDbText
 10
499.38870000000003
 20
-113.06039999999999
 30
0.0
 40
0.06
  1
RW-82
 72
1
 11
499.38870000000003
 21
-113.06039999999999
 31
0.0
100
AcDbText
 73
2
  0
LWPOLYLINE
  5
A63
330
17
100
AcDbEntity
  8
PLAN-CORTE-RECORTES
100
AcDbPolyline
 90
4
 70
1
 10
499.2887
 20
-114.40039999999999
 10
499.4887
 20
-114.40039999999999
 10
499.4887
 20
-113.32199999999999
 10
499.2887
 20
-113.32199999999999
  0
TEXT
  5
A64
330
17
100
AcDbEntity
  8
PLAN-CORTE-TEXTOS
100
AcDbText
 10
499.38870000000003
 20
-113.8612
 30
0.0
 40
0.035
  1
PA-R-039
 50
90.0
 72
1
 11
499.38870000000003
 21
-113.8612
 31
0.0
100
AcDbText
 73
2
  0
LWPOLYLINE
  5
A65
330
17
100
AcDbEntity
  8
PLAN-CORTE-SOBRANTES
100
AcDbPolyline
 90
4
 70
1
 10
499.2887
 20
-113.32199999999999
 10
499.4887
 20
-113.32199999999999
 10
499.4887
 20
-113.20039999999999
 10
499.2887
 20
-113.20039999999999
  0
TEXT
  5
A66
330
17
100
AcDbEntity
  8
PLAN-CORTE-TEXTOS
100
AcDbText
 10
499.38870000000003
 20
-113.26119999999999
 30
0.0
 40
0.045
  1
SOBRA
 72
1
 11
499.38870000000003
 21
-113.26119999999999
 31
0.0
100
AcDbText
 73
2
  0
LWPOLYLINE
  5
A67
330
17
100
AcDbEntity
  8
PLAN-CORTE-PIEZAS-A-ABRIR
100
AcDbPolyline
 90
4
 70
1
 10
499.9387
 20
-114.40039999999999
 10
500.1387
 20
-114.40039999999999
 10
500.1387
 20
-113.20039999999999
 10
499.9387
 20
-113.20039999999999
  0
TEXT
  5
A68
330
17
100
AcDbEntity
  8
PLAN-CORTE-TEXTOS
100
AcDbText
 10
500.0387
 20
-113.06039999999999
 30
0.0
 40
0.06
  1
RW-83
 72
1
 11
500.0387
 21
-113.06039999999999
 31
0.0
100
AcDbText
 73
2
  0
LWPOLYLINE
  5
A69
330
17
100
AcDbEntity
  8
PLAN-CORTE-RECORTES
100
AcDbPolyline
 90
4
 70
1
 10
499.9387
 20
-114.40039999999999
 10
500.1387
 20
-114.40039999999999
 10
500.1387
 20
-113.89389999999999
 10
499.9387
 20
-113.89389999999999
  0
TEXT
  5
A6A
330
17
100
AcDbEntity
  8
PLAN-CORTE-TEXTOS
100
AcDbText
 10
500.0387
 20
-114.14715
 30
0.0
 40
0.035
  1
PA-R-204
 50
90.0
 72
1
 11
500.0387
 21
-114.14715
 31
0.0
100
AcDbText
 73
2
  0
LWPOLYLINE
  5
A6B
330
17
100
AcDbEntity
  8
PLAN-CORTE-RECORTES
100
AcDbPolyline
 90
4
 70
1
 10
499.9387
 20
-113.89389999999999
 10
500.1387
 20
-113.89389999999999
 10
500.1387
 20
-113.38739999999999
 10
499.9387
 20
-113.38739999999999
  0
TEXT
  5
A6C
330
17
100
AcDbEntity
  8
PLAN-CORTE-TEXTOS
100
AcDbText
 10
500.0387
 20
-113.64065
 30
0.0
 40
0.0226926523297491
  1
PA-R-203 (DE SOBRA DE PA-R-204)
 50
90.0
 72
1
 11
500.0387
 21
-113.64065
 31
0.0
100
AcDbText
 73
2
  0
LWPOLYLINE
  5
A6D
330
17
100
AcDbEntity
  8
PLAN-CORTE-SOBRANTES
100
AcDbPolyline
 90
4
 70
1
 10
499.9387
 20
-113.38739999999999
 10
500.1387
 20
-113.38739999999999
 10
500.1387
 20
-113.20039999999999
 10
499.9387
 20
-113.20039999999999
  0
TEXT
  5
A6E
330
17
100
AcDbEntity
  8
PLAN-CORTE-TEXTOS
100
AcDbText
 10
500.0387
 20
-113.29389999999998
 30
0.0
 40
0.045
  1
SOBRA
 72
1
 11
500.0387
 21
-113.29389999999998
 31
0.0
100
AcDbText
 73
2
  0
LWPOLYLINE
  5
A6F
330
17
100
AcDbEntity
  8
PLAN-CORTE-PIEZAS-A-ABRIR
100
AcDbPolyline
 90
4
 70
1
 10
500.5887
 20
-114.40039999999999
 10
500.7887
 20
-114.40039999999999
 10
500.7887
 20
-113.20039999999999
 10
500.5887
 20
-113.20039999999999
  0
TEXT
  5
A70
330
17
100
AcDbEntity
  8
PLAN-CORTE-TEXTOS
100
AcDbText
 10
500.68870000000004
 20
-113.06039999999999
 30
0.0
 40
0.06
  1
RW-84
 72
1
 11
500.68870000000004
 21
-113.06039999999999
 31
0.0
100
AcDbText
 73
2
  0
LWPOLYLINE
  5
A71
330
17
100
AcDbEntity
  8
PLAN-CORTE-RECORTES
100
AcDbPolyline
 90
4
 70
1
 10
500.5887
 20
-114.40039999999999
 10
500.7887
 20
-114.40039999999999
 10
500.7887
 20
-113.29339999999999
 10
500.5887
 20
-113.29339999999999
  0
TEXT
  5
A72
330
17
100
AcDbEntity
  8
PLAN-CORTE-TEXTOS
100
AcDbText
 10
500.68870000000004
 20
-113.84689999999999
 30
0.0
 40
0.035
  1
PA-R-195
 50
90.0
 72
1
 11
500.68870000000004
 21
-113.84689999999999
 31
0.0
100
AcDbText
 73
2
  0
LWPOLYLINE
  5
A73
330
17
100
AcDbEntity
  8
PLAN-CORTE-DESPERDICIO
100
AcDbPolyline
 90
4
 70
1
 10
500.5887
 20
-113.29339999999999
 10
500.7887
 20
-113.29339999999999
 10
500.7887
 20
-113.20039999999999
 10
500.5887
 20
-113.20039999999999
  0
LWPOLYLINE
  5
A74
330
17
100
AcDbEntity
  8
PLAN-CORTE-PIEZAS-A-ABRIR
100
AcDbPolyline
 90
4
 70
1
 10
501.2387
 20
-114.40039999999999
 10
501.4387
 20
-114.40039999999999
 10
501.4387
 20
-113.20039999999999
 10
501.2387
 20
-113.20039999999999
  0
TEXT
  5
A75
330
17
100
AcDbEntity
  8
PLAN-CORTE-TEXTOS
100
AcDbText
 10
501.3387
 20
-113.06039999999999
 30
0.0
 40
0.06
  1
RW-85
 72
1
 11
501.3387
 21
-113.06039999999999
 31
0.0
100
AcDbText
 73
2
  0
LWPOLYLINE
  5
A76
330
17
100
AcDbEntity
  8
PLAN-CORTE-RECORTES
100
AcDbPolyline
 90
4
 70
1
 10
501.2387
 20
-114.40039999999999
 10
501.4387
 20
-114.40039999999999
 10
501.4387
 20
-113.29339999999999
 10
501.2387
 20
-113.29339999999999
  0
TEXT
  5
A77
330
17
100
AcDbEntity
  8
PLAN-CORTE-TEXTOS
100
AcDbText
 10
501.3387
 20
-113.84689999999999
 30
0.0
 40
0.035
  1
PA-R-196
 50
90.0
 72
1
 11
501.3387
 21
-113.84689999999999
 31
0.0
100
AcDbText
 73
2
  0
LWPOLYLINE
  5
A78
330
17
100
AcDbEntity
  8
PLAN-CORTE-DESPERDICIO
100
AcDbPolyline
 90
4
 70
1
 10
501.2387
 20
-113.29339999999999
 10
501.4387
 20
-113.29339999999999
 10
501.4387
 20
-113.20039999999999
 10
501.2387
 20
-113.20039999999999
  0
LWPOLYLINE
  5
A79
330
17
100
AcDbEntity
  8
PLAN-CORTE-PIEZAS-A-ABRIR
100
AcDbPolyline
 90
4
 70
1
 10
501.88870000000003
 20
-114.40039999999999
 10
502.0887
 20
-114.40039999999999
 10
502.0887
 20
-113.20039999999999
 10
501.88870000000003
 20
-113.20039999999999
  0
TEXT
  5
A7A
330
17
100
AcDbEntity
  8
PLAN-CORTE-TEXTOS
100
AcDbText
 10
501.98870000000005
 20
-113.06039999999999
 30
0.0
 40
0.06
  1
RW-86
 72
1
 11
501.98870000000005
 21
-113.06039999999999
 31
0.0
100
AcDbText
 73
2
  0
LWPOLYLINE
  5
A7B
330
17
100
AcDbEntity
  8
PLAN-CORTE-RECORTES
100
AcDbPolyline
 90
4
 70
1
 10
501.88870000000003
 20
-114.40039999999999
 10
502.0887
 20
-114.40039999999999
 10
502.0887
 20
-113.89389999999999
 10
501.88870000000003
 20
-113.89389999999999
  0
TEXT
  5
A7C
330
17
100
AcDbEntity
  8
PLAN-CORTE-TEXTOS
100
AcDbText
 10
501.98870000000005
 20
-114.14715
 30
0.0
 40
0.035
  1
PA-R-206
 50
90.0
 72
1
 11
501.98870000000005
 21
-114.14715
 31
0.0
100
AcDbText
 73
2
  0
LWPOLYLINE
  5
A7D
330
17
100
AcDbEntity
  8
PLAN-CORTE-RECORTES
100
AcDbPolyline
 90
4
 70
1
 10
501.88870000000003
 20
-113.89389999999999
 10
502.0887
 20
-113.89389999999999
 10
502.0887
 20
-113.38739999999999
 10
501.88870000000003
 20
-113.38739999999999
  0
TEXT
  5
A7E
330
17
100
AcDbEntity
  8
PLAN-CORTE-TEXTOS
100
AcDbText
 10
501.98870000000005
 20
-113.64065
 30
0.0
 40
0.0226926523297491
  1
PA-R-205 (DE SOBRA DE PA-R-206)
 50
90.0
 72
1
 11
501.98870000000005
 21
-113.64065
 31
0.0
100
AcDbText
 73
2
  0
LWPOLYLINE
  5
A7F
330
17
100
AcDbEntity
  8
PLAN-CORTE-SOBRANTES
100
AcDbPolyline
 90
4
 70
1
 10
501.88870000000003
 20
-113.38739999999999
 10
502.0887
 20
-113.38739999999999
 10
502.0887
 20
-113.20039999999999
 10
501.88870000000003
 20
-113.20039999999999
  0
TEXT
  5
A80
330
17
100
AcDbEntity
  8
PLAN-CORTE-TEXTOS
100
AcDbText
 10
501.98870000000005
 20
-113.29389999999998
 30
0.0
 40
0.045
  1
SOBRA
 72
1
 11
501.98870000000005
 21
-113.29389999999998
 31
0.0
100
AcDbText
 73
2
  0
LWPOLYLINE
  5
A81
330
17
100
AcDbEntity
  8
PLAN-CORTE-PIEZAS-A-ABRIR
100
AcDbPolyline
 90
4
 70
1
 10
502.5387
 20
-114.40039999999999
 10
502.7387
 20
-114.40039999999999
 10
502.7387
 20
-113.20039999999999
 10
502.5387
 20
-113.20039999999999
  0
TEXT
  5
A82
330
17
100
AcDbEntity
  8
PLAN-CORTE-TEXTOS
100
AcDbText
 10
502.63870000000003
 20
-113.06039999999999
 30
0.0
 40
0.06
  1
RW-87
 72
1
 11
502.63870000000003
 21
-113.06039999999999
 31
0.0
100
AcDbText
 73
2
  0
LWPOLYLINE
  5
A83
330
17
100
AcDbEntity
  8
PLAN-CORTE-RECORTES
100
AcDbPolyline
 90
4
 70
1
 10
502.5387
 20
-114.40039999999999
 10
502.6107
 20
-114.40039999999999
 10
502.6107
 20
-113.29339999999999
 10
502.5387
 20
-113.29339999999999
  0
TEXT
  5
A84
330
17
100
AcDbEntity
  8
PLAN-CORTE-TEXTOS
100
AcDbText
 10
502.5747
 20
-113.84689999999999
 30
0.0
 40
0.016
  1
PA-R-197
 50
90.0
 72
1
 11
502.5747
 21
-113.84689999999999
 31
0.0
100
AcDbText
 73
2
  0
LWPOLYLINE
  5
A85
330
17
100
AcDbEntity
  8
PLAN-CORTE-SOBRANTES
100
AcDbPolyline
 90
4
 70
1
 10
502.6107
 20
-114.40039999999999
 10
502.7387
 20
-114.40039999999999
 10
502.7387
 20
-113.20039999999999
 10
502.6107
 20
-113.20039999999999
  0
TEXT
  5
A86
330
17
100
AcDbEntity
  8
PLAN-CORTE-TEXTOS
100
AcDbText
 10
502.67470000000003
 20
-113.8004
 30
0.0
 40
0.045
  1
SOBRA 0.128x1.2 -> GUARDAR
 50
90.0
 72
1
 11
502.67470000000003
 21
-113.8004
 31
0.0
100
AcDbText
 73
2
  0
LWPOLYLINE
  5
A87
330
17
100
AcDbEntity
  8
PLAN-CORTE-DESPERDICIO
100
AcDbPolyline
 90
4
 70
1
 10
502.5387
 20
-113.29339999999999
 10
502.6107
 20
-113.29339999999999
 10
502.6107
 20
-113.20039999999999
 10
502.5387
 20
-113.20039999999999
  0
TEXT
  5
A88
330
17
100
AcDbEntity
  8
RESUMEN
100
AcDbText
 10
489.5387
 20
-117.00039999999998
 30
0.0
 40
0.24
  1
RESUMEN DE PIEZAS - CABERNET
 11
489.5387
 21
-117.00039999999998
 31
0.0
100
AcDbText
 73
2
  0
TEXT
  5
A89
330
17
100
AcDbEntity
  8
RESUMEN
100
AcDbText
 10
489.5387
 20
-117.42039999999999
 30
0.0
 40
0.15
  1

 11
489.5387
 21
-117.42039999999999
 31
0.0
100
AcDbText
 73
2
  0
TEXT
  5
A8A
330
17
100
AcDbEntity
  8
RESUMEN
100
AcDbText
 10
489.5387
 20
-117.84039999999999
 30
0.0
 40
0.15
  1
MORET  (incluye muro de regadera y escalera):
 11
489.5387
 21
-117.84039999999999
 31
0.0
100
AcDbText
 73
2
  0
TEXT
  5
A8B
330
17
100
AcDbEntity
  8
RESUMEN
100
AcDbText
 10
489.5387
 20
-118.26039999999999
 30
0.0
 40
0.15
  1
  PIEZAS COMPLETAS: 115   [en plano: 91 = entidades de la capa MORET; extras regadera/escalera: 24]
 11
489.5387
 21
-118.26039999999999
 31
0.0
100
AcDbText
 73
2
  0
TEXT
  5
A8C
330
17
100
AcDbEntity
  8
RESUMEN
100
AcDbText
 10
489.5387
 20
-118.68039999999999
 30
0.0
 40
0.15
  1
  PIEZAS ABIERTAS P/RECORTES: 99   |   TOTAL DE PIEZAS: 214   |   CAJAS: 107 (152.28 m2)
 11
489.5387
 21
-118.68039999999999
 31
0.0
100
AcDbText
 73
2
  0
TEXT
  5
A8D
330
17
100
AcDbEntity
  8
RESUMEN
100
AcDbText
 10
489.5387
 20
-119.10039999999998
 30
0.0
 40
0.15
  1
  SOBRANTE REUTILIZABLE: 5.90 m2 en 45 pzas -> GUARDAR EN RESERVA   |   DESPERDICIO: 3.56 m2 (102 pedazos <10 cm)   |   SOBRA TOTAL: 6.2% de lo comprado
 11
489.5387
 21
-119.10039999999998
 31
0.0
100
AcDbText
 73
2
  0
TEXT
  5
A8E
330
17
100
AcDbEntity
  8
RESUMEN
100
AcDbText
 10
489.5387
 20
-119.52039999999998
 30
0.0
 40
0.15
  1

 11
489.5387
 21
-119.52039999999998
 31
0.0
100
AcDbText
 73
2
  0
TEXT
  5
A8F
330
17
100
AcDbEntity
  8
RESUMEN
100
AcDbText
 10
489.5387
 20
-119.94039999999998
 30
0.0
 40
0.15
  1
ROYAL WALNUT:
 11
489.5387
 21
-119.94039999999998
 31
0.0
100
AcDbText
 73
2
  0
TEXT
  5
A90
330
17
100
AcDbEntity
  8
RESUMEN
100
AcDbText
 10
489.5387
 20
-120.36039999999998
 30
0.0
 40
0.15
  1
  PIEZAS COMPLETAS: 89   [en plano: 89 = entidades de la capa ROYAL]
 11
489.5387
 21
-120.36039999999998
 31
0.0
100
AcDbText
 73
2
  0
TEXT
  5
A91
330
17
100
AcDbEntity
  8
RESUMEN
100
AcDbText
 10
489.5387
 20
-120.78039999999999
 30
0.0
 40
0.15
  1
  PIEZAS ABIERTAS P/RECORTES: 87   |   TOTAL DE PIEZAS: 176   |   CAJAS: 36 (43.20 m2)
 11
489.5387
 21
-120.78039999999999
 31
0.0
100
AcDbText
 73
2
  0
TEXT
  5
A92
330
17
100
AcDbEntity
  8
RESUMEN
100
AcDbText
 10
489.5387
 20
-121.20039999999999
 30
0.0
 40
0.15
  1
  SOBRANTE REUTILIZABLE: 2.27 m2 en 54 pzas -> GUARDAR EN RESERVA   |   DESPERDICIO: 0.73 m2 (36 pedazos <10 cm)   |   SOBRA TOTAL: 7.0% de lo comprado
 11
489.5387
 21
-121.20039999999999
 31
0.0
100
AcDbText
 73
2
  0
TEXT
  5
A93
330
17
100
AcDbEntity
  8
RESUMEN
100
AcDbText
 10
489.5387
 20
-121.62039999999999
 30
0.0
 40
0.15
  1

 11
489.5387
 21
-121.62039999999999
 31
0.0
100
AcDbText
 73
2
  0
TEXT
  5
A94
330
17
100
AcDbEntity
  8
RESUMEN
100
AcDbText
 10
489.5387
 20
-122.04039999999999
 30
0.0
 40
0.15
  1
CONTEO RAPIDO EN AUTOCAD (ARCHIVO FUSIONADO): QSELECT (polilinea) por capa MORET o ROYAL:
 11
489.5387
 21
-122.04039999999999
 31
0.0
100
AcDbText
 73
2
  0
TEXT
  5
A95
330
17
100
AcDbEntity
  8
RESUMEN
100
AcDbText
 10
489.5387
 20
-122.46039999999998
 30
0.0
 40
0.15
  1
1 polilinea = 1 pieza completa QUE SE COMPRA (entera o que se abre para recorte).
 11
489.5387
 21
-122.46039999999998
 31
0.0
100
AcDbText
 73
2
  0
TEXT
  5
A96
330
17
100
AcDbEntity
  8
RESUMEN
100
AcDbText
 10
489.5387
 20
-122.88039999999998
 30
0.0
 40
0.15
  1
Los FALTANTES (salen de un sobrante, no abren pieza) van en MORET-FALTANTES / ROYAL-FALTANTES.
 11
489.5387
 21
-122.88039999999998
 31
0.0
100
AcDbText
 73
2
  0
TEXT
  5
A97
330
17
100
AcDbEntity
  8
RESUMEN
100
AcDbText
 10
489.5387
 20
-123.30039999999998
 30
0.0
 40
0.15
  1
Las piezas estan a MEDIDA REAL 0.596 x 1.194, con BOQUILLA REAL entre piezas:
 11
489.5387
 21
-123.30039999999998
 31
0.0
100
AcDbText
 73
2
  0
TEXT
  5
A98
330
17
100
AcDbEntity
  8
RESUMEN
100
AcDbText
 10
489.5387
 20
-123.72039999999998
 30
0.0
 40
0.15
  1
0.002 (2 mm) en Moret y 0.001 (1 mm) en Royal Walnut.
 11
489.5387
 21
-123.72039999999998
 31
0.0
100
AcDbText
 73
2
  0
TEXT
  5
A99
330
17
100
AcDbEntity
  8
RESUMEN
100
AcDbText
 10
489.5387
 20
-124.14039999999999
 30
0.0
 40
0.15
  1

 11
489.5387
 21
-124.14039999999999
 31
0.0
100
AcDbText
 73
2
  0
TEXT
  5
A9A
330
17
100
AcDbEntity
  8
RESUMEN
100
AcDbText
 10
489.5387
 20
-124.56039999999999
 30
0.0
 40
0.15
  1
ORDEN DE CORTE PROPUESTO: la numeracion del plan de corte (M-01, M-02...) ES el orden:
 11
489.5387
 21
-124.56039999999999
 31
0.0
100
AcDbText
 73
2
  0
TEXT
  5
A9B
330
17
100
AcDbEntity
  8
RESUMEN
100
AcDbText
 10
489.5387
 20
-124.98039999999999
 30
0.0
 40
0.15
  1
se empieza en PLANTA ALTA junto a la ESCALERA (por ahi sube el material) y se va uno
 11
489.5387
 21
-124.98039999999999
 31
0.0
100
AcDbText
 73
2
  0
TEXT
  5
A9C
330
17
100
AcDbEntity
  8
RESUMEN
100
AcDbText
 10
489.5387
 20
-125.40039999999999
 30
0.0
 40
0.15
  1
alejando; al terminar P.A. se sigue con P.B., tambien desde la escalera.
 11
489.5387
 21
-125.40039999999999
 31
0.0
100
AcDbText
 73
2
  0
TEXT
  5
A9D
330
17
100
AcDbEntity
  8
RESUMEN
100
AcDbText
 10
489.5387
 20
-125.82039999999998
 30
0.0
 40
0.15
  1

 11
489.5387
 21
-125.82039999999998
 31
0.0
100
AcDbText
 73
2
  0
TEXT
  5
A9E
330
17
100
AcDbEntity
  8
RESUMEN
100
AcDbText
 10
489.5387
 20
-126.24039999999998
 30
0.0
 40
0.15
  1
LEYENDA DE CAPAS (que es cada layer):
 11
489.5387
 21
-126.24039999999998
 31
0.0
100
AcDbText
 73
2
  0
TEXT
  5
A9F
330
17
100
AcDbEntity
  8
RESUMEN
100
AcDbText
 10
489.5387
 20
-126.66039999999998
 30
0.0
 40
0.15
  1
  MORET: TODAS las piezas de Moret que se COMPRAN: enteras + las que se abren para recorte; 1 polilinea = 1 pieza completa a colocar o recortar (contar con QSELECT)
 11
489.5387
 21
-126.66039999999998
 31
0.0
100
AcDbText
 73
2
  0
TEXT
  5
AA0
330
17
100
AcDbEntity
  8
RESUMEN
100
AcDbText
 10
489.5387
 20
-127.08039999999998
 30
0.0
 40
0.15
  1
  MORET-FALTANTES: recortes que salen del SOBRANTE de otra pieza: NO abren pieza nueva (los morados del PDF); no suman al conteo de piezas
 11
489.5387
 21
-127.08039999999998
 31
0.0
100
AcDbText
 73
2
  0
TEXT
  5
AA1
330
17
100
AcDbEntity
  8
RESUMEN
100
AcDbText
 10
489.5387
 20
-127.50039999999998
 30
0.0
 40
0.15
  1
  ROYAL: TODAS las piezas de Royal Walnut que se compran (enteras + abiertas p/recorte)
 11
489.5387
 21
-127.50039999999998
 31
0.0
100
AcDbText
 73
2
  0
TEXT
  5
AA2
330
17
100
AcDbEntity
  8
RESUMEN
100
AcDbText
 10
489.5387
 20
-127.92039999999999
 30
0.0
 40
0.15
  1
  ROYAL-FALTANTES: recortes de Royal que salen de un sobrante: no abren pieza nueva
 11
489.5387
 21
-127.92039999999999
 31
0.0
100
AcDbText
 73
2
  0
TEXT
  5
AA3
330
17
100
AcDbEntity
  8
RESUMEN
100
AcDbText
 10
489.5387
 20
-128.3404
 30
0.0
 40
0.15
  1
  ETIQUETAS: ID de cada pieza del plano (PB/PA - M/R - numero)
 11
489.5387
 21
-128.3404
 31
0.0
100
AcDbText
 73
2
  0
TEXT
  5
AA4
330
17
100
AcDbEntity
  8
RESUMEN
100
AcDbText
 10
489.5387
 20
-128.76039999999998
 30
0.0
 40
0.15
  1
  MUROS: muros REALES del plano de origen (capa A-MUROS del DWG), con su grosor
 11
489.5387
 21
-128.76039999999998
 31
0.0
100
AcDbText
 73
2
  0
TEXT
  5
AA5
330
17
100
AcDbEntity
  8
RESUMEN
100
AcDbText
 10
489.5387
 20
-129.1804
 30
0.0
 40
0.15
  1
  SOBRANTE-JUNTO-AL-RECORTE: amarillo PEGADO a cada recorte del plano: lo que le falta al recorte para completar la pieza entera (puede salir de los muros)
 11
489.5387
 21
-129.1804
 31
0.0
100
AcDbText
 73
2
  0
TEXT
  5
AA6
330
17
100
AcDbEntity
  8
RESUMEN
100
AcDbText
 10
489.5387
 20
-129.60039999999998
 30
0.0
 40
0.15
  1
  PLAN-CORTE-PIEZAS-A-ABRIR: plan de corte: contorno de cada pieza ENTERA que se abre (M-01, M-02...)
 11
489.5387
 21
-129.60039999999998
 31
0.0
100
AcDbText
 73
2
  0
TEXT
  5
AA7
330
17
100
AcDbEntity
  8
RESUMEN
100
AcDbText
 10
489.5387
 20
-130.0204
 30
0.0
 40
0.15
  1
  PLAN-CORTE-RECORTES: plan de corte: los recortes ya acomodados dentro de su pieza
 11
489.5387
 21
-130.0204
 31
0.0
100
AcDbText
 73
2
  0
TEXT
  5
AA8
330
17
100
AcDbEntity
  8
RESUMEN
100
AcDbText
 10
489.5387
 20
-130.44039999999998
 30
0.0
 40
0.15
  1
  PLAN-CORTE-SOBRANTES: plan de corte: sobrante reutilizable de cada pieza, con medida y destino
 11
489.5387
 21
-130.44039999999998
 31
0.0
100
AcDbText
 73
2
  0
TEXT
  5
AA9
330
17
100
AcDbEntity
  8
RESUMEN
100
AcDbText
 10
489.5387
 20
-130.86039999999997
 30
0.0
 40
0.15
  1
  PLAN-CORTE-DESPERDICIO: plan de corte: pedazos <10 cm que ya no sirven
 11
489.5387
 21
-130.86039999999997
 31
0.0
100
AcDbText
 73
2
  0
TEXT
  5
AAA
330
17
100
AcDbEntity
  8
RESUMEN
100
AcDbText
 10
489.5387
 20
-131.2804
 30
0.0
 40
0.15
  1
  PLAN-CORTE-TEXTOS: textos del plan de corte (numeracion y etiquetas)
 11
489.5387
 21
-131.2804
 31
0.0
100
AcDbText
 73
2
  0
TEXT
  5
AAB
330
17
100
AcDbEntity
  8
RESUMEN
100
AcDbText
 10
489.5387
 20
-131.70039999999997
 30
0.0
 40
0.15
  1
  RESUMEN: conteos (completas / piezas a abrir / cajas), % de sobra y esta leyenda
 11
489.5387
 21
-131.70039999999997
 31
0.0
100
AcDbText
 73
2
  0
TEXT
  5
AAC
330
17
100
AcDbEntity
  8
RESUMEN
100
AcDbText
 10
489.5387
 20
-132.1204
 30
0.0
 40
0.15
  1
  ZOCLO: linea de zoclo sobre el perimetro de piso
 11
489.5387
 21
-132.1204
 31
0.0
100
AcDbText
 73
2
  0
TEXT
  5
AAD
330
17
100
AcDbEntity
  8
RESUMEN
100
AcDbText
 10
489.5387
 20
-132.54039999999998
 30
0.0
 40
0.15
  1
  URBANIA-LAVANDERIA: marca de la zona con piso Urbania (lavanderia)
 11
489.5387
 21
-132.54039999999998
 31
0.0
100
AcDbText
 73
2
  0
TEXT
  5
AAE
330
17
100
AcDbEntity
  8
RESUMEN
100
AcDbText
 10
489.5387
 20
-132.9604
 30
0.0
 40
0.15
  1
  REGADERA-MALLA-MURO: marca de regaderas (malla en charola + muro Moret)
 11
489.5387
 21
-132.9604
 31
0.0
100
AcDbText
 73
2
  0
TEXT
  5
AAF
330
17
100
AcDbEntity
  8
RESUMEN
100
AcDbText
 10
489.5387
 20
-133.38039999999998
 30
0.0
 40
0.15
  1

 11
489.5387
 21
-133.38039999999998
 31
0.0
100
AcDbText
 73
2
  0
TEXT
  5
AB0
330
17
100
AcDbEntity
  8
RESUMEN
100
AcDbText
 10
489.5387
 20
-133.8004
 30
0.0
 40
0.15
  1
Elaboro: Ing. Mauricio Gastelum Mora   -   03/07/2026
 11
489.5387
 21
-133.8004
 31
0.0
100
AcDbText
 73
2
  0
TEXT
  5
AB1
330
17
100
AcDbEntity
  8
PLAN-CORTE-TEXTOS
100
AcDbText
 10
510.8142
 20
-80.3104
 30
0.0
 40
0.16
  1
ESCALERA (ancho 1.15, peralte 0.175, huella 0.27) - 14 escalones; sus cortes estan en el PLAN DE CORTE general; aqui solo las enteras de descansos
 72
1
 11
510.8142
 21
-80.3104
 31
0.0
100
AcDbText
 73
2
  0
LWPOLYLINE
  5
AB2
330
17
100
AcDbEntity
  8
PLAN-CORTE-PIEZAS-A-ABRIR
100
AcDbPolyline
 90
4
 70
1
 10
510.8142
 20
-82.0044
 10
511.41020000000003
 20
-82.0044
 10
511.41020000000003
 20
-80.8104
 10
510.8142
 20
-80.8104
  0
TEXT
  5
AB3
330
17
100
AcDbEntity
  8
PLAN-CORTE-TEXTOS
100
AcDbText
 10
511.11220000000003
 20
-81.4074
 30
0.0
 40
0.06
  1
D1-E1
 72
1
 11
511.11220000000003
 21
-81.4074
 31
0.0
100
AcDbText
 73
2
  0
TEXT
  5
AB4
330
17
100
AcDbEntity
  8
PLAN-CORTE-TEXTOS
100
AcDbText
 10
511.11220000000003
 20
-80.74040000000001
 30
0.0
 40
0.06
  1
B1
 72
1
 11
511.11220000000003
 21
-80.74040000000001
 31
0.0
100
AcDbText
 73
2
  0
LWPOLYLINE
  5
AB5
330
17
100
AcDbEntity
  8
PLAN-CORTE-PIEZAS-A-ABRIR
100
AcDbPolyline
 90
4
 70
1
 10
511.71020000000004
 20
-82.0044
 10
512.3062
 20
-82.0044
 10
512.3062
 20
-80.8104
 10
511.71020000000004
 20
-80.8104
  0
TEXT
  5
AB6
330
17
100
AcDbEntity
  8
PLAN-CORTE-TEXTOS
100
AcDbText
 10
512.0082
 20
-81.4074
 30
0.0
 40
0.06
  1
D1-E2
 72
1
 11
512.0082
 21
-81.4074
 31
0.0
100
AcDbText
 73
2
  0
TEXT
  5
AB7
330
17
100
AcDbEntity
  8
PLAN-CORTE-TEXTOS
100
AcDbText
 10
512.0082
 20
-80.74040000000001
 30
0.0
 40
0.06
  1
B2
 72
1
 11
512.0082
 21
-80.74040000000001
 31
0.0
100
AcDbText
 73
2
  0
TEXT
  5
AB8
330
17
100
AcDbEntity
  8
PLAN-CORTE-TEXTOS
100
AcDbText
 10
510.8142
 20
-82.8544
 30
0.0
 40
0.16
  1
DESPIECE ZOCLO MORET (4 tiras de 0.148 x 1.194 por pieza; cortadora de diamante: rayar y tronchar, corte sin merma; holgura para calibre 0.594-0.596)
 72
1
 11
510.8142
 21
-82.8544
 31
0.0
100
AcDbText
 73
2
  0
LWPOLYLINE
  5
AB9
330
17
100
AcDbEntity
  8
PLAN-CORTE-PIEZAS-A-ABRIR
100
AcDbPolyline
 90
4
 70
1
 10
510.8142
 20
-84.5484
 10
511.41020000000003
 20
-84.5484
 10
511.41020000000003
 20
-83.3544
 10
510.8142
 20
-83.3544
  0
LWPOLYLINE
  5
ABA
330
17
100
AcDbEntity
  8
PLAN-CORTE-RECORTES
100
AcDbPolyline
 90
4
 70
1
 10
510.8142
 20
-84.5484
 10
510.96220000000005
 20
-84.5484
 10
510.96220000000005
 20
-83.3544
 10
510.8142
 20
-83.3544
  0
TEXT
  5
ABB
330
17
100
AcDbEntity
  8
PLAN-CORTE-TEXTOS
100
AcDbText
 10
510.88820000000004
 20
-83.95139999999999
 30
0.0
 40
0.05
  1
Z1
 72
1
 11
510.88820000000004
 21
-83.95139999999999
 31
0.0
100
AcDbText
 73
2
  0
LWPOLYLINE
  5
ABC
330
17
100
AcDbEntity
  8
PLAN-CORTE-RECORTES
100
AcDbPolyline
 90
4
 70
1
 10
510.96220000000005
 20
-84.5484
 10
511.1102000000001
 20
-84.5484
 10
511.1102000000001
 20
-83.3544
 10
510.96220000000005
 20
-83.3544
  0
TEXT
  5
ABD
330
17
100
AcDbEntity
  8
PLAN-CORTE-TEXTOS
100
AcDbText
 10
511.03620000000006
 20
-83.95139999999999
 30
0.0
 40
0.05
  1
Z2
 72
1
 11
511.03620000000006
 21
-83.95139999999999
 31
0.0
100
AcDbText
 73
2
  0
LWPOLYLINE
  5
ABE
330
17
100
AcDbEntity
  8
PLAN-CORTE-RECORTES
100
AcDbPolyline
 90
4
 70
1
 10
511.1102
 20
-84.5484
 10
511.25820000000004
 20
-84.5484
 10
511.25820000000004
 20
-83.3544
 10
511.1102
 20
-83.3544
  0
TEXT
  5
ABF
330
17
100
AcDbEntity
  8
PLAN-CORTE-TEXTOS
100
AcDbText
 10
511.18420000000003
 20
-83.95139999999999
 30
0.0
 40
0.05
  1
Z3
 72
1
 11
511.18420000000003
 21
-83.95139999999999
 31
0.0
100
AcDbText
 73
2
  0
LWPOLYLINE
  5
AC0
330
17
100
AcDbEntity
  8
PLAN-CORTE-RECORTES
100
AcDbPolyline
 90
4
 70
1
 10
511.25820000000004
 20
-84.5484
 10
511.40620000000007
 20
-84.5484
 10
511.40620000000007
 20
-83.3544
 10
511.25820000000004
 20
-83.3544
  0
TEXT
  5
AC1
330
17
100
AcDbEntity
  8
PLAN-CORTE-TEXTOS
100
AcDbText
 10
511.33220000000006
 20
-83.95139999999999
 30
0.0
 40
0.05
  1
Z4
 72
1
 11
511.33220000000006
 21
-83.95139999999999
 31
0.0
100
AcDbText
 73
2
  0
ENDSEC
  0
SECTION
  2
OBJECTS
  0
DICTIONARY
  5
A
330
0
100
AcDbDictionary
281
1
  3
ACAD_COLOR
350
B
  3
ACAD_GROUP
350
C
  3
ACAD_LAYOUT
350
D
  3
ACAD_MATERIAL
350
E
  3
ACAD_MLEADERSTYLE
350
F
  3
ACAD_MLINESTYLE
350
10
  3
ACAD_PLOTSETTINGS
350
11
  3
ACAD_PLOTSTYLENAME
350
12
  3
ACAD_SCALELIST
350
14
  3
ACAD_TABLESTYLE
350
15
  3
ACAD_VISUALSTYLE
350
16
  3
EZDXF_META
350
2D
  0
DICTIONARY
  5
B
330
A
100
AcDbDictionary
281
1
  0
DICTIONARY
  5
C
330
A
100
AcDbDictionary
281
1
  0
DICTIONARY
  5
D
330
A
100
AcDbDictionary
281
1
  3
Model
350
1A
  3
Layout1
350
1E
  0
DICTIONARY
  5
E
330
A
100
AcDbDictionary
281
1
  3
ByBlock
350
1F
  3
ByLayer
350
20
  3
Global
350
21
  0
DICTIONARY
  5
F
330
A
100
AcDbDictionary
281
1
  3
Standard
350
2C
  0
DICTIONARY
  5
10
330
A
100
AcDbDictionary
281
1
  3
Standard
350
22
  0
DICTIONARY
  5
11
330
A
100
AcDbDictionary
281
1
  0
ACDBDICTIONARYWDFLT
  5
12
330
A
100
AcDbDictionary
281
1
  3
Normal
350
13
100
AcDbDictionaryWithDefault
340
13
  0
ACDBPLACEHOLDER
  5
13
330
12
  0
DICTIONARY
  5
14
330
A
100
AcDbDictionary
281
1
  0
DICTIONARY
  5
15
330
A
100
AcDbDictionary
281
1
  0
DICTIONARY
  5
16
330
A
100
AcDbDictionary
281
1
  3
2dWireframe
350
5A
  3
Basic
350
5B
  3
Brighten
350
5C
  3
ColorChange
350
5D
  3
Conceptual
350
5E
  3
Dim
350
5F
  3
EdgeColorOff
350
60
  3
Facepattern
350
61
  3
Flat
350
62
  3
FlatWithEdges
350
63
  3
Gouraud
350
64
  3
GouraudWithEdges
350
65
  3
Hidden
350
66
  3
JitterOff
350
67
  3
Linepattern
350
68
  3
Modeling
350
69
  3
OverhangOff
350
6A
  3
Realistic
350
6B
  3
Shaded
350
6C
  3
Shaded with edges
350
6D
  3
Shades of Gray
350
6E
  3
Sketchy
350
6F
  3
Thicken
350
70
  3
Wireframe
350
71
  3
X-Ray
350
72
  0
LAYOUT
  5
1A
330
D
100
AcDbPlotSettings
  1

  4
A3
  6

 40
7.5
 41
20.0
 42
7.5
 43
20.0
 44
420.0
 45
297.0
 46
0.0
 47
0.0
 48
0.0
 49
0.0
140
0.0
141
0.0
142
1.0
143
1.0
 70
1024
 72
1
 73
0
 74
5
  7

 75
16
 76
0
 77
2
 78
300
147
1.0
148
0.0
149
0.0
100
AcDbLayout
  1
Model
 70
1
 71
0
 10
0.0
 20
0.0
 11
420.0
 21
297.0
 12
0.0
 22
0.0
 32
0.0
 14
1e+20
 24
1e+20
 34
1e+20
 15
-1e+20
 25
-1e+20
 35
-1e+20
146
0.0
 13
0.0
 23
0.0
 33
0.0
 16
1.0
 26
0.0
 36
0.0
 17
0.0
 27
1.0
 37
0.0
 76
1
330
17
  0
LAYOUT
  5
1E
330
D
100
AcDbPlotSettings
  1

  4
A3
  6

 40
7.5
 41
20.0
 42
7.5
 43
20.0
 44
420.0
 45
297.0
 46
0.0
 47
0.0
 48
0.0
 49
0.0
140
0.0
141
0.0
142
1.0
143
1.0
 70
0
 72
1
 73
0
 74
5
  7

 75
16
 76
0
 77
2
 78
300
147
1.0
148
0.0
149
0.0
100
AcDbLayout
  1
Layout1
 70
1
 71
1
 10
0.0
 20
0.0
 11
420.0
 21
297.0
 12
0.0
 22
0.0
 32
0.0
 14
1e+20
 24
1e+20
 34
1e+20
 15
-1e+20
 25
-1e+20
 35
-1e+20
146
0.0
 13
0.0
 23
0.0
 33
0.0
 16
1.0
 26
0.0
 36
0.0
 17
0.0
 27
1.0
 37
0.0
 76
1
330
1B
  0
MATERIAL
  5
1F
102
{ACAD_REACTORS
330
E
102
}
330
E
100
AcDbMaterial
  1
ByBlock
  2

 70
0
 40
1.0
 71
1
 41
1.0
 91
-1023410177
 42
1.0
 72
1
  3

 73
1
 74
1
 75
1
 44
0.5
 73
0
 45
1.0
 46
1.0
 77
1
  4

 78
1
 79
1
170
1
 48
1.0
171
1
  6

172
1
173
1
174
1
140
1.0
141
1.0
175
1
  7

176
1
177
1
178
1
143
1.0
179
1
  8

270
1
271
1
272
1
145
1.0
146
1.0
273
1
  9

274
1
275
1
276
1
 42
1.0
 72
1
  3

 73
1
 74
1
 75
1
 94
63
  0
MATERIAL
  5
20
102
{ACAD_REACTORS
330
E
102
}
330
E
100
AcDbMaterial
  1
ByLayer
  2

 70
0
 40
1.0
 71
1
 41
1.0
 91
-1023410177
 42
1.0
 72
1
  3

 73
1
 74
1
 75
1
 44
0.5
 73
0
 45
1.0
 46
1.0
 77
1
  4

 78
1
 79
1
170
1
 48
1.0
171
1
  6

172
1
173
1
174
1
140
1.0
141
1.0
175
1
  7

176
1
177
1
178
1
143
1.0
179
1
  8

270
1
271
1
272
1
145
1.0
146
1.0
273
1
  9

274
1
275
1
276
1
 42
1.0
 72
1
  3

 73
1
 74
1
 75
1
 94
63
  0
MATERIAL
  5
21
102
{ACAD_REACTORS
330
E
102
}
330
E
100
AcDbMaterial
  1
Global
  2

 70
0
 40
1.0
 71
1
 41
1.0
 91
-1023410177
 42
1.0
 72
1
  3

 73
1
 74
1
 75
1
 44
0.5
 73
0
 45
1.0
 46
1.0
 77
1
  4

 78
1
 79
1
170
1
 48
1.0
171
1
  6

172
1
173
1
174
1
140
1.0
141
1.0
175
1
  7

176
1
177
1
178
1
143
1.0
179
1
  8

270
1
271
1
272
1
145
1.0
146
1.0
273
1
  9

274
1
275
1
276
1
 42
1.0
 72
1
  3

 73
1
 74
1
 75
1
 94
63
  0
MLINESTYLE
  5
22
102
{ACAD_REACTORS
330
10
102
}
330
10
100
AcDbMlineStyle
  2
Standard
 70
0
  3

 62
256
 51
90.0
 52
90.0
 71
2
 49
0.5
 62
256
  6
BYLAYER
 49
-0.5
 62
256
  6
BYLAYER
  0
MLEADERSTYLE
  5
2C
102
{ACAD_REACTORS
330
F
102
}
330
F
100
AcDbMLeaderStyle
179
2
170
2
171
1
172
0
 90
2
 40
0.0
 41
0.0
173
1
 91
-1056964608
 92
-2
290
1
 42
2.0
291
1
 43
8.0
  3
Standard
 44
4.0
300

342
29
174
1
175
1
176
0
178
1
 93
-1056964608
 45
4.0
292
0
297
0
 46
4.0
 94
-1056964608
 47
1.0
 49
1.0
140
1.0
294
1
141
0.0
177
0
142
1.0
295
0
296
0
143
3.75
271
0
272
9
273
9
  0
DICTIONARY
  5
2D
330
A
100
AcDbDictionary
280
1
281
1
  3
CREATED_BY_EZDXF
350
2E
  3
WRITTEN_BY_EZDXF
350
AC4
  0
DICTIONARYVAR
  5
2E
330
2D
100
DictionaryVariables
280
0
  1
1.4.4 @ 2026-07-03T14:56:40.086064+00:00
  0
VISUALSTYLE
  5
5A
102
{ACAD_REACTORS
330
16
102
}
330
16
100
AcDbVisualStyle
  2
2dWireframe
 70
4
 90
0
 40
0.6
 62
7
290
0
291
0
  0
VISUALSTYLE
  5
5B
102
{ACAD_REACTORS
330
16
102
}
330
16
100
AcDbVisualStyle
  2
Basic
 70
7
 90
1
 40
0.6
 62
7
290
0
291
1
  0
VISUALSTYLE
  5
5C
102
{ACAD_REACTORS
330
16
102
}
330
16
100
AcDbVisualStyle
  2
Brighten
 70
12
 90
2
 40
0.6
 62
7
290
0
291
1
  0
VISUALSTYLE
  5
5D
102
{ACAD_REACTORS
330
16
102
}
330
16
100
AcDbVisualStyle
  2
ColorChange
 70
16
 90
2
 40
0.6
 62
8
290
0
291
1
  0
VISUALSTYLE
  5
5E
102
{ACAD_REACTORS
330
16
102
}
330
16
100
AcDbVisualStyle
  2
Conceptual
 70
9
 90
3
 40
0.6
 62
7
290
0
291
0
  0
VISUALSTYLE
  5
5F
102
{ACAD_REACTORS
330
16
102
}
330
16
100
AcDbVisualStyle
  2
Dim
 70
11
 90
2
 40
0.6
 62
7
290
0
291
1
  0
VISUALSTYLE
  5
60
102
{ACAD_REACTORS
330
16
102
}
330
16
100
AcDbVisualStyle
  2
EdgeColorOff
 70
22
 90
2
 40
0.6
 62
7
290
0
291
1
  0
VISUALSTYLE
  5
61
102
{ACAD_REACTORS
330
16
102
}
330
16
100
AcDbVisualStyle
  2
Facepattern
 70
15
 90
2
 40
0.6
 62
7
290
0
291
1
  0
VISUALSTYLE
  5
62
102
{ACAD_REACTORS
330
16
102
}
330
16
100
AcDbVisualStyle
  2
Flat
 70
0
 90
2
 40
0.6
 62
7
290
0
291
1
  0
VISUALSTYLE
  5
63
102
{ACAD_REACTORS
330
16
102
}
330
16
100
AcDbVisualStyle
  2
FlatWithEdges
 70
1
 90
2
 40
0.6
 62
7
290
0
291
1
  0
VISUALSTYLE
  5
64
102
{ACAD_REACTORS
330
16
102
}
330
16
100
AcDbVisualStyle
  2
Gouraud
 70
2
 90
2
 40
0.6
 62
7
290
0
291
1
  0
VISUALSTYLE
  5
65
102
{ACAD_REACTORS
330
16
102
}
330
16
100
AcDbVisualStyle
  2
GouraudWithEdges
 70
3
 90
2
 40
0.6
 62
7
290
0
291
1
  0
VISUALSTYLE
  5
66
102
{ACAD_REACTORS
330
16
102
}
330
16
100
AcDbVisualStyle
  2
Hidden
 70
6
 90
1
 40
0.6
 62
7
290
0
291
0
  0
VISUALSTYLE
  5
67
102
{ACAD_REACTORS
330
16
102
}
330
16
100
AcDbVisualStyle
  2
JitterOff
 70
20
 90
2
 40
0.6
 62
7
290
0
291
1
  0
VISUALSTYLE
  5
68
102
{ACAD_REACTORS
330
16
102
}
330
16
100
AcDbVisualStyle
  2
Linepattern
 70
14
 90
2
 40
0.6
 62
7
290
0
291
1
  0
VISUALSTYLE
  5
69
102
{ACAD_REACTORS
330
16
102
}
330
16
100
AcDbVisualStyle
  2
Modeling
 70
10
 90
2
 40
0.6
 62
7
290
0
291
0
  0
VISUALSTYLE
  5
6A
102
{ACAD_REACTORS
330
16
102
}
330
16
100
AcDbVisualStyle
  2
OverhangOff
 70
21
 90
2
 40
0.6
 62
7
290
0
291
1
  0
VISUALSTYLE
  5
6B
102
{ACAD_REACTORS
330
16
102
}
330
16
100
AcDbVisualStyle
  2
Realistic
 70
8
 90
2
 40
0.6
 62
7
290
0
291
0
  0
VISUALSTYLE
  5
6C
102
{ACAD_REACTORS
330
16
102
}
330
16
100
AcDbVisualStyle
  2
Shaded
 70
27
 90
2
 40
0.6
 62
7
290
0
291
0
  0
VISUALSTYLE
  5
6D
102
{ACAD_REACTORS
330
16
102
}
330
16
100
AcDbVisualStyle
  2
Shaded with edges
 70
26
 90
2
 40
0.6
 62
7
290
0
291
0
  0
VISUALSTYLE
  5
6E
102
{ACAD_REACTORS
330
16
102
}
330
16
100
AcDbVisualStyle
  2
Shades of Gray
 70
23
 90
2
 40
0.6
 62
7
290
0
291
0
  0
VISUALSTYLE
  5
6F
102
{ACAD_REACTORS
330
16
102
}
330
16
100
AcDbVisualStyle
  2
Sketchy
 70
24
 90
1
 40
0.6
 62
7
290
0
291
0
  0
VISUALSTYLE
  5
70
102
{ACAD_REACTORS
330
16
102
}
330
16
100
AcDbVisualStyle
  2
Thicken
 70
13
 90
2
 40
0.6
 62
7
290
0
291
1
  0
VISUALSTYLE
  5
71
102
{ACAD_REACTORS
330
16
102
}
330
16
100
AcDbVisualStyle
  2
Wireframe
 70
5
 90
0
 40
0.6
 62
7
290
0
291
0
  0
VISUALSTYLE
  5
72
102
{ACAD_REACTORS
330
16
102
}
330
16
100
AcDbVisualStyle
  2
X-Ray
 70
25
 90
2
 40
0.5
 62
7
290
0
291
0
  0
DICTIONARYVAR
  5
AC4
330
2D
100
DictionaryVariables
280
0
  1
1.4.4 @ 2026-07-03T14:56:41.127304+00:00
  0
ENDSEC
  0
EOF
