  0
SECTION
  2
HEADER
  9
$ACADVER
  1
AC1015
  9
$ACADMAINTVER
 70
6
  9
$DWGCODEPAGE
  3
ANSI_1252
  9
$INSBASE
 10
0.0
 20
0.0
 30
0.0
  9
$EXTMIN
 10
1e+20
 20
1e+20
 30
1e+20
  9
$EXTMAX
 10
-1e+20
 20
-1e+20
 30
-1e+20
  9
$LIMMIN
 10
0.0
 20
0.0
  9
$LIMMAX
 10
420.0
 20
297.0
  9
$ORTHOMODE
 70
0
  9
$REGENMODE
 70
1
  9
$FILLMODE
 70
1
  9
$QTEXTMODE
 70
0
  9
$MIRRTEXT
 70
1
  9
$LTSCALE
 40
1.0
  9
$ATTMODE
 70
1
  9
$TEXTSIZE
 40
2.5
  9
$TRACEWID
 40
1.0
  9
$TEXTSTYLE
  7
OpenSans
  9
$CLAYER
  8
0
  9
$CELTYPE
  6
ByLayer
  9
$CECOLOR
 62
256
  9
$CELTSCALE
 40
1.0
  9
$DISPSILH
 70
0
  9
$DIMSCALE
 40
1.0
  9
$DIMASZ
 40
0.175
  9
$DIMEXO
 40
0.125
  9
$DIMDLI
 40
3.75
  9
$DIMRND
 40
0.0
  9
$DIMDLE
 40
0.0
  9
$DIMEXE
 40
0.375
  9
$DIMTP
 40
0.0
  9
$DIMTM
 40
0.0
  9
$DIMTXT
 40
0.25
  9
$DIMCEN
 40
2.5
  9
$DIMTSZ
 40
0.0
  9
$DIMTOL
 70
0
  9
$DIMLIM
 70
0
  9
$DIMTIH
 70
0
  9
$DIMTOH
 70
0
  9
$DIMSE1
 70
0
  9
$DIMSE2
 70
0
  9
$DIMTAD
 70
1
  9
$DIMZIN
 70
12
  9
$DIMBLK
  1
ARCHTICK
  9
$DIMASO
 70
1
  9
$DIMSHO
 70
1
  9
$DIMPOST
  1

  9
$DIMAPOST
  1

  9
$DIMALT
 70
0
  9
$DIMALTD
 70
3
  9
$DIMALTF
 40
0.03937007874
  9
$DIMLFAC
 40
100.0
  9
$DIMTOFL
 70
1
  9
$DIMTVP
 40
0.0
  9
$DIMTIX
 70
0
  9
$DIMSOXD
 70
0
  9
$DIMSAH
 70
0
  9
$DIMBLK1
  1

  9
$DIMBLK2
  1

  9
$DIMSTYLE
  2
EZDXF
  9
$DIMCLRD
 70
0
  9
$DIMCLRE
 70
0
  9
$DIMCLRT
 70
0
  9
$DIMTFAC
 40
0.5
  9
$DIMGAP
 40
0.1
  9
$DIMJUST
 70
0
  9
$DIMSD1
 70
0
  9
$DIMSD2
 70
0
  9
$DIMTOLJ
 70
0
  9
$DIMTZIN
 70
8
  9
$DIMALTZ
 70
0
  9
$DIMALTTZ
 70
0
  9
$DIMUPT
 70
1
  9
$DIMDEC
 70
2
  9
$DIMTDEC
 70
2
  9
$DIMALTU
 70
2
  9
$DIMALTTD
 70
3
  9
$DIMTXSTY
  7
OpenSansCondensed-Light
  9
$DIMAUNIT
 70
0
  9
$DIMADEC
 70
2
  9
$DIMALTRND
 40
0.0
  9
$DIMAZIN
 70
3
  9
$DIMDSEP
 70
46
  9
$DIMATFIT
 70
3
  9
$DIMFRAC
 70
0
  9
$DIMLDRBLK
  1

  9
$DIMLUNIT
 70
2
  9
$DIMLWD
 70
-2
  9
$DIMLWE
 70
-2
  9
$DIMTMOVE
 70
2
  9
$LUNITS
 70
2
  9
$LUPREC
 70
4
  9
$SKETCHINC
 40
1.0
  9
$FILLETRAD
 40
10.0
  9
$AUNITS
 70
0
  9
$AUPREC
 70
2
  9
$MENU
  1
.
  9
$ELEVATION
 40
0.0
  9
$PELEVATION
 40
0.0
  9
$THICKNESS
 40
0.0
  9
$LIMCHECK
 70
0
  9
$CHAMFERA
 40
0.0
  9
$CHAMFERB
 40
0.0
  9
$CHAMFERC
 40
0.0
  9
$CHAMFERD
 40
0.0
  9
$SKPOLY
 70
0
  9
$TDCREATE
 40
2461225.8188541667
  9
$TDUCREATE
 40
2458532.153996898
  9
$TDUPDATE
 40
2461225.8188657407
  9
$TDUUPDATE
 40
2458532.1544311
  9
$TDINDWG
 40
0.0
  9
$TDUSRTIMER
 40
0.0
  9
$USRTIMER
 70
1
  9
$ANGBASE
 50
0.0
  9
$ANGDIR
 70
0
  9
$PDMODE
 70
0
  9
$PDSIZE
 40
0.0
  9
$PLINEWID
 40
0.0
  9
$SPLFRAME
 70
0
  9
$SPLINETYPE
 70
6
  9
$SPLINESEGS
 70
8
  9
$HANDSEED
  5
C9E
  9
$SURFTAB1
 70
6
  9
$SURFTAB2
 70
6
  9
$SURFTYPE
 70
6
  9
$SURFU
 70
6
  9
$SURFV
 70
6
  9
$UCSBASE
  2

  9
$UCSNAME
  2

  9
$UCSORG
 10
0.0
 20
0.0
 30
0.0
  9
$UCSXDIR
 10
1.0
 20
0.0
 30
0.0
  9
$UCSYDIR
 10
0.0
 20
1.0
 30
0.0
  9
$UCSORTHOREF
  2

  9
$UCSORTHOVIEW
 70
0
  9
$UCSORGTOP
 10
0.0
 20
0.0
 30
0.0
  9
$UCSORGBOTTOM
 10
0.0
 20
0.0
 30
0.0
  9
$UCSORGLEFT
 10
0.0
 20
0.0
 30
0.0
  9
$UCSORGRIGHT
 10
0.0
 20
0.0
 30
0.0
  9
$UCSORGFRONT
 10
0.0
 20
0.0
 30
0.0
  9
$UCSORGBACK
 10
0.0
 20
0.0
 30
0.0
  9
$PUCSBASE
  2

  9
$PUCSNAME
  2

  9
$PUCSORG
 10
0.0
 20
0.0
 30
0.0
  9
$PUCSXDIR
 10
1.0
 20
0.0
 30
0.0
  9
$PUCSYDIR
 10
0.0
 20
1.0
 30
0.0
  9
$PUCSORTHOREF
  2

  9
$PUCSORTHOVIEW
 70
0
  9
$PUCSORGTOP
 10
0.0
 20
0.0
 30
0.0
  9
$PUCSORGBOTTOM
 10
0.0
 20
0.0
 30
0.0
  9
$PUCSORGLEFT
 10
0.0
 20
0.0
 30
0.0
  9
$PUCSORGRIGHT
 10
0.0
 20
0.0
 30
0.0
  9
$PUCSORGFRONT
 10
0.0
 20
0.0
 30
0.0
  9
$PUCSORGBACK
 10
0.0
 20
0.0
 30
0.0
  9
$USERI1
 70
0
  9
$USERI2
 70
0
  9
$USERI3
 70
0
  9
$USERI4
 70
0
  9
$USERI5
 70
0
  9
$USERR1
 40
0.0
  9
$USERR2
 40
0.0
  9
$USERR3
 40
0.0
  9
$USERR4
 40
0.0
  9
$USERR5
 40
0.0
  9
$WORLDVIEW
 70
1
  9
$SHADEDGE
 70
3
  9
$SHADEDIF
 70
70
  9
$TILEMODE
 70
1
  9
$MAXACTVP
 70
64
  9
$PINSBASE
 10
0.0
 20
0.0
 30
0.0
  9
$PLIMCHECK
 70
0
  9
$PEXTMIN
 10
1e+20
 20
1e+20
 30
1e+20
  9
$PEXTMAX
 10
-1e+20
 20
-1e+20
 30
-1e+20
  9
$PLIMMIN
 10
0.0
 20
0.0
  9
$PLIMMAX
 10
420.0
 20
297.0
  9
$UNITMODE
 70
0
  9
$VISRETAIN
 70
1
  9
$PLINEGEN
 70
0
  9
$PSLTSCALE
 70
1
  9
$TREEDEPTH
 70
3020
  9
$CMLSTYLE
  2
Standard
  9
$CMLJUST
 70
0
  9
$CMLSCALE
 40
20.0
  9
$PROXYGRAPHICS
 70
1
  9
$MEASUREMENT
 70
1
  9
$CELWEIGHT
370
-1
  9
$ENDCAPS
280
0
  9
$JOINSTYLE
280
0
  9
$LWDISPLAY
290
0
  9
$INSUNITS
 70
6
  9
$HYPERLINKBASE
  1

  9
$STYLESHEET
  1

  9
$XEDIT
290
1
  9
$CEPSNTYPE
380
0
  9
$PSTYLEMODE
290
1
  9
$FINGERPRINTGUID
  2
{1F5B18F5-9F1D-4AEC-B012-A804CAAAA496}
  9
$VERSIONGUID
  2
{C6B26375-7385-462B-B78F-5BDFCE594BC1}
  9
$EXTNAMES
290
1
  9
$PSVPSCALE
 40
0.0
  9
$OLESTARTUP
290
0
  0
ENDSEC
  0
SECTION
  2
CLASSES
  0
CLASS
  1
ACDBDICTIONARYWDFLT
  2
AcDbDictionaryWithDefault
  3
ObjectDBX Classes
 90
0
280
0
281
0
  0
CLASS
  1
SUN
  2
AcDbSun
  3
SCENEOE
 90
1153
280
0
281
0
  0
CLASS
  1
VISUALSTYLE
  2
AcDbVisualStyle
  3
ObjectDBX Classes
 90
4095
280
0
281
0
  0
CLASS
  1
MATERIAL
  2
AcDbMaterial
  3
ObjectDBX Classes
 90
1153
280
0
281
0
  0
CLASS
  1
SCALE
  2
AcDbScale
  3
ObjectDBX Classes
 90
1153
280
0
281
0
  0
CLASS
  1
TABLESTYLE
  2
AcDbTableStyle
  3
ObjectDBX Classes
 90
4095
280
0
281
0
  0
CLASS
  1
MLEADERSTYLE
  2
AcDbMLeaderStyle
  3
ACDB_MLEADERSTYLE_CLASS
 90
4095
280
0
281
0
  0
CLASS
  1
DICTIONARYVAR
  2
AcDbDictionaryVar
  3
ObjectDBX Classes
 90
0
280
0
281
0
  0
CLASS
  1
CELLSTYLEMAP
  2
AcDbCellStyleMap
  3
ObjectDBX Classes
 90
1152
280
0
281
0
  0
CLASS
  1
MENTALRAYRENDERSETTINGS
  2
AcDbMentalRayRenderSettings
  3
SCENEOE
 90
1024
280
0
281
0
  0
CLASS
  1
ACDBDETAILVIEWSTYLE
  2
AcDbDetailViewStyle
  3
ObjectDBX Classes
 90
1025
280
0
281
0
  0
CLASS
  1
ACDBSECTIONVIEWSTYLE
  2
AcDbSectionViewStyle
  3
ObjectDBX Classes
 90
1025
280
0
281
0
  0
CLASS
  1
RASTERVARIABLES
  2
AcDbRasterVariables
  3
ISM
 90
0
280
0
281
0
  0
CLASS
  1
ACDBPLACEHOLDER
  2
AcDbPlaceHolder
  3
ObjectDBX Classes
 90
0
280
0
281
0
  0
CLASS
  1
LAYOUT
  2
AcDbLayout
  3
ObjectDBX Classes
 90
0
280
0
281
0
  0
ENDSEC
  0
SECTION
  2
TABLES
  0
TABLE
  2
VPORT
  5
8
330
0
100
AcDbSymbolTable
 70
1
  0
VPORT
  5
23
330
8
100
AcDbSymbolTableRecord
100
AcDbViewportTableRecord
  2
*Active
 70
0
 10
0.0
 20
0.0
 11
1.0
 21
1.0
 12
0.0
 22
0.0
 13
0.0
 23
0.0
 14
0.5
 24
0.5
 15
0.5
 25
0.5
 16
0.0
 26
0.0
 36
1.0
 17
0.0
 27
0.0
 37
0.0
 40
1000.0
 41
1.34
 42
50.0
 43
0.0
 44
0.0
 50
0.0
 51
0.0
 71
0
 72
1000
 73
1
 74
3
 75
0
 76
0
 77
0
 78
0
281
0
 65
0
146
0.0
  0
ENDTAB
  0
TABLE
  2
LTYPE
  5
2
330
0
100
AcDbSymbolTable
 70
21
  0
LTYPE
  5
24
330
2
100
AcDbSymbolTableRecord
100
AcDbLinetypeTableRecord
  2
ByBlock
 70
0
  3

 72
65
 73
0
 40
0.0
  0
LTYPE
  5
25
330
2
100
AcDbSymbolTableRecord
100
AcDbLinetypeTableRecord
  2
ByLayer
 70
0
  3

 72
65
 73
0
 40
0.0
  0
LTYPE
  5
26
330
2
100
AcDbSymbolTableRecord
100
AcDbLinetypeTableRecord
  2
Continuous
 70
0
  3

 72
65
 73
0
 40
0.0
  0
LTYPE
  5
2F
330
2
100
AcDbSymbolTableRecord
100
AcDbLinetypeTableRecord
  2
CENTER
 70
0
  3
Center ____ _ ____ _ ____ _ ____ _ ____ _ ____
 72
65
 73
4
 40
5.08
 49
3.175
 74
0
 49
-0.635
 74
0
 49
0.635
 74
0
 49
-0.635
 74
0
  0
LTYPE
  5
30
330
2
100
AcDbSymbolTableRecord
100
AcDbLinetypeTableRecord
  2
CENTERX2
 70
0
  3
Center (2x) ________  __  ________  __  ________
 72
65
 73
4
 40
8.89
 49
6.35
 74
0
 49
-0.635
 74
0
 49
1.27
 74
0
 49
-0.635
 74
0
  0
LTYPE
  5
31
330
2
100
AcDbSymbolTableRecord
100
AcDbLinetypeTableRecord
  2
CENTER2
 70
0
  3
Center (.5x) ____ _ ____ _ ____ _ ____ _ ____
 72
65
 73
4
 40
2.54
 49
1.587
 74
0
 49
-0.318
 74
0
 49
0.318
 74
0
 49
-0.318
 74
0
  0
LTYPE
  5
32
330
2
100
AcDbSymbolTableRecord
100
AcDbLinetypeTableRecord
  2
DASHED
 70
0
  3
Dashed __ __ __ __ __ __ __ __ __ __ __ __ __ _
 72
65
 73
2
 40
1.524
 49
1.27
 74
0
 49
-0.254
 74
0
  0
LTYPE
  5
33
330
2
100
AcDbSymbolTableRecord
100
AcDbLinetypeTableRecord
  2
DASHEDX2
 70
0
  3
Dashed (2x) ____  ____  ____  ____  ____  ____
 72
65
 73
2
 40
3.048
 49
2.54
 74
0
 49
-0.508
 74
0
  0
LTYPE
  5
34
330
2
100
AcDbSymbolTableRecord
100
AcDbLinetypeTableRecord
  2
DASHED2
 70
0
  3
Dashed (.5x) _ _ _ _ _ _ _ _ _ _ _ _ _ _
 72
65
 73
2
 40
0.762
 49
0.635
 74
0
 49
-0.127
 74
0
  0
LTYPE
  5
35
330
2
100
AcDbSymbolTableRecord
100
AcDbLinetypeTableRecord
  2
PHANTOM
 70
0
  3
Phantom ______  __  __  ______  __  __  ______
 72
65
 73
6
 40
6.35
 49
3.175
 74
0
 49
-0.635
 74
0
 49
0.635
 74
0
 49
-0.635
 74
0
 49
0.635
 74
0
 49
-0.635
 74
0
  0
LTYPE
  5
36
330
2
100
AcDbSymbolTableRecord
100
AcDbLinetypeTableRecord
  2
PHANTOMX2
 70
0
  3
Phantom (2x)____________    ____    ____    ____________
 72
65
 73
6
 40
10.795
 49
6.35
 74
0
 49
-0.635
 74
0
 49
1.27
 74
0
 49
-0.635
 74
0
 49
1.27
 74
0
 49
-0.635
 74
0
  0
LTYPE
  5
37
330
2
100
AcDbSymbolTableRecord
100
AcDbLinetypeTableRecord
  2
PHANTOM2
 70
0
  3
Phantom (.5x) ___ _ _ ___ _ _ ___ _ _ ___ _ _ ___
 72
65
 73
6
 40
3.175
 49
1.587
 74
0
 49
-0.318
 74
0
 49
0.318
 74
0
 49
-0.318
 74
0
 49
0.318
 74
0
 49
-0.318
 74
0
  0
LTYPE
  5
38
330
2
100
AcDbSymbolTableRecord
100
AcDbLinetypeTableRecord
  2
DASHDOT
 70
0
  3
Dash dot __ . __ . __ . __ . __ . __ . __ . __
 72
65
 73
4
 40
3.556
 49
2.54
 74
0
 49
-0.508
 74
0
 49
0.0
 74
0
 49
-0.508
 74
0
  0
LTYPE
  5
39
330
2
100
AcDbSymbolTableRecord
100
AcDbLinetypeTableRecord
  2
DASHDOTX2
 70
0
  3
Dash dot (2x) ____  .  ____  .  ____  .  ____
 72
65
 73
4
 40
6.096
 49
5.08
 74
0
 49
-0.508
 74
0
 49
0.0
 74
0
 49
-0.508
 74
0
  0
LTYPE
  5
3A
330
2
100
AcDbSymbolTableRecord
100
AcDbLinetypeTableRecord
  2
DASHDOT2
 70
0
  3
Dash dot (.5x) _ . _ . _ . _ . _ . _ . _ . _
 72
65
 73
4
 40
1.778
 49
1.27
 74
0
 49
-0.254
 74
0
 49
0.0
 74
0
 49
-0.254
 74
0
  0
LTYPE
  5
3B
330
2
100
AcDbSymbolTableRecord
100
AcDbLinetypeTableRecord
  2
DOT
 70
0
  3
Dot .  .  .  .  .  .  .  .  .  .  .  .  .  .  .  .
 72
65
 73
2
 40
0.508
 49
0.0
 74
0
 49
-0.508
 74
0
  0
LTYPE
  5
3C
330
2
100
AcDbSymbolTableRecord
100
AcDbLinetypeTableRecord
  2
DOTX2
 70
0
  3
Dot (2x) .    .    .    .    .    .    .    . 
 72
65
 73
2
 40
1.016
 49
0.0
 74
0
 49
-1.016
 74
0
  0
LTYPE
  5
3D
330
2
100
AcDbSymbolTableRecord
100
AcDbLinetypeTableRecord
  2
DOT2
 70
0
  3
Dot (.5) . . . . . . . . . . . . . . . . . . . 
 72
65
 73
2
 40
0.254
 49
0.0
 74
0
 49
-0.254
 74
0
  0
LTYPE
  5
3E
330
2
100
AcDbSymbolTableRecord
100
AcDbLinetypeTableRecord
  2
DIVIDE
 70
0
  3
Divide __ . . __ . . __ . . __ . . __ . . __
 72
65
 73
6
 40
4.064
 49
2.54
 74
0
 49
-0.508
 74
0
 49
0.0
 74
0
 49
-0.508
 74
0
 49
0.0
 74
0
 49
-0.508
 74
0
  0
LTYPE
  5
3F
330
2
100
AcDbSymbolTableRecord
100
AcDbLinetypeTableRecord
  2
DIVIDEX2
 70
0
  3
Divide (2x) ____  . .  ____  . .  ____  . .  ____
 72
65
 73
6
 40
6.604
 49
5.08
 74
0
 49
-0.508
 74
0
 49
0.0
 74
0
 49
-0.508
 74
0
 49
0.0
 74
0
 49
-0.508
 74
0
  0
LTYPE
  5
40
330
2
100
AcDbSymbolTableRecord
100
AcDbLinetypeTableRecord
  2
DIVIDE2
 70
0
  3
Divide(.5x) _ . _ . _ . _ . _ . _ . _ . _
 72
65
 73
6
 40
2.032
 49
1.27
 74
0
 49
-0.254
 74
0
 49
0.0
 74
0
 49
-0.254
 74
0
 49
0.0
 74
0
 49
-0.254
 74
0
  0
ENDTAB
  0
TABLE
  2
LAYER
  5
1
330
0
100
AcDbSymbolTable
 70
19
  0
LAYER
  5
27
330
1
100
AcDbSymbolTableRecord
100
AcDbLayerTableRecord
  2
0
 70
0
 62
7
  6
Continuous
370
-3
390
13
  0
LAYER
  5
28
330
1
100
AcDbSymbolTableRecord
100
AcDbLayerTableRecord
  2
Defpoints
 70
0
 62
7
  6
Continuous
290
0
370
-3
390
13
  0
LAYER
  5
8A
330
1
100
AcDbSymbolTableRecord
100
AcDbLayerTableRecord
  2
MORET-COMPLETAS
 70
0
 62
30
  6
Continuous
370
-3
390
13
  0
LAYER
  5
8B
330
1
100
AcDbSymbolTableRecord
100
AcDbLayerTableRecord
  2
MORET-RECORTES
 70
0
 62
40
  6
Continuous
370
-3
390
13
  0
LAYER
  5
8C
330
1
100
AcDbSymbolTableRecord
100
AcDbLayerTableRecord
  2
ROYAL-COMPLETAS
 70
0
 62
4
  6
Continuous
370
-3
390
13
  0
LAYER
  5
8D
330
1
100
AcDbSymbolTableRecord
100
AcDbLayerTableRecord
  2
ROYAL-RECORTES
 70
0
 62
140
  6
Continuous
370
-3
390
13
  0
LAYER
  5
8E
330
1
100
AcDbSymbolTableRecord
100
AcDbLayerTableRecord
  2
ETIQUETAS
 70
0
 62
7
  6
Continuous
370
-3
390
13
  0
LAYER
  5
8F
330
1
100
AcDbSymbolTableRecord
100
AcDbLayerTableRecord
  2
MUROS
 70
0
 62
8
  6
Continuous
370
-3
390
13
  0
LAYER
  5
90
330
1
100
AcDbSymbolTableRecord
100
AcDbLayerTableRecord
  2
SOBRANTE-JUNTO-AL-RECORTE
 70
0
 62
2
  6
Continuous
370
-3
390
13
  0
LAYER
  5
91
330
1
100
AcDbSymbolTableRecord
100
AcDbLayerTableRecord
  2
PLAN-CORTE-PIEZAS-A-ABRIR
 70
0
 62
7
  6
Continuous
370
-3
390
13
  0
LAYER
  5
92
330
1
100
AcDbSymbolTableRecord
100
AcDbLayerTableRecord
  2
PLAN-CORTE-RECORTES
 70
0
 62
3
  6
Continuous
370
-3
390
13
  0
LAYER
  5
93
330
1
100
AcDbSymbolTableRecord
100
AcDbLayerTableRecord
  2
PLAN-CORTE-SOBRANTES
 70
0
 62
2
  6
Continuous
370
-3
390
13
  0
LAYER
  5
94
330
1
100
AcDbSymbolTableRecord
100
AcDbLayerTableRecord
  2
PLAN-CORTE-DESPERDICIO
 70
0
 62
1
  6
Continuous
370
-3
390
13
  0
LAYER
  5
95
330
1
100
AcDbSymbolTableRecord
100
AcDbLayerTableRecord
  2
PLAN-CORTE-TEXTOS
 70
0
 62
5
  6
Continuous
370
-3
390
13
  0
LAYER
  5
96
330
1
100
AcDbSymbolTableRecord
100
AcDbLayerTableRecord
  2
RESUMEN
 70
0
 62
5
  6
Continuous
370
-3
390
13
  0
LAYER
  5
97
330
1
100
AcDbSymbolTableRecord
100
AcDbLayerTableRecord
  2
ZOCLO
 70
0
 62
3
  6
Continuous
370
-3
390
13
  0
LAYER
  5
98
330
1
100
AcDbSymbolTableRecord
100
AcDbLayerTableRecord
  2
URBANIA-LAVANDERIA
 70
0
 62
5
  6
Continuous
370
-3
390
13
  0
LAYER
  5
99
330
1
100
AcDbSymbolTableRecord
100
AcDbLayerTableRecord
  2
REGADERA-MALLA-MURO
 70
0
 62
1
  6
Continuous
370
-3
390
13
  0
LAYER
  5
9A
330
1
100
AcDbSymbolTableRecord
100
AcDbLayerTableRecord
  2
ESCALERA-REGADERA-ZOCLO
 70
0
 62
6
  6
Continuous
370
-3
390
13
  0
ENDTAB
  0
TABLE
  2
STYLE
  5
5
330
0
100
AcDbSymbolTable
 70
26
  0
STYLE
  5
29
330
5
100
AcDbSymbolTableRecord
100
AcDbTextStyleTableRecord
  2
Standard
 70
0
 40
0.0
 41
1.0
 50
0.0
 71
0
 42
2.5
  3
txt
  4

  0
STYLE
  5
41
330
5
100
AcDbSymbolTableRecord
100
AcDbTextStyleTableRecord
  2
OpenSans-Light
 70
0
 40
0.0
 41
1.0
 50
0.0
 71
0
 42
2.5
  3
OpenSans-Light.ttf
  4

  0
STYLE
  5
42
330
5
100
AcDbSymbolTableRecord
100
AcDbTextStyleTableRecord
  2
OpenSans-Light-Italic
 70
0
 40
0.0
 41
1.0
 50
0.0
 71
0
 42
2.5
  3
OpenSans-LightItalic.ttf
  4

  0
STYLE
  5
43
330
5
100
AcDbSymbolTableRecord
100
AcDbTextStyleTableRecord
  2
OpenSans
 70
0
 40
0.0
 41
1.0
 50
0.0
 71
0
 42
2.5
  3
OpenSans-Regular.ttf
  4

  0
STYLE
  5
44
330
5
100
AcDbSymbolTableRecord
100
AcDbTextStyleTableRecord
  2
OpenSans-Italic
 70
0
 40
0.0
 41
1.0
 50
0.0
 71
0
 42
2.5
  3
OpenSans-Italic.ttf
  4

  0
STYLE
  5
45
330
5
100
AcDbSymbolTableRecord
100
AcDbTextStyleTableRecord
  2
OpenSans-SemiBold
 70
0
 40
0.0
 41
1.0
 50
0.0
 71
0
 42
2.5
  3
OpenSans-SemiBold.ttf
  4

  0
STYLE
  5
46
330
5
100
AcDbSymbolTableRecord
100
AcDbTextStyleTableRecord
  2
OpenSans-SemiBoldItalic
 70
0
 40
0.0
 41
1.0
 50
0.0
 71
0
 42
2.5
  3
OpenSans-SemiBoldItalic.ttf
  4

  0
STYLE
  5
47
330
5
100
AcDbSymbolTableRecord
100
AcDbTextStyleTableRecord
  2
OpenSans-Bold
 70
0
 40
0.0
 41
1.0
 50
0.0
 71
0
 42
2.5
  3
OpenSans-Bold.ttf
  4

  0
STYLE
  5
48
330
5
100
AcDbSymbolTableRecord
100
AcDbTextStyleTableRecord
  2
OpenSans-BoldItalic
 70
0
 40
0.0
 41
1.0
 50
0.0
 71
0
 42
2.5
  3
OpenSans-BoldItalic.ttf
  4

  0
STYLE
  5
49
330
5
100
AcDbSymbolTableRecord
100
AcDbTextStyleTableRecord
  2
OpenSans-ExtraBold
 70
0
 40
0.0
 41
1.0
 50
0.0
 71
0
 42
2.5
  3
OpenSans-ExtraBold.ttf
  4

  0
STYLE
  5
4A
330
5
100
AcDbSymbolTableRecord
100
AcDbTextStyleTableRecord
  2
OpenSans-ExtraBoldItalic
 70
0
 40
0.0
 41
1.0
 50
0.0
 71
0
 42
2.5
  3
OpenSans-ExtraBoldItalic.ttf
  4

  0
STYLE
  5
4B
330
5
100
AcDbSymbolTableRecord
100
AcDbTextStyleTableRecord
  2
OpenSansCondensed-Bold
 70
0
 40
0.0
 41
1.0
 50
0.0
 71
0
 42
2.5
  3
OpenSansCondensed-Bold.ttf
  4

  0
STYLE
  5
4C
330
5
100
AcDbSymbolTableRecord
100
AcDbTextStyleTableRecord
  2
OpenSansCondensed-Light
 70
0
 40
0.0
 41
1.0
 50
0.0
 71
0
 42
2.5
  3
OpenSansCondensed-Light.ttf
  4

  0
STYLE
  5
4D
330
5
100
AcDbSymbolTableRecord
100
AcDbTextStyleTableRecord
  2
OpenSansCondensed-Italic
 70
0
 40
0.0
 41
1.0
 50
0.0
 71
0
 42
2.5
  3
OpenSansCondensed-LightItalic.ttf
  4

  0
STYLE
  5
4E
330
5
100
AcDbSymbolTableRecord
100
AcDbTextStyleTableRecord
  2
LiberationSans
 70
0
 40
0.0
 41
1.0
 50
0.0
 71
0
 42
2.5
  3
LiberationSans-Regular.ttf
  4

  0
STYLE
  5
4F
330
5
100
AcDbSymbolTableRecord
100
AcDbTextStyleTableRecord
  2
LiberationSans-Bold
 70
0
 40
0.0
 41
1.0
 50
0.0
 71
0
 42
2.5
  3
LiberationSans-Bold.ttf
  4

  0
STYLE
  5
50
330
5
100
AcDbSymbolTableRecord
100
AcDbTextStyleTableRecord
  2
LiberationSans-BoldItalic
 70
0
 40
0.0
 41
1.0
 50
0.0
 71
0
 42
2.5
  3
LiberationSans-BoldItalic.ttf
  4

  0
STYLE
  5
51
330
5
100
AcDbSymbolTableRecord
100
AcDbTextStyleTableRecord
  2
LiberationSans-Italic
 70
0
 40
0.0
 41
1.0
 50
0.0
 71
0
 42
2.5
  3
LiberationSans-Italic.ttf
  4

  0
STYLE
  5
52
330
5
100
AcDbSymbolTableRecord
100
AcDbTextStyleTableRecord
  2
LiberationSerif
 70
0
 40
0.0
 41
1.0
 50
0.0
 71
0
 42
2.5
  3
LiberationSerif-Regular.ttf
  4

  0
STYLE
  5
53
330
5
100
AcDbSymbolTableRecord
100
AcDbTextStyleTableRecord
  2
LiberationSerif-Bold
 70
0
 40
0.0
 41
1.0
 50
0.0
 71
0
 42
2.5
  3
LiberationSerif-Bold.ttf
  4

  0
STYLE
  5
54
330
5
100
AcDbSymbolTableRecord
100
AcDbTextStyleTableRecord
  2
LiberationSerif-BoldItalic
 70
0
 40
0.0
 41
1.0
 50
0.0
 71
0
 42
2.5
  3
LiberationSerif-BoldItalic.ttf
  4

  0
STYLE
  5
55
330
5
100
AcDbSymbolTableRecord
100
AcDbTextStyleTableRecord
  2
LiberationSerif-Italic
 70
0
 40
0.0
 41
1.0
 50
0.0
 71
0
 42
2.5
  3
LiberationSerif-Italic.ttf
  4

  0
STYLE
  5
56
330
5
100
AcDbSymbolTableRecord
100
AcDbTextStyleTableRecord
  2
LiberationMono
 70
0
 40
0.0
 41
1.0
 50
0.0
 71
0
 42
2.5
  3
LiberationMono-Regular.ttf
  4

  0
STYLE
  5
57
330
5
100
AcDbSymbolTableRecord
100
AcDbTextStyleTableRecord
  2
LiberationMono-Bold
 70
0
 40
0.0
 41
1.0
 50
0.0
 71
0
 42
2.5
  3
LiberationMono-Bold.ttf
  4

  0
STYLE
  5
58
330
5
100
AcDbSymbolTableRecord
100
AcDbTextStyleTableRecord
  2
LiberationMono-BoldItalic
 70
0
 40
0.0
 41
1.0
 50
0.0
 71
0
 42
2.5
  3
LiberationMono-BoldItalic.ttf
  4

  0
STYLE
  5
59
330
5
100
AcDbSymbolTableRecord
100
AcDbTextStyleTableRecord
  2
LiberationMono-Italic
 70
0
 40
0.0
 41
1.0
 50
0.0
 71
0
 42
2.5
  3
LiberationMono-Italic.ttf
  4

  0
ENDTAB
  0
TABLE
  2
VIEW
  5
7
330
0
100
AcDbSymbolTable
 70
0
  0
ENDTAB
  0
TABLE
  2
UCS
  5
6
330
0
100
AcDbSymbolTable
 70
0
  0
ENDTAB
  0
TABLE
  2
APPID
  5
3
330
0
100
AcDbSymbolTable
 70
3
  0
APPID
  5
2A
330
3
100
AcDbSymbolTableRecord
100
AcDbRegAppTableRecord
  2
ACAD
 70
0
  0
APPID
  5
C9B
330
3
100
AcDbSymbolTableRecord
100
AcDbRegAppTableRecord
  2
HATCHBACKGROUNDCOLOR
 70
0
  0
APPID
  5
C9C
330
3
100
AcDbSymbolTableRecord
100
AcDbRegAppTableRecord
  2
EZDXF
 70
0
  0
ENDTAB
  0
TABLE
  2
DIMSTYLE
  5
4
330
0
100
AcDbSymbolTable
 70
12
100
AcDbDimStyleTable
  0
DIMSTYLE
105
2B
330
4
100
AcDbSymbolTableRecord
100
AcDbDimStyleTableRecord
  2
Standard
 70
0
  3

  4

 40
1.0
 41
2.5
 42
0.625
 43
3.75
 44
1.25
 45
0.0
 46
0.0
 47
0.0
 48
0.0
140
2.5
141
2.5
142
0.0
143
0.03937007874
144
1.0
145
0.0
146
1.0
147
0.625
148
0.0
 71
0
 72
0
 73
0
 74
0
 75
0
 76
0
 77
1
 78
8
 79
3
170
0
171
3
172
1
173
0
174
0
175
0
176
0
177
0
178
0
179
2
271
2
272
2
273
2
274
3
275
0
276
0
277
2
278
44
279
0
280
0
281
0
282
0
283
0
284
8
285
0
286
0
288
0
289
3
371
-2
372
-2
  0
DIMSTYLE
105
73
330
4
100
AcDbSymbolTableRecord
100
AcDbDimStyleTableRecord
  2
EZDXF
 70
0
  3

  4

 40
1.0
 41
0.175
 42
0.125
 43
3.75
 44
0.375
 45
0.0
 46
0.0
 47
0.0
 48
0.0
140
0.25
141
2.5
142
0.0
143
0.03937007874
144
100.0
145
0.0
146
0.5
147
0.1
148
0.0
 71
0
 72
0
 73
0
 74
0
 75
0
 76
0
 77
1
 78
12
 79
3
170
0
171
3
172
1
173
0
174
0
175
0
176
0
177
0
178
0
179
2
271
2
272
2
273
2
274
3
275
0
276
0
277
2
278
46
279
2
280
0
281
0
282
0
283
0
284
8
285
0
286
0
288
1
289
3
340
4C
342
74
371
-2
372
-2
  0
DIMSTYLE
105
7C
330
4
100
AcDbSymbolTableRecord
100
AcDbDimStyleTableRecord
  2
EZ_M_100_H25_CM
 70
0
  3

  4

 40
1.0
 41
0.25
 42
0.125
 43
3.75
 44
0.375
 45
0.0
 46
0.0
 47
0.0
 48
0.0
140
0.25
141
2.5
142
0.125
143
0.03937007874
144
100.0
145
0.0
146
0.5
147
0.1
148
0.0
 71
0
 72
0
 73
0
 74
0
 75
0
 76
0
 77
1
 78
12
 79
3
170
0
171
3
172
1
173
0
174
0
175
0
176
0
177
0
178
0
179
2
271
2
272
2
273
2
274
3
275
0
276
0
277
2
278
46
279
2
280
0
281
0
282
0
283
0
284
8
285
0
286
0
288
1
289
3
340
4C
371
-2
372
-2
  0
DIMSTYLE
105
7D
330
4
100
AcDbSymbolTableRecord
100
AcDbDimStyleTableRecord
  2
EZ_M_50_H25_CM
 70
0
  3

  4

 40
1.0
 41
0.125
 42
0.0625
 43
3.75
 44
0.1875
 45
0.0
 46
0.0
 47
0.0
 48
0.0
140
0.125
141
2.5
142
0.0625
143
0.03937007874
144
100.0
145
0.0
146
0.5
147
0.05
148
0.0
 71
0
 72
0
 73
0
 74
0
 75
0
 76
0
 77
1
 78
12
 79
3
170
0
171
3
172
1
173
0
174
0
175
0
176
0
177
0
178
0
179
2
271
2
272
2
273
2
274
3
275
0
276
0
277
2
278
46
279
2
280
0
281
0
282
0
283
0
284
8
285
0
286
0
288
1
289
3
340
4C
371
-2
372
-2
  0
DIMSTYLE
105
7E
330
4
100
AcDbSymbolTableRecord
100
AcDbDimStyleTableRecord
  2
EZ_M_25_H25_CM
 70
0
  3

  4

 40
1.0
 41
0.0625
 42
0.03125
 43
3.75
 44
0.09375
 45
0.0
 46
0.0
 47
0.0
 48
0.0
140
0.0625
141
2.5
142
0.03125
143
0.03937007874
144
100.0
145
0.0
146
0.5
147
0.025
148
0.0
 71
0
 72
0
 73
0
 74
0
 75
0
 76
0
 77
1
 78
12
 79
3
170
0
171
3
172
1
173
0
174
0
175
0
176
0
177
0
178
0
179
2
271
2
272
2
273
2
274
3
275
0
276
0
277
2
278
46
279
2
280
0
281
0
282
0
283
0
284
8
285
0
286
0
288
1
289
3
340
4C
371
-2
372
-2
  0
DIMSTYLE
105
7F
330
4
100
AcDbSymbolTableRecord
100
AcDbDimStyleTableRecord
  2
EZ_M_20_H25_CM
 70
0
  3

  4

 40
1.0
 41
0.05
 42
0.025
 43
3.75
 44
0.07500000000000001
 45
0.0
 46
0.0
 47
0.0
 48
0.0
140
0.05
141
2.5
142
0.025
143
0.03937007874
144
100.0
145
0.0
146
0.5
147
0.020000000000000004
148
0.0
 71
0
 72
0
 73
0
 74
0
 75
0
 76
0
 77
1
 78
12
 79
3
170
0
171
3
172
1
173
0
174
0
175
0
176
0
177
0
178
0
179
2
271
2
272
2
273
2
274
3
275
0
276
0
277
2
278
46
279
2
280
0
281
0
282
0
283
0
284
8
285
0
286
0
288
1
289
3
340
4C
371
-2
372
-2
  0
DIMSTYLE
105
80
330
4
100
AcDbSymbolTableRecord
100
AcDbDimStyleTableRecord
  2
EZ_M_10_H25_CM
 70
0
  3

  4

 40
1.0
 41
0.025
 42
0.0125
 43
3.75
 44
0.037500000000000006
 45
0.0
 46
0.0
 47
0.0
 48
0.0
140
0.025
141
2.5
142
0.0125
143
0.03937007874
144
100.0
145
0.0
146
0.5
147
0.010000000000000002
148
0.0
 71
0
 72
0
 73
0
 74
0
 75
0
 76
0
 77
1
 78
12
 79
3
170
0
171
3
172
1
173
0
174
0
175
0
176
0
177
0
178
0
179
2
271
2
272
2
273
2
274
3
275
0
276
0
277
2
278
46
279
2
280
0
281
0
282
0
283
0
284
8
285
0
286
0
288
1
289
3
340
4C
371
-2
372
-2
  0
DIMSTYLE
105
81
330
4
100
AcDbSymbolTableRecord
100
AcDbDimStyleTableRecord
  2
EZ_M_5_H25_CM
 70
0
  3

  4

 40
1.0
 41
0.0125
 42
0.00625
 43
3.75
 44
0.018750000000000003
 45
0.0
 46
0.0
 47
0.0
 48
0.0
140
0.0125
141
2.5
142
0.00625
143
0.03937007874
144
100.0
145
0.0
146
0.5
147
0.005000000000000001
148
0.0
 71
0
 72
0
 73
0
 74
0
 75
0
 76
0
 77
1
 78
12
 79
3
170
0
171
3
172
1
173
0
174
0
175
0
176
0
177
0
178
0
179
2
271
2
272
2
273
2
274
3
275
0
276
0
277
2
278
46
279
2
280
0
281
0
282
0
283
0
284
8
285
0
286
0
288
1
289
3
340
4C
371
-2
372
-2
  0
DIMSTYLE
105
82
330
4
100
AcDbSymbolTableRecord
100
AcDbDimStyleTableRecord
  2
EZ_M_1_H25_CM
 70
0
  3

  4

 40
1.0
 41
0.0025
 42
0.00125
 43
3.75
 44
0.00375
 45
0.0
 46
0.0
 47
0.0
 48
0.0
140
0.0025
141
2.5
142
0.00125
143
0.03937007874
144
100.0
145
0.0
146
0.5
147
0.001
148
0.0
 71
0
 72
0
 73
0
 74
0
 75
0
 76
0
 77
1
 78
12
 79
3
170
0
171
3
172
1
173
0
174
0
175
0
176
0
177
0
178
0
179
2
271
2
272
2
273
2
274
3
275
0
276
0
277
2
278
46
279
2
280
0
281
0
282
0
283
0
284
8
285
0
286
0
288
1
289
3
340
4C
371
-2
372
-2
  0
DIMSTYLE
105
83
330
4
100
AcDbSymbolTableRecord
100
AcDbDimStyleTableRecord
  2
EZ_RADIUS
 70
0
  3

  4

 40
1.0
 41
0.25
 42
0.125
 43
3.75
 44
0.375
 45
0.0
 46
0.0
 47
0.0
 48
0.0
140
0.25
141
0.0
142
0.0
143
0.03937007874
144
100.0
145
0.0
146
0.5
147
0.1
148
0.0
 71
0
 72
0
 73
0
 74
0
 75
0
 76
0
 77
1
 78
12
 79
3
170
0
171
3
172
0
173
0
174
0
175
0
176
0
177
0
178
0
179
2
271
2
272
2
273
2
274
3
275
0
276
0
277
2
278
46
279
1
280
0
281
0
282
0
283
0
284
8
285
0
286
0
288
1
289
3
340
4C
342
84
371
-2
372
-2
  0
DIMSTYLE
105
88
330
4
100
AcDbSymbolTableRecord
100
AcDbDimStyleTableRecord
  2
EZ_RADIUS_INSIDE
 70
0
  3

  4

 40
1.0
 41
0.25
 42
0.125
 43
3.75
 44
0.375
 45
0.0
 46
0.0
 47
0.0
 48
0.0
140
0.25
141
0.0
142
0.0
143
0.03937007874
144
100.0
145
0.0
146
0.5
147
0.1
148
0.0
 71
0
 72
0
 73
0
 74
0
 75
0
 76
0
 77
0
 78
12
 79
3
170
0
171
3
172
0
173
0
174
1
175
0
176
0
177
0
178
0
179
2
271
2
272
2
273
2
274
3
275
0
276
0
277
2
278
46
279
0
280
0
281
0
282
0
283
0
284
8
285
0
286
0
288
1
289
0
340
4C
342
84
371
-2
372
-2
  0
DIMSTYLE
105
89
330
4
100
AcDbSymbolTableRecord
100
AcDbDimStyleTableRecord
  2
EZ_CURVED
 70
0
  3

  4

 40
1.0
 41
0.25
 42
0.125
 43
3.75
 44
0.375
 45
0.0
 46
0.0
 47
0.0
 48
0.0
140
0.25
141
2.5
142
0.0
143
0.03937007874
144
100.0
145
0.0
146
0.5
147
0.1
148
0.0
 71
0
 72
0
 73
0
 74
0
 75
0
 76
0
 77
1
 78
12
 79
2
 90
2
170
0
171
3
172
1
173
0
174
0
175
0
176
0
177
0
178
0
179
2
271
2
272
2
273
2
274
3
275
0
276
0
277
2
278
46
279
2
280
0
281
0
282
0
283
0
284
8
285
0
286
0
288
1
289
3
340
4C
371
-2
372
-2
  0
ENDTAB
  0
TABLE
  2
BLOCK_RECORD
  5
9
330
0
100
AcDbSymbolTable
 70
5
  0
BLOCK_RECORD
  5
17
330
9
100
AcDbSymbolTableRecord
100
AcDbBlockTableRecord
  2
*Model_Space
340
1A
  0
BLOCK_RECORD
  5
1B
330
9
100
AcDbSymbolTableRecord
100
AcDbBlockTableRecord
  2
*Paper_Space
340
1E
  0
BLOCK_RECORD
  5
74
330
9
100
AcDbSymbolTableRecord
100
AcDbBlockTableRecord
  2
_ARCHTICK
340
0
  0
BLOCK_RECORD
  5
78
330
9
100
AcDbSymbolTableRecord
100
AcDbBlockTableRecord
  2
_CLOSEDFILLED
340
0
  0
BLOCK_RECORD
  5
84
330
9
100
AcDbSymbolTableRecord
100
AcDbBlockTableRecord
  2
_CLOSEDBLANK
340
0
  0
ENDTAB
  0
ENDSEC
  0
SECTION
  2
BLOCKS
  0
BLOCK
  5
18
330
17
100
AcDbEntity
  8
0
100
AcDbBlockBegin
  2
*Model_Space
 70
0
 10
0.0
 20
0.0
 30
0.0
  3
*Model_Space
  1

  0
ENDBLK
  5
19
330
17
100
AcDbEntity
  8
0
100
AcDbBlockEnd
  0
BLOCK
  5
1C
330
1B
100
AcDbEntity
  8
0
100
AcDbBlockBegin
  2
*Paper_Space
 70
0
 10
0.0
 20
0.0
 30
0.0
  3
*Paper_Space
  1

  0
ENDBLK
  5
1D
330
1B
100
AcDbEntity
  8
0
100
AcDbBlockEnd
  0
BLOCK
  5
75
330
74
100
AcDbEntity
  8
0
100
AcDbBlockBegin
  2
_ARCHTICK
 70
0
 10
0.0
 20
0.0
 30
0.0
  3
_ARCHTICK
  1

  0
LWPOLYLINE
  5
77
330
74
100
AcDbEntity
  8
0
  6
BYBLOCK
 62
0
100
AcDbPolyline
 90
2
 70
0
 43
0.15
 10
-0.5
 20
-0.5
 10
0.5
 20
0.5
  0
ENDBLK
  5
76
330
74
100
AcDbEntity
  8
0
100
AcDbBlockEnd
  0
BLOCK
  5
79
330
78
100
AcDbEntity
  8
0
100
AcDbBlockBegin
  2
_CLOSEDFILLED
 70
0
 10
0.0
 20
0.0
 30
0.0
  3
_CLOSEDFILLED
  1

  0
SOLID
  5
7B
330
78
100
AcDbEntity
  8
0
  6
BYBLOCK
 62
0
100
AcDbTrace
 10
-1.0
 20
0.16439898372402537
 30
0.0
 11
0.0
 21
0.0
 31
0.0
 12
-1.0
 22
-0.16439898372402537
 32
0.0
 13
-1.0
 23
-0.16439898372402537
 33
0.0
  0
ENDBLK
  5
7A
330
78
100
AcDbEntity
  8
0
100
AcDbBlockEnd
  0
BLOCK
  5
85
330
84
100
AcDbEntity
  8
0
100
AcDbBlockBegin
  2
_CLOSEDBLANK
 70
0
 10
0.0
 20
0.0
 30
0.0
  3
_CLOSEDBLANK
  1

  0
LWPOLYLINE
  5
87
330
84
100
AcDbEntity
  8
0
  6
BYBLOCK
 62
0
100
AcDbPolyline
 90
3
 70
1
 10
-1.0
 20
0.16439898372402537
 10
0.0
 20
0.0
 10
-1.0
 20
-0.16439898372402537
  0
ENDBLK
  5
86
330
84
100
AcDbEntity
  8
0
100
AcDbBlockEnd
  0
ENDSEC
  0
SECTION
  2
ENTITIES
  0
LWPOLYLINE
  5
9B
330
17
100
AcDbEntity
  8
MORET-COMPLETAS
100
AcDbPolyline
 90
4
 70
1
 10
496.1427
 20
-86.7369
 10
496.7387
 20
-86.7369
 10
496.7387
 20
-85.5429
 10
496.1427
 20
-85.5429
  0
TEXT
  5
9C
330
17
100
AcDbEntity
  8
ETIQUETAS
100
AcDbText
 10
496.4407
 20
-86.1399
 30
0.0
 40
0.055
  1
PB-M-068
 72
1
 11
496.4407
 21
-86.1399
 31
0.0
100
AcDbText
 73
2
  0
LWPOLYLINE
  5
9D
330
17
100
AcDbEntity
  8
MORET-COMPLETAS
100
AcDbPolyline
 90
4
 70
1
 10
495.5447
 20
-86.7369
 10
496.1407
 20
-86.7369
 10
496.1407
 20
-85.5429
 10
495.5447
 20
-85.5429
  0
TEXT
  5
9E
330
17
100
AcDbEntity
  8
ETIQUETAS
100
AcDbText
 10
495.8427
 20
-86.1399
 30
0.0
 40
0.055
  1
PB-M-067
 72
1
 11
495.8427
 21
-86.1399
 31
0.0
100
AcDbText
 73
2
  0
LWPOLYLINE
  5
9F
330
17
100
AcDbEntity
  8
MORET-COMPLETAS
100
AcDbPolyline
 90
4
 70
1
 10
494.9467
 20
-86.7369
 10
495.5427
 20
-86.7369
 10
495.5427
 20
-85.5429
 10
494.9467
 20
-85.5429
  0
TEXT
  5
A0
330
17
100
AcDbEntity
  8
ETIQUETAS
100
AcDbText
 10
495.2447
 20
-86.1399
 30
0.0
 40
0.055
  1
PB-M-066
 72
1
 11
495.2447
 21
-86.1399
 31
0.0
100
AcDbText
 73
2
  0
LWPOLYLINE
  5
A1
330
17
100
AcDbEntity
  8
MORET-COMPLETAS
100
AcDbPolyline
 90
4
 70
1
 10
494.3487
 20
-86.7369
 10
494.9447
 20
-86.7369
 10
494.9447
 20
-85.5429
 10
494.3487
 20
-85.5429
  0
TEXT
  5
A2
330
17
100
AcDbEntity
  8
ETIQUETAS
100
AcDbText
 10
494.6467
 20
-86.1399
 30
0.0
 40
0.055
  1
PB-M-065
 72
1
 11
494.6467
 21
-86.1399
 31
0.0
100
AcDbText
 73
2
  0
LWPOLYLINE
  5
A3
330
17
100
AcDbEntity
  8
MORET-COMPLETAS
100
AcDbPolyline
 90
4
 70
1
 10
493.7507
 20
-86.7369
 10
494.3467
 20
-86.7369
 10
494.3467
 20
-85.5429
 10
493.7507
 20
-85.5429
  0
TEXT
  5
A4
330
17
100
AcDbEntity
  8
ETIQUETAS
100
AcDbText
 10
494.0487
 20
-86.1399
 30
0.0
 40
0.055
  1
PB-M-064
 72
1
 11
494.0487
 21
-86.1399
 31
0.0
100
AcDbText
 73
2
  0
LWPOLYLINE
  5
A5
330
17
100
AcDbEntity
  8
MORET-COMPLETAS
100
AcDbPolyline
 90
4
 70
1
 10
493.1527
 20
-86.7369
 10
493.7487
 20
-86.7369
 10
493.7487
 20
-85.5429
 10
493.1527
 20
-85.5429
  0
TEXT
  5
A6
330
17
100
AcDbEntity
  8
ETIQUETAS
100
AcDbText
 10
493.4507
 20
-86.1399
 30
0.0
 40
0.055
  1
PB-M-063
 72
1
 11
493.4507
 21
-86.1399
 31
0.0
100
AcDbText
 73
2
  0
LWPOLYLINE
  5
A7
330
17
100
AcDbEntity
  8
MORET-COMPLETAS
100
AcDbPolyline
 90
4
 70
1
 10
492.5547
 20
-86.7369
 10
493.15070000000003
 20
-86.7369
 10
493.15070000000003
 20
-85.5429
 10
492.5547
 20
-85.5429
  0
TEXT
  5
A8
330
17
100
AcDbEntity
  8
ETIQUETAS
100
AcDbText
 10
492.8527
 20
-86.1399
 30
0.0
 40
0.055
  1
PB-M-062
 72
1
 11
492.8527
 21
-86.1399
 31
0.0
100
AcDbText
 73
2
  0
LWPOLYLINE
  5
A9
330
17
100
AcDbEntity
  8
MORET-COMPLETAS
100
AcDbPolyline
 90
4
 70
1
 10
491.9567
 20
-86.7369
 10
492.5527
 20
-86.7369
 10
492.5527
 20
-85.5429
 10
491.9567
 20
-85.5429
  0
TEXT
  5
AA
330
17
100
AcDbEntity
  8
ETIQUETAS
100
AcDbText
 10
492.2547
 20
-86.1399
 30
0.0
 40
0.055
  1
PB-M-061
 72
1
 11
492.2547
 21
-86.1399
 31
0.0
100
AcDbText
 73
2
  0
LWPOLYLINE
  5
AB
330
17
100
AcDbEntity
  8
MORET-COMPLETAS
100
AcDbPolyline
 90
4
 70
1
 10
491.3587
 20
-86.7369
 10
491.9547
 20
-86.7369
 10
491.9547
 20
-85.5429
 10
491.3587
 20
-85.5429
  0
TEXT
  5
AC
330
17
100
AcDbEntity
  8
ETIQUETAS
100
AcDbText
 10
491.6567
 20
-86.1399
 30
0.0
 40
0.055
  1
PB-M-060
 72
1
 11
491.6567
 21
-86.1399
 31
0.0
100
AcDbText
 73
2
  0
LWPOLYLINE
  5
AD
330
17
100
AcDbEntity
  8
MORET-COMPLETAS
100
AcDbPolyline
 90
4
 70
1
 10
490.7607
 20
-86.7369
 10
491.3567
 20
-86.7369
 10
491.3567
 20
-85.5429
 10
490.7607
 20
-85.5429
  0
TEXT
  5
AE
330
17
100
AcDbEntity
  8
ETIQUETAS
100
AcDbText
 10
491.0587
 20
-86.1399
 30
0.0
 40
0.055
  1
PB-M-059
 72
1
 11
491.0587
 21
-86.1399
 31
0.0
100
AcDbText
 73
2
  0
LWPOLYLINE
  5
AF
330
17
100
AcDbEntity
  8
MORET-COMPLETAS
100
AcDbPolyline
 90
4
 70
1
 10
490.1627
 20
-86.7369
 10
490.7587
 20
-86.7369
 10
490.7587
 20
-85.5429
 10
490.1627
 20
-85.5429
  0
TEXT
  5
B0
330
17
100
AcDbEntity
  8
ETIQUETAS
100
AcDbText
 10
490.4607
 20
-86.1399
 30
0.0
 40
0.055
  1
PB-M-058
 72
1
 11
490.4607
 21
-86.1399
 31
0.0
100
AcDbText
 73
2
  0
LWPOLYLINE
  5
B1
330
17
100
AcDbEntity
  8
MORET-COMPLETAS
100
AcDbPolyline
 90
4
 70
1
 10
489.5647
 20
-87.9329
 10
490.1607
 20
-87.9329
 10
490.1607
 20
-86.7389
 10
489.5647
 20
-86.7389
  0
TEXT
  5
B2
330
17
100
AcDbEntity
  8
ETIQUETAS
100
AcDbText
 10
489.8627
 20
-87.3359
 30
0.0
 40
0.055
  1
PB-M-073
 72
1
 11
489.8627
 21
-87.3359
 31
0.0
100
AcDbText
 73
2
  0
LWPOLYLINE
  5
B3
330
17
100
AcDbEntity
  8
MORET-COMPLETAS
100
AcDbPolyline
 90
4
 70
1
 10
496.7407
 20
-86.7369
 10
497.3367
 20
-86.7369
 10
497.3367
 20
-85.5429
 10
496.7407
 20
-85.5429
  0
TEXT
  5
B4
330
17
100
AcDbEntity
  8
ETIQUETAS
100
AcDbText
 10
497.0387
 20
-86.1399
 30
0.0
 40
0.055
  1
PB-M-069
 72
1
 11
497.0387
 21
-86.1399
 31
0.0
100
AcDbText
 73
2
  0
LWPOLYLINE
  5
B5
330
17
100
AcDbEntity
  8
MORET-COMPLETAS
100
AcDbPolyline
 90
4
 70
1
 10
496.1427
 20
-85.5409
 10
496.7387
 20
-85.5409
 10
496.7387
 20
-84.34689999999999
 10
496.1427
 20
-84.34689999999999
  0
TEXT
  5
B6
330
17
100
AcDbEntity
  8
ETIQUETAS
100
AcDbText
 10
496.4407
 20
-84.9439
 30
0.0
 40
0.055
  1
PB-M-054
 72
1
 11
496.4407
 21
-84.9439
 31
0.0
100
AcDbText
 73
2
  0
LWPOLYLINE
  5
B7
330
17
100
AcDbEntity
  8
MORET-COMPLETAS
100
AcDbPolyline
 90
4
 70
1
 10
495.5447
 20
-85.5409
 10
496.1407
 20
-85.5409
 10
496.1407
 20
-84.34689999999999
 10
495.5447
 20
-84.34689999999999
  0
TEXT
  5
B8
330
17
100
AcDbEntity
  8
ETIQUETAS
100
AcDbText
 10
495.8427
 20
-84.9439
 30
0.0
 40
0.055
  1
PB-M-053
 72
1
 11
495.8427
 21
-84.9439
 31
0.0
100
AcDbText
 73
2
  0
LWPOLYLINE
  5
B9
330
17
100
AcDbEntity
  8
MORET-COMPLETAS
100
AcDbPolyline
 90
4
 70
1
 10
494.9467
 20
-85.5409
 10
495.5427
 20
-85.5409
 10
495.5427
 20
-84.34689999999999
 10
494.9467
 20
-84.34689999999999
  0
TEXT
  5
BA
330
17
100
AcDbEntity
  8
ETIQUETAS
100
AcDbText
 10
495.2447
 20
-84.9439
 30
0.0
 40
0.055
  1
PB-M-052
 72
1
 11
495.2447
 21
-84.9439
 31
0.0
100
AcDbText
 73
2
  0
LWPOLYLINE
  5
BB
330
17
100
AcDbEntity
  8
MORET-COMPLETAS
100
AcDbPolyline
 90
4
 70
1
 10
494.3487
 20
-85.5409
 10
494.9447
 20
-85.5409
 10
494.9447
 20
-84.34689999999999
 10
494.3487
 20
-84.34689999999999
  0
TEXT
  5
BC
330
17
100
AcDbEntity
  8
ETIQUETAS
100
AcDbText
 10
494.6467
 20
-84.9439
 30
0.0
 40
0.055
  1
PB-M-051
 72
1
 11
494.6467
 21
-84.9439
 31
0.0
100
AcDbText
 73
2
  0
LWPOLYLINE
  5
BD
330
17
100
AcDbEntity
  8
MORET-COMPLETAS
100
AcDbPolyline
 90
4
 70
1
 10
493.7507
 20
-85.5409
 10
494.3467
 20
-85.5409
 10
494.3467
 20
-84.34689999999999
 10
493.7507
 20
-84.34689999999999
  0
TEXT
  5
BE
330
17
100
AcDbEntity
  8
ETIQUETAS
100
AcDbText
 10
494.0487
 20
-84.9439
 30
0.0
 40
0.055
  1
PB-M-050
 72
1
 11
494.0487
 21
-84.9439
 31
0.0
100
AcDbText
 73
2
  0
LWPOLYLINE
  5
BF
330
17
100
AcDbEntity
  8
MORET-COMPLETAS
100
AcDbPolyline
 90
4
 70
1
 10
493.1527
 20
-85.5409
 10
493.7487
 20
-85.5409
 10
493.7487
 20
-84.34689999999999
 10
493.1527
 20
-84.34689999999999
  0
TEXT
  5
C0
330
17
100
AcDbEntity
  8
ETIQUETAS
100
AcDbText
 10
493.4507
 20
-84.9439
 30
0.0
 40
0.055
  1
PB-M-049
 72
1
 11
493.4507
 21
-84.9439
 31
0.0
100
AcDbText
 73
2
  0
LWPOLYLINE
  5
C1
330
17
100
AcDbEntity
  8
MORET-COMPLETAS
100
AcDbPolyline
 90
4
 70
1
 10
492.5547
 20
-85.5409
 10
493.15070000000003
 20
-85.5409
 10
493.15070000000003
 20
-84.34689999999999
 10
492.5547
 20
-84.34689999999999
  0
TEXT
  5
C2
330
17
100
AcDbEntity
  8
ETIQUETAS
100
AcDbText
 10
492.8527
 20
-84.9439
 30
0.0
 40
0.055
  1
PB-M-048
 72
1
 11
492.8527
 21
-84.9439
 31
0.0
100
AcDbText
 73
2
  0
LWPOLYLINE
  5
C3
330
17
100
AcDbEntity
  8
MORET-COMPLETAS
100
AcDbPolyline
 90
4
 70
1
 10
491.9567
 20
-85.5409
 10
492.5527
 20
-85.5409
 10
492.5527
 20
-84.34689999999999
 10
491.9567
 20
-84.34689999999999
  0
TEXT
  5
C4
330
17
100
AcDbEntity
  8
ETIQUETAS
100
AcDbText
 10
492.2547
 20
-84.9439
 30
0.0
 40
0.055
  1
PB-M-047
 72
1
 11
492.2547
 21
-84.9439
 31
0.0
100
AcDbText
 73
2
  0
LWPOLYLINE
  5
C5
330
17
100
AcDbEntity
  8
MORET-COMPLETAS
100
AcDbPolyline
 90
4
 70
1
 10
491.3587
 20
-85.5409
 10
491.9547
 20
-85.5409
 10
491.9547
 20
-84.34689999999999
 10
491.3587
 20
-84.34689999999999
  0
TEXT
  5
C6
330
17
100
AcDbEntity
  8
ETIQUETAS
100
AcDbText
 10
491.6567
 20
-84.9439
 30
0.0
 40
0.055
  1
PB-M-046
 72
1
 11
491.6567
 21
-84.9439
 31
0.0
100
AcDbText
 73
2
  0
LWPOLYLINE
  5
C7
330
17
100
AcDbEntity
  8
MORET-COMPLETAS
100
AcDbPolyline
 90
4
 70
1
 10
490.7607
 20
-85.5409
 10
491.3567
 20
-85.5409
 10
491.3567
 20
-84.34689999999999
 10
490.7607
 20
-84.34689999999999
  0
TEXT
  5
C8
330
17
100
AcDbEntity
  8
ETIQUETAS
100
AcDbText
 10
491.0587
 20
-84.9439
 30
0.0
 40
0.055
  1
PB-M-045
 72
1
 11
491.0587
 21
-84.9439
 31
0.0
100
AcDbText
 73
2
  0
LWPOLYLINE
  5
C9
330
17
100
AcDbEntity
  8
MORET-COMPLETAS
100
AcDbPolyline
 90
4
 70
1
 10
490.1627
 20
-85.5409
 10
490.7587
 20
-85.5409
 10
490.7587
 20
-84.34689999999999
 10
490.1627
 20
-84.34689999999999
  0
TEXT
  5
CA
330
17
100
AcDbEntity
  8
ETIQUETAS
100
AcDbText
 10
490.4607
 20
-84.9439
 30
0.0
 40
0.055
  1
PB-M-044
 72
1
 11
490.4607
 21
-84.9439
 31
0.0
100
AcDbText
 73
2
  0
LWPOLYLINE
  5
CB
330
17
100
AcDbEntity
  8
MORET-COMPLETAS
100
AcDbPolyline
 90
4
 70
1
 10
489.5647
 20
-85.5409
 10
490.1607
 20
-85.5409
 10
490.1607
 20
-84.34689999999999
 10
489.5647
 20
-84.34689999999999
  0
TEXT
  5
CC
330
17
100
AcDbEntity
  8
ETIQUETAS
100
AcDbText
 10
489.8627
 20
-84.9439
 30
0.0
 40
0.055
  1
PB-M-043
 72
1
 11
489.8627
 21
-84.9439
 31
0.0
100
AcDbText
 73
2
  0
LWPOLYLINE
  5
CD
330
17
100
AcDbEntity
  8
MORET-COMPLETAS
100
AcDbPolyline
 90
4
 70
1
 10
496.7407
 20
-85.5409
 10
497.3367
 20
-85.5409
 10
497.3367
 20
-84.34689999999999
 10
496.7407
 20
-84.34689999999999
  0
TEXT
  5
CE
330
17
100
AcDbEntity
  8
ETIQUETAS
100
AcDbText
 10
497.0387
 20
-84.9439
 30
0.0
 40
0.055
  1
PB-M-055
 72
1
 11
497.0387
 21
-84.9439
 31
0.0
100
AcDbText
 73
2
  0
LWPOLYLINE
  5
CF
330
17
100
AcDbEntity
  8
MORET-COMPLETAS
100
AcDbPolyline
 90
4
 70
1
 10
493.7507
 20
-89.1289
 10
494.3467
 20
-89.1289
 10
494.3467
 20
-87.9349
 10
493.7507
 20
-87.9349
  0
TEXT
  5
D0
330
17
100
AcDbEntity
  8
ETIQUETAS
100
AcDbText
 10
494.0487
 20
-88.5319
 30
0.0
 40
0.055
  1
PB-M-097
 72
1
 11
494.0487
 21
-88.5319
 31
0.0
100
AcDbText
 73
2
  0
LWPOLYLINE
  5
D1
330
17
100
AcDbEntity
  8
MORET-COMPLETAS
100
AcDbPolyline
 90
4
 70
1
 10
493.1527
 20
-89.1289
 10
493.7487
 20
-89.1289
 10
493.7487
 20
-87.9349
 10
493.1527
 20
-87.9349
  0
TEXT
  5
D2
330
17
100
AcDbEntity
  8
ETIQUETAS
100
AcDbText
 10
493.4507
 20
-88.5319
 30
0.0
 40
0.055
  1
PB-M-096
 72
1
 11
493.4507
 21
-88.5319
 31
0.0
100
AcDbText
 73
2
  0
LWPOLYLINE
  5
D3
330
17
100
AcDbEntity
  8
MORET-COMPLETAS
100
AcDbPolyline
 90
4
 70
1
 10
492.5547
 20
-89.1289
 10
493.15070000000003
 20
-89.1289
 10
493.15070000000003
 20
-87.9349
 10
492.5547
 20
-87.9349
  0
TEXT
  5
D4
330
17
100
AcDbEntity
  8
ETIQUETAS
100
AcDbText
 10
492.8527
 20
-88.5319
 30
0.0
 40
0.055
  1
PB-M-095
 72
1
 11
492.8527
 21
-88.5319
 31
0.0
100
AcDbText
 73
2
  0
LWPOLYLINE
  5
D5
330
17
100
AcDbEntity
  8
MORET-COMPLETAS
100
AcDbPolyline
 90
4
 70
1
 10
491.9567
 20
-89.1289
 10
492.5527
 20
-89.1289
 10
492.5527
 20
-87.9349
 10
491.9567
 20
-87.9349
  0
TEXT
  5
D6
330
17
100
AcDbEntity
  8
ETIQUETAS
100
AcDbText
 10
492.2547
 20
-88.5319
 30
0.0
 40
0.055
  1
PB-M-094
 72
1
 11
492.2547
 21
-88.5319
 31
0.0
100
AcDbText
 73
2
  0
LWPOLYLINE
  5
D7
330
17
100
AcDbEntity
  8
MORET-COMPLETAS
100
AcDbPolyline
 90
4
 70
1
 10
491.3587
 20
-89.1289
 10
491.9547
 20
-89.1289
 10
491.9547
 20
-87.9349
 10
491.3587
 20
-87.9349
  0
TEXT
  5
D8
330
17
100
AcDbEntity
  8
ETIQUETAS
100
AcDbText
 10
491.6567
 20
-88.5319
 30
0.0
 40
0.055
  1
PB-M-093
 72
1
 11
491.6567
 21
-88.5319
 31
0.0
100
AcDbText
 73
2
  0
LWPOLYLINE
  5
D9
330
17
100
AcDbEntity
  8
MORET-COMPLETAS
100
AcDbPolyline
 90
4
 70
1
 10
490.7607
 20
-89.1289
 10
491.3567
 20
-89.1289
 10
491.3567
 20
-87.9349
 10
490.7607
 20
-87.9349
  0
TEXT
  5
DA
330
17
100
AcDbEntity
  8
ETIQUETAS
100
AcDbText
 10
491.0587
 20
-88.5319
 30
0.0
 40
0.055
  1
PB-M-092
 72
1
 11
491.0587
 21
-88.5319
 31
0.0
100
AcDbText
 73
2
  0
LWPOLYLINE
  5
DB
330
17
100
AcDbEntity
  8
MORET-COMPLETAS
100
AcDbPolyline
 90
4
 70
1
 10
490.1627
 20
-89.1289
 10
490.7587
 20
-89.1289
 10
490.7587
 20
-87.9349
 10
490.1627
 20
-87.9349
  0
TEXT
  5
DC
330
17
100
AcDbEntity
  8
ETIQUETAS
100
AcDbText
 10
490.4607
 20
-88.5319
 30
0.0
 40
0.055
  1
PB-M-091
 72
1
 11
490.4607
 21
-88.5319
 31
0.0
100
AcDbText
 73
2
  0
LWPOLYLINE
  5
DD
330
17
100
AcDbEntity
  8
MORET-COMPLETAS
100
AcDbPolyline
 90
4
 70
1
 10
489.5647
 20
-89.1289
 10
490.1607
 20
-89.1289
 10
490.1607
 20
-87.9349
 10
489.5647
 20
-87.9349
  0
TEXT
  5
DE
330
17
100
AcDbEntity
  8
ETIQUETAS
100
AcDbText
 10
489.8627
 20
-88.5319
 30
0.0
 40
0.055
  1
PB-M-090
 72
1
 11
489.8627
 21
-88.5319
 31
0.0
100
AcDbText
 73
2
  0
LWPOLYLINE
  5
DF
330
17
100
AcDbEntity
  8
MORET-COMPLETAS
100
AcDbPolyline
 90
4
 70
1
 10
493.7507
 20
-90.3249
 10
494.3467
 20
-90.3249
 10
494.3467
 20
-89.1309
 10
493.7507
 20
-89.1309
  0
TEXT
  5
E0
330
17
100
AcDbEntity
  8
ETIQUETAS
100
AcDbText
 10
494.0487
 20
-89.7279
 30
0.0
 40
0.055
  1
PB-M-112
 72
1
 11
494.0487
 21
-89.7279
 31
0.0
100
AcDbText
 73
2
  0
LWPOLYLINE
  5
E1
330
17
100
AcDbEntity
  8
MORET-COMPLETAS
100
AcDbPolyline
 90
4
 70
1
 10
493.1527
 20
-90.3249
 10
493.7487
 20
-90.3249
 10
493.7487
 20
-89.1309
 10
493.1527
 20
-89.1309
  0
TEXT
  5
E2
330
17
100
AcDbEntity
  8
ETIQUETAS
100
AcDbText
 10
493.4507
 20
-89.7279
 30
0.0
 40
0.055
  1
PB-M-111
 72
1
 11
493.4507
 21
-89.7279
 31
0.0
100
AcDbText
 73
2
  0
LWPOLYLINE
  5
E3
330
17
100
AcDbEntity
  8
MORET-COMPLETAS
100
AcDbPolyline
 90
4
 70
1
 10
492.5547
 20
-90.3249
 10
493.15070000000003
 20
-90.3249
 10
493.15070000000003
 20
-89.1309
 10
492.5547
 20
-89.1309
  0
TEXT
  5
E4
330
17
100
AcDbEntity
  8
ETIQUETAS
100
AcDbText
 10
492.8527
 20
-89.7279
 30
0.0
 40
0.055
  1
PB-M-110
 72
1
 11
492.8527
 21
-89.7279
 31
0.0
100
AcDbText
 73
2
  0
LWPOLYLINE
  5
E5
330
17
100
AcDbEntity
  8
MORET-COMPLETAS
100
AcDbPolyline
 90
4
 70
1
 10
491.9567
 20
-90.3249
 10
492.5527
 20
-90.3249
 10
492.5527
 20
-89.1309
 10
491.9567
 20
-89.1309
  0
TEXT
  5
E6
330
17
100
AcDbEntity
  8
ETIQUETAS
100
AcDbText
 10
492.2547
 20
-89.7279
 30
0.0
 40
0.055
  1
PB-M-109
 72
1
 11
492.2547
 21
-89.7279
 31
0.0
100
AcDbText
 73
2
  0
LWPOLYLINE
  5
E7
330
17
100
AcDbEntity
  8
MORET-COMPLETAS
100
AcDbPolyline
 90
4
 70
1
 10
491.3587
 20
-90.3249
 10
491.9547
 20
-90.3249
 10
491.9547
 20
-89.1309
 10
491.3587
 20
-89.1309
  0
TEXT
  5
E8
330
17
100
AcDbEntity
  8
ETIQUETAS
100
AcDbText
 10
491.6567
 20
-89.7279
 30
0.0
 40
0.055
  1
PB-M-108
 72
1
 11
491.6567
 21
-89.7279
 31
0.0
100
AcDbText
 73
2
  0
LWPOLYLINE
  5
E9
330
17
100
AcDbEntity
  8
MORET-COMPLETAS
100
AcDbPolyline
 90
4
 70
1
 10
490.7607
 20
-90.3249
 10
491.3567
 20
-90.3249
 10
491.3567
 20
-89.1309
 10
490.7607
 20
-89.1309
  0
TEXT
  5
EA
330
17
100
AcDbEntity
  8
ETIQUETAS
100
AcDbText
 10
491.0587
 20
-89.7279
 30
0.0
 40
0.055
  1
PB-M-107
 72
1
 11
491.0587
 21
-89.7279
 31
0.0
100
AcDbText
 73
2
  0
LWPOLYLINE
  5
EB
330
17
100
AcDbEntity
  8
MORET-COMPLETAS
100
AcDbPolyline
 90
4
 70
1
 10
490.1627
 20
-90.3249
 10
490.7587
 20
-90.3249
 10
490.7587
 20
-89.1309
 10
490.1627
 20
-89.1309
  0
TEXT
  5
EC
330
17
100
AcDbEntity
  8
ETIQUETAS
100
AcDbText
 10
490.4607
 20
-89.7279
 30
0.0
 40
0.055
  1
PB-M-106
 72
1
 11
490.4607
 21
-89.7279
 31
0.0
100
AcDbText
 73
2
  0
LWPOLYLINE
  5
ED
330
17
100
AcDbEntity
  8
MORET-COMPLETAS
100
AcDbPolyline
 90
4
 70
1
 10
489.5647
 20
-90.3249
 10
490.1607
 20
-90.3249
 10
490.1607
 20
-89.1309
 10
489.5647
 20
-89.1309
  0
TEXT
  5
EE
330
17
100
AcDbEntity
  8
ETIQUETAS
100
AcDbText
 10
489.8627
 20
-89.7279
 30
0.0
 40
0.055
  1
PB-M-105
 72
1
 11
489.8627
 21
-89.7279
 31
0.0
100
AcDbText
 73
2
  0
LWPOLYLINE
  5
EF
330
17
100
AcDbEntity
  8
MORET-RECORTES
100
AcDbPolyline
 90
8
 70
1
 10
494.9447
 20
-91.5209
 10
494.3487
 20
-91.5209
 10
494.3487
 20
-90.3269
 10
494.9447
 20
-90.3269
 10
494.9447
 20
-90.3269
 10
494.6387
 20
-90.3269
 10
494.6387
 20
-90.3404
 10
494.9447
 20
-90.3404
  0
TEXT
  5
F0
330
17
100
AcDbEntity
  8
ETIQUETAS
100
AcDbText
 10
494.6467
 20
-90.9239
 30
0.0
 40
0.055
  1
PB-M-133
 72
1
 11
494.6467
 21
-90.9239
 31
0.0
100
AcDbText
 73
2
  0
LWPOLYLINE
  5
F1
330
17
100
AcDbEntity
  8
MORET-COMPLETAS
100
AcDbPolyline
 90
4
 70
1
 10
493.7507
 20
-91.5209
 10
494.3467
 20
-91.5209
 10
494.3467
 20
-90.3269
 10
493.7507
 20
-90.3269
  0
TEXT
  5
F2
330
17
100
AcDbEntity
  8
ETIQUETAS
100
AcDbText
 10
494.0487
 20
-90.9239
 30
0.0
 40
0.055
  1
PB-M-132
 72
1
 11
494.0487
 21
-90.9239
 31
0.0
100
AcDbText
 73
2
  0
LWPOLYLINE
  5
F3
330
17
100
AcDbEntity
  8
MORET-COMPLETAS
100
AcDbPolyline
 90
4
 70
1
 10
493.1527
 20
-91.5209
 10
493.7487
 20
-91.5209
 10
493.7487
 20
-90.3269
 10
493.1527
 20
-90.3269
  0
TEXT
  5
F4
330
17
100
AcDbEntity
  8
ETIQUETAS
100
AcDbText
 10
493.4507
 20
-90.9239
 30
0.0
 40
0.055
  1
PB-M-131
 72
1
 11
493.4507
 21
-90.9239
 31
0.0
100
AcDbText
 73
2
  0
LWPOLYLINE
  5
F5
330
17
100
AcDbEntity
  8
MORET-COMPLETAS
100
AcDbPolyline
 90
4
 70
1
 10
492.5547
 20
-91.5209
 10
493.15070000000003
 20
-91.5209
 10
493.15070000000003
 20
-90.3269
 10
492.5547
 20
-90.3269
  0
TEXT
  5
F6
330
17
100
AcDbEntity
  8
ETIQUETAS
100
AcDbText
 10
492.8527
 20
-90.9239
 30
0.0
 40
0.055
  1
PB-M-130
 72
1
 11
492.8527
 21
-90.9239
 31
0.0
100
AcDbText
 73
2
  0
LWPOLYLINE
  5
F7
330
17
100
AcDbEntity
  8
MORET-COMPLETAS
100
AcDbPolyline
 90
4
 70
1
 10
491.9567
 20
-91.5209
 10
492.5527
 20
-91.5209
 10
492.5527
 20
-90.3269
 10
491.9567
 20
-90.3269
  0
TEXT
  5
F8
330
17
100
AcDbEntity
  8
ETIQUETAS
100
AcDbText
 10
492.2547
 20
-90.9239
 30
0.0
 40
0.055
  1
PB-M-129
 72
1
 11
492.2547
 21
-90.9239
 31
0.0
100
AcDbText
 73
2
  0
LWPOLYLINE
  5
F9
330
17
100
AcDbEntity
  8
MORET-COMPLETAS
100
AcDbPolyline
 90
4
 70
1
 10
491.3587
 20
-91.5209
 10
491.9547
 20
-91.5209
 10
491.9547
 20
-90.3269
 10
491.3587
 20
-90.3269
  0
TEXT
  5
FA
330
17
100
AcDbEntity
  8
ETIQUETAS
100
AcDbText
 10
491.6567
 20
-90.9239
 30
0.0
 40
0.055
  1
PB-M-128
 72
1
 11
491.6567
 21
-90.9239
 31
0.0
100
AcDbText
 73
2
  0
LWPOLYLINE
  5
FB
330
17
100
AcDbEntity
  8
MORET-COMPLETAS
100
AcDbPolyline
 90
4
 70
1
 10
490.7607
 20
-91.5209
 10
491.3567
 20
-91.5209
 10
491.3567
 20
-90.3269
 10
490.7607
 20
-90.3269
  0
TEXT
  5
FC
330
17
100
AcDbEntity
  8
ETIQUETAS
100
AcDbText
 10
491.0587
 20
-90.9239
 30
0.0
 40
0.055
  1
PB-M-127
 72
1
 11
491.0587
 21
-90.9239
 31
0.0
100
AcDbText
 73
2
  0
LWPOLYLINE
  5
FD
330
17
100
AcDbEntity
  8
MORET-COMPLETAS
100
AcDbPolyline
 90
4
 70
1
 10
490.1627
 20
-91.5209
 10
490.7587
 20
-91.5209
 10
490.7587
 20
-90.3269
 10
490.1627
 20
-90.3269
  0
TEXT
  5
FE
330
17
100
AcDbEntity
  8
ETIQUETAS
100
AcDbText
 10
490.4607
 20
-90.9239
 30
0.0
 40
0.055
  1
PB-M-126
 72
1
 11
490.4607
 21
-90.9239
 31
0.0
100
AcDbText
 73
2
  0
LWPOLYLINE
  5
FF
330
17
100
AcDbEntity
  8
MORET-COMPLETAS
100
AcDbPolyline
 90
4
 70
1
 10
489.5647
 20
-91.5209
 10
490.1607
 20
-91.5209
 10
490.1607
 20
-90.3269
 10
489.5647
 20
-90.3269
  0
TEXT
  5
100
330
17
100
AcDbEntity
  8
ETIQUETAS
100
AcDbText
 10
489.8627
 20
-90.9239
 30
0.0
 40
0.055
  1
PB-M-125
 72
1
 11
489.8627
 21
-90.9239
 31
0.0
100
AcDbText
 73
2
  0
LWPOLYLINE
  5
101
330
17
100
AcDbEntity
  8
MORET-COMPLETAS
100
AcDbPolyline
 90
4
 70
1
 10
496.1427
 20
-82.0044
 10
496.7387
 20
-82.0044
 10
496.7387
 20
-80.8104
 10
496.1427
 20
-80.8104
  0
TEXT
  5
102
330
17
100
AcDbEntity
  8
ETIQUETAS
100
AcDbText
 10
496.4407
 20
-81.4074
 30
0.0
 40
0.055
  1
PB-M-012
 72
1
 11
496.4407
 21
-81.4074
 31
0.0
100
AcDbText
 73
2
  0
LWPOLYLINE
  5
103
330
17
100
AcDbEntity
  8
MORET-COMPLETAS
100
AcDbPolyline
 90
4
 70
1
 10
495.5447
 20
-82.0044
 10
496.1407
 20
-82.0044
 10
496.1407
 20
-80.8104
 10
495.5447
 20
-80.8104
  0
TEXT
  5
104
330
17
100
AcDbEntity
  8
ETIQUETAS
100
AcDbText
 10
495.8427
 20
-81.4074
 30
0.0
 40
0.055
  1
PB-M-011
 72
1
 11
495.8427
 21
-81.4074
 31
0.0
100
AcDbText
 73
2
  0
LWPOLYLINE
  5
105
330
17
100
AcDbEntity
  8
MORET-COMPLETAS
100
AcDbPolyline
 90
4
 70
1
 10
494.9467
 20
-82.0044
 10
495.5427
 20
-82.0044
 10
495.5427
 20
-80.8104
 10
494.9467
 20
-80.8104
  0
TEXT
  5
106
330
17
100
AcDbEntity
  8
ETIQUETAS
100
AcDbText
 10
495.2447
 20
-81.4074
 30
0.0
 40
0.055
  1
PB-M-010
 72
1
 11
495.2447
 21
-81.4074
 31
0.0
100
AcDbText
 73
2
  0
LWPOLYLINE
  5
107
330
17
100
AcDbEntity
  8
MORET-COMPLETAS
100
AcDbPolyline
 90
4
 70
1
 10
494.3487
 20
-82.0044
 10
494.9447
 20
-82.0044
 10
494.9447
 20
-80.8104
 10
494.3487
 20
-80.8104
  0
TEXT
  5
108
330
17
100
AcDbEntity
  8
ETIQUETAS
100
AcDbText
 10
494.6467
 20
-81.4074
 30
0.0
 40
0.055
  1
PB-M-009
 72
1
 11
494.6467
 21
-81.4074
 31
0.0
100
AcDbText
 73
2
  0
LWPOLYLINE
  5
109
330
17
100
AcDbEntity
  8
MORET-COMPLETAS
100
AcDbPolyline
 90
4
 70
1
 10
493.7507
 20
-82.0044
 10
494.3467
 20
-82.0044
 10
494.3467
 20
-80.8104
 10
493.7507
 20
-80.8104
  0
TEXT
  5
10A
330
17
100
AcDbEntity
  8
ETIQUETAS
100
AcDbText
 10
494.0487
 20
-81.4074
 30
0.0
 40
0.055
  1
PB-M-008
 72
1
 11
494.0487
 21
-81.4074
 31
0.0
100
AcDbText
 73
2
  0
LWPOLYLINE
  5
10B
330
17
100
AcDbEntity
  8
MORET-COMPLETAS
100
AcDbPolyline
 90
4
 70
1
 10
493.1527
 20
-82.0044
 10
493.7487
 20
-82.0044
 10
493.7487
 20
-80.8104
 10
493.1527
 20
-80.8104
  0
TEXT
  5
10C
330
17
100
AcDbEntity
  8
ETIQUETAS
100
AcDbText
 10
493.4507
 20
-81.4074
 30
0.0
 40
0.055
  1
PB-M-007
 72
1
 11
493.4507
 21
-81.4074
 31
0.0
100
AcDbText
 73
2
  0
LWPOLYLINE
  5
10D
330
17
100
AcDbEntity
  8
MORET-COMPLETAS
100
AcDbPolyline
 90
4
 70
1
 10
492.5547
 20
-82.0044
 10
493.15070000000003
 20
-82.0044
 10
493.15070000000003
 20
-80.8104
 10
492.5547
 20
-80.8104
  0
TEXT
  5
10E
330
17
100
AcDbEntity
  8
ETIQUETAS
100
AcDbText
 10
492.8527
 20
-81.4074
 30
0.0
 40
0.055
  1
PB-M-006
 72
1
 11
492.8527
 21
-81.4074
 31
0.0
100
AcDbText
 73
2
  0
LWPOLYLINE
  5
10F
330
17
100
AcDbEntity
  8
MORET-COMPLETAS
100
AcDbPolyline
 90
4
 70
1
 10
491.9567
 20
-82.0044
 10
492.5527
 20
-82.0044
 10
492.5527
 20
-80.8104
 10
491.9567
 20
-80.8104
  0
TEXT
  5
110
330
17
100
AcDbEntity
  8
ETIQUETAS
100
AcDbText
 10
492.2547
 20
-81.4074
 30
0.0
 40
0.055
  1
PB-M-005
 72
1
 11
492.2547
 21
-81.4074
 31
0.0
100
AcDbText
 73
2
  0
LWPOLYLINE
  5
111
330
17
100
AcDbEntity
  8
MORET-COMPLETAS
100
AcDbPolyline
 90
4
 70
1
 10
491.3587
 20
-82.0044
 10
491.9547
 20
-82.0044
 10
491.9547
 20
-80.8104
 10
491.3587
 20
-80.8104
  0
TEXT
  5
112
330
17
100
AcDbEntity
  8
ETIQUETAS
100
AcDbText
 10
491.6567
 20
-81.4074
 30
0.0
 40
0.055
  1
PB-M-004
 72
1
 11
491.6567
 21
-81.4074
 31
0.0
100
AcDbText
 73
2
  0
LWPOLYLINE
  5
113
330
17
100
AcDbEntity
  8
MORET-COMPLETAS
100
AcDbPolyline
 90
4
 70
1
 10
490.7607
 20
-82.0044
 10
491.3567
 20
-82.0044
 10
491.3567
 20
-80.8104
 10
490.7607
 20
-80.8104
  0
TEXT
  5
114
330
17
100
AcDbEntity
  8
ETIQUETAS
100
AcDbText
 10
491.0587
 20
-81.4074
 30
0.0
 40
0.055
  1
PB-M-003
 72
1
 11
491.0587
 21
-81.4074
 31
0.0
100
AcDbText
 73
2
  0
LWPOLYLINE
  5
115
330
17
100
AcDbEntity
  8
MORET-COMPLETAS
100
AcDbPolyline
 90
4
 70
1
 10
490.1627
 20
-82.0044
 10
490.7587
 20
-82.0044
 10
490.7587
 20
-80.8104
 10
490.1627
 20
-80.8104
  0
TEXT
  5
116
330
17
100
AcDbEntity
  8
ETIQUETAS
100
AcDbText
 10
490.4607
 20
-81.4074
 30
0.0
 40
0.055
  1
PB-M-002
 72
1
 11
490.4607
 21
-81.4074
 31
0.0
100
AcDbText
 73
2
  0
LWPOLYLINE
  5
117
330
17
100
AcDbEntity
  8
MORET-COMPLETAS
100
AcDbPolyline
 90
4
 70
1
 10
489.5647
 20
-82.0044
 10
490.1607
 20
-82.0044
 10
490.1607
 20
-80.8104
 10
489.5647
 20
-80.8104
  0
TEXT
  5
118
330
17
100
AcDbEntity
  8
ETIQUETAS
100
AcDbText
 10
489.8627
 20
-81.4074
 30
0.0
 40
0.055
  1
PB-M-001
 72
1
 11
489.8627
 21
-81.4074
 31
0.0
100
AcDbText
 73
2
  0
LWPOLYLINE
  5
119
330
17
100
AcDbEntity
  8
MORET-COMPLETAS
100
AcDbPolyline
 90
4
 70
1
 10
496.7407
 20
-82.0044
 10
497.3367
 20
-82.0044
 10
497.3367
 20
-80.8104
 10
496.7407
 20
-80.8104
  0
TEXT
  5
11A
330
17
100
AcDbEntity
  8
ETIQUETAS
100
AcDbText
 10
497.0387
 20
-81.4074
 30
0.0
 40
0.055
  1
PB-M-013
 72
1
 11
497.0387
 21
-81.4074
 31
0.0
100
AcDbText
 73
2
  0
LWPOLYLINE
  5
11B
330
17
100
AcDbEntity
  8
MORET-COMPLETAS
100
AcDbPolyline
 90
4
 70
1
 10
502.7473
 20
-90.2364
 10
503.3433
 20
-90.2364
 10
503.3433
 20
-89.0424
 10
502.7473
 20
-89.0424
  0
TEXT
  5
11C
330
17
100
AcDbEntity
  8
ETIQUETAS
100
AcDbText
 10
503.0453
 20
-89.6394
 30
0.0
 40
0.055
  1
PA-M-036
 72
1
 11
503.0453
 21
-89.6394
 31
0.0
100
AcDbText
 73
2
  0
LWPOLYLINE
  5
11D
330
17
100
AcDbEntity
  8
MORET-COMPLETAS
100
AcDbPolyline
 90
4
 70
1
 10
502.7473
 20
-91.4324
 10
503.3433
 20
-91.4324
 10
503.3433
 20
-90.2384
 10
502.7473
 20
-90.2384
  0
TEXT
  5
11E
330
17
100
AcDbEntity
  8
ETIQUETAS
100
AcDbText
 10
503.0453
 20
-90.8354
 30
0.0
 40
0.055
  1
PA-M-039
 72
1
 11
503.0453
 21
-90.8354
 31
0.0
100
AcDbText
 73
2
  0
LWPOLYLINE
  5
11F
330
17
100
AcDbEntity
  8
MORET-RECORTES
100
AcDbPolyline
 90
4
 70
1
 10
506.0082
 20
-89.8204
 10
506.0082
 20
-88.6264
 10
506.6042
 20
-88.6264
 10
506.6042
 20
-89.8204
  0
TEXT
  5
120
330
17
100
AcDbEntity
  8
ETIQUETAS
100
AcDbText
 10
506.3062
 20
-89.2234
 30
0.0
 40
0.055
  1
PA-M-035
 72
1
 11
506.3062
 21
-89.2234
 31
0.0
100
AcDbText
 73
2
  0
LWPOLYLINE
  5
121
330
17
100
AcDbEntity
  8
MORET-COMPLETAS
100
AcDbPolyline
 90
4
 70
1
 10
505.4102
 20
-89.8204
 10
506.0062
 20
-89.8204
 10
506.0062
 20
-88.6264
 10
505.4102
 20
-88.6264
  0
TEXT
  5
122
330
17
100
AcDbEntity
  8
ETIQUETAS
100
AcDbText
 10
505.7082
 20
-89.2234
 30
0.0
 40
0.055
  1
PA-M-034
 72
1
 11
505.7082
 21
-89.2234
 31
0.0
100
AcDbText
 73
2
  0
LWPOLYLINE
  5
123
330
17
100
AcDbEntity
  8
MORET-RECORTES
100
AcDbPolyline
 90
8
 70
1
 10
504.8122
 20
-88.6264
 10
505.4082
 20
-88.6264
 10
505.4082
 20
-89.8204
 10
504.8122
 20
-89.8204
 10
504.8122
 20
-89.8204
 10
505.1242
 20
-89.8204
 10
505.1242
 20
-89.7304
 10
504.8122
 20
-89.7304
  0
TEXT
  5
124
330
17
100
AcDbEntity
  8
ETIQUETAS
100
AcDbText
 10
505.1102
 20
-89.2234
 30
0.0
 40
0.055
  1
PA-M-033
 72
1
 11
505.1102
 21
-89.2234
 31
0.0
100
AcDbText
 73
2
  0
LWPOLYLINE
  5
125
330
17
100
AcDbEntity
  8
MORET-COMPLETAS
100
AcDbPolyline
 90
4
 70
1
 10
505.4102
 20
-88.6244
 10
506.0062
 20
-88.6244
 10
506.0062
 20
-87.43039999999999
 10
505.4102
 20
-87.43039999999999
  0
TEXT
  5
126
330
17
100
AcDbEntity
  8
ETIQUETAS
100
AcDbText
 10
505.7082
 20
-88.0274
 30
0.0
 40
0.055
  1
PA-M-024
 72
1
 11
505.7082
 21
-88.0274
 31
0.0
100
AcDbText
 73
2
  0
LWPOLYLINE
  5
127
330
17
100
AcDbEntity
  8
MORET-COMPLETAS
100
AcDbPolyline
 90
4
 70
1
 10
504.8122
 20
-88.6244
 10
505.4082
 20
-88.6244
 10
505.4082
 20
-87.43039999999999
 10
504.8122
 20
-87.43039999999999
  0
TEXT
  5
128
330
17
100
AcDbEntity
  8
ETIQUETAS
100
AcDbText
 10
505.1102
 20
-88.0274
 30
0.0
 40
0.055
  1
PA-M-023
 72
1
 11
505.1102
 21
-88.0274
 31
0.0
100
AcDbText
 73
2
  0
LWPOLYLINE
  5
129
330
17
100
AcDbEntity
  8
MORET-COMPLETAS
100
AcDbPolyline
 90
4
 70
1
 10
504.2142
 20
-88.6244
 10
504.8102
 20
-88.6244
 10
504.8102
 20
-87.43039999999999
 10
504.2142
 20
-87.43039999999999
  0
TEXT
  5
12A
330
17
100
AcDbEntity
  8
ETIQUETAS
100
AcDbText
 10
504.5122
 20
-88.0274
 30
0.0
 40
0.055
  1
PA-M-022
 72
1
 11
504.5122
 21
-88.0274
 31
0.0
100
AcDbText
 73
2
  0
LWPOLYLINE
  5
12B
330
17
100
AcDbEntity
  8
MORET-RECORTES
100
AcDbPolyline
 90
10
 70
1
 10
506.6042
 20
-88.6244
 10
506.0082
 20
-88.6244
 10
506.0082
 20
-87.4304
 10
506.2242
 20
-87.4304
 10
506.2242
 20
-88.3804
 10
506.3442
 20
-88.3804
 10
506.3442
 20
-87.9404
 10
506.6042
 20
-87.9404
 10
506.6042
 20
-87.4304
 10
506.6042
 20
-87.4304
  0
TEXT
  5
12C
330
17
100
AcDbEntity
  8
ETIQUETAS
100
AcDbText
 10
506.3062
 20
-88.0274
 30
0.0
 40
0.055
  1
PA-M-025
 72
1
 11
506.3062
 21
-88.0274
 31
0.0
100
AcDbText
 73
2
  0
LWPOLYLINE
  5
12D
330
17
100
AcDbEntity
  8
MORET-COMPLETAS
100
AcDbPolyline
 90
4
 70
1
 10
502.7473
 20
-87.8885
 10
503.3433
 20
-87.8885
 10
503.3433
 20
-86.69449999999999
 10
502.7473
 20
-86.69449999999999
  0
TEXT
  5
12E
330
17
100
AcDbEntity
  8
ETIQUETAS
100
AcDbText
 10
503.0453
 20
-87.2915
 30
0.0
 40
0.055
  1
PA-M-020
 72
1
 11
503.0453
 21
-87.2915
 31
0.0
100
AcDbText
 73
2
  0
LWPOLYLINE
  5
12F
330
17
100
AcDbEntity
  8
MORET-COMPLETAS
100
AcDbPolyline
 90
4
 70
1
 10
502.7473
 20
-86.6925
 10
503.3433
 20
-86.6925
 10
503.3433
 20
-85.49849999999999
 10
502.7473
 20
-85.49849999999999
  0
TEXT
  5
130
330
17
100
AcDbEntity
  8
ETIQUETAS
100
AcDbText
 10
503.0453
 20
-86.0955
 30
0.0
 40
0.055
  1
PA-M-010
 72
1
 11
503.0453
 21
-86.0955
 31
0.0
100
AcDbText
 73
2
  0
LWPOLYLINE
  5
131
330
17
100
AcDbEntity
  8
MORET-COMPLETAS
100
AcDbPolyline
 90
4
 70
1
 10
496.1427
 20
-89.7194
 10
496.7387
 20
-89.7194
 10
496.7387
 20
-88.52539999999999
 10
496.1427
 20
-88.52539999999999
  0
TEXT
  5
132
330
17
100
AcDbEntity
  8
ETIQUETAS
100
AcDbText
 10
496.4407
 20
-89.1224
 30
0.0
 40
0.055
  1
PB-M-102
 72
1
 11
496.4407
 21
-89.1224
 31
0.0
100
AcDbText
 73
2
  0
LWPOLYLINE
  5
133
330
17
100
AcDbEntity
  8
MORET-COMPLETAS
100
AcDbPolyline
 90
4
 70
1
 10
495.5447
 20
-89.7194
 10
496.1407
 20
-89.7194
 10
496.1407
 20
-88.52539999999999
 10
495.5447
 20
-88.52539999999999
  0
TEXT
  5
134
330
17
100
AcDbEntity
  8
ETIQUETAS
100
AcDbText
 10
495.8427
 20
-89.1224
 30
0.0
 40
0.055
  1
PB-M-101
 72
1
 11
495.8427
 21
-89.1224
 31
0.0
100
AcDbText
 73
2
  0
LWPOLYLINE
  5
135
330
17
100
AcDbEntity
  8
MORET-COMPLETAS
100
AcDbPolyline
 90
4
 70
1
 10
494.9467
 20
-89.7194
 10
495.5427
 20
-89.7194
 10
495.5427
 20
-88.52539999999999
 10
494.9467
 20
-88.52539999999999
  0
TEXT
  5
136
330
17
100
AcDbEntity
  8
ETIQUETAS
100
AcDbText
 10
495.2447
 20
-89.1224
 30
0.0
 40
0.055
  1
PB-M-100
 72
1
 11
495.2447
 21
-89.1224
 31
0.0
100
AcDbText
 73
2
  0
LWPOLYLINE
  5
137
330
17
100
AcDbEntity
  8
MORET-COMPLETAS
100
AcDbPolyline
 90
4
 70
1
 10
489.5647
 20
-86.7369
 10
490.1607
 20
-86.7369
 10
490.1607
 20
-85.5429
 10
489.5647
 20
-85.5429
  0
TEXT
  5
138
330
17
100
AcDbEntity
  8
ETIQUETAS
100
AcDbText
 10
489.8627
 20
-86.1399
 30
0.0
 40
0.055
  1
PB-M-057
 72
1
 11
489.8627
 21
-86.1399
 31
0.0
100
AcDbText
 73
2
  0
LWPOLYLINE
  5
139
330
17
100
AcDbEntity
  8
MORET-COMPLETAS
100
AcDbPolyline
 90
4
 70
1
 10
496.1427
 20
-87.9329
 10
496.7387
 20
-87.9329
 10
496.7387
 20
-86.7389
 10
496.1427
 20
-86.7389
  0
TEXT
  5
13A
330
17
100
AcDbEntity
  8
ETIQUETAS
100
AcDbText
 10
496.4407
 20
-87.3359
 30
0.0
 40
0.055
  1
PB-M-084
 72
1
 11
496.4407
 21
-87.3359
 31
0.0
100
AcDbText
 73
2
  0
LWPOLYLINE
  5
13B
330
17
100
AcDbEntity
  8
MORET-RECORTES
100
AcDbPolyline
 90
8
 70
1
 10
495.5447
 20
-87.9329
 10
495.5447
 20
-86.7389
 10
496.1407
 20
-86.7389
 10
496.1407
 20
-87.9329
 10
495.8287
 20
-87.9329
 10
495.8287
 20
-87.8604
 10
495.7087
 20
-87.8604
 10
495.7087
 20
-87.9329
  0
TEXT
  5
13C
330
17
100
AcDbEntity
  8
ETIQUETAS
100
AcDbText
 10
495.8427
 20
-87.3359
 30
0.0
 40
0.055
  1
PB-M-083
 72
1
 11
495.8427
 21
-87.3359
 31
0.0
100
AcDbText
 73
2
  0
LWPOLYLINE
  5
13D
330
17
100
AcDbEntity
  8
MORET-COMPLETAS
100
AcDbPolyline
 90
4
 70
1
 10
494.9467
 20
-87.9329
 10
495.5427
 20
-87.9329
 10
495.5427
 20
-86.7389
 10
494.9467
 20
-86.7389
  0
TEXT
  5
13E
330
17
100
AcDbEntity
  8
ETIQUETAS
100
AcDbText
 10
495.2447
 20
-87.3359
 30
0.0
 40
0.055
  1
PB-M-082
 72
1
 11
495.2447
 21
-87.3359
 31
0.0
100
AcDbText
 73
2
  0
LWPOLYLINE
  5
13F
330
17
100
AcDbEntity
  8
MORET-RECORTES
100
AcDbPolyline
 90
8
 70
1
 10
494.3487
 20
-87.9329
 10
494.3487
 20
-86.7389
 10
494.9447
 20
-86.7389
 10
494.9447
 20
-87.9329
 10
494.8187
 20
-87.9329
 10
494.8187
 20
-87.8604
 10
494.6387
 20
-87.8604
 10
494.6387
 20
-87.9329
  0
TEXT
  5
140
330
17
100
AcDbEntity
  8
ETIQUETAS
100
AcDbText
 10
494.6467
 20
-87.3359
 30
0.0
 40
0.055
  1
PB-M-081
 72
1
 11
494.6467
 21
-87.3359
 31
0.0
100
AcDbText
 73
2
  0
LWPOLYLINE
  5
141
330
17
100
AcDbEntity
  8
MORET-COMPLETAS
100
AcDbPolyline
 90
4
 70
1
 10
493.7507
 20
-87.9329
 10
494.3467
 20
-87.9329
 10
494.3467
 20
-86.7389
 10
493.7507
 20
-86.7389
  0
TEXT
  5
142
330
17
100
AcDbEntity
  8
ETIQUETAS
100
AcDbText
 10
494.0487
 20
-87.3359
 30
0.0
 40
0.055
  1
PB-M-080
 72
1
 11
494.0487
 21
-87.3359
 31
0.0
100
AcDbText
 73
2
  0
LWPOLYLINE
  5
143
330
17
100
AcDbEntity
  8
MORET-COMPLETAS
100
AcDbPolyline
 90
4
 70
1
 10
493.1527
 20
-87.9329
 10
493.7487
 20
-87.9329
 10
493.7487
 20
-86.7389
 10
493.1527
 20
-86.7389
  0
TEXT
  5
144
330
17
100
AcDbEntity
  8
ETIQUETAS
100
AcDbText
 10
493.4507
 20
-87.3359
 30
0.0
 40
0.055
  1
PB-M-079
 72
1
 11
493.4507
 21
-87.3359
 31
0.0
100
AcDbText
 73
2
  0
LWPOLYLINE
  5
145
330
17
100
AcDbEntity
  8
MORET-COMPLETAS
100
AcDbPolyline
 90
4
 70
1
 10
492.5547
 20
-87.9329
 10
493.15070000000003
 20
-87.9329
 10
493.15070000000003
 20
-86.7389
 10
492.5547
 20
-86.7389
  0
TEXT
  5
146
330
17
100
AcDbEntity
  8
ETIQUETAS
100
AcDbText
 10
492.8527
 20
-87.3359
 30
0.0
 40
0.055
  1
PB-M-078
 72
1
 11
492.8527
 21
-87.3359
 31
0.0
100
AcDbText
 73
2
  0
LWPOLYLINE
  5
147
330
17
100
AcDbEntity
  8
MORET-COMPLETAS
100
AcDbPolyline
 90
4
 70
1
 10
491.9567
 20
-87.9329
 10
492.5527
 20
-87.9329
 10
492.5527
 20
-86.7389
 10
491.9567
 20
-86.7389
  0
TEXT
  5
148
330
17
100
AcDbEntity
  8
ETIQUETAS
100
AcDbText
 10
492.2547
 20
-87.3359
 30
0.0
 40
0.055
  1
PB-M-077
 72
1
 11
492.2547
 21
-87.3359
 31
0.0
100
AcDbText
 73
2
  0
LWPOLYLINE
  5
149
330
17
100
AcDbEntity
  8
MORET-COMPLETAS
100
AcDbPolyline
 90
4
 70
1
 10
491.3587
 20
-87.9329
 10
491.9547
 20
-87.9329
 10
491.9547
 20
-86.7389
 10
491.3587
 20
-86.7389
  0
TEXT
  5
14A
330
17
100
AcDbEntity
  8
ETIQUETAS
100
AcDbText
 10
491.6567
 20
-87.3359
 30
0.0
 40
0.055
  1
PB-M-076
 72
1
 11
491.6567
 21
-87.3359
 31
0.0
100
AcDbText
 73
2
  0
LWPOLYLINE
  5
14B
330
17
100
AcDbEntity
  8
MORET-COMPLETAS
100
AcDbPolyline
 90
4
 70
1
 10
490.7607
 20
-87.9329
 10
491.3567
 20
-87.9329
 10
491.3567
 20
-86.7389
 10
490.7607
 20
-86.7389
  0
TEXT
  5
14C
330
17
100
AcDbEntity
  8
ETIQUETAS
100
AcDbText
 10
491.0587
 20
-87.3359
 30
0.0
 40
0.055
  1
PB-M-075
 72
1
 11
491.0587
 21
-87.3359
 31
0.0
100
AcDbText
 73
2
  0
LWPOLYLINE
  5
14D
330
17
100
AcDbEntity
  8
MORET-COMPLETAS
100
AcDbPolyline
 90
4
 70
1
 10
490.1627
 20
-87.9329
 10
490.7587
 20
-87.9329
 10
490.7587
 20
-86.7389
 10
490.1627
 20
-86.7389
  0
TEXT
  5
14E
330
17
100
AcDbEntity
  8
ETIQUETAS
100
AcDbText
 10
490.4607
 20
-87.3359
 30
0.0
 40
0.055
  1
PB-M-074
 72
1
 11
490.4607
 21
-87.3359
 31
0.0
100
AcDbText
 73
2
  0
LWPOLYLINE
  5
14F
330
17
100
AcDbEntity
  8
MORET-COMPLETAS
100
AcDbPolyline
 90
4
 70
1
 10
503.3453
 20
-90.2364
 10
503.9413
 20
-90.2364
 10
503.9413
 20
-89.0424
 10
503.3453
 20
-89.0424
  0
TEXT
  5
150
330
17
100
AcDbEntity
  8
ETIQUETAS
100
AcDbText
 10
503.6433
 20
-89.6394
 30
0.0
 40
0.055
  1
PA-M-037
 72
1
 11
503.6433
 21
-89.6394
 31
0.0
100
AcDbText
 73
2
  0
LWPOLYLINE
  5
151
330
17
100
AcDbEntity
  8
MORET-COMPLETAS
100
AcDbPolyline
 90
4
 70
1
 10
503.3453
 20
-91.4324
 10
503.9413
 20
-91.4324
 10
503.9413
 20
-90.2384
 10
503.3453
 20
-90.2384
  0
TEXT
  5
152
330
17
100
AcDbEntity
  8
ETIQUETAS
100
AcDbText
 10
503.6433
 20
-90.8354
 30
0.0
 40
0.055
  1
PA-M-040
 72
1
 11
503.6433
 21
-90.8354
 31
0.0
100
AcDbText
 73
2
  0
LWPOLYLINE
  5
153
330
17
100
AcDbEntity
  8
MORET-COMPLETAS
100
AcDbPolyline
 90
4
 70
1
 10
503.3453
 20
-87.8885
 10
503.9413
 20
-87.8885
 10
503.9413
 20
-86.69449999999999
 10
503.3453
 20
-86.69449999999999
  0
TEXT
  5
154
330
17
100
AcDbEntity
  8
ETIQUETAS
100
AcDbText
 10
503.6433
 20
-87.2915
 30
0.0
 40
0.055
  1
PA-M-021
 72
1
 11
503.6433
 21
-87.2915
 31
0.0
100
AcDbText
 73
2
  0
LWPOLYLINE
  5
155
330
17
100
AcDbEntity
  8
MORET-COMPLETAS
100
AcDbPolyline
 90
4
 70
1
 10
503.3453
 20
-86.6925
 10
503.9413
 20
-86.6925
 10
503.9413
 20
-85.49849999999999
 10
503.3453
 20
-85.49849999999999
  0
TEXT
  5
156
330
17
100
AcDbEntity
  8
ETIQUETAS
100
AcDbText
 10
503.6433
 20
-86.0955
 30
0.0
 40
0.055
  1
PA-M-011
 72
1
 11
503.6433
 21
-86.0955
 31
0.0
100
AcDbText
 73
2
  0
LWPOLYLINE
  5
157
330
17
100
AcDbEntity
  8
MORET-RECORTES
100
AcDbPolyline
 90
6
 70
1
 10
504.4692
 20
-85.0604
 10
505.0652
 20
-85.0604
 10
505.0652
 20
-86.2544
 10
504.5242
 20
-86.2544
 10
504.5242
 20
-85.8604
 10
504.4692
 20
-85.8604
  0
TEXT
  5
158
330
17
100
AcDbEntity
  8
ETIQUETAS
100
AcDbText
 10
504.7672
 20
-85.6574
 30
0.0
 40
0.055
  1
PA-M-005
 72
1
 11
504.7672
 21
-85.6574
 31
0.0
100
AcDbText
 73
2
  0
LWPOLYLINE
  5
159
330
17
100
AcDbEntity
  8
MORET-COMPLETAS
100
AcDbPolyline
 90
4
 70
1
 10
505.0672
 20
-86.2544
 10
505.6632
 20
-86.2544
 10
505.6632
 20
-85.0604
 10
505.0672
 20
-85.0604
  0
TEXT
  5
15A
330
17
100
AcDbEntity
  8
ETIQUETAS
100
AcDbText
 10
505.3652
 20
-85.6574
 30
0.0
 40
0.055
  1
PA-M-006
 72
1
 11
505.3652
 21
-85.6574
 31
0.0
100
AcDbText
 73
2
  0
LWPOLYLINE
  5
15B
330
17
100
AcDbEntity
  8
MORET-COMPLETAS
100
AcDbPolyline
 90
4
 70
1
 10
505.6652
 20
-86.2544
 10
506.26120000000003
 20
-86.2544
 10
506.26120000000003
 20
-85.0604
 10
505.6652
 20
-85.0604
  0
TEXT
  5
15C
330
17
100
AcDbEntity
  8
ETIQUETAS
100
AcDbText
 10
505.9632
 20
-85.6574
 30
0.0
 40
0.055
  1
PA-M-007
 72
1
 11
505.9632
 21
-85.6574
 31
0.0
100
AcDbText
 73
2
  0
LWPOLYLINE
  5
15D
330
17
100
AcDbEntity
  8
MORET-COMPLETAS
100
AcDbPolyline
 90
4
 70
1
 10
494.3487
 20
-92.7169
 10
494.9447
 20
-92.7169
 10
494.9447
 20
-91.52289999999999
 10
494.3487
 20
-91.52289999999999
  0
TEXT
  5
15E
330
17
100
AcDbEntity
  8
ETIQUETAS
100
AcDbText
 10
494.6467
 20
-92.1199
 30
0.0
 40
0.055
  1
PB-M-148
 72
1
 11
494.6467
 21
-92.1199
 31
0.0
100
AcDbText
 73
2
  0
LWPOLYLINE
  5
15F
330
17
100
AcDbEntity
  8
MORET-RECORTES
100
AcDbPolyline
 90
8
 70
1
 10
493.7507
 20
-92.7169
 10
493.7507
 20
-91.5229
 10
494.3467
 20
-91.5229
 10
494.3467
 20
-92.7169
 10
493.9087
 20
-92.7169
 10
493.9087
 20
-92.5304
 10
493.7507
 20
-92.5304
 10
493.7507
 20
-92.7169
  0
TEXT
  5
160
330
17
100
AcDbEntity
  8
ETIQUETAS
100
AcDbText
 10
494.0487
 20
-92.1199
 30
0.0
 40
0.055
  1
PB-M-147
 72
1
 11
494.0487
 21
-92.1199
 31
0.0
100
AcDbText
 73
2
  0
LWPOLYLINE
  5
161
330
17
100
AcDbEntity
  8
MORET-RECORTES
100
AcDbPolyline
 90
8
 70
1
 10
494.9467
 20
-91.5209
 10
494.9467
 20
-90.3404
 10
495.5427
 20
-90.3404
 10
495.5427
 20
-91.5209
 10
495.3887
 20
-91.5209
 10
495.3887
 20
-91.2404
 10
495.2087
 20
-91.2404
 10
495.2087
 20
-91.5209
  0
TEXT
  5
162
330
17
100
AcDbEntity
  8
ETIQUETAS
100
AcDbText
 10
495.2447
 20
-90.9306
 30
0.0
 40
0.055
  1
PB-M-134
 72
1
 11
495.2447
 21
-90.9306
 31
0.0
100
AcDbText
 73
2
  0
LWPOLYLINE
  5
163
330
17
100
AcDbEntity
  8
MORET-RECORTES
100
AcDbPolyline
 90
4
 70
1
 10
503.3453
 20
-89.0404
 10
503.9413
 20
-89.0404
 10
503.9413
 20
-87.8904
 10
503.3453
 20
-87.8904
  0
TEXT
  5
164
330
17
100
AcDbEntity
  8
ETIQUETAS
100
AcDbText
 10
503.6433
 20
-88.4654
 30
0.0
 40
0.055
  1
PA-M-029
 72
1
 11
503.6433
 21
-88.4654
 31
0.0
100
AcDbText
 73
2
  0
LWPOLYLINE
  5
165
330
17
100
AcDbEntity
  8
MORET-RECORTES
100
AcDbPolyline
 90
4
 70
1
 10
502.7473
 20
-89.0404
 10
503.3433
 20
-89.0404
 10
503.3433
 20
-87.8904
 10
502.7473
 20
-87.8904
  0
TEXT
  5
166
330
17
100
AcDbEntity
  8
ETIQUETAS
100
AcDbText
 10
503.0453
 20
-88.4654
 30
0.0
 40
0.055
  1
PA-M-028
 72
1
 11
503.0453
 21
-88.4654
 31
0.0
100
AcDbText
 73
2
  0
LWPOLYLINE
  5
167
330
17
100
AcDbEntity
  8
MORET-RECORTES
100
AcDbPolyline
 90
6
 70
1
 10
496.7387
 20
-84.3449
 10
496.1427
 20
-84.3449
 10
496.1427
 20
-83.2004
 10
496.5087
 20
-83.2004
 10
496.5087
 20
-83.2604
 10
496.7387
 20
-83.2604
  0
TEXT
  5
168
330
17
100
AcDbEntity
  8
ETIQUETAS
100
AcDbText
 10
496.4407
 20
-83.7726
 30
0.0
 40
0.055
  1
PB-M-039
 72
1
 11
496.4407
 21
-83.7726
 31
0.0
100
AcDbText
 73
2
  0
LWPOLYLINE
  5
169
330
17
100
AcDbEntity
  8
MORET-RECORTES
100
AcDbPolyline
 90
4
 70
1
 10
495.5447
 20
-84.3449
 10
496.1407
 20
-84.3449
 10
496.1407
 20
-83.2004
 10
495.5447
 20
-83.2004
  0
TEXT
  5
16A
330
17
100
AcDbEntity
  8
ETIQUETAS
100
AcDbText
 10
495.8427
 20
-83.7726
 30
0.0
 40
0.055
  1
PB-M-038
 72
1
 11
495.8427
 21
-83.7726
 31
0.0
100
AcDbText
 73
2
  0
LWPOLYLINE
  5
16B
330
17
100
AcDbEntity
  8
MORET-RECORTES
100
AcDbPolyline
 90
4
 70
1
 10
494.9467
 20
-84.3449
 10
495.5427
 20
-84.3449
 10
495.5427
 20
-83.2004
 10
494.9467
 20
-83.2004
  0
TEXT
  5
16C
330
17
100
AcDbEntity
  8
ETIQUETAS
100
AcDbText
 10
495.2447
 20
-83.7726
 30
0.0
 40
0.055
  1
PB-M-037
 72
1
 11
495.2447
 21
-83.7726
 31
0.0
100
AcDbText
 73
2
  0
LWPOLYLINE
  5
16D
330
17
100
AcDbEntity
  8
MORET-RECORTES
100
AcDbPolyline
 90
4
 70
1
 10
494.3487
 20
-84.3449
 10
494.9447
 20
-84.3449
 10
494.9447
 20
-83.2004
 10
494.3487
 20
-83.2004
  0
TEXT
  5
16E
330
17
100
AcDbEntity
  8
ETIQUETAS
100
AcDbText
 10
494.6467
 20
-83.7726
 30
0.0
 40
0.055
  1
PB-M-036
 72
1
 11
494.6467
 21
-83.7726
 31
0.0
100
AcDbText
 73
2
  0
LWPOLYLINE
  5
16F
330
17
100
AcDbEntity
  8
MORET-RECORTES
100
AcDbPolyline
 90
8
 70
1
 10
494.3467
 20
-83.2004
 10
494.3467
 20
-84.3449
 10
493.7507
 20
-84.3449
 10
493.7507
 20
-83.2004
 10
493.7507
 20
-83.2004
 10
493.7507
 20
-83.2604
 10
494.0587
 20
-83.2604
 10
494.0587
 20
-83.2004
  0
TEXT
  5
170
330
17
100
AcDbEntity
  8
ETIQUETAS
100
AcDbText
 10
494.0487
 20
-83.7726
 30
0.0
 40
0.055
  1
PB-M-035
 72
1
 11
494.0487
 21
-83.7726
 31
0.0
100
AcDbText
 73
2
  0
LWPOLYLINE
  5
171
330
17
100
AcDbEntity
  8
MORET-RECORTES
100
AcDbPolyline
 90
6
 70
1
 10
493.1507
 20
-84.3449
 10
492.5547
 20
-84.3449
 10
492.5547
 20
-83.2004
 10
493.0587
 20
-83.2004
 10
493.0587
 20
-83.2604
 10
493.1507
 20
-83.2604
  0
TEXT
  5
172
330
17
100
AcDbEntity
  8
ETIQUETAS
100
AcDbText
 10
492.8527
 20
-83.7726
 30
0.0
 40
0.055
  1
PB-M-034
 72
1
 11
492.8527
 21
-83.7726
 31
0.0
100
AcDbText
 73
2
  0
LWPOLYLINE
  5
173
330
17
100
AcDbEntity
  8
MORET-RECORTES
100
AcDbPolyline
 90
4
 70
1
 10
491.9567
 20
-84.3449
 10
492.5527
 20
-84.3449
 10
492.5527
 20
-83.2004
 10
491.9567
 20
-83.2004
  0
TEXT
  5
174
330
17
100
AcDbEntity
  8
ETIQUETAS
100
AcDbText
 10
492.2547
 20
-83.7726
 30
0.0
 40
0.055
  1
PB-M-033
 72
1
 11
492.2547
 21
-83.7726
 31
0.0
100
AcDbText
 73
2
  0
LWPOLYLINE
  5
175
330
17
100
AcDbEntity
  8
MORET-RECORTES
100
AcDbPolyline
 90
4
 70
1
 10
491.3587
 20
-84.3449
 10
491.9547
 20
-84.3449
 10
491.9547
 20
-83.2004
 10
491.3587
 20
-83.2004
  0
TEXT
  5
176
330
17
100
AcDbEntity
  8
ETIQUETAS
100
AcDbText
 10
491.6567
 20
-83.7726
 30
0.0
 40
0.055
  1
PB-M-032
 72
1
 11
491.6567
 21
-83.7726
 31
0.0
100
AcDbText
 73
2
  0
LWPOLYLINE
  5
177
330
17
100
AcDbEntity
  8
MORET-RECORTES
100
AcDbPolyline
 90
4
 70
1
 10
490.7607
 20
-84.3449
 10
491.3567
 20
-84.3449
 10
491.3567
 20
-83.2004
 10
490.7607
 20
-83.2004
  0
TEXT
  5
178
330
17
100
AcDbEntity
  8
ETIQUETAS
100
AcDbText
 10
491.0587
 20
-83.7726
 30
0.0
 40
0.055
  1
PB-M-031
 72
1
 11
491.0587
 21
-83.7726
 31
0.0
100
AcDbText
 73
2
  0
LWPOLYLINE
  5
179
330
17
100
AcDbEntity
  8
MORET-RECORTES
100
AcDbPolyline
 90
4
 70
1
 10
490.1627
 20
-84.3449
 10
490.7587
 20
-84.3449
 10
490.7587
 20
-83.2004
 10
490.1627
 20
-83.2004
  0
TEXT
  5
17A
330
17
100
AcDbEntity
  8
ETIQUETAS
100
AcDbText
 10
490.4607
 20
-83.7726
 30
0.0
 40
0.055
  1
PB-M-030
 72
1
 11
490.4607
 21
-83.7726
 31
0.0
100
AcDbText
 73
2
  0
LWPOLYLINE
  5
17B
330
17
100
AcDbEntity
  8
MORET-RECORTES
100
AcDbPolyline
 90
4
 70
1
 10
489.5647
 20
-84.3449
 10
489.5647
 20
-83.2
 10
490.1607
 20
-83.2
 10
490.1607
 20
-84.3449
  0
TEXT
  5
17C
330
17
100
AcDbEntity
  8
ETIQUETAS
100
AcDbText
 10
489.8627
 20
-83.7724
 30
0.0
 40
0.055
  1
PB-M-029
 72
1
 11
489.8627
 21
-83.7724
 31
0.0
100
AcDbText
 73
2
  0
LWPOLYLINE
  5
17D
330
17
100
AcDbEntity
  8
MORET-RECORTES
100
AcDbPolyline
 90
4
 70
1
 10
496.7407
 20
-87.8604
 10
497.3367
 20
-87.8604
 10
497.3367
 20
-86.7389
 10
496.7407
 20
-86.7389
  0
TEXT
  5
17E
330
17
100
AcDbEntity
  8
ETIQUETAS
100
AcDbText
 10
497.0387
 20
-87.2996
 30
0.0
 40
0.055
  1
PB-M-071
 72
1
 11
497.0387
 21
-87.2996
 31
0.0
100
AcDbText
 73
2
  0
LWPOLYLINE
  5
17F
330
17
100
AcDbEntity
  8
MORET-RECORTES
100
AcDbPolyline
 90
4
 70
1
 10
495.5447
 20
-91.4604
 10
496.1407
 20
-91.4604
 10
496.1407
 20
-90.3404
 10
495.5447
 20
-90.3404
  0
TEXT
  5
180
330
17
100
AcDbEntity
  8
ETIQUETAS
100
AcDbText
 10
495.8427
 20
-90.9004
 30
0.0
 40
0.055
  1
PB-M-120
 72
1
 11
495.8427
 21
-90.9004
 31
0.0
100
AcDbText
 73
2
  0
LWPOLYLINE
  5
181
330
17
100
AcDbEntity
  8
MORET-RECORTES
100
AcDbPolyline
 90
4
 70
1
 10
496.7407
 20
-91.4604
 10
497.3367
 20
-91.4604
 10
497.3367
 20
-90.3404
 10
496.7407
 20
-90.3404
  0
TEXT
  5
182
330
17
100
AcDbEntity
  8
ETIQUETAS
100
AcDbText
 10
497.0387
 20
-90.9004
 30
0.0
 40
0.055
  1
PB-M-123
 72
1
 11
497.0387
 21
-90.9004
 31
0.0
100
AcDbText
 73
2
  0
LWPOLYLINE
  5
183
330
17
100
AcDbEntity
  8
MORET-RECORTES
100
AcDbPolyline
 90
6
 70
1
 10
496.1427
 20
-83.1204
 10
496.1427
 20
-82.0064
 10
496.7387
 20
-82.0064
 10
496.7387
 20
-83.0804
 10
496.5087
 20
-83.0804
 10
496.5087
 20
-83.1204
  0
TEXT
  5
184
330
17
100
AcDbEntity
  8
ETIQUETAS
100
AcDbText
 10
496.4407
 20
-82.5634
 30
0.0
 40
0.055
  1
PB-M-028
 72
1
 11
496.4407
 21
-82.5634
 31
0.0
100
AcDbText
 73
2
  0
LWPOLYLINE
  5
185
330
17
100
AcDbEntity
  8
MORET-RECORTES
100
AcDbPolyline
 90
4
 70
1
 10
495.5447
 20
-83.1204
 10
496.1407
 20
-83.1204
 10
496.1407
 20
-82.0064
 10
495.5447
 20
-82.0064
  0
TEXT
  5
186
330
17
100
AcDbEntity
  8
ETIQUETAS
100
AcDbText
 10
495.8427
 20
-82.5634
 30
0.0
 40
0.055
  1
PB-M-027
 72
1
 11
495.8427
 21
-82.5634
 31
0.0
100
AcDbText
 73
2
  0
LWPOLYLINE
  5
187
330
17
100
AcDbEntity
  8
MORET-RECORTES
100
AcDbPolyline
 90
4
 70
1
 10
494.9467
 20
-83.1204
 10
495.5427
 20
-83.1204
 10
495.5427
 20
-82.0064
 10
494.9467
 20
-82.0064
  0
TEXT
  5
188
330
17
100
AcDbEntity
  8
ETIQUETAS
100
AcDbText
 10
495.2447
 20
-82.5634
 30
0.0
 40
0.055
  1
PB-M-026
 72
1
 11
495.2447
 21
-82.5634
 31
0.0
100
AcDbText
 73
2
  0
LWPOLYLINE
  5
189
330
17
100
AcDbEntity
  8
MORET-RECORTES
100
AcDbPolyline
 90
4
 70
1
 10
494.3487
 20
-83.1204
 10
494.9447
 20
-83.1204
 10
494.9447
 20
-82.0064
 10
494.3487
 20
-82.0064
  0
TEXT
  5
18A
330
17
100
AcDbEntity
  8
ETIQUETAS
100
AcDbText
 10
494.6467
 20
-82.5634
 30
0.0
 40
0.055
  1
PB-M-025
 72
1
 11
494.6467
 21
-82.5634
 31
0.0
100
AcDbText
 73
2
  0
LWPOLYLINE
  5
18B
330
17
100
AcDbEntity
  8
MORET-RECORTES
100
AcDbPolyline
 90
6
 70
1
 10
493.7507
 20
-82.0064
 10
494.3467
 20
-82.0064
 10
494.3467
 20
-83.1204
 10
494.0587
 20
-83.1204
 10
494.0587
 20
-83.0804
 10
493.7507
 20
-83.0804
  0
TEXT
  5
18C
330
17
100
AcDbEntity
  8
ETIQUETAS
100
AcDbText
 10
494.0487
 20
-82.5634
 30
0.0
 40
0.055
  1
PB-M-024
 72
1
 11
494.0487
 21
-82.5634
 31
0.0
100
AcDbText
 73
2
  0
LWPOLYLINE
  5
18D
330
17
100
AcDbEntity
  8
MORET-RECORTES
100
AcDbPolyline
 90
8
 70
1
 10
492.5547
 20
-83.1204
 10
492.5547
 20
-82.0064
 10
493.1507
 20
-82.0064
 10
493.1507
 20
-83.1204
 10
493.1507
 20
-83.1204
 10
493.1507
 20
-83.0804
 10
493.0587
 20
-83.0804
 10
493.0587
 20
-83.1204
  0
TEXT
  5
18E
330
17
100
AcDbEntity
  8
ETIQUETAS
100
AcDbText
 10
492.8527
 20
-82.5634
 30
0.0
 40
0.055
  1
PB-M-023
 72
1
 11
492.8527
 21
-82.5634
 31
0.0
100
AcDbText
 73
2
  0
LWPOLYLINE
  5
18F
330
17
100
AcDbEntity
  8
MORET-RECORTES
100
AcDbPolyline
 90
4
 70
1
 10
491.9567
 20
-83.1204
 10
492.5527
 20
-83.1204
 10
492.5527
 20
-82.0064
 10
491.9567
 20
-82.0064
  0
TEXT
  5
190
330
17
100
AcDbEntity
  8
ETIQUETAS
100
AcDbText
 10
492.2547
 20
-82.5634
 30
0.0
 40
0.055
  1
PB-M-022
 72
1
 11
492.2547
 21
-82.5634
 31
0.0
100
AcDbText
 73
2
  0
LWPOLYLINE
  5
191
330
17
100
AcDbEntity
  8
MORET-RECORTES
100
AcDbPolyline
 90
4
 70
1
 10
491.3587
 20
-83.1204
 10
491.9547
 20
-83.1204
 10
491.9547
 20
-82.0064
 10
491.3587
 20
-82.0064
  0
TEXT
  5
192
330
17
100
AcDbEntity
  8
ETIQUETAS
100
AcDbText
 10
491.6567
 20
-82.5634
 30
0.0
 40
0.055
  1
PB-M-021
 72
1
 11
491.6567
 21
-82.5634
 31
0.0
100
AcDbText
 73
2
  0
LWPOLYLINE
  5
193
330
17
100
AcDbEntity
  8
MORET-RECORTES
100
AcDbPolyline
 90
4
 70
1
 10
490.7607
 20
-83.1204
 10
491.3567
 20
-83.1204
 10
491.3567
 20
-82.0064
 10
490.7607
 20
-82.0064
  0
TEXT
  5
194
330
17
100
AcDbEntity
  8
ETIQUETAS
100
AcDbText
 10
491.0587
 20
-82.5634
 30
0.0
 40
0.055
  1
PB-M-020
 72
1
 11
491.0587
 21
-82.5634
 31
0.0
100
AcDbText
 73
2
  0
LWPOLYLINE
  5
195
330
17
100
AcDbEntity
  8
MORET-RECORTES
100
AcDbPolyline
 90
4
 70
1
 10
490.1627
 20
-83.1204
 10
490.7587
 20
-83.1204
 10
490.7587
 20
-82.0064
 10
490.1627
 20
-82.0064
  0
TEXT
  5
196
330
17
100
AcDbEntity
  8
ETIQUETAS
100
AcDbText
 10
490.4607
 20
-82.5634
 30
0.0
 40
0.055
  1
PB-M-019
 72
1
 11
490.4607
 21
-82.5634
 31
0.0
100
AcDbText
 73
2
  0
LWPOLYLINE
  5
197
330
17
100
AcDbEntity
  8
MORET-RECORTES
100
AcDbPolyline
 90
6
 70
1
 10
489.5647
 20
-82.0064
 10
490.1607
 20
-82.0064
 10
490.1607
 20
-83.1204
 10
490.1087
 20
-83.1204
 10
490.1087
 20
-83.0804
 10
489.5647
 20
-83.0804
  0
TEXT
  5
198
330
17
100
AcDbEntity
  8
ETIQUETAS
100
AcDbText
 10
489.8627
 20
-82.5634
 30
0.0
 40
0.055
  1
PB-M-018
 72
1
 11
489.8627
 21
-82.5634
 31
0.0
100
AcDbText
 73
2
  0
LWPOLYLINE
  5
199
330
17
100
AcDbEntity
  8
MORET-RECORTES
100
AcDbPolyline
 90
4
 70
1
 10
496.1427
 20
-92.5304
 10
496.7387
 20
-92.5304
 10
496.7387
 20
-91.4624
 10
496.1427
 20
-91.4624
  0
TEXT
  5
19A
330
17
100
AcDbEntity
  8
ETIQUETAS
100
AcDbText
 10
496.4407
 20
-91.9964
 30
0.0
 40
0.055
  1
PB-M-136
 72
1
 11
496.4407
 21
-91.9964
 31
0.0
100
AcDbText
 73
2
  0
LWPOLYLINE
  5
19B
330
17
100
AcDbEntity
  8
MORET-RECORTES
100
AcDbPolyline
 90
4
 70
1
 10
495.5447
 20
-92.5304
 10
496.1407
 20
-92.5304
 10
496.1407
 20
-91.4624
 10
495.5447
 20
-91.4624
  0
TEXT
  5
19C
330
17
100
AcDbEntity
  8
ETIQUETAS
100
AcDbText
 10
495.8427
 20
-91.9964
 30
0.0
 40
0.055
  1
PB-M-135
 72
1
 11
495.8427
 21
-91.9964
 31
0.0
100
AcDbText
 73
2
  0
LWPOLYLINE
  5
19D
330
17
100
AcDbEntity
  8
MORET-RECORTES
100
AcDbPolyline
 90
4
 70
1
 10
496.7407
 20
-92.5304
 10
497.3367
 20
-92.5304
 10
497.3367
 20
-91.4624
 10
496.7407
 20
-91.4624
  0
TEXT
  5
19E
330
17
100
AcDbEntity
  8
ETIQUETAS
100
AcDbText
 10
497.0387
 20
-91.9964
 30
0.0
 40
0.055
  1
PB-M-137
 72
1
 11
497.0387
 21
-91.9964
 31
0.0
100
AcDbText
 73
2
  0
LWPOLYLINE
  5
19F
330
17
100
AcDbEntity
  8
MORET-RECORTES
100
AcDbPolyline
 90
4
 70
1
 10
496.7407
 20
-89.7194
 10
497.3367
 20
-89.7194
 10
497.3367
 20
-88.6104
 10
496.7407
 20
-88.6104
  0
TEXT
  5
1A0
330
17
100
AcDbEntity
  8
ETIQUETAS
100
AcDbText
 10
497.0387
 20
-89.1649
 30
0.0
 40
0.055
  1
PB-M-103
 72
1
 11
497.0387
 21
-89.1649
 31
0.0
100
AcDbText
 73
2
  0
LWPOLYLINE
  5
1A1
330
17
100
AcDbEntity
  8
MORET-RECORTES
100
AcDbPolyline
 90
4
 70
1
 10
506.6062
 20
-89.7304
 10
507.2022
 20
-89.7304
 10
507.2022
 20
-88.6264
 10
506.6062
 20
-88.6264
  0
TEXT
  5
1A2
330
17
100
AcDbEntity
  8
ETIQUETAS
100
AcDbText
 10
506.9042
 20
-89.1784
 30
0.0
 40
0.055
  1
PA-M-031
 72
1
 11
506.9042
 21
-89.1784
 31
0.0
100
AcDbText
 73
2
  0
LWPOLYLINE
  5
1A3
330
17
100
AcDbEntity
  8
MORET-RECORTES
100
AcDbPolyline
 90
4
 70
1
 10
504.2142
 20
-89.7304
 10
504.8102
 20
-89.7304
 10
504.8102
 20
-88.6264
 10
504.2142
 20
-88.6264
  0
TEXT
  5
1A4
330
17
100
AcDbEntity
  8
ETIQUETAS
100
AcDbText
 10
504.5122
 20
-89.1784
 30
0.0
 40
0.055
  1
PA-M-030
 72
1
 11
504.5122
 21
-89.1784
 31
0.0
100
AcDbText
 73
2
  0
LWPOLYLINE
  5
1A5
330
17
100
AcDbEntity
  8
MORET-RECORTES
100
AcDbPolyline
 90
4
 70
1
 10
507.2042
 20
-89.7304
 10
507.8002
 20
-89.7304
 10
507.8002
 20
-88.6264
 10
507.2042
 20
-88.6264
  0
TEXT
  5
1A6
330
17
100
AcDbEntity
  8
ETIQUETAS
100
AcDbText
 10
507.5022
 20
-89.1784
 30
0.0
 40
0.055
  1
PA-M-032
 72
1
 11
507.5022
 21
-89.1784
 31
0.0
100
AcDbText
 73
2
  0
LWPOLYLINE
  5
1A7
330
17
100
AcDbEntity
  8
MORET-RECORTES
100
AcDbPolyline
 90
4
 70
1
 10
502.7473
 20
-92.5304
 10
503.3433
 20
-92.5304
 10
503.3433
 20
-91.4344
 10
502.7473
 20
-91.4344
  0
TEXT
  5
1A8
330
17
100
AcDbEntity
  8
ETIQUETAS
100
AcDbText
 10
503.0453
 20
-91.9824
 30
0.0
 40
0.055
  1
PA-M-041
 72
1
 11
503.0453
 21
-91.9824
 31
0.0
100
AcDbText
 73
2
  0
LWPOLYLINE
  5
1A9
330
17
100
AcDbEntity
  8
MORET-RECORTES
100
AcDbPolyline
 90
4
 70
1
 10
503.3453
 20
-92.5304
 10
503.9413
 20
-92.5304
 10
503.9413
 20
-91.4344
 10
503.3453
 20
-91.4344
  0
TEXT
  5
1AA
330
17
100
AcDbEntity
  8
ETIQUETAS
100
AcDbText
 10
503.6433
 20
-91.9824
 30
0.0
 40
0.055
  1
PA-M-042
 72
1
 11
503.6433
 21
-91.9824
 31
0.0
100
AcDbText
 73
2
  0
LWPOLYLINE
  5
1AB
330
17
100
AcDbEntity
  8
MORET-RECORTES
100
AcDbPolyline
 90
4
 70
1
 10
493.1527
 20
-84.3449
 10
493.7487
 20
-84.3449
 10
493.7487
 20
-83.26039999999999
 10
493.1527
 20
-83.26039999999999
  0
TEXT
  5
1AC
330
17
100
AcDbEntity
  8
ETIQUETAS
100
AcDbText
 10
493.4507
 20
-83.8026
 30
0.0
 40
0.055
  1
PB-M-040
 72
1
 11
493.4507
 21
-83.8026
 31
0.0
100
AcDbText
 73
2
  0
LWPOLYLINE
  5
1AD
330
17
100
AcDbEntity
  8
MORET-RECORTES
100
AcDbPolyline
 90
4
 70
1
 10
496.7407
 20
-84.3449
 10
497.3367
 20
-84.3449
 10
497.3367
 20
-83.26039999999999
 10
496.7407
 20
-83.26039999999999
  0
TEXT
  5
1AE
330
17
100
AcDbEntity
  8
ETIQUETAS
100
AcDbText
 10
497.0387
 20
-83.8026
 30
0.0
 40
0.055
  1
PB-M-041
 72
1
 11
497.0387
 21
-83.8026
 31
0.0
100
AcDbText
 73
2
  0
LWPOLYLINE
  5
1AF
330
17
100
AcDbEntity
  8
MORET-RECORTES
100
AcDbPolyline
 90
4
 70
1
 10
493.1527
 20
-83.0804
 10
493.7487
 20
-83.0804
 10
493.7487
 20
-82.0064
 10
493.1527
 20
-82.0064
  0
TEXT
  5
1B0
330
17
100
AcDbEntity
  8
ETIQUETAS
100
AcDbText
 10
493.4507
 20
-82.5434
 30
0.0
 40
0.055
  1
PB-M-015
 72
1
 11
493.4507
 21
-82.5434
 31
0.0
100
AcDbText
 73
2
  0
LWPOLYLINE
  5
1B1
330
17
100
AcDbEntity
  8
MORET-RECORTES
100
AcDbPolyline
 90
4
 70
1
 10
496.7407
 20
-83.0804
 10
497.3367
 20
-83.0804
 10
497.3367
 20
-82.0064
 10
496.7407
 20
-82.0064
  0
TEXT
  5
1B2
330
17
100
AcDbEntity
  8
ETIQUETAS
100
AcDbText
 10
497.0387
 20
-82.5434
 30
0.0
 40
0.055
  1
PB-M-016
 72
1
 11
497.0387
 21
-82.5434
 31
0.0
100
AcDbText
 73
2
  0
LWPOLYLINE
  5
1B3
330
17
100
AcDbEntity
  8
MORET-RECORTES
100
AcDbPolyline
 90
4
 70
1
 10
493.1527
 20
-92.5304
 10
493.7487
 20
-92.5304
 10
493.7487
 20
-91.5229
 10
493.1527
 20
-91.5229
  0
TEXT
  5
1B4
330
17
100
AcDbEntity
  8
ETIQUETAS
100
AcDbText
 10
493.4507
 20
-92.0267
 30
0.0
 40
0.055
  1
PB-M-146
 72
1
 11
493.4507
 21
-92.0267
 31
0.0
100
AcDbText
 73
2
  0
LWPOLYLINE
  5
1B5
330
17
100
AcDbEntity
  8
MORET-RECORTES
100
AcDbPolyline
 90
4
 70
1
 10
492.5547
 20
-92.5304
 10
493.15070000000003
 20
-92.5304
 10
493.15070000000003
 20
-91.5229
 10
492.5547
 20
-91.5229
  0
TEXT
  5
1B6
330
17
100
AcDbEntity
  8
ETIQUETAS
100
AcDbText
 10
492.8527
 20
-92.0267
 30
0.0
 40
0.055
  1
PB-M-145
 72
1
 11
492.8527
 21
-92.0267
 31
0.0
100
AcDbText
 73
2
  0
LWPOLYLINE
  5
1B7
330
17
100
AcDbEntity
  8
MORET-RECORTES
100
AcDbPolyline
 90
4
 70
1
 10
491.9567
 20
-92.5304
 10
492.5527
 20
-92.5304
 10
492.5527
 20
-91.5229
 10
491.9567
 20
-91.5229
  0
TEXT
  5
1B8
330
17
100
AcDbEntity
  8
ETIQUETAS
100
AcDbText
 10
492.2547
 20
-92.0267
 30
0.0
 40
0.055
  1
PB-M-144
 72
1
 11
492.2547
 21
-92.0267
 31
0.0
100
AcDbText
 73
2
  0
LWPOLYLINE
  5
1B9
330
17
100
AcDbEntity
  8
MORET-RECORTES
100
AcDbPolyline
 90
4
 70
1
 10
491.3587
 20
-92.53
 10
491.9547
 20
-92.53
 10
491.9547
 20
-91.5229
 10
491.3587
 20
-91.5229
  0
TEXT
  5
1BA
330
17
100
AcDbEntity
  8
ETIQUETAS
100
AcDbText
 10
491.6567
 20
-92.0264
 30
0.0
 40
0.055
  1
PB-M-143
 72
1
 11
491.6567
 21
-92.0264
 31
0.0
100
AcDbText
 73
2
  0
LWPOLYLINE
  5
1BB
330
17
100
AcDbEntity
  8
MORET-RECORTES
100
AcDbPolyline
 90
4
 70
1
 10
490.7607
 20
-92.53
 10
491.3567
 20
-92.53
 10
491.3567
 20
-91.5229
 10
490.7607
 20
-91.5229
  0
TEXT
  5
1BC
330
17
100
AcDbEntity
  8
ETIQUETAS
100
AcDbText
 10
491.0587
 20
-92.0264
 30
0.0
 40
0.055
  1
PB-M-142
 72
1
 11
491.0587
 21
-92.0264
 31
0.0
100
AcDbText
 73
2
  0
LWPOLYLINE
  5
1BD
330
17
100
AcDbEntity
  8
MORET-RECORTES
100
AcDbPolyline
 90
4
 70
1
 10
490.1627
 20
-92.53
 10
490.7587
 20
-92.53
 10
490.7587
 20
-91.5229
 10
490.1627
 20
-91.5229
  0
TEXT
  5
1BE
330
17
100
AcDbEntity
  8
ETIQUETAS
100
AcDbText
 10
490.4607
 20
-92.0264
 30
0.0
 40
0.055
  1
PB-M-141
 72
1
 11
490.4607
 21
-92.0264
 31
0.0
100
AcDbText
 73
2
  0
LWPOLYLINE
  5
1BF
330
17
100
AcDbEntity
  8
MORET-RECORTES
100
AcDbPolyline
 90
4
 70
1
 10
489.5647
 20
-92.53
 10
490.1607
 20
-92.53
 10
490.1607
 20
-91.5229
 10
489.5647
 20
-91.5229
  0
TEXT
  5
1C0
330
17
100
AcDbEntity
  8
ETIQUETAS
100
AcDbText
 10
489.8627
 20
-92.0264
 30
0.0
 40
0.055
  1
PB-M-140
 72
1
 11
489.8627
 21
-92.0264
 31
0.0
100
AcDbText
 73
2
  0
LWPOLYLINE
  5
1C1
330
17
100
AcDbEntity
  8
MORET-RECORTES
100
AcDbPolyline
 90
6
 70
1
 10
503.9433
 20
-86.5604
 10
503.9433
 20
-85.4984
 10
504.4672
 20
-85.4984
 10
504.4672
 20
-85.8604
 10
504.3442
 20
-85.8604
 10
504.3442
 20
-86.5604
  0
TEXT
  5
1C2
330
17
100
AcDbEntity
  8
ETIQUETAS
100
AcDbText
 10
504.2053
 20
-86.0294
 30
0.0
 40
0.055
  1
PA-M-009
 72
1
 11
504.2053
 21
-86.0294
 31
0.0
100
AcDbText
 73
2
  0
LWPOLYLINE
  5
1C3
330
17
100
AcDbEntity
  8
MORET-RECORTES
100
AcDbPolyline
 90
4
 70
1
 10
497.3387
 20
-82.0044
 10
497.75870000000003
 20
-82.0044
 10
497.75870000000003
 20
-80.8104
 10
497.3387
 20
-80.8104
  0
TEXT
  5
1C4
330
17
100
AcDbEntity
  8
ETIQUETAS
100
AcDbText
 10
497.5487
 20
-81.4074
 30
0.0
 40
0.055
  1
PB-M-014
 72
1
 11
497.5487
 21
-81.4074
 31
0.0
100
AcDbText
 73
2
  0
LWPOLYLINE
  5
1C5
330
17
100
AcDbEntity
  8
MORET-RECORTES
100
AcDbPolyline
 90
6
 70
1
 10
497.3387
 20
-89.7194
 10
497.3387
 20
-88.6104
 10
497.7587
 20
-88.6104
 10
497.7587
 20
-89.3604
 10
497.6387
 20
-89.3604
 10
497.6387
 20
-89.7194
  0
TEXT
  5
1C6
330
17
100
AcDbEntity
  8
ETIQUETAS
100
AcDbText
 10
497.5487
 20
-89.1649
 30
0.0
 40
0.055
  1
PB-M-104
 72
1
 11
497.5487
 21
-89.1649
 31
0.0
100
AcDbText
 73
2
  0
LWPOLYLINE
  5
1C7
330
17
100
AcDbEntity
  8
MORET-RECORTES
100
AcDbPolyline
 90
4
 70
1
 10
506.0082
 20
-87.4284
 10
506.2242
 20
-87.4284
 10
506.2242
 20
-86.7404
 10
506.0082
 20
-86.7404
  0
TEXT
  5
1C8
330
17
100
AcDbEntity
  8
ETIQUETAS
100
AcDbText
 10
506.1162
 20
-87.0844
 30
0.0
 40
0.04752
  1
PA-M-019
 72
1
 11
506.1162
 21
-87.0844
 31
0.0
100
AcDbText
 73
2
  0
LWPOLYLINE
  5
1C9
330
17
100
AcDbEntity
  8
MORET-RECORTES
100
AcDbPolyline
 90
4
 70
1
 10
497.3387
 20
-83.0804
 10
497.75870000000003
 20
-83.0804
 10
497.75870000000003
 20
-82.0064
 10
497.3387
 20
-82.0064
  0
TEXT
  5
1CA
330
17
100
AcDbEntity
  8
ETIQUETAS
100
AcDbText
 10
497.5487
 20
-82.5434
 30
0.0
 40
0.055
  1
PB-M-017
 72
1
 11
497.5487
 21
-82.5434
 31
0.0
100
AcDbText
 73
2
  0
LWPOLYLINE
  5
1CB
330
17
100
AcDbEntity
  8
MORET-RECORTES
100
AcDbPolyline
 90
4
 70
1
 10
506.2632
 20
-86.2544
 10
506.6142
 20
-86.2544
 10
506.6142
 20
-85.0604
 10
506.2632
 20
-85.0604
  0
TEXT
  5
1CC
330
17
100
AcDbEntity
  8
ETIQUETAS
100
AcDbText
 10
506.4387
 20
-85.6574
 30
0.0
 40
0.055
  1
PA-M-008
 72
1
 11
506.4387
 21
-85.6574
 31
0.0
100
AcDbText
 73
2
  0
LWPOLYLINE
  5
1CD
330
17
100
AcDbEntity
  8
MORET-RECORTES
100
AcDbPolyline
 90
4
 70
1
 10
504.2142
 20
-87.4284
 10
504.8102
 20
-87.4284
 10
504.8102
 20
-86.7404
 10
504.2142
 20
-86.7404
  0
TEXT
  5
1CE
330
17
100
AcDbEntity
  8
ETIQUETAS
100
AcDbText
 10
504.5122
 20
-87.0844
 30
0.0
 40
0.055
  1
PA-M-016
 72
1
 11
504.5122
 21
-87.0844
 31
0.0
100
AcDbText
 73
2
  0
LWPOLYLINE
  5
1CF
330
17
100
AcDbEntity
  8
MORET-RECORTES
100
AcDbPolyline
 90
4
 70
1
 10
504.8122
 20
-87.4284
 10
505.4082
 20
-87.4284
 10
505.4082
 20
-86.7404
 10
504.8122
 20
-86.7404
  0
TEXT
  5
1D0
330
17
100
AcDbEntity
  8
ETIQUETAS
100
AcDbText
 10
505.1102
 20
-87.0844
 30
0.0
 40
0.055
  1
PA-M-017
 72
1
 11
505.1102
 21
-87.0844
 31
0.0
100
AcDbText
 73
2
  0
LWPOLYLINE
  5
1D1
330
17
100
AcDbEntity
  8
MORET-RECORTES
100
AcDbPolyline
 90
4
 70
1
 10
505.4102
 20
-87.4284
 10
506.0062
 20
-87.4284
 10
506.0062
 20
-86.7404
 10
505.4102
 20
-86.7404
  0
TEXT
  5
1D2
330
17
100
AcDbEntity
  8
ETIQUETAS
100
AcDbText
 10
505.7082
 20
-87.0844
 30
0.0
 40
0.055
  1
PA-M-018
 72
1
 11
505.7082
 21
-87.0844
 31
0.0
100
AcDbText
 73
2
  0
LWPOLYLINE
  5
1D3
330
17
100
AcDbEntity
  8
MORET-RECORTES
100
AcDbPolyline
 90
4
 70
1
 10
506.6062
 20
-88.6244
 10
507.2022
 20
-88.6244
 10
507.2022
 20
-87.9404
 10
506.6062
 20
-87.9404
  0
TEXT
  5
1D4
330
17
100
AcDbEntity
  8
ETIQUETAS
100
AcDbText
 10
506.9042
 20
-88.2824
 30
0.0
 40
0.055
  1
PA-M-026
 72
1
 11
506.9042
 21
-88.2824
 31
0.0
100
AcDbText
 73
2
  0
LWPOLYLINE
  5
1D5
330
17
100
AcDbEntity
  8
MORET-RECORTES
100
AcDbPolyline
 90
4
 70
1
 10
507.2042
 20
-88.6244
 10
507.8002
 20
-88.6244
 10
507.8002
 20
-87.9404
 10
507.2042
 20
-87.9404
  0
TEXT
  5
1D6
330
17
100
AcDbEntity
  8
ETIQUETAS
100
AcDbText
 10
507.5022
 20
-88.2824
 30
0.0
 40
0.055
  1
PA-M-027
 72
1
 11
507.5022
 21
-88.2824
 31
0.0
100
AcDbText
 73
2
  0
LWPOLYLINE
  5
1D7
330
17
100
AcDbEntity
  8
MORET-RECORTES
100
AcDbPolyline
 90
4
 70
1
 10
496.1427
 20
-88.5234
 10
496.7387
 20
-88.5234
 10
496.7387
 20
-87.9349
 10
496.1427
 20
-87.9349
  0
TEXT
  5
1D8
330
17
100
AcDbEntity
  8
ETIQUETAS
100
AcDbText
 10
496.4407
 20
-88.2291
 30
0.0
 40
0.055
  1
PB-M-089
 72
1
 11
496.4407
 21
-88.2291
 31
0.0
100
AcDbText
 73
2
  0
LWPOLYLINE
  5
1D9
330
17
100
AcDbEntity
  8
MORET-RECORTES
100
AcDbPolyline
 90
4
 70
1
 10
494.3487
 20
-89.1289
 10
494.63870000000003
 20
-89.1289
 10
494.63870000000003
 20
-87.9349
 10
494.3487
 20
-87.9349
  0
TEXT
  5
1DA
330
17
100
AcDbEntity
  8
ETIQUETAS
100
AcDbText
 10
494.4937
 20
-88.5319
 30
0.0
 40
0.055
  1
PB-M-098
 72
1
 11
494.4937
 21
-88.5319
 31
0.0
100
AcDbText
 73
2
  0
LWPOLYLINE
  5
1DB
330
17
100
AcDbEntity
  8
MORET-RECORTES
100
AcDbPolyline
 90
4
 70
1
 10
494.3487
 20
-90.3249
 10
494.63870000000003
 20
-90.3249
 10
494.63870000000003
 20
-89.1309
 10
494.3487
 20
-89.1309
  0
TEXT
  5
1DC
330
17
100
AcDbEntity
  8
ETIQUETAS
100
AcDbText
 10
494.4937
 20
-89.7279
 30
0.0
 40
0.055
  1
PB-M-113
 72
1
 11
494.4937
 21
-89.7279
 31
0.0
100
AcDbText
 73
2
  0
LWPOLYLINE
  5
1DD
330
17
100
AcDbEntity
  8
MORET-RECORTES
100
AcDbPolyline
 90
8
 70
1
 10
503.9413
 20
-84.9714
 10
503.9413
 20
-85.4965
 10
503.3453
 20
-85.4965
 10
503.3453
 20
-84.9714
 10
503.6443
 20
-84.9714
 10
503.6443
 20
-85.0604
 10
503.9413
 20
-85.0604
 10
503.9413
 20
-84.9714
  0
TEXT
  5
1DE
330
17
100
AcDbEntity
  8
ETIQUETAS
100
AcDbText
 10
503.6433
 20
-85.2339
 30
0.0
 40
0.055
  1
PA-M-001
 72
1
 11
503.6433
 21
-85.2339
 31
0.0
100
AcDbText
 73
2
  0
LWPOLYLINE
  5
1DF
330
17
100
AcDbEntity
  8
MORET-RECORTES
100
AcDbPolyline
 90
4
 70
1
 10
502.7473
 20
-85.4965
 10
503.3433
 20
-85.4965
 10
503.3433
 20
-84.978
 10
502.7473
 20
-84.978
  0
TEXT
  5
1E0
330
17
100
AcDbEntity
  8
ETIQUETAS
100
AcDbText
 10
503.0453
 20
-85.2373
 30
0.0
 40
0.055
  1
PA-M-002
 72
1
 11
503.0453
 21
-85.2373
 31
0.0
100
AcDbText
 73
2
  0
LWPOLYLINE
  5
1E1
330
17
100
AcDbEntity
  8
MORET-RECORTES
100
AcDbPolyline
 90
4
 70
1
 10
494.9467
 20
-92.7169
 10
495.2087
 20
-92.7169
 10
495.2087
 20
-91.52289999999999
 10
494.9467
 20
-91.52289999999999
  0
TEXT
  5
1E2
330
17
100
AcDbEntity
  8
ETIQUETAS
100
AcDbText
 10
495.0777
 20
-92.1199
 30
0.0
 40
0.055
  1
PB-M-149
 72
1
 11
495.0777
 21
-92.1199
 31
0.0
100
AcDbText
 73
2
  0
LWPOLYLINE
  5
1E3
330
17
100
AcDbEntity
  8
MORET-RECORTES
100
AcDbPolyline
 90
4
 70
1
 10
494.9467
 20
-88.4054
 10
495.5427
 20
-88.4054
 10
495.5427
 20
-87.9349
 10
494.9467
 20
-87.9349
  0
TEXT
  5
1E4
330
17
100
AcDbEntity
  8
ETIQUETAS
100
AcDbText
 10
495.2447
 20
-88.1702
 30
0.0
 40
0.055
  1
PB-M-086
 72
1
 11
495.2447
 21
-88.1702
 31
0.0
100
AcDbText
 73
2
  0
LWPOLYLINE
  5
1E5
330
17
100
AcDbEntity
  8
MORET-RECORTES
100
AcDbPolyline
 90
8
 70
1
 10
496.3987
 20
-91.4604
 10
496.1427
 20
-91.4604
 10
496.1427
 20
-90.3404
 10
496.3987
 20
-90.3404
 10
496.3987
 20
-91.2404
 10
496.1887
 20
-91.2404
 10
496.1887
 20
-91.4204
 10
496.3987
 20
-91.4204
  0
TEXT
  5
1E6
330
17
100
AcDbEntity
  8
ETIQUETAS
100
AcDbText
 10
496.2707
 20
-90.9004
 30
0.0
 40
0.055
  1
PB-M-121
 72
1
 11
496.2707
 21
-90.9004
 31
0.0
100
AcDbText
 73
2
  0
LWPOLYLINE
  5
1E7
330
17
100
AcDbEntity
  8
MORET-RECORTES
100
AcDbPolyline
 90
4
 70
1
 10
496.7407
 20
-90.1604
 10
497.3367
 20
-90.1604
 10
497.3367
 20
-89.7214
 10
496.7407
 20
-89.7214
  0
TEXT
  5
1E8
330
17
100
AcDbEntity
  8
ETIQUETAS
100
AcDbText
 10
497.0387
 20
-89.9409
 30
0.0
 40
0.055
  1
PB-M-118
 72
1
 11
497.0387
 21
-89.9409
 31
0.0
100
AcDbText
 73
2
  0
LWPOLYLINE
  5
1E9
330
17
100
AcDbEntity
  8
MORET-RECORTES
100
AcDbPolyline
 90
4
 70
1
 10
496.1427
 20
-90.1604
 10
496.7387
 20
-90.1604
 10
496.7387
 20
-89.7214
 10
496.1427
 20
-89.7214
  0
TEXT
  5
1EA
330
17
100
AcDbEntity
  8
ETIQUETAS
100
AcDbText
 10
496.4407
 20
-89.9409
 30
0.0
 40
0.055
  1
PB-M-117
 72
1
 11
496.4407
 21
-89.9409
 31
0.0
100
AcDbText
 73
2
  0
LWPOLYLINE
  5
1EB
330
17
100
AcDbEntity
  8
MORET-RECORTES
100
AcDbPolyline
 90
4
 70
1
 10
495.5447
 20
-90.1604
 10
496.1407
 20
-90.1604
 10
496.1407
 20
-89.7214
 10
495.5447
 20
-89.7214
  0
TEXT
  5
1EC
330
17
100
AcDbEntity
  8
ETIQUETAS
100
AcDbText
 10
495.8427
 20
-89.9409
 30
0.0
 40
0.055
  1
PB-M-116
 72
1
 11
495.8427
 21
-89.9409
 31
0.0
100
AcDbText
 73
2
  0
LWPOLYLINE
  5
1ED
330
17
100
AcDbEntity
  8
MORET-RECORTES
100
AcDbPolyline
 90
4
 70
1
 10
494.9467
 20
-90.1604
 10
495.5427
 20
-90.1604
 10
495.5427
 20
-89.7214
 10
494.9467
 20
-89.7214
  0
TEXT
  5
1EE
330
17
100
AcDbEntity
  8
ETIQUETAS
100
AcDbText
 10
495.2447
 20
-89.9409
 30
0.0
 40
0.055
  1
PB-M-115
 72
1
 11
495.2447
 21
-89.9409
 31
0.0
100
AcDbText
 73
2
  0
LWPOLYLINE
  5
1EF
330
17
100
AcDbEntity
  8
MORET-RECORTES
100
AcDbPolyline
 90
4
 70
1
 10
497.3387
 20
-86.7369
 10
497.5787
 20
-86.7369
 10
497.5787
 20
-85.5429
 10
497.3387
 20
-85.5429
  0
TEXT
  5
1F0
330
17
100
AcDbEntity
  8
ETIQUETAS
100
AcDbText
 10
497.4587
 20
-86.1399
 30
0.0
 40
0.0528
  1
PB-M-070
 72
1
 11
497.4587
 21
-86.1399
 31
0.0
100
AcDbText
 73
2
  0
LWPOLYLINE
  5
1F1
330
17
100
AcDbEntity
  8
MORET-RECORTES
100
AcDbPolyline
 90
4
 70
1
 10
497.3387
 20
-85.5409
 10
497.5787
 20
-85.5409
 10
497.5787
 20
-84.34689999999999
 10
497.3387
 20
-84.34689999999999
  0
TEXT
  5
1F2
330
17
100
AcDbEntity
  8
ETIQUETAS
100
AcDbText
 10
497.4587
 20
-84.9439
 30
0.0
 40
0.0528
  1
PB-M-056
 72
1
 11
497.4587
 21
-84.9439
 31
0.0
100
AcDbText
 73
2
  0
LWPOLYLINE
  5
1F3
330
17
100
AcDbEntity
  8
ROYAL-COMPLETAS
100
AcDbPolyline
 90
4
 70
1
 10
502.1632
 20
-85.5099
 10
502.3632
 20
-85.5099
 10
502.3632
 20
-84.3099
 10
502.1632
 20
-84.3099
  0
TEXT
  5
1F4
330
17
100
AcDbEntity
  8
ETIQUETAS
100
AcDbText
 10
502.2632
 20
-84.9099
 30
0.0
 40
0.044000000000000004
  1
PA-R-117
 72
1
 11
502.2632
 21
-84.9099
 31
0.0
100
AcDbText
 73
2
  0
LWPOLYLINE
  5
1F5
330
17
100
AcDbEntity
  8
ROYAL-COMPLETAS
100
AcDbPolyline
 90
4
 70
1
 10
501.9622
 20
-86.1104
 10
502.1622
 20
-86.1104
 10
502.1622
 20
-84.9104
 10
501.9622
 20
-84.9104
  0
TEXT
  5
1F6
330
17
100
AcDbEntity
  8
ETIQUETAS
100
AcDbText
 10
502.0622
 20
-85.5104
 30
0.0
 40
0.044000000000000004
  1
PA-R-123
 72
1
 11
502.0622
 21
-85.5104
 31
0.0
100
AcDbText
 73
2
  0
LWPOLYLINE
  5
1F7
330
17
100
AcDbEntity
  8
ROYAL-COMPLETAS
100
AcDbPolyline
 90
4
 70
1
 10
501.7612
 20
-85.5099
 10
501.96119999999996
 20
-85.5099
 10
501.96119999999996
 20
-84.3099
 10
501.7612
 20
-84.3099
  0
TEXT
  5
1F8
330
17
100
AcDbEntity
  8
ETIQUETAS
100
AcDbText
 10
501.8612
 20
-84.9099
 30
0.0
 40
0.044000000000000004
  1
PA-R-116
 72
1
 11
501.8612
 21
-84.9099
 31
0.0
100
AcDbText
 73
2
  0
LWPOLYLINE
  5
1F9
330
17
100
AcDbEntity
  8
ROYAL-COMPLETAS
100
AcDbPolyline
 90
4
 70
1
 10
501.5602
 20
-86.1104
 10
501.7602
 20
-86.1104
 10
501.7602
 20
-84.9104
 10
501.5602
 20
-84.9104
  0
TEXT
  5
1FA
330
17
100
AcDbEntity
  8
ETIQUETAS
100
AcDbText
 10
501.6602
 20
-85.5104
 30
0.0
 40
0.044000000000000004
  1
PA-R-122
 72
1
 11
501.6602
 21
-85.5104
 31
0.0
100
AcDbText
 73
2
  0
LWPOLYLINE
  5
1FB
330
17
100
AcDbEntity
  8
ROYAL-COMPLETAS
100
AcDbPolyline
 90
4
 70
1
 10
501.3592
 20
-85.5099
 10
501.5592
 20
-85.5099
 10
501.5592
 20
-84.3099
 10
501.3592
 20
-84.3099
  0
TEXT
  5
1FC
330
17
100
AcDbEntity
  8
ETIQUETAS
100
AcDbText
 10
501.4592
 20
-84.9099
 30
0.0
 40
0.044000000000000004
  1
PA-R-115
 72
1
 11
501.4592
 21
-84.9099
 31
0.0
100
AcDbText
 73
2
  0
LWPOLYLINE
  5
1FD
330
17
100
AcDbEntity
  8
ROYAL-COMPLETAS
100
AcDbPolyline
 90
4
 70
1
 10
501.1582
 20
-86.1104
 10
501.3582
 20
-86.1104
 10
501.3582
 20
-84.9104
 10
501.1582
 20
-84.9104
  0
TEXT
  5
1FE
330
17
100
AcDbEntity
  8
ETIQUETAS
100
AcDbText
 10
501.2582
 20
-85.5104
 30
0.0
 40
0.044000000000000004
  1
PA-R-121
 72
1
 11
501.2582
 21
-85.5104
 31
0.0
100
AcDbText
 73
2
  0
LWPOLYLINE
  5
1FF
330
17
100
AcDbEntity
  8
ROYAL-COMPLETAS
100
AcDbPolyline
 90
4
 70
1
 10
500.9572
 20
-85.5099
 10
501.1572
 20
-85.5099
 10
501.1572
 20
-84.3099
 10
500.9572
 20
-84.3099
  0
TEXT
  5
200
330
17
100
AcDbEntity
  8
ETIQUETAS
100
AcDbText
 10
501.0572
 20
-84.9099
 30
0.0
 40
0.044000000000000004
  1
PA-R-114
 72
1
 11
501.0572
 21
-84.9099
 31
0.0
100
AcDbText
 73
2
  0
LWPOLYLINE
  5
201
330
17
100
AcDbEntity
  8
ROYAL-COMPLETAS
100
AcDbPolyline
 90
4
 70
1
 10
500.7562
 20
-86.1104
 10
500.95619999999997
 20
-86.1104
 10
500.95619999999997
 20
-84.9104
 10
500.7562
 20
-84.9104
  0
TEXT
  5
202
330
17
100
AcDbEntity
  8
ETIQUETAS
100
AcDbText
 10
500.8562
 20
-85.5104
 30
0.0
 40
0.044000000000000004
  1
PA-R-120
 72
1
 11
500.8562
 21
-85.5104
 31
0.0
100
AcDbText
 73
2
  0
LWPOLYLINE
  5
203
330
17
100
AcDbEntity
  8
ROYAL-COMPLETAS
100
AcDbPolyline
 90
4
 70
1
 10
500.5552
 20
-85.5099
 10
500.7552
 20
-85.5099
 10
500.7552
 20
-84.3099
 10
500.5552
 20
-84.3099
  0
TEXT
  5
204
330
17
100
AcDbEntity
  8
ETIQUETAS
100
AcDbText
 10
500.6552
 20
-84.9099
 30
0.0
 40
0.044000000000000004
  1
PA-R-113
 72
1
 11
500.6552
 21
-84.9099
 31
0.0
100
AcDbText
 73
2
  0
LWPOLYLINE
  5
205
330
17
100
AcDbEntity
  8
ROYAL-COMPLETAS
100
AcDbPolyline
 90
4
 70
1
 10
500.3542
 20
-86.1104
 10
500.5542
 20
-86.1104
 10
500.5542
 20
-84.9104
 10
500.3542
 20
-84.9104
  0
TEXT
  5
206
330
17
100
AcDbEntity
  8
ETIQUETAS
100
AcDbText
 10
500.4542
 20
-85.5104
 30
0.0
 40
0.044000000000000004
  1
PA-R-119
 72
1
 11
500.4542
 21
-85.5104
 31
0.0
100
AcDbText
 73
2
  0
LWPOLYLINE
  5
207
330
17
100
AcDbEntity
  8
ROYAL-COMPLETAS
100
AcDbPolyline
 90
4
 70
1
 10
500.1532
 20
-85.5099
 10
500.3532
 20
-85.5099
 10
500.3532
 20
-84.3099
 10
500.1532
 20
-84.3099
  0
TEXT
  5
208
330
17
100
AcDbEntity
  8
ETIQUETAS
100
AcDbText
 10
500.2532
 20
-84.9099
 30
0.0
 40
0.044000000000000004
  1
PA-R-112
 72
1
 11
500.2532
 21
-84.9099
 31
0.0
100
AcDbText
 73
2
  0
LWPOLYLINE
  5
209
330
17
100
AcDbEntity
  8
ROYAL-COMPLETAS
100
AcDbPolyline
 90
4
 70
1
 10
499.9522
 20
-86.1104
 10
500.1522
 20
-86.1104
 10
500.1522
 20
-84.9104
 10
499.9522
 20
-84.9104
  0
TEXT
  5
20A
330
17
100
AcDbEntity
  8
ETIQUETAS
100
AcDbText
 10
500.0522
 20
-85.5104
 30
0.0
 40
0.044000000000000004
  1
PA-R-118
 72
1
 11
500.0522
 21
-85.5104
 31
0.0
100
AcDbText
 73
2
  0
LWPOLYLINE
  5
20B
330
17
100
AcDbEntity
  8
ROYAL-COMPLETAS
100
AcDbPolyline
 90
4
 70
1
 10
502.1632
 20
-84.3089
 10
502.3632
 20
-84.3089
 10
502.3632
 20
-83.10889999999999
 10
502.1632
 20
-83.10889999999999
  0
TEXT
  5
20C
330
17
100
AcDbEntity
  8
ETIQUETAS
100
AcDbText
 10
502.2632
 20
-83.7089
 30
0.0
 40
0.044000000000000004
  1
PA-R-065
 72
1
 11
502.2632
 21
-83.7089
 31
0.0
100
AcDbText
 73
2
  0
LWPOLYLINE
  5
20D
330
17
100
AcDbEntity
  8
ROYAL-COMPLETAS
100
AcDbPolyline
 90
4
 70
1
 10
501.9622
 20
-84.9094
 10
502.1622
 20
-84.9094
 10
502.1622
 20
-83.7094
 10
501.9622
 20
-83.7094
  0
TEXT
  5
20E
330
17
100
AcDbEntity
  8
ETIQUETAS
100
AcDbText
 10
502.0622
 20
-84.3094
 30
0.0
 40
0.044000000000000004
  1
PA-R-084
 72
1
 11
502.0622
 21
-84.3094
 31
0.0
100
AcDbText
 73
2
  0
LWPOLYLINE
  5
20F
330
17
100
AcDbEntity
  8
ROYAL-COMPLETAS
100
AcDbPolyline
 90
4
 70
1
 10
501.7612
 20
-84.3089
 10
501.96119999999996
 20
-84.3089
 10
501.96119999999996
 20
-83.10889999999999
 10
501.7612
 20
-83.10889999999999
  0
TEXT
  5
210
330
17
100
AcDbEntity
  8
ETIQUETAS
100
AcDbText
 10
501.8612
 20
-83.7089
 30
0.0
 40
0.044000000000000004
  1
PA-R-064
 72
1
 11
501.8612
 21
-83.7089
 31
0.0
100
AcDbText
 73
2
  0
LWPOLYLINE
  5
211
330
17
100
AcDbEntity
  8
ROYAL-COMPLETAS
100
AcDbPolyline
 90
4
 70
1
 10
501.5602
 20
-84.9094
 10
501.7602
 20
-84.9094
 10
501.7602
 20
-83.7094
 10
501.5602
 20
-83.7094
  0
TEXT
  5
212
330
17
100
AcDbEntity
  8
ETIQUETAS
100
AcDbText
 10
501.6602
 20
-84.3094
 30
0.0
 40
0.044000000000000004
  1
PA-R-083
 72
1
 11
501.6602
 21
-84.3094
 31
0.0
100
AcDbText
 73
2
  0
LWPOLYLINE
  5
213
330
17
100
AcDbEntity
  8
ROYAL-COMPLETAS
100
AcDbPolyline
 90
4
 70
1
 10
501.3592
 20
-84.3089
 10
501.5592
 20
-84.3089
 10
501.5592
 20
-83.10889999999999
 10
501.3592
 20
-83.10889999999999
  0
TEXT
  5
214
330
17
100
AcDbEntity
  8
ETIQUETAS
100
AcDbText
 10
501.4592
 20
-83.7089
 30
0.0
 40
0.044000000000000004
  1
PA-R-063
 72
1
 11
501.4592
 21
-83.7089
 31
0.0
100
AcDbText
 73
2
  0
LWPOLYLINE
  5
215
330
17
100
AcDbEntity
  8
ROYAL-COMPLETAS
100
AcDbPolyline
 90
4
 70
1
 10
501.1582
 20
-84.9094
 10
501.3582
 20
-84.9094
 10
501.3582
 20
-83.7094
 10
501.1582
 20
-83.7094
  0
TEXT
  5
216
330
17
100
AcDbEntity
  8
ETIQUETAS
100
AcDbText
 10
501.2582
 20
-84.3094
 30
0.0
 40
0.044000000000000004
  1
PA-R-082
 72
1
 11
501.2582
 21
-84.3094
 31
0.0
100
AcDbText
 73
2
  0
LWPOLYLINE
  5
217
330
17
100
AcDbEntity
  8
ROYAL-COMPLETAS
100
AcDbPolyline
 90
4
 70
1
 10
500.9572
 20
-84.3089
 10
501.1572
 20
-84.3089
 10
501.1572
 20
-83.10889999999999
 10
500.9572
 20
-83.10889999999999
  0
TEXT
  5
218
330
17
100
AcDbEntity
  8
ETIQUETAS
100
AcDbText
 10
501.0572
 20
-83.7089
 30
0.0
 40
0.044000000000000004
  1
PA-R-062
 72
1
 11
501.0572
 21
-83.7089
 31
0.0
100
AcDbText
 73
2
  0
LWPOLYLINE
  5
219
330
17
100
AcDbEntity
  8
ROYAL-COMPLETAS
100
AcDbPolyline
 90
4
 70
1
 10
500.7562
 20
-84.9094
 10
500.95619999999997
 20
-84.9094
 10
500.95619999999997
 20
-83.7094
 10
500.7562
 20
-83.7094
  0
TEXT
  5
21A
330
17
100
AcDbEntity
  8
ETIQUETAS
100
AcDbText
 10
500.8562
 20
-84.3094
 30
0.0
 40
0.044000000000000004
  1
PA-R-081
 72
1
 11
500.8562
 21
-84.3094
 31
0.0
100
AcDbText
 73
2
  0
LWPOLYLINE
  5
21B
330
17
100
AcDbEntity
  8
ROYAL-COMPLETAS
100
AcDbPolyline
 90
4
 70
1
 10
500.5552
 20
-84.3089
 10
500.7552
 20
-84.3089
 10
500.7552
 20
-83.10889999999999
 10
500.5552
 20
-83.10889999999999
  0
TEXT
  5
21C
330
17
100
AcDbEntity
  8
ETIQUETAS
100
AcDbText
 10
500.6552
 20
-83.7089
 30
0.0
 40
0.044000000000000004
  1
PA-R-061
 72
1
 11
500.6552
 21
-83.7089
 31
0.0
100
AcDbText
 73
2
  0
LWPOLYLINE
  5
21D
330
17
100
AcDbEntity
  8
ROYAL-COMPLETAS
100
AcDbPolyline
 90
4
 70
1
 10
500.3542
 20
-84.9094
 10
500.5542
 20
-84.9094
 10
500.5542
 20
-83.7094
 10
500.3542
 20
-83.7094
  0
TEXT
  5
21E
330
17
100
AcDbEntity
  8
ETIQUETAS
100
AcDbText
 10
500.4542
 20
-84.3094
 30
0.0
 40
0.044000000000000004
  1
PA-R-080
 72
1
 11
500.4542
 21
-84.3094
 31
0.0
100
AcDbText
 73
2
  0
LWPOLYLINE
  5
21F
330
17
100
AcDbEntity
  8
ROYAL-COMPLETAS
100
AcDbPolyline
 90
4
 70
1
 10
500.1532
 20
-84.3089
 10
500.3532
 20
-84.3089
 10
500.3532
 20
-83.10889999999999
 10
500.1532
 20
-83.10889999999999
  0
TEXT
  5
220
330
17
100
AcDbEntity
  8
ETIQUETAS
100
AcDbText
 10
500.2532
 20
-83.7089
 30
0.0
 40
0.044000000000000004
  1
PA-R-060
 72
1
 11
500.2532
 21
-83.7089
 31
0.0
100
AcDbText
 73
2
  0
LWPOLYLINE
  5
221
330
17
100
AcDbEntity
  8
ROYAL-COMPLETAS
100
AcDbPolyline
 90
4
 70
1
 10
499.9522
 20
-84.9094
 10
500.1522
 20
-84.9094
 10
500.1522
 20
-83.7094
 10
499.9522
 20
-83.7094
  0
TEXT
  5
222
330
17
100
AcDbEntity
  8
ETIQUETAS
100
AcDbText
 10
500.0522
 20
-84.3094
 30
0.0
 40
0.044000000000000004
  1
PA-R-079
 72
1
 11
500.0522
 21
-84.3094
 31
0.0
100
AcDbText
 73
2
  0
LWPOLYLINE
  5
223
330
17
100
AcDbEntity
  8
ROYAL-COMPLETAS
100
AcDbPolyline
 90
4
 70
1
 10
501.9622
 20
-83.7084
 10
502.1622
 20
-83.7084
 10
502.1622
 20
-82.5084
 10
501.9622
 20
-82.5084
  0
TEXT
  5
224
330
17
100
AcDbEntity
  8
ETIQUETAS
100
AcDbText
 10
502.0622
 20
-83.1084
 30
0.0
 40
0.044000000000000004
  1
PA-R-045
 72
1
 11
502.0622
 21
-83.1084
 31
0.0
100
AcDbText
 73
2
  0
LWPOLYLINE
  5
225
330
17
100
AcDbEntity
  8
ROYAL-COMPLETAS
100
AcDbPolyline
 90
4
 70
1
 10
501.5602
 20
-83.7084
 10
501.7602
 20
-83.7084
 10
501.7602
 20
-82.5084
 10
501.5602
 20
-82.5084
  0
TEXT
  5
226
330
17
100
AcDbEntity
  8
ETIQUETAS
100
AcDbText
 10
501.6602
 20
-83.1084
 30
0.0
 40
0.044000000000000004
  1
PA-R-044
 72
1
 11
501.6602
 21
-83.1084
 31
0.0
100
AcDbText
 73
2
  0
LWPOLYLINE
  5
227
330
17
100
AcDbEntity
  8
ROYAL-COMPLETAS
100
AcDbPolyline
 90
4
 70
1
 10
501.1582
 20
-83.7084
 10
501.3582
 20
-83.7084
 10
501.3582
 20
-82.5084
 10
501.1582
 20
-82.5084
  0
TEXT
  5
228
330
17
100
AcDbEntity
  8
ETIQUETAS
100
AcDbText
 10
501.2582
 20
-83.1084
 30
0.0
 40
0.044000000000000004
  1
PA-R-043
 72
1
 11
501.2582
 21
-83.1084
 31
0.0
100
AcDbText
 73
2
  0
LWPOLYLINE
  5
229
330
17
100
AcDbEntity
  8
ROYAL-COMPLETAS
100
AcDbPolyline
 90
4
 70
1
 10
500.7562
 20
-83.7084
 10
500.95619999999997
 20
-83.7084
 10
500.95619999999997
 20
-82.5084
 10
500.7562
 20
-82.5084
  0
TEXT
  5
22A
330
17
100
AcDbEntity
  8
ETIQUETAS
100
AcDbText
 10
500.8562
 20
-83.1084
 30
0.0
 40
0.044000000000000004
  1
PA-R-042
 72
1
 11
500.8562
 21
-83.1084
 31
0.0
100
AcDbText
 73
2
  0
LWPOLYLINE
  5
22B
330
17
100
AcDbEntity
  8
ROYAL-COMPLETAS
100
AcDbPolyline
 90
4
 70
1
 10
500.3542
 20
-83.7084
 10
500.5542
 20
-83.7084
 10
500.5542
 20
-82.5084
 10
500.3542
 20
-82.5084
  0
TEXT
  5
22C
330
17
100
AcDbEntity
  8
ETIQUETAS
100
AcDbText
 10
500.4542
 20
-83.1084
 30
0.0
 40
0.044000000000000004
  1
PA-R-041
 72
1
 11
500.4542
 21
-83.1084
 31
0.0
100
AcDbText
 73
2
  0
LWPOLYLINE
  5
22D
330
17
100
AcDbEntity
  8
ROYAL-COMPLETAS
100
AcDbPolyline
 90
4
 70
1
 10
499.9522
 20
-83.7084
 10
500.1522
 20
-83.7084
 10
500.1522
 20
-82.5084
 10
499.9522
 20
-82.5084
  0
TEXT
  5
22E
330
17
100
AcDbEntity
  8
ETIQUETAS
100
AcDbText
 10
500.0522
 20
-83.1084
 30
0.0
 40
0.044000000000000004
  1
PA-R-040
 72
1
 11
500.0522
 21
-83.1084
 31
0.0
100
AcDbText
 73
2
  0
LWPOLYLINE
  5
22F
330
17
100
AcDbEntity
  8
ROYAL-COMPLETAS
100
AcDbPolyline
 90
4
 70
1
 10
507.5682
 20
-84.3699
 10
507.7682
 20
-84.3699
 10
507.7682
 20
-83.1699
 10
507.5682
 20
-83.1699
  0
TEXT
  5
230
330
17
100
AcDbEntity
  8
ETIQUETAS
100
AcDbText
 10
507.6682
 20
-83.7699
 30
0.0
 40
0.044000000000000004
  1
PA-R-078
 72
1
 11
507.6682
 21
-83.7699
 31
0.0
100
AcDbText
 73
2
  0
LWPOLYLINE
  5
231
330
17
100
AcDbEntity
  8
ROYAL-COMPLETAS
100
AcDbPolyline
 90
4
 70
1
 10
507.3672
 20
-83.7694
 10
507.5672
 20
-83.7694
 10
507.5672
 20
-82.5694
 10
507.3672
 20
-82.5694
  0
TEXT
  5
232
330
17
100
AcDbEntity
  8
ETIQUETAS
100
AcDbText
 10
507.4672
 20
-83.1694
 30
0.0
 40
0.044000000000000004
  1
PA-R-058
 72
1
 11
507.4672
 21
-83.1694
 31
0.0
100
AcDbText
 73
2
  0
LWPOLYLINE
  5
233
330
17
100
AcDbEntity
  8
ROYAL-COMPLETAS
100
AcDbPolyline
 90
4
 70
1
 10
507.1662
 20
-84.3699
 10
507.3662
 20
-84.3699
 10
507.3662
 20
-83.1699
 10
507.1662
 20
-83.1699
  0
TEXT
  5
234
330
17
100
AcDbEntity
  8
ETIQUETAS
100
AcDbText
 10
507.2662
 20
-83.7699
 30
0.0
 40
0.044000000000000004
  1
PA-R-077
 72
1
 11
507.2662
 21
-83.7699
 31
0.0
100
AcDbText
 73
2
  0
LWPOLYLINE
  5
235
330
17
100
AcDbEntity
  8
ROYAL-COMPLETAS
100
AcDbPolyline
 90
4
 70
1
 10
506.9652
 20
-83.7694
 10
507.16519999999997
 20
-83.7694
 10
507.16519999999997
 20
-82.5694
 10
506.9652
 20
-82.5694
  0
TEXT
  5
236
330
17
100
AcDbEntity
  8
ETIQUETAS
100
AcDbText
 10
507.0652
 20
-83.1694
 30
0.0
 40
0.044000000000000004
  1
PA-R-057
 72
1
 11
507.0652
 21
-83.1694
 31
0.0
100
AcDbText
 73
2
  0
LWPOLYLINE
  5
237
330
17
100
AcDbEntity
  8
ROYAL-COMPLETAS
100
AcDbPolyline
 90
4
 70
1
 10
506.7642
 20
-84.3699
 10
506.9642
 20
-84.3699
 10
506.9642
 20
-83.1699
 10
506.7642
 20
-83.1699
  0
TEXT
  5
238
330
17
100
AcDbEntity
  8
ETIQUETAS
100
AcDbText
 10
506.8642
 20
-83.7699
 30
0.0
 40
0.044000000000000004
  1
PA-R-076
 72
1
 11
506.8642
 21
-83.7699
 31
0.0
100
AcDbText
 73
2
  0
LWPOLYLINE
  5
239
330
17
100
AcDbEntity
  8
ROYAL-COMPLETAS
100
AcDbPolyline
 90
4
 70
1
 10
506.5632
 20
-83.7694
 10
506.7632
 20
-83.7694
 10
506.7632
 20
-82.5694
 10
506.5632
 20
-82.5694
  0
TEXT
  5
23A
330
17
100
AcDbEntity
  8
ETIQUETAS
100
AcDbText
 10
506.6632
 20
-83.1694
 30
0.0
 40
0.044000000000000004
  1
PA-R-056
 72
1
 11
506.6632
 21
-83.1694
 31
0.0
100
AcDbText
 73
2
  0
LWPOLYLINE
  5
23B
330
17
100
AcDbEntity
  8
ROYAL-COMPLETAS
100
AcDbPolyline
 90
4
 70
1
 10
506.3622
 20
-84.3699
 10
506.56219999999996
 20
-84.3699
 10
506.56219999999996
 20
-83.1699
 10
506.3622
 20
-83.1699
  0
TEXT
  5
23C
330
17
100
AcDbEntity
  8
ETIQUETAS
100
AcDbText
 10
506.4622
 20
-83.7699
 30
0.0
 40
0.044000000000000004
  1
PA-R-075
 72
1
 11
506.4622
 21
-83.7699
 31
0.0
100
AcDbText
 73
2
  0
LWPOLYLINE
  5
23D
330
17
100
AcDbEntity
  8
ROYAL-COMPLETAS
100
AcDbPolyline
 90
4
 70
1
 10
506.1612
 20
-83.7694
 10
506.3612
 20
-83.7694
 10
506.3612
 20
-82.5694
 10
506.1612
 20
-82.5694
  0
TEXT
  5
23E
330
17
100
AcDbEntity
  8
ETIQUETAS
100
AcDbText
 10
506.2612
 20
-83.1694
 30
0.0
 40
0.044000000000000004
  1
PA-R-055
 72
1
 11
506.2612
 21
-83.1694
 31
0.0
100
AcDbText
 73
2
  0
LWPOLYLINE
  5
23F
330
17
100
AcDbEntity
  8
ROYAL-COMPLETAS
100
AcDbPolyline
 90
4
 70
1
 10
505.9602
 20
-84.3699
 10
506.1602
 20
-84.3699
 10
506.1602
 20
-83.1699
 10
505.9602
 20
-83.1699
  0
TEXT
  5
240
330
17
100
AcDbEntity
  8
ETIQUETAS
100
AcDbText
 10
506.0602
 20
-83.7699
 30
0.0
 40
0.044000000000000004
  1
PA-R-074
 72
1
 11
506.0602
 21
-83.7699
 31
0.0
100
AcDbText
 73
2
  0
LWPOLYLINE
  5
241
330
17
100
AcDbEntity
  8
ROYAL-COMPLETAS
100
AcDbPolyline
 90
4
 70
1
 10
505.7592
 20
-83.7694
 10
505.9592
 20
-83.7694
 10
505.9592
 20
-82.5694
 10
505.7592
 20
-82.5694
  0
TEXT
  5
242
330
17
100
AcDbEntity
  8
ETIQUETAS
100
AcDbText
 10
505.8592
 20
-83.1694
 30
0.0
 40
0.044000000000000004
  1
PA-R-054
 72
1
 11
505.8592
 21
-83.1694
 31
0.0
100
AcDbText
 73
2
  0
LWPOLYLINE
  5
243
330
17
100
AcDbEntity
  8
ROYAL-COMPLETAS
100
AcDbPolyline
 90
4
 70
1
 10
505.5582
 20
-84.3699
 10
505.7582
 20
-84.3699
 10
505.7582
 20
-83.1699
 10
505.5582
 20
-83.1699
  0
TEXT
  5
244
330
17
100
AcDbEntity
  8
ETIQUETAS
100
AcDbText
 10
505.6582
 20
-83.7699
 30
0.0
 40
0.044000000000000004
  1
PA-R-073
 72
1
 11
505.6582
 21
-83.7699
 31
0.0
100
AcDbText
 73
2
  0
LWPOLYLINE
  5
245
330
17
100
AcDbEntity
  8
ROYAL-COMPLETAS
100
AcDbPolyline
 90
4
 70
1
 10
505.3572
 20
-83.7694
 10
505.55719999999997
 20
-83.7694
 10
505.55719999999997
 20
-82.5694
 10
505.3572
 20
-82.5694
  0
TEXT
  5
246
330
17
100
AcDbEntity
  8
ETIQUETAS
100
AcDbText
 10
505.4572
 20
-83.1694
 30
0.0
 40
0.044000000000000004
  1
PA-R-053
 72
1
 11
505.4572
 21
-83.1694
 31
0.0
100
AcDbText
 73
2
  0
LWPOLYLINE
  5
247
330
17
100
AcDbEntity
  8
ROYAL-COMPLETAS
100
AcDbPolyline
 90
4
 70
1
 10
505.1562
 20
-84.3699
 10
505.3562
 20
-84.3699
 10
505.3562
 20
-83.1699
 10
505.1562
 20
-83.1699
  0
TEXT
  5
248
330
17
100
AcDbEntity
  8
ETIQUETAS
100
AcDbText
 10
505.2562
 20
-83.7699
 30
0.0
 40
0.044000000000000004
  1
PA-R-072
 72
1
 11
505.2562
 21
-83.7699
 31
0.0
100
AcDbText
 73
2
  0
LWPOLYLINE
  5
249
330
17
100
AcDbEntity
  8
ROYAL-COMPLETAS
100
AcDbPolyline
 90
4
 70
1
 10
504.9552
 20
-83.7694
 10
505.1552
 20
-83.7694
 10
505.1552
 20
-82.5694
 10
504.9552
 20
-82.5694
  0
TEXT
  5
24A
330
17
100
AcDbEntity
  8
ETIQUETAS
100
AcDbText
 10
505.0552
 20
-83.1694
 30
0.0
 40
0.044000000000000004
  1
PA-R-052
 72
1
 11
505.0552
 21
-83.1694
 31
0.0
100
AcDbText
 73
2
  0
LWPOLYLINE
  5
24B
330
17
100
AcDbEntity
  8
ROYAL-COMPLETAS
100
AcDbPolyline
 90
4
 70
1
 10
504.7542
 20
-84.3699
 10
504.9542
 20
-84.3699
 10
504.9542
 20
-83.1699
 10
504.7542
 20
-83.1699
  0
TEXT
  5
24C
330
17
100
AcDbEntity
  8
ETIQUETAS
100
AcDbText
 10
504.8542
 20
-83.7699
 30
0.0
 40
0.044000000000000004
  1
PA-R-071
 72
1
 11
504.8542
 21
-83.7699
 31
0.0
100
AcDbText
 73
2
  0
LWPOLYLINE
  5
24D
330
17
100
AcDbEntity
  8
ROYAL-COMPLETAS
100
AcDbPolyline
 90
4
 70
1
 10
504.5532
 20
-83.7694
 10
504.7532
 20
-83.7694
 10
504.7532
 20
-82.5694
 10
504.5532
 20
-82.5694
  0
TEXT
  5
24E
330
17
100
AcDbEntity
  8
ETIQUETAS
100
AcDbText
 10
504.6532
 20
-83.1694
 30
0.0
 40
0.044000000000000004
  1
PA-R-051
 72
1
 11
504.6532
 21
-83.1694
 31
0.0
100
AcDbText
 73
2
  0
LWPOLYLINE
  5
24F
330
17
100
AcDbEntity
  8
ROYAL-COMPLETAS
100
AcDbPolyline
 90
4
 70
1
 10
504.3522
 20
-84.3699
 10
504.55219999999997
 20
-84.3699
 10
504.55219999999997
 20
-83.1699
 10
504.3522
 20
-83.1699
  0
TEXT
  5
250
330
17
100
AcDbEntity
  8
ETIQUETAS
100
AcDbText
 10
504.4522
 20
-83.7699
 30
0.0
 40
0.044000000000000004
  1
PA-R-070
 72
1
 11
504.4522
 21
-83.7699
 31
0.0
100
AcDbText
 73
2
  0
LWPOLYLINE
  5
251
330
17
100
AcDbEntity
  8
ROYAL-COMPLETAS
100
AcDbPolyline
 90
4
 70
1
 10
504.1512
 20
-83.7694
 10
504.3512
 20
-83.7694
 10
504.3512
 20
-82.5694
 10
504.1512
 20
-82.5694
  0
TEXT
  5
252
330
17
100
AcDbEntity
  8
ETIQUETAS
100
AcDbText
 10
504.2512
 20
-83.1694
 30
0.0
 40
0.044000000000000004
  1
PA-R-050
 72
1
 11
504.2512
 21
-83.1694
 31
0.0
100
AcDbText
 73
2
  0
LWPOLYLINE
  5
253
330
17
100
AcDbEntity
  8
ROYAL-COMPLETAS
100
AcDbPolyline
 90
4
 70
1
 10
503.9502
 20
-84.3699
 10
504.1502
 20
-84.3699
 10
504.1502
 20
-83.1699
 10
503.9502
 20
-83.1699
  0
TEXT
  5
254
330
17
100
AcDbEntity
  8
ETIQUETAS
100
AcDbText
 10
504.0502
 20
-83.7699
 30
0.0
 40
0.044000000000000004
  1
PA-R-069
 72
1
 11
504.0502
 21
-83.7699
 31
0.0
100
AcDbText
 73
2
  0
LWPOLYLINE
  5
255
330
17
100
AcDbEntity
  8
ROYAL-COMPLETAS
100
AcDbPolyline
 90
4
 70
1
 10
503.7492
 20
-83.7694
 10
503.94919999999996
 20
-83.7694
 10
503.94919999999996
 20
-82.5694
 10
503.7492
 20
-82.5694
  0
TEXT
  5
256
330
17
100
AcDbEntity
  8
ETIQUETAS
100
AcDbText
 10
503.8492
 20
-83.1694
 30
0.0
 40
0.044000000000000004
  1
PA-R-049
 72
1
 11
503.8492
 21
-83.1694
 31
0.0
100
AcDbText
 73
2
  0
LWPOLYLINE
  5
257
330
17
100
AcDbEntity
  8
ROYAL-COMPLETAS
100
AcDbPolyline
 90
4
 70
1
 10
503.5482
 20
-84.3699
 10
503.7482
 20
-84.3699
 10
503.7482
 20
-83.1699
 10
503.5482
 20
-83.1699
  0
TEXT
  5
258
330
17
100
AcDbEntity
  8
ETIQUETAS
100
AcDbText
 10
503.6482
 20
-83.7699
 30
0.0
 40
0.044000000000000004
  1
PA-R-068
 72
1
 11
503.6482
 21
-83.7699
 31
0.0
100
AcDbText
 73
2
  0
LWPOLYLINE
  5
259
330
17
100
AcDbEntity
  8
ROYAL-COMPLETAS
100
AcDbPolyline
 90
4
 70
1
 10
503.3472
 20
-84.9704
 10
503.5472
 20
-84.9704
 10
503.5472
 20
-83.7704
 10
503.3472
 20
-83.7704
  0
TEXT
  5
25A
330
17
100
AcDbEntity
  8
ETIQUETAS
100
AcDbText
 10
503.4472
 20
-84.3704
 30
0.0
 40
0.044000000000000004
  1
PA-R-097
 72
1
 11
503.4472
 21
-84.3704
 31
0.0
100
AcDbText
 73
2
  0
LWPOLYLINE
  5
25B
330
17
100
AcDbEntity
  8
ROYAL-COMPLETAS
100
AcDbPolyline
 90
4
 70
1
 10
503.3472
 20
-83.7694
 10
503.5472
 20
-83.7694
 10
503.5472
 20
-82.5694
 10
503.3472
 20
-82.5694
  0
TEXT
  5
25C
330
17
100
AcDbEntity
  8
ETIQUETAS
100
AcDbText
 10
503.4472
 20
-83.1694
 30
0.0
 40
0.044000000000000004
  1
PA-R-048
 72
1
 11
503.4472
 21
-83.1694
 31
0.0
100
AcDbText
 73
2
  0
LWPOLYLINE
  5
25D
330
17
100
AcDbEntity
  8
ROYAL-COMPLETAS
100
AcDbPolyline
 90
4
 70
1
 10
503.1462
 20
-84.3699
 10
503.3462
 20
-84.3699
 10
503.3462
 20
-83.1699
 10
503.1462
 20
-83.1699
  0
TEXT
  5
25E
330
17
100
AcDbEntity
  8
ETIQUETAS
100
AcDbText
 10
503.2462
 20
-83.7699
 30
0.0
 40
0.044000000000000004
  1
PA-R-067
 72
1
 11
503.2462
 21
-83.7699
 31
0.0
100
AcDbText
 73
2
  0
LWPOLYLINE
  5
25F
330
17
100
AcDbEntity
  8
ROYAL-COMPLETAS
100
AcDbPolyline
 90
4
 70
1
 10
502.9452
 20
-84.9704
 10
503.1452
 20
-84.9704
 10
503.1452
 20
-83.7704
 10
502.9452
 20
-83.7704
  0
TEXT
  5
260
330
17
100
AcDbEntity
  8
ETIQUETAS
100
AcDbText
 10
503.0452
 20
-84.3704
 30
0.0
 40
0.044000000000000004
  1
PA-R-096
 72
1
 11
503.0452
 21
-84.3704
 31
0.0
100
AcDbText
 73
2
  0
LWPOLYLINE
  5
261
330
17
100
AcDbEntity
  8
ROYAL-COMPLETAS
100
AcDbPolyline
 90
4
 70
1
 10
502.9452
 20
-83.7694
 10
503.1452
 20
-83.7694
 10
503.1452
 20
-82.5694
 10
502.9452
 20
-82.5694
  0
TEXT
  5
262
330
17
100
AcDbEntity
  8
ETIQUETAS
100
AcDbText
 10
503.0452
 20
-83.1694
 30
0.0
 40
0.044000000000000004
  1
PA-R-047
 72
1
 11
503.0452
 21
-83.1694
 31
0.0
100
AcDbText
 73
2
  0
LWPOLYLINE
  5
263
330
17
100
AcDbEntity
  8
ROYAL-COMPLETAS
100
AcDbPolyline
 90
4
 70
1
 10
502.7442
 20
-84.3699
 10
502.94419999999997
 20
-84.3699
 10
502.94419999999997
 20
-83.1699
 10
502.7442
 20
-83.1699
  0
TEXT
  5
264
330
17
100
AcDbEntity
  8
ETIQUETAS
100
AcDbText
 10
502.8442
 20
-83.7699
 30
0.0
 40
0.044000000000000004
  1
PA-R-066
 72
1
 11
502.8442
 21
-83.7699
 31
0.0
100
AcDbText
 73
2
  0
LWPOLYLINE
  5
265
330
17
100
AcDbEntity
  8
ROYAL-COMPLETAS
100
AcDbPolyline
 90
4
 70
1
 10
507.5412
 20
-92.8229
 10
507.7412
 20
-92.8229
 10
507.7412
 20
-91.6229
 10
507.5412
 20
-91.6229
  0
TEXT
  5
266
330
17
100
AcDbEntity
  8
ETIQUETAS
100
AcDbText
 10
507.6412
 20
-92.2229
 30
0.0
 40
0.044000000000000004
  1
PA-R-187
 72
1
 11
507.6412
 21
-92.2229
 31
0.0
100
AcDbText
 73
2
  0
LWPOLYLINE
  5
267
330
17
100
AcDbEntity
  8
ROYAL-COMPLETAS
100
AcDbPolyline
 90
4
 70
1
 10
507.1392
 20
-92.8229
 10
507.3392
 20
-92.8229
 10
507.3392
 20
-91.6229
 10
507.1392
 20
-91.6229
  0
TEXT
  5
268
330
17
100
AcDbEntity
  8
ETIQUETAS
100
AcDbText
 10
507.2392
 20
-92.2229
 30
0.0
 40
0.044000000000000004
  1
PA-R-186
 72
1
 11
507.2392
 21
-92.2229
 31
0.0
100
AcDbText
 73
2
  0
LWPOLYLINE
  5
269
330
17
100
AcDbEntity
  8
ROYAL-COMPLETAS
100
AcDbPolyline
 90
4
 70
1
 10
506.7372
 20
-92.8229
 10
506.93719999999996
 20
-92.8229
 10
506.93719999999996
 20
-91.6229
 10
506.7372
 20
-91.6229
  0
TEXT
  5
26A
330
17
100
AcDbEntity
  8
ETIQUETAS
100
AcDbText
 10
506.8372
 20
-92.2229
 30
0.0
 40
0.044000000000000004
  1
PA-R-185
 72
1
 11
506.8372
 21
-92.2229
 31
0.0
100
AcDbText
 73
2
  0
LWPOLYLINE
  5
26B
330
17
100
AcDbEntity
  8
ROYAL-COMPLETAS
100
AcDbPolyline
 90
4
 70
1
 10
506.3352
 20
-92.8229
 10
506.5352
 20
-92.8229
 10
506.5352
 20
-91.6229
 10
506.3352
 20
-91.6229
  0
TEXT
  5
26C
330
17
100
AcDbEntity
  8
ETIQUETAS
100
AcDbText
 10
506.4352
 20
-92.2229
 30
0.0
 40
0.044000000000000004
  1
PA-R-184
 72
1
 11
506.4352
 21
-92.2229
 31
0.0
100
AcDbText
 73
2
  0
LWPOLYLINE
  5
26D
330
17
100
AcDbEntity
  8
ROYAL-COMPLETAS
100
AcDbPolyline
 90
4
 70
1
 10
505.9332
 20
-92.8229
 10
506.1332
 20
-92.8229
 10
506.1332
 20
-91.6229
 10
505.9332
 20
-91.6229
  0
TEXT
  5
26E
330
17
100
AcDbEntity
  8
ETIQUETAS
100
AcDbText
 10
506.0332
 20
-92.2229
 30
0.0
 40
0.044000000000000004
  1
PA-R-183
 72
1
 11
506.0332
 21
-92.2229
 31
0.0
100
AcDbText
 73
2
  0
LWPOLYLINE
  5
26F
330
17
100
AcDbEntity
  8
ROYAL-COMPLETAS
100
AcDbPolyline
 90
4
 70
1
 10
505.5312
 20
-92.8229
 10
505.7312
 20
-92.8229
 10
505.7312
 20
-91.6229
 10
505.5312
 20
-91.6229
  0
TEXT
  5
270
330
17
100
AcDbEntity
  8
ETIQUETAS
100
AcDbText
 10
505.6312
 20
-92.2229
 30
0.0
 40
0.044000000000000004
  1
PA-R-182
 72
1
 11
505.6312
 21
-92.2229
 31
0.0
100
AcDbText
 73
2
  0
LWPOLYLINE
  5
271
330
17
100
AcDbEntity
  8
ROYAL-COMPLETAS
100
AcDbPolyline
 90
4
 70
1
 10
505.1292
 20
-92.8229
 10
505.3292
 20
-92.8229
 10
505.3292
 20
-91.6229
 10
505.1292
 20
-91.6229
  0
TEXT
  5
272
330
17
100
AcDbEntity
  8
ETIQUETAS
100
AcDbText
 10
505.2292
 20
-92.2229
 30
0.0
 40
0.044000000000000004
  1
PA-R-181
 72
1
 11
505.2292
 21
-92.2229
 31
0.0
100
AcDbText
 73
2
  0
LWPOLYLINE
  5
273
330
17
100
AcDbEntity
  8
ROYAL-COMPLETAS
100
AcDbPolyline
 90
4
 70
1
 10
504.7272
 20
-92.8229
 10
504.92719999999997
 20
-92.8229
 10
504.92719999999997
 20
-91.6229
 10
504.7272
 20
-91.6229
  0
TEXT
  5
274
330
17
100
AcDbEntity
  8
ETIQUETAS
100
AcDbText
 10
504.8272
 20
-92.2229
 30
0.0
 40
0.044000000000000004
  1
PA-R-180
 72
1
 11
504.8272
 21
-92.2229
 31
0.0
100
AcDbText
 73
2
  0
LWPOLYLINE
  5
275
330
17
100
AcDbEntity
  8
ROYAL-COMPLETAS
100
AcDbPolyline
 90
4
 70
1
 10
504.3252
 20
-92.8229
 10
504.5252
 20
-92.8229
 10
504.5252
 20
-91.6229
 10
504.3252
 20
-91.6229
  0
TEXT
  5
276
330
17
100
AcDbEntity
  8
ETIQUETAS
100
AcDbText
 10
504.4252
 20
-92.2229
 30
0.0
 40
0.044000000000000004
  1
PA-R-179
 72
1
 11
504.4252
 21
-92.2229
 31
0.0
100
AcDbText
 73
2
  0
LWPOLYLINE
  5
277
330
17
100
AcDbEntity
  8
ROYAL-COMPLETAS
100
AcDbPolyline
 90
4
 70
1
 10
507.5412
 20
-91.6219
 10
507.7412
 20
-91.6219
 10
507.7412
 20
-90.4219
 10
507.5412
 20
-90.4219
  0
TEXT
  5
278
330
17
100
AcDbEntity
  8
ETIQUETAS
100
AcDbText
 10
507.6412
 20
-91.0219
 30
0.0
 40
0.044000000000000004
  1
PA-R-168
 72
1
 11
507.6412
 21
-91.0219
 31
0.0
100
AcDbText
 73
2
  0
LWPOLYLINE
  5
279
330
17
100
AcDbEntity
  8
ROYAL-COMPLETAS
100
AcDbPolyline
 90
4
 70
1
 10
507.3402
 20
-92.2224
 10
507.54019999999997
 20
-92.2224
 10
507.54019999999997
 20
-91.02239999999999
 10
507.3402
 20
-91.02239999999999
  0
TEXT
  5
27A
330
17
100
AcDbEntity
  8
ETIQUETAS
100
AcDbText
 10
507.4402
 20
-91.6224
 30
0.0
 40
0.044000000000000004
  1
PA-R-177
 72
1
 11
507.4402
 21
-91.6224
 31
0.0
100
AcDbText
 73
2
  0
LWPOLYLINE
  5
27B
330
17
100
AcDbEntity
  8
ROYAL-COMPLETAS
100
AcDbPolyline
 90
4
 70
1
 10
507.1392
 20
-91.6219
 10
507.3392
 20
-91.6219
 10
507.3392
 20
-90.4219
 10
507.1392
 20
-90.4219
  0
TEXT
  5
27C
330
17
100
AcDbEntity
  8
ETIQUETAS
100
AcDbText
 10
507.2392
 20
-91.0219
 30
0.0
 40
0.044000000000000004
  1
PA-R-167
 72
1
 11
507.2392
 21
-91.0219
 31
0.0
100
AcDbText
 73
2
  0
LWPOLYLINE
  5
27D
330
17
100
AcDbEntity
  8
ROYAL-COMPLETAS
100
AcDbPolyline
 90
4
 70
1
 10
506.9382
 20
-92.2224
 10
507.1382
 20
-92.2224
 10
507.1382
 20
-91.02239999999999
 10
506.9382
 20
-91.02239999999999
  0
TEXT
  5
27E
330
17
100
AcDbEntity
  8
ETIQUETAS
100
AcDbText
 10
507.0382
 20
-91.6224
 30
0.0
 40
0.044000000000000004
  1
PA-R-176
 72
1
 11
507.0382
 21
-91.6224
 31
0.0
100
AcDbText
 73
2
  0
LWPOLYLINE
  5
27F
330
17
100
AcDbEntity
  8
ROYAL-COMPLETAS
100
AcDbPolyline
 90
4
 70
1
 10
506.7372
 20
-91.6219
 10
506.93719999999996
 20
-91.6219
 10
506.93719999999996
 20
-90.4219
 10
506.7372
 20
-90.4219
  0
TEXT
  5
280
330
17
100
AcDbEntity
  8
ETIQUETAS
100
AcDbText
 10
506.8372
 20
-91.0219
 30
0.0
 40
0.044000000000000004
  1
PA-R-166
 72
1
 11
506.8372
 21
-91.0219
 31
0.0
100
AcDbText
 73
2
  0
LWPOLYLINE
  5
281
330
17
100
AcDbEntity
  8
ROYAL-COMPLETAS
100
AcDbPolyline
 90
4
 70
1
 10
506.5362
 20
-92.2224
 10
506.7362
 20
-92.2224
 10
506.7362
 20
-91.02239999999999
 10
506.5362
 20
-91.02239999999999
  0
TEXT
  5
282
330
17
100
AcDbEntity
  8
ETIQUETAS
100
AcDbText
 10
506.6362
 20
-91.6224
 30
0.0
 40
0.044000000000000004
  1
PA-R-175
 72
1
 11
506.6362
 21
-91.6224
 31
0.0
100
AcDbText
 73
2
  0
LWPOLYLINE
  5
283
330
17
100
AcDbEntity
  8
ROYAL-COMPLETAS
100
AcDbPolyline
 90
4
 70
1
 10
506.3352
 20
-91.6219
 10
506.5352
 20
-91.6219
 10
506.5352
 20
-90.4219
 10
506.3352
 20
-90.4219
  0
TEXT
  5
284
330
17
100
AcDbEntity
  8
ETIQUETAS
100
AcDbText
 10
506.4352
 20
-91.0219
 30
0.0
 40
0.044000000000000004
  1
PA-R-165
 72
1
 11
506.4352
 21
-91.0219
 31
0.0
100
AcDbText
 73
2
  0
LWPOLYLINE
  5
285
330
17
100
AcDbEntity
  8
ROYAL-COMPLETAS
100
AcDbPolyline
 90
4
 70
1
 10
506.1342
 20
-92.2224
 10
506.3342
 20
-92.2224
 10
506.3342
 20
-91.02239999999999
 10
506.1342
 20
-91.02239999999999
  0
TEXT
  5
286
330
17
100
AcDbEntity
  8
ETIQUETAS
100
AcDbText
 10
506.2342
 20
-91.6224
 30
0.0
 40
0.044000000000000004
  1
PA-R-174
 72
1
 11
506.2342
 21
-91.6224
 31
0.0
100
AcDbText
 73
2
  0
LWPOLYLINE
  5
287
330
17
100
AcDbEntity
  8
ROYAL-COMPLETAS
100
AcDbPolyline
 90
4
 70
1
 10
505.9332
 20
-91.6219
 10
506.1332
 20
-91.6219
 10
506.1332
 20
-90.4219
 10
505.9332
 20
-90.4219
  0
TEXT
  5
288
330
17
100
AcDbEntity
  8
ETIQUETAS
100
AcDbText
 10
506.0332
 20
-91.0219
 30
0.0
 40
0.044000000000000004
  1
PA-R-164
 72
1
 11
506.0332
 21
-91.0219
 31
0.0
100
AcDbText
 73
2
  0
LWPOLYLINE
  5
289
330
17
100
AcDbEntity
  8
ROYAL-COMPLETAS
100
AcDbPolyline
 90
4
 70
1
 10
505.7322
 20
-92.2224
 10
505.93219999999997
 20
-92.2224
 10
505.93219999999997
 20
-91.02239999999999
 10
505.7322
 20
-91.02239999999999
  0
TEXT
  5
28A
330
17
100
AcDbEntity
  8
ETIQUETAS
100
AcDbText
 10
505.8322
 20
-91.6224
 30
0.0
 40
0.044000000000000004
  1
PA-R-173
 72
1
 11
505.8322
 21
-91.6224
 31
0.0
100
AcDbText
 73
2
  0
LWPOLYLINE
  5
28B
330
17
100
AcDbEntity
  8
ROYAL-COMPLETAS
100
AcDbPolyline
 90
4
 70
1
 10
505.5312
 20
-91.6219
 10
505.7312
 20
-91.6219
 10
505.7312
 20
-90.4219
 10
505.5312
 20
-90.4219
  0
TEXT
  5
28C
330
17
100
AcDbEntity
  8
ETIQUETAS
100
AcDbText
 10
505.6312
 20
-91.0219
 30
0.0
 40
0.044000000000000004
  1
PA-R-163
 72
1
 11
505.6312
 21
-91.0219
 31
0.0
100
AcDbText
 73
2
  0
LWPOLYLINE
  5
28D
330
17
100
AcDbEntity
  8
ROYAL-COMPLETAS
100
AcDbPolyline
 90
4
 70
1
 10
505.3302
 20
-92.2224
 10
505.5302
 20
-92.2224
 10
505.5302
 20
-91.02239999999999
 10
505.3302
 20
-91.02239999999999
  0
TEXT
  5
28E
330
17
100
AcDbEntity
  8
ETIQUETAS
100
AcDbText
 10
505.4302
 20
-91.6224
 30
0.0
 40
0.044000000000000004
  1
PA-R-172
 72
1
 11
505.4302
 21
-91.6224
 31
0.0
100
AcDbText
 73
2
  0
LWPOLYLINE
  5
28F
330
17
100
AcDbEntity
  8
ROYAL-COMPLETAS
100
AcDbPolyline
 90
4
 70
1
 10
505.1292
 20
-91.6219
 10
505.3292
 20
-91.6219
 10
505.3292
 20
-90.4219
 10
505.1292
 20
-90.4219
  0
TEXT
  5
290
330
17
100
AcDbEntity
  8
ETIQUETAS
100
AcDbText
 10
505.2292
 20
-91.0219
 30
0.0
 40
0.044000000000000004
  1
PA-R-162
 72
1
 11
505.2292
 21
-91.0219
 31
0.0
100
AcDbText
 73
2
  0
LWPOLYLINE
  5
291
330
17
100
AcDbEntity
  8
ROYAL-COMPLETAS
100
AcDbPolyline
 90
4
 70
1
 10
504.9282
 20
-92.2224
 10
505.1282
 20
-92.2224
 10
505.1282
 20
-91.02239999999999
 10
504.9282
 20
-91.02239999999999
  0
TEXT
  5
292
330
17
100
AcDbEntity
  8
ETIQUETAS
100
AcDbText
 10
505.0282
 20
-91.6224
 30
0.0
 40
0.044000000000000004
  1
PA-R-171
 72
1
 11
505.0282
 21
-91.6224
 31
0.0
100
AcDbText
 73
2
  0
LWPOLYLINE
  5
293
330
17
100
AcDbEntity
  8
ROYAL-COMPLETAS
100
AcDbPolyline
 90
4
 70
1
 10
504.7272
 20
-91.6219
 10
504.92719999999997
 20
-91.6219
 10
504.92719999999997
 20
-90.4219
 10
504.7272
 20
-90.4219
  0
TEXT
  5
294
330
17
100
AcDbEntity
  8
ETIQUETAS
100
AcDbText
 10
504.8272
 20
-91.0219
 30
0.0
 40
0.044000000000000004
  1
PA-R-161
 72
1
 11
504.8272
 21
-91.0219
 31
0.0
100
AcDbText
 73
2
  0
LWPOLYLINE
  5
295
330
17
100
AcDbEntity
  8
ROYAL-COMPLETAS
100
AcDbPolyline
 90
4
 70
1
 10
504.5262
 20
-92.2224
 10
504.7262
 20
-92.2224
 10
504.7262
 20
-91.02239999999999
 10
504.5262
 20
-91.02239999999999
  0
TEXT
  5
296
330
17
100
AcDbEntity
  8
ETIQUETAS
100
AcDbText
 10
504.6262
 20
-91.6224
 30
0.0
 40
0.044000000000000004
  1
PA-R-170
 72
1
 11
504.6262
 21
-91.6224
 31
0.0
100
AcDbText
 73
2
  0
LWPOLYLINE
  5
297
330
17
100
AcDbEntity
  8
ROYAL-COMPLETAS
100
AcDbPolyline
 90
4
 70
1
 10
504.3252
 20
-91.6219
 10
504.5252
 20
-91.6219
 10
504.5252
 20
-90.4219
 10
504.3252
 20
-90.4219
  0
TEXT
  5
298
330
17
100
AcDbEntity
  8
ETIQUETAS
100
AcDbText
 10
504.4252
 20
-91.0219
 30
0.0
 40
0.044000000000000004
  1
PA-R-160
 72
1
 11
504.4252
 21
-91.0219
 31
0.0
100
AcDbText
 73
2
  0
LWPOLYLINE
  5
299
330
17
100
AcDbEntity
  8
ROYAL-COMPLETAS
100
AcDbPolyline
 90
4
 70
1
 10
504.1242
 20
-92.2224
 10
504.32419999999996
 20
-92.2224
 10
504.32419999999996
 20
-91.02239999999999
 10
504.1242
 20
-91.02239999999999
  0
TEXT
  5
29A
330
17
100
AcDbEntity
  8
ETIQUETAS
100
AcDbText
 10
504.2242
 20
-91.6224
 30
0.0
 40
0.044000000000000004
  1
PA-R-169
 72
1
 11
504.2242
 21
-91.6224
 31
0.0
100
AcDbText
 73
2
  0
LWPOLYLINE
  5
29B
330
17
100
AcDbEntity
  8
ROYAL-COMPLETAS
100
AcDbPolyline
 90
4
 70
1
 10
505.7322
 20
-91.0214
 10
505.93219999999997
 20
-91.0214
 10
505.93219999999997
 20
-89.8214
 10
505.7322
 20
-89.8214
  0
TEXT
  5
29C
330
17
100
AcDbEntity
  8
ETIQUETAS
100
AcDbText
 10
505.8322
 20
-90.4214
 30
0.0
 40
0.044000000000000004
  1
PA-R-151
 72
1
 11
505.8322
 21
-90.4214
 31
0.0
100
AcDbText
 73
2
  0
LWPOLYLINE
  5
29D
330
17
100
AcDbEntity
  8
ROYAL-COMPLETAS
100
AcDbPolyline
 90
4
 70
1
 10
505.3302
 20
-91.0214
 10
505.5302
 20
-91.0214
 10
505.5302
 20
-89.8214
 10
505.3302
 20
-89.8214
  0
TEXT
  5
29E
330
17
100
AcDbEntity
  8
ETIQUETAS
100
AcDbText
 10
505.4302
 20
-90.4214
 30
0.0
 40
0.044000000000000004
  1
PA-R-150
 72
1
 11
505.4302
 21
-90.4214
 31
0.0
100
AcDbText
 73
2
  0
LWPOLYLINE
  5
29F
330
17
100
AcDbEntity
  8
ROYAL-COMPLETAS
100
AcDbPolyline
 90
4
 70
1
 10
502.3642
 20
-86.1107
 10
502.56419999999997
 20
-86.1107
 10
502.56419999999997
 20
-84.91069999999999
 10
502.3642
 20
-84.91069999999999
  0
TEXT
  5
2A0
330
17
100
AcDbEntity
  8
ETIQUETAS
100
AcDbText
 10
502.4642
 20
-85.5107
 30
0.0
 40
0.044000000000000004
  1
PA-R-125
 72
1
 11
502.4642
 21
-85.5107
 31
0.0
100
AcDbText
 73
2
  0
LWPOLYLINE
  5
2A1
330
17
100
AcDbEntity
  8
ROYAL-COMPLETAS
100
AcDbPolyline
 90
4
 70
1
 10
502.3642
 20
-84.9097
 10
502.56419999999997
 20
-84.9097
 10
502.56419999999997
 20
-83.7097
 10
502.3642
 20
-83.7097
  0
TEXT
  5
2A2
330
17
100
AcDbEntity
  8
ETIQUETAS
100
AcDbText
 10
502.4642
 20
-84.3097
 30
0.0
 40
0.044000000000000004
  1
PA-R-085
 72
1
 11
502.4642
 21
-84.3097
 31
0.0
100
AcDbText
 73
2
  0
LWPOLYLINE
  5
2A3
330
17
100
AcDbEntity
  8
ROYAL-COMPLETAS
100
AcDbPolyline
 90
4
 70
1
 10
502.3642
 20
-83.7087
 10
502.56419999999997
 20
-83.7087
 10
502.56419999999997
 20
-82.50869999999999
 10
502.3642
 20
-82.50869999999999
  0
TEXT
  5
2A4
330
17
100
AcDbEntity
  8
ETIQUETAS
100
AcDbText
 10
502.4642
 20
-83.1087
 30
0.0
 40
0.044000000000000004
  1
PA-R-046
 72
1
 11
502.4642
 21
-83.1087
 31
0.0
100
AcDbText
 73
2
  0
LWPOLYLINE
  5
2A5
330
17
100
AcDbEntity
  8
MORET-RECORTES
100
AcDbPolyline
 90
4
 70
1
 10
497.3387
 20
-87.8604
 10
497.5787
 20
-87.8604
 10
497.5787
 20
-86.7389
 10
497.3387
 20
-86.7389
  0
TEXT
  5
2A6
330
17
100
AcDbEntity
  8
ETIQUETAS
100
AcDbText
 10
497.4587
 20
-87.2996
 30
0.0
 40
0.0528
  1
PB-M-072
 72
1
 11
497.4587
 21
-87.2996
 31
0.0
100
AcDbText
 73
2
  0
LWPOLYLINE
  5
2A7
330
17
100
AcDbEntity
  8
MORET-RECORTES
100
AcDbPolyline
 90
4
 70
1
 10
497.3387
 20
-91.4604
 10
497.5787
 20
-91.4604
 10
497.5787
 20
-90.3404
 10
497.3387
 20
-90.3404
  0
TEXT
  5
2A8
330
17
100
AcDbEntity
  8
ETIQUETAS
100
AcDbText
 10
497.4587
 20
-90.9004
 30
0.0
 40
0.0528
  1
PB-M-124
 72
1
 11
497.4587
 21
-90.9004
 31
0.0
100
AcDbText
 73
2
  0
LWPOLYLINE
  5
2A9
330
17
100
AcDbEntity
  8
MORET-RECORTES
100
AcDbPolyline
 90
4
 70
1
 10
497.3387
 20
-84.3449
 10
497.5787
 20
-84.3449
 10
497.5787
 20
-83.26039999999999
 10
497.3387
 20
-83.26039999999999
  0
TEXT
  5
2AA
330
17
100
AcDbEntity
  8
ETIQUETAS
100
AcDbText
 10
497.4587
 20
-83.8026
 30
0.0
 40
0.0528
  1
PB-M-042
 72
1
 11
497.4587
 21
-83.8026
 31
0.0
100
AcDbText
 73
2
  0
LWPOLYLINE
  5
2AB
330
17
100
AcDbEntity
  8
MORET-RECORTES
100
AcDbPolyline
 90
4
 70
1
 10
497.3387
 20
-92.53
 10
497.579
 20
-92.53
 10
497.579
 20
-91.462
 10
497.3387
 20
-91.462
  0
TEXT
  5
2AC
330
17
100
AcDbEntity
  8
ETIQUETAS
100
AcDbText
 10
497.4589
 20
-91.996
 30
0.0
 40
0.052866
  1
PB-M-138
 72
1
 11
497.4589
 21
-91.996
 31
0.0
100
AcDbText
 73
2
  0
LWPOLYLINE
  5
2AD
330
17
100
AcDbEntity
  8
MORET-RECORTES
100
AcDbPolyline
 90
4
 70
1
 10
503.9433
 20
-85.4965
 10
504.46720000000005
 20
-85.4965
 10
504.46720000000005
 20
-85.06
 10
503.9433
 20
-85.06
  0
TEXT
  5
2AE
330
17
100
AcDbEntity
  8
ETIQUETAS
100
AcDbText
 10
504.2053
 20
-85.2782
 30
0.0
 40
0.055
  1
PA-M-003
 72
1
 11
504.2053
 21
-85.2782
 31
0.0
100
AcDbText
 73
2
  0
LWPOLYLINE
  5
2AF
330
17
100
AcDbEntity
  8
ROYAL-RECORTES
100
AcDbPolyline
 90
4
 70
1
 10
507.3402
 20
-91.0214
 10
507.54019999999997
 20
-91.0214
 10
507.54019999999997
 20
-89.9104
 10
507.3402
 20
-89.9104
  0
TEXT
  5
2B0
330
17
100
AcDbEntity
  8
ETIQUETAS
100
AcDbText
 10
507.4402
 20
-90.4659
 30
0.0
 40
0.044000000000000004
  1
PA-R-158
 72
1
 11
507.4402
 21
-90.4659
 31
0.0
100
AcDbText
 73
2
  0
LWPOLYLINE
  5
2B1
330
17
100
AcDbEntity
  8
ROYAL-RECORTES
100
AcDbPolyline
 90
4
 70
1
 10
506.9382
 20
-91.0214
 10
507.1382
 20
-91.0214
 10
507.1382
 20
-89.9104
 10
506.9382
 20
-89.9104
  0
TEXT
  5
2B2
330
17
100
AcDbEntity
  8
ETIQUETAS
100
AcDbText
 10
507.0382
 20
-90.4659
 30
0.0
 40
0.044000000000000004
  1
PA-R-157
 72
1
 11
507.0382
 21
-90.4659
 31
0.0
100
AcDbText
 73
2
  0
LWPOLYLINE
  5
2B3
330
17
100
AcDbEntity
  8
ROYAL-RECORTES
100
AcDbPolyline
 90
4
 70
1
 10
506.5362
 20
-91.0214
 10
506.7362
 20
-91.0214
 10
506.7362
 20
-89.9104
 10
506.5362
 20
-89.9104
  0
TEXT
  5
2B4
330
17
100
AcDbEntity
  8
ETIQUETAS
100
AcDbText
 10
506.6362
 20
-90.4659
 30
0.0
 40
0.044000000000000004
  1
PA-R-156
 72
1
 11
506.6362
 21
-90.4659
 31
0.0
100
AcDbText
 73
2
  0
LWPOLYLINE
  5
2B5
330
17
100
AcDbEntity
  8
ROYAL-RECORTES
100
AcDbPolyline
 90
4
 70
1
 10
506.1342
 20
-91.0214
 10
506.3342
 20
-91.0214
 10
506.3342
 20
-89.9104
 10
506.1342
 20
-89.9104
  0
TEXT
  5
2B6
330
17
100
AcDbEntity
  8
ETIQUETAS
100
AcDbText
 10
506.2342
 20
-90.4659
 30
0.0
 40
0.044000000000000004
  1
PA-R-155
 72
1
 11
506.2342
 21
-90.4659
 31
0.0
100
AcDbText
 73
2
  0
LWPOLYLINE
  5
2B7
330
17
100
AcDbEntity
  8
ROYAL-RECORTES
100
AcDbPolyline
 90
4
 70
1
 10
504.9282
 20
-91.0214
 10
505.1282
 20
-91.0214
 10
505.1282
 20
-89.9104
 10
504.9282
 20
-89.9104
  0
TEXT
  5
2B8
330
17
100
AcDbEntity
  8
ETIQUETAS
100
AcDbText
 10
505.0282
 20
-90.4659
 30
0.0
 40
0.044000000000000004
  1
PA-R-154
 72
1
 11
505.0282
 21
-90.4659
 31
0.0
100
AcDbText
 73
2
  0
LWPOLYLINE
  5
2B9
330
17
100
AcDbEntity
  8
ROYAL-RECORTES
100
AcDbPolyline
 90
4
 70
1
 10
504.5262
 20
-91.0214
 10
504.7262
 20
-91.0214
 10
504.7262
 20
-89.9104
 10
504.5262
 20
-89.9104
  0
TEXT
  5
2BA
330
17
100
AcDbEntity
  8
ETIQUETAS
100
AcDbText
 10
504.6262
 20
-90.4659
 30
0.0
 40
0.044000000000000004
  1
PA-R-153
 72
1
 11
504.6262
 21
-90.4659
 31
0.0
100
AcDbText
 73
2
  0
LWPOLYLINE
  5
2BB
330
17
100
AcDbEntity
  8
ROYAL-RECORTES
100
AcDbPolyline
 90
4
 70
1
 10
504.1242
 20
-91.0214
 10
504.32419999999996
 20
-91.0214
 10
504.32419999999996
 20
-89.9104
 10
504.1242
 20
-89.9104
  0
TEXT
  5
2BC
330
17
100
AcDbEntity
  8
ETIQUETAS
100
AcDbText
 10
504.2242
 20
-90.4659
 30
0.0
 40
0.044000000000000004
  1
PA-R-152
 72
1
 11
504.2242
 21
-90.4659
 31
0.0
100
AcDbText
 73
2
  0
LWPOLYLINE
  5
2BD
330
17
100
AcDbEntity
  8
ROYAL-RECORTES
100
AcDbPolyline
 90
4
 70
1
 10
507.3672
 20
-84.8804
 10
507.5672
 20
-84.8804
 10
507.5672
 20
-83.77029999999999
 10
507.3672
 20
-83.77029999999999
  0
TEXT
  5
2BE
330
17
100
AcDbEntity
  8
ETIQUETAS
100
AcDbText
 10
507.4672
 20
-84.3254
 30
0.0
 40
0.044000000000000004
  1
PA-R-095
 72
1
 11
507.4672
 21
-84.3254
 31
0.0
100
AcDbText
 73
2
  0
LWPOLYLINE
  5
2BF
330
17
100
AcDbEntity
  8
ROYAL-RECORTES
100
AcDbPolyline
 90
4
 70
1
 10
506.9652
 20
-84.8804
 10
507.16519999999997
 20
-84.8804
 10
507.16519999999997
 20
-83.77029999999999
 10
506.9652
 20
-83.77029999999999
  0
TEXT
  5
2C0
330
17
100
AcDbEntity
  8
ETIQUETAS
100
AcDbText
 10
507.0652
 20
-84.3254
 30
0.0
 40
0.044000000000000004
  1
PA-R-094
 72
1
 11
507.0652
 21
-84.3254
 31
0.0
100
AcDbText
 73
2
  0
LWPOLYLINE
  5
2C1
330
17
100
AcDbEntity
  8
ROYAL-RECORTES
100
AcDbPolyline
 90
4
 70
1
 10
506.5632
 20
-84.8804
 10
506.7632
 20
-84.8804
 10
506.7632
 20
-83.77029999999999
 10
506.5632
 20
-83.77029999999999
  0
TEXT
  5
2C2
330
17
100
AcDbEntity
  8
ETIQUETAS
100
AcDbText
 10
506.6632
 20
-84.3254
 30
0.0
 40
0.044000000000000004
  1
PA-R-093
 72
1
 11
506.6632
 21
-84.3254
 31
0.0
100
AcDbText
 73
2
  0
LWPOLYLINE
  5
2C3
330
17
100
AcDbEntity
  8
ROYAL-RECORTES
100
AcDbPolyline
 90
4
 70
1
 10
506.1612
 20
-84.8804
 10
506.3612
 20
-84.8804
 10
506.3612
 20
-83.77029999999999
 10
506.1612
 20
-83.77029999999999
  0
TEXT
  5
2C4
330
17
100
AcDbEntity
  8
ETIQUETAS
100
AcDbText
 10
506.2612
 20
-84.3254
 30
0.0
 40
0.044000000000000004
  1
PA-R-092
 72
1
 11
506.2612
 21
-84.3254
 31
0.0
100
AcDbText
 73
2
  0
LWPOLYLINE
  5
2C5
330
17
100
AcDbEntity
  8
ROYAL-RECORTES
100
AcDbPolyline
 90
4
 70
1
 10
505.7592
 20
-84.8804
 10
505.9592
 20
-84.8804
 10
505.9592
 20
-83.77029999999999
 10
505.7592
 20
-83.77029999999999
  0
TEXT
  5
2C6
330
17
100
AcDbEntity
  8
ETIQUETAS
100
AcDbText
 10
505.8592
 20
-84.3254
 30
0.0
 40
0.044000000000000004
  1
PA-R-091
 72
1
 11
505.8592
 21
-84.3254
 31
0.0
100
AcDbText
 73
2
  0
LWPOLYLINE
  5
2C7
330
17
100
AcDbEntity
  8
ROYAL-RECORTES
100
AcDbPolyline
 90
4
 70
1
 10
505.3572
 20
-84.8804
 10
505.55719999999997
 20
-84.8804
 10
505.55719999999997
 20
-83.77029999999999
 10
505.3572
 20
-83.77029999999999
  0
TEXT
  5
2C8
330
17
100
AcDbEntity
  8
ETIQUETAS
100
AcDbText
 10
505.4572
 20
-84.3254
 30
0.0
 40
0.044000000000000004
  1
PA-R-090
 72
1
 11
505.4572
 21
-84.3254
 31
0.0
100
AcDbText
 73
2
  0
LWPOLYLINE
  5
2C9
330
17
100
AcDbEntity
  8
ROYAL-RECORTES
100
AcDbPolyline
 90
4
 70
1
 10
504.9552
 20
-84.8804
 10
505.1552
 20
-84.8804
 10
505.1552
 20
-83.77029999999999
 10
504.9552
 20
-83.77029999999999
  0
TEXT
  5
2CA
330
17
100
AcDbEntity
  8
ETIQUETAS
100
AcDbText
 10
505.0552
 20
-84.3254
 30
0.0
 40
0.044000000000000004
  1
PA-R-089
 72
1
 11
505.0552
 21
-84.3254
 31
0.0
100
AcDbText
 73
2
  0
LWPOLYLINE
  5
2CB
330
17
100
AcDbEntity
  8
ROYAL-RECORTES
100
AcDbPolyline
 90
4
 70
1
 10
504.5532
 20
-84.8804
 10
504.7532
 20
-84.8804
 10
504.7532
 20
-83.77029999999999
 10
504.5532
 20
-83.77029999999999
  0
TEXT
  5
2CC
330
17
100
AcDbEntity
  8
ETIQUETAS
100
AcDbText
 10
504.6532
 20
-84.3254
 30
0.0
 40
0.044000000000000004
  1
PA-R-088
 72
1
 11
504.6532
 21
-84.3254
 31
0.0
100
AcDbText
 73
2
  0
LWPOLYLINE
  5
2CD
330
17
100
AcDbEntity
  8
ROYAL-RECORTES
100
AcDbPolyline
 90
4
 70
1
 10
504.1512
 20
-84.8804
 10
504.3512
 20
-84.8804
 10
504.3512
 20
-83.77029999999999
 10
504.1512
 20
-83.77029999999999
  0
TEXT
  5
2CE
330
17
100
AcDbEntity
  8
ETIQUETAS
100
AcDbText
 10
504.2512
 20
-84.3254
 30
0.0
 40
0.044000000000000004
  1
PA-R-087
 72
1
 11
504.2512
 21
-84.3254
 31
0.0
100
AcDbText
 73
2
  0
LWPOLYLINE
  5
2CF
330
17
100
AcDbEntity
  8
ROYAL-RECORTES
100
AcDbPolyline
 90
4
 70
1
 10
503.7492
 20
-84.8804
 10
503.94919999999996
 20
-84.8804
 10
503.94919999999996
 20
-83.77029999999999
 10
503.7492
 20
-83.77029999999999
  0
TEXT
  5
2D0
330
17
100
AcDbEntity
  8
ETIQUETAS
100
AcDbText
 10
503.8492
 20
-84.3254
 30
0.0
 40
0.044000000000000004
  1
PA-R-086
 72
1
 11
503.8492
 21
-84.3254
 31
0.0
100
AcDbText
 73
2
  0
LWPOLYLINE
  5
2D1
330
17
100
AcDbEntity
  8
ROYAL-RECORTES
100
AcDbPolyline
 90
4
 70
1
 10
507.3402
 20
-93.3304
 10
507.54019999999997
 20
-93.3304
 10
507.54019999999997
 20
-92.2234
 10
507.3402
 20
-92.2234
  0
TEXT
  5
2D2
330
17
100
AcDbEntity
  8
ETIQUETAS
100
AcDbText
 10
507.4402
 20
-92.7769
 30
0.0
 40
0.044000000000000004
  1
PA-R-196
 72
1
 11
507.4402
 21
-92.7769
 31
0.0
100
AcDbText
 73
2
  0
LWPOLYLINE
  5
2D3
330
17
100
AcDbEntity
  8
ROYAL-RECORTES
100
AcDbPolyline
 90
4
 70
1
 10
506.9382
 20
-93.3304
 10
507.1382
 20
-93.3304
 10
507.1382
 20
-92.2234
 10
506.9382
 20
-92.2234
  0
TEXT
  5
2D4
330
17
100
AcDbEntity
  8
ETIQUETAS
100
AcDbText
 10
507.0382
 20
-92.7769
 30
0.0
 40
0.044000000000000004
  1
PA-R-195
 72
1
 11
507.0382
 21
-92.7769
 31
0.0
100
AcDbText
 73
2
  0
LWPOLYLINE
  5
2D5
330
17
100
AcDbEntity
  8
ROYAL-RECORTES
100
AcDbPolyline
 90
4
 70
1
 10
506.5362
 20
-93.3304
 10
506.7362
 20
-93.3304
 10
506.7362
 20
-92.2234
 10
506.5362
 20
-92.2234
  0
TEXT
  5
2D6
330
17
100
AcDbEntity
  8
ETIQUETAS
100
AcDbText
 10
506.6362
 20
-92.7769
 30
0.0
 40
0.044000000000000004
  1
PA-R-194
 72
1
 11
506.6362
 21
-92.7769
 31
0.0
100
AcDbText
 73
2
  0
LWPOLYLINE
  5
2D7
330
17
100
AcDbEntity
  8
ROYAL-RECORTES
100
AcDbPolyline
 90
4
 70
1
 10
506.1342
 20
-93.3304
 10
506.3342
 20
-93.3304
 10
506.3342
 20
-92.2234
 10
506.1342
 20
-92.2234
  0
TEXT
  5
2D8
330
17
100
AcDbEntity
  8
ETIQUETAS
100
AcDbText
 10
506.2342
 20
-92.7769
 30
0.0
 40
0.044000000000000004
  1
PA-R-193
 72
1
 11
506.2342
 21
-92.7769
 31
0.0
100
AcDbText
 73
2
  0
LWPOLYLINE
  5
2D9
330
17
100
AcDbEntity
  8
ROYAL-RECORTES
100
AcDbPolyline
 90
4
 70
1
 10
505.7322
 20
-93.3304
 10
505.93219999999997
 20
-93.3304
 10
505.93219999999997
 20
-92.2234
 10
505.7322
 20
-92.2234
  0
TEXT
  5
2DA
330
17
100
AcDbEntity
  8
ETIQUETAS
100
AcDbText
 10
505.8322
 20
-92.7769
 30
0.0
 40
0.044000000000000004
  1
PA-R-192
 72
1
 11
505.8322
 21
-92.7769
 31
0.0
100
AcDbText
 73
2
  0
LWPOLYLINE
  5
2DB
330
17
100
AcDbEntity
  8
ROYAL-RECORTES
100
AcDbPolyline
 90
4
 70
1
 10
505.3302
 20
-93.3304
 10
505.5302
 20
-93.3304
 10
505.5302
 20
-92.2234
 10
505.3302
 20
-92.2234
  0
TEXT
  5
2DC
330
17
100
AcDbEntity
  8
ETIQUETAS
100
AcDbText
 10
505.4302
 20
-92.7769
 30
0.0
 40
0.044000000000000004
  1
PA-R-191
 72
1
 11
505.4302
 21
-92.7769
 31
0.0
100
AcDbText
 73
2
  0
LWPOLYLINE
  5
2DD
330
17
100
AcDbEntity
  8
ROYAL-RECORTES
100
AcDbPolyline
 90
4
 70
1
 10
504.9282
 20
-93.3304
 10
505.1282
 20
-93.3304
 10
505.1282
 20
-92.2234
 10
504.9282
 20
-92.2234
  0
TEXT
  5
2DE
330
17
100
AcDbEntity
  8
ETIQUETAS
100
AcDbText
 10
505.0282
 20
-92.7769
 30
0.0
 40
0.044000000000000004
  1
PA-R-190
 72
1
 11
505.0282
 21
-92.7769
 31
0.0
100
AcDbText
 73
2
  0
LWPOLYLINE
  5
2DF
330
17
100
AcDbEntity
  8
ROYAL-RECORTES
100
AcDbPolyline
 90
4
 70
1
 10
504.5262
 20
-93.3304
 10
504.7262
 20
-93.3304
 10
504.7262
 20
-92.2234
 10
504.5262
 20
-92.2234
  0
TEXT
  5
2E0
330
17
100
AcDbEntity
  8
ETIQUETAS
100
AcDbText
 10
504.6262
 20
-92.7769
 30
0.0
 40
0.044000000000000004
  1
PA-R-189
 72
1
 11
504.6262
 21
-92.7769
 31
0.0
100
AcDbText
 73
2
  0
LWPOLYLINE
  5
2E1
330
17
100
AcDbEntity
  8
ROYAL-RECORTES
100
AcDbPolyline
 90
4
 70
1
 10
504.1242
 20
-93.3304
 10
504.32419999999996
 20
-93.3304
 10
504.32419999999996
 20
-92.2234
 10
504.1242
 20
-92.2234
  0
TEXT
  5
2E2
330
17
100
AcDbEntity
  8
ETIQUETAS
100
AcDbText
 10
504.2242
 20
-92.7769
 30
0.0
 40
0.044000000000000004
  1
PA-R-188
 72
1
 11
504.2242
 21
-92.7769
 31
0.0
100
AcDbText
 73
2
  0
LWPOLYLINE
  5
2E3
330
17
100
AcDbEntity
  8
ROYAL-RECORTES
100
AcDbPolyline
 90
4
 70
1
 10
507.5682
 20
-83.1689
 10
507.7682
 20
-83.1689
 10
507.7682
 20
-82.09049999999999
 10
507.5682
 20
-82.09049999999999
  0
TEXT
  5
2E4
330
17
100
AcDbEntity
  8
ETIQUETAS
100
AcDbText
 10
507.6682
 20
-82.6297
 30
0.0
 40
0.044000000000000004
  1
PA-R-039
 72
1
 11
507.6682
 21
-82.6297
 31
0.0
100
AcDbText
 73
2
  0
LWPOLYLINE
  5
2E5
330
17
100
AcDbEntity
  8
ROYAL-RECORTES
100
AcDbPolyline
 90
4
 70
1
 10
507.1662
 20
-83.1689
 10
507.3662
 20
-83.1689
 10
507.3662
 20
-82.09049999999999
 10
507.1662
 20
-82.09049999999999
  0
TEXT
  5
2E6
330
17
100
AcDbEntity
  8
ETIQUETAS
100
AcDbText
 10
507.2662
 20
-82.6297
 30
0.0
 40
0.044000000000000004
  1
PA-R-038
 72
1
 11
507.2662
 21
-82.6297
 31
0.0
100
AcDbText
 73
2
  0
LWPOLYLINE
  5
2E7
330
17
100
AcDbEntity
  8
ROYAL-RECORTES
100
AcDbPolyline
 90
4
 70
1
 10
506.7642
 20
-83.1689
 10
506.9642
 20
-83.1689
 10
506.9642
 20
-82.09049999999999
 10
506.7642
 20
-82.09049999999999
  0
TEXT
  5
2E8
330
17
100
AcDbEntity
  8
ETIQUETAS
100
AcDbText
 10
506.8642
 20
-82.6297
 30
0.0
 40
0.044000000000000004
  1
PA-R-037
 72
1
 11
506.8642
 21
-82.6297
 31
0.0
100
AcDbText
 73
2
  0
LWPOLYLINE
  5
2E9
330
17
100
AcDbEntity
  8
ROYAL-RECORTES
100
AcDbPolyline
 90
4
 70
1
 10
506.3622
 20
-83.1689
 10
506.56219999999996
 20
-83.1689
 10
506.56219999999996
 20
-82.09049999999999
 10
506.3622
 20
-82.09049999999999
  0
TEXT
  5
2EA
330
17
100
AcDbEntity
  8
ETIQUETAS
100
AcDbText
 10
506.4622
 20
-82.6297
 30
0.0
 40
0.044000000000000004
  1
PA-R-036
 72
1
 11
506.4622
 21
-82.6297
 31
0.0
100
AcDbText
 73
2
  0
LWPOLYLINE
  5
2EB
330
17
100
AcDbEntity
  8
ROYAL-RECORTES
100
AcDbPolyline
 90
4
 70
1
 10
505.9602
 20
-83.1689
 10
506.1602
 20
-83.1689
 10
506.1602
 20
-82.09049999999999
 10
505.9602
 20
-82.09049999999999
  0
TEXT
  5
2EC
330
17
100
AcDbEntity
  8
ETIQUETAS
100
AcDbText
 10
506.0602
 20
-82.6297
 30
0.0
 40
0.044000000000000004
  1
PA-R-035
 72
1
 11
506.0602
 21
-82.6297
 31
0.0
100
AcDbText
 73
2
  0
LWPOLYLINE
  5
2ED
330
17
100
AcDbEntity
  8
ROYAL-RECORTES
100
AcDbPolyline
 90
4
 70
1
 10
505.5582
 20
-83.1689
 10
505.7582
 20
-83.1689
 10
505.7582
 20
-82.09049999999999
 10
505.5582
 20
-82.09049999999999
  0
TEXT
  5
2EE
330
17
100
AcDbEntity
  8
ETIQUETAS
100
AcDbText
 10
505.6582
 20
-82.6297
 30
0.0
 40
0.044000000000000004
  1
PA-R-034
 72
1
 11
505.6582
 21
-82.6297
 31
0.0
100
AcDbText
 73
2
  0
LWPOLYLINE
  5
2EF
330
17
100
AcDbEntity
  8
ROYAL-RECORTES
100
AcDbPolyline
 90
4
 70
1
 10
505.1562
 20
-83.1689
 10
505.3562
 20
-83.1689
 10
505.3562
 20
-82.09049999999999
 10
505.1562
 20
-82.09049999999999
  0
TEXT
  5
2F0
330
17
100
AcDbEntity
  8
ETIQUETAS
100
AcDbText
 10
505.2562
 20
-82.6297
 30
0.0
 40
0.044000000000000004
  1
PA-R-033
 72
1
 11
505.2562
 21
-82.6297
 31
0.0
100
AcDbText
 73
2
  0
LWPOLYLINE
  5
2F1
330
17
100
AcDbEntity
  8
ROYAL-RECORTES
100
AcDbPolyline
 90
4
 70
1
 10
504.7542
 20
-83.1689
 10
504.9542
 20
-83.1689
 10
504.9542
 20
-82.09049999999999
 10
504.7542
 20
-82.09049999999999
  0
TEXT
  5
2F2
330
17
100
AcDbEntity
  8
ETIQUETAS
100
AcDbText
 10
504.8542
 20
-82.6297
 30
0.0
 40
0.044000000000000004
  1
PA-R-032
 72
1
 11
504.8542
 21
-82.6297
 31
0.0
100
AcDbText
 73
2
  0
LWPOLYLINE
  5
2F3
330
17
100
AcDbEntity
  8
ROYAL-RECORTES
100
AcDbPolyline
 90
4
 70
1
 10
504.3522
 20
-83.1689
 10
504.55219999999997
 20
-83.1689
 10
504.55219999999997
 20
-82.09049999999999
 10
504.3522
 20
-82.09049999999999
  0
TEXT
  5
2F4
330
17
100
AcDbEntity
  8
ETIQUETAS
100
AcDbText
 10
504.4522
 20
-82.6297
 30
0.0
 40
0.044000000000000004
  1
PA-R-031
 72
1
 11
504.4522
 21
-82.6297
 31
0.0
100
AcDbText
 73
2
  0
LWPOLYLINE
  5
2F5
330
17
100
AcDbEntity
  8
ROYAL-RECORTES
100
AcDbPolyline
 90
4
 70
1
 10
503.9502
 20
-83.1689
 10
504.1502
 20
-83.1689
 10
504.1502
 20
-82.09049999999999
 10
503.9502
 20
-82.09049999999999
  0
TEXT
  5
2F6
330
17
100
AcDbEntity
  8
ETIQUETAS
100
AcDbText
 10
504.0502
 20
-82.6297
 30
0.0
 40
0.044000000000000004
  1
PA-R-030
 72
1
 11
504.0502
 21
-82.6297
 31
0.0
100
AcDbText
 73
2
  0
LWPOLYLINE
  5
2F7
330
17
100
AcDbEntity
  8
ROYAL-RECORTES
100
AcDbPolyline
 90
4
 70
1
 10
503.5482
 20
-83.1689
 10
503.7482
 20
-83.1689
 10
503.7482
 20
-82.09049999999999
 10
503.5482
 20
-82.09049999999999
  0
TEXT
  5
2F8
330
17
100
AcDbEntity
  8
ETIQUETAS
100
AcDbText
 10
503.6482
 20
-82.6297
 30
0.0
 40
0.044000000000000004
  1
PA-R-029
 72
1
 11
503.6482
 21
-82.6297
 31
0.0
100
AcDbText
 73
2
  0
LWPOLYLINE
  5
2F9
330
17
100
AcDbEntity
  8
ROYAL-RECORTES
100
AcDbPolyline
 90
4
 70
1
 10
503.1462
 20
-83.1689
 10
503.3462
 20
-83.1689
 10
503.3462
 20
-82.09049999999999
 10
503.1462
 20
-82.09049999999999
  0
TEXT
  5
2FA
330
17
100
AcDbEntity
  8
ETIQUETAS
100
AcDbText
 10
503.2462
 20
-82.6297
 30
0.0
 40
0.044000000000000004
  1
PA-R-028
 72
1
 11
503.2462
 21
-82.6297
 31
0.0
100
AcDbText
 73
2
  0
LWPOLYLINE
  5
2FB
330
17
100
AcDbEntity
  8
ROYAL-RECORTES
100
AcDbPolyline
 90
4
 70
1
 10
502.7442
 20
-83.1689
 10
502.94419999999997
 20
-83.1689
 10
502.94419999999997
 20
-82.09049999999999
 10
502.7442
 20
-82.09049999999999
  0
TEXT
  5
2FC
330
17
100
AcDbEntity
  8
ETIQUETAS
100
AcDbText
 10
502.8442
 20
-82.6297
 30
0.0
 40
0.044000000000000004
  1
PA-R-027
 72
1
 11
502.8442
 21
-82.6297
 31
0.0
100
AcDbText
 73
2
  0
LWPOLYLINE
  5
2FD
330
17
100
AcDbEntity
  8
ROYAL-RECORTES
100
AcDbPolyline
 90
4
 70
1
 10
499.7742
 20
-85.5099
 10
499.95120000000003
 20
-85.5099
 10
499.95120000000003
 20
-84.3099
 10
499.7742
 20
-84.3099
  0
TEXT
  5
2FE
330
17
100
AcDbEntity
  8
ETIQUETAS
100
AcDbText
 10
499.8627
 20
-84.9099
 30
0.0
 40
0.038939999999999995
  1
PA-R-111
 72
1
 11
499.8627
 21
-84.9099
 31
0.0
100
AcDbText
 73
2
  0
LWPOLYLINE
  5
2FF
330
17
100
AcDbEntity
  8
ROYAL-RECORTES
100
AcDbPolyline
 90
4
 70
1
 10
499.7742
 20
-84.3089
 10
499.95120000000003
 20
-84.3089
 10
499.95120000000003
 20
-83.10889999999999
 10
499.7742
 20
-83.10889999999999
  0
TEXT
  5
300
330
17
100
AcDbEntity
  8
ETIQUETAS
100
AcDbText
 10
499.8627
 20
-83.7089
 30
0.0
 40
0.038939999999999995
  1
PA-R-059
 72
1
 11
499.8627
 21
-83.7089
 31
0.0
100
AcDbText
 73
2
  0
LWPOLYLINE
  5
301
330
17
100
AcDbEntity
  8
ROYAL-RECORTES
100
AcDbPolyline
 90
4
 70
1
 10
502.1632
 20
-86.5604
 10
502.3632
 20
-86.5604
 10
502.3632
 20
-85.5109
 10
502.1632
 20
-85.5109
  0
TEXT
  5
302
330
17
100
AcDbEntity
  8
ETIQUETAS
100
AcDbText
 10
502.2632
 20
-86.0357
 30
0.0
 40
0.044000000000000004
  1
PA-R-132
 72
1
 11
502.2632
 21
-86.0357
 31
0.0
100
AcDbText
 73
2
  0
LWPOLYLINE
  5
303
330
17
100
AcDbEntity
  8
ROYAL-RECORTES
100
AcDbPolyline
 90
4
 70
1
 10
501.7612
 20
-86.5604
 10
501.96119999999996
 20
-86.5604
 10
501.96119999999996
 20
-85.5109
 10
501.7612
 20
-85.5109
  0
TEXT
  5
304
330
17
100
AcDbEntity
  8
ETIQUETAS
100
AcDbText
 10
501.8612
 20
-86.0357
 30
0.0
 40
0.044000000000000004
  1
PA-R-131
 72
1
 11
501.8612
 21
-86.0357
 31
0.0
100
AcDbText
 73
2
  0
LWPOLYLINE
  5
305
330
17
100
AcDbEntity
  8
ROYAL-RECORTES
100
AcDbPolyline
 90
4
 70
1
 10
501.3592
 20
-86.5604
 10
501.5592
 20
-86.5604
 10
501.5592
 20
-85.5109
 10
501.3592
 20
-85.5109
  0
TEXT
  5
306
330
17
100
AcDbEntity
  8
ETIQUETAS
100
AcDbText
 10
501.4592
 20
-86.0357
 30
0.0
 40
0.044000000000000004
  1
PA-R-130
 72
1
 11
501.4592
 21
-86.0357
 31
0.0
100
AcDbText
 73
2
  0
LWPOLYLINE
  5
307
330
17
100
AcDbEntity
  8
ROYAL-RECORTES
100
AcDbPolyline
 90
4
 70
1
 10
500.9572
 20
-86.5604
 10
501.1572
 20
-86.5604
 10
501.1572
 20
-85.5109
 10
500.9572
 20
-85.5109
  0
TEXT
  5
308
330
17
100
AcDbEntity
  8
ETIQUETAS
100
AcDbText
 10
501.0572
 20
-86.0357
 30
0.0
 40
0.044000000000000004
  1
PA-R-129
 72
1
 11
501.0572
 21
-86.0357
 31
0.0
100
AcDbText
 73
2
  0
LWPOLYLINE
  5
309
330
17
100
AcDbEntity
  8
ROYAL-RECORTES
100
AcDbPolyline
 90
4
 70
1
 10
500.5552
 20
-86.5604
 10
500.7552
 20
-86.5604
 10
500.7552
 20
-85.5109
 10
500.5552
 20
-85.5109
  0
TEXT
  5
30A
330
17
100
AcDbEntity
  8
ETIQUETAS
100
AcDbText
 10
500.6552
 20
-86.0357
 30
0.0
 40
0.044000000000000004
  1
PA-R-128
 72
1
 11
500.6552
 21
-86.0357
 31
0.0
100
AcDbText
 73
2
  0
LWPOLYLINE
  5
30B
330
17
100
AcDbEntity
  8
ROYAL-RECORTES
100
AcDbPolyline
 90
4
 70
1
 10
500.1532
 20
-86.5604
 10
500.3532
 20
-86.5604
 10
500.3532
 20
-85.5109
 10
500.1532
 20
-85.5109
  0
TEXT
  5
30C
330
17
100
AcDbEntity
  8
ETIQUETAS
100
AcDbText
 10
500.2532
 20
-86.0357
 30
0.0
 40
0.044000000000000004
  1
PA-R-127
 72
1
 11
500.2532
 21
-86.0357
 31
0.0
100
AcDbText
 73
2
  0
LWPOLYLINE
  5
30D
330
17
100
AcDbEntity
  8
MORET-RECORTES
100
AcDbPolyline
 90
4
 70
1
 10
496.5787
 20
-91.4604
 10
496.73870000000005
 20
-91.4604
 10
496.73870000000005
 20
-90.3404
 10
496.5787
 20
-90.3404
  0
TEXT
  5
30E
330
17
100
AcDbEntity
  8
ETIQUETAS
100
AcDbText
 10
496.6587
 20
-90.9004
 30
0.0
 40
0.0352
  1
PB-M-122
 72
1
 11
496.6587
 21
-90.9004
 31
0.0
100
AcDbText
 73
2
  0
LWPOLYLINE
  5
30F
330
17
100
AcDbEntity
  8
ROYAL-RECORTES
100
AcDbPolyline
 90
4
 70
1
 10
500.1532
 20
-83.1079
 10
500.3532
 20
-83.1079
 10
500.3532
 20
-82.0907
 10
500.1532
 20
-82.0907
  0
TEXT
  5
310
330
17
100
AcDbEntity
  8
ETIQUETAS
100
AcDbText
 10
500.2532
 20
-82.5993
 30
0.0
 40
0.044000000000000004
  1
PA-R-021
 72
1
 11
500.2532
 21
-82.5993
 31
0.0
100
AcDbText
 73
2
  0
LWPOLYLINE
  5
311
330
17
100
AcDbEntity
  8
ROYAL-RECORTES
100
AcDbPolyline
 90
4
 70
1
 10
500.5552
 20
-83.1079
 10
500.7552
 20
-83.1079
 10
500.7552
 20
-82.091
 10
500.5552
 20
-82.091
  0
TEXT
  5
312
330
17
100
AcDbEntity
  8
ETIQUETAS
100
AcDbText
 10
500.6552
 20
-82.5995
 30
0.0
 40
0.044000000000000004
  1
PA-R-022
 72
1
 11
500.6552
 21
-82.5995
 31
0.0
100
AcDbText
 73
2
  0
LWPOLYLINE
  5
313
330
17
100
AcDbEntity
  8
ROYAL-RECORTES
100
AcDbPolyline
 90
4
 70
1
 10
500.9572
 20
-83.1079
 10
501.1572
 20
-83.1079
 10
501.1572
 20
-82.0913
 10
500.9572
 20
-82.0913
  0
TEXT
  5
314
330
17
100
AcDbEntity
  8
ETIQUETAS
100
AcDbText
 10
501.0572
 20
-82.5996
 30
0.0
 40
0.044000000000000004
  1
PA-R-023
 72
1
 11
501.0572
 21
-82.5996
 31
0.0
100
AcDbText
 73
2
  0
LWPOLYLINE
  5
315
330
17
100
AcDbEntity
  8
ROYAL-RECORTES
100
AcDbPolyline
 90
4
 70
1
 10
501.3592
 20
-83.1079
 10
501.5592
 20
-83.1079
 10
501.5592
 20
-82.0916
 10
501.3592
 20
-82.0916
  0
TEXT
  5
316
330
17
100
AcDbEntity
  8
ETIQUETAS
100
AcDbText
 10
501.4592
 20
-82.5998
 30
0.0
 40
0.044000000000000004
  1
PA-R-024
 72
1
 11
501.4592
 21
-82.5998
 31
0.0
100
AcDbText
 73
2
  0
LWPOLYLINE
  5
317
330
17
100
AcDbEntity
  8
ROYAL-RECORTES
100
AcDbPolyline
 90
4
 70
1
 10
501.7612
 20
-83.1079
 10
501.96119999999996
 20
-83.1079
 10
501.96119999999996
 20
-82.0919
 10
501.7612
 20
-82.0919
  0
TEXT
  5
318
330
17
100
AcDbEntity
  8
ETIQUETAS
100
AcDbText
 10
501.8612
 20
-82.5999
 30
0.0
 40
0.044000000000000004
  1
PA-R-025
 72
1
 11
501.8612
 21
-82.5999
 31
0.0
100
AcDbText
 73
2
  0
LWPOLYLINE
  5
319
330
17
100
AcDbEntity
  8
ROYAL-RECORTES
100
AcDbPolyline
 90
4
 70
1
 10
502.1632
 20
-83.1079
 10
502.3632
 20
-83.1079
 10
502.3632
 20
-82.0922
 10
502.1632
 20
-82.0922
  0
TEXT
  5
31A
330
17
100
AcDbEntity
  8
ETIQUETAS
100
AcDbText
 10
502.2632
 20
-82.6
 30
0.0
 40
0.044000000000000004
  1
PA-R-026
 72
1
 11
502.2632
 21
-82.6
 31
0.0
100
AcDbText
 73
2
  0
LWPOLYLINE
  5
31B
330
17
100
AcDbEntity
  8
MORET-RECORTES
100
AcDbPolyline
 90
4
 70
1
 10
495.8287
 20
-88.5234
 10
496.14070000000004
 20
-88.5234
 10
496.14070000000004
 20
-87.9349
 10
495.8287
 20
-87.9349
  0
TEXT
  5
31C
330
17
100
AcDbEntity
  8
ETIQUETAS
100
AcDbText
 10
495.9847
 20
-88.2291
 30
0.0
 40
0.055
  1
PB-M-088
 72
1
 11
495.9847
 21
-88.2291
 31
0.0
100
AcDbText
 73
2
  0
LWPOLYLINE
  5
31D
330
17
100
AcDbEntity
  8
MORET-RECORTES
100
AcDbPolyline
 90
4
 70
1
 10
495.389
 20
-92.5304
 10
495.5427
 20
-92.5304
 10
495.5427
 20
-91.5229
 10
495.389
 20
-91.5229
  0
TEXT
  5
31E
330
17
100
AcDbEntity
  8
ETIQUETAS
100
AcDbText
 10
495.4658
 20
-92.0267
 30
0.0
 40
0.033814000000000004
  1
PB-M-139
 72
1
 11
495.4658
 21
-92.0267
 31
0.0
100
AcDbText
 73
2
  0
LWPOLYLINE
  5
31F
330
17
100
AcDbEntity
  8
ROYAL-RECORTES
100
AcDbPolyline
 90
4
 70
1
 10
499.7742
 20
-86.5604
 10
499.95120000000003
 20
-86.5604
 10
499.95120000000003
 20
-85.5109
 10
499.7742
 20
-85.5109
  0
TEXT
  5
320
330
17
100
AcDbEntity
  8
ETIQUETAS
100
AcDbText
 10
499.8627
 20
-86.0357
 30
0.0
 40
0.038939999999999995
  1
PA-R-126
 72
1
 11
499.8627
 21
-86.0357
 31
0.0
100
AcDbText
 73
2
  0
LWPOLYLINE
  5
321
330
17
100
AcDbEntity
  8
MORET-RECORTES
100
AcDbPolyline
 90
4
 70
1
 10
505.0672
 20
-86.5604
 10
505.6632
 20
-86.5604
 10
505.6632
 20
-86.2564
 10
505.0672
 20
-86.2564
  0
TEXT
  5
322
330
17
100
AcDbEntity
  8
ETIQUETAS
100
AcDbText
 10
505.3652
 20
-86.4084
 30
0.0
 40
0.055
  1
PA-M-013
 72
1
 11
505.3652
 21
-86.4084
 31
0.0
100
AcDbText
 73
2
  0
LWPOLYLINE
  5
323
330
17
100
AcDbEntity
  8
MORET-RECORTES
100
AcDbPolyline
 90
4
 70
1
 10
505.6652
 20
-86.5604
 10
506.26120000000003
 20
-86.5604
 10
506.26120000000003
 20
-86.2564
 10
505.6652
 20
-86.2564
  0
TEXT
  5
324
330
17
100
AcDbEntity
  8
ETIQUETAS
100
AcDbText
 10
505.9632
 20
-86.4084
 30
0.0
 40
0.055
  1
PA-M-014
 72
1
 11
505.9632
 21
-86.4084
 31
0.0
100
AcDbText
 73
2
  0
LWPOLYLINE
  5
325
330
17
100
AcDbEntity
  8
ROYAL-RECORTES
100
AcDbPolyline
 90
4
 70
1
 10
499.7742
 20
-83.1079
 10
499.95120000000003
 20
-83.1079
 10
499.95120000000003
 20
-82.0906
 10
499.7742
 20
-82.0906
  0
TEXT
  5
326
330
17
100
AcDbEntity
  8
ETIQUETAS
100
AcDbText
 10
499.8627
 20
-82.5992
 30
0.0
 40
0.038939999999999995
  1
PA-R-020
 72
1
 11
499.8627
 21
-82.5992
 31
0.0
100
AcDbText
 73
2
  0
LWPOLYLINE
  5
327
330
17
100
AcDbEntity
  8
MORET-RECORTES
100
AcDbPolyline
 90
4
 70
1
 10
504.5242
 20
-86.5604
 10
505.0652
 20
-86.5604
 10
505.0652
 20
-86.2564
 10
504.5242
 20
-86.2564
  0
TEXT
  5
328
330
17
100
AcDbEntity
  8
ETIQUETAS
100
AcDbText
 10
504.7947
 20
-86.4084
 30
0.0
 40
0.055
  1
PA-M-012
 72
1
 11
504.7947
 21
-86.4084
 31
0.0
100
AcDbText
 73
2
  0
LWPOLYLINE
  5
329
330
17
100
AcDbEntity
  8
MORET-RECORTES
100
AcDbPolyline
 90
4
 70
1
 10
494.8187
 20
-89.7194
 10
494.94469999999995
 20
-89.7194
 10
494.94469999999995
 20
-88.52539999999999
 10
494.8187
 20
-88.52539999999999
  0
TEXT
  5
32A
330
17
100
AcDbEntity
  8
ETIQUETAS
100
AcDbText
 10
494.8817
 20
-89.1224
 30
0.0
 40
0.02772
  1
PB-M-099
 72
1
 11
494.8817
 21
-89.1224
 31
0.0
100
AcDbText
 73
2
  0
LWPOLYLINE
  5
32B
330
17
100
AcDbEntity
  8
MORET-RECORTES
100
AcDbPolyline
 90
4
 70
1
 10
497.3387
 20
-90.1604
 10
497.63870000000003
 20
-90.1604
 10
497.63870000000003
 20
-89.7214
 10
497.3387
 20
-89.7214
  0
TEXT
  5
32C
330
17
100
AcDbEntity
  8
ETIQUETAS
100
AcDbText
 10
497.4887
 20
-89.9409
 30
0.0
 40
0.055
  1
PB-M-119
 72
1
 11
497.4887
 21
-89.9409
 31
0.0
100
AcDbText
 73
2
  0
LWPOLYLINE
  5
32D
330
17
100
AcDbEntity
  8
ROYAL-RECORTES
100
AcDbPolyline
 90
6
 70
1
 10
503.548
 20
-84.969
 10
503.548
 20
-84.371
 10
503.748
 20
-84.371
 10
503.748
 20
-84.8804
 10
503.6443
 20
-84.8804
 10
503.6443
 20
-84.969
  0
TEXT
  5
32E
330
17
100
AcDbEntity
  8
ETIQUETAS
100
AcDbText
 10
503.648
 20
-84.67
 30
0.0
 40
0.044000000000000004
  1
PA-R-108
 72
1
 11
503.648
 21
-84.67
 31
0.0
100
AcDbText
 73
2
  0
LWPOLYLINE
  5
32F
330
17
100
AcDbEntity
  8
ROYAL-RECORTES
100
AcDbPolyline
 90
4
 70
1
 10
503.1462
 20
-84.9704
 10
503.3462
 20
-84.9704
 10
503.3462
 20
-84.37089999999999
 10
503.1462
 20
-84.37089999999999
  0
TEXT
  5
330
330
17
100
AcDbEntity
  8
ETIQUETAS
100
AcDbText
 10
503.2462
 20
-84.6706
 30
0.0
 40
0.044000000000000004
  1
PA-R-110
 72
1
 11
503.2462
 21
-84.6706
 31
0.0
100
AcDbText
 73
2
  0
LWPOLYLINE
  5
331
330
17
100
AcDbEntity
  8
ROYAL-RECORTES
100
AcDbPolyline
 90
4
 70
1
 10
502.7442
 20
-84.9704
 10
502.94419999999997
 20
-84.9704
 10
502.94419999999997
 20
-84.37089999999999
 10
502.7442
 20
-84.37089999999999
  0
TEXT
  5
332
330
17
100
AcDbEntity
  8
ETIQUETAS
100
AcDbText
 10
502.8442
 20
-84.6706
 30
0.0
 40
0.044000000000000004
  1
PA-R-109
 72
1
 11
502.8442
 21
-84.6706
 31
0.0
100
AcDbText
 73
2
  0
LWPOLYLINE
  5
333
330
17
100
AcDbEntity
  8
ROYAL-RECORTES
100
AcDbPolyline
 90
6
 70
1
 10
506.1332
 20
-90.4209
 10
505.9332
 20
-90.4209
 10
505.9332
 20
-89.8214
 10
506.0242
 20
-89.8214
 10
506.0242
 20
-89.9104
 10
506.1332
 20
-89.9104
  0
TEXT
  5
334
330
17
100
AcDbEntity
  8
ETIQUETAS
100
AcDbText
 10
506.0332
 20
-90.1212
 30
0.0
 40
0.044000000000000004
  1
PA-R-142
 72
1
 11
506.0332
 21
-90.1212
 31
0.0
100
AcDbText
 73
2
  0
LWPOLYLINE
  5
335
330
17
100
AcDbEntity
  8
ROYAL-RECORTES
100
AcDbPolyline
 90
4
 70
1
 10
505.5312
 20
-90.4209
 10
505.7312
 20
-90.4209
 10
505.7312
 20
-89.8214
 10
505.5312
 20
-89.8214
  0
TEXT
  5
336
330
17
100
AcDbEntity
  8
ETIQUETAS
100
AcDbText
 10
505.6312
 20
-90.1212
 30
0.0
 40
0.044000000000000004
  1
PA-R-141
 72
1
 11
505.6312
 21
-90.1212
 31
0.0
100
AcDbText
 73
2
  0
LWPOLYLINE
  5
337
330
17
100
AcDbEntity
  8
ROYAL-RECORTES
100
AcDbPolyline
 90
4
 70
1
 10
505.1292
 20
-90.4209
 10
505.3292
 20
-90.4209
 10
505.3292
 20
-89.8214
 10
505.1292
 20
-89.8214
  0
TEXT
  5
338
330
17
100
AcDbEntity
  8
ETIQUETAS
100
AcDbText
 10
505.2292
 20
-90.1212
 30
0.0
 40
0.044000000000000004
  1
PA-R-140
 72
1
 11
505.2292
 21
-90.1212
 31
0.0
100
AcDbText
 73
2
  0
LWPOLYLINE
  5
339
330
17
100
AcDbEntity
  8
MORET-RECORTES
100
AcDbPolyline
 90
4
 70
1
 10
506.2632
 20
-86.5604
 10
506.6142
 20
-86.5604
 10
506.6142
 20
-86.2564
 10
506.2632
 20
-86.2564
  0
TEXT
  5
33A
330
17
100
AcDbEntity
  8
ETIQUETAS
100
AcDbText
 10
506.4387
 20
-86.4084
 30
0.0
 40
0.055
  1
PA-M-015
 72
1
 11
506.4387
 21
-86.4084
 31
0.0
100
AcDbText
 73
2
  0
LWPOLYLINE
  5
33B
330
17
100
AcDbEntity
  8
ROYAL-RECORTES
100
AcDbPolyline
 90
4
 70
1
 10
507.5412
 20
-90.4209
 10
507.7412
 20
-90.4209
 10
507.7412
 20
-89.91040000000001
 10
507.5412
 20
-89.91040000000001
  0
TEXT
  5
33C
330
17
100
AcDbEntity
  8
ETIQUETAS
100
AcDbText
 10
507.6412
 20
-90.1656
 30
0.0
 40
0.044000000000000004
  1
PA-R-148
 72
1
 11
507.6412
 21
-90.1656
 31
0.0
100
AcDbText
 73
2
  0
LWPOLYLINE
  5
33D
330
17
100
AcDbEntity
  8
ROYAL-RECORTES
100
AcDbPolyline
 90
4
 70
1
 10
507.1392
 20
-90.4209
 10
507.3392
 20
-90.4209
 10
507.3392
 20
-89.91040000000001
 10
507.1392
 20
-89.91040000000001
  0
TEXT
  5
33E
330
17
100
AcDbEntity
  8
ETIQUETAS
100
AcDbText
 10
507.2392
 20
-90.1656
 30
0.0
 40
0.044000000000000004
  1
PA-R-147
 72
1
 11
507.2392
 21
-90.1656
 31
0.0
100
AcDbText
 73
2
  0
LWPOLYLINE
  5
33F
330
17
100
AcDbEntity
  8
ROYAL-RECORTES
100
AcDbPolyline
 90
4
 70
1
 10
506.7372
 20
-90.4209
 10
506.93719999999996
 20
-90.4209
 10
506.93719999999996
 20
-89.91040000000001
 10
506.7372
 20
-89.91040000000001
  0
TEXT
  5
340
330
17
100
AcDbEntity
  8
ETIQUETAS
100
AcDbText
 10
506.8372
 20
-90.1656
 30
0.0
 40
0.044000000000000004
  1
PA-R-146
 72
1
 11
506.8372
 21
-90.1656
 31
0.0
100
AcDbText
 73
2
  0
LWPOLYLINE
  5
341
330
17
100
AcDbEntity
  8
ROYAL-RECORTES
100
AcDbPolyline
 90
4
 70
1
 10
506.3352
 20
-90.4209
 10
506.5352
 20
-90.4209
 10
506.5352
 20
-89.91040000000001
 10
506.3352
 20
-89.91040000000001
  0
TEXT
  5
342
330
17
100
AcDbEntity
  8
ETIQUETAS
100
AcDbText
 10
506.4352
 20
-90.1656
 30
0.0
 40
0.044000000000000004
  1
PA-R-145
 72
1
 11
506.4352
 21
-90.1656
 31
0.0
100
AcDbText
 73
2
  0
LWPOLYLINE
  5
343
330
17
100
AcDbEntity
  8
ROYAL-RECORTES
100
AcDbPolyline
 90
4
 70
1
 10
504.7272
 20
-90.4209
 10
504.92719999999997
 20
-90.4209
 10
504.92719999999997
 20
-89.91040000000001
 10
504.7272
 20
-89.91040000000001
  0
TEXT
  5
344
330
17
100
AcDbEntity
  8
ETIQUETAS
100
AcDbText
 10
504.8272
 20
-90.1656
 30
0.0
 40
0.044000000000000004
  1
PA-R-144
 72
1
 11
504.8272
 21
-90.1656
 31
0.0
100
AcDbText
 73
2
  0
LWPOLYLINE
  5
345
330
17
100
AcDbEntity
  8
ROYAL-RECORTES
100
AcDbPolyline
 90
4
 70
1
 10
504.3252
 20
-90.4209
 10
504.5252
 20
-90.4209
 10
504.5252
 20
-89.91040000000001
 10
504.3252
 20
-89.91040000000001
  0
TEXT
  5
346
330
17
100
AcDbEntity
  8
ETIQUETAS
100
AcDbText
 10
504.4252
 20
-90.1656
 30
0.0
 40
0.044000000000000004
  1
PA-R-143
 72
1
 11
504.4252
 21
-90.1656
 31
0.0
100
AcDbText
 73
2
  0
LWPOLYLINE
  5
347
330
17
100
AcDbEntity
  8
ROYAL-RECORTES
100
AcDbPolyline
 90
4
 70
1
 10
507.5682
 20
-84.8804
 10
507.7682
 20
-84.8804
 10
507.7682
 20
-84.37079999999999
 10
507.5682
 20
-84.37079999999999
  0
TEXT
  5
348
330
17
100
AcDbEntity
  8
ETIQUETAS
100
AcDbText
 10
507.6682
 20
-84.6256
 30
0.0
 40
0.044000000000000004
  1
PA-R-107
 72
1
 11
507.6682
 21
-84.6256
 31
0.0
100
AcDbText
 73
2
  0
LWPOLYLINE
  5
349
330
17
100
AcDbEntity
  8
ROYAL-RECORTES
100
AcDbPolyline
 90
4
 70
1
 10
507.1662
 20
-84.8804
 10
507.3662
 20
-84.8804
 10
507.3662
 20
-84.37079999999999
 10
507.1662
 20
-84.37079999999999
  0
TEXT
  5
34A
330
17
100
AcDbEntity
  8
ETIQUETAS
100
AcDbText
 10
507.2662
 20
-84.6256
 30
0.0
 40
0.044000000000000004
  1
PA-R-106
 72
1
 11
507.2662
 21
-84.6256
 31
0.0
100
AcDbText
 73
2
  0
LWPOLYLINE
  5
34B
330
17
100
AcDbEntity
  8
ROYAL-RECORTES
100
AcDbPolyline
 90
4
 70
1
 10
506.7642
 20
-84.8804
 10
506.9642
 20
-84.8804
 10
506.9642
 20
-84.37079999999999
 10
506.7642
 20
-84.37079999999999
  0
TEXT
  5
34C
330
17
100
AcDbEntity
  8
ETIQUETAS
100
AcDbText
 10
506.8642
 20
-84.6256
 30
0.0
 40
0.044000000000000004
  1
PA-R-105
 72
1
 11
506.8642
 21
-84.6256
 31
0.0
100
AcDbText
 73
2
  0
LWPOLYLINE
  5
34D
330
17
100
AcDbEntity
  8
ROYAL-RECORTES
100
AcDbPolyline
 90
4
 70
1
 10
506.3622
 20
-84.8804
 10
506.56219999999996
 20
-84.8804
 10
506.56219999999996
 20
-84.37079999999999
 10
506.3622
 20
-84.37079999999999
  0
TEXT
  5
34E
330
17
100
AcDbEntity
  8
ETIQUETAS
100
AcDbText
 10
506.4622
 20
-84.6256
 30
0.0
 40
0.044000000000000004
  1
PA-R-104
 72
1
 11
506.4622
 21
-84.6256
 31
0.0
100
AcDbText
 73
2
  0
LWPOLYLINE
  5
34F
330
17
100
AcDbEntity
  8
ROYAL-RECORTES
100
AcDbPolyline
 90
4
 70
1
 10
505.9602
 20
-84.8804
 10
506.1602
 20
-84.8804
 10
506.1602
 20
-84.37079999999999
 10
505.9602
 20
-84.37079999999999
  0
TEXT
  5
350
330
17
100
AcDbEntity
  8
ETIQUETAS
100
AcDbText
 10
506.0602
 20
-84.6256
 30
0.0
 40
0.044000000000000004
  1
PA-R-103
 72
1
 11
506.0602
 21
-84.6256
 31
0.0
100
AcDbText
 73
2
  0
LWPOLYLINE
  5
351
330
17
100
AcDbEntity
  8
ROYAL-RECORTES
100
AcDbPolyline
 90
4
 70
1
 10
505.5582
 20
-84.8804
 10
505.7582
 20
-84.8804
 10
505.7582
 20
-84.37079999999999
 10
505.5582
 20
-84.37079999999999
  0
TEXT
  5
352
330
17
100
AcDbEntity
  8
ETIQUETAS
100
AcDbText
 10
505.6582
 20
-84.6256
 30
0.0
 40
0.044000000000000004
  1
PA-R-102
 72
1
 11
505.6582
 21
-84.6256
 31
0.0
100
AcDbText
 73
2
  0
LWPOLYLINE
  5
353
330
17
100
AcDbEntity
  8
ROYAL-RECORTES
100
AcDbPolyline
 90
4
 70
1
 10
505.1562
 20
-84.8804
 10
505.3562
 20
-84.8804
 10
505.3562
 20
-84.37079999999999
 10
505.1562
 20
-84.37079999999999
  0
TEXT
  5
354
330
17
100
AcDbEntity
  8
ETIQUETAS
100
AcDbText
 10
505.2562
 20
-84.6256
 30
0.0
 40
0.044000000000000004
  1
PA-R-101
 72
1
 11
505.2562
 21
-84.6256
 31
0.0
100
AcDbText
 73
2
  0
LWPOLYLINE
  5
355
330
17
100
AcDbEntity
  8
ROYAL-RECORTES
100
AcDbPolyline
 90
4
 70
1
 10
504.7542
 20
-84.8804
 10
504.9542
 20
-84.8804
 10
504.9542
 20
-84.37079999999999
 10
504.7542
 20
-84.37079999999999
  0
TEXT
  5
356
330
17
100
AcDbEntity
  8
ETIQUETAS
100
AcDbText
 10
504.8542
 20
-84.6256
 30
0.0
 40
0.044000000000000004
  1
PA-R-100
 72
1
 11
504.8542
 21
-84.6256
 31
0.0
100
AcDbText
 73
2
  0
LWPOLYLINE
  5
357
330
17
100
AcDbEntity
  8
ROYAL-RECORTES
100
AcDbPolyline
 90
4
 70
1
 10
504.3522
 20
-84.8804
 10
504.55219999999997
 20
-84.8804
 10
504.55219999999997
 20
-84.37079999999999
 10
504.3522
 20
-84.37079999999999
  0
TEXT
  5
358
330
17
100
AcDbEntity
  8
ETIQUETAS
100
AcDbText
 10
504.4522
 20
-84.6256
 30
0.0
 40
0.044000000000000004
  1
PA-R-099
 72
1
 11
504.4522
 21
-84.6256
 31
0.0
100
AcDbText
 73
2
  0
LWPOLYLINE
  5
359
330
17
100
AcDbEntity
  8
ROYAL-RECORTES
100
AcDbPolyline
 90
4
 70
1
 10
503.9502
 20
-84.8804
 10
504.1502
 20
-84.8804
 10
504.1502
 20
-84.37079999999999
 10
503.9502
 20
-84.37079999999999
  0
TEXT
  5
35A
330
17
100
AcDbEntity
  8
ETIQUETAS
100
AcDbText
 10
504.0502
 20
-84.6256
 30
0.0
 40
0.044000000000000004
  1
PA-R-098
 72
1
 11
504.0502
 21
-84.6256
 31
0.0
100
AcDbText
 73
2
  0
LWPOLYLINE
  5
35B
330
17
100
AcDbEntity
  8
ROYAL-RECORTES
100
AcDbPolyline
 90
4
 70
1
 10
507.5412
 20
-93.3304
 10
507.7412
 20
-93.3304
 10
507.7412
 20
-92.8239
 10
507.5412
 20
-92.8239
  0
TEXT
  5
35C
330
17
100
AcDbEntity
  8
ETIQUETAS
100
AcDbText
 10
507.6412
 20
-93.0772
 30
0.0
 40
0.044000000000000004
  1
PA-R-206
 72
1
 11
507.6412
 21
-93.0772
 31
0.0
100
AcDbText
 73
2
  0
LWPOLYLINE
  5
35D
330
17
100
AcDbEntity
  8
ROYAL-RECORTES
100
AcDbPolyline
 90
4
 70
1
 10
507.1392
 20
-93.3304
 10
507.3392
 20
-93.3304
 10
507.3392
 20
-92.8239
 10
507.1392
 20
-92.8239
  0
TEXT
  5
35E
330
17
100
AcDbEntity
  8
ETIQUETAS
100
AcDbText
 10
507.2392
 20
-93.0772
 30
0.0
 40
0.044000000000000004
  1
PA-R-205
 72
1
 11
507.2392
 21
-93.0772
 31
0.0
100
AcDbText
 73
2
  0
LWPOLYLINE
  5
35F
330
17
100
AcDbEntity
  8
ROYAL-RECORTES
100
AcDbPolyline
 90
4
 70
1
 10
506.7372
 20
-93.3304
 10
506.93719999999996
 20
-93.3304
 10
506.93719999999996
 20
-92.8239
 10
506.7372
 20
-92.8239
  0
TEXT
  5
360
330
17
100
AcDbEntity
  8
ETIQUETAS
100
AcDbText
 10
506.8372
 20
-93.0772
 30
0.0
 40
0.044000000000000004
  1
PA-R-204
 72
1
 11
506.8372
 21
-93.0772
 31
0.0
100
AcDbText
 73
2
  0
LWPOLYLINE
  5
361
330
17
100
AcDbEntity
  8
ROYAL-RECORTES
100
AcDbPolyline
 90
4
 70
1
 10
506.3352
 20
-93.3304
 10
506.5352
 20
-93.3304
 10
506.5352
 20
-92.8239
 10
506.3352
 20
-92.8239
  0
TEXT
  5
362
330
17
100
AcDbEntity
  8
ETIQUETAS
100
AcDbText
 10
506.4352
 20
-93.0772
 30
0.0
 40
0.044000000000000004
  1
PA-R-203
 72
1
 11
506.4352
 21
-93.0772
 31
0.0
100
AcDbText
 73
2
  0
LWPOLYLINE
  5
363
330
17
100
AcDbEntity
  8
ROYAL-RECORTES
100
AcDbPolyline
 90
4
 70
1
 10
505.9332
 20
-93.3304
 10
506.1332
 20
-93.3304
 10
506.1332
 20
-92.8239
 10
505.9332
 20
-92.8239
  0
TEXT
  5
364
330
17
100
AcDbEntity
  8
ETIQUETAS
100
AcDbText
 10
506.0332
 20
-93.0772
 30
0.0
 40
0.044000000000000004
  1
PA-R-202
 72
1
 11
506.0332
 21
-93.0772
 31
0.0
100
AcDbText
 73
2
  0
LWPOLYLINE
  5
365
330
17
100
AcDbEntity
  8
ROYAL-RECORTES
100
AcDbPolyline
 90
4
 70
1
 10
505.5312
 20
-93.3304
 10
505.7312
 20
-93.3304
 10
505.7312
 20
-92.8239
 10
505.5312
 20
-92.8239
  0
TEXT
  5
366
330
17
100
AcDbEntity
  8
ETIQUETAS
100
AcDbText
 10
505.6312
 20
-93.0772
 30
0.0
 40
0.044000000000000004
  1
PA-R-201
 72
1
 11
505.6312
 21
-93.0772
 31
0.0
100
AcDbText
 73
2
  0
LWPOLYLINE
  5
367
330
17
100
AcDbEntity
  8
ROYAL-RECORTES
100
AcDbPolyline
 90
4
 70
1
 10
505.1292
 20
-93.3304
 10
505.3292
 20
-93.3304
 10
505.3292
 20
-92.8239
 10
505.1292
 20
-92.8239
  0
TEXT
  5
368
330
17
100
AcDbEntity
  8
ETIQUETAS
100
AcDbText
 10
505.2292
 20
-93.0772
 30
0.0
 40
0.044000000000000004
  1
PA-R-200
 72
1
 11
505.2292
 21
-93.0772
 31
0.0
100
AcDbText
 73
2
  0
LWPOLYLINE
  5
369
330
17
100
AcDbEntity
  8
ROYAL-RECORTES
100
AcDbPolyline
 90
4
 70
1
 10
504.7272
 20
-93.3304
 10
504.92719999999997
 20
-93.3304
 10
504.92719999999997
 20
-92.8239
 10
504.7272
 20
-92.8239
  0
TEXT
  5
36A
330
17
100
AcDbEntity
  8
ETIQUETAS
100
AcDbText
 10
504.8272
 20
-93.0772
 30
0.0
 40
0.044000000000000004
  1
PA-R-199
 72
1
 11
504.8272
 21
-93.0772
 31
0.0
100
AcDbText
 73
2
  0
LWPOLYLINE
  5
36B
330
17
100
AcDbEntity
  8
ROYAL-RECORTES
100
AcDbPolyline
 90
4
 70
1
 10
504.3252
 20
-93.3304
 10
504.5252
 20
-93.3304
 10
504.5252
 20
-92.8239
 10
504.3252
 20
-92.8239
  0
TEXT
  5
36C
330
17
100
AcDbEntity
  8
ETIQUETAS
100
AcDbText
 10
504.4252
 20
-93.0772
 30
0.0
 40
0.044000000000000004
  1
PA-R-198
 72
1
 11
504.4252
 21
-93.0772
 31
0.0
100
AcDbText
 73
2
  0
LWPOLYLINE
  5
36D
330
17
100
AcDbEntity
  8
ROYAL-RECORTES
100
AcDbPolyline
 90
4
 70
1
 10
507.3672
 20
-82.5684
 10
507.5672
 20
-82.5684
 10
507.5672
 20
-82.09049999999999
 10
507.3672
 20
-82.09049999999999
  0
TEXT
  5
36E
330
17
100
AcDbEntity
  8
ETIQUETAS
100
AcDbText
 10
507.4672
 20
-82.3294
 30
0.0
 40
0.044000000000000004
  1
PA-R-019
 72
1
 11
507.4672
 21
-82.3294
 31
0.0
100
AcDbText
 73
2
  0
LWPOLYLINE
  5
36F
330
17
100
AcDbEntity
  8
ROYAL-RECORTES
100
AcDbPolyline
 90
4
 70
1
 10
506.9652
 20
-82.5684
 10
507.16519999999997
 20
-82.5684
 10
507.16519999999997
 20
-82.09049999999999
 10
506.9652
 20
-82.09049999999999
  0
TEXT
  5
370
330
17
100
AcDbEntity
  8
ETIQUETAS
100
AcDbText
 10
507.0652
 20
-82.3294
 30
0.0
 40
0.044000000000000004
  1
PA-R-018
 72
1
 11
507.0652
 21
-82.3294
 31
0.0
100
AcDbText
 73
2
  0
LWPOLYLINE
  5
371
330
17
100
AcDbEntity
  8
ROYAL-RECORTES
100
AcDbPolyline
 90
4
 70
1
 10
506.5632
 20
-82.5684
 10
506.7632
 20
-82.5684
 10
506.7632
 20
-82.09049999999999
 10
506.5632
 20
-82.09049999999999
  0
TEXT
  5
372
330
17
100
AcDbEntity
  8
ETIQUETAS
100
AcDbText
 10
506.6632
 20
-82.3294
 30
0.0
 40
0.044000000000000004
  1
PA-R-017
 72
1
 11
506.6632
 21
-82.3294
 31
0.0
100
AcDbText
 73
2
  0
LWPOLYLINE
  5
373
330
17
100
AcDbEntity
  8
ROYAL-RECORTES
100
AcDbPolyline
 90
4
 70
1
 10
506.1612
 20
-82.5684
 10
506.3612
 20
-82.5684
 10
506.3612
 20
-82.09049999999999
 10
506.1612
 20
-82.09049999999999
  0
TEXT
  5
374
330
17
100
AcDbEntity
  8
ETIQUETAS
100
AcDbText
 10
506.2612
 20
-82.3294
 30
0.0
 40
0.044000000000000004
  1
PA-R-016
 72
1
 11
506.2612
 21
-82.3294
 31
0.0
100
AcDbText
 73
2
  0
LWPOLYLINE
  5
375
330
17
100
AcDbEntity
  8
ROYAL-RECORTES
100
AcDbPolyline
 90
4
 70
1
 10
505.7592
 20
-82.5684
 10
505.9592
 20
-82.5684
 10
505.9592
 20
-82.09049999999999
 10
505.7592
 20
-82.09049999999999
  0
TEXT
  5
376
330
17
100
AcDbEntity
  8
ETIQUETAS
100
AcDbText
 10
505.8592
 20
-82.3294
 30
0.0
 40
0.044000000000000004
  1
PA-R-015
 72
1
 11
505.8592
 21
-82.3294
 31
0.0
100
AcDbText
 73
2
  0
LWPOLYLINE
  5
377
330
17
100
AcDbEntity
  8
ROYAL-RECORTES
100
AcDbPolyline
 90
4
 70
1
 10
505.3572
 20
-82.5684
 10
505.55719999999997
 20
-82.5684
 10
505.55719999999997
 20
-82.09049999999999
 10
505.3572
 20
-82.09049999999999
  0
TEXT
  5
378
330
17
100
AcDbEntity
  8
ETIQUETAS
100
AcDbText
 10
505.4572
 20
-82.3294
 30
0.0
 40
0.044000000000000004
  1
PA-R-014
 72
1
 11
505.4572
 21
-82.3294
 31
0.0
100
AcDbText
 73
2
  0
LWPOLYLINE
  5
379
330
17
100
AcDbEntity
  8
ROYAL-RECORTES
100
AcDbPolyline
 90
4
 70
1
 10
504.9552
 20
-82.5684
 10
505.1552
 20
-82.5684
 10
505.1552
 20
-82.09049999999999
 10
504.9552
 20
-82.09049999999999
  0
TEXT
  5
37A
330
17
100
AcDbEntity
  8
ETIQUETAS
100
AcDbText
 10
505.0552
 20
-82.3294
 30
0.0
 40
0.044000000000000004
  1
PA-R-013
 72
1
 11
505.0552
 21
-82.3294
 31
0.0
100
AcDbText
 73
2
  0
LWPOLYLINE
  5
37B
330
17
100
AcDbEntity
  8
ROYAL-RECORTES
100
AcDbPolyline
 90
4
 70
1
 10
504.5532
 20
-82.5684
 10
504.7532
 20
-82.5684
 10
504.7532
 20
-82.09049999999999
 10
504.5532
 20
-82.09049999999999
  0
TEXT
  5
37C
330
17
100
AcDbEntity
  8
ETIQUETAS
100
AcDbText
 10
504.6532
 20
-82.3294
 30
0.0
 40
0.044000000000000004
  1
PA-R-012
 72
1
 11
504.6532
 21
-82.3294
 31
0.0
100
AcDbText
 73
2
  0
LWPOLYLINE
  5
37D
330
17
100
AcDbEntity
  8
ROYAL-RECORTES
100
AcDbPolyline
 90
4
 70
1
 10
504.1512
 20
-82.5684
 10
504.3512
 20
-82.5684
 10
504.3512
 20
-82.09049999999999
 10
504.1512
 20
-82.09049999999999
  0
TEXT
  5
37E
330
17
100
AcDbEntity
  8
ETIQUETAS
100
AcDbText
 10
504.2512
 20
-82.3294
 30
0.0
 40
0.044000000000000004
  1
PA-R-011
 72
1
 11
504.2512
 21
-82.3294
 31
0.0
100
AcDbText
 73
2
  0
LWPOLYLINE
  5
37F
330
17
100
AcDbEntity
  8
ROYAL-RECORTES
100
AcDbPolyline
 90
4
 70
1
 10
503.7492
 20
-82.5684
 10
503.94919999999996
 20
-82.5684
 10
503.94919999999996
 20
-82.09049999999999
 10
503.7492
 20
-82.09049999999999
  0
TEXT
  5
380
330
17
100
AcDbEntity
  8
ETIQUETAS
100
AcDbText
 10
503.8492
 20
-82.3294
 30
0.0
 40
0.044000000000000004
  1
PA-R-010
 72
1
 11
503.8492
 21
-82.3294
 31
0.0
100
AcDbText
 73
2
  0
LWPOLYLINE
  5
381
330
17
100
AcDbEntity
  8
ROYAL-RECORTES
100
AcDbPolyline
 90
4
 70
1
 10
503.3472
 20
-82.5684
 10
503.5472
 20
-82.5684
 10
503.5472
 20
-82.09049999999999
 10
503.3472
 20
-82.09049999999999
  0
TEXT
  5
382
330
17
100
AcDbEntity
  8
ETIQUETAS
100
AcDbText
 10
503.4472
 20
-82.3294
 30
0.0
 40
0.044000000000000004
  1
PA-R-009
 72
1
 11
503.4472
 21
-82.3294
 31
0.0
100
AcDbText
 73
2
  0
LWPOLYLINE
  5
383
330
17
100
AcDbEntity
  8
ROYAL-RECORTES
100
AcDbPolyline
 90
4
 70
1
 10
502.9452
 20
-82.5684
 10
503.1452
 20
-82.5684
 10
503.1452
 20
-82.09049999999999
 10
502.9452
 20
-82.09049999999999
  0
TEXT
  5
384
330
17
100
AcDbEntity
  8
ETIQUETAS
100
AcDbText
 10
503.0452
 20
-82.3294
 30
0.0
 40
0.044000000000000004
  1
PA-R-008
 72
1
 11
503.0452
 21
-82.3294
 31
0.0
100
AcDbText
 73
2
  0
LWPOLYLINE
  5
385
330
17
100
AcDbEntity
  8
ROYAL-RECORTES
100
AcDbPolyline
 90
4
 70
1
 10
501.9622
 20
-86.5604
 10
502.1622
 20
-86.5604
 10
502.1622
 20
-86.1114
 10
501.9622
 20
-86.1114
  0
TEXT
  5
386
330
17
100
AcDbEntity
  8
ETIQUETAS
100
AcDbText
 10
502.0622
 20
-86.3359
 30
0.0
 40
0.044000000000000004
  1
PA-R-138
 72
1
 11
502.0622
 21
-86.3359
 31
0.0
100
AcDbText
 73
2
  0
LWPOLYLINE
  5
387
330
17
100
AcDbEntity
  8
ROYAL-RECORTES
100
AcDbPolyline
 90
4
 70
1
 10
501.5602
 20
-86.5604
 10
501.7602
 20
-86.5604
 10
501.7602
 20
-86.1114
 10
501.5602
 20
-86.1114
  0
TEXT
  5
388
330
17
100
AcDbEntity
  8
ETIQUETAS
100
AcDbText
 10
501.6602
 20
-86.3359
 30
0.0
 40
0.044000000000000004
  1
PA-R-137
 72
1
 11
501.6602
 21
-86.3359
 31
0.0
100
AcDbText
 73
2
  0
LWPOLYLINE
  5
389
330
17
100
AcDbEntity
  8
ROYAL-RECORTES
100
AcDbPolyline
 90
4
 70
1
 10
501.1582
 20
-86.5604
 10
501.3582
 20
-86.5604
 10
501.3582
 20
-86.1114
 10
501.1582
 20
-86.1114
  0
TEXT
  5
38A
330
17
100
AcDbEntity
  8
ETIQUETAS
100
AcDbText
 10
501.2582
 20
-86.3359
 30
0.0
 40
0.044000000000000004
  1
PA-R-136
 72
1
 11
501.2582
 21
-86.3359
 31
0.0
100
AcDbText
 73
2
  0
LWPOLYLINE
  5
38B
330
17
100
AcDbEntity
  8
ROYAL-RECORTES
100
AcDbPolyline
 90
4
 70
1
 10
500.7562
 20
-86.5604
 10
500.95619999999997
 20
-86.5604
 10
500.95619999999997
 20
-86.1114
 10
500.7562
 20
-86.1114
  0
TEXT
  5
38C
330
17
100
AcDbEntity
  8
ETIQUETAS
100
AcDbText
 10
500.8562
 20
-86.3359
 30
0.0
 40
0.044000000000000004
  1
PA-R-135
 72
1
 11
500.8562
 21
-86.3359
 31
0.0
100
AcDbText
 73
2
  0
LWPOLYLINE
  5
38D
330
17
100
AcDbEntity
  8
ROYAL-RECORTES
100
AcDbPolyline
 90
4
 70
1
 10
500.3542
 20
-86.5604
 10
500.5542
 20
-86.5604
 10
500.5542
 20
-86.1114
 10
500.3542
 20
-86.1114
  0
TEXT
  5
38E
330
17
100
AcDbEntity
  8
ETIQUETAS
100
AcDbText
 10
500.4542
 20
-86.3359
 30
0.0
 40
0.044000000000000004
  1
PA-R-134
 72
1
 11
500.4542
 21
-86.3359
 31
0.0
100
AcDbText
 73
2
  0
LWPOLYLINE
  5
38F
330
17
100
AcDbEntity
  8
ROYAL-RECORTES
100
AcDbPolyline
 90
4
 70
1
 10
499.9522
 20
-86.5604
 10
500.1522
 20
-86.5604
 10
500.1522
 20
-86.1114
 10
499.9522
 20
-86.1114
  0
TEXT
  5
390
330
17
100
AcDbEntity
  8
ETIQUETAS
100
AcDbText
 10
500.0522
 20
-86.3359
 30
0.0
 40
0.044000000000000004
  1
PA-R-133
 72
1
 11
500.0522
 21
-86.3359
 31
0.0
100
AcDbText
 73
2
  0
LWPOLYLINE
  5
391
330
17
100
AcDbEntity
  8
ROYAL-RECORTES
100
AcDbPolyline
 90
4
 70
1
 10
502.3642
 20
-86.5607
 10
502.56419999999997
 20
-86.5607
 10
502.56419999999997
 20
-86.1117
 10
502.3642
 20
-86.1117
  0
TEXT
  5
392
330
17
100
AcDbEntity
  8
ETIQUETAS
100
AcDbText
 10
502.4642
 20
-86.3362
 30
0.0
 40
0.044000000000000004
  1
PA-R-139
 72
1
 11
502.4642
 21
-86.3362
 31
0.0
100
AcDbText
 73
2
  0
LWPOLYLINE
  5
393
330
17
100
AcDbEntity
  8
ROYAL-RECORTES
100
AcDbPolyline
 90
4
 70
1
 10
507.7422
 20
-92.2224
 10
507.8142
 20
-92.2224
 10
507.8142
 20
-91.023
 10
507.7422
 20
-91.023
  0
TEXT
  5
394
330
17
100
AcDbEntity
  8
ETIQUETAS
100
AcDbText
 10
507.7782
 20
-91.6227
 30
0.0
 40
0.022
  1
PA-R-178
 72
1
 11
507.7782
 21
-91.6227
 31
0.0
100
AcDbText
 73
2
  0
LWPOLYLINE
  5
395
330
17
100
AcDbEntity
  8
ROYAL-RECORTES
100
AcDbPolyline
 90
4
 70
1
 10
502.3642
 20
-82.5077
 10
502.56419999999997
 20
-82.5077
 10
502.56419999999997
 20
-82.0905
 10
502.3642
 20
-82.0905
  0
TEXT
  5
396
330
17
100
AcDbEntity
  8
ETIQUETAS
100
AcDbText
 10
502.4642
 20
-82.2991
 30
0.0
 40
0.044000000000000004
  1
PA-R-007
 72
1
 11
502.4642
 21
-82.2991
 31
0.0
100
AcDbText
 73
2
  0
LWPOLYLINE
  5
397
330
17
100
AcDbEntity
  8
ROYAL-RECORTES
100
AcDbPolyline
 90
4
 70
1
 10
499.9522
 20
-82.5074
 10
500.1522
 20
-82.5074
 10
500.1522
 20
-82.09060000000001
 10
499.9522
 20
-82.09060000000001
  0
TEXT
  5
398
330
17
100
AcDbEntity
  8
ETIQUETAS
100
AcDbText
 10
500.0522
 20
-82.299
 30
0.0
 40
0.044000000000000004
  1
PA-R-001
 72
1
 11
500.0522
 21
-82.299
 31
0.0
100
AcDbText
 73
2
  0
LWPOLYLINE
  5
399
330
17
100
AcDbEntity
  8
ROYAL-RECORTES
100
AcDbPolyline
 90
4
 70
1
 10
500.3542
 20
-82.5074
 10
500.5542
 20
-82.5074
 10
500.5542
 20
-82.0909
 10
500.3542
 20
-82.0909
  0
TEXT
  5
39A
330
17
100
AcDbEntity
  8
ETIQUETAS
100
AcDbText
 10
500.4542
 20
-82.2991
 30
0.0
 40
0.044000000000000004
  1
PA-R-002
 72
1
 11
500.4542
 21
-82.2991
 31
0.0
100
AcDbText
 73
2
  0
LWPOLYLINE
  5
39B
330
17
100
AcDbEntity
  8
ROYAL-RECORTES
100
AcDbPolyline
 90
4
 70
1
 10
500.7562
 20
-82.5074
 10
500.95619999999997
 20
-82.5074
 10
500.95619999999997
 20
-82.0912
 10
500.7562
 20
-82.0912
  0
TEXT
  5
39C
330
17
100
AcDbEntity
  8
ETIQUETAS
100
AcDbText
 10
500.8562
 20
-82.2993
 30
0.0
 40
0.044000000000000004
  1
PA-R-003
 72
1
 11
500.8562
 21
-82.2993
 31
0.0
100
AcDbText
 73
2
  0
LWPOLYLINE
  5
39D
330
17
100
AcDbEntity
  8
ROYAL-RECORTES
100
AcDbPolyline
 90
4
 70
1
 10
501.1582
 20
-82.5074
 10
501.3582
 20
-82.5074
 10
501.3582
 20
-82.09150000000001
 10
501.1582
 20
-82.09150000000001
  0
TEXT
  5
39E
330
17
100
AcDbEntity
  8
ETIQUETAS
100
AcDbText
 10
501.2582
 20
-82.2995
 30
0.0
 40
0.044000000000000004
  1
PA-R-004
 72
1
 11
501.2582
 21
-82.2995
 31
0.0
100
AcDbText
 73
2
  0
LWPOLYLINE
  5
39F
330
17
100
AcDbEntity
  8
ROYAL-RECORTES
100
AcDbPolyline
 90
4
 70
1
 10
501.5602
 20
-82.5074
 10
501.7602
 20
-82.5074
 10
501.7602
 20
-82.0918
 10
501.5602
 20
-82.0918
  0
TEXT
  5
3A0
330
17
100
AcDbEntity
  8
ETIQUETAS
100
AcDbText
 10
501.6602
 20
-82.2996
 30
0.0
 40
0.044000000000000004
  1
PA-R-005
 72
1
 11
501.6602
 21
-82.2996
 31
0.0
100
AcDbText
 73
2
  0
LWPOLYLINE
  5
3A1
330
17
100
AcDbEntity
  8
ROYAL-RECORTES
100
AcDbPolyline
 90
4
 70
1
 10
501.9622
 20
-82.5074
 10
502.1622
 20
-82.5074
 10
502.1622
 20
-82.0921
 10
501.9622
 20
-82.0921
  0
TEXT
  5
3A2
330
17
100
AcDbEntity
  8
ETIQUETAS
100
AcDbText
 10
502.0622
 20
-82.2998
 30
0.0
 40
0.044000000000000004
  1
PA-R-006
 72
1
 11
502.0622
 21
-82.2998
 31
0.0
100
AcDbText
 73
2
  0
LWPOLYLINE
  5
3A3
330
17
100
AcDbEntity
  8
MORET-RECORTES
100
AcDbPolyline
 90
4
 70
1
 10
502.654
 20
-85.96
 10
502.7453
 20
-85.96
 10
502.7453
 20
-85.05999999999999
 10
502.654
 20
-85.05999999999999
  0
TEXT
  5
3A4
330
17
100
AcDbEntity
  8
ETIQUETAS
100
AcDbText
 10
502.6997
 20
-85.51
 30
0.0
 40
0.022
  1
PA-M-004
 72
1
 11
502.6997
 21
-85.51
 31
0.0
100
AcDbText
 73
2
  0
LWPOLYLINE
  5
3A5
330
17
100
AcDbEntity
  8
MORET-RECORTES
100
AcDbPolyline
 90
4
 70
1
 10
503.9433
 20
-90.81
 10
504.03400000000005
 20
-90.81
 10
504.03400000000005
 20
-89.91
 10
503.9433
 20
-89.91
  0
TEXT
  5
3A6
330
17
100
AcDbEntity
  8
ETIQUETAS
100
AcDbText
 10
503.9887
 20
-90.36
 30
0.0
 40
0.022
  1
PA-M-038
 72
1
 11
503.9887
 21
-90.36
 31
0.0
100
AcDbText
 73
2
  0
LWPOLYLINE
  5
3A7
330
17
100
AcDbEntity
  8
ROYAL-RECORTES
100
AcDbPolyline
 90
4
 70
1
 10
502.565
 20
-85.96
 10
502.654
 20
-85.96
 10
502.654
 20
-85.05999999999999
 10
502.565
 20
-85.05999999999999
  0
TEXT
  5
3A8
330
17
100
AcDbEntity
  8
ETIQUETAS
100
AcDbText
 10
502.6095
 20
-85.51
 30
0.0
 40
0.022
  1
PA-R-124
 72
1
 11
502.6095
 21
-85.51
 31
0.0
100
AcDbText
 73
2
  0
LWPOLYLINE
  5
3A9
330
17
100
AcDbEntity
  8
ROYAL-RECORTES
100
AcDbPolyline
 90
4
 70
1
 10
504.0342
 20
-90.8104
 10
504.1232
 20
-90.8104
 10
504.1232
 20
-89.9104
 10
504.0342
 20
-89.9104
  0
TEXT
  5
3AA
330
17
100
AcDbEntity
  8
ETIQUETAS
100
AcDbText
 10
504.0787
 20
-90.3604
 30
0.0
 40
0.022
  1
PA-R-149
 72
1
 11
504.0787
 21
-90.3604
 31
0.0
100
AcDbText
 73
2
  0
LWPOLYLINE
  5
3AB
330
17
100
AcDbEntity
  8
ROYAL-RECORTES
100
AcDbPolyline
 90
4
 70
1
 10
507.742
 20
-91.022
 10
507.814
 20
-91.022
 10
507.814
 20
-89.91000000000001
 10
507.742
 20
-89.91000000000001
  0
TEXT
  5
3AC
330
17
100
AcDbEntity
  8
ETIQUETAS
100
AcDbText
 10
507.778
 20
-90.466
 30
0.0
 40
0.022
  1
PA-R-159
 72
1
 11
507.778
 21
-90.466
 31
0.0
100
AcDbText
 73
2
  0
LWPOLYLINE
  5
3AD
330
17
100
AcDbEntity
  8
ROYAL-RECORTES
100
AcDbPolyline
 90
4
 70
1
 10
507.7422
 20
-93.3304
 10
507.8142
 20
-93.3304
 10
507.8142
 20
-92.2234
 10
507.7422
 20
-92.2234
  0
TEXT
  5
3AE
330
17
100
AcDbEntity
  8
ETIQUETAS
100
AcDbText
 10
507.7782
 20
-92.7769
 30
0.0
 40
0.022
  1
PA-R-197
 72
1
 11
507.7782
 21
-92.7769
 31
0.0
100
AcDbText
 73
2
  0
LWPOLYLINE
  5
3AF
330
17
100
AcDbEntity
  8
MORET-RECORTES
100
AcDbPolyline
 90
4
 70
1
 10
495.5447
 20
-88.4054
 10
495.70869999999996
 20
-88.4054
 10
495.70869999999996
 20
-87.9349
 10
495.5447
 20
-87.9349
  0
TEXT
  5
3B0
330
17
100
AcDbEntity
  8
ETIQUETAS
100
AcDbText
 10
495.6267
 20
-88.1702
 30
0.0
 40
0.03608
  1
PB-M-087
 72
1
 11
495.6267
 21
-88.1702
 31
0.0
100
AcDbText
 73
2
  0
LWPOLYLINE
  5
3B1
330
17
100
AcDbEntity
  8
MORET-RECORTES
100
AcDbPolyline
 90
4
 70
1
 10
494.8187
 20
-88.4054
 10
494.94469999999995
 20
-88.4054
 10
494.94469999999995
 20
-87.9349
 10
494.8187
 20
-87.9349
  0
TEXT
  5
3B2
330
17
100
AcDbEntity
  8
ETIQUETAS
100
AcDbText
 10
494.8817
 20
-88.1702
 30
0.0
 40
0.02772
  1
PB-M-085
 72
1
 11
494.8817
 21
-88.1702
 31
0.0
100
AcDbText
 73
2
  0
LWPOLYLINE
  5
3B3
330
17
100
AcDbEntity
  8
MORET-RECORTES
100
AcDbPolyline
 90
4
 70
1
 10
494.8187
 20
-90.1604
 10
494.94469999999995
 20
-90.1604
 10
494.94469999999995
 20
-89.7214
 10
494.8187
 20
-89.7214
  0
TEXT
  5
3B4
330
17
100
AcDbEntity
  8
ETIQUETAS
100
AcDbText
 10
494.8817
 20
-89.9409
 30
0.0
 40
0.02772
  1
PB-M-114
 72
1
 11
494.8817
 21
-89.9409
 31
0.0
100
AcDbText
 73
2
  0
LINE
  5
3B5
330
17
100
AcDbEntity
  8
ZOCLO
100
AcDbLine
 10
493.9086590739558
 20
-92.48041814012245
 30
0.0
 11
491.8086590739603
 21
-92.48041814012244
 31
0.0
  0
LINE
  5
3B6
330
17
100
AcDbEntity
  8
ZOCLO
100
AcDbLine
 10
491.8086590739603
 20
-92.48041814012244
 30
0.0
 11
490.2086590739603
 21
-92.48041814012244
 31
0.0
  0
LINE
  5
3B7
330
17
100
AcDbEntity
  8
ZOCLO
100
AcDbLine
 10
490.2086590739603
 20
-92.48041814012244
 30
0.0
 11
489.58865907395585
 21
-92.48041814012244
 31
0.0
  0
LINE
  5
3B8
330
17
100
AcDbEntity
  8
ZOCLO
100
AcDbLine
 10
489.58865907395585
 20
-92.48041814012244
 30
0.0
 11
489.58865907395585
 21
-83.31041814012247
 31
0.0
  0
LINE
  5
3B9
330
17
100
AcDbEntity
  8
ZOCLO
100
AcDbLine
 10
489.58865907395585
 20
-83.31041814012247
 30
0.0
 11
490.1086590119249
 21
-83.31041814012247
 31
0.0
  0
LINE
  5
3BA
330
17
100
AcDbEntity
  8
ZOCLO
100
AcDbLine
 10
493.05865907395577
 20
-83.31041814012247
 30
0.0
 11
494.05865907395577
 21
-83.31041814012247
 31
0.0
  0
LINE
  5
3BB
330
17
100
AcDbEntity
  8
ZOCLO
100
AcDbLine
 10
496.5086590739557
 20
-83.31041814012247
 30
0.0
 11
497.5286590739558
 21
-83.31041814012247
 31
0.0
  0
LINE
  5
3BC
330
17
100
AcDbEntity
  8
ZOCLO
100
AcDbLine
 10
497.5286590739558
 20
-83.31041814012247
 30
0.0
 11
497.5286590739558
 21
-85.41041814012249
 31
0.0
  0
LINE
  5
3BD
330
17
100
AcDbEntity
  8
ZOCLO
100
AcDbLine
 10
497.5286590739558
 20
-85.41041814012249
 30
0.0
 11
497.5286590739558
 21
-86.91041814012247
 31
0.0
  0
LINE
  5
3BE
330
17
100
AcDbEntity
  8
ZOCLO
100
AcDbLine
 10
497.5286590739558
 20
-86.91041814012247
 30
0.0
 11
497.5286590739558
 21
-87.81041814012248
 31
0.0
  0
LINE
  5
3BF
330
17
100
AcDbEntity
  8
ZOCLO
100
AcDbLine
 10
497.5286590739558
 20
-87.81041814012248
 30
0.0
 11
496.70865907395574
 21
-87.81041814012245
 31
0.0
  0
LINE
  5
3C0
330
17
100
AcDbEntity
  8
ZOCLO
100
AcDbLine
 10
496.70865907395574
 20
-87.81041814012245
 30
0.0
 11
496.70865907395574
 21
-87.92846688416894
 31
0.0
  0
LINE
  5
3C1
330
17
100
AcDbEntity
  8
ZOCLO
100
AcDbLine
 10
495.86767722442187
 20
-87.8840725737864
 30
0.0
 11
495.86767722442187
 21
-87.82277361244974
 31
0.0
  0
LINE
  5
3C2
330
17
100
AcDbEntity
  8
ZOCLO
100
AcDbLine
 10
495.86767722442187
 20
-87.82277361244974
 30
0.0
 11
495.66980666255836
 21
-87.82277361244974
 31
0.0
  0
LINE
  5
3C3
330
17
100
AcDbEntity
  8
ZOCLO
100
AcDbLine
 10
495.66980666255836
 20
-87.82277361244974
 30
0.0
 11
495.66980666255836
 21
-88.36871500743398
 31
0.0
  0
LINE
  5
3C4
330
17
100
AcDbEntity
  8
ZOCLO
100
AcDbLine
 10
495.66980666255836
 20
-88.36871500743398
 30
0.0
 11
494.8686590739558
 21
-88.36871500743398
 31
0.0
  0
LINE
  5
3C5
330
17
100
AcDbEntity
  8
ZOCLO
100
AcDbLine
 10
494.8686590739558
 20
-88.36871500743398
 30
0.0
 11
494.8686590739558
 21
-87.81041814012247
 31
0.0
  0
LINE
  5
3C6
330
17
100
AcDbEntity
  8
ZOCLO
100
AcDbLine
 10
494.8686590739558
 20
-87.81041814012247
 30
0.0
 11
494.58865907395585
 21
-87.81041814012245
 31
0.0
  0
LINE
  5
3C7
330
17
100
AcDbEntity
  8
ZOCLO
100
AcDbLine
 10
494.58865907395585
 20
-87.81041814012245
 30
0.0
 11
494.58865907395585
 21
-90.39041814012246
 31
0.0
  0
LINE
  5
3C8
330
17
100
AcDbEntity
  8
ZOCLO
100
AcDbLine
 10
494.58865907395585
 20
-90.39041814012246
 30
0.0
 11
496.3486592055438
 21
-90.39041814012246
 31
0.0
  0
LINE
  5
3C9
330
17
100
AcDbEntity
  8
ZOCLO
100
AcDbLine
 10
496.3486592055438
 20
-90.39041814012246
 30
0.0
 11
496.34866131095424
 21
-91.1904173646559
 31
0.0
  0
LINE
  5
3CA
330
17
100
AcDbEntity
  8
ZOCLO
100
AcDbLine
 10
496.34866131095424
 20
-91.1904173646559
 30
0.0
 11
496.1386614425358
 21
-91.1904203254074
 31
0.0
  0
LINE
  5
3CB
330
17
100
AcDbEntity
  8
ZOCLO
100
AcDbLine
 10
496.1386614425358
 20
-91.1904203254074
 30
0.0
 11
496.1386614425358
 21
-91.30818748966612
 31
0.0
  0
LINE
  5
3CC
330
17
100
AcDbEntity
  8
ZOCLO
100
AcDbLine
 10
496.1386614425358
 20
-91.35166749548955
 30
0.0
 11
496.1386614425358
 21
-91.4704200000563
 31
0.0
  0
LINE
  5
3CD
330
17
100
AcDbEntity
  8
ZOCLO
100
AcDbLine
 10
496.1386614425358
 20
-91.4704200000563
 30
0.0
 11
496.628661552197
 21
-91.47041628013456
 31
0.0
  0
LINE
  5
3CE
330
17
100
AcDbEntity
  8
ZOCLO
100
AcDbLine
 10
496.628661552197
 20
-91.47041628013456
 30
0.0
 11
496.6286591836127
 21
-90.39041814012246
 31
0.0
  0
LINE
  5
3CF
330
17
100
AcDbEntity
  8
ZOCLO
100
AcDbLine
 10
496.6286591836127
 20
-90.39041814012246
 30
0.0
 11
497.5286590739558
 21
-90.39041814012246
 31
0.0
  0
LINE
  5
3D0
330
17
100
AcDbEntity
  8
ZOCLO
100
AcDbLine
 10
497.5286590739558
 20
-90.39041814012246
 30
0.0
 11
497.5286590739558
 21
-90.61041814012248
 31
0.0
  0
LINE
  5
3D1
330
17
100
AcDbEntity
  8
ZOCLO
100
AcDbLine
 10
497.5286590739558
 20
-90.61041814012248
 30
0.0
 11
497.5286590739558
 21
-92.41041814012246
 31
0.0
  0
LINE
  5
3D2
330
17
100
AcDbEntity
  8
ZOCLO
100
AcDbLine
 10
497.5286590739558
 20
-92.41041814012246
 30
0.0
 11
497.5286590739558
 21
-92.48041814012247
 31
0.0
  0
LINE
  5
3D3
330
17
100
AcDbEntity
  8
ZOCLO
100
AcDbLine
 10
497.5286590739558
 20
-92.48041814012247
 30
0.0
 11
495.43865907395065
 21
-92.48041814012247
 31
0.0
  0
LINE
  5
3D4
330
17
100
AcDbEntity
  8
ZOCLO
100
AcDbLine
 10
495.43865907395065
 20
-92.48041814012247
 30
0.0
 11
495.43865907395065
 21
-91.37600063111904
 31
0.0
  0
LINE
  5
3D5
330
17
100
AcDbEntity
  8
ZOCLO
100
AcDbLine
 10
495.43865907395065
 20
-91.3170136276226
 30
0.0
 11
495.43865907395065
 21
-91.19041814012246
 31
0.0
  0
LINE
  5
3D6
330
17
100
AcDbEntity
  8
ZOCLO
100
AcDbLine
 10
495.43865907395065
 20
-91.19041814012246
 30
0.0
 11
495.1586590739558
 21
-91.19041814012246
 31
0.0
  0
LINE
  5
3D7
330
17
100
AcDbEntity
  8
ZOCLO
100
AcDbLine
 10
495.1586590739558
 20
-91.19041814012246
 30
0.0
 11
495.1586590739558
 21
-92.56764914232303
 31
0.0
  0
LINE
  5
3D8
330
17
100
AcDbEntity
  8
ZOCLO
100
AcDbLine
 10
504.40593287756883
 20
-85.81041806531037
 30
0.0
 11
504.29255415970124
 21
-85.81041806531037
 31
0.0
  0
LINE
  5
3D9
330
17
100
AcDbEntity
  8
ZOCLO
100
AcDbLine
 10
504.29255415970124
 20
-85.81041806531037
 30
0.0
 11
504.29255415970124
 21
-86.5104181555369
 31
0.0
  0
LINE
  5
3DA
330
17
100
AcDbEntity
  8
ZOCLO
100
AcDbLine
 10
504.29255415970124
 20
-86.5104181555369
 30
0.0
 11
503.8942197458156
 21
-86.5104181555369
 31
0.0
  0
LINE
  5
3DB
330
17
100
AcDbEntity
  8
ZOCLO
100
AcDbLine
 10
503.8942197458156
 20
-86.5104181555369
 30
0.0
 11
503.8942197458156
 21
-89.96041815553689
 31
0.0
  0
LINE
  5
3DC
330
17
100
AcDbEntity
  8
ZOCLO
100
AcDbLine
 10
503.8942197458156
 20
-89.96041815553689
 30
0.0
 11
503.94421974581553
 21
-89.96041815553689
 31
0.0
  0
LINE
  5
3DD
330
17
100
AcDbEntity
  8
ZOCLO
100
AcDbLine
 10
505.17421974581555
 20
-89.78226128841982
 30
0.0
 11
505.17421974581555
 21
-89.68041815553688
 31
0.0
  0
LINE
  5
3DE
330
17
100
AcDbEntity
  8
ZOCLO
100
AcDbLine
 10
505.17421974581555
 20
-89.68041815553688
 30
0.0
 11
504.17421974581555
 21
-89.68041815553688
 31
0.0
  0
LINE
  5
3DF
330
17
100
AcDbEntity
  8
ZOCLO
100
AcDbLine
 10
504.17421974581555
 20
-89.68041815553688
 30
0.0
 11
504.17421974581555
 21
-86.79041815553687
 31
0.0
  0
LINE
  5
3E0
330
17
100
AcDbEntity
  8
ZOCLO
100
AcDbLine
 10
504.17421974581555
 20
-86.79041815553687
 30
0.0
 11
506.17213753598264
 21
-86.79041815553687
 31
0.0
  0
LINE
  5
3E1
330
17
100
AcDbEntity
  8
ZOCLO
100
AcDbLine
 10
506.17213753598264
 20
-86.79041815553687
 30
0.0
 11
506.17213753598264
 21
-88.40952935835492
 31
0.0
  0
LINE
  5
3E2
330
17
100
AcDbEntity
  8
ZOCLO
100
AcDbLine
 10
506.17213753598264
 20
-88.40952935835492
 30
0.0
 11
506.25710766505983
 21
-88.40952935835492
 31
0.0
  0
LINE
  5
3E3
330
17
100
AcDbEntity
  8
ZOCLO
100
AcDbLine
 10
503.94421974581553
 20
-90.76041815553691
 30
0.0
 11
503.8942197458156
 21
-90.76041815553691
 31
0.0
  0
LINE
  5
3E4
330
17
100
AcDbEntity
  8
ZOCLO
100
AcDbLine
 10
503.8942197458156
 20
-90.76041815553691
 30
0.0
 11
503.8942197458156
 21
-92.48041813821024
 31
0.0
  0
LINE
  5
3E5
330
17
100
AcDbEntity
  8
ZOCLO
100
AcDbLine
 10
503.8942197458156
 20
-92.48041813821024
 30
0.0
 11
502.7886995862468
 21
-92.48041813821024
 31
0.0
  0
LINE
  5
3E6
330
17
100
AcDbEntity
  8
ZOCLO
100
AcDbLine
 10
502.79421974581544
 20
-86.74160174812631
 30
0.0
 11
502.79421974581544
 21
-85.91041813821028
 31
0.0
  0
LINE
  5
3E7
330
17
100
AcDbEntity
  8
ZOCLO
100
AcDbLine
 10
502.79421974581544
 20
-85.91041813821028
 30
0.0
 11
502.6642063930376
 21
-85.91041813821028
 31
0.0
  0
LINE
  5
3E8
330
17
100
AcDbEntity
  8
ZOCLO
100
AcDbLine
 10
503.59432164606426
 20
-84.99822429248479
 30
0.0
 11
503.59432164606426
 21
-85.11041805886734
 31
0.0
  0
LINE
  5
3E9
330
17
100
AcDbEntity
  8
ZOCLO
100
AcDbLine
 10
503.59432164606426
 20
-85.11041805886734
 30
0.0
 11
504.3998712701234
 21
-85.11041805886734
 31
0.0
  0
LINE
  5
3EA
330
17
100
AcDbEntity
  8
ZOCLO
100
AcDbLine
 10
504.4452426557282
 20
-85.11041805886734
 30
0.0
 11
506.61421974581543
 21
-85.11041805886734
 31
0.0
  0
LINE
  5
3EB
330
17
100
AcDbEntity
  8
ZOCLO
100
AcDbLine
 10
506.61421974581543
 20
-86.5104181555369
 30
0.0
 11
504.57255440625784
 21
-86.5104181555369
 31
0.0
  0
LINE
  5
3EC
330
17
100
AcDbEntity
  8
ZOCLO
100
AcDbLine
 10
504.57255440625784
 20
-86.5104181555369
 30
0.0
 11
504.57255440625784
 21
-85.81041806531039
 31
0.0
  0
LINE
  5
3ED
330
17
100
AcDbEntity
  8
ZOCLO
100
AcDbLine
 10
504.57255440625784
 20
-85.81041806531039
 30
0.0
 11
504.4541658157907
 21
-85.81041806531039
 31
0.0
  0
LINE
  5
3EE
330
17
100
AcDbEntity
  8
ZOCLO
100
AcDbLine
 10
493.95865907395574
 20
-92.59803370625264
 30
0.0
 11
493.95865907395574
 21
-92.48041814012245
 31
0.0
  0
LINE
  5
3EF
330
17
100
AcDbEntity
  8
ZOCLO
100
AcDbLine
 10
493.95865907395574
 20
-92.48041814012245
 30
0.0
 11
493.90865907395585
 21
-92.48041814012245
 31
0.0
  0
LINE
  5
3F0
330
17
100
AcDbEntity
  8
ZOCLO
100
AcDbLine
 10
494.1086590739558
 20
-83.21587234391745
 30
0.0
 11
494.1086590739558
 21
-83.31041814012247
 31
0.0
  0
LINE
  5
3F1
330
17
100
AcDbEntity
  8
ZOCLO
100
AcDbLine
 10
494.1086590739558
 20
-83.31041814012247
 30
0.0
 11
494.0586590739559
 21
-83.31041814012247
 31
0.0
  0
LINE
  5
3F2
330
17
100
AcDbEntity
  8
ZOCLO
100
AcDbLine
 10
493.008659073956
 20
-83.21512729942788
 30
0.0
 11
493.008659073956
 21
-83.31041814012247
 31
0.0
  0
LINE
  5
3F3
330
17
100
AcDbEntity
  8
ZOCLO
100
AcDbLine
 10
493.008659073956
 20
-83.31041814012247
 30
0.0
 11
493.0586590739559
 21
-83.31041814012247
 31
0.0
  0
LINE
  5
3F4
330
17
100
AcDbEntity
  8
ZOCLO
100
AcDbLine
 10
493.05865907395577
 20
-83.03041814012246
 30
0.0
 11
494.05865907395577
 21
-83.03041814012246
 31
0.0
  0
LINE
  5
3F5
330
17
100
AcDbEntity
  8
ZOCLO
100
AcDbLine
 10
496.45865907395597
 20
-83.21128443837642
 30
0.0
 11
496.45865907395597
 21
-83.31041814012247
 31
0.0
  0
LINE
  5
3F6
330
17
100
AcDbEntity
  8
ZOCLO
100
AcDbLine
 10
496.45865907395597
 20
-83.31041814012247
 30
0.0
 11
496.50865907395587
 21
-83.31041814012247
 31
0.0
  0
LINE
  5
3F7
330
17
100
AcDbEntity
  8
ZOCLO
100
AcDbLine
 10
494.1086590739558
 20
-83.12496393632748
 30
0.0
 11
494.1086590739558
 21
-83.03041814012246
 31
0.0
  0
LINE
  5
3F8
330
17
100
AcDbEntity
  8
ZOCLO
100
AcDbLine
 10
494.1086590739558
 20
-83.03041814012246
 30
0.0
 11
494.0586590739559
 21
-83.03041814012246
 31
0.0
  0
LINE
  5
3F9
330
17
100
AcDbEntity
  8
ZOCLO
100
AcDbLine
 10
493.008659073956
 20
-83.12570898081705
 30
0.0
 11
493.008659073956
 21
-83.03041814012246
 31
0.0
  0
LINE
  5
3FA
330
17
100
AcDbEntity
  8
ZOCLO
100
AcDbLine
 10
493.008659073956
 20
-83.03041814012246
 30
0.0
 11
493.0586590739559
 21
-83.03041814012246
 31
0.0
  0
LINE
  5
3FB
330
17
100
AcDbEntity
  8
ZOCLO
100
AcDbLine
 10
490.15865901192484
 20
-83.21587234391745
 30
0.0
 11
490.15865901192484
 21
-83.31041814012247
 31
0.0
  0
LINE
  5
3FC
330
17
100
AcDbEntity
  8
ZOCLO
100
AcDbLine
 10
490.15865901192484
 20
-83.31041814012247
 30
0.0
 11
490.10865901192494
 21
-83.31041814012247
 31
0.0
  0
LINE
  5
3FD
330
17
100
AcDbEntity
  8
ZOCLO
100
AcDbLine
 10
490.15865907395573
 20
-83.12496393632748
 30
0.0
 11
490.15865907395573
 21
-83.03041814012246
 31
0.0
  0
LINE
  5
3FE
330
17
100
AcDbEntity
  8
ZOCLO
100
AcDbLine
 10
490.15865907395573
 20
-83.03041814012246
 30
0.0
 11
490.10865907395583
 21
-83.03041814012246
 31
0.0
  0
LINE
  5
3FF
330
17
100
AcDbEntity
  8
ZOCLO
100
AcDbLine
 10
489.58865907395585
 20
-80.82590053661966
 30
0.0
 11
489.58865907395585
 21
-83.03041814012246
 31
0.0
  0
LINE
  5
400
330
17
100
AcDbEntity
  8
ZOCLO
100
AcDbLine
 10
489.58865907395585
 20
-83.03041814012246
 30
0.0
 11
490.1086590739557
 21
-83.03041814012246
 31
0.0
  0
LINE
  5
401
330
17
100
AcDbEntity
  8
ZOCLO
100
AcDbLine
 10
496.50865907395576
 20
-83.03041814012246
 30
0.0
 11
497.75865907395587
 21
-83.03041814012246
 31
0.0
  0
LINE
  5
402
330
17
100
AcDbEntity
  8
ZOCLO
100
AcDbLine
 10
496.45865907395597
 20
-83.12570898081705
 30
0.0
 11
496.45865907395597
 21
-83.03041814012246
 31
0.0
  0
LINE
  5
403
330
17
100
AcDbEntity
  8
ZOCLO
100
AcDbLine
 10
496.45865907395597
 20
-83.03041814012246
 30
0.0
 11
496.50865907395587
 21
-83.03041814012246
 31
0.0
  0
LINE
  5
404
330
17
100
AcDbEntity
  8
ZOCLO
100
AcDbLine
 10
502.79326367353883
 20
-84.99822429248479
 30
0.0
 11
502.79326367353883
 21
-85.11041805886734
 31
0.0
  0
LINE
  5
405
330
17
100
AcDbEntity
  8
ZOCLO
100
AcDbLine
 10
502.79326367353883
 20
-85.11041805886734
 30
0.0
 11
502.6628976748402
 21
-85.11041805886734
 31
0.0
  0
LINE
  5
406
330
17
100
AcDbEntity
  8
ZOCLO
100
AcDbLine
 10
502.79421974581544
 20
-86.74160174812631
 30
0.0
 11
502.79421974581544
 21
-86.78441522869936
 31
0.0
  0
LINE
  5
407
330
17
100
AcDbEntity
  8
ZOCLO
100
AcDbLine
 10
502.79421974581544
 20
-86.78441522869936
 30
0.0
 11
499.8140219572475
 21
-86.78441522869936
 31
0.0
  0
LINE
  5
408
330
17
100
AcDbEntity
  8
ZOCLO
100
AcDbLine
 10
499.8140219572475
 20
-86.78441522869936
 30
0.0
 11
499.8140219572475
 21
-88.94041813821033
 31
0.0
  0
LINE
  5
409
330
17
100
AcDbEntity
  8
ZOCLO
100
AcDbLine
 10
506.32413840641686
 20
-88.40952935835492
 30
0.0
 11
506.3938021525897
 21
-88.40952935835492
 31
0.0
  0
LINE
  5
40A
330
17
100
AcDbEntity
  8
ZOCLO
100
AcDbLine
 10
506.3938021525897
 20
-88.40952935835492
 30
0.0
 11
506.3938021525904
 21
-87.91041813820831
 31
0.0
  0
LINE
  5
40B
330
17
100
AcDbEntity
  8
ZOCLO
100
AcDbLine
 10
506.32413840641686
 20
-89.0826799015673
 30
0.0
 11
506.3938021525897
 21
-89.0826799015673
 31
0.0
  0
LINE
  5
40C
330
17
100
AcDbEntity
  8
ZOCLO
100
AcDbLine
 10
506.3938021525897
 20
-89.0826799015673
 30
0.0
 11
506.3938021525897
 21
-89.68041812446094
 31
0.0
  0
LINE
  5
40D
330
17
100
AcDbEntity
  8
ZOCLO
100
AcDbLine
 10
506.3938021525897
 20
-89.68041812446094
 30
0.0
 11
507.76421974581547
 21
-89.6804181377262
 31
0.0
  0
LINE
  5
40E
330
17
100
AcDbEntity
  8
ZOCLO
100
AcDbLine
 10
507.76421974581547
 20
-89.6804181377262
 30
0.0
 11
507.7642197458148
 21
-88.87041813820495
 31
0.0
  0
LINE
  5
40F
330
17
100
AcDbEntity
  8
ZOCLO
100
AcDbLine
 10
507.7642197458148
 20
-88.87041813820495
 30
0.0
 11
507.7642197458157
 21
-87.91041813820831
 31
0.0
  0
LINE
  5
410
330
17
100
AcDbEntity
  8
ZOCLO
100
AcDbLine
 10
505.9796773765198
 20
-89.7833650642184
 30
0.0
 11
505.9796773765198
 21
-89.6804181263481
 31
0.0
  0
LINE
  5
411
330
17
100
AcDbEntity
  8
ZOCLO
100
AcDbLine
 10
505.9796773765198
 20
-89.6804181263481
 30
0.0
 11
506.17463733904106
 21
-89.68041812446094
 31
0.0
  0
LINE
  5
412
330
17
100
AcDbEntity
  8
ZOCLO
100
AcDbLine
 10
506.17463733904106
 20
-89.68041812446094
 30
0.0
 11
506.17463733904106
 21
-89.0826799015673
 31
0.0
  0
LINE
  5
413
330
17
100
AcDbEntity
  8
ZOCLO
100
AcDbLine
 10
506.17463733904106
 20
-89.0826799015673
 30
0.0
 11
506.2443010852139
 21
-89.0826799015673
 31
0.0
  0
LINE
  5
414
330
17
100
AcDbEntity
  8
ZOCLO
100
AcDbLine
 10
494.8686590739558
 20
-90.11041814012248
 30
0.0
 11
494.8686590739558
 21
-88.56041814012247
 31
0.0
  0
LINE
  5
415
330
17
100
AcDbEntity
  8
ZOCLO
100
AcDbLine
 10
494.8686590739558
 20
-88.56041814012247
 30
0.0
 11
495.86767722442187
 21
-88.56041814012247
 31
0.0
  0
LINE
  5
416
330
17
100
AcDbEntity
  8
ZOCLO
100
AcDbLine
 10
495.86767722442187
 20
-88.56041814012247
 30
0.0
 11
495.86767722442187
 21
-88.00319978099219
 31
0.0
  0
LINE
  5
417
330
17
100
AcDbEntity
  8
ZOCLO
100
AcDbLine
 10
497.6438047711454
 20
-88.65064266595255
 30
0.0
 11
496.71489719100674
 21
-88.65064266595255
 31
0.0
  0
LINE
  5
418
330
17
100
AcDbEntity
  8
ZOCLO
100
AcDbLine
 10
496.71489719100674
 20
-88.65064266595255
 30
0.0
 11
496.71489719100674
 21
-88.01057092149995
 31
0.0
  0
LINE
  5
419
330
17
100
AcDbEntity
  8
ZOCLO
100
AcDbLine
 10
506.0733175748851
 20
-103.69377760114352
 30
0.0
 11
507.217094713263
 21
-103.69377760114352
 31
0.0
  0
LINE
  5
41A
330
17
100
AcDbEntity
  8
MUROS
100
AcDbLine
 10
489.53865907395584
 20
-83.08041525724154
 30
0.0
 11
489.35865907395583
 21
-83.08041525724154
 31
0.0
  0
LINE
  5
41B
330
17
100
AcDbEntity
  8
MUROS
100
AcDbLine
 10
489.35865907395583
 20
-83.08041525724154
 30
0.0
 11
489.35865907395583
 21
-79.71041814012247
 31
0.0
  0
LINE
  5
41C
330
17
100
AcDbEntity
  8
MUROS
100
AcDbLine
 10
489.35865907395583
 20
-79.71041814012247
 30
0.0
 11
498.85865907395583
 21
-79.71041814012247
 31
0.0
  0
LINE
  5
41D
330
17
100
AcDbEntity
  8
MUROS
100
AcDbLine
 10
498.85865907395583
 20
-79.71041814012247
 30
0.0
 11
498.85865907395583
 21
-79.86041814012248
 31
0.0
  0
LINE
  5
41E
330
17
100
AcDbEntity
  8
MUROS
100
AcDbLine
 10
498.85865907395583
 20
-79.86041814012248
 30
0.0
 11
489.53865907395584
 21
-79.86041814012248
 31
0.0
  0
LINE
  5
41F
330
17
100
AcDbEntity
  8
MUROS
100
AcDbLine
 10
493.0586590739559
 20
-83.08041814012246
 30
0.0
 11
494.0586590739559
 21
-83.08041814012246
 31
0.0
  0
LINE
  5
420
330
17
100
AcDbEntity
  8
MUROS
100
AcDbLine
 10
494.0586590739559
 20
-83.08041814012246
 30
0.0
 11
494.0586590739559
 21
-83.26041814012247
 31
0.0
  0
LINE
  5
421
330
17
100
AcDbEntity
  8
MUROS
100
AcDbLine
 10
494.0586590739559
 20
-83.26041814012247
 30
0.0
 11
493.0586590739559
 21
-83.26041814012247
 31
0.0
  0
LINE
  5
422
330
17
100
AcDbEntity
  8
MUROS
100
AcDbLine
 10
497.75865907395587
 20
-90.61041814012248
 30
0.0
 11
497.75865907395587
 21
-92.41041814012246
 31
0.0
  0
LINE
  5
423
330
17
100
AcDbEntity
  8
MUROS
100
AcDbLine
 10
497.57865907395586
 20
-92.41041814012246
 30
0.0
 11
497.57865907395586
 21
-90.61041814012248
 31
0.0
  0
LINE
  5
424
330
17
100
AcDbEntity
  8
MUROS
100
AcDbLine
 10
491.9086590739604
 20
-92.53041814012244
 30
0.0
 11
493.90865907395585
 21
-92.53041814012245
 31
0.0
  0
LINE
  5
425
330
17
100
AcDbEntity
  8
MUROS
100
AcDbLine
 10
493.90865907395585
 20
-92.53041814012245
 30
0.0
 11
493.90865907395585
 21
-92.71041814012244
 31
0.0
  0
LINE
  5
426
330
17
100
AcDbEntity
  8
MUROS
100
AcDbLine
 10
493.90865907395585
 20
-92.71041814012244
 30
0.0
 11
491.9086590739604
 21
-92.71041814012244
 31
0.0
  0
LINE
  5
427
330
17
100
AcDbEntity
  8
MUROS
100
AcDbLine
 10
491.9086590739604
 20
-92.53041814012244
 30
0.0
 11
490.10865907396044
 21
-92.53041814012244
 31
0.0
  0
LINE
  5
428
330
17
100
AcDbEntity
  8
MUROS
100
AcDbLine
 10
496.50865907395587
 20
-83.08041814012246
 30
0.0
 11
497.75865907395587
 21
-83.08041814012246
 31
0.0
  0
LINE
  5
429
330
17
100
AcDbEntity
  8
MUROS
100
AcDbLine
 10
497.75865907395587
 20
-83.08041814012246
 30
0.0
 11
497.75865907395587
 21
-85.41041814012249
 31
0.0
  0
LINE
  5
42A
330
17
100
AcDbEntity
  8
MUROS
100
AcDbLine
 10
497.75865907395587
 20
-85.41041814012249
 30
0.0
 11
497.57865907395586
 21
-85.41041814012249
 31
0.0
  0
LINE
  5
42B
330
17
100
AcDbEntity
  8
MUROS
100
AcDbLine
 10
497.57865907395586
 20
-85.41041814012249
 30
0.0
 11
497.57865907395586
 21
-83.26041814012247
 31
0.0
  0
LINE
  5
42C
330
17
100
AcDbEntity
  8
MUROS
100
AcDbLine
 10
497.57865907395586
 20
-83.26041814012247
 30
0.0
 11
496.50865907395587
 21
-83.26041814012247
 31
0.0
  0
LINE
  5
42D
330
17
100
AcDbEntity
  8
MUROS
100
AcDbLine
 10
489.35865907395583
 20
-83.08041525724154
 30
0.0
 11
489.35865907395583
 21
-92.71041814012243
 31
0.0
  0
LINE
  5
42E
330
17
100
AcDbEntity
  8
MUROS
100
AcDbLine
 10
489.35865907395583
 20
-92.71041814012243
 30
0.0
 11
490.10865907396044
 21
-92.71041814012243
 31
0.0
  0
LINE
  5
42F
330
17
100
AcDbEntity
  8
MUROS
100
AcDbLine
 10
490.10865907396044
 20
-92.71041814012243
 30
0.0
 11
490.10865907396044
 21
-92.53041814012244
 31
0.0
  0
LINE
  5
430
330
17
100
AcDbEntity
  8
MUROS
100
AcDbLine
 10
490.10865907396044
 20
-92.53041814012244
 30
0.0
 11
489.53865907395584
 21
-92.53041814012244
 31
0.0
  0
LINE
  5
431
330
17
100
AcDbEntity
  8
MUROS
100
AcDbLine
 10
489.53865907395584
 20
-92.53041814012244
 30
0.0
 11
489.53865907395584
 21
-83.26041814012247
 31
0.0
  0
LINE
  5
432
330
17
100
AcDbEntity
  8
MUROS
100
AcDbLine
 10
489.53865907395584
 20
-83.26041814012247
 30
0.0
 11
490.10865901192494
 21
-83.26041814012247
 31
0.0
  0
LINE
  5
433
330
17
100
AcDbEntity
  8
MUROS
100
AcDbLine
 10
490.10865901192494
 20
-83.26041814012247
 30
0.0
 11
490.10865901192494
 21
-83.08041525724154
 31
0.0
  0
LINE
  5
434
330
17
100
AcDbEntity
  8
MUROS
100
AcDbLine
 10
497.75865907395587
 20
-88.04041814012247
 30
0.0
 11
497.75865907395587
 21
-88.01041814012247
 31
0.0
  0
LINE
  5
435
330
17
100
AcDbEntity
  8
MUROS
100
AcDbLine
 10
497.75865907395587
 20
-88.01041814012247
 30
0.0
 11
497.75865907395587
 21
-86.91041814012247
 31
0.0
  0
LINE
  5
436
330
17
100
AcDbEntity
  8
MUROS
100
AcDbLine
 10
497.75865907395587
 20
-86.91041814012247
 30
0.0
 11
497.57865907395586
 21
-86.91041814012247
 31
0.0
  0
LINE
  5
437
330
17
100
AcDbEntity
  8
MUROS
100
AcDbLine
 10
497.57865907395586
 20
-86.91041814012247
 30
0.0
 11
497.57865907395586
 21
-87.86041814012248
 31
0.0
  0
LINE
  5
438
330
17
100
AcDbEntity
  8
MUROS
100
AcDbLine
 10
497.57865907395586
 20
-87.86041814012248
 30
0.0
 11
496.75865907395587
 21
-87.86041814012245
 31
0.0
  0
LINE
  5
439
330
17
100
AcDbEntity
  8
MUROS
100
AcDbLine
 10
496.75865907395587
 20
-87.86041814012245
 30
0.0
 11
496.75865907395587
 21
-88.04041814012247
 31
0.0
  0
LINE
  5
43A
330
17
100
AcDbEntity
  8
MUROS
100
AcDbLine
 10
497.75865907395587
 20
-86.91041814012247
 30
0.0
 11
497.75865907395587
 21
-85.41041814012249
 31
0.0
  0
LINE
  5
43B
330
17
100
AcDbEntity
  8
MUROS
100
AcDbLine
 10
497.57865907395586
 20
-86.91041814012247
 30
0.0
 11
497.57865907395586
 21
-85.41041814012249
 31
0.0
  0
LINE
  5
43C
330
17
100
AcDbEntity
  8
MUROS
100
AcDbLine
 10
491.9086590739604
 20
-92.71041814012244
 30
0.0
 11
490.10865907396044
 21
-92.71041814012244
 31
0.0
  0
LINE
  5
43D
330
17
100
AcDbEntity
  8
MUROS
100
AcDbLine
 10
495.20865907395586
 20
-91.24041814012246
 30
0.0
 11
495.38865907395075
 21
-91.24041814012246
 31
0.0
  0
LINE
  5
43E
330
17
100
AcDbEntity
  8
MUROS
100
AcDbLine
 10
495.38865907395075
 20
-91.24041814012246
 30
0.0
 11
495.38865907395075
 21
-92.53041814012246
 31
0.0
  0
LINE
  5
43F
330
17
100
AcDbEntity
  8
MUROS
100
AcDbLine
 10
495.38865907395075
 20
-92.53041814012246
 30
0.0
 11
497.57865907395586
 21
-92.53041814012246
 31
0.0
  0
LINE
  5
440
330
17
100
AcDbEntity
  8
MUROS
100
AcDbLine
 10
497.57865907395586
 20
-92.53041814012246
 30
0.0
 11
497.57865907395586
 21
-92.41041814012246
 31
0.0
  0
LINE
  5
441
330
17
100
AcDbEntity
  8
MUROS
100
AcDbLine
 10
497.57865907395586
 20
-92.41041814012246
 30
0.0
 11
497.75865907395587
 21
-92.41041814012246
 31
0.0
  0
LINE
  5
442
330
17
100
AcDbEntity
  8
MUROS
100
AcDbLine
 10
497.75865907395587
 20
-92.41041814012246
 30
0.0
 11
497.75865907395587
 21
-92.71041814012244
 31
0.0
  0
LINE
  5
443
330
17
100
AcDbEntity
  8
MUROS
100
AcDbLine
 10
497.75865907395587
 20
-92.71041814012244
 30
0.0
 11
495.20865907395586
 21
-92.71041814012247
 31
0.0
  0
LINE
  5
444
330
17
100
AcDbEntity
  8
MUROS
100
AcDbLine
 10
497.75865907395587
 20
-90.16041814012249
 30
0.0
 11
497.75865907395587
 21
-90.61041814012248
 31
0.0
  0
LINE
  5
445
330
17
100
AcDbEntity
  8
MUROS
100
AcDbLine
 10
497.75865907395587
 20
-90.61041814012248
 30
0.0
 11
497.57865907395586
 21
-90.61041814012248
 31
0.0
  0
LINE
  5
446
330
17
100
AcDbEntity
  8
MUROS
100
AcDbLine
 10
497.57865907395586
 20
-90.61041814012248
 30
0.0
 11
497.57865907395586
 21
-90.34041814012247
 31
0.0
  0
LINE
  5
447
330
17
100
AcDbEntity
  8
MUROS
100
AcDbLine
 10
497.57865907395586
 20
-90.34041814012247
 30
0.0
 11
496.57865907395586
 21
-90.34041814012247
 31
0.0
  0
LINE
  5
448
330
17
100
AcDbEntity
  8
MUROS
100
AcDbLine
 10
496.57865907395586
 20
-90.34041814012247
 30
0.0
 11
496.578661442541
 21
-91.42041665971772
 31
0.0
  0
LINE
  5
449
330
17
100
AcDbEntity
  8
MUROS
100
AcDbLine
 10
496.578661442541
 20
-91.42041665971772
 30
0.0
 11
496.1886614425359
 21
-91.42041962047108
 31
0.0
  0
LINE
  5
44A
330
17
100
AcDbEntity
  8
MUROS
100
AcDbLine
 10
496.1886614425359
 20
-91.42041962047108
 30
0.0
 11
496.1886614425359
 21
-91.2404196204711
 31
0.0
  0
LINE
  5
44B
330
17
100
AcDbEntity
  8
MUROS
100
AcDbLine
 10
496.1886614425359
 20
-91.2404196204711
 30
0.0
 11
496.39866144254097
 21
-91.24041665971774
 31
0.0
  0
LINE
  5
44C
330
17
100
AcDbEntity
  8
MUROS
100
AcDbLine
 10
496.39866144254097
 20
-91.24041665971774
 30
0.0
 11
496.39865907395586
 21
-90.34041814012247
 31
0.0
  0
LINE
  5
44D
330
17
100
AcDbEntity
  8
MUROS
100
AcDbLine
 10
496.39865907395586
 20
-90.34041814012247
 30
0.0
 11
494.63865907395586
 21
-90.34041814012247
 31
0.0
  0
LINE
  5
44E
330
17
100
AcDbEntity
  8
MUROS
100
AcDbLine
 10
494.63865907395586
 20
-90.34041814012247
 30
0.0
 11
494.63865907395586
 21
-87.86041814012245
 31
0.0
  0
LINE
  5
44F
330
17
100
AcDbEntity
  8
MUROS
100
AcDbLine
 10
494.63865907395586
 20
-87.86041814012245
 30
0.0
 11
494.81865907395587
 21
-87.86041814012246
 31
0.0
  0
LINE
  5
450
330
17
100
AcDbEntity
  8
MUROS
100
AcDbLine
 10
494.81865907395587
 20
-87.86041814012246
 30
0.0
 11
494.8186590739559
 21
-90.16041814012247
 31
0.0
  0
LINE
  5
451
330
17
100
AcDbEntity
  8
MUROS
100
AcDbLine
 10
494.8186590739559
 20
-90.16041814012247
 30
0.0
 11
497.75865907395587
 21
-90.16041814012249
 31
0.0
  0
LINE
  5
452
330
17
100
AcDbEntity
  8
MUROS
100
AcDbLine
 10
497.75865907395587
 20
-90.16041814012249
 30
0.0
 11
497.75865907395587
 21
-90.1604181401225
 31
0.0
  0
LINE
  5
453
330
17
100
AcDbEntity
  8
MUROS
100
AcDbLine
 10
497.75865907395587
 20
-90.1604181401225
 30
0.0
 11
497.75865907395587
 21
-90.16041814012249
 31
0.0
  0
LINE
  5
454
330
17
100
AcDbEntity
  8
MUROS
100
AcDbLine
 10
497.75865907395587
 20
-90.16041814012249
 30
0.0
 11
497.75865907395587
 21
-90.1604181401225
 31
0.0
  0
LINE
  5
455
330
17
100
AcDbEntity
  8
MUROS
100
AcDbLine
 10
497.75865907395587
 20
-90.1604181401225
 30
0.0
 11
497.75865907395587
 21
-90.16041814012249
 31
0.0
  0
LINE
  5
456
330
17
100
AcDbEntity
  8
MUROS
100
AcDbLine
 10
499.5942197458155
 20
-81.91041813821028
 30
0.0
 11
499.5942197458155
 21
-79.71041813821026
 31
0.0
  0
LINE
  5
457
330
17
100
AcDbEntity
  8
MUROS
100
AcDbLine
 10
499.5942197458155
 20
-79.71041813821026
 30
0.0
 11
509.0942197458155
 21
-79.71041813821027
 31
0.0
  0
LINE
  5
458
330
17
100
AcDbEntity
  8
MUROS
100
AcDbLine
 10
509.0942197458155
 20
-79.71041813821027
 30
0.0
 11
509.0942197458155
 21
-79.86041813821028
 31
0.0
  0
LINE
  5
459
330
17
100
AcDbEntity
  8
MUROS
100
AcDbLine
 10
509.0942197458155
 20
-79.86041813821028
 30
0.0
 11
499.77421974581546
 21
-79.86041813821026
 31
0.0
  0
LINE
  5
45A
330
17
100
AcDbEntity
  8
MUROS
100
AcDbLine
 10
499.77421974581546
 20
-79.86041813821026
 30
0.0
 11
499.77421974581546
 21
-81.91041813821028
 31
0.0
  0
LINE
  5
45B
330
17
100
AcDbEntity
  8
MUROS
100
AcDbLine
 10
502.14421974582007
 20
-92.53041813821025
 30
0.0
 11
500.34421974582006
 21
-92.53041813821025
 31
0.0
  0
LINE
  5
45C
330
17
100
AcDbEntity
  8
MUROS
100
AcDbLine
 10
502.14421974582007
 20
-92.71041813821024
 30
0.0
 11
500.34421974582006
 21
-92.71041813821023
 31
0.0
  0
LINE
  5
45D
330
17
100
AcDbEntity
  8
MUROS
100
AcDbLine
 10
502.19421974581553
 20
-81.91041813821028
 30
0.0
 11
500.19421974581553
 21
-81.91041813821028
 31
0.0
  0
LINE
  5
45E
330
17
100
AcDbEntity
  8
MUROS
100
AcDbLine
 10
500.19421974581553
 20
-81.91041813821028
 30
0.0
 11
500.19421974581553
 21
-82.09041813821028
 31
0.0
  0
LINE
  5
45F
330
17
100
AcDbEntity
  8
MUROS
100
AcDbLine
 10
500.19421974581553
 20
-82.09041813821028
 30
0.0
 11
502.19421974581553
 21
-82.09041813821028
 31
0.0
  0
LINE
  5
460
330
17
100
AcDbEntity
  8
MUROS
100
AcDbLine
 10
507.99421974581537
 20
-86.74041815553687
 30
0.0
 11
507.9942197458157
 21
-87.91041813820833
 31
0.0
  0
LINE
  5
461
330
17
100
AcDbEntity
  8
MUROS
100
AcDbLine
 10
507.81421974581536
 20
-86.74041815553687
 30
0.0
 11
507.81421974581576
 21
-87.91041813820833
 31
0.0
  0
LINE
  5
462
330
17
100
AcDbEntity
  8
MUROS
100
AcDbLine
 10
507.8142197457733
 20
-93.33041813821862
 30
0.0
 11
506.4642197457733
 21
-93.33041813821862
 31
0.0
  0
LINE
  5
463
330
17
100
AcDbEntity
  8
MUROS
100
AcDbLine
 10
506.4642197457733
 20
-93.33041813821862
 30
0.0
 11
506.4642197457733
 21
-93.51041813821871
 31
0.0
  0
LINE
  5
464
330
17
100
AcDbEntity
  8
MUROS
100
AcDbLine
 10
506.4642197457733
 20
-93.51041813821871
 30
0.0
 11
507.8142197457733
 21
-93.51041813821871
 31
0.0
  0
LINE
  5
465
330
17
100
AcDbEntity
  8
MUROS
100
AcDbLine
 10
507.8142197458154
 20
-89.91041815554169
 30
0.0
 11
507.8142197450268
 21
-90.7504181555417
 31
0.0
  0
LINE
  5
466
330
17
100
AcDbEntity
  8
MUROS
100
AcDbLine
 10
507.8142197450268
 20
-90.7504181555417
 30
0.0
 11
507.9942197450269
 21
-90.7504181555417
 31
0.0
  0
LINE
  5
467
330
17
100
AcDbEntity
  8
MUROS
100
AcDbLine
 10
507.9942197450269
 20
-90.7504181555417
 30
0.0
 11
507.9942197458155
 21
-89.91041815554168
 31
0.0
  0
LINE
  5
468
330
17
100
AcDbEntity
  8
MUROS
100
AcDbLine
 10
507.99421974581594
 20
-87.91041813820821
 30
0.0
 11
507.9942197458148
 21
-88.87041813820497
 31
0.0
  0
LINE
  5
469
330
17
100
AcDbEntity
  8
MUROS
100
AcDbLine
 10
507.8142197458159
 20
-87.91041813820821
 30
0.0
 11
507.81421974581474
 21
-88.87041813820497
 31
0.0
  0
LINE
  5
46A
330
17
100
AcDbEntity
  8
MUROS
100
AcDbLine
 10
504.4441826699508
 20
-81.91041813821028
 30
0.0
 11
502.7442197458155
 21
-81.91041813821028
 31
0.0
  0
LINE
  5
46B
330
17
100
AcDbEntity
  8
MUROS
100
AcDbLine
 10
502.7442197458155
 20
-81.91041813821028
 30
0.0
 11
502.7442197458155
 21
-82.09041813821028
 31
0.0
  0
LINE
  5
46C
330
17
100
AcDbEntity
  8
MUROS
100
AcDbLine
 10
502.7442197458155
 20
-82.09041813821028
 30
0.0
 11
504.4441826699508
 21
-82.09041813821028
 31
0.0
  0
LINE
  5
46D
330
17
100
AcDbEntity
  8
MUROS
100
AcDbLine
 10
507.99421974581537
 20
-85.06041805886734
 30
0.0
 11
507.8142197458154
 21
-85.06041805886734
 31
0.0
  0
LINE
  5
46E
330
17
100
AcDbEntity
  8
MUROS
100
AcDbLine
 10
507.8142197458154
 20
-85.06041805886734
 30
0.0
 11
507.8142197458154
 21
-86.56041815553688
 31
0.0
  0
LINE
  5
46F
330
17
100
AcDbEntity
  8
MUROS
100
AcDbLine
 10
507.8142197458154
 20
-86.56041815553688
 30
0.0
 11
507.99421974581537
 21
-86.56041815553688
 31
0.0
  0
LINE
  5
470
330
17
100
AcDbEntity
  8
MUROS
100
AcDbLine
 10
506.0242197458155
 20
-89.73041812088348
 30
0.0
 11
506.0242197458155
 21
-89.91041812088349
 31
0.0
  0
LINE
  5
471
330
17
100
AcDbEntity
  8
MUROS
100
AcDbLine
 10
506.0242197458155
 20
-89.91041812088349
 30
0.0
 11
507.9942197458155
 21
-89.91041815554169
 31
0.0
  0
LINE
  5
472
330
17
100
AcDbEntity
  8
MUROS
100
AcDbLine
 10
507.9942197458155
 20
-89.91041815554169
 30
0.0
 11
507.99421974581526
 21
-88.87041813820497
 31
0.0
  0
LINE
  5
473
330
17
100
AcDbEntity
  8
MUROS
100
AcDbLine
 10
507.99421974581526
 20
-88.87041813820497
 30
0.0
 11
507.8142197458152
 21
-88.87041813820497
 31
0.0
  0
LINE
  5
474
330
17
100
AcDbEntity
  8
MUROS
100
AcDbLine
 10
507.8142197458152
 20
-88.87041813820497
 30
0.0
 11
507.81421974581554
 21
-89.73041813821018
 31
0.0
  0
LINE
  5
475
330
17
100
AcDbEntity
  8
MUROS
100
AcDbLine
 10
503.94421974581553
 20
-92.71041813821023
 30
0.0
 11
502.14421974582007
 21
-92.71041813821024
 31
0.0
  0
LINE
  5
476
330
17
100
AcDbEntity
  8
MUROS
100
AcDbLine
 10
502.14421974582007
 20
-92.71041813821024
 30
0.0
 11
502.14421974582007
 21
-92.53041813821024
 31
0.0
  0
LINE
  5
477
330
17
100
AcDbEntity
  8
MUROS
100
AcDbLine
 10
502.14421974582007
 20
-92.53041813821024
 30
0.0
 11
503.94421974581553
 21
-92.53041813821024
 31
0.0
  0
LINE
  5
478
330
17
100
AcDbEntity
  8
MUROS
100
AcDbLine
 10
503.94421974581553
 20
-92.53041813821024
 30
0.0
 11
503.94421974581553
 21
-90.81041815553691
 31
0.0
  0
LINE
  5
479
330
17
100
AcDbEntity
  8
MUROS
100
AcDbLine
 10
503.94421974581553
 20
-90.81041815553691
 30
0.0
 11
504.12421974581554
 21
-90.81041815553691
 31
0.0
  0
LINE
  5
47A
330
17
100
AcDbEntity
  8
MUROS
100
AcDbLine
 10
504.12421974581554
 20
-90.81041815553691
 30
0.0
 11
504.12421974581554
 21
-93.33041813821018
 31
0.0
  0
LINE
  5
47B
330
17
100
AcDbEntity
  8
MUROS
100
AcDbLine
 10
504.12421974581554
 20
-93.33041813821018
 30
0.0
 11
506.4642197457733
 21
-93.33041813750171
 31
0.0
  0
LINE
  5
47C
330
17
100
AcDbEntity
  8
MUROS
100
AcDbLine
 10
506.4642197457733
 20
-93.33041813750171
 30
0.0
 11
506.4642197457733
 21
-93.5104181375018
 31
0.0
  0
LINE
  5
47D
330
17
100
AcDbEntity
  8
MUROS
100
AcDbLine
 10
506.4642197457733
 20
-93.5104181375018
 30
0.0
 11
503.94421974581553
 21
-93.51041813821018
 31
0.0
  0
LINE
  5
47E
330
17
100
AcDbEntity
  8
MUROS
100
AcDbLine
 10
507.9942197450269
 20
-90.7504181555417
 30
0.0
 11
507.9942197450269
 21
-93.51041813821027
 31
0.0
  0
LINE
  5
47F
330
17
100
AcDbEntity
  8
MUROS
100
AcDbLine
 10
507.9942197450269
 20
-93.51041813821027
 30
0.0
 11
507.81421974581554
 21
-93.51041813821027
 31
0.0
  0
LINE
  5
480
330
17
100
AcDbEntity
  8
MUROS
100
AcDbLine
 10
507.81421974581554
 20
-93.51041813821027
 30
0.0
 11
507.8142197450268
 21
-90.7504181555417
 31
0.0
  0
LINE
  5
481
330
17
100
AcDbEntity
  8
MUROS
100
AcDbLine
 10
504.52421974581557
 20
-86.5604181555369
 30
0.0
 11
504.52421974581557
 21
-85.86039409197888
 31
0.0
  0
LINE
  5
482
330
17
100
AcDbEntity
  8
MUROS
100
AcDbLine
 10
504.52421974581557
 20
-85.86039409197888
 30
0.0
 11
504.34421974581556
 21
-85.86041815553689
 31
0.0
  0
LINE
  5
483
330
17
100
AcDbEntity
  8
MUROS
100
AcDbLine
 10
504.34421974581556
 20
-85.86041815553689
 30
0.0
 11
504.34421974581556
 21
-86.5604181555369
 31
0.0
  0
LINE
  5
484
330
17
100
AcDbEntity
  8
MUROS
100
AcDbLine
 10
504.34421974581556
 20
-86.5604181555369
 30
0.0
 11
503.94421974581553
 21
-86.5604181555369
 31
0.0
  0
LINE
  5
485
330
17
100
AcDbEntity
  8
MUROS
100
AcDbLine
 10
503.94421974581553
 20
-86.5604181555369
 30
0.0
 11
503.94421974581553
 21
-89.91041815553689
 31
0.0
  0
LINE
  5
486
330
17
100
AcDbEntity
  8
MUROS
100
AcDbLine
 10
503.94421974581553
 20
-89.91041815553689
 30
0.0
 11
505.1242197458155
 21
-89.91041815553689
 31
0.0
  0
LINE
  5
487
330
17
100
AcDbEntity
  8
MUROS
100
AcDbLine
 10
505.1242197458155
 20
-89.91041815553689
 30
0.0
 11
505.1242197458155
 21
-89.73041815553688
 31
0.0
  0
LINE
  5
488
330
17
100
AcDbEntity
  8
MUROS
100
AcDbLine
 10
505.1242197458155
 20
-89.73041815553688
 30
0.0
 11
504.1242197458155
 21
-89.73041815553688
 31
0.0
  0
LINE
  5
489
330
17
100
AcDbEntity
  8
MUROS
100
AcDbLine
 10
504.1242197458155
 20
-89.73041815553688
 30
0.0
 11
504.12421974581554
 21
-86.74041815553687
 31
0.0
  0
LINE
  5
48A
330
17
100
AcDbEntity
  8
MUROS
100
AcDbLine
 10
504.12421974581554
 20
-86.74041815553687
 30
0.0
 11
507.99421974581537
 21
-86.74041815553687
 31
0.0
  0
LINE
  5
48B
330
17
100
AcDbEntity
  8
MUROS
100
AcDbLine
 10
507.99421974581537
 20
-86.74041815553687
 30
0.0
 11
507.99421974581537
 21
-86.5604181555369
 31
0.0
  0
LINE
  5
48C
330
17
100
AcDbEntity
  8
MUROS
100
AcDbLine
 10
507.99421974581537
 20
-86.5604181555369
 30
0.0
 11
504.52421974581557
 21
-86.5604181555369
 31
0.0
  0
LINE
  5
48D
330
17
100
AcDbEntity
  8
MUROS
100
AcDbLine
 10
507.99421974581537
 20
-81.91041815553689
 30
0.0
 11
504.44418264439605
 21
-81.91041815553689
 31
0.0
  0
LINE
  5
48E
330
17
100
AcDbEntity
  8
MUROS
100
AcDbLine
 10
504.44418264439605
 20
-81.91041815553689
 30
0.0
 11
504.44418269550556
 21
-82.0904181555369
 31
0.0
  0
LINE
  5
48F
330
17
100
AcDbEntity
  8
MUROS
100
AcDbLine
 10
504.44418269550556
 20
-82.0904181555369
 30
0.0
 11
507.8142197458153
 21
-82.09041815553688
 31
0.0
  0
LINE
  5
490
330
17
100
AcDbEntity
  8
MUROS
100
AcDbLine
 10
507.8142197458153
 20
-82.09041815553688
 30
0.0
 11
507.8142197458153
 21
-84.88041805886735
 31
0.0
  0
LINE
  5
491
330
17
100
AcDbEntity
  8
MUROS
100
AcDbLine
 10
507.8142197458153
 20
-84.88041805886735
 30
0.0
 11
503.6443216460642
 21
-84.88041805886735
 31
0.0
  0
LINE
  5
492
330
17
100
AcDbEntity
  8
MUROS
100
AcDbLine
 10
503.6443216460642
 20
-84.88041805886735
 30
0.0
 11
503.6443216460642
 21
-85.06041805886734
 31
0.0
  0
LINE
  5
493
330
17
100
AcDbEntity
  8
MUROS
100
AcDbLine
 10
503.6443216460642
 20
-85.06041805886734
 30
0.0
 11
507.99421974581537
 21
-85.06041805886734
 31
0.0
  0
LINE
  5
494
330
17
100
AcDbEntity
  8
MUROS
100
AcDbLine
 10
502.7442197458155
 20
-81.91041813821028
 30
0.0
 11
502.19421974581553
 21
-81.91041813821028
 31
0.0
  0
LINE
  5
495
330
17
100
AcDbEntity
  8
MUROS
100
AcDbLine
 10
502.19421974581553
 20
-81.91041813821028
 30
0.0
 11
502.19421974581553
 21
-82.09041813821028
 31
0.0
  0
LINE
  5
496
330
17
100
AcDbEntity
  8
MUROS
100
AcDbLine
 10
502.19421974581553
 20
-82.09041813821028
 30
0.0
 11
502.56421974581554
 21
-82.09041813821028
 31
0.0
  0
LINE
  5
497
330
17
100
AcDbEntity
  8
MUROS
100
AcDbLine
 10
502.56421974581554
 20
-82.09041813821028
 30
0.0
 11
502.56421974581554
 21
-85.06041813821025
 31
0.0
  0
LINE
  5
498
330
17
100
AcDbEntity
  8
MUROS
100
AcDbLine
 10
502.56421974581554
 20
-85.06041813821025
 30
0.0
 11
502.7442197458155
 21
-85.06041813821025
 31
0.0
  0
LINE
  5
499
330
17
100
AcDbEntity
  8
MUROS
100
AcDbLine
 10
502.7442197458155
 20
-85.06041813821025
 30
0.0
 11
502.7442197458155
 21
-81.91041813821028
 31
0.0
  0
LINE
  5
49A
330
17
100
AcDbEntity
  8
MUROS
100
AcDbLine
 10
499.7742197458155
 20
-86.74041813821026
 30
0.0
 11
502.7442197458155
 21
-86.74041813821026
 31
0.0
  0
LINE
  5
49B
330
17
100
AcDbEntity
  8
MUROS
100
AcDbLine
 10
502.7442197458155
 20
-86.74041813821026
 30
0.0
 11
502.7442197458155
 21
-85.96041813821027
 31
0.0
  0
LINE
  5
49C
330
17
100
AcDbEntity
  8
MUROS
100
AcDbLine
 10
502.7442197458155
 20
-85.96041813821027
 30
0.0
 11
502.56421974581554
 21
-85.96041813821029
 31
0.0
  0
LINE
  5
49D
330
17
100
AcDbEntity
  8
MUROS
100
AcDbLine
 10
502.56421974581554
 20
-85.96041813821029
 30
0.0
 11
502.56421974581554
 21
-86.56041813821028
 31
0.0
  0
LINE
  5
49E
330
17
100
AcDbEntity
  8
MUROS
100
AcDbLine
 10
502.56421974581554
 20
-86.56041813821028
 30
0.0
 11
499.7742197458155
 21
-86.56041813821028
 31
0.0
  0
LINE
  5
49F
330
17
100
AcDbEntity
  8
MUROS
100
AcDbLine
 10
499.7742197458155
 20
-86.56041813821028
 30
0.0
 11
499.77421974581546
 21
-82.09041813821028
 31
0.0
  0
LINE
  5
4A0
330
17
100
AcDbEntity
  8
MUROS
100
AcDbLine
 10
499.77421974581546
 20
-82.09041813821028
 30
0.0
 11
500.19421974581553
 21
-82.09041813821028
 31
0.0
  0
LINE
  5
4A1
330
17
100
AcDbEntity
  8
MUROS
100
AcDbLine
 10
500.19421974581553
 20
-82.09041813821028
 30
0.0
 11
500.19421974581553
 21
-81.91041813821028
 31
0.0
  0
LINE
  5
4A2
330
17
100
AcDbEntity
  8
MUROS
100
AcDbLine
 10
500.19421974581553
 20
-81.91041813821028
 30
0.0
 11
499.5942197458155
 21
-81.91041813821028
 31
0.0
  0
LINE
  5
4A3
330
17
100
AcDbEntity
  8
MUROS
100
AcDbLine
 10
499.5942197458155
 20
-81.91041813821028
 30
0.0
 11
499.5942197458155
 21
-92.71041813821023
 31
0.0
  0
LINE
  5
4A4
330
17
100
AcDbEntity
  8
MUROS
100
AcDbLine
 10
499.5942197458155
 20
-92.71041813821023
 30
0.0
 11
500.34421974582006
 21
-92.71041813821023
 31
0.0
  0
LINE
  5
4A5
330
17
100
AcDbEntity
  8
MUROS
100
AcDbLine
 10
500.34421974582006
 20
-92.71041813821023
 30
0.0
 11
500.34421974582006
 21
-92.53041813821024
 31
0.0
  0
LINE
  5
4A6
330
17
100
AcDbEntity
  8
MUROS
100
AcDbLine
 10
500.34421974582006
 20
-92.53041813821024
 30
0.0
 11
499.7742197458155
 21
-92.53041813821025
 31
0.0
  0
LINE
  5
4A7
330
17
100
AcDbEntity
  8
MUROS
100
AcDbLine
 10
497.75865907395587
 20
-88.01041814012247
 30
0.0
 11
497.75865907395587
 21
-88.49041814965027
 31
0.0
  0
LINE
  5
4A8
330
17
100
AcDbEntity
  8
MUROS
100
AcDbLine
 10
495.82865907395626
 20
-87.86041814012243
 30
0.0
 11
495.70865907395637
 21
-87.86041814012245
 31
0.0
  0
LINE
  5
4A9
330
17
100
AcDbEntity
  8
MUROS
100
AcDbLine
 10
495.70865907395637
 20
-87.86041814012245
 30
0.0
 11
495.7086590739564
 21
-88.4054181401224
 31
0.0
  0
LINE
  5
4AA
330
17
100
AcDbEntity
  8
MUROS
100
AcDbLine
 10
495.7086590739564
 20
-88.4054181401224
 30
0.0
 11
494.81865907395604
 21
-88.40541814012242
 31
0.0
  0
LINE
  5
4AB
330
17
100
AcDbEntity
  8
MUROS
100
AcDbLine
 10
494.81865907395604
 20
-88.40541814012242
 30
0.0
 11
494.81865907395604
 21
-88.52541814012241
 31
0.0
  0
LINE
  5
4AC
330
17
100
AcDbEntity
  8
MUROS
100
AcDbLine
 10
494.81865907395604
 20
-88.52541814012241
 30
0.0
 11
495.8286590739563
 21
-88.52541814012241
 31
0.0
  0
LINE
  5
4AD
330
17
100
AcDbEntity
  8
MUROS
100
AcDbLine
 10
497.75865907395587
 20
-90.16041814012247
 30
0.0
 11
497.63865907395586
 21
-90.16041814012246
 31
0.0
  0
LINE
  5
4AE
330
17
100
AcDbEntity
  8
MUROS
100
AcDbLine
 10
497.63865907395586
 20
-90.16041814012246
 30
0.0
 11
497.63865907395586
 21
-89.36041814012245
 31
0.0
  0
LINE
  5
4AF
330
17
100
AcDbEntity
  8
MUROS
100
AcDbLine
 10
497.63865907395586
 20
-89.36041814012245
 30
0.0
 11
497.75865907395587
 21
-89.36041814012245
 31
0.0
  0
LINE
  5
4B0
330
17
100
AcDbEntity
  8
MUROS
100
AcDbLine
 10
506.3442197458154
 20
-86.74041815553687
 30
0.0
 11
506.2242197458154
 21
-86.74041815553687
 31
0.0
  0
LINE
  5
4B1
330
17
100
AcDbEntity
  8
MUROS
100
AcDbLine
 10
506.2242197458154
 20
-86.74041815553687
 30
0.0
 11
506.2242197458154
 21
-88.38041815553687
 31
0.0
  0
LINE
  5
4B2
330
17
100
AcDbEntity
  8
MUROS
100
AcDbLine
 10
506.2242197458154
 20
-88.38041815553687
 30
0.0
 11
506.3442197458154
 21
-88.38041815553687
 31
0.0
  0
LINE
  5
4B3
330
17
100
AcDbEntity
  8
MUROS
100
AcDbLine
 10
506.3442197458154
 20
-89.13041812488146
 30
0.0
 11
506.2242197458154
 21
-89.13041812488146
 31
0.0
  0
LINE
  5
4B4
330
17
100
AcDbEntity
  8
MUROS
100
AcDbLine
 10
506.2242197458154
 20
-89.13041812488146
 30
0.0
 11
506.2242197458154
 21
-89.73041812488147
 31
0.0
  0
LINE
  5
4B5
330
17
100
AcDbEntity
  8
MUROS
100
AcDbLine
 10
506.2242197458154
 20
-89.73041812488147
 30
0.0
 11
506.3442197458154
 21
-89.73041812488147
 31
0.0
  0
TEXT
  5
4B6
330
17
100
AcDbEntity
  8
URBANIA-LAVANDERIA
100
AcDbText
 10
496.26
 20
-89.9
 30
0.0
 40
0.12
  1
URBANIA
 72
1
 11
496.26
 21
-89.9
 31
0.0
100
AcDbText
 73
2
  0
TEXT
  5
4B7
330
17
100
AcDbEntity
  8
URBANIA-LAVANDERIA
100
AcDbText
 10
497.5
 20
-89.71
 30
0.0
 40
0.12
  1
URBANIA
 72
1
 11
497.5
 21
-89.71
 31
0.0
100
AcDbText
 73
2
  0
TEXT
  5
4B8
330
17
100
AcDbEntity
  8
REGADERA-MALLA-MURO
100
AcDbText
 10
507.0
 20
-87.6
 30
0.0
 40
0.12
  1
REGADERA
 72
1
 11
507.0
 21
-87.6
 31
0.0
100
AcDbText
 73
2
  0
TEXT
  5
4B9
330
17
100
AcDbEntity
  8
REGADERA-MALLA-MURO
100
AcDbText
 10
504.4
 20
-85.6
 30
0.0
 40
0.12
  1
REGADERA
 72
1
 11
504.4
 21
-85.6
 31
0.0
100
AcDbText
 73
2
  0
LWPOLYLINE
  5
4BA
330
17
100
AcDbEntity
  8
SOBRANTE-JUNTO-AL-RECORTE
100
AcDbPolyline
 90
4
 70
1
 10
489.5647
 20
-92.71690000000001
 10
490.1607
 20
-92.71690000000001
 10
490.1607
 20
-92.53000000000002
 10
489.5647
 20
-92.53000000000002
  0
TEXT
  5
4BB
330
17
100
AcDbEntity
  8
SOBRANTE-JUNTO-AL-RECORTE
100
AcDbText
 10
489.8627
 20
-92.62345
 30
0.0
 40
0.045
  1
SOBRA DE PB-M-140
 72
1
 11
489.8627
 21
-92.62345
 31
0.0
100
AcDbText
 73
2
  0
LWPOLYLINE
  5
4BC
330
17
100
AcDbEntity
  8
SOBRANTE-JUNTO-AL-RECORTE
100
AcDbPolyline
 90
4
 70
1
 10
489.5647
 20
-83.2004
 10
490.1607
 20
-83.2004
 10
490.1607
 20
-83.1204
 10
489.5647
 20
-83.1204
  0
TEXT
  5
4BD
330
17
100
AcDbEntity
  8
SOBRANTE-JUNTO-AL-RECORTE
100
AcDbText
 10
489.8627
 20
-83.1604
 30
0.0
 40
0.039999999999999925
  1
SOBRA DE PB-M-018
 72
1
 11
489.8627
 21
-83.1604
 31
0.0
100
AcDbText
 73
2
  0
LWPOLYLINE
  5
4BE
330
17
100
AcDbEntity
  8
SOBRANTE-JUNTO-AL-RECORTE
100
AcDbPolyline
 90
4
 70
1
 10
490.1627
 20
-92.71690000000001
 10
490.7587
 20
-92.71690000000001
 10
490.7587
 20
-92.53000000000002
 10
490.1627
 20
-92.53000000000002
  0
TEXT
  5
4BF
330
17
100
AcDbEntity
  8
SOBRANTE-JUNTO-AL-RECORTE
100
AcDbText
 10
490.4607
 20
-92.62345
 30
0.0
 40
0.045
  1
SOBRA DE PB-M-141
 72
1
 11
490.4607
 21
-92.62345
 31
0.0
100
AcDbText
 73
2
  0
LWPOLYLINE
  5
4C0
330
17
100
AcDbEntity
  8
SOBRANTE-JUNTO-AL-RECORTE
100
AcDbPolyline
 90
4
 70
1
 10
489.5647
 20
-84.39399999999999
 10
490.1607
 20
-84.39399999999999
 10
490.1607
 20
-84.3449
 10
489.5647
 20
-84.3449
  0
TEXT
  5
4C1
330
17
100
AcDbEntity
  8
SOBRANTE-JUNTO-AL-RECORTE
100
AcDbText
 10
489.8627
 20
-84.36944999999999
 30
0.0
 40
0.02454999999999996
  1
SOBRA DE PB-M-029
 72
1
 11
489.8627
 21
-84.36944999999999
 31
0.0
100
AcDbText
 73
2
  0
LWPOLYLINE
  5
4C2
330
17
100
AcDbEntity
  8
SOBRANTE-JUNTO-AL-RECORTE
100
AcDbPolyline
 90
4
 70
1
 10
490.1627
 20
-83.2004
 10
490.7587
 20
-83.2004
 10
490.7587
 20
-83.1204
 10
490.1627
 20
-83.1204
  0
TEXT
  5
4C3
330
17
100
AcDbEntity
  8
SOBRANTE-JUNTO-AL-RECORTE
100
AcDbText
 10
490.4607
 20
-83.1604
 30
0.0
 40
0.039999999999999925
  1
SOBRA DE PB-M-019
 72
1
 11
490.4607
 21
-83.1604
 31
0.0
100
AcDbText
 73
2
  0
LWPOLYLINE
  5
4C4
330
17
100
AcDbEntity
  8
SOBRANTE-JUNTO-AL-RECORTE
100
AcDbPolyline
 90
4
 70
1
 10
490.7607
 20
-92.71690000000001
 10
491.3567
 20
-92.71690000000001
 10
491.3567
 20
-92.53000000000002
 10
490.7607
 20
-92.53000000000002
  0
TEXT
  5
4C5
330
17
100
AcDbEntity
  8
SOBRANTE-JUNTO-AL-RECORTE
100
AcDbText
 10
491.0587
 20
-92.62345
 30
0.0
 40
0.045
  1
SOBRA DE PB-M-142
 72
1
 11
491.0587
 21
-92.62345
 31
0.0
100
AcDbText
 73
2
  0
LWPOLYLINE
  5
4C6
330
17
100
AcDbEntity
  8
SOBRANTE-JUNTO-AL-RECORTE
100
AcDbPolyline
 90
4
 70
1
 10
490.1627
 20
-84.3944
 10
490.7587
 20
-84.3944
 10
490.7587
 20
-84.34490000000001
 10
490.1627
 20
-84.34490000000001
  0
TEXT
  5
4C7
330
17
100
AcDbEntity
  8
SOBRANTE-JUNTO-AL-RECORTE
100
AcDbText
 10
490.4607
 20
-84.36965000000001
 30
0.0
 40
0.02474999999999994
  1
SOBRA DE PB-M-030
 72
1
 11
490.4607
 21
-84.36965000000001
 31
0.0
100
AcDbText
 73
2
  0
LWPOLYLINE
  5
4C8
330
17
100
AcDbEntity
  8
SOBRANTE-JUNTO-AL-RECORTE
100
AcDbPolyline
 90
4
 70
1
 10
490.7607
 20
-83.2004
 10
491.3567
 20
-83.2004
 10
491.3567
 20
-83.1204
 10
490.7607
 20
-83.1204
  0
TEXT
  5
4C9
330
17
100
AcDbEntity
  8
SOBRANTE-JUNTO-AL-RECORTE
100
AcDbText
 10
491.0587
 20
-83.1604
 30
0.0
 40
0.039999999999999925
  1
SOBRA DE PB-M-020
 72
1
 11
491.0587
 21
-83.1604
 31
0.0
100
AcDbText
 73
2
  0
LWPOLYLINE
  5
4CA
330
17
100
AcDbEntity
  8
SOBRANTE-JUNTO-AL-RECORTE
100
AcDbPolyline
 90
4
 70
1
 10
491.3587
 20
-92.71690000000001
 10
491.9547
 20
-92.71690000000001
 10
491.9547
 20
-92.53000000000002
 10
491.3587
 20
-92.53000000000002
  0
TEXT
  5
4CB
330
17
100
AcDbEntity
  8
SOBRANTE-JUNTO-AL-RECORTE
100
AcDbText
 10
491.6567
 20
-92.62345
 30
0.0
 40
0.045
  1
SOBRA DE PB-M-143
 72
1
 11
491.6567
 21
-92.62345
 31
0.0
100
AcDbText
 73
2
  0
LWPOLYLINE
  5
4CC
330
17
100
AcDbEntity
  8
SOBRANTE-JUNTO-AL-RECORTE
100
AcDbPolyline
 90
4
 70
1
 10
490.7607
 20
-84.3944
 10
491.3567
 20
-84.3944
 10
491.3567
 20
-84.34490000000001
 10
490.7607
 20
-84.34490000000001
  0
TEXT
  5
4CD
330
17
100
AcDbEntity
  8
SOBRANTE-JUNTO-AL-RECORTE
100
AcDbText
 10
491.0587
 20
-84.36965000000001
 30
0.0
 40
0.02474999999999994
  1
SOBRA DE PB-M-031
 72
1
 11
491.0587
 21
-84.36965000000001
 31
0.0
100
AcDbText
 73
2
  0
LWPOLYLINE
  5
4CE
330
17
100
AcDbEntity
  8
SOBRANTE-JUNTO-AL-RECORTE
100
AcDbPolyline
 90
4
 70
1
 10
491.9567
 20
-92.71690000000001
 10
492.5527
 20
-92.71690000000001
 10
492.5527
 20
-92.53040000000001
 10
491.9567
 20
-92.53040000000001
  0
TEXT
  5
4CF
330
17
100
AcDbEntity
  8
SOBRANTE-JUNTO-AL-RECORTE
100
AcDbText
 10
492.2547
 20
-92.62365000000001
 30
0.0
 40
0.045
  1
SOBRA DE PB-M-144
 72
1
 11
492.2547
 21
-92.62365000000001
 31
0.0
100
AcDbText
 73
2
  0
LWPOLYLINE
  5
4D0
330
17
100
AcDbEntity
  8
SOBRANTE-JUNTO-AL-RECORTE
100
AcDbPolyline
 90
4
 70
1
 10
491.3587
 20
-83.2004
 10
491.9547
 20
-83.2004
 10
491.9547
 20
-83.1204
 10
491.3587
 20
-83.1204
  0
TEXT
  5
4D1
330
17
100
AcDbEntity
  8
SOBRANTE-JUNTO-AL-RECORTE
100
AcDbText
 10
491.6567
 20
-83.1604
 30
0.0
 40
0.039999999999999925
  1
SOBRA DE PB-M-021
 72
1
 11
491.6567
 21
-83.1604
 31
0.0
100
AcDbText
 73
2
  0
LWPOLYLINE
  5
4D2
330
17
100
AcDbEntity
  8
SOBRANTE-JUNTO-AL-RECORTE
100
AcDbPolyline
 90
4
 70
1
 10
507.5412
 20
-94.0239
 10
507.7412
 20
-94.0239
 10
507.7412
 20
-93.3304
 10
507.5412
 20
-93.3304
  0
TEXT
  5
4D3
330
17
100
AcDbEntity
  8
SOBRANTE-JUNTO-AL-RECORTE
100
AcDbText
 10
507.6412
 20
-93.67715
 30
0.0
 40
0.045
  1
SOBRA DE PA-R-206
 50
90.0
 72
1
 11
507.6412
 21
-93.67715
 31
0.0
100
AcDbText
 73
2
  0
LWPOLYLINE
  5
4D4
330
17
100
AcDbEntity
  8
SOBRANTE-JUNTO-AL-RECORTE
100
AcDbPolyline
 90
4
 70
1
 10
507.8142
 20
-93.4234
 10
507.9422
 20
-93.4234
 10
507.9422
 20
-92.2234
 10
507.8142
 20
-92.2234
  0
LWPOLYLINE
  5
4D5
330
17
100
AcDbEntity
  8
SOBRANTE-JUNTO-AL-RECORTE
100
AcDbPolyline
 90
4
 70
1
 10
507.7422
 20
-93.4234
 10
507.8142
 20
-93.4234
 10
507.8142
 20
-93.3304
 10
507.7422
 20
-93.3304
  0
TEXT
  5
4D6
330
17
100
AcDbEntity
  8
SOBRANTE-JUNTO-AL-RECORTE
100
AcDbText
 10
507.87820000000005
 20
-92.8234
 30
0.0
 40
0.045
  1
SOBRA DE PA-R-197
 50
90.0
 72
1
 11
507.87820000000005
 21
-92.8234
 31
0.0
100
AcDbText
 73
2
  0
LWPOLYLINE
  5
4D7
330
17
100
AcDbEntity
  8
SOBRANTE-JUNTO-AL-RECORTE
100
AcDbPolyline
 90
4
 70
1
 10
507.3402
 20
-93.4234
 10
507.54019999999997
 20
-93.4234
 10
507.54019999999997
 20
-93.3304
 10
507.3402
 20
-93.3304
  0
LWPOLYLINE
  5
4D8
330
17
100
AcDbEntity
  8
SOBRANTE-JUNTO-AL-RECORTE
100
AcDbPolyline
 90
4
 70
1
 10
491.3587
 20
-84.3944
 10
491.9547
 20
-84.3944
 10
491.9547
 20
-84.34490000000001
 10
491.3587
 20
-84.34490000000001
  0
TEXT
  5
4D9
330
17
100
AcDbEntity
  8
SOBRANTE-JUNTO-AL-RECORTE
100
AcDbText
 10
491.6567
 20
-84.36965000000001
 30
0.0
 40
0.02474999999999994
  1
SOBRA DE PB-M-032
 72
1
 11
491.6567
 21
-84.36965000000001
 31
0.0
100
AcDbText
 73
2
  0
LWPOLYLINE
  5
4DA
330
17
100
AcDbEntity
  8
SOBRANTE-JUNTO-AL-RECORTE
100
AcDbPolyline
 90
4
 70
1
 10
492.5547
 20
-92.71690000000001
 10
493.15070000000003
 20
-92.71690000000001
 10
493.15070000000003
 20
-92.53040000000001
 10
492.5547
 20
-92.53040000000001
  0
TEXT
  5
4DB
330
17
100
AcDbEntity
  8
SOBRANTE-JUNTO-AL-RECORTE
100
AcDbText
 10
492.8527
 20
-92.62365000000001
 30
0.0
 40
0.045
  1
SOBRA DE PB-M-145
 72
1
 11
492.8527
 21
-92.62365000000001
 31
0.0
100
AcDbText
 73
2
  0
LWPOLYLINE
  5
4DC
330
17
100
AcDbEntity
  8
SOBRANTE-JUNTO-AL-RECORTE
100
AcDbPolyline
 90
4
 70
1
 10
491.9567
 20
-83.2004
 10
492.5527
 20
-83.2004
 10
492.5527
 20
-83.1204
 10
491.9567
 20
-83.1204
  0
TEXT
  5
4DD
330
17
100
AcDbEntity
  8
SOBRANTE-JUNTO-AL-RECORTE
100
AcDbText
 10
492.2547
 20
-83.1604
 30
0.0
 40
0.039999999999999925
  1
SOBRA DE PB-M-022
 72
1
 11
492.2547
 21
-83.1604
 31
0.0
100
AcDbText
 73
2
  0
LWPOLYLINE
  5
4DE
330
17
100
AcDbEntity
  8
SOBRANTE-JUNTO-AL-RECORTE
100
AcDbPolyline
 90
4
 70
1
 10
506.7372
 20
-94.0239
 10
506.93719999999996
 20
-94.0239
 10
506.93719999999996
 20
-93.3304
 10
506.7372
 20
-93.3304
  0
TEXT
  5
4DF
330
17
100
AcDbEntity
  8
SOBRANTE-JUNTO-AL-RECORTE
100
AcDbText
 10
506.8372
 20
-93.67715
 30
0.0
 40
0.045
  1
SOBRA DE PA-R-204
 50
90.0
 72
1
 11
506.8372
 21
-93.67715
 31
0.0
100
AcDbText
 73
2
  0
LWPOLYLINE
  5
4E0
330
17
100
AcDbEntity
  8
SOBRANTE-JUNTO-AL-RECORTE
100
AcDbPolyline
 90
4
 70
1
 10
506.9382
 20
-93.4234
 10
507.1382
 20
-93.4234
 10
507.1382
 20
-93.3304
 10
506.9382
 20
-93.3304
  0
LWPOLYLINE
  5
4E1
330
17
100
AcDbEntity
  8
SOBRANTE-JUNTO-AL-RECORTE
100
AcDbPolyline
 90
4
 70
1
 10
507.8142
 20
-92.223
 10
507.9422
 20
-92.223
 10
507.9422
 20
-91.023
 10
507.8142
 20
-91.023
  0
TEXT
  5
4E2
330
17
100
AcDbEntity
  8
SOBRANTE-JUNTO-AL-RECORTE
100
AcDbText
 10
507.87820000000005
 20
-91.623
 30
0.0
 40
0.045
  1
SOBRA DE PA-R-178
 50
90.0
 72
1
 11
507.87820000000005
 21
-91.623
 31
0.0
100
AcDbText
 73
2
  0
LWPOLYLINE
  5
4E3
330
17
100
AcDbEntity
  8
SOBRANTE-JUNTO-AL-RECORTE
100
AcDbPolyline
 90
4
 70
1
 10
493.1527
 20
-92.71690000000001
 10
493.7487
 20
-92.71690000000001
 10
493.7487
 20
-92.53040000000001
 10
493.1527
 20
-92.53040000000001
  0
TEXT
  5
4E4
330
17
100
AcDbEntity
  8
SOBRANTE-JUNTO-AL-RECORTE
100
AcDbText
 10
493.4507
 20
-92.62365000000001
 30
0.0
 40
0.045
  1
SOBRA DE PB-M-146
 72
1
 11
493.4507
 21
-92.62365000000001
 31
0.0
100
AcDbText
 73
2
  0
LWPOLYLINE
  5
4E5
330
17
100
AcDbEntity
  8
SOBRANTE-JUNTO-AL-RECORTE
100
AcDbPolyline
 90
4
 70
1
 10
506.5362
 20
-93.4234
 10
506.7362
 20
-93.4234
 10
506.7362
 20
-93.3304
 10
506.5362
 20
-93.3304
  0
LWPOLYLINE
  5
4E6
330
17
100
AcDbEntity
  8
SOBRANTE-JUNTO-AL-RECORTE
100
AcDbPolyline
 90
4
 70
1
 10
491.9567
 20
-84.3944
 10
492.5527
 20
-84.3944
 10
492.5527
 20
-84.34490000000001
 10
491.9567
 20
-84.34490000000001
  0
TEXT
  5
4E7
330
17
100
AcDbEntity
  8
SOBRANTE-JUNTO-AL-RECORTE
100
AcDbText
 10
492.2547
 20
-84.36965000000001
 30
0.0
 40
0.02474999999999994
  1
SOBRA DE PB-M-033
 72
1
 11
492.2547
 21
-84.36965000000001
 31
0.0
100
AcDbText
 73
2
  0
LWPOLYLINE
  5
4E8
330
17
100
AcDbEntity
  8
SOBRANTE-JUNTO-AL-RECORTE
100
AcDbPolyline
 90
4
 70
1
 10
492.5547
 20
-83.2004
 10
493.15070000000003
 20
-83.2004
 10
493.15070000000003
 20
-83.1204
 10
492.5547
 20
-83.1204
  0
TEXT
  5
4E9
330
17
100
AcDbEntity
  8
SOBRANTE-JUNTO-AL-RECORTE
100
AcDbText
 10
492.8527
 20
-83.1604
 30
0.0
 40
0.039999999999999925
  1
SOBRA DE PB-M-023
 72
1
 11
492.8527
 21
-83.1604
 31
0.0
100
AcDbText
 73
2
  0
LWPOLYLINE
  5
4EA
330
17
100
AcDbEntity
  8
SOBRANTE-JUNTO-AL-RECORTE
100
AcDbPolyline
 90
4
 70
1
 10
505.9332
 20
-94.0239
 10
506.1332
 20
-94.0239
 10
506.1332
 20
-93.3304
 10
505.9332
 20
-93.3304
  0
TEXT
  5
4EB
330
17
100
AcDbEntity
  8
SOBRANTE-JUNTO-AL-RECORTE
100
AcDbText
 10
506.0332
 20
-93.67715
 30
0.0
 40
0.045
  1
SOBRA DE PA-R-202
 50
90.0
 72
1
 11
506.0332
 21
-93.67715
 31
0.0
100
AcDbText
 73
2
  0
LWPOLYLINE
  5
4EC
330
17
100
AcDbEntity
  8
SOBRANTE-JUNTO-AL-RECORTE
100
AcDbPolyline
 90
4
 70
1
 10
506.1342
 20
-93.4234
 10
506.3342
 20
-93.4234
 10
506.3342
 20
-93.3304
 10
506.1342
 20
-93.3304
  0
LWPOLYLINE
  5
4ED
330
17
100
AcDbEntity
  8
SOBRANTE-JUNTO-AL-RECORTE
100
AcDbPolyline
 90
4
 70
1
 10
507.5682
 20
-82.09049999999999
 10
507.7682
 20
-82.09049999999999
 10
507.7682
 20
-81.96889999999999
 10
507.5682
 20
-81.96889999999999
  0
LWPOLYLINE
  5
4EE
330
17
100
AcDbEntity
  8
SOBRANTE-JUNTO-AL-RECORTE
100
AcDbPolyline
 90
4
 70
1
 10
505.7322
 20
-93.4234
 10
505.93219999999997
 20
-93.4234
 10
505.93219999999997
 20
-93.3304
 10
505.7322
 20
-93.3304
  0
LWPOLYLINE
  5
4EF
330
17
100
AcDbEntity
  8
SOBRANTE-JUNTO-AL-RECORTE
100
AcDbPolyline
 90
4
 70
1
 10
493.1527
 20
-83.2004
 10
493.7487
 20
-83.2004
 10
493.7487
 20
-83.0804
 10
493.1527
 20
-83.0804
  0
TEXT
  5
4F0
330
17
100
AcDbEntity
  8
SOBRANTE-JUNTO-AL-RECORTE
100
AcDbText
 10
493.4507
 20
-83.1404
 30
0.0
 40
0.045
  1
SOBRA DE PB-M-015
 72
1
 11
493.4507
 21
-83.1404
 31
0.0
100
AcDbText
 73
2
  0
LWPOLYLINE
  5
4F1
330
17
100
AcDbEntity
  8
SOBRANTE-JUNTO-AL-RECORTE
100
AcDbPolyline
 90
4
 70
1
 10
492.5547
 20
-84.3944
 10
493.15070000000003
 20
-84.3944
 10
493.15070000000003
 20
-84.34490000000001
 10
492.5547
 20
-84.34490000000001
  0
TEXT
  5
4F2
330
17
100
AcDbEntity
  8
SOBRANTE-JUNTO-AL-RECORTE
100
AcDbText
 10
492.8527
 20
-84.36965000000001
 30
0.0
 40
0.02474999999999994
  1
SOBRA DE PB-M-034
 72
1
 11
492.8527
 21
-84.36965000000001
 31
0.0
100
AcDbText
 73
2
  0
LWPOLYLINE
  5
4F3
330
17
100
AcDbEntity
  8
SOBRANTE-JUNTO-AL-RECORTE
100
AcDbPolyline
 90
4
 70
1
 10
507.5412
 20
-89.91040000000001
 10
507.7412
 20
-89.91040000000001
 10
507.7412
 20
-89.22090000000001
 10
507.5412
 20
-89.22090000000001
  0
TEXT
  5
4F4
330
17
100
AcDbEntity
  8
SOBRANTE-JUNTO-AL-RECORTE
100
AcDbText
 10
507.6412
 20
-89.56565
 30
0.0
 40
0.045
  1
SOBRA DE PA-R-148
 50
90.0
 72
1
 11
507.6412
 21
-89.56565
 31
0.0
100
AcDbText
 73
2
  0
LWPOLYLINE
  5
4F5
330
17
100
AcDbEntity
  8
SOBRANTE-JUNTO-AL-RECORTE
100
AcDbPolyline
 90
4
 70
1
 10
507.1662
 20
-82.09049999999999
 10
507.3662
 20
-82.09049999999999
 10
507.3662
 20
-81.96889999999999
 10
507.1662
 20
-81.96889999999999
  0
LWPOLYLINE
  5
4F6
330
17
100
AcDbEntity
  8
SOBRANTE-JUNTO-AL-RECORTE
100
AcDbPolyline
 90
4
 70
1
 10
506.9652
 20
-82.09049999999999
 10
507.16519999999997
 20
-82.09049999999999
 10
507.16519999999997
 20
-81.3684
 10
506.9652
 20
-81.3684
  0
TEXT
  5
4F7
330
17
100
AcDbEntity
  8
SOBRANTE-JUNTO-AL-RECORTE
100
AcDbText
 10
507.0652
 20
-81.72944999999999
 30
0.0
 40
0.045
  1
SOBRA DE PA-R-018
 50
90.0
 72
1
 11
507.0652
 21
-81.72944999999999
 31
0.0
100
AcDbText
 73
2
  0
LWPOLYLINE
  5
4F8
330
17
100
AcDbEntity
  8
SOBRANTE-JUNTO-AL-RECORTE
100
AcDbPolyline
 90
4
 70
1
 10
505.1292
 20
-94.0239
 10
505.3292
 20
-94.0239
 10
505.3292
 20
-93.3304
 10
505.1292
 20
-93.3304
  0
TEXT
  5
4F9
330
17
100
AcDbEntity
  8
SOBRANTE-JUNTO-AL-RECORTE
100
AcDbText
 10
505.22920000000005
 20
-93.67715
 30
0.0
 40
0.045
  1
SOBRA DE PA-R-200
 50
90.0
 72
1
 11
505.22920000000005
 21
-93.67715
 31
0.0
100
AcDbText
 73
2
  0
LWPOLYLINE
  5
4FA
330
17
100
AcDbEntity
  8
SOBRANTE-JUNTO-AL-RECORTE
100
AcDbPolyline
 90
4
 70
1
 10
507.3402
 20
-89.9104
 10
507.54019999999997
 20
-89.9104
 10
507.54019999999997
 20
-89.8214
 10
507.3402
 20
-89.8214
  0
LWPOLYLINE
  5
4FB
330
17
100
AcDbEntity
  8
SOBRANTE-JUNTO-AL-RECORTE
100
AcDbPolyline
 90
4
 70
1
 10
505.3302
 20
-93.4234
 10
505.5302
 20
-93.4234
 10
505.5302
 20
-93.3304
 10
505.3302
 20
-93.3304
  0
LWPOLYLINE
  5
4FC
330
17
100
AcDbEntity
  8
SOBRANTE-JUNTO-AL-RECORTE
100
AcDbPolyline
 90
4
 70
1
 10
506.7642
 20
-82.09049999999999
 10
506.9642
 20
-82.09049999999999
 10
506.9642
 20
-81.96889999999999
 10
506.7642
 20
-81.96889999999999
  0
LWPOLYLINE
  5
4FD
330
17
100
AcDbEntity
  8
SOBRANTE-JUNTO-AL-RECORTE
100
AcDbPolyline
 90
4
 70
1
 10
506.9382
 20
-89.9104
 10
507.1382
 20
-89.9104
 10
507.1382
 20
-89.8214
 10
506.9382
 20
-89.8214
  0
LWPOLYLINE
  5
4FE
330
17
100
AcDbEntity
  8
SOBRANTE-JUNTO-AL-RECORTE
100
AcDbPolyline
 90
4
 70
1
 10
504.9282
 20
-93.4234
 10
505.1282
 20
-93.4234
 10
505.1282
 20
-93.3304
 10
504.9282
 20
-93.3304
  0
LWPOLYLINE
  5
4FF
330
17
100
AcDbEntity
  8
SOBRANTE-JUNTO-AL-RECORTE
100
AcDbPolyline
 90
4
 70
1
 10
493.7507
 20
-83.2004
 10
494.3467
 20
-83.2004
 10
494.3467
 20
-83.1204
 10
493.7507
 20
-83.1204
  0
TEXT
  5
500
330
17
100
AcDbEntity
  8
SOBRANTE-JUNTO-AL-RECORTE
100
AcDbText
 10
494.0487
 20
-83.1604
 30
0.0
 40
0.039999999999999925
  1
SOBRA DE PB-M-024
 72
1
 11
494.0487
 21
-83.1604
 31
0.0
100
AcDbText
 73
2
  0
LWPOLYLINE
  5
501
330
17
100
AcDbEntity
  8
SOBRANTE-JUNTO-AL-RECORTE
100
AcDbPolyline
 90
4
 70
1
 10
507.5682
 20
-85.57079999999999
 10
507.7682
 20
-85.57079999999999
 10
507.7682
 20
-84.8804
 10
507.5682
 20
-84.8804
  0
TEXT
  5
502
330
17
100
AcDbEntity
  8
SOBRANTE-JUNTO-AL-RECORTE
100
AcDbText
 10
507.6682
 20
-85.22559999999999
 30
0.0
 40
0.045
  1
SOBRA DE PA-R-107
 50
90.0
 72
1
 11
507.6682
 21
-85.22559999999999
 31
0.0
100
AcDbText
 73
2
  0
LWPOLYLINE
  5
503
330
17
100
AcDbEntity
  8
SOBRANTE-JUNTO-AL-RECORTE
100
AcDbPolyline
 90
4
 70
1
 10
495.2087
 20
-92.7169
 10
495.5427
 20
-92.7169
 10
495.5427
 20
-91.52289999999999
 10
495.2087
 20
-91.52289999999999
  0
TEXT
  5
504
330
17
100
AcDbEntity
  8
SOBRANTE-JUNTO-AL-RECORTE
100
AcDbText
 10
495.3757
 20
-92.1199
 30
0.0
 40
0.045
  1
SOBRA DE PB-M-149
 50
90.0
 72
1
 11
495.3757
 21
-92.1199
 31
0.0
100
AcDbText
 73
2
  0
LWPOLYLINE
  5
505
330
17
100
AcDbEntity
  8
SOBRANTE-JUNTO-AL-RECORTE
100
AcDbPolyline
 90
4
 70
1
 10
493.1527
 20
-84.45439999999999
 10
493.7487
 20
-84.45439999999999
 10
493.7487
 20
-84.3449
 10
493.1527
 20
-84.3449
  0
TEXT
  5
506
330
17
100
AcDbEntity
  8
SOBRANTE-JUNTO-AL-RECORTE
100
AcDbText
 10
493.4507
 20
-84.39965
 30
0.0
 40
0.045
  1
SOBRA DE PB-M-040
 72
1
 11
493.4507
 21
-84.39965
 31
0.0
100
AcDbText
 73
2
  0
LWPOLYLINE
  5
507
330
17
100
AcDbEntity
  8
SOBRANTE-JUNTO-AL-RECORTE
100
AcDbPolyline
 90
4
 70
1
 10
507.2042
 20
-88.6264
 10
507.8002
 20
-88.6264
 10
507.8002
 20
-88.5364
 10
507.2042
 20
-88.5364
  0
TEXT
  5
508
330
17
100
AcDbEntity
  8
SOBRANTE-JUNTO-AL-RECORTE
100
AcDbText
 10
507.5022
 20
-88.5814
 30
0.0
 40
0.04499999999999993
  1
SOBRA DE PA-M-032
 72
1
 11
507.5022
 21
-88.5814
 31
0.0
100
AcDbText
 73
2
  0
LWPOLYLINE
  5
509
330
17
100
AcDbEntity
  8
SOBRANTE-JUNTO-AL-RECORTE
100
AcDbPolyline
 90
4
 70
1
 10
504.3252
 20
-94.0239
 10
504.5252
 20
-94.0239
 10
504.5252
 20
-93.3304
 10
504.3252
 20
-93.3304
  0
TEXT
  5
50A
330
17
100
AcDbEntity
  8
SOBRANTE-JUNTO-AL-RECORTE
100
AcDbText
 10
504.4252
 20
-93.67715
 30
0.0
 40
0.045
  1
SOBRA DE PA-R-198
 50
90.0
 72
1
 11
504.4252
 21
-93.67715
 31
0.0
100
AcDbText
 73
2
  0
LWPOLYLINE
  5
50B
330
17
100
AcDbEntity
  8
SOBRANTE-JUNTO-AL-RECORTE
100
AcDbPolyline
 90
4
 70
1
 10
507.3672
 20
-84.9703
 10
507.5672
 20
-84.9703
 10
507.5672
 20
-84.8804
 10
507.3672
 20
-84.8804
  0
LWPOLYLINE
  5
50C
330
17
100
AcDbEntity
  8
SOBRANTE-JUNTO-AL-RECORTE
100
AcDbPolyline
 90
4
 70
1
 10
504.5262
 20
-93.4234
 10
504.7262
 20
-93.4234
 10
504.7262
 20
-93.3304
 10
504.5262
 20
-93.3304
  0
LWPOLYLINE
  5
50D
330
17
100
AcDbEntity
  8
SOBRANTE-JUNTO-AL-RECORTE
100
AcDbPolyline
 90
4
 70
1
 10
506.1612
 20
-82.09049999999999
 10
506.3612
 20
-82.09049999999999
 10
506.3612
 20
-81.3684
 10
506.1612
 20
-81.3684
  0
TEXT
  5
50E
330
17
100
AcDbEntity
  8
SOBRANTE-JUNTO-AL-RECORTE
100
AcDbText
 10
506.26120000000003
 20
-81.72944999999999
 30
0.0
 40
0.045
  1
SOBRA DE PA-R-016
 50
90.0
 72
1
 11
506.26120000000003
 21
-81.72944999999999
 31
0.0
100
AcDbText
 73
2
  0
LWPOLYLINE
  5
50F
330
17
100
AcDbEntity
  8
SOBRANTE-JUNTO-AL-RECORTE
100
AcDbPolyline
 90
4
 70
1
 10
506.3622
 20
-82.09049999999999
 10
506.56219999999996
 20
-82.09049999999999
 10
506.56219999999996
 20
-81.96889999999999
 10
506.3622
 20
-81.96889999999999
  0
LWPOLYLINE
  5
510
330
17
100
AcDbEntity
  8
SOBRANTE-JUNTO-AL-RECORTE
100
AcDbPolyline
 90
4
 70
1
 10
506.7372
 20
-89.91040000000001
 10
506.93719999999996
 20
-89.91040000000001
 10
506.93719999999996
 20
-89.22090000000001
 10
506.7372
 20
-89.22090000000001
  0
TEXT
  5
511
330
17
100
AcDbEntity
  8
SOBRANTE-JUNTO-AL-RECORTE
100
AcDbText
 10
506.8372
 20
-89.56565
 30
0.0
 40
0.045
  1
SOBRA DE PA-R-146
 50
90.0
 72
1
 11
506.8372
 21
-89.56565
 31
0.0
100
AcDbText
 73
2
  0
LWPOLYLINE
  5
512
330
17
100
AcDbEntity
  8
SOBRANTE-JUNTO-AL-RECORTE
100
AcDbPolyline
 90
4
 70
1
 10
507.2042
 20
-87.9404
 10
507.8002
 20
-87.9404
 10
507.8002
 20
-87.43039999999999
 10
507.2042
 20
-87.43039999999999
  0
TEXT
  5
513
330
17
100
AcDbEntity
  8
SOBRANTE-JUNTO-AL-RECORTE
100
AcDbText
 10
507.5022
 20
-87.6854
 30
0.0
 40
0.045
  1
SOBRA DE PA-M-027
 72
1
 11
507.5022
 21
-87.6854
 31
0.0
100
AcDbText
 73
2
  0
LWPOLYLINE
  5
514
330
17
100
AcDbEntity
  8
SOBRANTE-JUNTO-AL-RECORTE
100
AcDbPolyline
 90
4
 70
1
 10
506.5362
 20
-89.9104
 10
506.7362
 20
-89.9104
 10
506.7362
 20
-89.8214
 10
506.5362
 20
-89.8214
  0
LWPOLYLINE
  5
515
330
17
100
AcDbEntity
  8
SOBRANTE-JUNTO-AL-RECORTE
100
AcDbPolyline
 90
4
 70
1
 10
504.1242
 20
-93.4234
 10
504.32419999999996
 20
-93.4234
 10
504.32419999999996
 20
-93.3304
 10
504.1242
 20
-93.3304
  0
LWPOLYLINE
  5
516
330
17
100
AcDbEntity
  8
SOBRANTE-JUNTO-AL-RECORTE
100
AcDbPolyline
 90
4
 70
1
 10
494.3487
 20
-83.2004
 10
494.9447
 20
-83.2004
 10
494.9447
 20
-83.1204
 10
494.3487
 20
-83.1204
  0
TEXT
  5
517
330
17
100
AcDbEntity
  8
SOBRANTE-JUNTO-AL-RECORTE
100
AcDbText
 10
494.6467
 20
-83.1604
 30
0.0
 40
0.039999999999999925
  1
SOBRA DE PB-M-025
 72
1
 11
494.6467
 21
-83.1604
 31
0.0
100
AcDbText
 73
2
  0
LWPOLYLINE
  5
518
330
17
100
AcDbEntity
  8
SOBRANTE-JUNTO-AL-RECORTE
100
AcDbPolyline
 90
4
 70
1
 10
506.9652
 20
-84.9703
 10
507.16519999999997
 20
-84.9703
 10
507.16519999999997
 20
-84.8804
 10
506.9652
 20
-84.8804
  0
LWPOLYLINE
  5
519
330
17
100
AcDbEntity
  8
SOBRANTE-JUNTO-AL-RECORTE
100
AcDbPolyline
 90
4
 70
1
 10
493.7507
 20
-84.3944
 10
494.3467
 20
-84.3944
 10
494.3467
 20
-84.34490000000001
 10
493.7507
 20
-84.34490000000001
  0
TEXT
  5
51A
330
17
100
AcDbEntity
  8
SOBRANTE-JUNTO-AL-RECORTE
100
AcDbText
 10
494.0487
 20
-84.36965000000001
 30
0.0
 40
0.02474999999999994
  1
SOBRA DE PB-M-035
 72
1
 11
494.0487
 21
-84.36965000000001
 31
0.0
100
AcDbText
 73
2
  0
LWPOLYLINE
  5
51B
330
17
100
AcDbEntity
  8
SOBRANTE-JUNTO-AL-RECORTE
100
AcDbPolyline
 90
4
 70
1
 10
505.9602
 20
-82.09049999999999
 10
506.1602
 20
-82.09049999999999
 10
506.1602
 20
-81.96889999999999
 10
505.9602
 20
-81.96889999999999
  0
LWPOLYLINE
  5
51C
330
17
100
AcDbEntity
  8
SOBRANTE-JUNTO-AL-RECORTE
100
AcDbPolyline
 90
4
 70
1
 10
495.5447
 20
-92.6564
 10
496.1407
 20
-92.6564
 10
496.1407
 20
-92.5304
 10
495.5447
 20
-92.5304
  0
TEXT
  5
51D
330
17
100
AcDbEntity
  8
SOBRANTE-JUNTO-AL-RECORTE
100
AcDbText
 10
495.8427
 20
-92.5934
 30
0.0
 40
0.045
  1
SOBRA DE PB-M-135
 72
1
 11
495.8427
 21
-92.5934
 31
0.0
100
AcDbText
 73
2
  0
LWPOLYLINE
  5
51E
330
17
100
AcDbEntity
  8
SOBRANTE-JUNTO-AL-RECORTE
100
AcDbPolyline
 90
4
 70
1
 10
506.6062
 20
-88.6264
 10
507.2022
 20
-88.6264
 10
507.2022
 20
-88.5364
 10
506.6062
 20
-88.5364
  0
TEXT
  5
51F
330
17
100
AcDbEntity
  8
SOBRANTE-JUNTO-AL-RECORTE
100
AcDbText
 10
506.9042
 20
-88.5814
 30
0.0
 40
0.04499999999999993
  1
SOBRA DE PA-M-031
 72
1
 11
506.9042
 21
-88.5814
 31
0.0
100
AcDbText
 73
2
  0
LWPOLYLINE
  5
520
330
17
100
AcDbEntity
  8
SOBRANTE-JUNTO-AL-RECORTE
100
AcDbPolyline
 90
4
 70
1
 10
506.1342
 20
-89.9104
 10
506.3342
 20
-89.9104
 10
506.3342
 20
-89.8214
 10
506.1342
 20
-89.8214
  0
LWPOLYLINE
  5
521
330
17
100
AcDbEntity
  8
SOBRANTE-JUNTO-AL-RECORTE
100
AcDbPolyline
 90
4
 70
1
 10
506.7642
 20
-85.57079999999999
 10
506.9642
 20
-85.57079999999999
 10
506.9642
 20
-84.8804
 10
506.7642
 20
-84.8804
  0
TEXT
  5
522
330
17
100
AcDbEntity
  8
SOBRANTE-JUNTO-AL-RECORTE
100
AcDbText
 10
506.86420000000004
 20
-85.22559999999999
 30
0.0
 40
0.045
  1
SOBRA DE PA-R-105
 50
90.0
 72
1
 11
506.86420000000004
 21
-85.22559999999999
 31
0.0
100
AcDbText
 73
2
  0
LWPOLYLINE
  5
523
330
17
100
AcDbEntity
  8
SOBRANTE-JUNTO-AL-RECORTE
100
AcDbPolyline
 90
4
 70
1
 10
506.5632
 20
-84.9703
 10
506.7632
 20
-84.9703
 10
506.7632
 20
-84.8804
 10
506.5632
 20
-84.8804
  0
LWPOLYLINE
  5
524
330
17
100
AcDbEntity
  8
SOBRANTE-JUNTO-AL-RECORTE
100
AcDbPolyline
 90
4
 70
1
 10
505.3572
 20
-82.09049999999999
 10
505.55719999999997
 20
-82.09049999999999
 10
505.55719999999997
 20
-81.3684
 10
505.3572
 20
-81.3684
  0
TEXT
  5
525
330
17
100
AcDbEntity
  8
SOBRANTE-JUNTO-AL-RECORTE
100
AcDbText
 10
505.4572
 20
-81.72944999999999
 30
0.0
 40
0.045
  1
SOBRA DE PA-R-014
 50
90.0
 72
1
 11
505.4572
 21
-81.72944999999999
 31
0.0
100
AcDbText
 73
2
  0
LWPOLYLINE
  5
526
330
17
100
AcDbEntity
  8
SOBRANTE-JUNTO-AL-RECORTE
100
AcDbPolyline
 90
4
 70
1
 10
506.6062
 20
-87.9404
 10
507.2022
 20
-87.9404
 10
507.2022
 20
-87.43039999999999
 10
506.6062
 20
-87.43039999999999
  0
TEXT
  5
527
330
17
100
AcDbEntity
  8
SOBRANTE-JUNTO-AL-RECORTE
100
AcDbText
 10
506.9042
 20
-87.6854
 30
0.0
 40
0.045
  1
SOBRA DE PA-M-026
 72
1
 11
506.9042
 21
-87.6854
 31
0.0
100
AcDbText
 73
2
  0
LWPOLYLINE
  5
528
330
17
100
AcDbEntity
  8
SOBRANTE-JUNTO-AL-RECORTE
100
AcDbPolyline
 90
4
 70
1
 10
505.5582
 20
-82.09049999999999
 10
505.7582
 20
-82.09049999999999
 10
505.7582
 20
-81.96889999999999
 10
505.5582
 20
-81.96889999999999
  0
LWPOLYLINE
  5
529
330
17
100
AcDbEntity
  8
SOBRANTE-JUNTO-AL-RECORTE
100
AcDbPolyline
 90
4
 70
1
 10
494.9467
 20
-83.2004
 10
495.5427
 20
-83.2004
 10
495.5427
 20
-83.1204
 10
494.9467
 20
-83.1204
  0
TEXT
  5
52A
330
17
100
AcDbEntity
  8
SOBRANTE-JUNTO-AL-RECORTE
100
AcDbText
 10
495.2447
 20
-83.1604
 30
0.0
 40
0.039999999999999925
  1
SOBRA DE PB-M-026
 72
1
 11
495.2447
 21
-83.1604
 31
0.0
100
AcDbText
 73
2
  0
LWPOLYLINE
  5
52B
330
17
100
AcDbEntity
  8
SOBRANTE-JUNTO-AL-RECORTE
100
AcDbPolyline
 90
4
 70
1
 10
496.1427
 20
-92.6564
 10
496.7387
 20
-92.6564
 10
496.7387
 20
-92.5304
 10
496.1427
 20
-92.5304
  0
TEXT
  5
52C
330
17
100
AcDbEntity
  8
SOBRANTE-JUNTO-AL-RECORTE
100
AcDbText
 10
496.4407
 20
-92.5934
 30
0.0
 40
0.045
  1
SOBRA DE PB-M-136
 72
1
 11
496.4407
 21
-92.5934
 31
0.0
100
AcDbText
 73
2
  0
LWPOLYLINE
  5
52D
330
17
100
AcDbEntity
  8
SOBRANTE-JUNTO-AL-RECORTE
100
AcDbPolyline
 90
4
 70
1
 10
494.3487
 20
-84.3944
 10
494.9447
 20
-84.3944
 10
494.9447
 20
-84.34490000000001
 10
494.3487
 20
-84.34490000000001
  0
TEXT
  5
52E
330
17
100
AcDbEntity
  8
SOBRANTE-JUNTO-AL-RECORTE
100
AcDbText
 10
494.6467
 20
-84.36965000000001
 30
0.0
 40
0.02474999999999994
  1
SOBRA DE PB-M-036
 72
1
 11
494.6467
 21
-84.36965000000001
 31
0.0
100
AcDbText
 73
2
  0
LWPOLYLINE
  5
52F
330
17
100
AcDbEntity
  8
SOBRANTE-JUNTO-AL-RECORTE
100
AcDbPolyline
 90
4
 70
1
 10
505.1562
 20
-82.09049999999999
 10
505.3562
 20
-82.09049999999999
 10
505.3562
 20
-81.96889999999999
 10
505.1562
 20
-81.96889999999999
  0
LWPOLYLINE
  5
530
330
17
100
AcDbEntity
  8
SOBRANTE-JUNTO-AL-RECORTE
100
AcDbPolyline
 90
4
 70
1
 10
506.1612
 20
-84.9703
 10
506.3612
 20
-84.9703
 10
506.3612
 20
-84.8804
 10
506.1612
 20
-84.8804
  0
LWPOLYLINE
  5
531
330
17
100
AcDbEntity
  8
SOBRANTE-JUNTO-AL-RECORTE
100
AcDbPolyline
 90
4
 70
1
 10
496.7407
 20
-92.6564
 10
497.3367
 20
-92.6564
 10
497.3367
 20
-92.5304
 10
496.7407
 20
-92.5304
  0
TEXT
  5
532
330
17
100
AcDbEntity
  8
SOBRANTE-JUNTO-AL-RECORTE
100
AcDbText
 10
497.0387
 20
-92.5934
 30
0.0
 40
0.045
  1
SOBRA DE PB-M-137
 72
1
 11
497.0387
 21
-92.5934
 31
0.0
100
AcDbText
 73
2
  0
LWPOLYLINE
  5
533
330
17
100
AcDbEntity
  8
SOBRANTE-JUNTO-AL-RECORTE
100
AcDbPolyline
 90
4
 70
1
 10
505.5312
 20
-91.0214
 10
505.7312
 20
-91.0214
 10
505.7312
 20
-90.4209
 10
505.5312
 20
-90.4209
  0
TEXT
  5
534
330
17
100
AcDbEntity
  8
SOBRANTE-JUNTO-AL-RECORTE
100
AcDbText
 10
505.63120000000004
 20
-90.72115
 30
0.0
 40
0.045
  1
SOBRA DE PA-R-141
 50
90.0
 72
1
 11
505.63120000000004
 21
-90.72115
 31
0.0
100
AcDbText
 73
2
  0
LWPOLYLINE
  5
535
330
17
100
AcDbEntity
  8
SOBRANTE-JUNTO-AL-RECORTE
100
AcDbPolyline
 90
4
 70
1
 10
503.3453
 20
-92.6284
 10
503.9413
 20
-92.6284
 10
503.9413
 20
-92.5304
 10
503.3453
 20
-92.5304
  0
TEXT
  5
536
330
17
100
AcDbEntity
  8
SOBRANTE-JUNTO-AL-RECORTE
100
AcDbText
 10
503.6433
 20
-92.57939999999999
 30
0.0
 40
0.045
  1
SOBRA DE PA-M-042
 72
1
 11
503.6433
 21
-92.57939999999999
 31
0.0
100
AcDbText
 73
2
  0
LWPOLYLINE
  5
537
330
17
100
AcDbEntity
  8
SOBRANTE-JUNTO-AL-RECORTE
100
AcDbPolyline
 90
4
 70
1
 10
495.5447
 20
-83.2004
 10
496.1407
 20
-83.2004
 10
496.1407
 20
-83.1204
 10
495.5447
 20
-83.1204
  0
TEXT
  5
538
330
17
100
AcDbEntity
  8
SOBRANTE-JUNTO-AL-RECORTE
100
AcDbText
 10
495.8427
 20
-83.1604
 30
0.0
 40
0.039999999999999925
  1
SOBRA DE PB-M-027
 72
1
 11
495.8427
 21
-83.1604
 31
0.0
100
AcDbText
 73
2
  0
LWPOLYLINE
  5
539
330
17
100
AcDbEntity
  8
SOBRANTE-JUNTO-AL-RECORTE
100
AcDbPolyline
 90
4
 70
1
 10
495.5447
 20
-90.3404
 10
496.1407
 20
-90.3404
 10
496.1407
 20
-90.2664
 10
495.5447
 20
-90.2664
  0
TEXT
  5
53A
330
17
100
AcDbEntity
  8
SOBRANTE-JUNTO-AL-RECORTE
100
AcDbText
 10
495.8427
 20
-90.3034
 30
0.0
 40
0.03699999999999992
  1
SOBRA DE PB-M-120
 72
1
 11
495.8427
 21
-90.3034
 31
0.0
100
AcDbText
 73
2
  0
LWPOLYLINE
  5
53B
330
17
100
AcDbEntity
  8
SOBRANTE-JUNTO-AL-RECORTE
100
AcDbPolyline
 90
4
 70
1
 10
494.63870000000003
 20
-89.1289
 10
494.9447
 20
-89.1289
 10
494.9447
 20
-87.9349
 10
494.63870000000003
 20
-87.9349
  0
TEXT
  5
53C
330
17
100
AcDbEntity
  8
SOBRANTE-JUNTO-AL-RECORTE
100
AcDbText
 10
494.79170000000005
 20
-88.53190000000001
 30
0.0
 40
0.045
  1
SOBRA DE PB-M-098
 50
90.0
 72
1
 11
494.79170000000005
 21
-88.53190000000001
 31
0.0
100
AcDbText
 73
2
  0
LWPOLYLINE
  5
53D
330
17
100
AcDbEntity
  8
SOBRANTE-JUNTO-AL-RECORTE
100
AcDbPolyline
 90
4
 70
1
 10
506.0182
 20
-86.2544
 10
506.2632
 20
-86.2544
 10
506.2632
 20
-85.0604
 10
506.0182
 20
-85.0604
  0
TEXT
  5
53E
330
17
100
AcDbEntity
  8
SOBRANTE-JUNTO-AL-RECORTE
100
AcDbText
 10
506.1407
 20
-85.65740000000001
 30
0.0
 40
0.045
  1
SOBRA DE PA-M-008
 50
90.0
 72
1
 11
506.1407
 21
-85.65740000000001
 31
0.0
100
AcDbText
 73
2
  0
LWPOLYLINE
  5
53F
330
17
100
AcDbEntity
  8
SOBRANTE-JUNTO-AL-RECORTE
100
AcDbPolyline
 90
4
 70
1
 10
504.5532
 20
-82.09049999999999
 10
504.7532
 20
-82.09049999999999
 10
504.7532
 20
-81.3684
 10
504.5532
 20
-81.3684
  0
TEXT
  5
540
330
17
100
AcDbEntity
  8
SOBRANTE-JUNTO-AL-RECORTE
100
AcDbText
 10
504.6532
 20
-81.72944999999999
 30
0.0
 40
0.045
  1
SOBRA DE PA-R-012
 50
90.0
 72
1
 11
504.6532
 21
-81.72944999999999
 31
0.0
100
AcDbText
 73
2
  0
LWPOLYLINE
  5
541
330
17
100
AcDbEntity
  8
SOBRANTE-JUNTO-AL-RECORTE
100
AcDbPolyline
 90
4
 70
1
 10
504.7542
 20
-82.09049999999999
 10
504.9542
 20
-82.09049999999999
 10
504.9542
 20
-81.96889999999999
 10
504.7542
 20
-81.96889999999999
  0
LWPOLYLINE
  5
542
330
17
100
AcDbEntity
  8
SOBRANTE-JUNTO-AL-RECORTE
100
AcDbPolyline
 90
4
 70
1
 10
505.9602
 20
-84.37079999999999
 10
506.1602
 20
-84.37079999999999
 10
506.1602
 20
-83.68039999999999
 10
505.9602
 20
-83.68039999999999
  0
TEXT
  5
543
330
17
100
AcDbEntity
  8
SOBRANTE-JUNTO-AL-RECORTE
100
AcDbText
 10
506.0602
 20
-84.02559999999998
 30
0.0
 40
0.045
  1
SOBRA DE PA-R-103
 50
90.0
 72
1
 11
506.0602
 21
-84.02559999999998
 31
0.0
100
AcDbText
 73
2
  0
LWPOLYLINE
  5
544
330
17
100
AcDbEntity
  8
SOBRANTE-JUNTO-AL-RECORTE
100
AcDbPolyline
 90
4
 70
1
 10
497.75870000000003
 20
-82.0044
 10
497.9347
 20
-82.0044
 10
497.9347
 20
-80.8104
 10
497.75870000000003
 20
-80.8104
  0
TEXT
  5
545
330
17
100
AcDbEntity
  8
SOBRANTE-JUNTO-AL-RECORTE
100
AcDbText
 10
497.84670000000006
 20
-81.40740000000001
 30
0.0
 40
0.045
  1
SOBRA DE PB-M-014
 50
90.0
 72
1
 11
497.84670000000006
 21
-81.40740000000001
 31
0.0
100
AcDbText
 73
2
  0
LWPOLYLINE
  5
546
330
17
100
AcDbEntity
  8
SOBRANTE-JUNTO-AL-RECORTE
100
AcDbPolyline
 90
4
 70
1
 10
497.579
 20
-92.656
 10
497.9347
 20
-92.656
 10
497.9347
 20
-91.462
 10
497.579
 20
-91.462
  0
LWPOLYLINE
  5
547
330
17
100
AcDbEntity
  8
SOBRANTE-JUNTO-AL-RECORTE
100
AcDbPolyline
 90
4
 70
1
 10
497.3387
 20
-92.656
 10
497.579
 20
-92.656
 10
497.579
 20
-92.53
 10
497.3387
 20
-92.53
  0
TEXT
  5
548
330
17
100
AcDbEntity
  8
SOBRANTE-JUNTO-AL-RECORTE
100
AcDbText
 10
497.75685
 20
-92.05900000000001
 30
0.0
 40
0.045
  1
SOBRA DE PB-M-138
 50
90.0
 72
1
 11
497.75685
 21
-92.05900000000001
 31
0.0
100
AcDbText
 73
2
  0
LWPOLYLINE
  5
549
330
17
100
AcDbEntity
  8
SOBRANTE-JUNTO-AL-RECORTE
100
AcDbPolyline
 90
4
 70
1
 10
505.7592
 20
-84.9703
 10
505.9592
 20
-84.9703
 10
505.9592
 20
-84.8804
 10
505.7592
 20
-84.8804
  0
LWPOLYLINE
  5
54A
330
17
100
AcDbEntity
  8
SOBRANTE-JUNTO-AL-RECORTE
100
AcDbPolyline
 90
4
 70
1
 10
504.9282
 20
-89.9104
 10
505.1282
 20
-89.9104
 10
505.1282
 20
-89.8214
 10
504.9282
 20
-89.8214
  0
LWPOLYLINE
  5
54B
330
17
100
AcDbEntity
  8
SOBRANTE-JUNTO-AL-RECORTE
100
AcDbPolyline
 90
4
 70
1
 10
494.9467
 20
-84.3944
 10
495.5427
 20
-84.3944
 10
495.5427
 20
-84.34490000000001
 10
494.9467
 20
-84.34490000000001
  0
TEXT
  5
54C
330
17
100
AcDbEntity
  8
SOBRANTE-JUNTO-AL-RECORTE
100
AcDbText
 10
495.2447
 20
-84.36965000000001
 30
0.0
 40
0.02474999999999994
  1
SOBRA DE PB-M-037
 72
1
 11
495.2447
 21
-84.36965000000001
 31
0.0
100
AcDbText
 73
2
  0
LWPOLYLINE
  5
54D
330
17
100
AcDbEntity
  8
SOBRANTE-JUNTO-AL-RECORTE
100
AcDbPolyline
 90
4
 70
1
 10
502.7473
 20
-92.6284
 10
503.3433
 20
-92.6284
 10
503.3433
 20
-92.5304
 10
502.7473
 20
-92.5304
  0
TEXT
  5
54E
330
17
100
AcDbEntity
  8
SOBRANTE-JUNTO-AL-RECORTE
100
AcDbText
 10
503.0453
 20
-92.57939999999999
 30
0.0
 40
0.045
  1
SOBRA DE PA-M-041
 72
1
 11
503.0453
 21
-92.57939999999999
 31
0.0
100
AcDbText
 73
2
  0
LWPOLYLINE
  5
54F
330
17
100
AcDbEntity
  8
SOBRANTE-JUNTO-AL-RECORTE
100
AcDbPolyline
 90
4
 70
1
 10
504.3522
 20
-82.09049999999999
 10
504.55219999999997
 20
-82.09049999999999
 10
504.55219999999997
 20
-81.96889999999999
 10
504.3522
 20
-81.96889999999999
  0
LWPOLYLINE
  5
550
330
17
100
AcDbEntity
  8
SOBRANTE-JUNTO-AL-RECORTE
100
AcDbPolyline
 90
4
 70
1
 10
496.1427
 20
-83.2004
 10
496.7387
 20
-83.2004
 10
496.7387
 20
-83.1204
 10
496.1427
 20
-83.1204
  0
TEXT
  5
551
330
17
100
AcDbEntity
  8
SOBRANTE-JUNTO-AL-RECORTE
100
AcDbText
 10
496.4407
 20
-83.1604
 30
0.0
 40
0.039999999999999925
  1
SOBRA DE PB-M-028
 72
1
 11
496.4407
 21
-83.1604
 31
0.0
100
AcDbText
 73
2
  0
LWPOLYLINE
  5
552
330
17
100
AcDbEntity
  8
SOBRANTE-JUNTO-AL-RECORTE
100
AcDbPolyline
 90
4
 70
1
 10
506.2242
 20
-87.9344
 10
506.6042
 20
-87.9344
 10
506.6042
 20
-86.7404
 10
506.2242
 20
-86.7404
  0
LWPOLYLINE
  5
553
330
17
100
AcDbEntity
  8
SOBRANTE-JUNTO-AL-RECORTE
100
AcDbPolyline
 90
4
 70
1
 10
506.0082
 20
-87.9344
 10
506.2242
 20
-87.9344
 10
506.2242
 20
-87.4284
 10
506.0082
 20
-87.4284
  0
TEXT
  5
554
330
17
100
AcDbEntity
  8
SOBRANTE-JUNTO-AL-RECORTE
100
AcDbText
 10
506.4142
 20
-87.3374
 30
0.0
 40
0.045
  1
SOBRA DE PA-M-019
 50
90.0
 72
1
 11
506.4142
 21
-87.3374
 31
0.0
100
AcDbText
 73
2
  0
LWPOLYLINE
  5
555
330
17
100
AcDbEntity
  8
SOBRANTE-JUNTO-AL-RECORTE
100
AcDbPolyline
 90
4
 70
1
 10
504.5262
 20
-89.9104
 10
504.7262
 20
-89.9104
 10
504.7262
 20
-89.8214
 10
504.5262
 20
-89.8214
  0
LWPOLYLINE
  5
556
330
17
100
AcDbEntity
  8
SOBRANTE-JUNTO-AL-RECORTE
100
AcDbPolyline
 90
4
 70
1
 10
504.7272
 20
-89.91040000000001
 10
504.92719999999997
 20
-89.91040000000001
 10
504.92719999999997
 20
-89.22090000000001
 10
504.7272
 20
-89.22090000000001
  0
TEXT
  5
557
330
17
100
AcDbEntity
  8
SOBRANTE-JUNTO-AL-RECORTE
100
AcDbText
 10
504.8272
 20
-89.56565
 30
0.0
 40
0.045
  1
SOBRA DE PA-R-144
 50
90.0
 72
1
 11
504.8272
 21
-89.56565
 31
0.0
100
AcDbText
 73
2
  0
LWPOLYLINE
  5
558
330
17
100
AcDbEntity
  8
SOBRANTE-JUNTO-AL-RECORTE
100
AcDbPolyline
 90
4
 70
1
 10
505.3572
 20
-84.9703
 10
505.55719999999997
 20
-84.9703
 10
505.55719999999997
 20
-84.8804
 10
505.3572
 20
-84.8804
  0
LWPOLYLINE
  5
559
330
17
100
AcDbEntity
  8
SOBRANTE-JUNTO-AL-RECORTE
100
AcDbPolyline
 90
4
 70
1
 10
503.7492
 20
-82.09049999999999
 10
503.94919999999996
 20
-82.09049999999999
 10
503.94919999999996
 20
-81.3684
 10
503.7492
 20
-81.3684
  0
TEXT
  5
55A
330
17
100
AcDbEntity
  8
SOBRANTE-JUNTO-AL-RECORTE
100
AcDbText
 10
503.8492
 20
-81.72944999999999
 30
0.0
 40
0.045
  1
SOBRA DE PA-R-010
 50
90.0
 72
1
 11
503.8492
 21
-81.72944999999999
 31
0.0
100
AcDbText
 73
2
  0
LWPOLYLINE
  5
55B
330
17
100
AcDbEntity
  8
SOBRANTE-JUNTO-AL-RECORTE
100
AcDbPolyline
 90
4
 70
1
 10
505.6652
 20
-87.4504
 10
506.26120000000003
 20
-87.4504
 10
506.26120000000003
 20
-86.5604
 10
505.6652
 20
-86.5604
  0
TEXT
  5
55C
330
17
100
AcDbEntity
  8
SOBRANTE-JUNTO-AL-RECORTE
100
AcDbText
 10
505.96320000000003
 20
-87.00540000000001
 30
0.0
 40
0.045
  1
SOBRA DE PA-M-014
 50
90.0
 72
1
 11
505.96320000000003
 21
-87.00540000000001
 31
0.0
100
AcDbText
 73
2
  0
LWPOLYLINE
  5
55D
330
17
100
AcDbEntity
  8
SOBRANTE-JUNTO-AL-RECORTE
100
AcDbPolyline
 90
4
 70
1
 10
503.9502
 20
-82.09049999999999
 10
504.1502
 20
-82.09049999999999
 10
504.1502
 20
-81.96889999999999
 10
503.9502
 20
-81.96889999999999
  0
LWPOLYLINE
  5
55E
330
17
100
AcDbEntity
  8
SOBRANTE-JUNTO-AL-RECORTE
100
AcDbPolyline
 90
4
 70
1
 10
495.5447
 20
-84.3944
 10
496.1407
 20
-84.3944
 10
496.1407
 20
-84.34490000000001
 10
495.5447
 20
-84.34490000000001
  0
TEXT
  5
55F
330
17
100
AcDbEntity
  8
SOBRANTE-JUNTO-AL-RECORTE
100
AcDbText
 10
495.8427
 20
-84.36965000000001
 30
0.0
 40
0.02474999999999994
  1
SOBRA DE PB-M-038
 72
1
 11
495.8427
 21
-84.36965000000001
 31
0.0
100
AcDbText
 73
2
  0
LWPOLYLINE
  5
560
330
17
100
AcDbEntity
  8
SOBRANTE-JUNTO-AL-RECORTE
100
AcDbPolyline
 90
4
 70
1
 10
496.7407
 20
-83.2004
 10
497.3367
 20
-83.2004
 10
497.3367
 20
-83.0804
 10
496.7407
 20
-83.0804
  0
TEXT
  5
561
330
17
100
AcDbEntity
  8
SOBRANTE-JUNTO-AL-RECORTE
100
AcDbText
 10
497.0387
 20
-83.1404
 30
0.0
 40
0.045
  1
SOBRA DE PB-M-016
 72
1
 11
497.0387
 21
-83.1404
 31
0.0
100
AcDbText
 73
2
  0
LWPOLYLINE
  5
562
330
17
100
AcDbEntity
  8
SOBRANTE-JUNTO-AL-RECORTE
100
AcDbPolyline
 90
4
 70
1
 10
496.7407
 20
-90.3404
 10
497.3367
 20
-90.3404
 10
497.3367
 20
-90.2664
 10
496.7407
 20
-90.2664
  0
TEXT
  5
563
330
17
100
AcDbEntity
  8
SOBRANTE-JUNTO-AL-RECORTE
100
AcDbText
 10
497.0387
 20
-90.3034
 30
0.0
 40
0.03699999999999992
  1
SOBRA DE PB-M-123
 72
1
 11
497.0387
 21
-90.3034
 31
0.0
100
AcDbText
 73
2
  0
LWPOLYLINE
  5
564
330
17
100
AcDbEntity
  8
SOBRANTE-JUNTO-AL-RECORTE
100
AcDbPolyline
 90
4
 70
1
 10
504.1242
 20
-89.9104
 10
504.32419999999996
 20
-89.9104
 10
504.32419999999996
 20
-89.8214
 10
504.1242
 20
-89.8214
  0
LWPOLYLINE
  5
565
330
17
100
AcDbEntity
  8
SOBRANTE-JUNTO-AL-RECORTE
100
AcDbPolyline
 90
4
 70
1
 10
505.4102
 20
-87.9344
 10
506.0062
 20
-87.9344
 10
506.0062
 20
-87.4284
 10
505.4102
 20
-87.4284
  0
TEXT
  5
566
330
17
100
AcDbEntity
  8
SOBRANTE-JUNTO-AL-RECORTE
100
AcDbText
 10
505.7082
 20
-87.6814
 30
0.0
 40
0.045
  1
SOBRA DE PA-M-018
 72
1
 11
505.7082
 21
-87.6814
 31
0.0
100
AcDbText
 73
2
  0
LWPOLYLINE
  5
567
330
17
100
AcDbEntity
  8
SOBRANTE-JUNTO-AL-RECORTE
100
AcDbPolyline
 90
4
 70
1
 10
505.1562
 20
-85.57079999999999
 10
505.3562
 20
-85.57079999999999
 10
505.3562
 20
-84.8804
 10
505.1562
 20
-84.8804
  0
TEXT
  5
568
330
17
100
AcDbEntity
  8
SOBRANTE-JUNTO-AL-RECORTE
100
AcDbText
 10
505.25620000000004
 20
-85.22559999999999
 30
0.0
 40
0.045
  1
SOBRA DE PA-R-101
 50
90.0
 72
1
 11
505.25620000000004
 21
-85.22559999999999
 31
0.0
100
AcDbText
 73
2
  0
LWPOLYLINE
  5
569
330
17
100
AcDbEntity
  8
SOBRANTE-JUNTO-AL-RECORTE
100
AcDbPolyline
 90
4
 70
1
 10
504.9552
 20
-84.9703
 10
505.1552
 20
-84.9703
 10
505.1552
 20
-84.8804
 10
504.9552
 20
-84.8804
  0
LWPOLYLINE
  5
56A
330
17
100
AcDbEntity
  8
SOBRANTE-JUNTO-AL-RECORTE
100
AcDbPolyline
 90
4
 70
1
 10
503.5482
 20
-82.09049999999999
 10
503.7482
 20
-82.09049999999999
 10
503.7482
 20
-81.96889999999999
 10
503.5482
 20
-81.96889999999999
  0
LWPOLYLINE
  5
56B
330
17
100
AcDbEntity
  8
SOBRANTE-JUNTO-AL-RECORTE
100
AcDbPolyline
 90
4
 70
1
 10
503.9232
 20
-91.1104
 10
504.0342
 20
-91.1104
 10
504.0342
 20
-89.9104
 10
503.9232
 20
-89.9104
  0
LWPOLYLINE
  5
56C
330
17
100
AcDbEntity
  8
SOBRANTE-JUNTO-AL-RECORTE
100
AcDbPolyline
 90
4
 70
1
 10
504.0342
 20
-91.1104
 10
504.1232
 20
-91.1104
 10
504.1232
 20
-90.8104
 10
504.0342
 20
-90.8104
  0
TEXT
  5
56D
330
17
100
AcDbEntity
  8
SOBRANTE-JUNTO-AL-RECORTE
100
AcDbText
 10
503.9787
 20
-90.5104
 30
0.0
 40
0.045
  1
SOBRA DE PA-R-149
 50
90.0
 72
1
 11
503.9787
 21
-90.5104
 31
0.0
100
AcDbText
 73
2
  0
LWPOLYLINE
  5
56E
330
17
100
AcDbEntity
  8
SOBRANTE-JUNTO-AL-RECORTE
100
AcDbPolyline
 90
4
 70
1
 10
502.9452
 20
-82.09049999999999
 10
503.1452
 20
-82.09049999999999
 10
503.1452
 20
-81.3684
 10
502.9452
 20
-81.3684
  0
TEXT
  5
56F
330
17
100
AcDbEntity
  8
SOBRANTE-JUNTO-AL-RECORTE
100
AcDbText
 10
503.0452
 20
-81.72944999999999
 30
0.0
 40
0.045
  1
SOBRA DE PA-R-008
 50
90.0
 72
1
 11
503.0452
 21
-81.72944999999999
 31
0.0
100
AcDbText
 73
2
  0
LWPOLYLINE
  5
570
330
17
100
AcDbEntity
  8
SOBRANTE-JUNTO-AL-RECORTE
100
AcDbPolyline
 90
4
 70
1
 10
497.5787
 20
-91.4604
 10
497.9347
 20
-91.4604
 10
497.9347
 20
-90.2664
 10
497.5787
 20
-90.2664
  0
LWPOLYLINE
  5
571
330
17
100
AcDbEntity
  8
SOBRANTE-JUNTO-AL-RECORTE
100
AcDbPolyline
 90
4
 70
1
 10
497.3387
 20
-90.3404
 10
497.5787
 20
-90.3404
 10
497.5787
 20
-90.2664
 10
497.3387
 20
-90.2664
  0
TEXT
  5
572
330
17
100
AcDbEntity
  8
SOBRANTE-JUNTO-AL-RECORTE
100
AcDbText
 10
497.7567
 20
-90.86340000000001
 30
0.0
 40
0.045
  1
SOBRA DE PB-M-124
 50
90.0
 72
1
 11
497.7567
 21
-90.86340000000001
 31
0.0
100
AcDbText
 73
2
  0
LWPOLYLINE
  5
573
330
17
100
AcDbEntity
  8
SOBRANTE-JUNTO-AL-RECORTE
100
AcDbPolyline
 90
4
 70
1
 10
497.75870000000003
 20
-83.2004
 10
497.9347
 20
-83.2004
 10
497.9347
 20
-82.0064
 10
497.75870000000003
 20
-82.0064
  0
LWPOLYLINE
  5
574
330
17
100
AcDbEntity
  8
SOBRANTE-JUNTO-AL-RECORTE
100
AcDbPolyline
 90
4
 70
1
 10
497.3387
 20
-83.2004
 10
497.75870000000003
 20
-83.2004
 10
497.75870000000003
 20
-83.0804
 10
497.3387
 20
-83.0804
  0
TEXT
  5
575
330
17
100
AcDbEntity
  8
SOBRANTE-JUNTO-AL-RECORTE
100
AcDbText
 10
497.84670000000006
 20
-82.60340000000001
 30
0.0
 40
0.045
  1
SOBRA DE PB-M-017
 50
90.0
 72
1
 11
497.84670000000006
 21
-82.60340000000001
 31
0.0
100
AcDbText
 73
2
  0
LWPOLYLINE
  5
576
330
17
100
AcDbEntity
  8
SOBRANTE-JUNTO-AL-RECORTE
100
AcDbPolyline
 90
4
 70
1
 10
503.1462
 20
-82.09049999999999
 10
503.3462
 20
-82.09049999999999
 10
503.3462
 20
-81.96889999999999
 10
503.1462
 20
-81.96889999999999
  0
LWPOLYLINE
  5
577
330
17
100
AcDbEntity
  8
SOBRANTE-JUNTO-AL-RECORTE
100
AcDbPolyline
 90
4
 70
1
 10
496.1427
 20
-84.3944
 10
496.7387
 20
-84.3944
 10
496.7387
 20
-84.34490000000001
 10
496.1427
 20
-84.34490000000001
  0
TEXT
  5
578
330
17
100
AcDbEntity
  8
SOBRANTE-JUNTO-AL-RECORTE
100
AcDbText
 10
496.4407
 20
-84.36965000000001
 30
0.0
 40
0.02474999999999994
  1
SOBRA DE PB-M-039
 72
1
 11
496.4407
 21
-84.36965000000001
 31
0.0
100
AcDbText
 73
2
  0
LWPOLYLINE
  5
579
330
17
100
AcDbEntity
  8
SOBRANTE-JUNTO-AL-RECORTE
100
AcDbPolyline
 90
4
 70
1
 10
502.3642
 20
-82.0905
 10
502.56419999999997
 20
-82.0905
 10
502.56419999999997
 20
-81.30770000000001
 10
502.3642
 20
-81.30770000000001
  0
TEXT
  5
57A
330
17
100
AcDbEntity
  8
SOBRANTE-JUNTO-AL-RECORTE
100
AcDbText
 10
502.4642
 20
-81.6991
 30
0.0
 40
0.045
  1
SOBRA DE PA-R-007
 50
90.0
 72
1
 11
502.4642
 21
-81.6991
 31
0.0
100
AcDbText
 73
2
  0
LWPOLYLINE
  5
57B
330
17
100
AcDbEntity
  8
SOBRANTE-JUNTO-AL-RECORTE
100
AcDbPolyline
 90
4
 70
1
 10
504.5532
 20
-84.9703
 10
504.7532
 20
-84.9703
 10
504.7532
 20
-84.8804
 10
504.5532
 20
-84.8804
  0
LWPOLYLINE
  5
57C
330
17
100
AcDbEntity
  8
SOBRANTE-JUNTO-AL-RECORTE
100
AcDbPolyline
 90
4
 70
1
 10
504.2142
 20
-88.6264
 10
504.8102
 20
-88.6264
 10
504.8102
 20
-88.5364
 10
504.2142
 20
-88.5364
  0
TEXT
  5
57D
330
17
100
AcDbEntity
  8
SOBRANTE-JUNTO-AL-RECORTE
100
AcDbText
 10
504.5122
 20
-88.5814
 30
0.0
 40
0.04499999999999993
  1
SOBRA DE PA-M-030
 72
1
 11
504.5122
 21
-88.5814
 31
0.0
100
AcDbText
 73
2
  0
LWPOLYLINE
  5
57E
330
17
100
AcDbEntity
  8
SOBRANTE-JUNTO-AL-RECORTE
100
AcDbPolyline
 90
4
 70
1
 10
502.7442
 20
-82.09049999999999
 10
502.94419999999997
 20
-82.09049999999999
 10
502.94419999999997
 20
-81.96889999999999
 10
502.7442
 20
-81.96889999999999
  0
LWPOLYLINE
  5
57F
330
17
100
AcDbEntity
  8
SOBRANTE-JUNTO-AL-RECORTE
100
AcDbPolyline
 90
4
 70
1
 10
501.9622
 20
-82.0921
 10
502.1622
 20
-82.0921
 10
502.1622
 20
-81.3074
 10
501.9622
 20
-81.3074
  0
TEXT
  5
580
330
17
100
AcDbEntity
  8
SOBRANTE-JUNTO-AL-RECORTE
100
AcDbText
 10
502.0622
 20
-81.69975000000001
 30
0.0
 40
0.045
  1
SOBRA DE PA-R-006
 50
90.0
 72
1
 11
502.0622
 21
-81.69975000000001
 31
0.0
100
AcDbText
 73
2
  0
LWPOLYLINE
  5
581
330
17
100
AcDbEntity
  8
SOBRANTE-JUNTO-AL-RECORTE
100
AcDbPolyline
 90
4
 70
1
 10
504.8122
 20
-86.7404
 10
505.4082
 20
-86.7404
 10
505.4082
 20
-86.2344
 10
504.8122
 20
-86.2344
  0
TEXT
  5
582
330
17
100
AcDbEntity
  8
SOBRANTE-JUNTO-AL-RECORTE
100
AcDbText
 10
505.1102
 20
-86.4874
 30
0.0
 40
0.045
  1
SOBRA DE PA-M-017
 72
1
 11
505.1102
 21
-86.4874
 31
0.0
100
AcDbText
 73
2
  0
LWPOLYLINE
  5
583
330
17
100
AcDbEntity
  8
SOBRANTE-JUNTO-AL-RECORTE
100
AcDbPolyline
 90
4
 70
1
 10
504.3522
 20
-85.57079999999999
 10
504.55219999999997
 20
-85.57079999999999
 10
504.55219999999997
 20
-84.8804
 10
504.3522
 20
-84.8804
  0
TEXT
  5
584
330
17
100
AcDbEntity
  8
SOBRANTE-JUNTO-AL-RECORTE
100
AcDbText
 10
504.4522
 20
-85.22559999999999
 30
0.0
 40
0.045
  1
SOBRA DE PA-R-099
 50
90.0
 72
1
 11
504.4522
 21
-85.22559999999999
 31
0.0
100
AcDbText
 73
2
  0
LWPOLYLINE
  5
585
330
17
100
AcDbEntity
  8
SOBRANTE-JUNTO-AL-RECORTE
100
AcDbPolyline
 90
4
 70
1
 10
504.1512
 20
-84.9703
 10
504.3512
 20
-84.9703
 10
504.3512
 20
-84.8804
 10
504.1512
 20
-84.8804
  0
LWPOLYLINE
  5
586
330
17
100
AcDbEntity
  8
SOBRANTE-JUNTO-AL-RECORTE
100
AcDbPolyline
 90
4
 70
1
 10
502.1632
 20
-82.0922
 10
502.3632
 20
-82.0922
 10
502.3632
 20
-81.90790000000001
 10
502.1632
 20
-81.90790000000001
  0
LWPOLYLINE
  5
587
330
17
100
AcDbEntity
  8
SOBRANTE-JUNTO-AL-RECORTE
100
AcDbPolyline
 90
4
 70
1
 10
501.1582
 20
-82.09150000000001
 10
501.3582
 20
-82.09150000000001
 10
501.3582
 20
-81.30740000000002
 10
501.1582
 20
-81.30740000000002
  0
TEXT
  5
588
330
17
100
AcDbEntity
  8
SOBRANTE-JUNTO-AL-RECORTE
100
AcDbText
 10
501.25820000000004
 20
-81.69945000000001
 30
0.0
 40
0.045
  1
SOBRA DE PA-R-004
 50
90.0
 72
1
 11
501.25820000000004
 21
-81.69945000000001
 31
0.0
100
AcDbText
 73
2
  0
LWPOLYLINE
  5
589
330
17
100
AcDbEntity
  8
SOBRANTE-JUNTO-AL-RECORTE
100
AcDbPolyline
 90
4
 70
1
 10
496.7407
 20
-84.45439999999999
 10
497.3367
 20
-84.45439999999999
 10
497.3367
 20
-84.3449
 10
496.7407
 20
-84.3449
  0
TEXT
  5
58A
330
17
100
AcDbEntity
  8
SOBRANTE-JUNTO-AL-RECORTE
100
AcDbText
 10
497.0387
 20
-84.39965
 30
0.0
 40
0.045
  1
SOBRA DE PB-M-041
 72
1
 11
497.0387
 21
-84.39965
 31
0.0
100
AcDbText
 73
2
  0
LWPOLYLINE
  5
58B
330
17
100
AcDbEntity
  8
SOBRANTE-JUNTO-AL-RECORTE
100
AcDbPolyline
 90
4
 70
1
 10
500.3542
 20
-82.0909
 10
500.5542
 20
-82.0909
 10
500.5542
 20
-81.3074
 10
500.3542
 20
-81.3074
  0
TEXT
  5
58C
330
17
100
AcDbEntity
  8
SOBRANTE-JUNTO-AL-RECORTE
100
AcDbText
 10
500.4542
 20
-81.69915
 30
0.0
 40
0.045
  1
SOBRA DE PA-R-002
 50
90.0
 72
1
 11
500.4542
 21
-81.69915
 31
0.0
100
AcDbText
 73
2
  0
LWPOLYLINE
  5
58D
330
17
100
AcDbEntity
  8
SOBRANTE-JUNTO-AL-RECORTE
100
AcDbPolyline
 90
4
 70
1
 10
501.7612
 20
-82.0919
 10
501.96119999999996
 20
-82.0919
 10
501.96119999999996
 20
-81.9079
 10
501.7612
 20
-81.9079
  0
LWPOLYLINE
  5
58E
330
17
100
AcDbEntity
  8
SOBRANTE-JUNTO-AL-RECORTE
100
AcDbPolyline
 90
4
 70
1
 10
501.3592
 20
-82.0916
 10
501.5592
 20
-82.0916
 10
501.5592
 20
-81.9079
 10
501.3592
 20
-81.9079
  0
LWPOLYLINE
  5
58F
330
17
100
AcDbEntity
  8
SOBRANTE-JUNTO-AL-RECORTE
100
AcDbPolyline
 90
4
 70
1
 10
496.1427
 20
-89.1289
 10
496.7387
 20
-89.1289
 10
496.7387
 20
-88.5234
 10
496.1427
 20
-88.5234
  0
TEXT
  5
590
330
17
100
AcDbEntity
  8
SOBRANTE-JUNTO-AL-RECORTE
100
AcDbText
 10
496.4407
 20
-88.82615
 30
0.0
 40
0.045
  1
SOBRA DE PB-M-089
 50
90.0
 72
1
 11
496.4407
 21
-88.82615
 31
0.0
100
AcDbText
 73
2
  0
LWPOLYLINE
  5
591
330
17
100
AcDbEntity
  8
SOBRANTE-JUNTO-AL-RECORTE
100
AcDbPolyline
 90
4
 70
1
 10
503.7492
 20
-84.9703
 10
503.94919999999996
 20
-84.9703
 10
503.94919999999996
 20
-84.8804
 10
503.7492
 20
-84.8804
  0
LWPOLYLINE
  5
592
330
17
100
AcDbEntity
  8
SOBRANTE-JUNTO-AL-RECORTE
100
AcDbPolyline
 90
4
 70
1
 10
500.9572
 20
-82.0913
 10
501.1572
 20
-82.0913
 10
501.1572
 20
-81.9079
 10
500.9572
 20
-81.9079
  0
LWPOLYLINE
  5
593
330
17
100
AcDbEntity
  8
SOBRANTE-JUNTO-AL-RECORTE
100
AcDbPolyline
 90
4
 70
1
 10
499.75120000000004
 20
-83.1079
 10
499.77420000000006
 20
-83.1079
 10
499.77420000000006
 20
-81.9079
 10
499.75120000000004
 20
-81.9079
  0
LWPOLYLINE
  5
594
330
17
100
AcDbEntity
  8
SOBRANTE-JUNTO-AL-RECORTE
100
AcDbPolyline
 90
4
 70
1
 10
499.7742
 20
-82.0906
 10
499.95120000000003
 20
-82.0906
 10
499.95120000000003
 20
-81.9079
 10
499.7742
 20
-81.9079
  0
LWPOLYLINE
  5
595
330
17
100
AcDbEntity
  8
SOBRANTE-JUNTO-AL-RECORTE
100
AcDbPolyline
 90
4
 70
1
 10
496.7407
 20
-88.6104
 10
497.3367
 20
-88.6104
 10
497.3367
 20
-88.5254
 10
496.7407
 20
-88.5254
  0
TEXT
  5
596
330
17
100
AcDbEntity
  8
SOBRANTE-JUNTO-AL-RECORTE
100
AcDbText
 10
497.0387
 20
-88.5679
 30
0.0
 40
0.04249999999999998
  1
SOBRA DE PB-M-103
 72
1
 11
497.0387
 21
-88.5679
 31
0.0
100
AcDbText
 73
2
  0
LWPOLYLINE
  5
597
330
17
100
AcDbEntity
  8
SOBRANTE-JUNTO-AL-RECORTE
100
AcDbPolyline
 90
4
 70
1
 10
500.5552
 20
-82.091
 10
500.7552
 20
-82.091
 10
500.7552
 20
-81.9079
 10
500.5552
 20
-81.9079
  0
LWPOLYLINE
  5
598
330
17
100
AcDbEntity
  8
SOBRANTE-JUNTO-AL-RECORTE
100
AcDbPolyline
 90
4
 70
1
 10
500.1532
 20
-82.0907
 10
500.3532
 20
-82.0907
 10
500.3532
 20
-81.9079
 10
500.1532
 20
-81.9079
  0
LWPOLYLINE
  5
599
330
17
100
AcDbEntity
  8
SOBRANTE-JUNTO-AL-RECORTE
100
AcDbPolyline
 90
4
 70
1
 10
504.2142
 20
-86.7404
 10
504.8102
 20
-86.7404
 10
504.8102
 20
-86.2344
 10
504.2142
 20
-86.2344
  0
TEXT
  5
59A
330
17
100
AcDbEntity
  8
SOBRANTE-JUNTO-AL-RECORTE
100
AcDbText
 10
504.5122
 20
-86.4874
 30
0.0
 40
0.045
  1
SOBRA DE PA-M-016
 72
1
 11
504.5122
 21
-86.4874
 31
0.0
100
AcDbText
 73
2
  0
LWPOLYLINE
  5
59B
330
17
100
AcDbEntity
  8
SOBRANTE-JUNTO-AL-RECORTE
100
AcDbPolyline
 90
4
 70
1
 10
503.87120000000004
 20
-86.5604
 10
503.9433
 20
-86.5604
 10
503.9433
 20
-85.3664
 10
503.87120000000004
 20
-85.3664
  0
LWPOLYLINE
  5
59C
330
17
100
AcDbEntity
  8
SOBRANTE-JUNTO-AL-RECORTE
100
AcDbPolyline
 90
4
 70
1
 10
503.9433
 20
-85.4984
 10
504.46720000000005
 20
-85.4984
 10
504.46720000000005
 20
-85.3664
 10
503.9433
 20
-85.3664
  0
TEXT
  5
59D
330
17
100
AcDbEntity
  8
SOBRANTE-JUNTO-AL-RECORTE
100
AcDbText
 10
503.90725000000003
 20
-85.96340000000001
 30
0.0
 40
0.03604999999999997
  1
SOBRA DE PA-M-009
 50
90.0
 72
1
 11
503.90725000000003
 21
-85.96340000000001
 31
0.0
100
AcDbText
 73
2
  0
LWPOLYLINE
  5
59E
330
17
100
AcDbEntity
  8
SOBRANTE-JUNTO-AL-RECORTE
100
AcDbPolyline
 90
4
 70
1
 10
503.548
 20
-85.571
 10
503.748
 20
-85.571
 10
503.748
 20
-84.969
 10
503.548
 20
-84.969
  0
TEXT
  5
59F
330
17
100
AcDbEntity
  8
SOBRANTE-JUNTO-AL-RECORTE
100
AcDbText
 10
503.648
 20
-85.27
 30
0.0
 40
0.045
  1
SOBRA DE PA-R-108
 50
90.0
 72
1
 11
503.648
 21
-85.27
 31
0.0
100
AcDbText
 73
2
  0
LWPOLYLINE
  5
5A0
330
17
100
AcDbEntity
  8
SOBRANTE-JUNTO-AL-RECORTE
100
AcDbPolyline
 90
4
 70
1
 10
497.75870000000003
 20
-89.7194
 10
497.9347
 20
-89.7194
 10
497.9347
 20
-88.52539999999999
 10
497.75870000000003
 20
-88.52539999999999
  0
LWPOLYLINE
  5
5A1
330
17
100
AcDbEntity
  8
SOBRANTE-JUNTO-AL-RECORTE
100
AcDbPolyline
 90
4
 70
1
 10
497.3387
 20
-88.6104
 10
497.75870000000003
 20
-88.6104
 10
497.75870000000003
 20
-88.5254
 10
497.3387
 20
-88.5254
  0
TEXT
  5
5A2
330
17
100
AcDbEntity
  8
SOBRANTE-JUNTO-AL-RECORTE
100
AcDbText
 10
497.84670000000006
 20
-89.1224
 30
0.0
 40
0.045
  1
SOBRA DE PB-M-104
 50
90.0
 72
1
 11
497.84670000000006
 21
-89.1224
 31
0.0
100
AcDbText
 73
2
  0
LWPOLYLINE
  5
5A3
330
17
100
AcDbEntity
  8
SOBRANTE-JUNTO-AL-RECORTE
100
AcDbPolyline
 90
4
 70
1
 10
503.3453
 20
-89.0844
 10
503.9413
 20
-89.0844
 10
503.9413
 20
-89.0404
 10
503.3453
 20
-89.0404
  0
LWPOLYLINE
  5
5A4
330
17
100
AcDbEntity
  8
SOBRANTE-JUNTO-AL-RECORTE
100
AcDbPolyline
 90
4
 70
1
 10
497.5787
 20
-85.5409
 10
497.9347
 20
-85.5409
 10
497.9347
 20
-84.34689999999999
 10
497.5787
 20
-84.34689999999999
  0
TEXT
  5
5A5
330
17
100
AcDbEntity
  8
SOBRANTE-JUNTO-AL-RECORTE
100
AcDbText
 10
497.7567
 20
-84.9439
 30
0.0
 40
0.045
  1
SOBRA DE PB-M-056
 50
90.0
 72
1
 11
497.7567
 21
-84.9439
 31
0.0
100
AcDbText
 73
2
  0
LWPOLYLINE
  5
5A6
330
17
100
AcDbEntity
  8
SOBRANTE-JUNTO-AL-RECORTE
100
AcDbPolyline
 90
4
 70
1
 10
496.7407
 20
-87.9329
 10
497.3367
 20
-87.9329
 10
497.3367
 20
-87.8604
 10
496.7407
 20
-87.8604
  0
TEXT
  5
5A7
330
17
100
AcDbEntity
  8
SOBRANTE-JUNTO-AL-RECORTE
100
AcDbText
 10
497.0387
 20
-87.89665000000001
 30
0.0
 40
0.036250000000000004
  1
SOBRA DE PB-M-071
 72
1
 11
497.0387
 21
-87.89665000000001
 31
0.0
100
AcDbText
 73
2
  0
LWPOLYLINE
  5
5A8
330
17
100
AcDbEntity
  8
SOBRANTE-JUNTO-AL-RECORTE
100
AcDbPolyline
 90
4
 70
1
 10
502.7442
 20
-85.5709
 10
502.94419999999997
 20
-85.5709
 10
502.94419999999997
 20
-84.9704
 10
502.7442
 20
-84.9704
  0
TEXT
  5
5A9
330
17
100
AcDbEntity
  8
SOBRANTE-JUNTO-AL-RECORTE
100
AcDbText
 10
502.8442
 20
-85.27064999999999
 30
0.0
 40
0.045
  1
SOBRA DE PA-R-109
 50
90.0
 72
1
 11
502.8442
 21
-85.27064999999999
 31
0.0
100
AcDbText
 73
2
  0
LWPOLYLINE
  5
5AA
330
17
100
AcDbEntity
  8
SOBRANTE-JUNTO-AL-RECORTE
100
AcDbPolyline
 90
4
 70
1
 10
502.7473
 20
-89.0844
 10
503.3433
 20
-89.0844
 10
503.3433
 20
-89.0404
 10
502.7473
 20
-89.0404
  0
LWPOLYLINE
  5
5AB
330
17
100
AcDbEntity
  8
SOBRANTE-JUNTO-AL-RECORTE
100
AcDbPolyline
 90
4
 70
1
 10
499.75120000000004
 20
-84.3089
 10
499.77420000000006
 20
-84.3089
 10
499.77420000000006
 20
-83.10889999999999
 10
499.75120000000004
 20
-83.10889999999999
  0
LWPOLYLINE
  5
5AC
330
17
100
AcDbEntity
  8
SOBRANTE-JUNTO-AL-RECORTE
100
AcDbPolyline
 90
4
 70
1
 10
502.7473
 20
-84.978
 10
503.3433
 20
-84.978
 10
503.3433
 20
-84.3025
 10
502.7473
 20
-84.3025
  0
TEXT
  5
5AD
330
17
100
AcDbEntity
  8
SOBRANTE-JUNTO-AL-RECORTE
100
AcDbText
 10
503.0453
 20
-84.64025
 30
0.0
 40
0.045
  1
SOBRA DE PA-M-002
 50
90.0
 72
1
 11
503.0453
 21
-84.64025
 31
0.0
100
AcDbText
 73
2
  0
LWPOLYLINE
  5
5AE
330
17
100
AcDbEntity
  8
SOBRANTE-JUNTO-AL-RECORTE
100
AcDbPolyline
 90
4
 70
1
 10
502.1632
 20
-86.71090000000001
 10
502.3632
 20
-86.71090000000001
 10
502.3632
 20
-86.56040000000002
 10
502.1632
 20
-86.56040000000002
  0
LWPOLYLINE
  5
5AF
330
17
100
AcDbEntity
  8
SOBRANTE-JUNTO-AL-RECORTE
100
AcDbPolyline
 90
4
 70
1
 10
499.75120000000004
 20
-85.5099
 10
499.77420000000006
 20
-85.5099
 10
499.77420000000006
 20
-84.3099
 10
499.75120000000004
 20
-84.3099
  0
LWPOLYLINE
  5
5B0
330
17
100
AcDbEntity
  8
SOBRANTE-JUNTO-AL-RECORTE
100
AcDbPolyline
 90
4
 70
1
 10
501.7612
 20
-86.71090000000001
 10
501.96119999999996
 20
-86.71090000000001
 10
501.96119999999996
 20
-86.56040000000002
 10
501.7612
 20
-86.56040000000002
  0
LWPOLYLINE
  5
5B1
330
17
100
AcDbEntity
  8
SOBRANTE-JUNTO-AL-RECORTE
100
AcDbPolyline
 90
4
 70
1
 10
501.5602
 20
-87.3114
 10
501.7602
 20
-87.3114
 10
501.7602
 20
-86.5604
 10
501.5602
 20
-86.5604
  0
TEXT
  5
5B2
330
17
100
AcDbEntity
  8
SOBRANTE-JUNTO-AL-RECORTE
100
AcDbText
 10
501.66020000000003
 20
-86.9359
 30
0.0
 40
0.045
  1
SOBRA DE PA-R-137
 50
90.0
 72
1
 11
501.66020000000003
 21
-86.9359
 31
0.0
100
AcDbText
 73
2
  0
LWPOLYLINE
  5
5B3
330
17
100
AcDbEntity
  8
SOBRANTE-JUNTO-AL-RECORTE
100
AcDbPolyline
 90
4
 70
1
 10
501.3592
 20
-86.71090000000001
 10
501.5592
 20
-86.71090000000001
 10
501.5592
 20
-86.56040000000002
 10
501.3592
 20
-86.56040000000002
  0
LWPOLYLINE
  5
5B4
330
17
100
AcDbEntity
  8
SOBRANTE-JUNTO-AL-RECORTE
100
AcDbPolyline
 90
4
 70
1
 10
500.9572
 20
-86.71090000000001
 10
501.1572
 20
-86.71090000000001
 10
501.1572
 20
-86.56040000000002
 10
500.9572
 20
-86.56040000000002
  0
LWPOLYLINE
  5
5B5
330
17
100
AcDbEntity
  8
SOBRANTE-JUNTO-AL-RECORTE
100
AcDbPolyline
 90
4
 70
1
 10
499.75120000000004
 20
-86.71090000000001
 10
499.77420000000006
 20
-86.71090000000001
 10
499.77420000000006
 20
-85.5109
 10
499.75120000000004
 20
-85.5109
  0
LWPOLYLINE
  5
5B6
330
17
100
AcDbEntity
  8
SOBRANTE-JUNTO-AL-RECORTE
100
AcDbPolyline
 90
4
 70
1
 10
499.7742
 20
-86.71090000000001
 10
499.95120000000003
 20
-86.71090000000001
 10
499.95120000000003
 20
-86.56040000000002
 10
499.7742
 20
-86.56040000000002
  0
LWPOLYLINE
  5
5B7
330
17
100
AcDbEntity
  8
SOBRANTE-JUNTO-AL-RECORTE
100
AcDbPolyline
 90
4
 70
1
 10
500.5552
 20
-86.71090000000001
 10
500.7552
 20
-86.71090000000001
 10
500.7552
 20
-86.56040000000002
 10
500.5552
 20
-86.56040000000002
  0
LWPOLYLINE
  5
5B8
330
17
100
AcDbEntity
  8
SOBRANTE-JUNTO-AL-RECORTE
100
AcDbPolyline
 90
4
 70
1
 10
500.1532
 20
-86.71090000000001
 10
500.3532
 20
-86.71090000000001
 10
500.3532
 20
-86.56040000000002
 10
500.1532
 20
-86.56040000000002
  0
LWPOLYLINE
  5
5B9
330
17
100
AcDbEntity
  8
SOBRANTE-JUNTO-AL-RECORTE
100
AcDbPolyline
 90
4
 70
1
 10
500.7562
 20
-87.3114
 10
500.95619999999997
 20
-87.3114
 10
500.95619999999997
 20
-86.5604
 10
500.7562
 20
-86.5604
  0
TEXT
  5
5BA
330
17
100
AcDbEntity
  8
SOBRANTE-JUNTO-AL-RECORTE
100
AcDbText
 10
500.8562
 20
-86.9359
 30
0.0
 40
0.045
  1
SOBRA DE PA-R-135
 50
90.0
 72
1
 11
500.8562
 21
-86.9359
 31
0.0
100
AcDbText
 73
2
  0
LWPOLYLINE
  5
5BB
330
17
100
AcDbEntity
  8
SOBRANTE-JUNTO-AL-RECORTE
100
AcDbPolyline
 90
4
 70
1
 10
499.9522
 20
-87.3114
 10
500.1522
 20
-87.3114
 10
500.1522
 20
-86.5604
 10
499.9522
 20
-86.5604
  0
TEXT
  5
5BC
330
17
100
AcDbEntity
  8
SOBRANTE-JUNTO-AL-RECORTE
100
AcDbText
 10
500.0522
 20
-86.9359
 30
0.0
 40
0.045
  1
SOBRA DE PA-R-133
 50
90.0
 72
1
 11
500.0522
 21
-86.9359
 31
0.0
100
AcDbText
 73
2
  0
TEXT
  5
5BD
330
17
100
AcDbEntity
  8
PLAN-CORTE-TEXTOS
100
AcDbText
 10
498.5647
 20
-94.8304
 30
0.0
 40
0.25
  1
PLAN DE CORTE - MORET  (95 piezas a abrir EN ORDEN: M-01 = primer corte, PLANTA ALTA junto a la ESCALERA, y se avanza alejandose; al terminar P.A. sigue P.B.; amarillo = SOBRANTE con su medida -> GUARDAR EN RESERVA; rojo = desperdicio)
 72
1
 11
498.5647
 21
-94.8304
 31
0.0
100
AcDbText
 73
2
  0
LWPOLYLINE
  5
5BE
330
17
100
AcDbEntity
  8
PLAN-CORTE-PIEZAS-A-ABRIR
100
AcDbPolyline
 90
4
 70
1
 10
489.5647
 20
-97.2244
 10
490.1607
 20
-97.2244
 10
490.1607
 20
-96.0304
 10
489.5647
 20
-96.0304
  0
TEXT
  5
5BF
330
17
100
AcDbEntity
  8
PLAN-CORTE-TEXTOS
100
AcDbText
 10
489.8627
 20
-95.8904
 30
0.0
 40
0.06
  1
M-01
 72
1
 11
489.8627
 21
-95.8904
 31
0.0
100
AcDbText
 73
2
  0
LWPOLYLINE
  5
5C0
330
17
100
AcDbEntity
  8
PLAN-CORTE-RECORTES
100
AcDbPolyline
 90
4
 70
1
 10
489.5647
 20
-97.2244
 10
490.1607
 20
-97.2244
 10
490.1607
 20
-96.0744
 10
489.5647
 20
-96.0744
  0
TEXT
  5
5C1
330
17
100
AcDbEntity
  8
PLAN-CORTE-TEXTOS
100
AcDbText
 10
489.8627
 20
-96.6494
 30
0.0
 40
0.035
  1
PA-M-029
 50
90.0
 72
1
 11
489.8627
 21
-96.6494
 31
0.0
100
AcDbText
 73
2
  0
LWPOLYLINE
  5
5C2
330
17
100
AcDbEntity
  8
PLAN-CORTE-DESPERDICIO
100
AcDbPolyline
 90
4
 70
1
 10
489.5647
 20
-96.0744
 10
490.1607
 20
-96.0744
 10
490.1607
 20
-96.0304
 10
489.5647
 20
-96.0304
  0
LWPOLYLINE
  5
5C3
330
17
100
AcDbEntity
  8
PLAN-CORTE-PIEZAS-A-ABRIR
100
AcDbPolyline
 90
4
 70
1
 10
490.6107
 20
-97.2244
 10
491.2067
 20
-97.2244
 10
491.2067
 20
-96.0304
 10
490.6107
 20
-96.0304
  0
TEXT
  5
5C4
330
17
100
AcDbEntity
  8
PLAN-CORTE-TEXTOS
100
AcDbText
 10
490.9087
 20
-95.8904
 30
0.0
 40
0.06
  1
M-02
 72
1
 11
490.9087
 21
-95.8904
 31
0.0
100
AcDbText
 73
2
  0
LWPOLYLINE
  5
5C5
330
17
100
AcDbEntity
  8
PLAN-CORTE-RECORTES
100
AcDbPolyline
 90
4
 70
1
 10
490.6107
 20
-97.2244
 10
491.2067
 20
-97.2244
 10
491.2067
 20
-96.0744
 10
490.6107
 20
-96.0744
  0
TEXT
  5
5C6
330
17
100
AcDbEntity
  8
PLAN-CORTE-TEXTOS
100
AcDbText
 10
490.9087
 20
-96.6494
 30
0.0
 40
0.035
  1
PA-M-028
 50
90.0
 72
1
 11
490.9087
 21
-96.6494
 31
0.0
100
AcDbText
 73
2
  0
LWPOLYLINE
  5
5C7
330
17
100
AcDbEntity
  8
PLAN-CORTE-DESPERDICIO
100
AcDbPolyline
 90
4
 70
1
 10
490.6107
 20
-96.0744
 10
491.2067
 20
-96.0744
 10
491.2067
 20
-96.0304
 10
490.6107
 20
-96.0304
  0
LWPOLYLINE
  5
5C8
330
17
100
AcDbEntity
  8
PLAN-CORTE-PIEZAS-A-ABRIR
100
AcDbPolyline
 90
4
 70
1
 10
491.6567
 20
-97.2244
 10
492.2527
 20
-97.2244
 10
492.2527
 20
-96.0304
 10
491.6567
 20
-96.0304
  0
TEXT
  5
5C9
330
17
100
AcDbEntity
  8
PLAN-CORTE-TEXTOS
100
AcDbText
 10
491.9547
 20
-95.8904
 30
0.0
 40
0.06
  1
M-03
 72
1
 11
491.9547
 21
-95.8904
 31
0.0
100
AcDbText
 73
2
  0
LWPOLYLINE
  5
5CA
330
17
100
AcDbEntity
  8
PLAN-CORTE-RECORTES
100
AcDbPolyline
 90
4
 70
1
 10
491.6567
 20
-97.2244
 10
492.2527
 20
-97.2244
 10
492.2527
 20
-96.5364
 10
491.6567
 20
-96.5364
  0
TEXT
  5
5CB
330
17
100
AcDbEntity
  8
PLAN-CORTE-TEXTOS
100
AcDbText
 10
491.9547
 20
-96.88040000000001
 30
0.0
 40
0.035
  1
PA-M-016
 50
90.0
 72
1
 11
491.9547
 21
-96.88040000000001
 31
0.0
100
AcDbText
 73
2
  0
LWPOLYLINE
  5
5CC
330
17
100
AcDbEntity
  8
PLAN-CORTE-RECORTES
100
AcDbPolyline
 90
4
 70
1
 10
491.6567
 20
-96.5364
 10
492.2527
 20
-96.5364
 10
492.2527
 20
-96.09740000000001
 10
491.6567
 20
-96.09740000000001
  0
TEXT
  5
5CD
330
17
100
AcDbEntity
  8
PLAN-CORTE-TEXTOS
100
AcDbText
 10
491.9547
 20
-96.3169
 30
0.0
 40
0.026702508960573475
  1
PB-M-117 (DE SOBRA DE PA-M-016)
 72
1
 11
491.9547
 21
-96.3169
 31
0.0
100
AcDbText
 73
2
  0
LWPOLYLINE
  5
5CE
330
17
100
AcDbEntity
  8
PLAN-CORTE-DESPERDICIO
100
AcDbPolyline
 90
4
 70
1
 10
491.6567
 20
-96.09740000000001
 10
492.2527
 20
-96.09740000000001
 10
492.2527
 20
-96.03040000000001
 10
491.6567
 20
-96.03040000000001
  0
LWPOLYLINE
  5
5CF
330
17
100
AcDbEntity
  8
PLAN-CORTE-PIEZAS-A-ABRIR
100
AcDbPolyline
 90
4
 70
1
 10
492.7027
 20
-97.2244
 10
493.2987
 20
-97.2244
 10
493.2987
 20
-96.0304
 10
492.7027
 20
-96.0304
  0
TEXT
  5
5D0
330
17
100
AcDbEntity
  8
PLAN-CORTE-TEXTOS
100
AcDbText
 10
493.0007
 20
-95.8904
 30
0.0
 40
0.06
  1
M-04
 72
1
 11
493.0007
 21
-95.8904
 31
0.0
100
AcDbText
 73
2
  0
LWPOLYLINE
  5
5D1
330
17
100
AcDbEntity
  8
PLAN-CORTE-RECORTES
100
AcDbPolyline
 90
4
 70
1
 10
492.7027
 20
-97.2244
 10
493.22069999999997
 20
-97.2244
 10
493.22069999999997
 20
-96.1624
 10
492.7027
 20
-96.1624
  0
TEXT
  5
5D2
330
17
100
AcDbEntity
  8
PLAN-CORTE-TEXTOS
100
AcDbText
 10
492.9617
 20
-96.6934
 30
0.0
 40
0.035
  1
PA-M-009
 50
90.0
 72
1
 11
492.9617
 21
-96.6934
 31
0.0
100
AcDbText
 73
2
  0
LWPOLYLINE
  5
5D3
330
17
100
AcDbEntity
  8
PLAN-CORTE-DESPERDICIO
100
AcDbPolyline
 90
4
 70
1
 10
493.22069999999997
 20
-97.2244
 10
493.29869999999994
 20
-97.2244
 10
493.29869999999994
 20
-96.0304
 10
493.22069999999997
 20
-96.0304
  0
LWPOLYLINE
  5
5D4
330
17
100
AcDbEntity
  8
PLAN-CORTE-SOBRANTES
100
AcDbPolyline
 90
4
 70
1
 10
492.7027
 20
-96.1624
 10
493.22069999999997
 20
-96.1624
 10
493.22069999999997
 20
-96.0304
 10
492.7027
 20
-96.0304
  0
TEXT
  5
5D5
330
17
100
AcDbEntity
  8
PLAN-CORTE-TEXTOS
100
AcDbText
 10
492.9617
 20
-96.0964
 30
0.0
 40
0.04062745098039216
  1
SOBRA 0.518x0.132
 72
1
 11
492.9617
 21
-96.0964
 31
0.0
100
AcDbText
 73
2
  0
LWPOLYLINE
  5
5D6
330
17
100
AcDbEntity
  8
PLAN-CORTE-PIEZAS-A-ABRIR
100
AcDbPolyline
 90
4
 70
1
 10
493.74870000000004
 20
-97.2244
 10
494.34470000000005
 20
-97.2244
 10
494.34470000000005
 20
-96.0304
 10
493.74870000000004
 20
-96.0304
  0
TEXT
  5
5D7
330
17
100
AcDbEntity
  8
PLAN-CORTE-TEXTOS
100
AcDbText
 10
494.04670000000004
 20
-95.8904
 30
0.0
 40
0.06
  1
M-05
 72
1
 11
494.04670000000004
 21
-95.8904
 31
0.0
100
AcDbText
 73
2
  0
LWPOLYLINE
  5
5D8
330
17
100
AcDbEntity
  8
PLAN-CORTE-RECORTES
100
AcDbPolyline
 90
4
 70
1
 10
493.74870000000004
 20
-97.2244
 10
494.0527
 20
-97.2244
 10
494.0527
 20
-96.6284
 10
493.74870000000004
 20
-96.6284
  0
TEXT
  5
5D9
330
17
100
AcDbEntity
  8
PLAN-CORTE-TEXTOS
100
AcDbText
 10
493.90070000000003
 20
-96.9264
 30
0.0
 40
0.035
  1
PA-M-014
 50
90.0
 72
1
 11
493.90070000000003
 21
-96.9264
 31
0.0
100
AcDbText
 73
2
  0
LWPOLYLINE
  5
5DA
330
17
100
AcDbEntity
  8
PLAN-CORTE-RECORTES
100
AcDbPolyline
 90
4
 70
1
 10
493.74870000000004
 20
-96.6284
 10
494.0527
 20
-96.6284
 10
494.0527
 20
-96.0884
 10
493.74870000000004
 20
-96.0884
  0
TEXT
  5
5DB
330
17
100
AcDbEntity
  8
PLAN-CORTE-TEXTOS
100
AcDbText
 10
493.90070000000003
 20
-96.3584
 30
0.0
 40
0.024193548387096777
  1
PA-M-012 (DE SOBRA DE PA-M-014)
 50
90.0
 72
1
 11
493.90070000000003
 21
-96.3584
 31
0.0
100
AcDbText
 73
2
  0
LWPOLYLINE
  5
5DC
330
17
100
AcDbEntity
  8
PLAN-CORTE-SOBRANTES
100
AcDbPolyline
 90
4
 70
1
 10
494.0527
 20
-97.2244
 10
494.3447
 20
-97.2244
 10
494.3447
 20
-96.6284
 10
494.0527
 20
-96.6284
  0
TEXT
  5
5DD
330
17
100
AcDbEntity
  8
PLAN-CORTE-TEXTOS
100
AcDbText
 10
494.19870000000003
 20
-96.9264
 30
0.0
 40
0.028380952380952378
  1
SOBRA 0.292x0.596 -> GUARDAR
 50
90.0
 72
1
 11
494.19870000000003
 21
-96.9264
 31
0.0
100
AcDbText
 73
2
  0
LWPOLYLINE
  5
5DE
330
17
100
AcDbEntity
  8
PLAN-CORTE-SOBRANTES
100
AcDbPolyline
 90
4
 70
1
 10
494.0527
 20
-96.6284
 10
494.3447
 20
-96.6284
 10
494.3447
 20
-96.0304
 10
494.0527
 20
-96.0304
  0
TEXT
  5
5DF
330
17
100
AcDbEntity
  8
PLAN-CORTE-TEXTOS
100
AcDbText
 10
494.19870000000003
 20
-96.32939999999999
 30
0.0
 40
0.028476190476190474
  1
SOBRA 0.292x0.598 -> GUARDAR
 50
90.0
 72
1
 11
494.19870000000003
 21
-96.32939999999999
 31
0.0
100
AcDbText
 73
2
  0
LWPOLYLINE
  5
5E0
330
17
100
AcDbEntity
  8
PLAN-CORTE-DESPERDICIO
100
AcDbPolyline
 90
4
 70
1
 10
493.74870000000004
 20
-96.08840000000001
 10
494.0527
 20
-96.08840000000001
 10
494.0527
 20
-96.0304
 10
493.74870000000004
 20
-96.0304
  0
LWPOLYLINE
  5
5E1
330
17
100
AcDbEntity
  8
PLAN-CORTE-PIEZAS-A-ABRIR
100
AcDbPolyline
 90
4
 70
1
 10
494.79470000000003
 20
-97.2244
 10
495.39070000000004
 20
-97.2244
 10
495.39070000000004
 20
-96.0304
 10
494.79470000000003
 20
-96.0304
  0
TEXT
  5
5E2
330
17
100
AcDbEntity
  8
PLAN-CORTE-TEXTOS
100
AcDbText
 10
495.09270000000004
 20
-95.8904
 30
0.0
 40
0.06
  1
M-06
 72
1
 11
495.09270000000004
 21
-95.8904
 31
0.0
100
AcDbText
 73
2
  0
LWPOLYLINE
  5
5E3
330
17
100
AcDbEntity
  8
PLAN-CORTE-RECORTES
100
AcDbPolyline
 90
4
 70
1
 10
494.79470000000003
 20
-97.2244
 10
495.39070000000004
 20
-97.2244
 10
495.39070000000004
 20
-96.5364
 10
494.79470000000003
 20
-96.5364
  0
TEXT
  5
5E4
330
17
100
AcDbEntity
  8
PLAN-CORTE-TEXTOS
100
AcDbText
 10
495.09270000000004
 20
-96.88040000000001
 30
0.0
 40
0.035
  1
PA-M-017
 50
90.0
 72
1
 11
495.09270000000004
 21
-96.88040000000001
 31
0.0
100
AcDbText
 73
2
  0
LWPOLYLINE
  5
5E5
330
17
100
AcDbEntity
  8
PLAN-CORTE-RECORTES
100
AcDbPolyline
 90
4
 70
1
 10
494.79470000000003
 20
-96.5364
 10
495.39070000000004
 20
-96.5364
 10
495.39070000000004
 20
-96.09740000000001
 10
494.79470000000003
 20
-96.09740000000001
  0
TEXT
  5
5E6
330
17
100
AcDbEntity
  8
PLAN-CORTE-TEXTOS
100
AcDbText
 10
495.09270000000004
 20
-96.3169
 30
0.0
 40
0.026702508960573475
  1
PB-M-116 (DE SOBRA DE PA-M-017)
 72
1
 11
495.09270000000004
 21
-96.3169
 31
0.0
100
AcDbText
 73
2
  0
LWPOLYLINE
  5
5E7
330
17
100
AcDbEntity
  8
PLAN-CORTE-DESPERDICIO
100
AcDbPolyline
 90
4
 70
1
 10
494.79470000000003
 20
-96.09740000000001
 10
495.39070000000004
 20
-96.09740000000001
 10
495.39070000000004
 20
-96.03040000000001
 10
494.79470000000003
 20
-96.03040000000001
  0
LWPOLYLINE
  5
5E8
330
17
100
AcDbEntity
  8
PLAN-CORTE-PIEZAS-A-ABRIR
100
AcDbPolyline
 90
4
 70
1
 10
495.8407
 20
-97.2244
 10
496.43670000000003
 20
-97.2244
 10
496.43670000000003
 20
-96.0304
 10
495.8407
 20
-96.0304
  0
TEXT
  5
5E9
330
17
100
AcDbEntity
  8
PLAN-CORTE-TEXTOS
100
AcDbText
 10
496.13870000000003
 20
-95.8904
 30
0.0
 40
0.06
  1
M-07
 72
1
 11
496.13870000000003
 21
-95.8904
 31
0.0
100
AcDbText
 73
2
  0
LWPOLYLINE
  5
5EA
330
17
100
AcDbEntity
  8
PLAN-CORTE-RECORTES
100
AcDbPolyline
 90
4
 70
1
 10
495.8407
 20
-97.2244
 10
496.09270000000004
 20
-97.2244
 10
496.09270000000004
 20
-96.0304
 10
495.8407
 20
-96.0304
  0
TEXT
  5
5EB
330
17
100
AcDbEntity
  8
PLAN-CORTE-TEXTOS
100
AcDbText
 10
495.9667
 20
-96.62740000000001
 30
0.0
 40
0.035
  1
PB-M-149
 50
90.0
 72
1
 11
495.9667
 21
-96.62740000000001
 31
0.0
100
AcDbText
 73
2
  0
LWPOLYLINE
  5
5EC
330
17
100
AcDbEntity
  8
PLAN-CORTE-RECORTES
100
AcDbPolyline
 90
4
 70
1
 10
496.09270000000004
 20
-97.2244
 10
496.30670000000003
 20
-97.2244
 10
496.30670000000003
 20
-96.0304
 10
496.09270000000004
 20
-96.0304
  0
TEXT
  5
5ED
330
17
100
AcDbEntity
  8
PLAN-CORTE-TEXTOS
100
AcDbText
 10
496.19970000000006
 20
-96.62740000000001
 30
0.0
 40
0.035
  1
PB-M-070 (DE SOBRA DE PB-M-149)
 50
90.0
 72
1
 11
496.19970000000006
 21
-96.62740000000001
 31
0.0
100
AcDbText
 73
2
  0
LWPOLYLINE
  5
5EE
330
17
100
AcDbEntity
  8
PLAN-CORTE-RECORTES
100
AcDbPolyline
 90
4
 70
1
 10
496.30670000000003
 20
-97.2244
 10
496.3967
 20
-97.2244
 10
496.3967
 20
-96.3244
 10
496.30670000000003
 20
-96.3244
  0
TEXT
  5
5EF
330
17
100
AcDbEntity
  8
PLAN-CORTE-TEXTOS
100
AcDbText
 10
496.35170000000005
 20
-96.7744
 30
0.0
 40
0.02
  1
PA-M-004 (DE SOBRA DE PB-M-070)
 50
90.0
 72
1
 11
496.35170000000005
 21
-96.7744
 31
0.0
100
AcDbText
 73
2
  0
LWPOLYLINE
  5
5F0
330
17
100
AcDbEntity
  8
PLAN-CORTE-DESPERDICIO
100
AcDbPolyline
 90
4
 70
1
 10
496.3967
 20
-97.2244
 10
496.43670000000003
 20
-97.2244
 10
496.43670000000003
 20
-96.0304
 10
496.3967
 20
-96.0304
  0
LWPOLYLINE
  5
5F1
330
17
100
AcDbEntity
  8
PLAN-CORTE-DESPERDICIO
100
AcDbPolyline
 90
4
 70
1
 10
496.30670000000003
 20
-96.3244
 10
496.3967
 20
-96.3244
 10
496.3967
 20
-96.0304
 10
496.30670000000003
 20
-96.0304
  0
LWPOLYLINE
  5
5F2
330
17
100
AcDbEntity
  8
PLAN-CORTE-PIEZAS-A-ABRIR
100
AcDbPolyline
 90
4
 70
1
 10
496.8867
 20
-97.2244
 10
497.4827
 20
-97.2244
 10
497.4827
 20
-96.0304
 10
496.8867
 20
-96.0304
  0
TEXT
  5
5F3
330
17
100
AcDbEntity
  8
PLAN-CORTE-TEXTOS
100
AcDbText
 10
497.1847
 20
-95.8904
 30
0.0
 40
0.06
  1
M-08
 72
1
 11
497.1847
 21
-95.8904
 31
0.0
100
AcDbText
 73
2
  0
LWPOLYLINE
  5
5F4
330
17
100
AcDbEntity
  8
PLAN-CORTE-RECORTES
100
AcDbPolyline
 90
4
 70
1
 10
496.8867
 20
-97.2244
 10
497.4827
 20
-97.2244
 10
497.4827
 20
-96.1204
 10
496.8867
 20
-96.1204
  0
TEXT
  5
5F5
330
17
100
AcDbEntity
  8
PLAN-CORTE-TEXTOS
100
AcDbText
 10
497.1847
 20
-96.6724
 30
0.0
 40
0.035
  1
PA-M-030
 50
90.0
 72
1
 11
497.1847
 21
-96.6724
 31
0.0
100
AcDbText
 73
2
  0
LWPOLYLINE
  5
5F6
330
17
100
AcDbEntity
  8
PLAN-CORTE-DESPERDICIO
100
AcDbPolyline
 90
4
 70
1
 10
496.8867
 20
-96.1204
 10
497.4827
 20
-96.1204
 10
497.4827
 20
-96.0304
 10
496.8867
 20
-96.0304
  0
LWPOLYLINE
  5
5F7
330
17
100
AcDbEntity
  8
PLAN-CORTE-PIEZAS-A-ABRIR
100
AcDbPolyline
 90
4
 70
1
 10
497.9327
 20
-97.2244
 10
498.5287
 20
-97.2244
 10
498.5287
 20
-96.0304
 10
497.9327
 20
-96.0304
  0
TEXT
  5
5F8
330
17
100
AcDbEntity
  8
PLAN-CORTE-TEXTOS
100
AcDbText
 10
498.2307
 20
-95.8904
 30
0.0
 40
0.06
  1
M-09
 72
1
 11
498.2307
 21
-95.8904
 31
0.0
100
AcDbText
 73
2
  0
LWPOLYLINE
  5
5F9
330
17
100
AcDbEntity
  8
PLAN-CORTE-RECORTES
100
AcDbPolyline
 90
4
 70
1
 10
497.9327
 20
-97.2244
 10
498.5217
 20
-97.2244
 10
498.5217
 20
-96.6284
 10
497.9327
 20
-96.6284
  0
TEXT
  5
5FA
330
17
100
AcDbEntity
  8
PLAN-CORTE-TEXTOS
100
AcDbText
 10
498.22720000000004
 20
-96.9264
 30
0.0
 40
0.035
  1
PB-M-089
 50
90.0
 72
1
 11
498.22720000000004
 21
-96.9264
 31
0.0
100
AcDbText
 73
2
  0
LWPOLYLINE
  5
5FB
330
17
100
AcDbEntity
  8
PLAN-CORTE-RECORTES
100
AcDbPolyline
 90
4
 70
1
 10
497.9327
 20
-96.6284
 10
498.4599
 20
-96.6284
 10
498.4599
 20
-96.0324
 10
497.9327
 20
-96.0324
  0
TEXT
  5
5FC
330
17
100
AcDbEntity
  8
PLAN-CORTE-TEXTOS
100
AcDbText
 10
498.1963
 20
-96.3304
 30
0.0
 40
0.026702508960573475
  1
PA-M-001 (DE SOBRA DE PB-M-089)
 50
90.0
 72
1
 11
498.1963
 21
-96.3304
 31
0.0
100
AcDbText
 73
2
  0
LWPOLYLINE
  5
5FD
330
17
100
AcDbEntity
  8
PLAN-CORTE-DESPERDICIO
100
AcDbPolyline
 90
4
 70
1
 10
498.4599
 20
-96.6284
 10
498.5287
 20
-96.6284
 10
498.5287
 20
-96.0304
 10
498.4599
 20
-96.0304
  0
LWPOLYLINE
  5
5FE
330
17
100
AcDbEntity
  8
PLAN-CORTE-PIEZAS-A-ABRIR
100
AcDbPolyline
 90
4
 70
1
 10
498.9787
 20
-97.2244
 10
499.5747
 20
-97.2244
 10
499.5747
 20
-96.0304
 10
498.9787
 20
-96.0304
  0
TEXT
  5
5FF
330
17
100
AcDbEntity
  8
PLAN-CORTE-TEXTOS
100
AcDbText
 10
499.2767
 20
-95.8904
 30
0.0
 40
0.06
  1
M-10
 72
1
 11
499.2767
 21
-95.8904
 31
0.0
100
AcDbText
 73
2
  0
LWPOLYLINE
  5
600
330
17
100
AcDbEntity
  8
PLAN-CORTE-RECORTES
100
AcDbPolyline
 90
4
 70
1
 10
498.9787
 20
-97.2244
 10
499.4987
 20
-97.2244
 10
499.4987
 20
-96.6284
 10
498.9787
 20
-96.6284
  0
TEXT
  5
601
330
17
100
AcDbEntity
  8
PLAN-CORTE-TEXTOS
100
AcDbText
 10
499.2387
 20
-96.9264
 30
0.0
 40
0.035
  1
PA-M-002
 50
90.0
 72
1
 11
499.2387
 21
-96.9264
 31
0.0
100
AcDbText
 73
2
  0
LWPOLYLINE
  5
602
330
17
100
AcDbEntity
  8
PLAN-CORTE-RECORTES
100
AcDbPolyline
 90
4
 70
1
 10
498.9787
 20
-96.6284
 10
499.2847
 20
-96.6284
 10
499.2847
 20
-96.0324
 10
498.9787
 20
-96.0324
  0
TEXT
  5
603
330
17
100
AcDbEntity
  8
PLAN-CORTE-TEXTOS
100
AcDbText
 10
499.1317
 20
-96.3304
 30
0.0
 40
0.025084175084175084
  1
R1-fondo-2 (DE SOBRA DE PA-M-002)
 50
90.0
 72
1
 11
499.1317
 21
-96.3304
 31
0.0
100
AcDbText
 73
2
  0
LWPOLYLINE
  5
604
330
17
100
AcDbEntity
  8
PLAN-CORTE-DESPERDICIO
100
AcDbPolyline
 90
4
 70
1
 10
499.4987
 20
-97.2244
 10
499.5747
 20
-97.2244
 10
499.5747
 20
-96.6284
 10
499.4987
 20
-96.6284
  0
LWPOLYLINE
  5
605
330
17
100
AcDbEntity
  8
PLAN-CORTE-SOBRANTES
100
AcDbPolyline
 90
4
 70
1
 10
499.2847
 20
-96.6284
 10
499.5747
 20
-96.6284
 10
499.5747
 20
-96.0304
 10
499.2847
 20
-96.0304
  0
TEXT
  5
606
330
17
100
AcDbEntity
  8
PLAN-CORTE-TEXTOS
100
AcDbText
 10
499.42969999999997
 20
-96.32939999999999
 30
0.0
 40
0.029530864197530864
  1
SOBRA 0.29x0.598 -> GUARDAR
 50
90.0
 72
1
 11
499.42969999999997
 21
-96.32939999999999
 31
0.0
100
AcDbText
 73
2
  0
LWPOLYLINE
  5
607
330
17
100
AcDbEntity
  8
PLAN-CORTE-PIEZAS-A-ABRIR
100
AcDbPolyline
 90
4
 70
1
 10
500.0247
 20
-97.2244
 10
500.6207
 20
-97.2244
 10
500.6207
 20
-96.0304
 10
500.0247
 20
-96.0304
  0
TEXT
  5
608
330
17
100
AcDbEntity
  8
PLAN-CORTE-TEXTOS
100
AcDbText
 10
500.3227
 20
-95.8904
 30
0.0
 40
0.06
  1
M-11
 72
1
 11
500.3227
 21
-95.8904
 31
0.0
100
AcDbText
 73
2
  0
LWPOLYLINE
  5
609
330
17
100
AcDbEntity
  8
PLAN-CORTE-RECORTES
100
AcDbPolyline
 90
4
 70
1
 10
500.0247
 20
-97.2244
 10
500.3307
 20
-97.2244
 10
500.3307
 20
-96.6284
 10
500.0247
 20
-96.6284
  0
TEXT
  5
60A
330
17
100
AcDbEntity
  8
PLAN-CORTE-TEXTOS
100
AcDbText
 10
500.1777
 20
-96.9264
 30
0.0
 40
0.035
  1
R2-fondo-6
 50
90.0
 72
1
 11
500.1777
 21
-96.9264
 31
0.0
100
AcDbText
 73
2
  0
LWPOLYLINE
  5
60B
330
17
100
AcDbEntity
  8
PLAN-CORTE-RECORTES
100
AcDbPolyline
 90
4
 70
1
 10
500.0247
 20
-96.6284
 10
500.32869999999997
 20
-96.6284
 10
500.32869999999997
 20
-96.0324
 10
500.0247
 20
-96.0324
  0
TEXT
  5
60C
330
17
100
AcDbEntity
  8
PLAN-CORTE-TEXTOS
100
AcDbText
 10
500.1767
 20
-96.3304
 30
0.0
 40
0.025084175084175084
  1
PA-M-013 (DE SOBRA DE R2-fondo-6)
 50
90.0
 72
1
 11
500.1767
 21
-96.3304
 31
0.0
100
AcDbText
 73
2
  0
LWPOLYLINE
  5
60D
330
17
100
AcDbEntity
  8
PLAN-CORTE-RECORTES
100
AcDbPolyline
 90
4
 70
1
 10
500.3307
 20
-97.2244
 10
500.54269999999997
 20
-97.2244
 10
500.54269999999997
 20
-96.9184
 10
500.3307
 20
-96.9184
  0
TEXT
  5
60E
330
17
100
AcDbEntity
  8
PLAN-CORTE-TEXTOS
100
AcDbText
 10
500.4367
 20
-97.0714
 30
0.0
 40
0.012142857142857143
  1
R2-fondo-8 (DE SOBRA DE R2-fondo-6)
 50
90.0
 72
1
 11
500.4367
 21
-97.0714
 31
0.0
100
AcDbText
 73
2
  0
LWPOLYLINE
  5
60F
330
17
100
AcDbEntity
  8
PLAN-CORTE-SOBRANTES
100
AcDbPolyline
 90
4
 70
1
 10
500.32869999999997
 20
-96.6284
 10
500.62069999999994
 20
-96.6284
 10
500.62069999999994
 20
-96.0304
 10
500.32869999999997
 20
-96.0304
  0
TEXT
  5
610
330
17
100
AcDbEntity
  8
PLAN-CORTE-TEXTOS
100
AcDbText
 10
500.4747
 20
-96.32939999999999
 30
0.0
 40
0.028476190476190474
  1
SOBRA 0.292x0.598 -> GUARDAR
 50
90.0
 72
1
 11
500.4747
 21
-96.32939999999999
 31
0.0
100
AcDbText
 73
2
  0
LWPOLYLINE
  5
611
330
17
100
AcDbEntity
  8
PLAN-CORTE-SOBRANTES
100
AcDbPolyline
 90
4
 70
1
 10
500.3307
 20
-96.9184
 10
500.6207
 20
-96.9184
 10
500.6207
 20
-96.6284
 10
500.3307
 20
-96.6284
  0
TEXT
  5
612
330
17
100
AcDbEntity
  8
PLAN-CORTE-TEXTOS
100
AcDbText
 10
500.47569999999996
 20
-96.77340000000001
 30
0.0
 40
0.025777777777777774
  1
SOBRA 0.29x0.29
 72
1
 11
500.47569999999996
 21
-96.77340000000001
 31
0.0
100
AcDbText
 73
2
  0
LWPOLYLINE
  5
613
330
17
100
AcDbEntity
  8
PLAN-CORTE-DESPERDICIO
100
AcDbPolyline
 90
4
 70
1
 10
500.54269999999997
 20
-97.2244
 10
500.62069999999994
 20
-97.2244
 10
500.62069999999994
 20
-96.9184
 10
500.54269999999997
 20
-96.9184
  0
LWPOLYLINE
  5
614
330
17
100
AcDbEntity
  8
PLAN-CORTE-PIEZAS-A-ABRIR
100
AcDbPolyline
 90
4
 70
1
 10
501.0707
 20
-97.2244
 10
501.6667
 20
-97.2244
 10
501.6667
 20
-96.0304
 10
501.0707
 20
-96.0304
  0
TEXT
  5
615
330
17
100
AcDbEntity
  8
PLAN-CORTE-TEXTOS
100
AcDbText
 10
501.3687
 20
-95.8904
 30
0.0
 40
0.06
  1
M-12
 72
1
 11
501.3687
 21
-95.8904
 31
0.0
100
AcDbText
 73
2
  0
LWPOLYLINE
  5
616
330
17
100
AcDbEntity
  8
PLAN-CORTE-RECORTES
100
AcDbPolyline
 90
4
 70
1
 10
501.0707
 20
-97.2244
 10
501.6667
 20
-97.2244
 10
501.6667
 20
-96.0304
 10
501.0707
 20
-96.0304
  0
TEXT
  5
617
330
17
100
AcDbEntity
  8
PLAN-CORTE-TEXTOS
100
AcDbText
 10
501.3687
 20
-96.62740000000001
 30
0.0
 40
0.035
  1
PA-M-005
 50
90.0
 72
1
 11
501.3687
 21
-96.62740000000001
 31
0.0
100
AcDbText
 73
2
  0
LWPOLYLINE
  5
618
330
17
100
AcDbEntity
  8
PLAN-CORTE-PIEZAS-A-ABRIR
100
AcDbPolyline
 90
4
 70
1
 10
502.11670000000004
 20
-97.2244
 10
502.71270000000004
 20
-97.2244
 10
502.71270000000004
 20
-96.0304
 10
502.11670000000004
 20
-96.0304
  0
TEXT
  5
619
330
17
100
AcDbEntity
  8
PLAN-CORTE-TEXTOS
100
AcDbText
 10
502.41470000000004
 20
-95.8904
 30
0.0
 40
0.06
  1
M-13
 72
1
 11
502.41470000000004
 21
-95.8904
 31
0.0
100
AcDbText
 73
2
  0
LWPOLYLINE
  5
61A
330
17
100
AcDbEntity
  8
PLAN-CORTE-RECORTES
100
AcDbPolyline
 90
4
 70
1
 10
502.11670000000004
 20
-97.2244
 10
502.71270000000004
 20
-97.2244
 10
502.71270000000004
 20
-96.5404
 10
502.11670000000004
 20
-96.5404
  0
TEXT
  5
61B
330
17
100
AcDbEntity
  8
PLAN-CORTE-TEXTOS
100
AcDbText
 10
502.41470000000004
 20
-96.8824
 30
0.0
 40
0.035
  1
PA-M-026
 50
90.0
 72
1
 11
502.41470000000004
 21
-96.8824
 31
0.0
100
AcDbText
 73
2
  0
LWPOLYLINE
  5
61C
330
17
100
AcDbEntity
  8
PLAN-CORTE-RECORTES
100
AcDbPolyline
 90
4
 70
1
 10
502.11670000000004
 20
-96.5404
 10
502.6367
 20
-96.5404
 10
502.6367
 20
-96.1044
 10
502.11670000000004
 20
-96.1044
  0
TEXT
  5
61D
330
17
100
AcDbEntity
  8
PLAN-CORTE-TEXTOS
100
AcDbText
 10
502.3767
 20
-96.3224
 30
0.0
 40
0.023297491039426525
  1
PA-M-003 (DE SOBRA DE PA-M-026)
 72
1
 11
502.3767
 21
-96.3224
 31
0.0
100
AcDbText
 73
2
  0
LWPOLYLINE
  5
61E
330
17
100
AcDbEntity
  8
PLAN-CORTE-DESPERDICIO
100
AcDbPolyline
 90
4
 70
1
 10
502.11670000000004
 20
-96.1044
 10
502.71270000000004
 20
-96.1044
 10
502.71270000000004
 20
-96.0304
 10
502.11670000000004
 20
-96.0304
  0
LWPOLYLINE
  5
61F
330
17
100
AcDbEntity
  8
PLAN-CORTE-DESPERDICIO
100
AcDbPolyline
 90
4
 70
1
 10
502.6367
 20
-96.5404
 10
502.71270000000004
 20
-96.5404
 10
502.71270000000004
 20
-96.1044
 10
502.6367
 20
-96.1044
  0
LWPOLYLINE
  5
620
330
17
100
AcDbEntity
  8
PLAN-CORTE-PIEZAS-A-ABRIR
100
AcDbPolyline
 90
4
 70
1
 10
503.16270000000003
 20
-97.2244
 10
503.75870000000003
 20
-97.2244
 10
503.75870000000003
 20
-96.0304
 10
503.16270000000003
 20
-96.0304
  0
TEXT
  5
621
330
17
100
AcDbEntity
  8
PLAN-CORTE-TEXTOS
100
AcDbText
 10
503.46070000000003
 20
-95.8904
 30
0.0
 40
0.06
  1
M-14
 72
1
 11
503.46070000000003
 21
-95.8904
 31
0.0
100
AcDbText
 73
2
  0
LWPOLYLINE
  5
622
330
17
100
AcDbEntity
  8
PLAN-CORTE-RECORTES
100
AcDbPolyline
 90
4
 70
1
 10
503.16270000000003
 20
-97.2244
 10
503.75870000000003
 20
-97.2244
 10
503.75870000000003
 20
-96.5364
 10
503.16270000000003
 20
-96.5364
  0
TEXT
  5
623
330
17
100
AcDbEntity
  8
PLAN-CORTE-TEXTOS
100
AcDbText
 10
503.46070000000003
 20
-96.88040000000001
 30
0.0
 40
0.035
  1
PA-M-018
 50
90.0
 72
1
 11
503.46070000000003
 21
-96.88040000000001
 31
0.0
100
AcDbText
 73
2
  0
LWPOLYLINE
  5
624
330
17
100
AcDbEntity
  8
PLAN-CORTE-RECORTES
100
AcDbPolyline
 90
4
 70
1
 10
503.16270000000003
 20
-96.5364
 10
503.75870000000003
 20
-96.5364
 10
503.75870000000003
 20
-96.09740000000001
 10
503.16270000000003
 20
-96.09740000000001
  0
TEXT
  5
625
330
17
100
AcDbEntity
  8
PLAN-CORTE-TEXTOS
100
AcDbText
 10
503.46070000000003
 20
-96.3169
 30
0.0
 40
0.026702508960573475
  1
PB-M-115 (DE SOBRA DE PA-M-018)
 72
1
 11
503.46070000000003
 21
-96.3169
 31
0.0
100
AcDbText
 73
2
  0
LWPOLYLINE
  5
626
330
17
100
AcDbEntity
  8
PLAN-CORTE-DESPERDICIO
100
AcDbPolyline
 90
4
 70
1
 10
503.16270000000003
 20
-96.09740000000001
 10
503.75870000000003
 20
-96.09740000000001
 10
503.75870000000003
 20
-96.03040000000001
 10
503.16270000000003
 20
-96.03040000000001
  0
LWPOLYLINE
  5
627
330
17
100
AcDbEntity
  8
PLAN-CORTE-PIEZAS-A-ABRIR
100
AcDbPolyline
 90
4
 70
1
 10
504.2087
 20
-97.2244
 10
504.8047
 20
-97.2244
 10
504.8047
 20
-96.0304
 10
504.2087
 20
-96.0304
  0
TEXT
  5
628
330
17
100
AcDbEntity
  8
PLAN-CORTE-TEXTOS
100
AcDbText
 10
504.5067
 20
-95.8904
 30
0.0
 40
0.06
  1
M-15
 72
1
 11
504.5067
 21
-95.8904
 31
0.0
100
AcDbText
 73
2
  0
LWPOLYLINE
  5
629
330
17
100
AcDbEntity
  8
PLAN-CORTE-RECORTES
100
AcDbPolyline
 90
4
 70
1
 10
504.2087
 20
-97.2244
 10
504.8047
 20
-97.2244
 10
504.8047
 20
-96.0304
 10
504.2087
 20
-96.0304
  0
TEXT
  5
62A
330
17
100
AcDbEntity
  8
PLAN-CORTE-TEXTOS
100
AcDbText
 10
504.5067
 20
-96.62740000000001
 30
0.0
 40
0.035
  1
PA-M-033
 50
90.0
 72
1
 11
504.5067
 21
-96.62740000000001
 31
0.0
100
AcDbText
 73
2
  0
LWPOLYLINE
  5
62B
330
17
100
AcDbEntity
  8
PLAN-CORTE-PIEZAS-A-ABRIR
100
AcDbPolyline
 90
4
 70
1
 10
505.2547
 20
-97.2244
 10
505.8507
 20
-97.2244
 10
505.8507
 20
-96.0304
 10
505.2547
 20
-96.0304
  0
TEXT
  5
62C
330
17
100
AcDbEntity
  8
PLAN-CORTE-TEXTOS
100
AcDbText
 10
505.5527
 20
-95.8904
 30
0.0
 40
0.06
  1
M-16
 72
1
 11
505.5527
 21
-95.8904
 31
0.0
100
AcDbText
 73
2
  0
LWPOLYLINE
  5
62D
330
17
100
AcDbEntity
  8
PLAN-CORTE-RECORTES
100
AcDbPolyline
 90
4
 70
1
 10
505.2547
 20
-97.2244
 10
505.4689
 20
-97.2244
 10
505.4689
 20
-96.5368
 10
505.2547
 20
-96.5368
  0
TEXT
  5
62E
330
17
100
AcDbEntity
  8
PLAN-CORTE-TEXTOS
100
AcDbText
 10
505.3618
 20
-96.8806
 30
0.0
 40
0.035
  1
PA-M-019
 50
90.0
 72
1
 11
505.3618
 21
-96.8806
 31
0.0
100
AcDbText
 73
2
  0
LWPOLYLINE
  5
62F
330
17
100
AcDbEntity
  8
PLAN-CORTE-RECORTES
100
AcDbPolyline
 90
4
 70
1
 10
505.4689
 20
-97.2244
 10
505.7729
 20
-97.2244
 10
505.7729
 20
-96.8764
 10
505.4689
 20
-96.8764
  0
TEXT
  5
630
330
17
100
AcDbEntity
  8
PLAN-CORTE-TEXTOS
100
AcDbText
 10
505.6209
 20
-97.0504
 30
0.0
 40
0.015591397849462365
  1
PA-M-015 (DE SOBRA DE PA-M-019)
 50
90.0
 72
1
 11
505.6209
 21
-97.0504
 31
0.0
100
AcDbText
 73
2
  0
LWPOLYLINE
  5
631
330
17
100
AcDbEntity
  8
PLAN-CORTE-RECORTES
100
AcDbPolyline
 90
4
 70
1
 10
505.2547
 20
-96.5368
 10
505.4667
 20
-96.5368
 10
505.4667
 20
-96.2308
 10
505.2547
 20
-96.2308
  0
TEXT
  5
632
330
17
100
AcDbEntity
  8
PLAN-CORTE-TEXTOS
100
AcDbText
 10
505.3607
 20
-96.3838
 30
0.0
 40
0.01287878787878788
  1
R1-fondo-8 (DE SOBRA DE PA-M-019)
 50
90.0
 72
1
 11
505.3607
 21
-96.3838
 31
0.0
100
AcDbText
 73
2
  0
LWPOLYLINE
  5
633
330
17
100
AcDbEntity
  8
PLAN-CORTE-SOBRANTES
100
AcDbPolyline
 90
4
 70
1
 10
505.4689
 20
-96.8764
 10
505.8507
 20
-96.8764
 10
505.8507
 20
-96.0304
 10
505.4689
 20
-96.0304
  0
TEXT
  5
634
330
17
100
AcDbEntity
  8
PLAN-CORTE-TEXTOS
100
AcDbText
 10
505.6598
 20
-96.4534
 30
0.0
 40
0.040285714285714286
  1
SOBRA 0.382x0.846 -> GUARDAR
 50
90.0
 72
1
 11
505.6598
 21
-96.4534
 31
0.0
100
AcDbText
 73
2
  0
LWPOLYLINE
  5
635
330
17
100
AcDbEntity
  8
PLAN-CORTE-DESPERDICIO
100
AcDbPolyline
 90
4
 70
1
 10
505.7729
 20
-97.2244
 10
505.8507
 20
-97.2244
 10
505.8507
 20
-96.8764
 10
505.7729
 20
-96.8764
  0
LWPOLYLINE
  5
636
330
17
100
AcDbEntity
  8
PLAN-CORTE-SOBRANTES
100
AcDbPolyline
 90
4
 70
1
 10
505.2547
 20
-96.2308
 10
505.4689
 20
-96.2308
 10
505.4689
 20
-96.0304
 10
505.2547
 20
-96.0304
  0
TEXT
  5
637
330
17
100
AcDbEntity
  8
PLAN-CORTE-TEXTOS
100
AcDbText
 10
505.3618
 20
-96.1306
 30
0.0
 40
0.045
  1
SOBRA
 72
1
 11
505.3618
 21
-96.1306
 31
0.0
100
AcDbText
 73
2
  0
LWPOLYLINE
  5
638
330
17
100
AcDbEntity
  8
PLAN-CORTE-PIEZAS-A-ABRIR
100
AcDbPolyline
 90
4
 70
1
 10
506.3007
 20
-97.2244
 10
506.8967
 20
-97.2244
 10
506.8967
 20
-96.0304
 10
506.3007
 20
-96.0304
  0
TEXT
  5
639
330
17
100
AcDbEntity
  8
PLAN-CORTE-TEXTOS
100
AcDbText
 10
506.5987
 20
-95.8904
 30
0.0
 40
0.06
  1
M-17
 72
1
 11
506.5987
 21
-95.8904
 31
0.0
100
AcDbText
 73
2
  0
LWPOLYLINE
  5
63A
330
17
100
AcDbEntity
  8
PLAN-CORTE-RECORTES
100
AcDbPolyline
 90
4
 70
1
 10
506.3007
 20
-97.2244
 10
506.8967
 20
-97.2244
 10
506.8967
 20
-96.0304
 10
506.3007
 20
-96.0304
  0
TEXT
  5
63B
330
17
100
AcDbEntity
  8
PLAN-CORTE-TEXTOS
100
AcDbText
 10
506.5987
 20
-96.62740000000001
 30
0.0
 40
0.035
  1
PA-M-025
 50
90.0
 72
1
 11
506.5987
 21
-96.62740000000001
 31
0.0
100
AcDbText
 73
2
  0
LWPOLYLINE
  5
63C
330
17
100
AcDbEntity
  8
PLAN-CORTE-PIEZAS-A-ABRIR
100
AcDbPolyline
 90
4
 70
1
 10
507.3467
 20
-97.2244
 10
507.9427
 20
-97.2244
 10
507.9427
 20
-96.0304
 10
507.3467
 20
-96.0304
  0
TEXT
  5
63D
330
17
100
AcDbEntity
  8
PLAN-CORTE-TEXTOS
100
AcDbText
 10
507.6447
 20
-95.8904
 30
0.0
 40
0.06
  1
M-18
 72
1
 11
507.6447
 21
-95.8904
 31
0.0
100
AcDbText
 73
2
  0
LWPOLYLINE
  5
63E
330
17
100
AcDbEntity
  8
PLAN-CORTE-RECORTES
100
AcDbPolyline
 90
4
 70
1
 10
507.3467
 20
-97.2244
 10
507.5587
 20
-97.2244
 10
507.5587
 20
-96.0304
 10
507.3467
 20
-96.0304
  0
TEXT
  5
63F
330
17
100
AcDbEntity
  8
PLAN-CORTE-TEXTOS
100
AcDbText
 10
507.4527
 20
-96.62740000000001
 30
0.0
 40
0.035
  1
R2-fondo-7
 50
90.0
 72
1
 11
507.4527
 21
-96.62740000000001
 31
0.0
100
AcDbText
 73
2
  0
LWPOLYLINE
  5
640
330
17
100
AcDbEntity
  8
PLAN-CORTE-RECORTES
100
AcDbPolyline
 90
4
 70
1
 10
507.5587
 20
-97.2244
 10
507.7727
 20
-97.2244
 10
507.7727
 20
-96.1044
 10
507.5587
 20
-96.1044
  0
TEXT
  5
641
330
17
100
AcDbEntity
  8
PLAN-CORTE-TEXTOS
100
AcDbText
 10
507.6657
 20
-96.6644
 30
0.0
 40
0.035
  1
PB-M-072 (DE SOBRA DE R2-fondo-7)
 50
90.0
 72
1
 11
507.6657
 21
-96.6644
 31
0.0
100
AcDbText
 73
2
  0
LWPOLYLINE
  5
642
330
17
100
AcDbEntity
  8
PLAN-CORTE-RECORTES
100
AcDbPolyline
 90
4
 70
1
 10
507.7727
 20
-97.2244
 10
507.86269999999996
 20
-97.2244
 10
507.86269999999996
 20
-96.3244
 10
507.7727
 20
-96.3244
  0
TEXT
  5
643
330
17
100
AcDbEntity
  8
PLAN-CORTE-TEXTOS
100
AcDbText
 10
507.8177
 20
-96.7744
 30
0.0
 40
0.02
  1
PA-M-038 (DE SOBRA DE PB-M-072)
 50
90.0
 72
1
 11
507.8177
 21
-96.7744
 31
0.0
100
AcDbText
 73
2
  0
LWPOLYLINE
  5
644
330
17
100
AcDbEntity
  8
PLAN-CORTE-DESPERDICIO
100
AcDbPolyline
 90
4
 70
1
 10
507.5587
 20
-96.1044
 10
507.7727
 20
-96.1044
 10
507.7727
 20
-96.0304
 10
507.5587
 20
-96.0304
  0
LWPOLYLINE
  5
645
330
17
100
AcDbEntity
  8
PLAN-CORTE-DESPERDICIO
100
AcDbPolyline
 90
4
 70
1
 10
507.8627
 20
-97.2244
 10
507.9427
 20
-97.2244
 10
507.9427
 20
-96.0304
 10
507.8627
 20
-96.0304
  0
LWPOLYLINE
  5
646
330
17
100
AcDbEntity
  8
PLAN-CORTE-DESPERDICIO
100
AcDbPolyline
 90
4
 70
1
 10
507.7727
 20
-96.3244
 10
507.86269999999996
 20
-96.3244
 10
507.86269999999996
 20
-96.0304
 10
507.7727
 20
-96.0304
  0
LWPOLYLINE
  5
647
330
17
100
AcDbEntity
  8
PLAN-CORTE-PIEZAS-A-ABRIR
100
AcDbPolyline
 90
4
 70
1
 10
508.3927
 20
-97.2244
 10
508.9887
 20
-97.2244
 10
508.9887
 20
-96.0304
 10
508.3927
 20
-96.0304
  0
TEXT
  5
648
330
17
100
AcDbEntity
  8
PLAN-CORTE-TEXTOS
100
AcDbText
 10
508.6907
 20
-95.8904
 30
0.0
 40
0.06
  1
M-19
 72
1
 11
508.6907
 21
-95.8904
 31
0.0
100
AcDbText
 73
2
  0
LWPOLYLINE
  5
649
330
17
100
AcDbEntity
  8
PLAN-CORTE-RECORTES
100
AcDbPolyline
 90
4
 70
1
 10
508.3927
 20
-97.2244
 10
508.9887
 20
-97.2244
 10
508.9887
 20
-96.0304
 10
508.3927
 20
-96.0304
  0
TEXT
  5
64A
330
17
100
AcDbEntity
  8
PLAN-CORTE-TEXTOS
100
AcDbText
 10
508.6907
 20
-96.62740000000001
 30
0.0
 40
0.035
  1
PA-M-035
 50
90.0
 72
1
 11
508.6907
 21
-96.62740000000001
 31
0.0
100
AcDbText
 73
2
  0
LWPOLYLINE
  5
64B
330
17
100
AcDbEntity
  8
PLAN-CORTE-PIEZAS-A-ABRIR
100
AcDbPolyline
 90
4
 70
1
 10
509.43870000000004
 20
-97.2244
 10
510.03470000000004
 20
-97.2244
 10
510.03470000000004
 20
-96.0304
 10
509.43870000000004
 20
-96.0304
  0
TEXT
  5
64C
330
17
100
AcDbEntity
  8
PLAN-CORTE-TEXTOS
100
AcDbText
 10
509.73670000000004
 20
-95.8904
 30
0.0
 40
0.06
  1
M-20
 72
1
 11
509.73670000000004
 21
-95.8904
 31
0.0
100
AcDbText
 73
2
  0
LWPOLYLINE
  5
64D
330
17
100
AcDbEntity
  8
PLAN-CORTE-RECORTES
100
AcDbPolyline
 90
4
 70
1
 10
509.43870000000004
 20
-97.2244
 10
509.78670000000005
 20
-97.2244
 10
509.78670000000005
 20
-96.0304
 10
509.43870000000004
 20
-96.0304
  0
TEXT
  5
64E
330
17
100
AcDbEntity
  8
PLAN-CORTE-TEXTOS
100
AcDbText
 10
509.6127
 20
-96.62740000000001
 30
0.0
 40
0.035
  1
PA-M-008
 50
90.0
 72
1
 11
509.6127
 21
-96.62740000000001
 31
0.0
100
AcDbText
 73
2
  0
LWPOLYLINE
  5
64F
330
17
100
AcDbEntity
  8
PLAN-CORTE-RECORTES
100
AcDbPolyline
 90
4
 70
1
 10
509.78670000000005
 20
-97.2244
 10
510.02470000000005
 20
-97.2244
 10
510.02470000000005
 20
-96.1044
 10
509.78670000000005
 20
-96.1044
  0
TEXT
  5
650
330
17
100
AcDbEntity
  8
PLAN-CORTE-TEXTOS
100
AcDbText
 10
509.9057000000001
 20
-96.6644
 30
0.0
 40
0.035
  1
PB-M-121 (DE SOBRA DE PA-M-008)
 50
90.0
 72
1
 11
509.9057000000001
 21
-96.6644
 31
0.0
100
AcDbText
 73
2
  0
LWPOLYLINE
  5
651
330
17
100
AcDbEntity
  8
PLAN-CORTE-DESPERDICIO
100
AcDbPolyline
 90
4
 70
1
 10
509.78670000000005
 20
-96.1044
 10
510.03470000000004
 20
-96.1044
 10
510.03470000000004
 20
-96.0304
 10
509.78670000000005
 20
-96.0304
  0
LWPOLYLINE
  5
652
330
17
100
AcDbEntity
  8
PLAN-CORTE-DESPERDICIO
100
AcDbPolyline
 90
4
 70
1
 10
510.02470000000005
 20
-97.2244
 10
510.03470000000004
 20
-97.2244
 10
510.03470000000004
 20
-96.1044
 10
510.02470000000005
 20
-96.1044
  0
LWPOLYLINE
  5
653
330
17
100
AcDbEntity
  8
PLAN-CORTE-PIEZAS-A-ABRIR
100
AcDbPolyline
 90
4
 70
1
 10
510.48470000000003
 20
-97.2244
 10
511.08070000000004
 20
-97.2244
 10
511.08070000000004
 20
-96.0304
 10
510.48470000000003
 20
-96.0304
  0
TEXT
  5
654
330
17
100
AcDbEntity
  8
PLAN-CORTE-TEXTOS
100
AcDbText
 10
510.78270000000003
 20
-95.8904
 30
0.0
 40
0.06
  1
M-21
 72
1
 11
510.78270000000003
 21
-95.8904
 31
0.0
100
AcDbText
 73
2
  0
LWPOLYLINE
  5
655
330
17
100
AcDbEntity
  8
PLAN-CORTE-RECORTES
100
AcDbPolyline
 90
4
 70
1
 10
510.48470000000003
 20
-97.2244
 10
511.08070000000004
 20
-97.2244
 10
511.08070000000004
 20
-96.1204
 10
510.48470000000003
 20
-96.1204
  0
TEXT
  5
656
330
17
100
AcDbEntity
  8
PLAN-CORTE-TEXTOS
100
AcDbText
 10
510.78270000000003
 20
-96.6724
 30
0.0
 40
0.035
  1
PA-M-031
 50
90.0
 72
1
 11
510.78270000000003
 21
-96.6724
 31
0.0
100
AcDbText
 73
2
  0
LWPOLYLINE
  5
657
330
17
100
AcDbEntity
  8
PLAN-CORTE-DESPERDICIO
100
AcDbPolyline
 90
4
 70
1
 10
510.48470000000003
 20
-96.1204
 10
511.08070000000004
 20
-96.1204
 10
511.08070000000004
 20
-96.0304
 10
510.48470000000003
 20
-96.0304
  0
LWPOLYLINE
  5
658
330
17
100
AcDbEntity
  8
PLAN-CORTE-PIEZAS-A-ABRIR
100
AcDbPolyline
 90
4
 70
1
 10
511.5307
 20
-97.2244
 10
512.1267
 20
-97.2244
 10
512.1267
 20
-96.0304
 10
511.5307
 20
-96.0304
  0
TEXT
  5
659
330
17
100
AcDbEntity
  8
PLAN-CORTE-TEXTOS
100
AcDbText
 10
511.8287
 20
-95.8904
 30
0.0
 40
0.06
  1
M-22
 72
1
 11
511.8287
 21
-95.8904
 31
0.0
100
AcDbText
 73
2
  0
LWPOLYLINE
  5
65A
330
17
100
AcDbEntity
  8
PLAN-CORTE-RECORTES
100
AcDbPolyline
 90
4
 70
1
 10
511.5307
 20
-97.2244
 10
512.1267
 20
-97.2244
 10
512.1267
 20
-96.5404
 10
511.5307
 20
-96.5404
  0
TEXT
  5
65B
330
17
100
AcDbEntity
  8
PLAN-CORTE-TEXTOS
100
AcDbText
 10
511.8287
 20
-96.8824
 30
0.0
 40
0.035
  1
PA-M-027
 50
90.0
 72
1
 11
511.8287
 21
-96.8824
 31
0.0
100
AcDbText
 73
2
  0
LWPOLYLINE
  5
65C
330
17
100
AcDbEntity
  8
PLAN-CORTE-RECORTES
100
AcDbPolyline
 90
4
 70
1
 10
511.5307
 20
-96.5404
 10
512.1197000000001
 20
-96.5404
 10
512.1197000000001
 20
-96.2104
 10
511.5307
 20
-96.2104
  0
TEXT
  5
65D
330
17
100
AcDbEntity
  8
PLAN-CORTE-TEXTOS
100
AcDbText
 10
511.82520000000005
 20
-96.3754
 30
0.0
 40
0.02638888888888889
  1
PB-M-088 (DE SOBRA DE PA-M-027)
 72
1
 11
511.82520000000005
 21
-96.3754
 31
0.0
100
AcDbText
 73
2
  0
LWPOLYLINE
  5
65E
330
17
100
AcDbEntity
  8
PLAN-CORTE-RECORTES
100
AcDbPolyline
 90
4
 70
1
 10
511.5307
 20
-96.2104
 10
512.0017
 20
-96.2104
 10
512.0017
 20
-96.0604
 10
511.5307
 20
-96.0604
  0
TEXT
  5
65F
330
17
100
AcDbEntity
  8
PLAN-CORTE-TEXTOS
100
AcDbText
 10
511.7662
 20
-96.1354
 30
0.0
 40
0.021102150537634406
  1
PB-M-087 (DE SOBRA DE PB-M-088)
 72
1
 11
511.7662
 21
-96.1354
 31
0.0
100
AcDbText
 73
2
  0
LWPOLYLINE
  5
660
330
17
100
AcDbEntity
  8
PLAN-CORTE-SOBRANTES
100
AcDbPolyline
 90
4
 70
1
 10
512.0017
 20
-96.2104
 10
512.1267
 20
-96.2104
 10
512.1267
 20
-96.0304
 10
512.0017
 20
-96.0304
  0
TEXT
  5
661
330
17
100
AcDbEntity
  8
PLAN-CORTE-TEXTOS
100
AcDbText
 10
512.0642
 20
-96.1204
 30
0.0
 40
0.045
  1
SOBRA
 50
90.0
 72
1
 11
512.0642
 21
-96.1204
 31
0.0
100
AcDbText
 73
2
  0
LWPOLYLINE
  5
662
330
17
100
AcDbEntity
  8
PLAN-CORTE-DESPERDICIO
100
AcDbPolyline
 90
4
 70
1
 10
511.5307
 20
-96.0604
 10
512.0017
 20
-96.0604
 10
512.0017
 20
-96.0304
 10
511.5307
 20
-96.0304
  0
LWPOLYLINE
  5
663
330
17
100
AcDbEntity
  8
PLAN-CORTE-PIEZAS-A-ABRIR
100
AcDbPolyline
 90
4
 70
1
 10
489.5647
 20
-99.1184
 10
490.1607
 20
-99.1184
 10
490.1607
 20
-97.92439999999999
 10
489.5647
 20
-97.92439999999999
  0
TEXT
  5
664
330
17
100
AcDbEntity
  8
PLAN-CORTE-TEXTOS
100
AcDbText
 10
489.8627
 20
-97.78439999999999
 30
0.0
 40
0.06
  1
M-23
 72
1
 11
489.8627
 21
-97.78439999999999
 31
0.0
100
AcDbText
 73
2
  0
LWPOLYLINE
  5
665
330
17
100
AcDbEntity
  8
PLAN-CORTE-RECORTES
100
AcDbPolyline
 90
4
 70
1
 10
489.5647
 20
-99.1184
 10
490.1607
 20
-99.1184
 10
490.1607
 20
-98.0144
 10
489.5647
 20
-98.0144
  0
TEXT
  5
666
330
17
100
AcDbEntity
  8
PLAN-CORTE-TEXTOS
100
AcDbText
 10
489.8627
 20
-98.56639999999999
 30
0.0
 40
0.035
  1
PA-M-032
 50
90.0
 72
1
 11
489.8627
 21
-98.56639999999999
 31
0.0
100
AcDbText
 73
2
  0
LWPOLYLINE
  5
667
330
17
100
AcDbEntity
  8
PLAN-CORTE-DESPERDICIO
100
AcDbPolyline
 90
4
 70
1
 10
489.5647
 20
-98.0144
 10
490.1607
 20
-98.0144
 10
490.1607
 20
-97.92439999999999
 10
489.5647
 20
-97.92439999999999
  0
LWPOLYLINE
  5
668
330
17
100
AcDbEntity
  8
PLAN-CORTE-PIEZAS-A-ABRIR
100
AcDbPolyline
 90
4
 70
1
 10
490.6107
 20
-99.1184
 10
491.2067
 20
-99.1184
 10
491.2067
 20
-97.92439999999999
 10
490.6107
 20
-97.92439999999999
  0
TEXT
  5
669
330
17
100
AcDbEntity
  8
PLAN-CORTE-TEXTOS
100
AcDbText
 10
490.9087
 20
-97.78439999999999
 30
0.0
 40
0.06
  1
M-24
 72
1
 11
490.9087
 21
-97.78439999999999
 31
0.0
100
AcDbText
 73
2
  0
LWPOLYLINE
  5
66A
330
17
100
AcDbEntity
  8
PLAN-CORTE-RECORTES
100
AcDbPolyline
 90
4
 70
1
 10
490.6107
 20
-99.1184
 10
491.2067
 20
-99.1184
 10
491.2067
 20
-98.02239999999999
 10
490.6107
 20
-98.02239999999999
  0
TEXT
  5
66B
330
17
100
AcDbEntity
  8
PLAN-CORTE-TEXTOS
100
AcDbText
 10
490.9087
 20
-98.57039999999999
 30
0.0
 40
0.035
  1
PA-M-042
 50
90.0
 72
1
 11
490.9087
 21
-98.57039999999999
 31
0.0
100
AcDbText
 73
2
  0
LWPOLYLINE
  5
66C
330
17
100
AcDbEntity
  8
PLAN-CORTE-DESPERDICIO
100
AcDbPolyline
 90
4
 70
1
 10
490.6107
 20
-98.02239999999999
 10
491.2067
 20
-98.02239999999999
 10
491.2067
 20
-97.92439999999999
 10
490.6107
 20
-97.92439999999999
  0
LWPOLYLINE
  5
66D
330
17
100
AcDbEntity
  8
PLAN-CORTE-PIEZAS-A-ABRIR
100
AcDbPolyline
 90
4
 70
1
 10
491.6567
 20
-99.1184
 10
492.2527
 20
-99.1184
 10
492.2527
 20
-97.92439999999999
 10
491.6567
 20
-97.92439999999999
  0
TEXT
  5
66E
330
17
100
AcDbEntity
  8
PLAN-CORTE-TEXTOS
100
AcDbText
 10
491.9547
 20
-97.78439999999999
 30
0.0
 40
0.06
  1
M-25
 72
1
 11
491.9547
 21
-97.78439999999999
 31
0.0
100
AcDbText
 73
2
  0
LWPOLYLINE
  5
66F
330
17
100
AcDbEntity
  8
PLAN-CORTE-RECORTES
100
AcDbPolyline
 90
4
 70
1
 10
491.6567
 20
-99.1184
 10
492.2527
 20
-99.1184
 10
492.2527
 20
-98.02239999999999
 10
491.6567
 20
-98.02239999999999
  0
TEXT
  5
670
330
17
100
AcDbEntity
  8
PLAN-CORTE-TEXTOS
100
AcDbText
 10
491.9547
 20
-98.57039999999999
 30
0.0
 40
0.035
  1
PA-M-041
 50
90.0
 72
1
 11
491.9547
 21
-98.57039999999999
 31
0.0
100
AcDbText
 73
2
  0
LWPOLYLINE
  5
671
330
17
100
AcDbEntity
  8
PLAN-CORTE-DESPERDICIO
100
AcDbPolyline
 90
4
 70
1
 10
491.6567
 20
-98.02239999999999
 10
492.2527
 20
-98.02239999999999
 10
492.2527
 20
-97.92439999999999
 10
491.6567
 20
-97.92439999999999
  0
LWPOLYLINE
  5
672
330
17
100
AcDbEntity
  8
PLAN-CORTE-PIEZAS-A-ABRIR
100
AcDbPolyline
 90
4
 70
1
 10
492.7027
 20
-99.1184
 10
493.2987
 20
-99.1184
 10
493.2987
 20
-97.92439999999999
 10
492.7027
 20
-97.92439999999999
  0
TEXT
  5
673
330
17
100
AcDbEntity
  8
PLAN-CORTE-TEXTOS
100
AcDbText
 10
493.0007
 20
-97.78439999999999
 30
0.0
 40
0.06
  1
M-26
 72
1
 11
493.0007
 21
-97.78439999999999
 31
0.0
100
AcDbText
 73
2
  0
LWPOLYLINE
  5
674
330
17
100
AcDbEntity
  8
PLAN-CORTE-RECORTES
100
AcDbPolyline
 90
4
 70
1
 10
492.7027
 20
-99.1184
 10
493.0967
 20
-99.1184
 10
493.0967
 20
-98.0094
 10
492.7027
 20
-98.0094
  0
TEXT
  5
675
330
17
100
AcDbEntity
  8
PLAN-CORTE-TEXTOS
100
AcDbText
 10
492.8997
 20
-98.56389999999999
 30
0.0
 40
0.035
  1
PB-M-104
 50
90.0
 72
1
 11
492.8997
 21
-98.56389999999999
 31
0.0
100
AcDbText
 73
2
  0
LWPOLYLINE
  5
676
330
17
100
AcDbEntity
  8
PLAN-CORTE-RECORTES
100
AcDbPolyline
 90
4
 70
1
 10
493.0967
 20
-99.1184
 10
493.2717
 20
-99.1184
 10
493.2717
 20
-97.96839999999999
 10
493.0967
 20
-97.96839999999999
  0
TEXT
  5
677
330
17
100
AcDbEntity
  8
PLAN-CORTE-TEXTOS
100
AcDbText
 10
493.1842
 20
-98.54339999999999
 30
0.0
 40
0.035
  1
P1 (DE SOBRA DE PB-M-104)
 50
90.0
 72
1
 11
493.1842
 21
-98.54339999999999
 31
0.0
100
AcDbText
 73
2
  0
LWPOLYLINE
  5
678
330
17
100
AcDbEntity
  8
PLAN-CORTE-DESPERDICIO
100
AcDbPolyline
 90
4
 70
1
 10
492.7027
 20
-98.0094
 10
493.0967
 20
-98.0094
 10
493.0967
 20
-97.9244
 10
492.7027
 20
-97.9244
  0
LWPOLYLINE
  5
679
330
17
100
AcDbEntity
  8
PLAN-CORTE-DESPERDICIO
100
AcDbPolyline
 90
4
 70
1
 10
493.2717
 20
-99.1184
 10
493.2987
 20
-99.1184
 10
493.2987
 20
-97.92439999999999
 10
493.2717
 20
-97.92439999999999
  0
LWPOLYLINE
  5
67A
330
17
100
AcDbEntity
  8
PLAN-CORTE-DESPERDICIO
100
AcDbPolyline
 90
4
 70
1
 10
493.0967
 20
-97.96839999999999
 10
493.2717
 20
-97.96839999999999
 10
493.2717
 20
-97.92439999999999
 10
493.0967
 20
-97.92439999999999
  0
LWPOLYLINE
  5
67B
330
17
100
AcDbEntity
  8
PLAN-CORTE-PIEZAS-A-ABRIR
100
AcDbPolyline
 90
4
 70
1
 10
493.74870000000004
 20
-99.1184
 10
494.34470000000005
 20
-99.1184
 10
494.34470000000005
 20
-97.92439999999999
 10
493.74870000000004
 20
-97.92439999999999
  0
TEXT
  5
67C
330
17
100
AcDbEntity
  8
PLAN-CORTE-TEXTOS
100
AcDbText
 10
494.04670000000004
 20
-97.78439999999999
 30
0.0
 40
0.06
  1
M-27
 72
1
 11
494.04670000000004
 21
-97.78439999999999
 31
0.0
100
AcDbText
 73
2
  0
LWPOLYLINE
  5
67D
330
17
100
AcDbEntity
  8
PLAN-CORTE-RECORTES
100
AcDbPolyline
 90
4
 70
1
 10
493.74870000000004
 20
-99.1184
 10
494.34470000000005
 20
-99.1184
 10
494.34470000000005
 20
-97.99839999999999
 10
493.74870000000004
 20
-97.99839999999999
  0
TEXT
  5
67E
330
17
100
AcDbEntity
  8
PLAN-CORTE-TEXTOS
100
AcDbText
 10
494.04670000000004
 20
-98.55839999999999
 30
0.0
 40
0.035
  1
PB-M-071
 50
90.0
 72
1
 11
494.04670000000004
 21
-98.55839999999999
 31
0.0
100
AcDbText
 73
2
  0
LWPOLYLINE
  5
67F
330
17
100
AcDbEntity
  8
PLAN-CORTE-DESPERDICIO
100
AcDbPolyline
 90
4
 70
1
 10
493.74870000000004
 20
-97.99839999999999
 10
494.34470000000005
 20
-97.99839999999999
 10
494.34470000000005
 20
-97.92439999999999
 10
493.74870000000004
 20
-97.92439999999999
  0
LWPOLYLINE
  5
680
330
17
100
AcDbEntity
  8
PLAN-CORTE-PIEZAS-A-ABRIR
100
AcDbPolyline
 90
4
 70
1
 10
494.79470000000003
 20
-99.1184
 10
495.39070000000004
 20
-99.1184
 10
495.39070000000004
 20
-97.92439999999999
 10
494.79470000000003
 20
-97.92439999999999
  0
TEXT
  5
681
330
17
100
AcDbEntity
  8
PLAN-CORTE-TEXTOS
100
AcDbText
 10
495.09270000000004
 20
-97.78439999999999
 30
0.0
 40
0.06
  1
M-28
 72
1
 11
495.09270000000004
 21
-97.78439999999999
 31
0.0
100
AcDbText
 73
2
  0
LWPOLYLINE
  5
682
330
17
100
AcDbEntity
  8
PLAN-CORTE-RECORTES
100
AcDbPolyline
 90
4
 70
1
 10
494.79470000000003
 20
-99.1184
 10
495.1007
 20
-99.1184
 10
495.1007
 20
-98.52239999999999
 10
494.79470000000003
 20
-98.52239999999999
  0
TEXT
  5
683
330
17
100
AcDbEntity
  8
PLAN-CORTE-TEXTOS
100
AcDbText
 10
494.94770000000005
 20
-98.82039999999999
 30
0.0
 40
0.035
  1
R2-fondo-2
 50
90.0
 72
1
 11
494.94770000000005
 21
-98.82039999999999
 31
0.0
100
AcDbText
 73
2
  0
LWPOLYLINE
  5
684
330
17
100
AcDbEntity
  8
PLAN-CORTE-RECORTES
100
AcDbPolyline
 90
4
 70
1
 10
494.79470000000003
 20
-98.52239999999999
 10
495.1007
 20
-98.52239999999999
 10
495.1007
 20
-97.92639999999999
 10
494.79470000000003
 20
-97.92639999999999
  0
TEXT
  5
685
330
17
100
AcDbEntity
  8
PLAN-CORTE-TEXTOS
100
AcDbText
 10
494.94770000000005
 20
-98.22439999999999
 30
0.0
 40
0.02365079365079365
  1
R2-fondo-4 (DE SOBRA DE R2-fondo-2)
 50
90.0
 72
1
 11
494.94770000000005
 21
-98.22439999999999
 31
0.0
100
AcDbText
 73
2
  0
LWPOLYLINE
  5
686
330
17
100
AcDbEntity
  8
PLAN-CORTE-RECORTES
100
AcDbPolyline
 90
4
 70
1
 10
495.1007
 20
-99.1184
 10
495.3747
 20
-99.1184
 10
495.3747
 20
-98.6794
 10
495.1007
 20
-98.6794
  0
TEXT
  5
687
330
17
100
AcDbEntity
  8
PLAN-CORTE-TEXTOS
100
AcDbText
 10
495.2377
 20
-98.8989
 30
0.0
 40
0.01847643097643098
  1
PB-M-119 (DE SOBRA DE R2-fondo-2)
 50
90.0
 72
1
 11
495.2377
 21
-98.8989
 31
0.0
100
AcDbText
 73
2
  0
LWPOLYLINE
  5
688
330
17
100
AcDbEntity
  8
PLAN-CORTE-SOBRANTES
100
AcDbPolyline
 90
4
 70
1
 10
495.1007
 20
-98.52239999999999
 10
495.39070000000004
 20
-98.52239999999999
 10
495.39070000000004
 20
-97.92439999999999
 10
495.1007
 20
-97.92439999999999
  0
TEXT
  5
689
330
17
100
AcDbEntity
  8
PLAN-CORTE-TEXTOS
100
AcDbText
 10
495.2457
 20
-98.22339999999998
 30
0.0
 40
0.029530864197530864
  1
SOBRA 0.29x0.598 -> GUARDAR
 50
90.0
 72
1
 11
495.2457
 21
-98.22339999999998
 31
0.0
100
AcDbText
 73
2
  0
LWPOLYLINE
  5
68A
330
17
100
AcDbEntity
  8
PLAN-CORTE-SOBRANTES
100
AcDbPolyline
 90
4
 70
1
 10
495.1007
 20
-98.6794
 10
495.39070000000004
 20
-98.6794
 10
495.39070000000004
 20
-98.5224
 10
495.1007
 20
-98.5224
  0
TEXT
  5
68B
330
17
100
AcDbEntity
  8
PLAN-CORTE-TEXTOS
100
AcDbText
 10
495.2457
 20
-98.6009
 30
0.0
 40
0.024166666666666666
  1
SOBRA 0.29x0.157
 72
1
 11
495.2457
 21
-98.6009
 31
0.0
100
AcDbText
 73
2
  0
LWPOLYLINE
  5
68C
330
17
100
AcDbEntity
  8
PLAN-CORTE-DESPERDICIO
100
AcDbPolyline
 90
4
 70
1
 10
495.3747
 20
-99.1184
 10
495.39070000000004
 20
-99.1184
 10
495.39070000000004
 20
-98.6794
 10
495.3747
 20
-98.6794
  0
LWPOLYLINE
  5
68D
330
17
100
AcDbEntity
  8
PLAN-CORTE-PIEZAS-A-ABRIR
100
AcDbPolyline
 90
4
 70
1
 10
495.8407
 20
-99.1184
 10
496.43670000000003
 20
-99.1184
 10
496.43670000000003
 20
-97.92439999999999
 10
495.8407
 20
-97.92439999999999
  0
TEXT
  5
68E
330
17
100
AcDbEntity
  8
PLAN-CORTE-TEXTOS
100
AcDbText
 10
496.13870000000003
 20
-97.78439999999999
 30
0.0
 40
0.06
  1
M-29
 72
1
 11
496.13870000000003
 21
-97.78439999999999
 31
0.0
100
AcDbText
 73
2
  0
LWPOLYLINE
  5
68F
330
17
100
AcDbEntity
  8
PLAN-CORTE-RECORTES
100
AcDbPolyline
 90
4
 70
1
 10
495.8407
 20
-99.1184
 10
496.0547
 20
-99.1184
 10
496.0547
 20
-97.92439999999999
 10
495.8407
 20
-97.92439999999999
  0
TEXT
  5
690
330
17
100
AcDbEntity
  8
PLAN-CORTE-TEXTOS
100
AcDbText
 10
495.94770000000005
 20
-98.5214
 30
0.0
 40
0.035
  1
PB-M-056
 50
90.0
 72
1
 11
495.94770000000005
 21
-98.5214
 31
0.0
100
AcDbText
 73
2
  0
LWPOLYLINE
  5
691
330
17
100
AcDbEntity
  8
PLAN-CORTE-RECORTES
100
AcDbPolyline
 90
4
 70
1
 10
496.0547
 20
-99.1184
 10
496.2667
 20
-99.1184
 10
496.2667
 20
-97.92439999999999
 10
496.0547
 20
-97.92439999999999
  0
TEXT
  5
692
330
17
100
AcDbEntity
  8
PLAN-CORTE-TEXTOS
100
AcDbText
 10
496.1607
 20
-98.5214
 30
0.0
 40
0.035
  1
R1-fondo-7 (DE SOBRA DE PB-M-056)
 50
90.0
 72
1
 11
496.1607
 21
-98.5214
 31
0.0
100
AcDbText
 73
2
  0
LWPOLYLINE
  5
693
330
17
100
AcDbEntity
  8
PLAN-CORTE-RECORTES
100
AcDbPolyline
 90
4
 70
1
 10
496.2667
 20
-99.1184
 10
496.40270000000004
 20
-99.1184
 10
496.40270000000004
 20
-97.92439999999999
 10
496.2667
 20
-97.92439999999999
  0
TEXT
  5
694
330
17
100
AcDbEntity
  8
PLAN-CORTE-TEXTOS
100
AcDbText
 10
496.3347
 20
-98.5214
 30
0.0
 40
0.030222222222222223
  1
PB-M-099 (DE SOBRA DE R1-fondo-7)
 50
90.0
 72
1
 11
496.3347
 21
-98.5214
 31
0.0
100
AcDbText
 73
2
  0
LWPOLYLINE
  5
695
330
17
100
AcDbEntity
  8
PLAN-CORTE-DESPERDICIO
100
AcDbPolyline
 90
4
 70
1
 10
496.40270000000004
 20
-99.1184
 10
496.43670000000003
 20
-99.1184
 10
496.43670000000003
 20
-97.92439999999999
 10
496.40270000000004
 20
-97.92439999999999
  0
LWPOLYLINE
  5
696
330
17
100
AcDbEntity
  8
PLAN-CORTE-PIEZAS-A-ABRIR
100
AcDbPolyline
 90
4
 70
1
 10
496.8867
 20
-99.1184
 10
497.4827
 20
-99.1184
 10
497.4827
 20
-97.92439999999999
 10
496.8867
 20
-97.92439999999999
  0
TEXT
  5
697
330
17
100
AcDbEntity
  8
PLAN-CORTE-TEXTOS
100
AcDbText
 10
497.1847
 20
-97.78439999999999
 30
0.0
 40
0.06
  1
M-30
 72
1
 11
497.1847
 21
-97.78439999999999
 31
0.0
100
AcDbText
 73
2
  0
LWPOLYLINE
  5
698
330
17
100
AcDbEntity
  8
PLAN-CORTE-RECORTES
100
AcDbPolyline
 90
4
 70
1
 10
496.8867
 20
-99.1184
 10
497.4827
 20
-99.1184
 10
497.4827
 20
-98.0094
 10
496.8867
 20
-98.0094
  0
TEXT
  5
699
330
17
100
AcDbEntity
  8
PLAN-CORTE-TEXTOS
100
AcDbText
 10
497.1847
 20
-98.56389999999999
 30
0.0
 40
0.035
  1
PB-M-103
 50
90.0
 72
1
 11
497.1847
 21
-98.56389999999999
 31
0.0
100
AcDbText
 73
2
  0
LWPOLYLINE
  5
69A
330
17
100
AcDbEntity
  8
PLAN-CORTE-DESPERDICIO
100
AcDbPolyline
 90
4
 70
1
 10
496.8867
 20
-98.0094
 10
497.4827
 20
-98.0094
 10
497.4827
 20
-97.9244
 10
496.8867
 20
-97.9244
  0
LWPOLYLINE
  5
69B
330
17
100
AcDbEntity
  8
PLAN-CORTE-PIEZAS-A-ABRIR
100
AcDbPolyline
 90
4
 70
1
 10
497.9327
 20
-99.1184
 10
498.5287
 20
-99.1184
 10
498.5287
 20
-97.92439999999999
 10
497.9327
 20
-97.92439999999999
  0
TEXT
  5
69C
330
17
100
AcDbEntity
  8
PLAN-CORTE-TEXTOS
100
AcDbText
 10
498.2307
 20
-97.78439999999999
 30
0.0
 40
0.06
  1
M-31
 72
1
 11
498.2307
 21
-97.78439999999999
 31
0.0
100
AcDbText
 73
2
  0
LWPOLYLINE
  5
69D
330
17
100
AcDbEntity
  8
PLAN-CORTE-RECORTES
100
AcDbPolyline
 90
4
 70
1
 10
497.9327
 20
-99.1184
 10
498.5287
 20
-99.1184
 10
498.5287
 20
-98.41839999999999
 10
497.9327
 20
-98.41839999999999
  0
TEXT
  5
69E
330
17
100
AcDbEntity
  8
PLAN-CORTE-TEXTOS
100
AcDbText
 10
498.2307
 20
-98.7684
 30
0.0
 40
0.035
  1
D1-R2
 50
90.0
 72
1
 11
498.2307
 21
-98.7684
 31
0.0
100
AcDbText
 73
2
  0
LWPOLYLINE
  5
69F
330
17
100
AcDbEntity
  8
PLAN-CORTE-RECORTES
100
AcDbPolyline
 90
4
 70
1
 10
497.9327
 20
-98.41839999999999
 10
498.5287
 20
-98.41839999999999
 10
498.5287
 20
-97.9794
 10
497.9327
 20
-97.9794
  0
TEXT
  5
6A0
330
17
100
AcDbEntity
  8
PLAN-CORTE-TEXTOS
100
AcDbText
 10
498.2307
 20
-98.1989
 30
0.0
 40
0.029563492063492063
  1
PB-M-118 (DE SOBRA DE D1-R2)
 72
1
 11
498.2307
 21
-98.1989
 31
0.0
100
AcDbText
 73
2
  0
LWPOLYLINE
  5
6A1
330
17
100
AcDbEntity
  8
PLAN-CORTE-DESPERDICIO
100
AcDbPolyline
 90
4
 70
1
 10
497.9327
 20
-97.9794
 10
498.5287
 20
-97.9794
 10
498.5287
 20
-97.92439999999999
 10
497.9327
 20
-97.92439999999999
  0
LWPOLYLINE
  5
6A2
330
17
100
AcDbEntity
  8
PLAN-CORTE-PIEZAS-A-ABRIR
100
AcDbPolyline
 90
4
 70
1
 10
498.9787
 20
-99.1184
 10
499.5747
 20
-99.1184
 10
499.5747
 20
-97.92439999999999
 10
498.9787
 20
-97.92439999999999
  0
TEXT
  5
6A3
330
17
100
AcDbEntity
  8
PLAN-CORTE-TEXTOS
100
AcDbText
 10
499.2767
 20
-97.78439999999999
 30
0.0
 40
0.06
  1
M-32
 72
1
 11
499.2767
 21
-97.78439999999999
 31
0.0
100
AcDbText
 73
2
  0
LWPOLYLINE
  5
6A4
330
17
100
AcDbEntity
  8
PLAN-CORTE-RECORTES
100
AcDbPolyline
 90
4
 70
1
 10
498.9787
 20
-99.1184
 10
499.1927
 20
-99.1184
 10
499.1927
 20
-97.99839999999999
 10
498.9787
 20
-97.99839999999999
  0
TEXT
  5
6A5
330
17
100
AcDbEntity
  8
PLAN-CORTE-TEXTOS
100
AcDbText
 10
499.08570000000003
 20
-98.55839999999999
 30
0.0
 40
0.035
  1
PB-M-124
 50
90.0
 72
1
 11
499.08570000000003
 21
-98.55839999999999
 31
0.0
100
AcDbText
 73
2
  0
LWPOLYLINE
  5
6A6
330
17
100
AcDbEntity
  8
PLAN-CORTE-RECORTES
100
AcDbPolyline
 90
4
 70
1
 10
499.1927
 20
-99.1184
 10
499.4067
 20
-99.1184
 10
499.4067
 20
-98.0324
 10
499.1927
 20
-98.0324
  0
TEXT
  5
6A7
330
17
100
AcDbEntity
  8
PLAN-CORTE-TEXTOS
100
AcDbText
 10
499.29970000000003
 20
-98.57539999999999
 30
0.0
 40
0.035
  1
PB-M-042 (DE SOBRA DE PB-M-124)
 50
90.0
 72
1
 11
499.29970000000003
 21
-98.57539999999999
 31
0.0
100
AcDbText
 73
2
  0
LWPOLYLINE
  5
6A8
330
17
100
AcDbEntity
  8
PLAN-CORTE-RECORTES
100
AcDbPolyline
 90
4
 70
1
 10
499.4067
 20
-99.1184
 10
499.5747
 20
-99.1184
 10
499.5747
 20
-98.10799999999999
 10
499.4067
 20
-98.10799999999999
  0
TEXT
  5
6A9
330
17
100
AcDbEntity
  8
PLAN-CORTE-TEXTOS
100
AcDbText
 10
499.4907
 20
-98.61319999999999
 30
0.0
 40
0.035
  1
PB-M-139 (DE SOBRA DE PB-M-042)
 50
90.0
 72
1
 11
499.4907
 21
-98.61319999999999
 31
0.0
100
AcDbText
 73
2
  0
LWPOLYLINE
  5
6AA
330
17
100
AcDbEntity
  8
PLAN-CORTE-DESPERDICIO
100
AcDbPolyline
 90
4
 70
1
 10
498.9787
 20
-97.99839999999999
 10
499.1927
 20
-97.99839999999999
 10
499.1927
 20
-97.92439999999999
 10
498.9787
 20
-97.92439999999999
  0
LWPOLYLINE
  5
6AB
330
17
100
AcDbEntity
  8
PLAN-CORTE-SOBRANTES
100
AcDbPolyline
 90
4
 70
1
 10
499.1927
 20
-98.0324
 10
499.4067
 20
-98.0324
 10
499.4067
 20
-97.92439999999999
 10
499.1927
 20
-97.92439999999999
  0
TEXT
  5
6AC
330
17
100
AcDbEntity
  8
PLAN-CORTE-TEXTOS
100
AcDbText
 10
499.29970000000003
 20
-97.9784
 30
0.0
 40
0.045
  1
SOBRA
 72
1
 11
499.29970000000003
 21
-97.9784
 31
0.0
100
AcDbText
 73
2
  0
LWPOLYLINE
  5
6AD
330
17
100
AcDbEntity
  8
PLAN-CORTE-SOBRANTES
100
AcDbPolyline
 90
4
 70
1
 10
499.4067
 20
-98.10799999999999
 10
499.5747
 20
-98.10799999999999
 10
499.5747
 20
-97.92439999999999
 10
499.4067
 20
-97.92439999999999
  0
TEXT
  5
6AE
330
17
100
AcDbEntity
  8
PLAN-CORTE-TEXTOS
100
AcDbText
 10
499.4907
 20
-98.01619999999998
 30
0.0
 40
0.045
  1
SOBRA
 50
90.0
 72
1
 11
499.4907
 21
-98.01619999999998
 31
0.0
100
AcDbText
 73
2
  0
LWPOLYLINE
  5
6AF
330
17
100
AcDbEntity
  8
PLAN-CORTE-PIEZAS-A-ABRIR
100
AcDbPolyline
 90
4
 70
1
 10
500.0247
 20
-99.1184
 10
500.6207
 20
-99.1184
 10
500.6207
 20
-97.92439999999999
 10
500.0247
 20
-97.92439999999999
  0
TEXT
  5
6B0
330
17
100
AcDbEntity
  8
PLAN-CORTE-TEXTOS
100
AcDbText
 10
500.3227
 20
-97.78439999999999
 30
0.0
 40
0.06
  1
M-33
 72
1
 11
500.3227
 21
-97.78439999999999
 31
0.0
100
AcDbText
 73
2
  0
LWPOLYLINE
  5
6B1
330
17
100
AcDbEntity
  8
PLAN-CORTE-RECORTES
100
AcDbPolyline
 90
4
 70
1
 10
500.0247
 20
-99.1184
 10
500.6207
 20
-99.1184
 10
500.6207
 20
-97.99839999999999
 10
500.0247
 20
-97.99839999999999
  0
TEXT
  5
6B2
330
17
100
AcDbEntity
  8
PLAN-CORTE-TEXTOS
100
AcDbText
 10
500.3227
 20
-98.55839999999999
 30
0.0
 40
0.035
  1
PB-M-123
 50
90.0
 72
1
 11
500.3227
 21
-98.55839999999999
 31
0.0
100
AcDbText
 73
2
  0
LWPOLYLINE
  5
6B3
330
17
100
AcDbEntity
  8
PLAN-CORTE-DESPERDICIO
100
AcDbPolyline
 90
4
 70
1
 10
500.0247
 20
-97.99839999999999
 10
500.6207
 20
-97.99839999999999
 10
500.6207
 20
-97.92439999999999
 10
500.0247
 20
-97.92439999999999
  0
LWPOLYLINE
  5
6B4
330
17
100
AcDbEntity
  8
PLAN-CORTE-PIEZAS-A-ABRIR
100
AcDbPolyline
 90
4
 70
1
 10
501.0707
 20
-99.1184
 10
501.6667
 20
-99.1184
 10
501.6667
 20
-97.92439999999999
 10
501.0707
 20
-97.92439999999999
  0
TEXT
  5
6B5
330
17
100
AcDbEntity
  8
PLAN-CORTE-TEXTOS
100
AcDbText
 10
501.3687
 20
-97.78439999999999
 30
0.0
 40
0.06
  1
M-34
 72
1
 11
501.3687
 21
-97.78439999999999
 31
0.0
100
AcDbText
 73
2
  0
LWPOLYLINE
  5
6B6
330
17
100
AcDbEntity
  8
PLAN-CORTE-RECORTES
100
AcDbPolyline
 90
4
 70
1
 10
501.0707
 20
-99.1184
 10
501.6667
 20
-99.1184
 10
501.6667
 20
-98.0324
 10
501.0707
 20
-98.0324
  0
TEXT
  5
6B7
330
17
100
AcDbEntity
  8
PLAN-CORTE-TEXTOS
100
AcDbText
 10
501.3687
 20
-98.57539999999999
 30
0.0
 40
0.035
  1
PB-M-041
 50
90.0
 72
1
 11
501.3687
 21
-98.57539999999999
 31
0.0
100
AcDbText
 73
2
  0
LWPOLYLINE
  5
6B8
330
17
100
AcDbEntity
  8
PLAN-CORTE-SOBRANTES
100
AcDbPolyline
 90
4
 70
1
 10
501.0707
 20
-98.0324
 10
501.6667
 20
-98.0324
 10
501.6667
 20
-97.92439999999999
 10
501.0707
 20
-97.92439999999999
  0
TEXT
  5
6B9
330
17
100
AcDbEntity
  8
PLAN-CORTE-TEXTOS
100
AcDbText
 10
501.3687
 20
-97.9784
 30
0.0
 40
0.028380952380952378
  1
SOBRA 0.596x0.108 -> GUARDAR
 72
1
 11
501.3687
 21
-97.9784
 31
0.0
100
AcDbText
 73
2
  0
LWPOLYLINE
  5
6BA
330
17
100
AcDbEntity
  8
PLAN-CORTE-PIEZAS-A-ABRIR
100
AcDbPolyline
 90
4
 70
1
 10
502.11670000000004
 20
-99.1184
 10
502.71270000000004
 20
-99.1184
 10
502.71270000000004
 20
-97.92439999999999
 10
502.11670000000004
 20
-97.92439999999999
  0
TEXT
  5
6BB
330
17
100
AcDbEntity
  8
PLAN-CORTE-TEXTOS
100
AcDbText
 10
502.41470000000004
 20
-97.78439999999999
 30
0.0
 40
0.06
  1
M-35
 72
1
 11
502.41470000000004
 21
-97.78439999999999
 31
0.0
100
AcDbText
 73
2
  0
LWPOLYLINE
  5
6BC
330
17
100
AcDbEntity
  8
PLAN-CORTE-RECORTES
100
AcDbPolyline
 90
4
 70
1
 10
502.11670000000004
 20
-99.1184
 10
502.33070000000004
 20
-99.1184
 10
502.33070000000004
 20
-98.0504
 10
502.11670000000004
 20
-98.0504
  0
TEXT
  5
6BD
330
17
100
AcDbEntity
  8
PLAN-CORTE-TEXTOS
100
AcDbText
 10
502.22370000000006
 20
-98.58439999999999
 30
0.0
 40
0.035
  1
PB-M-138
 50
90.0
 72
1
 11
502.22370000000006
 21
-98.58439999999999
 31
0.0
100
AcDbText
 73
2
  0
LWPOLYLINE
  5
6BE
330
17
100
AcDbEntity
  8
PLAN-CORTE-RECORTES
100
AcDbPolyline
 90
4
 70
1
 10
502.33070000000004
 20
-99.1184
 10
502.50570000000005
 20
-99.1184
 10
502.50570000000005
 20
-97.96839999999999
 10
502.33070000000004
 20
-97.96839999999999
  0
TEXT
  5
6BF
330
17
100
AcDbEntity
  8
PLAN-CORTE-TEXTOS
100
AcDbText
 10
502.4182
 20
-98.54339999999999
 30
0.0
 40
0.035
  1
P3 (DE SOBRA DE PB-M-138)
 50
90.0
 72
1
 11
502.4182
 21
-98.54339999999999
 31
0.0
100
AcDbText
 73
2
  0
LWPOLYLINE
  5
6C0
330
17
100
AcDbEntity
  8
PLAN-CORTE-RECORTES
100
AcDbPolyline
 90
4
 70
1
 10
502.50570000000005
 20
-99.1184
 10
502.68070000000006
 20
-99.1184
 10
502.68070000000006
 20
-97.96839999999999
 10
502.50570000000005
 20
-97.96839999999999
  0
TEXT
  5
6C1
330
17
100
AcDbEntity
  8
PLAN-CORTE-TEXTOS
100
AcDbText
 10
502.5932
 20
-98.54339999999999
 30
0.0
 40
0.035
  1
P4 (DE SOBRA DE P3)
 50
90.0
 72
1
 11
502.5932
 21
-98.54339999999999
 31
0.0
100
AcDbText
 73
2
  0
LWPOLYLINE
  5
6C2
330
17
100
AcDbEntity
  8
PLAN-CORTE-SOBRANTES
100
AcDbPolyline
 90
4
 70
1
 10
502.11670000000004
 20
-98.0504
 10
502.33070000000004
 20
-98.0504
 10
502.33070000000004
 20
-97.92439999999999
 10
502.11670000000004
 20
-97.92439999999999
  0
TEXT
  5
6C3
330
17
100
AcDbEntity
  8
PLAN-CORTE-TEXTOS
100
AcDbText
 10
502.22370000000006
 20
-97.9874
 30
0.0
 40
0.045
  1
SOBRA
 72
1
 11
502.22370000000006
 21
-97.9874
 31
0.0
100
AcDbText
 73
2
  0
LWPOLYLINE
  5
6C4
330
17
100
AcDbEntity
  8
PLAN-CORTE-DESPERDICIO
100
AcDbPolyline
 90
4
 70
1
 10
502.33070000000004
 20
-97.96839999999999
 10
502.50570000000005
 20
-97.96839999999999
 10
502.50570000000005
 20
-97.92439999999999
 10
502.33070000000004
 20
-97.92439999999999
  0
LWPOLYLINE
  5
6C5
330
17
100
AcDbEntity
  8
PLAN-CORTE-DESPERDICIO
100
AcDbPolyline
 90
4
 70
1
 10
502.68070000000006
 20
-99.1184
 10
502.71270000000004
 20
-99.1184
 10
502.71270000000004
 20
-97.92439999999999
 10
502.68070000000006
 20
-97.92439999999999
  0
LWPOLYLINE
  5
6C6
330
17
100
AcDbEntity
  8
PLAN-CORTE-DESPERDICIO
100
AcDbPolyline
 90
4
 70
1
 10
502.50570000000005
 20
-97.96839999999999
 10
502.68070000000006
 20
-97.96839999999999
 10
502.68070000000006
 20
-97.92439999999999
 10
502.50570000000005
 20
-97.92439999999999
  0
LWPOLYLINE
  5
6C7
330
17
100
AcDbEntity
  8
PLAN-CORTE-PIEZAS-A-ABRIR
100
AcDbPolyline
 90
4
 70
1
 10
503.16270000000003
 20
-99.1184
 10
503.75870000000003
 20
-99.1184
 10
503.75870000000003
 20
-97.92439999999999
 10
503.16270000000003
 20
-97.92439999999999
  0
TEXT
  5
6C8
330
17
100
AcDbEntity
  8
PLAN-CORTE-TEXTOS
100
AcDbText
 10
503.46070000000003
 20
-97.78439999999999
 30
0.0
 40
0.06
  1
M-36
 72
1
 11
503.46070000000003
 21
-97.78439999999999
 31
0.0
100
AcDbText
 73
2
  0
LWPOLYLINE
  5
6C9
330
17
100
AcDbEntity
  8
PLAN-CORTE-RECORTES
100
AcDbPolyline
 90
4
 70
1
 10
503.16270000000003
 20
-99.1184
 10
503.75870000000003
 20
-99.1184
 10
503.75870000000003
 20
-97.92439999999999
 10
503.16270000000003
 20
-97.92439999999999
  0
TEXT
  5
6CA
330
17
100
AcDbEntity
  8
PLAN-CORTE-TEXTOS
100
AcDbText
 10
503.46070000000003
 20
-98.5214
 30
0.0
 40
0.035
  1
PB-M-083
 50
90.0
 72
1
 11
503.46070000000003
 21
-98.5214
 31
0.0
100
AcDbText
 73
2
  0
LWPOLYLINE
  5
6CB
330
17
100
AcDbEntity
  8
PLAN-CORTE-PIEZAS-A-ABRIR
100
AcDbPolyline
 90
4
 70
1
 10
504.2087
 20
-99.1184
 10
504.8047
 20
-99.1184
 10
504.8047
 20
-97.92439999999999
 10
504.2087
 20
-97.92439999999999
  0
TEXT
  5
6CC
330
17
100
AcDbEntity
  8
PLAN-CORTE-TEXTOS
100
AcDbText
 10
504.5067
 20
-97.78439999999999
 30
0.0
 40
0.06
  1
M-37
 72
1
 11
504.5067
 21
-97.78439999999999
 31
0.0
100
AcDbText
 73
2
  0
LWPOLYLINE
  5
6CD
330
17
100
AcDbEntity
  8
PLAN-CORTE-RECORTES
100
AcDbPolyline
 90
4
 70
1
 10
504.2087
 20
-99.1184
 10
504.6027
 20
-99.1184
 10
504.6027
 20
-97.92439999999999
 10
504.2087
 20
-97.92439999999999
  0
TEXT
  5
6CE
330
17
100
AcDbEntity
  8
PLAN-CORTE-TEXTOS
100
AcDbText
 10
504.4057
 20
-98.5214
 30
0.0
 40
0.035
  1
PB-M-014
 50
90.0
 72
1
 11
504.4057
 21
-98.5214
 31
0.0
100
AcDbText
 73
2
  0
LWPOLYLINE
  5
6CF
330
17
100
AcDbEntity
  8
PLAN-CORTE-RECORTES
100
AcDbPolyline
 90
4
 70
1
 10
504.6027
 20
-99.1184
 10
504.78470000000004
 20
-99.1184
 10
504.78470000000004
 20
-97.99839999999999
 10
504.6027
 20
-97.99839999999999
  0
TEXT
  5
6D0
330
17
100
AcDbEntity
  8
PLAN-CORTE-TEXTOS
100
AcDbText
 10
504.69370000000004
 20
-98.55839999999999
 30
0.0
 40
0.035
  1
PB-M-122 (DE SOBRA DE PB-M-014)
 50
90.0
 72
1
 11
504.69370000000004
 21
-98.55839999999999
 31
0.0
100
AcDbText
 73
2
  0
LWPOLYLINE
  5
6D1
330
17
100
AcDbEntity
  8
PLAN-CORTE-DESPERDICIO
100
AcDbPolyline
 90
4
 70
1
 10
504.78470000000004
 20
-99.1184
 10
504.8047
 20
-99.1184
 10
504.8047
 20
-97.92439999999999
 10
504.78470000000004
 20
-97.92439999999999
  0
LWPOLYLINE
  5
6D2
330
17
100
AcDbEntity
  8
PLAN-CORTE-DESPERDICIO
100
AcDbPolyline
 90
4
 70
1
 10
504.6027
 20
-97.99839999999999
 10
504.78470000000004
 20
-97.99839999999999
 10
504.78470000000004
 20
-97.92439999999999
 10
504.6027
 20
-97.92439999999999
  0
LWPOLYLINE
  5
6D3
330
17
100
AcDbEntity
  8
PLAN-CORTE-PIEZAS-A-ABRIR
100
AcDbPolyline
 90
4
 70
1
 10
505.2547
 20
-99.1184
 10
505.8507
 20
-99.1184
 10
505.8507
 20
-97.92439999999999
 10
505.2547
 20
-97.92439999999999
  0
TEXT
  5
6D4
330
17
100
AcDbEntity
  8
PLAN-CORTE-TEXTOS
100
AcDbText
 10
505.5527
 20
-97.78439999999999
 30
0.0
 40
0.06
  1
M-38
 72
1
 11
505.5527
 21
-97.78439999999999
 31
0.0
100
AcDbText
 73
2
  0
LWPOLYLINE
  5
6D5
330
17
100
AcDbEntity
  8
PLAN-CORTE-RECORTES
100
AcDbPolyline
 90
4
 70
1
 10
505.2547
 20
-99.1184
 10
505.6487
 20
-99.1184
 10
505.6487
 20
-98.0444
 10
505.2547
 20
-98.0444
  0
TEXT
  5
6D6
330
17
100
AcDbEntity
  8
PLAN-CORTE-TEXTOS
100
AcDbText
 10
505.4517
 20
-98.58139999999999
 30
0.0
 40
0.035
  1
PB-M-017
 50
90.0
 72
1
 11
505.4517
 21
-98.58139999999999
 31
0.0
100
AcDbText
 73
2
  0
LWPOLYLINE
  5
6D7
330
17
100
AcDbEntity
  8
PLAN-CORTE-RECORTES
100
AcDbPolyline
 90
4
 70
1
 10
505.6487
 20
-99.1184
 10
505.82370000000003
 20
-99.1184
 10
505.82370000000003
 20
-97.96839999999999
 10
505.6487
 20
-97.96839999999999
  0
TEXT
  5
6D8
330
17
100
AcDbEntity
  8
PLAN-CORTE-TEXTOS
100
AcDbText
 10
505.7362
 20
-98.54339999999999
 30
0.0
 40
0.035
  1
P2 (DE SOBRA DE PB-M-017)
 50
90.0
 72
1
 11
505.7362
 21
-98.54339999999999
 31
0.0
100
AcDbText
 73
2
  0
LWPOLYLINE
  5
6D9
330
17
100
AcDbEntity
  8
PLAN-CORTE-SOBRANTES
100
AcDbPolyline
 90
4
 70
1
 10
505.2547
 20
-98.0444
 10
505.6487
 20
-98.0444
 10
505.6487
 20
-97.92439999999999
 10
505.2547
 20
-97.92439999999999
  0
TEXT
  5
6DA
330
17
100
AcDbEntity
  8
PLAN-CORTE-TEXTOS
100
AcDbText
 10
505.4517
 20
-97.9844
 30
0.0
 40
0.03283333333333333
  1
SOBRA 0.394x0.12
 72
1
 11
505.4517
 21
-97.9844
 31
0.0
100
AcDbText
 73
2
  0
LWPOLYLINE
  5
6DB
330
17
100
AcDbEntity
  8
PLAN-CORTE-DESPERDICIO
100
AcDbPolyline
 90
4
 70
1
 10
505.82370000000003
 20
-99.1184
 10
505.8507
 20
-99.1184
 10
505.8507
 20
-97.92439999999999
 10
505.82370000000003
 20
-97.92439999999999
  0
LWPOLYLINE
  5
6DC
330
17
100
AcDbEntity
  8
PLAN-CORTE-DESPERDICIO
100
AcDbPolyline
 90
4
 70
1
 10
505.6487
 20
-97.96839999999999
 10
505.82370000000003
 20
-97.96839999999999
 10
505.82370000000003
 20
-97.92439999999999
 10
505.6487
 20
-97.92439999999999
  0
LWPOLYLINE
  5
6DD
330
17
100
AcDbEntity
  8
PLAN-CORTE-PIEZAS-A-ABRIR
100
AcDbPolyline
 90
4
 70
1
 10
506.3007
 20
-99.1184
 10
506.8967
 20
-99.1184
 10
506.8967
 20
-97.92439999999999
 10
506.3007
 20
-97.92439999999999
  0
TEXT
  5
6DE
330
17
100
AcDbEntity
  8
PLAN-CORTE-TEXTOS
100
AcDbText
 10
506.5987
 20
-97.78439999999999
 30
0.0
 40
0.06
  1
M-39
 72
1
 11
506.5987
 21
-97.78439999999999
 31
0.0
100
AcDbText
 73
2
  0
LWPOLYLINE
  5
6DF
330
17
100
AcDbEntity
  8
PLAN-CORTE-RECORTES
100
AcDbPolyline
 90
4
 70
1
 10
506.3007
 20
-99.1184
 10
506.8967
 20
-99.1184
 10
506.8967
 20
-98.0504
 10
506.3007
 20
-98.0504
  0
TEXT
  5
6E0
330
17
100
AcDbEntity
  8
PLAN-CORTE-TEXTOS
100
AcDbText
 10
506.5987
 20
-98.58439999999999
 30
0.0
 40
0.035
  1
PB-M-137
 50
90.0
 72
1
 11
506.5987
 21
-98.58439999999999
 31
0.0
100
AcDbText
 73
2
  0
LWPOLYLINE
  5
6E1
330
17
100
AcDbEntity
  8
PLAN-CORTE-SOBRANTES
100
AcDbPolyline
 90
4
 70
1
 10
506.3007
 20
-98.0504
 10
506.8967
 20
-98.0504
 10
506.8967
 20
-97.92439999999999
 10
506.3007
 20
-97.92439999999999
  0
TEXT
  5
6E2
330
17
100
AcDbEntity
  8
PLAN-CORTE-TEXTOS
100
AcDbText
 10
506.5987
 20
-97.9874
 30
0.0
 40
0.028380952380952378
  1
SOBRA 0.596x0.126 -> GUARDAR
 72
1
 11
506.5987
 21
-97.9874
 31
0.0
100
AcDbText
 73
2
  0
LWPOLYLINE
  5
6E3
330
17
100
AcDbEntity
  8
PLAN-CORTE-PIEZAS-A-ABRIR
100
AcDbPolyline
 90
4
 70
1
 10
507.3467
 20
-99.1184
 10
507.9427
 20
-99.1184
 10
507.9427
 20
-97.92439999999999
 10
507.3467
 20
-97.92439999999999
  0
TEXT
  5
6E4
330
17
100
AcDbEntity
  8
PLAN-CORTE-TEXTOS
100
AcDbText
 10
507.6447
 20
-97.78439999999999
 30
0.0
 40
0.06
  1
M-40
 72
1
 11
507.6447
 21
-97.78439999999999
 31
0.0
100
AcDbText
 73
2
  0
LWPOLYLINE
  5
6E5
330
17
100
AcDbEntity
  8
PLAN-CORTE-RECORTES
100
AcDbPolyline
 90
4
 70
1
 10
507.3467
 20
-99.1184
 10
507.9427
 20
-99.1184
 10
507.9427
 20
-97.9724
 10
507.3467
 20
-97.9724
  0
TEXT
  5
6E6
330
17
100
AcDbEntity
  8
PLAN-CORTE-TEXTOS
100
AcDbText
 10
507.6447
 20
-98.5454
 30
0.0
 40
0.035
  1
PB-M-039
 50
90.0
 72
1
 11
507.6447
 21
-98.5454
 31
0.0
100
AcDbText
 73
2
  0
LWPOLYLINE
  5
6E7
330
17
100
AcDbEntity
  8
PLAN-CORTE-DESPERDICIO
100
AcDbPolyline
 90
4
 70
1
 10
507.3467
 20
-97.9724
 10
507.9427
 20
-97.9724
 10
507.9427
 20
-97.92439999999999
 10
507.3467
 20
-97.92439999999999
  0
LWPOLYLINE
  5
6E8
330
17
100
AcDbEntity
  8
PLAN-CORTE-PIEZAS-A-ABRIR
100
AcDbPolyline
 90
4
 70
1
 10
508.3927
 20
-99.1184
 10
508.9887
 20
-99.1184
 10
508.9887
 20
-97.92439999999999
 10
508.3927
 20
-97.92439999999999
  0
TEXT
  5
6E9
330
17
100
AcDbEntity
  8
PLAN-CORTE-TEXTOS
100
AcDbText
 10
508.6907
 20
-97.78439999999999
 30
0.0
 40
0.06
  1
M-41
 72
1
 11
508.6907
 21
-97.78439999999999
 31
0.0
100
AcDbText
 73
2
  0
LWPOLYLINE
  5
6EA
330
17
100
AcDbEntity
  8
PLAN-CORTE-RECORTES
100
AcDbPolyline
 90
4
 70
1
 10
508.3927
 20
-99.1184
 10
508.9887
 20
-99.1184
 10
508.9887
 20
-98.0444
 10
508.3927
 20
-98.0444
  0
TEXT
  5
6EB
330
17
100
AcDbEntity
  8
PLAN-CORTE-TEXTOS
100
AcDbText
 10
508.6907
 20
-98.58139999999999
 30
0.0
 40
0.035
  1
PB-M-016
 50
90.0
 72
1
 11
508.6907
 21
-98.58139999999999
 31
0.0
100
AcDbText
 73
2
  0
LWPOLYLINE
  5
6EC
330
17
100
AcDbEntity
  8
PLAN-CORTE-SOBRANTES
100
AcDbPolyline
 90
4
 70
1
 10
508.3927
 20
-98.0444
 10
508.9887
 20
-98.0444
 10
508.9887
 20
-97.92439999999999
 10
508.3927
 20
-97.92439999999999
  0
TEXT
  5
6ED
330
17
100
AcDbEntity
  8
PLAN-CORTE-TEXTOS
100
AcDbText
 10
508.6907
 20
-97.9844
 30
0.0
 40
0.029432098765432096
  1
SOBRA 0.596x0.12 -> GUARDAR
 72
1
 11
508.6907
 21
-97.9844
 31
0.0
100
AcDbText
 73
2
  0
LWPOLYLINE
  5
6EE
330
17
100
AcDbEntity
  8
PLAN-CORTE-PIEZAS-A-ABRIR
100
AcDbPolyline
 90
4
 70
1
 10
509.43870000000004
 20
-99.1184
 10
510.03470000000004
 20
-99.1184
 10
510.03470000000004
 20
-97.92439999999999
 10
509.43870000000004
 20
-97.92439999999999
  0
TEXT
  5
6EF
330
17
100
AcDbEntity
  8
PLAN-CORTE-TEXTOS
100
AcDbText
 10
509.73670000000004
 20
-97.78439999999999
 30
0.0
 40
0.06
  1
M-42
 72
1
 11
509.73670000000004
 21
-97.78439999999999
 31
0.0
100
AcDbText
 73
2
  0
LWPOLYLINE
  5
6F0
330
17
100
AcDbEntity
  8
PLAN-CORTE-RECORTES
100
AcDbPolyline
 90
4
 70
1
 10
509.43870000000004
 20
-99.1184
 10
510.03470000000004
 20
-99.1184
 10
510.03470000000004
 20
-98.41839999999999
 10
509.43870000000004
 20
-98.41839999999999
  0
TEXT
  5
6F1
330
17
100
AcDbEntity
  8
PLAN-CORTE-TEXTOS
100
AcDbText
 10
509.73670000000004
 20
-98.7684
 30
0.0
 40
0.035
  1
D1-R1
 50
90.0
 72
1
 11
509.73670000000004
 21
-98.7684
 31
0.0
100
AcDbText
 73
2
  0
LWPOLYLINE
  5
6F2
330
17
100
AcDbEntity
  8
PLAN-CORTE-RECORTES
100
AcDbPolyline
 90
4
 70
1
 10
509.43870000000004
 20
-98.41839999999999
 10
510.03470000000004
 20
-98.41839999999999
 10
510.03470000000004
 20
-97.94739999999999
 10
509.43870000000004
 20
-97.94739999999999
  0
TEXT
  5
6F3
330
17
100
AcDbEntity
  8
PLAN-CORTE-TEXTOS
100
AcDbText
 10
509.73670000000004
 20
-98.18289999999999
 30
0.0
 40
0.029563492063492063
  1
PB-M-086 (DE SOBRA DE D1-R1)
 72
1
 11
509.73670000000004
 21
-98.18289999999999
 31
0.0
100
AcDbText
 73
2
  0
LWPOLYLINE
  5
6F4
330
17
100
AcDbEntity
  8
PLAN-CORTE-DESPERDICIO
100
AcDbPolyline
 90
4
 70
1
 10
509.43870000000004
 20
-97.94739999999999
 10
510.03470000000004
 20
-97.94739999999999
 10
510.03470000000004
 20
-97.92439999999999
 10
509.43870000000004
 20
-97.92439999999999
  0
LWPOLYLINE
  5
6F5
330
17
100
AcDbEntity
  8
PLAN-CORTE-PIEZAS-A-ABRIR
100
AcDbPolyline
 90
4
 70
1
 10
510.48470000000003
 20
-99.1184
 10
511.08070000000004
 20
-99.1184
 10
511.08070000000004
 20
-97.92439999999999
 10
510.48470000000003
 20
-97.92439999999999
  0
TEXT
  5
6F6
330
17
100
AcDbEntity
  8
PLAN-CORTE-TEXTOS
100
AcDbText
 10
510.78270000000003
 20
-97.78439999999999
 30
0.0
 40
0.06
  1
M-43
 72
1
 11
510.78270000000003
 21
-97.78439999999999
 31
0.0
100
AcDbText
 73
2
  0
LWPOLYLINE
  5
6F7
330
17
100
AcDbEntity
  8
PLAN-CORTE-RECORTES
100
AcDbPolyline
 90
4
 70
1
 10
510.48470000000003
 20
-99.1184
 10
511.08070000000004
 20
-99.1184
 10
511.08070000000004
 20
-97.99839999999999
 10
510.48470000000003
 20
-97.99839999999999
  0
TEXT
  5
6F8
330
17
100
AcDbEntity
  8
PLAN-CORTE-TEXTOS
100
AcDbText
 10
510.78270000000003
 20
-98.55839999999999
 30
0.0
 40
0.035
  1
PB-M-120
 50
90.0
 72
1
 11
510.78270000000003
 21
-98.55839999999999
 31
0.0
100
AcDbText
 73
2
  0
LWPOLYLINE
  5
6F9
330
17
100
AcDbEntity
  8
PLAN-CORTE-DESPERDICIO
100
AcDbPolyline
 90
4
 70
1
 10
510.48470000000003
 20
-97.99839999999999
 10
511.08070000000004
 20
-97.99839999999999
 10
511.08070000000004
 20
-97.92439999999999
 10
510.48470000000003
 20
-97.92439999999999
  0
LWPOLYLINE
  5
6FA
330
17
100
AcDbEntity
  8
PLAN-CORTE-PIEZAS-A-ABRIR
100
AcDbPolyline
 90
4
 70
1
 10
511.5307
 20
-99.1184
 10
512.1267
 20
-99.1184
 10
512.1267
 20
-97.92439999999999
 10
511.5307
 20
-97.92439999999999
  0
TEXT
  5
6FB
330
17
100
AcDbEntity
  8
PLAN-CORTE-TEXTOS
100
AcDbText
 10
511.8287
 20
-97.78439999999999
 30
0.0
 40
0.06
  1
M-44
 72
1
 11
511.8287
 21
-97.78439999999999
 31
0.0
100
AcDbText
 73
2
  0
LWPOLYLINE
  5
6FC
330
17
100
AcDbEntity
  8
PLAN-CORTE-RECORTES
100
AcDbPolyline
 90
4
 70
1
 10
511.5307
 20
-99.1184
 10
512.1267
 20
-99.1184
 10
512.1267
 20
-98.0504
 10
511.5307
 20
-98.0504
  0
TEXT
  5
6FD
330
17
100
AcDbEntity
  8
PLAN-CORTE-TEXTOS
100
AcDbText
 10
511.8287
 20
-98.58439999999999
 30
0.0
 40
0.035
  1
PB-M-136
 50
90.0
 72
1
 11
511.8287
 21
-98.58439999999999
 31
0.0
100
AcDbText
 73
2
  0
LWPOLYLINE
  5
6FE
330
17
100
AcDbEntity
  8
PLAN-CORTE-SOBRANTES
100
AcDbPolyline
 90
4
 70
1
 10
511.5307
 20
-98.0504
 10
512.1267
 20
-98.0504
 10
512.1267
 20
-97.92439999999999
 10
511.5307
 20
-97.92439999999999
  0
TEXT
  5
6FF
330
17
100
AcDbEntity
  8
PLAN-CORTE-TEXTOS
100
AcDbText
 10
511.8287
 20
-97.9874
 30
0.0
 40
0.028380952380952378
  1
SOBRA 0.596x0.126 -> GUARDAR
 72
1
 11
511.8287
 21
-97.9874
 31
0.0
100
AcDbText
 73
2
  0
LWPOLYLINE
  5
700
330
17
100
AcDbEntity
  8
PLAN-CORTE-PIEZAS-A-ABRIR
100
AcDbPolyline
 90
4
 70
1
 10
489.5647
 20
-101.0124
 10
490.1607
 20
-101.0124
 10
490.1607
 20
-99.8184
 10
489.5647
 20
-99.8184
  0
TEXT
  5
701
330
17
100
AcDbEntity
  8
PLAN-CORTE-TEXTOS
100
AcDbText
 10
489.8627
 20
-99.6784
 30
0.0
 40
0.06
  1
M-45
 72
1
 11
489.8627
 21
-99.6784
 31
0.0
100
AcDbText
 73
2
  0
LWPOLYLINE
  5
702
330
17
100
AcDbEntity
  8
PLAN-CORTE-RECORTES
100
AcDbPolyline
 90
4
 70
1
 10
489.5647
 20
-101.0124
 10
490.1607
 20
-101.0124
 10
490.1607
 20
-99.8664
 10
489.5647
 20
-99.8664
  0
TEXT
  5
703
330
17
100
AcDbEntity
  8
PLAN-CORTE-TEXTOS
100
AcDbText
 10
489.8627
 20
-100.4394
 30
0.0
 40
0.035
  1
PB-M-038
 50
90.0
 72
1
 11
489.8627
 21
-100.4394
 31
0.0
100
AcDbText
 73
2
  0
LWPOLYLINE
  5
704
330
17
100
AcDbEntity
  8
PLAN-CORTE-DESPERDICIO
100
AcDbPolyline
 90
4
 70
1
 10
489.5647
 20
-99.8664
 10
490.1607
 20
-99.8664
 10
490.1607
 20
-99.8184
 10
489.5647
 20
-99.8184
  0
LWPOLYLINE
  5
705
330
17
100
AcDbEntity
  8
PLAN-CORTE-PIEZAS-A-ABRIR
100
AcDbPolyline
 90
4
 70
1
 10
490.6107
 20
-101.0124
 10
491.2067
 20
-101.0124
 10
491.2067
 20
-99.8184
 10
490.6107
 20
-99.8184
  0
TEXT
  5
706
330
17
100
AcDbEntity
  8
PLAN-CORTE-TEXTOS
100
AcDbText
 10
490.9087
 20
-99.6784
 30
0.0
 40
0.06
  1
M-46
 72
1
 11
490.9087
 21
-99.6784
 31
0.0
100
AcDbText
 73
2
  0
LWPOLYLINE
  5
707
330
17
100
AcDbEntity
  8
PLAN-CORTE-RECORTES
100
AcDbPolyline
 90
4
 70
1
 10
490.6107
 20
-101.0124
 10
491.2067
 20
-101.0124
 10
491.2067
 20
-99.8984
 10
490.6107
 20
-99.8984
  0
TEXT
  5
708
330
17
100
AcDbEntity
  8
PLAN-CORTE-TEXTOS
100
AcDbText
 10
490.9087
 20
-100.4554
 30
0.0
 40
0.035
  1
PB-M-028
 50
90.0
 72
1
 11
490.9087
 21
-100.4554
 31
0.0
100
AcDbText
 73
2
  0
LWPOLYLINE
  5
709
330
17
100
AcDbEntity
  8
PLAN-CORTE-DESPERDICIO
100
AcDbPolyline
 90
4
 70
1
 10
490.6107
 20
-99.8984
 10
491.2067
 20
-99.8984
 10
491.2067
 20
-99.8184
 10
490.6107
 20
-99.8184
  0
LWPOLYLINE
  5
70A
330
17
100
AcDbEntity
  8
PLAN-CORTE-PIEZAS-A-ABRIR
100
AcDbPolyline
 90
4
 70
1
 10
491.6567
 20
-101.0124
 10
492.2527
 20
-101.0124
 10
492.2527
 20
-99.8184
 10
491.6567
 20
-99.8184
  0
TEXT
  5
70B
330
17
100
AcDbEntity
  8
PLAN-CORTE-TEXTOS
100
AcDbText
 10
491.9547
 20
-99.6784
 30
0.0
 40
0.06
  1
M-47
 72
1
 11
491.9547
 21
-99.6784
 31
0.0
100
AcDbText
 73
2
  0
LWPOLYLINE
  5
70C
330
17
100
AcDbEntity
  8
PLAN-CORTE-RECORTES
100
AcDbPolyline
 90
4
 70
1
 10
491.6567
 20
-101.0124
 10
492.2527
 20
-101.0124
 10
492.2527
 20
-100.0044
 10
491.6567
 20
-100.0044
  0
TEXT
  5
70D
330
17
100
AcDbEntity
  8
PLAN-CORTE-TEXTOS
100
AcDbText
 10
491.9547
 20
-100.5084
 30
0.0
 40
0.035
  1
PB-M-146
 50
90.0
 72
1
 11
491.9547
 21
-100.5084
 31
0.0
100
AcDbText
 73
2
  0
LWPOLYLINE
  5
70E
330
17
100
AcDbEntity
  8
PLAN-CORTE-RECORTES
100
AcDbPolyline
 90
4
 70
1
 10
491.6567
 20
-100.0044
 10
492.1277
 20
-100.0044
 10
492.1277
 20
-99.86840000000001
 10
491.6567
 20
-99.86840000000001
  0
TEXT
  5
70F
330
17
100
AcDbEntity
  8
PLAN-CORTE-TEXTOS
100
AcDbText
 10
491.8922
 20
-99.9364
 30
0.0
 40
0.021102150537634406
  1
PB-M-085 (DE SOBRA DE PB-M-146)
 72
1
 11
491.8922
 21
-99.9364
 31
0.0
100
AcDbText
 73
2
  0
LWPOLYLINE
  5
710
330
17
100
AcDbEntity
  8
PLAN-CORTE-DESPERDICIO
100
AcDbPolyline
 90
4
 70
1
 10
491.6567
 20
-99.8684
 10
492.2527
 20
-99.8684
 10
492.2527
 20
-99.8184
 10
491.6567
 20
-99.8184
  0
LWPOLYLINE
  5
711
330
17
100
AcDbEntity
  8
PLAN-CORTE-SOBRANTES
100
AcDbPolyline
 90
4
 70
1
 10
492.1277
 20
-100.0044
 10
492.2527
 20
-100.0044
 10
492.2527
 20
-99.86840000000001
 10
492.1277
 20
-99.86840000000001
  0
LWPOLYLINE
  5
712
330
17
100
AcDbEntity
  8
PLAN-CORTE-PIEZAS-A-ABRIR
100
AcDbPolyline
 90
4
 70
1
 10
492.7027
 20
-101.0124
 10
493.2987
 20
-101.0124
 10
493.2987
 20
-99.8184
 10
492.7027
 20
-99.8184
  0
TEXT
  5
713
330
17
100
AcDbEntity
  8
PLAN-CORTE-TEXTOS
100
AcDbText
 10
493.0007
 20
-99.6784
 30
0.0
 40
0.06
  1
M-48
 72
1
 11
493.0007
 21
-99.6784
 31
0.0
100
AcDbText
 73
2
  0
LWPOLYLINE
  5
714
330
17
100
AcDbEntity
  8
PLAN-CORTE-RECORTES
100
AcDbPolyline
 90
4
 70
1
 10
492.7027
 20
-101.0124
 10
493.2987
 20
-101.0124
 10
493.2987
 20
-99.8184
 10
492.7027
 20
-99.8184
  0
TEXT
  5
715
330
17
100
AcDbEntity
  8
PLAN-CORTE-TEXTOS
100
AcDbText
 10
493.0007
 20
-100.4154
 30
0.0
 40
0.035
  1
PB-M-081
 50
90.0
 72
1
 11
493.0007
 21
-100.4154
 31
0.0
100
AcDbText
 73
2
  0
LWPOLYLINE
  5
716
330
17
100
AcDbEntity
  8
PLAN-CORTE-PIEZAS-A-ABRIR
100
AcDbPolyline
 90
4
 70
1
 10
493.74870000000004
 20
-101.0124
 10
494.34470000000005
 20
-101.0124
 10
494.34470000000005
 20
-99.8184
 10
493.74870000000004
 20
-99.8184
  0
TEXT
  5
717
330
17
100
AcDbEntity
  8
PLAN-CORTE-TEXTOS
100
AcDbText
 10
494.04670000000004
 20
-99.6784
 30
0.0
 40
0.06
  1
M-49
 72
1
 11
494.04670000000004
 21
-99.6784
 31
0.0
100
AcDbText
 73
2
  0
LWPOLYLINE
  5
718
330
17
100
AcDbEntity
  8
PLAN-CORTE-RECORTES
100
AcDbPolyline
 90
4
 70
1
 10
493.74870000000004
 20
-101.0124
 10
494.34470000000005
 20
-101.0124
 10
494.34470000000005
 20
-99.9444
 10
493.74870000000004
 20
-99.9444
  0
TEXT
  5
719
330
17
100
AcDbEntity
  8
PLAN-CORTE-TEXTOS
100
AcDbText
 10
494.04670000000004
 20
-100.4784
 30
0.0
 40
0.035
  1
PB-M-135
 50
90.0
 72
1
 11
494.04670000000004
 21
-100.4784
 31
0.0
100
AcDbText
 73
2
  0
LWPOLYLINE
  5
71A
330
17
100
AcDbEntity
  8
PLAN-CORTE-SOBRANTES
100
AcDbPolyline
 90
4
 70
1
 10
493.74870000000004
 20
-99.9444
 10
494.34470000000005
 20
-99.9444
 10
494.34470000000005
 20
-99.8184
 10
493.74870000000004
 20
-99.8184
  0
TEXT
  5
71B
330
17
100
AcDbEntity
  8
PLAN-CORTE-TEXTOS
100
AcDbText
 10
494.04670000000004
 20
-99.8814
 30
0.0
 40
0.028380952380952378
  1
SOBRA 0.596x0.126 -> GUARDAR
 72
1
 11
494.04670000000004
 21
-99.8814
 31
0.0
100
AcDbText
 73
2
  0
LWPOLYLINE
  5
71C
330
17
100
AcDbEntity
  8
PLAN-CORTE-PIEZAS-A-ABRIR
100
AcDbPolyline
 90
4
 70
1
 10
494.79470000000003
 20
-101.0124
 10
495.39070000000004
 20
-101.0124
 10
495.39070000000004
 20
-99.8184
 10
494.79470000000003
 20
-99.8184
  0
TEXT
  5
71D
330
17
100
AcDbEntity
  8
PLAN-CORTE-TEXTOS
100
AcDbText
 10
495.09270000000004
 20
-99.6784
 30
0.0
 40
0.06
  1
M-50
 72
1
 11
495.09270000000004
 21
-99.6784
 31
0.0
100
AcDbText
 73
2
  0
LWPOLYLINE
  5
71E
330
17
100
AcDbEntity
  8
PLAN-CORTE-RECORTES
100
AcDbPolyline
 90
4
 70
1
 10
494.79470000000003
 20
-101.0124
 10
495.39070000000004
 20
-101.0124
 10
495.39070000000004
 20
-99.83239999999999
 10
494.79470000000003
 20
-99.83239999999999
  0
TEXT
  5
71F
330
17
100
AcDbEntity
  8
PLAN-CORTE-TEXTOS
100
AcDbText
 10
495.09270000000004
 20
-100.4224
 30
0.0
 40
0.035
  1
PB-M-134
 50
90.0
 72
1
 11
495.09270000000004
 21
-100.4224
 31
0.0
100
AcDbText
 73
2
  0
LWPOLYLINE
  5
720
330
17
100
AcDbEntity
  8
PLAN-CORTE-DESPERDICIO
100
AcDbPolyline
 90
4
 70
1
 10
494.79470000000003
 20
-99.83239999999999
 10
495.39070000000004
 20
-99.83239999999999
 10
495.39070000000004
 20
-99.8184
 10
494.79470000000003
 20
-99.8184
  0
LWPOLYLINE
  5
721
330
17
100
AcDbEntity
  8
PLAN-CORTE-PIEZAS-A-ABRIR
100
AcDbPolyline
 90
4
 70
1
 10
495.8407
 20
-101.0124
 10
496.43670000000003
 20
-101.0124
 10
496.43670000000003
 20
-99.8184
 10
495.8407
 20
-99.8184
  0
TEXT
  5
722
330
17
100
AcDbEntity
  8
PLAN-CORTE-TEXTOS
100
AcDbText
 10
496.13870000000003
 20
-99.6784
 30
0.0
 40
0.06
  1
M-51
 72
1
 11
496.13870000000003
 21
-99.6784
 31
0.0
100
AcDbText
 73
2
  0
LWPOLYLINE
  5
723
330
17
100
AcDbEntity
  8
PLAN-CORTE-RECORTES
100
AcDbPolyline
 90
4
 70
1
 10
495.8407
 20
-101.0124
 10
496.43670000000003
 20
-101.0124
 10
496.43670000000003
 20
-100.0044
 10
495.8407
 20
-100.0044
  0
TEXT
  5
724
330
17
100
AcDbEntity
  8
PLAN-CORTE-TEXTOS
100
AcDbText
 10
496.13870000000003
 20
-100.5084
 30
0.0
 40
0.035
  1
PB-M-145
 50
90.0
 72
1
 11
496.13870000000003
 21
-100.5084
 31
0.0
100
AcDbText
 73
2
  0
LWPOLYLINE
  5
725
330
17
100
AcDbEntity
  8
PLAN-CORTE-RECORTES
100
AcDbPolyline
 90
4
 70
1
 10
495.8407
 20
-100.0044
 10
496.27970000000005
 20
-100.0044
 10
496.27970000000005
 20
-99.86840000000001
 10
495.8407
 20
-99.86840000000001
  0
TEXT
  5
726
330
17
100
AcDbEntity
  8
PLAN-CORTE-TEXTOS
100
AcDbText
 10
496.0602
 20
-99.9364
 30
0.0
 40
0.019668458781362006
  1
PB-M-114 (DE SOBRA DE PB-M-145)
 72
1
 11
496.0602
 21
-99.9364
 31
0.0
100
AcDbText
 73
2
  0
LWPOLYLINE
  5
727
330
17
100
AcDbEntity
  8
PLAN-CORTE-DESPERDICIO
100
AcDbPolyline
 90
4
 70
1
 10
495.8407
 20
-99.8684
 10
496.43670000000003
 20
-99.8684
 10
496.43670000000003
 20
-99.8184
 10
495.8407
 20
-99.8184
  0
LWPOLYLINE
  5
728
330
17
100
AcDbEntity
  8
PLAN-CORTE-SOBRANTES
100
AcDbPolyline
 90
4
 70
1
 10
496.27970000000005
 20
-100.0044
 10
496.43670000000003
 20
-100.0044
 10
496.43670000000003
 20
-99.86840000000001
 10
496.27970000000005
 20
-99.86840000000001
  0
TEXT
  5
729
330
17
100
AcDbEntity
  8
PLAN-CORTE-TEXTOS
100
AcDbText
 10
496.35820000000007
 20
-99.9364
 30
0.0
 40
0.041866666666666656
  1
SOBRA
 72
1
 11
496.35820000000007
 21
-99.9364
 31
0.0
100
AcDbText
 73
2
  0
LWPOLYLINE
  5
72A
330
17
100
AcDbEntity
  8
PLAN-CORTE-PIEZAS-A-ABRIR
100
AcDbPolyline
 90
4
 70
1
 10
496.8867
 20
-101.0124
 10
497.4827
 20
-101.0124
 10
497.4827
 20
-99.8184
 10
496.8867
 20
-99.8184
  0
TEXT
  5
72B
330
17
100
AcDbEntity
  8
PLAN-CORTE-TEXTOS
100
AcDbText
 10
497.1847
 20
-99.6784
 30
0.0
 40
0.06
  1
M-52
 72
1
 11
497.1847
 21
-99.6784
 31
0.0
100
AcDbText
 73
2
  0
LWPOLYLINE
  5
72C
330
17
100
AcDbEntity
  8
PLAN-CORTE-RECORTES
100
AcDbPolyline
 90
4
 70
1
 10
496.8867
 20
-101.0124
 10
497.4827
 20
-101.0124
 10
497.4827
 20
-99.8664
 10
496.8867
 20
-99.8664
  0
TEXT
  5
72D
330
17
100
AcDbEntity
  8
PLAN-CORTE-TEXTOS
100
AcDbText
 10
497.1847
 20
-100.4394
 30
0.0
 40
0.035
  1
PB-M-037
 50
90.0
 72
1
 11
497.1847
 21
-100.4394
 31
0.0
100
AcDbText
 73
2
  0
LWPOLYLINE
  5
72E
330
17
100
AcDbEntity
  8
PLAN-CORTE-DESPERDICIO
100
AcDbPolyline
 90
4
 70
1
 10
496.8867
 20
-99.8664
 10
497.4827
 20
-99.8664
 10
497.4827
 20
-99.8184
 10
496.8867
 20
-99.8184
  0
LWPOLYLINE
  5
72F
330
17
100
AcDbEntity
  8
PLAN-CORTE-PIEZAS-A-ABRIR
100
AcDbPolyline
 90
4
 70
1
 10
497.9327
 20
-101.0124
 10
498.5287
 20
-101.0124
 10
498.5287
 20
-99.8184
 10
497.9327
 20
-99.8184
  0
TEXT
  5
730
330
17
100
AcDbEntity
  8
PLAN-CORTE-TEXTOS
100
AcDbText
 10
498.2307
 20
-99.6784
 30
0.0
 40
0.06
  1
M-53
 72
1
 11
498.2307
 21
-99.6784
 31
0.0
100
AcDbText
 73
2
  0
LWPOLYLINE
  5
731
330
17
100
AcDbEntity
  8
PLAN-CORTE-RECORTES
100
AcDbPolyline
 90
4
 70
1
 10
497.9327
 20
-101.0124
 10
498.2167
 20
-101.0124
 10
498.2167
 20
-99.8184
 10
497.9327
 20
-99.8184
  0
TEXT
  5
732
330
17
100
AcDbEntity
  8
PLAN-CORTE-TEXTOS
100
AcDbText
 10
498.0747
 20
-100.4154
 30
0.0
 40
0.035
  1
PB-M-098
 50
90.0
 72
1
 11
498.0747
 21
-100.4154
 31
0.0
100
AcDbText
 73
2
  0
LWPOLYLINE
  5
733
330
17
100
AcDbEntity
  8
PLAN-CORTE-RECORTES
100
AcDbPolyline
 90
4
 70
1
 10
498.2167
 20
-101.0124
 10
498.5007
 20
-101.0124
 10
498.5007
 20
-99.8184
 10
498.2167
 20
-99.8184
  0
TEXT
  5
734
330
17
100
AcDbEntity
  8
PLAN-CORTE-TEXTOS
100
AcDbText
 10
498.3587
 20
-100.4154
 30
0.0
 40
0.035
  1
PB-M-113 (DE SOBRA DE PB-M-098)
 50
90.0
 72
1
 11
498.3587
 21
-100.4154
 31
0.0
100
AcDbText
 73
2
  0
LWPOLYLINE
  5
735
330
17
100
AcDbEntity
  8
PLAN-CORTE-DESPERDICIO
100
AcDbPolyline
 90
4
 70
1
 10
498.5007
 20
-101.0124
 10
498.5287
 20
-101.0124
 10
498.5287
 20
-99.8184
 10
498.5007
 20
-99.8184
  0
LWPOLYLINE
  5
736
330
17
100
AcDbEntity
  8
PLAN-CORTE-PIEZAS-A-ABRIR
100
AcDbPolyline
 90
4
 70
1
 10
498.9787
 20
-101.0124
 10
499.5747
 20
-101.0124
 10
499.5747
 20
-99.8184
 10
498.9787
 20
-99.8184
  0
TEXT
  5
737
330
17
100
AcDbEntity
  8
PLAN-CORTE-TEXTOS
100
AcDbText
 10
499.2767
 20
-99.6784
 30
0.0
 40
0.06
  1
M-54
 72
1
 11
499.2767
 21
-99.6784
 31
0.0
100
AcDbText
 73
2
  0
LWPOLYLINE
  5
738
330
17
100
AcDbEntity
  8
PLAN-CORTE-RECORTES
100
AcDbPolyline
 90
4
 70
1
 10
498.9787
 20
-101.0124
 10
499.5747
 20
-101.0124
 10
499.5747
 20
-99.8984
 10
498.9787
 20
-99.8984
  0
TEXT
  5
739
330
17
100
AcDbEntity
  8
PLAN-CORTE-TEXTOS
100
AcDbText
 10
499.2767
 20
-100.4554
 30
0.0
 40
0.035
  1
PB-M-027
 50
90.0
 72
1
 11
499.2767
 21
-100.4554
 31
0.0
100
AcDbText
 73
2
  0
LWPOLYLINE
  5
73A
330
17
100
AcDbEntity
  8
PLAN-CORTE-DESPERDICIO
100
AcDbPolyline
 90
4
 70
1
 10
498.9787
 20
-99.8984
 10
499.5747
 20
-99.8984
 10
499.5747
 20
-99.8184
 10
498.9787
 20
-99.8184
  0
LWPOLYLINE
  5
73B
330
17
100
AcDbEntity
  8
PLAN-CORTE-PIEZAS-A-ABRIR
100
AcDbPolyline
 90
4
 70
1
 10
500.0247
 20
-101.0124
 10
500.6207
 20
-101.0124
 10
500.6207
 20
-99.8184
 10
500.0247
 20
-99.8184
  0
TEXT
  5
73C
330
17
100
AcDbEntity
  8
PLAN-CORTE-TEXTOS
100
AcDbText
 10
500.3227
 20
-99.6784
 30
0.0
 40
0.06
  1
M-55
 72
1
 11
500.3227
 21
-99.6784
 31
0.0
100
AcDbText
 73
2
  0
LWPOLYLINE
  5
73D
330
17
100
AcDbEntity
  8
PLAN-CORTE-RECORTES
100
AcDbPolyline
 90
4
 70
1
 10
500.0247
 20
-101.0124
 10
500.6207
 20
-101.0124
 10
500.6207
 20
-99.8184
 10
500.0247
 20
-99.8184
  0
TEXT
  5
73E
330
17
100
AcDbEntity
  8
PLAN-CORTE-TEXTOS
100
AcDbText
 10
500.3227
 20
-100.4154
 30
0.0
 40
0.035
  1
PB-M-133
 50
90.0
 72
1
 11
500.3227
 21
-100.4154
 31
0.0
100
AcDbText
 73
2
  0
LWPOLYLINE
  5
73F
330
17
100
AcDbEntity
  8
PLAN-CORTE-PIEZAS-A-ABRIR
100
AcDbPolyline
 90
4
 70
1
 10
501.0707
 20
-101.0124
 10
501.6667
 20
-101.0124
 10
501.6667
 20
-99.8184
 10
501.0707
 20
-99.8184
  0
TEXT
  5
740
330
17
100
AcDbEntity
  8
PLAN-CORTE-TEXTOS
100
AcDbText
 10
501.3687
 20
-99.6784
 30
0.0
 40
0.06
  1
M-56
 72
1
 11
501.3687
 21
-99.6784
 31
0.0
100
AcDbText
 73
2
  0
LWPOLYLINE
  5
741
330
17
100
AcDbEntity
  8
PLAN-CORTE-RECORTES
100
AcDbPolyline
 90
4
 70
1
 10
501.0707
 20
-101.0124
 10
501.6667
 20
-101.0124
 10
501.6667
 20
-99.8664
 10
501.0707
 20
-99.8664
  0
TEXT
  5
742
330
17
100
AcDbEntity
  8
PLAN-CORTE-TEXTOS
100
AcDbText
 10
501.3687
 20
-100.4394
 30
0.0
 40
0.035
  1
PB-M-036
 50
90.0
 72
1
 11
501.3687
 21
-100.4394
 31
0.0
100
AcDbText
 73
2
  0
LWPOLYLINE
  5
743
330
17
100
AcDbEntity
  8
PLAN-CORTE-DESPERDICIO
100
AcDbPolyline
 90
4
 70
1
 10
501.0707
 20
-99.8664
 10
501.6667
 20
-99.8664
 10
501.6667
 20
-99.8184
 10
501.0707
 20
-99.8184
  0
LWPOLYLINE
  5
744
330
17
100
AcDbEntity
  8
PLAN-CORTE-PIEZAS-A-ABRIR
100
AcDbPolyline
 90
4
 70
1
 10
502.11670000000004
 20
-101.0124
 10
502.71270000000004
 20
-101.0124
 10
502.71270000000004
 20
-99.8184
 10
502.11670000000004
 20
-99.8184
  0
TEXT
  5
745
330
17
100
AcDbEntity
  8
PLAN-CORTE-TEXTOS
100
AcDbText
 10
502.41470000000004
 20
-99.6784
 30
0.0
 40
0.06
  1
M-57
 72
1
 11
502.41470000000004
 21
-99.6784
 31
0.0
100
AcDbText
 73
2
  0
LWPOLYLINE
  5
746
330
17
100
AcDbEntity
  8
PLAN-CORTE-RECORTES
100
AcDbPolyline
 90
4
 70
1
 10
502.11670000000004
 20
-101.0124
 10
502.71270000000004
 20
-101.0124
 10
502.71270000000004
 20
-99.8984
 10
502.11670000000004
 20
-99.8984
  0
TEXT
  5
747
330
17
100
AcDbEntity
  8
PLAN-CORTE-TEXTOS
100
AcDbText
 10
502.41470000000004
 20
-100.4554
 30
0.0
 40
0.035
  1
PB-M-026
 50
90.0
 72
1
 11
502.41470000000004
 21
-100.4554
 31
0.0
100
AcDbText
 73
2
  0
LWPOLYLINE
  5
748
330
17
100
AcDbEntity
  8
PLAN-CORTE-DESPERDICIO
100
AcDbPolyline
 90
4
 70
1
 10
502.11670000000004
 20
-99.8984
 10
502.71270000000004
 20
-99.8984
 10
502.71270000000004
 20
-99.8184
 10
502.11670000000004
 20
-99.8184
  0
LWPOLYLINE
  5
749
330
17
100
AcDbEntity
  8
PLAN-CORTE-PIEZAS-A-ABRIR
100
AcDbPolyline
 90
4
 70
1
 10
503.16270000000003
 20
-101.0124
 10
503.75870000000003
 20
-101.0124
 10
503.75870000000003
 20
-99.8184
 10
503.16270000000003
 20
-99.8184
  0
TEXT
  5
74A
330
17
100
AcDbEntity
  8
PLAN-CORTE-TEXTOS
100
AcDbText
 10
503.46070000000003
 20
-99.6784
 30
0.0
 40
0.06
  1
M-58
 72
1
 11
503.46070000000003
 21
-99.6784
 31
0.0
100
AcDbText
 73
2
  0
LWPOLYLINE
  5
74B
330
17
100
AcDbEntity
  8
PLAN-CORTE-RECORTES
100
AcDbPolyline
 90
4
 70
1
 10
503.16270000000003
 20
-101.0124
 10
503.75870000000003
 20
-101.0124
 10
503.75870000000003
 20
-99.8984
 10
503.16270000000003
 20
-99.8984
  0
TEXT
  5
74C
330
17
100
AcDbEntity
  8
PLAN-CORTE-TEXTOS
100
AcDbText
 10
503.46070000000003
 20
-100.4554
 30
0.0
 40
0.035
  1
PB-M-025
 50
90.0
 72
1
 11
503.46070000000003
 21
-100.4554
 31
0.0
100
AcDbText
 73
2
  0
LWPOLYLINE
  5
74D
330
17
100
AcDbEntity
  8
PLAN-CORTE-DESPERDICIO
100
AcDbPolyline
 90
4
 70
1
 10
503.16270000000003
 20
-99.8984
 10
503.75870000000003
 20
-99.8984
 10
503.75870000000003
 20
-99.8184
 10
503.16270000000003
 20
-99.8184
  0
LWPOLYLINE
  5
74E
330
17
100
AcDbEntity
  8
PLAN-CORTE-PIEZAS-A-ABRIR
100
AcDbPolyline
 90
4
 70
1
 10
504.2087
 20
-101.0124
 10
504.8047
 20
-101.0124
 10
504.8047
 20
-99.8184
 10
504.2087
 20
-99.8184
  0
TEXT
  5
74F
330
17
100
AcDbEntity
  8
PLAN-CORTE-TEXTOS
100
AcDbText
 10
504.5067
 20
-99.6784
 30
0.0
 40
0.06
  1
M-59
 72
1
 11
504.5067
 21
-99.6784
 31
0.0
100
AcDbText
 73
2
  0
LWPOLYLINE
  5
750
330
17
100
AcDbEntity
  8
PLAN-CORTE-RECORTES
100
AcDbPolyline
 90
4
 70
1
 10
504.2087
 20
-101.0124
 10
504.8047
 20
-101.0124
 10
504.8047
 20
-99.8664
 10
504.2087
 20
-99.8664
  0
TEXT
  5
751
330
17
100
AcDbEntity
  8
PLAN-CORTE-TEXTOS
100
AcDbText
 10
504.5067
 20
-100.4394
 30
0.0
 40
0.035
  1
PB-M-035
 50
90.0
 72
1
 11
504.5067
 21
-100.4394
 31
0.0
100
AcDbText
 73
2
  0
LWPOLYLINE
  5
752
330
17
100
AcDbEntity
  8
PLAN-CORTE-DESPERDICIO
100
AcDbPolyline
 90
4
 70
1
 10
504.2087
 20
-99.8664
 10
504.8047
 20
-99.8664
 10
504.8047
 20
-99.8184
 10
504.2087
 20
-99.8184
  0
LWPOLYLINE
  5
753
330
17
100
AcDbEntity
  8
PLAN-CORTE-PIEZAS-A-ABRIR
100
AcDbPolyline
 90
4
 70
1
 10
505.2547
 20
-101.0124
 10
505.8507
 20
-101.0124
 10
505.8507
 20
-99.8184
 10
505.2547
 20
-99.8184
  0
TEXT
  5
754
330
17
100
AcDbEntity
  8
PLAN-CORTE-TEXTOS
100
AcDbText
 10
505.5527
 20
-99.6784
 30
0.0
 40
0.06
  1
M-60
 72
1
 11
505.5527
 21
-99.6784
 31
0.0
100
AcDbText
 73
2
  0
LWPOLYLINE
  5
755
330
17
100
AcDbEntity
  8
PLAN-CORTE-RECORTES
100
AcDbPolyline
 90
4
 70
1
 10
505.2547
 20
-101.0124
 10
505.8507
 20
-101.0124
 10
505.8507
 20
-99.8184
 10
505.2547
 20
-99.8184
  0
TEXT
  5
756
330
17
100
AcDbEntity
  8
PLAN-CORTE-TEXTOS
100
AcDbText
 10
505.5527
 20
-100.4154
 30
0.0
 40
0.035
  1
PB-M-147
 50
90.0
 72
1
 11
505.5527
 21
-100.4154
 31
0.0
100
AcDbText
 73
2
  0
LWPOLYLINE
  5
757
330
17
100
AcDbEntity
  8
PLAN-CORTE-PIEZAS-A-ABRIR
100
AcDbPolyline
 90
4
 70
1
 10
506.3007
 20
-101.0124
 10
506.8967
 20
-101.0124
 10
506.8967
 20
-99.8184
 10
506.3007
 20
-99.8184
  0
TEXT
  5
758
330
17
100
AcDbEntity
  8
PLAN-CORTE-TEXTOS
100
AcDbText
 10
506.5987
 20
-99.6784
 30
0.0
 40
0.06
  1
M-61
 72
1
 11
506.5987
 21
-99.6784
 31
0.0
100
AcDbText
 73
2
  0
LWPOLYLINE
  5
759
330
17
100
AcDbEntity
  8
PLAN-CORTE-RECORTES
100
AcDbPolyline
 90
4
 70
1
 10
506.3007
 20
-101.0124
 10
506.8967
 20
-101.0124
 10
506.8967
 20
-99.8984
 10
506.3007
 20
-99.8984
  0
TEXT
  5
75A
330
17
100
AcDbEntity
  8
PLAN-CORTE-TEXTOS
100
AcDbText
 10
506.5987
 20
-100.4554
 30
0.0
 40
0.035
  1
PB-M-024
 50
90.0
 72
1
 11
506.5987
 21
-100.4554
 31
0.0
100
AcDbText
 73
2
  0
LWPOLYLINE
  5
75B
330
17
100
AcDbEntity
  8
PLAN-CORTE-DESPERDICIO
100
AcDbPolyline
 90
4
 70
1
 10
506.3007
 20
-99.8984
 10
506.8967
 20
-99.8984
 10
506.8967
 20
-99.8184
 10
506.3007
 20
-99.8184
  0
LWPOLYLINE
  5
75C
330
17
100
AcDbEntity
  8
PLAN-CORTE-PIEZAS-A-ABRIR
100
AcDbPolyline
 90
4
 70
1
 10
507.3467
 20
-101.0124
 10
507.9427
 20
-101.0124
 10
507.9427
 20
-99.8184
 10
507.3467
 20
-99.8184
  0
TEXT
  5
75D
330
17
100
AcDbEntity
  8
PLAN-CORTE-TEXTOS
100
AcDbText
 10
507.6447
 20
-99.6784
 30
0.0
 40
0.06
  1
M-62
 72
1
 11
507.6447
 21
-99.6784
 31
0.0
100
AcDbText
 73
2
  0
LWPOLYLINE
  5
75E
330
17
100
AcDbEntity
  8
PLAN-CORTE-RECORTES
100
AcDbPolyline
 90
4
 70
1
 10
507.3467
 20
-101.0124
 10
507.9427
 20
-101.0124
 10
507.9427
 20
-99.9264
 10
507.3467
 20
-99.9264
  0
TEXT
  5
75F
330
17
100
AcDbEntity
  8
PLAN-CORTE-TEXTOS
100
AcDbText
 10
507.6447
 20
-100.4694
 30
0.0
 40
0.035
  1
PB-M-040
 50
90.0
 72
1
 11
507.6447
 21
-100.4694
 31
0.0
100
AcDbText
 73
2
  0
LWPOLYLINE
  5
760
330
17
100
AcDbEntity
  8
PLAN-CORTE-SOBRANTES
100
AcDbPolyline
 90
4
 70
1
 10
507.3467
 20
-99.9264
 10
507.9427
 20
-99.9264
 10
507.9427
 20
-99.8184
 10
507.3467
 20
-99.8184
  0
TEXT
  5
761
330
17
100
AcDbEntity
  8
PLAN-CORTE-TEXTOS
100
AcDbText
 10
507.6447
 20
-99.8724
 30
0.0
 40
0.028380952380952378
  1
SOBRA 0.596x0.108 -> GUARDAR
 72
1
 11
507.6447
 21
-99.8724
 31
0.0
100
AcDbText
 73
2
  0
LWPOLYLINE
  5
762
330
17
100
AcDbEntity
  8
PLAN-CORTE-PIEZAS-A-ABRIR
100
AcDbPolyline
 90
4
 70
1
 10
508.3927
 20
-101.0124
 10
508.9887
 20
-101.0124
 10
508.9887
 20
-99.8184
 10
508.3927
 20
-99.8184
  0
TEXT
  5
763
330
17
100
AcDbEntity
  8
PLAN-CORTE-TEXTOS
100
AcDbText
 10
508.6907
 20
-99.6784
 30
0.0
 40
0.06
  1
M-63
 72
1
 11
508.6907
 21
-99.6784
 31
0.0
100
AcDbText
 73
2
  0
LWPOLYLINE
  5
764
330
17
100
AcDbEntity
  8
PLAN-CORTE-RECORTES
100
AcDbPolyline
 90
4
 70
1
 10
508.3927
 20
-101.0124
 10
508.9887
 20
-101.0124
 10
508.9887
 20
-99.9384
 10
508.3927
 20
-99.9384
  0
TEXT
  5
765
330
17
100
AcDbEntity
  8
PLAN-CORTE-TEXTOS
100
AcDbText
 10
508.6907
 20
-100.4754
 30
0.0
 40
0.035
  1
PB-M-015
 50
90.0
 72
1
 11
508.6907
 21
-100.4754
 31
0.0
100
AcDbText
 73
2
  0
LWPOLYLINE
  5
766
330
17
100
AcDbEntity
  8
PLAN-CORTE-SOBRANTES
100
AcDbPolyline
 90
4
 70
1
 10
508.3927
 20
-99.9384
 10
508.9887
 20
-99.9384
 10
508.9887
 20
-99.8184
 10
508.3927
 20
-99.8184
  0
TEXT
  5
767
330
17
100
AcDbEntity
  8
PLAN-CORTE-TEXTOS
100
AcDbText
 10
508.6907
 20
-99.8784
 30
0.0
 40
0.029432098765432096
  1
SOBRA 0.596x0.12 -> GUARDAR
 72
1
 11
508.6907
 21
-99.8784
 31
0.0
100
AcDbText
 73
2
  0
LWPOLYLINE
  5
768
330
17
100
AcDbEntity
  8
PLAN-CORTE-PIEZAS-A-ABRIR
100
AcDbPolyline
 90
4
 70
1
 10
509.43870000000004
 20
-101.0124
 10
510.03470000000004
 20
-101.0124
 10
510.03470000000004
 20
-99.8184
 10
509.43870000000004
 20
-99.8184
  0
TEXT
  5
769
330
17
100
AcDbEntity
  8
PLAN-CORTE-TEXTOS
100
AcDbText
 10
509.73670000000004
 20
-99.6784
 30
0.0
 40
0.06
  1
M-64
 72
1
 11
509.73670000000004
 21
-99.6784
 31
0.0
100
AcDbText
 73
2
  0
LWPOLYLINE
  5
76A
330
17
100
AcDbEntity
  8
PLAN-CORTE-RECORTES
100
AcDbPolyline
 90
4
 70
1
 10
509.43870000000004
 20
-101.0124
 10
510.03470000000004
 20
-101.0124
 10
510.03470000000004
 20
-99.8664
 10
509.43870000000004
 20
-99.8664
  0
TEXT
  5
76B
330
17
100
AcDbEntity
  8
PLAN-CORTE-TEXTOS
100
AcDbText
 10
509.73670000000004
 20
-100.4394
 30
0.0
 40
0.035
  1
PB-M-034
 50
90.0
 72
1
 11
509.73670000000004
 21
-100.4394
 31
0.0
100
AcDbText
 73
2
  0
LWPOLYLINE
  5
76C
330
17
100
AcDbEntity
  8
PLAN-CORTE-DESPERDICIO
100
AcDbPolyline
 90
4
 70
1
 10
509.43870000000004
 20
-99.8664
 10
510.03470000000004
 20
-99.8664
 10
510.03470000000004
 20
-99.8184
 10
509.43870000000004
 20
-99.8184
  0
LWPOLYLINE
  5
76D
330
17
100
AcDbEntity
  8
PLAN-CORTE-PIEZAS-A-ABRIR
100
AcDbPolyline
 90
4
 70
1
 10
510.48470000000003
 20
-101.0124
 10
511.08070000000004
 20
-101.0124
 10
511.08070000000004
 20
-99.8184
 10
510.48470000000003
 20
-99.8184
  0
TEXT
  5
76E
330
17
100
AcDbEntity
  8
PLAN-CORTE-TEXTOS
100
AcDbText
 10
510.78270000000003
 20
-99.6784
 30
0.0
 40
0.06
  1
M-65
 72
1
 11
510.78270000000003
 21
-99.6784
 31
0.0
100
AcDbText
 73
2
  0
LWPOLYLINE
  5
76F
330
17
100
AcDbEntity
  8
PLAN-CORTE-RECORTES
100
AcDbPolyline
 90
4
 70
1
 10
510.48470000000003
 20
-101.0124
 10
511.08070000000004
 20
-101.0124
 10
511.08070000000004
 20
-99.8984
 10
510.48470000000003
 20
-99.8984
  0
TEXT
  5
770
330
17
100
AcDbEntity
  8
PLAN-CORTE-TEXTOS
100
AcDbText
 10
510.78270000000003
 20
-100.4554
 30
0.0
 40
0.035
  1
PB-M-023
 50
90.0
 72
1
 11
510.78270000000003
 21
-100.4554
 31
0.0
100
AcDbText
 73
2
  0
LWPOLYLINE
  5
771
330
17
100
AcDbEntity
  8
PLAN-CORTE-DESPERDICIO
100
AcDbPolyline
 90
4
 70
1
 10
510.48470000000003
 20
-99.8984
 10
511.08070000000004
 20
-99.8984
 10
511.08070000000004
 20
-99.8184
 10
510.48470000000003
 20
-99.8184
  0
LWPOLYLINE
  5
772
330
17
100
AcDbEntity
  8
PLAN-CORTE-PIEZAS-A-ABRIR
100
AcDbPolyline
 90
4
 70
1
 10
511.5307
 20
-101.0124
 10
512.1267
 20
-101.0124
 10
512.1267
 20
-99.8184
 10
511.5307
 20
-99.8184
  0
TEXT
  5
773
330
17
100
AcDbEntity
  8
PLAN-CORTE-TEXTOS
100
AcDbText
 10
511.8287
 20
-99.6784
 30
0.0
 40
0.06
  1
M-66
 72
1
 11
511.8287
 21
-99.6784
 31
0.0
100
AcDbText
 73
2
  0
LWPOLYLINE
  5
774
330
17
100
AcDbEntity
  8
PLAN-CORTE-RECORTES
100
AcDbPolyline
 90
4
 70
1
 10
511.5307
 20
-101.0124
 10
512.1267
 20
-101.0124
 10
512.1267
 20
-99.8664
 10
511.5307
 20
-99.8664
  0
TEXT
  5
775
330
17
100
AcDbEntity
  8
PLAN-CORTE-TEXTOS
100
AcDbText
 10
511.8287
 20
-100.4394
 30
0.0
 40
0.035
  1
PB-M-033
 50
90.0
 72
1
 11
511.8287
 21
-100.4394
 31
0.0
100
AcDbText
 73
2
  0
LWPOLYLINE
  5
776
330
17
100
AcDbEntity
  8
PLAN-CORTE-DESPERDICIO
100
AcDbPolyline
 90
4
 70
1
 10
511.5307
 20
-99.8664
 10
512.1267
 20
-99.8664
 10
512.1267
 20
-99.8184
 10
511.5307
 20
-99.8184
  0
LWPOLYLINE
  5
777
330
17
100
AcDbEntity
  8
PLAN-CORTE-PIEZAS-A-ABRIR
100
AcDbPolyline
 90
4
 70
1
 10
489.5647
 20
-102.90639999999999
 10
490.1607
 20
-102.90639999999999
 10
490.1607
 20
-101.71239999999999
 10
489.5647
 20
-101.71239999999999
  0
TEXT
  5
778
330
17
100
AcDbEntity
  8
PLAN-CORTE-TEXTOS
100
AcDbText
 10
489.8627
 20
-101.57239999999999
 30
0.0
 40
0.06
  1
M-67
 72
1
 11
489.8627
 21
-101.57239999999999
 31
0.0
100
AcDbText
 73
2
  0
LWPOLYLINE
  5
779
330
17
100
AcDbEntity
  8
PLAN-CORTE-RECORTES
100
AcDbPolyline
 90
4
 70
1
 10
489.5647
 20
-102.90639999999999
 10
490.1607
 20
-102.90639999999999
 10
490.1607
 20
-101.8984
 10
489.5647
 20
-101.8984
  0
TEXT
  5
77A
330
17
100
AcDbEntity
  8
PLAN-CORTE-TEXTOS
100
AcDbText
 10
489.8627
 20
-102.40239999999999
 30
0.0
 40
0.035
  1
PB-M-144
 50
90.0
 72
1
 11
489.8627
 21
-102.40239999999999
 31
0.0
100
AcDbText
 73
2
  0
LWPOLYLINE
  5
77B
330
17
100
AcDbEntity
  8
PLAN-CORTE-SOBRANTES
100
AcDbPolyline
 90
4
 70
1
 10
489.5647
 20
-101.8984
 10
490.1607
 20
-101.8984
 10
490.1607
 20
-101.7124
 10
489.5647
 20
-101.7124
  0
TEXT
  5
77C
330
17
100
AcDbEntity
  8
PLAN-CORTE-TEXTOS
100
AcDbText
 10
489.8627
 20
-101.80539999999999
 30
0.0
 40
0.028380952380952378
  1
SOBRA 0.596x0.186 -> GUARDAR
 72
1
 11
489.8627
 21
-101.80539999999999
 31
0.0
100
AcDbText
 73
2
  0
LWPOLYLINE
  5
77D
330
17
100
AcDbEntity
  8
PLAN-CORTE-PIEZAS-A-ABRIR
100
AcDbPolyline
 90
4
 70
1
 10
490.6107
 20
-102.90639999999999
 10
491.2067
 20
-102.90639999999999
 10
491.2067
 20
-101.71239999999999
 10
490.6107
 20
-101.71239999999999
  0
TEXT
  5
77E
330
17
100
AcDbEntity
  8
PLAN-CORTE-TEXTOS
100
AcDbText
 10
490.9087
 20
-101.57239999999999
 30
0.0
 40
0.06
  1
M-68
 72
1
 11
490.9087
 21
-101.57239999999999
 31
0.0
100
AcDbText
 73
2
  0
LWPOLYLINE
  5
77F
330
17
100
AcDbEntity
  8
PLAN-CORTE-RECORTES
100
AcDbPolyline
 90
4
 70
1
 10
490.6107
 20
-102.90639999999999
 10
491.2067
 20
-102.90639999999999
 10
491.2067
 20
-101.79239999999999
 10
490.6107
 20
-101.79239999999999
  0
TEXT
  5
780
330
17
100
AcDbEntity
  8
PLAN-CORTE-TEXTOS
100
AcDbText
 10
490.9087
 20
-102.34939999999999
 30
0.0
 40
0.035
  1
PB-M-022
 50
90.0
 72
1
 11
490.9087
 21
-102.34939999999999
 31
0.0
100
AcDbText
 73
2
  0
LWPOLYLINE
  5
781
330
17
100
AcDbEntity
  8
PLAN-CORTE-DESPERDICIO
100
AcDbPolyline
 90
4
 70
1
 10
490.6107
 20
-101.79239999999999
 10
491.2067
 20
-101.79239999999999
 10
491.2067
 20
-101.71239999999999
 10
490.6107
 20
-101.71239999999999
  0
LWPOLYLINE
  5
782
330
17
100
AcDbEntity
  8
PLAN-CORTE-PIEZAS-A-ABRIR
100
AcDbPolyline
 90
4
 70
1
 10
491.6567
 20
-102.90639999999999
 10
492.2527
 20
-102.90639999999999
 10
492.2527
 20
-101.71239999999999
 10
491.6567
 20
-101.71239999999999
  0
TEXT
  5
783
330
17
100
AcDbEntity
  8
PLAN-CORTE-TEXTOS
100
AcDbText
 10
491.9547
 20
-101.57239999999999
 30
0.0
 40
0.06
  1
M-69
 72
1
 11
491.9547
 21
-101.57239999999999
 31
0.0
100
AcDbText
 73
2
  0
LWPOLYLINE
  5
784
330
17
100
AcDbEntity
  8
PLAN-CORTE-RECORTES
100
AcDbPolyline
 90
4
 70
1
 10
491.6567
 20
-102.90639999999999
 10
492.2527
 20
-102.90639999999999
 10
492.2527
 20
-101.76039999999999
 10
491.6567
 20
-101.76039999999999
  0
TEXT
  5
785
330
17
100
AcDbEntity
  8
PLAN-CORTE-TEXTOS
100
AcDbText
 10
491.9547
 20
-102.3334
 30
0.0
 40
0.035
  1
PB-M-032
 50
90.0
 72
1
 11
491.9547
 21
-102.3334
 31
0.0
100
AcDbText
 73
2
  0
LWPOLYLINE
  5
786
330
17
100
AcDbEntity
  8
PLAN-CORTE-DESPERDICIO
100
AcDbPolyline
 90
4
 70
1
 10
491.6567
 20
-101.76039999999999
 10
492.2527
 20
-101.76039999999999
 10
492.2527
 20
-101.71239999999999
 10
491.6567
 20
-101.71239999999999
  0
LWPOLYLINE
  5
787
330
17
100
AcDbEntity
  8
PLAN-CORTE-PIEZAS-A-ABRIR
100
AcDbPolyline
 90
4
 70
1
 10
492.7027
 20
-102.90639999999999
 10
493.2987
 20
-102.90639999999999
 10
493.2987
 20
-101.71239999999999
 10
492.7027
 20
-101.71239999999999
  0
TEXT
  5
788
330
17
100
AcDbEntity
  8
PLAN-CORTE-TEXTOS
100
AcDbText
 10
493.0007
 20
-101.57239999999999
 30
0.0
 40
0.06
  1
M-70
 72
1
 11
493.0007
 21
-101.57239999999999
 31
0.0
100
AcDbText
 73
2
  0
LWPOLYLINE
  5
789
330
17
100
AcDbEntity
  8
PLAN-CORTE-RECORTES
100
AcDbPolyline
 90
4
 70
1
 10
492.7027
 20
-102.90639999999999
 10
493.2987
 20
-102.90639999999999
 10
493.2987
 20
-101.8984
 10
492.7027
 20
-101.8984
  0
TEXT
  5
78A
330
17
100
AcDbEntity
  8
PLAN-CORTE-TEXTOS
100
AcDbText
 10
493.0007
 20
-102.40239999999999
 30
0.0
 40
0.035
  1
PB-M-143
 50
90.0
 72
1
 11
493.0007
 21
-102.40239999999999
 31
0.0
100
AcDbText
 73
2
  0
LWPOLYLINE
  5
78B
330
17
100
AcDbEntity
  8
PLAN-CORTE-SOBRANTES
100
AcDbPolyline
 90
4
 70
1
 10
492.7027
 20
-101.8984
 10
493.2987
 20
-101.8984
 10
493.2987
 20
-101.7124
 10
492.7027
 20
-101.7124
  0
TEXT
  5
78C
330
17
100
AcDbEntity
  8
PLAN-CORTE-TEXTOS
100
AcDbText
 10
493.0007
 20
-101.80539999999999
 30
0.0
 40
0.028380952380952378
  1
SOBRA 0.596x0.186 -> GUARDAR
 72
1
 11
493.0007
 21
-101.80539999999999
 31
0.0
100
AcDbText
 73
2
  0
LWPOLYLINE
  5
78D
330
17
100
AcDbEntity
  8
PLAN-CORTE-PIEZAS-A-ABRIR
100
AcDbPolyline
 90
4
 70
1
 10
493.74870000000004
 20
-102.90639999999999
 10
494.34470000000005
 20
-102.90639999999999
 10
494.34470000000005
 20
-101.71239999999999
 10
493.74870000000004
 20
-101.71239999999999
  0
TEXT
  5
78E
330
17
100
AcDbEntity
  8
PLAN-CORTE-TEXTOS
100
AcDbText
 10
494.04670000000004
 20
-101.57239999999999
 30
0.0
 40
0.06
  1
M-71
 72
1
 11
494.04670000000004
 21
-101.57239999999999
 31
0.0
100
AcDbText
 73
2
  0
LWPOLYLINE
  5
78F
330
17
100
AcDbEntity
  8
PLAN-CORTE-RECORTES
100
AcDbPolyline
 90
4
 70
1
 10
493.74870000000004
 20
-102.90639999999999
 10
494.34470000000005
 20
-102.90639999999999
 10
494.34470000000005
 20
-101.79239999999999
 10
493.74870000000004
 20
-101.79239999999999
  0
TEXT
  5
790
330
17
100
AcDbEntity
  8
PLAN-CORTE-TEXTOS
100
AcDbText
 10
494.04670000000004
 20
-102.34939999999999
 30
0.0
 40
0.035
  1
PB-M-021
 50
90.0
 72
1
 11
494.04670000000004
 21
-102.34939999999999
 31
0.0
100
AcDbText
 73
2
  0
LWPOLYLINE
  5
791
330
17
100
AcDbEntity
  8
PLAN-CORTE-DESPERDICIO
100
AcDbPolyline
 90
4
 70
1
 10
493.74870000000004
 20
-101.79239999999999
 10
494.34470000000005
 20
-101.79239999999999
 10
494.34470000000005
 20
-101.71239999999999
 10
493.74870000000004
 20
-101.71239999999999
  0
LWPOLYLINE
  5
792
330
17
100
AcDbEntity
  8
PLAN-CORTE-PIEZAS-A-ABRIR
100
AcDbPolyline
 90
4
 70
1
 10
494.79470000000003
 20
-102.90639999999999
 10
495.39070000000004
 20
-102.90639999999999
 10
495.39070000000004
 20
-101.71239999999999
 10
494.79470000000003
 20
-101.71239999999999
  0
TEXT
  5
793
330
17
100
AcDbEntity
  8
PLAN-CORTE-TEXTOS
100
AcDbText
 10
495.09270000000004
 20
-101.57239999999999
 30
0.0
 40
0.06
  1
M-72
 72
1
 11
495.09270000000004
 21
-101.57239999999999
 31
0.0
100
AcDbText
 73
2
  0
LWPOLYLINE
  5
794
330
17
100
AcDbEntity
  8
PLAN-CORTE-RECORTES
100
AcDbPolyline
 90
4
 70
1
 10
494.79470000000003
 20
-102.90639999999999
 10
495.39070000000004
 20
-102.90639999999999
 10
495.39070000000004
 20
-101.76039999999999
 10
494.79470000000003
 20
-101.76039999999999
  0
TEXT
  5
795
330
17
100
AcDbEntity
  8
PLAN-CORTE-TEXTOS
100
AcDbText
 10
495.09270000000004
 20
-102.3334
 30
0.0
 40
0.035
  1
PB-M-031
 50
90.0
 72
1
 11
495.09270000000004
 21
-102.3334
 31
0.0
100
AcDbText
 73
2
  0
LWPOLYLINE
  5
796
330
17
100
AcDbEntity
  8
PLAN-CORTE-DESPERDICIO
100
AcDbPolyline
 90
4
 70
1
 10
494.79470000000003
 20
-101.76039999999999
 10
495.39070000000004
 20
-101.76039999999999
 10
495.39070000000004
 20
-101.71239999999999
 10
494.79470000000003
 20
-101.71239999999999
  0
LWPOLYLINE
  5
797
330
17
100
AcDbEntity
  8
PLAN-CORTE-PIEZAS-A-ABRIR
100
AcDbPolyline
 90
4
 70
1
 10
495.8407
 20
-102.90639999999999
 10
496.43670000000003
 20
-102.90639999999999
 10
496.43670000000003
 20
-101.71239999999999
 10
495.8407
 20
-101.71239999999999
  0
TEXT
  5
798
330
17
100
AcDbEntity
  8
PLAN-CORTE-TEXTOS
100
AcDbText
 10
496.13870000000003
 20
-101.57239999999999
 30
0.0
 40
0.06
  1
M-73
 72
1
 11
496.13870000000003
 21
-101.57239999999999
 31
0.0
100
AcDbText
 73
2
  0
LWPOLYLINE
  5
799
330
17
100
AcDbEntity
  8
PLAN-CORTE-RECORTES
100
AcDbPolyline
 90
4
 70
1
 10
495.8407
 20
-102.90639999999999
 10
496.43670000000003
 20
-102.90639999999999
 10
496.43670000000003
 20
-101.8984
 10
495.8407
 20
-101.8984
  0
TEXT
  5
79A
330
17
100
AcDbEntity
  8
PLAN-CORTE-TEXTOS
100
AcDbText
 10
496.13870000000003
 20
-102.40239999999999
 30
0.0
 40
0.035
  1
PB-M-142
 50
90.0
 72
1
 11
496.13870000000003
 21
-102.40239999999999
 31
0.0
100
AcDbText
 73
2
  0
LWPOLYLINE
  5
79B
330
17
100
AcDbEntity
  8
PLAN-CORTE-SOBRANTES
100
AcDbPolyline
 90
4
 70
1
 10
495.8407
 20
-101.8984
 10
496.43670000000003
 20
-101.8984
 10
496.43670000000003
 20
-101.7124
 10
495.8407
 20
-101.7124
  0
TEXT
  5
79C
330
17
100
AcDbEntity
  8
PLAN-CORTE-TEXTOS
100
AcDbText
 10
496.13870000000003
 20
-101.80539999999999
 30
0.0
 40
0.028380952380952378
  1
SOBRA 0.596x0.186 -> GUARDAR
 72
1
 11
496.13870000000003
 21
-101.80539999999999
 31
0.0
100
AcDbText
 73
2
  0
LWPOLYLINE
  5
79D
330
17
100
AcDbEntity
  8
PLAN-CORTE-PIEZAS-A-ABRIR
100
AcDbPolyline
 90
4
 70
1
 10
496.8867
 20
-102.90639999999999
 10
497.4827
 20
-102.90639999999999
 10
497.4827
 20
-101.71239999999999
 10
496.8867
 20
-101.71239999999999
  0
TEXT
  5
79E
330
17
100
AcDbEntity
  8
PLAN-CORTE-TEXTOS
100
AcDbText
 10
497.1847
 20
-101.57239999999999
 30
0.0
 40
0.06
  1
M-74
 72
1
 11
497.1847
 21
-101.57239999999999
 31
0.0
100
AcDbText
 73
2
  0
LWPOLYLINE
  5
79F
330
17
100
AcDbEntity
  8
PLAN-CORTE-RECORTES
100
AcDbPolyline
 90
4
 70
1
 10
496.8867
 20
-102.90639999999999
 10
497.4827
 20
-102.90639999999999
 10
497.4827
 20
-101.79239999999999
 10
496.8867
 20
-101.79239999999999
  0
TEXT
  5
7A0
330
17
100
AcDbEntity
  8
PLAN-CORTE-TEXTOS
100
AcDbText
 10
497.1847
 20
-102.34939999999999
 30
0.0
 40
0.035
  1
PB-M-020
 50
90.0
 72
1
 11
497.1847
 21
-102.34939999999999
 31
0.0
100
AcDbText
 73
2
  0
LWPOLYLINE
  5
7A1
330
17
100
AcDbEntity
  8
PLAN-CORTE-DESPERDICIO
100
AcDbPolyline
 90
4
 70
1
 10
496.8867
 20
-101.79239999999999
 10
497.4827
 20
-101.79239999999999
 10
497.4827
 20
-101.71239999999999
 10
496.8867
 20
-101.71239999999999
  0
LWPOLYLINE
  5
7A2
330
17
100
AcDbEntity
  8
PLAN-CORTE-PIEZAS-A-ABRIR
100
AcDbPolyline
 90
4
 70
1
 10
497.9327
 20
-102.90639999999999
 10
498.5287
 20
-102.90639999999999
 10
498.5287
 20
-101.71239999999999
 10
497.9327
 20
-101.71239999999999
  0
TEXT
  5
7A3
330
17
100
AcDbEntity
  8
PLAN-CORTE-TEXTOS
100
AcDbText
 10
498.2307
 20
-101.57239999999999
 30
0.0
 40
0.06
  1
M-75
 72
1
 11
498.2307
 21
-101.57239999999999
 31
0.0
100
AcDbText
 73
2
  0
LWPOLYLINE
  5
7A4
330
17
100
AcDbEntity
  8
PLAN-CORTE-RECORTES
100
AcDbPolyline
 90
4
 70
1
 10
497.9327
 20
-102.90639999999999
 10
498.5287
 20
-102.90639999999999
 10
498.5287
 20
-101.76039999999999
 10
497.9327
 20
-101.76039999999999
  0
TEXT
  5
7A5
330
17
100
AcDbEntity
  8
PLAN-CORTE-TEXTOS
100
AcDbText
 10
498.2307
 20
-102.3334
 30
0.0
 40
0.035
  1
PB-M-030
 50
90.0
 72
1
 11
498.2307
 21
-102.3334
 31
0.0
100
AcDbText
 73
2
  0
LWPOLYLINE
  5
7A6
330
17
100
AcDbEntity
  8
PLAN-CORTE-DESPERDICIO
100
AcDbPolyline
 90
4
 70
1
 10
497.9327
 20
-101.76039999999999
 10
498.5287
 20
-101.76039999999999
 10
498.5287
 20
-101.71239999999999
 10
497.9327
 20
-101.71239999999999
  0
LWPOLYLINE
  5
7A7
330
17
100
AcDbEntity
  8
PLAN-CORTE-PIEZAS-A-ABRIR
100
AcDbPolyline
 90
4
 70
1
 10
498.9787
 20
-102.90639999999999
 10
499.5747
 20
-102.90639999999999
 10
499.5747
 20
-101.71239999999999
 10
498.9787
 20
-101.71239999999999
  0
TEXT
  5
7A8
330
17
100
AcDbEntity
  8
PLAN-CORTE-TEXTOS
100
AcDbText
 10
499.2767
 20
-101.57239999999999
 30
0.0
 40
0.06
  1
M-76
 72
1
 11
499.2767
 21
-101.57239999999999
 31
0.0
100
AcDbText
 73
2
  0
LWPOLYLINE
  5
7A9
330
17
100
AcDbEntity
  8
PLAN-CORTE-RECORTES
100
AcDbPolyline
 90
4
 70
1
 10
498.9787
 20
-102.90639999999999
 10
499.5747
 20
-102.90639999999999
 10
499.5747
 20
-101.8984
 10
498.9787
 20
-101.8984
  0
TEXT
  5
7AA
330
17
100
AcDbEntity
  8
PLAN-CORTE-TEXTOS
100
AcDbText
 10
499.2767
 20
-102.40239999999999
 30
0.0
 40
0.035
  1
PB-M-141
 50
90.0
 72
1
 11
499.2767
 21
-102.40239999999999
 31
0.0
100
AcDbText
 73
2
  0
LWPOLYLINE
  5
7AB
330
17
100
AcDbEntity
  8
PLAN-CORTE-SOBRANTES
100
AcDbPolyline
 90
4
 70
1
 10
498.9787
 20
-101.8984
 10
499.5747
 20
-101.8984
 10
499.5747
 20
-101.7124
 10
498.9787
 20
-101.7124
  0
TEXT
  5
7AC
330
17
100
AcDbEntity
  8
PLAN-CORTE-TEXTOS
100
AcDbText
 10
499.2767
 20
-101.80539999999999
 30
0.0
 40
0.028380952380952378
  1
SOBRA 0.596x0.186 -> GUARDAR
 72
1
 11
499.2767
 21
-101.80539999999999
 31
0.0
100
AcDbText
 73
2
  0
LWPOLYLINE
  5
7AD
330
17
100
AcDbEntity
  8
PLAN-CORTE-PIEZAS-A-ABRIR
100
AcDbPolyline
 90
4
 70
1
 10
500.0247
 20
-102.90639999999999
 10
500.6207
 20
-102.90639999999999
 10
500.6207
 20
-101.71239999999999
 10
500.0247
 20
-101.71239999999999
  0
TEXT
  5
7AE
330
17
100
AcDbEntity
  8
PLAN-CORTE-TEXTOS
100
AcDbText
 10
500.3227
 20
-101.57239999999999
 30
0.0
 40
0.06
  1
M-77
 72
1
 11
500.3227
 21
-101.57239999999999
 31
0.0
100
AcDbText
 73
2
  0
LWPOLYLINE
  5
7AF
330
17
100
AcDbEntity
  8
PLAN-CORTE-RECORTES
100
AcDbPolyline
 90
4
 70
1
 10
500.0247
 20
-102.90639999999999
 10
500.6207
 20
-102.90639999999999
 10
500.6207
 20
-101.79239999999999
 10
500.0247
 20
-101.79239999999999
  0
TEXT
  5
7B0
330
17
100
AcDbEntity
  8
PLAN-CORTE-TEXTOS
100
AcDbText
 10
500.3227
 20
-102.34939999999999
 30
0.0
 40
0.035
  1
PB-M-019
 50
90.0
 72
1
 11
500.3227
 21
-102.34939999999999
 31
0.0
100
AcDbText
 73
2
  0
LWPOLYLINE
  5
7B1
330
17
100
AcDbEntity
  8
PLAN-CORTE-DESPERDICIO
100
AcDbPolyline
 90
4
 70
1
 10
500.0247
 20
-101.79239999999999
 10
500.6207
 20
-101.79239999999999
 10
500.6207
 20
-101.71239999999999
 10
500.0247
 20
-101.71239999999999
  0
LWPOLYLINE
  5
7B2
330
17
100
AcDbEntity
  8
PLAN-CORTE-PIEZAS-A-ABRIR
100
AcDbPolyline
 90
4
 70
1
 10
501.0707
 20
-102.90639999999999
 10
501.6667
 20
-102.90639999999999
 10
501.6667
 20
-101.71239999999999
 10
501.0707
 20
-101.71239999999999
  0
TEXT
  5
7B3
330
17
100
AcDbEntity
  8
PLAN-CORTE-TEXTOS
100
AcDbText
 10
501.3687
 20
-101.57239999999999
 30
0.0
 40
0.06
  1
M-78
 72
1
 11
501.3687
 21
-101.57239999999999
 31
0.0
100
AcDbText
 73
2
  0
LWPOLYLINE
  5
7B4
330
17
100
AcDbEntity
  8
PLAN-CORTE-RECORTES
100
AcDbPolyline
 90
4
 70
1
 10
501.0707
 20
-102.90639999999999
 10
501.6667
 20
-102.90639999999999
 10
501.6667
 20
-101.76039999999999
 10
501.0707
 20
-101.76039999999999
  0
TEXT
  5
7B5
330
17
100
AcDbEntity
  8
PLAN-CORTE-TEXTOS
100
AcDbText
 10
501.3687
 20
-102.3334
 30
0.0
 40
0.035
  1
PB-M-029
 50
90.0
 72
1
 11
501.3687
 21
-102.3334
 31
0.0
100
AcDbText
 73
2
  0
LWPOLYLINE
  5
7B6
330
17
100
AcDbEntity
  8
PLAN-CORTE-DESPERDICIO
100
AcDbPolyline
 90
4
 70
1
 10
501.0707
 20
-101.76039999999999
 10
501.6667
 20
-101.76039999999999
 10
501.6667
 20
-101.71239999999999
 10
501.0707
 20
-101.71239999999999
  0
LWPOLYLINE
  5
7B7
330
17
100
AcDbEntity
  8
PLAN-CORTE-PIEZAS-A-ABRIR
100
AcDbPolyline
 90
4
 70
1
 10
502.11670000000004
 20
-102.90639999999999
 10
502.71270000000004
 20
-102.90639999999999
 10
502.71270000000004
 20
-101.71239999999999
 10
502.11670000000004
 20
-101.71239999999999
  0
TEXT
  5
7B8
330
17
100
AcDbEntity
  8
PLAN-CORTE-TEXTOS
100
AcDbText
 10
502.41470000000004
 20
-101.57239999999999
 30
0.0
 40
0.06
  1
M-79
 72
1
 11
502.41470000000004
 21
-101.57239999999999
 31
0.0
100
AcDbText
 73
2
  0
LWPOLYLINE
  5
7B9
330
17
100
AcDbEntity
  8
PLAN-CORTE-RECORTES
100
AcDbPolyline
 90
4
 70
1
 10
502.11670000000004
 20
-102.90639999999999
 10
502.71270000000004
 20
-102.90639999999999
 10
502.71270000000004
 20
-101.8984
 10
502.11670000000004
 20
-101.8984
  0
TEXT
  5
7BA
330
17
100
AcDbEntity
  8
PLAN-CORTE-TEXTOS
100
AcDbText
 10
502.41470000000004
 20
-102.40239999999999
 30
0.0
 40
0.035
  1
PB-M-140
 50
90.0
 72
1
 11
502.41470000000004
 21
-102.40239999999999
 31
0.0
100
AcDbText
 73
2
  0
LWPOLYLINE
  5
7BB
330
17
100
AcDbEntity
  8
PLAN-CORTE-SOBRANTES
100
AcDbPolyline
 90
4
 70
1
 10
502.11670000000004
 20
-101.8984
 10
502.71270000000004
 20
-101.8984
 10
502.71270000000004
 20
-101.7124
 10
502.11670000000004
 20
-101.7124
  0
TEXT
  5
7BC
330
17
100
AcDbEntity
  8
PLAN-CORTE-TEXTOS
100
AcDbText
 10
502.41470000000004
 20
-101.80539999999999
 30
0.0
 40
0.028380952380952378
  1
SOBRA 0.596x0.186 -> GUARDAR
 72
1
 11
502.41470000000004
 21
-101.80539999999999
 31
0.0
100
AcDbText
 73
2
  0
LWPOLYLINE
  5
7BD
330
17
100
AcDbEntity
  8
PLAN-CORTE-PIEZAS-A-ABRIR
100
AcDbPolyline
 90
4
 70
1
 10
503.16270000000003
 20
-102.90639999999999
 10
503.75870000000003
 20
-102.90639999999999
 10
503.75870000000003
 20
-101.71239999999999
 10
503.16270000000003
 20
-101.71239999999999
  0
TEXT
  5
7BE
330
17
100
AcDbEntity
  8
PLAN-CORTE-TEXTOS
100
AcDbText
 10
503.46070000000003
 20
-101.57239999999999
 30
0.0
 40
0.06
  1
M-80
 72
1
 11
503.46070000000003
 21
-101.57239999999999
 31
0.0
100
AcDbText
 73
2
  0
LWPOLYLINE
  5
7BF
330
17
100
AcDbEntity
  8
PLAN-CORTE-RECORTES
100
AcDbPolyline
 90
4
 70
1
 10
503.16270000000003
 20
-102.90639999999999
 10
503.75870000000003
 20
-102.90639999999999
 10
503.75870000000003
 20
-101.79239999999999
 10
503.16270000000003
 20
-101.79239999999999
  0
TEXT
  5
7C0
330
17
100
AcDbEntity
  8
PLAN-CORTE-TEXTOS
100
AcDbText
 10
503.46070000000003
 20
-102.34939999999999
 30
0.0
 40
0.035
  1
PB-M-018
 50
90.0
 72
1
 11
503.46070000000003
 21
-102.34939999999999
 31
0.0
100
AcDbText
 73
2
  0
LWPOLYLINE
  5
7C1
330
17
100
AcDbEntity
  8
PLAN-CORTE-DESPERDICIO
100
AcDbPolyline
 90
4
 70
1
 10
503.16270000000003
 20
-101.79239999999999
 10
503.75870000000003
 20
-101.79239999999999
 10
503.75870000000003
 20
-101.71239999999999
 10
503.16270000000003
 20
-101.71239999999999
  0
LWPOLYLINE
  5
7C2
330
17
100
AcDbEntity
  8
PLAN-CORTE-PIEZAS-A-ABRIR
100
AcDbPolyline
 90
4
 70
1
 10
504.2087
 20
-102.90639999999999
 10
504.8047
 20
-102.90639999999999
 10
504.8047
 20
-101.71239999999999
 10
504.2087
 20
-101.71239999999999
  0
TEXT
  5
7C3
330
17
100
AcDbEntity
  8
PLAN-CORTE-TEXTOS
100
AcDbText
 10
504.5067
 20
-101.57239999999999
 30
0.0
 40
0.06
  1
M-81
 72
1
 11
504.5067
 21
-101.57239999999999
 31
0.0
100
AcDbText
 73
2
  0
LWPOLYLINE
  5
7C4
330
17
100
AcDbEntity
  8
PLAN-CORTE-RECORTES
100
AcDbPolyline
 90
4
 70
1
 10
504.2087
 20
-102.90639999999999
 10
504.72470000000004
 20
-102.90639999999999
 10
504.72470000000004
 20
-101.71239999999999
 10
504.2087
 20
-101.71239999999999
  0
TEXT
  5
7C5
330
17
100
AcDbEntity
  8
PLAN-CORTE-TEXTOS
100
AcDbText
 10
504.4667
 20
-102.3094
 30
0.0
 40
0.035
  1
R1-lat-izq-5
 50
90.0
 72
1
 11
504.4667
 21
-102.3094
 31
0.0
100
AcDbText
 73
2
  0
LWPOLYLINE
  5
7C6
330
17
100
AcDbEntity
  8
PLAN-CORTE-DESPERDICIO
100
AcDbPolyline
 90
4
 70
1
 10
504.72470000000004
 20
-102.90639999999999
 10
504.8047
 20
-102.90639999999999
 10
504.8047
 20
-101.71239999999999
 10
504.72470000000004
 20
-101.71239999999999
  0
LWPOLYLINE
  5
7C7
330
17
100
AcDbEntity
  8
PLAN-CORTE-PIEZAS-A-ABRIR
100
AcDbPolyline
 90
4
 70
1
 10
505.2547
 20
-102.90639999999999
 10
505.8507
 20
-102.90639999999999
 10
505.8507
 20
-101.71239999999999
 10
505.2547
 20
-101.71239999999999
  0
TEXT
  5
7C8
330
17
100
AcDbEntity
  8
PLAN-CORTE-TEXTOS
100
AcDbText
 10
505.5527
 20
-101.57239999999999
 30
0.0
 40
0.06
  1
M-82
 72
1
 11
505.5527
 21
-101.57239999999999
 31
0.0
100
AcDbText
 73
2
  0
LWPOLYLINE
  5
7C9
330
17
100
AcDbEntity
  8
PLAN-CORTE-RECORTES
100
AcDbPolyline
 90
4
 70
1
 10
505.2547
 20
-102.90639999999999
 10
505.77070000000003
 20
-102.90639999999999
 10
505.77070000000003
 20
-101.71239999999999
 10
505.2547
 20
-101.71239999999999
  0
TEXT
  5
7CA
330
17
100
AcDbEntity
  8
PLAN-CORTE-TEXTOS
100
AcDbText
 10
505.5127
 20
-102.3094
 30
0.0
 40
0.035
  1
R1-lat-der-5
 50
90.0
 72
1
 11
505.5127
 21
-102.3094
 31
0.0
100
AcDbText
 73
2
  0
LWPOLYLINE
  5
7CB
330
17
100
AcDbEntity
  8
PLAN-CORTE-DESPERDICIO
100
AcDbPolyline
 90
4
 70
1
 10
505.77070000000003
 20
-102.90639999999999
 10
505.8507
 20
-102.90639999999999
 10
505.8507
 20
-101.71239999999999
 10
505.77070000000003
 20
-101.71239999999999
  0
LWPOLYLINE
  5
7CC
330
17
100
AcDbEntity
  8
PLAN-CORTE-PIEZAS-A-ABRIR
100
AcDbPolyline
 90
4
 70
1
 10
506.3007
 20
-102.90639999999999
 10
506.8967
 20
-102.90639999999999
 10
506.8967
 20
-101.71239999999999
 10
506.3007
 20
-101.71239999999999
  0
TEXT
  5
7CD
330
17
100
AcDbEntity
  8
PLAN-CORTE-TEXTOS
100
AcDbText
 10
506.5987
 20
-101.57239999999999
 30
0.0
 40
0.06
  1
M-83
 72
1
 11
506.5987
 21
-101.57239999999999
 31
0.0
100
AcDbText
 73
2
  0
LWPOLYLINE
  5
7CE
330
17
100
AcDbEntity
  8
PLAN-CORTE-RECORTES
100
AcDbPolyline
 90
4
 70
1
 10
506.3007
 20
-102.90639999999999
 10
506.8167
 20
-102.90639999999999
 10
506.8167
 20
-101.71239999999999
 10
506.3007
 20
-101.71239999999999
  0
TEXT
  5
7CF
330
17
100
AcDbEntity
  8
PLAN-CORTE-TEXTOS
100
AcDbText
 10
506.5587
 20
-102.3094
 30
0.0
 40
0.035
  1
R2-lat-izq-5
 50
90.0
 72
1
 11
506.5587
 21
-102.3094
 31
0.0
100
AcDbText
 73
2
  0
LWPOLYLINE
  5
7D0
330
17
100
AcDbEntity
  8
PLAN-CORTE-DESPERDICIO
100
AcDbPolyline
 90
4
 70
1
 10
506.8167
 20
-102.90639999999999
 10
506.8967
 20
-102.90639999999999
 10
506.8967
 20
-101.71239999999999
 10
506.8167
 20
-101.71239999999999
  0
LWPOLYLINE
  5
7D1
330
17
100
AcDbEntity
  8
PLAN-CORTE-PIEZAS-A-ABRIR
100
AcDbPolyline
 90
4
 70
1
 10
507.3467
 20
-102.90639999999999
 10
507.9427
 20
-102.90639999999999
 10
507.9427
 20
-101.71239999999999
 10
507.3467
 20
-101.71239999999999
  0
TEXT
  5
7D2
330
17
100
AcDbEntity
  8
PLAN-CORTE-TEXTOS
100
AcDbText
 10
507.6447
 20
-101.57239999999999
 30
0.0
 40
0.06
  1
M-84
 72
1
 11
507.6447
 21
-101.57239999999999
 31
0.0
100
AcDbText
 73
2
  0
LWPOLYLINE
  5
7D3
330
17
100
AcDbEntity
  8
PLAN-CORTE-RECORTES
100
AcDbPolyline
 90
4
 70
1
 10
507.3467
 20
-102.90639999999999
 10
507.8627
 20
-102.90639999999999
 10
507.8627
 20
-101.71239999999999
 10
507.3467
 20
-101.71239999999999
  0
TEXT
  5
7D4
330
17
100
AcDbEntity
  8
PLAN-CORTE-TEXTOS
100
AcDbText
 10
507.6047
 20
-102.3094
 30
0.0
 40
0.035
  1
R2-lat-der-5
 50
90.0
 72
1
 11
507.6047
 21
-102.3094
 31
0.0
100
AcDbText
 73
2
  0
LWPOLYLINE
  5
7D5
330
17
100
AcDbEntity
  8
PLAN-CORTE-DESPERDICIO
100
AcDbPolyline
 90
4
 70
1
 10
507.8627
 20
-102.90639999999999
 10
507.9427
 20
-102.90639999999999
 10
507.9427
 20
-101.71239999999999
 10
507.8627
 20
-101.71239999999999
  0
LWPOLYLINE
  5
7D6
330
17
100
AcDbEntity
  8
PLAN-CORTE-PIEZAS-A-ABRIR
100
AcDbPolyline
 90
4
 70
1
 10
508.3927
 20
-102.90639999999999
 10
508.9887
 20
-102.90639999999999
 10
508.9887
 20
-101.71239999999999
 10
508.3927
 20
-101.71239999999999
  0
TEXT
  5
7D7
330
17
100
AcDbEntity
  8
PLAN-CORTE-TEXTOS
100
AcDbText
 10
508.6907
 20
-101.57239999999999
 30
0.0
 40
0.06
  1
M-85
 72
1
 11
508.6907
 21
-101.57239999999999
 31
0.0
100
AcDbText
 73
2
  0
LWPOLYLINE
  5
7D8
330
17
100
AcDbEntity
  8
PLAN-CORTE-RECORTES
100
AcDbPolyline
 90
4
 70
1
 10
508.3927
 20
-102.90639999999999
 10
508.6627
 20
-102.90639999999999
 10
508.6627
 20
-101.75639999999999
 10
508.3927
 20
-101.75639999999999
  0
TEXT
  5
7D9
330
17
100
AcDbEntity
  8
PLAN-CORTE-TEXTOS
100
AcDbText
 10
508.5277
 20
-102.33139999999999
 30
0.0
 40
0.035
  1
H1
 50
90.0
 72
1
 11
508.5277
 21
-102.33139999999999
 31
0.0
100
AcDbText
 73
2
  0
LWPOLYLINE
  5
7DA
330
17
100
AcDbEntity
  8
PLAN-CORTE-RECORTES
100
AcDbPolyline
 90
4
 70
1
 10
508.6627
 20
-102.90639999999999
 10
508.93269999999995
 20
-102.90639999999999
 10
508.93269999999995
 20
-101.75639999999999
 10
508.6627
 20
-101.75639999999999
  0
TEXT
  5
7DB
330
17
100
AcDbEntity
  8
PLAN-CORTE-TEXTOS
100
AcDbText
 10
508.79769999999996
 20
-102.33139999999999
 30
0.0
 40
0.035
  1
H2 (DE SOBRA DE H1)
 50
90.0
 72
1
 11
508.79769999999996
 21
-102.33139999999999
 31
0.0
100
AcDbText
 73
2
  0
LWPOLYLINE
  5
7DC
330
17
100
AcDbEntity
  8
PLAN-CORTE-DESPERDICIO
100
AcDbPolyline
 90
4
 70
1
 10
508.3927
 20
-101.75639999999999
 10
508.6627
 20
-101.75639999999999
 10
508.6627
 20
-101.71239999999999
 10
508.3927
 20
-101.71239999999999
  0
LWPOLYLINE
  5
7DD
330
17
100
AcDbEntity
  8
PLAN-CORTE-DESPERDICIO
100
AcDbPolyline
 90
4
 70
1
 10
508.9327
 20
-102.90639999999999
 10
508.9887
 20
-102.90639999999999
 10
508.9887
 20
-101.71239999999999
 10
508.9327
 20
-101.71239999999999
  0
LWPOLYLINE
  5
7DE
330
17
100
AcDbEntity
  8
PLAN-CORTE-DESPERDICIO
100
AcDbPolyline
 90
4
 70
1
 10
508.6627
 20
-101.75639999999999
 10
508.93269999999995
 20
-101.75639999999999
 10
508.93269999999995
 20
-101.71239999999999
 10
508.6627
 20
-101.71239999999999
  0
LWPOLYLINE
  5
7DF
330
17
100
AcDbEntity
  8
PLAN-CORTE-PIEZAS-A-ABRIR
100
AcDbPolyline
 90
4
 70
1
 10
509.43870000000004
 20
-102.90639999999999
 10
510.03470000000004
 20
-102.90639999999999
 10
510.03470000000004
 20
-101.71239999999999
 10
509.43870000000004
 20
-101.71239999999999
  0
TEXT
  5
7E0
330
17
100
AcDbEntity
  8
PLAN-CORTE-TEXTOS
100
AcDbText
 10
509.73670000000004
 20
-101.57239999999999
 30
0.0
 40
0.06
  1
M-86
 72
1
 11
509.73670000000004
 21
-101.57239999999999
 31
0.0
100
AcDbText
 73
2
  0
LWPOLYLINE
  5
7E1
330
17
100
AcDbEntity
  8
PLAN-CORTE-RECORTES
100
AcDbPolyline
 90
4
 70
1
 10
509.43870000000004
 20
-102.90639999999999
 10
509.7087
 20
-102.90639999999999
 10
509.7087
 20
-101.75639999999999
 10
509.43870000000004
 20
-101.75639999999999
  0
TEXT
  5
7E2
330
17
100
AcDbEntity
  8
PLAN-CORTE-TEXTOS
100
AcDbText
 10
509.57370000000003
 20
-102.33139999999999
 30
0.0
 40
0.035
  1
H3
 50
90.0
 72
1
 11
509.57370000000003
 21
-102.33139999999999
 31
0.0
100
AcDbText
 73
2
  0
LWPOLYLINE
  5
7E3
330
17
100
AcDbEntity
  8
PLAN-CORTE-RECORTES
100
AcDbPolyline
 90
4
 70
1
 10
509.7087
 20
-102.90639999999999
 10
509.9787
 20
-102.90639999999999
 10
509.9787
 20
-101.75639999999999
 10
509.7087
 20
-101.75639999999999
  0
TEXT
  5
7E4
330
17
100
AcDbEntity
  8
PLAN-CORTE-TEXTOS
100
AcDbText
 10
509.8437
 20
-102.33139999999999
 30
0.0
 40
0.035
  1
H4 (DE SOBRA DE H3)
 50
90.0
 72
1
 11
509.8437
 21
-102.33139999999999
 31
0.0
100
AcDbText
 73
2
  0
LWPOLYLINE
  5
7E5
330
17
100
AcDbEntity
  8
PLAN-CORTE-DESPERDICIO
100
AcDbPolyline
 90
4
 70
1
 10
509.43870000000004
 20
-101.75639999999999
 10
509.7087
 20
-101.75639999999999
 10
509.7087
 20
-101.71239999999999
 10
509.43870000000004
 20
-101.71239999999999
  0
LWPOLYLINE
  5
7E6
330
17
100
AcDbEntity
  8
PLAN-CORTE-DESPERDICIO
100
AcDbPolyline
 90
4
 70
1
 10
509.97870000000006
 20
-102.90639999999999
 10
510.03470000000004
 20
-102.90639999999999
 10
510.03470000000004
 20
-101.71239999999999
 10
509.97870000000006
 20
-101.71239999999999
  0
LWPOLYLINE
  5
7E7
330
17
100
AcDbEntity
  8
PLAN-CORTE-DESPERDICIO
100
AcDbPolyline
 90
4
 70
1
 10
509.7087
 20
-101.75639999999999
 10
509.9787
 20
-101.75639999999999
 10
509.9787
 20
-101.71239999999999
 10
509.7087
 20
-101.71239999999999
  0
LWPOLYLINE
  5
7E8
330
17
100
AcDbEntity
  8
PLAN-CORTE-PIEZAS-A-ABRIR
100
AcDbPolyline
 90
4
 70
1
 10
510.48470000000003
 20
-102.90639999999999
 10
511.08070000000004
 20
-102.90639999999999
 10
511.08070000000004
 20
-101.71239999999999
 10
510.48470000000003
 20
-101.71239999999999
  0
TEXT
  5
7E9
330
17
100
AcDbEntity
  8
PLAN-CORTE-TEXTOS
100
AcDbText
 10
510.78270000000003
 20
-101.57239999999999
 30
0.0
 40
0.06
  1
M-87
 72
1
 11
510.78270000000003
 21
-101.57239999999999
 31
0.0
100
AcDbText
 73
2
  0
LWPOLYLINE
  5
7EA
330
17
100
AcDbEntity
  8
PLAN-CORTE-RECORTES
100
AcDbPolyline
 90
4
 70
1
 10
510.48470000000003
 20
-102.90639999999999
 10
510.7547
 20
-102.90639999999999
 10
510.7547
 20
-101.75639999999999
 10
510.48470000000003
 20
-101.75639999999999
  0
TEXT
  5
7EB
330
17
100
AcDbEntity
  8
PLAN-CORTE-TEXTOS
100
AcDbText
 10
510.6197
 20
-102.33139999999999
 30
0.0
 40
0.035
  1
H5
 50
90.0
 72
1
 11
510.6197
 21
-102.33139999999999
 31
0.0
100
AcDbText
 73
2
  0
LWPOLYLINE
  5
7EC
330
17
100
AcDbEntity
  8
PLAN-CORTE-RECORTES
100
AcDbPolyline
 90
4
 70
1
 10
510.7547
 20
-102.90639999999999
 10
511.0247
 20
-102.90639999999999
 10
511.0247
 20
-101.75639999999999
 10
510.7547
 20
-101.75639999999999
  0
TEXT
  5
7ED
330
17
100
AcDbEntity
  8
PLAN-CORTE-TEXTOS
100
AcDbText
 10
510.8897
 20
-102.33139999999999
 30
0.0
 40
0.035
  1
H6 (DE SOBRA DE H5)
 50
90.0
 72
1
 11
510.8897
 21
-102.33139999999999
 31
0.0
100
AcDbText
 73
2
  0
LWPOLYLINE
  5
7EE
330
17
100
AcDbEntity
  8
PLAN-CORTE-DESPERDICIO
100
AcDbPolyline
 90
4
 70
1
 10
510.48470000000003
 20
-101.75639999999999
 10
510.7547
 20
-101.75639999999999
 10
510.7547
 20
-101.71239999999999
 10
510.48470000000003
 20
-101.71239999999999
  0
LWPOLYLINE
  5
7EF
330
17
100
AcDbEntity
  8
PLAN-CORTE-DESPERDICIO
100
AcDbPolyline
 90
4
 70
1
 10
511.02470000000005
 20
-102.90639999999999
 10
511.08070000000004
 20
-102.90639999999999
 10
511.08070000000004
 20
-101.71239999999999
 10
511.02470000000005
 20
-101.71239999999999
  0
LWPOLYLINE
  5
7F0
330
17
100
AcDbEntity
  8
PLAN-CORTE-DESPERDICIO
100
AcDbPolyline
 90
4
 70
1
 10
510.7547
 20
-101.75639999999999
 10
511.0247
 20
-101.75639999999999
 10
511.0247
 20
-101.71239999999999
 10
510.7547
 20
-101.71239999999999
  0
LWPOLYLINE
  5
7F1
330
17
100
AcDbEntity
  8
PLAN-CORTE-PIEZAS-A-ABRIR
100
AcDbPolyline
 90
4
 70
1
 10
511.5307
 20
-102.90639999999999
 10
512.1267
 20
-102.90639999999999
 10
512.1267
 20
-101.71239999999999
 10
511.5307
 20
-101.71239999999999
  0
TEXT
  5
7F2
330
17
100
AcDbEntity
  8
PLAN-CORTE-TEXTOS
100
AcDbText
 10
511.8287
 20
-101.57239999999999
 30
0.0
 40
0.06
  1
M-88
 72
1
 11
511.8287
 21
-101.57239999999999
 31
0.0
100
AcDbText
 73
2
  0
LWPOLYLINE
  5
7F3
330
17
100
AcDbEntity
  8
PLAN-CORTE-RECORTES
100
AcDbPolyline
 90
4
 70
1
 10
511.5307
 20
-102.90639999999999
 10
511.8007
 20
-102.90639999999999
 10
511.8007
 20
-101.75639999999999
 10
511.5307
 20
-101.75639999999999
  0
TEXT
  5
7F4
330
17
100
AcDbEntity
  8
PLAN-CORTE-TEXTOS
100
AcDbText
 10
511.6657
 20
-102.33139999999999
 30
0.0
 40
0.035
  1
H7
 50
90.0
 72
1
 11
511.6657
 21
-102.33139999999999
 31
0.0
100
AcDbText
 73
2
  0
LWPOLYLINE
  5
7F5
330
17
100
AcDbEntity
  8
PLAN-CORTE-RECORTES
100
AcDbPolyline
 90
4
 70
1
 10
511.8007
 20
-102.90639999999999
 10
512.0707
 20
-102.90639999999999
 10
512.0707
 20
-101.75639999999999
 10
511.8007
 20
-101.75639999999999
  0
TEXT
  5
7F6
330
17
100
AcDbEntity
  8
PLAN-CORTE-TEXTOS
100
AcDbText
 10
511.9357
 20
-102.33139999999999
 30
0.0
 40
0.035
  1
H8 (DE SOBRA DE H7)
 50
90.0
 72
1
 11
511.9357
 21
-102.33139999999999
 31
0.0
100
AcDbText
 73
2
  0
LWPOLYLINE
  5
7F7
330
17
100
AcDbEntity
  8
PLAN-CORTE-DESPERDICIO
100
AcDbPolyline
 90
4
 70
1
 10
511.5307
 20
-101.75639999999999
 10
511.8007
 20
-101.75639999999999
 10
511.8007
 20
-101.71239999999999
 10
511.5307
 20
-101.71239999999999
  0
LWPOLYLINE
  5
7F8
330
17
100
AcDbEntity
  8
PLAN-CORTE-DESPERDICIO
100
AcDbPolyline
 90
4
 70
1
 10
512.0707
 20
-102.90639999999999
 10
512.1267
 20
-102.90639999999999
 10
512.1267
 20
-101.71239999999999
 10
512.0707
 20
-101.71239999999999
  0
LWPOLYLINE
  5
7F9
330
17
100
AcDbEntity
  8
PLAN-CORTE-DESPERDICIO
100
AcDbPolyline
 90
4
 70
1
 10
511.8007
 20
-101.75639999999999
 10
512.0707
 20
-101.75639999999999
 10
512.0707
 20
-101.71239999999999
 10
511.8007
 20
-101.71239999999999
  0
LWPOLYLINE
  5
7FA
330
17
100
AcDbEntity
  8
PLAN-CORTE-PIEZAS-A-ABRIR
100
AcDbPolyline
 90
4
 70
1
 10
489.5647
 20
-104.8004
 10
490.1607
 20
-104.8004
 10
490.1607
 20
-103.6064
 10
489.5647
 20
-103.6064
  0
TEXT
  5
7FB
330
17
100
AcDbEntity
  8
PLAN-CORTE-TEXTOS
100
AcDbText
 10
489.8627
 20
-103.4664
 30
0.0
 40
0.06
  1
M-89
 72
1
 11
489.8627
 21
-103.4664
 31
0.0
100
AcDbText
 73
2
  0
LWPOLYLINE
  5
7FC
330
17
100
AcDbEntity
  8
PLAN-CORTE-RECORTES
100
AcDbPolyline
 90
4
 70
1
 10
489.5647
 20
-104.8004
 10
489.8347
 20
-104.8004
 10
489.8347
 20
-103.65039999999999
 10
489.5647
 20
-103.65039999999999
  0
TEXT
  5
7FD
330
17
100
AcDbEntity
  8
PLAN-CORTE-TEXTOS
100
AcDbText
 10
489.6997
 20
-104.2254
 30
0.0
 40
0.035
  1
H9
 50
90.0
 72
1
 11
489.6997
 21
-104.2254
 31
0.0
100
AcDbText
 73
2
  0
LWPOLYLINE
  5
7FE
330
17
100
AcDbEntity
  8
PLAN-CORTE-RECORTES
100
AcDbPolyline
 90
4
 70
1
 10
489.8347
 20
-104.8004
 10
490.1047
 20
-104.8004
 10
490.1047
 20
-103.65039999999999
 10
489.8347
 20
-103.65039999999999
  0
TEXT
  5
7FF
330
17
100
AcDbEntity
  8
PLAN-CORTE-TEXTOS
100
AcDbText
 10
489.9697
 20
-104.2254
 30
0.0
 40
0.035
  1
H10 (DE SOBRA DE H9)
 50
90.0
 72
1
 11
489.9697
 21
-104.2254
 31
0.0
100
AcDbText
 73
2
  0
LWPOLYLINE
  5
800
330
17
100
AcDbEntity
  8
PLAN-CORTE-DESPERDICIO
100
AcDbPolyline
 90
4
 70
1
 10
489.5647
 20
-103.65039999999999
 10
489.8347
 20
-103.65039999999999
 10
489.8347
 20
-103.6064
 10
489.5647
 20
-103.6064
  0
LWPOLYLINE
  5
801
330
17
100
AcDbEntity
  8
PLAN-CORTE-DESPERDICIO
100
AcDbPolyline
 90
4
 70
1
 10
490.10470000000004
 20
-104.8004
 10
490.1607
 20
-104.8004
 10
490.1607
 20
-103.6064
 10
490.10470000000004
 20
-103.6064
  0
LWPOLYLINE
  5
802
330
17
100
AcDbEntity
  8
PLAN-CORTE-DESPERDICIO
100
AcDbPolyline
 90
4
 70
1
 10
489.8347
 20
-103.65039999999999
 10
490.1047
 20
-103.65039999999999
 10
490.1047
 20
-103.6064
 10
489.8347
 20
-103.6064
  0
LWPOLYLINE
  5
803
330
17
100
AcDbEntity
  8
PLAN-CORTE-PIEZAS-A-ABRIR
100
AcDbPolyline
 90
4
 70
1
 10
490.6107
 20
-104.8004
 10
491.2067
 20
-104.8004
 10
491.2067
 20
-103.6064
 10
490.6107
 20
-103.6064
  0
TEXT
  5
804
330
17
100
AcDbEntity
  8
PLAN-CORTE-TEXTOS
100
AcDbText
 10
490.9087
 20
-103.4664
 30
0.0
 40
0.06
  1
M-90
 72
1
 11
490.9087
 21
-103.4664
 31
0.0
100
AcDbText
 73
2
  0
LWPOLYLINE
  5
805
330
17
100
AcDbEntity
  8
PLAN-CORTE-RECORTES
100
AcDbPolyline
 90
4
 70
1
 10
490.6107
 20
-104.8004
 10
490.8807
 20
-104.8004
 10
490.8807
 20
-103.65039999999999
 10
490.6107
 20
-103.65039999999999
  0
TEXT
  5
806
330
17
100
AcDbEntity
  8
PLAN-CORTE-TEXTOS
100
AcDbText
 10
490.7457
 20
-104.2254
 30
0.0
 40
0.035
  1
H11
 50
90.0
 72
1
 11
490.7457
 21
-104.2254
 31
0.0
100
AcDbText
 73
2
  0
LWPOLYLINE
  5
807
330
17
100
AcDbEntity
  8
PLAN-CORTE-RECORTES
100
AcDbPolyline
 90
4
 70
1
 10
490.8807
 20
-104.8004
 10
491.1507
 20
-104.8004
 10
491.1507
 20
-103.65039999999999
 10
490.8807
 20
-103.65039999999999
  0
TEXT
  5
808
330
17
100
AcDbEntity
  8
PLAN-CORTE-TEXTOS
100
AcDbText
 10
491.0157
 20
-104.2254
 30
0.0
 40
0.035
  1
H12 (DE SOBRA DE H11)
 50
90.0
 72
1
 11
491.0157
 21
-104.2254
 31
0.0
100
AcDbText
 73
2
  0
LWPOLYLINE
  5
809
330
17
100
AcDbEntity
  8
PLAN-CORTE-DESPERDICIO
100
AcDbPolyline
 90
4
 70
1
 10
490.6107
 20
-103.65039999999999
 10
490.8807
 20
-103.65039999999999
 10
490.8807
 20
-103.6064
 10
490.6107
 20
-103.6064
  0
LWPOLYLINE
  5
80A
330
17
100
AcDbEntity
  8
PLAN-CORTE-DESPERDICIO
100
AcDbPolyline
 90
4
 70
1
 10
491.15070000000003
 20
-104.8004
 10
491.2067
 20
-104.8004
 10
491.2067
 20
-103.6064
 10
491.15070000000003
 20
-103.6064
  0
LWPOLYLINE
  5
80B
330
17
100
AcDbEntity
  8
PLAN-CORTE-DESPERDICIO
100
AcDbPolyline
 90
4
 70
1
 10
490.8807
 20
-103.65039999999999
 10
491.1507
 20
-103.65039999999999
 10
491.1507
 20
-103.6064
 10
490.8807
 20
-103.6064
  0
LWPOLYLINE
  5
80C
330
17
100
AcDbEntity
  8
PLAN-CORTE-PIEZAS-A-ABRIR
100
AcDbPolyline
 90
4
 70
1
 10
491.6567
 20
-104.8004
 10
492.2527
 20
-104.8004
 10
492.2527
 20
-103.6064
 10
491.6567
 20
-103.6064
  0
TEXT
  5
80D
330
17
100
AcDbEntity
  8
PLAN-CORTE-TEXTOS
100
AcDbText
 10
491.9547
 20
-103.4664
 30
0.0
 40
0.06
  1
M-91
 72
1
 11
491.9547
 21
-103.4664
 31
0.0
100
AcDbText
 73
2
  0
LWPOLYLINE
  5
80E
330
17
100
AcDbEntity
  8
PLAN-CORTE-RECORTES
100
AcDbPolyline
 90
4
 70
1
 10
491.6567
 20
-104.8004
 10
491.9267
 20
-104.8004
 10
491.9267
 20
-103.65039999999999
 10
491.6567
 20
-103.65039999999999
  0
TEXT
  5
80F
330
17
100
AcDbEntity
  8
PLAN-CORTE-TEXTOS
100
AcDbText
 10
491.7917
 20
-104.2254
 30
0.0
 40
0.035
  1
H13
 50
90.0
 72
1
 11
491.7917
 21
-104.2254
 31
0.0
100
AcDbText
 73
2
  0
LWPOLYLINE
  5
810
330
17
100
AcDbEntity
  8
PLAN-CORTE-RECORTES
100
AcDbPolyline
 90
4
 70
1
 10
491.9267
 20
-104.8004
 10
492.19669999999996
 20
-104.8004
 10
492.19669999999996
 20
-103.65039999999999
 10
491.9267
 20
-103.65039999999999
  0
TEXT
  5
811
330
17
100
AcDbEntity
  8
PLAN-CORTE-TEXTOS
100
AcDbText
 10
492.0617
 20
-104.2254
 30
0.0
 40
0.035
  1
H14 (DE SOBRA DE H13)
 50
90.0
 72
1
 11
492.0617
 21
-104.2254
 31
0.0
100
AcDbText
 73
2
  0
LWPOLYLINE
  5
812
330
17
100
AcDbEntity
  8
PLAN-CORTE-DESPERDICIO
100
AcDbPolyline
 90
4
 70
1
 10
491.6567
 20
-103.65039999999999
 10
491.9267
 20
-103.65039999999999
 10
491.9267
 20
-103.6064
 10
491.6567
 20
-103.6064
  0
LWPOLYLINE
  5
813
330
17
100
AcDbEntity
  8
PLAN-CORTE-DESPERDICIO
100
AcDbPolyline
 90
4
 70
1
 10
492.1967
 20
-104.8004
 10
492.2527
 20
-104.8004
 10
492.2527
 20
-103.6064
 10
492.1967
 20
-103.6064
  0
LWPOLYLINE
  5
814
330
17
100
AcDbEntity
  8
PLAN-CORTE-DESPERDICIO
100
AcDbPolyline
 90
4
 70
1
 10
491.9267
 20
-103.65039999999999
 10
492.19669999999996
 20
-103.65039999999999
 10
492.19669999999996
 20
-103.6064
 10
491.9267
 20
-103.6064
  0
LWPOLYLINE
  5
815
330
17
100
AcDbEntity
  8
PLAN-CORTE-PIEZAS-A-ABRIR
100
AcDbPolyline
 90
4
 70
1
 10
492.7027
 20
-104.8004
 10
493.2987
 20
-104.8004
 10
493.2987
 20
-103.6064
 10
492.7027
 20
-103.6064
  0
TEXT
  5
816
330
17
100
AcDbEntity
  8
PLAN-CORTE-TEXTOS
100
AcDbText
 10
493.0007
 20
-103.4664
 30
0.0
 40
0.06
  1
M-92
 72
1
 11
493.0007
 21
-103.4664
 31
0.0
100
AcDbText
 73
2
  0
LWPOLYLINE
  5
817
330
17
100
AcDbEntity
  8
PLAN-CORTE-RECORTES
100
AcDbPolyline
 90
4
 70
1
 10
492.7027
 20
-104.8004
 10
492.8777
 20
-104.8004
 10
492.8777
 20
-103.65039999999999
 10
492.7027
 20
-103.65039999999999
  0
TEXT
  5
818
330
17
100
AcDbEntity
  8
PLAN-CORTE-TEXTOS
100
AcDbText
 10
492.79019999999997
 20
-104.2254
 30
0.0
 40
0.035
  1
P5
 50
90.0
 72
1
 11
492.79019999999997
 21
-104.2254
 31
0.0
100
AcDbText
 73
2
  0
LWPOLYLINE
  5
819
330
17
100
AcDbEntity
  8
PLAN-CORTE-RECORTES
100
AcDbPolyline
 90
4
 70
1
 10
492.8777
 20
-104.8004
 10
493.0527
 20
-104.8004
 10
493.0527
 20
-103.65039999999999
 10
492.8777
 20
-103.65039999999999
  0
TEXT
  5
81A
330
17
100
AcDbEntity
  8
PLAN-CORTE-TEXTOS
100
AcDbText
 10
492.9652
 20
-104.2254
 30
0.0
 40
0.035
  1
P6 (DE SOBRA DE P5)
 50
90.0
 72
1
 11
492.9652
 21
-104.2254
 31
0.0
100
AcDbText
 73
2
  0
LWPOLYLINE
  5
81B
330
17
100
AcDbEntity
  8
PLAN-CORTE-RECORTES
100
AcDbPolyline
 90
4
 70
1
 10
493.0527
 20
-104.8004
 10
493.2277
 20
-104.8004
 10
493.2277
 20
-103.65039999999999
 10
493.0527
 20
-103.65039999999999
  0
TEXT
  5
81C
330
17
100
AcDbEntity
  8
PLAN-CORTE-TEXTOS
100
AcDbText
 10
493.1402
 20
-104.2254
 30
0.0
 40
0.035
  1
P7 (DE SOBRA DE P6)
 50
90.0
 72
1
 11
493.1402
 21
-104.2254
 31
0.0
100
AcDbText
 73
2
  0
LWPOLYLINE
  5
81D
330
17
100
AcDbEntity
  8
PLAN-CORTE-DESPERDICIO
100
AcDbPolyline
 90
4
 70
1
 10
492.7027
 20
-103.65039999999999
 10
492.8777
 20
-103.65039999999999
 10
492.8777
 20
-103.6064
 10
492.7027
 20
-103.6064
  0
LWPOLYLINE
  5
81E
330
17
100
AcDbEntity
  8
PLAN-CORTE-DESPERDICIO
100
AcDbPolyline
 90
4
 70
1
 10
492.8777
 20
-103.65039999999999
 10
493.0527
 20
-103.65039999999999
 10
493.0527
 20
-103.6064
 10
492.8777
 20
-103.6064
  0
LWPOLYLINE
  5
81F
330
17
100
AcDbEntity
  8
PLAN-CORTE-DESPERDICIO
100
AcDbPolyline
 90
4
 70
1
 10
493.22769999999997
 20
-104.8004
 10
493.2987
 20
-104.8004
 10
493.2987
 20
-103.6064
 10
493.22769999999997
 20
-103.6064
  0
LWPOLYLINE
  5
820
330
17
100
AcDbEntity
  8
PLAN-CORTE-DESPERDICIO
100
AcDbPolyline
 90
4
 70
1
 10
493.0527
 20
-103.65039999999999
 10
493.2277
 20
-103.65039999999999
 10
493.2277
 20
-103.6064
 10
493.0527
 20
-103.6064
  0
LWPOLYLINE
  5
821
330
17
100
AcDbEntity
  8
PLAN-CORTE-PIEZAS-A-ABRIR
100
AcDbPolyline
 90
4
 70
1
 10
493.74870000000004
 20
-104.8004
 10
494.34470000000005
 20
-104.8004
 10
494.34470000000005
 20
-103.6064
 10
493.74870000000004
 20
-103.6064
  0
TEXT
  5
822
330
17
100
AcDbEntity
  8
PLAN-CORTE-TEXTOS
100
AcDbText
 10
494.04670000000004
 20
-103.4664
 30
0.0
 40
0.06
  1
M-93
 72
1
 11
494.04670000000004
 21
-103.4664
 31
0.0
100
AcDbText
 73
2
  0
LWPOLYLINE
  5
823
330
17
100
AcDbEntity
  8
PLAN-CORTE-RECORTES
100
AcDbPolyline
 90
4
 70
1
 10
493.74870000000004
 20
-104.8004
 10
493.92370000000005
 20
-104.8004
 10
493.92370000000005
 20
-103.65039999999999
 10
493.74870000000004
 20
-103.65039999999999
  0
TEXT
  5
824
330
17
100
AcDbEntity
  8
PLAN-CORTE-TEXTOS
100
AcDbText
 10
493.8362
 20
-104.2254
 30
0.0
 40
0.035
  1
P8
 50
90.0
 72
1
 11
493.8362
 21
-104.2254
 31
0.0
100
AcDbText
 73
2
  0
LWPOLYLINE
  5
825
330
17
100
AcDbEntity
  8
PLAN-CORTE-RECORTES
100
AcDbPolyline
 90
4
 70
1
 10
493.92370000000005
 20
-104.8004
 10
494.09870000000006
 20
-104.8004
 10
494.09870000000006
 20
-103.65039999999999
 10
493.92370000000005
 20
-103.65039999999999
  0
TEXT
  5
826
330
17
100
AcDbEntity
  8
PLAN-CORTE-TEXTOS
100
AcDbText
 10
494.01120000000003
 20
-104.2254
 30
0.0
 40
0.035
  1
P9 (DE SOBRA DE P8)
 50
90.0
 72
1
 11
494.01120000000003
 21
-104.2254
 31
0.0
100
AcDbText
 73
2
  0
LWPOLYLINE
  5
827
330
17
100
AcDbEntity
  8
PLAN-CORTE-RECORTES
100
AcDbPolyline
 90
4
 70
1
 10
494.09870000000006
 20
-104.8004
 10
494.2737000000001
 20
-104.8004
 10
494.2737000000001
 20
-103.65039999999999
 10
494.09870000000006
 20
-103.65039999999999
  0
TEXT
  5
828
330
17
100
AcDbEntity
  8
PLAN-CORTE-TEXTOS
100
AcDbText
 10
494.18620000000004
 20
-104.2254
 30
0.0
 40
0.035
  1
P10 (DE SOBRA DE P9)
 50
90.0
 72
1
 11
494.18620000000004
 21
-104.2254
 31
0.0
100
AcDbText
 73
2
  0
LWPOLYLINE
  5
829
330
17
100
AcDbEntity
  8
PLAN-CORTE-DESPERDICIO
100
AcDbPolyline
 90
4
 70
1
 10
493.74870000000004
 20
-103.65039999999999
 10
493.92370000000005
 20
-103.65039999999999
 10
493.92370000000005
 20
-103.6064
 10
493.74870000000004
 20
-103.6064
  0
LWPOLYLINE
  5
82A
330
17
100
AcDbEntity
  8
PLAN-CORTE-DESPERDICIO
100
AcDbPolyline
 90
4
 70
1
 10
493.92370000000005
 20
-103.65039999999999
 10
494.09870000000006
 20
-103.65039999999999
 10
494.09870000000006
 20
-103.6064
 10
493.92370000000005
 20
-103.6064
  0
LWPOLYLINE
  5
82B
330
17
100
AcDbEntity
  8
PLAN-CORTE-DESPERDICIO
100
AcDbPolyline
 90
4
 70
1
 10
494.2737
 20
-104.8004
 10
494.34470000000005
 20
-104.8004
 10
494.34470000000005
 20
-103.6064
 10
494.2737
 20
-103.6064
  0
LWPOLYLINE
  5
82C
330
17
100
AcDbEntity
  8
PLAN-CORTE-DESPERDICIO
100
AcDbPolyline
 90
4
 70
1
 10
494.09870000000006
 20
-103.65039999999999
 10
494.2737000000001
 20
-103.65039999999999
 10
494.2737000000001
 20
-103.6064
 10
494.09870000000006
 20
-103.6064
  0
LWPOLYLINE
  5
82D
330
17
100
AcDbEntity
  8
PLAN-CORTE-PIEZAS-A-ABRIR
100
AcDbPolyline
 90
4
 70
1
 10
494.79470000000003
 20
-104.8004
 10
495.39070000000004
 20
-104.8004
 10
495.39070000000004
 20
-103.6064
 10
494.79470000000003
 20
-103.6064
  0
TEXT
  5
82E
330
17
100
AcDbEntity
  8
PLAN-CORTE-TEXTOS
100
AcDbText
 10
495.09270000000004
 20
-103.4664
 30
0.0
 40
0.06
  1
M-94
 72
1
 11
495.09270000000004
 21
-103.4664
 31
0.0
100
AcDbText
 73
2
  0
LWPOLYLINE
  5
82F
330
17
100
AcDbEntity
  8
PLAN-CORTE-RECORTES
100
AcDbPolyline
 90
4
 70
1
 10
494.79470000000003
 20
-104.8004
 10
494.96970000000005
 20
-104.8004
 10
494.96970000000005
 20
-103.65039999999999
 10
494.79470000000003
 20
-103.65039999999999
  0
TEXT
  5
830
330
17
100
AcDbEntity
  8
PLAN-CORTE-TEXTOS
100
AcDbText
 10
494.8822
 20
-104.2254
 30
0.0
 40
0.035
  1
P11
 50
90.0
 72
1
 11
494.8822
 21
-104.2254
 31
0.0
100
AcDbText
 73
2
  0
LWPOLYLINE
  5
831
330
17
100
AcDbEntity
  8
PLAN-CORTE-RECORTES
100
AcDbPolyline
 90
4
 70
1
 10
494.96970000000005
 20
-104.8004
 10
495.14470000000006
 20
-104.8004
 10
495.14470000000006
 20
-103.65039999999999
 10
494.96970000000005
 20
-103.65039999999999
  0
TEXT
  5
832
330
17
100
AcDbEntity
  8
PLAN-CORTE-TEXTOS
100
AcDbText
 10
495.0572
 20
-104.2254
 30
0.0
 40
0.035
  1
P12 (DE SOBRA DE P11)
 50
90.0
 72
1
 11
495.0572
 21
-104.2254
 31
0.0
100
AcDbText
 73
2
  0
LWPOLYLINE
  5
833
330
17
100
AcDbEntity
  8
PLAN-CORTE-RECORTES
100
AcDbPolyline
 90
4
 70
1
 10
495.14470000000006
 20
-104.8004
 10
495.31970000000007
 20
-104.8004
 10
495.31970000000007
 20
-103.65039999999999
 10
495.14470000000006
 20
-103.65039999999999
  0
TEXT
  5
834
330
17
100
AcDbEntity
  8
PLAN-CORTE-TEXTOS
100
AcDbText
 10
495.23220000000003
 20
-104.2254
 30
0.0
 40
0.035
  1
P13 (DE SOBRA DE P12)
 50
90.0
 72
1
 11
495.23220000000003
 21
-104.2254
 31
0.0
100
AcDbText
 73
2
  0
LWPOLYLINE
  5
835
330
17
100
AcDbEntity
  8
PLAN-CORTE-DESPERDICIO
100
AcDbPolyline
 90
4
 70
1
 10
494.79470000000003
 20
-103.65039999999999
 10
494.96970000000005
 20
-103.65039999999999
 10
494.96970000000005
 20
-103.6064
 10
494.79470000000003
 20
-103.6064
  0
LWPOLYLINE
  5
836
330
17
100
AcDbEntity
  8
PLAN-CORTE-DESPERDICIO
100
AcDbPolyline
 90
4
 70
1
 10
494.96970000000005
 20
-103.65039999999999
 10
495.14470000000006
 20
-103.65039999999999
 10
495.14470000000006
 20
-103.6064
 10
494.96970000000005
 20
-103.6064
  0
LWPOLYLINE
  5
837
330
17
100
AcDbEntity
  8
PLAN-CORTE-DESPERDICIO
100
AcDbPolyline
 90
4
 70
1
 10
495.3197
 20
-104.8004
 10
495.39070000000004
 20
-104.8004
 10
495.39070000000004
 20
-103.6064
 10
495.3197
 20
-103.6064
  0
LWPOLYLINE
  5
838
330
17
100
AcDbEntity
  8
PLAN-CORTE-DESPERDICIO
100
AcDbPolyline
 90
4
 70
1
 10
495.14470000000006
 20
-103.65039999999999
 10
495.31970000000007
 20
-103.65039999999999
 10
495.31970000000007
 20
-103.6064
 10
495.14470000000006
 20
-103.6064
  0
LWPOLYLINE
  5
839
330
17
100
AcDbEntity
  8
PLAN-CORTE-PIEZAS-A-ABRIR
100
AcDbPolyline
 90
4
 70
1
 10
495.8407
 20
-104.8004
 10
496.43670000000003
 20
-104.8004
 10
496.43670000000003
 20
-103.6064
 10
495.8407
 20
-103.6064
  0
TEXT
  5
83A
330
17
100
AcDbEntity
  8
PLAN-CORTE-TEXTOS
100
AcDbText
 10
496.13870000000003
 20
-103.4664
 30
0.0
 40
0.06
  1
M-95
 72
1
 11
496.13870000000003
 21
-103.4664
 31
0.0
100
AcDbText
 73
2
  0
LWPOLYLINE
  5
83B
330
17
100
AcDbEntity
  8
PLAN-CORTE-RECORTES
100
AcDbPolyline
 90
4
 70
1
 10
495.8407
 20
-104.8004
 10
496.01570000000004
 20
-104.8004
 10
496.01570000000004
 20
-103.65039999999999
 10
495.8407
 20
-103.65039999999999
  0
TEXT
  5
83C
330
17
100
AcDbEntity
  8
PLAN-CORTE-TEXTOS
100
AcDbText
 10
495.9282
 20
-104.2254
 30
0.0
 40
0.035
  1
P14
 50
90.0
 72
1
 11
495.9282
 21
-104.2254
 31
0.0
100
AcDbText
 73
2
  0
LWPOLYLINE
  5
83D
330
17
100
AcDbEntity
  8
PLAN-CORTE-RECORTES
100
AcDbPolyline
 90
4
 70
1
 10
496.01570000000004
 20
-104.8004
 10
496.3217
 20
-104.8004
 10
496.3217
 20
-104.20439999999999
 10
496.01570000000004
 20
-104.20439999999999
  0
TEXT
  5
83E
330
17
100
AcDbEntity
  8
PLAN-CORTE-TEXTOS
100
AcDbText
 10
496.16870000000006
 20
-104.5024
 30
0.0
 40
0.029563492063492063
  1
R1-fondo-4 (DE SOBRA DE P14)
 50
90.0
 72
1
 11
496.16870000000006
 21
-104.5024
 31
0.0
100
AcDbText
 73
2
  0
LWPOLYLINE
  5
83F
330
17
100
AcDbEntity
  8
PLAN-CORTE-RECORTES
100
AcDbPolyline
 90
4
 70
1
 10
496.01570000000004
 20
-104.20439999999999
 10
496.3217
 20
-104.20439999999999
 10
496.3217
 20
-103.60839999999999
 10
496.01570000000004
 20
-103.60839999999999
  0
TEXT
  5
840
330
17
100
AcDbEntity
  8
PLAN-CORTE-TEXTOS
100
AcDbText
 10
496.16870000000006
 20
-103.90639999999999
 30
0.0
 40
0.02365079365079365
  1
R1-fondo-6 (DE SOBRA DE R1-fondo-4)
 50
90.0
 72
1
 11
496.16870000000006
 21
-103.90639999999999
 31
0.0
100
AcDbText
 73
2
  0
LWPOLYLINE
  5
841
330
17
100
AcDbEntity
  8
PLAN-CORTE-DESPERDICIO
100
AcDbPolyline
 90
4
 70
1
 10
495.8407
 20
-103.65039999999999
 10
496.01570000000004
 20
-103.65039999999999
 10
496.01570000000004
 20
-103.6064
 10
495.8407
 20
-103.6064
  0
LWPOLYLINE
  5
842
330
17
100
AcDbEntity
  8
PLAN-CORTE-SOBRANTES
100
AcDbPolyline
 90
4
 70
1
 10
496.3217
 20
-104.8004
 10
496.43670000000003
 20
-104.8004
 10
496.43670000000003
 20
-104.20439999999999
 10
496.3217
 20
-104.20439999999999
  0
TEXT
  5
843
330
17
100
AcDbEntity
  8
PLAN-CORTE-TEXTOS
100
AcDbText
 10
496.3792
 20
-104.5024
 30
0.0
 40
0.028380952380952378
  1
SOBRA 0.115x0.596 -> GUARDAR
 50
90.0
 72
1
 11
496.3792
 21
-104.5024
 31
0.0
100
AcDbText
 73
2
  0
LWPOLYLINE
  5
844
330
17
100
AcDbEntity
  8
PLAN-CORTE-SOBRANTES
100
AcDbPolyline
 90
4
 70
1
 10
496.3217
 20
-104.20439999999999
 10
496.43670000000003
 20
-104.20439999999999
 10
496.43670000000003
 20
-103.6064
 10
496.3217
 20
-103.6064
  0
TEXT
  5
845
330
17
100
AcDbEntity
  8
PLAN-CORTE-TEXTOS
100
AcDbText
 10
496.3792
 20
-103.90539999999999
 30
0.0
 40
0.028476190476190474
  1
SOBRA 0.115x0.598 -> GUARDAR
 50
90.0
 72
1
 11
496.3792
 21
-103.90539999999999
 31
0.0
100
AcDbText
 73
2
  0
TEXT
  5
846
330
17
100
AcDbEntity
  8
PLAN-CORTE-TEXTOS
100
AcDbText
 10
498.5647
 20
-106.3004
 30
0.0
 40
0.25
  1
PLAN DE CORTE - ROYAL WALNUT  (87 piezas a abrir EN ORDEN: RW-01 = primer corte, PLANTA ALTA junto a la ESCALERA, y se avanza alejandose; al terminar P.A. sigue P.B.; amarillo = SOBRANTE con su medida -> GUARDAR EN RESERVA; rojo = desperdicio)
 72
1
 11
498.5647
 21
-106.3004
 31
0.0
100
AcDbText
 73
2
  0
LWPOLYLINE
  5
847
330
17
100
AcDbEntity
  8
PLAN-CORTE-PIEZAS-A-ABRIR
100
AcDbPolyline
 90
4
 70
1
 10
489.5647
 20
-108.7004
 10
489.7647
 20
-108.7004
 10
489.7647
 20
-107.5004
 10
489.5647
 20
-107.5004
  0
TEXT
  5
848
330
17
100
AcDbEntity
  8
PLAN-CORTE-TEXTOS
100
AcDbText
 10
489.66470000000004
 20
-107.3604
 30
0.0
 40
0.06
  1
RW-01
 72
1
 11
489.66470000000004
 21
-107.3604
 31
0.0
100
AcDbText
 73
2
  0
LWPOLYLINE
  5
849
330
17
100
AcDbEntity
  8
PLAN-CORTE-RECORTES
100
AcDbPolyline
 90
4
 70
1
 10
489.5647
 20
-108.7004
 10
489.7647
 20
-108.7004
 10
489.7647
 20
-108.2514
 10
489.5647
 20
-108.2514
  0
TEXT
  5
84A
330
17
100
AcDbEntity
  8
PLAN-CORTE-TEXTOS
100
AcDbText
 10
489.66470000000004
 20
-108.4759
 30
0.0
 40
0.035
  1
PA-R-133
 50
90.0
 72
1
 11
489.66470000000004
 21
-108.4759
 31
0.0
100
AcDbText
 73
2
  0
LWPOLYLINE
  5
84B
330
17
100
AcDbEntity
  8
PLAN-CORTE-RECORTES
100
AcDbPolyline
 90
4
 70
1
 10
489.5647
 20
-108.2514
 10
489.7647
 20
-108.2514
 10
489.7647
 20
-107.8024
 10
489.5647
 20
-107.8024
  0
TEXT
  5
84C
330
17
100
AcDbEntity
  8
PLAN-CORTE-TEXTOS
100
AcDbText
 10
489.66470000000004
 20
-108.0269
 30
0.0
 40
0.020116487455197132
  1
PA-R-139 (DE SOBRA DE PA-R-133)
 50
90.0
 72
1
 11
489.66470000000004
 21
-108.0269
 31
0.0
100
AcDbText
 73
2
  0
LWPOLYLINE
  5
84D
330
17
100
AcDbEntity
  8
PLAN-CORTE-SOBRANTES
100
AcDbPolyline
 90
4
 70
1
 10
489.5647
 20
-107.8024
 10
489.7647
 20
-107.8024
 10
489.7647
 20
-107.5004
 10
489.5647
 20
-107.5004
  0
TEXT
  5
84E
330
17
100
AcDbEntity
  8
PLAN-CORTE-TEXTOS
100
AcDbText
 10
489.66470000000004
 20
-107.65140000000001
 30
0.0
 40
0.026844444444444435
  1
SOBRA 0.2x0.302
 50
90.0
 72
1
 11
489.66470000000004
 21
-107.65140000000001
 31
0.0
100
AcDbText
 73
2
  0
LWPOLYLINE
  5
84F
330
17
100
AcDbEntity
  8
PLAN-CORTE-PIEZAS-A-ABRIR
100
AcDbPolyline
 90
4
 70
1
 10
490.2147
 20
-108.7004
 10
490.4147
 20
-108.7004
 10
490.4147
 20
-107.5004
 10
490.2147
 20
-107.5004
  0
TEXT
  5
850
330
17
100
AcDbEntity
  8
PLAN-CORTE-TEXTOS
100
AcDbText
 10
490.3147
 20
-107.3604
 30
0.0
 40
0.06
  1
RW-02
 72
1
 11
490.3147
 21
-107.3604
 31
0.0
100
AcDbText
 73
2
  0
LWPOLYLINE
  5
851
330
17
100
AcDbEntity
  8
PLAN-CORTE-RECORTES
100
AcDbPolyline
 90
4
 70
1
 10
490.2147
 20
-108.7004
 10
490.4147
 20
-108.7004
 10
490.4147
 20
-108.2215
 10
490.2147
 20
-108.2215
  0
TEXT
  5
852
330
17
100
AcDbEntity
  8
PLAN-CORTE-TEXTOS
100
AcDbText
 10
490.3147
 20
-108.46095
 30
0.0
 40
0.035
  1
PA-R-008
 50
90.0
 72
1
 11
490.3147
 21
-108.46095
 31
0.0
100
AcDbText
 73
2
  0
LWPOLYLINE
  5
853
330
17
100
AcDbEntity
  8
PLAN-CORTE-RECORTES
100
AcDbPolyline
 90
4
 70
1
 10
490.2147
 20
-108.2215
 10
490.4147
 20
-108.2215
 10
490.4147
 20
-107.77250000000001
 10
490.2147
 20
-107.77250000000001
  0
TEXT
  5
854
330
17
100
AcDbEntity
  8
PLAN-CORTE-TEXTOS
100
AcDbText
 10
490.3147
 20
-107.997
 30
0.0
 40
0.020116487455197132
  1
PA-R-138 (DE SOBRA DE PA-R-008)
 50
90.0
 72
1
 11
490.3147
 21
-107.997
 31
0.0
100
AcDbText
 73
2
  0
LWPOLYLINE
  5
855
330
17
100
AcDbEntity
  8
PLAN-CORTE-SOBRANTES
100
AcDbPolyline
 90
4
 70
1
 10
490.2147
 20
-107.77250000000001
 10
490.4147
 20
-107.77250000000001
 10
490.4147
 20
-107.50040000000001
 10
490.2147
 20
-107.50040000000001
  0
TEXT
  5
856
330
17
100
AcDbEntity
  8
PLAN-CORTE-TEXTOS
100
AcDbText
 10
490.3147
 20
-107.63645000000001
 30
0.0
 40
0.045
  1
SOBRA
 50
90.0
 72
1
 11
490.3147
 21
-107.63645000000001
 31
0.0
100
AcDbText
 73
2
  0
LWPOLYLINE
  5
857
330
17
100
AcDbEntity
  8
PLAN-CORTE-PIEZAS-A-ABRIR
100
AcDbPolyline
 90
4
 70
1
 10
490.8647
 20
-108.7004
 10
491.0647
 20
-108.7004
 10
491.0647
 20
-107.5004
 10
490.8647
 20
-107.5004
  0
TEXT
  5
858
330
17
100
AcDbEntity
  8
PLAN-CORTE-TEXTOS
100
AcDbText
 10
490.96470000000005
 20
-107.3604
 30
0.0
 40
0.06
  1
RW-03
 72
1
 11
490.96470000000005
 21
-107.3604
 31
0.0
100
AcDbText
 73
2
  0
LWPOLYLINE
  5
859
330
17
100
AcDbEntity
  8
PLAN-CORTE-RECORTES
100
AcDbPolyline
 90
4
 70
1
 10
490.8647
 20
-108.7004
 10
491.0647
 20
-108.7004
 10
491.0647
 20
-107.65090000000001
 10
490.8647
 20
-107.65090000000001
  0
TEXT
  5
85A
330
17
100
AcDbEntity
  8
PLAN-CORTE-TEXTOS
100
AcDbText
 10
490.96470000000005
 20
-108.17565
 30
0.0
 40
0.035
  1
PA-R-132
 50
90.0
 72
1
 11
490.96470000000005
 21
-108.17565
 31
0.0
100
AcDbText
 73
2
  0
LWPOLYLINE
  5
85B
330
17
100
AcDbEntity
  8
PLAN-CORTE-SOBRANTES
100
AcDbPolyline
 90
4
 70
1
 10
490.8647
 20
-107.65090000000001
 10
491.0647
 20
-107.65090000000001
 10
491.0647
 20
-107.50040000000001
 10
490.8647
 20
-107.50040000000001
  0
TEXT
  5
85C
330
17
100
AcDbEntity
  8
PLAN-CORTE-TEXTOS
100
AcDbText
 10
490.96470000000005
 20
-107.57565000000001
 30
0.0
 40
0.045
  1
SOBRA
 72
1
 11
490.96470000000005
 21
-107.57565000000001
 31
0.0
100
AcDbText
 73
2
  0
LWPOLYLINE
  5
85D
330
17
100
AcDbEntity
  8
PLAN-CORTE-PIEZAS-A-ABRIR
100
AcDbPolyline
 90
4
 70
1
 10
491.5147
 20
-108.7004
 10
491.7147
 20
-108.7004
 10
491.7147
 20
-107.5004
 10
491.5147
 20
-107.5004
  0
TEXT
  5
85E
330
17
100
AcDbEntity
  8
PLAN-CORTE-TEXTOS
100
AcDbText
 10
491.6147
 20
-107.3604
 30
0.0
 40
0.06
  1
RW-04
 72
1
 11
491.6147
 21
-107.3604
 31
0.0
100
AcDbText
 73
2
  0
LWPOLYLINE
  5
85F
330
17
100
AcDbEntity
  8
PLAN-CORTE-RECORTES
100
AcDbPolyline
 90
4
 70
1
 10
491.5147
 20
-108.7004
 10
491.7147
 20
-108.7004
 10
491.7147
 20
-108.2514
 10
491.5147
 20
-108.2514
  0
TEXT
  5
860
330
17
100
AcDbEntity
  8
PLAN-CORTE-TEXTOS
100
AcDbText
 10
491.6147
 20
-108.4759
 30
0.0
 40
0.035
  1
PA-R-137
 50
90.0
 72
1
 11
491.6147
 21
-108.4759
 31
0.0
100
AcDbText
 73
2
  0
LWPOLYLINE
  5
861
330
17
100
AcDbEntity
  8
PLAN-CORTE-RECORTES
100
AcDbPolyline
 90
4
 70
1
 10
491.5147
 20
-108.2514
 10
491.7147
 20
-108.2514
 10
491.7147
 20
-107.8024
 10
491.5147
 20
-107.8024
  0
TEXT
  5
862
330
17
100
AcDbEntity
  8
PLAN-CORTE-TEXTOS
100
AcDbText
 10
491.6147
 20
-108.0269
 30
0.0
 40
0.020116487455197132
  1
PA-R-136 (DE SOBRA DE PA-R-137)
 50
90.0
 72
1
 11
491.6147
 21
-108.0269
 31
0.0
100
AcDbText
 73
2
  0
LWPOLYLINE
  5
863
330
17
100
AcDbEntity
  8
PLAN-CORTE-SOBRANTES
100
AcDbPolyline
 90
4
 70
1
 10
491.5147
 20
-107.8024
 10
491.7147
 20
-107.8024
 10
491.7147
 20
-107.5004
 10
491.5147
 20
-107.5004
  0
TEXT
  5
864
330
17
100
AcDbEntity
  8
PLAN-CORTE-TEXTOS
100
AcDbText
 10
491.6147
 20
-107.65140000000001
 30
0.0
 40
0.026844444444444435
  1
SOBRA 0.2x0.302
 50
90.0
 72
1
 11
491.6147
 21
-107.65140000000001
 31
0.0
100
AcDbText
 73
2
  0
LWPOLYLINE
  5
865
330
17
100
AcDbEntity
  8
PLAN-CORTE-PIEZAS-A-ABRIR
100
AcDbPolyline
 90
4
 70
1
 10
492.16470000000004
 20
-108.7004
 10
492.3647
 20
-108.7004
 10
492.3647
 20
-107.5004
 10
492.16470000000004
 20
-107.5004
  0
TEXT
  5
866
330
17
100
AcDbEntity
  8
PLAN-CORTE-TEXTOS
100
AcDbText
 10
492.26470000000006
 20
-107.3604
 30
0.0
 40
0.06
  1
RW-05
 72
1
 11
492.26470000000006
 21
-107.3604
 31
0.0
100
AcDbText
 73
2
  0
LWPOLYLINE
  5
867
330
17
100
AcDbEntity
  8
PLAN-CORTE-RECORTES
100
AcDbPolyline
 90
4
 70
1
 10
492.16470000000004
 20
-108.7004
 10
492.3647
 20
-108.7004
 10
492.3647
 20
-107.65090000000001
 10
492.16470000000004
 20
-107.65090000000001
  0
TEXT
  5
868
330
17
100
AcDbEntity
  8
PLAN-CORTE-TEXTOS
100
AcDbText
 10
492.26470000000006
 20
-108.17565
 30
0.0
 40
0.035
  1
PA-R-131
 50
90.0
 72
1
 11
492.26470000000006
 21
-108.17565
 31
0.0
100
AcDbText
 73
2
  0
LWPOLYLINE
  5
869
330
17
100
AcDbEntity
  8
PLAN-CORTE-SOBRANTES
100
AcDbPolyline
 90
4
 70
1
 10
492.16470000000004
 20
-107.65090000000001
 10
492.3647
 20
-107.65090000000001
 10
492.3647
 20
-107.50040000000001
 10
492.16470000000004
 20
-107.50040000000001
  0
TEXT
  5
86A
330
17
100
AcDbEntity
  8
PLAN-CORTE-TEXTOS
100
AcDbText
 10
492.26470000000006
 20
-107.57565000000001
 30
0.0
 40
0.045
  1
SOBRA
 72
1
 11
492.26470000000006
 21
-107.57565000000001
 31
0.0
100
AcDbText
 73
2
  0
LWPOLYLINE
  5
86B
330
17
100
AcDbEntity
  8
PLAN-CORTE-PIEZAS-A-ABRIR
100
AcDbPolyline
 90
4
 70
1
 10
492.8147
 20
-108.7004
 10
493.0147
 20
-108.7004
 10
493.0147
 20
-107.5004
 10
492.8147
 20
-107.5004
  0
TEXT
  5
86C
330
17
100
AcDbEntity
  8
PLAN-CORTE-TEXTOS
100
AcDbText
 10
492.91470000000004
 20
-107.3604
 30
0.0
 40
0.06
  1
RW-06
 72
1
 11
492.91470000000004
 21
-107.3604
 31
0.0
100
AcDbText
 73
2
  0
LWPOLYLINE
  5
86D
330
17
100
AcDbEntity
  8
PLAN-CORTE-RECORTES
100
AcDbPolyline
 90
4
 70
1
 10
492.8147
 20
-108.7004
 10
492.8867
 20
-108.7004
 10
492.8867
 20
-107.5064
 10
492.8147
 20
-107.5064
  0
TEXT
  5
86E
330
17
100
AcDbEntity
  8
PLAN-CORTE-TEXTOS
100
AcDbText
 10
492.8507
 20
-108.10340000000001
 30
0.0
 40
0.016
  1
PA-R-178
 50
90.0
 72
1
 11
492.8507
 21
-108.10340000000001
 31
0.0
100
AcDbText
 73
2
  0
LWPOLYLINE
  5
86F
330
17
100
AcDbEntity
  8
PLAN-CORTE-RECORTES
100
AcDbPolyline
 90
4
 70
1
 10
492.8867
 20
-108.7004
 10
492.9757
 20
-108.7004
 10
492.9757
 20
-107.8004
 10
492.8867
 20
-107.8004
  0
TEXT
  5
870
330
17
100
AcDbEntity
  8
PLAN-CORTE-TEXTOS
100
AcDbText
 10
492.93120000000005
 20
-108.2504
 30
0.0
 40
0.019777777777777776
  1
PA-R-124 (DE SOBRA DE PA-R-178)
 50
90.0
 72
1
 11
492.93120000000005
 21
-108.2504
 31
0.0
100
AcDbText
 73
2
  0
LWPOLYLINE
  5
871
330
17
100
AcDbEntity
  8
PLAN-CORTE-DESPERDICIO
100
AcDbPolyline
 90
4
 70
1
 10
492.9757
 20
-108.7004
 10
493.0147
 20
-108.7004
 10
493.0147
 20
-107.5004
 10
492.9757
 20
-107.5004
  0
LWPOLYLINE
  5
872
330
17
100
AcDbEntity
  8
PLAN-CORTE-DESPERDICIO
100
AcDbPolyline
 90
4
 70
1
 10
492.8867
 20
-107.8004
 10
492.9757
 20
-107.8004
 10
492.9757
 20
-107.5004
 10
492.8867
 20
-107.5004
  0
LWPOLYLINE
  5
873
330
17
100
AcDbEntity
  8
PLAN-CORTE-PIEZAS-A-ABRIR
100
AcDbPolyline
 90
4
 70
1
 10
493.4647
 20
-108.7004
 10
493.6647
 20
-108.7004
 10
493.6647
 20
-107.5004
 10
493.4647
 20
-107.5004
  0
TEXT
  5
874
330
17
100
AcDbEntity
  8
PLAN-CORTE-TEXTOS
100
AcDbText
 10
493.5647
 20
-107.3604
 30
0.0
 40
0.06
  1
RW-07
 72
1
 11
493.5647
 21
-107.3604
 31
0.0
100
AcDbText
 73
2
  0
LWPOLYLINE
  5
875
330
17
100
AcDbEntity
  8
PLAN-CORTE-RECORTES
100
AcDbPolyline
 90
4
 70
1
 10
493.4647
 20
-108.7004
 10
493.6647
 20
-108.7004
 10
493.6647
 20
-107.65090000000001
 10
493.4647
 20
-107.65090000000001
  0
TEXT
  5
876
330
17
100
AcDbEntity
  8
PLAN-CORTE-TEXTOS
100
AcDbText
 10
493.5647
 20
-108.17565
 30
0.0
 40
0.035
  1
PA-R-130
 50
90.0
 72
1
 11
493.5647
 21
-108.17565
 31
0.0
100
AcDbText
 73
2
  0
LWPOLYLINE
  5
877
330
17
100
AcDbEntity
  8
PLAN-CORTE-SOBRANTES
100
AcDbPolyline
 90
4
 70
1
 10
493.4647
 20
-107.65090000000001
 10
493.6647
 20
-107.65090000000001
 10
493.6647
 20
-107.50040000000001
 10
493.4647
 20
-107.50040000000001
  0
TEXT
  5
878
330
17
100
AcDbEntity
  8
PLAN-CORTE-TEXTOS
100
AcDbText
 10
493.5647
 20
-107.57565000000001
 30
0.0
 40
0.045
  1
SOBRA
 72
1
 11
493.5647
 21
-107.57565000000001
 31
0.0
100
AcDbText
 73
2
  0
LWPOLYLINE
  5
879
330
17
100
AcDbEntity
  8
PLAN-CORTE-PIEZAS-A-ABRIR
100
AcDbPolyline
 90
4
 70
1
 10
494.1147
 20
-108.7004
 10
494.3147
 20
-108.7004
 10
494.3147
 20
-107.5004
 10
494.1147
 20
-107.5004
  0
TEXT
  5
87A
330
17
100
AcDbEntity
  8
PLAN-CORTE-TEXTOS
100
AcDbText
 10
494.21470000000005
 20
-107.3604
 30
0.0
 40
0.06
  1
RW-08
 72
1
 11
494.21470000000005
 21
-107.3604
 31
0.0
100
AcDbText
 73
2
  0
LWPOLYLINE
  5
87B
330
17
100
AcDbEntity
  8
PLAN-CORTE-RECORTES
100
AcDbPolyline
 90
4
 70
1
 10
494.1147
 20
-108.7004
 10
494.3147
 20
-108.7004
 10
494.3147
 20
-107.65090000000001
 10
494.1147
 20
-107.65090000000001
  0
TEXT
  5
87C
330
17
100
AcDbEntity
  8
PLAN-CORTE-TEXTOS
100
AcDbText
 10
494.21470000000005
 20
-108.17565
 30
0.0
 40
0.035
  1
PA-R-129
 50
90.0
 72
1
 11
494.21470000000005
 21
-108.17565
 31
0.0
100
AcDbText
 73
2
  0
LWPOLYLINE
  5
87D
330
17
100
AcDbEntity
  8
PLAN-CORTE-SOBRANTES
100
AcDbPolyline
 90
4
 70
1
 10
494.1147
 20
-107.65090000000001
 10
494.3147
 20
-107.65090000000001
 10
494.3147
 20
-107.50040000000001
 10
494.1147
 20
-107.50040000000001
  0
TEXT
  5
87E
330
17
100
AcDbEntity
  8
PLAN-CORTE-TEXTOS
100
AcDbText
 10
494.21470000000005
 20
-107.57565000000001
 30
0.0
 40
0.045
  1
SOBRA
 72
1
 11
494.21470000000005
 21
-107.57565000000001
 31
0.0
100
AcDbText
 73
2
  0
LWPOLYLINE
  5
87F
330
17
100
AcDbEntity
  8
PLAN-CORTE-PIEZAS-A-ABRIR
100
AcDbPolyline
 90
4
 70
1
 10
494.7647
 20
-108.7004
 10
494.9647
 20
-108.7004
 10
494.9647
 20
-107.5004
 10
494.7647
 20
-107.5004
  0
TEXT
  5
880
330
17
100
AcDbEntity
  8
PLAN-CORTE-TEXTOS
100
AcDbText
 10
494.8647
 20
-107.3604
 30
0.0
 40
0.06
  1
RW-09
 72
1
 11
494.8647
 21
-107.3604
 31
0.0
100
AcDbText
 73
2
  0
LWPOLYLINE
  5
881
330
17
100
AcDbEntity
  8
PLAN-CORTE-RECORTES
100
AcDbPolyline
 90
4
 70
1
 10
494.7647
 20
-108.7004
 10
494.9647
 20
-108.7004
 10
494.9647
 20
-108.2514
 10
494.7647
 20
-108.2514
  0
TEXT
  5
882
330
17
100
AcDbEntity
  8
PLAN-CORTE-TEXTOS
100
AcDbText
 10
494.8647
 20
-108.4759
 30
0.0
 40
0.035
  1
PA-R-135
 50
90.0
 72
1
 11
494.8647
 21
-108.4759
 31
0.0
100
AcDbText
 73
2
  0
LWPOLYLINE
  5
883
330
17
100
AcDbEntity
  8
PLAN-CORTE-RECORTES
100
AcDbPolyline
 90
4
 70
1
 10
494.7647
 20
-108.2514
 10
494.9647
 20
-108.2514
 10
494.9647
 20
-107.8024
 10
494.7647
 20
-107.8024
  0
TEXT
  5
884
330
17
100
AcDbEntity
  8
PLAN-CORTE-TEXTOS
100
AcDbText
 10
494.8647
 20
-108.0269
 30
0.0
 40
0.020116487455197132
  1
PA-R-134 (DE SOBRA DE PA-R-135)
 50
90.0
 72
1
 11
494.8647
 21
-108.0269
 31
0.0
100
AcDbText
 73
2
  0
LWPOLYLINE
  5
885
330
17
100
AcDbEntity
  8
PLAN-CORTE-SOBRANTES
100
AcDbPolyline
 90
4
 70
1
 10
494.7647
 20
-107.8024
 10
494.9647
 20
-107.8024
 10
494.9647
 20
-107.5004
 10
494.7647
 20
-107.5004
  0
TEXT
  5
886
330
17
100
AcDbEntity
  8
PLAN-CORTE-TEXTOS
100
AcDbText
 10
494.8647
 20
-107.65140000000001
 30
0.0
 40
0.026844444444444435
  1
SOBRA 0.2x0.302
 50
90.0
 72
1
 11
494.8647
 21
-107.65140000000001
 31
0.0
100
AcDbText
 73
2
  0
LWPOLYLINE
  5
887
330
17
100
AcDbEntity
  8
PLAN-CORTE-PIEZAS-A-ABRIR
100
AcDbPolyline
 90
4
 70
1
 10
495.41470000000004
 20
-108.7004
 10
495.6147
 20
-108.7004
 10
495.6147
 20
-107.5004
 10
495.41470000000004
 20
-107.5004
  0
TEXT
  5
888
330
17
100
AcDbEntity
  8
PLAN-CORTE-TEXTOS
100
AcDbText
 10
495.51470000000006
 20
-107.3604
 30
0.0
 40
0.06
  1
RW-10
 72
1
 11
495.51470000000006
 21
-107.3604
 31
0.0
100
AcDbText
 73
2
  0
LWPOLYLINE
  5
889
330
17
100
AcDbEntity
  8
PLAN-CORTE-RECORTES
100
AcDbPolyline
 90
4
 70
1
 10
495.41470000000004
 20
-108.7004
 10
495.6147
 20
-108.7004
 10
495.6147
 20
-108.1044
 10
495.41470000000004
 20
-108.1044
  0
TEXT
  5
88A
330
17
100
AcDbEntity
  8
PLAN-CORTE-TEXTOS
100
AcDbText
 10
495.51470000000006
 20
-108.4024
 30
0.0
 40
0.035
  1
PA-R-108
 50
90.0
 72
1
 11
495.51470000000006
 21
-108.4024
 31
0.0
100
AcDbText
 73
2
  0
LWPOLYLINE
  5
88B
330
17
100
AcDbEntity
  8
PLAN-CORTE-RECORTES
100
AcDbPolyline
 90
4
 70
1
 10
495.41470000000004
 20
-108.1044
 10
495.6147
 20
-108.1044
 10
495.6147
 20
-107.5084
 10
495.41470000000004
 20
-107.5084
  0
TEXT
  5
88C
330
17
100
AcDbEntity
  8
PLAN-CORTE-TEXTOS
100
AcDbText
 10
495.51470000000006
 20
-107.8064
 30
0.0
 40
0.026702508960573475
  1
PA-R-110 (DE SOBRA DE PA-R-108)
 50
90.0
 72
1
 11
495.51470000000006
 21
-107.8064
 31
0.0
100
AcDbText
 73
2
  0
LWPOLYLINE
  5
88D
330
17
100
AcDbEntity
  8
PLAN-CORTE-PIEZAS-A-ABRIR
100
AcDbPolyline
 90
4
 70
1
 10
496.0647
 20
-108.7004
 10
496.2647
 20
-108.7004
 10
496.2647
 20
-107.5004
 10
496.0647
 20
-107.5004
  0
TEXT
  5
88E
330
17
100
AcDbEntity
  8
PLAN-CORTE-TEXTOS
100
AcDbText
 10
496.16470000000004
 20
-107.3604
 30
0.0
 40
0.06
  1
RW-11
 72
1
 11
496.16470000000004
 21
-107.3604
 31
0.0
100
AcDbText
 73
2
  0
LWPOLYLINE
  5
88F
330
17
100
AcDbEntity
  8
PLAN-CORTE-RECORTES
100
AcDbPolyline
 90
4
 70
1
 10
496.0647
 20
-108.7004
 10
496.2647
 20
-108.7004
 10
496.2647
 20
-108.1044
 10
496.0647
 20
-108.1044
  0
TEXT
  5
890
330
17
100
AcDbEntity
  8
PLAN-CORTE-TEXTOS
100
AcDbText
 10
496.16470000000004
 20
-108.4024
 30
0.0
 40
0.035
  1
PA-R-109
 50
90.0
 72
1
 11
496.16470000000004
 21
-108.4024
 31
0.0
100
AcDbText
 73
2
  0
LWPOLYLINE
  5
891
330
17
100
AcDbEntity
  8
PLAN-CORTE-RECORTES
100
AcDbPolyline
 90
4
 70
1
 10
496.0647
 20
-108.1044
 10
496.2647
 20
-108.1044
 10
496.2647
 20
-107.5084
 10
496.0647
 20
-107.5084
  0
TEXT
  5
892
330
17
100
AcDbEntity
  8
PLAN-CORTE-TEXTOS
100
AcDbText
 10
496.16470000000004
 20
-107.8064
 30
0.0
 40
0.026702508960573475
  1
PA-R-142 (DE SOBRA DE PA-R-109)
 50
90.0
 72
1
 11
496.16470000000004
 21
-107.8064
 31
0.0
100
AcDbText
 73
2
  0
LWPOLYLINE
  5
893
330
17
100
AcDbEntity
  8
PLAN-CORTE-PIEZAS-A-ABRIR
100
AcDbPolyline
 90
4
 70
1
 10
496.7147
 20
-108.7004
 10
496.9147
 20
-108.7004
 10
496.9147
 20
-107.5004
 10
496.7147
 20
-107.5004
  0
TEXT
  5
894
330
17
100
AcDbEntity
  8
PLAN-CORTE-TEXTOS
100
AcDbText
 10
496.8147
 20
-107.3604
 30
0.0
 40
0.06
  1
RW-12
 72
1
 11
496.8147
 21
-107.3604
 31
0.0
100
AcDbText
 73
2
  0
LWPOLYLINE
  5
895
330
17
100
AcDbEntity
  8
PLAN-CORTE-RECORTES
100
AcDbPolyline
 90
4
 70
1
 10
496.7147
 20
-108.7004
 10
496.9147
 20
-108.7004
 10
496.9147
 20
-108.1908
 10
496.7147
 20
-108.1908
  0
TEXT
  5
896
330
17
100
AcDbEntity
  8
PLAN-CORTE-TEXTOS
100
AcDbText
 10
496.8147
 20
-108.4456
 30
0.0
 40
0.035
  1
PA-R-099
 50
90.0
 72
1
 11
496.8147
 21
-108.4456
 31
0.0
100
AcDbText
 73
2
  0
LWPOLYLINE
  5
897
330
17
100
AcDbEntity
  8
PLAN-CORTE-RECORTES
100
AcDbPolyline
 90
4
 70
1
 10
496.7147
 20
-108.1908
 10
496.9147
 20
-108.1908
 10
496.9147
 20
-107.68119999999999
 10
496.7147
 20
-107.68119999999999
  0
TEXT
  5
898
330
17
100
AcDbEntity
  8
PLAN-CORTE-TEXTOS
100
AcDbText
 10
496.8147
 20
-107.93599999999999
 30
0.0
 40
0.022831541218637993
  1
PA-R-098 (DE SOBRA DE PA-R-099)
 50
90.0
 72
1
 11
496.8147
 21
-107.93599999999999
 31
0.0
100
AcDbText
 73
2
  0
LWPOLYLINE
  5
899
330
17
100
AcDbEntity
  8
PLAN-CORTE-SOBRANTES
100
AcDbPolyline
 90
4
 70
1
 10
496.7147
 20
-107.6812
 10
496.9147
 20
-107.6812
 10
496.9147
 20
-107.5004
 10
496.7147
 20
-107.5004
  0
TEXT
  5
89A
330
17
100
AcDbEntity
  8
PLAN-CORTE-TEXTOS
100
AcDbText
 10
496.8147
 20
-107.5908
 30
0.0
 40
0.045
  1
SOBRA
 72
1
 11
496.8147
 21
-107.5908
 31
0.0
100
AcDbText
 73
2
  0
LWPOLYLINE
  5
89B
330
17
100
AcDbEntity
  8
PLAN-CORTE-PIEZAS-A-ABRIR
100
AcDbPolyline
 90
4
 70
1
 10
497.3647
 20
-108.7004
 10
497.5647
 20
-108.7004
 10
497.5647
 20
-107.5004
 10
497.3647
 20
-107.5004
  0
TEXT
  5
89C
330
17
100
AcDbEntity
  8
PLAN-CORTE-TEXTOS
100
AcDbText
 10
497.46470000000005
 20
-107.3604
 30
0.0
 40
0.06
  1
RW-13
 72
1
 11
497.46470000000005
 21
-107.3604
 31
0.0
100
AcDbText
 73
2
  0
LWPOLYLINE
  5
89D
330
17
100
AcDbEntity
  8
PLAN-CORTE-RECORTES
100
AcDbPolyline
 90
4
 70
1
 10
497.3647
 20
-108.7004
 10
497.5647
 20
-108.7004
 10
497.5647
 20
-108.18990000000001
 10
497.3647
 20
-108.18990000000001
  0
TEXT
  5
89E
330
17
100
AcDbEntity
  8
PLAN-CORTE-TEXTOS
100
AcDbText
 10
497.46470000000005
 20
-108.44515
 30
0.0
 40
0.035
  1
PA-R-144
 50
90.0
 72
1
 11
497.46470000000005
 21
-108.44515
 31
0.0
100
AcDbText
 73
2
  0
LWPOLYLINE
  5
89F
330
17
100
AcDbEntity
  8
PLAN-CORTE-RECORTES
100
AcDbPolyline
 90
4
 70
1
 10
497.3647
 20
-108.18990000000001
 10
497.5647
 20
-108.18990000000001
 10
497.5647
 20
-107.67940000000002
 10
497.3647
 20
-107.67940000000002
  0
TEXT
  5
8A0
330
17
100
AcDbEntity
  8
PLAN-CORTE-TEXTOS
100
AcDbText
 10
497.46470000000005
 20
-107.93465
 30
0.0
 40
0.022871863799283153
  1
PA-R-143 (DE SOBRA DE PA-R-144)
 50
90.0
 72
1
 11
497.46470000000005
 21
-107.93465
 31
0.0
100
AcDbText
 73
2
  0
LWPOLYLINE
  5
8A1
330
17
100
AcDbEntity
  8
PLAN-CORTE-SOBRANTES
100
AcDbPolyline
 90
4
 70
1
 10
497.3647
 20
-107.6794
 10
497.5647
 20
-107.6794
 10
497.5647
 20
-107.5004
 10
497.3647
 20
-107.5004
  0
TEXT
  5
8A2
330
17
100
AcDbEntity
  8
PLAN-CORTE-TEXTOS
100
AcDbText
 10
497.46470000000005
 20
-107.5899
 30
0.0
 40
0.045
  1
SOBRA
 72
1
 11
497.46470000000005
 21
-107.5899
 31
0.0
100
AcDbText
 73
2
  0
LWPOLYLINE
  5
8A3
330
17
100
AcDbEntity
  8
PLAN-CORTE-PIEZAS-A-ABRIR
100
AcDbPolyline
 90
4
 70
1
 10
498.0147
 20
-108.7004
 10
498.2147
 20
-108.7004
 10
498.2147
 20
-107.5004
 10
498.0147
 20
-107.5004
  0
TEXT
  5
8A4
330
17
100
AcDbEntity
  8
PLAN-CORTE-TEXTOS
100
AcDbText
 10
498.1147
 20
-107.3604
 30
0.0
 40
0.06
  1
RW-14
 72
1
 11
498.1147
 21
-107.3604
 31
0.0
100
AcDbText
 73
2
  0
LWPOLYLINE
  5
8A5
330
17
100
AcDbEntity
  8
PLAN-CORTE-RECORTES
100
AcDbPolyline
 90
4
 70
1
 10
498.0147
 20
-108.7004
 10
498.1037
 20
-108.7004
 10
498.1037
 20
-107.8004
 10
498.0147
 20
-107.8004
  0
TEXT
  5
8A6
330
17
100
AcDbEntity
  8
PLAN-CORTE-TEXTOS
100
AcDbText
 10
498.05920000000003
 20
-108.2504
 30
0.0
 40
0.019777777777777776
  1
PA-R-149
 50
90.0
 72
1
 11
498.05920000000003
 21
-108.2504
 31
0.0
100
AcDbText
 73
2
  0
LWPOLYLINE
  5
8A7
330
17
100
AcDbEntity
  8
PLAN-CORTE-RECORTES
100
AcDbPolyline
 90
4
 70
1
 10
498.1037
 20
-108.7004
 10
498.1757
 20
-108.7004
 10
498.1757
 20
-107.58840000000001
 10
498.1037
 20
-107.58840000000001
  0
TEXT
  5
8A8
330
17
100
AcDbEntity
  8
PLAN-CORTE-TEXTOS
100
AcDbText
 10
498.1397
 20
-108.1444
 30
0.0
 40
0.016
  1
PA-R-159 (DE SOBRA DE PA-R-149)
 50
90.0
 72
1
 11
498.1397
 21
-108.1444
 31
0.0
100
AcDbText
 73
2
  0
LWPOLYLINE
  5
8A9
330
17
100
AcDbEntity
  8
PLAN-CORTE-DESPERDICIO
100
AcDbPolyline
 90
4
 70
1
 10
498.0147
 20
-107.8004
 10
498.1037
 20
-107.8004
 10
498.1037
 20
-107.5004
 10
498.0147
 20
-107.5004
  0
LWPOLYLINE
  5
8AA
330
17
100
AcDbEntity
  8
PLAN-CORTE-DESPERDICIO
100
AcDbPolyline
 90
4
 70
1
 10
498.1757
 20
-108.7004
 10
498.2147
 20
-108.7004
 10
498.2147
 20
-107.5004
 10
498.1757
 20
-107.5004
  0
LWPOLYLINE
  5
8AB
330
17
100
AcDbEntity
  8
PLAN-CORTE-DESPERDICIO
100
AcDbPolyline
 90
4
 70
1
 10
498.1037
 20
-107.58840000000001
 10
498.1757
 20
-107.58840000000001
 10
498.1757
 20
-107.50040000000001
 10
498.1037
 20
-107.50040000000001
  0
LWPOLYLINE
  5
8AC
330
17
100
AcDbEntity
  8
PLAN-CORTE-PIEZAS-A-ABRIR
100
AcDbPolyline
 90
4
 70
1
 10
498.66470000000004
 20
-108.7004
 10
498.8647
 20
-108.7004
 10
498.8647
 20
-107.5004
 10
498.66470000000004
 20
-107.5004
  0
TEXT
  5
8AD
330
17
100
AcDbEntity
  8
PLAN-CORTE-TEXTOS
100
AcDbText
 10
498.76470000000006
 20
-107.3604
 30
0.0
 40
0.06
  1
RW-15
 72
1
 11
498.76470000000006
 21
-107.3604
 31
0.0
100
AcDbText
 73
2
  0
LWPOLYLINE
  5
8AE
330
17
100
AcDbEntity
  8
PLAN-CORTE-RECORTES
100
AcDbPolyline
 90
4
 70
1
 10
498.66470000000004
 20
-108.7004
 10
498.8647
 20
-108.7004
 10
498.8647
 20
-107.65090000000001
 10
498.66470000000004
 20
-107.65090000000001
  0
TEXT
  5
8AF
330
17
100
AcDbEntity
  8
PLAN-CORTE-TEXTOS
100
AcDbText
 10
498.76470000000006
 20
-108.17565
 30
0.0
 40
0.035
  1
PA-R-128
 50
90.0
 72
1
 11
498.76470000000006
 21
-108.17565
 31
0.0
100
AcDbText
 73
2
  0
LWPOLYLINE
  5
8B0
330
17
100
AcDbEntity
  8
PLAN-CORTE-SOBRANTES
100
AcDbPolyline
 90
4
 70
1
 10
498.66470000000004
 20
-107.65090000000001
 10
498.8647
 20
-107.65090000000001
 10
498.8647
 20
-107.50040000000001
 10
498.66470000000004
 20
-107.50040000000001
  0
TEXT
  5
8B1
330
17
100
AcDbEntity
  8
PLAN-CORTE-TEXTOS
100
AcDbText
 10
498.76470000000006
 20
-107.57565000000001
 30
0.0
 40
0.045
  1
SOBRA
 72
1
 11
498.76470000000006
 21
-107.57565000000001
 31
0.0
100
AcDbText
 73
2
  0
LWPOLYLINE
  5
8B2
330
17
100
AcDbEntity
  8
PLAN-CORTE-PIEZAS-A-ABRIR
100
AcDbPolyline
 90
4
 70
1
 10
499.3147
 20
-108.7004
 10
499.5147
 20
-108.7004
 10
499.5147
 20
-107.5004
 10
499.3147
 20
-107.5004
  0
TEXT
  5
8B3
330
17
100
AcDbEntity
  8
PLAN-CORTE-TEXTOS
100
AcDbText
 10
499.41470000000004
 20
-107.3604
 30
0.0
 40
0.06
  1
RW-16
 72
1
 11
499.41470000000004
 21
-107.3604
 31
0.0
100
AcDbText
 73
2
  0
LWPOLYLINE
  5
8B4
330
17
100
AcDbEntity
  8
PLAN-CORTE-RECORTES
100
AcDbPolyline
 90
4
 70
1
 10
499.3147
 20
-108.7004
 10
499.5147
 20
-108.7004
 10
499.5147
 20
-107.5903
 10
499.3147
 20
-107.5903
  0
TEXT
  5
8B5
330
17
100
AcDbEntity
  8
PLAN-CORTE-TEXTOS
100
AcDbText
 10
499.41470000000004
 20
-108.14535000000001
 30
0.0
 40
0.035
  1
PA-R-086
 50
90.0
 72
1
 11
499.41470000000004
 21
-108.14535000000001
 31
0.0
100
AcDbText
 73
2
  0
LWPOLYLINE
  5
8B6
330
17
100
AcDbEntity
  8
PLAN-CORTE-DESPERDICIO
100
AcDbPolyline
 90
4
 70
1
 10
499.3147
 20
-107.5903
 10
499.5147
 20
-107.5903
 10
499.5147
 20
-107.5004
 10
499.3147
 20
-107.5004
  0
LWPOLYLINE
  5
8B7
330
17
100
AcDbEntity
  8
PLAN-CORTE-PIEZAS-A-ABRIR
100
AcDbPolyline
 90
4
 70
1
 10
499.9647
 20
-108.7004
 10
500.1647
 20
-108.7004
 10
500.1647
 20
-107.5004
 10
499.9647
 20
-107.5004
  0
TEXT
  5
8B8
330
17
100
AcDbEntity
  8
PLAN-CORTE-TEXTOS
100
AcDbText
 10
500.0647
 20
-107.3604
 30
0.0
 40
0.06
  1
RW-17
 72
1
 11
500.0647
 21
-107.3604
 31
0.0
100
AcDbText
 73
2
  0
LWPOLYLINE
  5
8B9
330
17
100
AcDbEntity
  8
PLAN-CORTE-RECORTES
100
AcDbPolyline
 90
4
 70
1
 10
499.9647
 20
-108.7004
 10
500.1647
 20
-108.7004
 10
500.1647
 20
-108.1908
 10
499.9647
 20
-108.1908
  0
TEXT
  5
8BA
330
17
100
AcDbEntity
  8
PLAN-CORTE-TEXTOS
100
AcDbText
 10
500.0647
 20
-108.4456
 30
0.0
 40
0.035
  1
PA-R-101
 50
90.0
 72
1
 11
500.0647
 21
-108.4456
 31
0.0
100
AcDbText
 73
2
  0
LWPOLYLINE
  5
8BB
330
17
100
AcDbEntity
  8
PLAN-CORTE-RECORTES
100
AcDbPolyline
 90
4
 70
1
 10
499.9647
 20
-108.1908
 10
500.1647
 20
-108.1908
 10
500.1647
 20
-107.68119999999999
 10
499.9647
 20
-107.68119999999999
  0
TEXT
  5
8BC
330
17
100
AcDbEntity
  8
PLAN-CORTE-TEXTOS
100
AcDbText
 10
500.0647
 20
-107.93599999999999
 30
0.0
 40
0.022831541218637993
  1
PA-R-100 (DE SOBRA DE PA-R-101)
 50
90.0
 72
1
 11
500.0647
 21
-107.93599999999999
 31
0.0
100
AcDbText
 73
2
  0
LWPOLYLINE
  5
8BD
330
17
100
AcDbEntity
  8
PLAN-CORTE-SOBRANTES
100
AcDbPolyline
 90
4
 70
1
 10
499.9647
 20
-107.6812
 10
500.1647
 20
-107.6812
 10
500.1647
 20
-107.5004
 10
499.9647
 20
-107.5004
  0
TEXT
  5
8BE
330
17
100
AcDbEntity
  8
PLAN-CORTE-TEXTOS
100
AcDbText
 10
500.0647
 20
-107.5908
 30
0.0
 40
0.045
  1
SOBRA
 72
1
 11
500.0647
 21
-107.5908
 31
0.0
100
AcDbText
 73
2
  0
LWPOLYLINE
  5
8BF
330
17
100
AcDbEntity
  8
PLAN-CORTE-PIEZAS-A-ABRIR
100
AcDbPolyline
 90
4
 70
1
 10
500.6147
 20
-108.7004
 10
500.8147
 20
-108.7004
 10
500.8147
 20
-107.5004
 10
500.6147
 20
-107.5004
  0
TEXT
  5
8C0
330
17
100
AcDbEntity
  8
PLAN-CORTE-TEXTOS
100
AcDbText
 10
500.71470000000005
 20
-107.3604
 30
0.0
 40
0.06
  1
RW-18
 72
1
 11
500.71470000000005
 21
-107.3604
 31
0.0
100
AcDbText
 73
2
  0
LWPOLYLINE
  5
8C1
330
17
100
AcDbEntity
  8
PLAN-CORTE-RECORTES
100
AcDbPolyline
 90
4
 70
1
 10
500.6147
 20
-108.7004
 10
500.8147
 20
-108.7004
 10
500.8147
 20
-107.5894
 10
500.6147
 20
-107.5894
  0
TEXT
  5
8C2
330
17
100
AcDbEntity
  8
PLAN-CORTE-TEXTOS
100
AcDbText
 10
500.71470000000005
 20
-108.1449
 30
0.0
 40
0.035
  1
PA-R-152
 50
90.0
 72
1
 11
500.71470000000005
 21
-108.1449
 31
0.0
100
AcDbText
 73
2
  0
LWPOLYLINE
  5
8C3
330
17
100
AcDbEntity
  8
PLAN-CORTE-DESPERDICIO
100
AcDbPolyline
 90
4
 70
1
 10
500.6147
 20
-107.5894
 10
500.8147
 20
-107.5894
 10
500.8147
 20
-107.5004
 10
500.6147
 20
-107.5004
  0
LWPOLYLINE
  5
8C4
330
17
100
AcDbEntity
  8
PLAN-CORTE-PIEZAS-A-ABRIR
100
AcDbPolyline
 90
4
 70
1
 10
501.2647
 20
-108.7004
 10
501.4647
 20
-108.7004
 10
501.4647
 20
-107.5004
 10
501.2647
 20
-107.5004
  0
TEXT
  5
8C5
330
17
100
AcDbEntity
  8
PLAN-CORTE-TEXTOS
100
AcDbText
 10
501.3647
 20
-107.3604
 30
0.0
 40
0.06
  1
RW-19
 72
1
 11
501.3647
 21
-107.3604
 31
0.0
100
AcDbText
 73
2
  0
LWPOLYLINE
  5
8C6
330
17
100
AcDbEntity
  8
PLAN-CORTE-RECORTES
100
AcDbPolyline
 90
4
 70
1
 10
501.2647
 20
-108.7004
 10
501.4647
 20
-108.7004
 10
501.4647
 20
-107.5903
 10
501.2647
 20
-107.5903
  0
TEXT
  5
8C7
330
17
100
AcDbEntity
  8
PLAN-CORTE-TEXTOS
100
AcDbText
 10
501.3647
 20
-108.14535000000001
 30
0.0
 40
0.035
  1
PA-R-087
 50
90.0
 72
1
 11
501.3647
 21
-108.14535000000001
 31
0.0
100
AcDbText
 73
2
  0
LWPOLYLINE
  5
8C8
330
17
100
AcDbEntity
  8
PLAN-CORTE-DESPERDICIO
100
AcDbPolyline
 90
4
 70
1
 10
501.2647
 20
-107.5903
 10
501.4647
 20
-107.5903
 10
501.4647
 20
-107.5004
 10
501.2647
 20
-107.5004
  0
LWPOLYLINE
  5
8C9
330
17
100
AcDbEntity
  8
PLAN-CORTE-PIEZAS-A-ABRIR
100
AcDbPolyline
 90
4
 70
1
 10
501.91470000000004
 20
-108.7004
 10
502.1147
 20
-108.7004
 10
502.1147
 20
-107.5004
 10
501.91470000000004
 20
-107.5004
  0
TEXT
  5
8CA
330
17
100
AcDbEntity
  8
PLAN-CORTE-TEXTOS
100
AcDbText
 10
502.01470000000006
 20
-107.3604
 30
0.0
 40
0.06
  1
RW-20
 72
1
 11
502.01470000000006
 21
-107.3604
 31
0.0
100
AcDbText
 73
2
  0
LWPOLYLINE
  5
8CB
330
17
100
AcDbEntity
  8
PLAN-CORTE-RECORTES
100
AcDbPolyline
 90
4
 70
1
 10
501.91470000000004
 20
-108.7004
 10
502.1147
 20
-108.7004
 10
502.1147
 20
-108.1044
 10
501.91470000000004
 20
-108.1044
  0
TEXT
  5
8CC
330
17
100
AcDbEntity
  8
PLAN-CORTE-TEXTOS
100
AcDbText
 10
502.01470000000006
 20
-108.4024
 30
0.0
 40
0.035
  1
PA-R-141
 50
90.0
 72
1
 11
502.01470000000006
 21
-108.4024
 31
0.0
100
AcDbText
 73
2
  0
LWPOLYLINE
  5
8CD
330
17
100
AcDbEntity
  8
PLAN-CORTE-RECORTES
100
AcDbPolyline
 90
4
 70
1
 10
501.91470000000004
 20
-108.1044
 10
502.1147
 20
-108.1044
 10
502.1147
 20
-107.5084
 10
501.91470000000004
 20
-107.5084
  0
TEXT
  5
8CE
330
17
100
AcDbEntity
  8
PLAN-CORTE-TEXTOS
100
AcDbText
 10
502.01470000000006
 20
-107.8064
 30
0.0
 40
0.026702508960573475
  1
PA-R-140 (DE SOBRA DE PA-R-141)
 50
90.0
 72
1
 11
502.01470000000006
 21
-107.8064
 31
0.0
100
AcDbText
 73
2
  0
LWPOLYLINE
  5
8CF
330
17
100
AcDbEntity
  8
PLAN-CORTE-PIEZAS-A-ABRIR
100
AcDbPolyline
 90
4
 70
1
 10
502.5647
 20
-108.7004
 10
502.7647
 20
-108.7004
 10
502.7647
 20
-107.5004
 10
502.5647
 20
-107.5004
  0
TEXT
  5
8D0
330
17
100
AcDbEntity
  8
PLAN-CORTE-TEXTOS
100
AcDbText
 10
502.66470000000004
 20
-107.3604
 30
0.0
 40
0.06
  1
RW-21
 72
1
 11
502.66470000000004
 21
-107.3604
 31
0.0
100
AcDbText
 73
2
  0
LWPOLYLINE
  5
8D1
330
17
100
AcDbEntity
  8
PLAN-CORTE-RECORTES
100
AcDbPolyline
 90
4
 70
1
 10
502.5647
 20
-108.7004
 10
502.7647
 20
-108.7004
 10
502.7647
 20
-107.5894
 10
502.5647
 20
-107.5894
  0
TEXT
  5
8D2
330
17
100
AcDbEntity
  8
PLAN-CORTE-TEXTOS
100
AcDbText
 10
502.66470000000004
 20
-108.1449
 30
0.0
 40
0.035
  1
PA-R-153
 50
90.0
 72
1
 11
502.66470000000004
 21
-108.1449
 31
0.0
100
AcDbText
 73
2
  0
LWPOLYLINE
  5
8D3
330
17
100
AcDbEntity
  8
PLAN-CORTE-DESPERDICIO
100
AcDbPolyline
 90
4
 70
1
 10
502.5647
 20
-107.5894
 10
502.7647
 20
-107.5894
 10
502.7647
 20
-107.5004
 10
502.5647
 20
-107.5004
  0
LWPOLYLINE
  5
8D4
330
17
100
AcDbEntity
  8
PLAN-CORTE-PIEZAS-A-ABRIR
100
AcDbPolyline
 90
4
 70
1
 10
503.2147
 20
-108.7004
 10
503.4147
 20
-108.7004
 10
503.4147
 20
-107.5004
 10
503.2147
 20
-107.5004
  0
TEXT
  5
8D5
330
17
100
AcDbEntity
  8
PLAN-CORTE-TEXTOS
100
AcDbText
 10
503.3147
 20
-107.3604
 30
0.0
 40
0.06
  1
RW-22
 72
1
 11
503.3147
 21
-107.3604
 31
0.0
100
AcDbText
 73
2
  0
LWPOLYLINE
  5
8D6
330
17
100
AcDbEntity
  8
PLAN-CORTE-RECORTES
100
AcDbPolyline
 90
4
 70
1
 10
503.2147
 20
-108.7004
 10
503.4147
 20
-108.7004
 10
503.4147
 20
-107.5903
 10
503.2147
 20
-107.5903
  0
TEXT
  5
8D7
330
17
100
AcDbEntity
  8
PLAN-CORTE-TEXTOS
100
AcDbText
 10
503.3147
 20
-108.14535000000001
 30
0.0
 40
0.035
  1
PA-R-088
 50
90.0
 72
1
 11
503.3147
 21
-108.14535000000001
 31
0.0
100
AcDbText
 73
2
  0
LWPOLYLINE
  5
8D8
330
17
100
AcDbEntity
  8
PLAN-CORTE-DESPERDICIO
100
AcDbPolyline
 90
4
 70
1
 10
503.2147
 20
-107.5903
 10
503.4147
 20
-107.5903
 10
503.4147
 20
-107.5004
 10
503.2147
 20
-107.5004
  0
LWPOLYLINE
  5
8D9
330
17
100
AcDbEntity
  8
PLAN-CORTE-PIEZAS-A-ABRIR
100
AcDbPolyline
 90
4
 70
1
 10
489.5647
 20
-110.6004
 10
489.7647
 20
-110.6004
 10
489.7647
 20
-109.40039999999999
 10
489.5647
 20
-109.40039999999999
  0
TEXT
  5
8DA
330
17
100
AcDbEntity
  8
PLAN-CORTE-TEXTOS
100
AcDbText
 10
489.66470000000004
 20
-109.26039999999999
 30
0.0
 40
0.06
  1
RW-23
 72
1
 11
489.66470000000004
 21
-109.26039999999999
 31
0.0
100
AcDbText
 73
2
  0
LWPOLYLINE
  5
8DB
330
17
100
AcDbEntity
  8
PLAN-CORTE-RECORTES
100
AcDbPolyline
 90
4
 70
1
 10
489.5647
 20
-110.6004
 10
489.7647
 20
-110.6004
 10
489.7647
 20
-109.5509
 10
489.5647
 20
-109.5509
  0
TEXT
  5
8DC
330
17
100
AcDbEntity
  8
PLAN-CORTE-TEXTOS
100
AcDbText
 10
489.66470000000004
 20
-110.07565
 30
0.0
 40
0.035
  1
PA-R-127
 50
90.0
 72
1
 11
489.66470000000004
 21
-110.07565
 31
0.0
100
AcDbText
 73
2
  0
LWPOLYLINE
  5
8DD
330
17
100
AcDbEntity
  8
PLAN-CORTE-SOBRANTES
100
AcDbPolyline
 90
4
 70
1
 10
489.5647
 20
-109.5509
 10
489.7647
 20
-109.5509
 10
489.7647
 20
-109.4004
 10
489.5647
 20
-109.4004
  0
TEXT
  5
8DE
330
17
100
AcDbEntity
  8
PLAN-CORTE-TEXTOS
100
AcDbText
 10
489.66470000000004
 20
-109.47565
 30
0.0
 40
0.045
  1
SOBRA
 72
1
 11
489.66470000000004
 21
-109.47565
 31
0.0
100
AcDbText
 73
2
  0
LWPOLYLINE
  5
8DF
330
17
100
AcDbEntity
  8
PLAN-CORTE-PIEZAS-A-ABRIR
100
AcDbPolyline
 90
4
 70
1
 10
490.2147
 20
-110.6004
 10
490.4147
 20
-110.6004
 10
490.4147
 20
-109.40039999999999
 10
490.2147
 20
-109.40039999999999
  0
TEXT
  5
8E0
330
17
100
AcDbEntity
  8
PLAN-CORTE-TEXTOS
100
AcDbText
 10
490.3147
 20
-109.26039999999999
 30
0.0
 40
0.06
  1
RW-24
 72
1
 11
490.3147
 21
-109.26039999999999
 31
0.0
100
AcDbText
 73
2
  0
LWPOLYLINE
  5
8E1
330
17
100
AcDbEntity
  8
PLAN-CORTE-RECORTES
100
AcDbPolyline
 90
4
 70
1
 10
490.2147
 20
-110.6004
 10
490.4147
 20
-110.6004
 10
490.4147
 20
-109.48939999999999
 10
490.2147
 20
-109.48939999999999
  0
TEXT
  5
8E2
330
17
100
AcDbEntity
  8
PLAN-CORTE-TEXTOS
100
AcDbText
 10
490.3147
 20
-110.0449
 30
0.0
 40
0.035
  1
PA-R-154
 50
90.0
 72
1
 11
490.3147
 21
-110.0449
 31
0.0
100
AcDbText
 73
2
  0
LWPOLYLINE
  5
8E3
330
17
100
AcDbEntity
  8
PLAN-CORTE-DESPERDICIO
100
AcDbPolyline
 90
4
 70
1
 10
490.2147
 20
-109.48939999999999
 10
490.4147
 20
-109.48939999999999
 10
490.4147
 20
-109.40039999999999
 10
490.2147
 20
-109.40039999999999
  0
LWPOLYLINE
  5
8E4
330
17
100
AcDbEntity
  8
PLAN-CORTE-PIEZAS-A-ABRIR
100
AcDbPolyline
 90
4
 70
1
 10
490.8647
 20
-110.6004
 10
491.0647
 20
-110.6004
 10
491.0647
 20
-109.40039999999999
 10
490.8647
 20
-109.40039999999999
  0
TEXT
  5
8E5
330
17
100
AcDbEntity
  8
PLAN-CORTE-TEXTOS
100
AcDbText
 10
490.96470000000005
 20
-109.26039999999999
 30
0.0
 40
0.06
  1
RW-25
 72
1
 11
490.96470000000005
 21
-109.26039999999999
 31
0.0
100
AcDbText
 73
2
  0
LWPOLYLINE
  5
8E6
330
17
100
AcDbEntity
  8
PLAN-CORTE-RECORTES
100
AcDbPolyline
 90
4
 70
1
 10
490.8647
 20
-110.6004
 10
491.0647
 20
-110.6004
 10
491.0647
 20
-109.49029999999999
 10
490.8647
 20
-109.49029999999999
  0
TEXT
  5
8E7
330
17
100
AcDbEntity
  8
PLAN-CORTE-TEXTOS
100
AcDbText
 10
490.96470000000005
 20
-110.04535
 30
0.0
 40
0.035
  1
PA-R-089
 50
90.0
 72
1
 11
490.96470000000005
 21
-110.04535
 31
0.0
100
AcDbText
 73
2
  0
LWPOLYLINE
  5
8E8
330
17
100
AcDbEntity
  8
PLAN-CORTE-DESPERDICIO
100
AcDbPolyline
 90
4
 70
1
 10
490.8647
 20
-109.49029999999999
 10
491.0647
 20
-109.49029999999999
 10
491.0647
 20
-109.40039999999999
 10
490.8647
 20
-109.40039999999999
  0
LWPOLYLINE
  5
8E9
330
17
100
AcDbEntity
  8
PLAN-CORTE-PIEZAS-A-ABRIR
100
AcDbPolyline
 90
4
 70
1
 10
491.5147
 20
-110.6004
 10
491.7147
 20
-110.6004
 10
491.7147
 20
-109.40039999999999
 10
491.5147
 20
-109.40039999999999
  0
TEXT
  5
8EA
330
17
100
AcDbEntity
  8
PLAN-CORTE-TEXTOS
100
AcDbText
 10
491.6147
 20
-109.26039999999999
 30
0.0
 40
0.06
  1
RW-26
 72
1
 11
491.6147
 21
-109.26039999999999
 31
0.0
100
AcDbText
 73
2
  0
LWPOLYLINE
  5
8EB
330
17
100
AcDbEntity
  8
PLAN-CORTE-RECORTES
100
AcDbPolyline
 90
4
 70
1
 10
491.5147
 20
-110.6004
 10
491.7147
 20
-110.6004
 10
491.7147
 20
-110.09079999999999
 10
491.5147
 20
-110.09079999999999
  0
TEXT
  5
8EC
330
17
100
AcDbEntity
  8
PLAN-CORTE-TEXTOS
100
AcDbText
 10
491.6147
 20
-110.34559999999999
 30
0.0
 40
0.035
  1
PA-R-103
 50
90.0
 72
1
 11
491.6147
 21
-110.34559999999999
 31
0.0
100
AcDbText
 73
2
  0
LWPOLYLINE
  5
8ED
330
17
100
AcDbEntity
  8
PLAN-CORTE-RECORTES
100
AcDbPolyline
 90
4
 70
1
 10
491.5147
 20
-110.09079999999999
 10
491.7147
 20
-110.09079999999999
 10
491.7147
 20
-109.58119999999998
 10
491.5147
 20
-109.58119999999998
  0
TEXT
  5
8EE
330
17
100
AcDbEntity
  8
PLAN-CORTE-TEXTOS
100
AcDbText
 10
491.6147
 20
-109.83599999999998
 30
0.0
 40
0.022831541218637993
  1
PA-R-102 (DE SOBRA DE PA-R-103)
 50
90.0
 72
1
 11
491.6147
 21
-109.83599999999998
 31
0.0
100
AcDbText
 73
2
  0
LWPOLYLINE
  5
8EF
330
17
100
AcDbEntity
  8
PLAN-CORTE-SOBRANTES
100
AcDbPolyline
 90
4
 70
1
 10
491.5147
 20
-109.5812
 10
491.7147
 20
-109.5812
 10
491.7147
 20
-109.40039999999999
 10
491.5147
 20
-109.40039999999999
  0
TEXT
  5
8F0
330
17
100
AcDbEntity
  8
PLAN-CORTE-TEXTOS
100
AcDbText
 10
491.6147
 20
-109.4908
 30
0.0
 40
0.045
  1
SOBRA
 72
1
 11
491.6147
 21
-109.4908
 31
0.0
100
AcDbText
 73
2
  0
LWPOLYLINE
  5
8F1
330
17
100
AcDbEntity
  8
PLAN-CORTE-PIEZAS-A-ABRIR
100
AcDbPolyline
 90
4
 70
1
 10
492.16470000000004
 20
-110.6004
 10
492.3647
 20
-110.6004
 10
492.3647
 20
-109.40039999999999
 10
492.16470000000004
 20
-109.40039999999999
  0
TEXT
  5
8F2
330
17
100
AcDbEntity
  8
PLAN-CORTE-TEXTOS
100
AcDbText
 10
492.26470000000006
 20
-109.26039999999999
 30
0.0
 40
0.06
  1
RW-27
 72
1
 11
492.26470000000006
 21
-109.26039999999999
 31
0.0
100
AcDbText
 73
2
  0
LWPOLYLINE
  5
8F3
330
17
100
AcDbEntity
  8
PLAN-CORTE-RECORTES
100
AcDbPolyline
 90
4
 70
1
 10
492.16470000000004
 20
-110.6004
 10
492.3647
 20
-110.6004
 10
492.3647
 20
-109.49029999999999
 10
492.16470000000004
 20
-109.49029999999999
  0
TEXT
  5
8F4
330
17
100
AcDbEntity
  8
PLAN-CORTE-TEXTOS
100
AcDbText
 10
492.26470000000006
 20
-110.04535
 30
0.0
 40
0.035
  1
PA-R-090
 50
90.0
 72
1
 11
492.26470000000006
 21
-110.04535
 31
0.0
100
AcDbText
 73
2
  0
LWPOLYLINE
  5
8F5
330
17
100
AcDbEntity
  8
PLAN-CORTE-DESPERDICIO
100
AcDbPolyline
 90
4
 70
1
 10
492.16470000000004
 20
-109.49029999999999
 10
492.3647
 20
-109.49029999999999
 10
492.3647
 20
-109.40039999999999
 10
492.16470000000004
 20
-109.40039999999999
  0
LWPOLYLINE
  5
8F6
330
17
100
AcDbEntity
  8
PLAN-CORTE-PIEZAS-A-ABRIR
100
AcDbPolyline
 90
4
 70
1
 10
492.8147
 20
-110.6004
 10
493.0147
 20
-110.6004
 10
493.0147
 20
-109.40039999999999
 10
492.8147
 20
-109.40039999999999
  0
TEXT
  5
8F7
330
17
100
AcDbEntity
  8
PLAN-CORTE-TEXTOS
100
AcDbText
 10
492.91470000000004
 20
-109.26039999999999
 30
0.0
 40
0.06
  1
RW-28
 72
1
 11
492.91470000000004
 21
-109.26039999999999
 31
0.0
100
AcDbText
 73
2
  0
LWPOLYLINE
  5
8F8
330
17
100
AcDbEntity
  8
PLAN-CORTE-RECORTES
100
AcDbPolyline
 90
4
 70
1
 10
492.8147
 20
-110.6004
 10
492.99170000000004
 20
-110.6004
 10
492.99170000000004
 20
-109.5509
 10
492.8147
 20
-109.5509
  0
TEXT
  5
8F9
330
17
100
AcDbEntity
  8
PLAN-CORTE-TEXTOS
100
AcDbText
 10
492.9032
 20
-110.07565
 30
0.0
 40
0.035
  1
PA-R-126
 50
90.0
 72
1
 11
492.9032
 21
-110.07565
 31
0.0
100
AcDbText
 73
2
  0
LWPOLYLINE
  5
8FA
330
17
100
AcDbEntity
  8
PLAN-CORTE-SOBRANTES
100
AcDbPolyline
 90
4
 70
1
 10
492.8147
 20
-109.5509
 10
493.0147
 20
-109.5509
 10
493.0147
 20
-109.4004
 10
492.8147
 20
-109.4004
  0
TEXT
  5
8FB
330
17
100
AcDbEntity
  8
PLAN-CORTE-TEXTOS
100
AcDbText
 10
492.91470000000004
 20
-109.47565
 30
0.0
 40
0.045
  1
SOBRA
 72
1
 11
492.91470000000004
 21
-109.47565
 31
0.0
100
AcDbText
 73
2
  0
LWPOLYLINE
  5
8FC
330
17
100
AcDbEntity
  8
PLAN-CORTE-DESPERDICIO
100
AcDbPolyline
 90
4
 70
1
 10
492.99170000000004
 20
-110.6004
 10
493.01470000000006
 20
-110.6004
 10
493.01470000000006
 20
-109.5509
 10
492.99170000000004
 20
-109.5509
  0
LWPOLYLINE
  5
8FD
330
17
100
AcDbEntity
  8
PLAN-CORTE-PIEZAS-A-ABRIR
100
AcDbPolyline
 90
4
 70
1
 10
493.4647
 20
-110.6004
 10
493.6647
 20
-110.6004
 10
493.6647
 20
-109.40039999999999
 10
493.4647
 20
-109.40039999999999
  0
TEXT
  5
8FE
330
17
100
AcDbEntity
  8
PLAN-CORTE-TEXTOS
100
AcDbText
 10
493.5647
 20
-109.26039999999999
 30
0.0
 40
0.06
  1
RW-29
 72
1
 11
493.5647
 21
-109.26039999999999
 31
0.0
100
AcDbText
 73
2
  0
LWPOLYLINE
  5
8FF
330
17
100
AcDbEntity
  8
PLAN-CORTE-RECORTES
100
AcDbPolyline
 90
4
 70
1
 10
493.4647
 20
-110.6004
 10
493.6647
 20
-110.6004
 10
493.6647
 20
-109.49029999999999
 10
493.4647
 20
-109.49029999999999
  0
TEXT
  5
900
330
17
100
AcDbEntity
  8
PLAN-CORTE-TEXTOS
100
AcDbText
 10
493.5647
 20
-110.04535
 30
0.0
 40
0.035
  1
PA-R-091
 50
90.0
 72
1
 11
493.5647
 21
-110.04535
 31
0.0
100
AcDbText
 73
2
  0
LWPOLYLINE
  5
901
330
17
100
AcDbEntity
  8
PLAN-CORTE-DESPERDICIO
100
AcDbPolyline
 90
4
 70
1
 10
493.4647
 20
-109.49029999999999
 10
493.6647
 20
-109.49029999999999
 10
493.6647
 20
-109.40039999999999
 10
493.4647
 20
-109.40039999999999
  0
LWPOLYLINE
  5
902
330
17
100
AcDbEntity
  8
PLAN-CORTE-PIEZAS-A-ABRIR
100
AcDbPolyline
 90
4
 70
1
 10
494.1147
 20
-110.6004
 10
494.3147
 20
-110.6004
 10
494.3147
 20
-109.40039999999999
 10
494.1147
 20
-109.40039999999999
  0
TEXT
  5
903
330
17
100
AcDbEntity
  8
PLAN-CORTE-TEXTOS
100
AcDbText
 10
494.21470000000005
 20
-109.26039999999999
 30
0.0
 40
0.06
  1
RW-30
 72
1
 11
494.21470000000005
 21
-109.26039999999999
 31
0.0
100
AcDbText
 73
2
  0
LWPOLYLINE
  5
904
330
17
100
AcDbEntity
  8
PLAN-CORTE-RECORTES
100
AcDbPolyline
 90
4
 70
1
 10
494.1147
 20
-110.6004
 10
494.3147
 20
-110.6004
 10
494.3147
 20
-110.0899
 10
494.1147
 20
-110.0899
  0
TEXT
  5
905
330
17
100
AcDbEntity
  8
PLAN-CORTE-TEXTOS
100
AcDbText
 10
494.21470000000005
 20
-110.34514999999999
 30
0.0
 40
0.035
  1
PA-R-146
 50
90.0
 72
1
 11
494.21470000000005
 21
-110.34514999999999
 31
0.0
100
AcDbText
 73
2
  0
LWPOLYLINE
  5
906
330
17
100
AcDbEntity
  8
PLAN-CORTE-RECORTES
100
AcDbPolyline
 90
4
 70
1
 10
494.1147
 20
-110.0899
 10
494.3147
 20
-110.0899
 10
494.3147
 20
-109.5794
 10
494.1147
 20
-109.5794
  0
TEXT
  5
907
330
17
100
AcDbEntity
  8
PLAN-CORTE-TEXTOS
100
AcDbText
 10
494.21470000000005
 20
-109.83465
 30
0.0
 40
0.022871863799283153
  1
PA-R-145 (DE SOBRA DE PA-R-146)
 50
90.0
 72
1
 11
494.21470000000005
 21
-109.83465
 31
0.0
100
AcDbText
 73
2
  0
LWPOLYLINE
  5
908
330
17
100
AcDbEntity
  8
PLAN-CORTE-SOBRANTES
100
AcDbPolyline
 90
4
 70
1
 10
494.1147
 20
-109.57939999999999
 10
494.3147
 20
-109.57939999999999
 10
494.3147
 20
-109.40039999999999
 10
494.1147
 20
-109.40039999999999
  0
TEXT
  5
909
330
17
100
AcDbEntity
  8
PLAN-CORTE-TEXTOS
100
AcDbText
 10
494.21470000000005
 20
-109.48989999999999
 30
0.0
 40
0.045
  1
SOBRA
 72
1
 11
494.21470000000005
 21
-109.48989999999999
 31
0.0
100
AcDbText
 73
2
  0
LWPOLYLINE
  5
90A
330
17
100
AcDbEntity
  8
PLAN-CORTE-PIEZAS-A-ABRIR
100
AcDbPolyline
 90
4
 70
1
 10
494.7647
 20
-110.6004
 10
494.9647
 20
-110.6004
 10
494.9647
 20
-109.40039999999999
 10
494.7647
 20
-109.40039999999999
  0
TEXT
  5
90B
330
17
100
AcDbEntity
  8
PLAN-CORTE-TEXTOS
100
AcDbText
 10
494.8647
 20
-109.26039999999999
 30
0.0
 40
0.06
  1
RW-31
 72
1
 11
494.8647
 21
-109.26039999999999
 31
0.0
100
AcDbText
 73
2
  0
LWPOLYLINE
  5
90C
330
17
100
AcDbEntity
  8
PLAN-CORTE-RECORTES
100
AcDbPolyline
 90
4
 70
1
 10
494.7647
 20
-110.6004
 10
494.9647
 20
-110.6004
 10
494.9647
 20
-110.09079999999999
 10
494.7647
 20
-110.09079999999999
  0
TEXT
  5
90D
330
17
100
AcDbEntity
  8
PLAN-CORTE-TEXTOS
100
AcDbText
 10
494.8647
 20
-110.34559999999999
 30
0.0
 40
0.035
  1
PA-R-105
 50
90.0
 72
1
 11
494.8647
 21
-110.34559999999999
 31
0.0
100
AcDbText
 73
2
  0
LWPOLYLINE
  5
90E
330
17
100
AcDbEntity
  8
PLAN-CORTE-RECORTES
100
AcDbPolyline
 90
4
 70
1
 10
494.7647
 20
-110.09079999999999
 10
494.9647
 20
-110.09079999999999
 10
494.9647
 20
-109.58119999999998
 10
494.7647
 20
-109.58119999999998
  0
TEXT
  5
90F
330
17
100
AcDbEntity
  8
PLAN-CORTE-TEXTOS
100
AcDbText
 10
494.8647
 20
-109.83599999999998
 30
0.0
 40
0.022831541218637993
  1
PA-R-104 (DE SOBRA DE PA-R-105)
 50
90.0
 72
1
 11
494.8647
 21
-109.83599999999998
 31
0.0
100
AcDbText
 73
2
  0
LWPOLYLINE
  5
910
330
17
100
AcDbEntity
  8
PLAN-CORTE-SOBRANTES
100
AcDbPolyline
 90
4
 70
1
 10
494.7647
 20
-109.5812
 10
494.9647
 20
-109.5812
 10
494.9647
 20
-109.40039999999999
 10
494.7647
 20
-109.40039999999999
  0
TEXT
  5
911
330
17
100
AcDbEntity
  8
PLAN-CORTE-TEXTOS
100
AcDbText
 10
494.8647
 20
-109.4908
 30
0.0
 40
0.045
  1
SOBRA
 72
1
 11
494.8647
 21
-109.4908
 31
0.0
100
AcDbText
 73
2
  0
LWPOLYLINE
  5
912
330
17
100
AcDbEntity
  8
PLAN-CORTE-PIEZAS-A-ABRIR
100
AcDbPolyline
 90
4
 70
1
 10
495.41470000000004
 20
-110.6004
 10
495.6147
 20
-110.6004
 10
495.6147
 20
-109.40039999999999
 10
495.41470000000004
 20
-109.40039999999999
  0
TEXT
  5
913
330
17
100
AcDbEntity
  8
PLAN-CORTE-TEXTOS
100
AcDbText
 10
495.51470000000006
 20
-109.26039999999999
 30
0.0
 40
0.06
  1
RW-32
 72
1
 11
495.51470000000006
 21
-109.26039999999999
 31
0.0
100
AcDbText
 73
2
  0
LWPOLYLINE
  5
914
330
17
100
AcDbEntity
  8
PLAN-CORTE-RECORTES
100
AcDbPolyline
 90
4
 70
1
 10
495.41470000000004
 20
-110.6004
 10
495.6147
 20
-110.6004
 10
495.6147
 20
-109.48939999999999
 10
495.41470000000004
 20
-109.48939999999999
  0
TEXT
  5
915
330
17
100
AcDbEntity
  8
PLAN-CORTE-TEXTOS
100
AcDbText
 10
495.51470000000006
 20
-110.0449
 30
0.0
 40
0.035
  1
PA-R-155
 50
90.0
 72
1
 11
495.51470000000006
 21
-110.0449
 31
0.0
100
AcDbText
 73
2
  0
LWPOLYLINE
  5
916
330
17
100
AcDbEntity
  8
PLAN-CORTE-DESPERDICIO
100
AcDbPolyline
 90
4
 70
1
 10
495.41470000000004
 20
-109.48939999999999
 10
495.6147
 20
-109.48939999999999
 10
495.6147
 20
-109.40039999999999
 10
495.41470000000004
 20
-109.40039999999999
  0
LWPOLYLINE
  5
917
330
17
100
AcDbEntity
  8
PLAN-CORTE-PIEZAS-A-ABRIR
100
AcDbPolyline
 90
4
 70
1
 10
496.0647
 20
-110.6004
 10
496.2647
 20
-110.6004
 10
496.2647
 20
-109.40039999999999
 10
496.0647
 20
-109.40039999999999
  0
TEXT
  5
918
330
17
100
AcDbEntity
  8
PLAN-CORTE-TEXTOS
100
AcDbText
 10
496.16470000000004
 20
-109.26039999999999
 30
0.0
 40
0.06
  1
RW-33
 72
1
 11
496.16470000000004
 21
-109.26039999999999
 31
0.0
100
AcDbText
 73
2
  0
LWPOLYLINE
  5
919
330
17
100
AcDbEntity
  8
PLAN-CORTE-RECORTES
100
AcDbPolyline
 90
4
 70
1
 10
496.0647
 20
-110.6004
 10
496.2647
 20
-110.6004
 10
496.2647
 20
-109.49029999999999
 10
496.0647
 20
-109.49029999999999
  0
TEXT
  5
91A
330
17
100
AcDbEntity
  8
PLAN-CORTE-TEXTOS
100
AcDbText
 10
496.16470000000004
 20
-110.04535
 30
0.0
 40
0.035
  1
PA-R-092
 50
90.0
 72
1
 11
496.16470000000004
 21
-110.04535
 31
0.0
100
AcDbText
 73
2
  0
LWPOLYLINE
  5
91B
330
17
100
AcDbEntity
  8
PLAN-CORTE-DESPERDICIO
100
AcDbPolyline
 90
4
 70
1
 10
496.0647
 20
-109.49029999999999
 10
496.2647
 20
-109.49029999999999
 10
496.2647
 20
-109.40039999999999
 10
496.0647
 20
-109.40039999999999
  0
LWPOLYLINE
  5
91C
330
17
100
AcDbEntity
  8
PLAN-CORTE-PIEZAS-A-ABRIR
100
AcDbPolyline
 90
4
 70
1
 10
496.7147
 20
-110.6004
 10
496.9147
 20
-110.6004
 10
496.9147
 20
-109.40039999999999
 10
496.7147
 20
-109.40039999999999
  0
TEXT
  5
91D
330
17
100
AcDbEntity
  8
PLAN-CORTE-TEXTOS
100
AcDbText
 10
496.8147
 20
-109.26039999999999
 30
0.0
 40
0.06
  1
RW-34
 72
1
 11
496.8147
 21
-109.26039999999999
 31
0.0
100
AcDbText
 73
2
  0
LWPOLYLINE
  5
91E
330
17
100
AcDbEntity
  8
PLAN-CORTE-RECORTES
100
AcDbPolyline
 90
4
 70
1
 10
496.7147
 20
-110.6004
 10
496.8917
 20
-110.6004
 10
496.8917
 20
-109.40639999999999
 10
496.7147
 20
-109.40639999999999
  0
TEXT
  5
91F
330
17
100
AcDbEntity
  8
PLAN-CORTE-TEXTOS
100
AcDbText
 10
496.8032
 20
-110.0034
 30
0.0
 40
0.035
  1
PA-R-111
 50
90.0
 72
1
 11
496.8032
 21
-110.0034
 31
0.0
100
AcDbText
 73
2
  0
LWPOLYLINE
  5
920
330
17
100
AcDbEntity
  8
PLAN-CORTE-DESPERDICIO
100
AcDbPolyline
 90
4
 70
1
 10
496.8917
 20
-110.6004
 10
496.91470000000004
 20
-110.6004
 10
496.91470000000004
 20
-109.40039999999999
 10
496.8917
 20
-109.40039999999999
  0
LWPOLYLINE
  5
921
330
17
100
AcDbEntity
  8
PLAN-CORTE-PIEZAS-A-ABRIR
100
AcDbPolyline
 90
4
 70
1
 10
497.3647
 20
-110.6004
 10
497.5647
 20
-110.6004
 10
497.5647
 20
-109.40039999999999
 10
497.3647
 20
-109.40039999999999
  0
TEXT
  5
922
330
17
100
AcDbEntity
  8
PLAN-CORTE-TEXTOS
100
AcDbText
 10
497.46470000000005
 20
-109.26039999999999
 30
0.0
 40
0.06
  1
RW-35
 72
1
 11
497.46470000000005
 21
-109.26039999999999
 31
0.0
100
AcDbText
 73
2
  0
LWPOLYLINE
  5
923
330
17
100
AcDbEntity
  8
PLAN-CORTE-RECORTES
100
AcDbPolyline
 90
4
 70
1
 10
497.3647
 20
-110.6004
 10
497.5647
 20
-110.6004
 10
497.5647
 20
-109.48939999999999
 10
497.3647
 20
-109.48939999999999
  0
TEXT
  5
924
330
17
100
AcDbEntity
  8
PLAN-CORTE-TEXTOS
100
AcDbText
 10
497.46470000000005
 20
-110.0449
 30
0.0
 40
0.035
  1
PA-R-156
 50
90.0
 72
1
 11
497.46470000000005
 21
-110.0449
 31
0.0
100
AcDbText
 73
2
  0
LWPOLYLINE
  5
925
330
17
100
AcDbEntity
  8
PLAN-CORTE-DESPERDICIO
100
AcDbPolyline
 90
4
 70
1
 10
497.3647
 20
-109.48939999999999
 10
497.5647
 20
-109.48939999999999
 10
497.5647
 20
-109.40039999999999
 10
497.3647
 20
-109.40039999999999
  0
LWPOLYLINE
  5
926
330
17
100
AcDbEntity
  8
PLAN-CORTE-PIEZAS-A-ABRIR
100
AcDbPolyline
 90
4
 70
1
 10
498.0147
 20
-110.6004
 10
498.2147
 20
-110.6004
 10
498.2147
 20
-109.40039999999999
 10
498.0147
 20
-109.40039999999999
  0
TEXT
  5
927
330
17
100
AcDbEntity
  8
PLAN-CORTE-TEXTOS
100
AcDbText
 10
498.1147
 20
-109.26039999999999
 30
0.0
 40
0.06
  1
RW-36
 72
1
 11
498.1147
 21
-109.26039999999999
 31
0.0
100
AcDbText
 73
2
  0
LWPOLYLINE
  5
928
330
17
100
AcDbEntity
  8
PLAN-CORTE-RECORTES
100
AcDbPolyline
 90
4
 70
1
 10
498.0147
 20
-110.6004
 10
498.2147
 20
-110.6004
 10
498.2147
 20
-109.49029999999999
 10
498.0147
 20
-109.49029999999999
  0
TEXT
  5
929
330
17
100
AcDbEntity
  8
PLAN-CORTE-TEXTOS
100
AcDbText
 10
498.1147
 20
-110.04535
 30
0.0
 40
0.035
  1
PA-R-093
 50
90.0
 72
1
 11
498.1147
 21
-110.04535
 31
0.0
100
AcDbText
 73
2
  0
LWPOLYLINE
  5
92A
330
17
100
AcDbEntity
  8
PLAN-CORTE-DESPERDICIO
100
AcDbPolyline
 90
4
 70
1
 10
498.0147
 20
-109.49029999999999
 10
498.2147
 20
-109.49029999999999
 10
498.2147
 20
-109.40039999999999
 10
498.0147
 20
-109.40039999999999
  0
LWPOLYLINE
  5
92B
330
17
100
AcDbEntity
  8
PLAN-CORTE-PIEZAS-A-ABRIR
100
AcDbPolyline
 90
4
 70
1
 10
498.66470000000004
 20
-110.6004
 10
498.8647
 20
-110.6004
 10
498.8647
 20
-109.40039999999999
 10
498.66470000000004
 20
-109.40039999999999
  0
TEXT
  5
92C
330
17
100
AcDbEntity
  8
PLAN-CORTE-TEXTOS
100
AcDbText
 10
498.76470000000006
 20
-109.26039999999999
 30
0.0
 40
0.06
  1
RW-37
 72
1
 11
498.76470000000006
 21
-109.26039999999999
 31
0.0
100
AcDbText
 73
2
  0
LWPOLYLINE
  5
92D
330
17
100
AcDbEntity
  8
PLAN-CORTE-RECORTES
100
AcDbPolyline
 90
4
 70
1
 10
498.66470000000004
 20
-110.6004
 10
498.8647
 20
-110.6004
 10
498.8647
 20
-110.0899
 10
498.66470000000004
 20
-110.0899
  0
TEXT
  5
92E
330
17
100
AcDbEntity
  8
PLAN-CORTE-TEXTOS
100
AcDbText
 10
498.76470000000006
 20
-110.34514999999999
 30
0.0
 40
0.035
  1
PA-R-148
 50
90.0
 72
1
 11
498.76470000000006
 21
-110.34514999999999
 31
0.0
100
AcDbText
 73
2
  0
LWPOLYLINE
  5
92F
330
17
100
AcDbEntity
  8
PLAN-CORTE-RECORTES
100
AcDbPolyline
 90
4
 70
1
 10
498.66470000000004
 20
-110.0899
 10
498.8647
 20
-110.0899
 10
498.8647
 20
-109.5794
 10
498.66470000000004
 20
-109.5794
  0
TEXT
  5
930
330
17
100
AcDbEntity
  8
PLAN-CORTE-TEXTOS
100
AcDbText
 10
498.76470000000006
 20
-109.83465
 30
0.0
 40
0.022871863799283153
  1
PA-R-147 (DE SOBRA DE PA-R-148)
 50
90.0
 72
1
 11
498.76470000000006
 21
-109.83465
 31
0.0
100
AcDbText
 73
2
  0
LWPOLYLINE
  5
931
330
17
100
AcDbEntity
  8
PLAN-CORTE-SOBRANTES
100
AcDbPolyline
 90
4
 70
1
 10
498.66470000000004
 20
-109.57939999999999
 10
498.8647
 20
-109.57939999999999
 10
498.8647
 20
-109.40039999999999
 10
498.66470000000004
 20
-109.40039999999999
  0
TEXT
  5
932
330
17
100
AcDbEntity
  8
PLAN-CORTE-TEXTOS
100
AcDbText
 10
498.76470000000006
 20
-109.48989999999999
 30
0.0
 40
0.045
  1
SOBRA
 72
1
 11
498.76470000000006
 21
-109.48989999999999
 31
0.0
100
AcDbText
 73
2
  0
LWPOLYLINE
  5
933
330
17
100
AcDbEntity
  8
PLAN-CORTE-PIEZAS-A-ABRIR
100
AcDbPolyline
 90
4
 70
1
 10
499.3147
 20
-110.6004
 10
499.5147
 20
-110.6004
 10
499.5147
 20
-109.40039999999999
 10
499.3147
 20
-109.40039999999999
  0
TEXT
  5
934
330
17
100
AcDbEntity
  8
PLAN-CORTE-TEXTOS
100
AcDbText
 10
499.41470000000004
 20
-109.26039999999999
 30
0.0
 40
0.06
  1
RW-38
 72
1
 11
499.41470000000004
 21
-109.26039999999999
 31
0.0
100
AcDbText
 73
2
  0
LWPOLYLINE
  5
935
330
17
100
AcDbEntity
  8
PLAN-CORTE-RECORTES
100
AcDbPolyline
 90
4
 70
1
 10
499.3147
 20
-110.6004
 10
499.5147
 20
-110.6004
 10
499.5147
 20
-109.48939999999999
 10
499.3147
 20
-109.48939999999999
  0
TEXT
  5
936
330
17
100
AcDbEntity
  8
PLAN-CORTE-TEXTOS
100
AcDbText
 10
499.41470000000004
 20
-110.0449
 30
0.0
 40
0.035
  1
PA-R-157
 50
90.0
 72
1
 11
499.41470000000004
 21
-110.0449
 31
0.0
100
AcDbText
 73
2
  0
LWPOLYLINE
  5
937
330
17
100
AcDbEntity
  8
PLAN-CORTE-DESPERDICIO
100
AcDbPolyline
 90
4
 70
1
 10
499.3147
 20
-109.48939999999999
 10
499.5147
 20
-109.48939999999999
 10
499.5147
 20
-109.40039999999999
 10
499.3147
 20
-109.40039999999999
  0
LWPOLYLINE
  5
938
330
17
100
AcDbEntity
  8
PLAN-CORTE-PIEZAS-A-ABRIR
100
AcDbPolyline
 90
4
 70
1
 10
499.9647
 20
-110.6004
 10
500.1647
 20
-110.6004
 10
500.1647
 20
-109.40039999999999
 10
499.9647
 20
-109.40039999999999
  0
TEXT
  5
939
330
17
100
AcDbEntity
  8
PLAN-CORTE-TEXTOS
100
AcDbText
 10
500.0647
 20
-109.26039999999999
 30
0.0
 40
0.06
  1
RW-39
 72
1
 11
500.0647
 21
-109.26039999999999
 31
0.0
100
AcDbText
 73
2
  0
LWPOLYLINE
  5
93A
330
17
100
AcDbEntity
  8
PLAN-CORTE-RECORTES
100
AcDbPolyline
 90
4
 70
1
 10
499.9647
 20
-110.6004
 10
500.1647
 20
-110.6004
 10
500.1647
 20
-109.52199999999999
 10
499.9647
 20
-109.52199999999999
  0
TEXT
  5
93B
330
17
100
AcDbEntity
  8
PLAN-CORTE-TEXTOS
100
AcDbText
 10
500.0647
 20
-110.0612
 30
0.0
 40
0.035
  1
PA-R-028
 50
90.0
 72
1
 11
500.0647
 21
-110.0612
 31
0.0
100
AcDbText
 73
2
  0
LWPOLYLINE
  5
93C
330
17
100
AcDbEntity
  8
PLAN-CORTE-SOBRANTES
100
AcDbPolyline
 90
4
 70
1
 10
499.9647
 20
-109.52199999999999
 10
500.1647
 20
-109.52199999999999
 10
500.1647
 20
-109.40039999999999
 10
499.9647
 20
-109.40039999999999
  0
TEXT
  5
93D
330
17
100
AcDbEntity
  8
PLAN-CORTE-TEXTOS
100
AcDbText
 10
500.0647
 20
-109.46119999999999
 30
0.0
 40
0.045
  1
SOBRA
 72
1
 11
500.0647
 21
-109.46119999999999
 31
0.0
100
AcDbText
 73
2
  0
LWPOLYLINE
  5
93E
330
17
100
AcDbEntity
  8
PLAN-CORTE-PIEZAS-A-ABRIR
100
AcDbPolyline
 90
4
 70
1
 10
500.6147
 20
-110.6004
 10
500.8147
 20
-110.6004
 10
500.8147
 20
-109.40039999999999
 10
500.6147
 20
-109.40039999999999
  0
TEXT
  5
93F
330
17
100
AcDbEntity
  8
PLAN-CORTE-TEXTOS
100
AcDbText
 10
500.71470000000005
 20
-109.26039999999999
 30
0.0
 40
0.06
  1
RW-40
 72
1
 11
500.71470000000005
 21
-109.26039999999999
 31
0.0
100
AcDbText
 73
2
  0
LWPOLYLINE
  5
940
330
17
100
AcDbEntity
  8
PLAN-CORTE-RECORTES
100
AcDbPolyline
 90
4
 70
1
 10
500.6147
 20
-110.6004
 10
500.8147
 20
-110.6004
 10
500.8147
 20
-110.09079999999999
 10
500.6147
 20
-110.09079999999999
  0
TEXT
  5
941
330
17
100
AcDbEntity
  8
PLAN-CORTE-TEXTOS
100
AcDbText
 10
500.71470000000005
 20
-110.34559999999999
 30
0.0
 40
0.035
  1
PA-R-107
 50
90.0
 72
1
 11
500.71470000000005
 21
-110.34559999999999
 31
0.0
100
AcDbText
 73
2
  0
LWPOLYLINE
  5
942
330
17
100
AcDbEntity
  8
PLAN-CORTE-RECORTES
100
AcDbPolyline
 90
4
 70
1
 10
500.6147
 20
-110.09079999999999
 10
500.8147
 20
-110.09079999999999
 10
500.8147
 20
-109.58119999999998
 10
500.6147
 20
-109.58119999999998
  0
TEXT
  5
943
330
17
100
AcDbEntity
  8
PLAN-CORTE-TEXTOS
100
AcDbText
 10
500.71470000000005
 20
-109.83599999999998
 30
0.0
 40
0.022831541218637993
  1
PA-R-106 (DE SOBRA DE PA-R-107)
 50
90.0
 72
1
 11
500.71470000000005
 21
-109.83599999999998
 31
0.0
100
AcDbText
 73
2
  0
LWPOLYLINE
  5
944
330
17
100
AcDbEntity
  8
PLAN-CORTE-SOBRANTES
100
AcDbPolyline
 90
4
 70
1
 10
500.6147
 20
-109.5812
 10
500.8147
 20
-109.5812
 10
500.8147
 20
-109.40039999999999
 10
500.6147
 20
-109.40039999999999
  0
TEXT
  5
945
330
17
100
AcDbEntity
  8
PLAN-CORTE-TEXTOS
100
AcDbText
 10
500.71470000000005
 20
-109.4908
 30
0.0
 40
0.045
  1
SOBRA
 72
1
 11
500.71470000000005
 21
-109.4908
 31
0.0
100
AcDbText
 73
2
  0
LWPOLYLINE
  5
946
330
17
100
AcDbEntity
  8
PLAN-CORTE-PIEZAS-A-ABRIR
100
AcDbPolyline
 90
4
 70
1
 10
501.2647
 20
-110.6004
 10
501.4647
 20
-110.6004
 10
501.4647
 20
-109.40039999999999
 10
501.2647
 20
-109.40039999999999
  0
TEXT
  5
947
330
17
100
AcDbEntity
  8
PLAN-CORTE-TEXTOS
100
AcDbText
 10
501.3647
 20
-109.26039999999999
 30
0.0
 40
0.06
  1
RW-41
 72
1
 11
501.3647
 21
-109.26039999999999
 31
0.0
100
AcDbText
 73
2
  0
LWPOLYLINE
  5
948
330
17
100
AcDbEntity
  8
PLAN-CORTE-RECORTES
100
AcDbPolyline
 90
4
 70
1
 10
501.2647
 20
-110.6004
 10
501.4647
 20
-110.6004
 10
501.4647
 20
-109.52199999999999
 10
501.2647
 20
-109.52199999999999
  0
TEXT
  5
949
330
17
100
AcDbEntity
  8
PLAN-CORTE-TEXTOS
100
AcDbText
 10
501.3647
 20
-110.0612
 30
0.0
 40
0.035
  1
PA-R-029
 50
90.0
 72
1
 11
501.3647
 21
-110.0612
 31
0.0
100
AcDbText
 73
2
  0
LWPOLYLINE
  5
94A
330
17
100
AcDbEntity
  8
PLAN-CORTE-SOBRANTES
100
AcDbPolyline
 90
4
 70
1
 10
501.2647
 20
-109.52199999999999
 10
501.4647
 20
-109.52199999999999
 10
501.4647
 20
-109.40039999999999
 10
501.2647
 20
-109.40039999999999
  0
TEXT
  5
94B
330
17
100
AcDbEntity
  8
PLAN-CORTE-TEXTOS
100
AcDbText
 10
501.3647
 20
-109.46119999999999
 30
0.0
 40
0.045
  1
SOBRA
 72
1
 11
501.3647
 21
-109.46119999999999
 31
0.0
100
AcDbText
 73
2
  0
LWPOLYLINE
  5
94C
330
17
100
AcDbEntity
  8
PLAN-CORTE-PIEZAS-A-ABRIR
100
AcDbPolyline
 90
4
 70
1
 10
501.91470000000004
 20
-110.6004
 10
502.1147
 20
-110.6004
 10
502.1147
 20
-109.40039999999999
 10
501.91470000000004
 20
-109.40039999999999
  0
TEXT
  5
94D
330
17
100
AcDbEntity
  8
PLAN-CORTE-TEXTOS
100
AcDbText
 10
502.01470000000006
 20
-109.26039999999999
 30
0.0
 40
0.06
  1
RW-42
 72
1
 11
502.01470000000006
 21
-109.26039999999999
 31
0.0
100
AcDbText
 73
2
  0
LWPOLYLINE
  5
94E
330
17
100
AcDbEntity
  8
PLAN-CORTE-RECORTES
100
AcDbPolyline
 90
4
 70
1
 10
501.91470000000004
 20
-110.6004
 10
502.1147
 20
-110.6004
 10
502.1147
 20
-109.52199999999999
 10
501.91470000000004
 20
-109.52199999999999
  0
TEXT
  5
94F
330
17
100
AcDbEntity
  8
PLAN-CORTE-TEXTOS
100
AcDbText
 10
502.01470000000006
 20
-110.0612
 30
0.0
 40
0.035
  1
PA-R-027
 50
90.0
 72
1
 11
502.01470000000006
 21
-110.0612
 31
0.0
100
AcDbText
 73
2
  0
LWPOLYLINE
  5
950
330
17
100
AcDbEntity
  8
PLAN-CORTE-SOBRANTES
100
AcDbPolyline
 90
4
 70
1
 10
501.91470000000004
 20
-109.52199999999999
 10
502.1147
 20
-109.52199999999999
 10
502.1147
 20
-109.40039999999999
 10
501.91470000000004
 20
-109.40039999999999
  0
TEXT
  5
951
330
17
100
AcDbEntity
  8
PLAN-CORTE-TEXTOS
100
AcDbText
 10
502.01470000000006
 20
-109.46119999999999
 30
0.0
 40
0.045
  1
SOBRA
 72
1
 11
502.01470000000006
 21
-109.46119999999999
 31
0.0
100
AcDbText
 73
2
  0
LWPOLYLINE
  5
952
330
17
100
AcDbEntity
  8
PLAN-CORTE-PIEZAS-A-ABRIR
100
AcDbPolyline
 90
4
 70
1
 10
502.5647
 20
-110.6004
 10
502.7647
 20
-110.6004
 10
502.7647
 20
-109.40039999999999
 10
502.5647
 20
-109.40039999999999
  0
TEXT
  5
953
330
17
100
AcDbEntity
  8
PLAN-CORTE-TEXTOS
100
AcDbText
 10
502.66470000000004
 20
-109.26039999999999
 30
0.0
 40
0.06
  1
RW-43
 72
1
 11
502.66470000000004
 21
-109.26039999999999
 31
0.0
100
AcDbText
 73
2
  0
LWPOLYLINE
  5
954
330
17
100
AcDbEntity
  8
PLAN-CORTE-RECORTES
100
AcDbPolyline
 90
4
 70
1
 10
502.5647
 20
-110.6004
 10
502.7647
 20
-110.6004
 10
502.7647
 20
-109.49029999999999
 10
502.5647
 20
-109.49029999999999
  0
TEXT
  5
955
330
17
100
AcDbEntity
  8
PLAN-CORTE-TEXTOS
100
AcDbText
 10
502.66470000000004
 20
-110.04535
 30
0.0
 40
0.035
  1
PA-R-094
 50
90.0
 72
1
 11
502.66470000000004
 21
-110.04535
 31
0.0
100
AcDbText
 73
2
  0
LWPOLYLINE
  5
956
330
17
100
AcDbEntity
  8
PLAN-CORTE-DESPERDICIO
100
AcDbPolyline
 90
4
 70
1
 10
502.5647
 20
-109.49029999999999
 10
502.7647
 20
-109.49029999999999
 10
502.7647
 20
-109.40039999999999
 10
502.5647
 20
-109.40039999999999
  0
LWPOLYLINE
  5
957
330
17
100
AcDbEntity
  8
PLAN-CORTE-PIEZAS-A-ABRIR
100
AcDbPolyline
 90
4
 70
1
 10
503.2147
 20
-110.6004
 10
503.4147
 20
-110.6004
 10
503.4147
 20
-109.40039999999999
 10
503.2147
 20
-109.40039999999999
  0
TEXT
  5
958
330
17
100
AcDbEntity
  8
PLAN-CORTE-TEXTOS
100
AcDbText
 10
503.3147
 20
-109.26039999999999
 30
0.0
 40
0.06
  1
RW-44
 72
1
 11
503.3147
 21
-109.26039999999999
 31
0.0
100
AcDbText
 73
2
  0
LWPOLYLINE
  5
959
330
17
100
AcDbEntity
  8
PLAN-CORTE-RECORTES
100
AcDbPolyline
 90
4
 70
1
 10
503.2147
 20
-110.6004
 10
503.4147
 20
-110.6004
 10
503.4147
 20
-109.52199999999999
 10
503.2147
 20
-109.52199999999999
  0
TEXT
  5
95A
330
17
100
AcDbEntity
  8
PLAN-CORTE-TEXTOS
100
AcDbText
 10
503.3147
 20
-110.0612
 30
0.0
 40
0.035
  1
PA-R-030
 50
90.0
 72
1
 11
503.3147
 21
-110.0612
 31
0.0
100
AcDbText
 73
2
  0
LWPOLYLINE
  5
95B
330
17
100
AcDbEntity
  8
PLAN-CORTE-SOBRANTES
100
AcDbPolyline
 90
4
 70
1
 10
503.2147
 20
-109.52199999999999
 10
503.4147
 20
-109.52199999999999
 10
503.4147
 20
-109.40039999999999
 10
503.2147
 20
-109.40039999999999
  0
TEXT
  5
95C
330
17
100
AcDbEntity
  8
PLAN-CORTE-TEXTOS
100
AcDbText
 10
503.3147
 20
-109.46119999999999
 30
0.0
 40
0.045
  1
SOBRA
 72
1
 11
503.3147
 21
-109.46119999999999
 31
0.0
100
AcDbText
 73
2
  0
LWPOLYLINE
  5
95D
330
17
100
AcDbEntity
  8
PLAN-CORTE-PIEZAS-A-ABRIR
100
AcDbPolyline
 90
4
 70
1
 10
489.5647
 20
-112.5004
 10
489.7647
 20
-112.5004
 10
489.7647
 20
-111.3004
 10
489.5647
 20
-111.3004
  0
TEXT
  5
95E
330
17
100
AcDbEntity
  8
PLAN-CORTE-TEXTOS
100
AcDbText
 10
489.66470000000004
 20
-111.1604
 30
0.0
 40
0.06
  1
RW-45
 72
1
 11
489.66470000000004
 21
-111.1604
 31
0.0
100
AcDbText
 73
2
  0
LWPOLYLINE
  5
95F
330
17
100
AcDbEntity
  8
PLAN-CORTE-RECORTES
100
AcDbPolyline
 90
4
 70
1
 10
489.5647
 20
-112.5004
 10
489.7647
 20
-112.5004
 10
489.7647
 20
-111.422
 10
489.5647
 20
-111.422
  0
TEXT
  5
960
330
17
100
AcDbEntity
  8
PLAN-CORTE-TEXTOS
100
AcDbText
 10
489.66470000000004
 20
-111.9612
 30
0.0
 40
0.035
  1
PA-R-031
 50
90.0
 72
1
 11
489.66470000000004
 21
-111.9612
 31
0.0
100
AcDbText
 73
2
  0
LWPOLYLINE
  5
961
330
17
100
AcDbEntity
  8
PLAN-CORTE-SOBRANTES
100
AcDbPolyline
 90
4
 70
1
 10
489.5647
 20
-111.422
 10
489.7647
 20
-111.422
 10
489.7647
 20
-111.3004
 10
489.5647
 20
-111.3004
  0
TEXT
  5
962
330
17
100
AcDbEntity
  8
PLAN-CORTE-TEXTOS
100
AcDbText
 10
489.66470000000004
 20
-111.3612
 30
0.0
 40
0.045
  1
SOBRA
 72
1
 11
489.66470000000004
 21
-111.3612
 31
0.0
100
AcDbText
 73
2
  0
LWPOLYLINE
  5
963
330
17
100
AcDbEntity
  8
PLAN-CORTE-PIEZAS-A-ABRIR
100
AcDbPolyline
 90
4
 70
1
 10
490.2147
 20
-112.5004
 10
490.4147
 20
-112.5004
 10
490.4147
 20
-111.3004
 10
490.2147
 20
-111.3004
  0
TEXT
  5
964
330
17
100
AcDbEntity
  8
PLAN-CORTE-TEXTOS
100
AcDbText
 10
490.3147
 20
-111.1604
 30
0.0
 40
0.06
  1
RW-46
 72
1
 11
490.3147
 21
-111.1604
 31
0.0
100
AcDbText
 73
2
  0
LWPOLYLINE
  5
965
330
17
100
AcDbEntity
  8
PLAN-CORTE-RECORTES
100
AcDbPolyline
 90
4
 70
1
 10
490.2147
 20
-112.5004
 10
490.4147
 20
-112.5004
 10
490.4147
 20
-111.4847
 10
490.2147
 20
-111.4847
  0
TEXT
  5
966
330
17
100
AcDbEntity
  8
PLAN-CORTE-TEXTOS
100
AcDbText
 10
490.3147
 20
-111.99255
 30
0.0
 40
0.035
  1
PA-R-026
 50
90.0
 72
1
 11
490.3147
 21
-111.99255
 31
0.0
100
AcDbText
 73
2
  0
LWPOLYLINE
  5
967
330
17
100
AcDbEntity
  8
PLAN-CORTE-SOBRANTES
100
AcDbPolyline
 90
4
 70
1
 10
490.2147
 20
-111.4847
 10
490.4147
 20
-111.4847
 10
490.4147
 20
-111.30040000000001
 10
490.2147
 20
-111.30040000000001
  0
TEXT
  5
968
330
17
100
AcDbEntity
  8
PLAN-CORTE-TEXTOS
100
AcDbText
 10
490.3147
 20
-111.39255
 30
0.0
 40
0.045
  1
SOBRA
 72
1
 11
490.3147
 21
-111.39255
 31
0.0
100
AcDbText
 73
2
  0
LWPOLYLINE
  5
969
330
17
100
AcDbEntity
  8
PLAN-CORTE-PIEZAS-A-ABRIR
100
AcDbPolyline
 90
4
 70
1
 10
490.8647
 20
-112.5004
 10
491.0647
 20
-112.5004
 10
491.0647
 20
-111.3004
 10
490.8647
 20
-111.3004
  0
TEXT
  5
96A
330
17
100
AcDbEntity
  8
PLAN-CORTE-TEXTOS
100
AcDbText
 10
490.96470000000005
 20
-111.1604
 30
0.0
 40
0.06
  1
RW-47
 72
1
 11
490.96470000000005
 21
-111.1604
 31
0.0
100
AcDbText
 73
2
  0
LWPOLYLINE
  5
96B
330
17
100
AcDbEntity
  8
PLAN-CORTE-RECORTES
100
AcDbPolyline
 90
4
 70
1
 10
490.8647
 20
-112.5004
 10
491.0647
 20
-112.5004
 10
491.0647
 20
-111.422
 10
490.8647
 20
-111.422
  0
TEXT
  5
96C
330
17
100
AcDbEntity
  8
PLAN-CORTE-TEXTOS
100
AcDbText
 10
490.96470000000005
 20
-111.9612
 30
0.0
 40
0.035
  1
PA-R-032
 50
90.0
 72
1
 11
490.96470000000005
 21
-111.9612
 31
0.0
100
AcDbText
 73
2
  0
LWPOLYLINE
  5
96D
330
17
100
AcDbEntity
  8
PLAN-CORTE-SOBRANTES
100
AcDbPolyline
 90
4
 70
1
 10
490.8647
 20
-111.422
 10
491.0647
 20
-111.422
 10
491.0647
 20
-111.3004
 10
490.8647
 20
-111.3004
  0
TEXT
  5
96E
330
17
100
AcDbEntity
  8
PLAN-CORTE-TEXTOS
100
AcDbText
 10
490.96470000000005
 20
-111.3612
 30
0.0
 40
0.045
  1
SOBRA
 72
1
 11
490.96470000000005
 21
-111.3612
 31
0.0
100
AcDbText
 73
2
  0
LWPOLYLINE
  5
96F
330
17
100
AcDbEntity
  8
PLAN-CORTE-PIEZAS-A-ABRIR
100
AcDbPolyline
 90
4
 70
1
 10
491.5147
 20
-112.5004
 10
491.7147
 20
-112.5004
 10
491.7147
 20
-111.3004
 10
491.5147
 20
-111.3004
  0
TEXT
  5
970
330
17
100
AcDbEntity
  8
PLAN-CORTE-TEXTOS
100
AcDbText
 10
491.6147
 20
-111.1604
 30
0.0
 40
0.06
  1
RW-48
 72
1
 11
491.6147
 21
-111.1604
 31
0.0
100
AcDbText
 73
2
  0
LWPOLYLINE
  5
971
330
17
100
AcDbEntity
  8
PLAN-CORTE-RECORTES
100
AcDbPolyline
 90
4
 70
1
 10
491.5147
 20
-112.5004
 10
491.7147
 20
-112.5004
 10
491.7147
 20
-111.4844
 10
491.5147
 20
-111.4844
  0
TEXT
  5
972
330
17
100
AcDbEntity
  8
PLAN-CORTE-TEXTOS
100
AcDbText
 10
491.6147
 20
-111.9924
 30
0.0
 40
0.035
  1
PA-R-025
 50
90.0
 72
1
 11
491.6147
 21
-111.9924
 31
0.0
100
AcDbText
 73
2
  0
LWPOLYLINE
  5
973
330
17
100
AcDbEntity
  8
PLAN-CORTE-SOBRANTES
100
AcDbPolyline
 90
4
 70
1
 10
491.5147
 20
-111.4844
 10
491.7147
 20
-111.4844
 10
491.7147
 20
-111.3004
 10
491.5147
 20
-111.3004
  0
TEXT
  5
974
330
17
100
AcDbEntity
  8
PLAN-CORTE-TEXTOS
100
AcDbText
 10
491.6147
 20
-111.3924
 30
0.0
 40
0.045
  1
SOBRA
 72
1
 11
491.6147
 21
-111.3924
 31
0.0
100
AcDbText
 73
2
  0
LWPOLYLINE
  5
975
330
17
100
AcDbEntity
  8
PLAN-CORTE-PIEZAS-A-ABRIR
100
AcDbPolyline
 90
4
 70
1
 10
492.16470000000004
 20
-112.5004
 10
492.3647
 20
-112.5004
 10
492.3647
 20
-111.3004
 10
492.16470000000004
 20
-111.3004
  0
TEXT
  5
976
330
17
100
AcDbEntity
  8
PLAN-CORTE-TEXTOS
100
AcDbText
 10
492.26470000000006
 20
-111.1604
 30
0.0
 40
0.06
  1
RW-49
 72
1
 11
492.26470000000006
 21
-111.1604
 31
0.0
100
AcDbText
 73
2
  0
LWPOLYLINE
  5
977
330
17
100
AcDbEntity
  8
PLAN-CORTE-RECORTES
100
AcDbPolyline
 90
4
 70
1
 10
492.16470000000004
 20
-112.5004
 10
492.3647
 20
-112.5004
 10
492.3647
 20
-111.3894
 10
492.16470000000004
 20
-111.3894
  0
TEXT
  5
978
330
17
100
AcDbEntity
  8
PLAN-CORTE-TEXTOS
100
AcDbText
 10
492.26470000000006
 20
-111.9449
 30
0.0
 40
0.035
  1
PA-R-158
 50
90.0
 72
1
 11
492.26470000000006
 21
-111.9449
 31
0.0
100
AcDbText
 73
2
  0
LWPOLYLINE
  5
979
330
17
100
AcDbEntity
  8
PLAN-CORTE-DESPERDICIO
100
AcDbPolyline
 90
4
 70
1
 10
492.16470000000004
 20
-111.3894
 10
492.3647
 20
-111.3894
 10
492.3647
 20
-111.3004
 10
492.16470000000004
 20
-111.3004
  0
LWPOLYLINE
  5
97A
330
17
100
AcDbEntity
  8
PLAN-CORTE-PIEZAS-A-ABRIR
100
AcDbPolyline
 90
4
 70
1
 10
492.8147
 20
-112.5004
 10
493.0147
 20
-112.5004
 10
493.0147
 20
-111.3004
 10
492.8147
 20
-111.3004
  0
TEXT
  5
97B
330
17
100
AcDbEntity
  8
PLAN-CORTE-TEXTOS
100
AcDbText
 10
492.91470000000004
 20
-111.1604
 30
0.0
 40
0.06
  1
RW-50
 72
1
 11
492.91470000000004
 21
-111.1604
 31
0.0
100
AcDbText
 73
2
  0
LWPOLYLINE
  5
97C
330
17
100
AcDbEntity
  8
PLAN-CORTE-RECORTES
100
AcDbPolyline
 90
4
 70
1
 10
492.8147
 20
-112.5004
 10
493.0147
 20
-112.5004
 10
493.0147
 20
-112.0215
 10
492.8147
 20
-112.0215
  0
TEXT
  5
97D
330
17
100
AcDbEntity
  8
PLAN-CORTE-TEXTOS
100
AcDbText
 10
492.91470000000004
 20
-112.26095
 30
0.0
 40
0.035
  1
PA-R-010
 50
90.0
 72
1
 11
492.91470000000004
 21
-112.26095
 31
0.0
100
AcDbText
 73
2
  0
LWPOLYLINE
  5
97E
330
17
100
AcDbEntity
  8
PLAN-CORTE-RECORTES
100
AcDbPolyline
 90
4
 70
1
 10
492.8147
 20
-112.0215
 10
493.0147
 20
-112.0215
 10
493.0147
 20
-111.54260000000001
 10
492.8147
 20
-111.54260000000001
  0
TEXT
  5
97F
330
17
100
AcDbEntity
  8
PLAN-CORTE-TEXTOS
100
AcDbText
 10
492.91470000000004
 20
-111.78205
 30
0.0
 40
0.021456093189964158
  1
PA-R-009 (DE SOBRA DE PA-R-010)
 50
90.0
 72
1
 11
492.91470000000004
 21
-111.78205
 31
0.0
100
AcDbText
 73
2
  0
LWPOLYLINE
  5
980
330
17
100
AcDbEntity
  8
PLAN-CORTE-SOBRANTES
100
AcDbPolyline
 90
4
 70
1
 10
492.8147
 20
-111.5426
 10
493.0147
 20
-111.5426
 10
493.0147
 20
-111.3004
 10
492.8147
 20
-111.3004
  0
TEXT
  5
981
330
17
100
AcDbEntity
  8
PLAN-CORTE-TEXTOS
100
AcDbText
 10
492.91470000000004
 20
-111.4215
 30
0.0
 40
0.045
  1
SOBRA
 50
90.0
 72
1
 11
492.91470000000004
 21
-111.4215
 31
0.0
100
AcDbText
 73
2
  0
LWPOLYLINE
  5
982
330
17
100
AcDbEntity
  8
PLAN-CORTE-PIEZAS-A-ABRIR
100
AcDbPolyline
 90
4
 70
1
 10
493.4647
 20
-112.5004
 10
493.6647
 20
-112.5004
 10
493.6647
 20
-111.3004
 10
493.4647
 20
-111.3004
  0
TEXT
  5
983
330
17
100
AcDbEntity
  8
PLAN-CORTE-TEXTOS
100
AcDbText
 10
493.5647
 20
-111.1604
 30
0.0
 40
0.06
  1
RW-51
 72
1
 11
493.5647
 21
-111.1604
 31
0.0
100
AcDbText
 73
2
  0
LWPOLYLINE
  5
984
330
17
100
AcDbEntity
  8
PLAN-CORTE-RECORTES
100
AcDbPolyline
 90
4
 70
1
 10
493.4647
 20
-112.5004
 10
493.6417
 20
-112.5004
 10
493.6417
 20
-111.3064
 10
493.4647
 20
-111.3064
  0
TEXT
  5
985
330
17
100
AcDbEntity
  8
PLAN-CORTE-TEXTOS
100
AcDbText
 10
493.5532
 20
-111.9034
 30
0.0
 40
0.035
  1
PA-R-059
 50
90.0
 72
1
 11
493.5532
 21
-111.9034
 31
0.0
100
AcDbText
 73
2
  0
LWPOLYLINE
  5
986
330
17
100
AcDbEntity
  8
PLAN-CORTE-DESPERDICIO
100
AcDbPolyline
 90
4
 70
1
 10
493.6417
 20
-112.5004
 10
493.66470000000004
 20
-112.5004
 10
493.66470000000004
 20
-111.3004
 10
493.6417
 20
-111.3004
  0
LWPOLYLINE
  5
987
330
17
100
AcDbEntity
  8
PLAN-CORTE-PIEZAS-A-ABRIR
100
AcDbPolyline
 90
4
 70
1
 10
494.1147
 20
-112.5004
 10
494.3147
 20
-112.5004
 10
494.3147
 20
-111.3004
 10
494.1147
 20
-111.3004
  0
TEXT
  5
988
330
17
100
AcDbEntity
  8
PLAN-CORTE-TEXTOS
100
AcDbText
 10
494.21470000000005
 20
-111.1604
 30
0.0
 40
0.06
  1
RW-52
 72
1
 11
494.21470000000005
 21
-111.1604
 31
0.0
100
AcDbText
 73
2
  0
LWPOLYLINE
  5
989
330
17
100
AcDbEntity
  8
PLAN-CORTE-RECORTES
100
AcDbPolyline
 90
4
 70
1
 10
494.1147
 20
-112.5004
 10
494.3147
 20
-112.5004
 10
494.3147
 20
-111.3903
 10
494.1147
 20
-111.3903
  0
TEXT
  5
98A
330
17
100
AcDbEntity
  8
PLAN-CORTE-TEXTOS
100
AcDbText
 10
494.21470000000005
 20
-111.94535
 30
0.0
 40
0.035
  1
PA-R-095
 50
90.0
 72
1
 11
494.21470000000005
 21
-111.94535
 31
0.0
100
AcDbText
 73
2
  0
LWPOLYLINE
  5
98B
330
17
100
AcDbEntity
  8
PLAN-CORTE-DESPERDICIO
100
AcDbPolyline
 90
4
 70
1
 10
494.1147
 20
-111.3903
 10
494.3147
 20
-111.3903
 10
494.3147
 20
-111.3004
 10
494.1147
 20
-111.3004
  0
LWPOLYLINE
  5
98C
330
17
100
AcDbEntity
  8
PLAN-CORTE-PIEZAS-A-ABRIR
100
AcDbPolyline
 90
4
 70
1
 10
494.7647
 20
-112.5004
 10
494.9647
 20
-112.5004
 10
494.9647
 20
-111.3004
 10
494.7647
 20
-111.3004
  0
TEXT
  5
98D
330
17
100
AcDbEntity
  8
PLAN-CORTE-TEXTOS
100
AcDbText
 10
494.8647
 20
-111.1604
 30
0.0
 40
0.06
  1
RW-53
 72
1
 11
494.8647
 21
-111.1604
 31
0.0
100
AcDbText
 73
2
  0
LWPOLYLINE
  5
98E
330
17
100
AcDbEntity
  8
PLAN-CORTE-RECORTES
100
AcDbPolyline
 90
4
 70
1
 10
494.7647
 20
-112.5004
 10
494.9647
 20
-112.5004
 10
494.9647
 20
-111.422
 10
494.7647
 20
-111.422
  0
TEXT
  5
98F
330
17
100
AcDbEntity
  8
PLAN-CORTE-TEXTOS
100
AcDbText
 10
494.8647
 20
-111.9612
 30
0.0
 40
0.035
  1
PA-R-033
 50
90.0
 72
1
 11
494.8647
 21
-111.9612
 31
0.0
100
AcDbText
 73
2
  0
LWPOLYLINE
  5
990
330
17
100
AcDbEntity
  8
PLAN-CORTE-SOBRANTES
100
AcDbPolyline
 90
4
 70
1
 10
494.7647
 20
-111.422
 10
494.9647
 20
-111.422
 10
494.9647
 20
-111.3004
 10
494.7647
 20
-111.3004
  0
TEXT
  5
991
330
17
100
AcDbEntity
  8
PLAN-CORTE-TEXTOS
100
AcDbText
 10
494.8647
 20
-111.3612
 30
0.0
 40
0.045
  1
SOBRA
 72
1
 11
494.8647
 21
-111.3612
 31
0.0
100
AcDbText
 73
2
  0
LWPOLYLINE
  5
992
330
17
100
AcDbEntity
  8
PLAN-CORTE-PIEZAS-A-ABRIR
100
AcDbPolyline
 90
4
 70
1
 10
495.41470000000004
 20
-112.5004
 10
495.6147
 20
-112.5004
 10
495.6147
 20
-111.3004
 10
495.41470000000004
 20
-111.3004
  0
TEXT
  5
993
330
17
100
AcDbEntity
  8
PLAN-CORTE-TEXTOS
100
AcDbText
 10
495.51470000000006
 20
-111.1604
 30
0.0
 40
0.06
  1
RW-54
 72
1
 11
495.51470000000006
 21
-111.1604
 31
0.0
100
AcDbText
 73
2
  0
LWPOLYLINE
  5
994
330
17
100
AcDbEntity
  8
PLAN-CORTE-RECORTES
100
AcDbPolyline
 90
4
 70
1
 10
495.41470000000004
 20
-112.5004
 10
495.6147
 20
-112.5004
 10
495.6147
 20
-112.0215
 10
495.41470000000004
 20
-112.0215
  0
TEXT
  5
995
330
17
100
AcDbEntity
  8
PLAN-CORTE-TEXTOS
100
AcDbText
 10
495.51470000000006
 20
-112.26095
 30
0.0
 40
0.035
  1
PA-R-012
 50
90.0
 72
1
 11
495.51470000000006
 21
-112.26095
 31
0.0
100
AcDbText
 73
2
  0
LWPOLYLINE
  5
996
330
17
100
AcDbEntity
  8
PLAN-CORTE-RECORTES
100
AcDbPolyline
 90
4
 70
1
 10
495.41470000000004
 20
-112.0215
 10
495.6147
 20
-112.0215
 10
495.6147
 20
-111.54260000000001
 10
495.41470000000004
 20
-111.54260000000001
  0
TEXT
  5
997
330
17
100
AcDbEntity
  8
PLAN-CORTE-TEXTOS
100
AcDbText
 10
495.51470000000006
 20
-111.78205
 30
0.0
 40
0.021456093189964158
  1
PA-R-011 (DE SOBRA DE PA-R-012)
 50
90.0
 72
1
 11
495.51470000000006
 21
-111.78205
 31
0.0
100
AcDbText
 73
2
  0
LWPOLYLINE
  5
998
330
17
100
AcDbEntity
  8
PLAN-CORTE-SOBRANTES
100
AcDbPolyline
 90
4
 70
1
 10
495.41470000000004
 20
-111.5426
 10
495.6147
 20
-111.5426
 10
495.6147
 20
-111.3004
 10
495.41470000000004
 20
-111.3004
  0
TEXT
  5
999
330
17
100
AcDbEntity
  8
PLAN-CORTE-TEXTOS
100
AcDbText
 10
495.51470000000006
 20
-111.4215
 30
0.0
 40
0.045
  1
SOBRA
 50
90.0
 72
1
 11
495.51470000000006
 21
-111.4215
 31
0.0
100
AcDbText
 73
2
  0
LWPOLYLINE
  5
99A
330
17
100
AcDbEntity
  8
PLAN-CORTE-PIEZAS-A-ABRIR
100
AcDbPolyline
 90
4
 70
1
 10
496.0647
 20
-112.5004
 10
496.2647
 20
-112.5004
 10
496.2647
 20
-111.3004
 10
496.0647
 20
-111.3004
  0
TEXT
  5
99B
330
17
100
AcDbEntity
  8
PLAN-CORTE-TEXTOS
100
AcDbText
 10
496.16470000000004
 20
-111.1604
 30
0.0
 40
0.06
  1
RW-55
 72
1
 11
496.16470000000004
 21
-111.1604
 31
0.0
100
AcDbText
 73
2
  0
LWPOLYLINE
  5
99C
330
17
100
AcDbEntity
  8
PLAN-CORTE-RECORTES
100
AcDbPolyline
 90
4
 70
1
 10
496.0647
 20
-112.5004
 10
496.2647
 20
-112.5004
 10
496.2647
 20
-111.4841
 10
496.0647
 20
-111.4841
  0
TEXT
  5
99D
330
17
100
AcDbEntity
  8
PLAN-CORTE-TEXTOS
100
AcDbText
 10
496.16470000000004
 20
-111.99225
 30
0.0
 40
0.035
  1
PA-R-024
 50
90.0
 72
1
 11
496.16470000000004
 21
-111.99225
 31
0.0
100
AcDbText
 73
2
  0
LWPOLYLINE
  5
99E
330
17
100
AcDbEntity
  8
PLAN-CORTE-SOBRANTES
100
AcDbPolyline
 90
4
 70
1
 10
496.0647
 20
-111.4841
 10
496.2647
 20
-111.4841
 10
496.2647
 20
-111.3004
 10
496.0647
 20
-111.3004
  0
TEXT
  5
99F
330
17
100
AcDbEntity
  8
PLAN-CORTE-TEXTOS
100
AcDbText
 10
496.16470000000004
 20
-111.39225
 30
0.0
 40
0.045
  1
SOBRA
 72
1
 11
496.16470000000004
 21
-111.39225
 31
0.0
100
AcDbText
 73
2
  0
LWPOLYLINE
  5
9A0
330
17
100
AcDbEntity
  8
PLAN-CORTE-PIEZAS-A-ABRIR
100
AcDbPolyline
 90
4
 70
1
 10
496.7147
 20
-112.5004
 10
496.9147
 20
-112.5004
 10
496.9147
 20
-111.3004
 10
496.7147
 20
-111.3004
  0
TEXT
  5
9A1
330
17
100
AcDbEntity
  8
PLAN-CORTE-TEXTOS
100
AcDbText
 10
496.8147
 20
-111.1604
 30
0.0
 40
0.06
  1
RW-56
 72
1
 11
496.8147
 21
-111.1604
 31
0.0
100
AcDbText
 73
2
  0
LWPOLYLINE
  5
9A2
330
17
100
AcDbEntity
  8
PLAN-CORTE-RECORTES
100
AcDbPolyline
 90
4
 70
1
 10
496.7147
 20
-112.5004
 10
496.9147
 20
-112.5004
 10
496.9147
 20
-112.0822
 10
496.7147
 20
-112.0822
  0
TEXT
  5
9A3
330
17
100
AcDbEntity
  8
PLAN-CORTE-TEXTOS
100
AcDbText
 10
496.8147
 20
-112.29129999999999
 30
0.0
 40
0.035
  1
PA-R-007
 50
90.0
 72
1
 11
496.8147
 21
-112.29129999999999
 31
0.0
100
AcDbText
 73
2
  0
LWPOLYLINE
  5
9A4
330
17
100
AcDbEntity
  8
PLAN-CORTE-RECORTES
100
AcDbPolyline
 90
4
 70
1
 10
496.7147
 20
-112.0822
 10
496.9147
 20
-112.0822
 10
496.9147
 20
-111.6654
 10
496.7147
 20
-111.6654
  0
TEXT
  5
9A5
330
17
100
AcDbEntity
  8
PLAN-CORTE-TEXTOS
100
AcDbText
 10
496.8147
 20
-111.8738
 30
0.0
 40
0.01867383512544803
  1
PA-R-001 (DE SOBRA DE PA-R-007)
 50
90.0
 72
1
 11
496.8147
 21
-111.8738
 31
0.0
100
AcDbText
 73
2
  0
LWPOLYLINE
  5
9A6
330
17
100
AcDbEntity
  8
PLAN-CORTE-SOBRANTES
100
AcDbPolyline
 90
4
 70
1
 10
496.7147
 20
-111.6654
 10
496.9147
 20
-111.6654
 10
496.9147
 20
-111.30040000000001
 10
496.7147
 20
-111.30040000000001
  0
TEXT
  5
9A7
330
17
100
AcDbEntity
  8
PLAN-CORTE-TEXTOS
100
AcDbText
 10
496.8147
 20
-111.4829
 30
0.0
 40
0.032444444444444435
  1
SOBRA 0.2x0.365
 50
90.0
 72
1
 11
496.8147
 21
-111.4829
 31
0.0
100
AcDbText
 73
2
  0
LWPOLYLINE
  5
9A8
330
17
100
AcDbEntity
  8
PLAN-CORTE-PIEZAS-A-ABRIR
100
AcDbPolyline
 90
4
 70
1
 10
497.3647
 20
-112.5004
 10
497.5647
 20
-112.5004
 10
497.5647
 20
-111.3004
 10
497.3647
 20
-111.3004
  0
TEXT
  5
9A9
330
17
100
AcDbEntity
  8
PLAN-CORTE-TEXTOS
100
AcDbText
 10
497.46470000000005
 20
-111.1604
 30
0.0
 40
0.06
  1
RW-57
 72
1
 11
497.46470000000005
 21
-111.1604
 31
0.0
100
AcDbText
 73
2
  0
LWPOLYLINE
  5
9AA
330
17
100
AcDbEntity
  8
PLAN-CORTE-RECORTES
100
AcDbPolyline
 90
4
 70
1
 10
497.3647
 20
-112.5004
 10
497.5647
 20
-112.5004
 10
497.5647
 20
-112.0851
 10
497.3647
 20
-112.0851
  0
TEXT
  5
9AB
330
17
100
AcDbEntity
  8
PLAN-CORTE-TEXTOS
100
AcDbText
 10
497.46470000000005
 20
-112.29275
 30
0.0
 40
0.035
  1
PA-R-006
 50
90.0
 72
1
 11
497.46470000000005
 21
-112.29275
 31
0.0
100
AcDbText
 73
2
  0
LWPOLYLINE
  5
9AC
330
17
100
AcDbEntity
  8
PLAN-CORTE-SOBRANTES
100
AcDbPolyline
 90
4
 70
1
 10
497.3647
 20
-112.0851
 10
497.5647
 20
-112.0851
 10
497.5647
 20
-111.3004
 10
497.3647
 20
-111.3004
  0
TEXT
  5
9AD
330
17
100
AcDbEntity
  8
PLAN-CORTE-TEXTOS
100
AcDbText
 10
497.46470000000005
 20
-111.69275
 30
0.0
 40
0.04024102564102564
  1
SOBRA 0.2x0.785 -> GUARDAR
 50
90.0
 72
1
 11
497.46470000000005
 21
-111.69275
 31
0.0
100
AcDbText
 73
2
  0
LWPOLYLINE
  5
9AE
330
17
100
AcDbEntity
  8
PLAN-CORTE-PIEZAS-A-ABRIR
100
AcDbPolyline
 90
4
 70
1
 10
498.0147
 20
-112.5004
 10
498.2147
 20
-112.5004
 10
498.2147
 20
-111.3004
 10
498.0147
 20
-111.3004
  0
TEXT
  5
9AF
330
17
100
AcDbEntity
  8
PLAN-CORTE-TEXTOS
100
AcDbText
 10
498.1147
 20
-111.1604
 30
0.0
 40
0.06
  1
RW-58
 72
1
 11
498.1147
 21
-111.1604
 31
0.0
100
AcDbText
 73
2
  0
LWPOLYLINE
  5
9B0
330
17
100
AcDbEntity
  8
PLAN-CORTE-RECORTES
100
AcDbPolyline
 90
4
 70
1
 10
498.0147
 20
-112.5004
 10
498.2147
 20
-112.5004
 10
498.2147
 20
-111.422
 10
498.0147
 20
-111.422
  0
TEXT
  5
9B1
330
17
100
AcDbEntity
  8
PLAN-CORTE-TEXTOS
100
AcDbText
 10
498.1147
 20
-111.9612
 30
0.0
 40
0.035
  1
PA-R-034
 50
90.0
 72
1
 11
498.1147
 21
-111.9612
 31
0.0
100
AcDbText
 73
2
  0
LWPOLYLINE
  5
9B2
330
17
100
AcDbEntity
  8
PLAN-CORTE-SOBRANTES
100
AcDbPolyline
 90
4
 70
1
 10
498.0147
 20
-111.422
 10
498.2147
 20
-111.422
 10
498.2147
 20
-111.3004
 10
498.0147
 20
-111.3004
  0
TEXT
  5
9B3
330
17
100
AcDbEntity
  8
PLAN-CORTE-TEXTOS
100
AcDbText
 10
498.1147
 20
-111.3612
 30
0.0
 40
0.045
  1
SOBRA
 72
1
 11
498.1147
 21
-111.3612
 31
0.0
100
AcDbText
 73
2
  0
LWPOLYLINE
  5
9B4
330
17
100
AcDbEntity
  8
PLAN-CORTE-PIEZAS-A-ABRIR
100
AcDbPolyline
 90
4
 70
1
 10
498.66470000000004
 20
-112.5004
 10
498.8647
 20
-112.5004
 10
498.8647
 20
-111.3004
 10
498.66470000000004
 20
-111.3004
  0
TEXT
  5
9B5
330
17
100
AcDbEntity
  8
PLAN-CORTE-TEXTOS
100
AcDbText
 10
498.76470000000006
 20
-111.1604
 30
0.0
 40
0.06
  1
RW-59
 72
1
 11
498.76470000000006
 21
-111.1604
 31
0.0
100
AcDbText
 73
2
  0
LWPOLYLINE
  5
9B6
330
17
100
AcDbEntity
  8
PLAN-CORTE-RECORTES
100
AcDbPolyline
 90
4
 70
1
 10
498.66470000000004
 20
-112.5004
 10
498.8647
 20
-112.5004
 10
498.8647
 20
-111.4838
 10
498.66470000000004
 20
-111.4838
  0
TEXT
  5
9B7
330
17
100
AcDbEntity
  8
PLAN-CORTE-TEXTOS
100
AcDbText
 10
498.76470000000006
 20
-111.9921
 30
0.0
 40
0.035
  1
PA-R-023
 50
90.0
 72
1
 11
498.76470000000006
 21
-111.9921
 31
0.0
100
AcDbText
 73
2
  0
LWPOLYLINE
  5
9B8
330
17
100
AcDbEntity
  8
PLAN-CORTE-SOBRANTES
100
AcDbPolyline
 90
4
 70
1
 10
498.66470000000004
 20
-111.4838
 10
498.8647
 20
-111.4838
 10
498.8647
 20
-111.3004
 10
498.66470000000004
 20
-111.3004
  0
TEXT
  5
9B9
330
17
100
AcDbEntity
  8
PLAN-CORTE-TEXTOS
100
AcDbText
 10
498.76470000000006
 20
-111.3921
 30
0.0
 40
0.045
  1
SOBRA
 72
1
 11
498.76470000000006
 21
-111.3921
 31
0.0
100
AcDbText
 73
2
  0
LWPOLYLINE
  5
9BA
330
17
100
AcDbEntity
  8
PLAN-CORTE-PIEZAS-A-ABRIR
100
AcDbPolyline
 90
4
 70
1
 10
499.3147
 20
-112.5004
 10
499.5147
 20
-112.5004
 10
499.5147
 20
-111.3004
 10
499.3147
 20
-111.3004
  0
TEXT
  5
9BB
330
17
100
AcDbEntity
  8
PLAN-CORTE-TEXTOS
100
AcDbText
 10
499.41470000000004
 20
-111.1604
 30
0.0
 40
0.06
  1
RW-60
 72
1
 11
499.41470000000004
 21
-111.1604
 31
0.0
100
AcDbText
 73
2
  0
LWPOLYLINE
  5
9BC
330
17
100
AcDbEntity
  8
PLAN-CORTE-RECORTES
100
AcDbPolyline
 90
4
 70
1
 10
499.3147
 20
-112.5004
 10
499.5147
 20
-112.5004
 10
499.5147
 20
-112.0215
 10
499.3147
 20
-112.0215
  0
TEXT
  5
9BD
330
17
100
AcDbEntity
  8
PLAN-CORTE-TEXTOS
100
AcDbText
 10
499.41470000000004
 20
-112.26095
 30
0.0
 40
0.035
  1
PA-R-014
 50
90.0
 72
1
 11
499.41470000000004
 21
-112.26095
 31
0.0
100
AcDbText
 73
2
  0
LWPOLYLINE
  5
9BE
330
17
100
AcDbEntity
  8
PLAN-CORTE-RECORTES
100
AcDbPolyline
 90
4
 70
1
 10
499.3147
 20
-112.0215
 10
499.5147
 20
-112.0215
 10
499.5147
 20
-111.54260000000001
 10
499.3147
 20
-111.54260000000001
  0
TEXT
  5
9BF
330
17
100
AcDbEntity
  8
PLAN-CORTE-TEXTOS
100
AcDbText
 10
499.41470000000004
 20
-111.78205
 30
0.0
 40
0.021456093189964158
  1
PA-R-013 (DE SOBRA DE PA-R-014)
 50
90.0
 72
1
 11
499.41470000000004
 21
-111.78205
 31
0.0
100
AcDbText
 73
2
  0
LWPOLYLINE
  5
9C0
330
17
100
AcDbEntity
  8
PLAN-CORTE-SOBRANTES
100
AcDbPolyline
 90
4
 70
1
 10
499.3147
 20
-111.5426
 10
499.5147
 20
-111.5426
 10
499.5147
 20
-111.3004
 10
499.3147
 20
-111.3004
  0
TEXT
  5
9C1
330
17
100
AcDbEntity
  8
PLAN-CORTE-TEXTOS
100
AcDbText
 10
499.41470000000004
 20
-111.4215
 30
0.0
 40
0.045
  1
SOBRA
 50
90.0
 72
1
 11
499.41470000000004
 21
-111.4215
 31
0.0
100
AcDbText
 73
2
  0
LWPOLYLINE
  5
9C2
330
17
100
AcDbEntity
  8
PLAN-CORTE-PIEZAS-A-ABRIR
100
AcDbPolyline
 90
4
 70
1
 10
499.9647
 20
-112.5004
 10
500.1647
 20
-112.5004
 10
500.1647
 20
-111.3004
 10
499.9647
 20
-111.3004
  0
TEXT
  5
9C3
330
17
100
AcDbEntity
  8
PLAN-CORTE-TEXTOS
100
AcDbText
 10
500.0647
 20
-111.1604
 30
0.0
 40
0.06
  1
RW-61
 72
1
 11
500.0647
 21
-111.1604
 31
0.0
100
AcDbText
 73
2
  0
LWPOLYLINE
  5
9C4
330
17
100
AcDbEntity
  8
PLAN-CORTE-RECORTES
100
AcDbPolyline
 90
4
 70
1
 10
499.9647
 20
-112.5004
 10
500.1647
 20
-112.5004
 10
500.1647
 20
-112.0845
 10
499.9647
 20
-112.0845
  0
TEXT
  5
9C5
330
17
100
AcDbEntity
  8
PLAN-CORTE-TEXTOS
100
AcDbText
 10
500.0647
 20
-112.29245
 30
0.0
 40
0.035
  1
PA-R-004
 50
90.0
 72
1
 11
500.0647
 21
-112.29245
 31
0.0
100
AcDbText
 73
2
  0
LWPOLYLINE
  5
9C6
330
17
100
AcDbEntity
  8
PLAN-CORTE-RECORTES
100
AcDbPolyline
 90
4
 70
1
 10
499.9647
 20
-112.0845
 10
500.1647
 20
-112.0845
 10
500.1647
 20
-111.66890000000001
 10
499.9647
 20
-111.66890000000001
  0
TEXT
  5
9C7
330
17
100
AcDbEntity
  8
PLAN-CORTE-TEXTOS
100
AcDbText
 10
500.0647
 20
-111.8767
 30
0.0
 40
0.018620071684587815
  1
PA-R-005 (DE SOBRA DE PA-R-004)
 50
90.0
 72
1
 11
500.0647
 21
-111.8767
 31
0.0
100
AcDbText
 73
2
  0
LWPOLYLINE
  5
9C8
330
17
100
AcDbEntity
  8
PLAN-CORTE-SOBRANTES
100
AcDbPolyline
 90
4
 70
1
 10
499.9647
 20
-111.6689
 10
500.1647
 20
-111.6689
 10
500.1647
 20
-111.3004
 10
499.9647
 20
-111.3004
  0
TEXT
  5
9C9
330
17
100
AcDbEntity
  8
PLAN-CORTE-TEXTOS
100
AcDbText
 10
500.0647
 20
-111.48464999999999
 30
0.0
 40
0.03275555555555555
  1
SOBRA 0.2x0.368
 50
90.0
 72
1
 11
500.0647
 21
-111.48464999999999
 31
0.0
100
AcDbText
 73
2
  0
LWPOLYLINE
  5
9CA
330
17
100
AcDbEntity
  8
PLAN-CORTE-PIEZAS-A-ABRIR
100
AcDbPolyline
 90
4
 70
1
 10
500.6147
 20
-112.5004
 10
500.8147
 20
-112.5004
 10
500.8147
 20
-111.3004
 10
500.6147
 20
-111.3004
  0
TEXT
  5
9CB
330
17
100
AcDbEntity
  8
PLAN-CORTE-TEXTOS
100
AcDbText
 10
500.71470000000005
 20
-111.1604
 30
0.0
 40
0.06
  1
RW-62
 72
1
 11
500.71470000000005
 21
-111.1604
 31
0.0
100
AcDbText
 73
2
  0
LWPOLYLINE
  5
9CC
330
17
100
AcDbEntity
  8
PLAN-CORTE-RECORTES
100
AcDbPolyline
 90
4
 70
1
 10
500.6147
 20
-112.5004
 10
500.8147
 20
-112.5004
 10
500.8147
 20
-111.3934
 10
500.6147
 20
-111.3934
  0
TEXT
  5
9CD
330
17
100
AcDbEntity
  8
PLAN-CORTE-TEXTOS
100
AcDbText
 10
500.71470000000005
 20
-111.9469
 30
0.0
 40
0.035
  1
PA-R-188
 50
90.0
 72
1
 11
500.71470000000005
 21
-111.9469
 31
0.0
100
AcDbText
 73
2
  0
LWPOLYLINE
  5
9CE
330
17
100
AcDbEntity
  8
PLAN-CORTE-DESPERDICIO
100
AcDbPolyline
 90
4
 70
1
 10
500.6147
 20
-111.3934
 10
500.8147
 20
-111.3934
 10
500.8147
 20
-111.3004
 10
500.6147
 20
-111.3004
  0
LWPOLYLINE
  5
9CF
330
17
100
AcDbEntity
  8
PLAN-CORTE-PIEZAS-A-ABRIR
100
AcDbPolyline
 90
4
 70
1
 10
501.2647
 20
-112.5004
 10
501.4647
 20
-112.5004
 10
501.4647
 20
-111.3004
 10
501.2647
 20
-111.3004
  0
TEXT
  5
9D0
330
17
100
AcDbEntity
  8
PLAN-CORTE-TEXTOS
100
AcDbText
 10
501.3647
 20
-111.1604
 30
0.0
 40
0.06
  1
RW-63
 72
1
 11
501.3647
 21
-111.1604
 31
0.0
100
AcDbText
 73
2
  0
LWPOLYLINE
  5
9D1
330
17
100
AcDbEntity
  8
PLAN-CORTE-RECORTES
100
AcDbPolyline
 90
4
 70
1
 10
501.2647
 20
-112.5004
 10
501.4647
 20
-112.5004
 10
501.4647
 20
-111.422
 10
501.2647
 20
-111.422
  0
TEXT
  5
9D2
330
17
100
AcDbEntity
  8
PLAN-CORTE-TEXTOS
100
AcDbText
 10
501.3647
 20
-111.9612
 30
0.0
 40
0.035
  1
PA-R-035
 50
90.0
 72
1
 11
501.3647
 21
-111.9612
 31
0.0
100
AcDbText
 73
2
  0
LWPOLYLINE
  5
9D3
330
17
100
AcDbEntity
  8
PLAN-CORTE-SOBRANTES
100
AcDbPolyline
 90
4
 70
1
 10
501.2647
 20
-111.422
 10
501.4647
 20
-111.422
 10
501.4647
 20
-111.3004
 10
501.2647
 20
-111.3004
  0
TEXT
  5
9D4
330
17
100
AcDbEntity
  8
PLAN-CORTE-TEXTOS
100
AcDbText
 10
501.3647
 20
-111.3612
 30
0.0
 40
0.045
  1
SOBRA
 72
1
 11
501.3647
 21
-111.3612
 31
0.0
100
AcDbText
 73
2
  0
LWPOLYLINE
  5
9D5
330
17
100
AcDbEntity
  8
PLAN-CORTE-PIEZAS-A-ABRIR
100
AcDbPolyline
 90
4
 70
1
 10
501.91470000000004
 20
-112.5004
 10
502.1147
 20
-112.5004
 10
502.1147
 20
-111.3004
 10
501.91470000000004
 20
-111.3004
  0
TEXT
  5
9D6
330
17
100
AcDbEntity
  8
PLAN-CORTE-TEXTOS
100
AcDbText
 10
502.01470000000006
 20
-111.1604
 30
0.0
 40
0.06
  1
RW-64
 72
1
 11
502.01470000000006
 21
-111.1604
 31
0.0
100
AcDbText
 73
2
  0
LWPOLYLINE
  5
9D7
330
17
100
AcDbEntity
  8
PLAN-CORTE-RECORTES
100
AcDbPolyline
 90
4
 70
1
 10
501.91470000000004
 20
-112.5004
 10
502.1147
 20
-112.5004
 10
502.1147
 20
-111.3934
 10
501.91470000000004
 20
-111.3934
  0
TEXT
  5
9D8
330
17
100
AcDbEntity
  8
PLAN-CORTE-TEXTOS
100
AcDbText
 10
502.01470000000006
 20
-111.9469
 30
0.0
 40
0.035
  1
PA-R-189
 50
90.0
 72
1
 11
502.01470000000006
 21
-111.9469
 31
0.0
100
AcDbText
 73
2
  0
LWPOLYLINE
  5
9D9
330
17
100
AcDbEntity
  8
PLAN-CORTE-DESPERDICIO
100
AcDbPolyline
 90
4
 70
1
 10
501.91470000000004
 20
-111.3934
 10
502.1147
 20
-111.3934
 10
502.1147
 20
-111.3004
 10
501.91470000000004
 20
-111.3004
  0
LWPOLYLINE
  5
9DA
330
17
100
AcDbEntity
  8
PLAN-CORTE-PIEZAS-A-ABRIR
100
AcDbPolyline
 90
4
 70
1
 10
502.5647
 20
-112.5004
 10
502.7647
 20
-112.5004
 10
502.7647
 20
-111.3004
 10
502.5647
 20
-111.3004
  0
TEXT
  5
9DB
330
17
100
AcDbEntity
  8
PLAN-CORTE-TEXTOS
100
AcDbText
 10
502.66470000000004
 20
-111.1604
 30
0.0
 40
0.06
  1
RW-65
 72
1
 11
502.66470000000004
 21
-111.1604
 31
0.0
100
AcDbText
 73
2
  0
LWPOLYLINE
  5
9DC
330
17
100
AcDbEntity
  8
PLAN-CORTE-RECORTES
100
AcDbPolyline
 90
4
 70
1
 10
502.5647
 20
-112.5004
 10
502.7647
 20
-112.5004
 10
502.7647
 20
-111.48349999999999
 10
502.5647
 20
-111.48349999999999
  0
TEXT
  5
9DD
330
17
100
AcDbEntity
  8
PLAN-CORTE-TEXTOS
100
AcDbText
 10
502.66470000000004
 20
-111.99195
 30
0.0
 40
0.035
  1
PA-R-022
 50
90.0
 72
1
 11
502.66470000000004
 21
-111.99195
 31
0.0
100
AcDbText
 73
2
  0
LWPOLYLINE
  5
9DE
330
17
100
AcDbEntity
  8
PLAN-CORTE-SOBRANTES
100
AcDbPolyline
 90
4
 70
1
 10
502.5647
 20
-111.48349999999999
 10
502.7647
 20
-111.48349999999999
 10
502.7647
 20
-111.3004
 10
502.5647
 20
-111.3004
  0
TEXT
  5
9DF
330
17
100
AcDbEntity
  8
PLAN-CORTE-TEXTOS
100
AcDbText
 10
502.66470000000004
 20
-111.39195
 30
0.0
 40
0.045
  1
SOBRA
 72
1
 11
502.66470000000004
 21
-111.39195
 31
0.0
100
AcDbText
 73
2
  0
LWPOLYLINE
  5
9E0
330
17
100
AcDbEntity
  8
PLAN-CORTE-PIEZAS-A-ABRIR
100
AcDbPolyline
 90
4
 70
1
 10
503.2147
 20
-112.5004
 10
503.4147
 20
-112.5004
 10
503.4147
 20
-111.3004
 10
503.2147
 20
-111.3004
  0
TEXT
  5
9E1
330
17
100
AcDbEntity
  8
PLAN-CORTE-TEXTOS
100
AcDbText
 10
503.3147
 20
-111.1604
 30
0.0
 40
0.06
  1
RW-66
 72
1
 11
503.3147
 21
-111.1604
 31
0.0
100
AcDbText
 73
2
  0
LWPOLYLINE
  5
9E2
330
17
100
AcDbEntity
  8
PLAN-CORTE-RECORTES
100
AcDbPolyline
 90
4
 70
1
 10
503.2147
 20
-112.5004
 10
503.4147
 20
-112.5004
 10
503.4147
 20
-111.3934
 10
503.2147
 20
-111.3934
  0
TEXT
  5
9E3
330
17
100
AcDbEntity
  8
PLAN-CORTE-TEXTOS
100
AcDbText
 10
503.3147
 20
-111.9469
 30
0.0
 40
0.035
  1
PA-R-190
 50
90.0
 72
1
 11
503.3147
 21
-111.9469
 31
0.0
100
AcDbText
 73
2
  0
LWPOLYLINE
  5
9E4
330
17
100
AcDbEntity
  8
PLAN-CORTE-DESPERDICIO
100
AcDbPolyline
 90
4
 70
1
 10
503.2147
 20
-111.3934
 10
503.4147
 20
-111.3934
 10
503.4147
 20
-111.3004
 10
503.2147
 20
-111.3004
  0
LWPOLYLINE
  5
9E5
330
17
100
AcDbEntity
  8
PLAN-CORTE-PIEZAS-A-ABRIR
100
AcDbPolyline
 90
4
 70
1
 10
489.5647
 20
-114.40039999999999
 10
489.7647
 20
-114.40039999999999
 10
489.7647
 20
-113.20039999999999
 10
489.5647
 20
-113.20039999999999
  0
TEXT
  5
9E6
330
17
100
AcDbEntity
  8
PLAN-CORTE-TEXTOS
100
AcDbText
 10
489.66470000000004
 20
-113.06039999999999
 30
0.0
 40
0.06
  1
RW-67
 72
1
 11
489.66470000000004
 21
-113.06039999999999
 31
0.0
100
AcDbText
 73
2
  0
LWPOLYLINE
  5
9E7
330
17
100
AcDbEntity
  8
PLAN-CORTE-RECORTES
100
AcDbPolyline
 90
4
 70
1
 10
489.5647
 20
-114.40039999999999
 10
489.7647
 20
-114.40039999999999
 10
489.7647
 20
-113.9215
 10
489.5647
 20
-113.9215
  0
TEXT
  5
9E8
330
17
100
AcDbEntity
  8
PLAN-CORTE-TEXTOS
100
AcDbText
 10
489.66470000000004
 20
-114.16094999999999
 30
0.0
 40
0.035
  1
PA-R-016
 50
90.0
 72
1
 11
489.66470000000004
 21
-114.16094999999999
 31
0.0
100
AcDbText
 73
2
  0
LWPOLYLINE
  5
9E9
330
17
100
AcDbEntity
  8
PLAN-CORTE-RECORTES
100
AcDbPolyline
 90
4
 70
1
 10
489.5647
 20
-113.9215
 10
489.7647
 20
-113.9215
 10
489.7647
 20
-113.4426
 10
489.5647
 20
-113.4426
  0
TEXT
  5
9EA
330
17
100
AcDbEntity
  8
PLAN-CORTE-TEXTOS
100
AcDbText
 10
489.66470000000004
 20
-113.68204999999999
 30
0.0
 40
0.021456093189964158
  1
PA-R-015 (DE SOBRA DE PA-R-016)
 50
90.0
 72
1
 11
489.66470000000004
 21
-113.68204999999999
 31
0.0
100
AcDbText
 73
2
  0
LWPOLYLINE
  5
9EB
330
17
100
AcDbEntity
  8
PLAN-CORTE-SOBRANTES
100
AcDbPolyline
 90
4
 70
1
 10
489.5647
 20
-113.44259999999998
 10
489.7647
 20
-113.44259999999998
 10
489.7647
 20
-113.20039999999999
 10
489.5647
 20
-113.20039999999999
  0
TEXT
  5
9EC
330
17
100
AcDbEntity
  8
PLAN-CORTE-TEXTOS
100
AcDbText
 10
489.66470000000004
 20
-113.32149999999999
 30
0.0
 40
0.045
  1
SOBRA
 50
90.0
 72
1
 11
489.66470000000004
 21
-113.32149999999999
 31
0.0
100
AcDbText
 73
2
  0
LWPOLYLINE
  5
9ED
330
17
100
AcDbEntity
  8
PLAN-CORTE-PIEZAS-A-ABRIR
100
AcDbPolyline
 90
4
 70
1
 10
490.2147
 20
-114.40039999999999
 10
490.4147
 20
-114.40039999999999
 10
490.4147
 20
-113.20039999999999
 10
490.2147
 20
-113.20039999999999
  0
TEXT
  5
9EE
330
17
100
AcDbEntity
  8
PLAN-CORTE-TEXTOS
100
AcDbText
 10
490.3147
 20
-113.06039999999999
 30
0.0
 40
0.06
  1
RW-68
 72
1
 11
490.3147
 21
-113.06039999999999
 31
0.0
100
AcDbText
 73
2
  0
LWPOLYLINE
  5
9EF
330
17
100
AcDbEntity
  8
PLAN-CORTE-RECORTES
100
AcDbPolyline
 90
4
 70
1
 10
490.2147
 20
-114.40039999999999
 10
490.4147
 20
-114.40039999999999
 10
490.4147
 20
-113.32199999999999
 10
490.2147
 20
-113.32199999999999
  0
TEXT
  5
9F0
330
17
100
AcDbEntity
  8
PLAN-CORTE-TEXTOS
100
AcDbText
 10
490.3147
 20
-113.8612
 30
0.0
 40
0.035
  1
PA-R-036
 50
90.0
 72
1
 11
490.3147
 21
-113.8612
 31
0.0
100
AcDbText
 73
2
  0
LWPOLYLINE
  5
9F1
330
17
100
AcDbEntity
  8
PLAN-CORTE-SOBRANTES
100
AcDbPolyline
 90
4
 70
1
 10
490.2147
 20
-113.32199999999999
 10
490.4147
 20
-113.32199999999999
 10
490.4147
 20
-113.20039999999999
 10
490.2147
 20
-113.20039999999999
  0
TEXT
  5
9F2
330
17
100
AcDbEntity
  8
PLAN-CORTE-TEXTOS
100
AcDbText
 10
490.3147
 20
-113.26119999999999
 30
0.0
 40
0.045
  1
SOBRA
 72
1
 11
490.3147
 21
-113.26119999999999
 31
0.0
100
AcDbText
 73
2
  0
LWPOLYLINE
  5
9F3
330
17
100
AcDbEntity
  8
PLAN-CORTE-PIEZAS-A-ABRIR
100
AcDbPolyline
 90
4
 70
1
 10
490.8647
 20
-114.40039999999999
 10
491.0647
 20
-114.40039999999999
 10
491.0647
 20
-113.20039999999999
 10
490.8647
 20
-113.20039999999999
  0
TEXT
  5
9F4
330
17
100
AcDbEntity
  8
PLAN-CORTE-TEXTOS
100
AcDbText
 10
490.96470000000005
 20
-113.06039999999999
 30
0.0
 40
0.06
  1
RW-69
 72
1
 11
490.96470000000005
 21
-113.06039999999999
 31
0.0
100
AcDbText
 73
2
  0
LWPOLYLINE
  5
9F5
330
17
100
AcDbEntity
  8
PLAN-CORTE-RECORTES
100
AcDbPolyline
 90
4
 70
1
 10
490.8647
 20
-114.40039999999999
 10
491.0647
 20
-114.40039999999999
 10
491.0647
 20
-113.98389999999999
 10
490.8647
 20
-113.98389999999999
  0
TEXT
  5
9F6
330
17
100
AcDbEntity
  8
PLAN-CORTE-TEXTOS
100
AcDbText
 10
490.96470000000005
 20
-114.19214999999998
 30
0.0
 40
0.035
  1
PA-R-002
 50
90.0
 72
1
 11
490.96470000000005
 21
-114.19214999999998
 31
0.0
100
AcDbText
 73
2
  0
LWPOLYLINE
  5
9F7
330
17
100
AcDbEntity
  8
PLAN-CORTE-RECORTES
100
AcDbPolyline
 90
4
 70
1
 10
490.8647
 20
-113.98389999999999
 10
491.0647
 20
-113.98389999999999
 10
491.0647
 20
-113.56769999999999
 10
490.8647
 20
-113.56769999999999
  0
TEXT
  5
9F8
330
17
100
AcDbEntity
  8
PLAN-CORTE-TEXTOS
100
AcDbText
 10
490.96470000000005
 20
-113.77579999999999
 30
0.0
 40
0.018646953405017923
  1
PA-R-003 (DE SOBRA DE PA-R-002)
 50
90.0
 72
1
 11
490.96470000000005
 21
-113.77579999999999
 31
0.0
100
AcDbText
 73
2
  0
LWPOLYLINE
  5
9F9
330
17
100
AcDbEntity
  8
PLAN-CORTE-SOBRANTES
100
AcDbPolyline
 90
4
 70
1
 10
490.8647
 20
-113.56769999999999
 10
491.0647
 20
-113.56769999999999
 10
491.0647
 20
-113.20039999999999
 10
490.8647
 20
-113.20039999999999
  0
TEXT
  5
9FA
330
17
100
AcDbEntity
  8
PLAN-CORTE-TEXTOS
100
AcDbText
 10
490.96470000000005
 20
-113.38404999999999
 30
0.0
 40
0.03264888888888889
  1
SOBRA 0.2x0.367
 50
90.0
 72
1
 11
490.96470000000005
 21
-113.38404999999999
 31
0.0
100
AcDbText
 73
2
  0
LWPOLYLINE
  5
9FB
330
17
100
AcDbEntity
  8
PLAN-CORTE-PIEZAS-A-ABRIR
100
AcDbPolyline
 90
4
 70
1
 10
491.5147
 20
-114.40039999999999
 10
491.7147
 20
-114.40039999999999
 10
491.7147
 20
-113.20039999999999
 10
491.5147
 20
-113.20039999999999
  0
TEXT
  5
9FC
330
17
100
AcDbEntity
  8
PLAN-CORTE-TEXTOS
100
AcDbText
 10
491.6147
 20
-113.06039999999999
 30
0.0
 40
0.06
  1
RW-70
 72
1
 11
491.6147
 21
-113.06039999999999
 31
0.0
100
AcDbText
 73
2
  0
LWPOLYLINE
  5
9FD
330
17
100
AcDbEntity
  8
PLAN-CORTE-RECORTES
100
AcDbPolyline
 90
4
 70
1
 10
491.5147
 20
-114.40039999999999
 10
491.7147
 20
-114.40039999999999
 10
491.7147
 20
-113.38319999999999
 10
491.5147
 20
-113.38319999999999
  0
TEXT
  5
9FE
330
17
100
AcDbEntity
  8
PLAN-CORTE-TEXTOS
100
AcDbText
 10
491.6147
 20
-113.89179999999999
 30
0.0
 40
0.035
  1
PA-R-021
 50
90.0
 72
1
 11
491.6147
 21
-113.89179999999999
 31
0.0
100
AcDbText
 73
2
  0
LWPOLYLINE
  5
9FF
330
17
100
AcDbEntity
  8
PLAN-CORTE-SOBRANTES
100
AcDbPolyline
 90
4
 70
1
 10
491.5147
 20
-113.38319999999999
 10
491.7147
 20
-113.38319999999999
 10
491.7147
 20
-113.20039999999999
 10
491.5147
 20
-113.20039999999999
  0
TEXT
  5
A00
330
17
100
AcDbEntity
  8
PLAN-CORTE-TEXTOS
100
AcDbText
 10
491.6147
 20
-113.2918
 30
0.0
 40
0.045
  1
SOBRA
 72
1
 11
491.6147
 21
-113.2918
 31
0.0
100
AcDbText
 73
2
  0
LWPOLYLINE
  5
A01
330
17
100
AcDbEntity
  8
PLAN-CORTE-PIEZAS-A-ABRIR
100
AcDbPolyline
 90
4
 70
1
 10
492.16470000000004
 20
-114.40039999999999
 10
492.3647
 20
-114.40039999999999
 10
492.3647
 20
-113.20039999999999
 10
492.16470000000004
 20
-113.20039999999999
  0
TEXT
  5
A02
330
17
100
AcDbEntity
  8
PLAN-CORTE-TEXTOS
100
AcDbText
 10
492.26470000000006
 20
-113.06039999999999
 30
0.0
 40
0.06
  1
RW-71
 72
1
 11
492.26470000000006
 21
-113.06039999999999
 31
0.0
100
AcDbText
 73
2
  0
LWPOLYLINE
  5
A03
330
17
100
AcDbEntity
  8
PLAN-CORTE-RECORTES
100
AcDbPolyline
 90
4
 70
1
 10
492.16470000000004
 20
-114.40039999999999
 10
492.3647
 20
-114.40039999999999
 10
492.3647
 20
-113.29339999999999
 10
492.16470000000004
 20
-113.29339999999999
  0
TEXT
  5
A04
330
17
100
AcDbEntity
  8
PLAN-CORTE-TEXTOS
100
AcDbText
 10
492.26470000000006
 20
-113.84689999999999
 30
0.0
 40
0.035
  1
PA-R-191
 50
90.0
 72
1
 11
492.26470000000006
 21
-113.84689999999999
 31
0.0
100
AcDbText
 73
2
  0
LWPOLYLINE
  5
A05
330
17
100
AcDbEntity
  8
PLAN-CORTE-DESPERDICIO
100
AcDbPolyline
 90
4
 70
1
 10
492.16470000000004
 20
-113.29339999999999
 10
492.3647
 20
-113.29339999999999
 10
492.3647
 20
-113.20039999999999
 10
492.16470000000004
 20
-113.20039999999999
  0
LWPOLYLINE
  5
A06
330
17
100
AcDbEntity
  8
PLAN-CORTE-PIEZAS-A-ABRIR
100
AcDbPolyline
 90
4
 70
1
 10
492.8147
 20
-114.40039999999999
 10
493.0147
 20
-114.40039999999999
 10
493.0147
 20
-113.20039999999999
 10
492.8147
 20
-113.20039999999999
  0
TEXT
  5
A07
330
17
100
AcDbEntity
  8
PLAN-CORTE-TEXTOS
100
AcDbText
 10
492.91470000000004
 20
-113.06039999999999
 30
0.0
 40
0.06
  1
RW-72
 72
1
 11
492.91470000000004
 21
-113.06039999999999
 31
0.0
100
AcDbText
 73
2
  0
LWPOLYLINE
  5
A08
330
17
100
AcDbEntity
  8
PLAN-CORTE-RECORTES
100
AcDbPolyline
 90
4
 70
1
 10
492.8147
 20
-114.40039999999999
 10
493.0147
 20
-114.40039999999999
 10
493.0147
 20
-113.89389999999999
 10
492.8147
 20
-113.89389999999999
  0
TEXT
  5
A09
330
17
100
AcDbEntity
  8
PLAN-CORTE-TEXTOS
100
AcDbText
 10
492.91470000000004
 20
-114.14715
 30
0.0
 40
0.035
  1
PA-R-198
 50
90.0
 72
1
 11
492.91470000000004
 21
-114.14715
 31
0.0
100
AcDbText
 73
2
  0
LWPOLYLINE
  5
A0A
330
17
100
AcDbEntity
  8
PLAN-CORTE-RECORTES
100
AcDbPolyline
 90
4
 70
1
 10
492.8147
 20
-113.89389999999999
 10
493.0147
 20
-113.89389999999999
 10
493.0147
 20
-113.41499999999999
 10
492.8147
 20
-113.41499999999999
  0
TEXT
  5
A0B
330
17
100
AcDbEntity
  8
PLAN-CORTE-TEXTOS
100
AcDbText
 10
492.91470000000004
 20
-113.65444999999998
 30
0.0
 40
0.021456093189964158
  1
PA-R-019 (DE SOBRA DE PA-R-198)
 50
90.0
 72
1
 11
492.91470000000004
 21
-113.65444999999998
 31
0.0
100
AcDbText
 73
2
  0
LWPOLYLINE
  5
A0C
330
17
100
AcDbEntity
  8
PLAN-CORTE-SOBRANTES
100
AcDbPolyline
 90
4
 70
1
 10
492.8147
 20
-113.41499999999999
 10
493.0147
 20
-113.41499999999999
 10
493.0147
 20
-113.20039999999999
 10
492.8147
 20
-113.20039999999999
  0
TEXT
  5
A0D
330
17
100
AcDbEntity
  8
PLAN-CORTE-TEXTOS
100
AcDbText
 10
492.91470000000004
 20
-113.3077
 30
0.0
 40
0.045
  1
SOBRA
 50
90.0
 72
1
 11
492.91470000000004
 21
-113.3077
 31
0.0
100
AcDbText
 73
2
  0
LWPOLYLINE
  5
A0E
330
17
100
AcDbEntity
  8
PLAN-CORTE-PIEZAS-A-ABRIR
100
AcDbPolyline
 90
4
 70
1
 10
493.4647
 20
-114.40039999999999
 10
493.6647
 20
-114.40039999999999
 10
493.6647
 20
-113.20039999999999
 10
493.4647
 20
-113.20039999999999
  0
TEXT
  5
A0F
330
17
100
AcDbEntity
  8
PLAN-CORTE-TEXTOS
100
AcDbText
 10
493.5647
 20
-113.06039999999999
 30
0.0
 40
0.06
  1
RW-73
 72
1
 11
493.5647
 21
-113.06039999999999
 31
0.0
100
AcDbText
 73
2
  0
LWPOLYLINE
  5
A10
330
17
100
AcDbEntity
  8
PLAN-CORTE-RECORTES
100
AcDbPolyline
 90
4
 70
1
 10
493.4647
 20
-114.40039999999999
 10
493.6647
 20
-114.40039999999999
 10
493.6647
 20
-113.89389999999999
 10
493.4647
 20
-113.89389999999999
  0
TEXT
  5
A11
330
17
100
AcDbEntity
  8
PLAN-CORTE-TEXTOS
100
AcDbText
 10
493.5647
 20
-114.14715
 30
0.0
 40
0.035
  1
PA-R-200
 50
90.0
 72
1
 11
493.5647
 21
-114.14715
 31
0.0
100
AcDbText
 73
2
  0
LWPOLYLINE
  5
A12
330
17
100
AcDbEntity
  8
PLAN-CORTE-RECORTES
100
AcDbPolyline
 90
4
 70
1
 10
493.4647
 20
-113.89389999999999
 10
493.6647
 20
-113.89389999999999
 10
493.6647
 20
-113.38739999999999
 10
493.4647
 20
-113.38739999999999
  0
TEXT
  5
A13
330
17
100
AcDbEntity
  8
PLAN-CORTE-TEXTOS
100
AcDbText
 10
493.5647
 20
-113.64065
 30
0.0
 40
0.0226926523297491
  1
PA-R-199 (DE SOBRA DE PA-R-200)
 50
90.0
 72
1
 11
493.5647
 21
-113.64065
 31
0.0
100
AcDbText
 73
2
  0
LWPOLYLINE
  5
A14
330
17
100
AcDbEntity
  8
PLAN-CORTE-SOBRANTES
100
AcDbPolyline
 90
4
 70
1
 10
493.4647
 20
-113.38739999999999
 10
493.6647
 20
-113.38739999999999
 10
493.6647
 20
-113.20039999999999
 10
493.4647
 20
-113.20039999999999
  0
TEXT
  5
A15
330
17
100
AcDbEntity
  8
PLAN-CORTE-TEXTOS
100
AcDbText
 10
493.5647
 20
-113.29389999999998
 30
0.0
 40
0.045
  1
SOBRA
 72
1
 11
493.5647
 21
-113.29389999999998
 31
0.0
100
AcDbText
 73
2
  0
LWPOLYLINE
  5
A16
330
17
100
AcDbEntity
  8
PLAN-CORTE-PIEZAS-A-ABRIR
100
AcDbPolyline
 90
4
 70
1
 10
494.1147
 20
-114.40039999999999
 10
494.3147
 20
-114.40039999999999
 10
494.3147
 20
-113.20039999999999
 10
494.1147
 20
-113.20039999999999
  0
TEXT
  5
A17
330
17
100
AcDbEntity
  8
PLAN-CORTE-TEXTOS
100
AcDbText
 10
494.21470000000005
 20
-113.06039999999999
 30
0.0
 40
0.06
  1
RW-74
 72
1
 11
494.21470000000005
 21
-113.06039999999999
 31
0.0
100
AcDbText
 73
2
  0
LWPOLYLINE
  5
A18
330
17
100
AcDbEntity
  8
PLAN-CORTE-RECORTES
100
AcDbPolyline
 90
4
 70
1
 10
494.1147
 20
-114.40039999999999
 10
494.3147
 20
-114.40039999999999
 10
494.3147
 20
-113.29339999999999
 10
494.1147
 20
-113.29339999999999
  0
TEXT
  5
A19
330
17
100
AcDbEntity
  8
PLAN-CORTE-TEXTOS
100
AcDbText
 10
494.21470000000005
 20
-113.84689999999999
 30
0.0
 40
0.035
  1
PA-R-192
 50
90.0
 72
1
 11
494.21470000000005
 21
-113.84689999999999
 31
0.0
100
AcDbText
 73
2
  0
LWPOLYLINE
  5
A1A
330
17
100
AcDbEntity
  8
PLAN-CORTE-DESPERDICIO
100
AcDbPolyline
 90
4
 70
1
 10
494.1147
 20
-113.29339999999999
 10
494.3147
 20
-113.29339999999999
 10
494.3147
 20
-113.20039999999999
 10
494.1147
 20
-113.20039999999999
  0
LWPOLYLINE
  5
A1B
330
17
100
AcDbEntity
  8
PLAN-CORTE-PIEZAS-A-ABRIR
100
AcDbPolyline
 90
4
 70
1
 10
494.7647
 20
-114.40039999999999
 10
494.9647
 20
-114.40039999999999
 10
494.9647
 20
-113.20039999999999
 10
494.7647
 20
-113.20039999999999
  0
TEXT
  5
A1C
330
17
100
AcDbEntity
  8
PLAN-CORTE-TEXTOS
100
AcDbText
 10
494.8647
 20
-113.06039999999999
 30
0.0
 40
0.06
  1
RW-75
 72
1
 11
494.8647
 21
-113.06039999999999
 31
0.0
100
AcDbText
 73
2
  0
LWPOLYLINE
  5
A1D
330
17
100
AcDbEntity
  8
PLAN-CORTE-RECORTES
100
AcDbPolyline
 90
4
 70
1
 10
494.7647
 20
-114.40039999999999
 10
494.9647
 20
-114.40039999999999
 10
494.9647
 20
-113.32199999999999
 10
494.7647
 20
-113.32199999999999
  0
TEXT
  5
A1E
330
17
100
AcDbEntity
  8
PLAN-CORTE-TEXTOS
100
AcDbText
 10
494.8647
 20
-113.8612
 30
0.0
 40
0.035
  1
PA-R-037
 50
90.0
 72
1
 11
494.8647
 21
-113.8612
 31
0.0
100
AcDbText
 73
2
  0
LWPOLYLINE
  5
A1F
330
17
100
AcDbEntity
  8
PLAN-CORTE-SOBRANTES
100
AcDbPolyline
 90
4
 70
1
 10
494.7647
 20
-113.32199999999999
 10
494.9647
 20
-113.32199999999999
 10
494.9647
 20
-113.20039999999999
 10
494.7647
 20
-113.20039999999999
  0
TEXT
  5
A20
330
17
100
AcDbEntity
  8
PLAN-CORTE-TEXTOS
100
AcDbText
 10
494.8647
 20
-113.26119999999999
 30
0.0
 40
0.045
  1
SOBRA
 72
1
 11
494.8647
 21
-113.26119999999999
 31
0.0
100
AcDbText
 73
2
  0
LWPOLYLINE
  5
A21
330
17
100
AcDbEntity
  8
PLAN-CORTE-PIEZAS-A-ABRIR
100
AcDbPolyline
 90
4
 70
1
 10
495.41470000000004
 20
-114.40039999999999
 10
495.6147
 20
-114.40039999999999
 10
495.6147
 20
-113.20039999999999
 10
495.41470000000004
 20
-113.20039999999999
  0
TEXT
  5
A22
330
17
100
AcDbEntity
  8
PLAN-CORTE-TEXTOS
100
AcDbText
 10
495.51470000000006
 20
-113.06039999999999
 30
0.0
 40
0.06
  1
RW-76
 72
1
 11
495.51470000000006
 21
-113.06039999999999
 31
0.0
100
AcDbText
 73
2
  0
LWPOLYLINE
  5
A23
330
17
100
AcDbEntity
  8
PLAN-CORTE-RECORTES
100
AcDbPolyline
 90
4
 70
1
 10
495.41470000000004
 20
-114.40039999999999
 10
495.59170000000006
 20
-114.40039999999999
 10
495.59170000000006
 20
-113.38309999999998
 10
495.41470000000004
 20
-113.38309999999998
  0
TEXT
  5
A24
330
17
100
AcDbEntity
  8
PLAN-CORTE-TEXTOS
100
AcDbText
 10
495.50320000000005
 20
-113.89174999999999
 30
0.0
 40
0.035
  1
PA-R-020
 50
90.0
 72
1
 11
495.50320000000005
 21
-113.89174999999999
 31
0.0
100
AcDbText
 73
2
  0
LWPOLYLINE
  5
A25
330
17
100
AcDbEntity
  8
PLAN-CORTE-SOBRANTES
100
AcDbPolyline
 90
4
 70
1
 10
495.41470000000004
 20
-113.38309999999998
 10
495.6147
 20
-113.38309999999998
 10
495.6147
 20
-113.20039999999999
 10
495.41470000000004
 20
-113.20039999999999
  0
TEXT
  5
A26
330
17
100
AcDbEntity
  8
PLAN-CORTE-TEXTOS
100
AcDbText
 10
495.51470000000006
 20
-113.29174999999998
 30
0.0
 40
0.045
  1
SOBRA
 72
1
 11
495.51470000000006
 21
-113.29174999999998
 31
0.0
100
AcDbText
 73
2
  0
LWPOLYLINE
  5
A27
330
17
100
AcDbEntity
  8
PLAN-CORTE-DESPERDICIO
100
AcDbPolyline
 90
4
 70
1
 10
495.59170000000006
 20
-114.40039999999999
 10
495.6147000000001
 20
-114.40039999999999
 10
495.6147000000001
 20
-113.38309999999998
 10
495.59170000000006
 20
-113.38309999999998
  0
LWPOLYLINE
  5
A28
330
17
100
AcDbEntity
  8
PLAN-CORTE-PIEZAS-A-ABRIR
100
AcDbPolyline
 90
4
 70
1
 10
496.0647
 20
-114.40039999999999
 10
496.2647
 20
-114.40039999999999
 10
496.2647
 20
-113.20039999999999
 10
496.0647
 20
-113.20039999999999
  0
TEXT
  5
A29
330
17
100
AcDbEntity
  8
PLAN-CORTE-TEXTOS
100
AcDbText
 10
496.16470000000004
 20
-113.06039999999999
 30
0.0
 40
0.06
  1
RW-77
 72
1
 11
496.16470000000004
 21
-113.06039999999999
 31
0.0
100
AcDbText
 73
2
  0
LWPOLYLINE
  5
A2A
330
17
100
AcDbEntity
  8
PLAN-CORTE-RECORTES
100
AcDbPolyline
 90
4
 70
1
 10
496.0647
 20
-114.40039999999999
 10
496.2647
 20
-114.40039999999999
 10
496.2647
 20
-113.9215
 10
496.0647
 20
-113.9215
  0
TEXT
  5
A2B
330
17
100
AcDbEntity
  8
PLAN-CORTE-TEXTOS
100
AcDbText
 10
496.16470000000004
 20
-114.16094999999999
 30
0.0
 40
0.035
  1
PA-R-018
 50
90.0
 72
1
 11
496.16470000000004
 21
-114.16094999999999
 31
0.0
100
AcDbText
 73
2
  0
LWPOLYLINE
  5
A2C
330
17
100
AcDbEntity
  8
PLAN-CORTE-RECORTES
100
AcDbPolyline
 90
4
 70
1
 10
496.0647
 20
-113.9215
 10
496.2647
 20
-113.9215
 10
496.2647
 20
-113.4426
 10
496.0647
 20
-113.4426
  0
TEXT
  5
A2D
330
17
100
AcDbEntity
  8
PLAN-CORTE-TEXTOS
100
AcDbText
 10
496.16470000000004
 20
-113.68204999999999
 30
0.0
 40
0.021456093189964158
  1
PA-R-017 (DE SOBRA DE PA-R-018)
 50
90.0
 72
1
 11
496.16470000000004
 21
-113.68204999999999
 31
0.0
100
AcDbText
 73
2
  0
LWPOLYLINE
  5
A2E
330
17
100
AcDbEntity
  8
PLAN-CORTE-SOBRANTES
100
AcDbPolyline
 90
4
 70
1
 10
496.0647
 20
-113.44259999999998
 10
496.2647
 20
-113.44259999999998
 10
496.2647
 20
-113.20039999999999
 10
496.0647
 20
-113.20039999999999
  0
TEXT
  5
A2F
330
17
100
AcDbEntity
  8
PLAN-CORTE-TEXTOS
100
AcDbText
 10
496.16470000000004
 20
-113.32149999999999
 30
0.0
 40
0.045
  1
SOBRA
 50
90.0
 72
1
 11
496.16470000000004
 21
-113.32149999999999
 31
0.0
100
AcDbText
 73
2
  0
LWPOLYLINE
  5
A30
330
17
100
AcDbEntity
  8
PLAN-CORTE-PIEZAS-A-ABRIR
100
AcDbPolyline
 90
4
 70
1
 10
496.7147
 20
-114.40039999999999
 10
496.9147
 20
-114.40039999999999
 10
496.9147
 20
-113.20039999999999
 10
496.7147
 20
-113.20039999999999
  0
TEXT
  5
A31
330
17
100
AcDbEntity
  8
PLAN-CORTE-TEXTOS
100
AcDbText
 10
496.8147
 20
-113.06039999999999
 30
0.0
 40
0.06
  1
RW-78
 72
1
 11
496.8147
 21
-113.06039999999999
 31
0.0
100
AcDbText
 73
2
  0
LWPOLYLINE
  5
A32
330
17
100
AcDbEntity
  8
PLAN-CORTE-RECORTES
100
AcDbPolyline
 90
4
 70
1
 10
496.7147
 20
-114.40039999999999
 10
496.9147
 20
-114.40039999999999
 10
496.9147
 20
-113.29339999999999
 10
496.7147
 20
-113.29339999999999
  0
TEXT
  5
A33
330
17
100
AcDbEntity
  8
PLAN-CORTE-TEXTOS
100
AcDbText
 10
496.8147
 20
-113.84689999999999
 30
0.0
 40
0.035
  1
PA-R-193
 50
90.0
 72
1
 11
496.8147
 21
-113.84689999999999
 31
0.0
100
AcDbText
 73
2
  0
LWPOLYLINE
  5
A34
330
17
100
AcDbEntity
  8
PLAN-CORTE-DESPERDICIO
100
AcDbPolyline
 90
4
 70
1
 10
496.7147
 20
-113.29339999999999
 10
496.9147
 20
-113.29339999999999
 10
496.9147
 20
-113.20039999999999
 10
496.7147
 20
-113.20039999999999
  0
LWPOLYLINE
  5
A35
330
17
100
AcDbEntity
  8
PLAN-CORTE-PIEZAS-A-ABRIR
100
AcDbPolyline
 90
4
 70
1
 10
497.3647
 20
-114.40039999999999
 10
497.5647
 20
-114.40039999999999
 10
497.5647
 20
-113.20039999999999
 10
497.3647
 20
-113.20039999999999
  0
TEXT
  5
A36
330
17
100
AcDbEntity
  8
PLAN-CORTE-TEXTOS
100
AcDbText
 10
497.46470000000005
 20
-113.06039999999999
 30
0.0
 40
0.06
  1
RW-79
 72
1
 11
497.46470000000005
 21
-113.06039999999999
 31
0.0
100
AcDbText
 73
2
  0
LWPOLYLINE
  5
A37
330
17
100
AcDbEntity
  8
PLAN-CORTE-RECORTES
100
AcDbPolyline
 90
4
 70
1
 10
497.3647
 20
-114.40039999999999
 10
497.5647
 20
-114.40039999999999
 10
497.5647
 20
-113.89389999999999
 10
497.3647
 20
-113.89389999999999
  0
TEXT
  5
A38
330
17
100
AcDbEntity
  8
PLAN-CORTE-TEXTOS
100
AcDbText
 10
497.46470000000005
 20
-114.14715
 30
0.0
 40
0.035
  1
PA-R-202
 50
90.0
 72
1
 11
497.46470000000005
 21
-114.14715
 31
0.0
100
AcDbText
 73
2
  0
LWPOLYLINE
  5
A39
330
17
100
AcDbEntity
  8
PLAN-CORTE-RECORTES
100
AcDbPolyline
 90
4
 70
1
 10
497.3647
 20
-113.89389999999999
 10
497.5647
 20
-113.89389999999999
 10
497.5647
 20
-113.38739999999999
 10
497.3647
 20
-113.38739999999999
  0
TEXT
  5
A3A
330
17
100
AcDbEntity
  8
PLAN-CORTE-TEXTOS
100
AcDbText
 10
497.46470000000005
 20
-113.64065
 30
0.0
 40
0.0226926523297491
  1
PA-R-201 (DE SOBRA DE PA-R-202)
 50
90.0
 72
1
 11
497.46470000000005
 21
-113.64065
 31
0.0
100
AcDbText
 73
2
  0
LWPOLYLINE
  5
A3B
330
17
100
AcDbEntity
  8
PLAN-CORTE-SOBRANTES
100
AcDbPolyline
 90
4
 70
1
 10
497.3647
 20
-113.38739999999999
 10
497.5647
 20
-113.38739999999999
 10
497.5647
 20
-113.20039999999999
 10
497.3647
 20
-113.20039999999999
  0
TEXT
  5
A3C
330
17
100
AcDbEntity
  8
PLAN-CORTE-TEXTOS
100
AcDbText
 10
497.46470000000005
 20
-113.29389999999998
 30
0.0
 40
0.045
  1
SOBRA
 72
1
 11
497.46470000000005
 21
-113.29389999999998
 31
0.0
100
AcDbText
 73
2
  0
LWPOLYLINE
  5
A3D
330
17
100
AcDbEntity
  8
PLAN-CORTE-PIEZAS-A-ABRIR
100
AcDbPolyline
 90
4
 70
1
 10
498.0147
 20
-114.40039999999999
 10
498.2147
 20
-114.40039999999999
 10
498.2147
 20
-113.20039999999999
 10
498.0147
 20
-113.20039999999999
  0
TEXT
  5
A3E
330
17
100
AcDbEntity
  8
PLAN-CORTE-TEXTOS
100
AcDbText
 10
498.1147
 20
-113.06039999999999
 30
0.0
 40
0.06
  1
RW-80
 72
1
 11
498.1147
 21
-113.06039999999999
 31
0.0
100
AcDbText
 73
2
  0
LWPOLYLINE
  5
A3F
330
17
100
AcDbEntity
  8
PLAN-CORTE-RECORTES
100
AcDbPolyline
 90
4
 70
1
 10
498.0147
 20
-114.40039999999999
 10
498.2147
 20
-114.40039999999999
 10
498.2147
 20
-113.32199999999999
 10
498.0147
 20
-113.32199999999999
  0
TEXT
  5
A40
330
17
100
AcDbEntity
  8
PLAN-CORTE-TEXTOS
100
AcDbText
 10
498.1147
 20
-113.8612
 30
0.0
 40
0.035
  1
PA-R-038
 50
90.0
 72
1
 11
498.1147
 21
-113.8612
 31
0.0
100
AcDbText
 73
2
  0
LWPOLYLINE
  5
A41
330
17
100
AcDbEntity
  8
PLAN-CORTE-SOBRANTES
100
AcDbPolyline
 90
4
 70
1
 10
498.0147
 20
-113.32199999999999
 10
498.2147
 20
-113.32199999999999
 10
498.2147
 20
-113.20039999999999
 10
498.0147
 20
-113.20039999999999
  0
TEXT
  5
A42
330
17
100
AcDbEntity
  8
PLAN-CORTE-TEXTOS
100
AcDbText
 10
498.1147
 20
-113.26119999999999
 30
0.0
 40
0.045
  1
SOBRA
 72
1
 11
498.1147
 21
-113.26119999999999
 31
0.0
100
AcDbText
 73
2
  0
LWPOLYLINE
  5
A43
330
17
100
AcDbEntity
  8
PLAN-CORTE-PIEZAS-A-ABRIR
100
AcDbPolyline
 90
4
 70
1
 10
498.66470000000004
 20
-114.40039999999999
 10
498.8647
 20
-114.40039999999999
 10
498.8647
 20
-113.20039999999999
 10
498.66470000000004
 20
-113.20039999999999
  0
TEXT
  5
A44
330
17
100
AcDbEntity
  8
PLAN-CORTE-TEXTOS
100
AcDbText
 10
498.76470000000006
 20
-113.06039999999999
 30
0.0
 40
0.06
  1
RW-81
 72
1
 11
498.76470000000006
 21
-113.06039999999999
 31
0.0
100
AcDbText
 73
2
  0
LWPOLYLINE
  5
A45
330
17
100
AcDbEntity
  8
PLAN-CORTE-RECORTES
100
AcDbPolyline
 90
4
 70
1
 10
498.66470000000004
 20
-114.40039999999999
 10
498.8647
 20
-114.40039999999999
 10
498.8647
 20
-113.29339999999999
 10
498.66470000000004
 20
-113.29339999999999
  0
TEXT
  5
A46
330
17
100
AcDbEntity
  8
PLAN-CORTE-TEXTOS
100
AcDbText
 10
498.76470000000006
 20
-113.84689999999999
 30
0.0
 40
0.035
  1
PA-R-194
 50
90.0
 72
1
 11
498.76470000000006
 21
-113.84689999999999
 31
0.0
100
AcDbText
 73
2
  0
LWPOLYLINE
  5
A47
330
17
100
AcDbEntity
  8
PLAN-CORTE-DESPERDICIO
100
AcDbPolyline
 90
4
 70
1
 10
498.66470000000004
 20
-113.29339999999999
 10
498.8647
 20
-113.29339999999999
 10
498.8647
 20
-113.20039999999999
 10
498.66470000000004
 20
-113.20039999999999
  0
LWPOLYLINE
  5
A48
330
17
100
AcDbEntity
  8
PLAN-CORTE-PIEZAS-A-ABRIR
100
AcDbPolyline
 90
4
 70
1
 10
499.3147
 20
-114.40039999999999
 10
499.5147
 20
-114.40039999999999
 10
499.5147
 20
-113.20039999999999
 10
499.3147
 20
-113.20039999999999
  0
TEXT
  5
A49
330
17
100
AcDbEntity
  8
PLAN-CORTE-TEXTOS
100
AcDbText
 10
499.41470000000004
 20
-113.06039999999999
 30
0.0
 40
0.06
  1
RW-82
 72
1
 11
499.41470000000004
 21
-113.06039999999999
 31
0.0
100
AcDbText
 73
2
  0
LWPOLYLINE
  5
A4A
330
17
100
AcDbEntity
  8
PLAN-CORTE-RECORTES
100
AcDbPolyline
 90
4
 70
1
 10
499.3147
 20
-114.40039999999999
 10
499.5147
 20
-114.40039999999999
 10
499.5147
 20
-113.32199999999999
 10
499.3147
 20
-113.32199999999999
  0
TEXT
  5
A4B
330
17
100
AcDbEntity
  8
PLAN-CORTE-TEXTOS
100
AcDbText
 10
499.41470000000004
 20
-113.8612
 30
0.0
 40
0.035
  1
PA-R-039
 50
90.0
 72
1
 11
499.41470000000004
 21
-113.8612
 31
0.0
100
AcDbText
 73
2
  0
LWPOLYLINE
  5
A4C
330
17
100
AcDbEntity
  8
PLAN-CORTE-SOBRANTES
100
AcDbPolyline
 90
4
 70
1
 10
499.3147
 20
-113.32199999999999
 10
499.5147
 20
-113.32199999999999
 10
499.5147
 20
-113.20039999999999
 10
499.3147
 20
-113.20039999999999
  0
TEXT
  5
A4D
330
17
100
AcDbEntity
  8
PLAN-CORTE-TEXTOS
100
AcDbText
 10
499.41470000000004
 20
-113.26119999999999
 30
0.0
 40
0.045
  1
SOBRA
 72
1
 11
499.41470000000004
 21
-113.26119999999999
 31
0.0
100
AcDbText
 73
2
  0
LWPOLYLINE
  5
A4E
330
17
100
AcDbEntity
  8
PLAN-CORTE-PIEZAS-A-ABRIR
100
AcDbPolyline
 90
4
 70
1
 10
499.9647
 20
-114.40039999999999
 10
500.1647
 20
-114.40039999999999
 10
500.1647
 20
-113.20039999999999
 10
499.9647
 20
-113.20039999999999
  0
TEXT
  5
A4F
330
17
100
AcDbEntity
  8
PLAN-CORTE-TEXTOS
100
AcDbText
 10
500.0647
 20
-113.06039999999999
 30
0.0
 40
0.06
  1
RW-83
 72
1
 11
500.0647
 21
-113.06039999999999
 31
0.0
100
AcDbText
 73
2
  0
LWPOLYLINE
  5
A50
330
17
100
AcDbEntity
  8
PLAN-CORTE-RECORTES
100
AcDbPolyline
 90
4
 70
1
 10
499.9647
 20
-114.40039999999999
 10
500.1647
 20
-114.40039999999999
 10
500.1647
 20
-113.89389999999999
 10
499.9647
 20
-113.89389999999999
  0
TEXT
  5
A51
330
17
100
AcDbEntity
  8
PLAN-CORTE-TEXTOS
100
AcDbText
 10
500.0647
 20
-114.14715
 30
0.0
 40
0.035
  1
PA-R-204
 50
90.0
 72
1
 11
500.0647
 21
-114.14715
 31
0.0
100
AcDbText
 73
2
  0
LWPOLYLINE
  5
A52
330
17
100
AcDbEntity
  8
PLAN-CORTE-RECORTES
100
AcDbPolyline
 90
4
 70
1
 10
499.9647
 20
-113.89389999999999
 10
500.1647
 20
-113.89389999999999
 10
500.1647
 20
-113.38739999999999
 10
499.9647
 20
-113.38739999999999
  0
TEXT
  5
A53
330
17
100
AcDbEntity
  8
PLAN-CORTE-TEXTOS
100
AcDbText
 10
500.0647
 20
-113.64065
 30
0.0
 40
0.0226926523297491
  1
PA-R-203 (DE SOBRA DE PA-R-204)
 50
90.0
 72
1
 11
500.0647
 21
-113.64065
 31
0.0
100
AcDbText
 73
2
  0
LWPOLYLINE
  5
A54
330
17
100
AcDbEntity
  8
PLAN-CORTE-SOBRANTES
100
AcDbPolyline
 90
4
 70
1
 10
499.9647
 20
-113.38739999999999
 10
500.1647
 20
-113.38739999999999
 10
500.1647
 20
-113.20039999999999
 10
499.9647
 20
-113.20039999999999
  0
TEXT
  5
A55
330
17
100
AcDbEntity
  8
PLAN-CORTE-TEXTOS
100
AcDbText
 10
500.0647
 20
-113.29389999999998
 30
0.0
 40
0.045
  1
SOBRA
 72
1
 11
500.0647
 21
-113.29389999999998
 31
0.0
100
AcDbText
 73
2
  0
LWPOLYLINE
  5
A56
330
17
100
AcDbEntity
  8
PLAN-CORTE-PIEZAS-A-ABRIR
100
AcDbPolyline
 90
4
 70
1
 10
500.6147
 20
-114.40039999999999
 10
500.8147
 20
-114.40039999999999
 10
500.8147
 20
-113.20039999999999
 10
500.6147
 20
-113.20039999999999
  0
TEXT
  5
A57
330
17
100
AcDbEntity
  8
PLAN-CORTE-TEXTOS
100
AcDbText
 10
500.71470000000005
 20
-113.06039999999999
 30
0.0
 40
0.06
  1
RW-84
 72
1
 11
500.71470000000005
 21
-113.06039999999999
 31
0.0
100
AcDbText
 73
2
  0
LWPOLYLINE
  5
A58
330
17
100
AcDbEntity
  8
PLAN-CORTE-RECORTES
100
AcDbPolyline
 90
4
 70
1
 10
500.6147
 20
-114.40039999999999
 10
500.8147
 20
-114.40039999999999
 10
500.8147
 20
-113.29339999999999
 10
500.6147
 20
-113.29339999999999
  0
TEXT
  5
A59
330
17
100
AcDbEntity
  8
PLAN-CORTE-TEXTOS
100
AcDbText
 10
500.71470000000005
 20
-113.84689999999999
 30
0.0
 40
0.035
  1
PA-R-195
 50
90.0
 72
1
 11
500.71470000000005
 21
-113.84689999999999
 31
0.0
100
AcDbText
 73
2
  0
LWPOLYLINE
  5
A5A
330
17
100
AcDbEntity
  8
PLAN-CORTE-DESPERDICIO
100
AcDbPolyline
 90
4
 70
1
 10
500.6147
 20
-113.29339999999999
 10
500.8147
 20
-113.29339999999999
 10
500.8147
 20
-113.20039999999999
 10
500.6147
 20
-113.20039999999999
  0
LWPOLYLINE
  5
A5B
330
17
100
AcDbEntity
  8
PLAN-CORTE-PIEZAS-A-ABRIR
100
AcDbPolyline
 90
4
 70
1
 10
501.2647
 20
-114.40039999999999
 10
501.4647
 20
-114.40039999999999
 10
501.4647
 20
-113.20039999999999
 10
501.2647
 20
-113.20039999999999
  0
TEXT
  5
A5C
330
17
100
AcDbEntity
  8
PLAN-CORTE-TEXTOS
100
AcDbText
 10
501.3647
 20
-113.06039999999999
 30
0.0
 40
0.06
  1
RW-85
 72
1
 11
501.3647
 21
-113.06039999999999
 31
0.0
100
AcDbText
 73
2
  0
LWPOLYLINE
  5
A5D
330
17
100
AcDbEntity
  8
PLAN-CORTE-RECORTES
100
AcDbPolyline
 90
4
 70
1
 10
501.2647
 20
-114.40039999999999
 10
501.4647
 20
-114.40039999999999
 10
501.4647
 20
-113.29339999999999
 10
501.2647
 20
-113.29339999999999
  0
TEXT
  5
A5E
330
17
100
AcDbEntity
  8
PLAN-CORTE-TEXTOS
100
AcDbText
 10
501.3647
 20
-113.84689999999999
 30
0.0
 40
0.035
  1
PA-R-196
 50
90.0
 72
1
 11
501.3647
 21
-113.84689999999999
 31
0.0
100
AcDbText
 73
2
  0
LWPOLYLINE
  5
A5F
330
17
100
AcDbEntity
  8
PLAN-CORTE-DESPERDICIO
100
AcDbPolyline
 90
4
 70
1
 10
501.2647
 20
-113.29339999999999
 10
501.4647
 20
-113.29339999999999
 10
501.4647
 20
-113.20039999999999
 10
501.2647
 20
-113.20039999999999
  0
LWPOLYLINE
  5
A60
330
17
100
AcDbEntity
  8
PLAN-CORTE-PIEZAS-A-ABRIR
100
AcDbPolyline
 90
4
 70
1
 10
501.91470000000004
 20
-114.40039999999999
 10
502.1147
 20
-114.40039999999999
 10
502.1147
 20
-113.20039999999999
 10
501.91470000000004
 20
-113.20039999999999
  0
TEXT
  5
A61
330
17
100
AcDbEntity
  8
PLAN-CORTE-TEXTOS
100
AcDbText
 10
502.01470000000006
 20
-113.06039999999999
 30
0.0
 40
0.06
  1
RW-86
 72
1
 11
502.01470000000006
 21
-113.06039999999999
 31
0.0
100
AcDbText
 73
2
  0
LWPOLYLINE
  5
A62
330
17
100
AcDbEntity
  8
PLAN-CORTE-RECORTES
100
AcDbPolyline
 90
4
 70
1
 10
501.91470000000004
 20
-114.40039999999999
 10
502.1147
 20
-114.40039999999999
 10
502.1147
 20
-113.89389999999999
 10
501.91470000000004
 20
-113.89389999999999
  0
TEXT
  5
A63
330
17
100
AcDbEntity
  8
PLAN-CORTE-TEXTOS
100
AcDbText
 10
502.01470000000006
 20
-114.14715
 30
0.0
 40
0.035
  1
PA-R-206
 50
90.0
 72
1
 11
502.01470000000006
 21
-114.14715
 31
0.0
100
AcDbText
 73
2
  0
LWPOLYLINE
  5
A64
330
17
100
AcDbEntity
  8
PLAN-CORTE-RECORTES
100
AcDbPolyline
 90
4
 70
1
 10
501.91470000000004
 20
-113.89389999999999
 10
502.1147
 20
-113.89389999999999
 10
502.1147
 20
-113.38739999999999
 10
501.91470000000004
 20
-113.38739999999999
  0
TEXT
  5
A65
330
17
100
AcDbEntity
  8
PLAN-CORTE-TEXTOS
100
AcDbText
 10
502.01470000000006
 20
-113.64065
 30
0.0
 40
0.0226926523297491
  1
PA-R-205 (DE SOBRA DE PA-R-206)
 50
90.0
 72
1
 11
502.01470000000006
 21
-113.64065
 31
0.0
100
AcDbText
 73
2
  0
LWPOLYLINE
  5
A66
330
17
100
AcDbEntity
  8
PLAN-CORTE-SOBRANTES
100
AcDbPolyline
 90
4
 70
1
 10
501.91470000000004
 20
-113.38739999999999
 10
502.1147
 20
-113.38739999999999
 10
502.1147
 20
-113.20039999999999
 10
501.91470000000004
 20
-113.20039999999999
  0
TEXT
  5
A67
330
17
100
AcDbEntity
  8
PLAN-CORTE-TEXTOS
100
AcDbText
 10
502.01470000000006
 20
-113.29389999999998
 30
0.0
 40
0.045
  1
SOBRA
 72
1
 11
502.01470000000006
 21
-113.29389999999998
 31
0.0
100
AcDbText
 73
2
  0
LWPOLYLINE
  5
A68
330
17
100
AcDbEntity
  8
PLAN-CORTE-PIEZAS-A-ABRIR
100
AcDbPolyline
 90
4
 70
1
 10
502.5647
 20
-114.40039999999999
 10
502.7647
 20
-114.40039999999999
 10
502.7647
 20
-113.20039999999999
 10
502.5647
 20
-113.20039999999999
  0
TEXT
  5
A69
330
17
100
AcDbEntity
  8
PLAN-CORTE-TEXTOS
100
AcDbText
 10
502.66470000000004
 20
-113.06039999999999
 30
0.0
 40
0.06
  1
RW-87
 72
1
 11
502.66470000000004
 21
-113.06039999999999
 31
0.0
100
AcDbText
 73
2
  0
LWPOLYLINE
  5
A6A
330
17
100
AcDbEntity
  8
PLAN-CORTE-RECORTES
100
AcDbPolyline
 90
4
 70
1
 10
502.5647
 20
-114.40039999999999
 10
502.6367
 20
-114.40039999999999
 10
502.6367
 20
-113.29339999999999
 10
502.5647
 20
-113.29339999999999
  0
TEXT
  5
A6B
330
17
100
AcDbEntity
  8
PLAN-CORTE-TEXTOS
100
AcDbText
 10
502.6007
 20
-113.84689999999999
 30
0.0
 40
0.016
  1
PA-R-197
 50
90.0
 72
1
 11
502.6007
 21
-113.84689999999999
 31
0.0
100
AcDbText
 73
2
  0
LWPOLYLINE
  5
A6C
330
17
100
AcDbEntity
  8
PLAN-CORTE-SOBRANTES
100
AcDbPolyline
 90
4
 70
1
 10
502.6367
 20
-114.40039999999999
 10
502.7647
 20
-114.40039999999999
 10
502.7647
 20
-113.20039999999999
 10
502.6367
 20
-113.20039999999999
  0
TEXT
  5
A6D
330
17
100
AcDbEntity
  8
PLAN-CORTE-TEXTOS
100
AcDbText
 10
502.70070000000004
 20
-113.8004
 30
0.0
 40
0.045
  1
SOBRA 0.128x1.2 -> GUARDAR
 50
90.0
 72
1
 11
502.70070000000004
 21
-113.8004
 31
0.0
100
AcDbText
 73
2
  0
LWPOLYLINE
  5
A6E
330
17
100
AcDbEntity
  8
PLAN-CORTE-DESPERDICIO
100
AcDbPolyline
 90
4
 70
1
 10
502.5647
 20
-113.29339999999999
 10
502.6367
 20
-113.29339999999999
 10
502.6367
 20
-113.20039999999999
 10
502.5647
 20
-113.20039999999999
  0
TEXT
  5
A6F
330
17
100
AcDbEntity
  8
RESUMEN
100
AcDbText
 10
489.5647
 20
-117.00039999999998
 30
0.0
 40
0.24
  1
RESUMEN DE PIEZAS - CABERNET
 11
489.5647
 21
-117.00039999999998
 31
0.0
100
AcDbText
 73
2
  0
TEXT
  5
A70
330
17
100
AcDbEntity
  8
RESUMEN
100
AcDbText
 10
489.5647
 20
-117.42039999999999
 30
0.0
 40
0.15
  1

 11
489.5647
 21
-117.42039999999999
 31
0.0
100
AcDbText
 73
2
  0
TEXT
  5
A71
330
17
100
AcDbEntity
  8
RESUMEN
100
AcDbText
 10
489.5647
 20
-117.84039999999999
 30
0.0
 40
0.15
  1
MORET  (incluye muro de regadera y escalera):
 11
489.5647
 21
-117.84039999999999
 31
0.0
100
AcDbText
 73
2
  0
TEXT
  5
A72
330
17
100
AcDbEntity
  8
RESUMEN
100
AcDbText
 10
489.5647
 20
-118.26039999999999
 30
0.0
 40
0.15
  1
  CAPA MORET-COMPLETAS (QSELECT): 91 piezas completas en el plano
 11
489.5647
 21
-118.26039999999999
 31
0.0
100
AcDbText
 73
2
  0
TEXT
  5
A73
330
17
100
AcDbEntity
  8
RESUMEN
100
AcDbText
 10
489.5647
 20
-118.68039999999999
 30
0.0
 40
0.15
  1
  CAPA MORET-RECORTES (QSELECT): 100 piezas con corte en el plano   [75 abren pieza nueva + 25 salen de un sobrante]
 11
489.5647
 21
-118.68039999999999
 31
0.0
100
AcDbText
 73
2
  0
TEXT
  5
A74
330
17
100
AcDbEntity
  8
RESUMEN
100
AcDbText
 10
489.5647
 20
-119.10039999999998
 30
0.0
 40
0.15
  1
  PIEZAS QUE SE COMPRAN: 91 enteras del plano + 24 enteras extra (descansos de escalera y muro de regadera, fuera del plano) + 95 que se abren p/recorte = 210   |   CAJAS: 105 (149.44 m2)
 11
489.5647
 21
-119.10039999999998
 31
0.0
100
AcDbText
 73
2
  0
TEXT
  5
A75
330
17
100
AcDbEntity
  8
RESUMEN
100
AcDbText
 10
489.5647
 20
-119.52039999999998
 30
0.0
 40
0.15
  1
  SOBRANTE REUTILIZABLE: 2.81 m2 en 31 pzas -> GUARDAR EN RESERVA   |   DESPERDICIO: 3.82 m2 (109 pedazos <10 cm)   |   SOBRA TOTAL: 4.4% de lo comprado
 11
489.5647
 21
-119.52039999999998
 31
0.0
100
AcDbText
 73
2
  0
TEXT
  5
A76
330
17
100
AcDbEntity
  8
RESUMEN
100
AcDbText
 10
489.5647
 20
-119.94039999999998
 30
0.0
 40
0.15
  1

 11
489.5647
 21
-119.94039999999998
 31
0.0
100
AcDbText
 73
2
  0
TEXT
  5
A77
330
17
100
AcDbEntity
  8
RESUMEN
100
AcDbText
 10
489.5647
 20
-120.36039999999998
 30
0.0
 40
0.15
  1
ROYAL WALNUT:
 11
489.5647
 21
-120.36039999999998
 31
0.0
100
AcDbText
 73
2
  0
TEXT
  5
A78
330
17
100
AcDbEntity
  8
RESUMEN
100
AcDbText
 10
489.5647
 20
-120.78039999999999
 30
0.0
 40
0.15
  1
  CAPA ROYAL-COMPLETAS (QSELECT): 89 piezas completas en el plano
 11
489.5647
 21
-120.78039999999999
 31
0.0
100
AcDbText
 73
2
  0
TEXT
  5
A79
330
17
100
AcDbEntity
  8
RESUMEN
100
AcDbText
 10
489.5647
 20
-121.20039999999999
 30
0.0
 40
0.15
  1
  CAPA ROYAL-RECORTES (QSELECT): 117 piezas con corte en el plano   [87 abren pieza nueva + 30 salen de un sobrante]
 11
489.5647
 21
-121.20039999999999
 31
0.0
100
AcDbText
 73
2
  0
TEXT
  5
A7A
330
17
100
AcDbEntity
  8
RESUMEN
100
AcDbText
 10
489.5647
 20
-121.62039999999999
 30
0.0
 40
0.15
  1
  PIEZAS QUE SE COMPRAN: 89 enteras del plano + 87 que se abren p/recorte = 176   |   CAJAS: 36 (43.20 m2)
 11
489.5647
 21
-121.62039999999999
 31
0.0
100
AcDbText
 73
2
  0
TEXT
  5
A7B
330
17
100
AcDbEntity
  8
RESUMEN
100
AcDbText
 10
489.5647
 20
-122.04039999999999
 30
0.0
 40
0.15
  1
  SOBRANTE REUTILIZABLE: 2.27 m2 en 54 pzas -> GUARDAR EN RESERVA   |   DESPERDICIO: 0.73 m2 (36 pedazos <10 cm)   |   SOBRA TOTAL: 7.0% de lo comprado
 11
489.5647
 21
-122.04039999999999
 31
0.0
100
AcDbText
 73
2
  0
TEXT
  5
A7C
330
17
100
AcDbEntity
  8
RESUMEN
100
AcDbText
 10
489.5647
 20
-122.46039999999998
 30
0.0
 40
0.15
  1

 11
489.5647
 21
-122.46039999999998
 31
0.0
100
AcDbText
 73
2
  0
TEXT
  5
A7D
330
17
100
AcDbEntity
  8
RESUMEN
100
AcDbText
 10
489.5647
 20
-122.88039999999998
 30
0.0
 40
0.15
  1
PLAN DE CORTE (abajo): la capa PLAN-CORTE-PIEZAS-A-ABRIR tiene 182 contornos (95 Moret + 87 Royal Walnut), uno por pieza que se abre; incluye las tablas de escalera/regadera.
 11
489.5647
 21
-122.88039999999998
 31
0.0
100
AcDbText
 73
2
  0
TEXT
  5
A7E
330
17
100
AcDbEntity
  8
RESUMEN
100
AcDbText
 10
489.5647
 20
-123.30039999999998
 30
0.0
 40
0.15
  1

 11
489.5647
 21
-123.30039999999998
 31
0.0
100
AcDbText
 73
2
  0
TEXT
  5
A7F
330
17
100
AcDbEntity
  8
RESUMEN
100
AcDbText
 10
489.5647
 20
-123.72039999999998
 30
0.0
 40
0.15
  1
CONTEO RAPIDO EN AUTOCAD: QSELECT (polilinea) por capa MORET-COMPLETAS o ROYAL-COMPLETAS:
 11
489.5647
 21
-123.72039999999998
 31
0.0
100
AcDbText
 73
2
  0
TEXT
  5
A80
330
17
100
AcDbEntity
  8
RESUMEN
100
AcDbText
 10
489.5647
 20
-124.14039999999999
 30
0.0
 40
0.15
  1
1 polilinea = 1 pieza completa.
 11
489.5647
 21
-124.14039999999999
 31
0.0
100
AcDbText
 73
2
  0
TEXT
  5
A81
330
17
100
AcDbEntity
  8
RESUMEN
100
AcDbText
 10
489.5647
 20
-124.56039999999999
 30
0.0
 40
0.15
  1
Las piezas estan a MEDIDA REAL 0.596 x 1.194, con BOQUILLA REAL entre piezas:
 11
489.5647
 21
-124.56039999999999
 31
0.0
100
AcDbText
 73
2
  0
TEXT
  5
A82
330
17
100
AcDbEntity
  8
RESUMEN
100
AcDbText
 10
489.5647
 20
-124.98039999999999
 30
0.0
 40
0.15
  1
0.002 (2 mm) en Moret y 0.001 (1 mm) en Royal Walnut.
 11
489.5647
 21
-124.98039999999999
 31
0.0
100
AcDbText
 73
2
  0
TEXT
  5
A83
330
17
100
AcDbEntity
  8
RESUMEN
100
AcDbText
 10
489.5647
 20
-125.40039999999999
 30
0.0
 40
0.15
  1

 11
489.5647
 21
-125.40039999999999
 31
0.0
100
AcDbText
 73
2
  0
TEXT
  5
A84
330
17
100
AcDbEntity
  8
RESUMEN
100
AcDbText
 10
489.5647
 20
-125.82039999999998
 30
0.0
 40
0.15
  1
ORDEN DE CORTE PROPUESTO: la numeracion del plan de corte (M-01, M-02...) ES el orden:
 11
489.5647
 21
-125.82039999999998
 31
0.0
100
AcDbText
 73
2
  0
TEXT
  5
A85
330
17
100
AcDbEntity
  8
RESUMEN
100
AcDbText
 10
489.5647
 20
-126.24039999999998
 30
0.0
 40
0.15
  1
se empieza en PLANTA ALTA junto a la ESCALERA (por ahi sube el material) y se va uno
 11
489.5647
 21
-126.24039999999998
 31
0.0
100
AcDbText
 73
2
  0
TEXT
  5
A86
330
17
100
AcDbEntity
  8
RESUMEN
100
AcDbText
 10
489.5647
 20
-126.66039999999998
 30
0.0
 40
0.15
  1
alejando; al terminar P.A. se sigue con P.B., tambien desde la escalera.
 11
489.5647
 21
-126.66039999999998
 31
0.0
100
AcDbText
 73
2
  0
TEXT
  5
A87
330
17
100
AcDbEntity
  8
RESUMEN
100
AcDbText
 10
489.5647
 20
-127.08039999999998
 30
0.0
 40
0.15
  1

 11
489.5647
 21
-127.08039999999998
 31
0.0
100
AcDbText
 73
2
  0
TEXT
  5
A88
330
17
100
AcDbEntity
  8
RESUMEN
100
AcDbText
 10
489.5647
 20
-127.50039999999998
 30
0.0
 40
0.15
  1
LEYENDA DE CAPAS (que es cada layer):
 11
489.5647
 21
-127.50039999999998
 31
0.0
100
AcDbText
 73
2
  0
TEXT
  5
A89
330
17
100
AcDbEntity
  8
RESUMEN
100
AcDbText
 10
489.5647
 20
-127.92039999999999
 30
0.0
 40
0.15
  1
  MORET-COMPLETAS: piezas COMPLETAS de Moret en el plano; 1 polilinea = 1 pieza (contar con QSELECT)
 11
489.5647
 21
-127.92039999999999
 31
0.0
100
AcDbText
 73
2
  0
TEXT
  5
A8A
330
17
100
AcDbEntity
  8
RESUMEN
100
AcDbText
 10
489.5647
 20
-128.3404
 30
0.0
 40
0.15
  1
  MORET-RECORTES: piezas de Moret que llevan corte, en su posicion real del plano
 11
489.5647
 21
-128.3404
 31
0.0
100
AcDbText
 73
2
  0
TEXT
  5
A8B
330
17
100
AcDbEntity
  8
RESUMEN
100
AcDbText
 10
489.5647
 20
-128.76039999999998
 30
0.0
 40
0.15
  1
  ROYAL-COMPLETAS: piezas completas de Royal Walnut; 1 polilinea = 1 pieza
 11
489.5647
 21
-128.76039999999998
 31
0.0
100
AcDbText
 73
2
  0
TEXT
  5
A8C
330
17
100
AcDbEntity
  8
RESUMEN
100
AcDbText
 10
489.5647
 20
-129.1804
 30
0.0
 40
0.15
  1
  ROYAL-RECORTES: piezas de Royal Walnut que llevan corte
 11
489.5647
 21
-129.1804
 31
0.0
100
AcDbText
 73
2
  0
TEXT
  5
A8D
330
17
100
AcDbEntity
  8
RESUMEN
100
AcDbText
 10
489.5647
 20
-129.60039999999998
 30
0.0
 40
0.15
  1
  ETIQUETAS: ID de cada pieza del plano (PB/PA - M/R - numero)
 11
489.5647
 21
-129.60039999999998
 31
0.0
100
AcDbText
 73
2
  0
TEXT
  5
A8E
330
17
100
AcDbEntity
  8
RESUMEN
100
AcDbText
 10
489.5647
 20
-130.0204
 30
0.0
 40
0.15
  1
  MUROS: muros del plano de origen: estructurales (A-MUROS) + muros falsos de tablaroca (A-TABLAROCA, mas delgados), con su grosor
 11
489.5647
 21
-130.0204
 31
0.0
100
AcDbText
 73
2
  0
TEXT
  5
A8F
330
17
100
AcDbEntity
  8
RESUMEN
100
AcDbText
 10
489.5647
 20
-130.44039999999998
 30
0.0
 40
0.15
  1
  SOBRANTE-JUNTO-AL-RECORTE: amarillo PEGADO a cada recorte del plano: lo que le falta al recorte para completar la pieza entera (puede salir de los muros)
 11
489.5647
 21
-130.44039999999998
 31
0.0
100
AcDbText
 73
2
  0
TEXT
  5
A90
330
17
100
AcDbEntity
  8
RESUMEN
100
AcDbText
 10
489.5647
 20
-130.86039999999997
 30
0.0
 40
0.15
  1
  PLAN-CORTE-PIEZAS-A-ABRIR: plan de corte: contorno de cada pieza ENTERA que se abre (M-01, M-02...)
 11
489.5647
 21
-130.86039999999997
 31
0.0
100
AcDbText
 73
2
  0
TEXT
  5
A91
330
17
100
AcDbEntity
  8
RESUMEN
100
AcDbText
 10
489.5647
 20
-131.2804
 30
0.0
 40
0.15
  1
  PLAN-CORTE-RECORTES: plan de corte: los recortes ya acomodados dentro de su pieza
 11
489.5647
 21
-131.2804
 31
0.0
100
AcDbText
 73
2
  0
TEXT
  5
A92
330
17
100
AcDbEntity
  8
RESUMEN
100
AcDbText
 10
489.5647
 20
-131.70039999999997
 30
0.0
 40
0.15
  1
  PLAN-CORTE-SOBRANTES: plan de corte: sobrante reutilizable de cada pieza, con medida y destino
 11
489.5647
 21
-131.70039999999997
 31
0.0
100
AcDbText
 73
2
  0
TEXT
  5
A93
330
17
100
AcDbEntity
  8
RESUMEN
100
AcDbText
 10
489.5647
 20
-132.1204
 30
0.0
 40
0.15
  1
  PLAN-CORTE-DESPERDICIO: plan de corte: pedazos <10 cm que ya no sirven
 11
489.5647
 21
-132.1204
 31
0.0
100
AcDbText
 73
2
  0
TEXT
  5
A94
330
17
100
AcDbEntity
  8
RESUMEN
100
AcDbText
 10
489.5647
 20
-132.54039999999998
 30
0.0
 40
0.15
  1
  PLAN-CORTE-TEXTOS: textos del plan de corte (numeracion y etiquetas)
 11
489.5647
 21
-132.54039999999998
 31
0.0
100
AcDbText
 73
2
  0
TEXT
  5
A95
330
17
100
AcDbEntity
  8
RESUMEN
100
AcDbText
 10
489.5647
 20
-132.9604
 30
0.0
 40
0.15
  1
  RESUMEN: conteos (completas / piezas a abrir / cajas), % de sobra y esta leyenda
 11
489.5647
 21
-132.9604
 31
0.0
100
AcDbText
 73
2
  0
TEXT
  5
A96
330
17
100
AcDbEntity
  8
RESUMEN
100
AcDbText
 10
489.5647
 20
-133.38039999999998
 30
0.0
 40
0.15
  1
  ZOCLO: linea de zoclo sobre el perimetro de piso
 11
489.5647
 21
-133.38039999999998
 31
0.0
100
AcDbText
 73
2
  0
TEXT
  5
A97
330
17
100
AcDbEntity
  8
RESUMEN
100
AcDbText
 10
489.5647
 20
-133.8004
 30
0.0
 40
0.15
  1
  URBANIA-LAVANDERIA: marca de la zona con piso Urbania (lavanderia)
 11
489.5647
 21
-133.8004
 31
0.0
100
AcDbText
 73
2
  0
TEXT
  5
A98
330
17
100
AcDbEntity
  8
RESUMEN
100
AcDbText
 10
489.5647
 20
-134.22039999999998
 30
0.0
 40
0.15
  1
  REGADERA-MALLA-MURO: marca de regaderas (malla en charola + muro Moret)
 11
489.5647
 21
-134.22039999999998
 31
0.0
100
AcDbText
 73
2
  0
TEXT
  5
A99
330
17
100
AcDbEntity
  8
RESUMEN
100
AcDbText
 10
489.5647
 20
-134.6404
 30
0.0
 40
0.15
  1
  ESCALERA-REGADERA-ZOCLO: despiece y plan de corte de la ESCALERA y de los MUROS DE BANO (regadera) + catalogo de corte del zoclo; es informativo: sus rectangulos NO cuentan como piezas del plano
 11
489.5647
 21
-134.6404
 31
0.0
100
AcDbText
 73
2
  0
TEXT
  5
A9A
330
17
100
AcDbEntity
  8
RESUMEN
100
AcDbText
 10
489.5647
 20
-135.0604
 30
0.0
 40
0.15
  1

 11
489.5647
 21
-135.0604
 31
0.0
100
AcDbText
 73
2
  0
TEXT
  5
A9B
330
17
100
AcDbEntity
  8
RESUMEN
100
AcDbText
 10
489.5647
 20
-135.48039999999997
 30
0.0
 40
0.15
  1
Elaboro: Ing. Mauricio Gastelum Mora   -   03/07/2026
 11
489.5647
 21
-135.48039999999997
 31
0.0
100
AcDbText
 73
2
  0
TEXT
  5
A9C
330
17
100
AcDbEntity
  8
ESCALERA-REGADERA-ZOCLO
100
AcDbText
 10
510.8142
 20
-80.8104
 30
0.0
 40
0.18
  1
1) ESCALERA - ESQUEMA (14 escalones: ancho 1.15, peralte 0.175, huella 0.27; tramos 7+7)
 72
1
 11
510.8142
 21
-80.8104
 31
0.0
100
AcDbText
 73
2
  0
LINE
  5
A9D
330
17
100
AcDbEntity
  8
ESCALERA-REGADERA-ZOCLO
100
AcDbLine
 10
510.8142
 20
-84.5104
 30
0.0
 11
510.8142
 21
-84.3354
 31
0.0
  0
TEXT
  5
A9E
330
17
100
AcDbEntity
  8
ESCALERA-REGADERA-ZOCLO
100
AcDbText
 10
510.7142
 20
-84.4229
 30
0.0
 40
0.045
  1
P1
 72
1
 11
510.7142
 21
-84.4229
 31
0.0
100
AcDbText
 73
2
  0
LINE
  5
A9F
330
17
100
AcDbEntity
  8
ESCALERA-REGADERA-ZOCLO
100
AcDbLine
 10
510.8142
 20
-84.3354
 30
0.0
 11
511.0842
 21
-84.3354
 31
0.0
  0
TEXT
  5
AA0
330
17
100
AcDbEntity
  8
ESCALERA-REGADERA-ZOCLO
100
AcDbText
 10
510.9492
 20
-84.2804
 30
0.0
 40
0.045
  1
H1
 72
1
 11
510.9492
 21
-84.2804
 31
0.0
100
AcDbText
 73
2
  0
LINE
  5
AA1
330
17
100
AcDbEntity
  8
ESCALERA-REGADERA-ZOCLO
100
AcDbLine
 10
511.0842
 20
-84.3354
 30
0.0
 11
511.0842
 21
-84.16040000000001
 31
0.0
  0
TEXT
  5
AA2
330
17
100
AcDbEntity
  8
ESCALERA-REGADERA-ZOCLO
100
AcDbText
 10
510.9842
 20
-84.2479
 30
0.0
 40
0.045
  1
P2
 72
1
 11
510.9842
 21
-84.2479
 31
0.0
100
AcDbText
 73
2
  0
LINE
  5
AA3
330
17
100
AcDbEntity
  8
ESCALERA-REGADERA-ZOCLO
100
AcDbLine
 10
511.0842
 20
-84.16040000000001
 30
0.0
 11
511.3542
 21
-84.16040000000001
 31
0.0
  0
TEXT
  5
AA4
330
17
100
AcDbEntity
  8
ESCALERA-REGADERA-ZOCLO
100
AcDbText
 10
511.2192
 20
-84.1054
 30
0.0
 40
0.045
  1
H2
 72
1
 11
511.2192
 21
-84.1054
 31
0.0
100
AcDbText
 73
2
  0
LINE
  5
AA5
330
17
100
AcDbEntity
  8
ESCALERA-REGADERA-ZOCLO
100
AcDbLine
 10
511.3542
 20
-84.16040000000001
 30
0.0
 11
511.3542
 21
-83.98540000000001
 31
0.0
  0
TEXT
  5
AA6
330
17
100
AcDbEntity
  8
ESCALERA-REGADERA-ZOCLO
100
AcDbText
 10
511.25419999999997
 20
-84.0729
 30
0.0
 40
0.045
  1
P3
 72
1
 11
511.25419999999997
 21
-84.0729
 31
0.0
100
AcDbText
 73
2
  0
LINE
  5
AA7
330
17
100
AcDbEntity
  8
ESCALERA-REGADERA-ZOCLO
100
AcDbLine
 10
511.3542
 20
-83.98540000000001
 30
0.0
 11
511.6242
 21
-83.98540000000001
 31
0.0
  0
TEXT
  5
AA8
330
17
100
AcDbEntity
  8
ESCALERA-REGADERA-ZOCLO
100
AcDbText
 10
511.4892
 20
-83.9304
 30
0.0
 40
0.045
  1
H3
 72
1
 11
511.4892
 21
-83.9304
 31
0.0
100
AcDbText
 73
2
  0
LINE
  5
AA9
330
17
100
AcDbEntity
  8
ESCALERA-REGADERA-ZOCLO
100
AcDbLine
 10
511.6242
 20
-83.98540000000001
 30
0.0
 11
511.6242
 21
-83.81040000000002
 31
0.0
  0
TEXT
  5
AAA
330
17
100
AcDbEntity
  8
ESCALERA-REGADERA-ZOCLO
100
AcDbText
 10
511.52419999999995
 20
-83.8979
 30
0.0
 40
0.045
  1
P4
 72
1
 11
511.52419999999995
 21
-83.8979
 31
0.0
100
AcDbText
 73
2
  0
LINE
  5
AAB
330
17
100
AcDbEntity
  8
ESCALERA-REGADERA-ZOCLO
100
AcDbLine
 10
511.6242
 20
-83.81040000000002
 30
0.0
 11
511.89419999999996
 21
-83.81040000000002
 31
0.0
  0
TEXT
  5
AAC
330
17
100
AcDbEntity
  8
ESCALERA-REGADERA-ZOCLO
100
AcDbText
 10
511.75919999999996
 20
-83.75540000000001
 30
0.0
 40
0.045
  1
H4
 72
1
 11
511.75919999999996
 21
-83.75540000000001
 31
0.0
100
AcDbText
 73
2
  0
LINE
  5
AAD
330
17
100
AcDbEntity
  8
ESCALERA-REGADERA-ZOCLO
100
AcDbLine
 10
511.89419999999996
 20
-83.81040000000002
 30
0.0
 11
511.89419999999996
 21
-83.63540000000002
 31
0.0
  0
TEXT
  5
AAE
330
17
100
AcDbEntity
  8
ESCALERA-REGADERA-ZOCLO
100
AcDbText
 10
511.79419999999993
 20
-83.72290000000001
 30
0.0
 40
0.045
  1
P5
 72
1
 11
511.79419999999993
 21
-83.72290000000001
 31
0.0
100
AcDbText
 73
2
  0
LINE
  5
AAF
330
17
100
AcDbEntity
  8
ESCALERA-REGADERA-ZOCLO
100
AcDbLine
 10
511.89419999999996
 20
-83.63540000000002
 30
0.0
 11
512.1641999999999
 21
-83.63540000000002
 31
0.0
  0
TEXT
  5
AB0
330
17
100
AcDbEntity
  8
ESCALERA-REGADERA-ZOCLO
100
AcDbText
 10
512.0292
 20
-83.58040000000001
 30
0.0
 40
0.045
  1
H5
 72
1
 11
512.0292
 21
-83.58040000000001
 31
0.0
100
AcDbText
 73
2
  0
LINE
  5
AB1
330
17
100
AcDbEntity
  8
ESCALERA-REGADERA-ZOCLO
100
AcDbLine
 10
512.1641999999999
 20
-83.63540000000002
 30
0.0
 11
512.1641999999999
 21
-83.46040000000002
 31
0.0
  0
TEXT
  5
AB2
330
17
100
AcDbEntity
  8
ESCALERA-REGADERA-ZOCLO
100
AcDbText
 10
512.0641999999999
 20
-83.54790000000001
 30
0.0
 40
0.045
  1
P6
 72
1
 11
512.0641999999999
 21
-83.54790000000001
 31
0.0
100
AcDbText
 73
2
  0
LINE
  5
AB3
330
17
100
AcDbEntity
  8
ESCALERA-REGADERA-ZOCLO
100
AcDbLine
 10
512.1641999999999
 20
-83.46040000000002
 30
0.0
 11
512.4341999999999
 21
-83.46040000000002
 31
0.0
  0
TEXT
  5
AB4
330
17
100
AcDbEntity
  8
ESCALERA-REGADERA-ZOCLO
100
AcDbText
 10
512.2991999999999
 20
-83.40540000000001
 30
0.0
 40
0.045
  1
H6
 72
1
 11
512.2991999999999
 21
-83.40540000000001
 31
0.0
100
AcDbText
 73
2
  0
LINE
  5
AB5
330
17
100
AcDbEntity
  8
ESCALERA-REGADERA-ZOCLO
100
AcDbLine
 10
512.4341999999999
 20
-83.46040000000002
 30
0.0
 11
512.4341999999999
 21
-83.28540000000002
 31
0.0
  0
TEXT
  5
AB6
330
17
100
AcDbEntity
  8
ESCALERA-REGADERA-ZOCLO
100
AcDbText
 10
512.3341999999999
 20
-83.37290000000002
 30
0.0
 40
0.045
  1
P7
 72
1
 11
512.3341999999999
 21
-83.37290000000002
 31
0.0
100
AcDbText
 73
2
  0
LINE
  5
AB7
330
17
100
AcDbEntity
  8
ESCALERA-REGADERA-ZOCLO
100
AcDbLine
 10
512.4341999999999
 20
-83.28540000000002
 30
0.0
 11
512.7041999999999
 21
-83.28540000000002
 31
0.0
  0
TEXT
  5
AB8
330
17
100
AcDbEntity
  8
ESCALERA-REGADERA-ZOCLO
100
AcDbText
 10
512.5691999999999
 20
-83.23040000000002
 30
0.0
 40
0.045
  1
H7
 72
1
 11
512.5691999999999
 21
-83.23040000000002
 31
0.0
100
AcDbText
 73
2
  0
LINE
  5
AB9
330
17
100
AcDbEntity
  8
ESCALERA-REGADERA-ZOCLO
100
AcDbLine
 10
512.7041999999999
 20
-83.28540000000002
 30
0.0
 11
513.7041999999999
 21
-83.28540000000002
 31
0.0
  0
TEXT
  5
ABA
330
17
100
AcDbEntity
  8
ESCALERA-REGADERA-ZOCLO
100
AcDbText
 10
513.2041999999999
 20
-83.19540000000002
 30
0.0
 40
0.045
  1
DESCANSO 1 (2 ent + 2 rec)
 72
1
 11
513.2041999999999
 21
-83.19540000000002
 31
0.0
100
AcDbText
 73
2
  0
LINE
  5
ABB
330
17
100
AcDbEntity
  8
ESCALERA-REGADERA-ZOCLO
100
AcDbLine
 10
513.7041999999999
 20
-83.28540000000002
 30
0.0
 11
513.7041999999999
 21
-83.11040000000003
 31
0.0
  0
TEXT
  5
ABC
330
17
100
AcDbEntity
  8
ESCALERA-REGADERA-ZOCLO
100
AcDbText
 10
513.6041999999999
 20
-83.19790000000002
 30
0.0
 40
0.045
  1
P8
 72
1
 11
513.6041999999999
 21
-83.19790000000002
 31
0.0
100
AcDbText
 73
2
  0
LINE
  5
ABD
330
17
100
AcDbEntity
  8
ESCALERA-REGADERA-ZOCLO
100
AcDbLine
 10
513.7041999999999
 20
-83.11040000000003
 30
0.0
 11
513.9741999999999
 21
-83.11040000000003
 31
0.0
  0
TEXT
  5
ABE
330
17
100
AcDbEntity
  8
ESCALERA-REGADERA-ZOCLO
100
AcDbText
 10
513.8391999999999
 20
-83.05540000000002
 30
0.0
 40
0.045
  1
H8
 72
1
 11
513.8391999999999
 21
-83.05540000000002
 31
0.0
100
AcDbText
 73
2
  0
LINE
  5
ABF
330
17
100
AcDbEntity
  8
ESCALERA-REGADERA-ZOCLO
100
AcDbLine
 10
513.9741999999999
 20
-83.11040000000003
 30
0.0
 11
513.9741999999999
 21
-82.93540000000003
 31
0.0
  0
TEXT
  5
AC0
330
17
100
AcDbEntity
  8
ESCALERA-REGADERA-ZOCLO
100
AcDbText
 10
513.8741999999999
 20
-83.02290000000002
 30
0.0
 40
0.045
  1
P9
 72
1
 11
513.8741999999999
 21
-83.02290000000002
 31
0.0
100
AcDbText
 73
2
  0
LINE
  5
AC1
330
17
100
AcDbEntity
  8
ESCALERA-REGADERA-ZOCLO
100
AcDbLine
 10
513.9741999999999
 20
-82.93540000000003
 30
0.0
 11
514.2441999999999
 21
-82.93540000000003
 31
0.0
  0
TEXT
  5
AC2
330
17
100
AcDbEntity
  8
ESCALERA-REGADERA-ZOCLO
100
AcDbText
 10
514.1091999999999
 20
-82.88040000000002
 30
0.0
 40
0.045
  1
H9
 72
1
 11
514.1091999999999
 21
-82.88040000000002
 31
0.0
100
AcDbText
 73
2
  0
LINE
  5
AC3
330
17
100
AcDbEntity
  8
ESCALERA-REGADERA-ZOCLO
100
AcDbLine
 10
514.2441999999999
 20
-82.93540000000003
 30
0.0
 11
514.2441999999999
 21
-82.76040000000003
 31
0.0
  0
TEXT
  5
AC4
330
17
100
AcDbEntity
  8
ESCALERA-REGADERA-ZOCLO
100
AcDbText
 10
514.1441999999998
 20
-82.84790000000002
 30
0.0
 40
0.045
  1
P10
 72
1
 11
514.1441999999998
 21
-82.84790000000002
 31
0.0
100
AcDbText
 73
2
  0
LINE
  5
AC5
330
17
100
AcDbEntity
  8
ESCALERA-REGADERA-ZOCLO
100
AcDbLine
 10
514.2441999999999
 20
-82.76040000000003
 30
0.0
 11
514.5141999999998
 21
-82.76040000000003
 31
0.0
  0
TEXT
  5
AC6
330
17
100
AcDbEntity
  8
ESCALERA-REGADERA-ZOCLO
100
AcDbText
 10
514.3791999999999
 20
-82.70540000000003
 30
0.0
 40
0.045
  1
H10
 72
1
 11
514.3791999999999
 21
-82.70540000000003
 31
0.0
100
AcDbText
 73
2
  0
LINE
  5
AC7
330
17
100
AcDbEntity
  8
ESCALERA-REGADERA-ZOCLO
100
AcDbLine
 10
514.5141999999998
 20
-82.76040000000003
 30
0.0
 11
514.5141999999998
 21
-82.58540000000004
 31
0.0
  0
TEXT
  5
AC8
330
17
100
AcDbEntity
  8
ESCALERA-REGADERA-ZOCLO
100
AcDbText
 10
514.4141999999998
 20
-82.67290000000003
 30
0.0
 40
0.045
  1
P11
 72
1
 11
514.4141999999998
 21
-82.67290000000003
 31
0.0
100
AcDbText
 73
2
  0
LINE
  5
AC9
330
17
100
AcDbEntity
  8
ESCALERA-REGADERA-ZOCLO
100
AcDbLine
 10
514.5141999999998
 20
-82.58540000000004
 30
0.0
 11
514.7841999999998
 21
-82.58540000000004
 31
0.0
  0
TEXT
  5
ACA
330
17
100
AcDbEntity
  8
ESCALERA-REGADERA-ZOCLO
100
AcDbText
 10
514.6491999999998
 20
-82.53040000000003
 30
0.0
 40
0.045
  1
H11
 72
1
 11
514.6491999999998
 21
-82.53040000000003
 31
0.0
100
AcDbText
 73
2
  0
LINE
  5
ACB
330
17
100
AcDbEntity
  8
ESCALERA-REGADERA-ZOCLO
100
AcDbLine
 10
514.7841999999998
 20
-82.58540000000004
 30
0.0
 11
514.7841999999998
 21
-82.41040000000004
 31
0.0
  0
TEXT
  5
ACC
330
17
100
AcDbEntity
  8
ESCALERA-REGADERA-ZOCLO
100
AcDbText
 10
514.6841999999998
 20
-82.49790000000003
 30
0.0
 40
0.045
  1
P12
 72
1
 11
514.6841999999998
 21
-82.49790000000003
 31
0.0
100
AcDbText
 73
2
  0
LINE
  5
ACD
330
17
100
AcDbEntity
  8
ESCALERA-REGADERA-ZOCLO
100
AcDbLine
 10
514.7841999999998
 20
-82.41040000000004
 30
0.0
 11
515.0541999999998
 21
-82.41040000000004
 31
0.0
  0
TEXT
  5
ACE
330
17
100
AcDbEntity
  8
ESCALERA-REGADERA-ZOCLO
100
AcDbText
 10
514.9191999999998
 20
-82.35540000000003
 30
0.0
 40
0.045
  1
H12
 72
1
 11
514.9191999999998
 21
-82.35540000000003
 31
0.0
100
AcDbText
 73
2
  0
LINE
  5
ACF
330
17
100
AcDbEntity
  8
ESCALERA-REGADERA-ZOCLO
100
AcDbLine
 10
515.0541999999998
 20
-82.41040000000004
 30
0.0
 11
515.0541999999998
 21
-82.23540000000004
 31
0.0
  0
TEXT
  5
AD0
330
17
100
AcDbEntity
  8
ESCALERA-REGADERA-ZOCLO
100
AcDbText
 10
514.9541999999998
 20
-82.32290000000003
 30
0.0
 40
0.045
  1
P13
 72
1
 11
514.9541999999998
 21
-82.32290000000003
 31
0.0
100
AcDbText
 73
2
  0
LINE
  5
AD1
330
17
100
AcDbEntity
  8
ESCALERA-REGADERA-ZOCLO
100
AcDbLine
 10
515.0541999999998
 20
-82.23540000000004
 30
0.0
 11
515.3241999999998
 21
-82.23540000000004
 31
0.0
  0
TEXT
  5
AD2
330
17
100
AcDbEntity
  8
ESCALERA-REGADERA-ZOCLO
100
AcDbText
 10
515.1891999999998
 20
-82.18040000000003
 30
0.0
 40
0.045
  1
H13
 72
1
 11
515.1891999999998
 21
-82.18040000000003
 31
0.0
100
AcDbText
 73
2
  0
LINE
  5
AD3
330
17
100
AcDbEntity
  8
ESCALERA-REGADERA-ZOCLO
100
AcDbLine
 10
515.3241999999998
 20
-82.23540000000004
 30
0.0
 11
515.3241999999998
 21
-82.06040000000004
 31
0.0
  0
TEXT
  5
AD4
330
17
100
AcDbEntity
  8
ESCALERA-REGADERA-ZOCLO
100
AcDbText
 10
515.2241999999998
 20
-82.14790000000004
 30
0.0
 40
0.045
  1
P14
 72
1
 11
515.2241999999998
 21
-82.14790000000004
 31
0.0
100
AcDbText
 73
2
  0
LINE
  5
AD5
330
17
100
AcDbEntity
  8
ESCALERA-REGADERA-ZOCLO
100
AcDbLine
 10
515.3241999999998
 20
-82.06040000000004
 30
0.0
 11
515.5941999999998
 21
-82.06040000000004
 31
0.0
  0
TEXT
  5
AD6
330
17
100
AcDbEntity
  8
ESCALERA-REGADERA-ZOCLO
100
AcDbText
 10
515.4591999999998
 20
-82.00540000000004
 30
0.0
 40
0.045
  1
H14
 72
1
 11
515.4591999999998
 21
-82.00540000000004
 31
0.0
100
AcDbText
 73
2
  0
TEXT
  5
AD7
330
17
100
AcDbEntity
  8
ESCALERA-REGADERA-ZOCLO
100
AcDbText
 10
510.8142
 20
-85.41040000000001
 30
0.0
 40
0.18
  1
2) PLAN DE CORTE - ESCALERA (de donde sale cada corte; las tablas son las MISMAS del plan de corte general)
 72
1
 11
510.8142
 21
-85.41040000000001
 31
0.0
100
AcDbText
 73
2
  0
TEXT
  5
AD8
330
17
100
AcDbEntity
  8
ESCALERA-REGADERA-ZOCLO
100
AcDbText
 10
510.8142
 20
-85.91040000000001
 30
0.0
 40
0.13
  1
P1 (0.175x1.15): sale de la SOBRA DE PB-M-104 (tabla M-26, no abre pieza)
 72
1
 11
510.8142
 21
-85.91040000000001
 31
0.0
100
AcDbText
 73
2
  0
TEXT
  5
AD9
330
17
100
AcDbEntity
  8
ESCALERA-REGADERA-ZOCLO
100
AcDbText
 10
510.8142
 20
-86.2904
 30
0.0
 40
0.13
  1
P2 (0.175x1.15): sale de la SOBRA DE PB-M-017 (tabla M-38, no abre pieza)
 72
1
 11
510.8142
 21
-86.2904
 31
0.0
100
AcDbText
 73
2
  0
TEXT
  5
ADA
330
17
100
AcDbEntity
  8
ESCALERA-REGADERA-ZOCLO
100
AcDbText
 10
510.8142
 20
-86.6704
 30
0.0
 40
0.13
  1
P3 (0.175x1.15): sale de la SOBRA DE PB-M-138 (tabla M-35, no abre pieza)
 72
1
 11
510.8142
 21
-86.6704
 31
0.0
100
AcDbText
 73
2
  0
TEXT
  5
ADB
330
17
100
AcDbEntity
  8
ESCALERA-REGADERA-ZOCLO
100
AcDbText
 10
510.8142
 20
-87.0504
 30
0.0
 40
0.13
  1
P4 (0.175x1.15): sale de la SOBRA DE P3 (tabla M-35, no abre pieza)
 72
1
 11
510.8142
 21
-87.0504
 31
0.0
100
AcDbText
 73
2
  0
TEXT
  5
ADC
330
17
100
AcDbEntity
  8
ESCALERA-REGADERA-ZOCLO
100
AcDbText
 10
510.8142
 20
-87.43039999999999
 30
0.0
 40
0.13
  1
P5 (0.175x1.15): abre la tabla M-92
 72
1
 11
510.8142
 21
-87.43039999999999
 31
0.0
100
AcDbText
 73
2
  0
TEXT
  5
ADD
330
17
100
AcDbEntity
  8
ESCALERA-REGADERA-ZOCLO
100
AcDbText
 10
510.8142
 20
-87.81039999999999
 30
0.0
 40
0.13
  1
P6 (0.175x1.15): sale de la SOBRA DE P5 (tabla M-92, no abre pieza)
 72
1
 11
510.8142
 21
-87.81039999999999
 31
0.0
100
AcDbText
 73
2
  0
TEXT
  5
ADE
330
17
100
AcDbEntity
  8
ESCALERA-REGADERA-ZOCLO
100
AcDbText
 10
510.8142
 20
-88.19039999999998
 30
0.0
 40
0.13
  1
P7 (0.175x1.15): sale de la SOBRA DE P6 (tabla M-92, no abre pieza)
 72
1
 11
510.8142
 21
-88.19039999999998
 31
0.0
100
AcDbText
 73
2
  0
TEXT
  5
ADF
330
17
100
AcDbEntity
  8
ESCALERA-REGADERA-ZOCLO
100
AcDbText
 10
510.8142
 20
-88.57039999999998
 30
0.0
 40
0.13
  1
P8 (0.175x1.15): abre la tabla M-93
 72
1
 11
510.8142
 21
-88.57039999999998
 31
0.0
100
AcDbText
 73
2
  0
TEXT
  5
AE0
330
17
100
AcDbEntity
  8
ESCALERA-REGADERA-ZOCLO
100
AcDbText
 10
510.8142
 20
-88.95039999999997
 30
0.0
 40
0.13
  1
P9 (0.175x1.15): sale de la SOBRA DE P8 (tabla M-93, no abre pieza)
 72
1
 11
510.8142
 21
-88.95039999999997
 31
0.0
100
AcDbText
 73
2
  0
TEXT
  5
AE1
330
17
100
AcDbEntity
  8
ESCALERA-REGADERA-ZOCLO
100
AcDbText
 10
510.8142
 20
-89.33039999999997
 30
0.0
 40
0.13
  1
P10 (0.175x1.15): sale de la SOBRA DE P9 (tabla M-93, no abre pieza)
 72
1
 11
510.8142
 21
-89.33039999999997
 31
0.0
100
AcDbText
 73
2
  0
TEXT
  5
AE2
330
17
100
AcDbEntity
  8
ESCALERA-REGADERA-ZOCLO
100
AcDbText
 10
510.8142
 20
-89.71039999999996
 30
0.0
 40
0.13
  1
P11 (0.175x1.15): abre la tabla M-94
 72
1
 11
510.8142
 21
-89.71039999999996
 31
0.0
100
AcDbText
 73
2
  0
TEXT
  5
AE3
330
17
100
AcDbEntity
  8
ESCALERA-REGADERA-ZOCLO
100
AcDbText
 10
510.8142
 20
-90.09039999999996
 30
0.0
 40
0.13
  1
P12 (0.175x1.15): sale de la SOBRA DE P11 (tabla M-94, no abre pieza)
 72
1
 11
510.8142
 21
-90.09039999999996
 31
0.0
100
AcDbText
 73
2
  0
TEXT
  5
AE4
330
17
100
AcDbEntity
  8
ESCALERA-REGADERA-ZOCLO
100
AcDbText
 10
510.8142
 20
-90.47039999999996
 30
0.0
 40
0.13
  1
P13 (0.175x1.15): sale de la SOBRA DE P12 (tabla M-94, no abre pieza)
 72
1
 11
510.8142
 21
-90.47039999999996
 31
0.0
100
AcDbText
 73
2
  0
TEXT
  5
AE5
330
17
100
AcDbEntity
  8
ESCALERA-REGADERA-ZOCLO
100
AcDbText
 10
510.8142
 20
-90.85039999999995
 30
0.0
 40
0.13
  1
P14 (0.175x1.15): abre la tabla M-95
 72
1
 11
510.8142
 21
-90.85039999999995
 31
0.0
100
AcDbText
 73
2
  0
TEXT
  5
AE6
330
17
100
AcDbEntity
  8
ESCALERA-REGADERA-ZOCLO
100
AcDbText
 10
510.8142
 20
-91.23039999999995
 30
0.0
 40
0.13
  1
H1 (0.27x1.15): abre la tabla M-85
 72
1
 11
510.8142
 21
-91.23039999999995
 31
0.0
100
AcDbText
 73
2
  0
TEXT
  5
AE7
330
17
100
AcDbEntity
  8
ESCALERA-REGADERA-ZOCLO
100
AcDbText
 10
510.8142
 20
-91.61039999999994
 30
0.0
 40
0.13
  1
H2 (0.27x1.15): sale de la SOBRA DE H1 (tabla M-85, no abre pieza)
 72
1
 11
510.8142
 21
-91.61039999999994
 31
0.0
100
AcDbText
 73
2
  0
TEXT
  5
AE8
330
17
100
AcDbEntity
  8
ESCALERA-REGADERA-ZOCLO
100
AcDbText
 10
510.8142
 20
-91.99039999999994
 30
0.0
 40
0.13
  1
H3 (0.27x1.15): abre la tabla M-86
 72
1
 11
510.8142
 21
-91.99039999999994
 31
0.0
100
AcDbText
 73
2
  0
TEXT
  5
AE9
330
17
100
AcDbEntity
  8
ESCALERA-REGADERA-ZOCLO
100
AcDbText
 10
510.8142
 20
-92.37039999999993
 30
0.0
 40
0.13
  1
H4 (0.27x1.15): sale de la SOBRA DE H3 (tabla M-86, no abre pieza)
 72
1
 11
510.8142
 21
-92.37039999999993
 31
0.0
100
AcDbText
 73
2
  0
TEXT
  5
AEA
330
17
100
AcDbEntity
  8
ESCALERA-REGADERA-ZOCLO
100
AcDbText
 10
510.8142
 20
-92.75039999999993
 30
0.0
 40
0.13
  1
H5 (0.27x1.15): abre la tabla M-87
 72
1
 11
510.8142
 21
-92.75039999999993
 31
0.0
100
AcDbText
 73
2
  0
TEXT
  5
AEB
330
17
100
AcDbEntity
  8
ESCALERA-REGADERA-ZOCLO
100
AcDbText
 10
510.8142
 20
-93.13039999999992
 30
0.0
 40
0.13
  1
H6 (0.27x1.15): sale de la SOBRA DE H5 (tabla M-87, no abre pieza)
 72
1
 11
510.8142
 21
-93.13039999999992
 31
0.0
100
AcDbText
 73
2
  0
TEXT
  5
AEC
330
17
100
AcDbEntity
  8
ESCALERA-REGADERA-ZOCLO
100
AcDbText
 10
510.8142
 20
-93.51039999999992
 30
0.0
 40
0.13
  1
H7 (0.27x1.15): abre la tabla M-88
 72
1
 11
510.8142
 21
-93.51039999999992
 31
0.0
100
AcDbText
 73
2
  0
TEXT
  5
AED
330
17
100
AcDbEntity
  8
ESCALERA-REGADERA-ZOCLO
100
AcDbText
 10
510.8142
 20
-93.89039999999991
 30
0.0
 40
0.13
  1
H8 (0.27x1.15): sale de la SOBRA DE H7 (tabla M-88, no abre pieza)
 72
1
 11
510.8142
 21
-93.89039999999991
 31
0.0
100
AcDbText
 73
2
  0
TEXT
  5
AEE
330
17
100
AcDbEntity
  8
ESCALERA-REGADERA-ZOCLO
100
AcDbText
 10
510.8142
 20
-94.27039999999991
 30
0.0
 40
0.13
  1
H9 (0.27x1.15): abre la tabla M-89
 72
1
 11
510.8142
 21
-94.27039999999991
 31
0.0
100
AcDbText
 73
2
  0
TEXT
  5
AEF
330
17
100
AcDbEntity
  8
ESCALERA-REGADERA-ZOCLO
100
AcDbText
 10
510.8142
 20
-94.6503999999999
 30
0.0
 40
0.13
  1
H10 (0.27x1.15): sale de la SOBRA DE H9 (tabla M-89, no abre pieza)
 72
1
 11
510.8142
 21
-94.6503999999999
 31
0.0
100
AcDbText
 73
2
  0
TEXT
  5
AF0
330
17
100
AcDbEntity
  8
ESCALERA-REGADERA-ZOCLO
100
AcDbText
 10
510.8142
 20
-95.0303999999999
 30
0.0
 40
0.13
  1
H11 (0.27x1.15): abre la tabla M-90
 72
1
 11
510.8142
 21
-95.0303999999999
 31
0.0
100
AcDbText
 73
2
  0
TEXT
  5
AF1
330
17
100
AcDbEntity
  8
ESCALERA-REGADERA-ZOCLO
100
AcDbText
 10
510.8142
 20
-95.4103999999999
 30
0.0
 40
0.13
  1
H12 (0.27x1.15): sale de la SOBRA DE H11 (tabla M-90, no abre pieza)
 72
1
 11
510.8142
 21
-95.4103999999999
 31
0.0
100
AcDbText
 73
2
  0
TEXT
  5
AF2
330
17
100
AcDbEntity
  8
ESCALERA-REGADERA-ZOCLO
100
AcDbText
 10
510.8142
 20
-95.79039999999989
 30
0.0
 40
0.13
  1
H13 (0.27x1.15): abre la tabla M-91
 72
1
 11
510.8142
 21
-95.79039999999989
 31
0.0
100
AcDbText
 73
2
  0
TEXT
  5
AF3
330
17
100
AcDbEntity
  8
ESCALERA-REGADERA-ZOCLO
100
AcDbText
 10
510.8142
 20
-96.17039999999989
 30
0.0
 40
0.13
  1
H14 (0.27x1.15): sale de la SOBRA DE H13 (tabla M-91, no abre pieza)
 72
1
 11
510.8142
 21
-96.17039999999989
 31
0.0
100
AcDbText
 73
2
  0
TEXT
  5
AF4
330
17
100
AcDbEntity
  8
ESCALERA-REGADERA-ZOCLO
100
AcDbText
 10
510.8142
 20
-96.55039999999988
 30
0.0
 40
0.13
  1
D1-R1 (0.596x0.7): abre la tabla M-42
 72
1
 11
510.8142
 21
-96.55039999999988
 31
0.0
100
AcDbText
 73
2
  0
TEXT
  5
AF5
330
17
100
AcDbEntity
  8
ESCALERA-REGADERA-ZOCLO
100
AcDbText
 10
510.8142
 20
-96.93039999999988
 30
0.0
 40
0.13
  1
D1-R2 (0.596x0.7): abre la tabla M-31
 72
1
 11
510.8142
 21
-96.93039999999988
 31
0.0
100
AcDbText
 73
2
  0
TEXT
  5
AF6
330
17
100
AcDbEntity
  8
ESCALERA-REGADERA-ZOCLO
100
AcDbText
 10
510.8142
 20
-97.31039999999987
 30
0.0
 40
0.13
  1
D1-E1: pieza ENTERA de descanso (se coloca completa, sin corte)
 72
1
 11
510.8142
 21
-97.31039999999987
 31
0.0
100
AcDbText
 73
2
  0
TEXT
  5
AF7
330
17
100
AcDbEntity
  8
ESCALERA-REGADERA-ZOCLO
100
AcDbText
 10
510.8142
 20
-97.69039999999987
 30
0.0
 40
0.13
  1
D1-E2: pieza ENTERA de descanso (se coloca completa, sin corte)
 72
1
 11
510.8142
 21
-97.69039999999987
 31
0.0
100
AcDbText
 73
2
  0
LWPOLYLINE
  5
AF8
330
17
100
AcDbEntity
  8
ESCALERA-REGADERA-ZOCLO
100
AcDbPolyline
 90
4
 70
1
 10
510.8142
 20
-99.76439999999987
 10
511.41020000000003
 20
-99.76439999999987
 10
511.41020000000003
 20
-98.57039999999986
 10
510.8142
 20
-98.57039999999986
  0
LWPOLYLINE
  5
AF9
330
17
100
AcDbEntity
  8
ESCALERA-REGADERA-ZOCLO
100
AcDbPolyline
 90
4
 70
1
 10
510.8142
 20
-99.76439999999987
 10
511.20820000000003
 20
-99.76439999999987
 10
511.20820000000003
 20
-98.65539999999987
 10
510.8142
 20
-98.65539999999987
  0
TEXT
  5
AFA
330
17
100
AcDbEntity
  8
ESCALERA-REGADERA-ZOCLO
100
AcDbText
 10
511.01120000000003
 20
-99.20989999999986
 30
0.0
 40
0.05
  1
PB-M-104
 50
90.0
 72
1
 11
511.01120000000003
 21
-99.20989999999986
 31
0.0
100
AcDbText
 73
2
  0
LWPOLYLINE
  5
AFB
330
17
100
AcDbEntity
  8
ESCALERA-REGADERA-ZOCLO
100
AcDbPolyline
 90
4
 70
1
 10
511.20820000000003
 20
-99.76439999999987
 10
511.38320000000004
 20
-99.76439999999987
 10
511.38320000000004
 20
-98.61439999999986
 10
511.20820000000003
 20
-98.61439999999986
  0
TEXT
  5
AFC
330
17
100
AcDbEntity
  8
ESCALERA-REGADERA-ZOCLO
100
AcDbText
 10
511.2957
 20
-99.18939999999986
 30
0.0
 40
0.049
  1
*P1
 50
90.0
 72
1
 11
511.2957
 21
-99.18939999999986
 31
0.0
100
AcDbText
 73
2
  0
LWPOLYLINE
  5
AFD
330
17
100
AcDbEntity
  8
ESCALERA-REGADERA-ZOCLO
100
AcDbPolyline
 90
4
 70
1
 10
510.8142
 20
-98.65539999999987
 10
511.20820000000003
 20
-98.65539999999987
 10
511.20820000000003
 20
-98.57039999999988
 10
510.8142
 20
-98.57039999999988
  0
TEXT
  5
AFE
330
17
100
AcDbEntity
  8
ESCALERA-REGADERA-ZOCLO
100
AcDbText
 10
511.01120000000003
 20
-98.61289999999987
 30
0.0
 40
0.03
  1
SOBRA 0.394x0.085 -> GUARDAR
 72
1
 11
511.01120000000003
 21
-98.61289999999987
 31
0.0
100
AcDbText
 73
2
  0
LWPOLYLINE
  5
AFF
330
17
100
AcDbEntity
  8
ESCALERA-REGADERA-ZOCLO
100
AcDbPolyline
 90
4
 70
1
 10
511.20820000000003
 20
-98.61439999999986
 10
511.38320000000004
 20
-98.61439999999986
 10
511.38320000000004
 20
-98.57039999999986
 10
511.20820000000003
 20
-98.57039999999986
  0
TEXT
  5
B00
330
17
100
AcDbEntity
  8
ESCALERA-REGADERA-ZOCLO
100
AcDbText
 10
511.2957
 20
-98.59239999999986
 30
0.0
 40
0.03
  1
SOBRA 0.175x0.044 -> GUARDAR
 72
1
 11
511.2957
 21
-98.59239999999986
 31
0.0
100
AcDbText
 73
2
  0
TEXT
  5
B01
330
17
100
AcDbEntity
  8
ESCALERA-REGADERA-ZOCLO
100
AcDbText
 10
511.11220000000003
 20
-98.49039999999987
 30
0.0
 40
0.055
  1
M-26
 72
1
 11
511.11220000000003
 21
-98.49039999999987
 31
0.0
100
AcDbText
 73
2
  0
LWPOLYLINE
  5
B02
330
17
100
AcDbEntity
  8
ESCALERA-REGADERA-ZOCLO
100
AcDbPolyline
 90
4
 70
1
 10
511.76020000000005
 20
-99.76439999999987
 10
512.3562000000001
 20
-99.76439999999987
 10
512.3562000000001
 20
-98.57039999999986
 10
511.76020000000005
 20
-98.57039999999986
  0
LWPOLYLINE
  5
B03
330
17
100
AcDbEntity
  8
ESCALERA-REGADERA-ZOCLO
100
AcDbPolyline
 90
4
 70
1
 10
511.76020000000005
 20
-99.76439999999987
 10
512.3562000000001
 20
-99.76439999999987
 10
512.3562000000001
 20
-99.06439999999986
 10
511.76020000000005
 20
-99.06439999999986
  0
TEXT
  5
B04
330
17
100
AcDbEntity
  8
ESCALERA-REGADERA-ZOCLO
100
AcDbText
 10
512.0582
 20
-99.41439999999987
 30
0.0
 40
0.05
  1
*D1-R2
 50
90.0
 72
1
 11
512.0582
 21
-99.41439999999987
 31
0.0
100
AcDbText
 73
2
  0
LWPOLYLINE
  5
B05
330
17
100
AcDbEntity
  8
ESCALERA-REGADERA-ZOCLO
100
AcDbPolyline
 90
4
 70
1
 10
511.76020000000005
 20
-99.06439999999986
 10
512.3562000000001
 20
-99.06439999999986
 10
512.3562000000001
 20
-98.62539999999987
 10
511.76020000000005
 20
-98.62539999999987
  0
TEXT
  5
B06
330
17
100
AcDbEntity
  8
ESCALERA-REGADERA-ZOCLO
100
AcDbText
 10
512.0582
 20
-98.84489999999987
 30
0.0
 40
0.05
  1
PB-M-118
 72
1
 11
512.0582
 21
-98.84489999999987
 31
0.0
100
AcDbText
 73
2
  0
LWPOLYLINE
  5
B07
330
17
100
AcDbEntity
  8
ESCALERA-REGADERA-ZOCLO
100
AcDbPolyline
 90
4
 70
1
 10
511.76020000000005
 20
-98.62539999999987
 10
512.3562000000001
 20
-98.62539999999987
 10
512.3562000000001
 20
-98.57039999999986
 10
511.76020000000005
 20
-98.57039999999986
  0
TEXT
  5
B08
330
17
100
AcDbEntity
  8
ESCALERA-REGADERA-ZOCLO
100
AcDbText
 10
512.0582
 20
-98.59789999999987
 30
0.0
 40
0.03
  1
SOBRA 0.596x0.055 -> GUARDAR
 72
1
 11
512.0582
 21
-98.59789999999987
 31
0.0
100
AcDbText
 73
2
  0
TEXT
  5
B09
330
17
100
AcDbEntity
  8
ESCALERA-REGADERA-ZOCLO
100
AcDbText
 10
512.0582
 20
-98.49039999999987
 30
0.0
 40
0.055
  1
M-31
 72
1
 11
512.0582
 21
-98.49039999999987
 31
0.0
100
AcDbText
 73
2
  0
LWPOLYLINE
  5
B0A
330
17
100
AcDbEntity
  8
ESCALERA-REGADERA-ZOCLO
100
AcDbPolyline
 90
4
 70
1
 10
512.7062000000001
 20
-99.76439999999987
 10
513.3022000000001
 20
-99.76439999999987
 10
513.3022000000001
 20
-98.57039999999986
 10
512.7062000000001
 20
-98.57039999999986
  0
LWPOLYLINE
  5
B0B
330
17
100
AcDbEntity
  8
ESCALERA-REGADERA-ZOCLO
100
AcDbPolyline
 90
4
 70
1
 10
512.7062000000001
 20
-99.76439999999987
 10
512.9202000000001
 20
-99.76439999999987
 10
512.9202000000001
 20
-98.69639999999987
 10
512.7062000000001
 20
-98.69639999999987
  0
TEXT
  5
B0C
330
17
100
AcDbEntity
  8
ESCALERA-REGADERA-ZOCLO
100
AcDbText
 10
512.8132
 20
-99.23039999999986
 30
0.0
 40
0.05
  1
PB-M-138
 50
90.0
 72
1
 11
512.8132
 21
-99.23039999999986
 31
0.0
100
AcDbText
 73
2
  0
LWPOLYLINE
  5
B0D
330
17
100
AcDbEntity
  8
ESCALERA-REGADERA-ZOCLO
100
AcDbPolyline
 90
4
 70
1
 10
512.9202000000001
 20
-99.76439999999987
 10
513.0952000000001
 20
-99.76439999999987
 10
513.0952000000001
 20
-98.61439999999986
 10
512.9202000000001
 20
-98.61439999999986
  0
TEXT
  5
B0E
330
17
100
AcDbEntity
  8
ESCALERA-REGADERA-ZOCLO
100
AcDbText
 10
513.0077000000001
 20
-99.18939999999986
 30
0.0
 40
0.049
  1
*P3
 50
90.0
 72
1
 11
513.0077000000001
 21
-99.18939999999986
 31
0.0
100
AcDbText
 73
2
  0
LWPOLYLINE
  5
B0F
330
17
100
AcDbEntity
  8
ESCALERA-REGADERA-ZOCLO
100
AcDbPolyline
 90
4
 70
1
 10
513.0952000000001
 20
-99.76439999999987
 10
513.2702
 20
-99.76439999999987
 10
513.2702
 20
-98.61439999999986
 10
513.0952000000001
 20
-98.61439999999986
  0
TEXT
  5
B10
330
17
100
AcDbEntity
  8
ESCALERA-REGADERA-ZOCLO
100
AcDbText
 10
513.1827000000001
 20
-99.18939999999986
 30
0.0
 40
0.049
  1
*P4
 50
90.0
 72
1
 11
513.1827000000001
 21
-99.18939999999986
 31
0.0
100
AcDbText
 73
2
  0
LWPOLYLINE
  5
B11
330
17
100
AcDbEntity
  8
ESCALERA-REGADERA-ZOCLO
100
AcDbPolyline
 90
4
 70
1
 10
512.7062000000001
 20
-98.69639999999987
 10
512.9202000000001
 20
-98.69639999999987
 10
512.9202000000001
 20
-98.57039999999986
 10
512.7062000000001
 20
-98.57039999999986
  0
TEXT
  5
B12
330
17
100
AcDbEntity
  8
ESCALERA-REGADERA-ZOCLO
100
AcDbText
 10
512.8132
 20
-98.63339999999987
 30
0.0
 40
0.03
  1
SOBRA 0.214x0.126 -> GUARDAR
 72
1
 11
512.8132
 21
-98.63339999999987
 31
0.0
100
AcDbText
 73
2
  0
LWPOLYLINE
  5
B13
330
17
100
AcDbEntity
  8
ESCALERA-REGADERA-ZOCLO
100
AcDbPolyline
 90
4
 70
1
 10
512.9202000000001
 20
-98.61439999999986
 10
513.0952000000001
 20
-98.61439999999986
 10
513.0952000000001
 20
-98.57039999999986
 10
512.9202000000001
 20
-98.57039999999986
  0
TEXT
  5
B14
330
17
100
AcDbEntity
  8
ESCALERA-REGADERA-ZOCLO
100
AcDbText
 10
513.0077000000001
 20
-98.59239999999986
 30
0.0
 40
0.03
  1
SOBRA 0.175x0.044 -> GUARDAR
 72
1
 11
513.0077000000001
 21
-98.59239999999986
 31
0.0
100
AcDbText
 73
2
  0
LWPOLYLINE
  5
B15
330
17
100
AcDbEntity
  8
ESCALERA-REGADERA-ZOCLO
100
AcDbPolyline
 90
4
 70
1
 10
513.2702
 20
-99.76439999999987
 10
513.3022000000001
 20
-99.76439999999987
 10
513.3022000000001
 20
-98.57039999999986
 10
513.2702
 20
-98.57039999999986
  0
TEXT
  5
B16
330
17
100
AcDbEntity
  8
ESCALERA-REGADERA-ZOCLO
100
AcDbText
 10
513.2862
 20
-99.16739999999987
 30
0.0
 40
0.03
  1
SOBRA 0.032x1.194 -> GUARDAR
 50
90.0
 72
1
 11
513.2862
 21
-99.16739999999987
 31
0.0
100
AcDbText
 73
2
  0
LWPOLYLINE
  5
B17
330
17
100
AcDbEntity
  8
ESCALERA-REGADERA-ZOCLO
100
AcDbPolyline
 90
4
 70
1
 10
513.0952000000001
 20
-98.61439999999986
 10
513.2702
 20
-98.61439999999986
 10
513.2702
 20
-98.57039999999986
 10
513.0952000000001
 20
-98.57039999999986
  0
TEXT
  5
B18
330
17
100
AcDbEntity
  8
ESCALERA-REGADERA-ZOCLO
100
AcDbText
 10
513.1827000000001
 20
-98.59239999999986
 30
0.0
 40
0.03
  1
SOBRA 0.175x0.044 -> GUARDAR
 72
1
 11
513.1827000000001
 21
-98.59239999999986
 31
0.0
100
AcDbText
 73
2
  0
TEXT
  5
B19
330
17
100
AcDbEntity
  8
ESCALERA-REGADERA-ZOCLO
100
AcDbText
 10
513.0042000000001
 20
-98.49039999999987
 30
0.0
 40
0.055
  1
M-35
 72
1
 11
513.0042000000001
 21
-98.49039999999987
 31
0.0
100
AcDbText
 73
2
  0
LWPOLYLINE
  5
B1A
330
17
100
AcDbEntity
  8
ESCALERA-REGADERA-ZOCLO
100
AcDbPolyline
 90
4
 70
1
 10
513.6522
 20
-99.76439999999987
 10
514.2482
 20
-99.76439999999987
 10
514.2482
 20
-98.57039999999986
 10
513.6522
 20
-98.57039999999986
  0
LWPOLYLINE
  5
B1B
330
17
100
AcDbEntity
  8
ESCALERA-REGADERA-ZOCLO
100
AcDbPolyline
 90
4
 70
1
 10
513.6522
 20
-99.76439999999987
 10
514.0462
 20
-99.76439999999987
 10
514.0462
 20
-98.69039999999987
 10
513.6522
 20
-98.69039999999987
  0
TEXT
  5
B1C
330
17
100
AcDbEntity
  8
ESCALERA-REGADERA-ZOCLO
100
AcDbText
 10
513.8492
 20
-99.22739999999986
 30
0.0
 40
0.05
  1
PB-M-017
 50
90.0
 72
1
 11
513.8492
 21
-99.22739999999986
 31
0.0
100
AcDbText
 73
2
  0
LWPOLYLINE
  5
B1D
330
17
100
AcDbEntity
  8
ESCALERA-REGADERA-ZOCLO
100
AcDbPolyline
 90
4
 70
1
 10
514.0462
 20
-99.76439999999987
 10
514.2212
 20
-99.76439999999987
 10
514.2212
 20
-98.61439999999986
 10
514.0462
 20
-98.61439999999986
  0
TEXT
  5
B1E
330
17
100
AcDbEntity
  8
ESCALERA-REGADERA-ZOCLO
100
AcDbText
 10
514.1337
 20
-99.18939999999986
 30
0.0
 40
0.049
  1
*P2
 50
90.0
 72
1
 11
514.1337
 21
-99.18939999999986
 31
0.0
100
AcDbText
 73
2
  0
LWPOLYLINE
  5
B1F
330
17
100
AcDbEntity
  8
ESCALERA-REGADERA-ZOCLO
100
AcDbPolyline
 90
4
 70
1
 10
513.6522
 20
-98.69039999999987
 10
514.0462
 20
-98.69039999999987
 10
514.0462
 20
-98.57039999999986
 10
513.6522
 20
-98.57039999999986
  0
TEXT
  5
B20
330
17
100
AcDbEntity
  8
ESCALERA-REGADERA-ZOCLO
100
AcDbText
 10
513.8492
 20
-98.63039999999987
 30
0.0
 40
0.03
  1
SOBRA 0.394x0.12 -> GUARDAR
 72
1
 11
513.8492
 21
-98.63039999999987
 31
0.0
100
AcDbText
 73
2
  0
LWPOLYLINE
  5
B21
330
17
100
AcDbEntity
  8
ESCALERA-REGADERA-ZOCLO
100
AcDbPolyline
 90
4
 70
1
 10
514.0462
 20
-98.61439999999986
 10
514.2212
 20
-98.61439999999986
 10
514.2212
 20
-98.57039999999986
 10
514.0462
 20
-98.57039999999986
  0
TEXT
  5
B22
330
17
100
AcDbEntity
  8
ESCALERA-REGADERA-ZOCLO
100
AcDbText
 10
514.1337
 20
-98.59239999999986
 30
0.0
 40
0.03
  1
SOBRA 0.175x0.044 -> GUARDAR
 72
1
 11
514.1337
 21
-98.59239999999986
 31
0.0
100
AcDbText
 73
2
  0
TEXT
  5
B23
330
17
100
AcDbEntity
  8
ESCALERA-REGADERA-ZOCLO
100
AcDbText
 10
513.9502
 20
-98.49039999999987
 30
0.0
 40
0.055
  1
M-38
 72
1
 11
513.9502
 21
-98.49039999999987
 31
0.0
100
AcDbText
 73
2
  0
LWPOLYLINE
  5
B24
330
17
100
AcDbEntity
  8
ESCALERA-REGADERA-ZOCLO
100
AcDbPolyline
 90
4
 70
1
 10
514.5982
 20
-99.76439999999987
 10
515.1942
 20
-99.76439999999987
 10
515.1942
 20
-98.57039999999986
 10
514.5982
 20
-98.57039999999986
  0
LWPOLYLINE
  5
B25
330
17
100
AcDbEntity
  8
ESCALERA-REGADERA-ZOCLO
100
AcDbPolyline
 90
4
 70
1
 10
514.5982
 20
-99.76439999999987
 10
515.1942
 20
-99.76439999999987
 10
515.1942
 20
-99.06439999999986
 10
514.5982
 20
-99.06439999999986
  0
TEXT
  5
B26
330
17
100
AcDbEntity
  8
ESCALERA-REGADERA-ZOCLO
100
AcDbText
 10
514.8962
 20
-99.41439999999987
 30
0.0
 40
0.05
  1
*D1-R1
 50
90.0
 72
1
 11
514.8962
 21
-99.41439999999987
 31
0.0
100
AcDbText
 73
2
  0
LWPOLYLINE
  5
B27
330
17
100
AcDbEntity
  8
ESCALERA-REGADERA-ZOCLO
100
AcDbPolyline
 90
4
 70
1
 10
514.5982
 20
-99.06439999999986
 10
515.1942
 20
-99.06439999999986
 10
515.1942
 20
-98.59339999999986
 10
514.5982
 20
-98.59339999999986
  0
TEXT
  5
B28
330
17
100
AcDbEntity
  8
ESCALERA-REGADERA-ZOCLO
100
AcDbText
 10
514.8962
 20
-98.82889999999986
 30
0.0
 40
0.05
  1
PB-M-086
 72
1
 11
514.8962
 21
-98.82889999999986
 31
0.0
100
AcDbText
 73
2
  0
TEXT
  5
B29
330
17
100
AcDbEntity
  8
ESCALERA-REGADERA-ZOCLO
100
AcDbText
 10
514.8962
 20
-98.49039999999987
 30
0.0
 40
0.055
  1
M-42
 72
1
 11
514.8962
 21
-98.49039999999987
 31
0.0
100
AcDbText
 73
2
  0
LWPOLYLINE
  5
B2A
330
17
100
AcDbEntity
  8
ESCALERA-REGADERA-ZOCLO
100
AcDbPolyline
 90
4
 70
1
 10
515.5442
 20
-99.76439999999987
 10
516.1402
 20
-99.76439999999987
 10
516.1402
 20
-98.57039999999986
 10
515.5442
 20
-98.57039999999986
  0
LWPOLYLINE
  5
B2B
330
17
100
AcDbEntity
  8
ESCALERA-REGADERA-ZOCLO
100
AcDbPolyline
 90
4
 70
1
 10
515.5442
 20
-99.76439999999987
 10
515.8142
 20
-99.76439999999987
 10
515.8142
 20
-98.61439999999986
 10
515.5442
 20
-98.61439999999986
  0
TEXT
  5
B2C
330
17
100
AcDbEntity
  8
ESCALERA-REGADERA-ZOCLO
100
AcDbText
 10
515.6792
 20
-99.18939999999986
 30
0.0
 40
0.05
  1
*H1
 50
90.0
 72
1
 11
515.6792
 21
-99.18939999999986
 31
0.0
100
AcDbText
 73
2
  0
LWPOLYLINE
  5
B2D
330
17
100
AcDbEntity
  8
ESCALERA-REGADERA-ZOCLO
100
AcDbPolyline
 90
4
 70
1
 10
515.8142
 20
-99.76439999999987
 10
516.0842
 20
-99.76439999999987
 10
516.0842
 20
-98.61439999999986
 10
515.8142
 20
-98.61439999999986
  0
TEXT
  5
B2E
330
17
100
AcDbEntity
  8
ESCALERA-REGADERA-ZOCLO
100
AcDbText
 10
515.9492
 20
-99.18939999999986
 30
0.0
 40
0.05
  1
*H2
 50
90.0
 72
1
 11
515.9492
 21
-99.18939999999986
 31
0.0
100
AcDbText
 73
2
  0
LWPOLYLINE
  5
B2F
330
17
100
AcDbEntity
  8
ESCALERA-REGADERA-ZOCLO
100
AcDbPolyline
 90
4
 70
1
 10
515.5442
 20
-98.61439999999986
 10
515.8142
 20
-98.61439999999986
 10
515.8142
 20
-98.57039999999986
 10
515.5442
 20
-98.57039999999986
  0
TEXT
  5
B30
330
17
100
AcDbEntity
  8
ESCALERA-REGADERA-ZOCLO
100
AcDbText
 10
515.6792
 20
-98.59239999999986
 30
0.0
 40
0.03
  1
SOBRA 0.27x0.044 -> GUARDAR
 72
1
 11
515.6792
 21
-98.59239999999986
 31
0.0
100
AcDbText
 73
2
  0
LWPOLYLINE
  5
B31
330
17
100
AcDbEntity
  8
ESCALERA-REGADERA-ZOCLO
100
AcDbPolyline
 90
4
 70
1
 10
516.0842
 20
-99.76439999999987
 10
516.1402
 20
-99.76439999999987
 10
516.1402
 20
-98.57039999999986
 10
516.0842
 20
-98.57039999999986
  0
TEXT
  5
B32
330
17
100
AcDbEntity
  8
ESCALERA-REGADERA-ZOCLO
100
AcDbText
 10
516.1122
 20
-99.16739999999987
 30
0.0
 40
0.03
  1
SOBRA 0.056x1.194 -> GUARDAR
 50
90.0
 72
1
 11
516.1122
 21
-99.16739999999987
 31
0.0
100
AcDbText
 73
2
  0
LWPOLYLINE
  5
B33
330
17
100
AcDbEntity
  8
ESCALERA-REGADERA-ZOCLO
100
AcDbPolyline
 90
4
 70
1
 10
515.8142
 20
-98.61439999999986
 10
516.0842
 20
-98.61439999999986
 10
516.0842
 20
-98.57039999999986
 10
515.8142
 20
-98.57039999999986
  0
TEXT
  5
B34
330
17
100
AcDbEntity
  8
ESCALERA-REGADERA-ZOCLO
100
AcDbText
 10
515.9492
 20
-98.59239999999986
 30
0.0
 40
0.03
  1
SOBRA 0.27x0.044 -> GUARDAR
 72
1
 11
515.9492
 21
-98.59239999999986
 31
0.0
100
AcDbText
 73
2
  0
TEXT
  5
B35
330
17
100
AcDbEntity
  8
ESCALERA-REGADERA-ZOCLO
100
AcDbText
 10
515.8422
 20
-98.49039999999987
 30
0.0
 40
0.055
  1
M-85
 72
1
 11
515.8422
 21
-98.49039999999987
 31
0.0
100
AcDbText
 73
2
  0
LWPOLYLINE
  5
B36
330
17
100
AcDbEntity
  8
ESCALERA-REGADERA-ZOCLO
100
AcDbPolyline
 90
4
 70
1
 10
510.8142
 20
-101.60839999999986
 10
511.41020000000003
 20
-101.60839999999986
 10
511.41020000000003
 20
-100.41439999999986
 10
510.8142
 20
-100.41439999999986
  0
LWPOLYLINE
  5
B37
330
17
100
AcDbEntity
  8
ESCALERA-REGADERA-ZOCLO
100
AcDbPolyline
 90
4
 70
1
 10
510.8142
 20
-101.60839999999986
 10
511.0842
 20
-101.60839999999986
 10
511.0842
 20
-100.45839999999986
 10
510.8142
 20
-100.45839999999986
  0
TEXT
  5
B38
330
17
100
AcDbEntity
  8
ESCALERA-REGADERA-ZOCLO
100
AcDbText
 10
510.9492
 20
-101.03339999999986
 30
0.0
 40
0.05
  1
*H3
 50
90.0
 72
1
 11
510.9492
 21
-101.03339999999986
 31
0.0
100
AcDbText
 73
2
  0
LWPOLYLINE
  5
B39
330
17
100
AcDbEntity
  8
ESCALERA-REGADERA-ZOCLO
100
AcDbPolyline
 90
4
 70
1
 10
511.0842
 20
-101.60839999999986
 10
511.3542
 20
-101.60839999999986
 10
511.3542
 20
-100.45839999999986
 10
511.0842
 20
-100.45839999999986
  0
TEXT
  5
B3A
330
17
100
AcDbEntity
  8
ESCALERA-REGADERA-ZOCLO
100
AcDbText
 10
511.2192
 20
-101.03339999999986
 30
0.0
 40
0.05
  1
*H4
 50
90.0
 72
1
 11
511.2192
 21
-101.03339999999986
 31
0.0
100
AcDbText
 73
2
  0
LWPOLYLINE
  5
B3B
330
17
100
AcDbEntity
  8
ESCALERA-REGADERA-ZOCLO
100
AcDbPolyline
 90
4
 70
1
 10
510.8142
 20
-100.45839999999986
 10
511.0842
 20
-100.45839999999986
 10
511.0842
 20
-100.41439999999986
 10
510.8142
 20
-100.41439999999986
  0
TEXT
  5
B3C
330
17
100
AcDbEntity
  8
ESCALERA-REGADERA-ZOCLO
100
AcDbText
 10
510.9492
 20
-100.43639999999985
 30
0.0
 40
0.03
  1
SOBRA 0.27x0.044 -> GUARDAR
 72
1
 11
510.9492
 21
-100.43639999999985
 31
0.0
100
AcDbText
 73
2
  0
LWPOLYLINE
  5
B3D
330
17
100
AcDbEntity
  8
ESCALERA-REGADERA-ZOCLO
100
AcDbPolyline
 90
4
 70
1
 10
511.35420000000005
 20
-101.60839999999986
 10
511.41020000000003
 20
-101.60839999999986
 10
511.41020000000003
 20
-100.41439999999986
 10
511.35420000000005
 20
-100.41439999999986
  0
TEXT
  5
B3E
330
17
100
AcDbEntity
  8
ESCALERA-REGADERA-ZOCLO
100
AcDbText
 10
511.38220000000007
 20
-101.01139999999987
 30
0.0
 40
0.03
  1
SOBRA 0.056x1.194 -> GUARDAR
 50
90.0
 72
1
 11
511.38220000000007
 21
-101.01139999999987
 31
0.0
100
AcDbText
 73
2
  0
LWPOLYLINE
  5
B3F
330
17
100
AcDbEntity
  8
ESCALERA-REGADERA-ZOCLO
100
AcDbPolyline
 90
4
 70
1
 10
511.0842
 20
-100.45839999999986
 10
511.3542
 20
-100.45839999999986
 10
511.3542
 20
-100.41439999999986
 10
511.0842
 20
-100.41439999999986
  0
TEXT
  5
B40
330
17
100
AcDbEntity
  8
ESCALERA-REGADERA-ZOCLO
100
AcDbText
 10
511.2192
 20
-100.43639999999985
 30
0.0
 40
0.03
  1
SOBRA 0.27x0.044 -> GUARDAR
 72
1
 11
511.2192
 21
-100.43639999999985
 31
0.0
100
AcDbText
 73
2
  0
TEXT
  5
B41
330
17
100
AcDbEntity
  8
ESCALERA-REGADERA-ZOCLO
100
AcDbText
 10
511.11220000000003
 20
-100.33439999999986
 30
0.0
 40
0.055
  1
M-86
 72
1
 11
511.11220000000003
 21
-100.33439999999986
 31
0.0
100
AcDbText
 73
2
  0
LWPOLYLINE
  5
B42
330
17
100
AcDbEntity
  8
ESCALERA-REGADERA-ZOCLO
100
AcDbPolyline
 90
4
 70
1
 10
511.76020000000005
 20
-101.60839999999986
 10
512.3562000000001
 20
-101.60839999999986
 10
512.3562000000001
 20
-100.41439999999986
 10
511.76020000000005
 20
-100.41439999999986
  0
LWPOLYLINE
  5
B43
330
17
100
AcDbEntity
  8
ESCALERA-REGADERA-ZOCLO
100
AcDbPolyline
 90
4
 70
1
 10
511.76020000000005
 20
-101.60839999999986
 10
512.0302
 20
-101.60839999999986
 10
512.0302
 20
-100.45839999999986
 10
511.76020000000005
 20
-100.45839999999986
  0
TEXT
  5
B44
330
17
100
AcDbEntity
  8
ESCALERA-REGADERA-ZOCLO
100
AcDbText
 10
511.89520000000005
 20
-101.03339999999986
 30
0.0
 40
0.05
  1
*H5
 50
90.0
 72
1
 11
511.89520000000005
 21
-101.03339999999986
 31
0.0
100
AcDbText
 73
2
  0
LWPOLYLINE
  5
B45
330
17
100
AcDbEntity
  8
ESCALERA-REGADERA-ZOCLO
100
AcDbPolyline
 90
4
 70
1
 10
512.0302
 20
-101.60839999999986
 10
512.3002
 20
-101.60839999999986
 10
512.3002
 20
-100.45839999999986
 10
512.0302
 20
-100.45839999999986
  0
TEXT
  5
B46
330
17
100
AcDbEntity
  8
ESCALERA-REGADERA-ZOCLO
100
AcDbText
 10
512.1652
 20
-101.03339999999986
 30
0.0
 40
0.05
  1
*H6
 50
90.0
 72
1
 11
512.1652
 21
-101.03339999999986
 31
0.0
100
AcDbText
 73
2
  0
LWPOLYLINE
  5
B47
330
17
100
AcDbEntity
  8
ESCALERA-REGADERA-ZOCLO
100
AcDbPolyline
 90
4
 70
1
 10
511.76020000000005
 20
-100.45839999999986
 10
512.0302
 20
-100.45839999999986
 10
512.0302
 20
-100.41439999999986
 10
511.76020000000005
 20
-100.41439999999986
  0
TEXT
  5
B48
330
17
100
AcDbEntity
  8
ESCALERA-REGADERA-ZOCLO
100
AcDbText
 10
511.89520000000005
 20
-100.43639999999985
 30
0.0
 40
0.03
  1
SOBRA 0.27x0.044 -> GUARDAR
 72
1
 11
511.89520000000005
 21
-100.43639999999985
 31
0.0
100
AcDbText
 73
2
  0
LWPOLYLINE
  5
B49
330
17
100
AcDbEntity
  8
ESCALERA-REGADERA-ZOCLO
100
AcDbPolyline
 90
4
 70
1
 10
512.3002
 20
-101.60839999999986
 10
512.3562000000001
 20
-101.60839999999986
 10
512.3562000000001
 20
-100.41439999999986
 10
512.3002
 20
-100.41439999999986
  0
TEXT
  5
B4A
330
17
100
AcDbEntity
  8
ESCALERA-REGADERA-ZOCLO
100
AcDbText
 10
512.3282
 20
-101.01139999999987
 30
0.0
 40
0.03
  1
SOBRA 0.056x1.194 -> GUARDAR
 50
90.0
 72
1
 11
512.3282
 21
-101.01139999999987
 31
0.0
100
AcDbText
 73
2
  0
LWPOLYLINE
  5
B4B
330
17
100
AcDbEntity
  8
ESCALERA-REGADERA-ZOCLO
100
AcDbPolyline
 90
4
 70
1
 10
512.0302
 20
-100.45839999999986
 10
512.3002
 20
-100.45839999999986
 10
512.3002
 20
-100.41439999999986
 10
512.0302
 20
-100.41439999999986
  0
TEXT
  5
B4C
330
17
100
AcDbEntity
  8
ESCALERA-REGADERA-ZOCLO
100
AcDbText
 10
512.1652
 20
-100.43639999999985
 30
0.0
 40
0.03
  1
SOBRA 0.27x0.044 -> GUARDAR
 72
1
 11
512.1652
 21
-100.43639999999985
 31
0.0
100
AcDbText
 73
2
  0
TEXT
  5
B4D
330
17
100
AcDbEntity
  8
ESCALERA-REGADERA-ZOCLO
100
AcDbText
 10
512.0582
 20
-100.33439999999986
 30
0.0
 40
0.055
  1
M-87
 72
1
 11
512.0582
 21
-100.33439999999986
 31
0.0
100
AcDbText
 73
2
  0
LWPOLYLINE
  5
B4E
330
17
100
AcDbEntity
  8
ESCALERA-REGADERA-ZOCLO
100
AcDbPolyline
 90
4
 70
1
 10
512.7062000000001
 20
-101.60839999999986
 10
513.3022000000001
 20
-101.60839999999986
 10
513.3022000000001
 20
-100.41439999999986
 10
512.7062000000001
 20
-100.41439999999986
  0
LWPOLYLINE
  5
B4F
330
17
100
AcDbEntity
  8
ESCALERA-REGADERA-ZOCLO
100
AcDbPolyline
 90
4
 70
1
 10
512.7062000000001
 20
-101.60839999999986
 10
512.9762000000001
 20
-101.60839999999986
 10
512.9762000000001
 20
-100.45839999999986
 10
512.7062000000001
 20
-100.45839999999986
  0
TEXT
  5
B50
330
17
100
AcDbEntity
  8
ESCALERA-REGADERA-ZOCLO
100
AcDbText
 10
512.8412000000001
 20
-101.03339999999986
 30
0.0
 40
0.05
  1
*H7
 50
90.0
 72
1
 11
512.8412000000001
 21
-101.03339999999986
 31
0.0
100
AcDbText
 73
2
  0
LWPOLYLINE
  5
B51
330
17
100
AcDbEntity
  8
ESCALERA-REGADERA-ZOCLO
100
AcDbPolyline
 90
4
 70
1
 10
512.9762000000001
 20
-101.60839999999986
 10
513.2462
 20
-101.60839999999986
 10
513.2462
 20
-100.45839999999986
 10
512.9762000000001
 20
-100.45839999999986
  0
TEXT
  5
B52
330
17
100
AcDbEntity
  8
ESCALERA-REGADERA-ZOCLO
100
AcDbText
 10
513.1112
 20
-101.03339999999986
 30
0.0
 40
0.05
  1
*H8
 50
90.0
 72
1
 11
513.1112
 21
-101.03339999999986
 31
0.0
100
AcDbText
 73
2
  0
LWPOLYLINE
  5
B53
330
17
100
AcDbEntity
  8
ESCALERA-REGADERA-ZOCLO
100
AcDbPolyline
 90
4
 70
1
 10
512.7062000000001
 20
-100.45839999999986
 10
512.9762000000001
 20
-100.45839999999986
 10
512.9762000000001
 20
-100.41439999999986
 10
512.7062000000001
 20
-100.41439999999986
  0
TEXT
  5
B54
330
17
100
AcDbEntity
  8
ESCALERA-REGADERA-ZOCLO
100
AcDbText
 10
512.8412000000001
 20
-100.43639999999985
 30
0.0
 40
0.03
  1
SOBRA 0.27x0.044 -> GUARDAR
 72
1
 11
512.8412000000001
 21
-100.43639999999985
 31
0.0
100
AcDbText
 73
2
  0
LWPOLYLINE
  5
B55
330
17
100
AcDbEntity
  8
ESCALERA-REGADERA-ZOCLO
100
AcDbPolyline
 90
4
 70
1
 10
513.2462
 20
-101.60839999999986
 10
513.3022000000001
 20
-101.60839999999986
 10
513.3022000000001
 20
-100.41439999999986
 10
513.2462
 20
-100.41439999999986
  0
TEXT
  5
B56
330
17
100
AcDbEntity
  8
ESCALERA-REGADERA-ZOCLO
100
AcDbText
 10
513.2742000000001
 20
-101.01139999999987
 30
0.0
 40
0.03
  1
SOBRA 0.056x1.194 -> GUARDAR
 50
90.0
 72
1
 11
513.2742000000001
 21
-101.01139999999987
 31
0.0
100
AcDbText
 73
2
  0
LWPOLYLINE
  5
B57
330
17
100
AcDbEntity
  8
ESCALERA-REGADERA-ZOCLO
100
AcDbPolyline
 90
4
 70
1
 10
512.9762000000001
 20
-100.45839999999986
 10
513.2462
 20
-100.45839999999986
 10
513.2462
 20
-100.41439999999986
 10
512.9762000000001
 20
-100.41439999999986
  0
TEXT
  5
B58
330
17
100
AcDbEntity
  8
ESCALERA-REGADERA-ZOCLO
100
AcDbText
 10
513.1112
 20
-100.43639999999985
 30
0.0
 40
0.03
  1
SOBRA 0.27x0.044 -> GUARDAR
 72
1
 11
513.1112
 21
-100.43639999999985
 31
0.0
100
AcDbText
 73
2
  0
TEXT
  5
B59
330
17
100
AcDbEntity
  8
ESCALERA-REGADERA-ZOCLO
100
AcDbText
 10
513.0042000000001
 20
-100.33439999999986
 30
0.0
 40
0.055
  1
M-88
 72
1
 11
513.0042000000001
 21
-100.33439999999986
 31
0.0
100
AcDbText
 73
2
  0
LWPOLYLINE
  5
B5A
330
17
100
AcDbEntity
  8
ESCALERA-REGADERA-ZOCLO
100
AcDbPolyline
 90
4
 70
1
 10
513.6522
 20
-101.60839999999986
 10
514.2482
 20
-101.60839999999986
 10
514.2482
 20
-100.41439999999986
 10
513.6522
 20
-100.41439999999986
  0
LWPOLYLINE
  5
B5B
330
17
100
AcDbEntity
  8
ESCALERA-REGADERA-ZOCLO
100
AcDbPolyline
 90
4
 70
1
 10
513.6522
 20
-101.60839999999986
 10
513.9222
 20
-101.60839999999986
 10
513.9222
 20
-100.45839999999986
 10
513.6522
 20
-100.45839999999986
  0
TEXT
  5
B5C
330
17
100
AcDbEntity
  8
ESCALERA-REGADERA-ZOCLO
100
AcDbText
 10
513.7872
 20
-101.03339999999986
 30
0.0
 40
0.05
  1
*H9
 50
90.0
 72
1
 11
513.7872
 21
-101.03339999999986
 31
0.0
100
AcDbText
 73
2
  0
LWPOLYLINE
  5
B5D
330
17
100
AcDbEntity
  8
ESCALERA-REGADERA-ZOCLO
100
AcDbPolyline
 90
4
 70
1
 10
513.9222
 20
-101.60839999999986
 10
514.1922
 20
-101.60839999999986
 10
514.1922
 20
-100.45839999999986
 10
513.9222
 20
-100.45839999999986
  0
TEXT
  5
B5E
330
17
100
AcDbEntity
  8
ESCALERA-REGADERA-ZOCLO
100
AcDbText
 10
514.0572
 20
-101.03339999999986
 30
0.0
 40
0.05
  1
*H10
 50
90.0
 72
1
 11
514.0572
 21
-101.03339999999986
 31
0.0
100
AcDbText
 73
2
  0
LWPOLYLINE
  5
B5F
330
17
100
AcDbEntity
  8
ESCALERA-REGADERA-ZOCLO
100
AcDbPolyline
 90
4
 70
1
 10
513.6522
 20
-100.45839999999986
 10
513.9222
 20
-100.45839999999986
 10
513.9222
 20
-100.41439999999986
 10
513.6522
 20
-100.41439999999986
  0
TEXT
  5
B60
330
17
100
AcDbEntity
  8
ESCALERA-REGADERA-ZOCLO
100
AcDbText
 10
513.7872
 20
-100.43639999999985
 30
0.0
 40
0.03
  1
SOBRA 0.27x0.044 -> GUARDAR
 72
1
 11
513.7872
 21
-100.43639999999985
 31
0.0
100
AcDbText
 73
2
  0
LWPOLYLINE
  5
B61
330
17
100
AcDbEntity
  8
ESCALERA-REGADERA-ZOCLO
100
AcDbPolyline
 90
4
 70
1
 10
514.1922
 20
-101.60839999999986
 10
514.2482
 20
-101.60839999999986
 10
514.2482
 20
-100.41439999999986
 10
514.1922
 20
-100.41439999999986
  0
TEXT
  5
B62
330
17
100
AcDbEntity
  8
ESCALERA-REGADERA-ZOCLO
100
AcDbText
 10
514.2202
 20
-101.01139999999987
 30
0.0
 40
0.03
  1
SOBRA 0.056x1.194 -> GUARDAR
 50
90.0
 72
1
 11
514.2202
 21
-101.01139999999987
 31
0.0
100
AcDbText
 73
2
  0
LWPOLYLINE
  5
B63
330
17
100
AcDbEntity
  8
ESCALERA-REGADERA-ZOCLO
100
AcDbPolyline
 90
4
 70
1
 10
513.9222
 20
-100.45839999999986
 10
514.1922
 20
-100.45839999999986
 10
514.1922
 20
-100.41439999999986
 10
513.9222
 20
-100.41439999999986
  0
TEXT
  5
B64
330
17
100
AcDbEntity
  8
ESCALERA-REGADERA-ZOCLO
100
AcDbText
 10
514.0572
 20
-100.43639999999985
 30
0.0
 40
0.03
  1
SOBRA 0.27x0.044 -> GUARDAR
 72
1
 11
514.0572
 21
-100.43639999999985
 31
0.0
100
AcDbText
 73
2
  0
TEXT
  5
B65
330
17
100
AcDbEntity
  8
ESCALERA-REGADERA-ZOCLO
100
AcDbText
 10
513.9502
 20
-100.33439999999986
 30
0.0
 40
0.055
  1
M-89
 72
1
 11
513.9502
 21
-100.33439999999986
 31
0.0
100
AcDbText
 73
2
  0
LWPOLYLINE
  5
B66
330
17
100
AcDbEntity
  8
ESCALERA-REGADERA-ZOCLO
100
AcDbPolyline
 90
4
 70
1
 10
514.5982
 20
-101.60839999999986
 10
515.1942
 20
-101.60839999999986
 10
515.1942
 20
-100.41439999999986
 10
514.5982
 20
-100.41439999999986
  0
LWPOLYLINE
  5
B67
330
17
100
AcDbEntity
  8
ESCALERA-REGADERA-ZOCLO
100
AcDbPolyline
 90
4
 70
1
 10
514.5982
 20
-101.60839999999986
 10
514.8682
 20
-101.60839999999986
 10
514.8682
 20
-100.45839999999986
 10
514.5982
 20
-100.45839999999986
  0
TEXT
  5
B68
330
17
100
AcDbEntity
  8
ESCALERA-REGADERA-ZOCLO
100
AcDbText
 10
514.7332
 20
-101.03339999999986
 30
0.0
 40
0.05
  1
*H11
 50
90.0
 72
1
 11
514.7332
 21
-101.03339999999986
 31
0.0
100
AcDbText
 73
2
  0
LWPOLYLINE
  5
B69
330
17
100
AcDbEntity
  8
ESCALERA-REGADERA-ZOCLO
100
AcDbPolyline
 90
4
 70
1
 10
514.8682
 20
-101.60839999999986
 10
515.1382
 20
-101.60839999999986
 10
515.1382
 20
-100.45839999999986
 10
514.8682
 20
-100.45839999999986
  0
TEXT
  5
B6A
330
17
100
AcDbEntity
  8
ESCALERA-REGADERA-ZOCLO
100
AcDbText
 10
515.0032
 20
-101.03339999999986
 30
0.0
 40
0.05
  1
*H12
 50
90.0
 72
1
 11
515.0032
 21
-101.03339999999986
 31
0.0
100
AcDbText
 73
2
  0
LWPOLYLINE
  5
B6B
330
17
100
AcDbEntity
  8
ESCALERA-REGADERA-ZOCLO
100
AcDbPolyline
 90
4
 70
1
 10
514.5982
 20
-100.45839999999986
 10
514.8682
 20
-100.45839999999986
 10
514.8682
 20
-100.41439999999986
 10
514.5982
 20
-100.41439999999986
  0
TEXT
  5
B6C
330
17
100
AcDbEntity
  8
ESCALERA-REGADERA-ZOCLO
100
AcDbText
 10
514.7332
 20
-100.43639999999985
 30
0.0
 40
0.03
  1
SOBRA 0.27x0.044 -> GUARDAR
 72
1
 11
514.7332
 21
-100.43639999999985
 31
0.0
100
AcDbText
 73
2
  0
LWPOLYLINE
  5
B6D
330
17
100
AcDbEntity
  8
ESCALERA-REGADERA-ZOCLO
100
AcDbPolyline
 90
4
 70
1
 10
515.1382
 20
-101.60839999999986
 10
515.1942
 20
-101.60839999999986
 10
515.1942
 20
-100.41439999999986
 10
515.1382
 20
-100.41439999999986
  0
TEXT
  5
B6E
330
17
100
AcDbEntity
  8
ESCALERA-REGADERA-ZOCLO
100
AcDbText
 10
515.1662
 20
-101.01139999999987
 30
0.0
 40
0.03
  1
SOBRA 0.056x1.194 -> GUARDAR
 50
90.0
 72
1
 11
515.1662
 21
-101.01139999999987
 31
0.0
100
AcDbText
 73
2
  0
LWPOLYLINE
  5
B6F
330
17
100
AcDbEntity
  8
ESCALERA-REGADERA-ZOCLO
100
AcDbPolyline
 90
4
 70
1
 10
514.8682
 20
-100.45839999999986
 10
515.1382
 20
-100.45839999999986
 10
515.1382
 20
-100.41439999999986
 10
514.8682
 20
-100.41439999999986
  0
TEXT
  5
B70
330
17
100
AcDbEntity
  8
ESCALERA-REGADERA-ZOCLO
100
AcDbText
 10
515.0032
 20
-100.43639999999985
 30
0.0
 40
0.03
  1
SOBRA 0.27x0.044 -> GUARDAR
 72
1
 11
515.0032
 21
-100.43639999999985
 31
0.0
100
AcDbText
 73
2
  0
TEXT
  5
B71
330
17
100
AcDbEntity
  8
ESCALERA-REGADERA-ZOCLO
100
AcDbText
 10
514.8962
 20
-100.33439999999986
 30
0.0
 40
0.055
  1
M-90
 72
1
 11
514.8962
 21
-100.33439999999986
 31
0.0
100
AcDbText
 73
2
  0
LWPOLYLINE
  5
B72
330
17
100
AcDbEntity
  8
ESCALERA-REGADERA-ZOCLO
100
AcDbPolyline
 90
4
 70
1
 10
515.5442
 20
-101.60839999999986
 10
516.1402
 20
-101.60839999999986
 10
516.1402
 20
-100.41439999999986
 10
515.5442
 20
-100.41439999999986
  0
LWPOLYLINE
  5
B73
330
17
100
AcDbEntity
  8
ESCALERA-REGADERA-ZOCLO
100
AcDbPolyline
 90
4
 70
1
 10
515.5442
 20
-101.60839999999986
 10
515.8142
 20
-101.60839999999986
 10
515.8142
 20
-100.45839999999986
 10
515.5442
 20
-100.45839999999986
  0
TEXT
  5
B74
330
17
100
AcDbEntity
  8
ESCALERA-REGADERA-ZOCLO
100
AcDbText
 10
515.6792
 20
-101.03339999999986
 30
0.0
 40
0.05
  1
*H13
 50
90.0
 72
1
 11
515.6792
 21
-101.03339999999986
 31
0.0
100
AcDbText
 73
2
  0
LWPOLYLINE
  5
B75
330
17
100
AcDbEntity
  8
ESCALERA-REGADERA-ZOCLO
100
AcDbPolyline
 90
4
 70
1
 10
515.8142
 20
-101.60839999999986
 10
516.0842
 20
-101.60839999999986
 10
516.0842
 20
-100.45839999999986
 10
515.8142
 20
-100.45839999999986
  0
TEXT
  5
B76
330
17
100
AcDbEntity
  8
ESCALERA-REGADERA-ZOCLO
100
AcDbText
 10
515.9492
 20
-101.03339999999986
 30
0.0
 40
0.05
  1
*H14
 50
90.0
 72
1
 11
515.9492
 21
-101.03339999999986
 31
0.0
100
AcDbText
 73
2
  0
LWPOLYLINE
  5
B77
330
17
100
AcDbEntity
  8
ESCALERA-REGADERA-ZOCLO
100
AcDbPolyline
 90
4
 70
1
 10
515.5442
 20
-100.45839999999986
 10
515.8142
 20
-100.45839999999986
 10
515.8142
 20
-100.41439999999986
 10
515.5442
 20
-100.41439999999986
  0
TEXT
  5
B78
330
17
100
AcDbEntity
  8
ESCALERA-REGADERA-ZOCLO
100
AcDbText
 10
515.6792
 20
-100.43639999999985
 30
0.0
 40
0.03
  1
SOBRA 0.27x0.044 -> GUARDAR
 72
1
 11
515.6792
 21
-100.43639999999985
 31
0.0
100
AcDbText
 73
2
  0
LWPOLYLINE
  5
B79
330
17
100
AcDbEntity
  8
ESCALERA-REGADERA-ZOCLO
100
AcDbPolyline
 90
4
 70
1
 10
516.0842
 20
-101.60839999999986
 10
516.1402
 20
-101.60839999999986
 10
516.1402
 20
-100.41439999999986
 10
516.0842
 20
-100.41439999999986
  0
TEXT
  5
B7A
330
17
100
AcDbEntity
  8
ESCALERA-REGADERA-ZOCLO
100
AcDbText
 10
516.1122
 20
-101.01139999999987
 30
0.0
 40
0.03
  1
SOBRA 0.056x1.194 -> GUARDAR
 50
90.0
 72
1
 11
516.1122
 21
-101.01139999999987
 31
0.0
100
AcDbText
 73
2
  0
LWPOLYLINE
  5
B7B
330
17
100
AcDbEntity
  8
ESCALERA-REGADERA-ZOCLO
100
AcDbPolyline
 90
4
 70
1
 10
515.8142
 20
-100.45839999999986
 10
516.0842
 20
-100.45839999999986
 10
516.0842
 20
-100.41439999999986
 10
515.8142
 20
-100.41439999999986
  0
TEXT
  5
B7C
330
17
100
AcDbEntity
  8
ESCALERA-REGADERA-ZOCLO
100
AcDbText
 10
515.9492
 20
-100.43639999999985
 30
0.0
 40
0.03
  1
SOBRA 0.27x0.044 -> GUARDAR
 72
1
 11
515.9492
 21
-100.43639999999985
 31
0.0
100
AcDbText
 73
2
  0
TEXT
  5
B7D
330
17
100
AcDbEntity
  8
ESCALERA-REGADERA-ZOCLO
100
AcDbText
 10
515.8422
 20
-100.33439999999986
 30
0.0
 40
0.055
  1
M-91
 72
1
 11
515.8422
 21
-100.33439999999986
 31
0.0
100
AcDbText
 73
2
  0
LWPOLYLINE
  5
B7E
330
17
100
AcDbEntity
  8
ESCALERA-REGADERA-ZOCLO
100
AcDbPolyline
 90
4
 70
1
 10
510.8142
 20
-103.45239999999987
 10
511.41020000000003
 20
-103.45239999999987
 10
511.41020000000003
 20
-102.25839999999987
 10
510.8142
 20
-102.25839999999987
  0
LWPOLYLINE
  5
B7F
330
17
100
AcDbEntity
  8
ESCALERA-REGADERA-ZOCLO
100
AcDbPolyline
 90
4
 70
1
 10
510.8142
 20
-103.45239999999987
 10
510.98920000000004
 20
-103.45239999999987
 10
510.98920000000004
 20
-102.30239999999986
 10
510.8142
 20
-102.30239999999986
  0
TEXT
  5
B80
330
17
100
AcDbEntity
  8
ESCALERA-REGADERA-ZOCLO
100
AcDbText
 10
510.9017
 20
-102.87739999999987
 30
0.0
 40
0.049
  1
*P5
 50
90.0
 72
1
 11
510.9017
 21
-102.87739999999987
 31
0.0
100
AcDbText
 73
2
  0
LWPOLYLINE
  5
B81
330
17
100
AcDbEntity
  8
ESCALERA-REGADERA-ZOCLO
100
AcDbPolyline
 90
4
 70
1
 10
510.98920000000004
 20
-103.45239999999987
 10
511.16420000000005
 20
-103.45239999999987
 10
511.16420000000005
 20
-102.30239999999986
 10
510.98920000000004
 20
-102.30239999999986
  0
TEXT
  5
B82
330
17
100
AcDbEntity
  8
ESCALERA-REGADERA-ZOCLO
100
AcDbText
 10
511.0767
 20
-102.87739999999987
 30
0.0
 40
0.049
  1
*P6
 50
90.0
 72
1
 11
511.0767
 21
-102.87739999999987
 31
0.0
100
AcDbText
 73
2
  0
LWPOLYLINE
  5
B83
330
17
100
AcDbEntity
  8
ESCALERA-REGADERA-ZOCLO
100
AcDbPolyline
 90
4
 70
1
 10
511.16420000000005
 20
-103.45239999999987
 10
511.33920000000006
 20
-103.45239999999987
 10
511.33920000000006
 20
-102.30239999999986
 10
511.16420000000005
 20
-102.30239999999986
  0
TEXT
  5
B84
330
17
100
AcDbEntity
  8
ESCALERA-REGADERA-ZOCLO
100
AcDbText
 10
511.2517
 20
-102.87739999999987
 30
0.0
 40
0.049
  1
*P7
 50
90.0
 72
1
 11
511.2517
 21
-102.87739999999987
 31
0.0
100
AcDbText
 73
2
  0
LWPOLYLINE
  5
B85
330
17
100
AcDbEntity
  8
ESCALERA-REGADERA-ZOCLO
100
AcDbPolyline
 90
4
 70
1
 10
510.8142
 20
-102.30239999999986
 10
510.98920000000004
 20
-102.30239999999986
 10
510.98920000000004
 20
-102.25839999999987
 10
510.8142
 20
-102.25839999999987
  0
TEXT
  5
B86
330
17
100
AcDbEntity
  8
ESCALERA-REGADERA-ZOCLO
100
AcDbText
 10
510.9017
 20
-102.28039999999986
 30
0.0
 40
0.03
  1
SOBRA 0.175x0.044 -> GUARDAR
 72
1
 11
510.9017
 21
-102.28039999999986
 31
0.0
100
AcDbText
 73
2
  0
LWPOLYLINE
  5
B87
330
17
100
AcDbEntity
  8
ESCALERA-REGADERA-ZOCLO
100
AcDbPolyline
 90
4
 70
1
 10
510.98920000000004
 20
-102.30239999999986
 10
511.16420000000005
 20
-102.30239999999986
 10
511.16420000000005
 20
-102.25839999999987
 10
510.98920000000004
 20
-102.25839999999987
  0
TEXT
  5
B88
330
17
100
AcDbEntity
  8
ESCALERA-REGADERA-ZOCLO
100
AcDbText
 10
511.0767
 20
-102.28039999999986
 30
0.0
 40
0.03
  1
SOBRA 0.175x0.044 -> GUARDAR
 72
1
 11
511.0767
 21
-102.28039999999986
 31
0.0
100
AcDbText
 73
2
  0
LWPOLYLINE
  5
B89
330
17
100
AcDbEntity
  8
ESCALERA-REGADERA-ZOCLO
100
AcDbPolyline
 90
4
 70
1
 10
511.3392
 20
-103.45239999999987
 10
511.41020000000003
 20
-103.45239999999987
 10
511.41020000000003
 20
-102.25839999999987
 10
511.3392
 20
-102.25839999999987
  0
TEXT
  5
B8A
330
17
100
AcDbEntity
  8
ESCALERA-REGADERA-ZOCLO
100
AcDbText
 10
511.3747
 20
-102.85539999999988
 30
0.0
 40
0.03
  1
SOBRA 0.071x1.194 -> GUARDAR
 50
90.0
 72
1
 11
511.3747
 21
-102.85539999999988
 31
0.0
100
AcDbText
 73
2
  0
LWPOLYLINE
  5
B8B
330
17
100
AcDbEntity
  8
ESCALERA-REGADERA-ZOCLO
100
AcDbPolyline
 90
4
 70
1
 10
511.16420000000005
 20
-102.30239999999986
 10
511.33920000000006
 20
-102.30239999999986
 10
511.33920000000006
 20
-102.25839999999987
 10
511.16420000000005
 20
-102.25839999999987
  0
TEXT
  5
B8C
330
17
100
AcDbEntity
  8
ESCALERA-REGADERA-ZOCLO
100
AcDbText
 10
511.2517
 20
-102.28039999999986
 30
0.0
 40
0.03
  1
SOBRA 0.175x0.044 -> GUARDAR
 72
1
 11
511.2517
 21
-102.28039999999986
 31
0.0
100
AcDbText
 73
2
  0
TEXT
  5
B8D
330
17
100
AcDbEntity
  8
ESCALERA-REGADERA-ZOCLO
100
AcDbText
 10
511.11220000000003
 20
-102.17839999999987
 30
0.0
 40
0.055
  1
M-92
 72
1
 11
511.11220000000003
 21
-102.17839999999987
 31
0.0
100
AcDbText
 73
2
  0
LWPOLYLINE
  5
B8E
330
17
100
AcDbEntity
  8
ESCALERA-REGADERA-ZOCLO
100
AcDbPolyline
 90
4
 70
1
 10
511.76020000000005
 20
-103.45239999999987
 10
512.3562000000001
 20
-103.45239999999987
 10
512.3562000000001
 20
-102.25839999999987
 10
511.76020000000005
 20
-102.25839999999987
  0
LWPOLYLINE
  5
B8F
330
17
100
AcDbEntity
  8
ESCALERA-REGADERA-ZOCLO
100
AcDbPolyline
 90
4
 70
1
 10
511.76020000000005
 20
-103.45239999999987
 10
511.93520000000007
 20
-103.45239999999987
 10
511.93520000000007
 20
-102.30239999999986
 10
511.76020000000005
 20
-102.30239999999986
  0
TEXT
  5
B90
330
17
100
AcDbEntity
  8
ESCALERA-REGADERA-ZOCLO
100
AcDbText
 10
511.84770000000003
 20
-102.87739999999987
 30
0.0
 40
0.049
  1
*P8
 50
90.0
 72
1
 11
511.84770000000003
 21
-102.87739999999987
 31
0.0
100
AcDbText
 73
2
  0
LWPOLYLINE
  5
B91
330
17
100
AcDbEntity
  8
ESCALERA-REGADERA-ZOCLO
100
AcDbPolyline
 90
4
 70
1
 10
511.93520000000007
 20
-103.45239999999987
 10
512.1102000000001
 20
-103.45239999999987
 10
512.1102000000001
 20
-102.30239999999986
 10
511.93520000000007
 20
-102.30239999999986
  0
TEXT
  5
B92
330
17
100
AcDbEntity
  8
ESCALERA-REGADERA-ZOCLO
100
AcDbText
 10
512.0227000000001
 20
-102.87739999999987
 30
0.0
 40
0.049
  1
*P9
 50
90.0
 72
1
 11
512.0227000000001
 21
-102.87739999999987
 31
0.0
100
AcDbText
 73
2
  0
LWPOLYLINE
  5
B93
330
17
100
AcDbEntity
  8
ESCALERA-REGADERA-ZOCLO
100
AcDbPolyline
 90
4
 70
1
 10
512.1102000000001
 20
-103.45239999999987
 10
512.2852
 20
-103.45239999999987
 10
512.2852
 20
-102.30239999999986
 10
512.1102000000001
 20
-102.30239999999986
  0
TEXT
  5
B94
330
17
100
AcDbEntity
  8
ESCALERA-REGADERA-ZOCLO
100
AcDbText
 10
512.1977
 20
-102.87739999999987
 30
0.0
 40
0.049
  1
*P10
 50
90.0
 72
1
 11
512.1977
 21
-102.87739999999987
 31
0.0
100
AcDbText
 73
2
  0
LWPOLYLINE
  5
B95
330
17
100
AcDbEntity
  8
ESCALERA-REGADERA-ZOCLO
100
AcDbPolyline
 90
4
 70
1
 10
511.76020000000005
 20
-102.30239999999986
 10
511.93520000000007
 20
-102.30239999999986
 10
511.93520000000007
 20
-102.25839999999987
 10
511.76020000000005
 20
-102.25839999999987
  0
TEXT
  5
B96
330
17
100
AcDbEntity
  8
ESCALERA-REGADERA-ZOCLO
100
AcDbText
 10
511.84770000000003
 20
-102.28039999999986
 30
0.0
 40
0.03
  1
SOBRA 0.175x0.044 -> GUARDAR
 72
1
 11
511.84770000000003
 21
-102.28039999999986
 31
0.0
100
AcDbText
 73
2
  0
LWPOLYLINE
  5
B97
330
17
100
AcDbEntity
  8
ESCALERA-REGADERA-ZOCLO
100
AcDbPolyline
 90
4
 70
1
 10
511.93520000000007
 20
-102.30239999999986
 10
512.1102000000001
 20
-102.30239999999986
 10
512.1102000000001
 20
-102.25839999999987
 10
511.93520000000007
 20
-102.25839999999987
  0
TEXT
  5
B98
330
17
100
AcDbEntity
  8
ESCALERA-REGADERA-ZOCLO
100
AcDbText
 10
512.0227000000001
 20
-102.28039999999986
 30
0.0
 40
0.03
  1
SOBRA 0.175x0.044 -> GUARDAR
 72
1
 11
512.0227000000001
 21
-102.28039999999986
 31
0.0
100
AcDbText
 73
2
  0
LWPOLYLINE
  5
B99
330
17
100
AcDbEntity
  8
ESCALERA-REGADERA-ZOCLO
100
AcDbPolyline
 90
4
 70
1
 10
512.2852
 20
-103.45239999999987
 10
512.3562000000001
 20
-103.45239999999987
 10
512.3562000000001
 20
-102.25839999999987
 10
512.2852
 20
-102.25839999999987
  0
TEXT
  5
B9A
330
17
100
AcDbEntity
  8
ESCALERA-REGADERA-ZOCLO
100
AcDbText
 10
512.3207
 20
-102.85539999999988
 30
0.0
 40
0.03
  1
SOBRA 0.071x1.194 -> GUARDAR
 50
90.0
 72
1
 11
512.3207
 21
-102.85539999999988
 31
0.0
100
AcDbText
 73
2
  0
LWPOLYLINE
  5
B9B
330
17
100
AcDbEntity
  8
ESCALERA-REGADERA-ZOCLO
100
AcDbPolyline
 90
4
 70
1
 10
512.1102000000001
 20
-102.30239999999986
 10
512.2852
 20
-102.30239999999986
 10
512.2852
 20
-102.25839999999987
 10
512.1102000000001
 20
-102.25839999999987
  0
TEXT
  5
B9C
330
17
100
AcDbEntity
  8
ESCALERA-REGADERA-ZOCLO
100
AcDbText
 10
512.1977
 20
-102.28039999999986
 30
0.0
 40
0.03
  1
SOBRA 0.175x0.044 -> GUARDAR
 72
1
 11
512.1977
 21
-102.28039999999986
 31
0.0
100
AcDbText
 73
2
  0
TEXT
  5
B9D
330
17
100
AcDbEntity
  8
ESCALERA-REGADERA-ZOCLO
100
AcDbText
 10
512.0582
 20
-102.17839999999987
 30
0.0
 40
0.055
  1
M-93
 72
1
 11
512.0582
 21
-102.17839999999987
 31
0.0
100
AcDbText
 73
2
  0
LWPOLYLINE
  5
B9E
330
17
100
AcDbEntity
  8
ESCALERA-REGADERA-ZOCLO
100
AcDbPolyline
 90
4
 70
1
 10
512.7062000000001
 20
-103.45239999999987
 10
513.3022000000001
 20
-103.45239999999987
 10
513.3022000000001
 20
-102.25839999999987
 10
512.7062000000001
 20
-102.25839999999987
  0
LWPOLYLINE
  5
B9F
330
17
100
AcDbEntity
  8
ESCALERA-REGADERA-ZOCLO
100
AcDbPolyline
 90
4
 70
1
 10
512.7062000000001
 20
-103.45239999999987
 10
512.8812
 20
-103.45239999999987
 10
512.8812
 20
-102.30239999999986
 10
512.7062000000001
 20
-102.30239999999986
  0
TEXT
  5
BA0
330
17
100
AcDbEntity
  8
ESCALERA-REGADERA-ZOCLO
100
AcDbText
 10
512.7937000000001
 20
-102.87739999999987
 30
0.0
 40
0.049
  1
*P11
 50
90.0
 72
1
 11
512.7937000000001
 21
-102.87739999999987
 31
0.0
100
AcDbText
 73
2
  0
LWPOLYLINE
  5
BA1
330
17
100
AcDbEntity
  8
ESCALERA-REGADERA-ZOCLO
100
AcDbPolyline
 90
4
 70
1
 10
512.8812
 20
-103.45239999999987
 10
513.0562
 20
-103.45239999999987
 10
513.0562
 20
-102.30239999999986
 10
512.8812
 20
-102.30239999999986
  0
TEXT
  5
BA2
330
17
100
AcDbEntity
  8
ESCALERA-REGADERA-ZOCLO
100
AcDbText
 10
512.9687
 20
-102.87739999999987
 30
0.0
 40
0.049
  1
*P12
 50
90.0
 72
1
 11
512.9687
 21
-102.87739999999987
 31
0.0
100
AcDbText
 73
2
  0
LWPOLYLINE
  5
BA3
330
17
100
AcDbEntity
  8
ESCALERA-REGADERA-ZOCLO
100
AcDbPolyline
 90
4
 70
1
 10
513.0562000000001
 20
-103.45239999999987
 10
513.2312000000001
 20
-103.45239999999987
 10
513.2312000000001
 20
-102.30239999999986
 10
513.0562000000001
 20
-102.30239999999986
  0
TEXT
  5
BA4
330
17
100
AcDbEntity
  8
ESCALERA-REGADERA-ZOCLO
100
AcDbText
 10
513.1437000000001
 20
-102.87739999999987
 30
0.0
 40
0.049
  1
*P13
 50
90.0
 72
1
 11
513.1437000000001
 21
-102.87739999999987
 31
0.0
100
AcDbText
 73
2
  0
LWPOLYLINE
  5
BA5
330
17
100
AcDbEntity
  8
ESCALERA-REGADERA-ZOCLO
100
AcDbPolyline
 90
4
 70
1
 10
512.7062000000001
 20
-102.30239999999986
 10
512.8812
 20
-102.30239999999986
 10
512.8812
 20
-102.25839999999987
 10
512.7062000000001
 20
-102.25839999999987
  0
TEXT
  5
BA6
330
17
100
AcDbEntity
  8
ESCALERA-REGADERA-ZOCLO
100
AcDbText
 10
512.7937000000001
 20
-102.28039999999986
 30
0.0
 40
0.03
  1
SOBRA 0.175x0.044 -> GUARDAR
 72
1
 11
512.7937000000001
 21
-102.28039999999986
 31
0.0
100
AcDbText
 73
2
  0
LWPOLYLINE
  5
BA7
330
17
100
AcDbEntity
  8
ESCALERA-REGADERA-ZOCLO
100
AcDbPolyline
 90
4
 70
1
 10
512.8812
 20
-102.30239999999986
 10
513.0562
 20
-102.30239999999986
 10
513.0562
 20
-102.25839999999987
 10
512.8812
 20
-102.25839999999987
  0
TEXT
  5
BA8
330
17
100
AcDbEntity
  8
ESCALERA-REGADERA-ZOCLO
100
AcDbText
 10
512.9687
 20
-102.28039999999986
 30
0.0
 40
0.03
  1
SOBRA 0.175x0.044 -> GUARDAR
 72
1
 11
512.9687
 21
-102.28039999999986
 31
0.0
100
AcDbText
 73
2
  0
LWPOLYLINE
  5
BA9
330
17
100
AcDbEntity
  8
ESCALERA-REGADERA-ZOCLO
100
AcDbPolyline
 90
4
 70
1
 10
513.2312000000001
 20
-103.45239999999987
 10
513.3022000000001
 20
-103.45239999999987
 10
513.3022000000001
 20
-102.25839999999987
 10
513.2312000000001
 20
-102.25839999999987
  0
TEXT
  5
BAA
330
17
100
AcDbEntity
  8
ESCALERA-REGADERA-ZOCLO
100
AcDbText
 10
513.2667
 20
-102.85539999999988
 30
0.0
 40
0.03
  1
SOBRA 0.071x1.194 -> GUARDAR
 50
90.0
 72
1
 11
513.2667
 21
-102.85539999999988
 31
0.0
100
AcDbText
 73
2
  0
LWPOLYLINE
  5
BAB
330
17
100
AcDbEntity
  8
ESCALERA-REGADERA-ZOCLO
100
AcDbPolyline
 90
4
 70
1
 10
513.0562000000001
 20
-102.30239999999986
 10
513.2312000000001
 20
-102.30239999999986
 10
513.2312000000001
 20
-102.25839999999987
 10
513.0562000000001
 20
-102.25839999999987
  0
TEXT
  5
BAC
330
17
100
AcDbEntity
  8
ESCALERA-REGADERA-ZOCLO
100
AcDbText
 10
513.1437000000001
 20
-102.28039999999986
 30
0.0
 40
0.03
  1
SOBRA 0.175x0.044 -> GUARDAR
 72
1
 11
513.1437000000001
 21
-102.28039999999986
 31
0.0
100
AcDbText
 73
2
  0
TEXT
  5
BAD
330
17
100
AcDbEntity
  8
ESCALERA-REGADERA-ZOCLO
100
AcDbText
 10
513.0042000000001
 20
-102.17839999999987
 30
0.0
 40
0.055
  1
M-94
 72
1
 11
513.0042000000001
 21
-102.17839999999987
 31
0.0
100
AcDbText
 73
2
  0
LWPOLYLINE
  5
BAE
330
17
100
AcDbEntity
  8
ESCALERA-REGADERA-ZOCLO
100
AcDbPolyline
 90
4
 70
1
 10
513.6522
 20
-103.45239999999987
 10
514.2482
 20
-103.45239999999987
 10
514.2482
 20
-102.25839999999987
 10
513.6522
 20
-102.25839999999987
  0
LWPOLYLINE
  5
BAF
330
17
100
AcDbEntity
  8
ESCALERA-REGADERA-ZOCLO
100
AcDbPolyline
 90
4
 70
1
 10
513.6522
 20
-103.45239999999987
 10
513.8272
 20
-103.45239999999987
 10
513.8272
 20
-102.30239999999986
 10
513.6522
 20
-102.30239999999986
  0
TEXT
  5
BB0
330
17
100
AcDbEntity
  8
ESCALERA-REGADERA-ZOCLO
100
AcDbText
 10
513.7397
 20
-102.87739999999987
 30
0.0
 40
0.049
  1
*P14
 50
90.0
 72
1
 11
513.7397
 21
-102.87739999999987
 31
0.0
100
AcDbText
 73
2
  0
LWPOLYLINE
  5
BB1
330
17
100
AcDbEntity
  8
ESCALERA-REGADERA-ZOCLO
100
AcDbPolyline
 90
4
 70
1
 10
513.8272
 20
-103.45239999999987
 10
514.1332
 20
-103.45239999999987
 10
514.1332
 20
-102.85639999999987
 10
513.8272
 20
-102.85639999999987
  0
TEXT
  5
BB2
330
17
100
AcDbEntity
  8
ESCALERA-REGADERA-ZOCLO
100
AcDbText
 10
513.9802
 20
-103.15439999999987
 30
0.0
 40
0.05
  1
R1-fondo-4
 50
90.0
 72
1
 11
513.9802
 21
-103.15439999999987
 31
0.0
100
AcDbText
 73
2
  0
LWPOLYLINE
  5
BB3
330
17
100
AcDbEntity
  8
ESCALERA-REGADERA-ZOCLO
100
AcDbPolyline
 90
4
 70
1
 10
513.8272
 20
-102.85639999999987
 10
514.1332
 20
-102.85639999999987
 10
514.1332
 20
-102.26039999999986
 10
513.8272
 20
-102.26039999999986
  0
TEXT
  5
BB4
330
17
100
AcDbEntity
  8
ESCALERA-REGADERA-ZOCLO
100
AcDbText
 10
513.9802
 20
-102.55839999999986
 30
0.0
 40
0.05
  1
R1-fondo-6
 50
90.0
 72
1
 11
513.9802
 21
-102.55839999999986
 31
0.0
100
AcDbText
 73
2
  0
LWPOLYLINE
  5
BB5
330
17
100
AcDbEntity
  8
ESCALERA-REGADERA-ZOCLO
100
AcDbPolyline
 90
4
 70
1
 10
513.6522
 20
-102.30239999999986
 10
513.8272
 20
-102.30239999999986
 10
513.8272
 20
-102.25839999999987
 10
513.6522
 20
-102.25839999999987
  0
TEXT
  5
BB6
330
17
100
AcDbEntity
  8
ESCALERA-REGADERA-ZOCLO
100
AcDbText
 10
513.7397
 20
-102.28039999999986
 30
0.0
 40
0.03
  1
SOBRA 0.175x0.044 -> GUARDAR
 72
1
 11
513.7397
 21
-102.28039999999986
 31
0.0
100
AcDbText
 73
2
  0
LWPOLYLINE
  5
BB7
330
17
100
AcDbEntity
  8
ESCALERA-REGADERA-ZOCLO
100
AcDbPolyline
 90
4
 70
1
 10
514.1332
 20
-103.45239999999987
 10
514.2482
 20
-103.45239999999987
 10
514.2482
 20
-102.85639999999987
 10
514.1332
 20
-102.85639999999987
  0
TEXT
  5
BB8
330
17
100
AcDbEntity
  8
ESCALERA-REGADERA-ZOCLO
100
AcDbText
 10
514.1907
 20
-103.15439999999987
 30
0.0
 40
0.03
  1
SOBRA 0.115x0.596 -> GUARDAR
 50
90.0
 72
1
 11
514.1907
 21
-103.15439999999987
 31
0.0
100
AcDbText
 73
2
  0
LWPOLYLINE
  5
BB9
330
17
100
AcDbEntity
  8
ESCALERA-REGADERA-ZOCLO
100
AcDbPolyline
 90
4
 70
1
 10
514.1332
 20
-102.85639999999987
 10
514.2482
 20
-102.85639999999987
 10
514.2482
 20
-102.25839999999987
 10
514.1332
 20
-102.25839999999987
  0
TEXT
  5
BBA
330
17
100
AcDbEntity
  8
ESCALERA-REGADERA-ZOCLO
100
AcDbText
 10
514.1907
 20
-102.55739999999986
 30
0.0
 40
0.03
  1
SOBRA 0.115x0.598 -> GUARDAR
 50
90.0
 72
1
 11
514.1907
 21
-102.55739999999986
 31
0.0
100
AcDbText
 73
2
  0
TEXT
  5
BBB
330
17
100
AcDbEntity
  8
ESCALERA-REGADERA-ZOCLO
100
AcDbText
 10
513.9502
 20
-102.17839999999987
 30
0.0
 40
0.055
  1
M-95
 72
1
 11
513.9502
 21
-102.17839999999987
 31
0.0
100
AcDbText
 73
2
  0
TEXT
  5
BBC
330
17
100
AcDbEntity
  8
ESCALERA-REGADERA-ZOCLO
100
AcDbText
 10
510.8142
 20
-104.80239999999986
 30
0.0
 40
0.18
  1
3) MUROS DE BANO (REGADERA) - piso Moret ACOSTADO en 3 caras; 22 enteras + 14 recortes
 72
1
 11
510.8142
 21
-104.80239999999986
 31
0.0
100
AcDbText
 73
2
  0
LWPOLYLINE
  5
BBD
330
17
100
AcDbEntity
  8
ESCALERA-REGADERA-ZOCLO
100
AcDbPolyline
 90
4
 70
1
 10
510.8142
 20
-107.30239999999986
 10
512.3142
 20
-107.30239999999986
 10
512.3142
 20
-105.30239999999986
 10
510.8142
 20
-105.30239999999986
  0
LWPOLYLINE
  5
BBE
330
17
100
AcDbEntity
  8
ESCALERA-REGADERA-ZOCLO
100
AcDbPolyline
 90
4
 70
1
 10
510.8142
 20
-107.30239999999986
 10
512.0082
 20
-107.30239999999986
 10
512.0082
 20
-106.70639999999986
 10
510.8142
 20
-106.70639999999986
  0
TEXT
  5
BBF
330
17
100
AcDbEntity
  8
ESCALERA-REGADERA-ZOCLO
100
AcDbText
 10
511.4112
 20
-107.00439999999986
 30
0.0
 40
0.05
  1
R1-fondo-1
 72
1
 11
511.4112
 21
-107.00439999999986
 31
0.0
100
AcDbText
 73
2
  0
LWPOLYLINE
  5
BC0
330
17
100
AcDbEntity
  8
ESCALERA-REGADERA-ZOCLO
100
AcDbPolyline
 90
4
 70
1
 10
512.0082
 20
-107.30239999999986
 10
512.3142
 20
-107.30239999999986
 10
512.3142
 20
-106.70639999999986
 10
512.0082
 20
-106.70639999999986
  0
TEXT
  5
BC1
330
17
100
AcDbEntity
  8
ESCALERA-REGADERA-ZOCLO
100
AcDbText
 10
512.1612
 20
-107.00439999999986
 30
0.0
 40
0.05
  1
R1-fondo-2
 50
90.0
 72
1
 11
512.1612
 21
-107.00439999999986
 31
0.0
100
AcDbText
 73
2
  0
LWPOLYLINE
  5
BC2
330
17
100
AcDbEntity
  8
ESCALERA-REGADERA-ZOCLO
100
AcDbPolyline
 90
4
 70
1
 10
510.8142
 20
-106.70639999999986
 10
512.0082
 20
-106.70639999999986
 10
512.0082
 20
-106.11039999999986
 10
510.8142
 20
-106.11039999999986
  0
TEXT
  5
BC3
330
17
100
AcDbEntity
  8
ESCALERA-REGADERA-ZOCLO
100
AcDbText
 10
511.4112
 20
-106.40839999999986
 30
0.0
 40
0.05
  1
R1-fondo-3
 72
1
 11
511.4112
 21
-106.40839999999986
 31
0.0
100
AcDbText
 73
2
  0
LWPOLYLINE
  5
BC4
330
17
100
AcDbEntity
  8
ESCALERA-REGADERA-ZOCLO
100
AcDbPolyline
 90
4
 70
1
 10
512.0082
 20
-106.70639999999986
 10
512.3142
 20
-106.70639999999986
 10
512.3142
 20
-106.11039999999986
 10
512.0082
 20
-106.11039999999986
  0
TEXT
  5
BC5
330
17
100
AcDbEntity
  8
ESCALERA-REGADERA-ZOCLO
100
AcDbText
 10
512.1612
 20
-106.40839999999986
 30
0.0
 40
0.05
  1
R1-fondo-4
 50
90.0
 72
1
 11
512.1612
 21
-106.40839999999986
 31
0.0
100
AcDbText
 73
2
  0
LWPOLYLINE
  5
BC6
330
17
100
AcDbEntity
  8
ESCALERA-REGADERA-ZOCLO
100
AcDbPolyline
 90
4
 70
1
 10
510.8142
 20
-106.11039999999987
 10
512.0082
 20
-106.11039999999987
 10
512.0082
 20
-105.51439999999987
 10
510.8142
 20
-105.51439999999987
  0
TEXT
  5
BC7
330
17
100
AcDbEntity
  8
ESCALERA-REGADERA-ZOCLO
100
AcDbText
 10
511.4112
 20
-105.81239999999987
 30
0.0
 40
0.05
  1
R1-fondo-5
 72
1
 11
511.4112
 21
-105.81239999999987
 31
0.0
100
AcDbText
 73
2
  0
LWPOLYLINE
  5
BC8
330
17
100
AcDbEntity
  8
ESCALERA-REGADERA-ZOCLO
100
AcDbPolyline
 90
4
 70
1
 10
512.0082
 20
-106.11039999999987
 10
512.3142
 20
-106.11039999999987
 10
512.3142
 20
-105.51439999999987
 10
512.0082
 20
-105.51439999999987
  0
TEXT
  5
BC9
330
17
100
AcDbEntity
  8
ESCALERA-REGADERA-ZOCLO
100
AcDbText
 10
512.1612
 20
-105.81239999999987
 30
0.0
 40
0.05
  1
R1-fondo-6
 50
90.0
 72
1
 11
512.1612
 21
-105.81239999999987
 31
0.0
100
AcDbText
 73
2
  0
LWPOLYLINE
  5
BCA
330
17
100
AcDbEntity
  8
ESCALERA-REGADERA-ZOCLO
100
AcDbPolyline
 90
4
 70
1
 10
510.8142
 20
-105.51439999999987
 10
512.0082
 20
-105.51439999999987
 10
512.0082
 20
-105.30239999999986
 10
510.8142
 20
-105.30239999999986
  0
TEXT
  5
BCB
330
17
100
AcDbEntity
  8
ESCALERA-REGADERA-ZOCLO
100
AcDbText
 10
511.4112
 20
-105.40839999999987
 30
0.0
 40
0.05
  1
R1-fondo-7
 72
1
 11
511.4112
 21
-105.40839999999987
 31
0.0
100
AcDbText
 73
2
  0
LWPOLYLINE
  5
BCC
330
17
100
AcDbEntity
  8
ESCALERA-REGADERA-ZOCLO
100
AcDbPolyline
 90
4
 70
1
 10
512.0082
 20
-105.51439999999987
 10
512.3142
 20
-105.51439999999987
 10
512.3142
 20
-105.30239999999986
 10
512.0082
 20
-105.30239999999986
  0
TEXT
  5
BCD
330
17
100
AcDbEntity
  8
ESCALERA-REGADERA-ZOCLO
100
AcDbText
 10
512.1612
 20
-105.40839999999987
 30
0.0
 40
0.05
  1
R1-fondo-8
 72
1
 11
512.1612
 21
-105.40839999999987
 31
0.0
100
AcDbText
 73
2
  0
TEXT
  5
BCE
330
17
100
AcDbEntity
  8
ESCALERA-REGADERA-ZOCLO
100
AcDbText
 10
511.5642
 20
-105.18239999999986
 30
0.0
 40
0.06
  1
R1-fondo (1.50x2.00)
 72
1
 11
511.5642
 21
-105.18239999999986
 31
0.0
100
AcDbText
 73
2
  0
LWPOLYLINE
  5
BCF
330
17
100
AcDbEntity
  8
ESCALERA-REGADERA-ZOCLO
100
AcDbPolyline
 90
4
 70
1
 10
512.9142
 20
-108.20239999999987
 10
514.1142000000001
 20
-108.20239999999987
 10
514.1142000000001
 20
-105.30239999999986
 10
512.9142
 20
-105.30239999999986
  0
LWPOLYLINE
  5
BD0
330
17
100
AcDbEntity
  8
ESCALERA-REGADERA-ZOCLO
100
AcDbPolyline
 90
4
 70
1
 10
512.9142
 20
-108.20239999999987
 10
514.1082
 20
-108.20239999999987
 10
514.1082
 20
-107.60639999999987
 10
512.9142
 20
-107.60639999999987
  0
TEXT
  5
BD1
330
17
100
AcDbEntity
  8
ESCALERA-REGADERA-ZOCLO
100
AcDbText
 10
513.5112
 20
-107.90439999999987
 30
0.0
 40
0.05
  1
R1-lat-izq-1
 72
1
 11
513.5112
 21
-107.90439999999987
 31
0.0
100
AcDbText
 73
2
  0
LWPOLYLINE
  5
BD2
330
17
100
AcDbEntity
  8
ESCALERA-REGADERA-ZOCLO
100
AcDbPolyline
 90
4
 70
1
 10
512.9142
 20
-107.60639999999987
 10
514.1082
 20
-107.60639999999987
 10
514.1082
 20
-107.01039999999986
 10
512.9142
 20
-107.01039999999986
  0
TEXT
  5
BD3
330
17
100
AcDbEntity
  8
ESCALERA-REGADERA-ZOCLO
100
AcDbText
 10
513.5112
 20
-107.30839999999986
 30
0.0
 40
0.05
  1
R1-lat-izq-2
 72
1
 11
513.5112
 21
-107.30839999999986
 31
0.0
100
AcDbText
 73
2
  0
LWPOLYLINE
  5
BD4
330
17
100
AcDbEntity
  8
ESCALERA-REGADERA-ZOCLO
100
AcDbPolyline
 90
4
 70
1
 10
512.9142
 20
-107.01039999999988
 10
514.1082
 20
-107.01039999999988
 10
514.1082
 20
-106.41439999999987
 10
512.9142
 20
-106.41439999999987
  0
TEXT
  5
BD5
330
17
100
AcDbEntity
  8
ESCALERA-REGADERA-ZOCLO
100
AcDbText
 10
513.5112
 20
-106.71239999999987
 30
0.0
 40
0.05
  1
R1-lat-izq-3
 72
1
 11
513.5112
 21
-106.71239999999987
 31
0.0
100
AcDbText
 73
2
  0
LWPOLYLINE
  5
BD6
330
17
100
AcDbEntity
  8
ESCALERA-REGADERA-ZOCLO
100
AcDbPolyline
 90
4
 70
1
 10
512.9142
 20
-106.41439999999987
 10
514.1082
 20
-106.41439999999987
 10
514.1082
 20
-105.81839999999987
 10
512.9142
 20
-105.81839999999987
  0
TEXT
  5
BD7
330
17
100
AcDbEntity
  8
ESCALERA-REGADERA-ZOCLO
100
AcDbText
 10
513.5112
 20
-106.11639999999987
 30
0.0
 40
0.05
  1
R1-lat-izq-4
 72
1
 11
513.5112
 21
-106.11639999999987
 31
0.0
100
AcDbText
 73
2
  0
LWPOLYLINE
  5
BD8
330
17
100
AcDbEntity
  8
ESCALERA-REGADERA-ZOCLO
100
AcDbPolyline
 90
4
 70
1
 10
512.9142
 20
-105.81839999999987
 10
514.1082
 20
-105.81839999999987
 10
514.1082
 20
-105.30239999999986
 10
512.9142
 20
-105.30239999999986
  0
TEXT
  5
BD9
330
17
100
AcDbEntity
  8
ESCALERA-REGADERA-ZOCLO
100
AcDbText
 10
513.5112
 20
-105.56039999999987
 30
0.0
 40
0.05
  1
R1-lat-izq-5
 72
1
 11
513.5112
 21
-105.56039999999987
 31
0.0
100
AcDbText
 73
2
  0
TEXT
  5
BDA
330
17
100
AcDbEntity
  8
ESCALERA-REGADERA-ZOCLO
100
AcDbText
 10
513.5142000000001
 20
-105.18239999999986
 30
0.0
 40
0.06
  1
R1-lat-izq (1.20x2.90)
 72
1
 11
513.5142000000001
 21
-105.18239999999986
 31
0.0
100
AcDbText
 73
2
  0
LWPOLYLINE
  5
BDB
330
17
100
AcDbEntity
  8
ESCALERA-REGADERA-ZOCLO
100
AcDbPolyline
 90
4
 70
1
 10
514.7142
 20
-108.20239999999987
 10
515.9142
 20
-108.20239999999987
 10
515.9142
 20
-105.30239999999986
 10
514.7142
 20
-105.30239999999986
  0
LWPOLYLINE
  5
BDC
330
17
100
AcDbEntity
  8
ESCALERA-REGADERA-ZOCLO
100
AcDbPolyline
 90
4
 70
1
 10
514.7142
 20
-108.20239999999987
 10
515.9082
 20
-108.20239999999987
 10
515.9082
 20
-107.60639999999987
 10
514.7142
 20
-107.60639999999987
  0
TEXT
  5
BDD
330
17
100
AcDbEntity
  8
ESCALERA-REGADERA-ZOCLO
100
AcDbText
 10
515.3112
 20
-107.90439999999987
 30
0.0
 40
0.05
  1
R1-lat-der-1
 72
1
 11
515.3112
 21
-107.90439999999987
 31
0.0
100
AcDbText
 73
2
  0
LWPOLYLINE
  5
BDE
330
17
100
AcDbEntity
  8
ESCALERA-REGADERA-ZOCLO
100
AcDbPolyline
 90
4
 70
1
 10
514.7142
 20
-107.60639999999987
 10
515.9082
 20
-107.60639999999987
 10
515.9082
 20
-107.01039999999986
 10
514.7142
 20
-107.01039999999986
  0
TEXT
  5
BDF
330
17
100
AcDbEntity
  8
ESCALERA-REGADERA-ZOCLO
100
AcDbText
 10
515.3112
 20
-107.30839999999986
 30
0.0
 40
0.05
  1
R1-lat-der-2
 72
1
 11
515.3112
 21
-107.30839999999986
 31
0.0
100
AcDbText
 73
2
  0
LWPOLYLINE
  5
BE0
330
17
100
AcDbEntity
  8
ESCALERA-REGADERA-ZOCLO
100
AcDbPolyline
 90
4
 70
1
 10
514.7142
 20
-107.01039999999988
 10
515.9082
 20
-107.01039999999988
 10
515.9082
 20
-106.41439999999987
 10
514.7142
 20
-106.41439999999987
  0
TEXT
  5
BE1
330
17
100
AcDbEntity
  8
ESCALERA-REGADERA-ZOCLO
100
AcDbText
 10
515.3112
 20
-106.71239999999987
 30
0.0
 40
0.05
  1
R1-lat-der-3
 72
1
 11
515.3112
 21
-106.71239999999987
 31
0.0
100
AcDbText
 73
2
  0
LWPOLYLINE
  5
BE2
330
17
100
AcDbEntity
  8
ESCALERA-REGADERA-ZOCLO
100
AcDbPolyline
 90
4
 70
1
 10
514.7142
 20
-106.41439999999987
 10
515.9082
 20
-106.41439999999987
 10
515.9082
 20
-105.81839999999987
 10
514.7142
 20
-105.81839999999987
  0
TEXT
  5
BE3
330
17
100
AcDbEntity
  8
ESCALERA-REGADERA-ZOCLO
100
AcDbText
 10
515.3112
 20
-106.11639999999987
 30
0.0
 40
0.05
  1
R1-lat-der-4
 72
1
 11
515.3112
 21
-106.11639999999987
 31
0.0
100
AcDbText
 73
2
  0
LWPOLYLINE
  5
BE4
330
17
100
AcDbEntity
  8
ESCALERA-REGADERA-ZOCLO
100
AcDbPolyline
 90
4
 70
1
 10
514.7142
 20
-105.81839999999987
 10
515.9082
 20
-105.81839999999987
 10
515.9082
 20
-105.30239999999986
 10
514.7142
 20
-105.30239999999986
  0
TEXT
  5
BE5
330
17
100
AcDbEntity
  8
ESCALERA-REGADERA-ZOCLO
100
AcDbText
 10
515.3112
 20
-105.56039999999987
 30
0.0
 40
0.05
  1
R1-lat-der-5
 72
1
 11
515.3112
 21
-105.56039999999987
 31
0.0
100
AcDbText
 73
2
  0
TEXT
  5
BE6
330
17
100
AcDbEntity
  8
ESCALERA-REGADERA-ZOCLO
100
AcDbText
 10
515.3142
 20
-105.18239999999986
 30
0.0
 40
0.06
  1
R1-lat-der (1.20x2.90)
 72
1
 11
515.3142
 21
-105.18239999999986
 31
0.0
100
AcDbText
 73
2
  0
LWPOLYLINE
  5
BE7
330
17
100
AcDbEntity
  8
ESCALERA-REGADERA-ZOCLO
100
AcDbPolyline
 90
4
 70
1
 10
516.5142
 20
-107.30239999999986
 10
518.0142
 20
-107.30239999999986
 10
518.0142
 20
-105.30239999999986
 10
516.5142
 20
-105.30239999999986
  0
LWPOLYLINE
  5
BE8
330
17
100
AcDbEntity
  8
ESCALERA-REGADERA-ZOCLO
100
AcDbPolyline
 90
4
 70
1
 10
516.5142
 20
-107.30239999999986
 10
517.7081999999999
 20
-107.30239999999986
 10
517.7081999999999
 20
-106.70639999999986
 10
516.5142
 20
-106.70639999999986
  0
TEXT
  5
BE9
330
17
100
AcDbEntity
  8
ESCALERA-REGADERA-ZOCLO
100
AcDbText
 10
517.1111999999999
 20
-107.00439999999986
 30
0.0
 40
0.05
  1
R2-fondo-1
 72
1
 11
517.1111999999999
 21
-107.00439999999986
 31
0.0
100
AcDbText
 73
2
  0
LWPOLYLINE
  5
BEA
330
17
100
AcDbEntity
  8
ESCALERA-REGADERA-ZOCLO
100
AcDbPolyline
 90
4
 70
1
 10
517.7081999999999
 20
-107.30239999999986
 10
518.0142
 20
-107.30239999999986
 10
518.0142
 20
-106.70639999999986
 10
517.7081999999999
 20
-106.70639999999986
  0
TEXT
  5
BEB
330
17
100
AcDbEntity
  8
ESCALERA-REGADERA-ZOCLO
100
AcDbText
 10
517.8611999999999
 20
-107.00439999999986
 30
0.0
 40
0.05
  1
R2-fondo-2
 50
90.0
 72
1
 11
517.8611999999999
 21
-107.00439999999986
 31
0.0
100
AcDbText
 73
2
  0
LWPOLYLINE
  5
BEC
330
17
100
AcDbEntity
  8
ESCALERA-REGADERA-ZOCLO
100
AcDbPolyline
 90
4
 70
1
 10
516.5142
 20
-106.70639999999986
 10
517.7081999999999
 20
-106.70639999999986
 10
517.7081999999999
 20
-106.11039999999986
 10
516.5142
 20
-106.11039999999986
  0
TEXT
  5
BED
330
17
100
AcDbEntity
  8
ESCALERA-REGADERA-ZOCLO
100
AcDbText
 10
517.1111999999999
 20
-106.40839999999986
 30
0.0
 40
0.05
  1
R2-fondo-3
 72
1
 11
517.1111999999999
 21
-106.40839999999986
 31
0.0
100
AcDbText
 73
2
  0
LWPOLYLINE
  5
BEE
330
17
100
AcDbEntity
  8
ESCALERA-REGADERA-ZOCLO
100
AcDbPolyline
 90
4
 70
1
 10
517.7081999999999
 20
-106.70639999999986
 10
518.0142
 20
-106.70639999999986
 10
518.0142
 20
-106.11039999999986
 10
517.7081999999999
 20
-106.11039999999986
  0
TEXT
  5
BEF
330
17
100
AcDbEntity
  8
ESCALERA-REGADERA-ZOCLO
100
AcDbText
 10
517.8611999999999
 20
-106.40839999999986
 30
0.0
 40
0.05
  1
R2-fondo-4
 50
90.0
 72
1
 11
517.8611999999999
 21
-106.40839999999986
 31
0.0
100
AcDbText
 73
2
  0
LWPOLYLINE
  5
BF0
330
17
100
AcDbEntity
  8
ESCALERA-REGADERA-ZOCLO
100
AcDbPolyline
 90
4
 70
1
 10
516.5142
 20
-106.11039999999987
 10
517.7081999999999
 20
-106.11039999999987
 10
517.7081999999999
 20
-105.51439999999987
 10
516.5142
 20
-105.51439999999987
  0
TEXT
  5
BF1
330
17
100
AcDbEntity
  8
ESCALERA-REGADERA-ZOCLO
100
AcDbText
 10
517.1111999999999
 20
-105.81239999999987
 30
0.0
 40
0.05
  1
R2-fondo-5
 72
1
 11
517.1111999999999
 21
-105.81239999999987
 31
0.0
100
AcDbText
 73
2
  0
LWPOLYLINE
  5
BF2
330
17
100
AcDbEntity
  8
ESCALERA-REGADERA-ZOCLO
100
AcDbPolyline
 90
4
 70
1
 10
517.7081999999999
 20
-106.11039999999987
 10
518.0142
 20
-106.11039999999987
 10
518.0142
 20
-105.51439999999987
 10
517.7081999999999
 20
-105.51439999999987
  0
TEXT
  5
BF3
330
17
100
AcDbEntity
  8
ESCALERA-REGADERA-ZOCLO
100
AcDbText
 10
517.8611999999999
 20
-105.81239999999987
 30
0.0
 40
0.05
  1
R2-fondo-6
 50
90.0
 72
1
 11
517.8611999999999
 21
-105.81239999999987
 31
0.0
100
AcDbText
 73
2
  0
LWPOLYLINE
  5
BF4
330
17
100
AcDbEntity
  8
ESCALERA-REGADERA-ZOCLO
100
AcDbPolyline
 90
4
 70
1
 10
516.5142
 20
-105.51439999999987
 10
517.7081999999999
 20
-105.51439999999987
 10
517.7081999999999
 20
-105.30239999999986
 10
516.5142
 20
-105.30239999999986
  0
TEXT
  5
BF5
330
17
100
AcDbEntity
  8
ESCALERA-REGADERA-ZOCLO
100
AcDbText
 10
517.1111999999999
 20
-105.40839999999987
 30
0.0
 40
0.05
  1
R2-fondo-7
 72
1
 11
517.1111999999999
 21
-105.40839999999987
 31
0.0
100
AcDbText
 73
2
  0
LWPOLYLINE
  5
BF6
330
17
100
AcDbEntity
  8
ESCALERA-REGADERA-ZOCLO
100
AcDbPolyline
 90
4
 70
1
 10
517.7081999999999
 20
-105.51439999999987
 10
518.0142
 20
-105.51439999999987
 10
518.0142
 20
-105.30239999999986
 10
517.7081999999999
 20
-105.30239999999986
  0
TEXT
  5
BF7
330
17
100
AcDbEntity
  8
ESCALERA-REGADERA-ZOCLO
100
AcDbText
 10
517.8611999999999
 20
-105.40839999999987
 30
0.0
 40
0.05
  1
R2-fondo-8
 72
1
 11
517.8611999999999
 21
-105.40839999999987
 31
0.0
100
AcDbText
 73
2
  0
TEXT
  5
BF8
330
17
100
AcDbEntity
  8
ESCALERA-REGADERA-ZOCLO
100
AcDbText
 10
517.2642
 20
-105.18239999999986
 30
0.0
 40
0.06
  1
R2-fondo (1.50x2.00)
 72
1
 11
517.2642
 21
-105.18239999999986
 31
0.0
100
AcDbText
 73
2
  0
LWPOLYLINE
  5
BF9
330
17
100
AcDbEntity
  8
ESCALERA-REGADERA-ZOCLO
100
AcDbPolyline
 90
4
 70
1
 10
518.6142
 20
-108.20239999999987
 10
519.8142
 20
-108.20239999999987
 10
519.8142
 20
-105.30239999999986
 10
518.6142
 20
-105.30239999999986
  0
LWPOLYLINE
  5
BFA
330
17
100
AcDbEntity
  8
ESCALERA-REGADERA-ZOCLO
100
AcDbPolyline
 90
4
 70
1
 10
518.6142
 20
-108.20239999999987
 10
519.8081999999999
 20
-108.20239999999987
 10
519.8081999999999
 20
-107.60639999999987
 10
518.6142
 20
-107.60639999999987
  0
TEXT
  5
BFB
330
17
100
AcDbEntity
  8
ESCALERA-REGADERA-ZOCLO
100
AcDbText
 10
519.2112
 20
-107.90439999999987
 30
0.0
 40
0.05
  1
R2-lat-izq-1
 72
1
 11
519.2112
 21
-107.90439999999987
 31
0.0
100
AcDbText
 73
2
  0
LWPOLYLINE
  5
BFC
330
17
100
AcDbEntity
  8
ESCALERA-REGADERA-ZOCLO
100
AcDbPolyline
 90
4
 70
1
 10
518.6142
 20
-107.60639999999987
 10
519.8081999999999
 20
-107.60639999999987
 10
519.8081999999999
 20
-107.01039999999986
 10
518.6142
 20
-107.01039999999986
  0
TEXT
  5
BFD
330
17
100
AcDbEntity
  8
ESCALERA-REGADERA-ZOCLO
100
AcDbText
 10
519.2112
 20
-107.30839999999986
 30
0.0
 40
0.05
  1
R2-lat-izq-2
 72
1
 11
519.2112
 21
-107.30839999999986
 31
0.0
100
AcDbText
 73
2
  0
LWPOLYLINE
  5
BFE
330
17
100
AcDbEntity
  8
ESCALERA-REGADERA-ZOCLO
100
AcDbPolyline
 90
4
 70
1
 10
518.6142
 20
-107.01039999999988
 10
519.8081999999999
 20
-107.01039999999988
 10
519.8081999999999
 20
-106.41439999999987
 10
518.6142
 20
-106.41439999999987
  0
TEXT
  5
BFF
330
17
100
AcDbEntity
  8
ESCALERA-REGADERA-ZOCLO
100
AcDbText
 10
519.2112
 20
-106.71239999999987
 30
0.0
 40
0.05
  1
R2-lat-izq-3
 72
1
 11
519.2112
 21
-106.71239999999987
 31
0.0
100
AcDbText
 73
2
  0
LWPOLYLINE
  5
C00
330
17
100
AcDbEntity
  8
ESCALERA-REGADERA-ZOCLO
100
AcDbPolyline
 90
4
 70
1
 10
518.6142
 20
-106.41439999999987
 10
519.8081999999999
 20
-106.41439999999987
 10
519.8081999999999
 20
-105.81839999999987
 10
518.6142
 20
-105.81839999999987
  0
TEXT
  5
C01
330
17
100
AcDbEntity
  8
ESCALERA-REGADERA-ZOCLO
100
AcDbText
 10
519.2112
 20
-106.11639999999987
 30
0.0
 40
0.05
  1
R2-lat-izq-4
 72
1
 11
519.2112
 21
-106.11639999999987
 31
0.0
100
AcDbText
 73
2
  0
LWPOLYLINE
  5
C02
330
17
100
AcDbEntity
  8
ESCALERA-REGADERA-ZOCLO
100
AcDbPolyline
 90
4
 70
1
 10
518.6142
 20
-105.81839999999987
 10
519.8081999999999
 20
-105.81839999999987
 10
519.8081999999999
 20
-105.30239999999986
 10
518.6142
 20
-105.30239999999986
  0
TEXT
  5
C03
330
17
100
AcDbEntity
  8
ESCALERA-REGADERA-ZOCLO
100
AcDbText
 10
519.2112
 20
-105.56039999999987
 30
0.0
 40
0.05
  1
R2-lat-izq-5
 72
1
 11
519.2112
 21
-105.56039999999987
 31
0.0
100
AcDbText
 73
2
  0
TEXT
  5
C04
330
17
100
AcDbEntity
  8
ESCALERA-REGADERA-ZOCLO
100
AcDbText
 10
519.2142
 20
-105.18239999999986
 30
0.0
 40
0.06
  1
R2-lat-izq (1.20x2.90)
 72
1
 11
519.2142
 21
-105.18239999999986
 31
0.0
100
AcDbText
 73
2
  0
LWPOLYLINE
  5
C05
330
17
100
AcDbEntity
  8
ESCALERA-REGADERA-ZOCLO
100
AcDbPolyline
 90
4
 70
1
 10
520.4141999999999
 20
-108.20239999999987
 10
521.6142
 20
-108.20239999999987
 10
521.6142
 20
-105.30239999999986
 10
520.4141999999999
 20
-105.30239999999986
  0
LWPOLYLINE
  5
C06
330
17
100
AcDbEntity
  8
ESCALERA-REGADERA-ZOCLO
100
AcDbPolyline
 90
4
 70
1
 10
520.4141999999999
 20
-108.20239999999987
 10
521.6081999999999
 20
-108.20239999999987
 10
521.6081999999999
 20
-107.60639999999987
 10
520.4141999999999
 20
-107.60639999999987
  0
TEXT
  5
C07
330
17
100
AcDbEntity
  8
ESCALERA-REGADERA-ZOCLO
100
AcDbText
 10
521.0111999999999
 20
-107.90439999999987
 30
0.0
 40
0.05
  1
R2-lat-der-1
 72
1
 11
521.0111999999999
 21
-107.90439999999987
 31
0.0
100
AcDbText
 73
2
  0
LWPOLYLINE
  5
C08
330
17
100
AcDbEntity
  8
ESCALERA-REGADERA-ZOCLO
100
AcDbPolyline
 90
4
 70
1
 10
520.4141999999999
 20
-107.60639999999987
 10
521.6081999999999
 20
-107.60639999999987
 10
521.6081999999999
 20
-107.01039999999986
 10
520.4141999999999
 20
-107.01039999999986
  0
TEXT
  5
C09
330
17
100
AcDbEntity
  8
ESCALERA-REGADERA-ZOCLO
100
AcDbText
 10
521.0111999999999
 20
-107.30839999999986
 30
0.0
 40
0.05
  1
R2-lat-der-2
 72
1
 11
521.0111999999999
 21
-107.30839999999986
 31
0.0
100
AcDbText
 73
2
  0
LWPOLYLINE
  5
C0A
330
17
100
AcDbEntity
  8
ESCALERA-REGADERA-ZOCLO
100
AcDbPolyline
 90
4
 70
1
 10
520.4141999999999
 20
-107.01039999999988
 10
521.6081999999999
 20
-107.01039999999988
 10
521.6081999999999
 20
-106.41439999999987
 10
520.4141999999999
 20
-106.41439999999987
  0
TEXT
  5
C0B
330
17
100
AcDbEntity
  8
ESCALERA-REGADERA-ZOCLO
100
AcDbText
 10
521.0111999999999
 20
-106.71239999999987
 30
0.0
 40
0.05
  1
R2-lat-der-3
 72
1
 11
521.0111999999999
 21
-106.71239999999987
 31
0.0
100
AcDbText
 73
2
  0
LWPOLYLINE
  5
C0C
330
17
100
AcDbEntity
  8
ESCALERA-REGADERA-ZOCLO
100
AcDbPolyline
 90
4
 70
1
 10
520.4141999999999
 20
-106.41439999999987
 10
521.6081999999999
 20
-106.41439999999987
 10
521.6081999999999
 20
-105.81839999999987
 10
520.4141999999999
 20
-105.81839999999987
  0
TEXT
  5
C0D
330
17
100
AcDbEntity
  8
ESCALERA-REGADERA-ZOCLO
100
AcDbText
 10
521.0111999999999
 20
-106.11639999999987
 30
0.0
 40
0.05
  1
R2-lat-der-4
 72
1
 11
521.0111999999999
 21
-106.11639999999987
 31
0.0
100
AcDbText
 73
2
  0
LWPOLYLINE
  5
C0E
330
17
100
AcDbEntity
  8
ESCALERA-REGADERA-ZOCLO
100
AcDbPolyline
 90
4
 70
1
 10
520.4141999999999
 20
-105.81839999999987
 10
521.6081999999999
 20
-105.81839999999987
 10
521.6081999999999
 20
-105.30239999999986
 10
520.4141999999999
 20
-105.30239999999986
  0
TEXT
  5
C0F
330
17
100
AcDbEntity
  8
ESCALERA-REGADERA-ZOCLO
100
AcDbText
 10
521.0111999999999
 20
-105.56039999999987
 30
0.0
 40
0.05
  1
R2-lat-der-5
 72
1
 11
521.0111999999999
 21
-105.56039999999987
 31
0.0
100
AcDbText
 73
2
  0
TEXT
  5
C10
330
17
100
AcDbEntity
  8
ESCALERA-REGADERA-ZOCLO
100
AcDbText
 10
521.0142
 20
-105.18239999999986
 30
0.0
 40
0.06
  1
R2-lat-der (1.20x2.90)
 72
1
 11
521.0142
 21
-105.18239999999986
 31
0.0
100
AcDbText
 73
2
  0
TEXT
  5
C11
330
17
100
AcDbEntity
  8
ESCALERA-REGADERA-ZOCLO
100
AcDbText
 10
510.8142
 20
-109.20239999999987
 30
0.0
 40
0.13
  1
R1-fondo-2 (0.306x0.596): sale de la SOBRA DE PA-M-002 (tabla M-10, no abre pieza)
 72
1
 11
510.8142
 21
-109.20239999999987
 31
0.0
100
AcDbText
 73
2
  0
TEXT
  5
C12
330
17
100
AcDbEntity
  8
ESCALERA-REGADERA-ZOCLO
100
AcDbText
 10
510.8142
 20
-109.58239999999986
 30
0.0
 40
0.13
  1
R1-fondo-4 (0.306x0.596): sale de la SOBRA DE P14 (tabla M-95, no abre pieza)
 72
1
 11
510.8142
 21
-109.58239999999986
 31
0.0
100
AcDbText
 73
2
  0
TEXT
  5
C13
330
17
100
AcDbEntity
  8
ESCALERA-REGADERA-ZOCLO
100
AcDbText
 10
510.8142
 20
-109.96239999999986
 30
0.0
 40
0.13
  1
R1-fondo-6 (0.306x0.596): sale de la SOBRA DE R1-fondo-4 (tabla M-95, no abre pieza)
 72
1
 11
510.8142
 21
-109.96239999999986
 31
0.0
100
AcDbText
 73
2
  0
TEXT
  5
C14
330
17
100
AcDbEntity
  8
ESCALERA-REGADERA-ZOCLO
100
AcDbText
 10
510.8142
 20
-110.34239999999986
 30
0.0
 40
0.13
  1
R1-fondo-7 (0.212x1.194): sale de la SOBRA DE PB-M-056 (tabla M-29, no abre pieza)
 72
1
 11
510.8142
 21
-110.34239999999986
 31
0.0
100
AcDbText
 73
2
  0
TEXT
  5
C15
330
17
100
AcDbEntity
  8
ESCALERA-REGADERA-ZOCLO
100
AcDbText
 10
510.8142
 20
-110.72239999999985
 30
0.0
 40
0.13
  1
R1-fondo-8 (0.212x0.306): sale de la SOBRA DE PA-M-019 (tabla M-16, no abre pieza)
 72
1
 11
510.8142
 21
-110.72239999999985
 31
0.0
100
AcDbText
 73
2
  0
TEXT
  5
C16
330
17
100
AcDbEntity
  8
ESCALERA-REGADERA-ZOCLO
100
AcDbText
 10
510.8142
 20
-111.10239999999985
 30
0.0
 40
0.13
  1
R1-lat-izq-5 (0.516x1.194): abre la tabla M-81
 72
1
 11
510.8142
 21
-111.10239999999985
 31
0.0
100
AcDbText
 73
2
  0
TEXT
  5
C17
330
17
100
AcDbEntity
  8
ESCALERA-REGADERA-ZOCLO
100
AcDbText
 10
510.8142
 20
-111.48239999999984
 30
0.0
 40
0.13
  1
R1-lat-der-5 (0.516x1.194): abre la tabla M-82
 72
1
 11
510.8142
 21
-111.48239999999984
 31
0.0
100
AcDbText
 73
2
  0
TEXT
  5
C18
330
17
100
AcDbEntity
  8
ESCALERA-REGADERA-ZOCLO
100
AcDbText
 10
510.8142
 20
-111.86239999999984
 30
0.0
 40
0.13
  1
R2-fondo-2 (0.306x0.596): abre la tabla M-28
 72
1
 11
510.8142
 21
-111.86239999999984
 31
0.0
100
AcDbText
 73
2
  0
TEXT
  5
C19
330
17
100
AcDbEntity
  8
ESCALERA-REGADERA-ZOCLO
100
AcDbText
 10
510.8142
 20
-112.24239999999983
 30
0.0
 40
0.13
  1
R2-fondo-4 (0.306x0.596): sale de la SOBRA DE R2-fondo-2 (tabla M-28, no abre pieza)
 72
1
 11
510.8142
 21
-112.24239999999983
 31
0.0
100
AcDbText
 73
2
  0
TEXT
  5
C1A
330
17
100
AcDbEntity
  8
ESCALERA-REGADERA-ZOCLO
100
AcDbText
 10
510.8142
 20
-112.62239999999983
 30
0.0
 40
0.13
  1
R2-fondo-6 (0.306x0.596): abre la tabla M-11
 72
1
 11
510.8142
 21
-112.62239999999983
 31
0.0
100
AcDbText
 73
2
  0
TEXT
  5
C1B
330
17
100
AcDbEntity
  8
ESCALERA-REGADERA-ZOCLO
100
AcDbText
 10
510.8142
 20
-113.00239999999982
 30
0.0
 40
0.13
  1
R2-fondo-7 (0.212x1.194): abre la tabla M-18
 72
1
 11
510.8142
 21
-113.00239999999982
 31
0.0
100
AcDbText
 73
2
  0
TEXT
  5
C1C
330
17
100
AcDbEntity
  8
ESCALERA-REGADERA-ZOCLO
100
AcDbText
 10
510.8142
 20
-113.38239999999982
 30
0.0
 40
0.13
  1
R2-fondo-8 (0.212x0.306): sale de la SOBRA DE R2-fondo-6 (tabla M-11, no abre pieza)
 72
1
 11
510.8142
 21
-113.38239999999982
 31
0.0
100
AcDbText
 73
2
  0
TEXT
  5
C1D
330
17
100
AcDbEntity
  8
ESCALERA-REGADERA-ZOCLO
100
AcDbText
 10
510.8142
 20
-113.76239999999981
 30
0.0
 40
0.13
  1
R2-lat-izq-5 (0.516x1.194): abre la tabla M-83
 72
1
 11
510.8142
 21
-113.76239999999981
 31
0.0
100
AcDbText
 73
2
  0
TEXT
  5
C1E
330
17
100
AcDbEntity
  8
ESCALERA-REGADERA-ZOCLO
100
AcDbText
 10
510.8142
 20
-114.14239999999981
 30
0.0
 40
0.13
  1
R2-lat-der-5 (0.516x1.194): abre la tabla M-84
 72
1
 11
510.8142
 21
-114.14239999999981
 31
0.0
100
AcDbText
 73
2
  0
TEXT
  5
C1F
330
17
100
AcDbEntity
  8
ESCALERA-REGADERA-ZOCLO
100
AcDbText
 10
510.8142
 20
-114.5223999999998
 30
0.0
 40
0.13
  1
(las piezas enteras de los muros se colocan completas, sin corte)
 72
1
 11
510.8142
 21
-114.5223999999998
 31
0.0
100
AcDbText
 73
2
  0
LWPOLYLINE
  5
C20
330
17
100
AcDbEntity
  8
ESCALERA-REGADERA-ZOCLO
100
AcDbPolyline
 90
4
 70
1
 10
510.8142
 20
-116.5963999999998
 10
511.41020000000003
 20
-116.5963999999998
 10
511.41020000000003
 20
-115.4023999999998
 10
510.8142
 20
-115.4023999999998
  0
LWPOLYLINE
  5
C21
330
17
100
AcDbEntity
  8
ESCALERA-REGADERA-ZOCLO
100
AcDbPolyline
 90
4
 70
1
 10
510.8142
 20
-116.5963999999998
 10
511.3342
 20
-116.5963999999998
 10
511.3342
 20
-116.0003999999998
 10
510.8142
 20
-116.0003999999998
  0
TEXT
  5
C22
330
17
100
AcDbEntity
  8
ESCALERA-REGADERA-ZOCLO
100
AcDbText
 10
511.0742
 20
-116.2983999999998
 30
0.0
 40
0.05
  1
PA-M-002
 50
90.0
 72
1
 11
511.0742
 21
-116.2983999999998
 31
0.0
100
AcDbText
 73
2
  0
LWPOLYLINE
  5
C23
330
17
100
AcDbEntity
  8
ESCALERA-REGADERA-ZOCLO
100
AcDbPolyline
 90
4
 70
1
 10
510.8142
 20
-116.0003999999998
 10
511.1202
 20
-116.0003999999998
 10
511.1202
 20
-115.4043999999998
 10
510.8142
 20
-115.4043999999998
  0
TEXT
  5
C24
330
17
100
AcDbEntity
  8
ESCALERA-REGADERA-ZOCLO
100
AcDbText
 10
510.96720000000005
 20
-115.7023999999998
 30
0.0
 40
0.05
  1
*R1-fondo-2
 50
90.0
 72
1
 11
510.96720000000005
 21
-115.7023999999998
 31
0.0
100
AcDbText
 73
2
  0
LWPOLYLINE
  5
C25
330
17
100
AcDbEntity
  8
ESCALERA-REGADERA-ZOCLO
100
AcDbPolyline
 90
4
 70
1
 10
511.3342
 20
-116.5963999999998
 10
511.41020000000003
 20
-116.5963999999998
 10
511.41020000000003
 20
-116.0003999999998
 10
511.3342
 20
-116.0003999999998
  0
TEXT
  5
C26
330
17
100
AcDbEntity
  8
ESCALERA-REGADERA-ZOCLO
100
AcDbText
 10
511.3722
 20
-116.2983999999998
 30
0.0
 40
0.03
  1
SOBRA 0.076x0.596 -> GUARDAR
 50
90.0
 72
1
 11
511.3722
 21
-116.2983999999998
 31
0.0
100
AcDbText
 73
2
  0
LWPOLYLINE
  5
C27
330
17
100
AcDbEntity
  8
ESCALERA-REGADERA-ZOCLO
100
AcDbPolyline
 90
4
 70
1
 10
511.1202
 20
-116.0003999999998
 10
511.41020000000003
 20
-116.0003999999998
 10
511.41020000000003
 20
-115.4023999999998
 10
511.1202
 20
-115.4023999999998
  0
TEXT
  5
C28
330
17
100
AcDbEntity
  8
ESCALERA-REGADERA-ZOCLO
100
AcDbText
 10
511.2652
 20
-115.7013999999998
 30
0.0
 40
0.03
  1
SOBRA 0.29x0.598 -> GUARDAR
 50
90.0
 72
1
 11
511.2652
 21
-115.7013999999998
 31
0.0
100
AcDbText
 73
2
  0
TEXT
  5
C29
330
17
100
AcDbEntity
  8
ESCALERA-REGADERA-ZOCLO
100
AcDbText
 10
511.11220000000003
 20
-115.3223999999998
 30
0.0
 40
0.055
  1
M-10
 72
1
 11
511.11220000000003
 21
-115.3223999999998
 31
0.0
100
AcDbText
 73
2
  0
LWPOLYLINE
  5
C2A
330
17
100
AcDbEntity
  8
ESCALERA-REGADERA-ZOCLO
100
AcDbPolyline
 90
4
 70
1
 10
511.76020000000005
 20
-116.5963999999998
 10
512.3562000000001
 20
-116.5963999999998
 10
512.3562000000001
 20
-115.4023999999998
 10
511.76020000000005
 20
-115.4023999999998
  0
LWPOLYLINE
  5
C2B
330
17
100
AcDbEntity
  8
ESCALERA-REGADERA-ZOCLO
100
AcDbPolyline
 90
4
 70
1
 10
511.76020000000005
 20
-116.5963999999998
 10
512.0662000000001
 20
-116.5963999999998
 10
512.0662000000001
 20
-116.0003999999998
 10
511.76020000000005
 20
-116.0003999999998
  0
TEXT
  5
C2C
330
17
100
AcDbEntity
  8
ESCALERA-REGADERA-ZOCLO
100
AcDbText
 10
511.9132000000001
 20
-116.2983999999998
 30
0.0
 40
0.05
  1
*R2-fondo-6
 50
90.0
 72
1
 11
511.9132000000001
 21
-116.2983999999998
 31
0.0
100
AcDbText
 73
2
  0
LWPOLYLINE
  5
C2D
330
17
100
AcDbEntity
  8
ESCALERA-REGADERA-ZOCLO
100
AcDbPolyline
 90
4
 70
1
 10
511.76020000000005
 20
-116.0003999999998
 10
512.0642
 20
-116.0003999999998
 10
512.0642
 20
-115.4043999999998
 10
511.76020000000005
 20
-115.4043999999998
  0
TEXT
  5
C2E
330
17
100
AcDbEntity
  8
ESCALERA-REGADERA-ZOCLO
100
AcDbText
 10
511.91220000000004
 20
-115.7023999999998
 30
0.0
 40
0.05
  1
PA-M-013
 50
90.0
 72
1
 11
511.91220000000004
 21
-115.7023999999998
 31
0.0
100
AcDbText
 73
2
  0
LWPOLYLINE
  5
C2F
330
17
100
AcDbEntity
  8
ESCALERA-REGADERA-ZOCLO
100
AcDbPolyline
 90
4
 70
1
 10
512.0662000000001
 20
-116.5963999999998
 10
512.2782000000001
 20
-116.5963999999998
 10
512.2782000000001
 20
-116.2903999999998
 10
512.0662000000001
 20
-116.2903999999998
  0
TEXT
  5
C30
330
17
100
AcDbEntity
  8
ESCALERA-REGADERA-ZOCLO
100
AcDbText
 10
512.1722000000001
 20
-116.4433999999998
 30
0.0
 40
0.05
  1
*R2-fondo-8
 50
90.0
 72
1
 11
512.1722000000001
 21
-116.4433999999998
 31
0.0
100
AcDbText
 73
2
  0
LWPOLYLINE
  5
C31
330
17
100
AcDbEntity
  8
ESCALERA-REGADERA-ZOCLO
100
AcDbPolyline
 90
4
 70
1
 10
512.0642
 20
-116.0003999999998
 10
512.3562000000001
 20
-116.0003999999998
 10
512.3562000000001
 20
-115.4023999999998
 10
512.0642
 20
-115.4023999999998
  0
TEXT
  5
C32
330
17
100
AcDbEntity
  8
ESCALERA-REGADERA-ZOCLO
100
AcDbText
 10
512.2102
 20
-115.7013999999998
 30
0.0
 40
0.03
  1
SOBRA 0.292x0.598 -> GUARDAR
 50
90.0
 72
1
 11
512.2102
 21
-115.7013999999998
 31
0.0
100
AcDbText
 73
2
  0
LWPOLYLINE
  5
C33
330
17
100
AcDbEntity
  8
ESCALERA-REGADERA-ZOCLO
100
AcDbPolyline
 90
4
 70
1
 10
512.0662000000001
 20
-116.2903999999998
 10
512.3562000000001
 20
-116.2903999999998
 10
512.3562000000001
 20
-116.0003999999998
 10
512.0662000000001
 20
-116.0003999999998
  0
TEXT
  5
C34
330
17
100
AcDbEntity
  8
ESCALERA-REGADERA-ZOCLO
100
AcDbText
 10
512.2112000000001
 20
-116.14539999999981
 30
0.0
 40
0.03
  1
SOBRA 0.29x0.29 -> GUARDAR
 72
1
 11
512.2112000000001
 21
-116.14539999999981
 31
0.0
100
AcDbText
 73
2
  0
LWPOLYLINE
  5
C35
330
17
100
AcDbEntity
  8
ESCALERA-REGADERA-ZOCLO
100
AcDbPolyline
 90
4
 70
1
 10
512.2782000000001
 20
-116.5963999999998
 10
512.3562000000001
 20
-116.5963999999998
 10
512.3562000000001
 20
-116.2903999999998
 10
512.2782000000001
 20
-116.2903999999998
  0
TEXT
  5
C36
330
17
100
AcDbEntity
  8
ESCALERA-REGADERA-ZOCLO
100
AcDbText
 10
512.3172000000001
 20
-116.4433999999998
 30
0.0
 40
0.03
  1
SOBRA 0.078x0.306 -> GUARDAR
 50
90.0
 72
1
 11
512.3172000000001
 21
-116.4433999999998
 31
0.0
100
AcDbText
 73
2
  0
TEXT
  5
C37
330
17
100
AcDbEntity
  8
ESCALERA-REGADERA-ZOCLO
100
AcDbText
 10
512.0582
 20
-115.3223999999998
 30
0.0
 40
0.055
  1
M-11
 72
1
 11
512.0582
 21
-115.3223999999998
 31
0.0
100
AcDbText
 73
2
  0
LWPOLYLINE
  5
C38
330
17
100
AcDbEntity
  8
ESCALERA-REGADERA-ZOCLO
100
AcDbPolyline
 90
4
 70
1
 10
512.7062000000001
 20
-116.5963999999998
 10
513.3022000000001
 20
-116.5963999999998
 10
513.3022000000001
 20
-115.4023999999998
 10
512.7062000000001
 20
-115.4023999999998
  0
LWPOLYLINE
  5
C39
330
17
100
AcDbEntity
  8
ESCALERA-REGADERA-ZOCLO
100
AcDbPolyline
 90
4
 70
1
 10
512.7062000000001
 20
-116.5963999999998
 10
512.9204000000001
 20
-116.5963999999998
 10
512.9204000000001
 20
-115.9087999999998
 10
512.7062000000001
 20
-115.9087999999998
  0
TEXT
  5
C3A
330
17
100
AcDbEntity
  8
ESCALERA-REGADERA-ZOCLO
100
AcDbText
 10
512.8133
 20
-116.2525999999998
 30
0.0
 40
0.05
  1
PA-M-019
 50
90.0
 72
1
 11
512.8133
 21
-116.2525999999998
 31
0.0
100
AcDbText
 73
2
  0
LWPOLYLINE
  5
C3B
330
17
100
AcDbEntity
  8
ESCALERA-REGADERA-ZOCLO
100
AcDbPolyline
 90
4
 70
1
 10
512.9204000000001
 20
-116.5963999999998
 10
513.2244000000001
 20
-116.5963999999998
 10
513.2244000000001
 20
-116.2483999999998
 10
512.9204000000001
 20
-116.2483999999998
  0
TEXT
  5
C3C
330
17
100
AcDbEntity
  8
ESCALERA-REGADERA-ZOCLO
100
AcDbText
 10
513.0724000000001
 20
-116.4223999999998
 30
0.0
 40
0.05
  1
PA-M-015
 50
90.0
 72
1
 11
513.0724000000001
 21
-116.4223999999998
 31
0.0
100
AcDbText
 73
2
  0
LWPOLYLINE
  5
C3D
330
17
100
AcDbEntity
  8
ESCALERA-REGADERA-ZOCLO
100
AcDbPolyline
 90
4
 70
1
 10
512.7062000000001
 20
-115.9087999999998
 10
512.9182000000001
 20
-115.9087999999998
 10
512.9182000000001
 20
-115.6027999999998
 10
512.7062000000001
 20
-115.6027999999998
  0
TEXT
  5
C3E
330
17
100
AcDbEntity
  8
ESCALERA-REGADERA-ZOCLO
100
AcDbText
 10
512.8122000000001
 20
-115.7557999999998
 30
0.0
 40
0.05
  1
*R1-fondo-8
 50
90.0
 72
1
 11
512.8122000000001
 21
-115.7557999999998
 31
0.0
100
AcDbText
 73
2
  0
LWPOLYLINE
  5
C3F
330
17
100
AcDbEntity
  8
ESCALERA-REGADERA-ZOCLO
100
AcDbPolyline
 90
4
 70
1
 10
512.9204000000001
 20
-116.2483999999998
 10
513.3022000000001
 20
-116.2483999999998
 10
513.3022000000001
 20
-115.4023999999998
 10
512.9204000000001
 20
-115.4023999999998
  0
TEXT
  5
C40
330
17
100
AcDbEntity
  8
ESCALERA-REGADERA-ZOCLO
100
AcDbText
 10
513.1113000000001
 20
-115.8253999999998
 30
0.0
 40
0.03
  1
SOBRA 0.382x0.846 -> GUARDAR
 50
90.0
 72
1
 11
513.1113000000001
 21
-115.8253999999998
 31
0.0
100
AcDbText
 73
2
  0
LWPOLYLINE
  5
C41
330
17
100
AcDbEntity
  8
ESCALERA-REGADERA-ZOCLO
100
AcDbPolyline
 90
4
 70
1
 10
513.2244000000001
 20
-116.5963999999998
 10
513.3022000000001
 20
-116.5963999999998
 10
513.3022000000001
 20
-116.2483999999998
 10
513.2244000000001
 20
-116.2483999999998
  0
TEXT
  5
C42
330
17
100
AcDbEntity
  8
ESCALERA-REGADERA-ZOCLO
100
AcDbText
 10
513.2633000000001
 20
-116.4223999999998
 30
0.0
 40
0.03
  1
SOBRA 0.078x0.348 -> GUARDAR
 50
90.0
 72
1
 11
513.2633000000001
 21
-116.4223999999998
 31
0.0
100
AcDbText
 73
2
  0
LWPOLYLINE
  5
C43
330
17
100
AcDbEntity
  8
ESCALERA-REGADERA-ZOCLO
100
AcDbPolyline
 90
4
 70
1
 10
512.7062000000001
 20
-115.6027999999998
 10
512.9204000000001
 20
-115.6027999999998
 10
512.9204000000001
 20
-115.4023999999998
 10
512.7062000000001
 20
-115.4023999999998
  0
TEXT
  5
C44
330
17
100
AcDbEntity
  8
ESCALERA-REGADERA-ZOCLO
100
AcDbText
 10
512.8133
 20
-115.5025999999998
 30
0.0
 40
0.03
  1
SOBRA 0.214x0.2 -> GUARDAR
 72
1
 11
512.8133
 21
-115.5025999999998
 31
0.0
100
AcDbText
 73
2
  0
TEXT
  5
C45
330
17
100
AcDbEntity
  8
ESCALERA-REGADERA-ZOCLO
100
AcDbText
 10
513.0042000000001
 20
-115.3223999999998
 30
0.0
 40
0.055
  1
M-16
 72
1
 11
513.0042000000001
 21
-115.3223999999998
 31
0.0
100
AcDbText
 73
2
  0
LWPOLYLINE
  5
C46
330
17
100
AcDbEntity
  8
ESCALERA-REGADERA-ZOCLO
100
AcDbPolyline
 90
4
 70
1
 10
513.6522
 20
-116.5963999999998
 10
514.2482
 20
-116.5963999999998
 10
514.2482
 20
-115.4023999999998
 10
513.6522
 20
-115.4023999999998
  0
LWPOLYLINE
  5
C47
330
17
100
AcDbEntity
  8
ESCALERA-REGADERA-ZOCLO
100
AcDbPolyline
 90
4
 70
1
 10
513.6522
 20
-116.5963999999998
 10
513.8642
 20
-116.5963999999998
 10
513.8642
 20
-115.4023999999998
 10
513.6522
 20
-115.4023999999998
  0
TEXT
  5
C48
330
17
100
AcDbEntity
  8
ESCALERA-REGADERA-ZOCLO
100
AcDbText
 10
513.7582
 20
-115.99939999999981
 30
0.0
 40
0.05
  1
*R2-fondo-7
 50
90.0
 72
1
 11
513.7582
 21
-115.99939999999981
 31
0.0
100
AcDbText
 73
2
  0
LWPOLYLINE
  5
C49
330
17
100
AcDbEntity
  8
ESCALERA-REGADERA-ZOCLO
100
AcDbPolyline
 90
4
 70
1
 10
513.8642
 20
-116.5963999999998
 10
514.0782
 20
-116.5963999999998
 10
514.0782
 20
-115.4763999999998
 10
513.8642
 20
-115.4763999999998
  0
TEXT
  5
C4A
330
17
100
AcDbEntity
  8
ESCALERA-REGADERA-ZOCLO
100
AcDbText
 10
513.9712
 20
-116.0363999999998
 30
0.0
 40
0.05
  1
PB-M-072
 50
90.0
 72
1
 11
513.9712
 21
-116.0363999999998
 31
0.0
100
AcDbText
 73
2
  0
LWPOLYLINE
  5
C4B
330
17
100
AcDbEntity
  8
ESCALERA-REGADERA-ZOCLO
100
AcDbPolyline
 90
4
 70
1
 10
514.0782
 20
-116.5963999999998
 10
514.1682000000001
 20
-116.5963999999998
 10
514.1682000000001
 20
-115.6963999999998
 10
514.0782
 20
-115.6963999999998
  0
TEXT
  5
C4C
330
17
100
AcDbEntity
  8
ESCALERA-REGADERA-ZOCLO
100
AcDbText
 10
514.1232
 20
-116.1463999999998
 30
0.0
 40
0.028
  1
PA-M-038
 50
90.0
 72
1
 11
514.1232
 21
-116.1463999999998
 31
0.0
100
AcDbText
 73
2
  0
LWPOLYLINE
  5
C4D
330
17
100
AcDbEntity
  8
ESCALERA-REGADERA-ZOCLO
100
AcDbPolyline
 90
4
 70
1
 10
513.8642
 20
-115.4763999999998
 10
514.0782
 20
-115.4763999999998
 10
514.0782
 20
-115.4023999999998
 10
513.8642
 20
-115.4023999999998
  0
TEXT
  5
C4E
330
17
100
AcDbEntity
  8
ESCALERA-REGADERA-ZOCLO
100
AcDbText
 10
513.9712
 20
-115.4393999999998
 30
0.0
 40
0.03
  1
SOBRA 0.214x0.074 -> GUARDAR
 72
1
 11
513.9712
 21
-115.4393999999998
 31
0.0
100
AcDbText
 73
2
  0
LWPOLYLINE
  5
C4F
330
17
100
AcDbEntity
  8
ESCALERA-REGADERA-ZOCLO
100
AcDbPolyline
 90
4
 70
1
 10
514.1682
 20
-116.5963999999998
 10
514.2482
 20
-116.5963999999998
 10
514.2482
 20
-115.4023999999998
 10
514.1682
 20
-115.4023999999998
  0
TEXT
  5
C50
330
17
100
AcDbEntity
  8
ESCALERA-REGADERA-ZOCLO
100
AcDbText
 10
514.2081999999999
 20
-115.99939999999981
 30
0.0
 40
0.03
  1
SOBRA 0.08x1.194 -> GUARDAR
 50
90.0
 72
1
 11
514.2081999999999
 21
-115.99939999999981
 31
0.0
100
AcDbText
 73
2
  0
LWPOLYLINE
  5
C51
330
17
100
AcDbEntity
  8
ESCALERA-REGADERA-ZOCLO
100
AcDbPolyline
 90
4
 70
1
 10
514.0782
 20
-115.6963999999998
 10
514.1682000000001
 20
-115.6963999999998
 10
514.1682000000001
 20
-115.4023999999998
 10
514.0782
 20
-115.4023999999998
  0
TEXT
  5
C52
330
17
100
AcDbEntity
  8
ESCALERA-REGADERA-ZOCLO
100
AcDbText
 10
514.1232
 20
-115.54939999999979
 30
0.0
 40
0.03
  1
SOBRA 0.09x0.294 -> GUARDAR
 50
90.0
 72
1
 11
514.1232
 21
-115.54939999999979
 31
0.0
100
AcDbText
 73
2
  0
TEXT
  5
C53
330
17
100
AcDbEntity
  8
ESCALERA-REGADERA-ZOCLO
100
AcDbText
 10
513.9502
 20
-115.3223999999998
 30
0.0
 40
0.055
  1
M-18
 72
1
 11
513.9502
 21
-115.3223999999998
 31
0.0
100
AcDbText
 73
2
  0
LWPOLYLINE
  5
C54
330
17
100
AcDbEntity
  8
ESCALERA-REGADERA-ZOCLO
100
AcDbPolyline
 90
4
 70
1
 10
514.5982
 20
-116.5963999999998
 10
515.1942
 20
-116.5963999999998
 10
515.1942
 20
-115.4023999999998
 10
514.5982
 20
-115.4023999999998
  0
LWPOLYLINE
  5
C55
330
17
100
AcDbEntity
  8
ESCALERA-REGADERA-ZOCLO
100
AcDbPolyline
 90
4
 70
1
 10
514.5982
 20
-116.5963999999998
 10
514.9042000000001
 20
-116.5963999999998
 10
514.9042000000001
 20
-116.0003999999998
 10
514.5982
 20
-116.0003999999998
  0
TEXT
  5
C56
330
17
100
AcDbEntity
  8
ESCALERA-REGADERA-ZOCLO
100
AcDbText
 10
514.7512
 20
-116.2983999999998
 30
0.0
 40
0.05
  1
*R2-fondo-2
 50
90.0
 72
1
 11
514.7512
 21
-116.2983999999998
 31
0.0
100
AcDbText
 73
2
  0
LWPOLYLINE
  5
C57
330
17
100
AcDbEntity
  8
ESCALERA-REGADERA-ZOCLO
100
AcDbPolyline
 90
4
 70
1
 10
514.5982
 20
-116.0003999999998
 10
514.9042000000001
 20
-116.0003999999998
 10
514.9042000000001
 20
-115.4043999999998
 10
514.5982
 20
-115.4043999999998
  0
TEXT
  5
C58
330
17
100
AcDbEntity
  8
ESCALERA-REGADERA-ZOCLO
100
AcDbText
 10
514.7512
 20
-115.7023999999998
 30
0.0
 40
0.05
  1
*R2-fondo-4
 50
90.0
 72
1
 11
514.7512
 21
-115.7023999999998
 31
0.0
100
AcDbText
 73
2
  0
LWPOLYLINE
  5
C59
330
17
100
AcDbEntity
  8
ESCALERA-REGADERA-ZOCLO
100
AcDbPolyline
 90
4
 70
1
 10
514.9042000000001
 20
-116.5963999999998
 10
515.1782000000001
 20
-116.5963999999998
 10
515.1782000000001
 20
-116.15739999999981
 10
514.9042000000001
 20
-116.15739999999981
  0
TEXT
  5
C5A
330
17
100
AcDbEntity
  8
ESCALERA-REGADERA-ZOCLO
100
AcDbText
 10
515.0412
 20
-116.37689999999981
 30
0.0
 40
0.05
  1
PB-M-119
 50
90.0
 72
1
 11
515.0412
 21
-116.37689999999981
 31
0.0
100
AcDbText
 73
2
  0
LWPOLYLINE
  5
C5B
330
17
100
AcDbEntity
  8
ESCALERA-REGADERA-ZOCLO
100
AcDbPolyline
 90
4
 70
1
 10
514.9042000000001
 20
-116.0003999999998
 10
515.1942
 20
-116.0003999999998
 10
515.1942
 20
-115.4023999999998
 10
514.9042000000001
 20
-115.4023999999998
  0
TEXT
  5
C5C
330
17
100
AcDbEntity
  8
ESCALERA-REGADERA-ZOCLO
100
AcDbText
 10
515.0492
 20
-115.7013999999998
 30
0.0
 40
0.03
  1
SOBRA 0.29x0.598 -> GUARDAR
 50
90.0
 72
1
 11
515.0492
 21
-115.7013999999998
 31
0.0
100
AcDbText
 73
2
  0
LWPOLYLINE
  5
C5D
330
17
100
AcDbEntity
  8
ESCALERA-REGADERA-ZOCLO
100
AcDbPolyline
 90
4
 70
1
 10
514.9042000000001
 20
-116.15739999999981
 10
515.1942
 20
-116.15739999999981
 10
515.1942
 20
-116.00039999999981
 10
514.9042000000001
 20
-116.00039999999981
  0
TEXT
  5
C5E
330
17
100
AcDbEntity
  8
ESCALERA-REGADERA-ZOCLO
100
AcDbText
 10
515.0492
 20
-116.0788999999998
 30
0.0
 40
0.03
  1
SOBRA 0.29x0.157 -> GUARDAR
 72
1
 11
515.0492
 21
-116.0788999999998
 31
0.0
100
AcDbText
 73
2
  0
TEXT
  5
C5F
330
17
100
AcDbEntity
  8
ESCALERA-REGADERA-ZOCLO
100
AcDbText
 10
514.8962
 20
-115.3223999999998
 30
0.0
 40
0.055
  1
M-28
 72
1
 11
514.8962
 21
-115.3223999999998
 31
0.0
100
AcDbText
 73
2
  0
LWPOLYLINE
  5
C60
330
17
100
AcDbEntity
  8
ESCALERA-REGADERA-ZOCLO
100
AcDbPolyline
 90
4
 70
1
 10
515.5442
 20
-116.5963999999998
 10
516.1402
 20
-116.5963999999998
 10
516.1402
 20
-115.4023999999998
 10
515.5442
 20
-115.4023999999998
  0
LWPOLYLINE
  5
C61
330
17
100
AcDbEntity
  8
ESCALERA-REGADERA-ZOCLO
100
AcDbPolyline
 90
4
 70
1
 10
515.5442
 20
-116.5963999999998
 10
515.7582000000001
 20
-116.5963999999998
 10
515.7582000000001
 20
-115.4023999999998
 10
515.5442
 20
-115.4023999999998
  0
TEXT
  5
C62
330
17
100
AcDbEntity
  8
ESCALERA-REGADERA-ZOCLO
100
AcDbText
 10
515.6512
 20
-115.99939999999981
 30
0.0
 40
0.05
  1
PB-M-056
 50
90.0
 72
1
 11
515.6512
 21
-115.99939999999981
 31
0.0
100
AcDbText
 73
2
  0
LWPOLYLINE
  5
C63
330
17
100
AcDbEntity
  8
ESCALERA-REGADERA-ZOCLO
100
AcDbPolyline
 90
4
 70
1
 10
515.7582000000001
 20
-116.5963999999998
 10
515.9702000000001
 20
-116.5963999999998
 10
515.9702000000001
 20
-115.4023999999998
 10
515.7582000000001
 20
-115.4023999999998
  0
TEXT
  5
C64
330
17
100
AcDbEntity
  8
ESCALERA-REGADERA-ZOCLO
100
AcDbText
 10
515.8642000000001
 20
-115.99939999999981
 30
0.0
 40
0.05
  1
*R1-fondo-7
 50
90.0
 72
1
 11
515.8642000000001
 21
-115.99939999999981
 31
0.0
100
AcDbText
 73
2
  0
LWPOLYLINE
  5
C65
330
17
100
AcDbEntity
  8
ESCALERA-REGADERA-ZOCLO
100
AcDbPolyline
 90
4
 70
1
 10
515.9702000000001
 20
-116.5963999999998
 10
516.1062000000001
 20
-116.5963999999998
 10
516.1062000000001
 20
-115.4023999999998
 10
515.9702000000001
 20
-115.4023999999998
  0
TEXT
  5
C66
330
17
100
AcDbEntity
  8
ESCALERA-REGADERA-ZOCLO
100
AcDbText
 10
516.0382000000001
 20
-115.99939999999981
 30
0.0
 40
0.03808000000000001
  1
PB-M-099
 50
90.0
 72
1
 11
516.0382000000001
 21
-115.99939999999981
 31
0.0
100
AcDbText
 73
2
  0
LWPOLYLINE
  5
C67
330
17
100
AcDbEntity
  8
ESCALERA-REGADERA-ZOCLO
100
AcDbPolyline
 90
4
 70
1
 10
516.1062000000001
 20
-116.5963999999998
 10
516.1402
 20
-116.5963999999998
 10
516.1402
 20
-115.4023999999998
 10
516.1062000000001
 20
-115.4023999999998
  0
TEXT
  5
C68
330
17
100
AcDbEntity
  8
ESCALERA-REGADERA-ZOCLO
100
AcDbText
 10
516.1232000000001
 20
-115.99939999999981
 30
0.0
 40
0.03
  1
SOBRA 0.034x1.194 -> GUARDAR
 50
90.0
 72
1
 11
516.1232000000001
 21
-115.99939999999981
 31
0.0
100
AcDbText
 73
2
  0
TEXT
  5
C69
330
17
100
AcDbEntity
  8
ESCALERA-REGADERA-ZOCLO
100
AcDbText
 10
515.8422
 20
-115.3223999999998
 30
0.0
 40
0.055
  1
M-29
 72
1
 11
515.8422
 21
-115.3223999999998
 31
0.0
100
AcDbText
 73
2
  0
LWPOLYLINE
  5
C6A
330
17
100
AcDbEntity
  8
ESCALERA-REGADERA-ZOCLO
100
AcDbPolyline
 90
4
 70
1
 10
510.8142
 20
-118.4403999999998
 10
511.41020000000003
 20
-118.4403999999998
 10
511.41020000000003
 20
-117.2463999999998
 10
510.8142
 20
-117.2463999999998
  0
LWPOLYLINE
  5
C6B
330
17
100
AcDbEntity
  8
ESCALERA-REGADERA-ZOCLO
100
AcDbPolyline
 90
4
 70
1
 10
510.8142
 20
-118.4403999999998
 10
511.33020000000005
 20
-118.4403999999998
 10
511.33020000000005
 20
-117.2463999999998
 10
510.8142
 20
-117.2463999999998
  0
TEXT
  5
C6C
330
17
100
AcDbEntity
  8
ESCALERA-REGADERA-ZOCLO
100
AcDbText
 10
511.0722
 20
-117.8433999999998
 30
0.0
 40
0.05
  1
*R1-lat-izq-5
 50
90.0
 72
1
 11
511.0722
 21
-117.8433999999998
 31
0.0
100
AcDbText
 73
2
  0
LWPOLYLINE
  5
C6D
330
17
100
AcDbEntity
  8
ESCALERA-REGADERA-ZOCLO
100
AcDbPolyline
 90
4
 70
1
 10
511.33020000000005
 20
-118.4403999999998
 10
511.41020000000003
 20
-118.4403999999998
 10
511.41020000000003
 20
-117.2463999999998
 10
511.33020000000005
 20
-117.2463999999998
  0
TEXT
  5
C6E
330
17
100
AcDbEntity
  8
ESCALERA-REGADERA-ZOCLO
100
AcDbText
 10
511.37020000000007
 20
-117.8433999999998
 30
0.0
 40
0.03
  1
SOBRA 0.08x1.194 -> GUARDAR
 50
90.0
 72
1
 11
511.37020000000007
 21
-117.8433999999998
 31
0.0
100
AcDbText
 73
2
  0
TEXT
  5
C6F
330
17
100
AcDbEntity
  8
ESCALERA-REGADERA-ZOCLO
100
AcDbText
 10
511.11220000000003
 20
-117.1663999999998
 30
0.0
 40
0.055
  1
M-81
 72
1
 11
511.11220000000003
 21
-117.1663999999998
 31
0.0
100
AcDbText
 73
2
  0
LWPOLYLINE
  5
C70
330
17
100
AcDbEntity
  8
ESCALERA-REGADERA-ZOCLO
100
AcDbPolyline
 90
4
 70
1
 10
511.76020000000005
 20
-118.4403999999998
 10
512.3562000000001
 20
-118.4403999999998
 10
512.3562000000001
 20
-117.2463999999998
 10
511.76020000000005
 20
-117.2463999999998
  0
LWPOLYLINE
  5
C71
330
17
100
AcDbEntity
  8
ESCALERA-REGADERA-ZOCLO
100
AcDbPolyline
 90
4
 70
1
 10
511.76020000000005
 20
-118.4403999999998
 10
512.2762
 20
-118.4403999999998
 10
512.2762
 20
-117.2463999999998
 10
511.76020000000005
 20
-117.2463999999998
  0
TEXT
  5
C72
330
17
100
AcDbEntity
  8
ESCALERA-REGADERA-ZOCLO
100
AcDbText
 10
512.0182000000001
 20
-117.8433999999998
 30
0.0
 40
0.05
  1
*R1-lat-der-5
 50
90.0
 72
1
 11
512.0182000000001
 21
-117.8433999999998
 31
0.0
100
AcDbText
 73
2
  0
LWPOLYLINE
  5
C73
330
17
100
AcDbEntity
  8
ESCALERA-REGADERA-ZOCLO
100
AcDbPolyline
 90
4
 70
1
 10
512.2762
 20
-118.4403999999998
 10
512.3562000000001
 20
-118.4403999999998
 10
512.3562000000001
 20
-117.2463999999998
 10
512.2762
 20
-117.2463999999998
  0
TEXT
  5
C74
330
17
100
AcDbEntity
  8
ESCALERA-REGADERA-ZOCLO
100
AcDbText
 10
512.3162
 20
-117.8433999999998
 30
0.0
 40
0.03
  1
SOBRA 0.08x1.194 -> GUARDAR
 50
90.0
 72
1
 11
512.3162
 21
-117.8433999999998
 31
0.0
100
AcDbText
 73
2
  0
TEXT
  5
C75
330
17
100
AcDbEntity
  8
ESCALERA-REGADERA-ZOCLO
100
AcDbText
 10
512.0582
 20
-117.1663999999998
 30
0.0
 40
0.055
  1
M-82
 72
1
 11
512.0582
 21
-117.1663999999998
 31
0.0
100
AcDbText
 73
2
  0
LWPOLYLINE
  5
C76
330
17
100
AcDbEntity
  8
ESCALERA-REGADERA-ZOCLO
100
AcDbPolyline
 90
4
 70
1
 10
512.7062000000001
 20
-118.4403999999998
 10
513.3022000000001
 20
-118.4403999999998
 10
513.3022000000001
 20
-117.2463999999998
 10
512.7062000000001
 20
-117.2463999999998
  0
LWPOLYLINE
  5
C77
330
17
100
AcDbEntity
  8
ESCALERA-REGADERA-ZOCLO
100
AcDbPolyline
 90
4
 70
1
 10
512.7062000000001
 20
-118.4403999999998
 10
513.2222
 20
-118.4403999999998
 10
513.2222
 20
-117.2463999999998
 10
512.7062000000001
 20
-117.2463999999998
  0
TEXT
  5
C78
330
17
100
AcDbEntity
  8
ESCALERA-REGADERA-ZOCLO
100
AcDbText
 10
512.9642000000001
 20
-117.8433999999998
 30
0.0
 40
0.05
  1
*R2-lat-izq-5
 50
90.0
 72
1
 11
512.9642000000001
 21
-117.8433999999998
 31
0.0
100
AcDbText
 73
2
  0
LWPOLYLINE
  5
C79
330
17
100
AcDbEntity
  8
ESCALERA-REGADERA-ZOCLO
100
AcDbPolyline
 90
4
 70
1
 10
513.2222
 20
-118.4403999999998
 10
513.3022000000001
 20
-118.4403999999998
 10
513.3022000000001
 20
-117.2463999999998
 10
513.2222
 20
-117.2463999999998
  0
TEXT
  5
C7A
330
17
100
AcDbEntity
  8
ESCALERA-REGADERA-ZOCLO
100
AcDbText
 10
513.2622
 20
-117.8433999999998
 30
0.0
 40
0.03
  1
SOBRA 0.08x1.194 -> GUARDAR
 50
90.0
 72
1
 11
513.2622
 21
-117.8433999999998
 31
0.0
100
AcDbText
 73
2
  0
TEXT
  5
C7B
330
17
100
AcDbEntity
  8
ESCALERA-REGADERA-ZOCLO
100
AcDbText
 10
513.0042000000001
 20
-117.1663999999998
 30
0.0
 40
0.055
  1
M-83
 72
1
 11
513.0042000000001
 21
-117.1663999999998
 31
0.0
100
AcDbText
 73
2
  0
LWPOLYLINE
  5
C7C
330
17
100
AcDbEntity
  8
ESCALERA-REGADERA-ZOCLO
100
AcDbPolyline
 90
4
 70
1
 10
513.6522
 20
-118.4403999999998
 10
514.2482
 20
-118.4403999999998
 10
514.2482
 20
-117.2463999999998
 10
513.6522
 20
-117.2463999999998
  0
LWPOLYLINE
  5
C7D
330
17
100
AcDbEntity
  8
ESCALERA-REGADERA-ZOCLO
100
AcDbPolyline
 90
4
 70
1
 10
513.6522
 20
-118.4403999999998
 10
514.1682
 20
-118.4403999999998
 10
514.1682
 20
-117.2463999999998
 10
513.6522
 20
-117.2463999999998
  0
TEXT
  5
C7E
330
17
100
AcDbEntity
  8
ESCALERA-REGADERA-ZOCLO
100
AcDbText
 10
513.9102
 20
-117.8433999999998
 30
0.0
 40
0.05
  1
*R2-lat-der-5
 50
90.0
 72
1
 11
513.9102
 21
-117.8433999999998
 31
0.0
100
AcDbText
 73
2
  0
LWPOLYLINE
  5
C7F
330
17
100
AcDbEntity
  8
ESCALERA-REGADERA-ZOCLO
100
AcDbPolyline
 90
4
 70
1
 10
514.1682
 20
-118.4403999999998
 10
514.2482
 20
-118.4403999999998
 10
514.2482
 20
-117.2463999999998
 10
514.1682
 20
-117.2463999999998
  0
TEXT
  5
C80
330
17
100
AcDbEntity
  8
ESCALERA-REGADERA-ZOCLO
100
AcDbText
 10
514.2081999999999
 20
-117.8433999999998
 30
0.0
 40
0.03
  1
SOBRA 0.08x1.194 -> GUARDAR
 50
90.0
 72
1
 11
514.2081999999999
 21
-117.8433999999998
 31
0.0
100
AcDbText
 73
2
  0
TEXT
  5
C81
330
17
100
AcDbEntity
  8
ESCALERA-REGADERA-ZOCLO
100
AcDbText
 10
513.9502
 20
-117.1663999999998
 30
0.0
 40
0.055
  1
M-84
 72
1
 11
513.9502
 21
-117.1663999999998
 31
0.0
100
AcDbText
 73
2
  0
LWPOLYLINE
  5
C82
330
17
100
AcDbEntity
  8
ESCALERA-REGADERA-ZOCLO
100
AcDbPolyline
 90
4
 70
1
 10
514.5982
 20
-118.4403999999998
 10
515.1942
 20
-118.4403999999998
 10
515.1942
 20
-117.2463999999998
 10
514.5982
 20
-117.2463999999998
  0
LWPOLYLINE
  5
C83
330
17
100
AcDbEntity
  8
ESCALERA-REGADERA-ZOCLO
100
AcDbPolyline
 90
4
 70
1
 10
514.5982
 20
-118.4403999999998
 10
514.7732
 20
-118.4403999999998
 10
514.7732
 20
-117.29039999999979
 10
514.5982
 20
-117.29039999999979
  0
TEXT
  5
C84
330
17
100
AcDbEntity
  8
ESCALERA-REGADERA-ZOCLO
100
AcDbText
 10
514.6857
 20
-117.8653999999998
 30
0.0
 40
0.049
  1
P14
 50
90.0
 72
1
 11
514.6857
 21
-117.8653999999998
 31
0.0
100
AcDbText
 73
2
  0
LWPOLYLINE
  5
C85
330
17
100
AcDbEntity
  8
ESCALERA-REGADERA-ZOCLO
100
AcDbPolyline
 90
4
 70
1
 10
514.7732
 20
-118.4403999999998
 10
515.0792
 20
-118.4403999999998
 10
515.0792
 20
-117.8443999999998
 10
514.7732
 20
-117.8443999999998
  0
TEXT
  5
C86
330
17
100
AcDbEntity
  8
ESCALERA-REGADERA-ZOCLO
100
AcDbText
 10
514.9262
 20
-118.1423999999998
 30
0.0
 40
0.05
  1
*R1-fondo-4
 50
90.0
 72
1
 11
514.9262
 21
-118.1423999999998
 31
0.0
100
AcDbText
 73
2
  0
LWPOLYLINE
  5
C87
330
17
100
AcDbEntity
  8
ESCALERA-REGADERA-ZOCLO
100
AcDbPolyline
 90
4
 70
1
 10
514.7732
 20
-117.8443999999998
 10
515.0792
 20
-117.8443999999998
 10
515.0792
 20
-117.24839999999979
 10
514.7732
 20
-117.24839999999979
  0
TEXT
  5
C88
330
17
100
AcDbEntity
  8
ESCALERA-REGADERA-ZOCLO
100
AcDbText
 10
514.9262
 20
-117.54639999999979
 30
0.0
 40
0.05
  1
*R1-fondo-6
 50
90.0
 72
1
 11
514.9262
 21
-117.54639999999979
 31
0.0
100
AcDbText
 73
2
  0
LWPOLYLINE
  5
C89
330
17
100
AcDbEntity
  8
ESCALERA-REGADERA-ZOCLO
100
AcDbPolyline
 90
4
 70
1
 10
514.5982
 20
-117.29039999999979
 10
514.7732
 20
-117.29039999999979
 10
514.7732
 20
-117.2463999999998
 10
514.5982
 20
-117.2463999999998
  0
TEXT
  5
C8A
330
17
100
AcDbEntity
  8
ESCALERA-REGADERA-ZOCLO
100
AcDbText
 10
514.6857
 20
-117.26839999999979
 30
0.0
 40
0.03
  1
SOBRA 0.175x0.044 -> GUARDAR
 72
1
 11
514.6857
 21
-117.26839999999979
 31
0.0
100
AcDbText
 73
2
  0
LWPOLYLINE
  5
C8B
330
17
100
AcDbEntity
  8
ESCALERA-REGADERA-ZOCLO
100
AcDbPolyline
 90
4
 70
1
 10
515.0792
 20
-118.4403999999998
 10
515.1942
 20
-118.4403999999998
 10
515.1942
 20
-117.8443999999998
 10
515.0792
 20
-117.8443999999998
  0
TEXT
  5
C8C
330
17
100
AcDbEntity
  8
ESCALERA-REGADERA-ZOCLO
100
AcDbText
 10
515.1367
 20
-118.1423999999998
 30
0.0
 40
0.03
  1
SOBRA 0.115x0.596 -> GUARDAR
 50
90.0
 72
1
 11
515.1367
 21
-118.1423999999998
 31
0.0
100
AcDbText
 73
2
  0
LWPOLYLINE
  5
C8D
330
17
100
AcDbEntity
  8
ESCALERA-REGADERA-ZOCLO
100
AcDbPolyline
 90
4
 70
1
 10
515.0792
 20
-117.8443999999998
 10
515.1942
 20
-117.8443999999998
 10
515.1942
 20
-117.2463999999998
 10
515.0792
 20
-117.2463999999998
  0
TEXT
  5
C8E
330
17
100
AcDbEntity
  8
ESCALERA-REGADERA-ZOCLO
100
AcDbText
 10
515.1367
 20
-117.54539999999979
 30
0.0
 40
0.03
  1
SOBRA 0.115x0.598 -> GUARDAR
 50
90.0
 72
1
 11
515.1367
 21
-117.54539999999979
 31
0.0
100
AcDbText
 73
2
  0
TEXT
  5
C8F
330
17
100
AcDbEntity
  8
ESCALERA-REGADERA-ZOCLO
100
AcDbText
 10
514.8962
 20
-117.1663999999998
 30
0.0
 40
0.055
  1
M-95
 72
1
 11
514.8962
 21
-117.1663999999998
 31
0.0
100
AcDbText
 73
2
  0
TEXT
  5
C90
330
17
100
AcDbEntity
  8
ESCALERA-REGADERA-ZOCLO
100
AcDbText
 10
510.8142
 20
-119.79039999999979
 30
0.0
 40
0.18
  1
4) ZOCLO MORET - tiras de 0.149 x 1.194 (4 x 0.149 = 0.596: 4 tiras EXACTAS por pieza; cortadora de diamante, corte sin merma)
 72
1
 11
510.8142
 21
-119.79039999999979
 31
0.0
100
AcDbText
 73
2
  0
TEXT
  5
C91
330
17
100
AcDbEntity
  8
ESCALERA-REGADERA-ZOCLO
100
AcDbText
 10
510.8142
 20
-120.29039999999979
 30
0.0
 40
0.13
  1
77.69 ml de zoclo -> 66 tiras -> 17 piezas destinadas a zoclo
 72
1
 11
510.8142
 21
-120.29039999999979
 31
0.0
100
AcDbText
 73
2
  0
LWPOLYLINE
  5
C92
330
17
100
AcDbEntity
  8
ESCALERA-REGADERA-ZOCLO
100
AcDbPolyline
 90
4
 70
1
 10
510.8142
 20
-122.0643999999998
 10
511.41020000000003
 20
-122.0643999999998
 10
511.41020000000003
 20
-120.87039999999979
 10
510.8142
 20
-120.87039999999979
  0
LWPOLYLINE
  5
C93
330
17
100
AcDbEntity
  8
ESCALERA-REGADERA-ZOCLO
100
AcDbPolyline
 90
4
 70
1
 10
510.8142
 20
-122.0643999999998
 10
510.96320000000003
 20
-122.0643999999998
 10
510.96320000000003
 20
-120.87039999999979
 10
510.8142
 20
-120.87039999999979
  0
TEXT
  5
C94
330
17
100
AcDbEntity
  8
ESCALERA-REGADERA-ZOCLO
100
AcDbText
 10
510.88870000000003
 20
-121.46739999999978
 30
0.0
 40
0.045
  1
Z1 (0.149)
 50
90.0
 72
1
 11
510.88870000000003
 21
-121.46739999999978
 31
0.0
100
AcDbText
 73
2
  0
LWPOLYLINE
  5
C95
330
17
100
AcDbEntity
  8
ESCALERA-REGADERA-ZOCLO
100
AcDbPolyline
 90
4
 70
1
 10
510.96320000000003
 20
-122.0643999999998
 10
511.11220000000003
 20
-122.0643999999998
 10
511.11220000000003
 20
-120.87039999999979
 10
510.96320000000003
 20
-120.87039999999979
  0
TEXT
  5
C96
330
17
100
AcDbEntity
  8
ESCALERA-REGADERA-ZOCLO
100
AcDbText
 10
511.03770000000003
 20
-121.46739999999978
 30
0.0
 40
0.045
  1
Z2 (0.149)
 50
90.0
 72
1
 11
511.03770000000003
 21
-121.46739999999978
 31
0.0
100
AcDbText
 73
2
  0
LWPOLYLINE
  5
C97
330
17
100
AcDbEntity
  8
ESCALERA-REGADERA-ZOCLO
100
AcDbPolyline
 90
4
 70
1
 10
511.11220000000003
 20
-122.0643999999998
 10
511.26120000000003
 20
-122.0643999999998
 10
511.26120000000003
 20
-120.87039999999979
 10
511.11220000000003
 20
-120.87039999999979
  0
TEXT
  5
C98
330
17
100
AcDbEntity
  8
ESCALERA-REGADERA-ZOCLO
100
AcDbText
 10
511.18670000000003
 20
-121.46739999999978
 30
0.0
 40
0.045
  1
Z3 (0.149)
 50
90.0
 72
1
 11
511.18670000000003
 21
-121.46739999999978
 31
0.0
100
AcDbText
 73
2
  0
LWPOLYLINE
  5
C99
330
17
100
AcDbEntity
  8
ESCALERA-REGADERA-ZOCLO
100
AcDbPolyline
 90
4
 70
1
 10
511.26120000000003
 20
-122.0643999999998
 10
511.41020000000003
 20
-122.0643999999998
 10
511.41020000000003
 20
-120.87039999999979
 10
511.26120000000003
 20
-120.87039999999979
  0
TEXT
  5
C9A
330
17
100
AcDbEntity
  8
ESCALERA-REGADERA-ZOCLO
100
AcDbText
 10
511.33570000000003
 20
-121.46739999999978
 30
0.0
 40
0.045
  1
Z4 (0.149)
 50
90.0
 72
1
 11
511.33570000000003
 21
-121.46739999999978
 31
0.0
100
AcDbText
 73
2
  0
ENDSEC
  0
SECTION
  2
OBJECTS
  0
DICTIONARY
  5
A
330
0
100
AcDbDictionary
281
1
  3
ACAD_COLOR
350
B
  3
ACAD_GROUP
350
C
  3
ACAD_LAYOUT
350
D
  3
ACAD_MATERIAL
350
E
  3
ACAD_MLEADERSTYLE
350
F
  3
ACAD_MLINESTYLE
350
10
  3
ACAD_PLOTSETTINGS
350
11
  3
ACAD_PLOTSTYLENAME
350
12
  3
ACAD_SCALELIST
350
14
  3
ACAD_TABLESTYLE
350
15
  3
ACAD_VISUALSTYLE
350
16
  3
EZDXF_META
350
2D
  0
DICTIONARY
  5
B
330
A
100
AcDbDictionary
281
1
  0
DICTIONARY
  5
C
330
A
100
AcDbDictionary
281
1
  0
DICTIONARY
  5
D
330
A
100
AcDbDictionary
281
1
  3
Model
350
1A
  3
Layout1
350
1E
  0
DICTIONARY
  5
E
330
A
100
AcDbDictionary
281
1
  3
ByBlock
350
1F
  3
ByLayer
350
20
  3
Global
350
21
  0
DICTIONARY
  5
F
330
A
100
AcDbDictionary
281
1
  3
Standard
350
2C
  0
DICTIONARY
  5
10
330
A
100
AcDbDictionary
281
1
  3
Standard
350
22
  0
DICTIONARY
  5
11
330
A
100
AcDbDictionary
281
1
  0
ACDBDICTIONARYWDFLT
  5
12
330
A
100
AcDbDictionary
281
1
  3
Normal
350
13
100
AcDbDictionaryWithDefault
340
13
  0
ACDBPLACEHOLDER
  5
13
330
12
  0
DICTIONARY
  5
14
330
A
100
AcDbDictionary
281
1
  0
DICTIONARY
  5
15
330
A
100
AcDbDictionary
281
1
  0
DICTIONARY
  5
16
330
A
100
AcDbDictionary
281
1
  3
2dWireframe
350
5A
  3
Basic
350
5B
  3
Brighten
350
5C
  3
ColorChange
350
5D
  3
Conceptual
350
5E
  3
Dim
350
5F
  3
EdgeColorOff
350
60
  3
Facepattern
350
61
  3
Flat
350
62
  3
FlatWithEdges
350
63
  3
Gouraud
350
64
  3
GouraudWithEdges
350
65
  3
Hidden
350
66
  3
JitterOff
350
67
  3
Linepattern
350
68
  3
Modeling
350
69
  3
OverhangOff
350
6A
  3
Realistic
350
6B
  3
Shaded
350
6C
  3
Shaded with edges
350
6D
  3
Shades of Gray
350
6E
  3
Sketchy
350
6F
  3
Thicken
350
70
  3
Wireframe
350
71
  3
X-Ray
350
72
  0
LAYOUT
  5
1A
330
D
100
AcDbPlotSettings
  1

  4
A3
  6

 40
7.5
 41
20.0
 42
7.5
 43
20.0
 44
420.0
 45
297.0
 46
0.0
 47
0.0
 48
0.0
 49
0.0
140
0.0
141
0.0
142
1.0
143
1.0
 70
1024
 72
1
 73
0
 74
5
  7

 75
16
 76
0
 77
2
 78
300
147
1.0
148
0.0
149
0.0
100
AcDbLayout
  1
Model
 70
1
 71
0
 10
0.0
 20
0.0
 11
420.0
 21
297.0
 12
0.0
 22
0.0
 32
0.0
 14
1e+20
 24
1e+20
 34
1e+20
 15
-1e+20
 25
-1e+20
 35
-1e+20
146
0.0
 13
0.0
 23
0.0
 33
0.0
 16
1.0
 26
0.0
 36
0.0
 17
0.0
 27
1.0
 37
0.0
 76
1
330
17
  0
LAYOUT
  5
1E
330
D
100
AcDbPlotSettings
  1

  4
A3
  6

 40
7.5
 41
20.0
 42
7.5
 43
20.0
 44
420.0
 45
297.0
 46
0.0
 47
0.0
 48
0.0
 49
0.0
140
0.0
141
0.0
142
1.0
143
1.0
 70
0
 72
1
 73
0
 74
5
  7

 75
16
 76
0
 77
2
 78
300
147
1.0
148
0.0
149
0.0
100
AcDbLayout
  1
Layout1
 70
1
 71
1
 10
0.0
 20
0.0
 11
420.0
 21
297.0
 12
0.0
 22
0.0
 32
0.0
 14
1e+20
 24
1e+20
 34
1e+20
 15
-1e+20
 25
-1e+20
 35
-1e+20
146
0.0
 13
0.0
 23
0.0
 33
0.0
 16
1.0
 26
0.0
 36
0.0
 17
0.0
 27
1.0
 37
0.0
 76
1
330
1B
  0
MATERIAL
  5
1F
102
{ACAD_REACTORS
330
E
102
}
330
E
100
AcDbMaterial
  1
ByBlock
  2

 70
0
 40
1.0
 71
1
 41
1.0
 91
-1023410177
 42
1.0
 72
1
  3

 73
1
 74
1
 75
1
 44
0.5
 73
0
 45
1.0
 46
1.0
 77
1
  4

 78
1
 79
1
170
1
 48
1.0
171
1
  6

172
1
173
1
174
1
140
1.0
141
1.0
175
1
  7

176
1
177
1
178
1
143
1.0
179
1
  8

270
1
271
1
272
1
145
1.0
146
1.0
273
1
  9

274
1
275
1
276
1
 42
1.0
 72
1
  3

 73
1
 74
1
 75
1
 94
63
  0
MATERIAL
  5
20
102
{ACAD_REACTORS
330
E
102
}
330
E
100
AcDbMaterial
  1
ByLayer
  2

 70
0
 40
1.0
 71
1
 41
1.0
 91
-1023410177
 42
1.0
 72
1
  3

 73
1
 74
1
 75
1
 44
0.5
 73
0
 45
1.0
 46
1.0
 77
1
  4

 78
1
 79
1
170
1
 48
1.0
171
1
  6

172
1
173
1
174
1
140
1.0
141
1.0
175
1
  7

176
1
177
1
178
1
143
1.0
179
1
  8

270
1
271
1
272
1
145
1.0
146
1.0
273
1
  9

274
1
275
1
276
1
 42
1.0
 72
1
  3

 73
1
 74
1
 75
1
 94
63
  0
MATERIAL
  5
21
102
{ACAD_REACTORS
330
E
102
}
330
E
100
AcDbMaterial
  1
Global
  2

 70
0
 40
1.0
 71
1
 41
1.0
 91
-1023410177
 42
1.0
 72
1
  3

 73
1
 74
1
 75
1
 44
0.5
 73
0
 45
1.0
 46
1.0
 77
1
  4

 78
1
 79
1
170
1
 48
1.0
171
1
  6

172
1
173
1
174
1
140
1.0
141
1.0
175
1
  7

176
1
177
1
178
1
143
1.0
179
1
  8

270
1
271
1
272
1
145
1.0
146
1.0
273
1
  9

274
1
275
1
276
1
 42
1.0
 72
1
  3

 73
1
 74
1
 75
1
 94
63
  0
MLINESTYLE
  5
22
102
{ACAD_REACTORS
330
10
102
}
330
10
100
AcDbMlineStyle
  2
Standard
 70
0
  3

 62
256
 51
90.0
 52
90.0
 71
2
 49
0.5
 62
256
  6
BYLAYER
 49
-0.5
 62
256
  6
BYLAYER
  0
MLEADERSTYLE
  5
2C
102
{ACAD_REACTORS
330
F
102
}
330
F
100
AcDbMLeaderStyle
179
2
170
2
171
1
172
0
 90
2
 40
0.0
 41
0.0
173
1
 91
-1056964608
 92
-2
290
1
 42
2.0
291
1
 43
8.0
  3
Standard
 44
4.0
300

342
29
174
1
175
1
176
0
178
1
 93
-1056964608
 45
4.0
292
0
297
0
 46
4.0
 94
-1056964608
 47
1.0
 49
1.0
140
1.0
294
1
141
0.0
177
0
142
1.0
295
0
296
0
143
3.75
271
0
272
9
273
9
  0
DICTIONARY
  5
2D
330
A
100
AcDbDictionary
280
1
281
1
  3
CREATED_BY_EZDXF
350
2E
  3
WRITTEN_BY_EZDXF
350
C9D
  0
DICTIONARYVAR
  5
2E
330
2D
100
DictionaryVariables
280
0
  1
1.4.4 @ 2026-07-03T19:39:09.320383+00:00
  0
VISUALSTYLE
  5
5A
102
{ACAD_REACTORS
330
16
102
}
330
16
100
AcDbVisualStyle
  2
2dWireframe
 70
4
 90
0
 40
0.6
 62
7
290
0
291
0
  0
VISUALSTYLE
  5
5B
102
{ACAD_REACTORS
330
16
102
}
330
16
100
AcDbVisualStyle
  2
Basic
 70
7
 90
1
 40
0.6
 62
7
290
0
291
1
  0
VISUALSTYLE
  5
5C
102
{ACAD_REACTORS
330
16
102
}
330
16
100
AcDbVisualStyle
  2
Brighten
 70
12
 90
2
 40
0.6
 62
7
290
0
291
1
  0
VISUALSTYLE
  5
5D
102
{ACAD_REACTORS
330
16
102
}
330
16
100
AcDbVisualStyle
  2
ColorChange
 70
16
 90
2
 40
0.6
 62
8
290
0
291
1
  0
VISUALSTYLE
  5
5E
102
{ACAD_REACTORS
330
16
102
}
330
16
100
AcDbVisualStyle
  2
Conceptual
 70
9
 90
3
 40
0.6
 62
7
290
0
291
0
  0
VISUALSTYLE
  5
5F
102
{ACAD_REACTORS
330
16
102
}
330
16
100
AcDbVisualStyle
  2
Dim
 70
11
 90
2
 40
0.6
 62
7
290
0
291
1
  0
VISUALSTYLE
  5
60
102
{ACAD_REACTORS
330
16
102
}
330
16
100
AcDbVisualStyle
  2
EdgeColorOff
 70
22
 90
2
 40
0.6
 62
7
290
0
291
1
  0
VISUALSTYLE
  5
61
102
{ACAD_REACTORS
330
16
102
}
330
16
100
AcDbVisualStyle
  2
Facepattern
 70
15
 90
2
 40
0.6
 62
7
290
0
291
1
  0
VISUALSTYLE
  5
62
102
{ACAD_REACTORS
330
16
102
}
330
16
100
AcDbVisualStyle
  2
Flat
 70
0
 90
2
 40
0.6
 62
7
290
0
291
1
  0
VISUALSTYLE
  5
63
102
{ACAD_REACTORS
330
16
102
}
330
16
100
AcDbVisualStyle
  2
FlatWithEdges
 70
1
 90
2
 40
0.6
 62
7
290
0
291
1
  0
VISUALSTYLE
  5
64
102
{ACAD_REACTORS
330
16
102
}
330
16
100
AcDbVisualStyle
  2
Gouraud
 70
2
 90
2
 40
0.6
 62
7
290
0
291
1
  0
VISUALSTYLE
  5
65
102
{ACAD_REACTORS
330
16
102
}
330
16
100
AcDbVisualStyle
  2
GouraudWithEdges
 70
3
 90
2
 40
0.6
 62
7
290
0
291
1
  0
VISUALSTYLE
  5
66
102
{ACAD_REACTORS
330
16
102
}
330
16
100
AcDbVisualStyle
  2
Hidden
 70
6
 90
1
 40
0.6
 62
7
290
0
291
0
  0
VISUALSTYLE
  5
67
102
{ACAD_REACTORS
330
16
102
}
330
16
100
AcDbVisualStyle
  2
JitterOff
 70
20
 90
2
 40
0.6
 62
7
290
0
291
1
  0
VISUALSTYLE
  5
68
102
{ACAD_REACTORS
330
16
102
}
330
16
100
AcDbVisualStyle
  2
Linepattern
 70
14
 90
2
 40
0.6
 62
7
290
0
291
1
  0
VISUALSTYLE
  5
69
102
{ACAD_REACTORS
330
16
102
}
330
16
100
AcDbVisualStyle
  2
Modeling
 70
10
 90
2
 40
0.6
 62
7
290
0
291
0
  0
VISUALSTYLE
  5
6A
102
{ACAD_REACTORS
330
16
102
}
330
16
100
AcDbVisualStyle
  2
OverhangOff
 70
21
 90
2
 40
0.6
 62
7
290
0
291
1
  0
VISUALSTYLE
  5
6B
102
{ACAD_REACTORS
330
16
102
}
330
16
100
AcDbVisualStyle
  2
Realistic
 70
8
 90
2
 40
0.6
 62
7
290
0
291
0
  0
VISUALSTYLE
  5
6C
102
{ACAD_REACTORS
330
16
102
}
330
16
100
AcDbVisualStyle
  2
Shaded
 70
27
 90
2
 40
0.6
 62
7
290
0
291
0
  0
VISUALSTYLE
  5
6D
102
{ACAD_REACTORS
330
16
102
}
330
16
100
AcDbVisualStyle
  2
Shaded with edges
 70
26
 90
2
 40
0.6
 62
7
290
0
291
0
  0
VISUALSTYLE
  5
6E
102
{ACAD_REACTORS
330
16
102
}
330
16
100
AcDbVisualStyle
  2
Shades of Gray
 70
23
 90
2
 40
0.6
 62
7
290
0
291
0
  0
VISUALSTYLE
  5
6F
102
{ACAD_REACTORS
330
16
102
}
330
16
100
AcDbVisualStyle
  2
Sketchy
 70
24
 90
1
 40
0.6
 62
7
290
0
291
0
  0
VISUALSTYLE
  5
70
102
{ACAD_REACTORS
330
16
102
}
330
16
100
AcDbVisualStyle
  2
Thicken
 70
13
 90
2
 40
0.6
 62
7
290
0
291
1
  0
VISUALSTYLE
  5
71
102
{ACAD_REACTORS
330
16
102
}
330
16
100
AcDbVisualStyle
  2
Wireframe
 70
5
 90
0
 40
0.6
 62
7
290
0
291
0
  0
VISUALSTYLE
  5
72
102
{ACAD_REACTORS
330
16
102
}
330
16
100
AcDbVisualStyle
  2
X-Ray
 70
25
 90
2
 40
0.5
 62
7
290
0
291
0
  0
DICTIONARYVAR
  5
C9D
330
2D
100
DictionaryVariables
280
0
  1
1.4.4 @ 2026-07-03T19:39:10.505563+00:00
  0
ENDSEC
  0
EOF
