  0
SECTION
  2
HEADER
  9
$ACADVER
  1
AC1015
  9
$ACADMAINTVER
 70
6
  9
$DWGCODEPAGE
  3
ANSI_1252
  9
$INSBASE
 10
0.0
 20
0.0
 30
0.0
  9
$EXTMIN
 10
1e+20
 20
1e+20
 30
1e+20
  9
$EXTMAX
 10
-1e+20
 20
-1e+20
 30
-1e+20
  9
$LIMMIN
 10
0.0
 20
0.0
  9
$LIMMAX
 10
420.0
 20
297.0
  9
$ORTHOMODE
 70
0
  9
$REGENMODE
 70
1
  9
$FILLMODE
 70
1
  9
$QTEXTMODE
 70
0
  9
$MIRRTEXT
 70
1
  9
$LTSCALE
 40
1.0
  9
$ATTMODE
 70
1
  9
$TEXTSIZE
 40
2.5
  9
$TRACEWID
 40
1.0
  9
$TEXTSTYLE
  7
OpenSans
  9
$CLAYER
  8
0
  9
$CELTYPE
  6
ByLayer
  9
$CECOLOR
 62
256
  9
$CELTSCALE
 40
1.0
  9
$DISPSILH
 70
0
  9
$DIMSCALE
 40
1.0
  9
$DIMASZ
 40
0.175
  9
$DIMEXO
 40
0.125
  9
$DIMDLI
 40
3.75
  9
$DIMRND
 40
0.0
  9
$DIMDLE
 40
0.0
  9
$DIMEXE
 40
0.375
  9
$DIMTP
 40
0.0
  9
$DIMTM
 40
0.0
  9
$DIMTXT
 40
0.25
  9
$DIMCEN
 40
2.5
  9
$DIMTSZ
 40
0.0
  9
$DIMTOL
 70
0
  9
$DIMLIM
 70
0
  9
$DIMTIH
 70
0
  9
$DIMTOH
 70
0
  9
$DIMSE1
 70
0
  9
$DIMSE2
 70
0
  9
$DIMTAD
 70
1
  9
$DIMZIN
 70
12
  9
$DIMBLK
  1
ARCHTICK
  9
$DIMASO
 70
1
  9
$DIMSHO
 70
1
  9
$DIMPOST
  1

  9
$DIMAPOST
  1

  9
$DIMALT
 70
0
  9
$DIMALTD
 70
3
  9
$DIMALTF
 40
0.03937007874
  9
$DIMLFAC
 40
100.0
  9
$DIMTOFL
 70
1
  9
$DIMTVP
 40
0.0
  9
$DIMTIX
 70
0
  9
$DIMSOXD
 70
0
  9
$DIMSAH
 70
0
  9
$DIMBLK1
  1

  9
$DIMBLK2
  1

  9
$DIMSTYLE
  2
EZDXF
  9
$DIMCLRD
 70
0
  9
$DIMCLRE
 70
0
  9
$DIMCLRT
 70
0
  9
$DIMTFAC
 40
0.5
  9
$DIMGAP
 40
0.1
  9
$DIMJUST
 70
0
  9
$DIMSD1
 70
0
  9
$DIMSD2
 70
0
  9
$DIMTOLJ
 70
0
  9
$DIMTZIN
 70
8
  9
$DIMALTZ
 70
0
  9
$DIMALTTZ
 70
0
  9
$DIMUPT
 70
1
  9
$DIMDEC
 70
2
  9
$DIMTDEC
 70
2
  9
$DIMALTU
 70
2
  9
$DIMALTTD
 70
3
  9
$DIMTXSTY
  7
OpenSansCondensed-Light
  9
$DIMAUNIT
 70
0
  9
$DIMADEC
 70
2
  9
$DIMALTRND
 40
0.0
  9
$DIMAZIN
 70
3
  9
$DIMDSEP
 70
46
  9
$DIMATFIT
 70
3
  9
$DIMFRAC
 70
0
  9
$DIMLDRBLK
  1

  9
$DIMLUNIT
 70
2
  9
$DIMLWD
 70
-2
  9
$DIMLWE
 70
-2
  9
$DIMTMOVE
 70
2
  9
$LUNITS
 70
2
  9
$LUPREC
 70
4
  9
$SKETCHINC
 40
1.0
  9
$FILLETRAD
 40
10.0
  9
$AUNITS
 70
0
  9
$AUPREC
 70
2
  9
$MENU
  1
.
  9
$ELEVATION
 40
0.0
  9
$PELEVATION
 40
0.0
  9
$THICKNESS
 40
0.0
  9
$LIMCHECK
 70
0
  9
$CHAMFERA
 40
0.0
  9
$CHAMFERB
 40
0.0
  9
$CHAMFERC
 40
0.0
  9
$CHAMFERD
 40
0.0
  9
$SKPOLY
 70
0
  9
$TDCREATE
 40
2461217.7697800924
  9
$TDUCREATE
 40
2458532.153996898
  9
$TDUPDATE
 40
2461217.769791667
  9
$TDUUPDATE
 40
2458532.1544311
  9
$TDINDWG
 40
0.0
  9
$TDUSRTIMER
 40
0.0
  9
$USRTIMER
 70
1
  9
$ANGBASE
 50
0.0
  9
$ANGDIR
 70
0
  9
$PDMODE
 70
0
  9
$PDSIZE
 40
0.0
  9
$PLINEWID
 40
0.0
  9
$SPLFRAME
 70
0
  9
$SPLINETYPE
 70
6
  9
$SPLINESEGS
 70
8
  9
$HANDSEED
  5
B0C
  9
$SURFTAB1
 70
6
  9
$SURFTAB2
 70
6
  9
$SURFTYPE
 70
6
  9
$SURFU
 70
6
  9
$SURFV
 70
6
  9
$UCSBASE
  2

  9
$UCSNAME
  2

  9
$UCSORG
 10
0.0
 20
0.0
 30
0.0
  9
$UCSXDIR
 10
1.0
 20
0.0
 30
0.0
  9
$UCSYDIR
 10
0.0
 20
1.0
 30
0.0
  9
$UCSORTHOREF
  2

  9
$UCSORTHOVIEW
 70
0
  9
$UCSORGTOP
 10
0.0
 20
0.0
 30
0.0
  9
$UCSORGBOTTOM
 10
0.0
 20
0.0
 30
0.0
  9
$UCSORGLEFT
 10
0.0
 20
0.0
 30
0.0
  9
$UCSORGRIGHT
 10
0.0
 20
0.0
 30
0.0
  9
$UCSORGFRONT
 10
0.0
 20
0.0
 30
0.0
  9
$UCSORGBACK
 10
0.0
 20
0.0
 30
0.0
  9
$PUCSBASE
  2

  9
$PUCSNAME
  2

  9
$PUCSORG
 10
0.0
 20
0.0
 30
0.0
  9
$PUCSXDIR
 10
1.0
 20
0.0
 30
0.0
  9
$PUCSYDIR
 10
0.0
 20
1.0
 30
0.0
  9
$PUCSORTHOREF
  2

  9
$PUCSORTHOVIEW
 70
0
  9
$PUCSORGTOP
 10
0.0
 20
0.0
 30
0.0
  9
$PUCSORGBOTTOM
 10
0.0
 20
0.0
 30
0.0
  9
$PUCSORGLEFT
 10
0.0
 20
0.0
 30
0.0
  9
$PUCSORGRIGHT
 10
0.0
 20
0.0
 30
0.0
  9
$PUCSORGFRONT
 10
0.0
 20
0.0
 30
0.0
  9
$PUCSORGBACK
 10
0.0
 20
0.0
 30
0.0
  9
$USERI1
 70
0
  9
$USERI2
 70
0
  9
$USERI3
 70
0
  9
$USERI4
 70
0
  9
$USERI5
 70
0
  9
$USERR1
 40
0.0
  9
$USERR2
 40
0.0
  9
$USERR3
 40
0.0
  9
$USERR4
 40
0.0
  9
$USERR5
 40
0.0
  9
$WORLDVIEW
 70
1
  9
$SHADEDGE
 70
3
  9
$SHADEDIF
 70
70
  9
$TILEMODE
 70
1
  9
$MAXACTVP
 70
64
  9
$PINSBASE
 10
0.0
 20
0.0
 30
0.0
  9
$PLIMCHECK
 70
0
  9
$PEXTMIN
 10
1e+20
 20
1e+20
 30
1e+20
  9
$PEXTMAX
 10
-1e+20
 20
-1e+20
 30
-1e+20
  9
$PLIMMIN
 10
0.0
 20
0.0
  9
$PLIMMAX
 10
420.0
 20
297.0
  9
$UNITMODE
 70
0
  9
$VISRETAIN
 70
1
  9
$PLINEGEN
 70
0
  9
$PSLTSCALE
 70
1
  9
$TREEDEPTH
 70
3020
  9
$CMLSTYLE
  2
Standard
  9
$CMLJUST
 70
0
  9
$CMLSCALE
 40
20.0
  9
$PROXYGRAPHICS
 70
1
  9
$MEASUREMENT
 70
1
  9
$CELWEIGHT
370
-1
  9
$ENDCAPS
280
0
  9
$JOINSTYLE
280
0
  9
$LWDISPLAY
290
0
  9
$INSUNITS
 70
6
  9
$HYPERLINKBASE
  1

  9
$STYLESHEET
  1

  9
$XEDIT
290
1
  9
$CEPSNTYPE
380
0
  9
$PSTYLEMODE
290
1
  9
$FINGERPRINTGUID
  2
{85DB26CD-05A8-45EB-B923-C2669CBA70C1}
  9
$VERSIONGUID
  2
{37AA9F81-8C2D-4FCC-BEAC-4EA486F53698}
  9
$EXTNAMES
290
1
  9
$PSVPSCALE
 40
0.0
  9
$OLESTARTUP
290
0
  0
ENDSEC
  0
SECTION
  2
CLASSES
  0
CLASS
  1
ACDBDICTIONARYWDFLT
  2
AcDbDictionaryWithDefault
  3
ObjectDBX Classes
 90
0
280
0
281
0
  0
CLASS
  1
SUN
  2
AcDbSun
  3
SCENEOE
 90
1153
280
0
281
0
  0
CLASS
  1
VISUALSTYLE
  2
AcDbVisualStyle
  3
ObjectDBX Classes
 90
4095
280
0
281
0
  0
CLASS
  1
MATERIAL
  2
AcDbMaterial
  3
ObjectDBX Classes
 90
1153
280
0
281
0
  0
CLASS
  1
SCALE
  2
AcDbScale
  3
ObjectDBX Classes
 90
1153
280
0
281
0
  0
CLASS
  1
TABLESTYLE
  2
AcDbTableStyle
  3
ObjectDBX Classes
 90
4095
280
0
281
0
  0
CLASS
  1
MLEADERSTYLE
  2
AcDbMLeaderStyle
  3
ACDB_MLEADERSTYLE_CLASS
 90
4095
280
0
281
0
  0
CLASS
  1
DICTIONARYVAR
  2
AcDbDictionaryVar
  3
ObjectDBX Classes
 90
0
280
0
281
0
  0
CLASS
  1
CELLSTYLEMAP
  2
AcDbCellStyleMap
  3
ObjectDBX Classes
 90
1152
280
0
281
0
  0
CLASS
  1
MENTALRAYRENDERSETTINGS
  2
AcDbMentalRayRenderSettings
  3
SCENEOE
 90
1024
280
0
281
0
  0
CLASS
  1
ACDBDETAILVIEWSTYLE
  2
AcDbDetailViewStyle
  3
ObjectDBX Classes
 90
1025
280
0
281
0
  0
CLASS
  1
ACDBSECTIONVIEWSTYLE
  2
AcDbSectionViewStyle
  3
ObjectDBX Classes
 90
1025
280
0
281
0
  0
CLASS
  1
RASTERVARIABLES
  2
AcDbRasterVariables
  3
ISM
 90
0
280
0
281
0
  0
CLASS
  1
ACDBPLACEHOLDER
  2
AcDbPlaceHolder
  3
ObjectDBX Classes
 90
0
280
0
281
0
  0
CLASS
  1
LAYOUT
  2
AcDbLayout
  3
ObjectDBX Classes
 90
0
280
0
281
0
  0
ENDSEC
  0
SECTION
  2
TABLES
  0
TABLE
  2
VPORT
  5
8
330
0
100
AcDbSymbolTable
 70
1
  0
VPORT
  5
23
330
8
100
AcDbSymbolTableRecord
100
AcDbViewportTableRecord
  2
*Active
 70
0
 10
0.0
 20
0.0
 11
1.0
 21
1.0
 12
0.0
 22
0.0
 13
0.0
 23
0.0
 14
0.5
 24
0.5
 15
0.5
 25
0.5
 16
0.0
 26
0.0
 36
1.0
 17
0.0
 27
0.0
 37
0.0
 40
1000.0
 41
1.34
 42
50.0
 43
0.0
 44
0.0
 50
0.0
 51
0.0
 71
0
 72
1000
 73
1
 74
3
 75
0
 76
0
 77
0
 78
0
281
0
 65
0
146
0.0
  0
ENDTAB
  0
TABLE
  2
LTYPE
  5
2
330
0
100
AcDbSymbolTable
 70
21
  0
LTYPE
  5
24
330
2
100
AcDbSymbolTableRecord
100
AcDbLinetypeTableRecord
  2
ByBlock
 70
0
  3

 72
65
 73
0
 40
0.0
  0
LTYPE
  5
25
330
2
100
AcDbSymbolTableRecord
100
AcDbLinetypeTableRecord
  2
ByLayer
 70
0
  3

 72
65
 73
0
 40
0.0
  0
LTYPE
  5
26
330
2
100
AcDbSymbolTableRecord
100
AcDbLinetypeTableRecord
  2
Continuous
 70
0
  3

 72
65
 73
0
 40
0.0
  0
LTYPE
  5
2F
330
2
100
AcDbSymbolTableRecord
100
AcDbLinetypeTableRecord
  2
CENTER
 70
0
  3
Center ____ _ ____ _ ____ _ ____ _ ____ _ ____
 72
65
 73
4
 40
5.08
 49
3.175
 74
0
 49
-0.635
 74
0
 49
0.635
 74
0
 49
-0.635
 74
0
  0
LTYPE
  5
30
330
2
100
AcDbSymbolTableRecord
100
AcDbLinetypeTableRecord
  2
CENTERX2
 70
0
  3
Center (2x) ________  __  ________  __  ________
 72
65
 73
4
 40
8.89
 49
6.35
 74
0
 49
-0.635
 74
0
 49
1.27
 74
0
 49
-0.635
 74
0
  0
LTYPE
  5
31
330
2
100
AcDbSymbolTableRecord
100
AcDbLinetypeTableRecord
  2
CENTER2
 70
0
  3
Center (.5x) ____ _ ____ _ ____ _ ____ _ ____
 72
65
 73
4
 40
2.54
 49
1.587
 74
0
 49
-0.318
 74
0
 49
0.318
 74
0
 49
-0.318
 74
0
  0
LTYPE
  5
32
330
2
100
AcDbSymbolTableRecord
100
AcDbLinetypeTableRecord
  2
DASHED
 70
0
  3
Dashed __ __ __ __ __ __ __ __ __ __ __ __ __ _
 72
65
 73
2
 40
1.524
 49
1.27
 74
0
 49
-0.254
 74
0
  0
LTYPE
  5
33
330
2
100
AcDbSymbolTableRecord
100
AcDbLinetypeTableRecord
  2
DASHEDX2
 70
0
  3
Dashed (2x) ____  ____  ____  ____  ____  ____
 72
65
 73
2
 40
3.048
 49
2.54
 74
0
 49
-0.508
 74
0
  0
LTYPE
  5
34
330
2
100
AcDbSymbolTableRecord
100
AcDbLinetypeTableRecord
  2
DASHED2
 70
0
  3
Dashed (.5x) _ _ _ _ _ _ _ _ _ _ _ _ _ _
 72
65
 73
2
 40
0.762
 49
0.635
 74
0
 49
-0.127
 74
0
  0
LTYPE
  5
35
330
2
100
AcDbSymbolTableRecord
100
AcDbLinetypeTableRecord
  2
PHANTOM
 70
0
  3
Phantom ______  __  __  ______  __  __  ______
 72
65
 73
6
 40
6.35
 49
3.175
 74
0
 49
-0.635
 74
0
 49
0.635
 74
0
 49
-0.635
 74
0
 49
0.635
 74
0
 49
-0.635
 74
0
  0
LTYPE
  5
36
330
2
100
AcDbSymbolTableRecord
100
AcDbLinetypeTableRecord
  2
PHANTOMX2
 70
0
  3
Phantom (2x)____________    ____    ____    ____________
 72
65
 73
6
 40
10.795
 49
6.35
 74
0
 49
-0.635
 74
0
 49
1.27
 74
0
 49
-0.635
 74
0
 49
1.27
 74
0
 49
-0.635
 74
0
  0
LTYPE
  5
37
330
2
100
AcDbSymbolTableRecord
100
AcDbLinetypeTableRecord
  2
PHANTOM2
 70
0
  3
Phantom (.5x) ___ _ _ ___ _ _ ___ _ _ ___ _ _ ___
 72
65
 73
6
 40
3.175
 49
1.587
 74
0
 49
-0.318
 74
0
 49
0.318
 74
0
 49
-0.318
 74
0
 49
0.318
 74
0
 49
-0.318
 74
0
  0
LTYPE
  5
38
330
2
100
AcDbSymbolTableRecord
100
AcDbLinetypeTableRecord
  2
DASHDOT
 70
0
  3
Dash dot __ . __ . __ . __ . __ . __ . __ . __
 72
65
 73
4
 40
3.556
 49
2.54
 74
0
 49
-0.508
 74
0
 49
0.0
 74
0
 49
-0.508
 74
0
  0
LTYPE
  5
39
330
2
100
AcDbSymbolTableRecord
100
AcDbLinetypeTableRecord
  2
DASHDOTX2
 70
0
  3
Dash dot (2x) ____  .  ____  .  ____  .  ____
 72
65
 73
4
 40
6.096
 49
5.08
 74
0
 49
-0.508
 74
0
 49
0.0
 74
0
 49
-0.508
 74
0
  0
LTYPE
  5
3A
330
2
100
AcDbSymbolTableRecord
100
AcDbLinetypeTableRecord
  2
DASHDOT2
 70
0
  3
Dash dot (.5x) _ . _ . _ . _ . _ . _ . _ . _
 72
65
 73
4
 40
1.778
 49
1.27
 74
0
 49
-0.254
 74
0
 49
0.0
 74
0
 49
-0.254
 74
0
  0
LTYPE
  5
3B
330
2
100
AcDbSymbolTableRecord
100
AcDbLinetypeTableRecord
  2
DOT
 70
0
  3
Dot .  .  .  .  .  .  .  .  .  .  .  .  .  .  .  .
 72
65
 73
2
 40
0.508
 49
0.0
 74
0
 49
-0.508
 74
0
  0
LTYPE
  5
3C
330
2
100
AcDbSymbolTableRecord
100
AcDbLinetypeTableRecord
  2
DOTX2
 70
0
  3
Dot (2x) .    .    .    .    .    .    .    . 
 72
65
 73
2
 40
1.016
 49
0.0
 74
0
 49
-1.016
 74
0
  0
LTYPE
  5
3D
330
2
100
AcDbSymbolTableRecord
100
AcDbLinetypeTableRecord
  2
DOT2
 70
0
  3
Dot (.5) . . . . . . . . . . . . . . . . . . . 
 72
65
 73
2
 40
0.254
 49
0.0
 74
0
 49
-0.254
 74
0
  0
LTYPE
  5
3E
330
2
100
AcDbSymbolTableRecord
100
AcDbLinetypeTableRecord
  2
DIVIDE
 70
0
  3
Divide __ . . __ . . __ . . __ . . __ . . __
 72
65
 73
6
 40
4.064
 49
2.54
 74
0
 49
-0.508
 74
0
 49
0.0
 74
0
 49
-0.508
 74
0
 49
0.0
 74
0
 49
-0.508
 74
0
  0
LTYPE
  5
3F
330
2
100
AcDbSymbolTableRecord
100
AcDbLinetypeTableRecord
  2
DIVIDEX2
 70
0
  3
Divide (2x) ____  . .  ____  . .  ____  . .  ____
 72
65
 73
6
 40
6.604
 49
5.08
 74
0
 49
-0.508
 74
0
 49
0.0
 74
0
 49
-0.508
 74
0
 49
0.0
 74
0
 49
-0.508
 74
0
  0
LTYPE
  5
40
330
2
100
AcDbSymbolTableRecord
100
AcDbLinetypeTableRecord
  2
DIVIDE2
 70
0
  3
Divide(.5x) _ . _ . _ . _ . _ . _ . _ . _
 72
65
 73
6
 40
2.032
 49
1.27
 74
0
 49
-0.254
 74
0
 49
0.0
 74
0
 49
-0.254
 74
0
 49
0.0
 74
0
 49
-0.254
 74
0
  0
ENDTAB
  0
TABLE
  2
LAYER
  5
1
330
0
100
AcDbSymbolTable
 70
16
  0
LAYER
  5
27
330
1
100
AcDbSymbolTableRecord
100
AcDbLayerTableRecord
  2
0
 70
0
 62
7
  6
Continuous
370
-3
390
13
  0
LAYER
  5
28
330
1
100
AcDbSymbolTableRecord
100
AcDbLayerTableRecord
  2
Defpoints
 70
0
 62
7
  6
Continuous
290
0
370
-3
390
13
  0
LAYER
  5
8A
330
1
100
AcDbSymbolTableRecord
100
AcDbLayerTableRecord
  2
PISO-MORET
 70
0
 62
30
  6
Continuous
370
-3
390
13
  0
LAYER
  5
8B
330
1
100
AcDbSymbolTableRecord
100
AcDbLayerTableRecord
  2
PISO-ROYAL-WALNUT
 70
0
 62
4
  6
Continuous
370
-3
390
13
  0
LAYER
  5
8C
330
1
100
AcDbSymbolTableRecord
100
AcDbLayerTableRecord
  2
ETIQUETAS
 70
0
 62
7
  6
Continuous
370
-3
390
13
  0
LAYER
  5
8D
330
1
100
AcDbSymbolTableRecord
100
AcDbLayerTableRecord
  2
CORTE-TILE
 70
0
 62
7
  6
Continuous
370
-3
390
13
  0
LAYER
  5
8E
330
1
100
AcDbSymbolTableRecord
100
AcDbLayerTableRecord
  2
CORTE-RECORTE
 70
0
 62
3
  6
Continuous
370
-3
390
13
  0
LAYER
  5
8F
330
1
100
AcDbSymbolTableRecord
100
AcDbLayerTableRecord
  2
CORTE-SOBRANTE
 70
0
 62
2
  6
Continuous
370
-3
390
13
  0
LAYER
  5
90
330
1
100
AcDbSymbolTableRecord
100
AcDbLayerTableRecord
  2
CORTE-DESPERDICIO
 70
0
 62
1
  6
Continuous
370
-3
390
13
  0
LAYER
  5
91
330
1
100
AcDbSymbolTableRecord
100
AcDbLayerTableRecord
  2
CORTE-TEXTO
 70
0
 62
5
  6
Continuous
370
-3
390
13
  0
LAYER
  5
92
330
1
100
AcDbSymbolTableRecord
100
AcDbLayerTableRecord
  2
SOBRANTES-MAPA
 70
0
 62
6
  6
Continuous
370
-3
390
13
  0
LAYER
  5
93
330
1
100
AcDbSymbolTableRecord
100
AcDbLayerTableRecord
  2
SOBRANTES-RECORTE
 70
0
 62
2
  6
Continuous
370
-3
390
13
  0
LAYER
  5
94
330
1
100
AcDbSymbolTableRecord
100
AcDbLayerTableRecord
  2
SOBRANTES-TEXTO
 70
0
 62
6
  6
Continuous
370
-3
390
13
  0
LAYER
  5
95
330
1
100
AcDbSymbolTableRecord
100
AcDbLayerTableRecord
  2
ZOCLO
 70
0
 62
3
  6
Continuous
370
-3
390
13
  0
LAYER
  5
96
330
1
100
AcDbSymbolTableRecord
100
AcDbLayerTableRecord
  2
URBANIA-LAVANDERIA
 70
0
 62
5
  6
Continuous
370
-3
390
13
  0
LAYER
  5
97
330
1
100
AcDbSymbolTableRecord
100
AcDbLayerTableRecord
  2
REGADERA-MALLA-MURO
 70
0
 62
1
  6
Continuous
370
-3
390
13
  0
ENDTAB
  0
TABLE
  2
STYLE
  5
5
330
0
100
AcDbSymbolTable
 70
26
  0
STYLE
  5
29
330
5
100
AcDbSymbolTableRecord
100
AcDbTextStyleTableRecord
  2
Standard
 70
0
 40
0.0
 41
1.0
 50
0.0
 71
0
 42
2.5
  3
txt
  4

  0
STYLE
  5
41
330
5
100
AcDbSymbolTableRecord
100
AcDbTextStyleTableRecord
  2
OpenSans-Light
 70
0
 40
0.0
 41
1.0
 50
0.0
 71
0
 42
2.5
  3
OpenSans-Light.ttf
  4

  0
STYLE
  5
42
330
5
100
AcDbSymbolTableRecord
100
AcDbTextStyleTableRecord
  2
OpenSans-Light-Italic
 70
0
 40
0.0
 41
1.0
 50
0.0
 71
0
 42
2.5
  3
OpenSans-LightItalic.ttf
  4

  0
STYLE
  5
43
330
5
100
AcDbSymbolTableRecord
100
AcDbTextStyleTableRecord
  2
OpenSans
 70
0
 40
0.0
 41
1.0
 50
0.0
 71
0
 42
2.5
  3
OpenSans-Regular.ttf
  4

  0
STYLE
  5
44
330
5
100
AcDbSymbolTableRecord
100
AcDbTextStyleTableRecord
  2
OpenSans-Italic
 70
0
 40
0.0
 41
1.0
 50
0.0
 71
0
 42
2.5
  3
OpenSans-Italic.ttf
  4

  0
STYLE
  5
45
330
5
100
AcDbSymbolTableRecord
100
AcDbTextStyleTableRecord
  2
OpenSans-SemiBold
 70
0
 40
0.0
 41
1.0
 50
0.0
 71
0
 42
2.5
  3
OpenSans-SemiBold.ttf
  4

  0
STYLE
  5
46
330
5
100
AcDbSymbolTableRecord
100
AcDbTextStyleTableRecord
  2
OpenSans-SemiBoldItalic
 70
0
 40
0.0
 41
1.0
 50
0.0
 71
0
 42
2.5
  3
OpenSans-SemiBoldItalic.ttf
  4

  0
STYLE
  5
47
330
5
100
AcDbSymbolTableRecord
100
AcDbTextStyleTableRecord
  2
OpenSans-Bold
 70
0
 40
0.0
 41
1.0
 50
0.0
 71
0
 42
2.5
  3
OpenSans-Bold.ttf
  4

  0
STYLE
  5
48
330
5
100
AcDbSymbolTableRecord
100
AcDbTextStyleTableRecord
  2
OpenSans-BoldItalic
 70
0
 40
0.0
 41
1.0
 50
0.0
 71
0
 42
2.5
  3
OpenSans-BoldItalic.ttf
  4

  0
STYLE
  5
49
330
5
100
AcDbSymbolTableRecord
100
AcDbTextStyleTableRecord
  2
OpenSans-ExtraBold
 70
0
 40
0.0
 41
1.0
 50
0.0
 71
0
 42
2.5
  3
OpenSans-ExtraBold.ttf
  4

  0
STYLE
  5
4A
330
5
100
AcDbSymbolTableRecord
100
AcDbTextStyleTableRecord
  2
OpenSans-ExtraBoldItalic
 70
0
 40
0.0
 41
1.0
 50
0.0
 71
0
 42
2.5
  3
OpenSans-ExtraBoldItalic.ttf
  4

  0
STYLE
  5
4B
330
5
100
AcDbSymbolTableRecord
100
AcDbTextStyleTableRecord
  2
OpenSansCondensed-Bold
 70
0
 40
0.0
 41
1.0
 50
0.0
 71
0
 42
2.5
  3
OpenSansCondensed-Bold.ttf
  4

  0
STYLE
  5
4C
330
5
100
AcDbSymbolTableRecord
100
AcDbTextStyleTableRecord
  2
OpenSansCondensed-Light
 70
0
 40
0.0
 41
1.0
 50
0.0
 71
0
 42
2.5
  3
OpenSansCondensed-Light.ttf
  4

  0
STYLE
  5
4D
330
5
100
AcDbSymbolTableRecord
100
AcDbTextStyleTableRecord
  2
OpenSansCondensed-Italic
 70
0
 40
0.0
 41
1.0
 50
0.0
 71
0
 42
2.5
  3
OpenSansCondensed-LightItalic.ttf
  4

  0
STYLE
  5
4E
330
5
100
AcDbSymbolTableRecord
100
AcDbTextStyleTableRecord
  2
LiberationSans
 70
0
 40
0.0
 41
1.0
 50
0.0
 71
0
 42
2.5
  3
LiberationSans-Regular.ttf
  4

  0
STYLE
  5
4F
330
5
100
AcDbSymbolTableRecord
100
AcDbTextStyleTableRecord
  2
LiberationSans-Bold
 70
0
 40
0.0
 41
1.0
 50
0.0
 71
0
 42
2.5
  3
LiberationSans-Bold.ttf
  4

  0
STYLE
  5
50
330
5
100
AcDbSymbolTableRecord
100
AcDbTextStyleTableRecord
  2
LiberationSans-BoldItalic
 70
0
 40
0.0
 41
1.0
 50
0.0
 71
0
 42
2.5
  3
LiberationSans-BoldItalic.ttf
  4

  0
STYLE
  5
51
330
5
100
AcDbSymbolTableRecord
100
AcDbTextStyleTableRecord
  2
LiberationSans-Italic
 70
0
 40
0.0
 41
1.0
 50
0.0
 71
0
 42
2.5
  3
LiberationSans-Italic.ttf
  4

  0
STYLE
  5
52
330
5
100
AcDbSymbolTableRecord
100
AcDbTextStyleTableRecord
  2
LiberationSerif
 70
0
 40
0.0
 41
1.0
 50
0.0
 71
0
 42
2.5
  3
LiberationSerif-Regular.ttf
  4

  0
STYLE
  5
53
330
5
100
AcDbSymbolTableRecord
100
AcDbTextStyleTableRecord
  2
LiberationSerif-Bold
 70
0
 40
0.0
 41
1.0
 50
0.0
 71
0
 42
2.5
  3
LiberationSerif-Bold.ttf
  4

  0
STYLE
  5
54
330
5
100
AcDbSymbolTableRecord
100
AcDbTextStyleTableRecord
  2
LiberationSerif-BoldItalic
 70
0
 40
0.0
 41
1.0
 50
0.0
 71
0
 42
2.5
  3
LiberationSerif-BoldItalic.ttf
  4

  0
STYLE
  5
55
330
5
100
AcDbSymbolTableRecord
100
AcDbTextStyleTableRecord
  2
LiberationSerif-Italic
 70
0
 40
0.0
 41
1.0
 50
0.0
 71
0
 42
2.5
  3
LiberationSerif-Italic.ttf
  4

  0
STYLE
  5
56
330
5
100
AcDbSymbolTableRecord
100
AcDbTextStyleTableRecord
  2
LiberationMono
 70
0
 40
0.0
 41
1.0
 50
0.0
 71
0
 42
2.5
  3
LiberationMono-Regular.ttf
  4

  0
STYLE
  5
57
330
5
100
AcDbSymbolTableRecord
100
AcDbTextStyleTableRecord
  2
LiberationMono-Bold
 70
0
 40
0.0
 41
1.0
 50
0.0
 71
0
 42
2.5
  3
LiberationMono-Bold.ttf
  4

  0
STYLE
  5
58
330
5
100
AcDbSymbolTableRecord
100
AcDbTextStyleTableRecord
  2
LiberationMono-BoldItalic
 70
0
 40
0.0
 41
1.0
 50
0.0
 71
0
 42
2.5
  3
LiberationMono-BoldItalic.ttf
  4

  0
STYLE
  5
59
330
5
100
AcDbSymbolTableRecord
100
AcDbTextStyleTableRecord
  2
LiberationMono-Italic
 70
0
 40
0.0
 41
1.0
 50
0.0
 71
0
 42
2.5
  3
LiberationMono-Italic.ttf
  4

  0
ENDTAB
  0
TABLE
  2
VIEW
  5
7
330
0
100
AcDbSymbolTable
 70
0
  0
ENDTAB
  0
TABLE
  2
UCS
  5
6
330
0
100
AcDbSymbolTable
 70
0
  0
ENDTAB
  0
TABLE
  2
APPID
  5
3
330
0
100
AcDbSymbolTable
 70
3
  0
APPID
  5
2A
330
3
100
AcDbSymbolTableRecord
100
AcDbRegAppTableRecord
  2
ACAD
 70
0
  0
APPID
  5
B09
330
3
100
AcDbSymbolTableRecord
100
AcDbRegAppTableRecord
  2
HATCHBACKGROUNDCOLOR
 70
0
  0
APPID
  5
B0A
330
3
100
AcDbSymbolTableRecord
100
AcDbRegAppTableRecord
  2
EZDXF
 70
0
  0
ENDTAB
  0
TABLE
  2
DIMSTYLE
  5
4
330
0
100
AcDbSymbolTable
 70
12
100
AcDbDimStyleTable
  0
DIMSTYLE
105
2B
330
4
100
AcDbSymbolTableRecord
100
AcDbDimStyleTableRecord
  2
Standard
 70
0
  3

  4

 40
1.0
 41
2.5
 42
0.625
 43
3.75
 44
1.25
 45
0.0
 46
0.0
 47
0.0
 48
0.0
140
2.5
141
2.5
142
0.0
143
0.03937007874
144
1.0
145
0.0
146
1.0
147
0.625
148
0.0
 71
0
 72
0
 73
0
 74
0
 75
0
 76
0
 77
1
 78
8
 79
3
170
0
171
3
172
1
173
0
174
0
175
0
176
0
177
0
178
0
179
2
271
2
272
2
273
2
274
3
275
0
276
0
277
2
278
44
279
0
280
0
281
0
282
0
283
0
284
8
285
0
286
0
288
0
289
3
371
-2
372
-2
  0
DIMSTYLE
105
73
330
4
100
AcDbSymbolTableRecord
100
AcDbDimStyleTableRecord
  2
EZDXF
 70
0
  3

  4

 40
1.0
 41
0.175
 42
0.125
 43
3.75
 44
0.375
 45
0.0
 46
0.0
 47
0.0
 48
0.0
140
0.25
141
2.5
142
0.0
143
0.03937007874
144
100.0
145
0.0
146
0.5
147
0.1
148
0.0
 71
0
 72
0
 73
0
 74
0
 75
0
 76
0
 77
1
 78
12
 79
3
170
0
171
3
172
1
173
0
174
0
175
0
176
0
177
0
178
0
179
2
271
2
272
2
273
2
274
3
275
0
276
0
277
2
278
46
279
2
280
0
281
0
282
0
283
0
284
8
285
0
286
0
288
1
289
3
340
4C
342
74
371
-2
372
-2
  0
DIMSTYLE
105
7C
330
4
100
AcDbSymbolTableRecord
100
AcDbDimStyleTableRecord
  2
EZ_M_100_H25_CM
 70
0
  3

  4

 40
1.0
 41
0.25
 42
0.125
 43
3.75
 44
0.375
 45
0.0
 46
0.0
 47
0.0
 48
0.0
140
0.25
141
2.5
142
0.125
143
0.03937007874
144
100.0
145
0.0
146
0.5
147
0.1
148
0.0
 71
0
 72
0
 73
0
 74
0
 75
0
 76
0
 77
1
 78
12
 79
3
170
0
171
3
172
1
173
0
174
0
175
0
176
0
177
0
178
0
179
2
271
2
272
2
273
2
274
3
275
0
276
0
277
2
278
46
279
2
280
0
281
0
282
0
283
0
284
8
285
0
286
0
288
1
289
3
340
4C
371
-2
372
-2
  0
DIMSTYLE
105
7D
330
4
100
AcDbSymbolTableRecord
100
AcDbDimStyleTableRecord
  2
EZ_M_50_H25_CM
 70
0
  3

  4

 40
1.0
 41
0.125
 42
0.0625
 43
3.75
 44
0.1875
 45
0.0
 46
0.0
 47
0.0
 48
0.0
140
0.125
141
2.5
142
0.0625
143
0.03937007874
144
100.0
145
0.0
146
0.5
147
0.05
148
0.0
 71
0
 72
0
 73
0
 74
0
 75
0
 76
0
 77
1
 78
12
 79
3
170
0
171
3
172
1
173
0
174
0
175
0
176
0
177
0
178
0
179
2
271
2
272
2
273
2
274
3
275
0
276
0
277
2
278
46
279
2
280
0
281
0
282
0
283
0
284
8
285
0
286
0
288
1
289
3
340
4C
371
-2
372
-2
  0
DIMSTYLE
105
7E
330
4
100
AcDbSymbolTableRecord
100
AcDbDimStyleTableRecord
  2
EZ_M_25_H25_CM
 70
0
  3

  4

 40
1.0
 41
0.0625
 42
0.03125
 43
3.75
 44
0.09375
 45
0.0
 46
0.0
 47
0.0
 48
0.0
140
0.0625
141
2.5
142
0.03125
143
0.03937007874
144
100.0
145
0.0
146
0.5
147
0.025
148
0.0
 71
0
 72
0
 73
0
 74
0
 75
0
 76
0
 77
1
 78
12
 79
3
170
0
171
3
172
1
173
0
174
0
175
0
176
0
177
0
178
0
179
2
271
2
272
2
273
2
274
3
275
0
276
0
277
2
278
46
279
2
280
0
281
0
282
0
283
0
284
8
285
0
286
0
288
1
289
3
340
4C
371
-2
372
-2
  0
DIMSTYLE
105
7F
330
4
100
AcDbSymbolTableRecord
100
AcDbDimStyleTableRecord
  2
EZ_M_20_H25_CM
 70
0
  3

  4

 40
1.0
 41
0.05
 42
0.025
 43
3.75
 44
0.07500000000000001
 45
0.0
 46
0.0
 47
0.0
 48
0.0
140
0.05
141
2.5
142
0.025
143
0.03937007874
144
100.0
145
0.0
146
0.5
147
0.020000000000000004
148
0.0
 71
0
 72
0
 73
0
 74
0
 75
0
 76
0
 77
1
 78
12
 79
3
170
0
171
3
172
1
173
0
174
0
175
0
176
0
177
0
178
0
179
2
271
2
272
2
273
2
274
3
275
0
276
0
277
2
278
46
279
2
280
0
281
0
282
0
283
0
284
8
285
0
286
0
288
1
289
3
340
4C
371
-2
372
-2
  0
DIMSTYLE
105
80
330
4
100
AcDbSymbolTableRecord
100
AcDbDimStyleTableRecord
  2
EZ_M_10_H25_CM
 70
0
  3

  4

 40
1.0
 41
0.025
 42
0.0125
 43
3.75
 44
0.037500000000000006
 45
0.0
 46
0.0
 47
0.0
 48
0.0
140
0.025
141
2.5
142
0.0125
143
0.03937007874
144
100.0
145
0.0
146
0.5
147
0.010000000000000002
148
0.0
 71
0
 72
0
 73
0
 74
0
 75
0
 76
0
 77
1
 78
12
 79
3
170
0
171
3
172
1
173
0
174
0
175
0
176
0
177
0
178
0
179
2
271
2
272
2
273
2
274
3
275
0
276
0
277
2
278
46
279
2
280
0
281
0
282
0
283
0
284
8
285
0
286
0
288
1
289
3
340
4C
371
-2
372
-2
  0
DIMSTYLE
105
81
330
4
100
AcDbSymbolTableRecord
100
AcDbDimStyleTableRecord
  2
EZ_M_5_H25_CM
 70
0
  3

  4

 40
1.0
 41
0.0125
 42
0.00625
 43
3.75
 44
0.018750000000000003
 45
0.0
 46
0.0
 47
0.0
 48
0.0
140
0.0125
141
2.5
142
0.00625
143
0.03937007874
144
100.0
145
0.0
146
0.5
147
0.005000000000000001
148
0.0
 71
0
 72
0
 73
0
 74
0
 75
0
 76
0
 77
1
 78
12
 79
3
170
0
171
3
172
1
173
0
174
0
175
0
176
0
177
0
178
0
179
2
271
2
272
2
273
2
274
3
275
0
276
0
277
2
278
46
279
2
280
0
281
0
282
0
283
0
284
8
285
0
286
0
288
1
289
3
340
4C
371
-2
372
-2
  0
DIMSTYLE
105
82
330
4
100
AcDbSymbolTableRecord
100
AcDbDimStyleTableRecord
  2
EZ_M_1_H25_CM
 70
0
  3

  4

 40
1.0
 41
0.0025
 42
0.00125
 43
3.75
 44
0.00375
 45
0.0
 46
0.0
 47
0.0
 48
0.0
140
0.0025
141
2.5
142
0.00125
143
0.03937007874
144
100.0
145
0.0
146
0.5
147
0.001
148
0.0
 71
0
 72
0
 73
0
 74
0
 75
0
 76
0
 77
1
 78
12
 79
3
170
0
171
3
172
1
173
0
174
0
175
0
176
0
177
0
178
0
179
2
271
2
272
2
273
2
274
3
275
0
276
0
277
2
278
46
279
2
280
0
281
0
282
0
283
0
284
8
285
0
286
0
288
1
289
3
340
4C
371
-2
372
-2
  0
DIMSTYLE
105
83
330
4
100
AcDbSymbolTableRecord
100
AcDbDimStyleTableRecord
  2
EZ_RADIUS
 70
0
  3

  4

 40
1.0
 41
0.25
 42
0.125
 43
3.75
 44
0.375
 45
0.0
 46
0.0
 47
0.0
 48
0.0
140
0.25
141
0.0
142
0.0
143
0.03937007874
144
100.0
145
0.0
146
0.5
147
0.1
148
0.0
 71
0
 72
0
 73
0
 74
0
 75
0
 76
0
 77
1
 78
12
 79
3
170
0
171
3
172
0
173
0
174
0
175
0
176
0
177
0
178
0
179
2
271
2
272
2
273
2
274
3
275
0
276
0
277
2
278
46
279
1
280
0
281
0
282
0
283
0
284
8
285
0
286
0
288
1
289
3
340
4C
342
84
371
-2
372
-2
  0
DIMSTYLE
105
88
330
4
100
AcDbSymbolTableRecord
100
AcDbDimStyleTableRecord
  2
EZ_RADIUS_INSIDE
 70
0
  3

  4

 40
1.0
 41
0.25
 42
0.125
 43
3.75
 44
0.375
 45
0.0
 46
0.0
 47
0.0
 48
0.0
140
0.25
141
0.0
142
0.0
143
0.03937007874
144
100.0
145
0.0
146
0.5
147
0.1
148
0.0
 71
0
 72
0
 73
0
 74
0
 75
0
 76
0
 77
0
 78
12
 79
3
170
0
171
3
172
0
173
0
174
1
175
0
176
0
177
0
178
0
179
2
271
2
272
2
273
2
274
3
275
0
276
0
277
2
278
46
279
0
280
0
281
0
282
0
283
0
284
8
285
0
286
0
288
1
289
0
340
4C
342
84
371
-2
372
-2
  0
DIMSTYLE
105
89
330
4
100
AcDbSymbolTableRecord
100
AcDbDimStyleTableRecord
  2
EZ_CURVED
 70
0
  3

  4

 40
1.0
 41
0.25
 42
0.125
 43
3.75
 44
0.375
 45
0.0
 46
0.0
 47
0.0
 48
0.0
140
0.25
141
2.5
142
0.0
143
0.03937007874
144
100.0
145
0.0
146
0.5
147
0.1
148
0.0
 71
0
 72
0
 73
0
 74
0
 75
0
 76
0
 77
1
 78
12
 79
2
 90
2
170
0
171
3
172
1
173
0
174
0
175
0
176
0
177
0
178
0
179
2
271
2
272
2
273
2
274
3
275
0
276
0
277
2
278
46
279
2
280
0
281
0
282
0
283
0
284
8
285
0
286
0
288
1
289
3
340
4C
371
-2
372
-2
  0
ENDTAB
  0
TABLE
  2
BLOCK_RECORD
  5
9
330
0
100
AcDbSymbolTable
 70
5
  0
BLOCK_RECORD
  5
17
330
9
100
AcDbSymbolTableRecord
100
AcDbBlockTableRecord
  2
*Model_Space
340
1A
  0
BLOCK_RECORD
  5
1B
330
9
100
AcDbSymbolTableRecord
100
AcDbBlockTableRecord
  2
*Paper_Space
340
1E
  0
BLOCK_RECORD
  5
74
330
9
100
AcDbSymbolTableRecord
100
AcDbBlockTableRecord
  2
_ARCHTICK
340
0
  0
BLOCK_RECORD
  5
78
330
9
100
AcDbSymbolTableRecord
100
AcDbBlockTableRecord
  2
_CLOSEDFILLED
340
0
  0
BLOCK_RECORD
  5
84
330
9
100
AcDbSymbolTableRecord
100
AcDbBlockTableRecord
  2
_CLOSEDBLANK
340
0
  0
ENDTAB
  0
ENDSEC
  0
SECTION
  2
BLOCKS
  0
BLOCK
  5
18
330
17
100
AcDbEntity
  8
0
100
AcDbBlockBegin
  2
*Model_Space
 70
0
 10
0.0
 20
0.0
 30
0.0
  3
*Model_Space
  1

  0
ENDBLK
  5
19
330
17
100
AcDbEntity
  8
0
100
AcDbBlockEnd
  0
BLOCK
  5
1C
330
1B
100
AcDbEntity
  8
0
100
AcDbBlockBegin
  2
*Paper_Space
 70
0
 10
0.0
 20
0.0
 30
0.0
  3
*Paper_Space
  1

  0
ENDBLK
  5
1D
330
1B
100
AcDbEntity
  8
0
100
AcDbBlockEnd
  0
BLOCK
  5
75
330
74
100
AcDbEntity
  8
0
100
AcDbBlockBegin
  2
_ARCHTICK
 70
0
 10
0.0
 20
0.0
 30
0.0
  3
_ARCHTICK
  1

  0
LWPOLYLINE
  5
77
330
74
100
AcDbEntity
  8
0
  6
BYBLOCK
 62
0
100
AcDbPolyline
 90
2
 70
0
 43
0.15
 10
-0.5
 20
-0.5
 10
0.5
 20
0.5
  0
ENDBLK
  5
76
330
74
100
AcDbEntity
  8
0
100
AcDbBlockEnd
  0
BLOCK
  5
79
330
78
100
AcDbEntity
  8
0
100
AcDbBlockBegin
  2
_CLOSEDFILLED
 70
0
 10
0.0
 20
0.0
 30
0.0
  3
_CLOSEDFILLED
  1

  0
SOLID
  5
7B
330
78
100
AcDbEntity
  8
0
  6
BYBLOCK
 62
0
100
AcDbTrace
 10
-1.0
 20
0.16439898372402537
 30
0.0
 11
0.0
 21
0.0
 31
0.0
 12
-1.0
 22
-0.16439898372402537
 32
0.0
 13
-1.0
 23
-0.16439898372402537
 33
0.0
  0
ENDBLK
  5
7A
330
78
100
AcDbEntity
  8
0
100
AcDbBlockEnd
  0
BLOCK
  5
85
330
84
100
AcDbEntity
  8
0
100
AcDbBlockBegin
  2
_CLOSEDBLANK
 70
0
 10
0.0
 20
0.0
 30
0.0
  3
_CLOSEDBLANK
  1

  0
LWPOLYLINE
  5
87
330
84
100
AcDbEntity
  8
0
  6
BYBLOCK
 62
0
100
AcDbPolyline
 90
3
 70
1
 10
-1.0
 20
0.16439898372402537
 10
0.0
 20
0.0
 10
-1.0
 20
-0.16439898372402537
  0
ENDBLK
  5
86
330
84
100
AcDbEntity
  8
0
100
AcDbBlockEnd
  0
ENDSEC
  0
SECTION
  2
ENTITIES
  0
LWPOLYLINE
  5
98
330
17
100
AcDbEntity
  8
PISO-MORET
100
AcDbPolyline
 90
4
 70
1
 10
496.1607
 20
-86.7384
 10
496.76070000000004
 20
-86.7384
 10
496.76070000000004
 20
-85.5444
 10
496.1607
 20
-85.5444
  0
TEXT
  5
99
330
17
100
AcDbEntity
  8
ETIQUETAS
100
AcDbText
 10
496.461
 20
-86.141
 30
0.0
 40
0.055
  1
PB-M-068
 72
1
 11
496.461
 21
-86.141
 31
0.0
100
AcDbText
 73
2
  0
LWPOLYLINE
  5
9A
330
17
100
AcDbEntity
  8
PISO-MORET
100
AcDbPolyline
 90
4
 70
1
 10
495.5587
 20
-86.7384
 10
496.1587
 20
-86.7384
 10
496.1587
 20
-85.5444
 10
495.5587
 20
-85.5444
  0
TEXT
  5
9B
330
17
100
AcDbEntity
  8
ETIQUETAS
100
AcDbText
 10
495.859
 20
-86.141
 30
0.0
 40
0.055
  1
PB-M-067
 72
1
 11
495.859
 21
-86.141
 31
0.0
100
AcDbText
 73
2
  0
LWPOLYLINE
  5
9C
330
17
100
AcDbEntity
  8
PISO-MORET
100
AcDbPolyline
 90
4
 70
1
 10
494.9567
 20
-86.7384
 10
495.55670000000003
 20
-86.7384
 10
495.55670000000003
 20
-85.5444
 10
494.9567
 20
-85.5444
  0
TEXT
  5
9D
330
17
100
AcDbEntity
  8
ETIQUETAS
100
AcDbText
 10
495.257
 20
-86.141
 30
0.0
 40
0.055
  1
PB-M-066
 72
1
 11
495.257
 21
-86.141
 31
0.0
100
AcDbText
 73
2
  0
LWPOLYLINE
  5
9E
330
17
100
AcDbEntity
  8
PISO-MORET
100
AcDbPolyline
 90
4
 70
1
 10
494.3547
 20
-86.7384
 10
494.9547
 20
-86.7384
 10
494.9547
 20
-85.5444
 10
494.3547
 20
-85.5444
  0
TEXT
  5
9F
330
17
100
AcDbEntity
  8
ETIQUETAS
100
AcDbText
 10
494.655
 20
-86.141
 30
0.0
 40
0.055
  1
PB-M-065
 72
1
 11
494.655
 21
-86.141
 31
0.0
100
AcDbText
 73
2
  0
LWPOLYLINE
  5
A0
330
17
100
AcDbEntity
  8
PISO-MORET
100
AcDbPolyline
 90
4
 70
1
 10
493.7527
 20
-86.7384
 10
494.3527
 20
-86.7384
 10
494.3527
 20
-85.5444
 10
493.7527
 20
-85.5444
  0
TEXT
  5
A1
330
17
100
AcDbEntity
  8
ETIQUETAS
100
AcDbText
 10
494.053
 20
-86.141
 30
0.0
 40
0.055
  1
PB-M-064
 72
1
 11
494.053
 21
-86.141
 31
0.0
100
AcDbText
 73
2
  0
LWPOLYLINE
  5
A2
330
17
100
AcDbEntity
  8
PISO-MORET
100
AcDbPolyline
 90
4
 70
1
 10
493.1507
 20
-86.7384
 10
493.7507
 20
-86.7384
 10
493.7507
 20
-85.5444
 10
493.1507
 20
-85.5444
  0
TEXT
  5
A3
330
17
100
AcDbEntity
  8
ETIQUETAS
100
AcDbText
 10
493.451
 20
-86.141
 30
0.0
 40
0.055
  1
PB-M-063
 72
1
 11
493.451
 21
-86.141
 31
0.0
100
AcDbText
 73
2
  0
LWPOLYLINE
  5
A4
330
17
100
AcDbEntity
  8
PISO-MORET
100
AcDbPolyline
 90
4
 70
1
 10
492.5487
 20
-86.7384
 10
493.1487
 20
-86.7384
 10
493.1487
 20
-85.5444
 10
492.5487
 20
-85.5444
  0
TEXT
  5
A5
330
17
100
AcDbEntity
  8
ETIQUETAS
100
AcDbText
 10
492.849
 20
-86.141
 30
0.0
 40
0.055
  1
PB-M-062
 72
1
 11
492.849
 21
-86.141
 31
0.0
100
AcDbText
 73
2
  0
LWPOLYLINE
  5
A6
330
17
100
AcDbEntity
  8
PISO-MORET
100
AcDbPolyline
 90
4
 70
1
 10
491.9467
 20
-86.7384
 10
492.54670000000004
 20
-86.7384
 10
492.54670000000004
 20
-85.5444
 10
491.9467
 20
-85.5444
  0
TEXT
  5
A7
330
17
100
AcDbEntity
  8
ETIQUETAS
100
AcDbText
 10
492.247
 20
-86.141
 30
0.0
 40
0.055
  1
PB-M-061
 72
1
 11
492.247
 21
-86.141
 31
0.0
100
AcDbText
 73
2
  0
LWPOLYLINE
  5
A8
330
17
100
AcDbEntity
  8
PISO-MORET
100
AcDbPolyline
 90
4
 70
1
 10
491.3447
 20
-86.7384
 10
491.9447
 20
-86.7384
 10
491.9447
 20
-85.5444
 10
491.3447
 20
-85.5444
  0
TEXT
  5
A9
330
17
100
AcDbEntity
  8
ETIQUETAS
100
AcDbText
 10
491.645
 20
-86.141
 30
0.0
 40
0.055
  1
PB-M-060
 72
1
 11
491.645
 21
-86.141
 31
0.0
100
AcDbText
 73
2
  0
LWPOLYLINE
  5
AA
330
17
100
AcDbEntity
  8
PISO-MORET
100
AcDbPolyline
 90
4
 70
1
 10
490.7427
 20
-86.7384
 10
491.34270000000004
 20
-86.7384
 10
491.34270000000004
 20
-85.5444
 10
490.7427
 20
-85.5444
  0
TEXT
  5
AB
330
17
100
AcDbEntity
  8
ETIQUETAS
100
AcDbText
 10
491.043
 20
-86.141
 30
0.0
 40
0.055
  1
PB-M-059
 72
1
 11
491.043
 21
-86.141
 31
0.0
100
AcDbText
 73
2
  0
LWPOLYLINE
  5
AC
330
17
100
AcDbEntity
  8
PISO-MORET
100
AcDbPolyline
 90
4
 70
1
 10
490.1407
 20
-86.7384
 10
490.7407
 20
-86.7384
 10
490.7407
 20
-85.5444
 10
490.1407
 20
-85.5444
  0
TEXT
  5
AD
330
17
100
AcDbEntity
  8
ETIQUETAS
100
AcDbText
 10
490.441
 20
-86.141
 30
0.0
 40
0.055
  1
PB-M-058
 72
1
 11
490.441
 21
-86.141
 31
0.0
100
AcDbText
 73
2
  0
LWPOLYLINE
  5
AE
330
17
100
AcDbEntity
  8
PISO-MORET
100
AcDbPolyline
 90
4
 70
1
 10
489.5407
 20
-87.9334
 10
490.14070000000004
 20
-87.9334
 10
490.14070000000004
 20
-86.7394
 10
489.5407
 20
-86.7394
  0
TEXT
  5
AF
330
17
100
AcDbEntity
  8
ETIQUETAS
100
AcDbText
 10
489.841
 20
-87.336
 30
0.0
 40
0.055
  1
PB-M-073
 72
1
 11
489.841
 21
-87.336
 31
0.0
100
AcDbText
 73
2
  0
LWPOLYLINE
  5
B0
330
17
100
AcDbEntity
  8
PISO-MORET
100
AcDbPolyline
 90
4
 70
1
 10
496.7627
 20
-86.7384
 10
497.3627
 20
-86.7384
 10
497.3627
 20
-85.5444
 10
496.7627
 20
-85.5444
  0
TEXT
  5
B1
330
17
100
AcDbEntity
  8
ETIQUETAS
100
AcDbText
 10
497.063
 20
-86.141
 30
0.0
 40
0.055
  1
PB-M-069
 72
1
 11
497.063
 21
-86.141
 31
0.0
100
AcDbText
 73
2
  0
LWPOLYLINE
  5
B2
330
17
100
AcDbEntity
  8
PISO-MORET
100
AcDbPolyline
 90
4
 70
1
 10
496.1607
 20
-85.5424
 10
496.76070000000004
 20
-85.5424
 10
496.76070000000004
 20
-84.3484
 10
496.1607
 20
-84.3484
  0
TEXT
  5
B3
330
17
100
AcDbEntity
  8
ETIQUETAS
100
AcDbText
 10
496.461
 20
-84.945
 30
0.0
 40
0.055
  1
PB-M-054
 72
1
 11
496.461
 21
-84.945
 31
0.0
100
AcDbText
 73
2
  0
LWPOLYLINE
  5
B4
330
17
100
AcDbEntity
  8
PISO-MORET
100
AcDbPolyline
 90
4
 70
1
 10
495.5587
 20
-85.5424
 10
496.1587
 20
-85.5424
 10
496.1587
 20
-84.3484
 10
495.5587
 20
-84.3484
  0
TEXT
  5
B5
330
17
100
AcDbEntity
  8
ETIQUETAS
100
AcDbText
 10
495.859
 20
-84.945
 30
0.0
 40
0.055
  1
PB-M-053
 72
1
 11
495.859
 21
-84.945
 31
0.0
100
AcDbText
 73
2
  0
LWPOLYLINE
  5
B6
330
17
100
AcDbEntity
  8
PISO-MORET
100
AcDbPolyline
 90
4
 70
1
 10
494.9567
 20
-85.5424
 10
495.55670000000003
 20
-85.5424
 10
495.55670000000003
 20
-84.3484
 10
494.9567
 20
-84.3484
  0
TEXT
  5
B7
330
17
100
AcDbEntity
  8
ETIQUETAS
100
AcDbText
 10
495.257
 20
-84.945
 30
0.0
 40
0.055
  1
PB-M-052
 72
1
 11
495.257
 21
-84.945
 31
0.0
100
AcDbText
 73
2
  0
LWPOLYLINE
  5
B8
330
17
100
AcDbEntity
  8
PISO-MORET
100
AcDbPolyline
 90
4
 70
1
 10
494.3547
 20
-85.5424
 10
494.9547
 20
-85.5424
 10
494.9547
 20
-84.3484
 10
494.3547
 20
-84.3484
  0
TEXT
  5
B9
330
17
100
AcDbEntity
  8
ETIQUETAS
100
AcDbText
 10
494.655
 20
-84.945
 30
0.0
 40
0.055
  1
PB-M-051
 72
1
 11
494.655
 21
-84.945
 31
0.0
100
AcDbText
 73
2
  0
LWPOLYLINE
  5
BA
330
17
100
AcDbEntity
  8
PISO-MORET
100
AcDbPolyline
 90
4
 70
1
 10
493.7527
 20
-85.5424
 10
494.3527
 20
-85.5424
 10
494.3527
 20
-84.3484
 10
493.7527
 20
-84.3484
  0
TEXT
  5
BB
330
17
100
AcDbEntity
  8
ETIQUETAS
100
AcDbText
 10
494.053
 20
-84.945
 30
0.0
 40
0.055
  1
PB-M-050
 72
1
 11
494.053
 21
-84.945
 31
0.0
100
AcDbText
 73
2
  0
LWPOLYLINE
  5
BC
330
17
100
AcDbEntity
  8
PISO-MORET
100
AcDbPolyline
 90
4
 70
1
 10
493.1507
 20
-85.5424
 10
493.7507
 20
-85.5424
 10
493.7507
 20
-84.3484
 10
493.1507
 20
-84.3484
  0
TEXT
  5
BD
330
17
100
AcDbEntity
  8
ETIQUETAS
100
AcDbText
 10
493.451
 20
-84.945
 30
0.0
 40
0.055
  1
PB-M-049
 72
1
 11
493.451
 21
-84.945
 31
0.0
100
AcDbText
 73
2
  0
LWPOLYLINE
  5
BE
330
17
100
AcDbEntity
  8
PISO-MORET
100
AcDbPolyline
 90
4
 70
1
 10
492.5487
 20
-85.5424
 10
493.1487
 20
-85.5424
 10
493.1487
 20
-84.3484
 10
492.5487
 20
-84.3484
  0
TEXT
  5
BF
330
17
100
AcDbEntity
  8
ETIQUETAS
100
AcDbText
 10
492.849
 20
-84.945
 30
0.0
 40
0.055
  1
PB-M-048
 72
1
 11
492.849
 21
-84.945
 31
0.0
100
AcDbText
 73
2
  0
LWPOLYLINE
  5
C0
330
17
100
AcDbEntity
  8
PISO-MORET
100
AcDbPolyline
 90
4
 70
1
 10
491.9467
 20
-85.5424
 10
492.54670000000004
 20
-85.5424
 10
492.54670000000004
 20
-84.3484
 10
491.9467
 20
-84.3484
  0
TEXT
  5
C1
330
17
100
AcDbEntity
  8
ETIQUETAS
100
AcDbText
 10
492.247
 20
-84.945
 30
0.0
 40
0.055
  1
PB-M-047
 72
1
 11
492.247
 21
-84.945
 31
0.0
100
AcDbText
 73
2
  0
LWPOLYLINE
  5
C2
330
17
100
AcDbEntity
  8
PISO-MORET
100
AcDbPolyline
 90
4
 70
1
 10
491.3447
 20
-85.5424
 10
491.9447
 20
-85.5424
 10
491.9447
 20
-84.3484
 10
491.3447
 20
-84.3484
  0
TEXT
  5
C3
330
17
100
AcDbEntity
  8
ETIQUETAS
100
AcDbText
 10
491.645
 20
-84.945
 30
0.0
 40
0.055
  1
PB-M-046
 72
1
 11
491.645
 21
-84.945
 31
0.0
100
AcDbText
 73
2
  0
LWPOLYLINE
  5
C4
330
17
100
AcDbEntity
  8
PISO-MORET
100
AcDbPolyline
 90
4
 70
1
 10
490.7427
 20
-85.5424
 10
491.34270000000004
 20
-85.5424
 10
491.34270000000004
 20
-84.3484
 10
490.7427
 20
-84.3484
  0
TEXT
  5
C5
330
17
100
AcDbEntity
  8
ETIQUETAS
100
AcDbText
 10
491.043
 20
-84.945
 30
0.0
 40
0.055
  1
PB-M-045
 72
1
 11
491.043
 21
-84.945
 31
0.0
100
AcDbText
 73
2
  0
LWPOLYLINE
  5
C6
330
17
100
AcDbEntity
  8
PISO-MORET
100
AcDbPolyline
 90
4
 70
1
 10
490.1407
 20
-85.5424
 10
490.7407
 20
-85.5424
 10
490.7407
 20
-84.3484
 10
490.1407
 20
-84.3484
  0
TEXT
  5
C7
330
17
100
AcDbEntity
  8
ETIQUETAS
100
AcDbText
 10
490.441
 20
-84.945
 30
0.0
 40
0.055
  1
PB-M-044
 72
1
 11
490.441
 21
-84.945
 31
0.0
100
AcDbText
 73
2
  0
LWPOLYLINE
  5
C8
330
17
100
AcDbEntity
  8
PISO-MORET
100
AcDbPolyline
 90
4
 70
1
 10
489.5387
 20
-85.5424
 10
490.13870000000003
 20
-85.5424
 10
490.13870000000003
 20
-84.3484
 10
489.5387
 20
-84.3484
  0
TEXT
  5
C9
330
17
100
AcDbEntity
  8
ETIQUETAS
100
AcDbText
 10
489.839
 20
-84.945
 30
0.0
 40
0.055
  1
PB-M-043
 72
1
 11
489.839
 21
-84.945
 31
0.0
100
AcDbText
 73
2
  0
LWPOLYLINE
  5
CA
330
17
100
AcDbEntity
  8
PISO-MORET
100
AcDbPolyline
 90
4
 70
1
 10
496.7627
 20
-85.5424
 10
497.3627
 20
-85.5424
 10
497.3627
 20
-84.3484
 10
496.7627
 20
-84.3484
  0
TEXT
  5
CB
330
17
100
AcDbEntity
  8
ETIQUETAS
100
AcDbText
 10
497.063
 20
-84.945
 30
0.0
 40
0.055
  1
PB-M-055
 72
1
 11
497.063
 21
-84.945
 31
0.0
100
AcDbText
 73
2
  0
LWPOLYLINE
  5
CC
330
17
100
AcDbEntity
  8
PISO-MORET
100
AcDbPolyline
 90
4
 70
1
 10
493.7527
 20
-89.1284
 10
494.3527
 20
-89.1284
 10
494.3527
 20
-87.9344
 10
493.7527
 20
-87.9344
  0
TEXT
  5
CD
330
17
100
AcDbEntity
  8
ETIQUETAS
100
AcDbText
 10
494.053
 20
-88.531
 30
0.0
 40
0.055
  1
PB-M-097
 72
1
 11
494.053
 21
-88.531
 31
0.0
100
AcDbText
 73
2
  0
LWPOLYLINE
  5
CE
330
17
100
AcDbEntity
  8
PISO-MORET
100
AcDbPolyline
 90
4
 70
1
 10
493.1507
 20
-89.1284
 10
493.7507
 20
-89.1284
 10
493.7507
 20
-87.9344
 10
493.1507
 20
-87.9344
  0
TEXT
  5
CF
330
17
100
AcDbEntity
  8
ETIQUETAS
100
AcDbText
 10
493.451
 20
-88.531
 30
0.0
 40
0.055
  1
PB-M-096
 72
1
 11
493.451
 21
-88.531
 31
0.0
100
AcDbText
 73
2
  0
LWPOLYLINE
  5
D0
330
17
100
AcDbEntity
  8
PISO-MORET
100
AcDbPolyline
 90
4
 70
1
 10
492.5487
 20
-89.1284
 10
493.1487
 20
-89.1284
 10
493.1487
 20
-87.9344
 10
492.5487
 20
-87.9344
  0
TEXT
  5
D1
330
17
100
AcDbEntity
  8
ETIQUETAS
100
AcDbText
 10
492.849
 20
-88.531
 30
0.0
 40
0.055
  1
PB-M-095
 72
1
 11
492.849
 21
-88.531
 31
0.0
100
AcDbText
 73
2
  0
LWPOLYLINE
  5
D2
330
17
100
AcDbEntity
  8
PISO-MORET
100
AcDbPolyline
 90
4
 70
1
 10
491.9467
 20
-89.1284
 10
492.54670000000004
 20
-89.1284
 10
492.54670000000004
 20
-87.9344
 10
491.9467
 20
-87.9344
  0
TEXT
  5
D3
330
17
100
AcDbEntity
  8
ETIQUETAS
100
AcDbText
 10
492.247
 20
-88.531
 30
0.0
 40
0.055
  1
PB-M-094
 72
1
 11
492.247
 21
-88.531
 31
0.0
100
AcDbText
 73
2
  0
LWPOLYLINE
  5
D4
330
17
100
AcDbEntity
  8
PISO-MORET
100
AcDbPolyline
 90
4
 70
1
 10
491.3447
 20
-89.1284
 10
491.9447
 20
-89.1284
 10
491.9447
 20
-87.9344
 10
491.3447
 20
-87.9344
  0
TEXT
  5
D5
330
17
100
AcDbEntity
  8
ETIQUETAS
100
AcDbText
 10
491.645
 20
-88.531
 30
0.0
 40
0.055
  1
PB-M-093
 72
1
 11
491.645
 21
-88.531
 31
0.0
100
AcDbText
 73
2
  0
LWPOLYLINE
  5
D6
330
17
100
AcDbEntity
  8
PISO-MORET
100
AcDbPolyline
 90
4
 70
1
 10
490.7427
 20
-89.1284
 10
491.34270000000004
 20
-89.1284
 10
491.34270000000004
 20
-87.9344
 10
490.7427
 20
-87.9344
  0
TEXT
  5
D7
330
17
100
AcDbEntity
  8
ETIQUETAS
100
AcDbText
 10
491.043
 20
-88.531
 30
0.0
 40
0.055
  1
PB-M-092
 72
1
 11
491.043
 21
-88.531
 31
0.0
100
AcDbText
 73
2
  0
LWPOLYLINE
  5
D8
330
17
100
AcDbEntity
  8
PISO-MORET
100
AcDbPolyline
 90
4
 70
1
 10
490.1407
 20
-89.1284
 10
490.7407
 20
-89.1284
 10
490.7407
 20
-87.9344
 10
490.1407
 20
-87.9344
  0
TEXT
  5
D9
330
17
100
AcDbEntity
  8
ETIQUETAS
100
AcDbText
 10
490.441
 20
-88.531
 30
0.0
 40
0.055
  1
PB-M-091
 72
1
 11
490.441
 21
-88.531
 31
0.0
100
AcDbText
 73
2
  0
LWPOLYLINE
  5
DA
330
17
100
AcDbEntity
  8
PISO-MORET
100
AcDbPolyline
 90
4
 70
1
 10
489.5387
 20
-89.1284
 10
490.13870000000003
 20
-89.1284
 10
490.13870000000003
 20
-87.9344
 10
489.5387
 20
-87.9344
  0
TEXT
  5
DB
330
17
100
AcDbEntity
  8
ETIQUETAS
100
AcDbText
 10
489.839
 20
-88.531
 30
0.0
 40
0.055
  1
PB-M-090
 72
1
 11
489.839
 21
-88.531
 31
0.0
100
AcDbText
 73
2
  0
LWPOLYLINE
  5
DC
330
17
100
AcDbEntity
  8
PISO-MORET
100
AcDbPolyline
 90
4
 70
1
 10
493.7527
 20
-90.3244
 10
494.3527
 20
-90.3244
 10
494.3527
 20
-89.1304
 10
493.7527
 20
-89.1304
  0
TEXT
  5
DD
330
17
100
AcDbEntity
  8
ETIQUETAS
100
AcDbText
 10
494.053
 20
-89.727
 30
0.0
 40
0.055
  1
PB-M-112
 72
1
 11
494.053
 21
-89.727
 31
0.0
100
AcDbText
 73
2
  0
LWPOLYLINE
  5
DE
330
17
100
AcDbEntity
  8
PISO-MORET
100
AcDbPolyline
 90
4
 70
1
 10
493.1507
 20
-90.3244
 10
493.7507
 20
-90.3244
 10
493.7507
 20
-89.1304
 10
493.1507
 20
-89.1304
  0
TEXT
  5
DF
330
17
100
AcDbEntity
  8
ETIQUETAS
100
AcDbText
 10
493.451
 20
-89.727
 30
0.0
 40
0.055
  1
PB-M-111
 72
1
 11
493.451
 21
-89.727
 31
0.0
100
AcDbText
 73
2
  0
LWPOLYLINE
  5
E0
330
17
100
AcDbEntity
  8
PISO-MORET
100
AcDbPolyline
 90
4
 70
1
 10
492.5487
 20
-90.3244
 10
493.1487
 20
-90.3244
 10
493.1487
 20
-89.1304
 10
492.5487
 20
-89.1304
  0
TEXT
  5
E1
330
17
100
AcDbEntity
  8
ETIQUETAS
100
AcDbText
 10
492.849
 20
-89.727
 30
0.0
 40
0.055
  1
PB-M-110
 72
1
 11
492.849
 21
-89.727
 31
0.0
100
AcDbText
 73
2
  0
LWPOLYLINE
  5
E2
330
17
100
AcDbEntity
  8
PISO-MORET
100
AcDbPolyline
 90
4
 70
1
 10
491.9467
 20
-90.3244
 10
492.54670000000004
 20
-90.3244
 10
492.54670000000004
 20
-89.1304
 10
491.9467
 20
-89.1304
  0
TEXT
  5
E3
330
17
100
AcDbEntity
  8
ETIQUETAS
100
AcDbText
 10
492.247
 20
-89.727
 30
0.0
 40
0.055
  1
PB-M-109
 72
1
 11
492.247
 21
-89.727
 31
0.0
100
AcDbText
 73
2
  0
LWPOLYLINE
  5
E4
330
17
100
AcDbEntity
  8
PISO-MORET
100
AcDbPolyline
 90
4
 70
1
 10
491.3447
 20
-90.3244
 10
491.9447
 20
-90.3244
 10
491.9447
 20
-89.1304
 10
491.3447
 20
-89.1304
  0
TEXT
  5
E5
330
17
100
AcDbEntity
  8
ETIQUETAS
100
AcDbText
 10
491.645
 20
-89.727
 30
0.0
 40
0.055
  1
PB-M-108
 72
1
 11
491.645
 21
-89.727
 31
0.0
100
AcDbText
 73
2
  0
LWPOLYLINE
  5
E6
330
17
100
AcDbEntity
  8
PISO-MORET
100
AcDbPolyline
 90
4
 70
1
 10
490.7427
 20
-90.3244
 10
491.34270000000004
 20
-90.3244
 10
491.34270000000004
 20
-89.1304
 10
490.7427
 20
-89.1304
  0
TEXT
  5
E7
330
17
100
AcDbEntity
  8
ETIQUETAS
100
AcDbText
 10
491.043
 20
-89.727
 30
0.0
 40
0.055
  1
PB-M-107
 72
1
 11
491.043
 21
-89.727
 31
0.0
100
AcDbText
 73
2
  0
LWPOLYLINE
  5
E8
330
17
100
AcDbEntity
  8
PISO-MORET
100
AcDbPolyline
 90
4
 70
1
 10
490.1407
 20
-90.3244
 10
490.7407
 20
-90.3244
 10
490.7407
 20
-89.1304
 10
490.1407
 20
-89.1304
  0
TEXT
  5
E9
330
17
100
AcDbEntity
  8
ETIQUETAS
100
AcDbText
 10
490.441
 20
-89.727
 30
0.0
 40
0.055
  1
PB-M-106
 72
1
 11
490.441
 21
-89.727
 31
0.0
100
AcDbText
 73
2
  0
LWPOLYLINE
  5
EA
330
17
100
AcDbEntity
  8
PISO-MORET
100
AcDbPolyline
 90
4
 70
1
 10
489.5387
 20
-90.3244
 10
490.13870000000003
 20
-90.3244
 10
490.13870000000003
 20
-89.1304
 10
489.5387
 20
-89.1304
  0
TEXT
  5
EB
330
17
100
AcDbEntity
  8
ETIQUETAS
100
AcDbText
 10
489.839
 20
-89.727
 30
0.0
 40
0.055
  1
PB-M-105
 72
1
 11
489.839
 21
-89.727
 31
0.0
100
AcDbText
 73
2
  0
LWPOLYLINE
  5
EC
330
17
100
AcDbEntity
  8
PISO-MORET
100
AcDbPolyline
 90
8
 70
1
 10
494.9547
 20
-91.5204
 10
494.3547
 20
-91.5204
 10
494.3547
 20
-90.3264
 10
494.9547
 20
-90.3264
 10
494.9547
 20
-90.3264
 10
494.6387
 20
-90.3264
 10
494.6387
 20
-90.3404
 10
494.9547
 20
-90.3404
  0
TEXT
  5
ED
330
17
100
AcDbEntity
  8
ETIQUETAS
100
AcDbText
 10
494.655
 20
-90.923
 30
0.0
 40
0.055
  1
PB-M-133
 72
1
 11
494.655
 21
-90.923
 31
0.0
100
AcDbText
 73
2
  0
LWPOLYLINE
  5
EE
330
17
100
AcDbEntity
  8
PISO-MORET
100
AcDbPolyline
 90
4
 70
1
 10
493.7527
 20
-91.5204
 10
494.3527
 20
-91.5204
 10
494.3527
 20
-90.32639999999999
 10
493.7527
 20
-90.32639999999999
  0
TEXT
  5
EF
330
17
100
AcDbEntity
  8
ETIQUETAS
100
AcDbText
 10
494.053
 20
-90.923
 30
0.0
 40
0.055
  1
PB-M-132
 72
1
 11
494.053
 21
-90.923
 31
0.0
100
AcDbText
 73
2
  0
LWPOLYLINE
  5
F0
330
17
100
AcDbEntity
  8
PISO-MORET
100
AcDbPolyline
 90
4
 70
1
 10
493.1507
 20
-91.5204
 10
493.7507
 20
-91.5204
 10
493.7507
 20
-90.32639999999999
 10
493.1507
 20
-90.32639999999999
  0
TEXT
  5
F1
330
17
100
AcDbEntity
  8
ETIQUETAS
100
AcDbText
 10
493.451
 20
-90.923
 30
0.0
 40
0.055
  1
PB-M-131
 72
1
 11
493.451
 21
-90.923
 31
0.0
100
AcDbText
 73
2
  0
LWPOLYLINE
  5
F2
330
17
100
AcDbEntity
  8
PISO-MORET
100
AcDbPolyline
 90
4
 70
1
 10
492.5487
 20
-91.5204
 10
493.1487
 20
-91.5204
 10
493.1487
 20
-90.32639999999999
 10
492.5487
 20
-90.32639999999999
  0
TEXT
  5
F3
330
17
100
AcDbEntity
  8
ETIQUETAS
100
AcDbText
 10
492.849
 20
-90.923
 30
0.0
 40
0.055
  1
PB-M-130
 72
1
 11
492.849
 21
-90.923
 31
0.0
100
AcDbText
 73
2
  0
LWPOLYLINE
  5
F4
330
17
100
AcDbEntity
  8
PISO-MORET
100
AcDbPolyline
 90
4
 70
1
 10
491.9467
 20
-91.5204
 10
492.54670000000004
 20
-91.5204
 10
492.54670000000004
 20
-90.32639999999999
 10
491.9467
 20
-90.32639999999999
  0
TEXT
  5
F5
330
17
100
AcDbEntity
  8
ETIQUETAS
100
AcDbText
 10
492.247
 20
-90.923
 30
0.0
 40
0.055
  1
PB-M-129
 72
1
 11
492.247
 21
-90.923
 31
0.0
100
AcDbText
 73
2
  0
LWPOLYLINE
  5
F6
330
17
100
AcDbEntity
  8
PISO-MORET
100
AcDbPolyline
 90
4
 70
1
 10
491.3447
 20
-91.5204
 10
491.9447
 20
-91.5204
 10
491.9447
 20
-90.32639999999999
 10
491.3447
 20
-90.32639999999999
  0
TEXT
  5
F7
330
17
100
AcDbEntity
  8
ETIQUETAS
100
AcDbText
 10
491.645
 20
-90.923
 30
0.0
 40
0.055
  1
PB-M-128
 72
1
 11
491.645
 21
-90.923
 31
0.0
100
AcDbText
 73
2
  0
LWPOLYLINE
  5
F8
330
17
100
AcDbEntity
  8
PISO-MORET
100
AcDbPolyline
 90
4
 70
1
 10
490.7427
 20
-91.5204
 10
491.34270000000004
 20
-91.5204
 10
491.34270000000004
 20
-90.32639999999999
 10
490.7427
 20
-90.32639999999999
  0
TEXT
  5
F9
330
17
100
AcDbEntity
  8
ETIQUETAS
100
AcDbText
 10
491.043
 20
-90.923
 30
0.0
 40
0.055
  1
PB-M-127
 72
1
 11
491.043
 21
-90.923
 31
0.0
100
AcDbText
 73
2
  0
LWPOLYLINE
  5
FA
330
17
100
AcDbEntity
  8
PISO-MORET
100
AcDbPolyline
 90
4
 70
1
 10
490.1407
 20
-91.5204
 10
490.7407
 20
-91.5204
 10
490.7407
 20
-90.32639999999999
 10
490.1407
 20
-90.32639999999999
  0
TEXT
  5
FB
330
17
100
AcDbEntity
  8
ETIQUETAS
100
AcDbText
 10
490.441
 20
-90.923
 30
0.0
 40
0.055
  1
PB-M-126
 72
1
 11
490.441
 21
-90.923
 31
0.0
100
AcDbText
 73
2
  0
LWPOLYLINE
  5
FC
330
17
100
AcDbEntity
  8
PISO-MORET
100
AcDbPolyline
 90
4
 70
1
 10
489.5387
 20
-91.5204
 10
490.13870000000003
 20
-91.5204
 10
490.13870000000003
 20
-90.32639999999999
 10
489.5387
 20
-90.32639999999999
  0
TEXT
  5
FD
330
17
100
AcDbEntity
  8
ETIQUETAS
100
AcDbText
 10
489.839
 20
-90.923
 30
0.0
 40
0.055
  1
PB-M-125
 72
1
 11
489.839
 21
-90.923
 31
0.0
100
AcDbText
 73
2
  0
LWPOLYLINE
  5
FE
330
17
100
AcDbEntity
  8
PISO-MORET
100
AcDbPolyline
 90
4
 70
1
 10
496.1607
 20
-82.0044
 10
496.76070000000004
 20
-82.0044
 10
496.76070000000004
 20
-80.8104
 10
496.1607
 20
-80.8104
  0
TEXT
  5
FF
330
17
100
AcDbEntity
  8
ETIQUETAS
100
AcDbText
 10
496.461
 20
-81.407
 30
0.0
 40
0.055
  1
PB-M-012
 72
1
 11
496.461
 21
-81.407
 31
0.0
100
AcDbText
 73
2
  0
LWPOLYLINE
  5
100
330
17
100
AcDbEntity
  8
PISO-MORET
100
AcDbPolyline
 90
4
 70
1
 10
495.5587
 20
-82.0044
 10
496.1587
 20
-82.0044
 10
496.1587
 20
-80.8104
 10
495.5587
 20
-80.8104
  0
TEXT
  5
101
330
17
100
AcDbEntity
  8
ETIQUETAS
100
AcDbText
 10
495.859
 20
-81.407
 30
0.0
 40
0.055
  1
PB-M-011
 72
1
 11
495.859
 21
-81.407
 31
0.0
100
AcDbText
 73
2
  0
LWPOLYLINE
  5
102
330
17
100
AcDbEntity
  8
PISO-MORET
100
AcDbPolyline
 90
4
 70
1
 10
494.9567
 20
-82.0044
 10
495.55670000000003
 20
-82.0044
 10
495.55670000000003
 20
-80.8104
 10
494.9567
 20
-80.8104
  0
TEXT
  5
103
330
17
100
AcDbEntity
  8
ETIQUETAS
100
AcDbText
 10
495.257
 20
-81.407
 30
0.0
 40
0.055
  1
PB-M-010
 72
1
 11
495.257
 21
-81.407
 31
0.0
100
AcDbText
 73
2
  0
LWPOLYLINE
  5
104
330
17
100
AcDbEntity
  8
PISO-MORET
100
AcDbPolyline
 90
4
 70
1
 10
494.3547
 20
-82.0044
 10
494.9547
 20
-82.0044
 10
494.9547
 20
-80.8104
 10
494.3547
 20
-80.8104
  0
TEXT
  5
105
330
17
100
AcDbEntity
  8
ETIQUETAS
100
AcDbText
 10
494.655
 20
-81.407
 30
0.0
 40
0.055
  1
PB-M-009
 72
1
 11
494.655
 21
-81.407
 31
0.0
100
AcDbText
 73
2
  0
LWPOLYLINE
  5
106
330
17
100
AcDbEntity
  8
PISO-MORET
100
AcDbPolyline
 90
4
 70
1
 10
493.7527
 20
-82.0044
 10
494.3527
 20
-82.0044
 10
494.3527
 20
-80.8104
 10
493.7527
 20
-80.8104
  0
TEXT
  5
107
330
17
100
AcDbEntity
  8
ETIQUETAS
100
AcDbText
 10
494.053
 20
-81.407
 30
0.0
 40
0.055
  1
PB-M-008
 72
1
 11
494.053
 21
-81.407
 31
0.0
100
AcDbText
 73
2
  0
LWPOLYLINE
  5
108
330
17
100
AcDbEntity
  8
PISO-MORET
100
AcDbPolyline
 90
4
 70
1
 10
493.1507
 20
-82.0044
 10
493.7507
 20
-82.0044
 10
493.7507
 20
-80.8104
 10
493.1507
 20
-80.8104
  0
TEXT
  5
109
330
17
100
AcDbEntity
  8
ETIQUETAS
100
AcDbText
 10
493.451
 20
-81.407
 30
0.0
 40
0.055
  1
PB-M-007
 72
1
 11
493.451
 21
-81.407
 31
0.0
100
AcDbText
 73
2
  0
LWPOLYLINE
  5
10A
330
17
100
AcDbEntity
  8
PISO-MORET
100
AcDbPolyline
 90
4
 70
1
 10
492.5487
 20
-82.0044
 10
493.1487
 20
-82.0044
 10
493.1487
 20
-80.8104
 10
492.5487
 20
-80.8104
  0
TEXT
  5
10B
330
17
100
AcDbEntity
  8
ETIQUETAS
100
AcDbText
 10
492.849
 20
-81.407
 30
0.0
 40
0.055
  1
PB-M-006
 72
1
 11
492.849
 21
-81.407
 31
0.0
100
AcDbText
 73
2
  0
LWPOLYLINE
  5
10C
330
17
100
AcDbEntity
  8
PISO-MORET
100
AcDbPolyline
 90
4
 70
1
 10
491.9467
 20
-82.0044
 10
492.54670000000004
 20
-82.0044
 10
492.54670000000004
 20
-80.8104
 10
491.9467
 20
-80.8104
  0
TEXT
  5
10D
330
17
100
AcDbEntity
  8
ETIQUETAS
100
AcDbText
 10
492.247
 20
-81.407
 30
0.0
 40
0.055
  1
PB-M-005
 72
1
 11
492.247
 21
-81.407
 31
0.0
100
AcDbText
 73
2
  0
LWPOLYLINE
  5
10E
330
17
100
AcDbEntity
  8
PISO-MORET
100
AcDbPolyline
 90
4
 70
1
 10
491.3447
 20
-82.0044
 10
491.9447
 20
-82.0044
 10
491.9447
 20
-80.8104
 10
491.3447
 20
-80.8104
  0
TEXT
  5
10F
330
17
100
AcDbEntity
  8
ETIQUETAS
100
AcDbText
 10
491.645
 20
-81.407
 30
0.0
 40
0.055
  1
PB-M-004
 72
1
 11
491.645
 21
-81.407
 31
0.0
100
AcDbText
 73
2
  0
LWPOLYLINE
  5
110
330
17
100
AcDbEntity
  8
PISO-MORET
100
AcDbPolyline
 90
4
 70
1
 10
490.7427
 20
-82.0044
 10
491.34270000000004
 20
-82.0044
 10
491.34270000000004
 20
-80.8104
 10
490.7427
 20
-80.8104
  0
TEXT
  5
111
330
17
100
AcDbEntity
  8
ETIQUETAS
100
AcDbText
 10
491.043
 20
-81.407
 30
0.0
 40
0.055
  1
PB-M-003
 72
1
 11
491.043
 21
-81.407
 31
0.0
100
AcDbText
 73
2
  0
LWPOLYLINE
  5
112
330
17
100
AcDbEntity
  8
PISO-MORET
100
AcDbPolyline
 90
4
 70
1
 10
490.1407
 20
-82.0044
 10
490.7407
 20
-82.0044
 10
490.7407
 20
-80.8104
 10
490.1407
 20
-80.8104
  0
TEXT
  5
113
330
17
100
AcDbEntity
  8
ETIQUETAS
100
AcDbText
 10
490.441
 20
-81.407
 30
0.0
 40
0.055
  1
PB-M-002
 72
1
 11
490.441
 21
-81.407
 31
0.0
100
AcDbText
 73
2
  0
LWPOLYLINE
  5
114
330
17
100
AcDbEntity
  8
PISO-MORET
100
AcDbPolyline
 90
4
 70
1
 10
489.5387
 20
-82.0044
 10
490.13870000000003
 20
-82.0044
 10
490.13870000000003
 20
-80.8104
 10
489.5387
 20
-80.8104
  0
TEXT
  5
115
330
17
100
AcDbEntity
  8
ETIQUETAS
100
AcDbText
 10
489.839
 20
-81.407
 30
0.0
 40
0.055
  1
PB-M-001
 72
1
 11
489.839
 21
-81.407
 31
0.0
100
AcDbText
 73
2
  0
LWPOLYLINE
  5
116
330
17
100
AcDbEntity
  8
PISO-MORET
100
AcDbPolyline
 90
4
 70
1
 10
496.7627
 20
-82.0044
 10
497.3627
 20
-82.0044
 10
497.3627
 20
-80.8104
 10
496.7627
 20
-80.8104
  0
TEXT
  5
117
330
17
100
AcDbEntity
  8
ETIQUETAS
100
AcDbText
 10
497.063
 20
-81.407
 30
0.0
 40
0.055
  1
PB-M-013
 72
1
 11
497.063
 21
-81.407
 31
0.0
100
AcDbText
 73
2
  0
LWPOLYLINE
  5
118
330
17
100
AcDbEntity
  8
PISO-MORET
100
AcDbPolyline
 90
4
 70
1
 10
502.7442
 20
-90.2364
 10
503.3442
 20
-90.2364
 10
503.3442
 20
-89.0424
 10
502.7442
 20
-89.0424
  0
TEXT
  5
119
330
17
100
AcDbEntity
  8
ETIQUETAS
100
AcDbText
 10
503.044
 20
-89.639
 30
0.0
 40
0.055
  1
PA-M-036
 72
1
 11
503.044
 21
-89.639
 31
0.0
100
AcDbText
 73
2
  0
LWPOLYLINE
  5
11A
330
17
100
AcDbEntity
  8
PISO-MORET
100
AcDbPolyline
 90
4
 70
1
 10
502.7442
 20
-91.4324
 10
503.3442
 20
-91.4324
 10
503.3442
 20
-90.2384
 10
502.7442
 20
-90.2384
  0
TEXT
  5
11B
330
17
100
AcDbEntity
  8
ETIQUETAS
100
AcDbText
 10
503.044
 20
-90.835
 30
0.0
 40
0.055
  1
PA-M-039
 72
1
 11
503.044
 21
-90.835
 31
0.0
100
AcDbText
 73
2
  0
LWPOLYLINE
  5
11C
330
17
100
AcDbEntity
  8
PISO-MORET
100
AcDbPolyline
 90
10
 70
1
 10
506.0102
 20
-89.8204
 10
506.0102
 20
-88.6264
 10
506.6102
 20
-88.6264
 10
506.6102
 20
-89.7304
 10
506.3442
 20
-89.7304
 10
506.3442
 20
-89.1304
 10
506.2242
 20
-89.1304
 10
506.2242
 20
-89.7304
 10
506.0242
 20
-89.7304
 10
506.0242
 20
-89.8204
  0
TEXT
  5
11D
330
17
100
AcDbEntity
  8
ETIQUETAS
100
AcDbText
 10
506.31
 20
-89.223
 30
0.0
 40
0.055
  1
PA-M-035
 72
1
 11
506.31
 21
-89.223
 31
0.0
100
AcDbText
 73
2
  0
LWPOLYLINE
  5
11E
330
17
100
AcDbEntity
  8
PISO-MORET
100
AcDbPolyline
 90
4
 70
1
 10
505.4082
 20
-89.8204
 10
506.00820000000004
 20
-89.8204
 10
506.00820000000004
 20
-88.6264
 10
505.4082
 20
-88.6264
  0
TEXT
  5
11F
330
17
100
AcDbEntity
  8
ETIQUETAS
100
AcDbText
 10
505.708
 20
-89.223
 30
0.0
 40
0.055
  1
PA-M-034
 72
1
 11
505.708
 21
-89.223
 31
0.0
100
AcDbText
 73
2
  0
LWPOLYLINE
  5
120
330
17
100
AcDbEntity
  8
PISO-MORET
100
AcDbPolyline
 90
6
 70
1
 10
504.8062
 20
-88.6264
 10
505.4062
 20
-88.6264
 10
505.4062
 20
-89.8204
 10
505.1242
 20
-89.8204
 10
505.1242
 20
-89.7304
 10
504.8062
 20
-89.7304
  0
TEXT
  5
121
330
17
100
AcDbEntity
  8
ETIQUETAS
100
AcDbText
 10
505.106
 20
-89.223
 30
0.0
 40
0.055
  1
PA-M-033
 72
1
 11
505.106
 21
-89.223
 31
0.0
100
AcDbText
 73
2
  0
LWPOLYLINE
  5
122
330
17
100
AcDbEntity
  8
PISO-MORET
100
AcDbPolyline
 90
4
 70
1
 10
505.4082
 20
-88.6244
 10
506.00820000000004
 20
-88.6244
 10
506.00820000000004
 20
-87.43039999999999
 10
505.4082
 20
-87.43039999999999
  0
TEXT
  5
123
330
17
100
AcDbEntity
  8
ETIQUETAS
100
AcDbText
 10
505.708
 20
-88.027
 30
0.0
 40
0.055
  1
PA-M-024
 72
1
 11
505.708
 21
-88.027
 31
0.0
100
AcDbText
 73
2
  0
LWPOLYLINE
  5
124
330
17
100
AcDbEntity
  8
PISO-MORET
100
AcDbPolyline
 90
4
 70
1
 10
504.8062
 20
-88.6244
 10
505.4062
 20
-88.6244
 10
505.4062
 20
-87.43039999999999
 10
504.8062
 20
-87.43039999999999
  0
TEXT
  5
125
330
17
100
AcDbEntity
  8
ETIQUETAS
100
AcDbText
 10
505.106
 20
-88.027
 30
0.0
 40
0.055
  1
PA-M-023
 72
1
 11
505.106
 21
-88.027
 31
0.0
100
AcDbText
 73
2
  0
LWPOLYLINE
  5
126
330
17
100
AcDbEntity
  8
PISO-MORET
100
AcDbPolyline
 90
4
 70
1
 10
504.2042
 20
-88.6244
 10
504.80420000000004
 20
-88.6244
 10
504.80420000000004
 20
-87.43039999999999
 10
504.2042
 20
-87.43039999999999
  0
TEXT
  5
127
330
17
100
AcDbEntity
  8
ETIQUETAS
100
AcDbText
 10
504.504
 20
-88.027
 30
0.0
 40
0.055
  1
PA-M-022
 72
1
 11
504.504
 21
-88.027
 31
0.0
100
AcDbText
 73
2
  0
LWPOLYLINE
  5
128
330
17
100
AcDbEntity
  8
PISO-MORET
100
AcDbPolyline
 90
11
 70
1
 10
506.0102
 20
-88.6244
 10
506.0102
 20
-87.4304
 10
506.6102
 20
-87.4304
 10
506.6102
 20
-87.4304
 10
506.3442
 20
-87.4304
 10
506.2242
 20
-87.4304
 10
506.2242
 20
-88.3804
 10
506.3442
 20
-88.3804
 10
506.3442
 20
-87.9404
 10
506.6102
 20
-87.9404
 10
506.6102
 20
-88.6244
  0
TEXT
  5
129
330
17
100
AcDbEntity
  8
ETIQUETAS
100
AcDbText
 10
506.31
 20
-88.027
 30
0.0
 40
0.055
  1
PA-M-025
 72
1
 11
506.31
 21
-88.027
 31
0.0
100
AcDbText
 73
2
  0
LWPOLYLINE
  5
12A
330
17
100
AcDbEntity
  8
PISO-MORET
100
AcDbPolyline
 90
4
 70
1
 10
502.7442
 20
-87.8884
 10
503.3442
 20
-87.8884
 10
503.3442
 20
-86.6944
 10
502.7442
 20
-86.6944
  0
TEXT
  5
12B
330
17
100
AcDbEntity
  8
ETIQUETAS
100
AcDbText
 10
503.044
 20
-87.291
 30
0.0
 40
0.055
  1
PA-M-020
 72
1
 11
503.044
 21
-87.291
 31
0.0
100
AcDbText
 73
2
  0
LWPOLYLINE
  5
12C
330
17
100
AcDbEntity
  8
PISO-MORET
100
AcDbPolyline
 90
4
 70
1
 10
502.7442
 20
-86.6924
 10
503.3442
 20
-86.6924
 10
503.3442
 20
-85.4984
 10
502.7442
 20
-85.4984
  0
TEXT
  5
12D
330
17
100
AcDbEntity
  8
ETIQUETAS
100
AcDbText
 10
503.044
 20
-86.095
 30
0.0
 40
0.055
  1
PA-M-010
 72
1
 11
503.044
 21
-86.095
 31
0.0
100
AcDbText
 73
2
  0
LWPOLYLINE
  5
12E
330
17
100
AcDbEntity
  8
PISO-MORET
100
AcDbPolyline
 90
4
 70
1
 10
496.1607
 20
-89.7194
 10
496.76070000000004
 20
-89.7194
 10
496.76070000000004
 20
-88.52539999999999
 10
496.1607
 20
-88.52539999999999
  0
TEXT
  5
12F
330
17
100
AcDbEntity
  8
ETIQUETAS
100
AcDbText
 10
496.461
 20
-89.122
 30
0.0
 40
0.055
  1
PB-M-102
 72
1
 11
496.461
 21
-89.122
 31
0.0
100
AcDbText
 73
2
  0
LWPOLYLINE
  5
130
330
17
100
AcDbEntity
  8
PISO-MORET
100
AcDbPolyline
 90
4
 70
1
 10
495.5587
 20
-89.7194
 10
496.1587
 20
-89.7194
 10
496.1587
 20
-88.52539999999999
 10
495.5587
 20
-88.52539999999999
  0
TEXT
  5
131
330
17
100
AcDbEntity
  8
ETIQUETAS
100
AcDbText
 10
495.859
 20
-89.122
 30
0.0
 40
0.055
  1
PB-M-101
 72
1
 11
495.859
 21
-89.122
 31
0.0
100
AcDbText
 73
2
  0
LWPOLYLINE
  5
132
330
17
100
AcDbEntity
  8
PISO-MORET
100
AcDbPolyline
 90
4
 70
1
 10
494.9567
 20
-89.7194
 10
495.55670000000003
 20
-89.7194
 10
495.55670000000003
 20
-88.52539999999999
 10
494.9567
 20
-88.52539999999999
  0
TEXT
  5
133
330
17
100
AcDbEntity
  8
ETIQUETAS
100
AcDbText
 10
495.257
 20
-89.122
 30
0.0
 40
0.055
  1
PB-M-100
 72
1
 11
495.257
 21
-89.122
 31
0.0
100
AcDbText
 73
2
  0
LWPOLYLINE
  5
134
330
17
100
AcDbEntity
  8
PISO-MORET
100
AcDbPolyline
 90
4
 70
1
 10
489.539
 20
-86.738
 10
490.139
 20
-86.738
 10
490.139
 20
-85.544
 10
489.539
 20
-85.544
  0
TEXT
  5
135
330
17
100
AcDbEntity
  8
ETIQUETAS
100
AcDbText
 10
489.84
 20
-86.14
 30
0.0
 40
0.055
  1
PB-M-057
 72
1
 11
489.84
 21
-86.14
 31
0.0
100
AcDbText
 73
2
  0
LWPOLYLINE
  5
136
330
17
100
AcDbEntity
  8
PISO-MORET
100
AcDbPolyline
 90
4
 70
1
 10
496.1607
 20
-87.9324
 10
496.76070000000004
 20
-87.9324
 10
496.76070000000004
 20
-86.74040000000001
 10
496.1607
 20
-86.74040000000001
  0
TEXT
  5
137
330
17
100
AcDbEntity
  8
ETIQUETAS
100
AcDbText
 10
496.461
 20
-87.336
 30
0.0
 40
0.055
  1
PB-M-084
 72
1
 11
496.461
 21
-87.336
 31
0.0
100
AcDbText
 73
2
  0
LWPOLYLINE
  5
138
330
17
100
AcDbEntity
  8
PISO-MORET
100
AcDbPolyline
 90
8
 70
1
 10
495.5587
 20
-87.9324
 10
495.5587
 20
-86.7404
 10
496.1587
 20
-86.7404
 10
496.1587
 20
-87.9324
 10
495.8287
 20
-87.9324
 10
495.8287
 20
-87.8604
 10
495.7087
 20
-87.8604
 10
495.7087
 20
-87.9324
  0
TEXT
  5
139
330
17
100
AcDbEntity
  8
ETIQUETAS
100
AcDbText
 10
495.859
 20
-87.336
 30
0.0
 40
0.055
  1
PB-M-083
 72
1
 11
495.859
 21
-87.336
 31
0.0
100
AcDbText
 73
2
  0
LWPOLYLINE
  5
13A
330
17
100
AcDbEntity
  8
PISO-MORET
100
AcDbPolyline
 90
4
 70
1
 10
494.9567
 20
-87.9324
 10
495.55670000000003
 20
-87.9324
 10
495.55670000000003
 20
-86.74040000000001
 10
494.9567
 20
-86.74040000000001
  0
TEXT
  5
13B
330
17
100
AcDbEntity
  8
ETIQUETAS
100
AcDbText
 10
495.257
 20
-87.336
 30
0.0
 40
0.055
  1
PB-M-082
 72
1
 11
495.257
 21
-87.336
 31
0.0
100
AcDbText
 73
2
  0
LWPOLYLINE
  5
13C
330
17
100
AcDbEntity
  8
PISO-MORET
100
AcDbPolyline
 90
8
 70
1
 10
494.3547
 20
-87.9324
 10
494.3547
 20
-86.7404
 10
494.9547
 20
-86.7404
 10
494.9547
 20
-87.9324
 10
494.8187
 20
-87.9324
 10
494.8187
 20
-87.8604
 10
494.6387
 20
-87.8604
 10
494.6387
 20
-87.9324
  0
TEXT
  5
13D
330
17
100
AcDbEntity
  8
ETIQUETAS
100
AcDbText
 10
494.655
 20
-87.336
 30
0.0
 40
0.055
  1
PB-M-081
 72
1
 11
494.655
 21
-87.336
 31
0.0
100
AcDbText
 73
2
  0
LWPOLYLINE
  5
13E
330
17
100
AcDbEntity
  8
PISO-MORET
100
AcDbPolyline
 90
4
 70
1
 10
493.7527
 20
-87.9324
 10
494.3527
 20
-87.9324
 10
494.3527
 20
-86.74040000000001
 10
493.7527
 20
-86.74040000000001
  0
TEXT
  5
13F
330
17
100
AcDbEntity
  8
ETIQUETAS
100
AcDbText
 10
494.053
 20
-87.336
 30
0.0
 40
0.055
  1
PB-M-080
 72
1
 11
494.053
 21
-87.336
 31
0.0
100
AcDbText
 73
2
  0
LWPOLYLINE
  5
140
330
17
100
AcDbEntity
  8
PISO-MORET
100
AcDbPolyline
 90
4
 70
1
 10
493.1507
 20
-87.9324
 10
493.7507
 20
-87.9324
 10
493.7507
 20
-86.74040000000001
 10
493.1507
 20
-86.74040000000001
  0
TEXT
  5
141
330
17
100
AcDbEntity
  8
ETIQUETAS
100
AcDbText
 10
493.451
 20
-87.336
 30
0.0
 40
0.055
  1
PB-M-079
 72
1
 11
493.451
 21
-87.336
 31
0.0
100
AcDbText
 73
2
  0
LWPOLYLINE
  5
142
330
17
100
AcDbEntity
  8
PISO-MORET
100
AcDbPolyline
 90
4
 70
1
 10
492.5487
 20
-87.9324
 10
493.1487
 20
-87.9324
 10
493.1487
 20
-86.74040000000001
 10
492.5487
 20
-86.74040000000001
  0
TEXT
  5
143
330
17
100
AcDbEntity
  8
ETIQUETAS
100
AcDbText
 10
492.849
 20
-87.336
 30
0.0
 40
0.055
  1
PB-M-078
 72
1
 11
492.849
 21
-87.336
 31
0.0
100
AcDbText
 73
2
  0
LWPOLYLINE
  5
144
330
17
100
AcDbEntity
  8
PISO-MORET
100
AcDbPolyline
 90
4
 70
1
 10
491.9467
 20
-87.9324
 10
492.54670000000004
 20
-87.9324
 10
492.54670000000004
 20
-86.74040000000001
 10
491.9467
 20
-86.74040000000001
  0
TEXT
  5
145
330
17
100
AcDbEntity
  8
ETIQUETAS
100
AcDbText
 10
492.247
 20
-87.336
 30
0.0
 40
0.055
  1
PB-M-077
 72
1
 11
492.247
 21
-87.336
 31
0.0
100
AcDbText
 73
2
  0
LWPOLYLINE
  5
146
330
17
100
AcDbEntity
  8
PISO-MORET
100
AcDbPolyline
 90
4
 70
1
 10
491.3447
 20
-87.9324
 10
491.9447
 20
-87.9324
 10
491.9447
 20
-86.74040000000001
 10
491.3447
 20
-86.74040000000001
  0
TEXT
  5
147
330
17
100
AcDbEntity
  8
ETIQUETAS
100
AcDbText
 10
491.645
 20
-87.336
 30
0.0
 40
0.055
  1
PB-M-076
 72
1
 11
491.645
 21
-87.336
 31
0.0
100
AcDbText
 73
2
  0
LWPOLYLINE
  5
148
330
17
100
AcDbEntity
  8
PISO-MORET
100
AcDbPolyline
 90
4
 70
1
 10
490.7427
 20
-87.9324
 10
491.34270000000004
 20
-87.9324
 10
491.34270000000004
 20
-86.74040000000001
 10
490.7427
 20
-86.74040000000001
  0
TEXT
  5
149
330
17
100
AcDbEntity
  8
ETIQUETAS
100
AcDbText
 10
491.043
 20
-87.336
 30
0.0
 40
0.055
  1
PB-M-075
 72
1
 11
491.043
 21
-87.336
 31
0.0
100
AcDbText
 73
2
  0
LWPOLYLINE
  5
14A
330
17
100
AcDbEntity
  8
PISO-MORET
100
AcDbPolyline
 90
4
 70
1
 10
490.1407
 20
-87.9324
 10
490.7407
 20
-87.9324
 10
490.7407
 20
-86.74040000000001
 10
490.1407
 20
-86.74040000000001
  0
TEXT
  5
14B
330
17
100
AcDbEntity
  8
ETIQUETAS
100
AcDbText
 10
490.441
 20
-87.336
 30
0.0
 40
0.055
  1
PB-M-074
 72
1
 11
490.441
 21
-87.336
 31
0.0
100
AcDbText
 73
2
  0
LWPOLYLINE
  5
14C
330
17
100
AcDbEntity
  8
PISO-MORET
100
AcDbPolyline
 90
4
 70
1
 10
503.3462
 20
-90.2364
 10
503.9442
 20
-90.2364
 10
503.9442
 20
-89.0424
 10
503.3462
 20
-89.0424
  0
TEXT
  5
14D
330
17
100
AcDbEntity
  8
ETIQUETAS
100
AcDbText
 10
503.645
 20
-89.639
 30
0.0
 40
0.055
  1
PA-M-037
 72
1
 11
503.645
 21
-89.639
 31
0.0
100
AcDbText
 73
2
  0
LWPOLYLINE
  5
14E
330
17
100
AcDbEntity
  8
PISO-MORET
100
AcDbPolyline
 90
4
 70
1
 10
503.3462
 20
-91.4324
 10
503.9442
 20
-91.4324
 10
503.9442
 20
-90.2384
 10
503.3462
 20
-90.2384
  0
TEXT
  5
14F
330
17
100
AcDbEntity
  8
ETIQUETAS
100
AcDbText
 10
503.645
 20
-90.835
 30
0.0
 40
0.055
  1
PA-M-040
 72
1
 11
503.645
 21
-90.835
 31
0.0
100
AcDbText
 73
2
  0
LWPOLYLINE
  5
150
330
17
100
AcDbEntity
  8
PISO-MORET
100
AcDbPolyline
 90
4
 70
1
 10
503.3462
 20
-87.8884
 10
503.9442
 20
-87.8884
 10
503.9442
 20
-86.6944
 10
503.3462
 20
-86.6944
  0
TEXT
  5
151
330
17
100
AcDbEntity
  8
ETIQUETAS
100
AcDbText
 10
503.645
 20
-87.291
 30
0.0
 40
0.055
  1
PA-M-021
 72
1
 11
503.645
 21
-87.291
 31
0.0
100
AcDbText
 73
2
  0
LWPOLYLINE
  5
152
330
17
100
AcDbEntity
  8
PISO-MORET
100
AcDbPolyline
 90
4
 70
1
 10
503.3462
 20
-86.6924
 10
503.9442
 20
-86.6924
 10
503.9442
 20
-85.4984
 10
503.3462
 20
-85.4984
  0
TEXT
  5
153
330
17
100
AcDbEntity
  8
ETIQUETAS
100
AcDbText
 10
503.645
 20
-86.095
 30
0.0
 40
0.055
  1
PA-M-011
 72
1
 11
503.645
 21
-86.095
 31
0.0
100
AcDbText
 73
2
  0
LWPOLYLINE
  5
154
330
17
100
AcDbEntity
  8
PISO-MORET
100
AcDbPolyline
 90
6
 70
1
 10
504.4662
 20
-85.0604
 10
505.0642
 20
-85.0604
 10
505.0642
 20
-86.2544
 10
504.5242
 20
-86.2544
 10
504.5242
 20
-85.8604
 10
504.4662
 20
-85.8604
  0
TEXT
  5
155
330
17
100
AcDbEntity
  8
ETIQUETAS
100
AcDbText
 10
504.765
 20
-85.657
 30
0.0
 40
0.055
  1
PA-M-005
 72
1
 11
504.765
 21
-85.657
 31
0.0
100
AcDbText
 73
2
  0
LWPOLYLINE
  5
156
330
17
100
AcDbEntity
  8
PISO-MORET
100
AcDbPolyline
 90
4
 70
1
 10
505.0662
 20
-86.2544
 10
505.6642
 20
-86.2544
 10
505.6642
 20
-85.0604
 10
505.0662
 20
-85.0604
  0
TEXT
  5
157
330
17
100
AcDbEntity
  8
ETIQUETAS
100
AcDbText
 10
505.365
 20
-85.657
 30
0.0
 40
0.055
  1
PA-M-006
 72
1
 11
505.365
 21
-85.657
 31
0.0
100
AcDbText
 73
2
  0
LWPOLYLINE
  5
158
330
17
100
AcDbEntity
  8
PISO-MORET
100
AcDbPolyline
 90
4
 70
1
 10
505.6662
 20
-86.2544
 10
506.2642
 20
-86.2544
 10
506.2642
 20
-85.0604
 10
505.6662
 20
-85.0604
  0
TEXT
  5
159
330
17
100
AcDbEntity
  8
ETIQUETAS
100
AcDbText
 10
505.965
 20
-85.657
 30
0.0
 40
0.055
  1
PA-M-007
 72
1
 11
505.965
 21
-85.657
 31
0.0
100
AcDbText
 73
2
  0
LWPOLYLINE
  5
15A
330
17
100
AcDbEntity
  8
PISO-MORET
100
AcDbPolyline
 90
4
 70
1
 10
494.3547
 20
-92.7104
 10
494.9547
 20
-92.7104
 10
494.9547
 20
-91.5224
 10
494.3547
 20
-91.5224
  0
TEXT
  5
15B
330
17
100
AcDbEntity
  8
ETIQUETAS
100
AcDbText
 10
494.655
 20
-92.116
 30
0.0
 40
0.055
  1
PB-M-148
 72
1
 11
494.655
 21
-92.116
 31
0.0
100
AcDbText
 73
2
  0
LWPOLYLINE
  5
15C
330
17
100
AcDbEntity
  8
PISO-MORET
100
AcDbPolyline
 90
6
 70
1
 10
493.7527
 20
-91.5224
 10
494.3527
 20
-91.5224
 10
494.3527
 20
-92.7104
 10
493.9087
 20
-92.7104
 10
493.9087
 20
-92.5304
 10
493.7527
 20
-92.5304
  0
TEXT
  5
15D
330
17
100
AcDbEntity
  8
ETIQUETAS
100
AcDbText
 10
494.053
 20
-92.116
 30
0.0
 40
0.055
  1
PB-M-147
 72
1
 11
494.053
 21
-92.116
 31
0.0
100
AcDbText
 73
2
  0
LWPOLYLINE
  5
15E
330
17
100
AcDbEntity
  8
PISO-MORET
100
AcDbPolyline
 90
8
 70
1
 10
494.9567
 20
-91.5204
 10
494.9567
 20
-90.3404
 10
495.5567
 20
-90.3404
 10
495.5567
 20
-91.5204
 10
495.3887
 20
-91.5204
 10
495.3887
 20
-91.2404
 10
495.2087
 20
-91.2404
 10
495.2087
 20
-91.5204
  0
TEXT
  5
15F
330
17
100
AcDbEntity
  8
ETIQUETAS
100
AcDbText
 10
495.257
 20
-90.93
 30
0.0
 40
0.055
  1
PB-M-134
 72
1
 11
495.257
 21
-90.93
 31
0.0
100
AcDbText
 73
2
  0
LWPOLYLINE
  5
160
330
17
100
AcDbEntity
  8
PISO-MORET
100
AcDbPolyline
 90
4
 70
1
 10
503.3462
 20
-89.0404
 10
503.9442
 20
-89.0404
 10
503.9442
 20
-87.8904
 10
503.3462
 20
-87.8904
  0
TEXT
  5
161
330
17
100
AcDbEntity
  8
ETIQUETAS
100
AcDbText
 10
503.645
 20
-88.465
 30
0.0
 40
0.055
  1
PA-M-029
 72
1
 11
503.645
 21
-88.465
 31
0.0
100
AcDbText
 73
2
  0
LWPOLYLINE
  5
162
330
17
100
AcDbEntity
  8
PISO-MORET
100
AcDbPolyline
 90
4
 70
1
 10
502.7442
 20
-89.0404
 10
503.3442
 20
-89.0404
 10
503.3442
 20
-87.8904
 10
502.7442
 20
-87.8904
  0
TEXT
  5
163
330
17
100
AcDbEntity
  8
ETIQUETAS
100
AcDbText
 10
503.044
 20
-88.465
 30
0.0
 40
0.055
  1
PA-M-028
 72
1
 11
503.044
 21
-88.465
 31
0.0
100
AcDbText
 73
2
  0
LWPOLYLINE
  5
164
330
17
100
AcDbEntity
  8
PISO-MORET
100
AcDbPolyline
 90
8
 70
1
 10
496.7607
 20
-83.2004
 10
496.7607
 20
-84.3464
 10
496.1607
 20
-84.3464
 10
496.1607
 20
-83.2004
 10
496.5087
 20
-83.2004
 10
496.5087
 20
-83.2604
 10
496.7607
 20
-83.2604
 10
496.7607
 20
-83.2004
  0
TEXT
  5
165
330
17
100
AcDbEntity
  8
ETIQUETAS
100
AcDbText
 10
496.461
 20
-83.773
 30
0.0
 40
0.055
  1
PB-M-039
 72
1
 11
496.461
 21
-83.773
 31
0.0
100
AcDbText
 73
2
  0
LWPOLYLINE
  5
166
330
17
100
AcDbEntity
  8
PISO-MORET
100
AcDbPolyline
 90
4
 70
1
 10
495.5587
 20
-84.3464
 10
496.1587
 20
-84.3464
 10
496.1587
 20
-83.2004
 10
495.5587
 20
-83.2004
  0
TEXT
  5
167
330
17
100
AcDbEntity
  8
ETIQUETAS
100
AcDbText
 10
495.859
 20
-83.773
 30
0.0
 40
0.055
  1
PB-M-038
 72
1
 11
495.859
 21
-83.773
 31
0.0
100
AcDbText
 73
2
  0
LWPOLYLINE
  5
168
330
17
100
AcDbEntity
  8
PISO-MORET
100
AcDbPolyline
 90
4
 70
1
 10
494.9567
 20
-84.3464
 10
495.55670000000003
 20
-84.3464
 10
495.55670000000003
 20
-83.2004
 10
494.9567
 20
-83.2004
  0
TEXT
  5
169
330
17
100
AcDbEntity
  8
ETIQUETAS
100
AcDbText
 10
495.257
 20
-83.773
 30
0.0
 40
0.055
  1
PB-M-037
 72
1
 11
495.257
 21
-83.773
 31
0.0
100
AcDbText
 73
2
  0
LWPOLYLINE
  5
16A
330
17
100
AcDbEntity
  8
PISO-MORET
100
AcDbPolyline
 90
4
 70
1
 10
494.3547
 20
-84.3464
 10
494.9547
 20
-84.3464
 10
494.9547
 20
-83.2004
 10
494.3547
 20
-83.2004
  0
TEXT
  5
16B
330
17
100
AcDbEntity
  8
ETIQUETAS
100
AcDbText
 10
494.655
 20
-83.773
 30
0.0
 40
0.055
  1
PB-M-036
 72
1
 11
494.655
 21
-83.773
 31
0.0
100
AcDbText
 73
2
  0
LWPOLYLINE
  5
16C
330
17
100
AcDbEntity
  8
PISO-MORET
100
AcDbPolyline
 90
6
 70
1
 10
494.3527
 20
-83.2004
 10
494.3527
 20
-84.3464
 10
493.7527
 20
-84.3464
 10
493.7527
 20
-83.2604
 10
494.0587
 20
-83.2604
 10
494.0587
 20
-83.2004
  0
TEXT
  5
16D
330
17
100
AcDbEntity
  8
ETIQUETAS
100
AcDbText
 10
494.053
 20
-83.773
 30
0.0
 40
0.055
  1
PB-M-035
 72
1
 11
494.053
 21
-83.773
 31
0.0
100
AcDbText
 73
2
  0
LWPOLYLINE
  5
16E
330
17
100
AcDbEntity
  8
PISO-MORET
100
AcDbPolyline
 90
6
 70
1
 10
493.1487
 20
-84.3464
 10
492.5487
 20
-84.3464
 10
492.5487
 20
-83.2004
 10
493.0587
 20
-83.2004
 10
493.0587
 20
-83.2604
 10
493.1487
 20
-83.2604
  0
TEXT
  5
16F
330
17
100
AcDbEntity
  8
ETIQUETAS
100
AcDbText
 10
492.849
 20
-83.773
 30
0.0
 40
0.055
  1
PB-M-034
 72
1
 11
492.849
 21
-83.773
 31
0.0
100
AcDbText
 73
2
  0
LWPOLYLINE
  5
170
330
17
100
AcDbEntity
  8
PISO-MORET
100
AcDbPolyline
 90
4
 70
1
 10
491.9467
 20
-84.3464
 10
492.54670000000004
 20
-84.3464
 10
492.54670000000004
 20
-83.2004
 10
491.9467
 20
-83.2004
  0
TEXT
  5
171
330
17
100
AcDbEntity
  8
ETIQUETAS
100
AcDbText
 10
492.247
 20
-83.773
 30
0.0
 40
0.055
  1
PB-M-033
 72
1
 11
492.247
 21
-83.773
 31
0.0
100
AcDbText
 73
2
  0
LWPOLYLINE
  5
172
330
17
100
AcDbEntity
  8
PISO-MORET
100
AcDbPolyline
 90
4
 70
1
 10
491.3447
 20
-84.3464
 10
491.9447
 20
-84.3464
 10
491.9447
 20
-83.2004
 10
491.3447
 20
-83.2004
  0
TEXT
  5
173
330
17
100
AcDbEntity
  8
ETIQUETAS
100
AcDbText
 10
491.645
 20
-83.773
 30
0.0
 40
0.055
  1
PB-M-032
 72
1
 11
491.645
 21
-83.773
 31
0.0
100
AcDbText
 73
2
  0
LWPOLYLINE
  5
174
330
17
100
AcDbEntity
  8
PISO-MORET
100
AcDbPolyline
 90
4
 70
1
 10
490.7427
 20
-84.3464
 10
491.34270000000004
 20
-84.3464
 10
491.34270000000004
 20
-83.2004
 10
490.7427
 20
-83.2004
  0
TEXT
  5
175
330
17
100
AcDbEntity
  8
ETIQUETAS
100
AcDbText
 10
491.043
 20
-83.773
 30
0.0
 40
0.055
  1
PB-M-031
 72
1
 11
491.043
 21
-83.773
 31
0.0
100
AcDbText
 73
2
  0
LWPOLYLINE
  5
176
330
17
100
AcDbEntity
  8
PISO-MORET
100
AcDbPolyline
 90
4
 70
1
 10
490.1407
 20
-84.3464
 10
490.7407
 20
-84.3464
 10
490.7407
 20
-83.2004
 10
490.1407
 20
-83.2004
  0
TEXT
  5
177
330
17
100
AcDbEntity
  8
ETIQUETAS
100
AcDbText
 10
490.441
 20
-83.773
 30
0.0
 40
0.055
  1
PB-M-030
 72
1
 11
490.441
 21
-83.773
 31
0.0
100
AcDbText
 73
2
  0
LWPOLYLINE
  5
178
330
17
100
AcDbEntity
  8
PISO-MORET
100
AcDbPolyline
 90
6
 70
1
 10
490.139
 20
-83.2
 10
490.139
 20
-84.346
 10
489.539
 20
-84.346
 10
489.539
 20
-83.2604
 10
490.1087
 20
-83.2604
 10
490.1087
 20
-83.2
  0
TEXT
  5
179
330
17
100
AcDbEntity
  8
ETIQUETAS
100
AcDbText
 10
489.839
 20
-83.773
 30
0.0
 40
0.055
  1
PB-M-029
 72
1
 11
489.839
 21
-83.773
 31
0.0
100
AcDbText
 73
2
  0
LWPOLYLINE
  5
17A
330
17
100
AcDbEntity
  8
PISO-MORET
100
AcDbPolyline
 90
4
 70
1
 10
496.7627
 20
-87.8604
 10
497.3627
 20
-87.8604
 10
497.3627
 20
-86.7404
 10
496.7627
 20
-86.7404
  0
TEXT
  5
17B
330
17
100
AcDbEntity
  8
ETIQUETAS
100
AcDbText
 10
497.063
 20
-87.3
 30
0.0
 40
0.055
  1
PB-M-071
 72
1
 11
497.063
 21
-87.3
 31
0.0
100
AcDbText
 73
2
  0
LWPOLYLINE
  5
17C
330
17
100
AcDbEntity
  8
PISO-MORET
100
AcDbPolyline
 90
4
 70
1
 10
495.5587
 20
-91.4604
 10
496.1587
 20
-91.4604
 10
496.1587
 20
-90.3404
 10
495.5587
 20
-90.3404
  0
TEXT
  5
17D
330
17
100
AcDbEntity
  8
ETIQUETAS
100
AcDbText
 10
495.859
 20
-90.9
 30
0.0
 40
0.055
  1
PB-M-120
 72
1
 11
495.859
 21
-90.9
 31
0.0
100
AcDbText
 73
2
  0
LWPOLYLINE
  5
17E
330
17
100
AcDbEntity
  8
PISO-MORET
100
AcDbPolyline
 90
4
 70
1
 10
496.7627
 20
-91.4604
 10
497.3627
 20
-91.4604
 10
497.3627
 20
-90.3404
 10
496.7627
 20
-90.3404
  0
TEXT
  5
17F
330
17
100
AcDbEntity
  8
ETIQUETAS
100
AcDbText
 10
497.063
 20
-90.9
 30
0.0
 40
0.055
  1
PB-M-123
 72
1
 11
497.063
 21
-90.9
 31
0.0
100
AcDbText
 73
2
  0
LWPOLYLINE
  5
180
330
17
100
AcDbEntity
  8
PISO-MORET
100
AcDbPolyline
 90
8
 70
1
 10
496.1607
 20
-83.1204
 10
496.1607
 20
-82.0064
 10
496.7607
 20
-82.0064
 10
496.7607
 20
-83.1204
 10
496.7607
 20
-83.1204
 10
496.7607
 20
-83.0804
 10
496.5087
 20
-83.0804
 10
496.5087
 20
-83.1204
  0
TEXT
  5
181
330
17
100
AcDbEntity
  8
ETIQUETAS
100
AcDbText
 10
496.461
 20
-82.563
 30
0.0
 40
0.055
  1
PB-M-028
 72
1
 11
496.461
 21
-82.563
 31
0.0
100
AcDbText
 73
2
  0
LWPOLYLINE
  5
182
330
17
100
AcDbEntity
  8
PISO-MORET
100
AcDbPolyline
 90
4
 70
1
 10
495.5587
 20
-83.1204
 10
496.1587
 20
-83.1204
 10
496.1587
 20
-82.0064
 10
495.5587
 20
-82.0064
  0
TEXT
  5
183
330
17
100
AcDbEntity
  8
ETIQUETAS
100
AcDbText
 10
495.859
 20
-82.563
 30
0.0
 40
0.055
  1
PB-M-027
 72
1
 11
495.859
 21
-82.563
 31
0.0
100
AcDbText
 73
2
  0
LWPOLYLINE
  5
184
330
17
100
AcDbEntity
  8
PISO-MORET
100
AcDbPolyline
 90
4
 70
1
 10
494.9567
 20
-83.1204
 10
495.55670000000003
 20
-83.1204
 10
495.55670000000003
 20
-82.0064
 10
494.9567
 20
-82.0064
  0
TEXT
  5
185
330
17
100
AcDbEntity
  8
ETIQUETAS
100
AcDbText
 10
495.257
 20
-82.563
 30
0.0
 40
0.055
  1
PB-M-026
 72
1
 11
495.257
 21
-82.563
 31
0.0
100
AcDbText
 73
2
  0
LWPOLYLINE
  5
186
330
17
100
AcDbEntity
  8
PISO-MORET
100
AcDbPolyline
 90
4
 70
1
 10
494.3547
 20
-83.1204
 10
494.9547
 20
-83.1204
 10
494.9547
 20
-82.0064
 10
494.3547
 20
-82.0064
  0
TEXT
  5
187
330
17
100
AcDbEntity
  8
ETIQUETAS
100
AcDbText
 10
494.655
 20
-82.563
 30
0.0
 40
0.055
  1
PB-M-025
 72
1
 11
494.655
 21
-82.563
 31
0.0
100
AcDbText
 73
2
  0
LWPOLYLINE
  5
188
330
17
100
AcDbEntity
  8
PISO-MORET
100
AcDbPolyline
 90
6
 70
1
 10
493.7527
 20
-82.0064
 10
494.3527
 20
-82.0064
 10
494.3527
 20
-83.1204
 10
494.0587
 20
-83.1204
 10
494.0587
 20
-83.0804
 10
493.7527
 20
-83.0804
  0
TEXT
  5
189
330
17
100
AcDbEntity
  8
ETIQUETAS
100
AcDbText
 10
494.053
 20
-82.563
 30
0.0
 40
0.055
  1
PB-M-024
 72
1
 11
494.053
 21
-82.563
 31
0.0
100
AcDbText
 73
2
  0
LWPOLYLINE
  5
18A
330
17
100
AcDbEntity
  8
PISO-MORET
100
AcDbPolyline
 90
6
 70
1
 10
492.5487
 20
-83.1204
 10
492.5487
 20
-82.0064
 10
493.1487
 20
-82.0064
 10
493.1487
 20
-83.0804
 10
493.0587
 20
-83.0804
 10
493.0587
 20
-83.1204
  0
TEXT
  5
18B
330
17
100
AcDbEntity
  8
ETIQUETAS
100
AcDbText
 10
492.849
 20
-82.563
 30
0.0
 40
0.055
  1
PB-M-023
 72
1
 11
492.849
 21
-82.563
 31
0.0
100
AcDbText
 73
2
  0
LWPOLYLINE
  5
18C
330
17
100
AcDbEntity
  8
PISO-MORET
100
AcDbPolyline
 90
4
 70
1
 10
491.9467
 20
-83.1204
 10
492.54670000000004
 20
-83.1204
 10
492.54670000000004
 20
-82.0064
 10
491.9467
 20
-82.0064
  0
TEXT
  5
18D
330
17
100
AcDbEntity
  8
ETIQUETAS
100
AcDbText
 10
492.247
 20
-82.563
 30
0.0
 40
0.055
  1
PB-M-022
 72
1
 11
492.247
 21
-82.563
 31
0.0
100
AcDbText
 73
2
  0
LWPOLYLINE
  5
18E
330
17
100
AcDbEntity
  8
PISO-MORET
100
AcDbPolyline
 90
4
 70
1
 10
491.3447
 20
-83.1204
 10
491.9447
 20
-83.1204
 10
491.9447
 20
-82.0064
 10
491.3447
 20
-82.0064
  0
TEXT
  5
18F
330
17
100
AcDbEntity
  8
ETIQUETAS
100
AcDbText
 10
491.645
 20
-82.563
 30
0.0
 40
0.055
  1
PB-M-021
 72
1
 11
491.645
 21
-82.563
 31
0.0
100
AcDbText
 73
2
  0
LWPOLYLINE
  5
190
330
17
100
AcDbEntity
  8
PISO-MORET
100
AcDbPolyline
 90
4
 70
1
 10
490.7427
 20
-83.1204
 10
491.34270000000004
 20
-83.1204
 10
491.34270000000004
 20
-82.0064
 10
490.7427
 20
-82.0064
  0
TEXT
  5
191
330
17
100
AcDbEntity
  8
ETIQUETAS
100
AcDbText
 10
491.043
 20
-82.563
 30
0.0
 40
0.055
  1
PB-M-020
 72
1
 11
491.043
 21
-82.563
 31
0.0
100
AcDbText
 73
2
  0
LWPOLYLINE
  5
192
330
17
100
AcDbEntity
  8
PISO-MORET
100
AcDbPolyline
 90
4
 70
1
 10
490.1407
 20
-83.1204
 10
490.7407
 20
-83.1204
 10
490.7407
 20
-82.0064
 10
490.1407
 20
-82.0064
  0
TEXT
  5
193
330
17
100
AcDbEntity
  8
ETIQUETAS
100
AcDbText
 10
490.441
 20
-82.563
 30
0.0
 40
0.055
  1
PB-M-019
 72
1
 11
490.441
 21
-82.563
 31
0.0
100
AcDbText
 73
2
  0
LWPOLYLINE
  5
194
330
17
100
AcDbEntity
  8
PISO-MORET
100
AcDbPolyline
 90
6
 70
1
 10
489.5387
 20
-82.0064
 10
490.1387
 20
-82.0064
 10
490.1387
 20
-83.1204
 10
490.1087
 20
-83.1204
 10
490.1087
 20
-83.0804
 10
489.5387
 20
-83.0804
  0
TEXT
  5
195
330
17
100
AcDbEntity
  8
ETIQUETAS
100
AcDbText
 10
489.839
 20
-82.563
 30
0.0
 40
0.055
  1
PB-M-018
 72
1
 11
489.839
 21
-82.563
 31
0.0
100
AcDbText
 73
2
  0
LWPOLYLINE
  5
196
330
17
100
AcDbEntity
  8
PISO-MORET
100
AcDbPolyline
 90
4
 70
1
 10
496.1607
 20
-92.5304
 10
496.76070000000004
 20
-92.5304
 10
496.76070000000004
 20
-91.4624
 10
496.1607
 20
-91.4624
  0
TEXT
  5
197
330
17
100
AcDbEntity
  8
ETIQUETAS
100
AcDbText
 10
496.461
 20
-91.996
 30
0.0
 40
0.055
  1
PB-M-136
 72
1
 11
496.461
 21
-91.996
 31
0.0
100
AcDbText
 73
2
  0
LWPOLYLINE
  5
198
330
17
100
AcDbEntity
  8
PISO-MORET
100
AcDbPolyline
 90
4
 70
1
 10
495.5587
 20
-92.5304
 10
496.1587
 20
-92.5304
 10
496.1587
 20
-91.4624
 10
495.5587
 20
-91.4624
  0
TEXT
  5
199
330
17
100
AcDbEntity
  8
ETIQUETAS
100
AcDbText
 10
495.859
 20
-91.996
 30
0.0
 40
0.055
  1
PB-M-135
 72
1
 11
495.859
 21
-91.996
 31
0.0
100
AcDbText
 73
2
  0
LWPOLYLINE
  5
19A
330
17
100
AcDbEntity
  8
PISO-MORET
100
AcDbPolyline
 90
4
 70
1
 10
496.7627
 20
-92.5304
 10
497.3627
 20
-92.5304
 10
497.3627
 20
-91.4624
 10
496.7627
 20
-91.4624
  0
TEXT
  5
19B
330
17
100
AcDbEntity
  8
ETIQUETAS
100
AcDbText
 10
497.063
 20
-91.996
 30
0.0
 40
0.055
  1
PB-M-137
 72
1
 11
497.063
 21
-91.996
 31
0.0
100
AcDbText
 73
2
  0
LWPOLYLINE
  5
19C
330
17
100
AcDbEntity
  8
PISO-MORET
100
AcDbPolyline
 90
4
 70
1
 10
496.7627
 20
-89.7194
 10
497.3627
 20
-89.7194
 10
497.3627
 20
-88.6104
 10
496.7627
 20
-88.6104
  0
TEXT
  5
19D
330
17
100
AcDbEntity
  8
ETIQUETAS
100
AcDbText
 10
497.063
 20
-89.165
 30
0.0
 40
0.055
  1
PB-M-103
 72
1
 11
497.063
 21
-89.165
 31
0.0
100
AcDbText
 73
2
  0
LWPOLYLINE
  5
19E
330
17
100
AcDbEntity
  8
PISO-MORET
100
AcDbPolyline
 90
4
 70
1
 10
506.6122
 20
-89.7304
 10
507.2122
 20
-89.7304
 10
507.2122
 20
-88.6264
 10
506.6122
 20
-88.6264
  0
TEXT
  5
19F
330
17
100
AcDbEntity
  8
ETIQUETAS
100
AcDbText
 10
506.912
 20
-89.178
 30
0.0
 40
0.055
  1
PA-M-031
 72
1
 11
506.912
 21
-89.178
 31
0.0
100
AcDbText
 73
2
  0
LWPOLYLINE
  5
1A0
330
17
100
AcDbEntity
  8
PISO-MORET
100
AcDbPolyline
 90
4
 70
1
 10
504.2042
 20
-89.7304
 10
504.80420000000004
 20
-89.7304
 10
504.80420000000004
 20
-88.6264
 10
504.2042
 20
-88.6264
  0
TEXT
  5
1A1
330
17
100
AcDbEntity
  8
ETIQUETAS
100
AcDbText
 10
504.504
 20
-89.178
 30
0.0
 40
0.055
  1
PA-M-030
 72
1
 11
504.504
 21
-89.178
 31
0.0
100
AcDbText
 73
2
  0
LWPOLYLINE
  5
1A2
330
17
100
AcDbEntity
  8
PISO-MORET
100
AcDbPolyline
 90
4
 70
1
 10
507.2142
 20
-89.7304
 10
507.8142
 20
-89.7304
 10
507.8142
 20
-88.6264
 10
507.2142
 20
-88.6264
  0
TEXT
  5
1A3
330
17
100
AcDbEntity
  8
ETIQUETAS
100
AcDbText
 10
507.514
 20
-89.178
 30
0.0
 40
0.055
  1
PA-M-032
 72
1
 11
507.514
 21
-89.178
 31
0.0
100
AcDbText
 73
2
  0
LWPOLYLINE
  5
1A4
330
17
100
AcDbEntity
  8
PISO-MORET
100
AcDbPolyline
 90
4
 70
1
 10
502.7442
 20
-92.5304
 10
503.3442
 20
-92.5304
 10
503.3442
 20
-91.4344
 10
502.7442
 20
-91.4344
  0
TEXT
  5
1A5
330
17
100
AcDbEntity
  8
ETIQUETAS
100
AcDbText
 10
503.044
 20
-91.982
 30
0.0
 40
0.055
  1
PA-M-041
 72
1
 11
503.044
 21
-91.982
 31
0.0
100
AcDbText
 73
2
  0
LWPOLYLINE
  5
1A6
330
17
100
AcDbEntity
  8
PISO-MORET
100
AcDbPolyline
 90
4
 70
1
 10
503.3462
 20
-92.5304
 10
503.9442
 20
-92.5304
 10
503.9442
 20
-91.4344
 10
503.3462
 20
-91.4344
  0
TEXT
  5
1A7
330
17
100
AcDbEntity
  8
ETIQUETAS
100
AcDbText
 10
503.645
 20
-91.982
 30
0.0
 40
0.055
  1
PA-M-042
 72
1
 11
503.645
 21
-91.982
 31
0.0
100
AcDbText
 73
2
  0
LWPOLYLINE
  5
1A8
330
17
100
AcDbEntity
  8
PISO-MORET
100
AcDbPolyline
 90
4
 70
1
 10
493.1507
 20
-84.3464
 10
493.7507
 20
-84.3464
 10
493.7507
 20
-83.2604
 10
493.1507
 20
-83.2604
  0
TEXT
  5
1A9
330
17
100
AcDbEntity
  8
ETIQUETAS
100
AcDbText
 10
493.451
 20
-83.803
 30
0.0
 40
0.055
  1
PB-M-040
 72
1
 11
493.451
 21
-83.803
 31
0.0
100
AcDbText
 73
2
  0
LWPOLYLINE
  5
1AA
330
17
100
AcDbEntity
  8
PISO-MORET
100
AcDbPolyline
 90
4
 70
1
 10
496.7627
 20
-84.3464
 10
497.3627
 20
-84.3464
 10
497.3627
 20
-83.2604
 10
496.7627
 20
-83.2604
  0
TEXT
  5
1AB
330
17
100
AcDbEntity
  8
ETIQUETAS
100
AcDbText
 10
497.063
 20
-83.803
 30
0.0
 40
0.055
  1
PB-M-041
 72
1
 11
497.063
 21
-83.803
 31
0.0
100
AcDbText
 73
2
  0
LWPOLYLINE
  5
1AC
330
17
100
AcDbEntity
  8
PISO-MORET
100
AcDbPolyline
 90
4
 70
1
 10
493.1507
 20
-83.0804
 10
493.7507
 20
-83.0804
 10
493.7507
 20
-82.0064
 10
493.1507
 20
-82.0064
  0
TEXT
  5
1AD
330
17
100
AcDbEntity
  8
ETIQUETAS
100
AcDbText
 10
493.451
 20
-82.543
 30
0.0
 40
0.055
  1
PB-M-015
 72
1
 11
493.451
 21
-82.543
 31
0.0
100
AcDbText
 73
2
  0
LWPOLYLINE
  5
1AE
330
17
100
AcDbEntity
  8
PISO-MORET
100
AcDbPolyline
 90
4
 70
1
 10
496.7627
 20
-83.0804
 10
497.3627
 20
-83.0804
 10
497.3627
 20
-82.0064
 10
496.7627
 20
-82.0064
  0
TEXT
  5
1AF
330
17
100
AcDbEntity
  8
ETIQUETAS
100
AcDbText
 10
497.063
 20
-82.543
 30
0.0
 40
0.055
  1
PB-M-016
 72
1
 11
497.063
 21
-82.543
 31
0.0
100
AcDbText
 73
2
  0
LWPOLYLINE
  5
1B0
330
17
100
AcDbEntity
  8
PISO-MORET
100
AcDbPolyline
 90
4
 70
1
 10
493.1507
 20
-92.5304
 10
493.7507
 20
-92.5304
 10
493.7507
 20
-91.5224
 10
493.1507
 20
-91.5224
  0
TEXT
  5
1B1
330
17
100
AcDbEntity
  8
ETIQUETAS
100
AcDbText
 10
493.451
 20
-92.026
 30
0.0
 40
0.055
  1
PB-M-142
 72
1
 11
493.451
 21
-92.026
 31
0.0
100
AcDbText
 73
2
  0
LWPOLYLINE
  5
1B2
330
17
100
AcDbEntity
  8
PISO-MORET
100
AcDbPolyline
 90
4
 70
1
 10
492.5487
 20
-92.5304
 10
493.1487
 20
-92.5304
 10
493.1487
 20
-91.5224
 10
492.5487
 20
-91.5224
  0
TEXT
  5
1B3
330
17
100
AcDbEntity
  8
ETIQUETAS
100
AcDbText
 10
492.849
 20
-92.026
 30
0.0
 40
0.055
  1
PB-M-141
 72
1
 11
492.849
 21
-92.026
 31
0.0
100
AcDbText
 73
2
  0
LWPOLYLINE
  5
1B4
330
17
100
AcDbEntity
  8
PISO-MORET
100
AcDbPolyline
 90
4
 70
1
 10
491.9467
 20
-92.5304
 10
492.54670000000004
 20
-92.5304
 10
492.54670000000004
 20
-91.5224
 10
491.9467
 20
-91.5224
  0
TEXT
  5
1B5
330
17
100
AcDbEntity
  8
ETIQUETAS
100
AcDbText
 10
492.247
 20
-92.026
 30
0.0
 40
0.055
  1
PB-M-140
 72
1
 11
492.247
 21
-92.026
 31
0.0
100
AcDbText
 73
2
  0
LWPOLYLINE
  5
1B6
330
17
100
AcDbEntity
  8
PISO-MORET
100
AcDbPolyline
 90
4
 70
1
 10
491.3447
 20
-92.5724
 10
491.9447
 20
-92.5724
 10
491.9447
 20
-91.5224
 10
491.3447
 20
-91.5224
  0
TEXT
  5
1B7
330
17
100
AcDbEntity
  8
ETIQUETAS
100
AcDbText
 10
491.645
 20
-92.047
 30
0.0
 40
0.055
  1
PB-M-146
 72
1
 11
491.645
 21
-92.047
 31
0.0
100
AcDbText
 73
2
  0
LWPOLYLINE
  5
1B8
330
17
100
AcDbEntity
  8
PISO-MORET
100
AcDbPolyline
 90
4
 70
1
 10
490.7427
 20
-92.5724
 10
491.34270000000004
 20
-92.5724
 10
491.34270000000004
 20
-91.5224
 10
490.7427
 20
-91.5224
  0
TEXT
  5
1B9
330
17
100
AcDbEntity
  8
ETIQUETAS
100
AcDbText
 10
491.043
 20
-92.047
 30
0.0
 40
0.055
  1
PB-M-145
 72
1
 11
491.043
 21
-92.047
 31
0.0
100
AcDbText
 73
2
  0
LWPOLYLINE
  5
1BA
330
17
100
AcDbEntity
  8
PISO-MORET
100
AcDbPolyline
 90
4
 70
1
 10
490.1407
 20
-92.5724
 10
490.7407
 20
-92.5724
 10
490.7407
 20
-91.5224
 10
490.1407
 20
-91.5224
  0
TEXT
  5
1BB
330
17
100
AcDbEntity
  8
ETIQUETAS
100
AcDbText
 10
490.441
 20
-92.047
 30
0.0
 40
0.055
  1
PB-M-144
 72
1
 11
490.441
 21
-92.047
 31
0.0
100
AcDbText
 73
2
  0
LWPOLYLINE
  5
1BC
330
17
100
AcDbEntity
  8
PISO-MORET
100
AcDbPolyline
 90
6
 70
1
 10
489.539
 20
-91.522
 10
490.139
 20
-91.522
 10
490.139
 20
-92.572
 10
490.1087
 20
-92.572
 10
490.1087
 20
-92.5304
 10
489.539
 20
-92.5304
  0
TEXT
  5
1BD
330
17
100
AcDbEntity
  8
ETIQUETAS
100
AcDbText
 10
489.839
 20
-92.047
 30
0.0
 40
0.055
  1
PB-M-143
 72
1
 11
489.839
 21
-92.047
 31
0.0
100
AcDbText
 73
2
  0
LWPOLYLINE
  5
1BE
330
17
100
AcDbEntity
  8
PISO-MORET
100
AcDbPolyline
 90
6
 70
1
 10
503.9462
 20
-86.5604
 10
503.9462
 20
-85.4984
 10
504.4642
 20
-85.4984
 10
504.4642
 20
-85.8604
 10
504.3442
 20
-85.8604
 10
504.3442
 20
-86.5604
  0
TEXT
  5
1BF
330
17
100
AcDbEntity
  8
ETIQUETAS
100
AcDbText
 10
504.205
 20
-86.029
 30
0.0
 40
0.055
  1
PA-M-009
 72
1
 11
504.205
 21
-86.029
 31
0.0
100
AcDbText
 73
2
  0
LWPOLYLINE
  5
1C0
330
17
100
AcDbEntity
  8
PISO-MORET
100
AcDbPolyline
 90
4
 70
1
 10
497.3647
 20
-82.0044
 10
497.75870000000003
 20
-82.0044
 10
497.75870000000003
 20
-80.8104
 10
497.3647
 20
-80.8104
  0
TEXT
  5
1C1
330
17
100
AcDbEntity
  8
ETIQUETAS
100
AcDbText
 10
497.562
 20
-81.407
 30
0.0
 40
0.055
  1
PB-M-014
 72
1
 11
497.562
 21
-81.407
 31
0.0
100
AcDbText
 73
2
  0
LWPOLYLINE
  5
1C2
330
17
100
AcDbEntity
  8
PISO-MORET
100
AcDbPolyline
 90
8
 70
1
 10
497.3647
 20
-89.7194
 10
497.3647
 20
-88.6104
 10
497.7587
 20
-88.6104
 10
497.7587
 20
-89.7194
 10
497.7587
 20
-89.7194
 10
497.7587
 20
-89.3604
 10
497.6387
 20
-89.3604
 10
497.6387
 20
-89.7194
  0
TEXT
  5
1C3
330
17
100
AcDbEntity
  8
ETIQUETAS
100
AcDbText
 10
497.562
 20
-89.165
 30
0.0
 40
0.055
  1
PB-M-104
 72
1
 11
497.562
 21
-89.165
 31
0.0
100
AcDbText
 73
2
  0
LWPOLYLINE
  5
1C4
330
17
100
AcDbEntity
  8
PISO-MORET
100
AcDbPolyline
 90
4
 70
1
 10
506.01
 20
-87.428
 10
506.2242
 20
-87.428
 10
506.2242
 20
-86.7404
 10
506.01
 20
-86.7404
  0
TEXT
  5
1C5
330
17
100
AcDbEntity
  8
ETIQUETAS
100
AcDbText
 10
506.117
 20
-87.084
 30
0.0
 40
0.047124
  1
PA-M-019
 72
1
 11
506.117
 21
-87.084
 31
0.0
100
AcDbText
 73
2
  0
LWPOLYLINE
  5
1C6
330
17
100
AcDbEntity
  8
PISO-MORET
100
AcDbPolyline
 90
4
 70
1
 10
497.3647
 20
-83.0804
 10
497.75870000000003
 20
-83.0804
 10
497.75870000000003
 20
-82.0064
 10
497.3647
 20
-82.0064
  0
TEXT
  5
1C7
330
17
100
AcDbEntity
  8
ETIQUETAS
100
AcDbText
 10
497.562
 20
-82.543
 30
0.0
 40
0.055
  1
PB-M-017
 72
1
 11
497.562
 21
-82.543
 31
0.0
100
AcDbText
 73
2
  0
LWPOLYLINE
  5
1C8
330
17
100
AcDbEntity
  8
PISO-MORET
100
AcDbPolyline
 90
4
 70
1
 10
506.2662
 20
-86.2544
 10
506.61420000000004
 20
-86.2544
 10
506.61420000000004
 20
-85.0604
 10
506.2662
 20
-85.0604
  0
TEXT
  5
1C9
330
17
100
AcDbEntity
  8
ETIQUETAS
100
AcDbText
 10
506.44
 20
-85.657
 30
0.0
 40
0.055
  1
PA-M-008
 72
1
 11
506.44
 21
-85.657
 31
0.0
100
AcDbText
 73
2
  0
LWPOLYLINE
  5
1CA
330
17
100
AcDbEntity
  8
PISO-MORET
100
AcDbPolyline
 90
4
 70
1
 10
504.2042
 20
-87.4284
 10
504.80420000000004
 20
-87.4284
 10
504.80420000000004
 20
-86.7404
 10
504.2042
 20
-86.7404
  0
TEXT
  5
1CB
330
17
100
AcDbEntity
  8
ETIQUETAS
100
AcDbText
 10
504.504
 20
-87.084
 30
0.0
 40
0.055
  1
PA-M-016
 72
1
 11
504.504
 21
-87.084
 31
0.0
100
AcDbText
 73
2
  0
LWPOLYLINE
  5
1CC
330
17
100
AcDbEntity
  8
PISO-MORET
100
AcDbPolyline
 90
4
 70
1
 10
504.8062
 20
-87.4284
 10
505.4062
 20
-87.4284
 10
505.4062
 20
-86.7404
 10
504.8062
 20
-86.7404
  0
TEXT
  5
1CD
330
17
100
AcDbEntity
  8
ETIQUETAS
100
AcDbText
 10
505.106
 20
-87.084
 30
0.0
 40
0.055
  1
PA-M-017
 72
1
 11
505.106
 21
-87.084
 31
0.0
100
AcDbText
 73
2
  0
LWPOLYLINE
  5
1CE
330
17
100
AcDbEntity
  8
PISO-MORET
100
AcDbPolyline
 90
4
 70
1
 10
505.4082
 20
-87.4284
 10
506.00820000000004
 20
-87.4284
 10
506.00820000000004
 20
-86.7404
 10
505.4082
 20
-86.7404
  0
TEXT
  5
1CF
330
17
100
AcDbEntity
  8
ETIQUETAS
100
AcDbText
 10
505.708
 20
-87.084
 30
0.0
 40
0.055
  1
PA-M-018
 72
1
 11
505.708
 21
-87.084
 31
0.0
100
AcDbText
 73
2
  0
LWPOLYLINE
  5
1D0
330
17
100
AcDbEntity
  8
PISO-MORET
100
AcDbPolyline
 90
4
 70
1
 10
506.6122
 20
-88.6244
 10
507.2122
 20
-88.6244
 10
507.2122
 20
-87.9404
 10
506.6122
 20
-87.9404
  0
TEXT
  5
1D1
330
17
100
AcDbEntity
  8
ETIQUETAS
100
AcDbText
 10
506.912
 20
-88.282
 30
0.0
 40
0.055
  1
PA-M-026
 72
1
 11
506.912
 21
-88.282
 31
0.0
100
AcDbText
 73
2
  0
LWPOLYLINE
  5
1D2
330
17
100
AcDbEntity
  8
PISO-MORET
100
AcDbPolyline
 90
4
 70
1
 10
507.2142
 20
-88.6244
 10
507.8142
 20
-88.6244
 10
507.8142
 20
-87.9404
 10
507.2142
 20
-87.9404
  0
TEXT
  5
1D3
330
17
100
AcDbEntity
  8
ETIQUETAS
100
AcDbText
 10
507.514
 20
-88.282
 30
0.0
 40
0.055
  1
PA-M-027
 72
1
 11
507.514
 21
-88.282
 31
0.0
100
AcDbText
 73
2
  0
LWPOLYLINE
  5
1D4
330
17
100
AcDbEntity
  8
PISO-MORET
100
AcDbPolyline
 90
4
 70
1
 10
496.1607
 20
-88.5234
 10
496.75870000000003
 20
-88.5234
 10
496.75870000000003
 20
-87.9344
 10
496.1607
 20
-87.9344
  0
TEXT
  5
1D5
330
17
100
AcDbEntity
  8
ETIQUETAS
100
AcDbText
 10
496.46
 20
-88.229
 30
0.0
 40
0.055
  1
PB-M-089
 72
1
 11
496.46
 21
-88.229
 31
0.0
100
AcDbText
 73
2
  0
LWPOLYLINE
  5
1D6
330
17
100
AcDbEntity
  8
PISO-MORET
100
AcDbPolyline
 90
4
 70
1
 10
494.3547
 20
-89.1284
 10
494.6387
 20
-89.1284
 10
494.6387
 20
-87.9344
 10
494.3547
 20
-87.9344
  0
TEXT
  5
1D7
330
17
100
AcDbEntity
  8
ETIQUETAS
100
AcDbText
 10
494.497
 20
-88.531
 30
0.0
 40
0.055
  1
PB-M-098
 72
1
 11
494.497
 21
-88.531
 31
0.0
100
AcDbText
 73
2
  0
LWPOLYLINE
  5
1D8
330
17
100
AcDbEntity
  8
PISO-MORET
100
AcDbPolyline
 90
4
 70
1
 10
494.3547
 20
-90.3244
 10
494.6387
 20
-90.3244
 10
494.6387
 20
-89.1304
 10
494.3547
 20
-89.1304
  0
TEXT
  5
1D9
330
17
100
AcDbEntity
  8
ETIQUETAS
100
AcDbText
 10
494.497
 20
-89.727
 30
0.0
 40
0.055
  1
PB-M-113
 72
1
 11
494.497
 21
-89.727
 31
0.0
100
AcDbText
 73
2
  0
LWPOLYLINE
  5
1DA
330
17
100
AcDbEntity
  8
PISO-MORET
100
AcDbPolyline
 90
6
 70
1
 10
503.9442
 20
-85.4964
 10
503.3462
 20
-85.4964
 10
503.3462
 20
-84.9692
 10
503.6443
 20
-84.9692
 10
503.6443
 20
-85.0604
 10
503.9442
 20
-85.0604
  0
TEXT
  5
1DB
330
17
100
AcDbEntity
  8
ETIQUETAS
100
AcDbText
 10
503.645
 20
-85.233
 30
0.0
 40
0.055
  1
PA-M-001
 72
1
 11
503.645
 21
-85.233
 31
0.0
100
AcDbText
 73
2
  0
LWPOLYLINE
  5
1DC
330
17
100
AcDbEntity
  8
PISO-MORET
100
AcDbPolyline
 90
4
 70
1
 10
502.744
 20
-85.498
 10
503.34400000000005
 20
-85.498
 10
503.34400000000005
 20
-84.97800000000001
 10
502.744
 20
-84.97800000000001
  0
TEXT
  5
1DD
330
17
100
AcDbEntity
  8
ETIQUETAS
100
AcDbText
 10
503.044
 20
-85.238
 30
0.0
 40
0.055
  1
PA-M-002
 72
1
 11
503.044
 21
-85.238
 31
0.0
100
AcDbText
 73
2
  0
LWPOLYLINE
  5
1DE
330
17
100
AcDbEntity
  8
PISO-MORET
100
AcDbPolyline
 90
4
 70
1
 10
494.9567
 20
-92.7104
 10
495.2087
 20
-92.7104
 10
495.2087
 20
-91.5224
 10
494.9567
 20
-91.5224
  0
TEXT
  5
1DF
330
17
100
AcDbEntity
  8
ETIQUETAS
100
AcDbText
 10
495.083
 20
-92.116
 30
0.0
 40
0.055
  1
PB-M-149
 72
1
 11
495.083
 21
-92.116
 31
0.0
100
AcDbText
 73
2
  0
LWPOLYLINE
  5
1E0
330
17
100
AcDbEntity
  8
PISO-MORET
100
AcDbPolyline
 90
4
 70
1
 10
494.9567
 20
-88.4054
 10
495.55670000000003
 20
-88.4054
 10
495.55670000000003
 20
-87.9344
 10
494.9567
 20
-87.9344
  0
TEXT
  5
1E1
330
17
100
AcDbEntity
  8
ETIQUETAS
100
AcDbText
 10
495.257
 20
-88.17
 30
0.0
 40
0.055
  1
PB-M-086
 72
1
 11
495.257
 21
-88.17
 31
0.0
100
AcDbText
 73
2
  0
LWPOLYLINE
  5
1E2
330
17
100
AcDbEntity
  8
PISO-MORET
100
AcDbPolyline
 90
8
 70
1
 10
496.3987
 20
-91.4604
 10
496.1607
 20
-91.4604
 10
496.1607
 20
-90.3404
 10
496.3987
 20
-90.3404
 10
496.3987
 20
-91.2404
 10
496.1887
 20
-91.2404
 10
496.1887
 20
-91.4204
 10
496.3987
 20
-91.4204
  0
TEXT
  5
1E3
330
17
100
AcDbEntity
  8
ETIQUETAS
100
AcDbText
 10
496.28
 20
-90.9
 30
0.0
 40
0.05236
  1
PB-M-121
 72
1
 11
496.28
 21
-90.9
 31
0.0
100
AcDbText
 73
2
  0
LWPOLYLINE
  5
1E4
330
17
100
AcDbEntity
  8
PISO-MORET
100
AcDbPolyline
 90
4
 70
1
 10
496.7627
 20
-90.1604
 10
497.3627
 20
-90.1604
 10
497.3627
 20
-89.7214
 10
496.7627
 20
-89.7214
  0
TEXT
  5
1E5
330
17
100
AcDbEntity
  8
ETIQUETAS
100
AcDbText
 10
497.063
 20
-89.941
 30
0.0
 40
0.055
  1
PB-M-118
 72
1
 11
497.063
 21
-89.941
 31
0.0
100
AcDbText
 73
2
  0
LWPOLYLINE
  5
1E6
330
17
100
AcDbEntity
  8
PISO-MORET
100
AcDbPolyline
 90
4
 70
1
 10
496.1607
 20
-90.1604
 10
496.76070000000004
 20
-90.1604
 10
496.76070000000004
 20
-89.7214
 10
496.1607
 20
-89.7214
  0
TEXT
  5
1E7
330
17
100
AcDbEntity
  8
ETIQUETAS
100
AcDbText
 10
496.461
 20
-89.941
 30
0.0
 40
0.055
  1
PB-M-117
 72
1
 11
496.461
 21
-89.941
 31
0.0
100
AcDbText
 73
2
  0
LWPOLYLINE
  5
1E8
330
17
100
AcDbEntity
  8
PISO-MORET
100
AcDbPolyline
 90
4
 70
1
 10
495.5587
 20
-90.1604
 10
496.1587
 20
-90.1604
 10
496.1587
 20
-89.7214
 10
495.5587
 20
-89.7214
  0
TEXT
  5
1E9
330
17
100
AcDbEntity
  8
ETIQUETAS
100
AcDbText
 10
495.859
 20
-89.941
 30
0.0
 40
0.055
  1
PB-M-116
 72
1
 11
495.859
 21
-89.941
 31
0.0
100
AcDbText
 73
2
  0
LWPOLYLINE
  5
1EA
330
17
100
AcDbEntity
  8
PISO-MORET
100
AcDbPolyline
 90
4
 70
1
 10
494.9567
 20
-90.1604
 10
495.55670000000003
 20
-90.1604
 10
495.55670000000003
 20
-89.7214
 10
494.9567
 20
-89.7214
  0
TEXT
  5
1EB
330
17
100
AcDbEntity
  8
ETIQUETAS
100
AcDbText
 10
495.257
 20
-89.941
 30
0.0
 40
0.055
  1
PB-M-115
 72
1
 11
495.257
 21
-89.941
 31
0.0
100
AcDbText
 73
2
  0
LWPOLYLINE
  5
1EC
330
17
100
AcDbEntity
  8
PISO-MORET
100
AcDbPolyline
 90
4
 70
1
 10
497.3647
 20
-86.7384
 10
497.5787
 20
-86.7384
 10
497.5787
 20
-85.5444
 10
497.3647
 20
-85.5444
  0
TEXT
  5
1ED
330
17
100
AcDbEntity
  8
ETIQUETAS
100
AcDbText
 10
497.472
 20
-86.141
 30
0.0
 40
0.04708
  1
PB-M-070
 72
1
 11
497.472
 21
-86.141
 31
0.0
100
AcDbText
 73
2
  0
LWPOLYLINE
  5
1EE
330
17
100
AcDbEntity
  8
PISO-MORET
100
AcDbPolyline
 90
4
 70
1
 10
497.3647
 20
-85.5424
 10
497.5787
 20
-85.5424
 10
497.5787
 20
-84.3484
 10
497.3647
 20
-84.3484
  0
TEXT
  5
1EF
330
17
100
AcDbEntity
  8
ETIQUETAS
100
AcDbText
 10
497.472
 20
-84.945
 30
0.0
 40
0.04708
  1
PB-M-056
 72
1
 11
497.472
 21
-84.945
 31
0.0
100
AcDbText
 73
2
  0
LWPOLYLINE
  5
1F0
330
17
100
AcDbEntity
  8
PISO-ROYAL-WALNUT
100
AcDbPolyline
 90
4
 70
1
 10
502.1632
 20
-85.5099
 10
502.3632
 20
-85.5099
 10
502.3632
 20
-84.3099
 10
502.1632
 20
-84.3099
  0
TEXT
  5
1F1
330
17
100
AcDbEntity
  8
ETIQUETAS
100
AcDbText
 10
502.263
 20
-84.91
 30
0.0
 40
0.044000000000000004
  1
PA-R-117
 72
1
 11
502.263
 21
-84.91
 31
0.0
100
AcDbText
 73
2
  0
LWPOLYLINE
  5
1F2
330
17
100
AcDbEntity
  8
PISO-ROYAL-WALNUT
100
AcDbPolyline
 90
4
 70
1
 10
501.9622
 20
-86.1104
 10
502.1622
 20
-86.1104
 10
502.1622
 20
-84.9104
 10
501.9622
 20
-84.9104
  0
TEXT
  5
1F3
330
17
100
AcDbEntity
  8
ETIQUETAS
100
AcDbText
 10
502.062
 20
-85.51
 30
0.0
 40
0.044000000000000004
  1
PA-R-123
 72
1
 11
502.062
 21
-85.51
 31
0.0
100
AcDbText
 73
2
  0
LWPOLYLINE
  5
1F4
330
17
100
AcDbEntity
  8
PISO-ROYAL-WALNUT
100
AcDbPolyline
 90
4
 70
1
 10
501.7612
 20
-85.5099
 10
501.96119999999996
 20
-85.5099
 10
501.96119999999996
 20
-84.3099
 10
501.7612
 20
-84.3099
  0
TEXT
  5
1F5
330
17
100
AcDbEntity
  8
ETIQUETAS
100
AcDbText
 10
501.861
 20
-84.91
 30
0.0
 40
0.044000000000000004
  1
PA-R-116
 72
1
 11
501.861
 21
-84.91
 31
0.0
100
AcDbText
 73
2
  0
LWPOLYLINE
  5
1F6
330
17
100
AcDbEntity
  8
PISO-ROYAL-WALNUT
100
AcDbPolyline
 90
4
 70
1
 10
501.5602
 20
-86.1104
 10
501.7602
 20
-86.1104
 10
501.7602
 20
-84.9104
 10
501.5602
 20
-84.9104
  0
TEXT
  5
1F7
330
17
100
AcDbEntity
  8
ETIQUETAS
100
AcDbText
 10
501.66
 20
-85.51
 30
0.0
 40
0.044000000000000004
  1
PA-R-122
 72
1
 11
501.66
 21
-85.51
 31
0.0
100
AcDbText
 73
2
  0
LWPOLYLINE
  5
1F8
330
17
100
AcDbEntity
  8
PISO-ROYAL-WALNUT
100
AcDbPolyline
 90
4
 70
1
 10
501.3592
 20
-85.5099
 10
501.5592
 20
-85.5099
 10
501.5592
 20
-84.3099
 10
501.3592
 20
-84.3099
  0
TEXT
  5
1F9
330
17
100
AcDbEntity
  8
ETIQUETAS
100
AcDbText
 10
501.459
 20
-84.91
 30
0.0
 40
0.044000000000000004
  1
PA-R-115
 72
1
 11
501.459
 21
-84.91
 31
0.0
100
AcDbText
 73
2
  0
LWPOLYLINE
  5
1FA
330
17
100
AcDbEntity
  8
PISO-ROYAL-WALNUT
100
AcDbPolyline
 90
4
 70
1
 10
501.1582
 20
-86.1104
 10
501.3582
 20
-86.1104
 10
501.3582
 20
-84.9104
 10
501.1582
 20
-84.9104
  0
TEXT
  5
1FB
330
17
100
AcDbEntity
  8
ETIQUETAS
100
AcDbText
 10
501.258
 20
-85.51
 30
0.0
 40
0.044000000000000004
  1
PA-R-121
 72
1
 11
501.258
 21
-85.51
 31
0.0
100
AcDbText
 73
2
  0
LWPOLYLINE
  5
1FC
330
17
100
AcDbEntity
  8
PISO-ROYAL-WALNUT
100
AcDbPolyline
 90
4
 70
1
 10
500.9572
 20
-85.5099
 10
501.1572
 20
-85.5099
 10
501.1572
 20
-84.3099
 10
500.9572
 20
-84.3099
  0
TEXT
  5
1FD
330
17
100
AcDbEntity
  8
ETIQUETAS
100
AcDbText
 10
501.057
 20
-84.91
 30
0.0
 40
0.044000000000000004
  1
PA-R-114
 72
1
 11
501.057
 21
-84.91
 31
0.0
100
AcDbText
 73
2
  0
LWPOLYLINE
  5
1FE
330
17
100
AcDbEntity
  8
PISO-ROYAL-WALNUT
100
AcDbPolyline
 90
4
 70
1
 10
500.7562
 20
-86.1104
 10
500.95619999999997
 20
-86.1104
 10
500.95619999999997
 20
-84.9104
 10
500.7562
 20
-84.9104
  0
TEXT
  5
1FF
330
17
100
AcDbEntity
  8
ETIQUETAS
100
AcDbText
 10
500.856
 20
-85.51
 30
0.0
 40
0.044000000000000004
  1
PA-R-120
 72
1
 11
500.856
 21
-85.51
 31
0.0
100
AcDbText
 73
2
  0
LWPOLYLINE
  5
200
330
17
100
AcDbEntity
  8
PISO-ROYAL-WALNUT
100
AcDbPolyline
 90
4
 70
1
 10
500.5552
 20
-85.5099
 10
500.7552
 20
-85.5099
 10
500.7552
 20
-84.3099
 10
500.5552
 20
-84.3099
  0
TEXT
  5
201
330
17
100
AcDbEntity
  8
ETIQUETAS
100
AcDbText
 10
500.655
 20
-84.91
 30
0.0
 40
0.044000000000000004
  1
PA-R-113
 72
1
 11
500.655
 21
-84.91
 31
0.0
100
AcDbText
 73
2
  0
LWPOLYLINE
  5
202
330
17
100
AcDbEntity
  8
PISO-ROYAL-WALNUT
100
AcDbPolyline
 90
4
 70
1
 10
500.3542
 20
-86.1104
 10
500.5542
 20
-86.1104
 10
500.5542
 20
-84.9104
 10
500.3542
 20
-84.9104
  0
TEXT
  5
203
330
17
100
AcDbEntity
  8
ETIQUETAS
100
AcDbText
 10
500.454
 20
-85.51
 30
0.0
 40
0.044000000000000004
  1
PA-R-119
 72
1
 11
500.454
 21
-85.51
 31
0.0
100
AcDbText
 73
2
  0
LWPOLYLINE
  5
204
330
17
100
AcDbEntity
  8
PISO-ROYAL-WALNUT
100
AcDbPolyline
 90
4
 70
1
 10
500.1532
 20
-85.5099
 10
500.3532
 20
-85.5099
 10
500.3532
 20
-84.3099
 10
500.1532
 20
-84.3099
  0
TEXT
  5
205
330
17
100
AcDbEntity
  8
ETIQUETAS
100
AcDbText
 10
500.253
 20
-84.91
 30
0.0
 40
0.044000000000000004
  1
PA-R-112
 72
1
 11
500.253
 21
-84.91
 31
0.0
100
AcDbText
 73
2
  0
LWPOLYLINE
  5
206
330
17
100
AcDbEntity
  8
PISO-ROYAL-WALNUT
100
AcDbPolyline
 90
4
 70
1
 10
499.9522
 20
-86.1104
 10
500.1522
 20
-86.1104
 10
500.1522
 20
-84.9104
 10
499.9522
 20
-84.9104
  0
TEXT
  5
207
330
17
100
AcDbEntity
  8
ETIQUETAS
100
AcDbText
 10
500.052
 20
-85.51
 30
0.0
 40
0.044000000000000004
  1
PA-R-118
 72
1
 11
500.052
 21
-85.51
 31
0.0
100
AcDbText
 73
2
  0
LWPOLYLINE
  5
208
330
17
100
AcDbEntity
  8
PISO-ROYAL-WALNUT
100
AcDbPolyline
 90
4
 70
1
 10
502.1632
 20
-84.3089
 10
502.3632
 20
-84.3089
 10
502.3632
 20
-83.10889999999999
 10
502.1632
 20
-83.10889999999999
  0
TEXT
  5
209
330
17
100
AcDbEntity
  8
ETIQUETAS
100
AcDbText
 10
502.263
 20
-83.709
 30
0.0
 40
0.044000000000000004
  1
PA-R-065
 72
1
 11
502.263
 21
-83.709
 31
0.0
100
AcDbText
 73
2
  0
LWPOLYLINE
  5
20A
330
17
100
AcDbEntity
  8
PISO-ROYAL-WALNUT
100
AcDbPolyline
 90
4
 70
1
 10
501.9622
 20
-84.9094
 10
502.1622
 20
-84.9094
 10
502.1622
 20
-83.7094
 10
501.9622
 20
-83.7094
  0
TEXT
  5
20B
330
17
100
AcDbEntity
  8
ETIQUETAS
100
AcDbText
 10
502.062
 20
-84.309
 30
0.0
 40
0.044000000000000004
  1
PA-R-084
 72
1
 11
502.062
 21
-84.309
 31
0.0
100
AcDbText
 73
2
  0
LWPOLYLINE
  5
20C
330
17
100
AcDbEntity
  8
PISO-ROYAL-WALNUT
100
AcDbPolyline
 90
4
 70
1
 10
501.7612
 20
-84.3089
 10
501.96119999999996
 20
-84.3089
 10
501.96119999999996
 20
-83.10889999999999
 10
501.7612
 20
-83.10889999999999
  0
TEXT
  5
20D
330
17
100
AcDbEntity
  8
ETIQUETAS
100
AcDbText
 10
501.861
 20
-83.709
 30
0.0
 40
0.044000000000000004
  1
PA-R-064
 72
1
 11
501.861
 21
-83.709
 31
0.0
100
AcDbText
 73
2
  0
LWPOLYLINE
  5
20E
330
17
100
AcDbEntity
  8
PISO-ROYAL-WALNUT
100
AcDbPolyline
 90
4
 70
1
 10
501.5602
 20
-84.9094
 10
501.7602
 20
-84.9094
 10
501.7602
 20
-83.7094
 10
501.5602
 20
-83.7094
  0
TEXT
  5
20F
330
17
100
AcDbEntity
  8
ETIQUETAS
100
AcDbText
 10
501.66
 20
-84.309
 30
0.0
 40
0.044000000000000004
  1
PA-R-083
 72
1
 11
501.66
 21
-84.309
 31
0.0
100
AcDbText
 73
2
  0
LWPOLYLINE
  5
210
330
17
100
AcDbEntity
  8
PISO-ROYAL-WALNUT
100
AcDbPolyline
 90
4
 70
1
 10
501.3592
 20
-84.3089
 10
501.5592
 20
-84.3089
 10
501.5592
 20
-83.10889999999999
 10
501.3592
 20
-83.10889999999999
  0
TEXT
  5
211
330
17
100
AcDbEntity
  8
ETIQUETAS
100
AcDbText
 10
501.459
 20
-83.709
 30
0.0
 40
0.044000000000000004
  1
PA-R-063
 72
1
 11
501.459
 21
-83.709
 31
0.0
100
AcDbText
 73
2
  0
LWPOLYLINE
  5
212
330
17
100
AcDbEntity
  8
PISO-ROYAL-WALNUT
100
AcDbPolyline
 90
4
 70
1
 10
501.1582
 20
-84.9094
 10
501.3582
 20
-84.9094
 10
501.3582
 20
-83.7094
 10
501.1582
 20
-83.7094
  0
TEXT
  5
213
330
17
100
AcDbEntity
  8
ETIQUETAS
100
AcDbText
 10
501.258
 20
-84.309
 30
0.0
 40
0.044000000000000004
  1
PA-R-082
 72
1
 11
501.258
 21
-84.309
 31
0.0
100
AcDbText
 73
2
  0
LWPOLYLINE
  5
214
330
17
100
AcDbEntity
  8
PISO-ROYAL-WALNUT
100
AcDbPolyline
 90
4
 70
1
 10
500.9572
 20
-84.3089
 10
501.1572
 20
-84.3089
 10
501.1572
 20
-83.10889999999999
 10
500.9572
 20
-83.10889999999999
  0
TEXT
  5
215
330
17
100
AcDbEntity
  8
ETIQUETAS
100
AcDbText
 10
501.057
 20
-83.709
 30
0.0
 40
0.044000000000000004
  1
PA-R-062
 72
1
 11
501.057
 21
-83.709
 31
0.0
100
AcDbText
 73
2
  0
LWPOLYLINE
  5
216
330
17
100
AcDbEntity
  8
PISO-ROYAL-WALNUT
100
AcDbPolyline
 90
4
 70
1
 10
500.7562
 20
-84.9094
 10
500.95619999999997
 20
-84.9094
 10
500.95619999999997
 20
-83.7094
 10
500.7562
 20
-83.7094
  0
TEXT
  5
217
330
17
100
AcDbEntity
  8
ETIQUETAS
100
AcDbText
 10
500.856
 20
-84.309
 30
0.0
 40
0.044000000000000004
  1
PA-R-081
 72
1
 11
500.856
 21
-84.309
 31
0.0
100
AcDbText
 73
2
  0
LWPOLYLINE
  5
218
330
17
100
AcDbEntity
  8
PISO-ROYAL-WALNUT
100
AcDbPolyline
 90
4
 70
1
 10
500.5552
 20
-84.3089
 10
500.7552
 20
-84.3089
 10
500.7552
 20
-83.10889999999999
 10
500.5552
 20
-83.10889999999999
  0
TEXT
  5
219
330
17
100
AcDbEntity
  8
ETIQUETAS
100
AcDbText
 10
500.655
 20
-83.709
 30
0.0
 40
0.044000000000000004
  1
PA-R-061
 72
1
 11
500.655
 21
-83.709
 31
0.0
100
AcDbText
 73
2
  0
LWPOLYLINE
  5
21A
330
17
100
AcDbEntity
  8
PISO-ROYAL-WALNUT
100
AcDbPolyline
 90
4
 70
1
 10
500.3542
 20
-84.9094
 10
500.5542
 20
-84.9094
 10
500.5542
 20
-83.7094
 10
500.3542
 20
-83.7094
  0
TEXT
  5
21B
330
17
100
AcDbEntity
  8
ETIQUETAS
100
AcDbText
 10
500.454
 20
-84.309
 30
0.0
 40
0.044000000000000004
  1
PA-R-080
 72
1
 11
500.454
 21
-84.309
 31
0.0
100
AcDbText
 73
2
  0
LWPOLYLINE
  5
21C
330
17
100
AcDbEntity
  8
PISO-ROYAL-WALNUT
100
AcDbPolyline
 90
4
 70
1
 10
500.1532
 20
-84.3089
 10
500.3532
 20
-84.3089
 10
500.3532
 20
-83.10889999999999
 10
500.1532
 20
-83.10889999999999
  0
TEXT
  5
21D
330
17
100
AcDbEntity
  8
ETIQUETAS
100
AcDbText
 10
500.253
 20
-83.709
 30
0.0
 40
0.044000000000000004
  1
PA-R-060
 72
1
 11
500.253
 21
-83.709
 31
0.0
100
AcDbText
 73
2
  0
LWPOLYLINE
  5
21E
330
17
100
AcDbEntity
  8
PISO-ROYAL-WALNUT
100
AcDbPolyline
 90
4
 70
1
 10
499.9522
 20
-84.9094
 10
500.1522
 20
-84.9094
 10
500.1522
 20
-83.7094
 10
499.9522
 20
-83.7094
  0
TEXT
  5
21F
330
17
100
AcDbEntity
  8
ETIQUETAS
100
AcDbText
 10
500.052
 20
-84.309
 30
0.0
 40
0.044000000000000004
  1
PA-R-079
 72
1
 11
500.052
 21
-84.309
 31
0.0
100
AcDbText
 73
2
  0
LWPOLYLINE
  5
220
330
17
100
AcDbEntity
  8
PISO-ROYAL-WALNUT
100
AcDbPolyline
 90
4
 70
1
 10
501.9622
 20
-83.7084
 10
502.1622
 20
-83.7084
 10
502.1622
 20
-82.5084
 10
501.9622
 20
-82.5084
  0
TEXT
  5
221
330
17
100
AcDbEntity
  8
ETIQUETAS
100
AcDbText
 10
502.062
 20
-83.108
 30
0.0
 40
0.044000000000000004
  1
PA-R-045
 72
1
 11
502.062
 21
-83.108
 31
0.0
100
AcDbText
 73
2
  0
LWPOLYLINE
  5
222
330
17
100
AcDbEntity
  8
PISO-ROYAL-WALNUT
100
AcDbPolyline
 90
4
 70
1
 10
501.5602
 20
-83.7084
 10
501.7602
 20
-83.7084
 10
501.7602
 20
-82.5084
 10
501.5602
 20
-82.5084
  0
TEXT
  5
223
330
17
100
AcDbEntity
  8
ETIQUETAS
100
AcDbText
 10
501.66
 20
-83.108
 30
0.0
 40
0.044000000000000004
  1
PA-R-044
 72
1
 11
501.66
 21
-83.108
 31
0.0
100
AcDbText
 73
2
  0
LWPOLYLINE
  5
224
330
17
100
AcDbEntity
  8
PISO-ROYAL-WALNUT
100
AcDbPolyline
 90
4
 70
1
 10
501.1582
 20
-83.7084
 10
501.3582
 20
-83.7084
 10
501.3582
 20
-82.5084
 10
501.1582
 20
-82.5084
  0
TEXT
  5
225
330
17
100
AcDbEntity
  8
ETIQUETAS
100
AcDbText
 10
501.258
 20
-83.108
 30
0.0
 40
0.044000000000000004
  1
PA-R-043
 72
1
 11
501.258
 21
-83.108
 31
0.0
100
AcDbText
 73
2
  0
LWPOLYLINE
  5
226
330
17
100
AcDbEntity
  8
PISO-ROYAL-WALNUT
100
AcDbPolyline
 90
4
 70
1
 10
500.7562
 20
-83.7084
 10
500.95619999999997
 20
-83.7084
 10
500.95619999999997
 20
-82.5084
 10
500.7562
 20
-82.5084
  0
TEXT
  5
227
330
17
100
AcDbEntity
  8
ETIQUETAS
100
AcDbText
 10
500.856
 20
-83.108
 30
0.0
 40
0.044000000000000004
  1
PA-R-042
 72
1
 11
500.856
 21
-83.108
 31
0.0
100
AcDbText
 73
2
  0
LWPOLYLINE
  5
228
330
17
100
AcDbEntity
  8
PISO-ROYAL-WALNUT
100
AcDbPolyline
 90
4
 70
1
 10
500.3542
 20
-83.7084
 10
500.5542
 20
-83.7084
 10
500.5542
 20
-82.5084
 10
500.3542
 20
-82.5084
  0
TEXT
  5
229
330
17
100
AcDbEntity
  8
ETIQUETAS
100
AcDbText
 10
500.454
 20
-83.108
 30
0.0
 40
0.044000000000000004
  1
PA-R-041
 72
1
 11
500.454
 21
-83.108
 31
0.0
100
AcDbText
 73
2
  0
LWPOLYLINE
  5
22A
330
17
100
AcDbEntity
  8
PISO-ROYAL-WALNUT
100
AcDbPolyline
 90
4
 70
1
 10
499.9522
 20
-83.7084
 10
500.1522
 20
-83.7084
 10
500.1522
 20
-82.5084
 10
499.9522
 20
-82.5084
  0
TEXT
  5
22B
330
17
100
AcDbEntity
  8
ETIQUETAS
100
AcDbText
 10
500.052
 20
-83.108
 30
0.0
 40
0.044000000000000004
  1
PA-R-040
 72
1
 11
500.052
 21
-83.108
 31
0.0
100
AcDbText
 73
2
  0
LWPOLYLINE
  5
22C
330
17
100
AcDbEntity
  8
PISO-ROYAL-WALNUT
100
AcDbPolyline
 90
4
 70
1
 10
507.5682
 20
-84.3699
 10
507.7682
 20
-84.3699
 10
507.7682
 20
-83.1699
 10
507.5682
 20
-83.1699
  0
TEXT
  5
22D
330
17
100
AcDbEntity
  8
ETIQUETAS
100
AcDbText
 10
507.668
 20
-83.77
 30
0.0
 40
0.044000000000000004
  1
PA-R-078
 72
1
 11
507.668
 21
-83.77
 31
0.0
100
AcDbText
 73
2
  0
LWPOLYLINE
  5
22E
330
17
100
AcDbEntity
  8
PISO-ROYAL-WALNUT
100
AcDbPolyline
 90
4
 70
1
 10
507.3672
 20
-83.7694
 10
507.5672
 20
-83.7694
 10
507.5672
 20
-82.5694
 10
507.3672
 20
-82.5694
  0
TEXT
  5
22F
330
17
100
AcDbEntity
  8
ETIQUETAS
100
AcDbText
 10
507.467
 20
-83.169
 30
0.0
 40
0.044000000000000004
  1
PA-R-058
 72
1
 11
507.467
 21
-83.169
 31
0.0
100
AcDbText
 73
2
  0
LWPOLYLINE
  5
230
330
17
100
AcDbEntity
  8
PISO-ROYAL-WALNUT
100
AcDbPolyline
 90
4
 70
1
 10
507.1662
 20
-84.3699
 10
507.3662
 20
-84.3699
 10
507.3662
 20
-83.1699
 10
507.1662
 20
-83.1699
  0
TEXT
  5
231
330
17
100
AcDbEntity
  8
ETIQUETAS
100
AcDbText
 10
507.266
 20
-83.77
 30
0.0
 40
0.044000000000000004
  1
PA-R-077
 72
1
 11
507.266
 21
-83.77
 31
0.0
100
AcDbText
 73
2
  0
LWPOLYLINE
  5
232
330
17
100
AcDbEntity
  8
PISO-ROYAL-WALNUT
100
AcDbPolyline
 90
4
 70
1
 10
506.9652
 20
-83.7694
 10
507.16519999999997
 20
-83.7694
 10
507.16519999999997
 20
-82.5694
 10
506.9652
 20
-82.5694
  0
TEXT
  5
233
330
17
100
AcDbEntity
  8
ETIQUETAS
100
AcDbText
 10
507.065
 20
-83.169
 30
0.0
 40
0.044000000000000004
  1
PA-R-057
 72
1
 11
507.065
 21
-83.169
 31
0.0
100
AcDbText
 73
2
  0
LWPOLYLINE
  5
234
330
17
100
AcDbEntity
  8
PISO-ROYAL-WALNUT
100
AcDbPolyline
 90
4
 70
1
 10
506.7642
 20
-84.3699
 10
506.9642
 20
-84.3699
 10
506.9642
 20
-83.1699
 10
506.7642
 20
-83.1699
  0
TEXT
  5
235
330
17
100
AcDbEntity
  8
ETIQUETAS
100
AcDbText
 10
506.864
 20
-83.77
 30
0.0
 40
0.044000000000000004
  1
PA-R-076
 72
1
 11
506.864
 21
-83.77
 31
0.0
100
AcDbText
 73
2
  0
LWPOLYLINE
  5
236
330
17
100
AcDbEntity
  8
PISO-ROYAL-WALNUT
100
AcDbPolyline
 90
4
 70
1
 10
506.5632
 20
-83.7694
 10
506.7632
 20
-83.7694
 10
506.7632
 20
-82.5694
 10
506.5632
 20
-82.5694
  0
TEXT
  5
237
330
17
100
AcDbEntity
  8
ETIQUETAS
100
AcDbText
 10
506.663
 20
-83.169
 30
0.0
 40
0.044000000000000004
  1
PA-R-056
 72
1
 11
506.663
 21
-83.169
 31
0.0
100
AcDbText
 73
2
  0
LWPOLYLINE
  5
238
330
17
100
AcDbEntity
  8
PISO-ROYAL-WALNUT
100
AcDbPolyline
 90
4
 70
1
 10
506.3622
 20
-84.3699
 10
506.56219999999996
 20
-84.3699
 10
506.56219999999996
 20
-83.1699
 10
506.3622
 20
-83.1699
  0
TEXT
  5
239
330
17
100
AcDbEntity
  8
ETIQUETAS
100
AcDbText
 10
506.462
 20
-83.77
 30
0.0
 40
0.044000000000000004
  1
PA-R-075
 72
1
 11
506.462
 21
-83.77
 31
0.0
100
AcDbText
 73
2
  0
LWPOLYLINE
  5
23A
330
17
100
AcDbEntity
  8
PISO-ROYAL-WALNUT
100
AcDbPolyline
 90
4
 70
1
 10
506.1612
 20
-83.7694
 10
506.3612
 20
-83.7694
 10
506.3612
 20
-82.5694
 10
506.1612
 20
-82.5694
  0
TEXT
  5
23B
330
17
100
AcDbEntity
  8
ETIQUETAS
100
AcDbText
 10
506.261
 20
-83.169
 30
0.0
 40
0.044000000000000004
  1
PA-R-055
 72
1
 11
506.261
 21
-83.169
 31
0.0
100
AcDbText
 73
2
  0
LWPOLYLINE
  5
23C
330
17
100
AcDbEntity
  8
PISO-ROYAL-WALNUT
100
AcDbPolyline
 90
4
 70
1
 10
505.9602
 20
-84.3699
 10
506.1602
 20
-84.3699
 10
506.1602
 20
-83.1699
 10
505.9602
 20
-83.1699
  0
TEXT
  5
23D
330
17
100
AcDbEntity
  8
ETIQUETAS
100
AcDbText
 10
506.06
 20
-83.77
 30
0.0
 40
0.044000000000000004
  1
PA-R-074
 72
1
 11
506.06
 21
-83.77
 31
0.0
100
AcDbText
 73
2
  0
LWPOLYLINE
  5
23E
330
17
100
AcDbEntity
  8
PISO-ROYAL-WALNUT
100
AcDbPolyline
 90
4
 70
1
 10
505.7592
 20
-83.7694
 10
505.9592
 20
-83.7694
 10
505.9592
 20
-82.5694
 10
505.7592
 20
-82.5694
  0
TEXT
  5
23F
330
17
100
AcDbEntity
  8
ETIQUETAS
100
AcDbText
 10
505.859
 20
-83.169
 30
0.0
 40
0.044000000000000004
  1
PA-R-054
 72
1
 11
505.859
 21
-83.169
 31
0.0
100
AcDbText
 73
2
  0
LWPOLYLINE
  5
240
330
17
100
AcDbEntity
  8
PISO-ROYAL-WALNUT
100
AcDbPolyline
 90
4
 70
1
 10
505.5582
 20
-84.3699
 10
505.7582
 20
-84.3699
 10
505.7582
 20
-83.1699
 10
505.5582
 20
-83.1699
  0
TEXT
  5
241
330
17
100
AcDbEntity
  8
ETIQUETAS
100
AcDbText
 10
505.658
 20
-83.77
 30
0.0
 40
0.044000000000000004
  1
PA-R-073
 72
1
 11
505.658
 21
-83.77
 31
0.0
100
AcDbText
 73
2
  0
LWPOLYLINE
  5
242
330
17
100
AcDbEntity
  8
PISO-ROYAL-WALNUT
100
AcDbPolyline
 90
4
 70
1
 10
505.3572
 20
-83.7694
 10
505.55719999999997
 20
-83.7694
 10
505.55719999999997
 20
-82.5694
 10
505.3572
 20
-82.5694
  0
TEXT
  5
243
330
17
100
AcDbEntity
  8
ETIQUETAS
100
AcDbText
 10
505.457
 20
-83.169
 30
0.0
 40
0.044000000000000004
  1
PA-R-053
 72
1
 11
505.457
 21
-83.169
 31
0.0
100
AcDbText
 73
2
  0
LWPOLYLINE
  5
244
330
17
100
AcDbEntity
  8
PISO-ROYAL-WALNUT
100
AcDbPolyline
 90
4
 70
1
 10
505.1562
 20
-84.3699
 10
505.3562
 20
-84.3699
 10
505.3562
 20
-83.1699
 10
505.1562
 20
-83.1699
  0
TEXT
  5
245
330
17
100
AcDbEntity
  8
ETIQUETAS
100
AcDbText
 10
505.256
 20
-83.77
 30
0.0
 40
0.044000000000000004
  1
PA-R-072
 72
1
 11
505.256
 21
-83.77
 31
0.0
100
AcDbText
 73
2
  0
LWPOLYLINE
  5
246
330
17
100
AcDbEntity
  8
PISO-ROYAL-WALNUT
100
AcDbPolyline
 90
4
 70
1
 10
504.9552
 20
-83.7694
 10
505.1552
 20
-83.7694
 10
505.1552
 20
-82.5694
 10
504.9552
 20
-82.5694
  0
TEXT
  5
247
330
17
100
AcDbEntity
  8
ETIQUETAS
100
AcDbText
 10
505.055
 20
-83.169
 30
0.0
 40
0.044000000000000004
  1
PA-R-052
 72
1
 11
505.055
 21
-83.169
 31
0.0
100
AcDbText
 73
2
  0
LWPOLYLINE
  5
248
330
17
100
AcDbEntity
  8
PISO-ROYAL-WALNUT
100
AcDbPolyline
 90
4
 70
1
 10
504.7542
 20
-84.3699
 10
504.9542
 20
-84.3699
 10
504.9542
 20
-83.1699
 10
504.7542
 20
-83.1699
  0
TEXT
  5
249
330
17
100
AcDbEntity
  8
ETIQUETAS
100
AcDbText
 10
504.854
 20
-83.77
 30
0.0
 40
0.044000000000000004
  1
PA-R-071
 72
1
 11
504.854
 21
-83.77
 31
0.0
100
AcDbText
 73
2
  0
LWPOLYLINE
  5
24A
330
17
100
AcDbEntity
  8
PISO-ROYAL-WALNUT
100
AcDbPolyline
 90
4
 70
1
 10
504.5532
 20
-83.7694
 10
504.7532
 20
-83.7694
 10
504.7532
 20
-82.5694
 10
504.5532
 20
-82.5694
  0
TEXT
  5
24B
330
17
100
AcDbEntity
  8
ETIQUETAS
100
AcDbText
 10
504.653
 20
-83.169
 30
0.0
 40
0.044000000000000004
  1
PA-R-051
 72
1
 11
504.653
 21
-83.169
 31
0.0
100
AcDbText
 73
2
  0
LWPOLYLINE
  5
24C
330
17
100
AcDbEntity
  8
PISO-ROYAL-WALNUT
100
AcDbPolyline
 90
4
 70
1
 10
504.3522
 20
-84.3699
 10
504.55219999999997
 20
-84.3699
 10
504.55219999999997
 20
-83.1699
 10
504.3522
 20
-83.1699
  0
TEXT
  5
24D
330
17
100
AcDbEntity
  8
ETIQUETAS
100
AcDbText
 10
504.452
 20
-83.77
 30
0.0
 40
0.044000000000000004
  1
PA-R-070
 72
1
 11
504.452
 21
-83.77
 31
0.0
100
AcDbText
 73
2
  0
LWPOLYLINE
  5
24E
330
17
100
AcDbEntity
  8
PISO-ROYAL-WALNUT
100
AcDbPolyline
 90
4
 70
1
 10
504.1512
 20
-83.7694
 10
504.3512
 20
-83.7694
 10
504.3512
 20
-82.5694
 10
504.1512
 20
-82.5694
  0
TEXT
  5
24F
330
17
100
AcDbEntity
  8
ETIQUETAS
100
AcDbText
 10
504.251
 20
-83.169
 30
0.0
 40
0.044000000000000004
  1
PA-R-050
 72
1
 11
504.251
 21
-83.169
 31
0.0
100
AcDbText
 73
2
  0
LWPOLYLINE
  5
250
330
17
100
AcDbEntity
  8
PISO-ROYAL-WALNUT
100
AcDbPolyline
 90
4
 70
1
 10
503.9502
 20
-84.3699
 10
504.1502
 20
-84.3699
 10
504.1502
 20
-83.1699
 10
503.9502
 20
-83.1699
  0
TEXT
  5
251
330
17
100
AcDbEntity
  8
ETIQUETAS
100
AcDbText
 10
504.05
 20
-83.77
 30
0.0
 40
0.044000000000000004
  1
PA-R-069
 72
1
 11
504.05
 21
-83.77
 31
0.0
100
AcDbText
 73
2
  0
LWPOLYLINE
  5
252
330
17
100
AcDbEntity
  8
PISO-ROYAL-WALNUT
100
AcDbPolyline
 90
4
 70
1
 10
503.7492
 20
-83.7694
 10
503.94919999999996
 20
-83.7694
 10
503.94919999999996
 20
-82.5694
 10
503.7492
 20
-82.5694
  0
TEXT
  5
253
330
17
100
AcDbEntity
  8
ETIQUETAS
100
AcDbText
 10
503.849
 20
-83.169
 30
0.0
 40
0.044000000000000004
  1
PA-R-049
 72
1
 11
503.849
 21
-83.169
 31
0.0
100
AcDbText
 73
2
  0
LWPOLYLINE
  5
254
330
17
100
AcDbEntity
  8
PISO-ROYAL-WALNUT
100
AcDbPolyline
 90
4
 70
1
 10
503.5482
 20
-84.3699
 10
503.7482
 20
-84.3699
 10
503.7482
 20
-83.1699
 10
503.5482
 20
-83.1699
  0
TEXT
  5
255
330
17
100
AcDbEntity
  8
ETIQUETAS
100
AcDbText
 10
503.648
 20
-83.77
 30
0.0
 40
0.044000000000000004
  1
PA-R-068
 72
1
 11
503.648
 21
-83.77
 31
0.0
100
AcDbText
 73
2
  0
LWPOLYLINE
  5
256
330
17
100
AcDbEntity
  8
PISO-ROYAL-WALNUT
100
AcDbPolyline
 90
4
 70
1
 10
503.3472
 20
-84.9704
 10
503.5472
 20
-84.9704
 10
503.5472
 20
-83.7704
 10
503.3472
 20
-83.7704
  0
TEXT
  5
257
330
17
100
AcDbEntity
  8
ETIQUETAS
100
AcDbText
 10
503.447
 20
-84.37
 30
0.0
 40
0.044000000000000004
  1
PA-R-097
 72
1
 11
503.447
 21
-84.37
 31
0.0
100
AcDbText
 73
2
  0
LWPOLYLINE
  5
258
330
17
100
AcDbEntity
  8
PISO-ROYAL-WALNUT
100
AcDbPolyline
 90
4
 70
1
 10
503.3472
 20
-83.7694
 10
503.5472
 20
-83.7694
 10
503.5472
 20
-82.5694
 10
503.3472
 20
-82.5694
  0
TEXT
  5
259
330
17
100
AcDbEntity
  8
ETIQUETAS
100
AcDbText
 10
503.447
 20
-83.169
 30
0.0
 40
0.044000000000000004
  1
PA-R-048
 72
1
 11
503.447
 21
-83.169
 31
0.0
100
AcDbText
 73
2
  0
LWPOLYLINE
  5
25A
330
17
100
AcDbEntity
  8
PISO-ROYAL-WALNUT
100
AcDbPolyline
 90
4
 70
1
 10
503.1462
 20
-84.3699
 10
503.3462
 20
-84.3699
 10
503.3462
 20
-83.1699
 10
503.1462
 20
-83.1699
  0
TEXT
  5
25B
330
17
100
AcDbEntity
  8
ETIQUETAS
100
AcDbText
 10
503.246
 20
-83.77
 30
0.0
 40
0.044000000000000004
  1
PA-R-067
 72
1
 11
503.246
 21
-83.77
 31
0.0
100
AcDbText
 73
2
  0
LWPOLYLINE
  5
25C
330
17
100
AcDbEntity
  8
PISO-ROYAL-WALNUT
100
AcDbPolyline
 90
4
 70
1
 10
502.9452
 20
-84.9704
 10
503.1452
 20
-84.9704
 10
503.1452
 20
-83.7704
 10
502.9452
 20
-83.7704
  0
TEXT
  5
25D
330
17
100
AcDbEntity
  8
ETIQUETAS
100
AcDbText
 10
503.045
 20
-84.37
 30
0.0
 40
0.044000000000000004
  1
PA-R-096
 72
1
 11
503.045
 21
-84.37
 31
0.0
100
AcDbText
 73
2
  0
LWPOLYLINE
  5
25E
330
17
100
AcDbEntity
  8
PISO-ROYAL-WALNUT
100
AcDbPolyline
 90
4
 70
1
 10
502.9452
 20
-83.7694
 10
503.1452
 20
-83.7694
 10
503.1452
 20
-82.5694
 10
502.9452
 20
-82.5694
  0
TEXT
  5
25F
330
17
100
AcDbEntity
  8
ETIQUETAS
100
AcDbText
 10
503.045
 20
-83.169
 30
0.0
 40
0.044000000000000004
  1
PA-R-047
 72
1
 11
503.045
 21
-83.169
 31
0.0
100
AcDbText
 73
2
  0
LWPOLYLINE
  5
260
330
17
100
AcDbEntity
  8
PISO-ROYAL-WALNUT
100
AcDbPolyline
 90
4
 70
1
 10
502.7442
 20
-84.3699
 10
502.94419999999997
 20
-84.3699
 10
502.94419999999997
 20
-83.1699
 10
502.7442
 20
-83.1699
  0
TEXT
  5
261
330
17
100
AcDbEntity
  8
ETIQUETAS
100
AcDbText
 10
502.844
 20
-83.77
 30
0.0
 40
0.044000000000000004
  1
PA-R-066
 72
1
 11
502.844
 21
-83.77
 31
0.0
100
AcDbText
 73
2
  0
LWPOLYLINE
  5
262
330
17
100
AcDbEntity
  8
PISO-ROYAL-WALNUT
100
AcDbPolyline
 90
4
 70
1
 10
507.5412
 20
-92.8229
 10
507.7412
 20
-92.8229
 10
507.7412
 20
-91.6229
 10
507.5412
 20
-91.6229
  0
TEXT
  5
263
330
17
100
AcDbEntity
  8
ETIQUETAS
100
AcDbText
 10
507.641
 20
-92.223
 30
0.0
 40
0.044000000000000004
  1
PA-R-187
 72
1
 11
507.641
 21
-92.223
 31
0.0
100
AcDbText
 73
2
  0
LWPOLYLINE
  5
264
330
17
100
AcDbEntity
  8
PISO-ROYAL-WALNUT
100
AcDbPolyline
 90
4
 70
1
 10
507.1392
 20
-92.8229
 10
507.3392
 20
-92.8229
 10
507.3392
 20
-91.6229
 10
507.1392
 20
-91.6229
  0
TEXT
  5
265
330
17
100
AcDbEntity
  8
ETIQUETAS
100
AcDbText
 10
507.239
 20
-92.223
 30
0.0
 40
0.044000000000000004
  1
PA-R-186
 72
1
 11
507.239
 21
-92.223
 31
0.0
100
AcDbText
 73
2
  0
LWPOLYLINE
  5
266
330
17
100
AcDbEntity
  8
PISO-ROYAL-WALNUT
100
AcDbPolyline
 90
4
 70
1
 10
506.7372
 20
-92.8229
 10
506.93719999999996
 20
-92.8229
 10
506.93719999999996
 20
-91.6229
 10
506.7372
 20
-91.6229
  0
TEXT
  5
267
330
17
100
AcDbEntity
  8
ETIQUETAS
100
AcDbText
 10
506.837
 20
-92.223
 30
0.0
 40
0.044000000000000004
  1
PA-R-185
 72
1
 11
506.837
 21
-92.223
 31
0.0
100
AcDbText
 73
2
  0
LWPOLYLINE
  5
268
330
17
100
AcDbEntity
  8
PISO-ROYAL-WALNUT
100
AcDbPolyline
 90
4
 70
1
 10
506.3352
 20
-92.8229
 10
506.5352
 20
-92.8229
 10
506.5352
 20
-91.6229
 10
506.3352
 20
-91.6229
  0
TEXT
  5
269
330
17
100
AcDbEntity
  8
ETIQUETAS
100
AcDbText
 10
506.435
 20
-92.223
 30
0.0
 40
0.044000000000000004
  1
PA-R-184
 72
1
 11
506.435
 21
-92.223
 31
0.0
100
AcDbText
 73
2
  0
LWPOLYLINE
  5
26A
330
17
100
AcDbEntity
  8
PISO-ROYAL-WALNUT
100
AcDbPolyline
 90
4
 70
1
 10
505.9332
 20
-92.8229
 10
506.1332
 20
-92.8229
 10
506.1332
 20
-91.6229
 10
505.9332
 20
-91.6229
  0
TEXT
  5
26B
330
17
100
AcDbEntity
  8
ETIQUETAS
100
AcDbText
 10
506.033
 20
-92.223
 30
0.0
 40
0.044000000000000004
  1
PA-R-183
 72
1
 11
506.033
 21
-92.223
 31
0.0
100
AcDbText
 73
2
  0
LWPOLYLINE
  5
26C
330
17
100
AcDbEntity
  8
PISO-ROYAL-WALNUT
100
AcDbPolyline
 90
4
 70
1
 10
505.5312
 20
-92.8229
 10
505.7312
 20
-92.8229
 10
505.7312
 20
-91.6229
 10
505.5312
 20
-91.6229
  0
TEXT
  5
26D
330
17
100
AcDbEntity
  8
ETIQUETAS
100
AcDbText
 10
505.631
 20
-92.223
 30
0.0
 40
0.044000000000000004
  1
PA-R-182
 72
1
 11
505.631
 21
-92.223
 31
0.0
100
AcDbText
 73
2
  0
LWPOLYLINE
  5
26E
330
17
100
AcDbEntity
  8
PISO-ROYAL-WALNUT
100
AcDbPolyline
 90
4
 70
1
 10
505.1292
 20
-92.8229
 10
505.3292
 20
-92.8229
 10
505.3292
 20
-91.6229
 10
505.1292
 20
-91.6229
  0
TEXT
  5
26F
330
17
100
AcDbEntity
  8
ETIQUETAS
100
AcDbText
 10
505.229
 20
-92.223
 30
0.0
 40
0.044000000000000004
  1
PA-R-181
 72
1
 11
505.229
 21
-92.223
 31
0.0
100
AcDbText
 73
2
  0
LWPOLYLINE
  5
270
330
17
100
AcDbEntity
  8
PISO-ROYAL-WALNUT
100
AcDbPolyline
 90
4
 70
1
 10
504.7272
 20
-92.8229
 10
504.92719999999997
 20
-92.8229
 10
504.92719999999997
 20
-91.6229
 10
504.7272
 20
-91.6229
  0
TEXT
  5
271
330
17
100
AcDbEntity
  8
ETIQUETAS
100
AcDbText
 10
504.827
 20
-92.223
 30
0.0
 40
0.044000000000000004
  1
PA-R-180
 72
1
 11
504.827
 21
-92.223
 31
0.0
100
AcDbText
 73
2
  0
LWPOLYLINE
  5
272
330
17
100
AcDbEntity
  8
PISO-ROYAL-WALNUT
100
AcDbPolyline
 90
4
 70
1
 10
504.3252
 20
-92.8229
 10
504.5252
 20
-92.8229
 10
504.5252
 20
-91.6229
 10
504.3252
 20
-91.6229
  0
TEXT
  5
273
330
17
100
AcDbEntity
  8
ETIQUETAS
100
AcDbText
 10
504.425
 20
-92.223
 30
0.0
 40
0.044000000000000004
  1
PA-R-179
 72
1
 11
504.425
 21
-92.223
 31
0.0
100
AcDbText
 73
2
  0
LWPOLYLINE
  5
274
330
17
100
AcDbEntity
  8
PISO-ROYAL-WALNUT
100
AcDbPolyline
 90
4
 70
1
 10
507.5412
 20
-91.6219
 10
507.7412
 20
-91.6219
 10
507.7412
 20
-90.4219
 10
507.5412
 20
-90.4219
  0
TEXT
  5
275
330
17
100
AcDbEntity
  8
ETIQUETAS
100
AcDbText
 10
507.641
 20
-91.022
 30
0.0
 40
0.044000000000000004
  1
PA-R-168
 72
1
 11
507.641
 21
-91.022
 31
0.0
100
AcDbText
 73
2
  0
LWPOLYLINE
  5
276
330
17
100
AcDbEntity
  8
PISO-ROYAL-WALNUT
100
AcDbPolyline
 90
4
 70
1
 10
507.3402
 20
-92.2224
 10
507.54019999999997
 20
-92.2224
 10
507.54019999999997
 20
-91.02239999999999
 10
507.3402
 20
-91.02239999999999
  0
TEXT
  5
277
330
17
100
AcDbEntity
  8
ETIQUETAS
100
AcDbText
 10
507.44
 20
-91.622
 30
0.0
 40
0.044000000000000004
  1
PA-R-177
 72
1
 11
507.44
 21
-91.622
 31
0.0
100
AcDbText
 73
2
  0
LWPOLYLINE
  5
278
330
17
100
AcDbEntity
  8
PISO-ROYAL-WALNUT
100
AcDbPolyline
 90
4
 70
1
 10
507.1392
 20
-91.6219
 10
507.3392
 20
-91.6219
 10
507.3392
 20
-90.4219
 10
507.1392
 20
-90.4219
  0
TEXT
  5
279
330
17
100
AcDbEntity
  8
ETIQUETAS
100
AcDbText
 10
507.239
 20
-91.022
 30
0.0
 40
0.044000000000000004
  1
PA-R-167
 72
1
 11
507.239
 21
-91.022
 31
0.0
100
AcDbText
 73
2
  0
LWPOLYLINE
  5
27A
330
17
100
AcDbEntity
  8
PISO-ROYAL-WALNUT
100
AcDbPolyline
 90
4
 70
1
 10
506.9382
 20
-92.2224
 10
507.1382
 20
-92.2224
 10
507.1382
 20
-91.02239999999999
 10
506.9382
 20
-91.02239999999999
  0
TEXT
  5
27B
330
17
100
AcDbEntity
  8
ETIQUETAS
100
AcDbText
 10
507.038
 20
-91.622
 30
0.0
 40
0.044000000000000004
  1
PA-R-176
 72
1
 11
507.038
 21
-91.622
 31
0.0
100
AcDbText
 73
2
  0
LWPOLYLINE
  5
27C
330
17
100
AcDbEntity
  8
PISO-ROYAL-WALNUT
100
AcDbPolyline
 90
4
 70
1
 10
506.7372
 20
-91.6219
 10
506.93719999999996
 20
-91.6219
 10
506.93719999999996
 20
-90.4219
 10
506.7372
 20
-90.4219
  0
TEXT
  5
27D
330
17
100
AcDbEntity
  8
ETIQUETAS
100
AcDbText
 10
506.837
 20
-91.022
 30
0.0
 40
0.044000000000000004
  1
PA-R-166
 72
1
 11
506.837
 21
-91.022
 31
0.0
100
AcDbText
 73
2
  0
LWPOLYLINE
  5
27E
330
17
100
AcDbEntity
  8
PISO-ROYAL-WALNUT
100
AcDbPolyline
 90
4
 70
1
 10
506.5362
 20
-92.2224
 10
506.7362
 20
-92.2224
 10
506.7362
 20
-91.02239999999999
 10
506.5362
 20
-91.02239999999999
  0
TEXT
  5
27F
330
17
100
AcDbEntity
  8
ETIQUETAS
100
AcDbText
 10
506.636
 20
-91.622
 30
0.0
 40
0.044000000000000004
  1
PA-R-175
 72
1
 11
506.636
 21
-91.622
 31
0.0
100
AcDbText
 73
2
  0
LWPOLYLINE
  5
280
330
17
100
AcDbEntity
  8
PISO-ROYAL-WALNUT
100
AcDbPolyline
 90
4
 70
1
 10
506.3352
 20
-91.6219
 10
506.5352
 20
-91.6219
 10
506.5352
 20
-90.4219
 10
506.3352
 20
-90.4219
  0
TEXT
  5
281
330
17
100
AcDbEntity
  8
ETIQUETAS
100
AcDbText
 10
506.435
 20
-91.022
 30
0.0
 40
0.044000000000000004
  1
PA-R-165
 72
1
 11
506.435
 21
-91.022
 31
0.0
100
AcDbText
 73
2
  0
LWPOLYLINE
  5
282
330
17
100
AcDbEntity
  8
PISO-ROYAL-WALNUT
100
AcDbPolyline
 90
4
 70
1
 10
506.1342
 20
-92.2224
 10
506.3342
 20
-92.2224
 10
506.3342
 20
-91.02239999999999
 10
506.1342
 20
-91.02239999999999
  0
TEXT
  5
283
330
17
100
AcDbEntity
  8
ETIQUETAS
100
AcDbText
 10
506.234
 20
-91.622
 30
0.0
 40
0.044000000000000004
  1
PA-R-174
 72
1
 11
506.234
 21
-91.622
 31
0.0
100
AcDbText
 73
2
  0
LWPOLYLINE
  5
284
330
17
100
AcDbEntity
  8
PISO-ROYAL-WALNUT
100
AcDbPolyline
 90
4
 70
1
 10
505.9332
 20
-91.6219
 10
506.1332
 20
-91.6219
 10
506.1332
 20
-90.4219
 10
505.9332
 20
-90.4219
  0
TEXT
  5
285
330
17
100
AcDbEntity
  8
ETIQUETAS
100
AcDbText
 10
506.033
 20
-91.022
 30
0.0
 40
0.044000000000000004
  1
PA-R-164
 72
1
 11
506.033
 21
-91.022
 31
0.0
100
AcDbText
 73
2
  0
LWPOLYLINE
  5
286
330
17
100
AcDbEntity
  8
PISO-ROYAL-WALNUT
100
AcDbPolyline
 90
4
 70
1
 10
505.7322
 20
-92.2224
 10
505.93219999999997
 20
-92.2224
 10
505.93219999999997
 20
-91.02239999999999
 10
505.7322
 20
-91.02239999999999
  0
TEXT
  5
287
330
17
100
AcDbEntity
  8
ETIQUETAS
100
AcDbText
 10
505.832
 20
-91.622
 30
0.0
 40
0.044000000000000004
  1
PA-R-173
 72
1
 11
505.832
 21
-91.622
 31
0.0
100
AcDbText
 73
2
  0
LWPOLYLINE
  5
288
330
17
100
AcDbEntity
  8
PISO-ROYAL-WALNUT
100
AcDbPolyline
 90
4
 70
1
 10
505.5312
 20
-91.6219
 10
505.7312
 20
-91.6219
 10
505.7312
 20
-90.4219
 10
505.5312
 20
-90.4219
  0
TEXT
  5
289
330
17
100
AcDbEntity
  8
ETIQUETAS
100
AcDbText
 10
505.631
 20
-91.022
 30
0.0
 40
0.044000000000000004
  1
PA-R-163
 72
1
 11
505.631
 21
-91.022
 31
0.0
100
AcDbText
 73
2
  0
LWPOLYLINE
  5
28A
330
17
100
AcDbEntity
  8
PISO-ROYAL-WALNUT
100
AcDbPolyline
 90
4
 70
1
 10
505.3302
 20
-92.2224
 10
505.5302
 20
-92.2224
 10
505.5302
 20
-91.02239999999999
 10
505.3302
 20
-91.02239999999999
  0
TEXT
  5
28B
330
17
100
AcDbEntity
  8
ETIQUETAS
100
AcDbText
 10
505.43
 20
-91.622
 30
0.0
 40
0.044000000000000004
  1
PA-R-172
 72
1
 11
505.43
 21
-91.622
 31
0.0
100
AcDbText
 73
2
  0
LWPOLYLINE
  5
28C
330
17
100
AcDbEntity
  8
PISO-ROYAL-WALNUT
100
AcDbPolyline
 90
4
 70
1
 10
505.1292
 20
-91.6219
 10
505.3292
 20
-91.6219
 10
505.3292
 20
-90.4219
 10
505.1292
 20
-90.4219
  0
TEXT
  5
28D
330
17
100
AcDbEntity
  8
ETIQUETAS
100
AcDbText
 10
505.229
 20
-91.022
 30
0.0
 40
0.044000000000000004
  1
PA-R-162
 72
1
 11
505.229
 21
-91.022
 31
0.0
100
AcDbText
 73
2
  0
LWPOLYLINE
  5
28E
330
17
100
AcDbEntity
  8
PISO-ROYAL-WALNUT
100
AcDbPolyline
 90
4
 70
1
 10
504.9282
 20
-92.2224
 10
505.1282
 20
-92.2224
 10
505.1282
 20
-91.02239999999999
 10
504.9282
 20
-91.02239999999999
  0
TEXT
  5
28F
330
17
100
AcDbEntity
  8
ETIQUETAS
100
AcDbText
 10
505.028
 20
-91.622
 30
0.0
 40
0.044000000000000004
  1
PA-R-171
 72
1
 11
505.028
 21
-91.622
 31
0.0
100
AcDbText
 73
2
  0
LWPOLYLINE
  5
290
330
17
100
AcDbEntity
  8
PISO-ROYAL-WALNUT
100
AcDbPolyline
 90
4
 70
1
 10
504.7272
 20
-91.6219
 10
504.92719999999997
 20
-91.6219
 10
504.92719999999997
 20
-90.4219
 10
504.7272
 20
-90.4219
  0
TEXT
  5
291
330
17
100
AcDbEntity
  8
ETIQUETAS
100
AcDbText
 10
504.827
 20
-91.022
 30
0.0
 40
0.044000000000000004
  1
PA-R-161
 72
1
 11
504.827
 21
-91.022
 31
0.0
100
AcDbText
 73
2
  0
LWPOLYLINE
  5
292
330
17
100
AcDbEntity
  8
PISO-ROYAL-WALNUT
100
AcDbPolyline
 90
4
 70
1
 10
504.5262
 20
-92.2224
 10
504.7262
 20
-92.2224
 10
504.7262
 20
-91.02239999999999
 10
504.5262
 20
-91.02239999999999
  0
TEXT
  5
293
330
17
100
AcDbEntity
  8
ETIQUETAS
100
AcDbText
 10
504.626
 20
-91.622
 30
0.0
 40
0.044000000000000004
  1
PA-R-170
 72
1
 11
504.626
 21
-91.622
 31
0.0
100
AcDbText
 73
2
  0
LWPOLYLINE
  5
294
330
17
100
AcDbEntity
  8
PISO-ROYAL-WALNUT
100
AcDbPolyline
 90
4
 70
1
 10
504.3252
 20
-91.6219
 10
504.5252
 20
-91.6219
 10
504.5252
 20
-90.4219
 10
504.3252
 20
-90.4219
  0
TEXT
  5
295
330
17
100
AcDbEntity
  8
ETIQUETAS
100
AcDbText
 10
504.425
 20
-91.022
 30
0.0
 40
0.044000000000000004
  1
PA-R-160
 72
1
 11
504.425
 21
-91.022
 31
0.0
100
AcDbText
 73
2
  0
LWPOLYLINE
  5
296
330
17
100
AcDbEntity
  8
PISO-ROYAL-WALNUT
100
AcDbPolyline
 90
4
 70
1
 10
504.1242
 20
-92.2224
 10
504.32419999999996
 20
-92.2224
 10
504.32419999999996
 20
-91.02239999999999
 10
504.1242
 20
-91.02239999999999
  0
TEXT
  5
297
330
17
100
AcDbEntity
  8
ETIQUETAS
100
AcDbText
 10
504.224
 20
-91.622
 30
0.0
 40
0.044000000000000004
  1
PA-R-169
 72
1
 11
504.224
 21
-91.622
 31
0.0
100
AcDbText
 73
2
  0
LWPOLYLINE
  5
298
330
17
100
AcDbEntity
  8
PISO-ROYAL-WALNUT
100
AcDbPolyline
 90
4
 70
1
 10
505.7322
 20
-91.0214
 10
505.93219999999997
 20
-91.0214
 10
505.93219999999997
 20
-89.8214
 10
505.7322
 20
-89.8214
  0
TEXT
  5
299
330
17
100
AcDbEntity
  8
ETIQUETAS
100
AcDbText
 10
505.832
 20
-90.421
 30
0.0
 40
0.044000000000000004
  1
PA-R-151
 72
1
 11
505.832
 21
-90.421
 31
0.0
100
AcDbText
 73
2
  0
LWPOLYLINE
  5
29A
330
17
100
AcDbEntity
  8
PISO-ROYAL-WALNUT
100
AcDbPolyline
 90
4
 70
1
 10
505.3302
 20
-91.0214
 10
505.5302
 20
-91.0214
 10
505.5302
 20
-89.8214
 10
505.3302
 20
-89.8214
  0
TEXT
  5
29B
330
17
100
AcDbEntity
  8
ETIQUETAS
100
AcDbText
 10
505.43
 20
-90.421
 30
0.0
 40
0.044000000000000004
  1
PA-R-150
 72
1
 11
505.43
 21
-90.421
 31
0.0
100
AcDbText
 73
2
  0
LWPOLYLINE
  5
29C
330
17
100
AcDbEntity
  8
PISO-ROYAL-WALNUT
100
AcDbPolyline
 90
4
 70
1
 10
502.3642
 20
-86.1107
 10
502.56419999999997
 20
-86.1107
 10
502.56419999999997
 20
-84.91069999999999
 10
502.3642
 20
-84.91069999999999
  0
TEXT
  5
29D
330
17
100
AcDbEntity
  8
ETIQUETAS
100
AcDbText
 10
502.464
 20
-85.511
 30
0.0
 40
0.044000000000000004
  1
PA-R-125
 72
1
 11
502.464
 21
-85.511
 31
0.0
100
AcDbText
 73
2
  0
LWPOLYLINE
  5
29E
330
17
100
AcDbEntity
  8
PISO-ROYAL-WALNUT
100
AcDbPolyline
 90
4
 70
1
 10
502.3642
 20
-84.9097
 10
502.56419999999997
 20
-84.9097
 10
502.56419999999997
 20
-83.7097
 10
502.3642
 20
-83.7097
  0
TEXT
  5
29F
330
17
100
AcDbEntity
  8
ETIQUETAS
100
AcDbText
 10
502.464
 20
-84.31
 30
0.0
 40
0.044000000000000004
  1
PA-R-085
 72
1
 11
502.464
 21
-84.31
 31
0.0
100
AcDbText
 73
2
  0
LWPOLYLINE
  5
2A0
330
17
100
AcDbEntity
  8
PISO-ROYAL-WALNUT
100
AcDbPolyline
 90
4
 70
1
 10
502.3642
 20
-83.7087
 10
502.56419999999997
 20
-83.7087
 10
502.56419999999997
 20
-82.50869999999999
 10
502.3642
 20
-82.50869999999999
  0
TEXT
  5
2A1
330
17
100
AcDbEntity
  8
ETIQUETAS
100
AcDbText
 10
502.464
 20
-83.109
 30
0.0
 40
0.044000000000000004
  1
PA-R-046
 72
1
 11
502.464
 21
-83.109
 31
0.0
100
AcDbText
 73
2
  0
LWPOLYLINE
  5
2A2
330
17
100
AcDbEntity
  8
PISO-MORET
100
AcDbPolyline
 90
4
 70
1
 10
497.3647
 20
-87.8604
 10
497.5787
 20
-87.8604
 10
497.5787
 20
-86.7404
 10
497.3647
 20
-86.7404
  0
TEXT
  5
2A3
330
17
100
AcDbEntity
  8
ETIQUETAS
100
AcDbText
 10
497.472
 20
-87.3
 30
0.0
 40
0.04708
  1
PB-M-072
 72
1
 11
497.472
 21
-87.3
 31
0.0
100
AcDbText
 73
2
  0
LWPOLYLINE
  5
2A4
330
17
100
AcDbEntity
  8
PISO-MORET
100
AcDbPolyline
 90
4
 70
1
 10
497.3647
 20
-91.4604
 10
497.5787
 20
-91.4604
 10
497.5787
 20
-90.3404
 10
497.3647
 20
-90.3404
  0
TEXT
  5
2A5
330
17
100
AcDbEntity
  8
ETIQUETAS
100
AcDbText
 10
497.472
 20
-90.9
 30
0.0
 40
0.04708
  1
PB-M-124
 72
1
 11
497.472
 21
-90.9
 31
0.0
100
AcDbText
 73
2
  0
LWPOLYLINE
  5
2A6
330
17
100
AcDbEntity
  8
PISO-MORET
100
AcDbPolyline
 90
4
 70
1
 10
497.3647
 20
-84.3464
 10
497.5787
 20
-84.3464
 10
497.5787
 20
-83.2604
 10
497.3647
 20
-83.2604
  0
TEXT
  5
2A7
330
17
100
AcDbEntity
  8
ETIQUETAS
100
AcDbText
 10
497.472
 20
-83.803
 30
0.0
 40
0.04708
  1
PB-M-042
 72
1
 11
497.472
 21
-83.803
 31
0.0
100
AcDbText
 73
2
  0
LWPOLYLINE
  5
2A8
330
17
100
AcDbEntity
  8
PISO-MORET
100
AcDbPolyline
 90
4
 70
1
 10
497.365
 20
-92.53
 10
497.579
 20
-92.53
 10
497.579
 20
-91.462
 10
497.365
 20
-91.462
  0
TEXT
  5
2A9
330
17
100
AcDbEntity
  8
ETIQUETAS
100
AcDbText
 10
497.472
 20
-91.996
 30
0.0
 40
0.04708
  1
PB-M-138
 72
1
 11
497.472
 21
-91.996
 31
0.0
100
AcDbText
 73
2
  0
LWPOLYLINE
  5
2AA
330
17
100
AcDbEntity
  8
PISO-MORET
100
AcDbPolyline
 90
4
 70
1
 10
503.946
 20
-85.496
 10
504.466
 20
-85.496
 10
504.466
 20
-85.05999999999999
 10
503.946
 20
-85.05999999999999
  0
TEXT
  5
2AB
330
17
100
AcDbEntity
  8
ETIQUETAS
100
AcDbText
 10
504.206
 20
-85.278
 30
0.0
 40
0.055
  1
PA-M-003
 72
1
 11
504.206
 21
-85.278
 31
0.0
100
AcDbText
 73
2
  0
LWPOLYLINE
  5
2AC
330
17
100
AcDbEntity
  8
PISO-ROYAL-WALNUT
100
AcDbPolyline
 90
4
 70
1
 10
507.3402
 20
-91.0214
 10
507.54019999999997
 20
-91.0214
 10
507.54019999999997
 20
-89.9104
 10
507.3402
 20
-89.9104
  0
TEXT
  5
2AD
330
17
100
AcDbEntity
  8
ETIQUETAS
100
AcDbText
 10
507.44
 20
-90.466
 30
0.0
 40
0.044000000000000004
  1
PA-R-158
 72
1
 11
507.44
 21
-90.466
 31
0.0
100
AcDbText
 73
2
  0
LWPOLYLINE
  5
2AE
330
17
100
AcDbEntity
  8
PISO-ROYAL-WALNUT
100
AcDbPolyline
 90
4
 70
1
 10
506.9382
 20
-91.0214
 10
507.1382
 20
-91.0214
 10
507.1382
 20
-89.9104
 10
506.9382
 20
-89.9104
  0
TEXT
  5
2AF
330
17
100
AcDbEntity
  8
ETIQUETAS
100
AcDbText
 10
507.038
 20
-90.466
 30
0.0
 40
0.044000000000000004
  1
PA-R-157
 72
1
 11
507.038
 21
-90.466
 31
0.0
100
AcDbText
 73
2
  0
LWPOLYLINE
  5
2B0
330
17
100
AcDbEntity
  8
PISO-ROYAL-WALNUT
100
AcDbPolyline
 90
4
 70
1
 10
506.5362
 20
-91.0214
 10
506.7362
 20
-91.0214
 10
506.7362
 20
-89.9104
 10
506.5362
 20
-89.9104
  0
TEXT
  5
2B1
330
17
100
AcDbEntity
  8
ETIQUETAS
100
AcDbText
 10
506.636
 20
-90.466
 30
0.0
 40
0.044000000000000004
  1
PA-R-156
 72
1
 11
506.636
 21
-90.466
 31
0.0
100
AcDbText
 73
2
  0
LWPOLYLINE
  5
2B2
330
17
100
AcDbEntity
  8
PISO-ROYAL-WALNUT
100
AcDbPolyline
 90
4
 70
1
 10
506.1342
 20
-91.0214
 10
506.3342
 20
-91.0214
 10
506.3342
 20
-89.9104
 10
506.1342
 20
-89.9104
  0
TEXT
  5
2B3
330
17
100
AcDbEntity
  8
ETIQUETAS
100
AcDbText
 10
506.234
 20
-90.466
 30
0.0
 40
0.044000000000000004
  1
PA-R-155
 72
1
 11
506.234
 21
-90.466
 31
0.0
100
AcDbText
 73
2
  0
LWPOLYLINE
  5
2B4
330
17
100
AcDbEntity
  8
PISO-ROYAL-WALNUT
100
AcDbPolyline
 90
4
 70
1
 10
504.9282
 20
-91.0214
 10
505.1282
 20
-91.0214
 10
505.1282
 20
-89.9104
 10
504.9282
 20
-89.9104
  0
TEXT
  5
2B5
330
17
100
AcDbEntity
  8
ETIQUETAS
100
AcDbText
 10
505.028
 20
-90.466
 30
0.0
 40
0.044000000000000004
  1
PA-R-154
 72
1
 11
505.028
 21
-90.466
 31
0.0
100
AcDbText
 73
2
  0
LWPOLYLINE
  5
2B6
330
17
100
AcDbEntity
  8
PISO-ROYAL-WALNUT
100
AcDbPolyline
 90
4
 70
1
 10
504.5262
 20
-91.0214
 10
504.7262
 20
-91.0214
 10
504.7262
 20
-89.9104
 10
504.5262
 20
-89.9104
  0
TEXT
  5
2B7
330
17
100
AcDbEntity
  8
ETIQUETAS
100
AcDbText
 10
504.626
 20
-90.466
 30
0.0
 40
0.044000000000000004
  1
PA-R-153
 72
1
 11
504.626
 21
-90.466
 31
0.0
100
AcDbText
 73
2
  0
LWPOLYLINE
  5
2B8
330
17
100
AcDbEntity
  8
PISO-ROYAL-WALNUT
100
AcDbPolyline
 90
4
 70
1
 10
504.1242
 20
-91.0214
 10
504.32419999999996
 20
-91.0214
 10
504.32419999999996
 20
-89.9104
 10
504.1242
 20
-89.9104
  0
TEXT
  5
2B9
330
17
100
AcDbEntity
  8
ETIQUETAS
100
AcDbText
 10
504.224
 20
-90.466
 30
0.0
 40
0.044000000000000004
  1
PA-R-152
 72
1
 11
504.224
 21
-90.466
 31
0.0
100
AcDbText
 73
2
  0
LWPOLYLINE
  5
2BA
330
17
100
AcDbEntity
  8
PISO-ROYAL-WALNUT
100
AcDbPolyline
 90
4
 70
1
 10
507.3672
 20
-84.8804
 10
507.5672
 20
-84.8804
 10
507.5672
 20
-83.77029999999999
 10
507.3672
 20
-83.77029999999999
  0
TEXT
  5
2BB
330
17
100
AcDbEntity
  8
ETIQUETAS
100
AcDbText
 10
507.467
 20
-84.325
 30
0.0
 40
0.044000000000000004
  1
PA-R-095
 72
1
 11
507.467
 21
-84.325
 31
0.0
100
AcDbText
 73
2
  0
LWPOLYLINE
  5
2BC
330
17
100
AcDbEntity
  8
PISO-ROYAL-WALNUT
100
AcDbPolyline
 90
4
 70
1
 10
506.9652
 20
-84.8804
 10
507.16519999999997
 20
-84.8804
 10
507.16519999999997
 20
-83.77029999999999
 10
506.9652
 20
-83.77029999999999
  0
TEXT
  5
2BD
330
17
100
AcDbEntity
  8
ETIQUETAS
100
AcDbText
 10
507.065
 20
-84.325
 30
0.0
 40
0.044000000000000004
  1
PA-R-094
 72
1
 11
507.065
 21
-84.325
 31
0.0
100
AcDbText
 73
2
  0
LWPOLYLINE
  5
2BE
330
17
100
AcDbEntity
  8
PISO-ROYAL-WALNUT
100
AcDbPolyline
 90
4
 70
1
 10
506.5632
 20
-84.8804
 10
506.7632
 20
-84.8804
 10
506.7632
 20
-83.77029999999999
 10
506.5632
 20
-83.77029999999999
  0
TEXT
  5
2BF
330
17
100
AcDbEntity
  8
ETIQUETAS
100
AcDbText
 10
506.663
 20
-84.325
 30
0.0
 40
0.044000000000000004
  1
PA-R-093
 72
1
 11
506.663
 21
-84.325
 31
0.0
100
AcDbText
 73
2
  0
LWPOLYLINE
  5
2C0
330
17
100
AcDbEntity
  8
PISO-ROYAL-WALNUT
100
AcDbPolyline
 90
4
 70
1
 10
506.1612
 20
-84.8804
 10
506.3612
 20
-84.8804
 10
506.3612
 20
-83.77029999999999
 10
506.1612
 20
-83.77029999999999
  0
TEXT
  5
2C1
330
17
100
AcDbEntity
  8
ETIQUETAS
100
AcDbText
 10
506.261
 20
-84.325
 30
0.0
 40
0.044000000000000004
  1
PA-R-092
 72
1
 11
506.261
 21
-84.325
 31
0.0
100
AcDbText
 73
2
  0
LWPOLYLINE
  5
2C2
330
17
100
AcDbEntity
  8
PISO-ROYAL-WALNUT
100
AcDbPolyline
 90
4
 70
1
 10
505.7592
 20
-84.8804
 10
505.9592
 20
-84.8804
 10
505.9592
 20
-83.77029999999999
 10
505.7592
 20
-83.77029999999999
  0
TEXT
  5
2C3
330
17
100
AcDbEntity
  8
ETIQUETAS
100
AcDbText
 10
505.859
 20
-84.325
 30
0.0
 40
0.044000000000000004
  1
PA-R-091
 72
1
 11
505.859
 21
-84.325
 31
0.0
100
AcDbText
 73
2
  0
LWPOLYLINE
  5
2C4
330
17
100
AcDbEntity
  8
PISO-ROYAL-WALNUT
100
AcDbPolyline
 90
4
 70
1
 10
505.3572
 20
-84.8804
 10
505.55719999999997
 20
-84.8804
 10
505.55719999999997
 20
-83.77029999999999
 10
505.3572
 20
-83.77029999999999
  0
TEXT
  5
2C5
330
17
100
AcDbEntity
  8
ETIQUETAS
100
AcDbText
 10
505.457
 20
-84.325
 30
0.0
 40
0.044000000000000004
  1
PA-R-090
 72
1
 11
505.457
 21
-84.325
 31
0.0
100
AcDbText
 73
2
  0
LWPOLYLINE
  5
2C6
330
17
100
AcDbEntity
  8
PISO-ROYAL-WALNUT
100
AcDbPolyline
 90
4
 70
1
 10
504.9552
 20
-84.8804
 10
505.1552
 20
-84.8804
 10
505.1552
 20
-83.77029999999999
 10
504.9552
 20
-83.77029999999999
  0
TEXT
  5
2C7
330
17
100
AcDbEntity
  8
ETIQUETAS
100
AcDbText
 10
505.055
 20
-84.325
 30
0.0
 40
0.044000000000000004
  1
PA-R-089
 72
1
 11
505.055
 21
-84.325
 31
0.0
100
AcDbText
 73
2
  0
LWPOLYLINE
  5
2C8
330
17
100
AcDbEntity
  8
PISO-ROYAL-WALNUT
100
AcDbPolyline
 90
4
 70
1
 10
504.5532
 20
-84.8804
 10
504.7532
 20
-84.8804
 10
504.7532
 20
-83.77029999999999
 10
504.5532
 20
-83.77029999999999
  0
TEXT
  5
2C9
330
17
100
AcDbEntity
  8
ETIQUETAS
100
AcDbText
 10
504.653
 20
-84.325
 30
0.0
 40
0.044000000000000004
  1
PA-R-088
 72
1
 11
504.653
 21
-84.325
 31
0.0
100
AcDbText
 73
2
  0
LWPOLYLINE
  5
2CA
330
17
100
AcDbEntity
  8
PISO-ROYAL-WALNUT
100
AcDbPolyline
 90
4
 70
1
 10
504.1512
 20
-84.8804
 10
504.3512
 20
-84.8804
 10
504.3512
 20
-83.77029999999999
 10
504.1512
 20
-83.77029999999999
  0
TEXT
  5
2CB
330
17
100
AcDbEntity
  8
ETIQUETAS
100
AcDbText
 10
504.251
 20
-84.325
 30
0.0
 40
0.044000000000000004
  1
PA-R-087
 72
1
 11
504.251
 21
-84.325
 31
0.0
100
AcDbText
 73
2
  0
LWPOLYLINE
  5
2CC
330
17
100
AcDbEntity
  8
PISO-ROYAL-WALNUT
100
AcDbPolyline
 90
4
 70
1
 10
503.7492
 20
-84.8804
 10
503.94919999999996
 20
-84.8804
 10
503.94919999999996
 20
-83.77029999999999
 10
503.7492
 20
-83.77029999999999
  0
TEXT
  5
2CD
330
17
100
AcDbEntity
  8
ETIQUETAS
100
AcDbText
 10
503.849
 20
-84.325
 30
0.0
 40
0.044000000000000004
  1
PA-R-086
 72
1
 11
503.849
 21
-84.325
 31
0.0
100
AcDbText
 73
2
  0
LWPOLYLINE
  5
2CE
330
17
100
AcDbEntity
  8
PISO-ROYAL-WALNUT
100
AcDbPolyline
 90
4
 70
1
 10
507.3402
 20
-93.3304
 10
507.54019999999997
 20
-93.3304
 10
507.54019999999997
 20
-92.2234
 10
507.3402
 20
-92.2234
  0
TEXT
  5
2CF
330
17
100
AcDbEntity
  8
ETIQUETAS
100
AcDbText
 10
507.44
 20
-92.777
 30
0.0
 40
0.044000000000000004
  1
PA-R-196
 72
1
 11
507.44
 21
-92.777
 31
0.0
100
AcDbText
 73
2
  0
LWPOLYLINE
  5
2D0
330
17
100
AcDbEntity
  8
PISO-ROYAL-WALNUT
100
AcDbPolyline
 90
4
 70
1
 10
506.9382
 20
-93.3304
 10
507.1382
 20
-93.3304
 10
507.1382
 20
-92.2234
 10
506.9382
 20
-92.2234
  0
TEXT
  5
2D1
330
17
100
AcDbEntity
  8
ETIQUETAS
100
AcDbText
 10
507.038
 20
-92.777
 30
0.0
 40
0.044000000000000004
  1
PA-R-195
 72
1
 11
507.038
 21
-92.777
 31
0.0
100
AcDbText
 73
2
  0
LWPOLYLINE
  5
2D2
330
17
100
AcDbEntity
  8
PISO-ROYAL-WALNUT
100
AcDbPolyline
 90
4
 70
1
 10
506.5362
 20
-93.3304
 10
506.7362
 20
-93.3304
 10
506.7362
 20
-92.2234
 10
506.5362
 20
-92.2234
  0
TEXT
  5
2D3
330
17
100
AcDbEntity
  8
ETIQUETAS
100
AcDbText
 10
506.636
 20
-92.777
 30
0.0
 40
0.044000000000000004
  1
PA-R-194
 72
1
 11
506.636
 21
-92.777
 31
0.0
100
AcDbText
 73
2
  0
LWPOLYLINE
  5
2D4
330
17
100
AcDbEntity
  8
PISO-ROYAL-WALNUT
100
AcDbPolyline
 90
4
 70
1
 10
506.1342
 20
-93.3304
 10
506.3342
 20
-93.3304
 10
506.3342
 20
-92.2234
 10
506.1342
 20
-92.2234
  0
TEXT
  5
2D5
330
17
100
AcDbEntity
  8
ETIQUETAS
100
AcDbText
 10
506.234
 20
-92.777
 30
0.0
 40
0.044000000000000004
  1
PA-R-193
 72
1
 11
506.234
 21
-92.777
 31
0.0
100
AcDbText
 73
2
  0
LWPOLYLINE
  5
2D6
330
17
100
AcDbEntity
  8
PISO-ROYAL-WALNUT
100
AcDbPolyline
 90
4
 70
1
 10
505.7322
 20
-93.3304
 10
505.93219999999997
 20
-93.3304
 10
505.93219999999997
 20
-92.2234
 10
505.7322
 20
-92.2234
  0
TEXT
  5
2D7
330
17
100
AcDbEntity
  8
ETIQUETAS
100
AcDbText
 10
505.832
 20
-92.777
 30
0.0
 40
0.044000000000000004
  1
PA-R-192
 72
1
 11
505.832
 21
-92.777
 31
0.0
100
AcDbText
 73
2
  0
LWPOLYLINE
  5
2D8
330
17
100
AcDbEntity
  8
PISO-ROYAL-WALNUT
100
AcDbPolyline
 90
4
 70
1
 10
505.3302
 20
-93.3304
 10
505.5302
 20
-93.3304
 10
505.5302
 20
-92.2234
 10
505.3302
 20
-92.2234
  0
TEXT
  5
2D9
330
17
100
AcDbEntity
  8
ETIQUETAS
100
AcDbText
 10
505.43
 20
-92.777
 30
0.0
 40
0.044000000000000004
  1
PA-R-191
 72
1
 11
505.43
 21
-92.777
 31
0.0
100
AcDbText
 73
2
  0
LWPOLYLINE
  5
2DA
330
17
100
AcDbEntity
  8
PISO-ROYAL-WALNUT
100
AcDbPolyline
 90
4
 70
1
 10
504.9282
 20
-93.3304
 10
505.1282
 20
-93.3304
 10
505.1282
 20
-92.2234
 10
504.9282
 20
-92.2234
  0
TEXT
  5
2DB
330
17
100
AcDbEntity
  8
ETIQUETAS
100
AcDbText
 10
505.028
 20
-92.777
 30
0.0
 40
0.044000000000000004
  1
PA-R-190
 72
1
 11
505.028
 21
-92.777
 31
0.0
100
AcDbText
 73
2
  0
LWPOLYLINE
  5
2DC
330
17
100
AcDbEntity
  8
PISO-ROYAL-WALNUT
100
AcDbPolyline
 90
4
 70
1
 10
504.5262
 20
-93.3304
 10
504.7262
 20
-93.3304
 10
504.7262
 20
-92.2234
 10
504.5262
 20
-92.2234
  0
TEXT
  5
2DD
330
17
100
AcDbEntity
  8
ETIQUETAS
100
AcDbText
 10
504.626
 20
-92.777
 30
0.0
 40
0.044000000000000004
  1
PA-R-189
 72
1
 11
504.626
 21
-92.777
 31
0.0
100
AcDbText
 73
2
  0
LWPOLYLINE
  5
2DE
330
17
100
AcDbEntity
  8
PISO-ROYAL-WALNUT
100
AcDbPolyline
 90
4
 70
1
 10
504.1242
 20
-93.3304
 10
504.32419999999996
 20
-93.3304
 10
504.32419999999996
 20
-92.2234
 10
504.1242
 20
-92.2234
  0
TEXT
  5
2DF
330
17
100
AcDbEntity
  8
ETIQUETAS
100
AcDbText
 10
504.224
 20
-92.777
 30
0.0
 40
0.044000000000000004
  1
PA-R-188
 72
1
 11
504.224
 21
-92.777
 31
0.0
100
AcDbText
 73
2
  0
LWPOLYLINE
  5
2E0
330
17
100
AcDbEntity
  8
PISO-ROYAL-WALNUT
100
AcDbPolyline
 90
4
 70
1
 10
507.5682
 20
-83.1689
 10
507.7682
 20
-83.1689
 10
507.7682
 20
-82.09049999999999
 10
507.5682
 20
-82.09049999999999
  0
TEXT
  5
2E1
330
17
100
AcDbEntity
  8
ETIQUETAS
100
AcDbText
 10
507.668
 20
-82.63
 30
0.0
 40
0.044000000000000004
  1
PA-R-039
 72
1
 11
507.668
 21
-82.63
 31
0.0
100
AcDbText
 73
2
  0
LWPOLYLINE
  5
2E2
330
17
100
AcDbEntity
  8
PISO-ROYAL-WALNUT
100
AcDbPolyline
 90
4
 70
1
 10
507.1662
 20
-83.1689
 10
507.3662
 20
-83.1689
 10
507.3662
 20
-82.09049999999999
 10
507.1662
 20
-82.09049999999999
  0
TEXT
  5
2E3
330
17
100
AcDbEntity
  8
ETIQUETAS
100
AcDbText
 10
507.266
 20
-82.63
 30
0.0
 40
0.044000000000000004
  1
PA-R-038
 72
1
 11
507.266
 21
-82.63
 31
0.0
100
AcDbText
 73
2
  0
LWPOLYLINE
  5
2E4
330
17
100
AcDbEntity
  8
PISO-ROYAL-WALNUT
100
AcDbPolyline
 90
4
 70
1
 10
506.7642
 20
-83.1689
 10
506.9642
 20
-83.1689
 10
506.9642
 20
-82.09049999999999
 10
506.7642
 20
-82.09049999999999
  0
TEXT
  5
2E5
330
17
100
AcDbEntity
  8
ETIQUETAS
100
AcDbText
 10
506.864
 20
-82.63
 30
0.0
 40
0.044000000000000004
  1
PA-R-037
 72
1
 11
506.864
 21
-82.63
 31
0.0
100
AcDbText
 73
2
  0
LWPOLYLINE
  5
2E6
330
17
100
AcDbEntity
  8
PISO-ROYAL-WALNUT
100
AcDbPolyline
 90
4
 70
1
 10
506.3622
 20
-83.1689
 10
506.56219999999996
 20
-83.1689
 10
506.56219999999996
 20
-82.09049999999999
 10
506.3622
 20
-82.09049999999999
  0
TEXT
  5
2E7
330
17
100
AcDbEntity
  8
ETIQUETAS
100
AcDbText
 10
506.462
 20
-82.63
 30
0.0
 40
0.044000000000000004
  1
PA-R-036
 72
1
 11
506.462
 21
-82.63
 31
0.0
100
AcDbText
 73
2
  0
LWPOLYLINE
  5
2E8
330
17
100
AcDbEntity
  8
PISO-ROYAL-WALNUT
100
AcDbPolyline
 90
4
 70
1
 10
505.9602
 20
-83.1689
 10
506.1602
 20
-83.1689
 10
506.1602
 20
-82.09049999999999
 10
505.9602
 20
-82.09049999999999
  0
TEXT
  5
2E9
330
17
100
AcDbEntity
  8
ETIQUETAS
100
AcDbText
 10
506.06
 20
-82.63
 30
0.0
 40
0.044000000000000004
  1
PA-R-035
 72
1
 11
506.06
 21
-82.63
 31
0.0
100
AcDbText
 73
2
  0
LWPOLYLINE
  5
2EA
330
17
100
AcDbEntity
  8
PISO-ROYAL-WALNUT
100
AcDbPolyline
 90
4
 70
1
 10
505.5582
 20
-83.1689
 10
505.7582
 20
-83.1689
 10
505.7582
 20
-82.09049999999999
 10
505.5582
 20
-82.09049999999999
  0
TEXT
  5
2EB
330
17
100
AcDbEntity
  8
ETIQUETAS
100
AcDbText
 10
505.658
 20
-82.63
 30
0.0
 40
0.044000000000000004
  1
PA-R-034
 72
1
 11
505.658
 21
-82.63
 31
0.0
100
AcDbText
 73
2
  0
LWPOLYLINE
  5
2EC
330
17
100
AcDbEntity
  8
PISO-ROYAL-WALNUT
100
AcDbPolyline
 90
4
 70
1
 10
505.1562
 20
-83.1689
 10
505.3562
 20
-83.1689
 10
505.3562
 20
-82.09049999999999
 10
505.1562
 20
-82.09049999999999
  0
TEXT
  5
2ED
330
17
100
AcDbEntity
  8
ETIQUETAS
100
AcDbText
 10
505.256
 20
-82.63
 30
0.0
 40
0.044000000000000004
  1
PA-R-033
 72
1
 11
505.256
 21
-82.63
 31
0.0
100
AcDbText
 73
2
  0
LWPOLYLINE
  5
2EE
330
17
100
AcDbEntity
  8
PISO-ROYAL-WALNUT
100
AcDbPolyline
 90
4
 70
1
 10
504.7542
 20
-83.1689
 10
504.9542
 20
-83.1689
 10
504.9542
 20
-82.09049999999999
 10
504.7542
 20
-82.09049999999999
  0
TEXT
  5
2EF
330
17
100
AcDbEntity
  8
ETIQUETAS
100
AcDbText
 10
504.854
 20
-82.63
 30
0.0
 40
0.044000000000000004
  1
PA-R-032
 72
1
 11
504.854
 21
-82.63
 31
0.0
100
AcDbText
 73
2
  0
LWPOLYLINE
  5
2F0
330
17
100
AcDbEntity
  8
PISO-ROYAL-WALNUT
100
AcDbPolyline
 90
4
 70
1
 10
504.3522
 20
-83.1689
 10
504.55219999999997
 20
-83.1689
 10
504.55219999999997
 20
-82.09049999999999
 10
504.3522
 20
-82.09049999999999
  0
TEXT
  5
2F1
330
17
100
AcDbEntity
  8
ETIQUETAS
100
AcDbText
 10
504.452
 20
-82.63
 30
0.0
 40
0.044000000000000004
  1
PA-R-031
 72
1
 11
504.452
 21
-82.63
 31
0.0
100
AcDbText
 73
2
  0
LWPOLYLINE
  5
2F2
330
17
100
AcDbEntity
  8
PISO-ROYAL-WALNUT
100
AcDbPolyline
 90
4
 70
1
 10
503.9502
 20
-83.1689
 10
504.1502
 20
-83.1689
 10
504.1502
 20
-82.09049999999999
 10
503.9502
 20
-82.09049999999999
  0
TEXT
  5
2F3
330
17
100
AcDbEntity
  8
ETIQUETAS
100
AcDbText
 10
504.05
 20
-82.63
 30
0.0
 40
0.044000000000000004
  1
PA-R-030
 72
1
 11
504.05
 21
-82.63
 31
0.0
100
AcDbText
 73
2
  0
LWPOLYLINE
  5
2F4
330
17
100
AcDbEntity
  8
PISO-ROYAL-WALNUT
100
AcDbPolyline
 90
4
 70
1
 10
503.5482
 20
-83.1689
 10
503.7482
 20
-83.1689
 10
503.7482
 20
-82.09049999999999
 10
503.5482
 20
-82.09049999999999
  0
TEXT
  5
2F5
330
17
100
AcDbEntity
  8
ETIQUETAS
100
AcDbText
 10
503.648
 20
-82.63
 30
0.0
 40
0.044000000000000004
  1
PA-R-029
 72
1
 11
503.648
 21
-82.63
 31
0.0
100
AcDbText
 73
2
  0
LWPOLYLINE
  5
2F6
330
17
100
AcDbEntity
  8
PISO-ROYAL-WALNUT
100
AcDbPolyline
 90
4
 70
1
 10
503.1462
 20
-83.1689
 10
503.3462
 20
-83.1689
 10
503.3462
 20
-82.09049999999999
 10
503.1462
 20
-82.09049999999999
  0
TEXT
  5
2F7
330
17
100
AcDbEntity
  8
ETIQUETAS
100
AcDbText
 10
503.246
 20
-82.63
 30
0.0
 40
0.044000000000000004
  1
PA-R-028
 72
1
 11
503.246
 21
-82.63
 31
0.0
100
AcDbText
 73
2
  0
LWPOLYLINE
  5
2F8
330
17
100
AcDbEntity
  8
PISO-ROYAL-WALNUT
100
AcDbPolyline
 90
4
 70
1
 10
502.7442
 20
-83.1689
 10
502.94419999999997
 20
-83.1689
 10
502.94419999999997
 20
-82.09049999999999
 10
502.7442
 20
-82.09049999999999
  0
TEXT
  5
2F9
330
17
100
AcDbEntity
  8
ETIQUETAS
100
AcDbText
 10
502.844
 20
-82.63
 30
0.0
 40
0.044000000000000004
  1
PA-R-027
 72
1
 11
502.844
 21
-82.63
 31
0.0
100
AcDbText
 73
2
  0
LWPOLYLINE
  5
2FA
330
17
100
AcDbEntity
  8
PISO-ROYAL-WALNUT
100
AcDbPolyline
 90
4
 70
1
 10
499.7742
 20
-85.5099
 10
499.95120000000003
 20
-85.5099
 10
499.95120000000003
 20
-84.3099
 10
499.7742
 20
-84.3099
  0
TEXT
  5
2FB
330
17
100
AcDbEntity
  8
ETIQUETAS
100
AcDbText
 10
499.863
 20
-84.91
 30
0.0
 40
0.038939999999999995
  1
PA-R-111
 72
1
 11
499.863
 21
-84.91
 31
0.0
100
AcDbText
 73
2
  0
LWPOLYLINE
  5
2FC
330
17
100
AcDbEntity
  8
PISO-ROYAL-WALNUT
100
AcDbPolyline
 90
4
 70
1
 10
499.7742
 20
-84.3089
 10
499.95120000000003
 20
-84.3089
 10
499.95120000000003
 20
-83.10889999999999
 10
499.7742
 20
-83.10889999999999
  0
TEXT
  5
2FD
330
17
100
AcDbEntity
  8
ETIQUETAS
100
AcDbText
 10
499.863
 20
-83.709
 30
0.0
 40
0.038939999999999995
  1
PA-R-059
 72
1
 11
499.863
 21
-83.709
 31
0.0
100
AcDbText
 73
2
  0
LWPOLYLINE
  5
2FE
330
17
100
AcDbEntity
  8
PISO-ROYAL-WALNUT
100
AcDbPolyline
 90
4
 70
1
 10
502.1632
 20
-86.5604
 10
502.3632
 20
-86.5604
 10
502.3632
 20
-85.5109
 10
502.1632
 20
-85.5109
  0
TEXT
  5
2FF
330
17
100
AcDbEntity
  8
ETIQUETAS
100
AcDbText
 10
502.263
 20
-86.036
 30
0.0
 40
0.044000000000000004
  1
PA-R-132
 72
1
 11
502.263
 21
-86.036
 31
0.0
100
AcDbText
 73
2
  0
LWPOLYLINE
  5
300
330
17
100
AcDbEntity
  8
PISO-ROYAL-WALNUT
100
AcDbPolyline
 90
4
 70
1
 10
501.7612
 20
-86.5604
 10
501.96119999999996
 20
-86.5604
 10
501.96119999999996
 20
-85.5109
 10
501.7612
 20
-85.5109
  0
TEXT
  5
301
330
17
100
AcDbEntity
  8
ETIQUETAS
100
AcDbText
 10
501.861
 20
-86.036
 30
0.0
 40
0.044000000000000004
  1
PA-R-131
 72
1
 11
501.861
 21
-86.036
 31
0.0
100
AcDbText
 73
2
  0
LWPOLYLINE
  5
302
330
17
100
AcDbEntity
  8
PISO-ROYAL-WALNUT
100
AcDbPolyline
 90
4
 70
1
 10
501.3592
 20
-86.5604
 10
501.5592
 20
-86.5604
 10
501.5592
 20
-85.5109
 10
501.3592
 20
-85.5109
  0
TEXT
  5
303
330
17
100
AcDbEntity
  8
ETIQUETAS
100
AcDbText
 10
501.459
 20
-86.036
 30
0.0
 40
0.044000000000000004
  1
PA-R-130
 72
1
 11
501.459
 21
-86.036
 31
0.0
100
AcDbText
 73
2
  0
LWPOLYLINE
  5
304
330
17
100
AcDbEntity
  8
PISO-ROYAL-WALNUT
100
AcDbPolyline
 90
4
 70
1
 10
500.9572
 20
-86.5604
 10
501.1572
 20
-86.5604
 10
501.1572
 20
-85.5109
 10
500.9572
 20
-85.5109
  0
TEXT
  5
305
330
17
100
AcDbEntity
  8
ETIQUETAS
100
AcDbText
 10
501.057
 20
-86.036
 30
0.0
 40
0.044000000000000004
  1
PA-R-129
 72
1
 11
501.057
 21
-86.036
 31
0.0
100
AcDbText
 73
2
  0
LWPOLYLINE
  5
306
330
17
100
AcDbEntity
  8
PISO-ROYAL-WALNUT
100
AcDbPolyline
 90
4
 70
1
 10
500.5552
 20
-86.5604
 10
500.7552
 20
-86.5604
 10
500.7552
 20
-85.5109
 10
500.5552
 20
-85.5109
  0
TEXT
  5
307
330
17
100
AcDbEntity
  8
ETIQUETAS
100
AcDbText
 10
500.655
 20
-86.036
 30
0.0
 40
0.044000000000000004
  1
PA-R-128
 72
1
 11
500.655
 21
-86.036
 31
0.0
100
AcDbText
 73
2
  0
LWPOLYLINE
  5
308
330
17
100
AcDbEntity
  8
PISO-ROYAL-WALNUT
100
AcDbPolyline
 90
4
 70
1
 10
500.1532
 20
-86.5604
 10
500.3532
 20
-86.5604
 10
500.3532
 20
-85.5109
 10
500.1532
 20
-85.5109
  0
TEXT
  5
309
330
17
100
AcDbEntity
  8
ETIQUETAS
100
AcDbText
 10
500.253
 20
-86.036
 30
0.0
 40
0.044000000000000004
  1
PA-R-127
 72
1
 11
500.253
 21
-86.036
 31
0.0
100
AcDbText
 73
2
  0
LWPOLYLINE
  5
30A
330
17
100
AcDbEntity
  8
PISO-MORET
100
AcDbPolyline
 90
4
 70
1
 10
496.5787
 20
-91.4604
 10
496.76070000000004
 20
-91.4604
 10
496.76070000000004
 20
-90.3404
 10
496.5787
 20
-90.3404
  0
TEXT
  5
30B
330
17
100
AcDbEntity
  8
ETIQUETAS
100
AcDbText
 10
496.67
 20
-90.9
 30
0.0
 40
0.04004
  1
PB-M-122
 72
1
 11
496.67
 21
-90.9
 31
0.0
100
AcDbText
 73
2
  0
LWPOLYLINE
  5
30C
330
17
100
AcDbEntity
  8
PISO-ROYAL-WALNUT
100
AcDbPolyline
 90
4
 70
1
 10
500.1532
 20
-83.1079
 10
500.3532
 20
-83.1079
 10
500.3532
 20
-82.0907
 10
500.1532
 20
-82.0907
  0
TEXT
  5
30D
330
17
100
AcDbEntity
  8
ETIQUETAS
100
AcDbText
 10
500.253
 20
-82.599
 30
0.0
 40
0.044000000000000004
  1
PA-R-021
 72
1
 11
500.253
 21
-82.599
 31
0.0
100
AcDbText
 73
2
  0
LWPOLYLINE
  5
30E
330
17
100
AcDbEntity
  8
PISO-ROYAL-WALNUT
100
AcDbPolyline
 90
4
 70
1
 10
500.5552
 20
-83.1079
 10
500.7552
 20
-83.1079
 10
500.7552
 20
-82.091
 10
500.5552
 20
-82.091
  0
TEXT
  5
30F
330
17
100
AcDbEntity
  8
ETIQUETAS
100
AcDbText
 10
500.655
 20
-82.599
 30
0.0
 40
0.044000000000000004
  1
PA-R-022
 72
1
 11
500.655
 21
-82.599
 31
0.0
100
AcDbText
 73
2
  0
LWPOLYLINE
  5
310
330
17
100
AcDbEntity
  8
PISO-ROYAL-WALNUT
100
AcDbPolyline
 90
4
 70
1
 10
500.9572
 20
-83.1079
 10
501.1572
 20
-83.1079
 10
501.1572
 20
-82.0913
 10
500.9572
 20
-82.0913
  0
TEXT
  5
311
330
17
100
AcDbEntity
  8
ETIQUETAS
100
AcDbText
 10
501.057
 20
-82.6
 30
0.0
 40
0.044000000000000004
  1
PA-R-023
 72
1
 11
501.057
 21
-82.6
 31
0.0
100
AcDbText
 73
2
  0
LWPOLYLINE
  5
312
330
17
100
AcDbEntity
  8
PISO-ROYAL-WALNUT
100
AcDbPolyline
 90
4
 70
1
 10
501.3592
 20
-83.1079
 10
501.5592
 20
-83.1079
 10
501.5592
 20
-82.0916
 10
501.3592
 20
-82.0916
  0
TEXT
  5
313
330
17
100
AcDbEntity
  8
ETIQUETAS
100
AcDbText
 10
501.459
 20
-82.6
 30
0.0
 40
0.044000000000000004
  1
PA-R-024
 72
1
 11
501.459
 21
-82.6
 31
0.0
100
AcDbText
 73
2
  0
LWPOLYLINE
  5
314
330
17
100
AcDbEntity
  8
PISO-ROYAL-WALNUT
100
AcDbPolyline
 90
4
 70
1
 10
501.7612
 20
-83.1079
 10
501.96119999999996
 20
-83.1079
 10
501.96119999999996
 20
-82.0919
 10
501.7612
 20
-82.0919
  0
TEXT
  5
315
330
17
100
AcDbEntity
  8
ETIQUETAS
100
AcDbText
 10
501.861
 20
-82.6
 30
0.0
 40
0.044000000000000004
  1
PA-R-025
 72
1
 11
501.861
 21
-82.6
 31
0.0
100
AcDbText
 73
2
  0
LWPOLYLINE
  5
316
330
17
100
AcDbEntity
  8
PISO-ROYAL-WALNUT
100
AcDbPolyline
 90
4
 70
1
 10
502.1632
 20
-83.1079
 10
502.3632
 20
-83.1079
 10
502.3632
 20
-82.0922
 10
502.1632
 20
-82.0922
  0
TEXT
  5
317
330
17
100
AcDbEntity
  8
ETIQUETAS
100
AcDbText
 10
502.263
 20
-82.6
 30
0.0
 40
0.044000000000000004
  1
PA-R-026
 72
1
 11
502.263
 21
-82.6
 31
0.0
100
AcDbText
 73
2
  0
LWPOLYLINE
  5
318
330
17
100
AcDbEntity
  8
PISO-MORET
100
AcDbPolyline
 90
4
 70
1
 10
495.8287
 20
-88.5234
 10
496.1587
 20
-88.5234
 10
496.1587
 20
-87.9344
 10
495.8287
 20
-87.9344
  0
TEXT
  5
319
330
17
100
AcDbEntity
  8
ETIQUETAS
100
AcDbText
 10
495.994
 20
-88.229
 30
0.0
 40
0.055
  1
PB-M-088
 72
1
 11
495.994
 21
-88.229
 31
0.0
100
AcDbText
 73
2
  0
LWPOLYLINE
  5
31A
330
17
100
AcDbEntity
  8
PISO-MORET
100
AcDbPolyline
 90
4
 70
1
 10
495.389
 20
-92.5304
 10
495.557
 20
-92.5304
 10
495.557
 20
-91.52
 10
495.389
 20
-91.52
  0
TEXT
  5
31B
330
17
100
AcDbEntity
  8
ETIQUETAS
100
AcDbText
 10
495.473
 20
-92.025
 30
0.0
 40
0.03696
  1
PB-M-139
 72
1
 11
495.473
 21
-92.025
 31
0.0
100
AcDbText
 73
2
  0
LWPOLYLINE
  5
31C
330
17
100
AcDbEntity
  8
PISO-ROYAL-WALNUT
100
AcDbPolyline
 90
4
 70
1
 10
499.7742
 20
-86.5604
 10
499.95120000000003
 20
-86.5604
 10
499.95120000000003
 20
-85.5109
 10
499.7742
 20
-85.5109
  0
TEXT
  5
31D
330
17
100
AcDbEntity
  8
ETIQUETAS
100
AcDbText
 10
499.863
 20
-86.036
 30
0.0
 40
0.038939999999999995
  1
PA-R-126
 72
1
 11
499.863
 21
-86.036
 31
0.0
100
AcDbText
 73
2
  0
LWPOLYLINE
  5
31E
330
17
100
AcDbEntity
  8
PISO-MORET
100
AcDbPolyline
 90
4
 70
1
 10
505.0662
 20
-86.5604
 10
505.6642
 20
-86.5604
 10
505.6642
 20
-86.2564
 10
505.0662
 20
-86.2564
  0
TEXT
  5
31F
330
17
100
AcDbEntity
  8
ETIQUETAS
100
AcDbText
 10
505.365
 20
-86.408
 30
0.0
 40
0.055
  1
PA-M-013
 72
1
 11
505.365
 21
-86.408
 31
0.0
100
AcDbText
 73
2
  0
LWPOLYLINE
  5
320
330
17
100
AcDbEntity
  8
PISO-MORET
100
AcDbPolyline
 90
4
 70
1
 10
505.6662
 20
-86.5604
 10
506.2642
 20
-86.5604
 10
506.2642
 20
-86.2564
 10
505.6662
 20
-86.2564
  0
TEXT
  5
321
330
17
100
AcDbEntity
  8
ETIQUETAS
100
AcDbText
 10
505.965
 20
-86.408
 30
0.0
 40
0.055
  1
PA-M-014
 72
1
 11
505.965
 21
-86.408
 31
0.0
100
AcDbText
 73
2
  0
LWPOLYLINE
  5
322
330
17
100
AcDbEntity
  8
PISO-ROYAL-WALNUT
100
AcDbPolyline
 90
4
 70
1
 10
499.7742
 20
-83.1079
 10
499.95120000000003
 20
-83.1079
 10
499.95120000000003
 20
-82.0906
 10
499.7742
 20
-82.0906
  0
TEXT
  5
323
330
17
100
AcDbEntity
  8
ETIQUETAS
100
AcDbText
 10
499.863
 20
-82.599
 30
0.0
 40
0.038939999999999995
  1
PA-R-020
 72
1
 11
499.863
 21
-82.599
 31
0.0
100
AcDbText
 73
2
  0
LWPOLYLINE
  5
324
330
17
100
AcDbEntity
  8
PISO-MORET
100
AcDbPolyline
 90
4
 70
1
 10
504.5242
 20
-86.5604
 10
505.0642
 20
-86.5604
 10
505.0642
 20
-86.2564
 10
504.5242
 20
-86.2564
  0
TEXT
  5
325
330
17
100
AcDbEntity
  8
ETIQUETAS
100
AcDbText
 10
504.794
 20
-86.408
 30
0.0
 40
0.055
  1
PA-M-012
 72
1
 11
504.794
 21
-86.408
 31
0.0
100
AcDbText
 73
2
  0
LWPOLYLINE
  5
326
330
17
100
AcDbEntity
  8
PISO-MORET
100
AcDbPolyline
 90
4
 70
1
 10
494.8187
 20
-89.7194
 10
494.9547
 20
-89.7194
 10
494.9547
 20
-88.52539999999999
 10
494.8187
 20
-88.52539999999999
  0
TEXT
  5
327
330
17
100
AcDbEntity
  8
ETIQUETAS
100
AcDbText
 10
494.887
 20
-89.122
 30
0.0
 40
0.029920000000000002
  1
PB-M-099
 72
1
 11
494.887
 21
-89.122
 31
0.0
100
AcDbText
 73
2
  0
LWPOLYLINE
  5
328
330
17
100
AcDbEntity
  8
PISO-MORET
100
AcDbPolyline
 90
4
 70
1
 10
497.3647
 20
-90.1604
 10
497.63870000000003
 20
-90.1604
 10
497.63870000000003
 20
-89.7214
 10
497.3647
 20
-89.7214
  0
TEXT
  5
329
330
17
100
AcDbEntity
  8
ETIQUETAS
100
AcDbText
 10
497.502
 20
-89.941
 30
0.0
 40
0.055
  1
PB-M-119
 72
1
 11
497.502
 21
-89.941
 31
0.0
100
AcDbText
 73
2
  0
LWPOLYLINE
  5
32A
330
17
100
AcDbEntity
  8
PISO-ROYAL-WALNUT
100
AcDbPolyline
 90
6
 70
1
 10
503.548
 20
-84.969
 10
503.548
 20
-84.371
 10
503.748
 20
-84.371
 10
503.748
 20
-84.8804
 10
503.6443
 20
-84.8804
 10
503.6443
 20
-84.969
  0
TEXT
  5
32B
330
17
100
AcDbEntity
  8
ETIQUETAS
100
AcDbText
 10
503.648
 20
-84.67
 30
0.0
 40
0.044000000000000004
  1
PA-R-108
 72
1
 11
503.648
 21
-84.67
 31
0.0
100
AcDbText
 73
2
  0
LWPOLYLINE
  5
32C
330
17
100
AcDbEntity
  8
PISO-ROYAL-WALNUT
100
AcDbPolyline
 90
4
 70
1
 10
503.1462
 20
-84.9704
 10
503.3462
 20
-84.9704
 10
503.3462
 20
-84.37089999999999
 10
503.1462
 20
-84.37089999999999
  0
TEXT
  5
32D
330
17
100
AcDbEntity
  8
ETIQUETAS
100
AcDbText
 10
503.246
 20
-84.671
 30
0.0
 40
0.044000000000000004
  1
PA-R-110
 72
1
 11
503.246
 21
-84.671
 31
0.0
100
AcDbText
 73
2
  0
LWPOLYLINE
  5
32E
330
17
100
AcDbEntity
  8
PISO-ROYAL-WALNUT
100
AcDbPolyline
 90
4
 70
1
 10
502.7442
 20
-84.9704
 10
502.94419999999997
 20
-84.9704
 10
502.94419999999997
 20
-84.37089999999999
 10
502.7442
 20
-84.37089999999999
  0
TEXT
  5
32F
330
17
100
AcDbEntity
  8
ETIQUETAS
100
AcDbText
 10
502.844
 20
-84.671
 30
0.0
 40
0.044000000000000004
  1
PA-R-109
 72
1
 11
502.844
 21
-84.671
 31
0.0
100
AcDbText
 73
2
  0
LWPOLYLINE
  5
330
330
17
100
AcDbEntity
  8
PISO-ROYAL-WALNUT
100
AcDbPolyline
 90
6
 70
1
 10
506.1332
 20
-90.4209
 10
505.9332
 20
-90.4209
 10
505.9332
 20
-89.8214
 10
506.0242
 20
-89.8214
 10
506.0242
 20
-89.9104
 10
506.1332
 20
-89.9104
  0
TEXT
  5
331
330
17
100
AcDbEntity
  8
ETIQUETAS
100
AcDbText
 10
506.033
 20
-90.121
 30
0.0
 40
0.044000000000000004
  1
PA-R-142
 72
1
 11
506.033
 21
-90.121
 31
0.0
100
AcDbText
 73
2
  0
LWPOLYLINE
  5
332
330
17
100
AcDbEntity
  8
PISO-ROYAL-WALNUT
100
AcDbPolyline
 90
4
 70
1
 10
505.5312
 20
-90.4209
 10
505.7312
 20
-90.4209
 10
505.7312
 20
-89.8214
 10
505.5312
 20
-89.8214
  0
TEXT
  5
333
330
17
100
AcDbEntity
  8
ETIQUETAS
100
AcDbText
 10
505.631
 20
-90.121
 30
0.0
 40
0.044000000000000004
  1
PA-R-141
 72
1
 11
505.631
 21
-90.121
 31
0.0
100
AcDbText
 73
2
  0
LWPOLYLINE
  5
334
330
17
100
AcDbEntity
  8
PISO-ROYAL-WALNUT
100
AcDbPolyline
 90
4
 70
1
 10
505.1292
 20
-90.4209
 10
505.3292
 20
-90.4209
 10
505.3292
 20
-89.8214
 10
505.1292
 20
-89.8214
  0
TEXT
  5
335
330
17
100
AcDbEntity
  8
ETIQUETAS
100
AcDbText
 10
505.229
 20
-90.121
 30
0.0
 40
0.044000000000000004
  1
PA-R-140
 72
1
 11
505.229
 21
-90.121
 31
0.0
100
AcDbText
 73
2
  0
LWPOLYLINE
  5
336
330
17
100
AcDbEntity
  8
PISO-MORET
100
AcDbPolyline
 90
4
 70
1
 10
506.2662
 20
-86.5604
 10
506.61420000000004
 20
-86.5604
 10
506.61420000000004
 20
-86.2564
 10
506.2662
 20
-86.2564
  0
TEXT
  5
337
330
17
100
AcDbEntity
  8
ETIQUETAS
100
AcDbText
 10
506.44
 20
-86.408
 30
0.0
 40
0.055
  1
PA-M-015
 72
1
 11
506.44
 21
-86.408
 31
0.0
100
AcDbText
 73
2
  0
LWPOLYLINE
  5
338
330
17
100
AcDbEntity
  8
PISO-ROYAL-WALNUT
100
AcDbPolyline
 90
4
 70
1
 10
507.5412
 20
-90.4209
 10
507.7412
 20
-90.4209
 10
507.7412
 20
-89.91040000000001
 10
507.5412
 20
-89.91040000000001
  0
TEXT
  5
339
330
17
100
AcDbEntity
  8
ETIQUETAS
100
AcDbText
 10
507.641
 20
-90.166
 30
0.0
 40
0.044000000000000004
  1
PA-R-148
 72
1
 11
507.641
 21
-90.166
 31
0.0
100
AcDbText
 73
2
  0
LWPOLYLINE
  5
33A
330
17
100
AcDbEntity
  8
PISO-ROYAL-WALNUT
100
AcDbPolyline
 90
4
 70
1
 10
507.1392
 20
-90.4209
 10
507.3392
 20
-90.4209
 10
507.3392
 20
-89.91040000000001
 10
507.1392
 20
-89.91040000000001
  0
TEXT
  5
33B
330
17
100
AcDbEntity
  8
ETIQUETAS
100
AcDbText
 10
507.239
 20
-90.166
 30
0.0
 40
0.044000000000000004
  1
PA-R-147
 72
1
 11
507.239
 21
-90.166
 31
0.0
100
AcDbText
 73
2
  0
LWPOLYLINE
  5
33C
330
17
100
AcDbEntity
  8
PISO-ROYAL-WALNUT
100
AcDbPolyline
 90
4
 70
1
 10
506.7372
 20
-90.4209
 10
506.93719999999996
 20
-90.4209
 10
506.93719999999996
 20
-89.91040000000001
 10
506.7372
 20
-89.91040000000001
  0
TEXT
  5
33D
330
17
100
AcDbEntity
  8
ETIQUETAS
100
AcDbText
 10
506.837
 20
-90.166
 30
0.0
 40
0.044000000000000004
  1
PA-R-146
 72
1
 11
506.837
 21
-90.166
 31
0.0
100
AcDbText
 73
2
  0
LWPOLYLINE
  5
33E
330
17
100
AcDbEntity
  8
PISO-ROYAL-WALNUT
100
AcDbPolyline
 90
4
 70
1
 10
506.3352
 20
-90.4209
 10
506.5352
 20
-90.4209
 10
506.5352
 20
-89.91040000000001
 10
506.3352
 20
-89.91040000000001
  0
TEXT
  5
33F
330
17
100
AcDbEntity
  8
ETIQUETAS
100
AcDbText
 10
506.435
 20
-90.166
 30
0.0
 40
0.044000000000000004
  1
PA-R-145
 72
1
 11
506.435
 21
-90.166
 31
0.0
100
AcDbText
 73
2
  0
LWPOLYLINE
  5
340
330
17
100
AcDbEntity
  8
PISO-ROYAL-WALNUT
100
AcDbPolyline
 90
4
 70
1
 10
504.7272
 20
-90.4209
 10
504.92719999999997
 20
-90.4209
 10
504.92719999999997
 20
-89.91040000000001
 10
504.7272
 20
-89.91040000000001
  0
TEXT
  5
341
330
17
100
AcDbEntity
  8
ETIQUETAS
100
AcDbText
 10
504.827
 20
-90.166
 30
0.0
 40
0.044000000000000004
  1
PA-R-144
 72
1
 11
504.827
 21
-90.166
 31
0.0
100
AcDbText
 73
2
  0
LWPOLYLINE
  5
342
330
17
100
AcDbEntity
  8
PISO-ROYAL-WALNUT
100
AcDbPolyline
 90
4
 70
1
 10
504.3252
 20
-90.4209
 10
504.5252
 20
-90.4209
 10
504.5252
 20
-89.91040000000001
 10
504.3252
 20
-89.91040000000001
  0
TEXT
  5
343
330
17
100
AcDbEntity
  8
ETIQUETAS
100
AcDbText
 10
504.425
 20
-90.166
 30
0.0
 40
0.044000000000000004
  1
PA-R-143
 72
1
 11
504.425
 21
-90.166
 31
0.0
100
AcDbText
 73
2
  0
LWPOLYLINE
  5
344
330
17
100
AcDbEntity
  8
PISO-ROYAL-WALNUT
100
AcDbPolyline
 90
4
 70
1
 10
507.5682
 20
-84.8804
 10
507.7682
 20
-84.8804
 10
507.7682
 20
-84.37079999999999
 10
507.5682
 20
-84.37079999999999
  0
TEXT
  5
345
330
17
100
AcDbEntity
  8
ETIQUETAS
100
AcDbText
 10
507.668
 20
-84.626
 30
0.0
 40
0.044000000000000004
  1
PA-R-107
 72
1
 11
507.668
 21
-84.626
 31
0.0
100
AcDbText
 73
2
  0
LWPOLYLINE
  5
346
330
17
100
AcDbEntity
  8
PISO-ROYAL-WALNUT
100
AcDbPolyline
 90
4
 70
1
 10
507.1662
 20
-84.8804
 10
507.3662
 20
-84.8804
 10
507.3662
 20
-84.37079999999999
 10
507.1662
 20
-84.37079999999999
  0
TEXT
  5
347
330
17
100
AcDbEntity
  8
ETIQUETAS
100
AcDbText
 10
507.266
 20
-84.626
 30
0.0
 40
0.044000000000000004
  1
PA-R-106
 72
1
 11
507.266
 21
-84.626
 31
0.0
100
AcDbText
 73
2
  0
LWPOLYLINE
  5
348
330
17
100
AcDbEntity
  8
PISO-ROYAL-WALNUT
100
AcDbPolyline
 90
4
 70
1
 10
506.7642
 20
-84.8804
 10
506.9642
 20
-84.8804
 10
506.9642
 20
-84.37079999999999
 10
506.7642
 20
-84.37079999999999
  0
TEXT
  5
349
330
17
100
AcDbEntity
  8
ETIQUETAS
100
AcDbText
 10
506.864
 20
-84.626
 30
0.0
 40
0.044000000000000004
  1
PA-R-105
 72
1
 11
506.864
 21
-84.626
 31
0.0
100
AcDbText
 73
2
  0
LWPOLYLINE
  5
34A
330
17
100
AcDbEntity
  8
PISO-ROYAL-WALNUT
100
AcDbPolyline
 90
4
 70
1
 10
506.3622
 20
-84.8804
 10
506.56219999999996
 20
-84.8804
 10
506.56219999999996
 20
-84.37079999999999
 10
506.3622
 20
-84.37079999999999
  0
TEXT
  5
34B
330
17
100
AcDbEntity
  8
ETIQUETAS
100
AcDbText
 10
506.462
 20
-84.626
 30
0.0
 40
0.044000000000000004
  1
PA-R-104
 72
1
 11
506.462
 21
-84.626
 31
0.0
100
AcDbText
 73
2
  0
LWPOLYLINE
  5
34C
330
17
100
AcDbEntity
  8
PISO-ROYAL-WALNUT
100
AcDbPolyline
 90
4
 70
1
 10
505.9602
 20
-84.8804
 10
506.1602
 20
-84.8804
 10
506.1602
 20
-84.37079999999999
 10
505.9602
 20
-84.37079999999999
  0
TEXT
  5
34D
330
17
100
AcDbEntity
  8
ETIQUETAS
100
AcDbText
 10
506.06
 20
-84.626
 30
0.0
 40
0.044000000000000004
  1
PA-R-103
 72
1
 11
506.06
 21
-84.626
 31
0.0
100
AcDbText
 73
2
  0
LWPOLYLINE
  5
34E
330
17
100
AcDbEntity
  8
PISO-ROYAL-WALNUT
100
AcDbPolyline
 90
4
 70
1
 10
505.5582
 20
-84.8804
 10
505.7582
 20
-84.8804
 10
505.7582
 20
-84.37079999999999
 10
505.5582
 20
-84.37079999999999
  0
TEXT
  5
34F
330
17
100
AcDbEntity
  8
ETIQUETAS
100
AcDbText
 10
505.658
 20
-84.626
 30
0.0
 40
0.044000000000000004
  1
PA-R-102
 72
1
 11
505.658
 21
-84.626
 31
0.0
100
AcDbText
 73
2
  0
LWPOLYLINE
  5
350
330
17
100
AcDbEntity
  8
PISO-ROYAL-WALNUT
100
AcDbPolyline
 90
4
 70
1
 10
505.1562
 20
-84.8804
 10
505.3562
 20
-84.8804
 10
505.3562
 20
-84.37079999999999
 10
505.1562
 20
-84.37079999999999
  0
TEXT
  5
351
330
17
100
AcDbEntity
  8
ETIQUETAS
100
AcDbText
 10
505.256
 20
-84.626
 30
0.0
 40
0.044000000000000004
  1
PA-R-101
 72
1
 11
505.256
 21
-84.626
 31
0.0
100
AcDbText
 73
2
  0
LWPOLYLINE
  5
352
330
17
100
AcDbEntity
  8
PISO-ROYAL-WALNUT
100
AcDbPolyline
 90
4
 70
1
 10
504.7542
 20
-84.8804
 10
504.9542
 20
-84.8804
 10
504.9542
 20
-84.37079999999999
 10
504.7542
 20
-84.37079999999999
  0
TEXT
  5
353
330
17
100
AcDbEntity
  8
ETIQUETAS
100
AcDbText
 10
504.854
 20
-84.626
 30
0.0
 40
0.044000000000000004
  1
PA-R-100
 72
1
 11
504.854
 21
-84.626
 31
0.0
100
AcDbText
 73
2
  0
LWPOLYLINE
  5
354
330
17
100
AcDbEntity
  8
PISO-ROYAL-WALNUT
100
AcDbPolyline
 90
4
 70
1
 10
504.3522
 20
-84.8804
 10
504.55219999999997
 20
-84.8804
 10
504.55219999999997
 20
-84.37079999999999
 10
504.3522
 20
-84.37079999999999
  0
TEXT
  5
355
330
17
100
AcDbEntity
  8
ETIQUETAS
100
AcDbText
 10
504.452
 20
-84.626
 30
0.0
 40
0.044000000000000004
  1
PA-R-099
 72
1
 11
504.452
 21
-84.626
 31
0.0
100
AcDbText
 73
2
  0
LWPOLYLINE
  5
356
330
17
100
AcDbEntity
  8
PISO-ROYAL-WALNUT
100
AcDbPolyline
 90
4
 70
1
 10
503.9502
 20
-84.8804
 10
504.1502
 20
-84.8804
 10
504.1502
 20
-84.37079999999999
 10
503.9502
 20
-84.37079999999999
  0
TEXT
  5
357
330
17
100
AcDbEntity
  8
ETIQUETAS
100
AcDbText
 10
504.05
 20
-84.626
 30
0.0
 40
0.044000000000000004
  1
PA-R-098
 72
1
 11
504.05
 21
-84.626
 31
0.0
100
AcDbText
 73
2
  0
LWPOLYLINE
  5
358
330
17
100
AcDbEntity
  8
PISO-ROYAL-WALNUT
100
AcDbPolyline
 90
4
 70
1
 10
507.5412
 20
-93.3304
 10
507.7412
 20
-93.3304
 10
507.7412
 20
-92.8239
 10
507.5412
 20
-92.8239
  0
TEXT
  5
359
330
17
100
AcDbEntity
  8
ETIQUETAS
100
AcDbText
 10
507.641
 20
-93.077
 30
0.0
 40
0.044000000000000004
  1
PA-R-206
 72
1
 11
507.641
 21
-93.077
 31
0.0
100
AcDbText
 73
2
  0
LWPOLYLINE
  5
35A
330
17
100
AcDbEntity
  8
PISO-ROYAL-WALNUT
100
AcDbPolyline
 90
4
 70
1
 10
507.1392
 20
-93.3304
 10
507.3392
 20
-93.3304
 10
507.3392
 20
-92.8239
 10
507.1392
 20
-92.8239
  0
TEXT
  5
35B
330
17
100
AcDbEntity
  8
ETIQUETAS
100
AcDbText
 10
507.239
 20
-93.077
 30
0.0
 40
0.044000000000000004
  1
PA-R-205
 72
1
 11
507.239
 21
-93.077
 31
0.0
100
AcDbText
 73
2
  0
LWPOLYLINE
  5
35C
330
17
100
AcDbEntity
  8
PISO-ROYAL-WALNUT
100
AcDbPolyline
 90
4
 70
1
 10
506.7372
 20
-93.3304
 10
506.93719999999996
 20
-93.3304
 10
506.93719999999996
 20
-92.8239
 10
506.7372
 20
-92.8239
  0
TEXT
  5
35D
330
17
100
AcDbEntity
  8
ETIQUETAS
100
AcDbText
 10
506.837
 20
-93.077
 30
0.0
 40
0.044000000000000004
  1
PA-R-204
 72
1
 11
506.837
 21
-93.077
 31
0.0
100
AcDbText
 73
2
  0
LWPOLYLINE
  5
35E
330
17
100
AcDbEntity
  8
PISO-ROYAL-WALNUT
100
AcDbPolyline
 90
4
 70
1
 10
506.3352
 20
-93.3304
 10
506.5352
 20
-93.3304
 10
506.5352
 20
-92.8239
 10
506.3352
 20
-92.8239
  0
TEXT
  5
35F
330
17
100
AcDbEntity
  8
ETIQUETAS
100
AcDbText
 10
506.435
 20
-93.077
 30
0.0
 40
0.044000000000000004
  1
PA-R-203
 72
1
 11
506.435
 21
-93.077
 31
0.0
100
AcDbText
 73
2
  0
LWPOLYLINE
  5
360
330
17
100
AcDbEntity
  8
PISO-ROYAL-WALNUT
100
AcDbPolyline
 90
4
 70
1
 10
505.9332
 20
-93.3304
 10
506.1332
 20
-93.3304
 10
506.1332
 20
-92.8239
 10
505.9332
 20
-92.8239
  0
TEXT
  5
361
330
17
100
AcDbEntity
  8
ETIQUETAS
100
AcDbText
 10
506.033
 20
-93.077
 30
0.0
 40
0.044000000000000004
  1
PA-R-202
 72
1
 11
506.033
 21
-93.077
 31
0.0
100
AcDbText
 73
2
  0
LWPOLYLINE
  5
362
330
17
100
AcDbEntity
  8
PISO-ROYAL-WALNUT
100
AcDbPolyline
 90
4
 70
1
 10
505.5312
 20
-93.3304
 10
505.7312
 20
-93.3304
 10
505.7312
 20
-92.8239
 10
505.5312
 20
-92.8239
  0
TEXT
  5
363
330
17
100
AcDbEntity
  8
ETIQUETAS
100
AcDbText
 10
505.631
 20
-93.077
 30
0.0
 40
0.044000000000000004
  1
PA-R-201
 72
1
 11
505.631
 21
-93.077
 31
0.0
100
AcDbText
 73
2
  0
LWPOLYLINE
  5
364
330
17
100
AcDbEntity
  8
PISO-ROYAL-WALNUT
100
AcDbPolyline
 90
4
 70
1
 10
505.1292
 20
-93.3304
 10
505.3292
 20
-93.3304
 10
505.3292
 20
-92.8239
 10
505.1292
 20
-92.8239
  0
TEXT
  5
365
330
17
100
AcDbEntity
  8
ETIQUETAS
100
AcDbText
 10
505.229
 20
-93.077
 30
0.0
 40
0.044000000000000004
  1
PA-R-200
 72
1
 11
505.229
 21
-93.077
 31
0.0
100
AcDbText
 73
2
  0
LWPOLYLINE
  5
366
330
17
100
AcDbEntity
  8
PISO-ROYAL-WALNUT
100
AcDbPolyline
 90
4
 70
1
 10
504.7272
 20
-93.3304
 10
504.92719999999997
 20
-93.3304
 10
504.92719999999997
 20
-92.8239
 10
504.7272
 20
-92.8239
  0
TEXT
  5
367
330
17
100
AcDbEntity
  8
ETIQUETAS
100
AcDbText
 10
504.827
 20
-93.077
 30
0.0
 40
0.044000000000000004
  1
PA-R-199
 72
1
 11
504.827
 21
-93.077
 31
0.0
100
AcDbText
 73
2
  0
LWPOLYLINE
  5
368
330
17
100
AcDbEntity
  8
PISO-ROYAL-WALNUT
100
AcDbPolyline
 90
4
 70
1
 10
504.3252
 20
-93.3304
 10
504.5252
 20
-93.3304
 10
504.5252
 20
-92.8239
 10
504.3252
 20
-92.8239
  0
TEXT
  5
369
330
17
100
AcDbEntity
  8
ETIQUETAS
100
AcDbText
 10
504.425
 20
-93.077
 30
0.0
 40
0.044000000000000004
  1
PA-R-198
 72
1
 11
504.425
 21
-93.077
 31
0.0
100
AcDbText
 73
2
  0
LWPOLYLINE
  5
36A
330
17
100
AcDbEntity
  8
PISO-ROYAL-WALNUT
100
AcDbPolyline
 90
4
 70
1
 10
507.3672
 20
-82.5694
 10
507.5672
 20
-82.5694
 10
507.5672
 20
-82.0905
 10
507.3672
 20
-82.0905
  0
TEXT
  5
36B
330
17
100
AcDbEntity
  8
ETIQUETAS
100
AcDbText
 10
507.467
 20
-82.33
 30
0.0
 40
0.044000000000000004
  1
PA-R-019
 72
1
 11
507.467
 21
-82.33
 31
0.0
100
AcDbText
 73
2
  0
LWPOLYLINE
  5
36C
330
17
100
AcDbEntity
  8
PISO-ROYAL-WALNUT
100
AcDbPolyline
 90
4
 70
1
 10
506.9652
 20
-82.5694
 10
507.16519999999997
 20
-82.5694
 10
507.16519999999997
 20
-82.0905
 10
506.9652
 20
-82.0905
  0
TEXT
  5
36D
330
17
100
AcDbEntity
  8
ETIQUETAS
100
AcDbText
 10
507.065
 20
-82.33
 30
0.0
 40
0.044000000000000004
  1
PA-R-018
 72
1
 11
507.065
 21
-82.33
 31
0.0
100
AcDbText
 73
2
  0
LWPOLYLINE
  5
36E
330
17
100
AcDbEntity
  8
PISO-ROYAL-WALNUT
100
AcDbPolyline
 90
4
 70
1
 10
506.5632
 20
-82.5694
 10
506.7632
 20
-82.5694
 10
506.7632
 20
-82.0905
 10
506.5632
 20
-82.0905
  0
TEXT
  5
36F
330
17
100
AcDbEntity
  8
ETIQUETAS
100
AcDbText
 10
506.663
 20
-82.33
 30
0.0
 40
0.044000000000000004
  1
PA-R-017
 72
1
 11
506.663
 21
-82.33
 31
0.0
100
AcDbText
 73
2
  0
LWPOLYLINE
  5
370
330
17
100
AcDbEntity
  8
PISO-ROYAL-WALNUT
100
AcDbPolyline
 90
4
 70
1
 10
506.1612
 20
-82.5694
 10
506.3612
 20
-82.5694
 10
506.3612
 20
-82.0905
 10
506.1612
 20
-82.0905
  0
TEXT
  5
371
330
17
100
AcDbEntity
  8
ETIQUETAS
100
AcDbText
 10
506.261
 20
-82.33
 30
0.0
 40
0.044000000000000004
  1
PA-R-016
 72
1
 11
506.261
 21
-82.33
 31
0.0
100
AcDbText
 73
2
  0
LWPOLYLINE
  5
372
330
17
100
AcDbEntity
  8
PISO-ROYAL-WALNUT
100
AcDbPolyline
 90
4
 70
1
 10
505.7592
 20
-82.5694
 10
505.9592
 20
-82.5694
 10
505.9592
 20
-82.0905
 10
505.7592
 20
-82.0905
  0
TEXT
  5
373
330
17
100
AcDbEntity
  8
ETIQUETAS
100
AcDbText
 10
505.859
 20
-82.33
 30
0.0
 40
0.044000000000000004
  1
PA-R-015
 72
1
 11
505.859
 21
-82.33
 31
0.0
100
AcDbText
 73
2
  0
LWPOLYLINE
  5
374
330
17
100
AcDbEntity
  8
PISO-ROYAL-WALNUT
100
AcDbPolyline
 90
4
 70
1
 10
505.3572
 20
-82.5694
 10
505.55719999999997
 20
-82.5694
 10
505.55719999999997
 20
-82.0905
 10
505.3572
 20
-82.0905
  0
TEXT
  5
375
330
17
100
AcDbEntity
  8
ETIQUETAS
100
AcDbText
 10
505.457
 20
-82.33
 30
0.0
 40
0.044000000000000004
  1
PA-R-014
 72
1
 11
505.457
 21
-82.33
 31
0.0
100
AcDbText
 73
2
  0
LWPOLYLINE
  5
376
330
17
100
AcDbEntity
  8
PISO-ROYAL-WALNUT
100
AcDbPolyline
 90
4
 70
1
 10
504.9552
 20
-82.5694
 10
505.1552
 20
-82.5694
 10
505.1552
 20
-82.0905
 10
504.9552
 20
-82.0905
  0
TEXT
  5
377
330
17
100
AcDbEntity
  8
ETIQUETAS
100
AcDbText
 10
505.055
 20
-82.33
 30
0.0
 40
0.044000000000000004
  1
PA-R-013
 72
1
 11
505.055
 21
-82.33
 31
0.0
100
AcDbText
 73
2
  0
LWPOLYLINE
  5
378
330
17
100
AcDbEntity
  8
PISO-ROYAL-WALNUT
100
AcDbPolyline
 90
4
 70
1
 10
504.5532
 20
-82.5694
 10
504.7532
 20
-82.5694
 10
504.7532
 20
-82.0905
 10
504.5532
 20
-82.0905
  0
TEXT
  5
379
330
17
100
AcDbEntity
  8
ETIQUETAS
100
AcDbText
 10
504.653
 20
-82.33
 30
0.0
 40
0.044000000000000004
  1
PA-R-012
 72
1
 11
504.653
 21
-82.33
 31
0.0
100
AcDbText
 73
2
  0
LWPOLYLINE
  5
37A
330
17
100
AcDbEntity
  8
PISO-ROYAL-WALNUT
100
AcDbPolyline
 90
4
 70
1
 10
504.1512
 20
-82.5694
 10
504.3512
 20
-82.5694
 10
504.3512
 20
-82.0905
 10
504.1512
 20
-82.0905
  0
TEXT
  5
37B
330
17
100
AcDbEntity
  8
ETIQUETAS
100
AcDbText
 10
504.251
 20
-82.33
 30
0.0
 40
0.044000000000000004
  1
PA-R-011
 72
1
 11
504.251
 21
-82.33
 31
0.0
100
AcDbText
 73
2
  0
LWPOLYLINE
  5
37C
330
17
100
AcDbEntity
  8
PISO-ROYAL-WALNUT
100
AcDbPolyline
 90
4
 70
1
 10
503.7492
 20
-82.5694
 10
503.94919999999996
 20
-82.5694
 10
503.94919999999996
 20
-82.0905
 10
503.7492
 20
-82.0905
  0
TEXT
  5
37D
330
17
100
AcDbEntity
  8
ETIQUETAS
100
AcDbText
 10
503.849
 20
-82.33
 30
0.0
 40
0.044000000000000004
  1
PA-R-010
 72
1
 11
503.849
 21
-82.33
 31
0.0
100
AcDbText
 73
2
  0
LWPOLYLINE
  5
37E
330
17
100
AcDbEntity
  8
PISO-ROYAL-WALNUT
100
AcDbPolyline
 90
4
 70
1
 10
503.3472
 20
-82.5694
 10
503.5472
 20
-82.5694
 10
503.5472
 20
-82.0905
 10
503.3472
 20
-82.0905
  0
TEXT
  5
37F
330
17
100
AcDbEntity
  8
ETIQUETAS
100
AcDbText
 10
503.447
 20
-82.33
 30
0.0
 40
0.044000000000000004
  1
PA-R-009
 72
1
 11
503.447
 21
-82.33
 31
0.0
100
AcDbText
 73
2
  0
LWPOLYLINE
  5
380
330
17
100
AcDbEntity
  8
PISO-ROYAL-WALNUT
100
AcDbPolyline
 90
4
 70
1
 10
502.9452
 20
-82.5694
 10
503.1452
 20
-82.5694
 10
503.1452
 20
-82.0905
 10
502.9452
 20
-82.0905
  0
TEXT
  5
381
330
17
100
AcDbEntity
  8
ETIQUETAS
100
AcDbText
 10
503.045
 20
-82.33
 30
0.0
 40
0.044000000000000004
  1
PA-R-008
 72
1
 11
503.045
 21
-82.33
 31
0.0
100
AcDbText
 73
2
  0
LWPOLYLINE
  5
382
330
17
100
AcDbEntity
  8
PISO-ROYAL-WALNUT
100
AcDbPolyline
 90
4
 70
1
 10
501.9622
 20
-86.5604
 10
502.1622
 20
-86.5604
 10
502.1622
 20
-86.1114
 10
501.9622
 20
-86.1114
  0
TEXT
  5
383
330
17
100
AcDbEntity
  8
ETIQUETAS
100
AcDbText
 10
502.062
 20
-86.336
 30
0.0
 40
0.044000000000000004
  1
PA-R-138
 72
1
 11
502.062
 21
-86.336
 31
0.0
100
AcDbText
 73
2
  0
LWPOLYLINE
  5
384
330
17
100
AcDbEntity
  8
PISO-ROYAL-WALNUT
100
AcDbPolyline
 90
4
 70
1
 10
501.5602
 20
-86.5604
 10
501.7602
 20
-86.5604
 10
501.7602
 20
-86.1114
 10
501.5602
 20
-86.1114
  0
TEXT
  5
385
330
17
100
AcDbEntity
  8
ETIQUETAS
100
AcDbText
 10
501.66
 20
-86.336
 30
0.0
 40
0.044000000000000004
  1
PA-R-137
 72
1
 11
501.66
 21
-86.336
 31
0.0
100
AcDbText
 73
2
  0
LWPOLYLINE
  5
386
330
17
100
AcDbEntity
  8
PISO-ROYAL-WALNUT
100
AcDbPolyline
 90
4
 70
1
 10
501.1582
 20
-86.5604
 10
501.3582
 20
-86.5604
 10
501.3582
 20
-86.1114
 10
501.1582
 20
-86.1114
  0
TEXT
  5
387
330
17
100
AcDbEntity
  8
ETIQUETAS
100
AcDbText
 10
501.258
 20
-86.336
 30
0.0
 40
0.044000000000000004
  1
PA-R-136
 72
1
 11
501.258
 21
-86.336
 31
0.0
100
AcDbText
 73
2
  0
LWPOLYLINE
  5
388
330
17
100
AcDbEntity
  8
PISO-ROYAL-WALNUT
100
AcDbPolyline
 90
4
 70
1
 10
500.7562
 20
-86.5604
 10
500.95619999999997
 20
-86.5604
 10
500.95619999999997
 20
-86.1114
 10
500.7562
 20
-86.1114
  0
TEXT
  5
389
330
17
100
AcDbEntity
  8
ETIQUETAS
100
AcDbText
 10
500.856
 20
-86.336
 30
0.0
 40
0.044000000000000004
  1
PA-R-135
 72
1
 11
500.856
 21
-86.336
 31
0.0
100
AcDbText
 73
2
  0
LWPOLYLINE
  5
38A
330
17
100
AcDbEntity
  8
PISO-ROYAL-WALNUT
100
AcDbPolyline
 90
4
 70
1
 10
500.3542
 20
-86.5604
 10
500.5542
 20
-86.5604
 10
500.5542
 20
-86.1114
 10
500.3542
 20
-86.1114
  0
TEXT
  5
38B
330
17
100
AcDbEntity
  8
ETIQUETAS
100
AcDbText
 10
500.454
 20
-86.336
 30
0.0
 40
0.044000000000000004
  1
PA-R-134
 72
1
 11
500.454
 21
-86.336
 31
0.0
100
AcDbText
 73
2
  0
LWPOLYLINE
  5
38C
330
17
100
AcDbEntity
  8
PISO-ROYAL-WALNUT
100
AcDbPolyline
 90
4
 70
1
 10
499.9522
 20
-86.5604
 10
500.1522
 20
-86.5604
 10
500.1522
 20
-86.1114
 10
499.9522
 20
-86.1114
  0
TEXT
  5
38D
330
17
100
AcDbEntity
  8
ETIQUETAS
100
AcDbText
 10
500.052
 20
-86.336
 30
0.0
 40
0.044000000000000004
  1
PA-R-133
 72
1
 11
500.052
 21
-86.336
 31
0.0
100
AcDbText
 73
2
  0
LWPOLYLINE
  5
38E
330
17
100
AcDbEntity
  8
PISO-ROYAL-WALNUT
100
AcDbPolyline
 90
4
 70
1
 10
502.3642
 20
-86.5607
 10
502.56419999999997
 20
-86.5607
 10
502.56419999999997
 20
-86.1117
 10
502.3642
 20
-86.1117
  0
TEXT
  5
38F
330
17
100
AcDbEntity
  8
ETIQUETAS
100
AcDbText
 10
502.464
 20
-86.336
 30
0.0
 40
0.044000000000000004
  1
PA-R-139
 72
1
 11
502.464
 21
-86.336
 31
0.0
100
AcDbText
 73
2
  0
LWPOLYLINE
  5
390
330
17
100
AcDbEntity
  8
PISO-ROYAL-WALNUT
100
AcDbPolyline
 90
4
 70
1
 10
507.7422
 20
-92.2224
 10
507.8142
 20
-92.2224
 10
507.8142
 20
-91.02239999999999
 10
507.7422
 20
-91.02239999999999
  0
TEXT
  5
391
330
17
100
AcDbEntity
  8
ETIQUETAS
100
AcDbText
 10
507.778
 20
-91.622
 30
0.0
 40
0.022
  1
PA-R-178
 72
1
 11
507.778
 21
-91.622
 31
0.0
100
AcDbText
 73
2
  0
LWPOLYLINE
  5
392
330
17
100
AcDbEntity
  8
PISO-ROYAL-WALNUT
100
AcDbPolyline
 90
4
 70
1
 10
502.3642
 20
-82.5087
 10
502.56419999999997
 20
-82.5087
 10
502.56419999999997
 20
-82.0905
 10
502.3642
 20
-82.0905
  0
TEXT
  5
393
330
17
100
AcDbEntity
  8
ETIQUETAS
100
AcDbText
 10
502.464
 20
-82.3
 30
0.0
 40
0.044000000000000004
  1
PA-R-007
 72
1
 11
502.464
 21
-82.3
 31
0.0
100
AcDbText
 73
2
  0
LWPOLYLINE
  5
394
330
17
100
AcDbEntity
  8
PISO-ROYAL-WALNUT
100
AcDbPolyline
 90
4
 70
1
 10
499.9522
 20
-82.5074
 10
500.1522
 20
-82.5074
 10
500.1522
 20
-82.09060000000001
 10
499.9522
 20
-82.09060000000001
  0
TEXT
  5
395
330
17
100
AcDbEntity
  8
ETIQUETAS
100
AcDbText
 10
500.052
 20
-82.299
 30
0.0
 40
0.044000000000000004
  1
PA-R-001
 72
1
 11
500.052
 21
-82.299
 31
0.0
100
AcDbText
 73
2
  0
LWPOLYLINE
  5
396
330
17
100
AcDbEntity
  8
PISO-ROYAL-WALNUT
100
AcDbPolyline
 90
4
 70
1
 10
500.3542
 20
-82.5074
 10
500.5542
 20
-82.5074
 10
500.5542
 20
-82.0909
 10
500.3542
 20
-82.0909
  0
TEXT
  5
397
330
17
100
AcDbEntity
  8
ETIQUETAS
100
AcDbText
 10
500.454
 20
-82.299
 30
0.0
 40
0.044000000000000004
  1
PA-R-002
 72
1
 11
500.454
 21
-82.299
 31
0.0
100
AcDbText
 73
2
  0
LWPOLYLINE
  5
398
330
17
100
AcDbEntity
  8
PISO-ROYAL-WALNUT
100
AcDbPolyline
 90
4
 70
1
 10
500.7562
 20
-82.5074
 10
500.95619999999997
 20
-82.5074
 10
500.95619999999997
 20
-82.0912
 10
500.7562
 20
-82.0912
  0
TEXT
  5
399
330
17
100
AcDbEntity
  8
ETIQUETAS
100
AcDbText
 10
500.856
 20
-82.299
 30
0.0
 40
0.044000000000000004
  1
PA-R-003
 72
1
 11
500.856
 21
-82.299
 31
0.0
100
AcDbText
 73
2
  0
LWPOLYLINE
  5
39A
330
17
100
AcDbEntity
  8
PISO-ROYAL-WALNUT
100
AcDbPolyline
 90
4
 70
1
 10
501.1582
 20
-82.5074
 10
501.3582
 20
-82.5074
 10
501.3582
 20
-82.09150000000001
 10
501.1582
 20
-82.09150000000001
  0
TEXT
  5
39B
330
17
100
AcDbEntity
  8
ETIQUETAS
100
AcDbText
 10
501.258
 20
-82.299
 30
0.0
 40
0.044000000000000004
  1
PA-R-004
 72
1
 11
501.258
 21
-82.299
 31
0.0
100
AcDbText
 73
2
  0
LWPOLYLINE
  5
39C
330
17
100
AcDbEntity
  8
PISO-ROYAL-WALNUT
100
AcDbPolyline
 90
4
 70
1
 10
501.5602
 20
-82.5074
 10
501.7602
 20
-82.5074
 10
501.7602
 20
-82.0918
 10
501.5602
 20
-82.0918
  0
TEXT
  5
39D
330
17
100
AcDbEntity
  8
ETIQUETAS
100
AcDbText
 10
501.66
 20
-82.3
 30
0.0
 40
0.044000000000000004
  1
PA-R-005
 72
1
 11
501.66
 21
-82.3
 31
0.0
100
AcDbText
 73
2
  0
LWPOLYLINE
  5
39E
330
17
100
AcDbEntity
  8
PISO-ROYAL-WALNUT
100
AcDbPolyline
 90
4
 70
1
 10
501.9622
 20
-82.5074
 10
502.1622
 20
-82.5074
 10
502.1622
 20
-82.0921
 10
501.9622
 20
-82.0921
  0
TEXT
  5
39F
330
17
100
AcDbEntity
  8
ETIQUETAS
100
AcDbText
 10
502.062
 20
-82.3
 30
0.0
 40
0.044000000000000004
  1
PA-R-006
 72
1
 11
502.062
 21
-82.3
 31
0.0
100
AcDbText
 73
2
  0
LWPOLYLINE
  5
3A0
330
17
100
AcDbEntity
  8
PISO-MORET
100
AcDbPolyline
 90
4
 70
1
 10
502.654
 20
-85.96
 10
502.74399999999997
 20
-85.96
 10
502.74399999999997
 20
-85.05999999999999
 10
502.654
 20
-85.05999999999999
  0
TEXT
  5
3A1
330
17
100
AcDbEntity
  8
ETIQUETAS
100
AcDbText
 10
502.699
 20
-85.51
 30
0.0
 40
0.022
  1
PA-M-004
 72
1
 11
502.699
 21
-85.51
 31
0.0
100
AcDbText
 73
2
  0
LWPOLYLINE
  5
3A2
330
17
100
AcDbEntity
  8
PISO-MORET
100
AcDbPolyline
 90
4
 70
1
 10
503.944
 20
-90.81
 10
504.034
 20
-90.81
 10
504.034
 20
-89.91
 10
503.944
 20
-89.91
  0
TEXT
  5
3A3
330
17
100
AcDbEntity
  8
ETIQUETAS
100
AcDbText
 10
503.989
 20
-90.36
 30
0.0
 40
0.022
  1
PA-M-038
 72
1
 11
503.989
 21
-90.36
 31
0.0
100
AcDbText
 73
2
  0
LWPOLYLINE
  5
3A4
330
17
100
AcDbEntity
  8
PISO-ROYAL-WALNUT
100
AcDbPolyline
 90
4
 70
1
 10
502.565
 20
-85.96
 10
502.654
 20
-85.96
 10
502.654
 20
-85.05999999999999
 10
502.565
 20
-85.05999999999999
  0
TEXT
  5
3A5
330
17
100
AcDbEntity
  8
ETIQUETAS
100
AcDbText
 10
502.61
 20
-85.51
 30
0.0
 40
0.022
  1
PA-R-124
 72
1
 11
502.61
 21
-85.51
 31
0.0
100
AcDbText
 73
2
  0
LWPOLYLINE
  5
3A6
330
17
100
AcDbEntity
  8
PISO-ROYAL-WALNUT
100
AcDbPolyline
 90
4
 70
1
 10
504.0342
 20
-90.8104
 10
504.1232
 20
-90.8104
 10
504.1232
 20
-89.9104
 10
504.0342
 20
-89.9104
  0
TEXT
  5
3A7
330
17
100
AcDbEntity
  8
ETIQUETAS
100
AcDbText
 10
504.079
 20
-90.36
 30
0.0
 40
0.022
  1
PA-R-149
 72
1
 11
504.079
 21
-90.36
 31
0.0
100
AcDbText
 73
2
  0
LWPOLYLINE
  5
3A8
330
17
100
AcDbEntity
  8
PISO-ROYAL-WALNUT
100
AcDbPolyline
 90
4
 70
1
 10
507.742
 20
-91.022
 10
507.814
 20
-91.022
 10
507.814
 20
-89.91000000000001
 10
507.742
 20
-89.91000000000001
  0
TEXT
  5
3A9
330
17
100
AcDbEntity
  8
ETIQUETAS
100
AcDbText
 10
507.778
 20
-90.466
 30
0.0
 40
0.022
  1
PA-R-159
 72
1
 11
507.778
 21
-90.466
 31
0.0
100
AcDbText
 73
2
  0
LWPOLYLINE
  5
3AA
330
17
100
AcDbEntity
  8
PISO-ROYAL-WALNUT
100
AcDbPolyline
 90
4
 70
1
 10
507.7422
 20
-93.3304
 10
507.8142
 20
-93.3304
 10
507.8142
 20
-92.2234
 10
507.7422
 20
-92.2234
  0
TEXT
  5
3AB
330
17
100
AcDbEntity
  8
ETIQUETAS
100
AcDbText
 10
507.778
 20
-92.777
 30
0.0
 40
0.022
  1
PA-R-197
 72
1
 11
507.778
 21
-92.777
 31
0.0
100
AcDbText
 73
2
  0
LWPOLYLINE
  5
3AC
330
17
100
AcDbEntity
  8
PISO-MORET
100
AcDbPolyline
 90
4
 70
1
 10
495.5587
 20
-88.4054
 10
495.70869999999996
 20
-88.4054
 10
495.70869999999996
 20
-87.9344
 10
495.5587
 20
-87.9344
  0
TEXT
  5
3AD
330
17
100
AcDbEntity
  8
ETIQUETAS
100
AcDbText
 10
495.634
 20
-88.17
 30
0.0
 40
0.033
  1
PB-M-087
 72
1
 11
495.634
 21
-88.17
 31
0.0
100
AcDbText
 73
2
  0
LWPOLYLINE
  5
3AE
330
17
100
AcDbEntity
  8
PISO-MORET
100
AcDbPolyline
 90
4
 70
1
 10
494.8187
 20
-88.4054
 10
494.9547
 20
-88.4054
 10
494.9547
 20
-87.9344
 10
494.8187
 20
-87.9344
  0
TEXT
  5
3AF
330
17
100
AcDbEntity
  8
ETIQUETAS
100
AcDbText
 10
494.887
 20
-88.17
 30
0.0
 40
0.029920000000000002
  1
PB-M-085
 72
1
 11
494.887
 21
-88.17
 31
0.0
100
AcDbText
 73
2
  0
LWPOLYLINE
  5
3B0
330
17
100
AcDbEntity
  8
PISO-MORET
100
AcDbPolyline
 90
4
 70
1
 10
494.8187
 20
-90.1604
 10
494.9547
 20
-90.1604
 10
494.9547
 20
-89.7214
 10
494.8187
 20
-89.7214
  0
TEXT
  5
3B1
330
17
100
AcDbEntity
  8
ETIQUETAS
100
AcDbText
 10
494.887
 20
-89.941
 30
0.0
 40
0.029920000000000002
  1
PB-M-114
 72
1
 11
494.887
 21
-89.941
 31
0.0
100
AcDbText
 73
2
  0
LINE
  5
3B2
330
17
100
AcDbEntity
  8
ZOCLO
100
AcDbLine
 10
493.9086590739558
 20
-92.48041814012245
 30
0.0
 11
491.8086590739603
 21
-92.48041814012244
 31
0.0
  0
LINE
  5
3B3
330
17
100
AcDbEntity
  8
ZOCLO
100
AcDbLine
 10
491.8086590739603
 20
-92.48041814012244
 30
0.0
 11
490.2086590739603
 21
-92.48041814012244
 31
0.0
  0
LINE
  5
3B4
330
17
100
AcDbEntity
  8
ZOCLO
100
AcDbLine
 10
490.2086590739603
 20
-92.48041814012244
 30
0.0
 11
489.58865907395585
 21
-92.48041814012244
 31
0.0
  0
LINE
  5
3B5
330
17
100
AcDbEntity
  8
ZOCLO
100
AcDbLine
 10
489.58865907395585
 20
-92.48041814012244
 30
0.0
 11
489.58865907395585
 21
-83.31041814012247
 31
0.0
  0
LINE
  5
3B6
330
17
100
AcDbEntity
  8
ZOCLO
100
AcDbLine
 10
489.58865907395585
 20
-83.31041814012247
 30
0.0
 11
490.1086590119249
 21
-83.31041814012247
 31
0.0
  0
LINE
  5
3B7
330
17
100
AcDbEntity
  8
ZOCLO
100
AcDbLine
 10
493.05865907395577
 20
-83.31041814012247
 30
0.0
 11
494.05865907395577
 21
-83.31041814012247
 31
0.0
  0
LINE
  5
3B8
330
17
100
AcDbEntity
  8
ZOCLO
100
AcDbLine
 10
496.5086590739557
 20
-83.31041814012247
 30
0.0
 11
497.5286590739558
 21
-83.31041814012247
 31
0.0
  0
LINE
  5
3B9
330
17
100
AcDbEntity
  8
ZOCLO
100
AcDbLine
 10
497.5286590739558
 20
-83.31041814012247
 30
0.0
 11
497.5286590739558
 21
-85.41041814012249
 31
0.0
  0
LINE
  5
3BA
330
17
100
AcDbEntity
  8
ZOCLO
100
AcDbLine
 10
497.5286590739558
 20
-85.41041814012249
 30
0.0
 11
497.5286590739558
 21
-86.91041814012247
 31
0.0
  0
LINE
  5
3BB
330
17
100
AcDbEntity
  8
ZOCLO
100
AcDbLine
 10
497.5286590739558
 20
-86.91041814012247
 30
0.0
 11
497.5286590739558
 21
-87.81041814012248
 31
0.0
  0
LINE
  5
3BC
330
17
100
AcDbEntity
  8
ZOCLO
100
AcDbLine
 10
497.5286590739558
 20
-87.81041814012248
 30
0.0
 11
496.70865907395574
 21
-87.81041814012245
 31
0.0
  0
LINE
  5
3BD
330
17
100
AcDbEntity
  8
ZOCLO
100
AcDbLine
 10
496.70865907395574
 20
-87.81041814012245
 30
0.0
 11
496.70865907395574
 21
-87.92846688416894
 31
0.0
  0
LINE
  5
3BE
330
17
100
AcDbEntity
  8
ZOCLO
100
AcDbLine
 10
495.86767722442187
 20
-87.8840725737864
 30
0.0
 11
495.86767722442187
 21
-87.82277361244974
 31
0.0
  0
LINE
  5
3BF
330
17
100
AcDbEntity
  8
ZOCLO
100
AcDbLine
 10
495.86767722442187
 20
-87.82277361244974
 30
0.0
 11
495.66980666255836
 21
-87.82277361244974
 31
0.0
  0
LINE
  5
3C0
330
17
100
AcDbEntity
  8
ZOCLO
100
AcDbLine
 10
495.66980666255836
 20
-87.82277361244974
 30
0.0
 11
495.66980666255836
 21
-88.36871500743398
 31
0.0
  0
LINE
  5
3C1
330
17
100
AcDbEntity
  8
ZOCLO
100
AcDbLine
 10
495.66980666255836
 20
-88.36871500743398
 30
0.0
 11
494.8686590739558
 21
-88.36871500743398
 31
0.0
  0
LINE
  5
3C2
330
17
100
AcDbEntity
  8
ZOCLO
100
AcDbLine
 10
494.8686590739558
 20
-88.36871500743398
 30
0.0
 11
494.8686590739558
 21
-87.81041814012247
 31
0.0
  0
LINE
  5
3C3
330
17
100
AcDbEntity
  8
ZOCLO
100
AcDbLine
 10
494.8686590739558
 20
-87.81041814012247
 30
0.0
 11
494.58865907395585
 21
-87.81041814012245
 31
0.0
  0
LINE
  5
3C4
330
17
100
AcDbEntity
  8
ZOCLO
100
AcDbLine
 10
494.58865907395585
 20
-87.81041814012245
 30
0.0
 11
494.58865907395585
 21
-90.39041814012246
 31
0.0
  0
LINE
  5
3C5
330
17
100
AcDbEntity
  8
ZOCLO
100
AcDbLine
 10
494.58865907395585
 20
-90.39041814012246
 30
0.0
 11
496.3486592055438
 21
-90.39041814012246
 31
0.0
  0
LINE
  5
3C6
330
17
100
AcDbEntity
  8
ZOCLO
100
AcDbLine
 10
496.3486592055438
 20
-90.39041814012246
 30
0.0
 11
496.34866131095424
 21
-91.1904173646559
 31
0.0
  0
LINE
  5
3C7
330
17
100
AcDbEntity
  8
ZOCLO
100
AcDbLine
 10
496.34866131095424
 20
-91.1904173646559
 30
0.0
 11
496.1386614425358
 21
-91.1904203254074
 31
0.0
  0
LINE
  5
3C8
330
17
100
AcDbEntity
  8
ZOCLO
100
AcDbLine
 10
496.1386614425358
 20
-91.1904203254074
 30
0.0
 11
496.1386614425358
 21
-91.30818748966612
 31
0.0
  0
LINE
  5
3C9
330
17
100
AcDbEntity
  8
ZOCLO
100
AcDbLine
 10
496.1386614425358
 20
-91.35166749548955
 30
0.0
 11
496.1386614425358
 21
-91.4704200000563
 31
0.0
  0
LINE
  5
3CA
330
17
100
AcDbEntity
  8
ZOCLO
100
AcDbLine
 10
496.1386614425358
 20
-91.4704200000563
 30
0.0
 11
496.628661552197
 21
-91.47041628013456
 31
0.0
  0
LINE
  5
3CB
330
17
100
AcDbEntity
  8
ZOCLO
100
AcDbLine
 10
496.628661552197
 20
-91.47041628013456
 30
0.0
 11
496.6286591836127
 21
-90.39041814012246
 31
0.0
  0
LINE
  5
3CC
330
17
100
AcDbEntity
  8
ZOCLO
100
AcDbLine
 10
496.6286591836127
 20
-90.39041814012246
 30
0.0
 11
497.5286590739558
 21
-90.39041814012246
 31
0.0
  0
LINE
  5
3CD
330
17
100
AcDbEntity
  8
ZOCLO
100
AcDbLine
 10
497.5286590739558
 20
-90.39041814012246
 30
0.0
 11
497.5286590739558
 21
-90.61041814012248
 31
0.0
  0
LINE
  5
3CE
330
17
100
AcDbEntity
  8
ZOCLO
100
AcDbLine
 10
497.5286590739558
 20
-90.61041814012248
 30
0.0
 11
497.5286590739558
 21
-92.41041814012246
 31
0.0
  0
LINE
  5
3CF
330
17
100
AcDbEntity
  8
ZOCLO
100
AcDbLine
 10
497.5286590739558
 20
-92.41041814012246
 30
0.0
 11
497.5286590739558
 21
-92.48041814012247
 31
0.0
  0
LINE
  5
3D0
330
17
100
AcDbEntity
  8
ZOCLO
100
AcDbLine
 10
497.5286590739558
 20
-92.48041814012247
 30
0.0
 11
495.43865907395065
 21
-92.48041814012247
 31
0.0
  0
LINE
  5
3D1
330
17
100
AcDbEntity
  8
ZOCLO
100
AcDbLine
 10
495.43865907395065
 20
-92.48041814012247
 30
0.0
 11
495.43865907395065
 21
-91.37600063111904
 31
0.0
  0
LINE
  5
3D2
330
17
100
AcDbEntity
  8
ZOCLO
100
AcDbLine
 10
495.43865907395065
 20
-91.3170136276226
 30
0.0
 11
495.43865907395065
 21
-91.19041814012246
 31
0.0
  0
LINE
  5
3D3
330
17
100
AcDbEntity
  8
ZOCLO
100
AcDbLine
 10
495.43865907395065
 20
-91.19041814012246
 30
0.0
 11
495.1586590739558
 21
-91.19041814012246
 31
0.0
  0
LINE
  5
3D4
330
17
100
AcDbEntity
  8
ZOCLO
100
AcDbLine
 10
495.1586590739558
 20
-91.19041814012246
 30
0.0
 11
495.1586590739558
 21
-92.56764914232303
 31
0.0
  0
LINE
  5
3D5
330
17
100
AcDbEntity
  8
ZOCLO
100
AcDbLine
 10
504.40593287756883
 20
-85.81041806531037
 30
0.0
 11
504.29255415970124
 21
-85.81041806531037
 31
0.0
  0
LINE
  5
3D6
330
17
100
AcDbEntity
  8
ZOCLO
100
AcDbLine
 10
504.29255415970124
 20
-85.81041806531037
 30
0.0
 11
504.29255415970124
 21
-86.5104181555369
 31
0.0
  0
LINE
  5
3D7
330
17
100
AcDbEntity
  8
ZOCLO
100
AcDbLine
 10
504.29255415970124
 20
-86.5104181555369
 30
0.0
 11
503.8942197458156
 21
-86.5104181555369
 31
0.0
  0
LINE
  5
3D8
330
17
100
AcDbEntity
  8
ZOCLO
100
AcDbLine
 10
503.8942197458156
 20
-86.5104181555369
 30
0.0
 11
503.8942197458156
 21
-89.96041815553689
 31
0.0
  0
LINE
  5
3D9
330
17
100
AcDbEntity
  8
ZOCLO
100
AcDbLine
 10
503.8942197458156
 20
-89.96041815553689
 30
0.0
 11
503.94421974581553
 21
-89.96041815553689
 31
0.0
  0
LINE
  5
3DA
330
17
100
AcDbEntity
  8
ZOCLO
100
AcDbLine
 10
505.17421974581555
 20
-89.78226128841982
 30
0.0
 11
505.17421974581555
 21
-89.68041815553688
 31
0.0
  0
LINE
  5
3DB
330
17
100
AcDbEntity
  8
ZOCLO
100
AcDbLine
 10
505.17421974581555
 20
-89.68041815553688
 30
0.0
 11
504.17421974581555
 21
-89.68041815553688
 31
0.0
  0
LINE
  5
3DC
330
17
100
AcDbEntity
  8
ZOCLO
100
AcDbLine
 10
504.17421974581555
 20
-89.68041815553688
 30
0.0
 11
504.17421974581555
 21
-86.79041815553687
 31
0.0
  0
LINE
  5
3DD
330
17
100
AcDbEntity
  8
ZOCLO
100
AcDbLine
 10
504.17421974581555
 20
-86.79041815553687
 30
0.0
 11
506.17213753598264
 21
-86.79041815553687
 31
0.0
  0
LINE
  5
3DE
330
17
100
AcDbEntity
  8
ZOCLO
100
AcDbLine
 10
506.17213753598264
 20
-86.79041815553687
 30
0.0
 11
506.17213753598264
 21
-88.40952935835492
 31
0.0
  0
LINE
  5
3DF
330
17
100
AcDbEntity
  8
ZOCLO
100
AcDbLine
 10
506.17213753598264
 20
-88.40952935835492
 30
0.0
 11
506.25710766505983
 21
-88.40952935835492
 31
0.0
  0
LINE
  5
3E0
330
17
100
AcDbEntity
  8
ZOCLO
100
AcDbLine
 10
503.94421974581553
 20
-90.76041815553691
 30
0.0
 11
503.8942197458156
 21
-90.76041815553691
 31
0.0
  0
LINE
  5
3E1
330
17
100
AcDbEntity
  8
ZOCLO
100
AcDbLine
 10
503.8942197458156
 20
-90.76041815553691
 30
0.0
 11
503.8942197458156
 21
-92.48041813821024
 31
0.0
  0
LINE
  5
3E2
330
17
100
AcDbEntity
  8
ZOCLO
100
AcDbLine
 10
503.8942197458156
 20
-92.48041813821024
 30
0.0
 11
502.7886995862468
 21
-92.48041813821024
 31
0.0
  0
LINE
  5
3E3
330
17
100
AcDbEntity
  8
ZOCLO
100
AcDbLine
 10
502.79421974581544
 20
-86.74160174812631
 30
0.0
 11
502.79421974581544
 21
-85.91041813821028
 31
0.0
  0
LINE
  5
3E4
330
17
100
AcDbEntity
  8
ZOCLO
100
AcDbLine
 10
502.79421974581544
 20
-85.91041813821028
 30
0.0
 11
502.6642063930376
 21
-85.91041813821028
 31
0.0
  0
LINE
  5
3E5
330
17
100
AcDbEntity
  8
ZOCLO
100
AcDbLine
 10
503.59432164606426
 20
-84.99822429248479
 30
0.0
 11
503.59432164606426
 21
-85.11041805886734
 31
0.0
  0
LINE
  5
3E6
330
17
100
AcDbEntity
  8
ZOCLO
100
AcDbLine
 10
503.59432164606426
 20
-85.11041805886734
 30
0.0
 11
504.3998712701234
 21
-85.11041805886734
 31
0.0
  0
LINE
  5
3E7
330
17
100
AcDbEntity
  8
ZOCLO
100
AcDbLine
 10
504.4452426557282
 20
-85.11041805886734
 30
0.0
 11
506.61421974581543
 21
-85.11041805886734
 31
0.0
  0
LINE
  5
3E8
330
17
100
AcDbEntity
  8
ZOCLO
100
AcDbLine
 10
506.61421974581543
 20
-86.5104181555369
 30
0.0
 11
504.57255440625784
 21
-86.5104181555369
 31
0.0
  0
LINE
  5
3E9
330
17
100
AcDbEntity
  8
ZOCLO
100
AcDbLine
 10
504.57255440625784
 20
-86.5104181555369
 30
0.0
 11
504.57255440625784
 21
-85.81041806531039
 31
0.0
  0
LINE
  5
3EA
330
17
100
AcDbEntity
  8
ZOCLO
100
AcDbLine
 10
504.57255440625784
 20
-85.81041806531039
 30
0.0
 11
504.4541658157907
 21
-85.81041806531039
 31
0.0
  0
LINE
  5
3EB
330
17
100
AcDbEntity
  8
ZOCLO
100
AcDbLine
 10
493.95865907395574
 20
-92.59803370625264
 30
0.0
 11
493.95865907395574
 21
-92.48041814012245
 31
0.0
  0
LINE
  5
3EC
330
17
100
AcDbEntity
  8
ZOCLO
100
AcDbLine
 10
493.95865907395574
 20
-92.48041814012245
 30
0.0
 11
493.90865907395585
 21
-92.48041814012245
 31
0.0
  0
LINE
  5
3ED
330
17
100
AcDbEntity
  8
ZOCLO
100
AcDbLine
 10
494.1086590739558
 20
-83.21587234391745
 30
0.0
 11
494.1086590739558
 21
-83.31041814012247
 31
0.0
  0
LINE
  5
3EE
330
17
100
AcDbEntity
  8
ZOCLO
100
AcDbLine
 10
494.1086590739558
 20
-83.31041814012247
 30
0.0
 11
494.0586590739559
 21
-83.31041814012247
 31
0.0
  0
LINE
  5
3EF
330
17
100
AcDbEntity
  8
ZOCLO
100
AcDbLine
 10
493.008659073956
 20
-83.21512729942788
 30
0.0
 11
493.008659073956
 21
-83.31041814012247
 31
0.0
  0
LINE
  5
3F0
330
17
100
AcDbEntity
  8
ZOCLO
100
AcDbLine
 10
493.008659073956
 20
-83.31041814012247
 30
0.0
 11
493.0586590739559
 21
-83.31041814012247
 31
0.0
  0
LINE
  5
3F1
330
17
100
AcDbEntity
  8
ZOCLO
100
AcDbLine
 10
493.05865907395577
 20
-83.03041814012246
 30
0.0
 11
494.05865907395577
 21
-83.03041814012246
 31
0.0
  0
LINE
  5
3F2
330
17
100
AcDbEntity
  8
ZOCLO
100
AcDbLine
 10
496.45865907395597
 20
-83.21128443837642
 30
0.0
 11
496.45865907395597
 21
-83.31041814012247
 31
0.0
  0
LINE
  5
3F3
330
17
100
AcDbEntity
  8
ZOCLO
100
AcDbLine
 10
496.45865907395597
 20
-83.31041814012247
 30
0.0
 11
496.50865907395587
 21
-83.31041814012247
 31
0.0
  0
LINE
  5
3F4
330
17
100
AcDbEntity
  8
ZOCLO
100
AcDbLine
 10
494.1086590739558
 20
-83.12496393632748
 30
0.0
 11
494.1086590739558
 21
-83.03041814012246
 31
0.0
  0
LINE
  5
3F5
330
17
100
AcDbEntity
  8
ZOCLO
100
AcDbLine
 10
494.1086590739558
 20
-83.03041814012246
 30
0.0
 11
494.0586590739559
 21
-83.03041814012246
 31
0.0
  0
LINE
  5
3F6
330
17
100
AcDbEntity
  8
ZOCLO
100
AcDbLine
 10
493.008659073956
 20
-83.12570898081705
 30
0.0
 11
493.008659073956
 21
-83.03041814012246
 31
0.0
  0
LINE
  5
3F7
330
17
100
AcDbEntity
  8
ZOCLO
100
AcDbLine
 10
493.008659073956
 20
-83.03041814012246
 30
0.0
 11
493.0586590739559
 21
-83.03041814012246
 31
0.0
  0
LINE
  5
3F8
330
17
100
AcDbEntity
  8
ZOCLO
100
AcDbLine
 10
490.15865901192484
 20
-83.21587234391745
 30
0.0
 11
490.15865901192484
 21
-83.31041814012247
 31
0.0
  0
LINE
  5
3F9
330
17
100
AcDbEntity
  8
ZOCLO
100
AcDbLine
 10
490.15865901192484
 20
-83.31041814012247
 30
0.0
 11
490.10865901192494
 21
-83.31041814012247
 31
0.0
  0
LINE
  5
3FA
330
17
100
AcDbEntity
  8
ZOCLO
100
AcDbLine
 10
490.15865907395573
 20
-83.12496393632748
 30
0.0
 11
490.15865907395573
 21
-83.03041814012246
 31
0.0
  0
LINE
  5
3FB
330
17
100
AcDbEntity
  8
ZOCLO
100
AcDbLine
 10
490.15865907395573
 20
-83.03041814012246
 30
0.0
 11
490.10865907395583
 21
-83.03041814012246
 31
0.0
  0
LINE
  5
3FC
330
17
100
AcDbEntity
  8
ZOCLO
100
AcDbLine
 10
489.58865907395585
 20
-80.82590053661966
 30
0.0
 11
489.58865907395585
 21
-83.03041814012246
 31
0.0
  0
LINE
  5
3FD
330
17
100
AcDbEntity
  8
ZOCLO
100
AcDbLine
 10
489.58865907395585
 20
-83.03041814012246
 30
0.0
 11
490.1086590739557
 21
-83.03041814012246
 31
0.0
  0
LINE
  5
3FE
330
17
100
AcDbEntity
  8
ZOCLO
100
AcDbLine
 10
496.50865907395576
 20
-83.03041814012246
 30
0.0
 11
497.75865907395587
 21
-83.03041814012246
 31
0.0
  0
LINE
  5
3FF
330
17
100
AcDbEntity
  8
ZOCLO
100
AcDbLine
 10
496.45865907395597
 20
-83.12570898081705
 30
0.0
 11
496.45865907395597
 21
-83.03041814012246
 31
0.0
  0
LINE
  5
400
330
17
100
AcDbEntity
  8
ZOCLO
100
AcDbLine
 10
496.45865907395597
 20
-83.03041814012246
 30
0.0
 11
496.50865907395587
 21
-83.03041814012246
 31
0.0
  0
LINE
  5
401
330
17
100
AcDbEntity
  8
ZOCLO
100
AcDbLine
 10
502.79326367353883
 20
-84.99822429248479
 30
0.0
 11
502.79326367353883
 21
-85.11041805886734
 31
0.0
  0
LINE
  5
402
330
17
100
AcDbEntity
  8
ZOCLO
100
AcDbLine
 10
502.79326367353883
 20
-85.11041805886734
 30
0.0
 11
502.6628976748402
 21
-85.11041805886734
 31
0.0
  0
LINE
  5
403
330
17
100
AcDbEntity
  8
ZOCLO
100
AcDbLine
 10
502.79421974581544
 20
-86.74160174812631
 30
0.0
 11
502.79421974581544
 21
-86.78441522869936
 31
0.0
  0
LINE
  5
404
330
17
100
AcDbEntity
  8
ZOCLO
100
AcDbLine
 10
502.79421974581544
 20
-86.78441522869936
 30
0.0
 11
499.8140219572475
 21
-86.78441522869936
 31
0.0
  0
LINE
  5
405
330
17
100
AcDbEntity
  8
ZOCLO
100
AcDbLine
 10
499.8140219572475
 20
-86.78441522869936
 30
0.0
 11
499.8140219572475
 21
-88.94041813821033
 31
0.0
  0
LINE
  5
406
330
17
100
AcDbEntity
  8
ZOCLO
100
AcDbLine
 10
506.32413840641686
 20
-88.40952935835492
 30
0.0
 11
506.3938021525897
 21
-88.40952935835492
 31
0.0
  0
LINE
  5
407
330
17
100
AcDbEntity
  8
ZOCLO
100
AcDbLine
 10
506.3938021525897
 20
-88.40952935835492
 30
0.0
 11
506.3938021525904
 21
-87.91041813820831
 31
0.0
  0
LINE
  5
408
330
17
100
AcDbEntity
  8
ZOCLO
100
AcDbLine
 10
506.32413840641686
 20
-89.0826799015673
 30
0.0
 11
506.3938021525897
 21
-89.0826799015673
 31
0.0
  0
LINE
  5
409
330
17
100
AcDbEntity
  8
ZOCLO
100
AcDbLine
 10
506.3938021525897
 20
-89.0826799015673
 30
0.0
 11
506.3938021525897
 21
-89.68041812446094
 31
0.0
  0
LINE
  5
40A
330
17
100
AcDbEntity
  8
ZOCLO
100
AcDbLine
 10
506.3938021525897
 20
-89.68041812446094
 30
0.0
 11
507.76421974581547
 21
-89.6804181377262
 31
0.0
  0
LINE
  5
40B
330
17
100
AcDbEntity
  8
ZOCLO
100
AcDbLine
 10
507.76421974581547
 20
-89.6804181377262
 30
0.0
 11
507.7642197458148
 21
-88.87041813820495
 31
0.0
  0
LINE
  5
40C
330
17
100
AcDbEntity
  8
ZOCLO
100
AcDbLine
 10
507.7642197458148
 20
-88.87041813820495
 30
0.0
 11
507.7642197458157
 21
-87.91041813820831
 31
0.0
  0
LINE
  5
40D
330
17
100
AcDbEntity
  8
ZOCLO
100
AcDbLine
 10
505.9796773765198
 20
-89.7833650642184
 30
0.0
 11
505.9796773765198
 21
-89.6804181263481
 31
0.0
  0
LINE
  5
40E
330
17
100
AcDbEntity
  8
ZOCLO
100
AcDbLine
 10
505.9796773765198
 20
-89.6804181263481
 30
0.0
 11
506.17463733904106
 21
-89.68041812446094
 31
0.0
  0
LINE
  5
40F
330
17
100
AcDbEntity
  8
ZOCLO
100
AcDbLine
 10
506.17463733904106
 20
-89.68041812446094
 30
0.0
 11
506.17463733904106
 21
-89.0826799015673
 31
0.0
  0
LINE
  5
410
330
17
100
AcDbEntity
  8
ZOCLO
100
AcDbLine
 10
506.17463733904106
 20
-89.0826799015673
 30
0.0
 11
506.2443010852139
 21
-89.0826799015673
 31
0.0
  0
LINE
  5
411
330
17
100
AcDbEntity
  8
ZOCLO
100
AcDbLine
 10
494.8686590739558
 20
-90.11041814012248
 30
0.0
 11
494.8686590739558
 21
-88.56041814012247
 31
0.0
  0
LINE
  5
412
330
17
100
AcDbEntity
  8
ZOCLO
100
AcDbLine
 10
494.8686590739558
 20
-88.56041814012247
 30
0.0
 11
495.86767722442187
 21
-88.56041814012247
 31
0.0
  0
LINE
  5
413
330
17
100
AcDbEntity
  8
ZOCLO
100
AcDbLine
 10
495.86767722442187
 20
-88.56041814012247
 30
0.0
 11
495.86767722442187
 21
-88.00319978099219
 31
0.0
  0
LINE
  5
414
330
17
100
AcDbEntity
  8
ZOCLO
100
AcDbLine
 10
497.6438047711454
 20
-88.65064266595255
 30
0.0
 11
496.71489719100674
 21
-88.65064266595255
 31
0.0
  0
LINE
  5
415
330
17
100
AcDbEntity
  8
ZOCLO
100
AcDbLine
 10
496.71489719100674
 20
-88.65064266595255
 30
0.0
 11
496.71489719100674
 21
-88.01057092149995
 31
0.0
  0
LINE
  5
416
330
17
100
AcDbEntity
  8
ZOCLO
100
AcDbLine
 10
506.0733175748851
 20
-103.69377760114352
 30
0.0
 11
507.217094713263
 21
-103.69377760114352
 31
0.0
  0
TEXT
  5
417
330
17
100
AcDbEntity
  8
URBANIA-LAVANDERIA
100
AcDbText
 10
496.26
 20
-89.9
 30
0.0
 40
0.12
  1
URBANIA
 72
1
 11
496.26
 21
-89.9
 31
0.0
100
AcDbText
 73
2
  0
TEXT
  5
418
330
17
100
AcDbEntity
  8
URBANIA-LAVANDERIA
100
AcDbText
 10
497.5
 20
-89.71
 30
0.0
 40
0.12
  1
URBANIA
 72
1
 11
497.5
 21
-89.71
 31
0.0
100
AcDbText
 73
2
  0
LWPOLYLINE
  5
419
330
17
100
AcDbEntity
  8
SOBRANTES-MAPA
100
AcDbPolyline
 90
4
 70
1
 10
494.3547
 20
-91.5204
 10
494.9547
 20
-91.5204
 10
494.9547
 20
-90.32639999999999
 10
494.3547
 20
-90.32639999999999
  0
TEXT
  5
41A
330
17
100
AcDbEntity
  8
SOBRANTES-TEXTO
100
AcDbText
 10
494.6547
 20
-90.9234
 30
0.0
 40
0.05
  1
PB-M-133
 72
1
 11
494.6547
 21
-90.9234
 31
0.0
100
AcDbText
 73
2
  0
LWPOLYLINE
  5
41B
330
17
100
AcDbEntity
  8
SOBRANTES-MAPA
100
AcDbPolyline
 90
4
 70
1
 10
506.0102
 20
-89.8204
 10
506.6102
 20
-89.8204
 10
506.6102
 20
-88.6264
 10
506.0102
 20
-88.6264
  0
TEXT
  5
41C
330
17
100
AcDbEntity
  8
SOBRANTES-TEXTO
100
AcDbText
 10
506.3102
 20
-89.22340000000001
 30
0.0
 40
0.05
  1
PA-M-035
 72
1
 11
506.3102
 21
-89.22340000000001
 31
0.0
100
AcDbText
 73
2
  0
LWPOLYLINE
  5
41D
330
17
100
AcDbEntity
  8
SOBRANTES-MAPA
100
AcDbPolyline
 90
4
 70
1
 10
504.8062
 20
-89.8204
 10
505.4062
 20
-89.8204
 10
505.4062
 20
-88.6264
 10
504.8062
 20
-88.6264
  0
TEXT
  5
41E
330
17
100
AcDbEntity
  8
SOBRANTES-TEXTO
100
AcDbText
 10
505.1062
 20
-89.22340000000001
 30
0.0
 40
0.05
  1
PA-M-033
 72
1
 11
505.1062
 21
-89.22340000000001
 31
0.0
100
AcDbText
 73
2
  0
LWPOLYLINE
  5
41F
330
17
100
AcDbEntity
  8
SOBRANTES-MAPA
100
AcDbPolyline
 90
4
 70
1
 10
506.0102
 20
-88.6244
 10
506.6102
 20
-88.6244
 10
506.6102
 20
-87.43039999999999
 10
506.0102
 20
-87.43039999999999
  0
TEXT
  5
420
330
17
100
AcDbEntity
  8
SOBRANTES-TEXTO
100
AcDbText
 10
506.3102
 20
-88.0274
 30
0.0
 40
0.05
  1
PA-M-025
 72
1
 11
506.3102
 21
-88.0274
 31
0.0
100
AcDbText
 73
2
  0
LWPOLYLINE
  5
421
330
17
100
AcDbEntity
  8
SOBRANTES-MAPA
100
AcDbPolyline
 90
4
 70
1
 10
495.5587
 20
-87.93440000000001
 10
496.1587
 20
-87.93440000000001
 10
496.1587
 20
-86.74040000000001
 10
495.5587
 20
-86.74040000000001
  0
TEXT
  5
422
330
17
100
AcDbEntity
  8
SOBRANTES-TEXTO
100
AcDbText
 10
495.8587
 20
-87.33740000000002
 30
0.0
 40
0.05
  1
PB-M-083
 72
1
 11
495.8587
 21
-87.33740000000002
 31
0.0
100
AcDbText
 73
2
  0
LWPOLYLINE
  5
423
330
17
100
AcDbEntity
  8
SOBRANTES-MAPA
100
AcDbPolyline
 90
4
 70
1
 10
494.3547
 20
-87.93440000000001
 10
494.9547
 20
-87.93440000000001
 10
494.9547
 20
-86.74040000000001
 10
494.3547
 20
-86.74040000000001
  0
TEXT
  5
424
330
17
100
AcDbEntity
  8
SOBRANTES-TEXTO
100
AcDbText
 10
494.6547
 20
-87.33740000000002
 30
0.0
 40
0.05
  1
PB-M-081
 72
1
 11
494.6547
 21
-87.33740000000002
 31
0.0
100
AcDbText
 73
2
  0
LWPOLYLINE
  5
425
330
17
100
AcDbEntity
  8
SOBRANTES-MAPA
100
AcDbPolyline
 90
4
 70
1
 10
504.4662
 20
-86.2544
 10
505.0642
 20
-86.2544
 10
505.0642
 20
-85.0604
 10
504.4662
 20
-85.0604
  0
TEXT
  5
426
330
17
100
AcDbEntity
  8
SOBRANTES-TEXTO
100
AcDbText
 10
504.7652
 20
-85.65740000000001
 30
0.0
 40
0.05
  1
PA-M-005
 72
1
 11
504.7652
 21
-85.65740000000001
 31
0.0
100
AcDbText
 73
2
  0
LWPOLYLINE
  5
427
330
17
100
AcDbEntity
  8
SOBRANTES-MAPA
100
AcDbPolyline
 90
4
 70
1
 10
493.7527
 20
-92.71640000000001
 10
494.3527
 20
-92.71640000000001
 10
494.3527
 20
-91.5224
 10
493.7527
 20
-91.5224
  0
TEXT
  5
428
330
17
100
AcDbEntity
  8
SOBRANTES-TEXTO
100
AcDbText
 10
494.0527
 20
-92.11940000000001
 30
0.0
 40
0.05
  1
PB-M-147
 72
1
 11
494.0527
 21
-92.11940000000001
 31
0.0
100
AcDbText
 73
2
  0
LWPOLYLINE
  5
429
330
17
100
AcDbEntity
  8
SOBRANTES-MAPA
100
AcDbPolyline
 90
4
 70
1
 10
494.9567
 20
-91.53439999999999
 10
495.55670000000003
 20
-91.53439999999999
 10
495.55670000000003
 20
-90.34039999999999
 10
494.9567
 20
-90.34039999999999
  0
TEXT
  5
42A
330
17
100
AcDbEntity
  8
SOBRANTES-TEXTO
100
AcDbText
 10
495.2567
 20
-90.9374
 30
0.0
 40
0.05
  1
PB-M-134
 72
1
 11
495.2567
 21
-90.9374
 31
0.0
100
AcDbText
 73
2
  0
LWPOLYLINE
  5
42B
330
17
100
AcDbEntity
  8
SOBRANTES-MAPA
100
AcDbPolyline
 90
4
 70
1
 10
503.3462
 20
-89.0844
 10
503.9442
 20
-89.0844
 10
503.9442
 20
-87.8904
 10
503.3462
 20
-87.8904
  0
LWPOLYLINE
  5
42C
330
17
100
AcDbEntity
  8
SOBRANTES-RECORTE
100
AcDbPolyline
 90
4
 70
1
 10
503.3462
 20
-89.0844
 10
503.9442
 20
-89.0844
 10
503.9442
 20
-89.0404
 10
503.3462
 20
-89.0404
  0
TEXT
  5
42D
330
17
100
AcDbEntity
  8
SOBRANTES-TEXTO
100
AcDbText
 10
503.6452
 20
-88.48740000000001
 30
0.0
 40
0.05
  1
PA-M-029
 72
1
 11
503.6452
 21
-88.48740000000001
 31
0.0
100
AcDbText
 73
2
  0
LWPOLYLINE
  5
42E
330
17
100
AcDbEntity
  8
SOBRANTES-MAPA
100
AcDbPolyline
 90
4
 70
1
 10
502.7442
 20
-89.0844
 10
503.3442
 20
-89.0844
 10
503.3442
 20
-87.8904
 10
502.7442
 20
-87.8904
  0
LWPOLYLINE
  5
42F
330
17
100
AcDbEntity
  8
SOBRANTES-RECORTE
100
AcDbPolyline
 90
4
 70
1
 10
502.7442
 20
-89.0844
 10
503.3442
 20
-89.0844
 10
503.3442
 20
-89.0404
 10
502.7442
 20
-89.0404
  0
TEXT
  5
430
330
17
100
AcDbEntity
  8
SOBRANTES-TEXTO
100
AcDbText
 10
503.0442
 20
-88.48740000000001
 30
0.0
 40
0.05
  1
PA-M-028
 72
1
 11
503.0442
 21
-88.48740000000001
 31
0.0
100
AcDbText
 73
2
  0
LWPOLYLINE
  5
431
330
17
100
AcDbEntity
  8
SOBRANTES-MAPA
100
AcDbPolyline
 90
4
 70
1
 10
496.1607
 20
-84.3464
 10
496.76070000000004
 20
-84.3464
 10
496.76070000000004
 20
-83.1524
 10
496.1607
 20
-83.1524
  0
LWPOLYLINE
  5
432
330
17
100
AcDbEntity
  8
SOBRANTES-RECORTE
100
AcDbPolyline
 90
4
 70
1
 10
496.1607
 20
-83.2004
 10
496.76070000000004
 20
-83.2004
 10
496.76070000000004
 20
-83.1524
 10
496.1607
 20
-83.1524
  0
TEXT
  5
433
330
17
100
AcDbEntity
  8
SOBRANTES-TEXTO
100
AcDbText
 10
496.46070000000003
 20
-83.74940000000001
 30
0.0
 40
0.05
  1
PB-M-039
 72
1
 11
496.46070000000003
 21
-83.74940000000001
 31
0.0
100
AcDbText
 73
2
  0
LWPOLYLINE
  5
434
330
17
100
AcDbEntity
  8
SOBRANTES-MAPA
100
AcDbPolyline
 90
4
 70
1
 10
495.5587
 20
-84.3464
 10
496.1587
 20
-84.3464
 10
496.1587
 20
-83.1524
 10
495.5587
 20
-83.1524
  0
LWPOLYLINE
  5
435
330
17
100
AcDbEntity
  8
SOBRANTES-RECORTE
100
AcDbPolyline
 90
4
 70
1
 10
495.5587
 20
-83.2004
 10
496.1587
 20
-83.2004
 10
496.1587
 20
-83.1524
 10
495.5587
 20
-83.1524
  0
TEXT
  5
436
330
17
100
AcDbEntity
  8
SOBRANTES-TEXTO
100
AcDbText
 10
495.8587
 20
-83.74940000000001
 30
0.0
 40
0.05
  1
PB-M-038
 72
1
 11
495.8587
 21
-83.74940000000001
 31
0.0
100
AcDbText
 73
2
  0
LWPOLYLINE
  5
437
330
17
100
AcDbEntity
  8
SOBRANTES-MAPA
100
AcDbPolyline
 90
4
 70
1
 10
494.9567
 20
-84.3464
 10
495.55670000000003
 20
-84.3464
 10
495.55670000000003
 20
-83.1524
 10
494.9567
 20
-83.1524
  0
LWPOLYLINE
  5
438
330
17
100
AcDbEntity
  8
SOBRANTES-RECORTE
100
AcDbPolyline
 90
4
 70
1
 10
494.9567
 20
-83.2004
 10
495.55670000000003
 20
-83.2004
 10
495.55670000000003
 20
-83.1524
 10
494.9567
 20
-83.1524
  0
TEXT
  5
439
330
17
100
AcDbEntity
  8
SOBRANTES-TEXTO
100
AcDbText
 10
495.2567
 20
-83.74940000000001
 30
0.0
 40
0.05
  1
PB-M-037
 72
1
 11
495.2567
 21
-83.74940000000001
 31
0.0
100
AcDbText
 73
2
  0
LWPOLYLINE
  5
43A
330
17
100
AcDbEntity
  8
SOBRANTES-MAPA
100
AcDbPolyline
 90
4
 70
1
 10
494.3547
 20
-84.3464
 10
494.9547
 20
-84.3464
 10
494.9547
 20
-83.1524
 10
494.3547
 20
-83.1524
  0
LWPOLYLINE
  5
43B
330
17
100
AcDbEntity
  8
SOBRANTES-RECORTE
100
AcDbPolyline
 90
4
 70
1
 10
494.3547
 20
-83.2004
 10
494.9547
 20
-83.2004
 10
494.9547
 20
-83.1524
 10
494.3547
 20
-83.1524
  0
TEXT
  5
43C
330
17
100
AcDbEntity
  8
SOBRANTES-TEXTO
100
AcDbText
 10
494.6547
 20
-83.74940000000001
 30
0.0
 40
0.05
  1
PB-M-036
 72
1
 11
494.6547
 21
-83.74940000000001
 31
0.0
100
AcDbText
 73
2
  0
LWPOLYLINE
  5
43D
330
17
100
AcDbEntity
  8
SOBRANTES-MAPA
100
AcDbPolyline
 90
4
 70
1
 10
493.7527
 20
-84.3464
 10
494.3527
 20
-84.3464
 10
494.3527
 20
-83.1524
 10
493.7527
 20
-83.1524
  0
LWPOLYLINE
  5
43E
330
17
100
AcDbEntity
  8
SOBRANTES-RECORTE
100
AcDbPolyline
 90
4
 70
1
 10
493.7527
 20
-83.2004
 10
494.3527
 20
-83.2004
 10
494.3527
 20
-83.1524
 10
493.7527
 20
-83.1524
  0
TEXT
  5
43F
330
17
100
AcDbEntity
  8
SOBRANTES-TEXTO
100
AcDbText
 10
494.0527
 20
-83.74940000000001
 30
0.0
 40
0.05
  1
PB-M-035
 72
1
 11
494.0527
 21
-83.74940000000001
 31
0.0
100
AcDbText
 73
2
  0
LWPOLYLINE
  5
440
330
17
100
AcDbEntity
  8
SOBRANTES-MAPA
100
AcDbPolyline
 90
4
 70
1
 10
492.5487
 20
-84.3464
 10
493.1487
 20
-84.3464
 10
493.1487
 20
-83.1524
 10
492.5487
 20
-83.1524
  0
LWPOLYLINE
  5
441
330
17
100
AcDbEntity
  8
SOBRANTES-RECORTE
100
AcDbPolyline
 90
4
 70
1
 10
492.5487
 20
-83.2004
 10
493.1487
 20
-83.2004
 10
493.1487
 20
-83.1524
 10
492.5487
 20
-83.1524
  0
TEXT
  5
442
330
17
100
AcDbEntity
  8
SOBRANTES-TEXTO
100
AcDbText
 10
492.8487
 20
-83.74940000000001
 30
0.0
 40
0.05
  1
PB-M-034
 72
1
 11
492.8487
 21
-83.74940000000001
 31
0.0
100
AcDbText
 73
2
  0
LWPOLYLINE
  5
443
330
17
100
AcDbEntity
  8
SOBRANTES-MAPA
100
AcDbPolyline
 90
4
 70
1
 10
491.9467
 20
-84.3464
 10
492.54670000000004
 20
-84.3464
 10
492.54670000000004
 20
-83.1524
 10
491.9467
 20
-83.1524
  0
LWPOLYLINE
  5
444
330
17
100
AcDbEntity
  8
SOBRANTES-RECORTE
100
AcDbPolyline
 90
4
 70
1
 10
491.9467
 20
-83.2004
 10
492.54670000000004
 20
-83.2004
 10
492.54670000000004
 20
-83.1524
 10
491.9467
 20
-83.1524
  0
TEXT
  5
445
330
17
100
AcDbEntity
  8
SOBRANTES-TEXTO
100
AcDbText
 10
492.24670000000003
 20
-83.74940000000001
 30
0.0
 40
0.05
  1
PB-M-033
 72
1
 11
492.24670000000003
 21
-83.74940000000001
 31
0.0
100
AcDbText
 73
2
  0
LWPOLYLINE
  5
446
330
17
100
AcDbEntity
  8
SOBRANTES-MAPA
100
AcDbPolyline
 90
4
 70
1
 10
491.3447
 20
-84.3464
 10
491.9447
 20
-84.3464
 10
491.9447
 20
-83.1524
 10
491.3447
 20
-83.1524
  0
LWPOLYLINE
  5
447
330
17
100
AcDbEntity
  8
SOBRANTES-RECORTE
100
AcDbPolyline
 90
4
 70
1
 10
491.3447
 20
-83.2004
 10
491.9447
 20
-83.2004
 10
491.9447
 20
-83.1524
 10
491.3447
 20
-83.1524
  0
TEXT
  5
448
330
17
100
AcDbEntity
  8
SOBRANTES-TEXTO
100
AcDbText
 10
491.6447
 20
-83.74940000000001
 30
0.0
 40
0.05
  1
PB-M-032
 72
1
 11
491.6447
 21
-83.74940000000001
 31
0.0
100
AcDbText
 73
2
  0
LWPOLYLINE
  5
449
330
17
100
AcDbEntity
  8
SOBRANTES-MAPA
100
AcDbPolyline
 90
4
 70
1
 10
490.7427
 20
-84.3464
 10
491.34270000000004
 20
-84.3464
 10
491.34270000000004
 20
-83.1524
 10
490.7427
 20
-83.1524
  0
LWPOLYLINE
  5
44A
330
17
100
AcDbEntity
  8
SOBRANTES-RECORTE
100
AcDbPolyline
 90
4
 70
1
 10
490.7427
 20
-83.2004
 10
491.34270000000004
 20
-83.2004
 10
491.34270000000004
 20
-83.1524
 10
490.7427
 20
-83.1524
  0
TEXT
  5
44B
330
17
100
AcDbEntity
  8
SOBRANTES-TEXTO
100
AcDbText
 10
491.0427
 20
-83.74940000000001
 30
0.0
 40
0.05
  1
PB-M-031
 72
1
 11
491.0427
 21
-83.74940000000001
 31
0.0
100
AcDbText
 73
2
  0
LWPOLYLINE
  5
44C
330
17
100
AcDbEntity
  8
SOBRANTES-MAPA
100
AcDbPolyline
 90
4
 70
1
 10
490.1407
 20
-84.3464
 10
490.7407
 20
-84.3464
 10
490.7407
 20
-83.1524
 10
490.1407
 20
-83.1524
  0
LWPOLYLINE
  5
44D
330
17
100
AcDbEntity
  8
SOBRANTES-RECORTE
100
AcDbPolyline
 90
4
 70
1
 10
490.1407
 20
-83.2004
 10
490.7407
 20
-83.2004
 10
490.7407
 20
-83.1524
 10
490.1407
 20
-83.1524
  0
TEXT
  5
44E
330
17
100
AcDbEntity
  8
SOBRANTES-TEXTO
100
AcDbText
 10
490.4407
 20
-83.74940000000001
 30
0.0
 40
0.05
  1
PB-M-030
 72
1
 11
490.4407
 21
-83.74940000000001
 31
0.0
100
AcDbText
 73
2
  0
LWPOLYLINE
  5
44F
330
17
100
AcDbEntity
  8
SOBRANTES-MAPA
100
AcDbPolyline
 90
4
 70
1
 10
489.539
 20
-84.346
 10
490.139
 20
-84.346
 10
490.139
 20
-83.152
 10
489.539
 20
-83.152
  0
LWPOLYLINE
  5
450
330
17
100
AcDbEntity
  8
SOBRANTES-RECORTE
100
AcDbPolyline
 90
4
 70
1
 10
489.539
 20
-83.2
 10
490.139
 20
-83.2
 10
490.139
 20
-83.152
 10
489.539
 20
-83.152
  0
TEXT
  5
451
330
17
100
AcDbEntity
  8
SOBRANTES-TEXTO
100
AcDbText
 10
489.839
 20
-83.74900000000001
 30
0.0
 40
0.05
  1
PB-M-029
 72
1
 11
489.839
 21
-83.74900000000001
 31
0.0
100
AcDbText
 73
2
  0
LWPOLYLINE
  5
452
330
17
100
AcDbEntity
  8
SOBRANTES-MAPA
100
AcDbPolyline
 90
4
 70
1
 10
496.7627
 20
-87.9344
 10
497.3627
 20
-87.9344
 10
497.3627
 20
-86.7404
 10
496.7627
 20
-86.7404
  0
LWPOLYLINE
  5
453
330
17
100
AcDbEntity
  8
SOBRANTES-RECORTE
100
AcDbPolyline
 90
4
 70
1
 10
496.7627
 20
-87.9344
 10
497.3627
 20
-87.9344
 10
497.3627
 20
-87.8604
 10
496.7627
 20
-87.8604
  0
TEXT
  5
454
330
17
100
AcDbEntity
  8
SOBRANTES-TEXTO
100
AcDbText
 10
497.0627
 20
-87.3374
 30
0.0
 40
0.05
  1
PB-M-071
 72
1
 11
497.0627
 21
-87.3374
 31
0.0
100
AcDbText
 73
2
  0
LWPOLYLINE
  5
455
330
17
100
AcDbEntity
  8
SOBRANTES-MAPA
100
AcDbPolyline
 90
4
 70
1
 10
495.5587
 20
-91.5344
 10
496.1587
 20
-91.5344
 10
496.1587
 20
-90.3404
 10
495.5587
 20
-90.3404
  0
LWPOLYLINE
  5
456
330
17
100
AcDbEntity
  8
SOBRANTES-RECORTE
100
AcDbPolyline
 90
4
 70
1
 10
495.5587
 20
-91.5344
 10
496.1587
 20
-91.5344
 10
496.1587
 20
-91.4604
 10
495.5587
 20
-91.4604
  0
TEXT
  5
457
330
17
100
AcDbEntity
  8
SOBRANTES-TEXTO
100
AcDbText
 10
495.8587
 20
-90.93740000000001
 30
0.0
 40
0.05
  1
PB-M-120
 72
1
 11
495.8587
 21
-90.93740000000001
 31
0.0
100
AcDbText
 73
2
  0
LWPOLYLINE
  5
458
330
17
100
AcDbEntity
  8
SOBRANTES-MAPA
100
AcDbPolyline
 90
4
 70
1
 10
496.7627
 20
-91.5344
 10
497.3627
 20
-91.5344
 10
497.3627
 20
-90.3404
 10
496.7627
 20
-90.3404
  0
LWPOLYLINE
  5
459
330
17
100
AcDbEntity
  8
SOBRANTES-RECORTE
100
AcDbPolyline
 90
4
 70
1
 10
496.7627
 20
-91.5344
 10
497.3627
 20
-91.5344
 10
497.3627
 20
-91.4604
 10
496.7627
 20
-91.4604
  0
TEXT
  5
45A
330
17
100
AcDbEntity
  8
SOBRANTES-TEXTO
100
AcDbText
 10
497.0627
 20
-90.93740000000001
 30
0.0
 40
0.05
  1
PB-M-123
 72
1
 11
497.0627
 21
-90.93740000000001
 31
0.0
100
AcDbText
 73
2
  0
LWPOLYLINE
  5
45B
330
17
100
AcDbEntity
  8
SOBRANTES-MAPA
100
AcDbPolyline
 90
4
 70
1
 10
496.1607
 20
-83.1204
 10
496.76070000000004
 20
-83.1204
 10
496.76070000000004
 20
-81.9264
 10
496.1607
 20
-81.9264
  0
LWPOLYLINE
  5
45C
330
17
100
AcDbEntity
  8
SOBRANTES-RECORTE
100
AcDbPolyline
 90
4
 70
1
 10
496.1607
 20
-82.0064
 10
496.76070000000004
 20
-82.0064
 10
496.76070000000004
 20
-81.9264
 10
496.1607
 20
-81.9264
  0
TEXT
  5
45D
330
17
100
AcDbEntity
  8
SOBRANTES-TEXTO
100
AcDbText
 10
496.46070000000003
 20
-82.52340000000001
 30
0.0
 40
0.05
  1
PB-M-028
 72
1
 11
496.46070000000003
 21
-82.52340000000001
 31
0.0
100
AcDbText
 73
2
  0
LWPOLYLINE
  5
45E
330
17
100
AcDbEntity
  8
SOBRANTES-MAPA
100
AcDbPolyline
 90
4
 70
1
 10
495.5587
 20
-83.1204
 10
496.1587
 20
-83.1204
 10
496.1587
 20
-81.9264
 10
495.5587
 20
-81.9264
  0
LWPOLYLINE
  5
45F
330
17
100
AcDbEntity
  8
SOBRANTES-RECORTE
100
AcDbPolyline
 90
4
 70
1
 10
495.5587
 20
-82.0064
 10
496.1587
 20
-82.0064
 10
496.1587
 20
-81.9264
 10
495.5587
 20
-81.9264
  0
TEXT
  5
460
330
17
100
AcDbEntity
  8
SOBRANTES-TEXTO
100
AcDbText
 10
495.8587
 20
-82.52340000000001
 30
0.0
 40
0.05
  1
PB-M-027
 72
1
 11
495.8587
 21
-82.52340000000001
 31
0.0
100
AcDbText
 73
2
  0
LWPOLYLINE
  5
461
330
17
100
AcDbEntity
  8
SOBRANTES-MAPA
100
AcDbPolyline
 90
4
 70
1
 10
494.9567
 20
-83.1204
 10
495.55670000000003
 20
-83.1204
 10
495.55670000000003
 20
-81.9264
 10
494.9567
 20
-81.9264
  0
LWPOLYLINE
  5
462
330
17
100
AcDbEntity
  8
SOBRANTES-RECORTE
100
AcDbPolyline
 90
4
 70
1
 10
494.9567
 20
-82.0064
 10
495.55670000000003
 20
-82.0064
 10
495.55670000000003
 20
-81.9264
 10
494.9567
 20
-81.9264
  0
TEXT
  5
463
330
17
100
AcDbEntity
  8
SOBRANTES-TEXTO
100
AcDbText
 10
495.2567
 20
-82.52340000000001
 30
0.0
 40
0.05
  1
PB-M-026
 72
1
 11
495.2567
 21
-82.52340000000001
 31
0.0
100
AcDbText
 73
2
  0
LWPOLYLINE
  5
464
330
17
100
AcDbEntity
  8
SOBRANTES-MAPA
100
AcDbPolyline
 90
4
 70
1
 10
494.3547
 20
-83.1204
 10
494.9547
 20
-83.1204
 10
494.9547
 20
-81.9264
 10
494.3547
 20
-81.9264
  0
LWPOLYLINE
  5
465
330
17
100
AcDbEntity
  8
SOBRANTES-RECORTE
100
AcDbPolyline
 90
4
 70
1
 10
494.3547
 20
-82.0064
 10
494.9547
 20
-82.0064
 10
494.9547
 20
-81.9264
 10
494.3547
 20
-81.9264
  0
TEXT
  5
466
330
17
100
AcDbEntity
  8
SOBRANTES-TEXTO
100
AcDbText
 10
494.6547
 20
-82.52340000000001
 30
0.0
 40
0.05
  1
PB-M-025
 72
1
 11
494.6547
 21
-82.52340000000001
 31
0.0
100
AcDbText
 73
2
  0
LWPOLYLINE
  5
467
330
17
100
AcDbEntity
  8
SOBRANTES-MAPA
100
AcDbPolyline
 90
4
 70
1
 10
493.7527
 20
-83.1204
 10
494.3527
 20
-83.1204
 10
494.3527
 20
-81.9264
 10
493.7527
 20
-81.9264
  0
LWPOLYLINE
  5
468
330
17
100
AcDbEntity
  8
SOBRANTES-RECORTE
100
AcDbPolyline
 90
4
 70
1
 10
493.7527
 20
-82.0064
 10
494.3527
 20
-82.0064
 10
494.3527
 20
-81.9264
 10
493.7527
 20
-81.9264
  0
TEXT
  5
469
330
17
100
AcDbEntity
  8
SOBRANTES-TEXTO
100
AcDbText
 10
494.0527
 20
-82.52340000000001
 30
0.0
 40
0.05
  1
PB-M-024
 72
1
 11
494.0527
 21
-82.52340000000001
 31
0.0
100
AcDbText
 73
2
  0
LWPOLYLINE
  5
46A
330
17
100
AcDbEntity
  8
SOBRANTES-MAPA
100
AcDbPolyline
 90
4
 70
1
 10
492.5487
 20
-83.1204
 10
493.1487
 20
-83.1204
 10
493.1487
 20
-81.9264
 10
492.5487
 20
-81.9264
  0
LWPOLYLINE
  5
46B
330
17
100
AcDbEntity
  8
SOBRANTES-RECORTE
100
AcDbPolyline
 90
4
 70
1
 10
492.5487
 20
-82.0064
 10
493.1487
 20
-82.0064
 10
493.1487
 20
-81.9264
 10
492.5487
 20
-81.9264
  0
TEXT
  5
46C
330
17
100
AcDbEntity
  8
SOBRANTES-TEXTO
100
AcDbText
 10
492.8487
 20
-82.52340000000001
 30
0.0
 40
0.05
  1
PB-M-023
 72
1
 11
492.8487
 21
-82.52340000000001
 31
0.0
100
AcDbText
 73
2
  0
LWPOLYLINE
  5
46D
330
17
100
AcDbEntity
  8
SOBRANTES-MAPA
100
AcDbPolyline
 90
4
 70
1
 10
491.9467
 20
-83.1204
 10
492.54670000000004
 20
-83.1204
 10
492.54670000000004
 20
-81.9264
 10
491.9467
 20
-81.9264
  0
LWPOLYLINE
  5
46E
330
17
100
AcDbEntity
  8
SOBRANTES-RECORTE
100
AcDbPolyline
 90
4
 70
1
 10
491.9467
 20
-82.0064
 10
492.54670000000004
 20
-82.0064
 10
492.54670000000004
 20
-81.9264
 10
491.9467
 20
-81.9264
  0
TEXT
  5
46F
330
17
100
AcDbEntity
  8
SOBRANTES-TEXTO
100
AcDbText
 10
492.24670000000003
 20
-82.52340000000001
 30
0.0
 40
0.05
  1
PB-M-022
 72
1
 11
492.24670000000003
 21
-82.52340000000001
 31
0.0
100
AcDbText
 73
2
  0
LWPOLYLINE
  5
470
330
17
100
AcDbEntity
  8
SOBRANTES-MAPA
100
AcDbPolyline
 90
4
 70
1
 10
491.3447
 20
-83.1204
 10
491.9447
 20
-83.1204
 10
491.9447
 20
-81.9264
 10
491.3447
 20
-81.9264
  0
LWPOLYLINE
  5
471
330
17
100
AcDbEntity
  8
SOBRANTES-RECORTE
100
AcDbPolyline
 90
4
 70
1
 10
491.3447
 20
-82.0064
 10
491.9447
 20
-82.0064
 10
491.9447
 20
-81.9264
 10
491.3447
 20
-81.9264
  0
TEXT
  5
472
330
17
100
AcDbEntity
  8
SOBRANTES-TEXTO
100
AcDbText
 10
491.6447
 20
-82.52340000000001
 30
0.0
 40
0.05
  1
PB-M-021
 72
1
 11
491.6447
 21
-82.52340000000001
 31
0.0
100
AcDbText
 73
2
  0
LWPOLYLINE
  5
473
330
17
100
AcDbEntity
  8
SOBRANTES-MAPA
100
AcDbPolyline
 90
4
 70
1
 10
490.7427
 20
-83.1204
 10
491.34270000000004
 20
-83.1204
 10
491.34270000000004
 20
-81.9264
 10
490.7427
 20
-81.9264
  0
LWPOLYLINE
  5
474
330
17
100
AcDbEntity
  8
SOBRANTES-RECORTE
100
AcDbPolyline
 90
4
 70
1
 10
490.7427
 20
-82.0064
 10
491.34270000000004
 20
-82.0064
 10
491.34270000000004
 20
-81.9264
 10
490.7427
 20
-81.9264
  0
TEXT
  5
475
330
17
100
AcDbEntity
  8
SOBRANTES-TEXTO
100
AcDbText
 10
491.0427
 20
-82.52340000000001
 30
0.0
 40
0.05
  1
PB-M-020
 72
1
 11
491.0427
 21
-82.52340000000001
 31
0.0
100
AcDbText
 73
2
  0
LWPOLYLINE
  5
476
330
17
100
AcDbEntity
  8
SOBRANTES-MAPA
100
AcDbPolyline
 90
4
 70
1
 10
490.1407
 20
-83.1204
 10
490.7407
 20
-83.1204
 10
490.7407
 20
-81.9264
 10
490.1407
 20
-81.9264
  0
LWPOLYLINE
  5
477
330
17
100
AcDbEntity
  8
SOBRANTES-RECORTE
100
AcDbPolyline
 90
4
 70
1
 10
490.1407
 20
-82.0064
 10
490.7407
 20
-82.0064
 10
490.7407
 20
-81.9264
 10
490.1407
 20
-81.9264
  0
TEXT
  5
478
330
17
100
AcDbEntity
  8
SOBRANTES-TEXTO
100
AcDbText
 10
490.4407
 20
-82.52340000000001
 30
0.0
 40
0.05
  1
PB-M-019
 72
1
 11
490.4407
 21
-82.52340000000001
 31
0.0
100
AcDbText
 73
2
  0
LWPOLYLINE
  5
479
330
17
100
AcDbEntity
  8
SOBRANTES-MAPA
100
AcDbPolyline
 90
4
 70
1
 10
489.5387
 20
-83.1204
 10
490.13870000000003
 20
-83.1204
 10
490.13870000000003
 20
-81.9264
 10
489.5387
 20
-81.9264
  0
LWPOLYLINE
  5
47A
330
17
100
AcDbEntity
  8
SOBRANTES-RECORTE
100
AcDbPolyline
 90
4
 70
1
 10
489.5387
 20
-82.0064
 10
490.13870000000003
 20
-82.0064
 10
490.13870000000003
 20
-81.9264
 10
489.5387
 20
-81.9264
  0
TEXT
  5
47B
330
17
100
AcDbEntity
  8
SOBRANTES-TEXTO
100
AcDbText
 10
489.8387
 20
-82.52340000000001
 30
0.0
 40
0.05
  1
PB-M-018
 72
1
 11
489.8387
 21
-82.52340000000001
 31
0.0
100
AcDbText
 73
2
  0
LWPOLYLINE
  5
47C
330
17
100
AcDbEntity
  8
SOBRANTES-MAPA
100
AcDbPolyline
 90
4
 70
1
 10
496.1607
 20
-92.6564
 10
496.76070000000004
 20
-92.6564
 10
496.76070000000004
 20
-91.4624
 10
496.1607
 20
-91.4624
  0
LWPOLYLINE
  5
47D
330
17
100
AcDbEntity
  8
SOBRANTES-RECORTE
100
AcDbPolyline
 90
4
 70
1
 10
496.1607
 20
-92.6564
 10
496.76070000000004
 20
-92.6564
 10
496.76070000000004
 20
-92.5304
 10
496.1607
 20
-92.5304
  0
TEXT
  5
47E
330
17
100
AcDbEntity
  8
SOBRANTES-TEXTO
100
AcDbText
 10
496.46070000000003
 20
-92.05940000000001
 30
0.0
 40
0.05
  1
PB-M-136
 72
1
 11
496.46070000000003
 21
-92.05940000000001
 31
0.0
100
AcDbText
 73
2
  0
LWPOLYLINE
  5
47F
330
17
100
AcDbEntity
  8
SOBRANTES-MAPA
100
AcDbPolyline
 90
4
 70
1
 10
495.5587
 20
-92.6564
 10
496.1587
 20
-92.6564
 10
496.1587
 20
-91.4624
 10
495.5587
 20
-91.4624
  0
LWPOLYLINE
  5
480
330
17
100
AcDbEntity
  8
SOBRANTES-RECORTE
100
AcDbPolyline
 90
4
 70
1
 10
495.5587
 20
-92.6564
 10
496.1587
 20
-92.6564
 10
496.1587
 20
-92.5304
 10
495.5587
 20
-92.5304
  0
TEXT
  5
481
330
17
100
AcDbEntity
  8
SOBRANTES-TEXTO
100
AcDbText
 10
495.8587
 20
-92.05940000000001
 30
0.0
 40
0.05
  1
PB-M-135
 72
1
 11
495.8587
 21
-92.05940000000001
 31
0.0
100
AcDbText
 73
2
  0
LWPOLYLINE
  5
482
330
17
100
AcDbEntity
  8
SOBRANTES-MAPA
100
AcDbPolyline
 90
4
 70
1
 10
496.7627
 20
-92.6564
 10
497.3627
 20
-92.6564
 10
497.3627
 20
-91.4624
 10
496.7627
 20
-91.4624
  0
LWPOLYLINE
  5
483
330
17
100
AcDbEntity
  8
SOBRANTES-RECORTE
100
AcDbPolyline
 90
4
 70
1
 10
496.7627
 20
-92.6564
 10
497.3627
 20
-92.6564
 10
497.3627
 20
-92.5304
 10
496.7627
 20
-92.5304
  0
TEXT
  5
484
330
17
100
AcDbEntity
  8
SOBRANTES-TEXTO
100
AcDbText
 10
497.0627
 20
-92.05940000000001
 30
0.0
 40
0.05
  1
PB-M-137
 72
1
 11
497.0627
 21
-92.05940000000001
 31
0.0
100
AcDbText
 73
2
  0
LWPOLYLINE
  5
485
330
17
100
AcDbEntity
  8
SOBRANTES-MAPA
100
AcDbPolyline
 90
4
 70
1
 10
496.7627
 20
-89.8044
 10
497.3627
 20
-89.8044
 10
497.3627
 20
-88.6104
 10
496.7627
 20
-88.6104
  0
LWPOLYLINE
  5
486
330
17
100
AcDbEntity
  8
SOBRANTES-RECORTE
100
AcDbPolyline
 90
4
 70
1
 10
496.7627
 20
-89.8044
 10
497.3627
 20
-89.8044
 10
497.3627
 20
-89.71940000000001
 10
496.7627
 20
-89.71940000000001
  0
TEXT
  5
487
330
17
100
AcDbEntity
  8
SOBRANTES-TEXTO
100
AcDbText
 10
497.0627
 20
-89.2074
 30
0.0
 40
0.05
  1
PB-M-103
 72
1
 11
497.0627
 21
-89.2074
 31
0.0
100
AcDbText
 73
2
  0
LWPOLYLINE
  5
488
330
17
100
AcDbEntity
  8
SOBRANTES-MAPA
100
AcDbPolyline
 90
4
 70
1
 10
506.6122
 20
-89.8204
 10
507.2122
 20
-89.8204
 10
507.2122
 20
-88.6264
 10
506.6122
 20
-88.6264
  0
LWPOLYLINE
  5
489
330
17
100
AcDbEntity
  8
SOBRANTES-RECORTE
100
AcDbPolyline
 90
4
 70
1
 10
506.6122
 20
-89.8204
 10
507.2122
 20
-89.8204
 10
507.2122
 20
-89.7304
 10
506.6122
 20
-89.7304
  0
TEXT
  5
48A
330
17
100
AcDbEntity
  8
SOBRANTES-TEXTO
100
AcDbText
 10
506.9122
 20
-89.22340000000001
 30
0.0
 40
0.05
  1
PA-M-031
 72
1
 11
506.9122
 21
-89.22340000000001
 31
0.0
100
AcDbText
 73
2
  0
LWPOLYLINE
  5
48B
330
17
100
AcDbEntity
  8
SOBRANTES-MAPA
100
AcDbPolyline
 90
4
 70
1
 10
504.2042
 20
-89.8204
 10
504.80420000000004
 20
-89.8204
 10
504.80420000000004
 20
-88.6264
 10
504.2042
 20
-88.6264
  0
LWPOLYLINE
  5
48C
330
17
100
AcDbEntity
  8
SOBRANTES-RECORTE
100
AcDbPolyline
 90
4
 70
1
 10
504.2042
 20
-89.8204
 10
504.80420000000004
 20
-89.8204
 10
504.80420000000004
 20
-89.7304
 10
504.2042
 20
-89.7304
  0
TEXT
  5
48D
330
17
100
AcDbEntity
  8
SOBRANTES-TEXTO
100
AcDbText
 10
504.5042
 20
-89.22340000000001
 30
0.0
 40
0.05
  1
PA-M-030
 72
1
 11
504.5042
 21
-89.22340000000001
 31
0.0
100
AcDbText
 73
2
  0
LWPOLYLINE
  5
48E
330
17
100
AcDbEntity
  8
SOBRANTES-MAPA
100
AcDbPolyline
 90
4
 70
1
 10
507.2142
 20
-89.8204
 10
507.8142
 20
-89.8204
 10
507.8142
 20
-88.6264
 10
507.2142
 20
-88.6264
  0
LWPOLYLINE
  5
48F
330
17
100
AcDbEntity
  8
SOBRANTES-RECORTE
100
AcDbPolyline
 90
4
 70
1
 10
507.2142
 20
-89.8204
 10
507.8142
 20
-89.8204
 10
507.8142
 20
-89.7304
 10
507.2142
 20
-89.7304
  0
TEXT
  5
490
330
17
100
AcDbEntity
  8
SOBRANTES-TEXTO
100
AcDbText
 10
507.5142
 20
-89.22340000000001
 30
0.0
 40
0.05
  1
PA-M-032
 72
1
 11
507.5142
 21
-89.22340000000001
 31
0.0
100
AcDbText
 73
2
  0
LWPOLYLINE
  5
491
330
17
100
AcDbEntity
  8
SOBRANTES-MAPA
100
AcDbPolyline
 90
4
 70
1
 10
502.7442
 20
-92.6284
 10
503.3442
 20
-92.6284
 10
503.3442
 20
-91.4344
 10
502.7442
 20
-91.4344
  0
LWPOLYLINE
  5
492
330
17
100
AcDbEntity
  8
SOBRANTES-RECORTE
100
AcDbPolyline
 90
4
 70
1
 10
502.7442
 20
-92.6284
 10
503.3442
 20
-92.6284
 10
503.3442
 20
-92.5304
 10
502.7442
 20
-92.5304
  0
TEXT
  5
493
330
17
100
AcDbEntity
  8
SOBRANTES-TEXTO
100
AcDbText
 10
503.0442
 20
-92.0314
 30
0.0
 40
0.05
  1
PA-M-041
 72
1
 11
503.0442
 21
-92.0314
 31
0.0
100
AcDbText
 73
2
  0
LWPOLYLINE
  5
494
330
17
100
AcDbEntity
  8
SOBRANTES-MAPA
100
AcDbPolyline
 90
4
 70
1
 10
503.3462
 20
-92.6284
 10
503.9442
 20
-92.6284
 10
503.9442
 20
-91.4344
 10
503.3462
 20
-91.4344
  0
LWPOLYLINE
  5
495
330
17
100
AcDbEntity
  8
SOBRANTES-RECORTE
100
AcDbPolyline
 90
4
 70
1
 10
503.3462
 20
-92.6284
 10
503.9442
 20
-92.6284
 10
503.9442
 20
-92.5304
 10
503.3462
 20
-92.5304
  0
TEXT
  5
496
330
17
100
AcDbEntity
  8
SOBRANTES-TEXTO
100
AcDbText
 10
503.6452
 20
-92.0314
 30
0.0
 40
0.05
  1
PA-M-042
 72
1
 11
503.6452
 21
-92.0314
 31
0.0
100
AcDbText
 73
2
  0
LWPOLYLINE
  5
497
330
17
100
AcDbEntity
  8
SOBRANTES-MAPA
100
AcDbPolyline
 90
4
 70
1
 10
493.1507
 20
-84.3464
 10
493.7507
 20
-84.3464
 10
493.7507
 20
-83.1524
 10
493.1507
 20
-83.1524
  0
LWPOLYLINE
  5
498
330
17
100
AcDbEntity
  8
SOBRANTES-RECORTE
100
AcDbPolyline
 90
4
 70
1
 10
493.1507
 20
-83.2604
 10
493.7507
 20
-83.2604
 10
493.7507
 20
-83.1524
 10
493.1507
 20
-83.1524
  0
TEXT
  5
499
330
17
100
AcDbEntity
  8
SOBRANTES-TEXTO
100
AcDbText
 10
493.4507
 20
-83.74940000000001
 30
0.0
 40
0.05
  1
PB-M-040
 72
1
 11
493.4507
 21
-83.74940000000001
 31
0.0
100
AcDbText
 73
2
  0
LWPOLYLINE
  5
49A
330
17
100
AcDbEntity
  8
SOBRANTES-MAPA
100
AcDbPolyline
 90
4
 70
1
 10
496.7627
 20
-84.3464
 10
497.3627
 20
-84.3464
 10
497.3627
 20
-83.1524
 10
496.7627
 20
-83.1524
  0
LWPOLYLINE
  5
49B
330
17
100
AcDbEntity
  8
SOBRANTES-RECORTE
100
AcDbPolyline
 90
4
 70
1
 10
496.7627
 20
-83.2604
 10
497.3627
 20
-83.2604
 10
497.3627
 20
-83.1524
 10
496.7627
 20
-83.1524
  0
TEXT
  5
49C
330
17
100
AcDbEntity
  8
SOBRANTES-TEXTO
100
AcDbText
 10
497.0627
 20
-83.74940000000001
 30
0.0
 40
0.05
  1
PB-M-041
 72
1
 11
497.0627
 21
-83.74940000000001
 31
0.0
100
AcDbText
 73
2
  0
LWPOLYLINE
  5
49D
330
17
100
AcDbEntity
  8
SOBRANTES-MAPA
100
AcDbPolyline
 90
4
 70
1
 10
493.1507
 20
-83.0804
 10
493.7507
 20
-83.0804
 10
493.7507
 20
-81.8864
 10
493.1507
 20
-81.8864
  0
LWPOLYLINE
  5
49E
330
17
100
AcDbEntity
  8
SOBRANTES-RECORTE
100
AcDbPolyline
 90
4
 70
1
 10
493.1507
 20
-82.0064
 10
493.7507
 20
-82.0064
 10
493.7507
 20
-81.8864
 10
493.1507
 20
-81.8864
  0
TEXT
  5
49F
330
17
100
AcDbEntity
  8
SOBRANTES-TEXTO
100
AcDbText
 10
493.4507
 20
-82.4834
 30
0.0
 40
0.05
  1
PB-M-015
 72
1
 11
493.4507
 21
-82.4834
 31
0.0
100
AcDbText
 73
2
  0
LWPOLYLINE
  5
4A0
330
17
100
AcDbEntity
  8
SOBRANTES-MAPA
100
AcDbPolyline
 90
4
 70
1
 10
496.7627
 20
-83.0804
 10
497.3627
 20
-83.0804
 10
497.3627
 20
-81.8864
 10
496.7627
 20
-81.8864
  0
LWPOLYLINE
  5
4A1
330
17
100
AcDbEntity
  8
SOBRANTES-RECORTE
100
AcDbPolyline
 90
4
 70
1
 10
496.7627
 20
-82.0064
 10
497.3627
 20
-82.0064
 10
497.3627
 20
-81.8864
 10
496.7627
 20
-81.8864
  0
TEXT
  5
4A2
330
17
100
AcDbEntity
  8
SOBRANTES-TEXTO
100
AcDbText
 10
497.0627
 20
-82.4834
 30
0.0
 40
0.05
  1
PB-M-016
 72
1
 11
497.0627
 21
-82.4834
 31
0.0
100
AcDbText
 73
2
  0
LWPOLYLINE
  5
4A3
330
17
100
AcDbEntity
  8
SOBRANTES-MAPA
100
AcDbPolyline
 90
4
 70
1
 10
493.1507
 20
-92.71640000000001
 10
493.7507
 20
-92.71640000000001
 10
493.7507
 20
-91.5224
 10
493.1507
 20
-91.5224
  0
LWPOLYLINE
  5
4A4
330
17
100
AcDbEntity
  8
SOBRANTES-RECORTE
100
AcDbPolyline
 90
4
 70
1
 10
493.1507
 20
-92.71640000000001
 10
493.7507
 20
-92.71640000000001
 10
493.7507
 20
-92.53040000000001
 10
493.1507
 20
-92.53040000000001
  0
TEXT
  5
4A5
330
17
100
AcDbEntity
  8
SOBRANTES-TEXTO
100
AcDbText
 10
493.4507
 20
-92.11940000000001
 30
0.0
 40
0.05
  1
PB-M-142
 72
1
 11
493.4507
 21
-92.11940000000001
 31
0.0
100
AcDbText
 73
2
  0
LWPOLYLINE
  5
4A6
330
17
100
AcDbEntity
  8
SOBRANTES-MAPA
100
AcDbPolyline
 90
4
 70
1
 10
492.5487
 20
-92.71640000000001
 10
493.1487
 20
-92.71640000000001
 10
493.1487
 20
-91.5224
 10
492.5487
 20
-91.5224
  0
LWPOLYLINE
  5
4A7
330
17
100
AcDbEntity
  8
SOBRANTES-RECORTE
100
AcDbPolyline
 90
4
 70
1
 10
492.5487
 20
-92.71640000000001
 10
493.1487
 20
-92.71640000000001
 10
493.1487
 20
-92.53040000000001
 10
492.5487
 20
-92.53040000000001
  0
TEXT
  5
4A8
330
17
100
AcDbEntity
  8
SOBRANTES-TEXTO
100
AcDbText
 10
492.8487
 20
-92.11940000000001
 30
0.0
 40
0.05
  1
PB-M-141
 72
1
 11
492.8487
 21
-92.11940000000001
 31
0.0
100
AcDbText
 73
2
  0
LWPOLYLINE
  5
4A9
330
17
100
AcDbEntity
  8
SOBRANTES-MAPA
100
AcDbPolyline
 90
4
 70
1
 10
491.9467
 20
-92.71640000000001
 10
492.54670000000004
 20
-92.71640000000001
 10
492.54670000000004
 20
-91.5224
 10
491.9467
 20
-91.5224
  0
LWPOLYLINE
  5
4AA
330
17
100
AcDbEntity
  8
SOBRANTES-RECORTE
100
AcDbPolyline
 90
4
 70
1
 10
491.9467
 20
-92.71640000000001
 10
492.54670000000004
 20
-92.71640000000001
 10
492.54670000000004
 20
-92.53040000000001
 10
491.9467
 20
-92.53040000000001
  0
TEXT
  5
4AB
330
17
100
AcDbEntity
  8
SOBRANTES-TEXTO
100
AcDbText
 10
492.24670000000003
 20
-92.11940000000001
 30
0.0
 40
0.05
  1
PB-M-140
 72
1
 11
492.24670000000003
 21
-92.11940000000001
 31
0.0
100
AcDbText
 73
2
  0
LWPOLYLINE
  5
4AC
330
17
100
AcDbEntity
  8
SOBRANTES-MAPA
100
AcDbPolyline
 90
4
 70
1
 10
491.3447
 20
-92.71640000000001
 10
491.9447
 20
-92.71640000000001
 10
491.9447
 20
-91.5224
 10
491.3447
 20
-91.5224
  0
LWPOLYLINE
  5
4AD
330
17
100
AcDbEntity
  8
SOBRANTES-RECORTE
100
AcDbPolyline
 90
4
 70
1
 10
491.3447
 20
-92.71640000000001
 10
491.9447
 20
-92.71640000000001
 10
491.9447
 20
-92.5724
 10
491.3447
 20
-92.5724
  0
TEXT
  5
4AE
330
17
100
AcDbEntity
  8
SOBRANTES-TEXTO
100
AcDbText
 10
491.6447
 20
-92.11940000000001
 30
0.0
 40
0.05
  1
PB-M-146
 72
1
 11
491.6447
 21
-92.11940000000001
 31
0.0
100
AcDbText
 73
2
  0
LWPOLYLINE
  5
4AF
330
17
100
AcDbEntity
  8
SOBRANTES-MAPA
100
AcDbPolyline
 90
4
 70
1
 10
490.7427
 20
-92.71640000000001
 10
491.34270000000004
 20
-92.71640000000001
 10
491.34270000000004
 20
-91.5224
 10
490.7427
 20
-91.5224
  0
LWPOLYLINE
  5
4B0
330
17
100
AcDbEntity
  8
SOBRANTES-RECORTE
100
AcDbPolyline
 90
4
 70
1
 10
490.7427
 20
-92.71640000000001
 10
491.34270000000004
 20
-92.71640000000001
 10
491.34270000000004
 20
-92.5724
 10
490.7427
 20
-92.5724
  0
TEXT
  5
4B1
330
17
100
AcDbEntity
  8
SOBRANTES-TEXTO
100
AcDbText
 10
491.0427
 20
-92.11940000000001
 30
0.0
 40
0.05
  1
PB-M-145
 72
1
 11
491.0427
 21
-92.11940000000001
 31
0.0
100
AcDbText
 73
2
  0
LWPOLYLINE
  5
4B2
330
17
100
AcDbEntity
  8
SOBRANTES-MAPA
100
AcDbPolyline
 90
4
 70
1
 10
490.1407
 20
-92.71640000000001
 10
490.7407
 20
-92.71640000000001
 10
490.7407
 20
-91.5224
 10
490.1407
 20
-91.5224
  0
LWPOLYLINE
  5
4B3
330
17
100
AcDbEntity
  8
SOBRANTES-RECORTE
100
AcDbPolyline
 90
4
 70
1
 10
490.1407
 20
-92.71640000000001
 10
490.7407
 20
-92.71640000000001
 10
490.7407
 20
-92.5724
 10
490.1407
 20
-92.5724
  0
TEXT
  5
4B4
330
17
100
AcDbEntity
  8
SOBRANTES-TEXTO
100
AcDbText
 10
490.4407
 20
-92.11940000000001
 30
0.0
 40
0.05
  1
PB-M-144
 72
1
 11
490.4407
 21
-92.11940000000001
 31
0.0
100
AcDbText
 73
2
  0
LWPOLYLINE
  5
4B5
330
17
100
AcDbEntity
  8
SOBRANTES-MAPA
100
AcDbPolyline
 90
4
 70
1
 10
489.539
 20
-92.71600000000001
 10
490.139
 20
-92.71600000000001
 10
490.139
 20
-91.522
 10
489.539
 20
-91.522
  0
LWPOLYLINE
  5
4B6
330
17
100
AcDbEntity
  8
SOBRANTES-RECORTE
100
AcDbPolyline
 90
4
 70
1
 10
489.539
 20
-92.71600000000001
 10
490.139
 20
-92.71600000000001
 10
490.139
 20
-92.572
 10
489.539
 20
-92.572
  0
TEXT
  5
4B7
330
17
100
AcDbEntity
  8
SOBRANTES-TEXTO
100
AcDbText
 10
489.839
 20
-92.11900000000001
 30
0.0
 40
0.05
  1
PB-M-143
 72
1
 11
489.839
 21
-92.11900000000001
 31
0.0
100
AcDbText
 73
2
  0
LWPOLYLINE
  5
4B8
330
17
100
AcDbEntity
  8
SOBRANTES-MAPA
100
AcDbPolyline
 90
4
 70
1
 10
503.9462
 20
-86.5604
 10
504.5422
 20
-86.5604
 10
504.5422
 20
-85.3664
 10
503.9462
 20
-85.3664
  0
LWPOLYLINE
  5
4B9
330
17
100
AcDbEntity
  8
SOBRANTES-RECORTE
100
AcDbPolyline
 90
4
 70
1
 10
504.46419999999995
 20
-86.5604
 10
504.5421999999999
 20
-86.5604
 10
504.5421999999999
 20
-85.4984
 10
504.46419999999995
 20
-85.4984
  0
LWPOLYLINE
  5
4BA
330
17
100
AcDbEntity
  8
SOBRANTES-RECORTE
100
AcDbPolyline
 90
4
 70
1
 10
503.9462
 20
-85.4984
 10
504.46419999999995
 20
-85.4984
 10
504.46419999999995
 20
-85.3664
 10
503.9462
 20
-85.3664
  0
TEXT
  5
4BB
330
17
100
AcDbEntity
  8
SOBRANTES-TEXTO
100
AcDbText
 10
504.2442
 20
-85.96340000000001
 30
0.0
 40
0.05
  1
PA-M-009
 72
1
 11
504.2442
 21
-85.96340000000001
 31
0.0
100
AcDbText
 73
2
  0
LWPOLYLINE
  5
4BC
330
17
100
AcDbEntity
  8
SOBRANTES-MAPA
100
AcDbPolyline
 90
4
 70
1
 10
497.16270000000003
 20
-82.0044
 10
497.75870000000003
 20
-82.0044
 10
497.75870000000003
 20
-80.8104
 10
497.16270000000003
 20
-80.8104
  0
LWPOLYLINE
  5
4BD
330
17
100
AcDbEntity
  8
SOBRANTES-RECORTE
100
AcDbPolyline
 90
4
 70
1
 10
497.16270000000003
 20
-82.0044
 10
497.3647
 20
-82.0044
 10
497.3647
 20
-80.8104
 10
497.16270000000003
 20
-80.8104
  0
TEXT
  5
4BE
330
17
100
AcDbEntity
  8
SOBRANTES-TEXTO
100
AcDbText
 10
497.46070000000003
 20
-81.40740000000001
 30
0.0
 40
0.05
  1
PB-M-014
 72
1
 11
497.46070000000003
 21
-81.40740000000001
 31
0.0
100
AcDbText
 73
2
  0
LWPOLYLINE
  5
4BF
330
17
100
AcDbEntity
  8
SOBRANTES-MAPA
100
AcDbPolyline
 90
4
 70
1
 10
497.16270000000003
 20
-89.8044
 10
497.75870000000003
 20
-89.8044
 10
497.75870000000003
 20
-88.6104
 10
497.16270000000003
 20
-88.6104
  0
LWPOLYLINE
  5
4C0
330
17
100
AcDbEntity
  8
SOBRANTES-RECORTE
100
AcDbPolyline
 90
4
 70
1
 10
497.16270000000003
 20
-89.7194
 10
497.3647
 20
-89.7194
 10
497.3647
 20
-88.6104
 10
497.16270000000003
 20
-88.6104
  0
LWPOLYLINE
  5
4C1
330
17
100
AcDbEntity
  8
SOBRANTES-RECORTE
100
AcDbPolyline
 90
4
 70
1
 10
497.3647
 20
-89.8044
 10
497.75870000000003
 20
-89.8044
 10
497.75870000000003
 20
-89.71940000000001
 10
497.3647
 20
-89.71940000000001
  0
TEXT
  5
4C2
330
17
100
AcDbEntity
  8
SOBRANTES-TEXTO
100
AcDbText
 10
497.46070000000003
 20
-89.2074
 30
0.0
 40
0.05
  1
PB-M-104
 72
1
 11
497.46070000000003
 21
-89.2074
 31
0.0
100
AcDbText
 73
2
  0
LWPOLYLINE
  5
4C3
330
17
100
AcDbEntity
  8
SOBRANTES-MAPA
100
AcDbPolyline
 90
4
 70
1
 10
506.01
 20
-87.9344
 10
506.606
 20
-87.9344
 10
506.606
 20
-86.7404
 10
506.01
 20
-86.7404
  0
LWPOLYLINE
  5
4C4
330
17
100
AcDbEntity
  8
SOBRANTES-RECORTE
100
AcDbPolyline
 90
4
 70
1
 10
506.2242
 20
-87.428
 10
506.606
 20
-87.428
 10
506.606
 20
-86.7404
 10
506.2242
 20
-86.7404
  0
LWPOLYLINE
  5
4C5
330
17
100
AcDbEntity
  8
SOBRANTES-RECORTE
100
AcDbPolyline
 90
4
 70
1
 10
506.01
 20
-87.9344
 10
506.2242
 20
-87.9344
 10
506.2242
 20
-87.428
 10
506.01
 20
-87.428
  0
TEXT
  5
4C6
330
17
100
AcDbEntity
  8
SOBRANTES-TEXTO
100
AcDbText
 10
506.308
 20
-87.3374
 30
0.0
 40
0.05
  1
PA-M-019
 72
1
 11
506.308
 21
-87.3374
 31
0.0
100
AcDbText
 73
2
  0
LWPOLYLINE
  5
4C7
330
17
100
AcDbEntity
  8
SOBRANTES-MAPA
100
AcDbPolyline
 90
4
 70
1
 10
497.16270000000003
 20
-83.0804
 10
497.75870000000003
 20
-83.0804
 10
497.75870000000003
 20
-81.8864
 10
497.16270000000003
 20
-81.8864
  0
LWPOLYLINE
  5
4C8
330
17
100
AcDbEntity
  8
SOBRANTES-RECORTE
100
AcDbPolyline
 90
4
 70
1
 10
497.16270000000003
 20
-83.0804
 10
497.3647
 20
-83.0804
 10
497.3647
 20
-82.0064
 10
497.16270000000003
 20
-82.0064
  0
LWPOLYLINE
  5
4C9
330
17
100
AcDbEntity
  8
SOBRANTES-RECORTE
100
AcDbPolyline
 90
4
 70
1
 10
497.3647
 20
-82.0064
 10
497.75870000000003
 20
-82.0064
 10
497.75870000000003
 20
-81.8864
 10
497.3647
 20
-81.8864
  0
TEXT
  5
4CA
330
17
100
AcDbEntity
  8
SOBRANTES-TEXTO
100
AcDbText
 10
497.46070000000003
 20
-82.4834
 30
0.0
 40
0.05
  1
PB-M-017
 72
1
 11
497.46070000000003
 21
-82.4834
 31
0.0
100
AcDbText
 73
2
  0
LWPOLYLINE
  5
4CB
330
17
100
AcDbEntity
  8
SOBRANTES-MAPA
100
AcDbPolyline
 90
4
 70
1
 10
506.2662
 20
-86.2544
 10
506.86220000000003
 20
-86.2544
 10
506.86220000000003
 20
-85.0604
 10
506.2662
 20
-85.0604
  0
LWPOLYLINE
  5
4CC
330
17
100
AcDbEntity
  8
SOBRANTES-RECORTE
100
AcDbPolyline
 90
4
 70
1
 10
506.61420000000004
 20
-86.2544
 10
506.86220000000003
 20
-86.2544
 10
506.86220000000003
 20
-85.0604
 10
506.61420000000004
 20
-85.0604
  0
TEXT
  5
4CD
330
17
100
AcDbEntity
  8
SOBRANTES-TEXTO
100
AcDbText
 10
506.5642
 20
-85.65740000000001
 30
0.0
 40
0.05
  1
PA-M-008
 72
1
 11
506.5642
 21
-85.65740000000001
 31
0.0
100
AcDbText
 73
2
  0
LWPOLYLINE
  5
4CE
330
17
100
AcDbEntity
  8
SOBRANTES-MAPA
100
AcDbPolyline
 90
4
 70
1
 10
504.2042
 20
-87.9344
 10
504.80420000000004
 20
-87.9344
 10
504.80420000000004
 20
-86.7404
 10
504.2042
 20
-86.7404
  0
LWPOLYLINE
  5
4CF
330
17
100
AcDbEntity
  8
SOBRANTES-RECORTE
100
AcDbPolyline
 90
4
 70
1
 10
504.2042
 20
-87.9344
 10
504.80420000000004
 20
-87.9344
 10
504.80420000000004
 20
-87.4284
 10
504.2042
 20
-87.4284
  0
TEXT
  5
4D0
330
17
100
AcDbEntity
  8
SOBRANTES-TEXTO
100
AcDbText
 10
504.5042
 20
-87.3374
 30
0.0
 40
0.05
  1
PA-M-016
 72
1
 11
504.5042
 21
-87.3374
 31
0.0
100
AcDbText
 73
2
  0
LWPOLYLINE
  5
4D1
330
17
100
AcDbEntity
  8
SOBRANTES-MAPA
100
AcDbPolyline
 90
4
 70
1
 10
504.8062
 20
-87.9344
 10
505.4062
 20
-87.9344
 10
505.4062
 20
-86.7404
 10
504.8062
 20
-86.7404
  0
LWPOLYLINE
  5
4D2
330
17
100
AcDbEntity
  8
SOBRANTES-RECORTE
100
AcDbPolyline
 90
4
 70
1
 10
504.8062
 20
-87.9344
 10
505.4062
 20
-87.9344
 10
505.4062
 20
-87.4284
 10
504.8062
 20
-87.4284
  0
TEXT
  5
4D3
330
17
100
AcDbEntity
  8
SOBRANTES-TEXTO
100
AcDbText
 10
505.1062
 20
-87.3374
 30
0.0
 40
0.05
  1
PA-M-017
 72
1
 11
505.1062
 21
-87.3374
 31
0.0
100
AcDbText
 73
2
  0
LWPOLYLINE
  5
4D4
330
17
100
AcDbEntity
  8
SOBRANTES-MAPA
100
AcDbPolyline
 90
4
 70
1
 10
505.4082
 20
-87.9344
 10
506.00820000000004
 20
-87.9344
 10
506.00820000000004
 20
-86.7404
 10
505.4082
 20
-86.7404
  0
LWPOLYLINE
  5
4D5
330
17
100
AcDbEntity
  8
SOBRANTES-RECORTE
100
AcDbPolyline
 90
4
 70
1
 10
505.4082
 20
-87.9344
 10
506.00820000000004
 20
-87.9344
 10
506.00820000000004
 20
-87.4284
 10
505.4082
 20
-87.4284
  0
TEXT
  5
4D6
330
17
100
AcDbEntity
  8
SOBRANTES-TEXTO
100
AcDbText
 10
505.70820000000003
 20
-87.3374
 30
0.0
 40
0.05
  1
PA-M-018
 72
1
 11
505.70820000000003
 21
-87.3374
 31
0.0
100
AcDbText
 73
2
  0
LWPOLYLINE
  5
4D7
330
17
100
AcDbEntity
  8
SOBRANTES-MAPA
100
AcDbPolyline
 90
4
 70
1
 10
506.6122
 20
-89.1344
 10
507.2122
 20
-89.1344
 10
507.2122
 20
-87.9404
 10
506.6122
 20
-87.9404
  0
LWPOLYLINE
  5
4D8
330
17
100
AcDbEntity
  8
SOBRANTES-RECORTE
100
AcDbPolyline
 90
4
 70
1
 10
506.6122
 20
-89.1344
 10
507.2122
 20
-89.1344
 10
507.2122
 20
-88.6244
 10
506.6122
 20
-88.6244
  0
TEXT
  5
4D9
330
17
100
AcDbEntity
  8
SOBRANTES-TEXTO
100
AcDbText
 10
506.9122
 20
-88.5374
 30
0.0
 40
0.05
  1
PA-M-026
 72
1
 11
506.9122
 21
-88.5374
 31
0.0
100
AcDbText
 73
2
  0
LWPOLYLINE
  5
4DA
330
17
100
AcDbEntity
  8
SOBRANTES-MAPA
100
AcDbPolyline
 90
4
 70
1
 10
507.2142
 20
-89.1344
 10
507.8142
 20
-89.1344
 10
507.8142
 20
-87.9404
 10
507.2142
 20
-87.9404
  0
LWPOLYLINE
  5
4DB
330
17
100
AcDbEntity
  8
SOBRANTES-RECORTE
100
AcDbPolyline
 90
4
 70
1
 10
507.2142
 20
-89.1344
 10
507.8142
 20
-89.1344
 10
507.8142
 20
-88.6244
 10
507.2142
 20
-88.6244
  0
TEXT
  5
4DC
330
17
100
AcDbEntity
  8
SOBRANTES-TEXTO
100
AcDbText
 10
507.5142
 20
-88.5374
 30
0.0
 40
0.05
  1
PA-M-027
 72
1
 11
507.5142
 21
-88.5374
 31
0.0
100
AcDbText
 73
2
  0
LWPOLYLINE
  5
4DD
330
17
100
AcDbEntity
  8
SOBRANTES-MAPA
100
AcDbPolyline
 90
4
 70
1
 10
496.1607
 20
-89.1284
 10
496.75870000000003
 20
-89.1284
 10
496.75870000000003
 20
-87.9344
 10
496.1607
 20
-87.9344
  0
LWPOLYLINE
  5
4DE
330
17
100
AcDbEntity
  8
SOBRANTES-RECORTE
100
AcDbPolyline
 90
4
 70
1
 10
496.1607
 20
-89.1284
 10
496.75870000000003
 20
-89.1284
 10
496.75870000000003
 20
-88.5234
 10
496.1607
 20
-88.5234
  0
TEXT
  5
4DF
330
17
100
AcDbEntity
  8
SOBRANTES-TEXTO
100
AcDbText
 10
496.4597
 20
-88.5314
 30
0.0
 40
0.05
  1
PB-M-089
 72
1
 11
496.4597
 21
-88.5314
 31
0.0
100
AcDbText
 73
2
  0
LWPOLYLINE
  5
4E0
330
17
100
AcDbEntity
  8
SOBRANTES-MAPA
100
AcDbPolyline
 90
4
 70
1
 10
494.04269999999997
 20
-89.1284
 10
494.6387
 20
-89.1284
 10
494.6387
 20
-87.9344
 10
494.04269999999997
 20
-87.9344
  0
LWPOLYLINE
  5
4E1
330
17
100
AcDbEntity
  8
SOBRANTES-RECORTE
100
AcDbPolyline
 90
4
 70
1
 10
494.04269999999997
 20
-89.1284
 10
494.3547
 20
-89.1284
 10
494.3547
 20
-87.9344
 10
494.04269999999997
 20
-87.9344
  0
TEXT
  5
4E2
330
17
100
AcDbEntity
  8
SOBRANTES-TEXTO
100
AcDbText
 10
494.34069999999997
 20
-88.5314
 30
0.0
 40
0.05
  1
PB-M-098
 72
1
 11
494.34069999999997
 21
-88.5314
 31
0.0
100
AcDbText
 73
2
  0
LWPOLYLINE
  5
4E3
330
17
100
AcDbEntity
  8
SOBRANTES-MAPA
100
AcDbPolyline
 90
4
 70
1
 10
494.04269999999997
 20
-90.3244
 10
494.6387
 20
-90.3244
 10
494.6387
 20
-89.1304
 10
494.04269999999997
 20
-89.1304
  0
LWPOLYLINE
  5
4E4
330
17
100
AcDbEntity
  8
SOBRANTES-RECORTE
100
AcDbPolyline
 90
4
 70
1
 10
494.04269999999997
 20
-90.3244
 10
494.3547
 20
-90.3244
 10
494.3547
 20
-89.1304
 10
494.04269999999997
 20
-89.1304
  0
TEXT
  5
4E5
330
17
100
AcDbEntity
  8
SOBRANTES-TEXTO
100
AcDbText
 10
494.34069999999997
 20
-89.7274
 30
0.0
 40
0.05
  1
PB-M-113
 72
1
 11
494.34069999999997
 21
-89.7274
 31
0.0
100
AcDbText
 73
2
  0
LWPOLYLINE
  5
4E6
330
17
100
AcDbEntity
  8
SOBRANTES-MAPA
100
AcDbPolyline
 90
4
 70
1
 10
503.3462
 20
-85.4964
 10
503.9442
 20
-85.4964
 10
503.9442
 20
-84.30239999999999
 10
503.3462
 20
-84.30239999999999
  0
LWPOLYLINE
  5
4E7
330
17
100
AcDbEntity
  8
SOBRANTES-RECORTE
100
AcDbPolyline
 90
4
 70
1
 10
503.3462
 20
-84.9692
 10
503.9442
 20
-84.9692
 10
503.9442
 20
-84.3024
 10
503.3462
 20
-84.3024
  0
TEXT
  5
4E8
330
17
100
AcDbEntity
  8
SOBRANTES-TEXTO
100
AcDbText
 10
503.6452
 20
-84.8994
 30
0.0
 40
0.05
  1
PA-M-001
 72
1
 11
503.6452
 21
-84.8994
 31
0.0
100
AcDbText
 73
2
  0
LWPOLYLINE
  5
4E9
330
17
100
AcDbEntity
  8
SOBRANTES-MAPA
100
AcDbPolyline
 90
4
 70
1
 10
502.744
 20
-85.498
 10
503.34400000000005
 20
-85.498
 10
503.34400000000005
 20
-84.304
 10
502.744
 20
-84.304
  0
LWPOLYLINE
  5
4EA
330
17
100
AcDbEntity
  8
SOBRANTES-RECORTE
100
AcDbPolyline
 90
4
 70
1
 10
502.744
 20
-84.97800000000001
 10
503.34400000000005
 20
-84.97800000000001
 10
503.34400000000005
 20
-84.304
 10
502.744
 20
-84.304
  0
TEXT
  5
4EB
330
17
100
AcDbEntity
  8
SOBRANTES-TEXTO
100
AcDbText
 10
503.04400000000004
 20
-84.90100000000001
 30
0.0
 40
0.05
  1
PA-M-002
 72
1
 11
503.04400000000004
 21
-84.90100000000001
 31
0.0
100
AcDbText
 73
2
  0
LWPOLYLINE
  5
4EC
330
17
100
AcDbEntity
  8
SOBRANTES-MAPA
100
AcDbPolyline
 90
4
 70
1
 10
494.6127
 20
-92.71640000000001
 10
495.2087
 20
-92.71640000000001
 10
495.2087
 20
-91.5224
 10
494.6127
 20
-91.5224
  0
LWPOLYLINE
  5
4ED
330
17
100
AcDbEntity
  8
SOBRANTES-RECORTE
100
AcDbPolyline
 90
4
 70
1
 10
494.6127
 20
-92.7104
 10
494.9567
 20
-92.7104
 10
494.9567
 20
-91.5224
 10
494.6127
 20
-91.5224
  0
TEXT
  5
4EE
330
17
100
AcDbEntity
  8
SOBRANTES-TEXTO
100
AcDbText
 10
494.9107
 20
-92.11940000000001
 30
0.0
 40
0.05
  1
PB-M-149
 72
1
 11
494.9107
 21
-92.11940000000001
 31
0.0
100
AcDbText
 73
2
  0
LWPOLYLINE
  5
4EF
330
17
100
AcDbEntity
  8
SOBRANTES-MAPA
100
AcDbPolyline
 90
4
 70
1
 10
494.9567
 20
-89.1284
 10
495.55670000000003
 20
-89.1284
 10
495.55670000000003
 20
-87.9344
 10
494.9567
 20
-87.9344
  0
LWPOLYLINE
  5
4F0
330
17
100
AcDbEntity
  8
SOBRANTES-RECORTE
100
AcDbPolyline
 90
4
 70
1
 10
494.9567
 20
-89.1284
 10
495.55670000000003
 20
-89.1284
 10
495.55670000000003
 20
-88.4054
 10
494.9567
 20
-88.4054
  0
TEXT
  5
4F1
330
17
100
AcDbEntity
  8
SOBRANTES-TEXTO
100
AcDbText
 10
495.2567
 20
-88.5314
 30
0.0
 40
0.05
  1
PB-M-086
 72
1
 11
495.2567
 21
-88.5314
 31
0.0
100
AcDbText
 73
2
  0
LWPOLYLINE
  5
4F2
330
17
100
AcDbEntity
  8
SOBRANTES-MAPA
100
AcDbPolyline
 90
4
 70
1
 10
495.8027
 20
-91.5344
 10
496.3987
 20
-91.5344
 10
496.3987
 20
-90.3404
 10
495.8027
 20
-90.3404
  0
LWPOLYLINE
  5
4F3
330
17
100
AcDbEntity
  8
SOBRANTES-RECORTE
100
AcDbPolyline
 90
4
 70
1
 10
495.8027
 20
-91.4604
 10
496.1607
 20
-91.4604
 10
496.1607
 20
-90.3404
 10
495.8027
 20
-90.3404
  0
LWPOLYLINE
  5
4F4
330
17
100
AcDbEntity
  8
SOBRANTES-RECORTE
100
AcDbPolyline
 90
4
 70
1
 10
496.1607
 20
-91.5344
 10
496.3987
 20
-91.5344
 10
496.3987
 20
-91.4604
 10
496.1607
 20
-91.4604
  0
TEXT
  5
4F5
330
17
100
AcDbEntity
  8
SOBRANTES-TEXTO
100
AcDbText
 10
496.1007
 20
-90.93740000000001
 30
0.0
 40
0.05
  1
PB-M-121
 72
1
 11
496.1007
 21
-90.93740000000001
 31
0.0
100
AcDbText
 73
2
  0
LWPOLYLINE
  5
4F6
330
17
100
AcDbEntity
  8
SOBRANTES-MAPA
100
AcDbPolyline
 90
4
 70
1
 10
496.7627
 20
-90.9154
 10
497.3627
 20
-90.9154
 10
497.3627
 20
-89.7214
 10
496.7627
 20
-89.7214
  0
LWPOLYLINE
  5
4F7
330
17
100
AcDbEntity
  8
SOBRANTES-RECORTE
100
AcDbPolyline
 90
4
 70
1
 10
496.7627
 20
-90.9154
 10
497.3627
 20
-90.9154
 10
497.3627
 20
-90.16040000000001
 10
496.7627
 20
-90.16040000000001
  0
TEXT
  5
4F8
330
17
100
AcDbEntity
  8
SOBRANTES-TEXTO
100
AcDbText
 10
497.0627
 20
-90.31840000000001
 30
0.0
 40
0.05
  1
PB-M-118
 72
1
 11
497.0627
 21
-90.31840000000001
 31
0.0
100
AcDbText
 73
2
  0
LWPOLYLINE
  5
4F9
330
17
100
AcDbEntity
  8
SOBRANTES-MAPA
100
AcDbPolyline
 90
4
 70
1
 10
496.1607
 20
-90.9154
 10
496.76070000000004
 20
-90.9154
 10
496.76070000000004
 20
-89.7214
 10
496.1607
 20
-89.7214
  0
LWPOLYLINE
  5
4FA
330
17
100
AcDbEntity
  8
SOBRANTES-RECORTE
100
AcDbPolyline
 90
4
 70
1
 10
496.1607
 20
-90.9154
 10
496.76070000000004
 20
-90.9154
 10
496.76070000000004
 20
-90.16040000000001
 10
496.1607
 20
-90.16040000000001
  0
TEXT
  5
4FB
330
17
100
AcDbEntity
  8
SOBRANTES-TEXTO
100
AcDbText
 10
496.46070000000003
 20
-90.31840000000001
 30
0.0
 40
0.05
  1
PB-M-117
 72
1
 11
496.46070000000003
 21
-90.31840000000001
 31
0.0
100
AcDbText
 73
2
  0
LWPOLYLINE
  5
4FC
330
17
100
AcDbEntity
  8
SOBRANTES-MAPA
100
AcDbPolyline
 90
4
 70
1
 10
495.5587
 20
-90.9154
 10
496.1587
 20
-90.9154
 10
496.1587
 20
-89.7214
 10
495.5587
 20
-89.7214
  0
LWPOLYLINE
  5
4FD
330
17
100
AcDbEntity
  8
SOBRANTES-RECORTE
100
AcDbPolyline
 90
4
 70
1
 10
495.5587
 20
-90.9154
 10
496.1587
 20
-90.9154
 10
496.1587
 20
-90.16040000000001
 10
495.5587
 20
-90.16040000000001
  0
TEXT
  5
4FE
330
17
100
AcDbEntity
  8
SOBRANTES-TEXTO
100
AcDbText
 10
495.8587
 20
-90.31840000000001
 30
0.0
 40
0.05
  1
PB-M-116
 72
1
 11
495.8587
 21
-90.31840000000001
 31
0.0
100
AcDbText
 73
2
  0
LWPOLYLINE
  5
4FF
330
17
100
AcDbEntity
  8
SOBRANTES-MAPA
100
AcDbPolyline
 90
4
 70
1
 10
494.9567
 20
-90.9154
 10
495.55670000000003
 20
-90.9154
 10
495.55670000000003
 20
-89.7214
 10
494.9567
 20
-89.7214
  0
LWPOLYLINE
  5
500
330
17
100
AcDbEntity
  8
SOBRANTES-RECORTE
100
AcDbPolyline
 90
4
 70
1
 10
494.9567
 20
-90.9154
 10
495.55670000000003
 20
-90.9154
 10
495.55670000000003
 20
-90.16040000000001
 10
494.9567
 20
-90.16040000000001
  0
TEXT
  5
501
330
17
100
AcDbEntity
  8
SOBRANTES-TEXTO
100
AcDbText
 10
495.2567
 20
-90.31840000000001
 30
0.0
 40
0.05
  1
PB-M-115
 72
1
 11
495.2567
 21
-90.31840000000001
 31
0.0
100
AcDbText
 73
2
  0
LWPOLYLINE
  5
502
330
17
100
AcDbEntity
  8
SOBRANTES-MAPA
100
AcDbPolyline
 90
4
 70
1
 10
496.9827
 20
-86.7384
 10
497.5787
 20
-86.7384
 10
497.5787
 20
-85.5444
 10
496.9827
 20
-85.5444
  0
LWPOLYLINE
  5
503
330
17
100
AcDbEntity
  8
SOBRANTES-RECORTE
100
AcDbPolyline
 90
4
 70
1
 10
496.9827
 20
-86.7384
 10
497.3647
 20
-86.7384
 10
497.3647
 20
-85.5444
 10
496.9827
 20
-85.5444
  0
TEXT
  5
504
330
17
100
AcDbEntity
  8
SOBRANTES-TEXTO
100
AcDbText
 10
497.2807
 20
-86.1414
 30
0.0
 40
0.05
  1
PB-M-070
 72
1
 11
497.2807
 21
-86.1414
 31
0.0
100
AcDbText
 73
2
  0
LWPOLYLINE
  5
505
330
17
100
AcDbEntity
  8
SOBRANTES-MAPA
100
AcDbPolyline
 90
4
 70
1
 10
496.9827
 20
-85.5424
 10
497.5787
 20
-85.5424
 10
497.5787
 20
-84.3484
 10
496.9827
 20
-84.3484
  0
LWPOLYLINE
  5
506
330
17
100
AcDbEntity
  8
SOBRANTES-RECORTE
100
AcDbPolyline
 90
4
 70
1
 10
496.9827
 20
-85.5424
 10
497.3647
 20
-85.5424
 10
497.3647
 20
-84.3484
 10
496.9827
 20
-84.3484
  0
TEXT
  5
507
330
17
100
AcDbEntity
  8
SOBRANTES-TEXTO
100
AcDbText
 10
497.2807
 20
-84.9454
 30
0.0
 40
0.05
  1
PB-M-056
 72
1
 11
497.2807
 21
-84.9454
 31
0.0
100
AcDbText
 73
2
  0
LWPOLYLINE
  5
508
330
17
100
AcDbEntity
  8
SOBRANTES-MAPA
100
AcDbPolyline
 90
4
 70
1
 10
496.9827
 20
-87.9344
 10
497.5787
 20
-87.9344
 10
497.5787
 20
-86.7404
 10
496.9827
 20
-86.7404
  0
LWPOLYLINE
  5
509
330
17
100
AcDbEntity
  8
SOBRANTES-RECORTE
100
AcDbPolyline
 90
4
 70
1
 10
496.9827
 20
-87.8604
 10
497.3647
 20
-87.8604
 10
497.3647
 20
-86.7404
 10
496.9827
 20
-86.7404
  0
LWPOLYLINE
  5
50A
330
17
100
AcDbEntity
  8
SOBRANTES-RECORTE
100
AcDbPolyline
 90
4
 70
1
 10
497.3647
 20
-87.9344
 10
497.5787
 20
-87.9344
 10
497.5787
 20
-87.8604
 10
497.3647
 20
-87.8604
  0
TEXT
  5
50B
330
17
100
AcDbEntity
  8
SOBRANTES-TEXTO
100
AcDbText
 10
497.2807
 20
-87.3374
 30
0.0
 40
0.05
  1
PB-M-072
 72
1
 11
497.2807
 21
-87.3374
 31
0.0
100
AcDbText
 73
2
  0
LWPOLYLINE
  5
50C
330
17
100
AcDbEntity
  8
SOBRANTES-MAPA
100
AcDbPolyline
 90
4
 70
1
 10
496.9827
 20
-91.5344
 10
497.5787
 20
-91.5344
 10
497.5787
 20
-90.3404
 10
496.9827
 20
-90.3404
  0
LWPOLYLINE
  5
50D
330
17
100
AcDbEntity
  8
SOBRANTES-RECORTE
100
AcDbPolyline
 90
4
 70
1
 10
496.9827
 20
-91.4604
 10
497.3647
 20
-91.4604
 10
497.3647
 20
-90.3404
 10
496.9827
 20
-90.3404
  0
LWPOLYLINE
  5
50E
330
17
100
AcDbEntity
  8
SOBRANTES-RECORTE
100
AcDbPolyline
 90
4
 70
1
 10
497.3647
 20
-91.5344
 10
497.5787
 20
-91.5344
 10
497.5787
 20
-91.4604
 10
497.3647
 20
-91.4604
  0
TEXT
  5
50F
330
17
100
AcDbEntity
  8
SOBRANTES-TEXTO
100
AcDbText
 10
497.2807
 20
-90.93740000000001
 30
0.0
 40
0.05
  1
PB-M-124
 72
1
 11
497.2807
 21
-90.93740000000001
 31
0.0
100
AcDbText
 73
2
  0
LWPOLYLINE
  5
510
330
17
100
AcDbEntity
  8
SOBRANTES-MAPA
100
AcDbPolyline
 90
4
 70
1
 10
496.9827
 20
-84.3464
 10
497.5787
 20
-84.3464
 10
497.5787
 20
-83.1524
 10
496.9827
 20
-83.1524
  0
LWPOLYLINE
  5
511
330
17
100
AcDbEntity
  8
SOBRANTES-RECORTE
100
AcDbPolyline
 90
4
 70
1
 10
496.9827
 20
-84.3464
 10
497.3647
 20
-84.3464
 10
497.3647
 20
-83.2604
 10
496.9827
 20
-83.2604
  0
LWPOLYLINE
  5
512
330
17
100
AcDbEntity
  8
SOBRANTES-RECORTE
100
AcDbPolyline
 90
4
 70
1
 10
497.3647
 20
-83.2604
 10
497.5787
 20
-83.2604
 10
497.5787
 20
-83.1524
 10
497.3647
 20
-83.1524
  0
TEXT
  5
513
330
17
100
AcDbEntity
  8
SOBRANTES-TEXTO
100
AcDbText
 10
497.2807
 20
-83.74940000000001
 30
0.0
 40
0.05
  1
PB-M-042
 72
1
 11
497.2807
 21
-83.74940000000001
 31
0.0
100
AcDbText
 73
2
  0
LWPOLYLINE
  5
514
330
17
100
AcDbEntity
  8
SOBRANTES-MAPA
100
AcDbPolyline
 90
4
 70
1
 10
496.983
 20
-92.656
 10
497.579
 20
-92.656
 10
497.579
 20
-91.462
 10
496.983
 20
-91.462
  0
LWPOLYLINE
  5
515
330
17
100
AcDbEntity
  8
SOBRANTES-RECORTE
100
AcDbPolyline
 90
4
 70
1
 10
496.983
 20
-92.53
 10
497.365
 20
-92.53
 10
497.365
 20
-91.462
 10
496.983
 20
-91.462
  0
LWPOLYLINE
  5
516
330
17
100
AcDbEntity
  8
SOBRANTES-RECORTE
100
AcDbPolyline
 90
4
 70
1
 10
497.365
 20
-92.656
 10
497.579
 20
-92.656
 10
497.579
 20
-92.53
 10
497.365
 20
-92.53
  0
TEXT
  5
517
330
17
100
AcDbEntity
  8
SOBRANTES-TEXTO
100
AcDbText
 10
497.281
 20
-92.05900000000001
 30
0.0
 40
0.05
  1
PB-M-138
 72
1
 11
497.281
 21
-92.05900000000001
 31
0.0
100
AcDbText
 73
2
  0
LWPOLYLINE
  5
518
330
17
100
AcDbEntity
  8
SOBRANTES-MAPA
100
AcDbPolyline
 90
4
 70
1
 10
503.946
 20
-85.496
 10
504.54200000000003
 20
-85.496
 10
504.54200000000003
 20
-84.30199999999999
 10
503.946
 20
-84.30199999999999
  0
LWPOLYLINE
  5
519
330
17
100
AcDbEntity
  8
SOBRANTES-RECORTE
100
AcDbPolyline
 90
4
 70
1
 10
504.466
 20
-85.496
 10
504.54200000000003
 20
-85.496
 10
504.54200000000003
 20
-85.05999999999999
 10
504.466
 20
-85.05999999999999
  0
LWPOLYLINE
  5
51A
330
17
100
AcDbEntity
  8
SOBRANTES-RECORTE
100
AcDbPolyline
 90
4
 70
1
 10
503.946
 20
-85.05999999999999
 10
504.466
 20
-85.05999999999999
 10
504.466
 20
-84.30199999999999
 10
503.946
 20
-84.30199999999999
  0
TEXT
  5
51B
330
17
100
AcDbEntity
  8
SOBRANTES-TEXTO
100
AcDbText
 10
504.244
 20
-84.899
 30
0.0
 40
0.05
  1
PA-M-003
 72
1
 11
504.244
 21
-84.899
 31
0.0
100
AcDbText
 73
2
  0
LWPOLYLINE
  5
51C
330
17
100
AcDbEntity
  8
SOBRANTES-MAPA
100
AcDbPolyline
 90
4
 70
1
 10
507.3402
 20
-91.1104
 10
507.54019999999997
 20
-91.1104
 10
507.54019999999997
 20
-89.9104
 10
507.3402
 20
-89.9104
  0
LWPOLYLINE
  5
51D
330
17
100
AcDbEntity
  8
SOBRANTES-RECORTE
100
AcDbPolyline
 90
4
 70
1
 10
507.3402
 20
-91.1104
 10
507.54019999999997
 20
-91.1104
 10
507.54019999999997
 20
-91.0214
 10
507.3402
 20
-91.0214
  0
TEXT
  5
51E
330
17
100
AcDbEntity
  8
SOBRANTES-TEXTO
100
AcDbText
 10
507.4402
 20
-90.5104
 30
0.0
 40
0.05
  1
PA-R-158
 72
1
 11
507.4402
 21
-90.5104
 31
0.0
100
AcDbText
 73
2
  0
LWPOLYLINE
  5
51F
330
17
100
AcDbEntity
  8
SOBRANTES-MAPA
100
AcDbPolyline
 90
4
 70
1
 10
506.9382
 20
-91.1104
 10
507.1382
 20
-91.1104
 10
507.1382
 20
-89.9104
 10
506.9382
 20
-89.9104
  0
LWPOLYLINE
  5
520
330
17
100
AcDbEntity
  8
SOBRANTES-RECORTE
100
AcDbPolyline
 90
4
 70
1
 10
506.9382
 20
-91.1104
 10
507.1382
 20
-91.1104
 10
507.1382
 20
-91.0214
 10
506.9382
 20
-91.0214
  0
TEXT
  5
521
330
17
100
AcDbEntity
  8
SOBRANTES-TEXTO
100
AcDbText
 10
507.0382
 20
-90.5104
 30
0.0
 40
0.05
  1
PA-R-157
 72
1
 11
507.0382
 21
-90.5104
 31
0.0
100
AcDbText
 73
2
  0
LWPOLYLINE
  5
522
330
17
100
AcDbEntity
  8
SOBRANTES-MAPA
100
AcDbPolyline
 90
4
 70
1
 10
506.5362
 20
-91.1104
 10
506.7362
 20
-91.1104
 10
506.7362
 20
-89.9104
 10
506.5362
 20
-89.9104
  0
LWPOLYLINE
  5
523
330
17
100
AcDbEntity
  8
SOBRANTES-RECORTE
100
AcDbPolyline
 90
4
 70
1
 10
506.5362
 20
-91.1104
 10
506.7362
 20
-91.1104
 10
506.7362
 20
-91.0214
 10
506.5362
 20
-91.0214
  0
TEXT
  5
524
330
17
100
AcDbEntity
  8
SOBRANTES-TEXTO
100
AcDbText
 10
506.63620000000003
 20
-90.5104
 30
0.0
 40
0.05
  1
PA-R-156
 72
1
 11
506.63620000000003
 21
-90.5104
 31
0.0
100
AcDbText
 73
2
  0
LWPOLYLINE
  5
525
330
17
100
AcDbEntity
  8
SOBRANTES-MAPA
100
AcDbPolyline
 90
4
 70
1
 10
506.1342
 20
-91.1104
 10
506.3342
 20
-91.1104
 10
506.3342
 20
-89.9104
 10
506.1342
 20
-89.9104
  0
LWPOLYLINE
  5
526
330
17
100
AcDbEntity
  8
SOBRANTES-RECORTE
100
AcDbPolyline
 90
4
 70
1
 10
506.1342
 20
-91.1104
 10
506.3342
 20
-91.1104
 10
506.3342
 20
-91.0214
 10
506.1342
 20
-91.0214
  0
TEXT
  5
527
330
17
100
AcDbEntity
  8
SOBRANTES-TEXTO
100
AcDbText
 10
506.23420000000004
 20
-90.5104
 30
0.0
 40
0.05
  1
PA-R-155
 72
1
 11
506.23420000000004
 21
-90.5104
 31
0.0
100
AcDbText
 73
2
  0
LWPOLYLINE
  5
528
330
17
100
AcDbEntity
  8
SOBRANTES-MAPA
100
AcDbPolyline
 90
4
 70
1
 10
504.9282
 20
-91.1104
 10
505.1282
 20
-91.1104
 10
505.1282
 20
-89.9104
 10
504.9282
 20
-89.9104
  0
LWPOLYLINE
  5
529
330
17
100
AcDbEntity
  8
SOBRANTES-RECORTE
100
AcDbPolyline
 90
4
 70
1
 10
504.9282
 20
-91.1104
 10
505.1282
 20
-91.1104
 10
505.1282
 20
-91.0214
 10
504.9282
 20
-91.0214
  0
TEXT
  5
52A
330
17
100
AcDbEntity
  8
SOBRANTES-TEXTO
100
AcDbText
 10
505.0282
 20
-90.5104
 30
0.0
 40
0.05
  1
PA-R-154
 72
1
 11
505.0282
 21
-90.5104
 31
0.0
100
AcDbText
 73
2
  0
LWPOLYLINE
  5
52B
330
17
100
AcDbEntity
  8
SOBRANTES-MAPA
100
AcDbPolyline
 90
4
 70
1
 10
504.5262
 20
-91.1104
 10
504.7262
 20
-91.1104
 10
504.7262
 20
-89.9104
 10
504.5262
 20
-89.9104
  0
LWPOLYLINE
  5
52C
330
17
100
AcDbEntity
  8
SOBRANTES-RECORTE
100
AcDbPolyline
 90
4
 70
1
 10
504.5262
 20
-91.1104
 10
504.7262
 20
-91.1104
 10
504.7262
 20
-91.0214
 10
504.5262
 20
-91.0214
  0
TEXT
  5
52D
330
17
100
AcDbEntity
  8
SOBRANTES-TEXTO
100
AcDbText
 10
504.62620000000004
 20
-90.5104
 30
0.0
 40
0.05
  1
PA-R-153
 72
1
 11
504.62620000000004
 21
-90.5104
 31
0.0
100
AcDbText
 73
2
  0
LWPOLYLINE
  5
52E
330
17
100
AcDbEntity
  8
SOBRANTES-MAPA
100
AcDbPolyline
 90
4
 70
1
 10
504.1242
 20
-91.1104
 10
504.32419999999996
 20
-91.1104
 10
504.32419999999996
 20
-89.9104
 10
504.1242
 20
-89.9104
  0
LWPOLYLINE
  5
52F
330
17
100
AcDbEntity
  8
SOBRANTES-RECORTE
100
AcDbPolyline
 90
4
 70
1
 10
504.1242
 20
-91.1104
 10
504.32419999999996
 20
-91.1104
 10
504.32419999999996
 20
-91.0214
 10
504.1242
 20
-91.0214
  0
TEXT
  5
530
330
17
100
AcDbEntity
  8
SOBRANTES-TEXTO
100
AcDbText
 10
504.2242
 20
-90.5104
 30
0.0
 40
0.05
  1
PA-R-152
 72
1
 11
504.2242
 21
-90.5104
 31
0.0
100
AcDbText
 73
2
  0
LWPOLYLINE
  5
531
330
17
100
AcDbEntity
  8
SOBRANTES-MAPA
100
AcDbPolyline
 90
4
 70
1
 10
507.3672
 20
-84.8804
 10
507.5672
 20
-84.8804
 10
507.5672
 20
-83.68039999999999
 10
507.3672
 20
-83.68039999999999
  0
LWPOLYLINE
  5
532
330
17
100
AcDbEntity
  8
SOBRANTES-RECORTE
100
AcDbPolyline
 90
4
 70
1
 10
507.3672
 20
-83.77029999999999
 10
507.5672
 20
-83.77029999999999
 10
507.5672
 20
-83.68039999999999
 10
507.3672
 20
-83.68039999999999
  0
TEXT
  5
533
330
17
100
AcDbEntity
  8
SOBRANTES-TEXTO
100
AcDbText
 10
507.46720000000005
 20
-84.2804
 30
0.0
 40
0.05
  1
PA-R-095
 72
1
 11
507.46720000000005
 21
-84.2804
 31
0.0
100
AcDbText
 73
2
  0
LWPOLYLINE
  5
534
330
17
100
AcDbEntity
  8
SOBRANTES-MAPA
100
AcDbPolyline
 90
4
 70
1
 10
506.9652
 20
-84.8804
 10
507.16519999999997
 20
-84.8804
 10
507.16519999999997
 20
-83.68039999999999
 10
506.9652
 20
-83.68039999999999
  0
LWPOLYLINE
  5
535
330
17
100
AcDbEntity
  8
SOBRANTES-RECORTE
100
AcDbPolyline
 90
4
 70
1
 10
506.9652
 20
-83.77029999999999
 10
507.16519999999997
 20
-83.77029999999999
 10
507.16519999999997
 20
-83.68039999999999
 10
506.9652
 20
-83.68039999999999
  0
TEXT
  5
536
330
17
100
AcDbEntity
  8
SOBRANTES-TEXTO
100
AcDbText
 10
507.0652
 20
-84.2804
 30
0.0
 40
0.05
  1
PA-R-094
 72
1
 11
507.0652
 21
-84.2804
 31
0.0
100
AcDbText
 73
2
  0
LWPOLYLINE
  5
537
330
17
100
AcDbEntity
  8
SOBRANTES-MAPA
100
AcDbPolyline
 90
4
 70
1
 10
506.5632
 20
-84.8804
 10
506.7632
 20
-84.8804
 10
506.7632
 20
-83.68039999999999
 10
506.5632
 20
-83.68039999999999
  0
LWPOLYLINE
  5
538
330
17
100
AcDbEntity
  8
SOBRANTES-RECORTE
100
AcDbPolyline
 90
4
 70
1
 10
506.5632
 20
-83.77029999999999
 10
506.7632
 20
-83.77029999999999
 10
506.7632
 20
-83.68039999999999
 10
506.5632
 20
-83.68039999999999
  0
TEXT
  5
539
330
17
100
AcDbEntity
  8
SOBRANTES-TEXTO
100
AcDbText
 10
506.6632
 20
-84.2804
 30
0.0
 40
0.05
  1
PA-R-093
 72
1
 11
506.6632
 21
-84.2804
 31
0.0
100
AcDbText
 73
2
  0
LWPOLYLINE
  5
53A
330
17
100
AcDbEntity
  8
SOBRANTES-MAPA
100
AcDbPolyline
 90
4
 70
1
 10
506.1612
 20
-84.8804
 10
506.3612
 20
-84.8804
 10
506.3612
 20
-83.68039999999999
 10
506.1612
 20
-83.68039999999999
  0
LWPOLYLINE
  5
53B
330
17
100
AcDbEntity
  8
SOBRANTES-RECORTE
100
AcDbPolyline
 90
4
 70
1
 10
506.1612
 20
-83.77029999999999
 10
506.3612
 20
-83.77029999999999
 10
506.3612
 20
-83.68039999999999
 10
506.1612
 20
-83.68039999999999
  0
TEXT
  5
53C
330
17
100
AcDbEntity
  8
SOBRANTES-TEXTO
100
AcDbText
 10
506.26120000000003
 20
-84.2804
 30
0.0
 40
0.05
  1
PA-R-092
 72
1
 11
506.26120000000003
 21
-84.2804
 31
0.0
100
AcDbText
 73
2
  0
LWPOLYLINE
  5
53D
330
17
100
AcDbEntity
  8
SOBRANTES-MAPA
100
AcDbPolyline
 90
4
 70
1
 10
505.7592
 20
-84.8804
 10
505.9592
 20
-84.8804
 10
505.9592
 20
-83.68039999999999
 10
505.7592
 20
-83.68039999999999
  0
LWPOLYLINE
  5
53E
330
17
100
AcDbEntity
  8
SOBRANTES-RECORTE
100
AcDbPolyline
 90
4
 70
1
 10
505.7592
 20
-83.77029999999999
 10
505.9592
 20
-83.77029999999999
 10
505.9592
 20
-83.68039999999999
 10
505.7592
 20
-83.68039999999999
  0
TEXT
  5
53F
330
17
100
AcDbEntity
  8
SOBRANTES-TEXTO
100
AcDbText
 10
505.85920000000004
 20
-84.2804
 30
0.0
 40
0.05
  1
PA-R-091
 72
1
 11
505.85920000000004
 21
-84.2804
 31
0.0
100
AcDbText
 73
2
  0
LWPOLYLINE
  5
540
330
17
100
AcDbEntity
  8
SOBRANTES-MAPA
100
AcDbPolyline
 90
4
 70
1
 10
505.3572
 20
-84.8804
 10
505.55719999999997
 20
-84.8804
 10
505.55719999999997
 20
-83.68039999999999
 10
505.3572
 20
-83.68039999999999
  0
LWPOLYLINE
  5
541
330
17
100
AcDbEntity
  8
SOBRANTES-RECORTE
100
AcDbPolyline
 90
4
 70
1
 10
505.3572
 20
-83.77029999999999
 10
505.55719999999997
 20
-83.77029999999999
 10
505.55719999999997
 20
-83.68039999999999
 10
505.3572
 20
-83.68039999999999
  0
TEXT
  5
542
330
17
100
AcDbEntity
  8
SOBRANTES-TEXTO
100
AcDbText
 10
505.4572
 20
-84.2804
 30
0.0
 40
0.05
  1
PA-R-090
 72
1
 11
505.4572
 21
-84.2804
 31
0.0
100
AcDbText
 73
2
  0
LWPOLYLINE
  5
543
330
17
100
AcDbEntity
  8
SOBRANTES-MAPA
100
AcDbPolyline
 90
4
 70
1
 10
504.9552
 20
-84.8804
 10
505.1552
 20
-84.8804
 10
505.1552
 20
-83.68039999999999
 10
504.9552
 20
-83.68039999999999
  0
LWPOLYLINE
  5
544
330
17
100
AcDbEntity
  8
SOBRANTES-RECORTE
100
AcDbPolyline
 90
4
 70
1
 10
504.9552
 20
-83.77029999999999
 10
505.1552
 20
-83.77029999999999
 10
505.1552
 20
-83.68039999999999
 10
504.9552
 20
-83.68039999999999
  0
TEXT
  5
545
330
17
100
AcDbEntity
  8
SOBRANTES-TEXTO
100
AcDbText
 10
505.0552
 20
-84.2804
 30
0.0
 40
0.05
  1
PA-R-089
 72
1
 11
505.0552
 21
-84.2804
 31
0.0
100
AcDbText
 73
2
  0
LWPOLYLINE
  5
546
330
17
100
AcDbEntity
  8
SOBRANTES-MAPA
100
AcDbPolyline
 90
4
 70
1
 10
504.5532
 20
-84.8804
 10
504.7532
 20
-84.8804
 10
504.7532
 20
-83.68039999999999
 10
504.5532
 20
-83.68039999999999
  0
LWPOLYLINE
  5
547
330
17
100
AcDbEntity
  8
SOBRANTES-RECORTE
100
AcDbPolyline
 90
4
 70
1
 10
504.5532
 20
-83.77029999999999
 10
504.7532
 20
-83.77029999999999
 10
504.7532
 20
-83.68039999999999
 10
504.5532
 20
-83.68039999999999
  0
TEXT
  5
548
330
17
100
AcDbEntity
  8
SOBRANTES-TEXTO
100
AcDbText
 10
504.6532
 20
-84.2804
 30
0.0
 40
0.05
  1
PA-R-088
 72
1
 11
504.6532
 21
-84.2804
 31
0.0
100
AcDbText
 73
2
  0
LWPOLYLINE
  5
549
330
17
100
AcDbEntity
  8
SOBRANTES-MAPA
100
AcDbPolyline
 90
4
 70
1
 10
504.1512
 20
-84.8804
 10
504.3512
 20
-84.8804
 10
504.3512
 20
-83.68039999999999
 10
504.1512
 20
-83.68039999999999
  0
LWPOLYLINE
  5
54A
330
17
100
AcDbEntity
  8
SOBRANTES-RECORTE
100
AcDbPolyline
 90
4
 70
1
 10
504.1512
 20
-83.77029999999999
 10
504.3512
 20
-83.77029999999999
 10
504.3512
 20
-83.68039999999999
 10
504.1512
 20
-83.68039999999999
  0
TEXT
  5
54B
330
17
100
AcDbEntity
  8
SOBRANTES-TEXTO
100
AcDbText
 10
504.25120000000004
 20
-84.2804
 30
0.0
 40
0.05
  1
PA-R-087
 72
1
 11
504.25120000000004
 21
-84.2804
 31
0.0
100
AcDbText
 73
2
  0
LWPOLYLINE
  5
54C
330
17
100
AcDbEntity
  8
SOBRANTES-MAPA
100
AcDbPolyline
 90
4
 70
1
 10
503.7492
 20
-84.8804
 10
503.94919999999996
 20
-84.8804
 10
503.94919999999996
 20
-83.68039999999999
 10
503.7492
 20
-83.68039999999999
  0
LWPOLYLINE
  5
54D
330
17
100
AcDbEntity
  8
SOBRANTES-RECORTE
100
AcDbPolyline
 90
4
 70
1
 10
503.7492
 20
-83.77029999999999
 10
503.94919999999996
 20
-83.77029999999999
 10
503.94919999999996
 20
-83.68039999999999
 10
503.7492
 20
-83.68039999999999
  0
TEXT
  5
54E
330
17
100
AcDbEntity
  8
SOBRANTES-TEXTO
100
AcDbText
 10
503.8492
 20
-84.2804
 30
0.0
 40
0.05
  1
PA-R-086
 72
1
 11
503.8492
 21
-84.2804
 31
0.0
100
AcDbText
 73
2
  0
LWPOLYLINE
  5
54F
330
17
100
AcDbEntity
  8
SOBRANTES-MAPA
100
AcDbPolyline
 90
4
 70
1
 10
507.3402
 20
-93.4234
 10
507.54019999999997
 20
-93.4234
 10
507.54019999999997
 20
-92.2234
 10
507.3402
 20
-92.2234
  0
LWPOLYLINE
  5
550
330
17
100
AcDbEntity
  8
SOBRANTES-RECORTE
100
AcDbPolyline
 90
4
 70
1
 10
507.3402
 20
-93.4234
 10
507.54019999999997
 20
-93.4234
 10
507.54019999999997
 20
-93.3304
 10
507.3402
 20
-93.3304
  0
TEXT
  5
551
330
17
100
AcDbEntity
  8
SOBRANTES-TEXTO
100
AcDbText
 10
507.4402
 20
-92.8234
 30
0.0
 40
0.05
  1
PA-R-196
 72
1
 11
507.4402
 21
-92.8234
 31
0.0
100
AcDbText
 73
2
  0
LWPOLYLINE
  5
552
330
17
100
AcDbEntity
  8
SOBRANTES-MAPA
100
AcDbPolyline
 90
4
 70
1
 10
506.9382
 20
-93.4234
 10
507.1382
 20
-93.4234
 10
507.1382
 20
-92.2234
 10
506.9382
 20
-92.2234
  0
LWPOLYLINE
  5
553
330
17
100
AcDbEntity
  8
SOBRANTES-RECORTE
100
AcDbPolyline
 90
4
 70
1
 10
506.9382
 20
-93.4234
 10
507.1382
 20
-93.4234
 10
507.1382
 20
-93.3304
 10
506.9382
 20
-93.3304
  0
TEXT
  5
554
330
17
100
AcDbEntity
  8
SOBRANTES-TEXTO
100
AcDbText
 10
507.0382
 20
-92.8234
 30
0.0
 40
0.05
  1
PA-R-195
 72
1
 11
507.0382
 21
-92.8234
 31
0.0
100
AcDbText
 73
2
  0
LWPOLYLINE
  5
555
330
17
100
AcDbEntity
  8
SOBRANTES-MAPA
100
AcDbPolyline
 90
4
 70
1
 10
506.5362
 20
-93.4234
 10
506.7362
 20
-93.4234
 10
506.7362
 20
-92.2234
 10
506.5362
 20
-92.2234
  0
LWPOLYLINE
  5
556
330
17
100
AcDbEntity
  8
SOBRANTES-RECORTE
100
AcDbPolyline
 90
4
 70
1
 10
506.5362
 20
-93.4234
 10
506.7362
 20
-93.4234
 10
506.7362
 20
-93.3304
 10
506.5362
 20
-93.3304
  0
TEXT
  5
557
330
17
100
AcDbEntity
  8
SOBRANTES-TEXTO
100
AcDbText
 10
506.63620000000003
 20
-92.8234
 30
0.0
 40
0.05
  1
PA-R-194
 72
1
 11
506.63620000000003
 21
-92.8234
 31
0.0
100
AcDbText
 73
2
  0
LWPOLYLINE
  5
558
330
17
100
AcDbEntity
  8
SOBRANTES-MAPA
100
AcDbPolyline
 90
4
 70
1
 10
506.1342
 20
-93.4234
 10
506.3342
 20
-93.4234
 10
506.3342
 20
-92.2234
 10
506.1342
 20
-92.2234
  0
LWPOLYLINE
  5
559
330
17
100
AcDbEntity
  8
SOBRANTES-RECORTE
100
AcDbPolyline
 90
4
 70
1
 10
506.1342
 20
-93.4234
 10
506.3342
 20
-93.4234
 10
506.3342
 20
-93.3304
 10
506.1342
 20
-93.3304
  0
TEXT
  5
55A
330
17
100
AcDbEntity
  8
SOBRANTES-TEXTO
100
AcDbText
 10
506.23420000000004
 20
-92.8234
 30
0.0
 40
0.05
  1
PA-R-193
 72
1
 11
506.23420000000004
 21
-92.8234
 31
0.0
100
AcDbText
 73
2
  0
LWPOLYLINE
  5
55B
330
17
100
AcDbEntity
  8
SOBRANTES-MAPA
100
AcDbPolyline
 90
4
 70
1
 10
505.7322
 20
-93.4234
 10
505.93219999999997
 20
-93.4234
 10
505.93219999999997
 20
-92.2234
 10
505.7322
 20
-92.2234
  0
LWPOLYLINE
  5
55C
330
17
100
AcDbEntity
  8
SOBRANTES-RECORTE
100
AcDbPolyline
 90
4
 70
1
 10
505.7322
 20
-93.4234
 10
505.93219999999997
 20
-93.4234
 10
505.93219999999997
 20
-93.3304
 10
505.7322
 20
-93.3304
  0
TEXT
  5
55D
330
17
100
AcDbEntity
  8
SOBRANTES-TEXTO
100
AcDbText
 10
505.8322
 20
-92.8234
 30
0.0
 40
0.05
  1
PA-R-192
 72
1
 11
505.8322
 21
-92.8234
 31
0.0
100
AcDbText
 73
2
  0
LWPOLYLINE
  5
55E
330
17
100
AcDbEntity
  8
SOBRANTES-MAPA
100
AcDbPolyline
 90
4
 70
1
 10
505.3302
 20
-93.4234
 10
505.5302
 20
-93.4234
 10
505.5302
 20
-92.2234
 10
505.3302
 20
-92.2234
  0
LWPOLYLINE
  5
55F
330
17
100
AcDbEntity
  8
SOBRANTES-RECORTE
100
AcDbPolyline
 90
4
 70
1
 10
505.3302
 20
-93.4234
 10
505.5302
 20
-93.4234
 10
505.5302
 20
-93.3304
 10
505.3302
 20
-93.3304
  0
TEXT
  5
560
330
17
100
AcDbEntity
  8
SOBRANTES-TEXTO
100
AcDbText
 10
505.4302
 20
-92.8234
 30
0.0
 40
0.05
  1
PA-R-191
 72
1
 11
505.4302
 21
-92.8234
 31
0.0
100
AcDbText
 73
2
  0
LWPOLYLINE
  5
561
330
17
100
AcDbEntity
  8
SOBRANTES-MAPA
100
AcDbPolyline
 90
4
 70
1
 10
504.9282
 20
-93.4234
 10
505.1282
 20
-93.4234
 10
505.1282
 20
-92.2234
 10
504.9282
 20
-92.2234
  0
LWPOLYLINE
  5
562
330
17
100
AcDbEntity
  8
SOBRANTES-RECORTE
100
AcDbPolyline
 90
4
 70
1
 10
504.9282
 20
-93.4234
 10
505.1282
 20
-93.4234
 10
505.1282
 20
-93.3304
 10
504.9282
 20
-93.3304
  0
TEXT
  5
563
330
17
100
AcDbEntity
  8
SOBRANTES-TEXTO
100
AcDbText
 10
505.0282
 20
-92.8234
 30
0.0
 40
0.05
  1
PA-R-190
 72
1
 11
505.0282
 21
-92.8234
 31
0.0
100
AcDbText
 73
2
  0
LWPOLYLINE
  5
564
330
17
100
AcDbEntity
  8
SOBRANTES-MAPA
100
AcDbPolyline
 90
4
 70
1
 10
504.5262
 20
-93.4234
 10
504.7262
 20
-93.4234
 10
504.7262
 20
-92.2234
 10
504.5262
 20
-92.2234
  0
LWPOLYLINE
  5
565
330
17
100
AcDbEntity
  8
SOBRANTES-RECORTE
100
AcDbPolyline
 90
4
 70
1
 10
504.5262
 20
-93.4234
 10
504.7262
 20
-93.4234
 10
504.7262
 20
-93.3304
 10
504.5262
 20
-93.3304
  0
TEXT
  5
566
330
17
100
AcDbEntity
  8
SOBRANTES-TEXTO
100
AcDbText
 10
504.62620000000004
 20
-92.8234
 30
0.0
 40
0.05
  1
PA-R-189
 72
1
 11
504.62620000000004
 21
-92.8234
 31
0.0
100
AcDbText
 73
2
  0
LWPOLYLINE
  5
567
330
17
100
AcDbEntity
  8
SOBRANTES-MAPA
100
AcDbPolyline
 90
4
 70
1
 10
504.1242
 20
-93.4234
 10
504.32419999999996
 20
-93.4234
 10
504.32419999999996
 20
-92.2234
 10
504.1242
 20
-92.2234
  0
LWPOLYLINE
  5
568
330
17
100
AcDbEntity
  8
SOBRANTES-RECORTE
100
AcDbPolyline
 90
4
 70
1
 10
504.1242
 20
-93.4234
 10
504.32419999999996
 20
-93.4234
 10
504.32419999999996
 20
-93.3304
 10
504.1242
 20
-93.3304
  0
TEXT
  5
569
330
17
100
AcDbEntity
  8
SOBRANTES-TEXTO
100
AcDbText
 10
504.2242
 20
-92.8234
 30
0.0
 40
0.05
  1
PA-R-188
 72
1
 11
504.2242
 21
-92.8234
 31
0.0
100
AcDbText
 73
2
  0
LWPOLYLINE
  5
56A
330
17
100
AcDbEntity
  8
SOBRANTES-MAPA
100
AcDbPolyline
 90
4
 70
1
 10
507.5682
 20
-83.1689
 10
507.7682
 20
-83.1689
 10
507.7682
 20
-81.96889999999999
 10
507.5682
 20
-81.96889999999999
  0
LWPOLYLINE
  5
56B
330
17
100
AcDbEntity
  8
SOBRANTES-RECORTE
100
AcDbPolyline
 90
4
 70
1
 10
507.5682
 20
-82.09049999999999
 10
507.7682
 20
-82.09049999999999
 10
507.7682
 20
-81.96889999999999
 10
507.5682
 20
-81.96889999999999
  0
TEXT
  5
56C
330
17
100
AcDbEntity
  8
SOBRANTES-TEXTO
100
AcDbText
 10
507.6682
 20
-82.5689
 30
0.0
 40
0.05
  1
PA-R-039
 72
1
 11
507.6682
 21
-82.5689
 31
0.0
100
AcDbText
 73
2
  0
LWPOLYLINE
  5
56D
330
17
100
AcDbEntity
  8
SOBRANTES-MAPA
100
AcDbPolyline
 90
4
 70
1
 10
507.1662
 20
-83.1689
 10
507.3662
 20
-83.1689
 10
507.3662
 20
-81.96889999999999
 10
507.1662
 20
-81.96889999999999
  0
LWPOLYLINE
  5
56E
330
17
100
AcDbEntity
  8
SOBRANTES-RECORTE
100
AcDbPolyline
 90
4
 70
1
 10
507.1662
 20
-82.09049999999999
 10
507.3662
 20
-82.09049999999999
 10
507.3662
 20
-81.96889999999999
 10
507.1662
 20
-81.96889999999999
  0
TEXT
  5
56F
330
17
100
AcDbEntity
  8
SOBRANTES-TEXTO
100
AcDbText
 10
507.2662
 20
-82.5689
 30
0.0
 40
0.05
  1
PA-R-038
 72
1
 11
507.2662
 21
-82.5689
 31
0.0
100
AcDbText
 73
2
  0
LWPOLYLINE
  5
570
330
17
100
AcDbEntity
  8
SOBRANTES-MAPA
100
AcDbPolyline
 90
4
 70
1
 10
506.7642
 20
-83.1689
 10
506.9642
 20
-83.1689
 10
506.9642
 20
-81.96889999999999
 10
506.7642
 20
-81.96889999999999
  0
LWPOLYLINE
  5
571
330
17
100
AcDbEntity
  8
SOBRANTES-RECORTE
100
AcDbPolyline
 90
4
 70
1
 10
506.7642
 20
-82.09049999999999
 10
506.9642
 20
-82.09049999999999
 10
506.9642
 20
-81.96889999999999
 10
506.7642
 20
-81.96889999999999
  0
TEXT
  5
572
330
17
100
AcDbEntity
  8
SOBRANTES-TEXTO
100
AcDbText
 10
506.86420000000004
 20
-82.5689
 30
0.0
 40
0.05
  1
PA-R-037
 72
1
 11
506.86420000000004
 21
-82.5689
 31
0.0
100
AcDbText
 73
2
  0
LWPOLYLINE
  5
573
330
17
100
AcDbEntity
  8
SOBRANTES-MAPA
100
AcDbPolyline
 90
4
 70
1
 10
506.3622
 20
-83.1689
 10
506.56219999999996
 20
-83.1689
 10
506.56219999999996
 20
-81.96889999999999
 10
506.3622
 20
-81.96889999999999
  0
LWPOLYLINE
  5
574
330
17
100
AcDbEntity
  8
SOBRANTES-RECORTE
100
AcDbPolyline
 90
4
 70
1
 10
506.3622
 20
-82.09049999999999
 10
506.56219999999996
 20
-82.09049999999999
 10
506.56219999999996
 20
-81.96889999999999
 10
506.3622
 20
-81.96889999999999
  0
TEXT
  5
575
330
17
100
AcDbEntity
  8
SOBRANTES-TEXTO
100
AcDbText
 10
506.4622
 20
-82.5689
 30
0.0
 40
0.05
  1
PA-R-036
 72
1
 11
506.4622
 21
-82.5689
 31
0.0
100
AcDbText
 73
2
  0
LWPOLYLINE
  5
576
330
17
100
AcDbEntity
  8
SOBRANTES-MAPA
100
AcDbPolyline
 90
4
 70
1
 10
505.9602
 20
-83.1689
 10
506.1602
 20
-83.1689
 10
506.1602
 20
-81.96889999999999
 10
505.9602
 20
-81.96889999999999
  0
LWPOLYLINE
  5
577
330
17
100
AcDbEntity
  8
SOBRANTES-RECORTE
100
AcDbPolyline
 90
4
 70
1
 10
505.9602
 20
-82.09049999999999
 10
506.1602
 20
-82.09049999999999
 10
506.1602
 20
-81.96889999999999
 10
505.9602
 20
-81.96889999999999
  0
TEXT
  5
578
330
17
100
AcDbEntity
  8
SOBRANTES-TEXTO
100
AcDbText
 10
506.0602
 20
-82.5689
 30
0.0
 40
0.05
  1
PA-R-035
 72
1
 11
506.0602
 21
-82.5689
 31
0.0
100
AcDbText
 73
2
  0
LWPOLYLINE
  5
579
330
17
100
AcDbEntity
  8
SOBRANTES-MAPA
100
AcDbPolyline
 90
4
 70
1
 10
505.5582
 20
-83.1689
 10
505.7582
 20
-83.1689
 10
505.7582
 20
-81.96889999999999
 10
505.5582
 20
-81.96889999999999
  0
LWPOLYLINE
  5
57A
330
17
100
AcDbEntity
  8
SOBRANTES-RECORTE
100
AcDbPolyline
 90
4
 70
1
 10
505.5582
 20
-82.09049999999999
 10
505.7582
 20
-82.09049999999999
 10
505.7582
 20
-81.96889999999999
 10
505.5582
 20
-81.96889999999999
  0
TEXT
  5
57B
330
17
100
AcDbEntity
  8
SOBRANTES-TEXTO
100
AcDbText
 10
505.6582
 20
-82.5689
 30
0.0
 40
0.05
  1
PA-R-034
 72
1
 11
505.6582
 21
-82.5689
 31
0.0
100
AcDbText
 73
2
  0
LWPOLYLINE
  5
57C
330
17
100
AcDbEntity
  8
SOBRANTES-MAPA
100
AcDbPolyline
 90
4
 70
1
 10
505.1562
 20
-83.1689
 10
505.3562
 20
-83.1689
 10
505.3562
 20
-81.96889999999999
 10
505.1562
 20
-81.96889999999999
  0
LWPOLYLINE
  5
57D
330
17
100
AcDbEntity
  8
SOBRANTES-RECORTE
100
AcDbPolyline
 90
4
 70
1
 10
505.1562
 20
-82.09049999999999
 10
505.3562
 20
-82.09049999999999
 10
505.3562
 20
-81.96889999999999
 10
505.1562
 20
-81.96889999999999
  0
TEXT
  5
57E
330
17
100
AcDbEntity
  8
SOBRANTES-TEXTO
100
AcDbText
 10
505.25620000000004
 20
-82.5689
 30
0.0
 40
0.05
  1
PA-R-033
 72
1
 11
505.25620000000004
 21
-82.5689
 31
0.0
100
AcDbText
 73
2
  0
LWPOLYLINE
  5
57F
330
17
100
AcDbEntity
  8
SOBRANTES-MAPA
100
AcDbPolyline
 90
4
 70
1
 10
504.7542
 20
-83.1689
 10
504.9542
 20
-83.1689
 10
504.9542
 20
-81.96889999999999
 10
504.7542
 20
-81.96889999999999
  0
LWPOLYLINE
  5
580
330
17
100
AcDbEntity
  8
SOBRANTES-RECORTE
100
AcDbPolyline
 90
4
 70
1
 10
504.7542
 20
-82.09049999999999
 10
504.9542
 20
-82.09049999999999
 10
504.9542
 20
-81.96889999999999
 10
504.7542
 20
-81.96889999999999
  0
TEXT
  5
581
330
17
100
AcDbEntity
  8
SOBRANTES-TEXTO
100
AcDbText
 10
504.85420000000005
 20
-82.5689
 30
0.0
 40
0.05
  1
PA-R-032
 72
1
 11
504.85420000000005
 21
-82.5689
 31
0.0
100
AcDbText
 73
2
  0
LWPOLYLINE
  5
582
330
17
100
AcDbEntity
  8
SOBRANTES-MAPA
100
AcDbPolyline
 90
4
 70
1
 10
504.3522
 20
-83.1689
 10
504.55219999999997
 20
-83.1689
 10
504.55219999999997
 20
-81.96889999999999
 10
504.3522
 20
-81.96889999999999
  0
LWPOLYLINE
  5
583
330
17
100
AcDbEntity
  8
SOBRANTES-RECORTE
100
AcDbPolyline
 90
4
 70
1
 10
504.3522
 20
-82.09049999999999
 10
504.55219999999997
 20
-82.09049999999999
 10
504.55219999999997
 20
-81.96889999999999
 10
504.3522
 20
-81.96889999999999
  0
TEXT
  5
584
330
17
100
AcDbEntity
  8
SOBRANTES-TEXTO
100
AcDbText
 10
504.4522
 20
-82.5689
 30
0.0
 40
0.05
  1
PA-R-031
 72
1
 11
504.4522
 21
-82.5689
 31
0.0
100
AcDbText
 73
2
  0
LWPOLYLINE
  5
585
330
17
100
AcDbEntity
  8
SOBRANTES-MAPA
100
AcDbPolyline
 90
4
 70
1
 10
503.9502
 20
-83.1689
 10
504.1502
 20
-83.1689
 10
504.1502
 20
-81.96889999999999
 10
503.9502
 20
-81.96889999999999
  0
LWPOLYLINE
  5
586
330
17
100
AcDbEntity
  8
SOBRANTES-RECORTE
100
AcDbPolyline
 90
4
 70
1
 10
503.9502
 20
-82.09049999999999
 10
504.1502
 20
-82.09049999999999
 10
504.1502
 20
-81.96889999999999
 10
503.9502
 20
-81.96889999999999
  0
TEXT
  5
587
330
17
100
AcDbEntity
  8
SOBRANTES-TEXTO
100
AcDbText
 10
504.0502
 20
-82.5689
 30
0.0
 40
0.05
  1
PA-R-030
 72
1
 11
504.0502
 21
-82.5689
 31
0.0
100
AcDbText
 73
2
  0
LWPOLYLINE
  5
588
330
17
100
AcDbEntity
  8
SOBRANTES-MAPA
100
AcDbPolyline
 90
4
 70
1
 10
503.5482
 20
-83.1689
 10
503.7482
 20
-83.1689
 10
503.7482
 20
-81.96889999999999
 10
503.5482
 20
-81.96889999999999
  0
LWPOLYLINE
  5
589
330
17
100
AcDbEntity
  8
SOBRANTES-RECORTE
100
AcDbPolyline
 90
4
 70
1
 10
503.5482
 20
-82.09049999999999
 10
503.7482
 20
-82.09049999999999
 10
503.7482
 20
-81.96889999999999
 10
503.5482
 20
-81.96889999999999
  0
TEXT
  5
58A
330
17
100
AcDbEntity
  8
SOBRANTES-TEXTO
100
AcDbText
 10
503.64820000000003
 20
-82.5689
 30
0.0
 40
0.05
  1
PA-R-029
 72
1
 11
503.64820000000003
 21
-82.5689
 31
0.0
100
AcDbText
 73
2
  0
LWPOLYLINE
  5
58B
330
17
100
AcDbEntity
  8
SOBRANTES-MAPA
100
AcDbPolyline
 90
4
 70
1
 10
503.1462
 20
-83.1689
 10
503.3462
 20
-83.1689
 10
503.3462
 20
-81.96889999999999
 10
503.1462
 20
-81.96889999999999
  0
LWPOLYLINE
  5
58C
330
17
100
AcDbEntity
  8
SOBRANTES-RECORTE
100
AcDbPolyline
 90
4
 70
1
 10
503.1462
 20
-82.09049999999999
 10
503.3462
 20
-82.09049999999999
 10
503.3462
 20
-81.96889999999999
 10
503.1462
 20
-81.96889999999999
  0
TEXT
  5
58D
330
17
100
AcDbEntity
  8
SOBRANTES-TEXTO
100
AcDbText
 10
503.24620000000004
 20
-82.5689
 30
0.0
 40
0.05
  1
PA-R-028
 72
1
 11
503.24620000000004
 21
-82.5689
 31
0.0
100
AcDbText
 73
2
  0
LWPOLYLINE
  5
58E
330
17
100
AcDbEntity
  8
SOBRANTES-MAPA
100
AcDbPolyline
 90
4
 70
1
 10
502.7442
 20
-83.1689
 10
502.94419999999997
 20
-83.1689
 10
502.94419999999997
 20
-81.96889999999999
 10
502.7442
 20
-81.96889999999999
  0
LWPOLYLINE
  5
58F
330
17
100
AcDbEntity
  8
SOBRANTES-RECORTE
100
AcDbPolyline
 90
4
 70
1
 10
502.7442
 20
-82.09049999999999
 10
502.94419999999997
 20
-82.09049999999999
 10
502.94419999999997
 20
-81.96889999999999
 10
502.7442
 20
-81.96889999999999
  0
TEXT
  5
590
330
17
100
AcDbEntity
  8
SOBRANTES-TEXTO
100
AcDbText
 10
502.8442
 20
-82.5689
 30
0.0
 40
0.05
  1
PA-R-027
 72
1
 11
502.8442
 21
-82.5689
 31
0.0
100
AcDbText
 73
2
  0
LWPOLYLINE
  5
591
330
17
100
AcDbEntity
  8
SOBRANTES-MAPA
100
AcDbPolyline
 90
4
 70
1
 10
499.75120000000004
 20
-85.5099
 10
499.95120000000003
 20
-85.5099
 10
499.95120000000003
 20
-84.3099
 10
499.75120000000004
 20
-84.3099
  0
LWPOLYLINE
  5
592
330
17
100
AcDbEntity
  8
SOBRANTES-RECORTE
100
AcDbPolyline
 90
4
 70
1
 10
499.75120000000004
 20
-85.5099
 10
499.77420000000006
 20
-85.5099
 10
499.77420000000006
 20
-84.3099
 10
499.75120000000004
 20
-84.3099
  0
TEXT
  5
593
330
17
100
AcDbEntity
  8
SOBRANTES-TEXTO
100
AcDbText
 10
499.85120000000006
 20
-84.90990000000001
 30
0.0
 40
0.05
  1
PA-R-111
 72
1
 11
499.85120000000006
 21
-84.90990000000001
 31
0.0
100
AcDbText
 73
2
  0
LWPOLYLINE
  5
594
330
17
100
AcDbEntity
  8
SOBRANTES-MAPA
100
AcDbPolyline
 90
4
 70
1
 10
499.75120000000004
 20
-84.3089
 10
499.95120000000003
 20
-84.3089
 10
499.95120000000003
 20
-83.10889999999999
 10
499.75120000000004
 20
-83.10889999999999
  0
LWPOLYLINE
  5
595
330
17
100
AcDbEntity
  8
SOBRANTES-RECORTE
100
AcDbPolyline
 90
4
 70
1
 10
499.75120000000004
 20
-84.3089
 10
499.77420000000006
 20
-84.3089
 10
499.77420000000006
 20
-83.10889999999999
 10
499.75120000000004
 20
-83.10889999999999
  0
TEXT
  5
596
330
17
100
AcDbEntity
  8
SOBRANTES-TEXTO
100
AcDbText
 10
499.85120000000006
 20
-83.7089
 30
0.0
 40
0.05
  1
PA-R-059
 72
1
 11
499.85120000000006
 21
-83.7089
 31
0.0
100
AcDbText
 73
2
  0
LWPOLYLINE
  5
597
330
17
100
AcDbEntity
  8
SOBRANTES-MAPA
100
AcDbPolyline
 90
4
 70
1
 10
502.1632
 20
-86.5604
 10
502.3632
 20
-86.5604
 10
502.3632
 20
-85.3604
 10
502.1632
 20
-85.3604
  0
LWPOLYLINE
  5
598
330
17
100
AcDbEntity
  8
SOBRANTES-RECORTE
100
AcDbPolyline
 90
4
 70
1
 10
502.1632
 20
-85.5109
 10
502.3632
 20
-85.5109
 10
502.3632
 20
-85.36040000000001
 10
502.1632
 20
-85.36040000000001
  0
TEXT
  5
599
330
17
100
AcDbEntity
  8
SOBRANTES-TEXTO
100
AcDbText
 10
502.26320000000004
 20
-85.9604
 30
0.0
 40
0.05
  1
PA-R-132
 72
1
 11
502.26320000000004
 21
-85.9604
 31
0.0
100
AcDbText
 73
2
  0
LWPOLYLINE
  5
59A
330
17
100
AcDbEntity
  8
SOBRANTES-MAPA
100
AcDbPolyline
 90
4
 70
1
 10
501.7612
 20
-86.5604
 10
501.96119999999996
 20
-86.5604
 10
501.96119999999996
 20
-85.3604
 10
501.7612
 20
-85.3604
  0
LWPOLYLINE
  5
59B
330
17
100
AcDbEntity
  8
SOBRANTES-RECORTE
100
AcDbPolyline
 90
4
 70
1
 10
501.7612
 20
-85.5109
 10
501.96119999999996
 20
-85.5109
 10
501.96119999999996
 20
-85.36040000000001
 10
501.7612
 20
-85.36040000000001
  0
TEXT
  5
59C
330
17
100
AcDbEntity
  8
SOBRANTES-TEXTO
100
AcDbText
 10
501.8612
 20
-85.9604
 30
0.0
 40
0.05
  1
PA-R-131
 72
1
 11
501.8612
 21
-85.9604
 31
0.0
100
AcDbText
 73
2
  0
LWPOLYLINE
  5
59D
330
17
100
AcDbEntity
  8
SOBRANTES-MAPA
100
AcDbPolyline
 90
4
 70
1
 10
501.3592
 20
-86.5604
 10
501.5592
 20
-86.5604
 10
501.5592
 20
-85.3604
 10
501.3592
 20
-85.3604
  0
LWPOLYLINE
  5
59E
330
17
100
AcDbEntity
  8
SOBRANTES-RECORTE
100
AcDbPolyline
 90
4
 70
1
 10
501.3592
 20
-85.5109
 10
501.5592
 20
-85.5109
 10
501.5592
 20
-85.36040000000001
 10
501.3592
 20
-85.36040000000001
  0
TEXT
  5
59F
330
17
100
AcDbEntity
  8
SOBRANTES-TEXTO
100
AcDbText
 10
501.4592
 20
-85.9604
 30
0.0
 40
0.05
  1
PA-R-130
 72
1
 11
501.4592
 21
-85.9604
 31
0.0
100
AcDbText
 73
2
  0
LWPOLYLINE
  5
5A0
330
17
100
AcDbEntity
  8
SOBRANTES-MAPA
100
AcDbPolyline
 90
4
 70
1
 10
500.9572
 20
-86.5604
 10
501.1572
 20
-86.5604
 10
501.1572
 20
-85.3604
 10
500.9572
 20
-85.3604
  0
LWPOLYLINE
  5
5A1
330
17
100
AcDbEntity
  8
SOBRANTES-RECORTE
100
AcDbPolyline
 90
4
 70
1
 10
500.9572
 20
-85.5109
 10
501.1572
 20
-85.5109
 10
501.1572
 20
-85.36040000000001
 10
500.9572
 20
-85.36040000000001
  0
TEXT
  5
5A2
330
17
100
AcDbEntity
  8
SOBRANTES-TEXTO
100
AcDbText
 10
501.0572
 20
-85.9604
 30
0.0
 40
0.05
  1
PA-R-129
 72
1
 11
501.0572
 21
-85.9604
 31
0.0
100
AcDbText
 73
2
  0
LWPOLYLINE
  5
5A3
330
17
100
AcDbEntity
  8
SOBRANTES-MAPA
100
AcDbPolyline
 90
4
 70
1
 10
500.5552
 20
-86.5604
 10
500.7552
 20
-86.5604
 10
500.7552
 20
-85.3604
 10
500.5552
 20
-85.3604
  0
LWPOLYLINE
  5
5A4
330
17
100
AcDbEntity
  8
SOBRANTES-RECORTE
100
AcDbPolyline
 90
4
 70
1
 10
500.5552
 20
-85.5109
 10
500.7552
 20
-85.5109
 10
500.7552
 20
-85.36040000000001
 10
500.5552
 20
-85.36040000000001
  0
TEXT
  5
5A5
330
17
100
AcDbEntity
  8
SOBRANTES-TEXTO
100
AcDbText
 10
500.65520000000004
 20
-85.9604
 30
0.0
 40
0.05
  1
PA-R-128
 72
1
 11
500.65520000000004
 21
-85.9604
 31
0.0
100
AcDbText
 73
2
  0
LWPOLYLINE
  5
5A6
330
17
100
AcDbEntity
  8
SOBRANTES-MAPA
100
AcDbPolyline
 90
4
 70
1
 10
500.1532
 20
-86.5604
 10
500.3532
 20
-86.5604
 10
500.3532
 20
-85.3604
 10
500.1532
 20
-85.3604
  0
LWPOLYLINE
  5
5A7
330
17
100
AcDbEntity
  8
SOBRANTES-RECORTE
100
AcDbPolyline
 90
4
 70
1
 10
500.1532
 20
-85.5109
 10
500.3532
 20
-85.5109
 10
500.3532
 20
-85.36040000000001
 10
500.1532
 20
-85.36040000000001
  0
TEXT
  5
5A8
330
17
100
AcDbEntity
  8
SOBRANTES-TEXTO
100
AcDbText
 10
500.25320000000005
 20
-85.9604
 30
0.0
 40
0.05
  1
PA-R-127
 72
1
 11
500.25320000000005
 21
-85.9604
 31
0.0
100
AcDbText
 73
2
  0
LWPOLYLINE
  5
5A9
330
17
100
AcDbEntity
  8
SOBRANTES-MAPA
100
AcDbPolyline
 90
4
 70
1
 10
496.16470000000004
 20
-91.5344
 10
496.76070000000004
 20
-91.5344
 10
496.76070000000004
 20
-90.3404
 10
496.16470000000004
 20
-90.3404
  0
LWPOLYLINE
  5
5AA
330
17
100
AcDbEntity
  8
SOBRANTES-RECORTE
100
AcDbPolyline
 90
4
 70
1
 10
496.16470000000004
 20
-91.4604
 10
496.5787
 20
-91.4604
 10
496.5787
 20
-90.3404
 10
496.16470000000004
 20
-90.3404
  0
LWPOLYLINE
  5
5AB
330
17
100
AcDbEntity
  8
SOBRANTES-RECORTE
100
AcDbPolyline
 90
4
 70
1
 10
496.5787
 20
-91.5344
 10
496.76070000000004
 20
-91.5344
 10
496.76070000000004
 20
-91.4604
 10
496.5787
 20
-91.4604
  0
TEXT
  5
5AC
330
17
100
AcDbEntity
  8
SOBRANTES-TEXTO
100
AcDbText
 10
496.46270000000004
 20
-90.93740000000001
 30
0.0
 40
0.05
  1
PB-M-122
 72
1
 11
496.46270000000004
 21
-90.93740000000001
 31
0.0
100
AcDbText
 73
2
  0
LWPOLYLINE
  5
5AD
330
17
100
AcDbEntity
  8
SOBRANTES-MAPA
100
AcDbPolyline
 90
4
 70
1
 10
500.1532
 20
-83.1079
 10
500.3532
 20
-83.1079
 10
500.3532
 20
-81.9079
 10
500.1532
 20
-81.9079
  0
LWPOLYLINE
  5
5AE
330
17
100
AcDbEntity
  8
SOBRANTES-RECORTE
100
AcDbPolyline
 90
4
 70
1
 10
500.1532
 20
-82.0907
 10
500.3532
 20
-82.0907
 10
500.3532
 20
-81.9079
 10
500.1532
 20
-81.9079
  0
TEXT
  5
5AF
330
17
100
AcDbEntity
  8
SOBRANTES-TEXTO
100
AcDbText
 10
500.25320000000005
 20
-82.5079
 30
0.0
 40
0.05
  1
PA-R-021
 72
1
 11
500.25320000000005
 21
-82.5079
 31
0.0
100
AcDbText
 73
2
  0
LWPOLYLINE
  5
5B0
330
17
100
AcDbEntity
  8
SOBRANTES-MAPA
100
AcDbPolyline
 90
4
 70
1
 10
500.5552
 20
-83.1079
 10
500.7552
 20
-83.1079
 10
500.7552
 20
-81.9079
 10
500.5552
 20
-81.9079
  0
LWPOLYLINE
  5
5B1
330
17
100
AcDbEntity
  8
SOBRANTES-RECORTE
100
AcDbPolyline
 90
4
 70
1
 10
500.5552
 20
-82.091
 10
500.7552
 20
-82.091
 10
500.7552
 20
-81.9079
 10
500.5552
 20
-81.9079
  0
TEXT
  5
5B2
330
17
100
AcDbEntity
  8
SOBRANTES-TEXTO
100
AcDbText
 10
500.65520000000004
 20
-82.5079
 30
0.0
 40
0.05
  1
PA-R-022
 72
1
 11
500.65520000000004
 21
-82.5079
 31
0.0
100
AcDbText
 73
2
  0
LWPOLYLINE
  5
5B3
330
17
100
AcDbEntity
  8
SOBRANTES-MAPA
100
AcDbPolyline
 90
4
 70
1
 10
500.9572
 20
-83.1079
 10
501.1572
 20
-83.1079
 10
501.1572
 20
-81.9079
 10
500.9572
 20
-81.9079
  0
LWPOLYLINE
  5
5B4
330
17
100
AcDbEntity
  8
SOBRANTES-RECORTE
100
AcDbPolyline
 90
4
 70
1
 10
500.9572
 20
-82.0913
 10
501.1572
 20
-82.0913
 10
501.1572
 20
-81.9079
 10
500.9572
 20
-81.9079
  0
TEXT
  5
5B5
330
17
100
AcDbEntity
  8
SOBRANTES-TEXTO
100
AcDbText
 10
501.0572
 20
-82.5079
 30
0.0
 40
0.05
  1
PA-R-023
 72
1
 11
501.0572
 21
-82.5079
 31
0.0
100
AcDbText
 73
2
  0
LWPOLYLINE
  5
5B6
330
17
100
AcDbEntity
  8
SOBRANTES-MAPA
100
AcDbPolyline
 90
4
 70
1
 10
501.3592
 20
-83.1079
 10
501.5592
 20
-83.1079
 10
501.5592
 20
-81.9079
 10
501.3592
 20
-81.9079
  0
LWPOLYLINE
  5
5B7
330
17
100
AcDbEntity
  8
SOBRANTES-RECORTE
100
AcDbPolyline
 90
4
 70
1
 10
501.3592
 20
-82.0916
 10
501.5592
 20
-82.0916
 10
501.5592
 20
-81.9079
 10
501.3592
 20
-81.9079
  0
TEXT
  5
5B8
330
17
100
AcDbEntity
  8
SOBRANTES-TEXTO
100
AcDbText
 10
501.4592
 20
-82.5079
 30
0.0
 40
0.05
  1
PA-R-024
 72
1
 11
501.4592
 21
-82.5079
 31
0.0
100
AcDbText
 73
2
  0
LWPOLYLINE
  5
5B9
330
17
100
AcDbEntity
  8
SOBRANTES-MAPA
100
AcDbPolyline
 90
4
 70
1
 10
501.7612
 20
-83.1079
 10
501.96119999999996
 20
-83.1079
 10
501.96119999999996
 20
-81.9079
 10
501.7612
 20
-81.9079
  0
LWPOLYLINE
  5
5BA
330
17
100
AcDbEntity
  8
SOBRANTES-RECORTE
100
AcDbPolyline
 90
4
 70
1
 10
501.7612
 20
-82.0919
 10
501.96119999999996
 20
-82.0919
 10
501.96119999999996
 20
-81.9079
 10
501.7612
 20
-81.9079
  0
TEXT
  5
5BB
330
17
100
AcDbEntity
  8
SOBRANTES-TEXTO
100
AcDbText
 10
501.8612
 20
-82.5079
 30
0.0
 40
0.05
  1
PA-R-025
 72
1
 11
501.8612
 21
-82.5079
 31
0.0
100
AcDbText
 73
2
  0
LWPOLYLINE
  5
5BC
330
17
100
AcDbEntity
  8
SOBRANTES-MAPA
100
AcDbPolyline
 90
4
 70
1
 10
502.1632
 20
-83.1079
 10
502.3632
 20
-83.1079
 10
502.3632
 20
-81.9079
 10
502.1632
 20
-81.9079
  0
LWPOLYLINE
  5
5BD
330
17
100
AcDbEntity
  8
SOBRANTES-RECORTE
100
AcDbPolyline
 90
4
 70
1
 10
502.1632
 20
-82.0922
 10
502.3632
 20
-82.0922
 10
502.3632
 20
-81.90790000000001
 10
502.1632
 20
-81.90790000000001
  0
TEXT
  5
5BE
330
17
100
AcDbEntity
  8
SOBRANTES-TEXTO
100
AcDbText
 10
502.26320000000004
 20
-82.5079
 30
0.0
 40
0.05
  1
PA-R-026
 72
1
 11
502.26320000000004
 21
-82.5079
 31
0.0
100
AcDbText
 73
2
  0
LWPOLYLINE
  5
5BF
330
17
100
AcDbEntity
  8
SOBRANTES-MAPA
100
AcDbPolyline
 90
4
 70
1
 10
495.5627
 20
-89.1284
 10
496.1587
 20
-89.1284
 10
496.1587
 20
-87.9344
 10
495.5627
 20
-87.9344
  0
LWPOLYLINE
  5
5C0
330
17
100
AcDbEntity
  8
SOBRANTES-RECORTE
100
AcDbPolyline
 90
4
 70
1
 10
495.5627
 20
-88.5234
 10
495.8287
 20
-88.5234
 10
495.8287
 20
-87.9344
 10
495.5627
 20
-87.9344
  0
LWPOLYLINE
  5
5C1
330
17
100
AcDbEntity
  8
SOBRANTES-RECORTE
100
AcDbPolyline
 90
4
 70
1
 10
495.8287
 20
-89.1284
 10
496.1587
 20
-89.1284
 10
496.1587
 20
-88.5234
 10
495.8287
 20
-88.5234
  0
TEXT
  5
5C2
330
17
100
AcDbEntity
  8
SOBRANTES-TEXTO
100
AcDbText
 10
495.8607
 20
-88.5314
 30
0.0
 40
0.05
  1
PB-M-088
 72
1
 11
495.8607
 21
-88.5314
 31
0.0
100
AcDbText
 73
2
  0
LWPOLYLINE
  5
5C3
330
17
100
AcDbEntity
  8
SOBRANTES-MAPA
100
AcDbPolyline
 90
4
 70
1
 10
494.961
 20
-92.714
 10
495.557
 20
-92.714
 10
495.557
 20
-91.52
 10
494.961
 20
-91.52
  0
LWPOLYLINE
  5
5C4
330
17
100
AcDbEntity
  8
SOBRANTES-RECORTE
100
AcDbPolyline
 90
4
 70
1
 10
494.961
 20
-92.5304
 10
495.389
 20
-92.5304
 10
495.389
 20
-91.52
 10
494.961
 20
-91.52
  0
LWPOLYLINE
  5
5C5
330
17
100
AcDbEntity
  8
SOBRANTES-RECORTE
100
AcDbPolyline
 90
4
 70
1
 10
495.389
 20
-92.714
 10
495.557
 20
-92.714
 10
495.557
 20
-92.5304
 10
495.389
 20
-92.5304
  0
TEXT
  5
5C6
330
17
100
AcDbEntity
  8
SOBRANTES-TEXTO
100
AcDbText
 10
495.259
 20
-92.117
 30
0.0
 40
0.05
  1
PB-M-139
 72
1
 11
495.259
 21
-92.117
 31
0.0
100
AcDbText
 73
2
  0
LWPOLYLINE
  5
5C7
330
17
100
AcDbEntity
  8
SOBRANTES-MAPA
100
AcDbPolyline
 90
4
 70
1
 10
499.75120000000004
 20
-86.5604
 10
499.95120000000003
 20
-86.5604
 10
499.95120000000003
 20
-85.3604
 10
499.75120000000004
 20
-85.3604
  0
LWPOLYLINE
  5
5C8
330
17
100
AcDbEntity
  8
SOBRANTES-RECORTE
100
AcDbPolyline
 90
4
 70
1
 10
499.75120000000004
 20
-86.5604
 10
499.77420000000006
 20
-86.5604
 10
499.77420000000006
 20
-85.5109
 10
499.75120000000004
 20
-85.5109
  0
LWPOLYLINE
  5
5C9
330
17
100
AcDbEntity
  8
SOBRANTES-RECORTE
100
AcDbPolyline
 90
4
 70
1
 10
499.7742
 20
-85.5109
 10
499.95120000000003
 20
-85.5109
 10
499.95120000000003
 20
-85.36040000000001
 10
499.7742
 20
-85.36040000000001
  0
TEXT
  5
5CA
330
17
100
AcDbEntity
  8
SOBRANTES-TEXTO
100
AcDbText
 10
499.85120000000006
 20
-85.9604
 30
0.0
 40
0.05
  1
PA-R-126
 72
1
 11
499.85120000000006
 21
-85.9604
 31
0.0
100
AcDbText
 73
2
  0
LWPOLYLINE
  5
5CB
330
17
100
AcDbEntity
  8
SOBRANTES-MAPA
100
AcDbPolyline
 90
4
 70
1
 10
505.0662
 20
-86.5604
 10
505.6642
 20
-86.5604
 10
505.6642
 20
-85.3664
 10
505.0662
 20
-85.3664
  0
LWPOLYLINE
  5
5CC
330
17
100
AcDbEntity
  8
SOBRANTES-RECORTE
100
AcDbPolyline
 90
4
 70
1
 10
505.0662
 20
-86.2564
 10
505.6642
 20
-86.2564
 10
505.6642
 20
-85.3664
 10
505.0662
 20
-85.3664
  0
TEXT
  5
5CD
330
17
100
AcDbEntity
  8
SOBRANTES-TEXTO
100
AcDbText
 10
505.36519999999996
 20
-85.96340000000001
 30
0.0
 40
0.05
  1
PA-M-013
 72
1
 11
505.36519999999996
 21
-85.96340000000001
 31
0.0
100
AcDbText
 73
2
  0
LWPOLYLINE
  5
5CE
330
17
100
AcDbEntity
  8
SOBRANTES-MAPA
100
AcDbPolyline
 90
4
 70
1
 10
505.6662
 20
-86.5604
 10
506.2642
 20
-86.5604
 10
506.2642
 20
-85.3664
 10
505.6662
 20
-85.3664
  0
LWPOLYLINE
  5
5CF
330
17
100
AcDbEntity
  8
SOBRANTES-RECORTE
100
AcDbPolyline
 90
4
 70
1
 10
505.6662
 20
-86.2564
 10
506.2642
 20
-86.2564
 10
506.2642
 20
-85.3664
 10
505.6662
 20
-85.3664
  0
TEXT
  5
5D0
330
17
100
AcDbEntity
  8
SOBRANTES-TEXTO
100
AcDbText
 10
505.9652
 20
-85.96340000000001
 30
0.0
 40
0.05
  1
PA-M-014
 72
1
 11
505.9652
 21
-85.96340000000001
 31
0.0
100
AcDbText
 73
2
  0
LWPOLYLINE
  5
5D1
330
17
100
AcDbEntity
  8
SOBRANTES-MAPA
100
AcDbPolyline
 90
4
 70
1
 10
499.75120000000004
 20
-83.1079
 10
499.95120000000003
 20
-83.1079
 10
499.95120000000003
 20
-81.9079
 10
499.75120000000004
 20
-81.9079
  0
LWPOLYLINE
  5
5D2
330
17
100
AcDbEntity
  8
SOBRANTES-RECORTE
100
AcDbPolyline
 90
4
 70
1
 10
499.75120000000004
 20
-83.1079
 10
499.77420000000006
 20
-83.1079
 10
499.77420000000006
 20
-82.0906
 10
499.75120000000004
 20
-82.0906
  0
LWPOLYLINE
  5
5D3
330
17
100
AcDbEntity
  8
SOBRANTES-RECORTE
100
AcDbPolyline
 90
4
 70
1
 10
499.7742
 20
-82.0906
 10
499.95120000000003
 20
-82.0906
 10
499.95120000000003
 20
-81.9079
 10
499.7742
 20
-81.9079
  0
TEXT
  5
5D4
330
17
100
AcDbEntity
  8
SOBRANTES-TEXTO
100
AcDbText
 10
499.85120000000006
 20
-82.5079
 30
0.0
 40
0.05
  1
PA-R-020
 72
1
 11
499.85120000000006
 21
-82.5079
 31
0.0
100
AcDbText
 73
2
  0
LWPOLYLINE
  5
5D5
330
17
100
AcDbEntity
  8
SOBRANTES-MAPA
100
AcDbPolyline
 90
4
 70
1
 10
504.5242
 20
-86.5604
 10
505.1202
 20
-86.5604
 10
505.1202
 20
-85.3664
 10
504.5242
 20
-85.3664
  0
LWPOLYLINE
  5
5D6
330
17
100
AcDbEntity
  8
SOBRANTES-RECORTE
100
AcDbPolyline
 90
4
 70
1
 10
505.0642
 20
-86.5604
 10
505.1202
 20
-86.5604
 10
505.1202
 20
-86.2564
 10
505.0642
 20
-86.2564
  0
LWPOLYLINE
  5
5D7
330
17
100
AcDbEntity
  8
SOBRANTES-RECORTE
100
AcDbPolyline
 90
4
 70
1
 10
504.5242
 20
-86.2564
 10
505.0642
 20
-86.2564
 10
505.0642
 20
-85.3664
 10
504.5242
 20
-85.3664
  0
TEXT
  5
5D8
330
17
100
AcDbEntity
  8
SOBRANTES-TEXTO
100
AcDbText
 10
504.8222
 20
-85.96340000000001
 30
0.0
 40
0.05
  1
PA-M-012
 72
1
 11
504.8222
 21
-85.96340000000001
 31
0.0
100
AcDbText
 73
2
  0
LWPOLYLINE
  5
5D9
330
17
100
AcDbEntity
  8
SOBRANTES-MAPA
100
AcDbPolyline
 90
4
 70
1
 10
494.3587
 20
-89.7194
 10
494.9547
 20
-89.7194
 10
494.9547
 20
-88.52539999999999
 10
494.3587
 20
-88.52539999999999
  0
LWPOLYLINE
  5
5DA
330
17
100
AcDbEntity
  8
SOBRANTES-RECORTE
100
AcDbPolyline
 90
4
 70
1
 10
494.3587
 20
-89.7194
 10
494.8187
 20
-89.7194
 10
494.8187
 20
-88.52539999999999
 10
494.3587
 20
-88.52539999999999
  0
TEXT
  5
5DB
330
17
100
AcDbEntity
  8
SOBRANTES-TEXTO
100
AcDbText
 10
494.6567
 20
-89.1224
 30
0.0
 40
0.05
  1
PB-M-099
 72
1
 11
494.6567
 21
-89.1224
 31
0.0
100
AcDbText
 73
2
  0
LWPOLYLINE
  5
5DC
330
17
100
AcDbEntity
  8
SOBRANTES-MAPA
100
AcDbPolyline
 90
4
 70
1
 10
497.0427
 20
-90.9154
 10
497.63870000000003
 20
-90.9154
 10
497.63870000000003
 20
-89.7214
 10
497.0427
 20
-89.7214
  0
LWPOLYLINE
  5
5DD
330
17
100
AcDbEntity
  8
SOBRANTES-RECORTE
100
AcDbPolyline
 90
4
 70
1
 10
497.0427
 20
-90.1604
 10
497.3647
 20
-90.1604
 10
497.3647
 20
-89.7214
 10
497.0427
 20
-89.7214
  0
LWPOLYLINE
  5
5DE
330
17
100
AcDbEntity
  8
SOBRANTES-RECORTE
100
AcDbPolyline
 90
4
 70
1
 10
497.3647
 20
-90.9154
 10
497.63870000000003
 20
-90.9154
 10
497.63870000000003
 20
-90.16040000000001
 10
497.3647
 20
-90.16040000000001
  0
TEXT
  5
5DF
330
17
100
AcDbEntity
  8
SOBRANTES-TEXTO
100
AcDbText
 10
497.3407
 20
-90.31840000000001
 30
0.0
 40
0.05
  1
PB-M-119
 72
1
 11
497.3407
 21
-90.31840000000001
 31
0.0
100
AcDbText
 73
2
  0
LWPOLYLINE
  5
5E0
330
17
100
AcDbEntity
  8
SOBRANTES-MAPA
100
AcDbPolyline
 90
4
 70
1
 10
503.548
 20
-84.969
 10
503.748
 20
-84.969
 10
503.748
 20
-83.76899999999999
 10
503.548
 20
-83.76899999999999
  0
LWPOLYLINE
  5
5E1
330
17
100
AcDbEntity
  8
SOBRANTES-RECORTE
100
AcDbPolyline
 90
4
 70
1
 10
503.548
 20
-84.371
 10
503.748
 20
-84.371
 10
503.748
 20
-83.76899999999999
 10
503.548
 20
-83.76899999999999
  0
TEXT
  5
5E2
330
17
100
AcDbEntity
  8
SOBRANTES-TEXTO
100
AcDbText
 10
503.648
 20
-84.369
 30
0.0
 40
0.05
  1
PA-R-108
 72
1
 11
503.648
 21
-84.369
 31
0.0
100
AcDbText
 73
2
  0
LWPOLYLINE
  5
5E3
330
17
100
AcDbEntity
  8
SOBRANTES-MAPA
100
AcDbPolyline
 90
4
 70
1
 10
503.1462
 20
-84.9704
 10
503.3462
 20
-84.9704
 10
503.3462
 20
-83.7704
 10
503.1462
 20
-83.7704
  0
LWPOLYLINE
  5
5E4
330
17
100
AcDbEntity
  8
SOBRANTES-RECORTE
100
AcDbPolyline
 90
4
 70
1
 10
503.1462
 20
-84.37089999999999
 10
503.3462
 20
-84.37089999999999
 10
503.3462
 20
-83.7704
 10
503.1462
 20
-83.7704
  0
TEXT
  5
5E5
330
17
100
AcDbEntity
  8
SOBRANTES-TEXTO
100
AcDbText
 10
503.24620000000004
 20
-84.3704
 30
0.0
 40
0.05
  1
PA-R-110
 72
1
 11
503.24620000000004
 21
-84.3704
 31
0.0
100
AcDbText
 73
2
  0
LWPOLYLINE
  5
5E6
330
17
100
AcDbEntity
  8
SOBRANTES-MAPA
100
AcDbPolyline
 90
4
 70
1
 10
502.7442
 20
-84.9704
 10
502.94419999999997
 20
-84.9704
 10
502.94419999999997
 20
-83.7704
 10
502.7442
 20
-83.7704
  0
LWPOLYLINE
  5
5E7
330
17
100
AcDbEntity
  8
SOBRANTES-RECORTE
100
AcDbPolyline
 90
4
 70
1
 10
502.7442
 20
-84.37089999999999
 10
502.94419999999997
 20
-84.37089999999999
 10
502.94419999999997
 20
-83.7704
 10
502.7442
 20
-83.7704
  0
TEXT
  5
5E8
330
17
100
AcDbEntity
  8
SOBRANTES-TEXTO
100
AcDbText
 10
502.8442
 20
-84.3704
 30
0.0
 40
0.05
  1
PA-R-109
 72
1
 11
502.8442
 21
-84.3704
 31
0.0
100
AcDbText
 73
2
  0
LWPOLYLINE
  5
5E9
330
17
100
AcDbEntity
  8
SOBRANTES-MAPA
100
AcDbPolyline
 90
4
 70
1
 10
505.9332
 20
-91.0214
 10
506.1332
 20
-91.0214
 10
506.1332
 20
-89.8214
 10
505.9332
 20
-89.8214
  0
LWPOLYLINE
  5
5EA
330
17
100
AcDbEntity
  8
SOBRANTES-RECORTE
100
AcDbPolyline
 90
4
 70
1
 10
505.9332
 20
-91.0214
 10
506.1332
 20
-91.0214
 10
506.1332
 20
-90.4209
 10
505.9332
 20
-90.4209
  0
TEXT
  5
5EB
330
17
100
AcDbEntity
  8
SOBRANTES-TEXTO
100
AcDbText
 10
506.0332
 20
-90.4214
 30
0.0
 40
0.05
  1
PA-R-142
 72
1
 11
506.0332
 21
-90.4214
 31
0.0
100
AcDbText
 73
2
  0
LWPOLYLINE
  5
5EC
330
17
100
AcDbEntity
  8
SOBRANTES-MAPA
100
AcDbPolyline
 90
4
 70
1
 10
505.5312
 20
-91.0214
 10
505.7312
 20
-91.0214
 10
505.7312
 20
-89.8214
 10
505.5312
 20
-89.8214
  0
LWPOLYLINE
  5
5ED
330
17
100
AcDbEntity
  8
SOBRANTES-RECORTE
100
AcDbPolyline
 90
4
 70
1
 10
505.5312
 20
-91.0214
 10
505.7312
 20
-91.0214
 10
505.7312
 20
-90.4209
 10
505.5312
 20
-90.4209
  0
TEXT
  5
5EE
330
17
100
AcDbEntity
  8
SOBRANTES-TEXTO
100
AcDbText
 10
505.63120000000004
 20
-90.4214
 30
0.0
 40
0.05
  1
PA-R-141
 72
1
 11
505.63120000000004
 21
-90.4214
 31
0.0
100
AcDbText
 73
2
  0
LWPOLYLINE
  5
5EF
330
17
100
AcDbEntity
  8
SOBRANTES-MAPA
100
AcDbPolyline
 90
4
 70
1
 10
505.1292
 20
-91.0214
 10
505.3292
 20
-91.0214
 10
505.3292
 20
-89.8214
 10
505.1292
 20
-89.8214
  0
LWPOLYLINE
  5
5F0
330
17
100
AcDbEntity
  8
SOBRANTES-RECORTE
100
AcDbPolyline
 90
4
 70
1
 10
505.1292
 20
-91.0214
 10
505.3292
 20
-91.0214
 10
505.3292
 20
-90.4209
 10
505.1292
 20
-90.4209
  0
TEXT
  5
5F1
330
17
100
AcDbEntity
  8
SOBRANTES-TEXTO
100
AcDbText
 10
505.22920000000005
 20
-90.4214
 30
0.0
 40
0.05
  1
PA-R-140
 72
1
 11
505.22920000000005
 21
-90.4214
 31
0.0
100
AcDbText
 73
2
  0
LWPOLYLINE
  5
5F2
330
17
100
AcDbEntity
  8
SOBRANTES-MAPA
100
AcDbPolyline
 90
4
 70
1
 10
506.2662
 20
-86.5604
 10
506.86220000000003
 20
-86.5604
 10
506.86220000000003
 20
-85.3664
 10
506.2662
 20
-85.3664
  0
LWPOLYLINE
  5
5F3
330
17
100
AcDbEntity
  8
SOBRANTES-RECORTE
100
AcDbPolyline
 90
4
 70
1
 10
506.61420000000004
 20
-86.5604
 10
506.86220000000003
 20
-86.5604
 10
506.86220000000003
 20
-86.2564
 10
506.61420000000004
 20
-86.2564
  0
LWPOLYLINE
  5
5F4
330
17
100
AcDbEntity
  8
SOBRANTES-RECORTE
100
AcDbPolyline
 90
4
 70
1
 10
506.2662
 20
-86.2564
 10
506.61420000000004
 20
-86.2564
 10
506.61420000000004
 20
-85.3664
 10
506.2662
 20
-85.3664
  0
TEXT
  5
5F5
330
17
100
AcDbEntity
  8
SOBRANTES-TEXTO
100
AcDbText
 10
506.5642
 20
-85.96340000000001
 30
0.0
 40
0.05
  1
PA-M-015
 72
1
 11
506.5642
 21
-85.96340000000001
 31
0.0
100
AcDbText
 73
2
  0
LWPOLYLINE
  5
5F6
330
17
100
AcDbEntity
  8
SOBRANTES-MAPA
100
AcDbPolyline
 90
4
 70
1
 10
507.5412
 20
-91.11040000000001
 10
507.7412
 20
-91.11040000000001
 10
507.7412
 20
-89.91040000000001
 10
507.5412
 20
-89.91040000000001
  0
LWPOLYLINE
  5
5F7
330
17
100
AcDbEntity
  8
SOBRANTES-RECORTE
100
AcDbPolyline
 90
4
 70
1
 10
507.5412
 20
-91.11040000000001
 10
507.7412
 20
-91.11040000000001
 10
507.7412
 20
-90.42090000000002
 10
507.5412
 20
-90.42090000000002
  0
TEXT
  5
5F8
330
17
100
AcDbEntity
  8
SOBRANTES-TEXTO
100
AcDbText
 10
507.6412
 20
-90.51040000000002
 30
0.0
 40
0.05
  1
PA-R-148
 72
1
 11
507.6412
 21
-90.51040000000002
 31
0.0
100
AcDbText
 73
2
  0
LWPOLYLINE
  5
5F9
330
17
100
AcDbEntity
  8
SOBRANTES-MAPA
100
AcDbPolyline
 90
4
 70
1
 10
507.1392
 20
-91.11040000000001
 10
507.3392
 20
-91.11040000000001
 10
507.3392
 20
-89.91040000000001
 10
507.1392
 20
-89.91040000000001
  0
LWPOLYLINE
  5
5FA
330
17
100
AcDbEntity
  8
SOBRANTES-RECORTE
100
AcDbPolyline
 90
4
 70
1
 10
507.1392
 20
-91.11040000000001
 10
507.3392
 20
-91.11040000000001
 10
507.3392
 20
-90.42090000000002
 10
507.1392
 20
-90.42090000000002
  0
TEXT
  5
5FB
330
17
100
AcDbEntity
  8
SOBRANTES-TEXTO
100
AcDbText
 10
507.23920000000004
 20
-90.51040000000002
 30
0.0
 40
0.05
  1
PA-R-147
 72
1
 11
507.23920000000004
 21
-90.51040000000002
 31
0.0
100
AcDbText
 73
2
  0
LWPOLYLINE
  5
5FC
330
17
100
AcDbEntity
  8
SOBRANTES-MAPA
100
AcDbPolyline
 90
4
 70
1
 10
506.7372
 20
-91.11040000000001
 10
506.93719999999996
 20
-91.11040000000001
 10
506.93719999999996
 20
-89.91040000000001
 10
506.7372
 20
-89.91040000000001
  0
LWPOLYLINE
  5
5FD
330
17
100
AcDbEntity
  8
SOBRANTES-RECORTE
100
AcDbPolyline
 90
4
 70
1
 10
506.7372
 20
-91.11040000000001
 10
506.93719999999996
 20
-91.11040000000001
 10
506.93719999999996
 20
-90.42090000000002
 10
506.7372
 20
-90.42090000000002
  0
TEXT
  5
5FE
330
17
100
AcDbEntity
  8
SOBRANTES-TEXTO
100
AcDbText
 10
506.8372
 20
-90.51040000000002
 30
0.0
 40
0.05
  1
PA-R-146
 72
1
 11
506.8372
 21
-90.51040000000002
 31
0.0
100
AcDbText
 73
2
  0
LWPOLYLINE
  5
5FF
330
17
100
AcDbEntity
  8
SOBRANTES-MAPA
100
AcDbPolyline
 90
4
 70
1
 10
506.3352
 20
-91.11040000000001
 10
506.5352
 20
-91.11040000000001
 10
506.5352
 20
-89.91040000000001
 10
506.3352
 20
-89.91040000000001
  0
LWPOLYLINE
  5
600
330
17
100
AcDbEntity
  8
SOBRANTES-RECORTE
100
AcDbPolyline
 90
4
 70
1
 10
506.3352
 20
-91.11040000000001
 10
506.5352
 20
-91.11040000000001
 10
506.5352
 20
-90.42090000000002
 10
506.3352
 20
-90.42090000000002
  0
TEXT
  5
601
330
17
100
AcDbEntity
  8
SOBRANTES-TEXTO
100
AcDbText
 10
506.4352
 20
-90.51040000000002
 30
0.0
 40
0.05
  1
PA-R-145
 72
1
 11
506.4352
 21
-90.51040000000002
 31
0.0
100
AcDbText
 73
2
  0
LWPOLYLINE
  5
602
330
17
100
AcDbEntity
  8
SOBRANTES-MAPA
100
AcDbPolyline
 90
4
 70
1
 10
504.7272
 20
-91.11040000000001
 10
504.92719999999997
 20
-91.11040000000001
 10
504.92719999999997
 20
-89.91040000000001
 10
504.7272
 20
-89.91040000000001
  0
LWPOLYLINE
  5
603
330
17
100
AcDbEntity
  8
SOBRANTES-RECORTE
100
AcDbPolyline
 90
4
 70
1
 10
504.7272
 20
-91.11040000000001
 10
504.92719999999997
 20
-91.11040000000001
 10
504.92719999999997
 20
-90.42090000000002
 10
504.7272
 20
-90.42090000000002
  0
TEXT
  5
604
330
17
100
AcDbEntity
  8
SOBRANTES-TEXTO
100
AcDbText
 10
504.8272
 20
-90.51040000000002
 30
0.0
 40
0.05
  1
PA-R-144
 72
1
 11
504.8272
 21
-90.51040000000002
 31
0.0
100
AcDbText
 73
2
  0
LWPOLYLINE
  5
605
330
17
100
AcDbEntity
  8
SOBRANTES-MAPA
100
AcDbPolyline
 90
4
 70
1
 10
504.3252
 20
-91.11040000000001
 10
504.5252
 20
-91.11040000000001
 10
504.5252
 20
-89.91040000000001
 10
504.3252
 20
-89.91040000000001
  0
LWPOLYLINE
  5
606
330
17
100
AcDbEntity
  8
SOBRANTES-RECORTE
100
AcDbPolyline
 90
4
 70
1
 10
504.3252
 20
-91.11040000000001
 10
504.5252
 20
-91.11040000000001
 10
504.5252
 20
-90.42090000000002
 10
504.3252
 20
-90.42090000000002
  0
TEXT
  5
607
330
17
100
AcDbEntity
  8
SOBRANTES-TEXTO
100
AcDbText
 10
504.4252
 20
-90.51040000000002
 30
0.0
 40
0.05
  1
PA-R-143
 72
1
 11
504.4252
 21
-90.51040000000002
 31
0.0
100
AcDbText
 73
2
  0
LWPOLYLINE
  5
608
330
17
100
AcDbEntity
  8
SOBRANTES-MAPA
100
AcDbPolyline
 90
4
 70
1
 10
507.5682
 20
-84.8804
 10
507.7682
 20
-84.8804
 10
507.7682
 20
-83.68039999999999
 10
507.5682
 20
-83.68039999999999
  0
LWPOLYLINE
  5
609
330
17
100
AcDbEntity
  8
SOBRANTES-RECORTE
100
AcDbPolyline
 90
4
 70
1
 10
507.5682
 20
-84.37079999999999
 10
507.7682
 20
-84.37079999999999
 10
507.7682
 20
-83.68039999999999
 10
507.5682
 20
-83.68039999999999
  0
TEXT
  5
60A
330
17
100
AcDbEntity
  8
SOBRANTES-TEXTO
100
AcDbText
 10
507.6682
 20
-84.2804
 30
0.0
 40
0.05
  1
PA-R-107
 72
1
 11
507.6682
 21
-84.2804
 31
0.0
100
AcDbText
 73
2
  0
LWPOLYLINE
  5
60B
330
17
100
AcDbEntity
  8
SOBRANTES-MAPA
100
AcDbPolyline
 90
4
 70
1
 10
507.1662
 20
-84.8804
 10
507.3662
 20
-84.8804
 10
507.3662
 20
-83.68039999999999
 10
507.1662
 20
-83.68039999999999
  0
LWPOLYLINE
  5
60C
330
17
100
AcDbEntity
  8
SOBRANTES-RECORTE
100
AcDbPolyline
 90
4
 70
1
 10
507.1662
 20
-84.37079999999999
 10
507.3662
 20
-84.37079999999999
 10
507.3662
 20
-83.68039999999999
 10
507.1662
 20
-83.68039999999999
  0
TEXT
  5
60D
330
17
100
AcDbEntity
  8
SOBRANTES-TEXTO
100
AcDbText
 10
507.2662
 20
-84.2804
 30
0.0
 40
0.05
  1
PA-R-106
 72
1
 11
507.2662
 21
-84.2804
 31
0.0
100
AcDbText
 73
2
  0
LWPOLYLINE
  5
60E
330
17
100
AcDbEntity
  8
SOBRANTES-MAPA
100
AcDbPolyline
 90
4
 70
1
 10
506.7642
 20
-84.8804
 10
506.9642
 20
-84.8804
 10
506.9642
 20
-83.68039999999999
 10
506.7642
 20
-83.68039999999999
  0
LWPOLYLINE
  5
60F
330
17
100
AcDbEntity
  8
SOBRANTES-RECORTE
100
AcDbPolyline
 90
4
 70
1
 10
506.7642
 20
-84.37079999999999
 10
506.9642
 20
-84.37079999999999
 10
506.9642
 20
-83.68039999999999
 10
506.7642
 20
-83.68039999999999
  0
TEXT
  5
610
330
17
100
AcDbEntity
  8
SOBRANTES-TEXTO
100
AcDbText
 10
506.86420000000004
 20
-84.2804
 30
0.0
 40
0.05
  1
PA-R-105
 72
1
 11
506.86420000000004
 21
-84.2804
 31
0.0
100
AcDbText
 73
2
  0
LWPOLYLINE
  5
611
330
17
100
AcDbEntity
  8
SOBRANTES-MAPA
100
AcDbPolyline
 90
4
 70
1
 10
506.3622
 20
-84.8804
 10
506.56219999999996
 20
-84.8804
 10
506.56219999999996
 20
-83.68039999999999
 10
506.3622
 20
-83.68039999999999
  0
LWPOLYLINE
  5
612
330
17
100
AcDbEntity
  8
SOBRANTES-RECORTE
100
AcDbPolyline
 90
4
 70
1
 10
506.3622
 20
-84.37079999999999
 10
506.56219999999996
 20
-84.37079999999999
 10
506.56219999999996
 20
-83.68039999999999
 10
506.3622
 20
-83.68039999999999
  0
TEXT
  5
613
330
17
100
AcDbEntity
  8
SOBRANTES-TEXTO
100
AcDbText
 10
506.4622
 20
-84.2804
 30
0.0
 40
0.05
  1
PA-R-104
 72
1
 11
506.4622
 21
-84.2804
 31
0.0
100
AcDbText
 73
2
  0
LWPOLYLINE
  5
614
330
17
100
AcDbEntity
  8
SOBRANTES-MAPA
100
AcDbPolyline
 90
4
 70
1
 10
505.9602
 20
-84.8804
 10
506.1602
 20
-84.8804
 10
506.1602
 20
-83.68039999999999
 10
505.9602
 20
-83.68039999999999
  0
LWPOLYLINE
  5
615
330
17
100
AcDbEntity
  8
SOBRANTES-RECORTE
100
AcDbPolyline
 90
4
 70
1
 10
505.9602
 20
-84.37079999999999
 10
506.1602
 20
-84.37079999999999
 10
506.1602
 20
-83.68039999999999
 10
505.9602
 20
-83.68039999999999
  0
TEXT
  5
616
330
17
100
AcDbEntity
  8
SOBRANTES-TEXTO
100
AcDbText
 10
506.0602
 20
-84.2804
 30
0.0
 40
0.05
  1
PA-R-103
 72
1
 11
506.0602
 21
-84.2804
 31
0.0
100
AcDbText
 73
2
  0
LWPOLYLINE
  5
617
330
17
100
AcDbEntity
  8
SOBRANTES-MAPA
100
AcDbPolyline
 90
4
 70
1
 10
505.5582
 20
-84.8804
 10
505.7582
 20
-84.8804
 10
505.7582
 20
-83.68039999999999
 10
505.5582
 20
-83.68039999999999
  0
LWPOLYLINE
  5
618
330
17
100
AcDbEntity
  8
SOBRANTES-RECORTE
100
AcDbPolyline
 90
4
 70
1
 10
505.5582
 20
-84.37079999999999
 10
505.7582
 20
-84.37079999999999
 10
505.7582
 20
-83.68039999999999
 10
505.5582
 20
-83.68039999999999
  0
TEXT
  5
619
330
17
100
AcDbEntity
  8
SOBRANTES-TEXTO
100
AcDbText
 10
505.6582
 20
-84.2804
 30
0.0
 40
0.05
  1
PA-R-102
 72
1
 11
505.6582
 21
-84.2804
 31
0.0
100
AcDbText
 73
2
  0
LWPOLYLINE
  5
61A
330
17
100
AcDbEntity
  8
SOBRANTES-MAPA
100
AcDbPolyline
 90
4
 70
1
 10
505.1562
 20
-84.8804
 10
505.3562
 20
-84.8804
 10
505.3562
 20
-83.68039999999999
 10
505.1562
 20
-83.68039999999999
  0
LWPOLYLINE
  5
61B
330
17
100
AcDbEntity
  8
SOBRANTES-RECORTE
100
AcDbPolyline
 90
4
 70
1
 10
505.1562
 20
-84.37079999999999
 10
505.3562
 20
-84.37079999999999
 10
505.3562
 20
-83.68039999999999
 10
505.1562
 20
-83.68039999999999
  0
TEXT
  5
61C
330
17
100
AcDbEntity
  8
SOBRANTES-TEXTO
100
AcDbText
 10
505.25620000000004
 20
-84.2804
 30
0.0
 40
0.05
  1
PA-R-101
 72
1
 11
505.25620000000004
 21
-84.2804
 31
0.0
100
AcDbText
 73
2
  0
LWPOLYLINE
  5
61D
330
17
100
AcDbEntity
  8
SOBRANTES-MAPA
100
AcDbPolyline
 90
4
 70
1
 10
504.7542
 20
-84.8804
 10
504.9542
 20
-84.8804
 10
504.9542
 20
-83.68039999999999
 10
504.7542
 20
-83.68039999999999
  0
LWPOLYLINE
  5
61E
330
17
100
AcDbEntity
  8
SOBRANTES-RECORTE
100
AcDbPolyline
 90
4
 70
1
 10
504.7542
 20
-84.37079999999999
 10
504.9542
 20
-84.37079999999999
 10
504.9542
 20
-83.68039999999999
 10
504.7542
 20
-83.68039999999999
  0
TEXT
  5
61F
330
17
100
AcDbEntity
  8
SOBRANTES-TEXTO
100
AcDbText
 10
504.85420000000005
 20
-84.2804
 30
0.0
 40
0.05
  1
PA-R-100
 72
1
 11
504.85420000000005
 21
-84.2804
 31
0.0
100
AcDbText
 73
2
  0
LWPOLYLINE
  5
620
330
17
100
AcDbEntity
  8
SOBRANTES-MAPA
100
AcDbPolyline
 90
4
 70
1
 10
504.3522
 20
-84.8804
 10
504.55219999999997
 20
-84.8804
 10
504.55219999999997
 20
-83.68039999999999
 10
504.3522
 20
-83.68039999999999
  0
LWPOLYLINE
  5
621
330
17
100
AcDbEntity
  8
SOBRANTES-RECORTE
100
AcDbPolyline
 90
4
 70
1
 10
504.3522
 20
-84.37079999999999
 10
504.55219999999997
 20
-84.37079999999999
 10
504.55219999999997
 20
-83.68039999999999
 10
504.3522
 20
-83.68039999999999
  0
TEXT
  5
622
330
17
100
AcDbEntity
  8
SOBRANTES-TEXTO
100
AcDbText
 10
504.4522
 20
-84.2804
 30
0.0
 40
0.05
  1
PA-R-099
 72
1
 11
504.4522
 21
-84.2804
 31
0.0
100
AcDbText
 73
2
  0
LWPOLYLINE
  5
623
330
17
100
AcDbEntity
  8
SOBRANTES-MAPA
100
AcDbPolyline
 90
4
 70
1
 10
503.9502
 20
-84.8804
 10
504.1502
 20
-84.8804
 10
504.1502
 20
-83.68039999999999
 10
503.9502
 20
-83.68039999999999
  0
LWPOLYLINE
  5
624
330
17
100
AcDbEntity
  8
SOBRANTES-RECORTE
100
AcDbPolyline
 90
4
 70
1
 10
503.9502
 20
-84.37079999999999
 10
504.1502
 20
-84.37079999999999
 10
504.1502
 20
-83.68039999999999
 10
503.9502
 20
-83.68039999999999
  0
TEXT
  5
625
330
17
100
AcDbEntity
  8
SOBRANTES-TEXTO
100
AcDbText
 10
504.0502
 20
-84.2804
 30
0.0
 40
0.05
  1
PA-R-098
 72
1
 11
504.0502
 21
-84.2804
 31
0.0
100
AcDbText
 73
2
  0
LWPOLYLINE
  5
626
330
17
100
AcDbEntity
  8
SOBRANTES-MAPA
100
AcDbPolyline
 90
4
 70
1
 10
507.5412
 20
-94.0239
 10
507.7412
 20
-94.0239
 10
507.7412
 20
-92.8239
 10
507.5412
 20
-92.8239
  0
LWPOLYLINE
  5
627
330
17
100
AcDbEntity
  8
SOBRANTES-RECORTE
100
AcDbPolyline
 90
4
 70
1
 10
507.5412
 20
-94.0239
 10
507.7412
 20
-94.0239
 10
507.7412
 20
-93.3304
 10
507.5412
 20
-93.3304
  0
TEXT
  5
628
330
17
100
AcDbEntity
  8
SOBRANTES-TEXTO
100
AcDbText
 10
507.6412
 20
-93.4239
 30
0.0
 40
0.05
  1
PA-R-206
 72
1
 11
507.6412
 21
-93.4239
 31
0.0
100
AcDbText
 73
2
  0
LWPOLYLINE
  5
629
330
17
100
AcDbEntity
  8
SOBRANTES-MAPA
100
AcDbPolyline
 90
4
 70
1
 10
507.1392
 20
-94.0239
 10
507.3392
 20
-94.0239
 10
507.3392
 20
-92.8239
 10
507.1392
 20
-92.8239
  0
LWPOLYLINE
  5
62A
330
17
100
AcDbEntity
  8
SOBRANTES-RECORTE
100
AcDbPolyline
 90
4
 70
1
 10
507.1392
 20
-94.0239
 10
507.3392
 20
-94.0239
 10
507.3392
 20
-93.3304
 10
507.1392
 20
-93.3304
  0
TEXT
  5
62B
330
17
100
AcDbEntity
  8
SOBRANTES-TEXTO
100
AcDbText
 10
507.23920000000004
 20
-93.4239
 30
0.0
 40
0.05
  1
PA-R-205
 72
1
 11
507.23920000000004
 21
-93.4239
 31
0.0
100
AcDbText
 73
2
  0
LWPOLYLINE
  5
62C
330
17
100
AcDbEntity
  8
SOBRANTES-MAPA
100
AcDbPolyline
 90
4
 70
1
 10
506.7372
 20
-94.0239
 10
506.93719999999996
 20
-94.0239
 10
506.93719999999996
 20
-92.8239
 10
506.7372
 20
-92.8239
  0
LWPOLYLINE
  5
62D
330
17
100
AcDbEntity
  8
SOBRANTES-RECORTE
100
AcDbPolyline
 90
4
 70
1
 10
506.7372
 20
-94.0239
 10
506.93719999999996
 20
-94.0239
 10
506.93719999999996
 20
-93.3304
 10
506.7372
 20
-93.3304
  0
TEXT
  5
62E
330
17
100
AcDbEntity
  8
SOBRANTES-TEXTO
100
AcDbText
 10
506.8372
 20
-93.4239
 30
0.0
 40
0.05
  1
PA-R-204
 72
1
 11
506.8372
 21
-93.4239
 31
0.0
100
AcDbText
 73
2
  0
LWPOLYLINE
  5
62F
330
17
100
AcDbEntity
  8
SOBRANTES-MAPA
100
AcDbPolyline
 90
4
 70
1
 10
506.3352
 20
-94.0239
 10
506.5352
 20
-94.0239
 10
506.5352
 20
-92.8239
 10
506.3352
 20
-92.8239
  0
LWPOLYLINE
  5
630
330
17
100
AcDbEntity
  8
SOBRANTES-RECORTE
100
AcDbPolyline
 90
4
 70
1
 10
506.3352
 20
-94.0239
 10
506.5352
 20
-94.0239
 10
506.5352
 20
-93.3304
 10
506.3352
 20
-93.3304
  0
TEXT
  5
631
330
17
100
AcDbEntity
  8
SOBRANTES-TEXTO
100
AcDbText
 10
506.4352
 20
-93.4239
 30
0.0
 40
0.05
  1
PA-R-203
 72
1
 11
506.4352
 21
-93.4239
 31
0.0
100
AcDbText
 73
2
  0
LWPOLYLINE
  5
632
330
17
100
AcDbEntity
  8
SOBRANTES-MAPA
100
AcDbPolyline
 90
4
 70
1
 10
505.9332
 20
-94.0239
 10
506.1332
 20
-94.0239
 10
506.1332
 20
-92.8239
 10
505.9332
 20
-92.8239
  0
LWPOLYLINE
  5
633
330
17
100
AcDbEntity
  8
SOBRANTES-RECORTE
100
AcDbPolyline
 90
4
 70
1
 10
505.9332
 20
-94.0239
 10
506.1332
 20
-94.0239
 10
506.1332
 20
-93.3304
 10
505.9332
 20
-93.3304
  0
TEXT
  5
634
330
17
100
AcDbEntity
  8
SOBRANTES-TEXTO
100
AcDbText
 10
506.0332
 20
-93.4239
 30
0.0
 40
0.05
  1
PA-R-202
 72
1
 11
506.0332
 21
-93.4239
 31
0.0
100
AcDbText
 73
2
  0
LWPOLYLINE
  5
635
330
17
100
AcDbEntity
  8
SOBRANTES-MAPA
100
AcDbPolyline
 90
4
 70
1
 10
505.5312
 20
-94.0239
 10
505.7312
 20
-94.0239
 10
505.7312
 20
-92.8239
 10
505.5312
 20
-92.8239
  0
LWPOLYLINE
  5
636
330
17
100
AcDbEntity
  8
SOBRANTES-RECORTE
100
AcDbPolyline
 90
4
 70
1
 10
505.5312
 20
-94.0239
 10
505.7312
 20
-94.0239
 10
505.7312
 20
-93.3304
 10
505.5312
 20
-93.3304
  0
TEXT
  5
637
330
17
100
AcDbEntity
  8
SOBRANTES-TEXTO
100
AcDbText
 10
505.63120000000004
 20
-93.4239
 30
0.0
 40
0.05
  1
PA-R-201
 72
1
 11
505.63120000000004
 21
-93.4239
 31
0.0
100
AcDbText
 73
2
  0
LWPOLYLINE
  5
638
330
17
100
AcDbEntity
  8
SOBRANTES-MAPA
100
AcDbPolyline
 90
4
 70
1
 10
505.1292
 20
-94.0239
 10
505.3292
 20
-94.0239
 10
505.3292
 20
-92.8239
 10
505.1292
 20
-92.8239
  0
LWPOLYLINE
  5
639
330
17
100
AcDbEntity
  8
SOBRANTES-RECORTE
100
AcDbPolyline
 90
4
 70
1
 10
505.1292
 20
-94.0239
 10
505.3292
 20
-94.0239
 10
505.3292
 20
-93.3304
 10
505.1292
 20
-93.3304
  0
TEXT
  5
63A
330
17
100
AcDbEntity
  8
SOBRANTES-TEXTO
100
AcDbText
 10
505.22920000000005
 20
-93.4239
 30
0.0
 40
0.05
  1
PA-R-200
 72
1
 11
505.22920000000005
 21
-93.4239
 31
0.0
100
AcDbText
 73
2
  0
LWPOLYLINE
  5
63B
330
17
100
AcDbEntity
  8
SOBRANTES-MAPA
100
AcDbPolyline
 90
4
 70
1
 10
504.7272
 20
-94.0239
 10
504.92719999999997
 20
-94.0239
 10
504.92719999999997
 20
-92.8239
 10
504.7272
 20
-92.8239
  0
LWPOLYLINE
  5
63C
330
17
100
AcDbEntity
  8
SOBRANTES-RECORTE
100
AcDbPolyline
 90
4
 70
1
 10
504.7272
 20
-94.0239
 10
504.92719999999997
 20
-94.0239
 10
504.92719999999997
 20
-93.3304
 10
504.7272
 20
-93.3304
  0
TEXT
  5
63D
330
17
100
AcDbEntity
  8
SOBRANTES-TEXTO
100
AcDbText
 10
504.8272
 20
-93.4239
 30
0.0
 40
0.05
  1
PA-R-199
 72
1
 11
504.8272
 21
-93.4239
 31
0.0
100
AcDbText
 73
2
  0
LWPOLYLINE
  5
63E
330
17
100
AcDbEntity
  8
SOBRANTES-MAPA
100
AcDbPolyline
 90
4
 70
1
 10
504.3252
 20
-94.0239
 10
504.5252
 20
-94.0239
 10
504.5252
 20
-92.8239
 10
504.3252
 20
-92.8239
  0
LWPOLYLINE
  5
63F
330
17
100
AcDbEntity
  8
SOBRANTES-RECORTE
100
AcDbPolyline
 90
4
 70
1
 10
504.3252
 20
-94.0239
 10
504.5252
 20
-94.0239
 10
504.5252
 20
-93.3304
 10
504.3252
 20
-93.3304
  0
TEXT
  5
640
330
17
100
AcDbEntity
  8
SOBRANTES-TEXTO
100
AcDbText
 10
504.4252
 20
-93.4239
 30
0.0
 40
0.05
  1
PA-R-198
 72
1
 11
504.4252
 21
-93.4239
 31
0.0
100
AcDbText
 73
2
  0
LWPOLYLINE
  5
641
330
17
100
AcDbEntity
  8
SOBRANTES-MAPA
100
AcDbPolyline
 90
4
 70
1
 10
507.3672
 20
-82.5694
 10
507.5672
 20
-82.5694
 10
507.5672
 20
-81.3694
 10
507.3672
 20
-81.3694
  0
LWPOLYLINE
  5
642
330
17
100
AcDbEntity
  8
SOBRANTES-RECORTE
100
AcDbPolyline
 90
4
 70
1
 10
507.3672
 20
-82.0905
 10
507.5672
 20
-82.0905
 10
507.5672
 20
-81.3694
 10
507.3672
 20
-81.3694
  0
TEXT
  5
643
330
17
100
AcDbEntity
  8
SOBRANTES-TEXTO
100
AcDbText
 10
507.46720000000005
 20
-81.96940000000001
 30
0.0
 40
0.05
  1
PA-R-019
 72
1
 11
507.46720000000005
 21
-81.96940000000001
 31
0.0
100
AcDbText
 73
2
  0
LWPOLYLINE
  5
644
330
17
100
AcDbEntity
  8
SOBRANTES-MAPA
100
AcDbPolyline
 90
4
 70
1
 10
506.9652
 20
-82.5694
 10
507.16519999999997
 20
-82.5694
 10
507.16519999999997
 20
-81.3694
 10
506.9652
 20
-81.3694
  0
LWPOLYLINE
  5
645
330
17
100
AcDbEntity
  8
SOBRANTES-RECORTE
100
AcDbPolyline
 90
4
 70
1
 10
506.9652
 20
-82.0905
 10
507.16519999999997
 20
-82.0905
 10
507.16519999999997
 20
-81.3694
 10
506.9652
 20
-81.3694
  0
TEXT
  5
646
330
17
100
AcDbEntity
  8
SOBRANTES-TEXTO
100
AcDbText
 10
507.0652
 20
-81.96940000000001
 30
0.0
 40
0.05
  1
PA-R-018
 72
1
 11
507.0652
 21
-81.96940000000001
 31
0.0
100
AcDbText
 73
2
  0
LWPOLYLINE
  5
647
330
17
100
AcDbEntity
  8
SOBRANTES-MAPA
100
AcDbPolyline
 90
4
 70
1
 10
506.5632
 20
-82.5694
 10
506.7632
 20
-82.5694
 10
506.7632
 20
-81.3694
 10
506.5632
 20
-81.3694
  0
LWPOLYLINE
  5
648
330
17
100
AcDbEntity
  8
SOBRANTES-RECORTE
100
AcDbPolyline
 90
4
 70
1
 10
506.5632
 20
-82.0905
 10
506.7632
 20
-82.0905
 10
506.7632
 20
-81.3694
 10
506.5632
 20
-81.3694
  0
TEXT
  5
649
330
17
100
AcDbEntity
  8
SOBRANTES-TEXTO
100
AcDbText
 10
506.6632
 20
-81.96940000000001
 30
0.0
 40
0.05
  1
PA-R-017
 72
1
 11
506.6632
 21
-81.96940000000001
 31
0.0
100
AcDbText
 73
2
  0
LWPOLYLINE
  5
64A
330
17
100
AcDbEntity
  8
SOBRANTES-MAPA
100
AcDbPolyline
 90
4
 70
1
 10
506.1612
 20
-82.5694
 10
506.3612
 20
-82.5694
 10
506.3612
 20
-81.3694
 10
506.1612
 20
-81.3694
  0
LWPOLYLINE
  5
64B
330
17
100
AcDbEntity
  8
SOBRANTES-RECORTE
100
AcDbPolyline
 90
4
 70
1
 10
506.1612
 20
-82.0905
 10
506.3612
 20
-82.0905
 10
506.3612
 20
-81.3694
 10
506.1612
 20
-81.3694
  0
TEXT
  5
64C
330
17
100
AcDbEntity
  8
SOBRANTES-TEXTO
100
AcDbText
 10
506.26120000000003
 20
-81.96940000000001
 30
0.0
 40
0.05
  1
PA-R-016
 72
1
 11
506.26120000000003
 21
-81.96940000000001
 31
0.0
100
AcDbText
 73
2
  0
LWPOLYLINE
  5
64D
330
17
100
AcDbEntity
  8
SOBRANTES-MAPA
100
AcDbPolyline
 90
4
 70
1
 10
505.7592
 20
-82.5694
 10
505.9592
 20
-82.5694
 10
505.9592
 20
-81.3694
 10
505.7592
 20
-81.3694
  0
LWPOLYLINE
  5
64E
330
17
100
AcDbEntity
  8
SOBRANTES-RECORTE
100
AcDbPolyline
 90
4
 70
1
 10
505.7592
 20
-82.0905
 10
505.9592
 20
-82.0905
 10
505.9592
 20
-81.3694
 10
505.7592
 20
-81.3694
  0
TEXT
  5
64F
330
17
100
AcDbEntity
  8
SOBRANTES-TEXTO
100
AcDbText
 10
505.85920000000004
 20
-81.96940000000001
 30
0.0
 40
0.05
  1
PA-R-015
 72
1
 11
505.85920000000004
 21
-81.96940000000001
 31
0.0
100
AcDbText
 73
2
  0
LWPOLYLINE
  5
650
330
17
100
AcDbEntity
  8
SOBRANTES-MAPA
100
AcDbPolyline
 90
4
 70
1
 10
505.3572
 20
-82.5694
 10
505.55719999999997
 20
-82.5694
 10
505.55719999999997
 20
-81.3694
 10
505.3572
 20
-81.3694
  0
LWPOLYLINE
  5
651
330
17
100
AcDbEntity
  8
SOBRANTES-RECORTE
100
AcDbPolyline
 90
4
 70
1
 10
505.3572
 20
-82.0905
 10
505.55719999999997
 20
-82.0905
 10
505.55719999999997
 20
-81.3694
 10
505.3572
 20
-81.3694
  0
TEXT
  5
652
330
17
100
AcDbEntity
  8
SOBRANTES-TEXTO
100
AcDbText
 10
505.4572
 20
-81.96940000000001
 30
0.0
 40
0.05
  1
PA-R-014
 72
1
 11
505.4572
 21
-81.96940000000001
 31
0.0
100
AcDbText
 73
2
  0
LWPOLYLINE
  5
653
330
17
100
AcDbEntity
  8
SOBRANTES-MAPA
100
AcDbPolyline
 90
4
 70
1
 10
504.9552
 20
-82.5694
 10
505.1552
 20
-82.5694
 10
505.1552
 20
-81.3694
 10
504.9552
 20
-81.3694
  0
LWPOLYLINE
  5
654
330
17
100
AcDbEntity
  8
SOBRANTES-RECORTE
100
AcDbPolyline
 90
4
 70
1
 10
504.9552
 20
-82.0905
 10
505.1552
 20
-82.0905
 10
505.1552
 20
-81.3694
 10
504.9552
 20
-81.3694
  0
TEXT
  5
655
330
17
100
AcDbEntity
  8
SOBRANTES-TEXTO
100
AcDbText
 10
505.0552
 20
-81.96940000000001
 30
0.0
 40
0.05
  1
PA-R-013
 72
1
 11
505.0552
 21
-81.96940000000001
 31
0.0
100
AcDbText
 73
2
  0
LWPOLYLINE
  5
656
330
17
100
AcDbEntity
  8
SOBRANTES-MAPA
100
AcDbPolyline
 90
4
 70
1
 10
504.5532
 20
-82.5694
 10
504.7532
 20
-82.5694
 10
504.7532
 20
-81.3694
 10
504.5532
 20
-81.3694
  0
LWPOLYLINE
  5
657
330
17
100
AcDbEntity
  8
SOBRANTES-RECORTE
100
AcDbPolyline
 90
4
 70
1
 10
504.5532
 20
-82.0905
 10
504.7532
 20
-82.0905
 10
504.7532
 20
-81.3694
 10
504.5532
 20
-81.3694
  0
TEXT
  5
658
330
17
100
AcDbEntity
  8
SOBRANTES-TEXTO
100
AcDbText
 10
504.6532
 20
-81.96940000000001
 30
0.0
 40
0.05
  1
PA-R-012
 72
1
 11
504.6532
 21
-81.96940000000001
 31
0.0
100
AcDbText
 73
2
  0
LWPOLYLINE
  5
659
330
17
100
AcDbEntity
  8
SOBRANTES-MAPA
100
AcDbPolyline
 90
4
 70
1
 10
504.1512
 20
-82.5694
 10
504.3512
 20
-82.5694
 10
504.3512
 20
-81.3694
 10
504.1512
 20
-81.3694
  0
LWPOLYLINE
  5
65A
330
17
100
AcDbEntity
  8
SOBRANTES-RECORTE
100
AcDbPolyline
 90
4
 70
1
 10
504.1512
 20
-82.0905
 10
504.3512
 20
-82.0905
 10
504.3512
 20
-81.3694
 10
504.1512
 20
-81.3694
  0
TEXT
  5
65B
330
17
100
AcDbEntity
  8
SOBRANTES-TEXTO
100
AcDbText
 10
504.25120000000004
 20
-81.96940000000001
 30
0.0
 40
0.05
  1
PA-R-011
 72
1
 11
504.25120000000004
 21
-81.96940000000001
 31
0.0
100
AcDbText
 73
2
  0
LWPOLYLINE
  5
65C
330
17
100
AcDbEntity
  8
SOBRANTES-MAPA
100
AcDbPolyline
 90
4
 70
1
 10
503.7492
 20
-82.5694
 10
503.94919999999996
 20
-82.5694
 10
503.94919999999996
 20
-81.3694
 10
503.7492
 20
-81.3694
  0
LWPOLYLINE
  5
65D
330
17
100
AcDbEntity
  8
SOBRANTES-RECORTE
100
AcDbPolyline
 90
4
 70
1
 10
503.7492
 20
-82.0905
 10
503.94919999999996
 20
-82.0905
 10
503.94919999999996
 20
-81.3694
 10
503.7492
 20
-81.3694
  0
TEXT
  5
65E
330
17
100
AcDbEntity
  8
SOBRANTES-TEXTO
100
AcDbText
 10
503.8492
 20
-81.96940000000001
 30
0.0
 40
0.05
  1
PA-R-010
 72
1
 11
503.8492
 21
-81.96940000000001
 31
0.0
100
AcDbText
 73
2
  0
LWPOLYLINE
  5
65F
330
17
100
AcDbEntity
  8
SOBRANTES-MAPA
100
AcDbPolyline
 90
4
 70
1
 10
503.3472
 20
-82.5694
 10
503.5472
 20
-82.5694
 10
503.5472
 20
-81.3694
 10
503.3472
 20
-81.3694
  0
LWPOLYLINE
  5
660
330
17
100
AcDbEntity
  8
SOBRANTES-RECORTE
100
AcDbPolyline
 90
4
 70
1
 10
503.3472
 20
-82.0905
 10
503.5472
 20
-82.0905
 10
503.5472
 20
-81.3694
 10
503.3472
 20
-81.3694
  0
TEXT
  5
661
330
17
100
AcDbEntity
  8
SOBRANTES-TEXTO
100
AcDbText
 10
503.4472
 20
-81.96940000000001
 30
0.0
 40
0.05
  1
PA-R-009
 72
1
 11
503.4472
 21
-81.96940000000001
 31
0.0
100
AcDbText
 73
2
  0
LWPOLYLINE
  5
662
330
17
100
AcDbEntity
  8
SOBRANTES-MAPA
100
AcDbPolyline
 90
4
 70
1
 10
502.9452
 20
-82.5694
 10
503.1452
 20
-82.5694
 10
503.1452
 20
-81.3694
 10
502.9452
 20
-81.3694
  0
LWPOLYLINE
  5
663
330
17
100
AcDbEntity
  8
SOBRANTES-RECORTE
100
AcDbPolyline
 90
4
 70
1
 10
502.9452
 20
-82.0905
 10
503.1452
 20
-82.0905
 10
503.1452
 20
-81.3694
 10
502.9452
 20
-81.3694
  0
TEXT
  5
664
330
17
100
AcDbEntity
  8
SOBRANTES-TEXTO
100
AcDbText
 10
503.0452
 20
-81.96940000000001
 30
0.0
 40
0.05
  1
PA-R-008
 72
1
 11
503.0452
 21
-81.96940000000001
 31
0.0
100
AcDbText
 73
2
  0
LWPOLYLINE
  5
665
330
17
100
AcDbEntity
  8
SOBRANTES-MAPA
100
AcDbPolyline
 90
4
 70
1
 10
501.9622
 20
-86.5604
 10
502.1622
 20
-86.5604
 10
502.1622
 20
-85.3604
 10
501.9622
 20
-85.3604
  0
LWPOLYLINE
  5
666
330
17
100
AcDbEntity
  8
SOBRANTES-RECORTE
100
AcDbPolyline
 90
4
 70
1
 10
501.9622
 20
-86.1114
 10
502.1622
 20
-86.1114
 10
502.1622
 20
-85.3604
 10
501.9622
 20
-85.3604
  0
TEXT
  5
667
330
17
100
AcDbEntity
  8
SOBRANTES-TEXTO
100
AcDbText
 10
502.0622
 20
-85.9604
 30
0.0
 40
0.05
  1
PA-R-138
 72
1
 11
502.0622
 21
-85.9604
 31
0.0
100
AcDbText
 73
2
  0
LWPOLYLINE
  5
668
330
17
100
AcDbEntity
  8
SOBRANTES-MAPA
100
AcDbPolyline
 90
4
 70
1
 10
501.5602
 20
-86.5604
 10
501.7602
 20
-86.5604
 10
501.7602
 20
-85.3604
 10
501.5602
 20
-85.3604
  0
LWPOLYLINE
  5
669
330
17
100
AcDbEntity
  8
SOBRANTES-RECORTE
100
AcDbPolyline
 90
4
 70
1
 10
501.5602
 20
-86.1114
 10
501.7602
 20
-86.1114
 10
501.7602
 20
-85.3604
 10
501.5602
 20
-85.3604
  0
TEXT
  5
66A
330
17
100
AcDbEntity
  8
SOBRANTES-TEXTO
100
AcDbText
 10
501.66020000000003
 20
-85.9604
 30
0.0
 40
0.05
  1
PA-R-137
 72
1
 11
501.66020000000003
 21
-85.9604
 31
0.0
100
AcDbText
 73
2
  0
LWPOLYLINE
  5
66B
330
17
100
AcDbEntity
  8
SOBRANTES-MAPA
100
AcDbPolyline
 90
4
 70
1
 10
501.1582
 20
-86.5604
 10
501.3582
 20
-86.5604
 10
501.3582
 20
-85.3604
 10
501.1582
 20
-85.3604
  0
LWPOLYLINE
  5
66C
330
17
100
AcDbEntity
  8
SOBRANTES-RECORTE
100
AcDbPolyline
 90
4
 70
1
 10
501.1582
 20
-86.1114
 10
501.3582
 20
-86.1114
 10
501.3582
 20
-85.3604
 10
501.1582
 20
-85.3604
  0
TEXT
  5
66D
330
17
100
AcDbEntity
  8
SOBRANTES-TEXTO
100
AcDbText
 10
501.25820000000004
 20
-85.9604
 30
0.0
 40
0.05
  1
PA-R-136
 72
1
 11
501.25820000000004
 21
-85.9604
 31
0.0
100
AcDbText
 73
2
  0
LWPOLYLINE
  5
66E
330
17
100
AcDbEntity
  8
SOBRANTES-MAPA
100
AcDbPolyline
 90
4
 70
1
 10
500.7562
 20
-86.5604
 10
500.95619999999997
 20
-86.5604
 10
500.95619999999997
 20
-85.3604
 10
500.7562
 20
-85.3604
  0
LWPOLYLINE
  5
66F
330
17
100
AcDbEntity
  8
SOBRANTES-RECORTE
100
AcDbPolyline
 90
4
 70
1
 10
500.7562
 20
-86.1114
 10
500.95619999999997
 20
-86.1114
 10
500.95619999999997
 20
-85.3604
 10
500.7562
 20
-85.3604
  0
TEXT
  5
670
330
17
100
AcDbEntity
  8
SOBRANTES-TEXTO
100
AcDbText
 10
500.8562
 20
-85.9604
 30
0.0
 40
0.05
  1
PA-R-135
 72
1
 11
500.8562
 21
-85.9604
 31
0.0
100
AcDbText
 73
2
  0
LWPOLYLINE
  5
671
330
17
100
AcDbEntity
  8
SOBRANTES-MAPA
100
AcDbPolyline
 90
4
 70
1
 10
500.3542
 20
-86.5604
 10
500.5542
 20
-86.5604
 10
500.5542
 20
-85.3604
 10
500.3542
 20
-85.3604
  0
LWPOLYLINE
  5
672
330
17
100
AcDbEntity
  8
SOBRANTES-RECORTE
100
AcDbPolyline
 90
4
 70
1
 10
500.3542
 20
-86.1114
 10
500.5542
 20
-86.1114
 10
500.5542
 20
-85.3604
 10
500.3542
 20
-85.3604
  0
TEXT
  5
673
330
17
100
AcDbEntity
  8
SOBRANTES-TEXTO
100
AcDbText
 10
500.4542
 20
-85.9604
 30
0.0
 40
0.05
  1
PA-R-134
 72
1
 11
500.4542
 21
-85.9604
 31
0.0
100
AcDbText
 73
2
  0
LWPOLYLINE
  5
674
330
17
100
AcDbEntity
  8
SOBRANTES-MAPA
100
AcDbPolyline
 90
4
 70
1
 10
499.9522
 20
-86.5604
 10
500.1522
 20
-86.5604
 10
500.1522
 20
-85.3604
 10
499.9522
 20
-85.3604
  0
LWPOLYLINE
  5
675
330
17
100
AcDbEntity
  8
SOBRANTES-RECORTE
100
AcDbPolyline
 90
4
 70
1
 10
499.9522
 20
-86.1114
 10
500.1522
 20
-86.1114
 10
500.1522
 20
-85.3604
 10
499.9522
 20
-85.3604
  0
TEXT
  5
676
330
17
100
AcDbEntity
  8
SOBRANTES-TEXTO
100
AcDbText
 10
500.0522
 20
-85.9604
 30
0.0
 40
0.05
  1
PA-R-133
 72
1
 11
500.0522
 21
-85.9604
 31
0.0
100
AcDbText
 73
2
  0
LWPOLYLINE
  5
677
330
17
100
AcDbEntity
  8
SOBRANTES-MAPA
100
AcDbPolyline
 90
4
 70
1
 10
502.3642
 20
-86.5607
 10
502.56419999999997
 20
-86.5607
 10
502.56419999999997
 20
-85.3607
 10
502.3642
 20
-85.3607
  0
LWPOLYLINE
  5
678
330
17
100
AcDbEntity
  8
SOBRANTES-RECORTE
100
AcDbPolyline
 90
4
 70
1
 10
502.3642
 20
-86.1117
 10
502.56419999999997
 20
-86.1117
 10
502.56419999999997
 20
-85.3607
 10
502.3642
 20
-85.3607
  0
TEXT
  5
679
330
17
100
AcDbEntity
  8
SOBRANTES-TEXTO
100
AcDbText
 10
502.4642
 20
-85.9607
 30
0.0
 40
0.05
  1
PA-R-139
 72
1
 11
502.4642
 21
-85.9607
 31
0.0
100
AcDbText
 73
2
  0
LWPOLYLINE
  5
67A
330
17
100
AcDbEntity
  8
SOBRANTES-MAPA
100
AcDbPolyline
 90
4
 70
1
 10
507.7422
 20
-92.2224
 10
507.9422
 20
-92.2224
 10
507.9422
 20
-91.02239999999999
 10
507.7422
 20
-91.02239999999999
  0
LWPOLYLINE
  5
67B
330
17
100
AcDbEntity
  8
SOBRANTES-RECORTE
100
AcDbPolyline
 90
4
 70
1
 10
507.8142
 20
-92.2224
 10
507.9422
 20
-92.2224
 10
507.9422
 20
-91.02239999999999
 10
507.8142
 20
-91.02239999999999
  0
TEXT
  5
67C
330
17
100
AcDbEntity
  8
SOBRANTES-TEXTO
100
AcDbText
 10
507.84220000000005
 20
-91.6224
 30
0.0
 40
0.05
  1
PA-R-178
 72
1
 11
507.84220000000005
 21
-91.6224
 31
0.0
100
AcDbText
 73
2
  0
LWPOLYLINE
  5
67D
330
17
100
AcDbEntity
  8
SOBRANTES-MAPA
100
AcDbPolyline
 90
4
 70
1
 10
502.3642
 20
-82.5087
 10
502.56419999999997
 20
-82.5087
 10
502.56419999999997
 20
-81.3087
 10
502.3642
 20
-81.3087
  0
LWPOLYLINE
  5
67E
330
17
100
AcDbEntity
  8
SOBRANTES-RECORTE
100
AcDbPolyline
 90
4
 70
1
 10
502.3642
 20
-82.0905
 10
502.56419999999997
 20
-82.0905
 10
502.56419999999997
 20
-81.3087
 10
502.3642
 20
-81.3087
  0
TEXT
  5
67F
330
17
100
AcDbEntity
  8
SOBRANTES-TEXTO
100
AcDbText
 10
502.4642
 20
-81.90870000000001
 30
0.0
 40
0.05
  1
PA-R-007
 72
1
 11
502.4642
 21
-81.90870000000001
 31
0.0
100
AcDbText
 73
2
  0
LWPOLYLINE
  5
680
330
17
100
AcDbEntity
  8
SOBRANTES-MAPA
100
AcDbPolyline
 90
4
 70
1
 10
499.9522
 20
-82.5074
 10
500.1522
 20
-82.5074
 10
500.1522
 20
-81.3074
 10
499.9522
 20
-81.3074
  0
LWPOLYLINE
  5
681
330
17
100
AcDbEntity
  8
SOBRANTES-RECORTE
100
AcDbPolyline
 90
4
 70
1
 10
499.9522
 20
-82.09060000000001
 10
500.1522
 20
-82.09060000000001
 10
500.1522
 20
-81.30740000000002
 10
499.9522
 20
-81.30740000000002
  0
TEXT
  5
682
330
17
100
AcDbEntity
  8
SOBRANTES-TEXTO
100
AcDbText
 10
500.0522
 20
-81.90740000000001
 30
0.0
 40
0.05
  1
PA-R-001
 72
1
 11
500.0522
 21
-81.90740000000001
 31
0.0
100
AcDbText
 73
2
  0
LWPOLYLINE
  5
683
330
17
100
AcDbEntity
  8
SOBRANTES-MAPA
100
AcDbPolyline
 90
4
 70
1
 10
500.3542
 20
-82.5074
 10
500.5542
 20
-82.5074
 10
500.5542
 20
-81.3074
 10
500.3542
 20
-81.3074
  0
LWPOLYLINE
  5
684
330
17
100
AcDbEntity
  8
SOBRANTES-RECORTE
100
AcDbPolyline
 90
4
 70
1
 10
500.3542
 20
-82.0909
 10
500.5542
 20
-82.0909
 10
500.5542
 20
-81.3074
 10
500.3542
 20
-81.3074
  0
TEXT
  5
685
330
17
100
AcDbEntity
  8
SOBRANTES-TEXTO
100
AcDbText
 10
500.4542
 20
-81.90740000000001
 30
0.0
 40
0.05
  1
PA-R-002
 72
1
 11
500.4542
 21
-81.90740000000001
 31
0.0
100
AcDbText
 73
2
  0
LWPOLYLINE
  5
686
330
17
100
AcDbEntity
  8
SOBRANTES-MAPA
100
AcDbPolyline
 90
4
 70
1
 10
500.7562
 20
-82.5074
 10
500.95619999999997
 20
-82.5074
 10
500.95619999999997
 20
-81.3074
 10
500.7562
 20
-81.3074
  0
LWPOLYLINE
  5
687
330
17
100
AcDbEntity
  8
SOBRANTES-RECORTE
100
AcDbPolyline
 90
4
 70
1
 10
500.7562
 20
-82.0912
 10
500.95619999999997
 20
-82.0912
 10
500.95619999999997
 20
-81.3074
 10
500.7562
 20
-81.3074
  0
TEXT
  5
688
330
17
100
AcDbEntity
  8
SOBRANTES-TEXTO
100
AcDbText
 10
500.8562
 20
-81.90740000000001
 30
0.0
 40
0.05
  1
PA-R-003
 72
1
 11
500.8562
 21
-81.90740000000001
 31
0.0
100
AcDbText
 73
2
  0
LWPOLYLINE
  5
689
330
17
100
AcDbEntity
  8
SOBRANTES-MAPA
100
AcDbPolyline
 90
4
 70
1
 10
501.1582
 20
-82.5074
 10
501.3582
 20
-82.5074
 10
501.3582
 20
-81.3074
 10
501.1582
 20
-81.3074
  0
LWPOLYLINE
  5
68A
330
17
100
AcDbEntity
  8
SOBRANTES-RECORTE
100
AcDbPolyline
 90
4
 70
1
 10
501.1582
 20
-82.09150000000001
 10
501.3582
 20
-82.09150000000001
 10
501.3582
 20
-81.30740000000002
 10
501.1582
 20
-81.30740000000002
  0
TEXT
  5
68B
330
17
100
AcDbEntity
  8
SOBRANTES-TEXTO
100
AcDbText
 10
501.25820000000004
 20
-81.90740000000001
 30
0.0
 40
0.05
  1
PA-R-004
 72
1
 11
501.25820000000004
 21
-81.90740000000001
 31
0.0
100
AcDbText
 73
2
  0
LWPOLYLINE
  5
68C
330
17
100
AcDbEntity
  8
SOBRANTES-MAPA
100
AcDbPolyline
 90
4
 70
1
 10
501.5602
 20
-82.5074
 10
501.7602
 20
-82.5074
 10
501.7602
 20
-81.3074
 10
501.5602
 20
-81.3074
  0
LWPOLYLINE
  5
68D
330
17
100
AcDbEntity
  8
SOBRANTES-RECORTE
100
AcDbPolyline
 90
4
 70
1
 10
501.5602
 20
-82.0918
 10
501.7602
 20
-82.0918
 10
501.7602
 20
-81.3074
 10
501.5602
 20
-81.3074
  0
TEXT
  5
68E
330
17
100
AcDbEntity
  8
SOBRANTES-TEXTO
100
AcDbText
 10
501.66020000000003
 20
-81.90740000000001
 30
0.0
 40
0.05
  1
PA-R-005
 72
1
 11
501.66020000000003
 21
-81.90740000000001
 31
0.0
100
AcDbText
 73
2
  0
LWPOLYLINE
  5
68F
330
17
100
AcDbEntity
  8
SOBRANTES-MAPA
100
AcDbPolyline
 90
4
 70
1
 10
501.9622
 20
-82.5074
 10
502.1622
 20
-82.5074
 10
502.1622
 20
-81.3074
 10
501.9622
 20
-81.3074
  0
LWPOLYLINE
  5
690
330
17
100
AcDbEntity
  8
SOBRANTES-RECORTE
100
AcDbPolyline
 90
4
 70
1
 10
501.9622
 20
-82.0921
 10
502.1622
 20
-82.0921
 10
502.1622
 20
-81.3074
 10
501.9622
 20
-81.3074
  0
TEXT
  5
691
330
17
100
AcDbEntity
  8
SOBRANTES-TEXTO
100
AcDbText
 10
502.0622
 20
-81.90740000000001
 30
0.0
 40
0.05
  1
PA-R-006
 72
1
 11
502.0622
 21
-81.90740000000001
 31
0.0
100
AcDbText
 73
2
  0
LWPOLYLINE
  5
692
330
17
100
AcDbEntity
  8
SOBRANTES-MAPA
100
AcDbPolyline
 90
4
 70
1
 10
502.654
 20
-85.96
 10
503.25
 20
-85.96
 10
503.25
 20
-84.76599999999999
 10
502.654
 20
-84.76599999999999
  0
LWPOLYLINE
  5
693
330
17
100
AcDbEntity
  8
SOBRANTES-RECORTE
100
AcDbPolyline
 90
4
 70
1
 10
502.74399999999997
 20
-85.96
 10
503.24999999999994
 20
-85.96
 10
503.24999999999994
 20
-85.05999999999999
 10
502.74399999999997
 20
-85.05999999999999
  0
LWPOLYLINE
  5
694
330
17
100
AcDbEntity
  8
SOBRANTES-RECORTE
100
AcDbPolyline
 90
4
 70
1
 10
502.654
 20
-85.05999999999999
 10
502.74399999999997
 20
-85.05999999999999
 10
502.74399999999997
 20
-84.76599999999999
 10
502.654
 20
-84.76599999999999
  0
TEXT
  5
695
330
17
100
AcDbEntity
  8
SOBRANTES-TEXTO
100
AcDbText
 10
502.952
 20
-85.363
 30
0.0
 40
0.05
  1
PA-M-004
 72
1
 11
502.952
 21
-85.363
 31
0.0
100
AcDbText
 73
2
  0
LWPOLYLINE
  5
696
330
17
100
AcDbEntity
  8
SOBRANTES-MAPA
100
AcDbPolyline
 90
4
 70
1
 10
503.944
 20
-91.104
 10
504.54
 20
-91.104
 10
504.54
 20
-89.91
 10
503.944
 20
-89.91
  0
LWPOLYLINE
  5
697
330
17
100
AcDbEntity
  8
SOBRANTES-RECORTE
100
AcDbPolyline
 90
4
 70
1
 10
504.034
 20
-90.81
 10
504.53999999999996
 20
-90.81
 10
504.53999999999996
 20
-89.91
 10
504.034
 20
-89.91
  0
LWPOLYLINE
  5
698
330
17
100
AcDbEntity
  8
SOBRANTES-RECORTE
100
AcDbPolyline
 90
4
 70
1
 10
503.944
 20
-91.104
 10
504.034
 20
-91.104
 10
504.034
 20
-90.81
 10
503.944
 20
-90.81
  0
TEXT
  5
699
330
17
100
AcDbEntity
  8
SOBRANTES-TEXTO
100
AcDbText
 10
504.242
 20
-90.507
 30
0.0
 40
0.05
  1
PA-M-038
 72
1
 11
504.242
 21
-90.507
 31
0.0
100
AcDbText
 73
2
  0
LWPOLYLINE
  5
69A
330
17
100
AcDbEntity
  8
SOBRANTES-MAPA
100
AcDbPolyline
 90
4
 70
1
 10
502.565
 20
-85.96
 10
502.765
 20
-85.96
 10
502.765
 20
-84.75999999999999
 10
502.565
 20
-84.75999999999999
  0
LWPOLYLINE
  5
69B
330
17
100
AcDbEntity
  8
SOBRANTES-RECORTE
100
AcDbPolyline
 90
4
 70
1
 10
502.654
 20
-85.96
 10
502.765
 20
-85.96
 10
502.765
 20
-85.05999999999999
 10
502.654
 20
-85.05999999999999
  0
LWPOLYLINE
  5
69C
330
17
100
AcDbEntity
  8
SOBRANTES-RECORTE
100
AcDbPolyline
 90
4
 70
1
 10
502.565
 20
-85.05999999999999
 10
502.654
 20
-85.05999999999999
 10
502.654
 20
-84.75999999999999
 10
502.565
 20
-84.75999999999999
  0
TEXT
  5
69D
330
17
100
AcDbEntity
  8
SOBRANTES-TEXTO
100
AcDbText
 10
502.665
 20
-85.36
 30
0.0
 40
0.05
  1
PA-R-124
 72
1
 11
502.665
 21
-85.36
 31
0.0
100
AcDbText
 73
2
  0
LWPOLYLINE
  5
69E
330
17
100
AcDbEntity
  8
SOBRANTES-MAPA
100
AcDbPolyline
 90
4
 70
1
 10
504.0342
 20
-91.1104
 10
504.2342
 20
-91.1104
 10
504.2342
 20
-89.9104
 10
504.0342
 20
-89.9104
  0
LWPOLYLINE
  5
69F
330
17
100
AcDbEntity
  8
SOBRANTES-RECORTE
100
AcDbPolyline
 90
4
 70
1
 10
504.1232
 20
-90.8104
 10
504.2342
 20
-90.8104
 10
504.2342
 20
-89.9104
 10
504.1232
 20
-89.9104
  0
LWPOLYLINE
  5
6A0
330
17
100
AcDbEntity
  8
SOBRANTES-RECORTE
100
AcDbPolyline
 90
4
 70
1
 10
504.0342
 20
-91.1104
 10
504.1232
 20
-91.1104
 10
504.1232
 20
-90.8104
 10
504.0342
 20
-90.8104
  0
TEXT
  5
6A1
330
17
100
AcDbEntity
  8
SOBRANTES-TEXTO
100
AcDbText
 10
504.1342
 20
-90.5104
 30
0.0
 40
0.05
  1
PA-R-149
 72
1
 11
504.1342
 21
-90.5104
 31
0.0
100
AcDbText
 73
2
  0
LWPOLYLINE
  5
6A2
330
17
100
AcDbEntity
  8
SOBRANTES-MAPA
100
AcDbPolyline
 90
4
 70
1
 10
507.742
 20
-91.11000000000001
 10
507.942
 20
-91.11000000000001
 10
507.942
 20
-89.91000000000001
 10
507.742
 20
-89.91000000000001
  0
LWPOLYLINE
  5
6A3
330
17
100
AcDbEntity
  8
SOBRANTES-RECORTE
100
AcDbPolyline
 90
4
 70
1
 10
507.814
 20
-91.022
 10
507.942
 20
-91.022
 10
507.942
 20
-89.91000000000001
 10
507.814
 20
-89.91000000000001
  0
LWPOLYLINE
  5
6A4
330
17
100
AcDbEntity
  8
SOBRANTES-RECORTE
100
AcDbPolyline
 90
4
 70
1
 10
507.742
 20
-91.11000000000001
 10
507.814
 20
-91.11000000000001
 10
507.814
 20
-91.02200000000002
 10
507.742
 20
-91.02200000000002
  0
TEXT
  5
6A5
330
17
100
AcDbEntity
  8
SOBRANTES-TEXTO
100
AcDbText
 10
507.84200000000004
 20
-90.51000000000002
 30
0.0
 40
0.05
  1
PA-R-159
 72
1
 11
507.84200000000004
 21
-90.51000000000002
 31
0.0
100
AcDbText
 73
2
  0
LWPOLYLINE
  5
6A6
330
17
100
AcDbEntity
  8
SOBRANTES-MAPA
100
AcDbPolyline
 90
4
 70
1
 10
507.7422
 20
-93.4234
 10
507.9422
 20
-93.4234
 10
507.9422
 20
-92.2234
 10
507.7422
 20
-92.2234
  0
LWPOLYLINE
  5
6A7
330
17
100
AcDbEntity
  8
SOBRANTES-RECORTE
100
AcDbPolyline
 90
4
 70
1
 10
507.8142
 20
-93.3304
 10
507.9422
 20
-93.3304
 10
507.9422
 20
-92.2234
 10
507.8142
 20
-92.2234
  0
LWPOLYLINE
  5
6A8
330
17
100
AcDbEntity
  8
SOBRANTES-RECORTE
100
AcDbPolyline
 90
4
 70
1
 10
507.7422
 20
-93.4234
 10
507.8142
 20
-93.4234
 10
507.8142
 20
-93.3304
 10
507.7422
 20
-93.3304
  0
TEXT
  5
6A9
330
17
100
AcDbEntity
  8
SOBRANTES-TEXTO
100
AcDbText
 10
507.84220000000005
 20
-92.8234
 30
0.0
 40
0.05
  1
PA-R-197
 72
1
 11
507.84220000000005
 21
-92.8234
 31
0.0
100
AcDbText
 73
2
  0
LWPOLYLINE
  5
6AA
330
17
100
AcDbEntity
  8
SOBRANTES-MAPA
100
AcDbPolyline
 90
4
 70
1
 10
495.11269999999996
 20
-89.1284
 10
495.70869999999996
 20
-89.1284
 10
495.70869999999996
 20
-87.9344
 10
495.11269999999996
 20
-87.9344
  0
LWPOLYLINE
  5
6AB
330
17
100
AcDbEntity
  8
SOBRANTES-RECORTE
100
AcDbPolyline
 90
4
 70
1
 10
495.11269999999996
 20
-88.4054
 10
495.5587
 20
-88.4054
 10
495.5587
 20
-87.9344
 10
495.11269999999996
 20
-87.9344
  0
LWPOLYLINE
  5
6AC
330
17
100
AcDbEntity
  8
SOBRANTES-RECORTE
100
AcDbPolyline
 90
4
 70
1
 10
495.5587
 20
-89.1284
 10
495.70869999999996
 20
-89.1284
 10
495.70869999999996
 20
-88.4054
 10
495.5587
 20
-88.4054
  0
TEXT
  5
6AD
330
17
100
AcDbEntity
  8
SOBRANTES-TEXTO
100
AcDbText
 10
495.41069999999996
 20
-88.5314
 30
0.0
 40
0.05
  1
PB-M-087
 72
1
 11
495.41069999999996
 21
-88.5314
 31
0.0
100
AcDbText
 73
2
  0
LWPOLYLINE
  5
6AE
330
17
100
AcDbEntity
  8
SOBRANTES-MAPA
100
AcDbPolyline
 90
4
 70
1
 10
494.3587
 20
-89.1284
 10
494.9547
 20
-89.1284
 10
494.9547
 20
-87.9344
 10
494.3587
 20
-87.9344
  0
LWPOLYLINE
  5
6AF
330
17
100
AcDbEntity
  8
SOBRANTES-RECORTE
100
AcDbPolyline
 90
4
 70
1
 10
494.3587
 20
-88.4054
 10
494.8187
 20
-88.4054
 10
494.8187
 20
-87.9344
 10
494.3587
 20
-87.9344
  0
LWPOLYLINE
  5
6B0
330
17
100
AcDbEntity
  8
SOBRANTES-RECORTE
100
AcDbPolyline
 90
4
 70
1
 10
494.8187
 20
-89.1284
 10
494.9547
 20
-89.1284
 10
494.9547
 20
-88.4054
 10
494.8187
 20
-88.4054
  0
TEXT
  5
6B1
330
17
100
AcDbEntity
  8
SOBRANTES-TEXTO
100
AcDbText
 10
494.6567
 20
-88.5314
 30
0.0
 40
0.05
  1
PB-M-085
 72
1
 11
494.6567
 21
-88.5314
 31
0.0
100
AcDbText
 73
2
  0
LWPOLYLINE
  5
6B2
330
17
100
AcDbEntity
  8
SOBRANTES-MAPA
100
AcDbPolyline
 90
4
 70
1
 10
494.3587
 20
-90.9154
 10
494.9547
 20
-90.9154
 10
494.9547
 20
-89.7214
 10
494.3587
 20
-89.7214
  0
LWPOLYLINE
  5
6B3
330
17
100
AcDbEntity
  8
SOBRANTES-RECORTE
100
AcDbPolyline
 90
4
 70
1
 10
494.3587
 20
-90.1604
 10
494.8187
 20
-90.1604
 10
494.8187
 20
-89.7214
 10
494.3587
 20
-89.7214
  0
LWPOLYLINE
  5
6B4
330
17
100
AcDbEntity
  8
SOBRANTES-RECORTE
100
AcDbPolyline
 90
4
 70
1
 10
494.8187
 20
-90.9154
 10
494.9547
 20
-90.9154
 10
494.9547
 20
-90.16040000000001
 10
494.8187
 20
-90.16040000000001
  0
TEXT
  5
6B5
330
17
100
AcDbEntity
  8
SOBRANTES-TEXTO
100
AcDbText
 10
494.6567
 20
-90.31840000000001
 30
0.0
 40
0.05
  1
PB-M-114
 72
1
 11
494.6567
 21
-90.31840000000001
 31
0.0
100
AcDbText
 73
2
  0
TEXT
  5
6B6
330
17
100
AcDbEntity
  8
CORTE-TEXTO
100
AcDbText
 10
492.5387
 20
-94.8304
 30
0.0
 40
0.25
  1
PLAN DE CORTE - MORET  (81 baldosas a abrir)
 72
1
 11
492.5387
 21
-94.8304
 31
0.0
100
AcDbText
 73
2
  0
LWPOLYLINE
  5
6B7
330
17
100
AcDbEntity
  8
CORTE-TILE
100
AcDbPolyline
 90
4
 70
1
 10
489.5387
 20
-97.2244
 10
490.1347
 20
-97.2244
 10
490.1347
 20
-96.0304
 10
489.5387
 20
-96.0304
  0
TEXT
  5
6B8
330
17
100
AcDbEntity
  8
CORTE-TEXTO
100
AcDbText
 10
489.8367
 20
-95.8904
 30
0.0
 40
0.06
  1
M-01
 72
1
 11
489.8367
 21
-95.8904
 31
0.0
100
AcDbText
 73
2
  0
LWPOLYLINE
  5
6B9
330
17
100
AcDbEntity
  8
CORTE-RECORTE
100
AcDbPolyline
 90
4
 70
1
 10
489.5387
 20
-97.2244
 10
490.1347
 20
-97.2244
 10
490.1347
 20
-96.0304
 10
489.5387
 20
-96.0304
  0
TEXT
  5
6BA
330
17
100
AcDbEntity
  8
CORTE-TEXTO
100
AcDbText
 10
489.8367
 20
-96.62740000000001
 30
0.0
 40
0.035
  1
PB-M-133
 72
1
 11
489.8367
 21
-96.62740000000001
 31
0.0
100
AcDbText
 73
2
  0
LWPOLYLINE
  5
6BB
330
17
100
AcDbEntity
  8
CORTE-TILE
100
AcDbPolyline
 90
4
 70
1
 10
490.5847
 20
-97.2244
 10
491.1807
 20
-97.2244
 10
491.1807
 20
-96.0304
 10
490.5847
 20
-96.0304
  0
TEXT
  5
6BC
330
17
100
AcDbEntity
  8
CORTE-TEXTO
100
AcDbText
 10
490.8827
 20
-95.8904
 30
0.0
 40
0.06
  1
M-02
 72
1
 11
490.8827
 21
-95.8904
 31
0.0
100
AcDbText
 73
2
  0
LWPOLYLINE
  5
6BD
330
17
100
AcDbEntity
  8
CORTE-RECORTE
100
AcDbPolyline
 90
4
 70
1
 10
490.5847
 20
-97.2244
 10
491.1807
 20
-97.2244
 10
491.1807
 20
-96.0304
 10
490.5847
 20
-96.0304
  0
TEXT
  5
6BE
330
17
100
AcDbEntity
  8
CORTE-TEXTO
100
AcDbText
 10
490.8827
 20
-96.62740000000001
 30
0.0
 40
0.035
  1
PA-M-035
 72
1
 11
490.8827
 21
-96.62740000000001
 31
0.0
100
AcDbText
 73
2
  0
LWPOLYLINE
  5
6BF
330
17
100
AcDbEntity
  8
CORTE-TILE
100
AcDbPolyline
 90
4
 70
1
 10
491.6307
 20
-97.2244
 10
492.2267
 20
-97.2244
 10
492.2267
 20
-96.0304
 10
491.6307
 20
-96.0304
  0
TEXT
  5
6C0
330
17
100
AcDbEntity
  8
CORTE-TEXTO
100
AcDbText
 10
491.9287
 20
-95.8904
 30
0.0
 40
0.06
  1
M-03
 72
1
 11
491.9287
 21
-95.8904
 31
0.0
100
AcDbText
 73
2
  0
LWPOLYLINE
  5
6C1
330
17
100
AcDbEntity
  8
CORTE-RECORTE
100
AcDbPolyline
 90
4
 70
1
 10
491.6307
 20
-97.2244
 10
492.2267
 20
-97.2244
 10
492.2267
 20
-96.0304
 10
491.6307
 20
-96.0304
  0
TEXT
  5
6C2
330
17
100
AcDbEntity
  8
CORTE-TEXTO
100
AcDbText
 10
491.9287
 20
-96.62740000000001
 30
0.0
 40
0.035
  1
PA-M-033
 72
1
 11
491.9287
 21
-96.62740000000001
 31
0.0
100
AcDbText
 73
2
  0
LWPOLYLINE
  5
6C3
330
17
100
AcDbEntity
  8
CORTE-TILE
100
AcDbPolyline
 90
4
 70
1
 10
492.6767
 20
-97.2244
 10
493.2727
 20
-97.2244
 10
493.2727
 20
-96.0304
 10
492.6767
 20
-96.0304
  0
TEXT
  5
6C4
330
17
100
AcDbEntity
  8
CORTE-TEXTO
100
AcDbText
 10
492.9747
 20
-95.8904
 30
0.0
 40
0.06
  1
M-04
 72
1
 11
492.9747
 21
-95.8904
 31
0.0
100
AcDbText
 73
2
  0
LWPOLYLINE
  5
6C5
330
17
100
AcDbEntity
  8
CORTE-RECORTE
100
AcDbPolyline
 90
4
 70
1
 10
492.6767
 20
-97.2244
 10
493.2727
 20
-97.2244
 10
493.2727
 20
-96.0304
 10
492.6767
 20
-96.0304
  0
TEXT
  5
6C6
330
17
100
AcDbEntity
  8
CORTE-TEXTO
100
AcDbText
 10
492.9747
 20
-96.62740000000001
 30
0.0
 40
0.035
  1
PA-M-025
 72
1
 11
492.9747
 21
-96.62740000000001
 31
0.0
100
AcDbText
 73
2
  0
LWPOLYLINE
  5
6C7
330
17
100
AcDbEntity
  8
CORTE-TILE
100
AcDbPolyline
 90
4
 70
1
 10
493.72270000000003
 20
-97.2244
 10
494.31870000000004
 20
-97.2244
 10
494.31870000000004
 20
-96.0304
 10
493.72270000000003
 20
-96.0304
  0
TEXT
  5
6C8
330
17
100
AcDbEntity
  8
CORTE-TEXTO
100
AcDbText
 10
494.02070000000003
 20
-95.8904
 30
0.0
 40
0.06
  1
M-05
 72
1
 11
494.02070000000003
 21
-95.8904
 31
0.0
100
AcDbText
 73
2
  0
LWPOLYLINE
  5
6C9
330
17
100
AcDbEntity
  8
CORTE-RECORTE
100
AcDbPolyline
 90
4
 70
1
 10
493.72270000000003
 20
-97.2244
 10
494.31870000000004
 20
-97.2244
 10
494.31870000000004
 20
-96.0304
 10
493.72270000000003
 20
-96.0304
  0
TEXT
  5
6CA
330
17
100
AcDbEntity
  8
CORTE-TEXTO
100
AcDbText
 10
494.02070000000003
 20
-96.62740000000001
 30
0.0
 40
0.035
  1
PA-M-005
 72
1
 11
494.02070000000003
 21
-96.62740000000001
 31
0.0
100
AcDbText
 73
2
  0
LWPOLYLINE
  5
6CB
330
17
100
AcDbEntity
  8
CORTE-TILE
100
AcDbPolyline
 90
4
 70
1
 10
494.7687
 20
-97.2244
 10
495.3647
 20
-97.2244
 10
495.3647
 20
-96.0304
 10
494.7687
 20
-96.0304
  0
TEXT
  5
6CC
330
17
100
AcDbEntity
  8
CORTE-TEXTO
100
AcDbText
 10
495.0667
 20
-95.8904
 30
0.0
 40
0.06
  1
M-06
 72
1
 11
495.0667
 21
-95.8904
 31
0.0
100
AcDbText
 73
2
  0
LWPOLYLINE
  5
6CD
330
17
100
AcDbEntity
  8
CORTE-RECORTE
100
AcDbPolyline
 90
4
 70
1
 10
494.7687
 20
-97.2244
 10
495.3647
 20
-97.2244
 10
495.3647
 20
-96.03240000000001
 10
494.7687
 20
-96.03240000000001
  0
TEXT
  5
6CE
330
17
100
AcDbEntity
  8
CORTE-TEXTO
100
AcDbText
 10
495.0667
 20
-96.6284
 30
0.0
 40
0.035
  1
PB-M-083
 72
1
 11
495.0667
 21
-96.6284
 31
0.0
100
AcDbText
 73
2
  0
LWPOLYLINE
  5
6CF
330
17
100
AcDbEntity
  8
CORTE-TILE
100
AcDbPolyline
 90
4
 70
1
 10
495.8147
 20
-97.2244
 10
496.4107
 20
-97.2244
 10
496.4107
 20
-96.0304
 10
495.8147
 20
-96.0304
  0
TEXT
  5
6D0
330
17
100
AcDbEntity
  8
CORTE-TEXTO
100
AcDbText
 10
496.1127
 20
-95.8904
 30
0.0
 40
0.06
  1
M-07
 72
1
 11
496.1127
 21
-95.8904
 31
0.0
100
AcDbText
 73
2
  0
LWPOLYLINE
  5
6D1
330
17
100
AcDbEntity
  8
CORTE-RECORTE
100
AcDbPolyline
 90
4
 70
1
 10
495.8147
 20
-97.2244
 10
496.4107
 20
-97.2244
 10
496.4107
 20
-96.03240000000001
 10
495.8147
 20
-96.03240000000001
  0
TEXT
  5
6D2
330
17
100
AcDbEntity
  8
CORTE-TEXTO
100
AcDbText
 10
496.1127
 20
-96.6284
 30
0.0
 40
0.035
  1
PB-M-081
 72
1
 11
496.1127
 21
-96.6284
 31
0.0
100
AcDbText
 73
2
  0
LWPOLYLINE
  5
6D3
330
17
100
AcDbEntity
  8
CORTE-TILE
100
AcDbPolyline
 90
4
 70
1
 10
496.8607
 20
-97.2244
 10
497.4567
 20
-97.2244
 10
497.4567
 20
-96.0304
 10
496.8607
 20
-96.0304
  0
TEXT
  5
6D4
330
17
100
AcDbEntity
  8
CORTE-TEXTO
100
AcDbText
 10
497.1587
 20
-95.8904
 30
0.0
 40
0.06
  1
M-08
 72
1
 11
497.1587
 21
-95.8904
 31
0.0
100
AcDbText
 73
2
  0
LWPOLYLINE
  5
6D5
330
17
100
AcDbEntity
  8
CORTE-RECORTE
100
AcDbPolyline
 90
4
 70
1
 10
496.8607
 20
-97.2244
 10
497.4567
 20
-97.2244
 10
497.4567
 20
-96.0364
 10
496.8607
 20
-96.0364
  0
TEXT
  5
6D6
330
17
100
AcDbEntity
  8
CORTE-TEXTO
100
AcDbText
 10
497.1587
 20
-96.63040000000001
 30
0.0
 40
0.035
  1
PB-M-147
 72
1
 11
497.1587
 21
-96.63040000000001
 31
0.0
100
AcDbText
 73
2
  0
LWPOLYLINE
  5
6D7
330
17
100
AcDbEntity
  8
CORTE-TILE
100
AcDbPolyline
 90
4
 70
1
 10
497.9067
 20
-97.2244
 10
498.5027
 20
-97.2244
 10
498.5027
 20
-96.0304
 10
497.9067
 20
-96.0304
  0
TEXT
  5
6D8
330
17
100
AcDbEntity
  8
CORTE-TEXTO
100
AcDbText
 10
498.2047
 20
-95.8904
 30
0.0
 40
0.06
  1
M-09
 72
1
 11
498.2047
 21
-95.8904
 31
0.0
100
AcDbText
 73
2
  0
LWPOLYLINE
  5
6D9
330
17
100
AcDbEntity
  8
CORTE-RECORTE
100
AcDbPolyline
 90
4
 70
1
 10
497.9067
 20
-97.2244
 10
498.5027
 20
-97.2244
 10
498.5027
 20
-96.0444
 10
497.9067
 20
-96.0444
  0
TEXT
  5
6DA
330
17
100
AcDbEntity
  8
CORTE-TEXTO
100
AcDbText
 10
498.2047
 20
-96.6344
 30
0.0
 40
0.035
  1
PB-M-134
 72
1
 11
498.2047
 21
-96.6344
 31
0.0
100
AcDbText
 73
2
  0
LWPOLYLINE
  5
6DB
330
17
100
AcDbEntity
  8
CORTE-DESPERDICIO
100
AcDbPolyline
 90
4
 70
1
 10
497.9067
 20
-96.0444
 10
498.5027
 20
-96.0444
 10
498.5027
 20
-96.0304
 10
497.9067
 20
-96.0304
  0
LWPOLYLINE
  5
6DC
330
17
100
AcDbEntity
  8
CORTE-TILE
100
AcDbPolyline
 90
4
 70
1
 10
498.9527
 20
-97.2244
 10
499.5487
 20
-97.2244
 10
499.5487
 20
-96.0304
 10
498.9527
 20
-96.0304
  0
TEXT
  5
6DD
330
17
100
AcDbEntity
  8
CORTE-TEXTO
100
AcDbText
 10
499.2507
 20
-95.8904
 30
0.0
 40
0.06
  1
M-10
 72
1
 11
499.2507
 21
-95.8904
 31
0.0
100
AcDbText
 73
2
  0
LWPOLYLINE
  5
6DE
330
17
100
AcDbEntity
  8
CORTE-RECORTE
100
AcDbPolyline
 90
4
 70
1
 10
498.9527
 20
-97.2244
 10
499.5487
 20
-97.2244
 10
499.5487
 20
-96.0744
 10
498.9527
 20
-96.0744
  0
TEXT
  5
6DF
330
17
100
AcDbEntity
  8
CORTE-TEXTO
100
AcDbText
 10
499.2507
 20
-96.6494
 30
0.0
 40
0.035
  1
PA-M-029
 72
1
 11
499.2507
 21
-96.6494
 31
0.0
100
AcDbText
 73
2
  0
LWPOLYLINE
  5
6E0
330
17
100
AcDbEntity
  8
CORTE-DESPERDICIO
100
AcDbPolyline
 90
4
 70
1
 10
498.9527
 20
-96.0744
 10
499.5487
 20
-96.0744
 10
499.5487
 20
-96.0304
 10
498.9527
 20
-96.0304
  0
LWPOLYLINE
  5
6E1
330
17
100
AcDbEntity
  8
CORTE-TILE
100
AcDbPolyline
 90
4
 70
1
 10
499.9987
 20
-97.2244
 10
500.5947
 20
-97.2244
 10
500.5947
 20
-96.0304
 10
499.9987
 20
-96.0304
  0
TEXT
  5
6E2
330
17
100
AcDbEntity
  8
CORTE-TEXTO
100
AcDbText
 10
500.2967
 20
-95.8904
 30
0.0
 40
0.06
  1
M-11
 72
1
 11
500.2967
 21
-95.8904
 31
0.0
100
AcDbText
 73
2
  0
LWPOLYLINE
  5
6E3
330
17
100
AcDbEntity
  8
CORTE-RECORTE
100
AcDbPolyline
 90
4
 70
1
 10
499.9987
 20
-97.2244
 10
500.5947
 20
-97.2244
 10
500.5947
 20
-96.0744
 10
499.9987
 20
-96.0744
  0
TEXT
  5
6E4
330
17
100
AcDbEntity
  8
CORTE-TEXTO
100
AcDbText
 10
500.2967
 20
-96.6494
 30
0.0
 40
0.035
  1
PA-M-028
 72
1
 11
500.2967
 21
-96.6494
 31
0.0
100
AcDbText
 73
2
  0
LWPOLYLINE
  5
6E5
330
17
100
AcDbEntity
  8
CORTE-DESPERDICIO
100
AcDbPolyline
 90
4
 70
1
 10
499.9987
 20
-96.0744
 10
500.5947
 20
-96.0744
 10
500.5947
 20
-96.0304
 10
499.9987
 20
-96.0304
  0
LWPOLYLINE
  5
6E6
330
17
100
AcDbEntity
  8
CORTE-TILE
100
AcDbPolyline
 90
4
 70
1
 10
501.04470000000003
 20
-97.2244
 10
501.64070000000004
 20
-97.2244
 10
501.64070000000004
 20
-96.0304
 10
501.04470000000003
 20
-96.0304
  0
TEXT
  5
6E7
330
17
100
AcDbEntity
  8
CORTE-TEXTO
100
AcDbText
 10
501.34270000000004
 20
-95.8904
 30
0.0
 40
0.06
  1
M-12
 72
1
 11
501.34270000000004
 21
-95.8904
 31
0.0
100
AcDbText
 73
2
  0
LWPOLYLINE
  5
6E8
330
17
100
AcDbEntity
  8
CORTE-RECORTE
100
AcDbPolyline
 90
4
 70
1
 10
501.04470000000003
 20
-97.2244
 10
501.64070000000004
 20
-97.2244
 10
501.64070000000004
 20
-96.0784
 10
501.04470000000003
 20
-96.0784
  0
TEXT
  5
6E9
330
17
100
AcDbEntity
  8
CORTE-TEXTO
100
AcDbText
 10
501.34270000000004
 20
-96.65140000000001
 30
0.0
 40
0.035
  1
PB-M-039
 72
1
 11
501.34270000000004
 21
-96.65140000000001
 31
0.0
100
AcDbText
 73
2
  0
LWPOLYLINE
  5
6EA
330
17
100
AcDbEntity
  8
CORTE-DESPERDICIO
100
AcDbPolyline
 90
4
 70
1
 10
501.04470000000003
 20
-96.0784
 10
501.64070000000004
 20
-96.0784
 10
501.64070000000004
 20
-96.0304
 10
501.04470000000003
 20
-96.0304
  0
LWPOLYLINE
  5
6EB
330
17
100
AcDbEntity
  8
CORTE-TILE
100
AcDbPolyline
 90
4
 70
1
 10
502.0907
 20
-97.2244
 10
502.68670000000003
 20
-97.2244
 10
502.68670000000003
 20
-96.0304
 10
502.0907
 20
-96.0304
  0
TEXT
  5
6EC
330
17
100
AcDbEntity
  8
CORTE-TEXTO
100
AcDbText
 10
502.38870000000003
 20
-95.8904
 30
0.0
 40
0.06
  1
M-13
 72
1
 11
502.38870000000003
 21
-95.8904
 31
0.0
100
AcDbText
 73
2
  0
LWPOLYLINE
  5
6ED
330
17
100
AcDbEntity
  8
CORTE-RECORTE
100
AcDbPolyline
 90
4
 70
1
 10
502.0907
 20
-97.2244
 10
502.68670000000003
 20
-97.2244
 10
502.68670000000003
 20
-96.0784
 10
502.0907
 20
-96.0784
  0
TEXT
  5
6EE
330
17
100
AcDbEntity
  8
CORTE-TEXTO
100
AcDbText
 10
502.38870000000003
 20
-96.65140000000001
 30
0.0
 40
0.035
  1
PB-M-038
 72
1
 11
502.38870000000003
 21
-96.65140000000001
 31
0.0
100
AcDbText
 73
2
  0
LWPOLYLINE
  5
6EF
330
17
100
AcDbEntity
  8
CORTE-DESPERDICIO
100
AcDbPolyline
 90
4
 70
1
 10
502.0907
 20
-96.0784
 10
502.68670000000003
 20
-96.0784
 10
502.68670000000003
 20
-96.0304
 10
502.0907
 20
-96.0304
  0
LWPOLYLINE
  5
6F0
330
17
100
AcDbEntity
  8
CORTE-TILE
100
AcDbPolyline
 90
4
 70
1
 10
503.1367
 20
-97.2244
 10
503.7327
 20
-97.2244
 10
503.7327
 20
-96.0304
 10
503.1367
 20
-96.0304
  0
TEXT
  5
6F1
330
17
100
AcDbEntity
  8
CORTE-TEXTO
100
AcDbText
 10
503.4347
 20
-95.8904
 30
0.0
 40
0.06
  1
M-14
 72
1
 11
503.4347
 21
-95.8904
 31
0.0
100
AcDbText
 73
2
  0
LWPOLYLINE
  5
6F2
330
17
100
AcDbEntity
  8
CORTE-RECORTE
100
AcDbPolyline
 90
4
 70
1
 10
503.1367
 20
-97.2244
 10
503.7327
 20
-97.2244
 10
503.7327
 20
-96.0784
 10
503.1367
 20
-96.0784
  0
TEXT
  5
6F3
330
17
100
AcDbEntity
  8
CORTE-TEXTO
100
AcDbText
 10
503.4347
 20
-96.65140000000001
 30
0.0
 40
0.035
  1
PB-M-037
 72
1
 11
503.4347
 21
-96.65140000000001
 31
0.0
100
AcDbText
 73
2
  0
LWPOLYLINE
  5
6F4
330
17
100
AcDbEntity
  8
CORTE-DESPERDICIO
100
AcDbPolyline
 90
4
 70
1
 10
503.1367
 20
-96.0784
 10
503.7327
 20
-96.0784
 10
503.7327
 20
-96.0304
 10
503.1367
 20
-96.0304
  0
LWPOLYLINE
  5
6F5
330
17
100
AcDbEntity
  8
CORTE-TILE
100
AcDbPolyline
 90
4
 70
1
 10
504.1827
 20
-97.2244
 10
504.7787
 20
-97.2244
 10
504.7787
 20
-96.0304
 10
504.1827
 20
-96.0304
  0
TEXT
  5
6F6
330
17
100
AcDbEntity
  8
CORTE-TEXTO
100
AcDbText
 10
504.4807
 20
-95.8904
 30
0.0
 40
0.06
  1
M-15
 72
1
 11
504.4807
 21
-95.8904
 31
0.0
100
AcDbText
 73
2
  0
LWPOLYLINE
  5
6F7
330
17
100
AcDbEntity
  8
CORTE-RECORTE
100
AcDbPolyline
 90
4
 70
1
 10
504.1827
 20
-97.2244
 10
504.7787
 20
-97.2244
 10
504.7787
 20
-96.0784
 10
504.1827
 20
-96.0784
  0
TEXT
  5
6F8
330
17
100
AcDbEntity
  8
CORTE-TEXTO
100
AcDbText
 10
504.4807
 20
-96.65140000000001
 30
0.0
 40
0.035
  1
PB-M-036
 72
1
 11
504.4807
 21
-96.65140000000001
 31
0.0
100
AcDbText
 73
2
  0
LWPOLYLINE
  5
6F9
330
17
100
AcDbEntity
  8
CORTE-DESPERDICIO
100
AcDbPolyline
 90
4
 70
1
 10
504.1827
 20
-96.0784
 10
504.7787
 20
-96.0784
 10
504.7787
 20
-96.0304
 10
504.1827
 20
-96.0304
  0
LWPOLYLINE
  5
6FA
330
17
100
AcDbEntity
  8
CORTE-TILE
100
AcDbPolyline
 90
4
 70
1
 10
505.2287
 20
-97.2244
 10
505.8247
 20
-97.2244
 10
505.8247
 20
-96.0304
 10
505.2287
 20
-96.0304
  0
TEXT
  5
6FB
330
17
100
AcDbEntity
  8
CORTE-TEXTO
100
AcDbText
 10
505.5267
 20
-95.8904
 30
0.0
 40
0.06
  1
M-16
 72
1
 11
505.5267
 21
-95.8904
 31
0.0
100
AcDbText
 73
2
  0
LWPOLYLINE
  5
6FC
330
17
100
AcDbEntity
  8
CORTE-RECORTE
100
AcDbPolyline
 90
4
 70
1
 10
505.2287
 20
-97.2244
 10
505.8247
 20
-97.2244
 10
505.8247
 20
-96.0784
 10
505.2287
 20
-96.0784
  0
TEXT
  5
6FD
330
17
100
AcDbEntity
  8
CORTE-TEXTO
100
AcDbText
 10
505.5267
 20
-96.65140000000001
 30
0.0
 40
0.035
  1
PB-M-035
 72
1
 11
505.5267
 21
-96.65140000000001
 31
0.0
100
AcDbText
 73
2
  0
LWPOLYLINE
  5
6FE
330
17
100
AcDbEntity
  8
CORTE-DESPERDICIO
100
AcDbPolyline
 90
4
 70
1
 10
505.2287
 20
-96.0784
 10
505.8247
 20
-96.0784
 10
505.8247
 20
-96.0304
 10
505.2287
 20
-96.0304
  0
LWPOLYLINE
  5
6FF
330
17
100
AcDbEntity
  8
CORTE-TILE
100
AcDbPolyline
 90
4
 70
1
 10
506.2747
 20
-97.2244
 10
506.8707
 20
-97.2244
 10
506.8707
 20
-96.0304
 10
506.2747
 20
-96.0304
  0
TEXT
  5
700
330
17
100
AcDbEntity
  8
CORTE-TEXTO
100
AcDbText
 10
506.5727
 20
-95.8904
 30
0.0
 40
0.06
  1
M-17
 72
1
 11
506.5727
 21
-95.8904
 31
0.0
100
AcDbText
 73
2
  0
LWPOLYLINE
  5
701
330
17
100
AcDbEntity
  8
CORTE-RECORTE
100
AcDbPolyline
 90
4
 70
1
 10
506.2747
 20
-97.2244
 10
506.8707
 20
-97.2244
 10
506.8707
 20
-96.0784
 10
506.2747
 20
-96.0784
  0
TEXT
  5
702
330
17
100
AcDbEntity
  8
CORTE-TEXTO
100
AcDbText
 10
506.5727
 20
-96.65140000000001
 30
0.0
 40
0.035
  1
PB-M-034
 72
1
 11
506.5727
 21
-96.65140000000001
 31
0.0
100
AcDbText
 73
2
  0
LWPOLYLINE
  5
703
330
17
100
AcDbEntity
  8
CORTE-DESPERDICIO
100
AcDbPolyline
 90
4
 70
1
 10
506.2747
 20
-96.0784
 10
506.8707
 20
-96.0784
 10
506.8707
 20
-96.0304
 10
506.2747
 20
-96.0304
  0
LWPOLYLINE
  5
704
330
17
100
AcDbEntity
  8
CORTE-TILE
100
AcDbPolyline
 90
4
 70
1
 10
507.3207
 20
-97.2244
 10
507.9167
 20
-97.2244
 10
507.9167
 20
-96.0304
 10
507.3207
 20
-96.0304
  0
TEXT
  5
705
330
17
100
AcDbEntity
  8
CORTE-TEXTO
100
AcDbText
 10
507.6187
 20
-95.8904
 30
0.0
 40
0.06
  1
M-18
 72
1
 11
507.6187
 21
-95.8904
 31
0.0
100
AcDbText
 73
2
  0
LWPOLYLINE
  5
706
330
17
100
AcDbEntity
  8
CORTE-RECORTE
100
AcDbPolyline
 90
4
 70
1
 10
507.3207
 20
-97.2244
 10
507.9167
 20
-97.2244
 10
507.9167
 20
-96.0784
 10
507.3207
 20
-96.0784
  0
TEXT
  5
707
330
17
100
AcDbEntity
  8
CORTE-TEXTO
100
AcDbText
 10
507.6187
 20
-96.65140000000001
 30
0.0
 40
0.035
  1
PB-M-033
 72
1
 11
507.6187
 21
-96.65140000000001
 31
0.0
100
AcDbText
 73
2
  0
LWPOLYLINE
  5
708
330
17
100
AcDbEntity
  8
CORTE-DESPERDICIO
100
AcDbPolyline
 90
4
 70
1
 10
507.3207
 20
-96.0784
 10
507.9167
 20
-96.0784
 10
507.9167
 20
-96.0304
 10
507.3207
 20
-96.0304
  0
LWPOLYLINE
  5
709
330
17
100
AcDbEntity
  8
CORTE-TILE
100
AcDbPolyline
 90
4
 70
1
 10
508.3667
 20
-97.2244
 10
508.9627
 20
-97.2244
 10
508.9627
 20
-96.0304
 10
508.3667
 20
-96.0304
  0
TEXT
  5
70A
330
17
100
AcDbEntity
  8
CORTE-TEXTO
100
AcDbText
 10
508.6647
 20
-95.8904
 30
0.0
 40
0.06
  1
M-19
 72
1
 11
508.6647
 21
-95.8904
 31
0.0
100
AcDbText
 73
2
  0
LWPOLYLINE
  5
70B
330
17
100
AcDbEntity
  8
CORTE-RECORTE
100
AcDbPolyline
 90
4
 70
1
 10
508.3667
 20
-97.2244
 10
508.9627
 20
-97.2244
 10
508.9627
 20
-96.0784
 10
508.3667
 20
-96.0784
  0
TEXT
  5
70C
330
17
100
AcDbEntity
  8
CORTE-TEXTO
100
AcDbText
 10
508.6647
 20
-96.65140000000001
 30
0.0
 40
0.035
  1
PB-M-032
 72
1
 11
508.6647
 21
-96.65140000000001
 31
0.0
100
AcDbText
 73
2
  0
LWPOLYLINE
  5
70D
330
17
100
AcDbEntity
  8
CORTE-DESPERDICIO
100
AcDbPolyline
 90
4
 70
1
 10
508.3667
 20
-96.0784
 10
508.9627
 20
-96.0784
 10
508.9627
 20
-96.0304
 10
508.3667
 20
-96.0304
  0
LWPOLYLINE
  5
70E
330
17
100
AcDbEntity
  8
CORTE-TILE
100
AcDbPolyline
 90
4
 70
1
 10
509.41270000000003
 20
-97.2244
 10
510.00870000000003
 20
-97.2244
 10
510.00870000000003
 20
-96.0304
 10
509.41270000000003
 20
-96.0304
  0
TEXT
  5
70F
330
17
100
AcDbEntity
  8
CORTE-TEXTO
100
AcDbText
 10
509.71070000000003
 20
-95.8904
 30
0.0
 40
0.06
  1
M-20
 72
1
 11
509.71070000000003
 21
-95.8904
 31
0.0
100
AcDbText
 73
2
  0
LWPOLYLINE
  5
710
330
17
100
AcDbEntity
  8
CORTE-RECORTE
100
AcDbPolyline
 90
4
 70
1
 10
509.41270000000003
 20
-97.2244
 10
510.00870000000003
 20
-97.2244
 10
510.00870000000003
 20
-96.0784
 10
509.41270000000003
 20
-96.0784
  0
TEXT
  5
711
330
17
100
AcDbEntity
  8
CORTE-TEXTO
100
AcDbText
 10
509.71070000000003
 20
-96.65140000000001
 30
0.0
 40
0.035
  1
PB-M-031
 72
1
 11
509.71070000000003
 21
-96.65140000000001
 31
0.0
100
AcDbText
 73
2
  0
LWPOLYLINE
  5
712
330
17
100
AcDbEntity
  8
CORTE-DESPERDICIO
100
AcDbPolyline
 90
4
 70
1
 10
509.41270000000003
 20
-96.0784
 10
510.00870000000003
 20
-96.0784
 10
510.00870000000003
 20
-96.0304
 10
509.41270000000003
 20
-96.0304
  0
LWPOLYLINE
  5
713
330
17
100
AcDbEntity
  8
CORTE-TILE
100
AcDbPolyline
 90
4
 70
1
 10
510.4587
 20
-97.2244
 10
511.0547
 20
-97.2244
 10
511.0547
 20
-96.0304
 10
510.4587
 20
-96.0304
  0
TEXT
  5
714
330
17
100
AcDbEntity
  8
CORTE-TEXTO
100
AcDbText
 10
510.7567
 20
-95.8904
 30
0.0
 40
0.06
  1
M-21
 72
1
 11
510.7567
 21
-95.8904
 31
0.0
100
AcDbText
 73
2
  0
LWPOLYLINE
  5
715
330
17
100
AcDbEntity
  8
CORTE-RECORTE
100
AcDbPolyline
 90
4
 70
1
 10
510.4587
 20
-97.2244
 10
511.0547
 20
-97.2244
 10
511.0547
 20
-96.0784
 10
510.4587
 20
-96.0784
  0
TEXT
  5
716
330
17
100
AcDbEntity
  8
CORTE-TEXTO
100
AcDbText
 10
510.7567
 20
-96.65140000000001
 30
0.0
 40
0.035
  1
PB-M-030
 72
1
 11
510.7567
 21
-96.65140000000001
 31
0.0
100
AcDbText
 73
2
  0
LWPOLYLINE
  5
717
330
17
100
AcDbEntity
  8
CORTE-DESPERDICIO
100
AcDbPolyline
 90
4
 70
1
 10
510.4587
 20
-96.0784
 10
511.0547
 20
-96.0784
 10
511.0547
 20
-96.0304
 10
510.4587
 20
-96.0304
  0
LWPOLYLINE
  5
718
330
17
100
AcDbEntity
  8
CORTE-TILE
100
AcDbPolyline
 90
4
 70
1
 10
511.5047
 20
-97.2244
 10
512.1007
 20
-97.2244
 10
512.1007
 20
-96.0304
 10
511.5047
 20
-96.0304
  0
TEXT
  5
719
330
17
100
AcDbEntity
  8
CORTE-TEXTO
100
AcDbText
 10
511.8027
 20
-95.8904
 30
0.0
 40
0.06
  1
M-22
 72
1
 11
511.8027
 21
-95.8904
 31
0.0
100
AcDbText
 73
2
  0
LWPOLYLINE
  5
71A
330
17
100
AcDbEntity
  8
CORTE-RECORTE
100
AcDbPolyline
 90
4
 70
1
 10
511.5047
 20
-97.2244
 10
512.1007
 20
-97.2244
 10
512.1007
 20
-96.0784
 10
511.5047
 20
-96.0784
  0
TEXT
  5
71B
330
17
100
AcDbEntity
  8
CORTE-TEXTO
100
AcDbText
 10
511.8027
 20
-96.65140000000001
 30
0.0
 40
0.035
  1
PB-M-029
 72
1
 11
511.8027
 21
-96.65140000000001
 31
0.0
100
AcDbText
 73
2
  0
LWPOLYLINE
  5
71C
330
17
100
AcDbEntity
  8
CORTE-DESPERDICIO
100
AcDbPolyline
 90
4
 70
1
 10
511.5047
 20
-96.0784
 10
512.1007
 20
-96.0784
 10
512.1007
 20
-96.0304
 10
511.5047
 20
-96.0304
  0
LWPOLYLINE
  5
71D
330
17
100
AcDbEntity
  8
CORTE-TILE
100
AcDbPolyline
 90
4
 70
1
 10
489.5387
 20
-99.1184
 10
490.1347
 20
-99.1184
 10
490.1347
 20
-97.92439999999999
 10
489.5387
 20
-97.92439999999999
  0
TEXT
  5
71E
330
17
100
AcDbEntity
  8
CORTE-TEXTO
100
AcDbText
 10
489.8367
 20
-97.78439999999999
 30
0.0
 40
0.06
  1
M-23
 72
1
 11
489.8367
 21
-97.78439999999999
 31
0.0
100
AcDbText
 73
2
  0
LWPOLYLINE
  5
71F
330
17
100
AcDbEntity
  8
CORTE-RECORTE
100
AcDbPolyline
 90
4
 70
1
 10
489.5387
 20
-99.1184
 10
490.1347
 20
-99.1184
 10
490.1347
 20
-97.99839999999999
 10
489.5387
 20
-97.99839999999999
  0
TEXT
  5
720
330
17
100
AcDbEntity
  8
CORTE-TEXTO
100
AcDbText
 10
489.8367
 20
-98.55839999999999
 30
0.0
 40
0.035
  1
PB-M-071
 72
1
 11
489.8367
 21
-98.55839999999999
 31
0.0
100
AcDbText
 73
2
  0
LWPOLYLINE
  5
721
330
17
100
AcDbEntity
  8
CORTE-DESPERDICIO
100
AcDbPolyline
 90
4
 70
1
 10
489.5387
 20
-97.99839999999999
 10
490.1347
 20
-97.99839999999999
 10
490.1347
 20
-97.92439999999999
 10
489.5387
 20
-97.92439999999999
  0
LWPOLYLINE
  5
722
330
17
100
AcDbEntity
  8
CORTE-TILE
100
AcDbPolyline
 90
4
 70
1
 10
490.5847
 20
-99.1184
 10
491.1807
 20
-99.1184
 10
491.1807
 20
-97.92439999999999
 10
490.5847
 20
-97.92439999999999
  0
TEXT
  5
723
330
17
100
AcDbEntity
  8
CORTE-TEXTO
100
AcDbText
 10
490.8827
 20
-97.78439999999999
 30
0.0
 40
0.06
  1
M-24
 72
1
 11
490.8827
 21
-97.78439999999999
 31
0.0
100
AcDbText
 73
2
  0
LWPOLYLINE
  5
724
330
17
100
AcDbEntity
  8
CORTE-RECORTE
100
AcDbPolyline
 90
4
 70
1
 10
490.5847
 20
-99.1184
 10
491.1807
 20
-99.1184
 10
491.1807
 20
-97.99839999999999
 10
490.5847
 20
-97.99839999999999
  0
TEXT
  5
725
330
17
100
AcDbEntity
  8
CORTE-TEXTO
100
AcDbText
 10
490.8827
 20
-98.55839999999999
 30
0.0
 40
0.035
  1
PB-M-120
 72
1
 11
490.8827
 21
-98.55839999999999
 31
0.0
100
AcDbText
 73
2
  0
LWPOLYLINE
  5
726
330
17
100
AcDbEntity
  8
CORTE-DESPERDICIO
100
AcDbPolyline
 90
4
 70
1
 10
490.5847
 20
-97.99839999999999
 10
491.1807
 20
-97.99839999999999
 10
491.1807
 20
-97.92439999999999
 10
490.5847
 20
-97.92439999999999
  0
LWPOLYLINE
  5
727
330
17
100
AcDbEntity
  8
CORTE-TILE
100
AcDbPolyline
 90
4
 70
1
 10
491.6307
 20
-99.1184
 10
492.2267
 20
-99.1184
 10
492.2267
 20
-97.92439999999999
 10
491.6307
 20
-97.92439999999999
  0
TEXT
  5
728
330
17
100
AcDbEntity
  8
CORTE-TEXTO
100
AcDbText
 10
491.9287
 20
-97.78439999999999
 30
0.0
 40
0.06
  1
M-25
 72
1
 11
491.9287
 21
-97.78439999999999
 31
0.0
100
AcDbText
 73
2
  0
LWPOLYLINE
  5
729
330
17
100
AcDbEntity
  8
CORTE-RECORTE
100
AcDbPolyline
 90
4
 70
1
 10
491.6307
 20
-99.1184
 10
492.2267
 20
-99.1184
 10
492.2267
 20
-97.99839999999999
 10
491.6307
 20
-97.99839999999999
  0
TEXT
  5
72A
330
17
100
AcDbEntity
  8
CORTE-TEXTO
100
AcDbText
 10
491.9287
 20
-98.55839999999999
 30
0.0
 40
0.035
  1
PB-M-123
 72
1
 11
491.9287
 21
-98.55839999999999
 31
0.0
100
AcDbText
 73
2
  0
LWPOLYLINE
  5
72B
330
17
100
AcDbEntity
  8
CORTE-DESPERDICIO
100
AcDbPolyline
 90
4
 70
1
 10
491.6307
 20
-97.99839999999999
 10
492.2267
 20
-97.99839999999999
 10
492.2267
 20
-97.92439999999999
 10
491.6307
 20
-97.92439999999999
  0
LWPOLYLINE
  5
72C
330
17
100
AcDbEntity
  8
CORTE-TILE
100
AcDbPolyline
 90
4
 70
1
 10
492.6767
 20
-99.1184
 10
493.2727
 20
-99.1184
 10
493.2727
 20
-97.92439999999999
 10
492.6767
 20
-97.92439999999999
  0
TEXT
  5
72D
330
17
100
AcDbEntity
  8
CORTE-TEXTO
100
AcDbText
 10
492.9747
 20
-97.78439999999999
 30
0.0
 40
0.06
  1
M-26
 72
1
 11
492.9747
 21
-97.78439999999999
 31
0.0
100
AcDbText
 73
2
  0
LWPOLYLINE
  5
72E
330
17
100
AcDbEntity
  8
CORTE-RECORTE
100
AcDbPolyline
 90
4
 70
1
 10
492.6767
 20
-99.1184
 10
493.2727
 20
-99.1184
 10
493.2727
 20
-98.00439999999999
 10
492.6767
 20
-98.00439999999999
  0
TEXT
  5
72F
330
17
100
AcDbEntity
  8
CORTE-TEXTO
100
AcDbText
 10
492.9747
 20
-98.56139999999999
 30
0.0
 40
0.035
  1
PB-M-028
 72
1
 11
492.9747
 21
-98.56139999999999
 31
0.0
100
AcDbText
 73
2
  0
LWPOLYLINE
  5
730
330
17
100
AcDbEntity
  8
CORTE-DESPERDICIO
100
AcDbPolyline
 90
4
 70
1
 10
492.6767
 20
-98.00439999999999
 10
493.2727
 20
-98.00439999999999
 10
493.2727
 20
-97.92439999999999
 10
492.6767
 20
-97.92439999999999
  0
LWPOLYLINE
  5
731
330
17
100
AcDbEntity
  8
CORTE-TILE
100
AcDbPolyline
 90
4
 70
1
 10
493.72270000000003
 20
-99.1184
 10
494.31870000000004
 20
-99.1184
 10
494.31870000000004
 20
-97.92439999999999
 10
493.72270000000003
 20
-97.92439999999999
  0
TEXT
  5
732
330
17
100
AcDbEntity
  8
CORTE-TEXTO
100
AcDbText
 10
494.02070000000003
 20
-97.78439999999999
 30
0.0
 40
0.06
  1
M-27
 72
1
 11
494.02070000000003
 21
-97.78439999999999
 31
0.0
100
AcDbText
 73
2
  0
LWPOLYLINE
  5
733
330
17
100
AcDbEntity
  8
CORTE-RECORTE
100
AcDbPolyline
 90
4
 70
1
 10
493.72270000000003
 20
-99.1184
 10
494.31870000000004
 20
-99.1184
 10
494.31870000000004
 20
-98.00439999999999
 10
493.72270000000003
 20
-98.00439999999999
  0
TEXT
  5
734
330
17
100
AcDbEntity
  8
CORTE-TEXTO
100
AcDbText
 10
494.02070000000003
 20
-98.56139999999999
 30
0.0
 40
0.035
  1
PB-M-027
 72
1
 11
494.02070000000003
 21
-98.56139999999999
 31
0.0
100
AcDbText
 73
2
  0
LWPOLYLINE
  5
735
330
17
100
AcDbEntity
  8
CORTE-DESPERDICIO
100
AcDbPolyline
 90
4
 70
1
 10
493.72270000000003
 20
-98.00439999999999
 10
494.31870000000004
 20
-98.00439999999999
 10
494.31870000000004
 20
-97.92439999999999
 10
493.72270000000003
 20
-97.92439999999999
  0
LWPOLYLINE
  5
736
330
17
100
AcDbEntity
  8
CORTE-TILE
100
AcDbPolyline
 90
4
 70
1
 10
494.7687
 20
-99.1184
 10
495.3647
 20
-99.1184
 10
495.3647
 20
-97.92439999999999
 10
494.7687
 20
-97.92439999999999
  0
TEXT
  5
737
330
17
100
AcDbEntity
  8
CORTE-TEXTO
100
AcDbText
 10
495.0667
 20
-97.78439999999999
 30
0.0
 40
0.06
  1
M-28
 72
1
 11
495.0667
 21
-97.78439999999999
 31
0.0
100
AcDbText
 73
2
  0
LWPOLYLINE
  5
738
330
17
100
AcDbEntity
  8
CORTE-RECORTE
100
AcDbPolyline
 90
4
 70
1
 10
494.7687
 20
-99.1184
 10
495.3647
 20
-99.1184
 10
495.3647
 20
-98.00439999999999
 10
494.7687
 20
-98.00439999999999
  0
TEXT
  5
739
330
17
100
AcDbEntity
  8
CORTE-TEXTO
100
AcDbText
 10
495.0667
 20
-98.56139999999999
 30
0.0
 40
0.035
  1
PB-M-026
 72
1
 11
495.0667
 21
-98.56139999999999
 31
0.0
100
AcDbText
 73
2
  0
LWPOLYLINE
  5
73A
330
17
100
AcDbEntity
  8
CORTE-DESPERDICIO
100
AcDbPolyline
 90
4
 70
1
 10
494.7687
 20
-98.00439999999999
 10
495.3647
 20
-98.00439999999999
 10
495.3647
 20
-97.92439999999999
 10
494.7687
 20
-97.92439999999999
  0
LWPOLYLINE
  5
73B
330
17
100
AcDbEntity
  8
CORTE-TILE
100
AcDbPolyline
 90
4
 70
1
 10
495.8147
 20
-99.1184
 10
496.4107
 20
-99.1184
 10
496.4107
 20
-97.92439999999999
 10
495.8147
 20
-97.92439999999999
  0
TEXT
  5
73C
330
17
100
AcDbEntity
  8
CORTE-TEXTO
100
AcDbText
 10
496.1127
 20
-97.78439999999999
 30
0.0
 40
0.06
  1
M-29
 72
1
 11
496.1127
 21
-97.78439999999999
 31
0.0
100
AcDbText
 73
2
  0
LWPOLYLINE
  5
73D
330
17
100
AcDbEntity
  8
CORTE-RECORTE
100
AcDbPolyline
 90
4
 70
1
 10
495.8147
 20
-99.1184
 10
496.4107
 20
-99.1184
 10
496.4107
 20
-98.00439999999999
 10
495.8147
 20
-98.00439999999999
  0
TEXT
  5
73E
330
17
100
AcDbEntity
  8
CORTE-TEXTO
100
AcDbText
 10
496.1127
 20
-98.56139999999999
 30
0.0
 40
0.035
  1
PB-M-025
 72
1
 11
496.1127
 21
-98.56139999999999
 31
0.0
100
AcDbText
 73
2
  0
LWPOLYLINE
  5
73F
330
17
100
AcDbEntity
  8
CORTE-DESPERDICIO
100
AcDbPolyline
 90
4
 70
1
 10
495.8147
 20
-98.00439999999999
 10
496.4107
 20
-98.00439999999999
 10
496.4107
 20
-97.92439999999999
 10
495.8147
 20
-97.92439999999999
  0
LWPOLYLINE
  5
740
330
17
100
AcDbEntity
  8
CORTE-TILE
100
AcDbPolyline
 90
4
 70
1
 10
496.8607
 20
-99.1184
 10
497.4567
 20
-99.1184
 10
497.4567
 20
-97.92439999999999
 10
496.8607
 20
-97.92439999999999
  0
TEXT
  5
741
330
17
100
AcDbEntity
  8
CORTE-TEXTO
100
AcDbText
 10
497.1587
 20
-97.78439999999999
 30
0.0
 40
0.06
  1
M-30
 72
1
 11
497.1587
 21
-97.78439999999999
 31
0.0
100
AcDbText
 73
2
  0
LWPOLYLINE
  5
742
330
17
100
AcDbEntity
  8
CORTE-RECORTE
100
AcDbPolyline
 90
4
 70
1
 10
496.8607
 20
-99.1184
 10
497.4567
 20
-99.1184
 10
497.4567
 20
-98.00439999999999
 10
496.8607
 20
-98.00439999999999
  0
TEXT
  5
743
330
17
100
AcDbEntity
  8
CORTE-TEXTO
100
AcDbText
 10
497.1587
 20
-98.56139999999999
 30
0.0
 40
0.035
  1
PB-M-024
 72
1
 11
497.1587
 21
-98.56139999999999
 31
0.0
100
AcDbText
 73
2
  0
LWPOLYLINE
  5
744
330
17
100
AcDbEntity
  8
CORTE-DESPERDICIO
100
AcDbPolyline
 90
4
 70
1
 10
496.8607
 20
-98.00439999999999
 10
497.4567
 20
-98.00439999999999
 10
497.4567
 20
-97.92439999999999
 10
496.8607
 20
-97.92439999999999
  0
LWPOLYLINE
  5
745
330
17
100
AcDbEntity
  8
CORTE-TILE
100
AcDbPolyline
 90
4
 70
1
 10
497.9067
 20
-99.1184
 10
498.5027
 20
-99.1184
 10
498.5027
 20
-97.92439999999999
 10
497.9067
 20
-97.92439999999999
  0
TEXT
  5
746
330
17
100
AcDbEntity
  8
CORTE-TEXTO
100
AcDbText
 10
498.2047
 20
-97.78439999999999
 30
0.0
 40
0.06
  1
M-31
 72
1
 11
498.2047
 21
-97.78439999999999
 31
0.0
100
AcDbText
 73
2
  0
LWPOLYLINE
  5
747
330
17
100
AcDbEntity
  8
CORTE-RECORTE
100
AcDbPolyline
 90
4
 70
1
 10
497.9067
 20
-99.1184
 10
498.5027
 20
-99.1184
 10
498.5027
 20
-98.00439999999999
 10
497.9067
 20
-98.00439999999999
  0
TEXT
  5
748
330
17
100
AcDbEntity
  8
CORTE-TEXTO
100
AcDbText
 10
498.2047
 20
-98.56139999999999
 30
0.0
 40
0.035
  1
PB-M-023
 72
1
 11
498.2047
 21
-98.56139999999999
 31
0.0
100
AcDbText
 73
2
  0
LWPOLYLINE
  5
749
330
17
100
AcDbEntity
  8
CORTE-DESPERDICIO
100
AcDbPolyline
 90
4
 70
1
 10
497.9067
 20
-98.00439999999999
 10
498.5027
 20
-98.00439999999999
 10
498.5027
 20
-97.92439999999999
 10
497.9067
 20
-97.92439999999999
  0
LWPOLYLINE
  5
74A
330
17
100
AcDbEntity
  8
CORTE-TILE
100
AcDbPolyline
 90
4
 70
1
 10
498.9527
 20
-99.1184
 10
499.5487
 20
-99.1184
 10
499.5487
 20
-97.92439999999999
 10
498.9527
 20
-97.92439999999999
  0
TEXT
  5
74B
330
17
100
AcDbEntity
  8
CORTE-TEXTO
100
AcDbText
 10
499.2507
 20
-97.78439999999999
 30
0.0
 40
0.06
  1
M-32
 72
1
 11
499.2507
 21
-97.78439999999999
 31
0.0
100
AcDbText
 73
2
  0
LWPOLYLINE
  5
74C
330
17
100
AcDbEntity
  8
CORTE-RECORTE
100
AcDbPolyline
 90
4
 70
1
 10
498.9527
 20
-99.1184
 10
499.5487
 20
-99.1184
 10
499.5487
 20
-98.00439999999999
 10
498.9527
 20
-98.00439999999999
  0
TEXT
  5
74D
330
17
100
AcDbEntity
  8
CORTE-TEXTO
100
AcDbText
 10
499.2507
 20
-98.56139999999999
 30
0.0
 40
0.035
  1
PB-M-022
 72
1
 11
499.2507
 21
-98.56139999999999
 31
0.0
100
AcDbText
 73
2
  0
LWPOLYLINE
  5
74E
330
17
100
AcDbEntity
  8
CORTE-DESPERDICIO
100
AcDbPolyline
 90
4
 70
1
 10
498.9527
 20
-98.00439999999999
 10
499.5487
 20
-98.00439999999999
 10
499.5487
 20
-97.92439999999999
 10
498.9527
 20
-97.92439999999999
  0
LWPOLYLINE
  5
74F
330
17
100
AcDbEntity
  8
CORTE-TILE
100
AcDbPolyline
 90
4
 70
1
 10
499.9987
 20
-99.1184
 10
500.5947
 20
-99.1184
 10
500.5947
 20
-97.92439999999999
 10
499.9987
 20
-97.92439999999999
  0
TEXT
  5
750
330
17
100
AcDbEntity
  8
CORTE-TEXTO
100
AcDbText
 10
500.2967
 20
-97.78439999999999
 30
0.0
 40
0.06
  1
M-33
 72
1
 11
500.2967
 21
-97.78439999999999
 31
0.0
100
AcDbText
 73
2
  0
LWPOLYLINE
  5
751
330
17
100
AcDbEntity
  8
CORTE-RECORTE
100
AcDbPolyline
 90
4
 70
1
 10
499.9987
 20
-99.1184
 10
500.5947
 20
-99.1184
 10
500.5947
 20
-98.00439999999999
 10
499.9987
 20
-98.00439999999999
  0
TEXT
  5
752
330
17
100
AcDbEntity
  8
CORTE-TEXTO
100
AcDbText
 10
500.2967
 20
-98.56139999999999
 30
0.0
 40
0.035
  1
PB-M-021
 72
1
 11
500.2967
 21
-98.56139999999999
 31
0.0
100
AcDbText
 73
2
  0
LWPOLYLINE
  5
753
330
17
100
AcDbEntity
  8
CORTE-DESPERDICIO
100
AcDbPolyline
 90
4
 70
1
 10
499.9987
 20
-98.00439999999999
 10
500.5947
 20
-98.00439999999999
 10
500.5947
 20
-97.92439999999999
 10
499.9987
 20
-97.92439999999999
  0
LWPOLYLINE
  5
754
330
17
100
AcDbEntity
  8
CORTE-TILE
100
AcDbPolyline
 90
4
 70
1
 10
501.04470000000003
 20
-99.1184
 10
501.64070000000004
 20
-99.1184
 10
501.64070000000004
 20
-97.92439999999999
 10
501.04470000000003
 20
-97.92439999999999
  0
TEXT
  5
755
330
17
100
AcDbEntity
  8
CORTE-TEXTO
100
AcDbText
 10
501.34270000000004
 20
-97.78439999999999
 30
0.0
 40
0.06
  1
M-34
 72
1
 11
501.34270000000004
 21
-97.78439999999999
 31
0.0
100
AcDbText
 73
2
  0
LWPOLYLINE
  5
756
330
17
100
AcDbEntity
  8
CORTE-RECORTE
100
AcDbPolyline
 90
4
 70
1
 10
501.04470000000003
 20
-99.1184
 10
501.64070000000004
 20
-99.1184
 10
501.64070000000004
 20
-98.00439999999999
 10
501.04470000000003
 20
-98.00439999999999
  0
TEXT
  5
757
330
17
100
AcDbEntity
  8
CORTE-TEXTO
100
AcDbText
 10
501.34270000000004
 20
-98.56139999999999
 30
0.0
 40
0.035
  1
PB-M-020
 72
1
 11
501.34270000000004
 21
-98.56139999999999
 31
0.0
100
AcDbText
 73
2
  0
LWPOLYLINE
  5
758
330
17
100
AcDbEntity
  8
CORTE-DESPERDICIO
100
AcDbPolyline
 90
4
 70
1
 10
501.04470000000003
 20
-98.00439999999999
 10
501.64070000000004
 20
-98.00439999999999
 10
501.64070000000004
 20
-97.92439999999999
 10
501.04470000000003
 20
-97.92439999999999
  0
LWPOLYLINE
  5
759
330
17
100
AcDbEntity
  8
CORTE-TILE
100
AcDbPolyline
 90
4
 70
1
 10
502.0907
 20
-99.1184
 10
502.68670000000003
 20
-99.1184
 10
502.68670000000003
 20
-97.92439999999999
 10
502.0907
 20
-97.92439999999999
  0
TEXT
  5
75A
330
17
100
AcDbEntity
  8
CORTE-TEXTO
100
AcDbText
 10
502.38870000000003
 20
-97.78439999999999
 30
0.0
 40
0.06
  1
M-35
 72
1
 11
502.38870000000003
 21
-97.78439999999999
 31
0.0
100
AcDbText
 73
2
  0
LWPOLYLINE
  5
75B
330
17
100
AcDbEntity
  8
CORTE-RECORTE
100
AcDbPolyline
 90
4
 70
1
 10
502.0907
 20
-99.1184
 10
502.68670000000003
 20
-99.1184
 10
502.68670000000003
 20
-98.00439999999999
 10
502.0907
 20
-98.00439999999999
  0
TEXT
  5
75C
330
17
100
AcDbEntity
  8
CORTE-TEXTO
100
AcDbText
 10
502.38870000000003
 20
-98.56139999999999
 30
0.0
 40
0.035
  1
PB-M-019
 72
1
 11
502.38870000000003
 21
-98.56139999999999
 31
0.0
100
AcDbText
 73
2
  0
LWPOLYLINE
  5
75D
330
17
100
AcDbEntity
  8
CORTE-DESPERDICIO
100
AcDbPolyline
 90
4
 70
1
 10
502.0907
 20
-98.00439999999999
 10
502.68670000000003
 20
-98.00439999999999
 10
502.68670000000003
 20
-97.92439999999999
 10
502.0907
 20
-97.92439999999999
  0
LWPOLYLINE
  5
75E
330
17
100
AcDbEntity
  8
CORTE-TILE
100
AcDbPolyline
 90
4
 70
1
 10
503.1367
 20
-99.1184
 10
503.7327
 20
-99.1184
 10
503.7327
 20
-97.92439999999999
 10
503.1367
 20
-97.92439999999999
  0
TEXT
  5
75F
330
17
100
AcDbEntity
  8
CORTE-TEXTO
100
AcDbText
 10
503.4347
 20
-97.78439999999999
 30
0.0
 40
0.06
  1
M-36
 72
1
 11
503.4347
 21
-97.78439999999999
 31
0.0
100
AcDbText
 73
2
  0
LWPOLYLINE
  5
760
330
17
100
AcDbEntity
  8
CORTE-RECORTE
100
AcDbPolyline
 90
4
 70
1
 10
503.1367
 20
-99.1184
 10
503.7327
 20
-99.1184
 10
503.7327
 20
-98.00439999999999
 10
503.1367
 20
-98.00439999999999
  0
TEXT
  5
761
330
17
100
AcDbEntity
  8
CORTE-TEXTO
100
AcDbText
 10
503.4347
 20
-98.56139999999999
 30
0.0
 40
0.035
  1
PB-M-018
 72
1
 11
503.4347
 21
-98.56139999999999
 31
0.0
100
AcDbText
 73
2
  0
LWPOLYLINE
  5
762
330
17
100
AcDbEntity
  8
CORTE-DESPERDICIO
100
AcDbPolyline
 90
4
 70
1
 10
503.1367
 20
-98.00439999999999
 10
503.7327
 20
-98.00439999999999
 10
503.7327
 20
-97.92439999999999
 10
503.1367
 20
-97.92439999999999
  0
LWPOLYLINE
  5
763
330
17
100
AcDbEntity
  8
CORTE-TILE
100
AcDbPolyline
 90
4
 70
1
 10
504.1827
 20
-99.1184
 10
504.7787
 20
-99.1184
 10
504.7787
 20
-97.92439999999999
 10
504.1827
 20
-97.92439999999999
  0
TEXT
  5
764
330
17
100
AcDbEntity
  8
CORTE-TEXTO
100
AcDbText
 10
504.4807
 20
-97.78439999999999
 30
0.0
 40
0.06
  1
M-37
 72
1
 11
504.4807
 21
-97.78439999999999
 31
0.0
100
AcDbText
 73
2
  0
LWPOLYLINE
  5
765
330
17
100
AcDbEntity
  8
CORTE-RECORTE
100
AcDbPolyline
 90
4
 70
1
 10
504.1827
 20
-99.1184
 10
504.7787
 20
-99.1184
 10
504.7787
 20
-98.0094
 10
504.1827
 20
-98.0094
  0
TEXT
  5
766
330
17
100
AcDbEntity
  8
CORTE-TEXTO
100
AcDbText
 10
504.4807
 20
-98.56389999999999
 30
0.0
 40
0.035
  1
PB-M-103
 72
1
 11
504.4807
 21
-98.56389999999999
 31
0.0
100
AcDbText
 73
2
  0
LWPOLYLINE
  5
767
330
17
100
AcDbEntity
  8
CORTE-DESPERDICIO
100
AcDbPolyline
 90
4
 70
1
 10
504.1827
 20
-98.0094
 10
504.7787
 20
-98.0094
 10
504.7787
 20
-97.9244
 10
504.1827
 20
-97.9244
  0
LWPOLYLINE
  5
768
330
17
100
AcDbEntity
  8
CORTE-TILE
100
AcDbPolyline
 90
4
 70
1
 10
505.2287
 20
-99.1184
 10
505.8247
 20
-99.1184
 10
505.8247
 20
-97.92439999999999
 10
505.2287
 20
-97.92439999999999
  0
TEXT
  5
769
330
17
100
AcDbEntity
  8
CORTE-TEXTO
100
AcDbText
 10
505.5267
 20
-97.78439999999999
 30
0.0
 40
0.06
  1
M-38
 72
1
 11
505.5267
 21
-97.78439999999999
 31
0.0
100
AcDbText
 73
2
  0
LWPOLYLINE
  5
76A
330
17
100
AcDbEntity
  8
CORTE-RECORTE
100
AcDbPolyline
 90
4
 70
1
 10
505.2287
 20
-99.1184
 10
505.8247
 20
-99.1184
 10
505.8247
 20
-98.0144
 10
505.2287
 20
-98.0144
  0
TEXT
  5
76B
330
17
100
AcDbEntity
  8
CORTE-TEXTO
100
AcDbText
 10
505.5267
 20
-98.56639999999999
 30
0.0
 40
0.035
  1
PA-M-031
 72
1
 11
505.5267
 21
-98.56639999999999
 31
0.0
100
AcDbText
 73
2
  0
LWPOLYLINE
  5
76C
330
17
100
AcDbEntity
  8
CORTE-DESPERDICIO
100
AcDbPolyline
 90
4
 70
1
 10
505.2287
 20
-98.0144
 10
505.8247
 20
-98.0144
 10
505.8247
 20
-97.92439999999999
 10
505.2287
 20
-97.92439999999999
  0
LWPOLYLINE
  5
76D
330
17
100
AcDbEntity
  8
CORTE-TILE
100
AcDbPolyline
 90
4
 70
1
 10
506.2747
 20
-99.1184
 10
506.8707
 20
-99.1184
 10
506.8707
 20
-97.92439999999999
 10
506.2747
 20
-97.92439999999999
  0
TEXT
  5
76E
330
17
100
AcDbEntity
  8
CORTE-TEXTO
100
AcDbText
 10
506.5727
 20
-97.78439999999999
 30
0.0
 40
0.06
  1
M-39
 72
1
 11
506.5727
 21
-97.78439999999999
 31
0.0
100
AcDbText
 73
2
  0
LWPOLYLINE
  5
76F
330
17
100
AcDbEntity
  8
CORTE-RECORTE
100
AcDbPolyline
 90
4
 70
1
 10
506.2747
 20
-99.1184
 10
506.8707
 20
-99.1184
 10
506.8707
 20
-98.0144
 10
506.2747
 20
-98.0144
  0
TEXT
  5
770
330
17
100
AcDbEntity
  8
CORTE-TEXTO
100
AcDbText
 10
506.5727
 20
-98.56639999999999
 30
0.0
 40
0.035
  1
PA-M-030
 72
1
 11
506.5727
 21
-98.56639999999999
 31
0.0
100
AcDbText
 73
2
  0
LWPOLYLINE
  5
771
330
17
100
AcDbEntity
  8
CORTE-DESPERDICIO
100
AcDbPolyline
 90
4
 70
1
 10
506.2747
 20
-98.0144
 10
506.8707
 20
-98.0144
 10
506.8707
 20
-97.92439999999999
 10
506.2747
 20
-97.92439999999999
  0
LWPOLYLINE
  5
772
330
17
100
AcDbEntity
  8
CORTE-TILE
100
AcDbPolyline
 90
4
 70
1
 10
507.3207
 20
-99.1184
 10
507.9167
 20
-99.1184
 10
507.9167
 20
-97.92439999999999
 10
507.3207
 20
-97.92439999999999
  0
TEXT
  5
773
330
17
100
AcDbEntity
  8
CORTE-TEXTO
100
AcDbText
 10
507.6187
 20
-97.78439999999999
 30
0.0
 40
0.06
  1
M-40
 72
1
 11
507.6187
 21
-97.78439999999999
 31
0.0
100
AcDbText
 73
2
  0
LWPOLYLINE
  5
774
330
17
100
AcDbEntity
  8
CORTE-RECORTE
100
AcDbPolyline
 90
4
 70
1
 10
507.3207
 20
-99.1184
 10
507.9167
 20
-99.1184
 10
507.9167
 20
-98.0144
 10
507.3207
 20
-98.0144
  0
TEXT
  5
775
330
17
100
AcDbEntity
  8
CORTE-TEXTO
100
AcDbText
 10
507.6187
 20
-98.56639999999999
 30
0.0
 40
0.035
  1
PA-M-032
 72
1
 11
507.6187
 21
-98.56639999999999
 31
0.0
100
AcDbText
 73
2
  0
LWPOLYLINE
  5
776
330
17
100
AcDbEntity
  8
CORTE-DESPERDICIO
100
AcDbPolyline
 90
4
 70
1
 10
507.3207
 20
-98.0144
 10
507.9167
 20
-98.0144
 10
507.9167
 20
-97.92439999999999
 10
507.3207
 20
-97.92439999999999
  0
LWPOLYLINE
  5
777
330
17
100
AcDbEntity
  8
CORTE-TILE
100
AcDbPolyline
 90
4
 70
1
 10
508.3667
 20
-99.1184
 10
508.9627
 20
-99.1184
 10
508.9627
 20
-97.92439999999999
 10
508.3667
 20
-97.92439999999999
  0
TEXT
  5
778
330
17
100
AcDbEntity
  8
CORTE-TEXTO
100
AcDbText
 10
508.6647
 20
-97.78439999999999
 30
0.0
 40
0.06
  1
M-41
 72
1
 11
508.6647
 21
-97.78439999999999
 31
0.0
100
AcDbText
 73
2
  0
LWPOLYLINE
  5
779
330
17
100
AcDbEntity
  8
CORTE-RECORTE
100
AcDbPolyline
 90
4
 70
1
 10
508.3667
 20
-99.1184
 10
508.9627
 20
-99.1184
 10
508.9627
 20
-98.02239999999999
 10
508.3667
 20
-98.02239999999999
  0
TEXT
  5
77A
330
17
100
AcDbEntity
  8
CORTE-TEXTO
100
AcDbText
 10
508.6647
 20
-98.57039999999999
 30
0.0
 40
0.035
  1
PA-M-041
 72
1
 11
508.6647
 21
-98.57039999999999
 31
0.0
100
AcDbText
 73
2
  0
LWPOLYLINE
  5
77B
330
17
100
AcDbEntity
  8
CORTE-DESPERDICIO
100
AcDbPolyline
 90
4
 70
1
 10
508.3667
 20
-98.02239999999999
 10
508.9627
 20
-98.02239999999999
 10
508.9627
 20
-97.92439999999999
 10
508.3667
 20
-97.92439999999999
  0
LWPOLYLINE
  5
77C
330
17
100
AcDbEntity
  8
CORTE-TILE
100
AcDbPolyline
 90
4
 70
1
 10
509.41270000000003
 20
-99.1184
 10
510.00870000000003
 20
-99.1184
 10
510.00870000000003
 20
-97.92439999999999
 10
509.41270000000003
 20
-97.92439999999999
  0
TEXT
  5
77D
330
17
100
AcDbEntity
  8
CORTE-TEXTO
100
AcDbText
 10
509.71070000000003
 20
-97.78439999999999
 30
0.0
 40
0.06
  1
M-42
 72
1
 11
509.71070000000003
 21
-97.78439999999999
 31
0.0
100
AcDbText
 73
2
  0
LWPOLYLINE
  5
77E
330
17
100
AcDbEntity
  8
CORTE-RECORTE
100
AcDbPolyline
 90
4
 70
1
 10
509.41270000000003
 20
-99.1184
 10
510.00870000000003
 20
-99.1184
 10
510.00870000000003
 20
-98.02239999999999
 10
509.41270000000003
 20
-98.02239999999999
  0
TEXT
  5
77F
330
17
100
AcDbEntity
  8
CORTE-TEXTO
100
AcDbText
 10
509.71070000000003
 20
-98.57039999999999
 30
0.0
 40
0.035
  1
PA-M-042
 72
1
 11
509.71070000000003
 21
-98.57039999999999
 31
0.0
100
AcDbText
 73
2
  0
LWPOLYLINE
  5
780
330
17
100
AcDbEntity
  8
CORTE-DESPERDICIO
100
AcDbPolyline
 90
4
 70
1
 10
509.41270000000003
 20
-98.02239999999999
 10
510.00870000000003
 20
-98.02239999999999
 10
510.00870000000003
 20
-97.92439999999999
 10
509.41270000000003
 20
-97.92439999999999
  0
LWPOLYLINE
  5
781
330
17
100
AcDbEntity
  8
CORTE-TILE
100
AcDbPolyline
 90
4
 70
1
 10
510.4587
 20
-99.1184
 10
511.0547
 20
-99.1184
 10
511.0547
 20
-97.92439999999999
 10
510.4587
 20
-97.92439999999999
  0
TEXT
  5
782
330
17
100
AcDbEntity
  8
CORTE-TEXTO
100
AcDbText
 10
510.7567
 20
-97.78439999999999
 30
0.0
 40
0.06
  1
M-43
 72
1
 11
510.7567
 21
-97.78439999999999
 31
0.0
100
AcDbText
 73
2
  0
LWPOLYLINE
  5
783
330
17
100
AcDbEntity
  8
CORTE-RECORTE
100
AcDbPolyline
 90
4
 70
1
 10
510.4587
 20
-99.1184
 10
511.0547
 20
-99.1184
 10
511.0547
 20
-98.0324
 10
510.4587
 20
-98.0324
  0
TEXT
  5
784
330
17
100
AcDbEntity
  8
CORTE-TEXTO
100
AcDbText
 10
510.7567
 20
-98.57539999999999
 30
0.0
 40
0.035
  1
PB-M-040
 72
1
 11
510.7567
 21
-98.57539999999999
 31
0.0
100
AcDbText
 73
2
  0
LWPOLYLINE
  5
785
330
17
100
AcDbEntity
  8
CORTE-SOBRANTE
100
AcDbPolyline
 90
4
 70
1
 10
510.4587
 20
-98.0324
 10
511.0547
 20
-98.0324
 10
511.0547
 20
-97.92439999999999
 10
510.4587
 20
-97.92439999999999
  0
LWPOLYLINE
  5
786
330
17
100
AcDbEntity
  8
CORTE-TILE
100
AcDbPolyline
 90
4
 70
1
 10
511.5047
 20
-99.1184
 10
512.1007
 20
-99.1184
 10
512.1007
 20
-97.92439999999999
 10
511.5047
 20
-97.92439999999999
  0
TEXT
  5
787
330
17
100
AcDbEntity
  8
CORTE-TEXTO
100
AcDbText
 10
511.8027
 20
-97.78439999999999
 30
0.0
 40
0.06
  1
M-44
 72
1
 11
511.8027
 21
-97.78439999999999
 31
0.0
100
AcDbText
 73
2
  0
LWPOLYLINE
  5
788
330
17
100
AcDbEntity
  8
CORTE-RECORTE
100
AcDbPolyline
 90
4
 70
1
 10
511.5047
 20
-99.1184
 10
512.1007
 20
-99.1184
 10
512.1007
 20
-98.0324
 10
511.5047
 20
-98.0324
  0
TEXT
  5
789
330
17
100
AcDbEntity
  8
CORTE-TEXTO
100
AcDbText
 10
511.8027
 20
-98.57539999999999
 30
0.0
 40
0.035
  1
PB-M-041
 72
1
 11
511.8027
 21
-98.57539999999999
 31
0.0
100
AcDbText
 73
2
  0
LWPOLYLINE
  5
78A
330
17
100
AcDbEntity
  8
CORTE-SOBRANTE
100
AcDbPolyline
 90
4
 70
1
 10
511.5047
 20
-98.0324
 10
512.1007
 20
-98.0324
 10
512.1007
 20
-97.92439999999999
 10
511.5047
 20
-97.92439999999999
  0
LWPOLYLINE
  5
78B
330
17
100
AcDbEntity
  8
CORTE-TILE
100
AcDbPolyline
 90
4
 70
1
 10
489.5387
 20
-101.0124
 10
490.1347
 20
-101.0124
 10
490.1347
 20
-99.8184
 10
489.5387
 20
-99.8184
  0
TEXT
  5
78C
330
17
100
AcDbEntity
  8
CORTE-TEXTO
100
AcDbText
 10
489.8367
 20
-99.6784
 30
0.0
 40
0.06
  1
M-45
 72
1
 11
489.8367
 21
-99.6784
 31
0.0
100
AcDbText
 73
2
  0
LWPOLYLINE
  5
78D
330
17
100
AcDbEntity
  8
CORTE-RECORTE
100
AcDbPolyline
 90
4
 70
1
 10
489.5387
 20
-101.0124
 10
490.1347
 20
-101.0124
 10
490.1347
 20
-99.9384
 10
489.5387
 20
-99.9384
  0
TEXT
  5
78E
330
17
100
AcDbEntity
  8
CORTE-TEXTO
100
AcDbText
 10
489.8367
 20
-100.4754
 30
0.0
 40
0.035
  1
PB-M-015
 72
1
 11
489.8367
 21
-100.4754
 31
0.0
100
AcDbText
 73
2
  0
LWPOLYLINE
  5
78F
330
17
100
AcDbEntity
  8
CORTE-SOBRANTE
100
AcDbPolyline
 90
4
 70
1
 10
489.5387
 20
-99.9384
 10
490.1347
 20
-99.9384
 10
490.1347
 20
-99.8184
 10
489.5387
 20
-99.8184
  0
LWPOLYLINE
  5
790
330
17
100
AcDbEntity
  8
CORTE-TILE
100
AcDbPolyline
 90
4
 70
1
 10
490.5847
 20
-101.0124
 10
491.1807
 20
-101.0124
 10
491.1807
 20
-99.8184
 10
490.5847
 20
-99.8184
  0
TEXT
  5
791
330
17
100
AcDbEntity
  8
CORTE-TEXTO
100
AcDbText
 10
490.8827
 20
-99.6784
 30
0.0
 40
0.06
  1
M-46
 72
1
 11
490.8827
 21
-99.6784
 31
0.0
100
AcDbText
 73
2
  0
LWPOLYLINE
  5
792
330
17
100
AcDbEntity
  8
CORTE-RECORTE
100
AcDbPolyline
 90
4
 70
1
 10
490.5847
 20
-101.0124
 10
491.1807
 20
-101.0124
 10
491.1807
 20
-99.9384
 10
490.5847
 20
-99.9384
  0
TEXT
  5
793
330
17
100
AcDbEntity
  8
CORTE-TEXTO
100
AcDbText
 10
490.8827
 20
-100.4754
 30
0.0
 40
0.035
  1
PB-M-016
 72
1
 11
490.8827
 21
-100.4754
 31
0.0
100
AcDbText
 73
2
  0
LWPOLYLINE
  5
794
330
17
100
AcDbEntity
  8
CORTE-SOBRANTE
100
AcDbPolyline
 90
4
 70
1
 10
490.5847
 20
-99.9384
 10
491.1807
 20
-99.9384
 10
491.1807
 20
-99.8184
 10
490.5847
 20
-99.8184
  0
LWPOLYLINE
  5
795
330
17
100
AcDbEntity
  8
CORTE-TILE
100
AcDbPolyline
 90
4
 70
1
 10
491.6307
 20
-101.0124
 10
492.2267
 20
-101.0124
 10
492.2267
 20
-99.8184
 10
491.6307
 20
-99.8184
  0
TEXT
  5
796
330
17
100
AcDbEntity
  8
CORTE-TEXTO
100
AcDbText
 10
491.9287
 20
-99.6784
 30
0.0
 40
0.06
  1
M-47
 72
1
 11
491.9287
 21
-99.6784
 31
0.0
100
AcDbText
 73
2
  0
LWPOLYLINE
  5
797
330
17
100
AcDbEntity
  8
CORTE-RECORTE
100
AcDbPolyline
 90
4
 70
1
 10
491.6307
 20
-101.0124
 10
492.2267
 20
-101.0124
 10
492.2267
 20
-99.9444
 10
491.6307
 20
-99.9444
  0
TEXT
  5
798
330
17
100
AcDbEntity
  8
CORTE-TEXTO
100
AcDbText
 10
491.9287
 20
-100.4784
 30
0.0
 40
0.035
  1
PB-M-136
 72
1
 11
491.9287
 21
-100.4784
 31
0.0
100
AcDbText
 73
2
  0
LWPOLYLINE
  5
799
330
17
100
AcDbEntity
  8
CORTE-SOBRANTE
100
AcDbPolyline
 90
4
 70
1
 10
491.6307
 20
-99.9444
 10
492.2267
 20
-99.9444
 10
492.2267
 20
-99.8184
 10
491.6307
 20
-99.8184
  0
LWPOLYLINE
  5
79A
330
17
100
AcDbEntity
  8
CORTE-TILE
100
AcDbPolyline
 90
4
 70
1
 10
492.6767
 20
-101.0124
 10
493.2727
 20
-101.0124
 10
493.2727
 20
-99.8184
 10
492.6767
 20
-99.8184
  0
TEXT
  5
79B
330
17
100
AcDbEntity
  8
CORTE-TEXTO
100
AcDbText
 10
492.9747
 20
-99.6784
 30
0.0
 40
0.06
  1
M-48
 72
1
 11
492.9747
 21
-99.6784
 31
0.0
100
AcDbText
 73
2
  0
LWPOLYLINE
  5
79C
330
17
100
AcDbEntity
  8
CORTE-RECORTE
100
AcDbPolyline
 90
4
 70
1
 10
492.6767
 20
-101.0124
 10
493.2727
 20
-101.0124
 10
493.2727
 20
-99.9444
 10
492.6767
 20
-99.9444
  0
TEXT
  5
79D
330
17
100
AcDbEntity
  8
CORTE-TEXTO
100
AcDbText
 10
492.9747
 20
-100.4784
 30
0.0
 40
0.035
  1
PB-M-135
 72
1
 11
492.9747
 21
-100.4784
 31
0.0
100
AcDbText
 73
2
  0
LWPOLYLINE
  5
79E
330
17
100
AcDbEntity
  8
CORTE-SOBRANTE
100
AcDbPolyline
 90
4
 70
1
 10
492.6767
 20
-99.9444
 10
493.2727
 20
-99.9444
 10
493.2727
 20
-99.8184
 10
492.6767
 20
-99.8184
  0
LWPOLYLINE
  5
79F
330
17
100
AcDbEntity
  8
CORTE-TILE
100
AcDbPolyline
 90
4
 70
1
 10
493.72270000000003
 20
-101.0124
 10
494.31870000000004
 20
-101.0124
 10
494.31870000000004
 20
-99.8184
 10
493.72270000000003
 20
-99.8184
  0
TEXT
  5
7A0
330
17
100
AcDbEntity
  8
CORTE-TEXTO
100
AcDbText
 10
494.02070000000003
 20
-99.6784
 30
0.0
 40
0.06
  1
M-49
 72
1
 11
494.02070000000003
 21
-99.6784
 31
0.0
100
AcDbText
 73
2
  0
LWPOLYLINE
  5
7A1
330
17
100
AcDbEntity
  8
CORTE-RECORTE
100
AcDbPolyline
 90
4
 70
1
 10
493.72270000000003
 20
-101.0124
 10
494.31870000000004
 20
-101.0124
 10
494.31870000000004
 20
-99.9444
 10
493.72270000000003
 20
-99.9444
  0
TEXT
  5
7A2
330
17
100
AcDbEntity
  8
CORTE-TEXTO
100
AcDbText
 10
494.02070000000003
 20
-100.4784
 30
0.0
 40
0.035
  1
PB-M-137
 72
1
 11
494.02070000000003
 21
-100.4784
 31
0.0
100
AcDbText
 73
2
  0
LWPOLYLINE
  5
7A3
330
17
100
AcDbEntity
  8
CORTE-SOBRANTE
100
AcDbPolyline
 90
4
 70
1
 10
493.72270000000003
 20
-99.9444
 10
494.31870000000004
 20
-99.9444
 10
494.31870000000004
 20
-99.8184
 10
493.72270000000003
 20
-99.8184
  0
LWPOLYLINE
  5
7A4
330
17
100
AcDbEntity
  8
CORTE-TILE
100
AcDbPolyline
 90
4
 70
1
 10
494.7687
 20
-101.0124
 10
495.3647
 20
-101.0124
 10
495.3647
 20
-99.8184
 10
494.7687
 20
-99.8184
  0
TEXT
  5
7A5
330
17
100
AcDbEntity
  8
CORTE-TEXTO
100
AcDbText
 10
495.0667
 20
-99.6784
 30
0.0
 40
0.06
  1
M-50
 72
1
 11
495.0667
 21
-99.6784
 31
0.0
100
AcDbText
 73
2
  0
LWPOLYLINE
  5
7A6
330
17
100
AcDbEntity
  8
CORTE-RECORTE
100
AcDbPolyline
 90
4
 70
1
 10
494.7687
 20
-101.0124
 10
495.3647
 20
-101.0124
 10
495.3647
 20
-99.9624
 10
494.7687
 20
-99.9624
  0
TEXT
  5
7A7
330
17
100
AcDbEntity
  8
CORTE-TEXTO
100
AcDbText
 10
495.0667
 20
-100.4874
 30
0.0
 40
0.035
  1
PB-M-146
 72
1
 11
495.0667
 21
-100.4874
 31
0.0
100
AcDbText
 73
2
  0
LWPOLYLINE
  5
7A8
330
17
100
AcDbEntity
  8
CORTE-RECORTE
100
AcDbPolyline
 90
4
 70
1
 10
494.7687
 20
-99.9624
 10
495.2397
 20
-99.9624
 10
495.2397
 20
-99.8264
 10
494.7687
 20
-99.8264
  0
TEXT
  5
7A9
330
17
100
AcDbEntity
  8
CORTE-TEXTO
100
AcDbText
 10
495.0042
 20
-99.8944
 30
0.0
 40
0.035
  1
PB-M-085
 72
1
 11
495.0042
 21
-99.8944
 31
0.0
100
AcDbText
 73
2
  0
LWPOLYLINE
  5
7AA
330
17
100
AcDbEntity
  8
CORTE-SOBRANTE
100
AcDbPolyline
 90
4
 70
1
 10
495.2397
 20
-99.9624
 10
495.3647
 20
-99.9624
 10
495.3647
 20
-99.8184
 10
495.2397
 20
-99.8184
  0
LWPOLYLINE
  5
7AB
330
17
100
AcDbEntity
  8
CORTE-TILE
100
AcDbPolyline
 90
4
 70
1
 10
495.8147
 20
-101.0124
 10
496.4107
 20
-101.0124
 10
496.4107
 20
-99.8184
 10
495.8147
 20
-99.8184
  0
TEXT
  5
7AC
330
17
100
AcDbEntity
  8
CORTE-TEXTO
100
AcDbText
 10
496.1127
 20
-99.6784
 30
0.0
 40
0.06
  1
M-51
 72
1
 11
496.1127
 21
-99.6784
 31
0.0
100
AcDbText
 73
2
  0
LWPOLYLINE
  5
7AD
330
17
100
AcDbEntity
  8
CORTE-RECORTE
100
AcDbPolyline
 90
4
 70
1
 10
495.8147
 20
-101.0124
 10
496.4107
 20
-101.0124
 10
496.4107
 20
-99.9624
 10
495.8147
 20
-99.9624
  0
TEXT
  5
7AE
330
17
100
AcDbEntity
  8
CORTE-TEXTO
100
AcDbText
 10
496.1127
 20
-100.4874
 30
0.0
 40
0.035
  1
PB-M-145
 72
1
 11
496.1127
 21
-100.4874
 31
0.0
100
AcDbText
 73
2
  0
LWPOLYLINE
  5
7AF
330
17
100
AcDbEntity
  8
CORTE-RECORTE
100
AcDbPolyline
 90
4
 70
1
 10
495.8147
 20
-99.9624
 10
496.25370000000004
 20
-99.9624
 10
496.25370000000004
 20
-99.8264
 10
495.8147
 20
-99.8264
  0
TEXT
  5
7B0
330
17
100
AcDbEntity
  8
CORTE-TEXTO
100
AcDbText
 10
496.0342
 20
-99.8944
 30
0.0
 40
0.035
  1
PB-M-114
 72
1
 11
496.0342
 21
-99.8944
 31
0.0
100
AcDbText
 73
2
  0
LWPOLYLINE
  5
7B1
330
17
100
AcDbEntity
  8
CORTE-SOBRANTE
100
AcDbPolyline
 90
4
 70
1
 10
496.25370000000004
 20
-99.9624
 10
496.4107
 20
-99.9624
 10
496.4107
 20
-99.8184
 10
496.25370000000004
 20
-99.8184
  0
LWPOLYLINE
  5
7B2
330
17
100
AcDbEntity
  8
CORTE-TILE
100
AcDbPolyline
 90
4
 70
1
 10
496.8607
 20
-101.0124
 10
497.4567
 20
-101.0124
 10
497.4567
 20
-99.8184
 10
496.8607
 20
-99.8184
  0
TEXT
  5
7B3
330
17
100
AcDbEntity
  8
CORTE-TEXTO
100
AcDbText
 10
497.1587
 20
-99.6784
 30
0.0
 40
0.06
  1
M-52
 72
1
 11
497.1587
 21
-99.6784
 31
0.0
100
AcDbText
 73
2
  0
LWPOLYLINE
  5
7B4
330
17
100
AcDbEntity
  8
CORTE-RECORTE
100
AcDbPolyline
 90
4
 70
1
 10
496.8607
 20
-101.0124
 10
497.4567
 20
-101.0124
 10
497.4567
 20
-99.9624
 10
496.8607
 20
-99.9624
  0
TEXT
  5
7B5
330
17
100
AcDbEntity
  8
CORTE-TEXTO
100
AcDbText
 10
497.1587
 20
-100.4874
 30
0.0
 40
0.035
  1
PB-M-144
 72
1
 11
497.1587
 21
-100.4874
 31
0.0
100
AcDbText
 73
2
  0
LWPOLYLINE
  5
7B6
330
17
100
AcDbEntity
  8
CORTE-SOBRANTE
100
AcDbPolyline
 90
4
 70
1
 10
496.8607
 20
-99.9624
 10
497.4567
 20
-99.9624
 10
497.4567
 20
-99.8184
 10
496.8607
 20
-99.8184
  0
LWPOLYLINE
  5
7B7
330
17
100
AcDbEntity
  8
CORTE-TILE
100
AcDbPolyline
 90
4
 70
1
 10
497.9067
 20
-101.0124
 10
498.5027
 20
-101.0124
 10
498.5027
 20
-99.8184
 10
497.9067
 20
-99.8184
  0
TEXT
  5
7B8
330
17
100
AcDbEntity
  8
CORTE-TEXTO
100
AcDbText
 10
498.2047
 20
-99.6784
 30
0.0
 40
0.06
  1
M-53
 72
1
 11
498.2047
 21
-99.6784
 31
0.0
100
AcDbText
 73
2
  0
LWPOLYLINE
  5
7B9
330
17
100
AcDbEntity
  8
CORTE-RECORTE
100
AcDbPolyline
 90
4
 70
1
 10
497.9067
 20
-101.0124
 10
498.5027
 20
-101.0124
 10
498.5027
 20
-99.9624
 10
497.9067
 20
-99.9624
  0
TEXT
  5
7BA
330
17
100
AcDbEntity
  8
CORTE-TEXTO
100
AcDbText
 10
498.2047
 20
-100.4874
 30
0.0
 40
0.035
  1
PB-M-143
 72
1
 11
498.2047
 21
-100.4874
 31
0.0
100
AcDbText
 73
2
  0
LWPOLYLINE
  5
7BB
330
17
100
AcDbEntity
  8
CORTE-SOBRANTE
100
AcDbPolyline
 90
4
 70
1
 10
497.9067
 20
-99.9624
 10
498.5027
 20
-99.9624
 10
498.5027
 20
-99.8184
 10
497.9067
 20
-99.8184
  0
LWPOLYLINE
  5
7BC
330
17
100
AcDbEntity
  8
CORTE-TILE
100
AcDbPolyline
 90
4
 70
1
 10
498.9527
 20
-101.0124
 10
499.5487
 20
-101.0124
 10
499.5487
 20
-99.8184
 10
498.9527
 20
-99.8184
  0
TEXT
  5
7BD
330
17
100
AcDbEntity
  8
CORTE-TEXTO
100
AcDbText
 10
499.2507
 20
-99.6784
 30
0.0
 40
0.06
  1
M-54
 72
1
 11
499.2507
 21
-99.6784
 31
0.0
100
AcDbText
 73
2
  0
LWPOLYLINE
  5
7BE
330
17
100
AcDbEntity
  8
CORTE-RECORTE
100
AcDbPolyline
 90
4
 70
1
 10
498.9527
 20
-101.0124
 10
499.5487
 20
-101.0124
 10
499.5487
 20
-100.0044
 10
498.9527
 20
-100.0044
  0
TEXT
  5
7BF
330
17
100
AcDbEntity
  8
CORTE-TEXTO
100
AcDbText
 10
499.2507
 20
-100.5084
 30
0.0
 40
0.035
  1
PB-M-142
 72
1
 11
499.2507
 21
-100.5084
 31
0.0
100
AcDbText
 73
2
  0
LWPOLYLINE
  5
7C0
330
17
100
AcDbEntity
  8
CORTE-SOBRANTE
100
AcDbPolyline
 90
4
 70
1
 10
498.9527
 20
-100.0044
 10
499.5487
 20
-100.0044
 10
499.5487
 20
-99.8184
 10
498.9527
 20
-99.8184
  0
LWPOLYLINE
  5
7C1
330
17
100
AcDbEntity
  8
CORTE-TILE
100
AcDbPolyline
 90
4
 70
1
 10
499.9987
 20
-101.0124
 10
500.5947
 20
-101.0124
 10
500.5947
 20
-99.8184
 10
499.9987
 20
-99.8184
  0
TEXT
  5
7C2
330
17
100
AcDbEntity
  8
CORTE-TEXTO
100
AcDbText
 10
500.2967
 20
-99.6784
 30
0.0
 40
0.06
  1
M-55
 72
1
 11
500.2967
 21
-99.6784
 31
0.0
100
AcDbText
 73
2
  0
LWPOLYLINE
  5
7C3
330
17
100
AcDbEntity
  8
CORTE-RECORTE
100
AcDbPolyline
 90
4
 70
1
 10
499.9987
 20
-101.0124
 10
500.5947
 20
-101.0124
 10
500.5947
 20
-100.0044
 10
499.9987
 20
-100.0044
  0
TEXT
  5
7C4
330
17
100
AcDbEntity
  8
CORTE-TEXTO
100
AcDbText
 10
500.2967
 20
-100.5084
 30
0.0
 40
0.035
  1
PB-M-141
 72
1
 11
500.2967
 21
-100.5084
 31
0.0
100
AcDbText
 73
2
  0
LWPOLYLINE
  5
7C5
330
17
100
AcDbEntity
  8
CORTE-SOBRANTE
100
AcDbPolyline
 90
4
 70
1
 10
499.9987
 20
-100.0044
 10
500.5947
 20
-100.0044
 10
500.5947
 20
-99.8184
 10
499.9987
 20
-99.8184
  0
LWPOLYLINE
  5
7C6
330
17
100
AcDbEntity
  8
CORTE-TILE
100
AcDbPolyline
 90
4
 70
1
 10
501.04470000000003
 20
-101.0124
 10
501.64070000000004
 20
-101.0124
 10
501.64070000000004
 20
-99.8184
 10
501.04470000000003
 20
-99.8184
  0
TEXT
  5
7C7
330
17
100
AcDbEntity
  8
CORTE-TEXTO
100
AcDbText
 10
501.34270000000004
 20
-99.6784
 30
0.0
 40
0.06
  1
M-56
 72
1
 11
501.34270000000004
 21
-99.6784
 31
0.0
100
AcDbText
 73
2
  0
LWPOLYLINE
  5
7C8
330
17
100
AcDbEntity
  8
CORTE-RECORTE
100
AcDbPolyline
 90
4
 70
1
 10
501.04470000000003
 20
-101.0124
 10
501.64070000000004
 20
-101.0124
 10
501.64070000000004
 20
-100.0044
 10
501.04470000000003
 20
-100.0044
  0
TEXT
  5
7C9
330
17
100
AcDbEntity
  8
CORTE-TEXTO
100
AcDbText
 10
501.34270000000004
 20
-100.5084
 30
0.0
 40
0.035
  1
PB-M-140
 72
1
 11
501.34270000000004
 21
-100.5084
 31
0.0
100
AcDbText
 73
2
  0
LWPOLYLINE
  5
7CA
330
17
100
AcDbEntity
  8
CORTE-SOBRANTE
100
AcDbPolyline
 90
4
 70
1
 10
501.04470000000003
 20
-100.0044
 10
501.64070000000004
 20
-100.0044
 10
501.64070000000004
 20
-99.8184
 10
501.04470000000003
 20
-99.8184
  0
LWPOLYLINE
  5
7CB
330
17
100
AcDbEntity
  8
CORTE-TILE
100
AcDbPolyline
 90
4
 70
1
 10
502.0907
 20
-101.0124
 10
502.68670000000003
 20
-101.0124
 10
502.68670000000003
 20
-99.8184
 10
502.0907
 20
-99.8184
  0
TEXT
  5
7CC
330
17
100
AcDbEntity
  8
CORTE-TEXTO
100
AcDbText
 10
502.38870000000003
 20
-99.6784
 30
0.0
 40
0.06
  1
M-57
 72
1
 11
502.38870000000003
 21
-99.6784
 31
0.0
100
AcDbText
 73
2
  0
LWPOLYLINE
  5
7CD
330
17
100
AcDbEntity
  8
CORTE-RECORTE
100
AcDbPolyline
 90
4
 70
1
 10
502.0907
 20
-101.0124
 10
502.6087
 20
-101.0124
 10
502.6087
 20
-99.9504
 10
502.0907
 20
-99.9504
  0
TEXT
  5
7CE
330
17
100
AcDbEntity
  8
CORTE-TEXTO
100
AcDbText
 10
502.34970000000004
 20
-100.4814
 30
0.0
 40
0.035
  1
PA-M-009
 72
1
 11
502.34970000000004
 21
-100.4814
 31
0.0
100
AcDbText
 73
2
  0
LWPOLYLINE
  5
7CF
330
17
100
AcDbEntity
  8
CORTE-DESPERDICIO
100
AcDbPolyline
 90
4
 70
1
 10
502.6087
 20
-101.0124
 10
502.6867
 20
-101.0124
 10
502.6867
 20
-99.8184
 10
502.6087
 20
-99.8184
  0
LWPOLYLINE
  5
7D0
330
17
100
AcDbEntity
  8
CORTE-SOBRANTE
100
AcDbPolyline
 90
4
 70
1
 10
502.0907
 20
-99.9504
 10
502.6087
 20
-99.9504
 10
502.6087
 20
-99.8184
 10
502.0907
 20
-99.8184
  0
LWPOLYLINE
  5
7D1
330
17
100
AcDbEntity
  8
CORTE-TILE
100
AcDbPolyline
 90
4
 70
1
 10
503.1367
 20
-101.0124
 10
503.7327
 20
-101.0124
 10
503.7327
 20
-99.8184
 10
503.1367
 20
-99.8184
  0
TEXT
  5
7D2
330
17
100
AcDbEntity
  8
CORTE-TEXTO
100
AcDbText
 10
503.4347
 20
-99.6784
 30
0.0
 40
0.06
  1
M-58
 72
1
 11
503.4347
 21
-99.6784
 31
0.0
100
AcDbText
 73
2
  0
LWPOLYLINE
  5
7D3
330
17
100
AcDbEntity
  8
CORTE-RECORTE
100
AcDbPolyline
 90
4
 70
1
 10
503.1367
 20
-101.0124
 10
503.5307
 20
-101.0124
 10
503.5307
 20
-99.8184
 10
503.1367
 20
-99.8184
  0
TEXT
  5
7D4
330
17
100
AcDbEntity
  8
CORTE-TEXTO
100
AcDbText
 10
503.3337
 20
-100.4154
 30
0.0
 40
0.035
  1
PB-M-014
 72
1
 11
503.3337
 21
-100.4154
 31
0.0
100
AcDbText
 73
2
  0
LWPOLYLINE
  5
7D5
330
17
100
AcDbEntity
  8
CORTE-RECORTE
100
AcDbPolyline
 90
4
 70
1
 10
503.5307
 20
-101.0124
 10
503.71270000000004
 20
-101.0124
 10
503.71270000000004
 20
-99.8924
 10
503.5307
 20
-99.8924
  0
TEXT
  5
7D6
330
17
100
AcDbEntity
  8
CORTE-TEXTO
100
AcDbText
 10
503.62170000000003
 20
-100.4524
 30
0.0
 40
0.035
  1
PB-M-122
 72
1
 11
503.62170000000003
 21
-100.4524
 31
0.0
100
AcDbText
 73
2
  0
LWPOLYLINE
  5
7D7
330
17
100
AcDbEntity
  8
CORTE-DESPERDICIO
100
AcDbPolyline
 90
4
 70
1
 10
503.71270000000004
 20
-101.0124
 10
503.7327
 20
-101.0124
 10
503.7327
 20
-99.8184
 10
503.71270000000004
 20
-99.8184
  0
LWPOLYLINE
  5
7D8
330
17
100
AcDbEntity
  8
CORTE-DESPERDICIO
100
AcDbPolyline
 90
4
 70
1
 10
503.5307
 20
-99.8924
 10
503.71270000000004
 20
-99.8924
 10
503.71270000000004
 20
-99.8184
 10
503.5307
 20
-99.8184
  0
LWPOLYLINE
  5
7D9
330
17
100
AcDbEntity
  8
CORTE-TILE
100
AcDbPolyline
 90
4
 70
1
 10
504.1827
 20
-101.0124
 10
504.7787
 20
-101.0124
 10
504.7787
 20
-99.8184
 10
504.1827
 20
-99.8184
  0
TEXT
  5
7DA
330
17
100
AcDbEntity
  8
CORTE-TEXTO
100
AcDbText
 10
504.4807
 20
-99.6784
 30
0.0
 40
0.06
  1
M-59
 72
1
 11
504.4807
 21
-99.6784
 31
0.0
100
AcDbText
 73
2
  0
LWPOLYLINE
  5
7DB
330
17
100
AcDbEntity
  8
CORTE-RECORTE
100
AcDbPolyline
 90
4
 70
1
 10
504.1827
 20
-101.0124
 10
504.5767
 20
-101.0124
 10
504.5767
 20
-99.9034
 10
504.1827
 20
-99.9034
  0
TEXT
  5
7DC
330
17
100
AcDbEntity
  8
CORTE-TEXTO
100
AcDbText
 10
504.3797
 20
-100.4579
 30
0.0
 40
0.035
  1
PB-M-104
 72
1
 11
504.3797
 21
-100.4579
 31
0.0
100
AcDbText
 73
2
  0
LWPOLYLINE
  5
7DD
330
17
100
AcDbEntity
  8
CORTE-RECORTE
100
AcDbPolyline
 90
4
 70
1
 10
504.5767
 20
-101.0124
 10
504.6667
 20
-101.0124
 10
504.6667
 20
-100.1124
 10
504.5767
 20
-100.1124
  0
TEXT
  5
7DE
330
17
100
AcDbEntity
  8
CORTE-TEXTO
100
AcDbText
 10
504.62170000000003
 20
-100.5624
 30
0.0
 40
0.02
  1
PA-M-038
 72
1
 11
504.62170000000003
 21
-100.5624
 31
0.0
100
AcDbText
 73
2
  0
LWPOLYLINE
  5
7DF
330
17
100
AcDbEntity
  8
CORTE-DESPERDICIO
100
AcDbPolyline
 90
4
 70
1
 10
504.1827
 20
-99.9034
 10
504.5767
 20
-99.9034
 10
504.5767
 20
-99.81840000000001
 10
504.1827
 20
-99.81840000000001
  0
LWPOLYLINE
  5
7E0
330
17
100
AcDbEntity
  8
CORTE-SOBRANTE
100
AcDbPolyline
 90
4
 70
1
 10
504.6667
 20
-101.0124
 10
504.7787
 20
-101.0124
 10
504.7787
 20
-99.8184
 10
504.6667
 20
-99.8184
  0
LWPOLYLINE
  5
7E1
330
17
100
AcDbEntity
  8
CORTE-DESPERDICIO
100
AcDbPolyline
 90
4
 70
1
 10
504.5767
 20
-100.1124
 10
504.6667
 20
-100.1124
 10
504.6667
 20
-99.8184
 10
504.5767
 20
-99.8184
  0
LWPOLYLINE
  5
7E2
330
17
100
AcDbEntity
  8
CORTE-TILE
100
AcDbPolyline
 90
4
 70
1
 10
505.2287
 20
-101.0124
 10
505.8247
 20
-101.0124
 10
505.8247
 20
-99.8184
 10
505.2287
 20
-99.8184
  0
TEXT
  5
7E3
330
17
100
AcDbEntity
  8
CORTE-TEXTO
100
AcDbText
 10
505.5267
 20
-99.6784
 30
0.0
 40
0.06
  1
M-60
 72
1
 11
505.5267
 21
-99.6784
 31
0.0
100
AcDbText
 73
2
  0
LWPOLYLINE
  5
7E4
330
17
100
AcDbEntity
  8
CORTE-RECORTE
100
AcDbPolyline
 90
4
 70
1
 10
505.2287
 20
-101.0124
 10
505.6227
 20
-101.0124
 10
505.6227
 20
-99.9384
 10
505.2287
 20
-99.9384
  0
TEXT
  5
7E5
330
17
100
AcDbEntity
  8
CORTE-TEXTO
100
AcDbText
 10
505.4257
 20
-100.4754
 30
0.0
 40
0.035
  1
PB-M-017
 72
1
 11
505.4257
 21
-100.4754
 31
0.0
100
AcDbText
 73
2
  0
LWPOLYLINE
  5
7E6
330
17
100
AcDbEntity
  8
CORTE-SOBRANTE
100
AcDbPolyline
 90
4
 70
1
 10
505.6227
 20
-101.0124
 10
505.8247
 20
-101.0124
 10
505.8247
 20
-99.8184
 10
505.6227
 20
-99.8184
  0
LWPOLYLINE
  5
7E7
330
17
100
AcDbEntity
  8
CORTE-SOBRANTE
100
AcDbPolyline
 90
4
 70
1
 10
505.2287
 20
-99.9384
 10
505.6227
 20
-99.9384
 10
505.6227
 20
-99.8184
 10
505.2287
 20
-99.8184
  0
LWPOLYLINE
  5
7E8
330
17
100
AcDbEntity
  8
CORTE-TILE
100
AcDbPolyline
 90
4
 70
1
 10
506.2747
 20
-101.0124
 10
506.8707
 20
-101.0124
 10
506.8707
 20
-99.8184
 10
506.2747
 20
-99.8184
  0
TEXT
  5
7E9
330
17
100
AcDbEntity
  8
CORTE-TEXTO
100
AcDbText
 10
506.5727
 20
-99.6784
 30
0.0
 40
0.06
  1
M-61
 72
1
 11
506.5727
 21
-99.6784
 31
0.0
100
AcDbText
 73
2
  0
LWPOLYLINE
  5
7EA
330
17
100
AcDbEntity
  8
CORTE-RECORTE
100
AcDbPolyline
 90
4
 70
1
 10
506.2747
 20
-101.0124
 10
506.6227
 20
-101.0124
 10
506.6227
 20
-99.8184
 10
506.2747
 20
-99.8184
  0
TEXT
  5
7EB
330
17
100
AcDbEntity
  8
CORTE-TEXTO
100
AcDbText
 10
506.4487
 20
-100.4154
 30
0.0
 40
0.035
  1
PA-M-008
 72
1
 11
506.4487
 21
-100.4154
 31
0.0
100
AcDbText
 73
2
  0
LWPOLYLINE
  5
7EC
330
17
100
AcDbEntity
  8
CORTE-RECORTE
100
AcDbPolyline
 90
4
 70
1
 10
506.6227
 20
-101.0124
 10
506.8607
 20
-101.0124
 10
506.8607
 20
-99.8924
 10
506.6227
 20
-99.8924
  0
TEXT
  5
7ED
330
17
100
AcDbEntity
  8
CORTE-TEXTO
100
AcDbText
 10
506.74170000000004
 20
-100.4524
 30
0.0
 40
0.035
  1
PB-M-121
 72
1
 11
506.74170000000004
 21
-100.4524
 31
0.0
100
AcDbText
 73
2
  0
LWPOLYLINE
  5
7EE
330
17
100
AcDbEntity
  8
CORTE-DESPERDICIO
100
AcDbPolyline
 90
4
 70
1
 10
506.6227
 20
-99.8924
 10
506.8707
 20
-99.8924
 10
506.8707
 20
-99.8184
 10
506.6227
 20
-99.8184
  0
LWPOLYLINE
  5
7EF
330
17
100
AcDbEntity
  8
CORTE-DESPERDICIO
100
AcDbPolyline
 90
4
 70
1
 10
506.8607
 20
-101.0124
 10
506.8707
 20
-101.0124
 10
506.8707
 20
-99.8924
 10
506.8607
 20
-99.8924
  0
LWPOLYLINE
  5
7F0
330
17
100
AcDbEntity
  8
CORTE-TILE
100
AcDbPolyline
 90
4
 70
1
 10
507.3207
 20
-101.0124
 10
507.9167
 20
-101.0124
 10
507.9167
 20
-99.8184
 10
507.3207
 20
-99.8184
  0
TEXT
  5
7F1
330
17
100
AcDbEntity
  8
CORTE-TEXTO
100
AcDbText
 10
507.6187
 20
-99.6784
 30
0.0
 40
0.06
  1
M-62
 72
1
 11
507.6187
 21
-99.6784
 31
0.0
100
AcDbText
 73
2
  0
LWPOLYLINE
  5
7F2
330
17
100
AcDbEntity
  8
CORTE-RECORTE
100
AcDbPolyline
 90
4
 70
1
 10
507.3207
 20
-101.0124
 10
507.9167
 20
-101.0124
 10
507.9167
 20
-100.3244
 10
507.3207
 20
-100.3244
  0
TEXT
  5
7F3
330
17
100
AcDbEntity
  8
CORTE-TEXTO
100
AcDbText
 10
507.6187
 20
-100.6684
 30
0.0
 40
0.035
  1
PA-M-016
 72
1
 11
507.6187
 21
-100.6684
 31
0.0
100
AcDbText
 73
2
  0
LWPOLYLINE
  5
7F4
330
17
100
AcDbEntity
  8
CORTE-RECORTE
100
AcDbPolyline
 90
4
 70
1
 10
507.3207
 20
-100.3244
 10
507.84069999999997
 20
-100.3244
 10
507.84069999999997
 20
-99.88839999999999
 10
507.3207
 20
-99.88839999999999
  0
TEXT
  5
7F5
330
17
100
AcDbEntity
  8
CORTE-TEXTO
100
AcDbText
 10
507.5807
 20
-100.1064
 30
0.0
 40
0.035
  1
PA-M-003
 72
1
 11
507.5807
 21
-100.1064
 31
0.0
100
AcDbText
 73
2
  0
LWPOLYLINE
  5
7F6
330
17
100
AcDbEntity
  8
CORTE-DESPERDICIO
100
AcDbPolyline
 90
4
 70
1
 10
507.3207
 20
-99.8884
 10
507.9167
 20
-99.8884
 10
507.9167
 20
-99.81840000000001
 10
507.3207
 20
-99.81840000000001
  0
LWPOLYLINE
  5
7F7
330
17
100
AcDbEntity
  8
CORTE-DESPERDICIO
100
AcDbPolyline
 90
4
 70
1
 10
507.84069999999997
 20
-100.3244
 10
507.9167
 20
-100.3244
 10
507.9167
 20
-99.88839999999999
 10
507.84069999999997
 20
-99.88839999999999
  0
LWPOLYLINE
  5
7F8
330
17
100
AcDbEntity
  8
CORTE-TILE
100
AcDbPolyline
 90
4
 70
1
 10
508.3667
 20
-101.0124
 10
508.9627
 20
-101.0124
 10
508.9627
 20
-99.8184
 10
508.3667
 20
-99.8184
  0
TEXT
  5
7F9
330
17
100
AcDbEntity
  8
CORTE-TEXTO
100
AcDbText
 10
508.6647
 20
-99.6784
 30
0.0
 40
0.06
  1
M-63
 72
1
 11
508.6647
 21
-99.6784
 31
0.0
100
AcDbText
 73
2
  0
LWPOLYLINE
  5
7FA
330
17
100
AcDbEntity
  8
CORTE-RECORTE
100
AcDbPolyline
 90
4
 70
1
 10
508.3667
 20
-101.0124
 10
508.9627
 20
-101.0124
 10
508.9627
 20
-100.3244
 10
508.3667
 20
-100.3244
  0
TEXT
  5
7FB
330
17
100
AcDbEntity
  8
CORTE-TEXTO
100
AcDbText
 10
508.6647
 20
-100.6684
 30
0.0
 40
0.035
  1
PA-M-017
 72
1
 11
508.6647
 21
-100.6684
 31
0.0
100
AcDbText
 73
2
  0
LWPOLYLINE
  5
7FC
330
17
100
AcDbEntity
  8
CORTE-RECORTE
100
AcDbPolyline
 90
4
 70
1
 10
508.3667
 20
-100.3244
 10
508.9557
 20
-100.3244
 10
508.9557
 20
-99.9944
 10
508.3667
 20
-99.9944
  0
TEXT
  5
7FD
330
17
100
AcDbEntity
  8
CORTE-TEXTO
100
AcDbText
 10
508.6612
 20
-100.15939999999999
 30
0.0
 40
0.035
  1
PB-M-088
 72
1
 11
508.6612
 21
-100.15939999999999
 31
0.0
100
AcDbText
 73
2
  0
LWPOLYLINE
  5
7FE
330
17
100
AcDbEntity
  8
CORTE-SOBRANTE
100
AcDbPolyline
 90
4
 70
1
 10
508.3667
 20
-99.9944
 10
508.9627
 20
-99.9944
 10
508.9627
 20
-99.8184
 10
508.3667
 20
-99.8184
  0
LWPOLYLINE
  5
7FF
330
17
100
AcDbEntity
  8
CORTE-TILE
100
AcDbPolyline
 90
4
 70
1
 10
509.41270000000003
 20
-101.0124
 10
510.00870000000003
 20
-101.0124
 10
510.00870000000003
 20
-99.8184
 10
509.41270000000003
 20
-99.8184
  0
TEXT
  5
800
330
17
100
AcDbEntity
  8
CORTE-TEXTO
100
AcDbText
 10
509.71070000000003
 20
-99.6784
 30
0.0
 40
0.06
  1
M-64
 72
1
 11
509.71070000000003
 21
-99.6784
 31
0.0
100
AcDbText
 73
2
  0
LWPOLYLINE
  5
801
330
17
100
AcDbEntity
  8
CORTE-RECORTE
100
AcDbPolyline
 90
4
 70
1
 10
509.41270000000003
 20
-101.0124
 10
510.00870000000003
 20
-101.0124
 10
510.00870000000003
 20
-100.3244
 10
509.41270000000003
 20
-100.3244
  0
TEXT
  5
802
330
17
100
AcDbEntity
  8
CORTE-TEXTO
100
AcDbText
 10
509.71070000000003
 20
-100.6684
 30
0.0
 40
0.035
  1
PA-M-018
 72
1
 11
509.71070000000003
 21
-100.6684
 31
0.0
100
AcDbText
 73
2
  0
LWPOLYLINE
  5
803
330
17
100
AcDbEntity
  8
CORTE-RECORTE
100
AcDbPolyline
 90
4
 70
1
 10
509.41270000000003
 20
-100.3244
 10
509.7167
 20
-100.3244
 10
509.7167
 20
-99.9764
 10
509.41270000000003
 20
-99.9764
  0
TEXT
  5
804
330
17
100
AcDbEntity
  8
CORTE-TEXTO
100
AcDbText
 10
509.5647
 20
-100.15039999999999
 30
0.0
 40
0.035
  1
PA-M-015
 72
1
 11
509.5647
 21
-100.15039999999999
 31
0.0
100
AcDbText
 73
2
  0
LWPOLYLINE
  5
805
330
17
100
AcDbEntity
  8
CORTE-SOBRANTE
100
AcDbPolyline
 90
4
 70
1
 10
509.7167
 20
-100.3244
 10
510.0087
 20
-100.3244
 10
510.0087
 20
-99.8184
 10
509.7167
 20
-99.8184
  0
LWPOLYLINE
  5
806
330
17
100
AcDbEntity
  8
CORTE-SOBRANTE
100
AcDbPolyline
 90
4
 70
1
 10
509.41270000000003
 20
-99.9764
 10
509.7167
 20
-99.9764
 10
509.7167
 20
-99.8184
 10
509.41270000000003
 20
-99.8184
  0
LWPOLYLINE
  5
807
330
17
100
AcDbEntity
  8
CORTE-TILE
100
AcDbPolyline
 90
4
 70
1
 10
510.4587
 20
-101.0124
 10
511.0547
 20
-101.0124
 10
511.0547
 20
-99.8184
 10
510.4587
 20
-99.8184
  0
TEXT
  5
808
330
17
100
AcDbEntity
  8
CORTE-TEXTO
100
AcDbText
 10
510.7567
 20
-99.6784
 30
0.0
 40
0.06
  1
M-65
 72
1
 11
510.7567
 21
-99.6784
 31
0.0
100
AcDbText
 73
2
  0
LWPOLYLINE
  5
809
330
17
100
AcDbEntity
  8
CORTE-RECORTE
100
AcDbPolyline
 90
4
 70
1
 10
510.4587
 20
-101.0124
 10
511.0547
 20
-101.0124
 10
511.0547
 20
-100.3284
 10
510.4587
 20
-100.3284
  0
TEXT
  5
80A
330
17
100
AcDbEntity
  8
CORTE-TEXTO
100
AcDbText
 10
510.7567
 20
-100.6704
 30
0.0
 40
0.035
  1
PA-M-026
 72
1
 11
510.7567
 21
-100.6704
 31
0.0
100
AcDbText
 73
2
  0
LWPOLYLINE
  5
80B
330
17
100
AcDbEntity
  8
CORTE-SOBRANTE
100
AcDbPolyline
 90
4
 70
1
 10
510.4587
 20
-100.3284
 10
511.0547
 20
-100.3284
 10
511.0547
 20
-99.8184
 10
510.4587
 20
-99.8184
  0
LWPOLYLINE
  5
80C
330
17
100
AcDbEntity
  8
CORTE-TILE
100
AcDbPolyline
 90
4
 70
1
 10
511.5047
 20
-101.0124
 10
512.1007
 20
-101.0124
 10
512.1007
 20
-99.8184
 10
511.5047
 20
-99.8184
  0
TEXT
  5
80D
330
17
100
AcDbEntity
  8
CORTE-TEXTO
100
AcDbText
 10
511.8027
 20
-99.6784
 30
0.0
 40
0.06
  1
M-66
 72
1
 11
511.8027
 21
-99.6784
 31
0.0
100
AcDbText
 73
2
  0
LWPOLYLINE
  5
80E
330
17
100
AcDbEntity
  8
CORTE-RECORTE
100
AcDbPolyline
 90
4
 70
1
 10
511.5047
 20
-101.0124
 10
512.1007
 20
-101.0124
 10
512.1007
 20
-100.3284
 10
511.5047
 20
-100.3284
  0
TEXT
  5
80F
330
17
100
AcDbEntity
  8
CORTE-TEXTO
100
AcDbText
 10
511.8027
 20
-100.6704
 30
0.0
 40
0.035
  1
PA-M-027
 72
1
 11
511.8027
 21
-100.6704
 31
0.0
100
AcDbText
 73
2
  0
LWPOLYLINE
  5
810
330
17
100
AcDbEntity
  8
CORTE-SOBRANTE
100
AcDbPolyline
 90
4
 70
1
 10
511.5047
 20
-100.3284
 10
512.1007
 20
-100.3284
 10
512.1007
 20
-99.8184
 10
511.5047
 20
-99.8184
  0
LWPOLYLINE
  5
811
330
17
100
AcDbEntity
  8
CORTE-TILE
100
AcDbPolyline
 90
4
 70
1
 10
489.5387
 20
-102.90639999999999
 10
490.1347
 20
-102.90639999999999
 10
490.1347
 20
-101.71239999999999
 10
489.5387
 20
-101.71239999999999
  0
TEXT
  5
812
330
17
100
AcDbEntity
  8
CORTE-TEXTO
100
AcDbText
 10
489.8367
 20
-101.57239999999999
 30
0.0
 40
0.06
  1
M-67
 72
1
 11
489.8367
 21
-101.57239999999999
 31
0.0
100
AcDbText
 73
2
  0
LWPOLYLINE
  5
813
330
17
100
AcDbEntity
  8
CORTE-RECORTE
100
AcDbPolyline
 90
4
 70
1
 10
489.5387
 20
-102.90639999999999
 10
490.1277
 20
-102.90639999999999
 10
490.1277
 20
-102.30839999999999
 10
489.5387
 20
-102.30839999999999
  0
TEXT
  5
814
330
17
100
AcDbEntity
  8
CORTE-TEXTO
100
AcDbText
 10
489.83320000000003
 20
-102.60739999999998
 30
0.0
 40
0.035
  1
PB-M-089
 72
1
 11
489.83320000000003
 21
-102.60739999999998
 31
0.0
100
AcDbText
 73
2
  0
LWPOLYLINE
  5
815
330
17
100
AcDbEntity
  8
CORTE-SOBRANTE
100
AcDbPolyline
 90
4
 70
1
 10
489.5387
 20
-102.30839999999999
 10
490.1347
 20
-102.30839999999999
 10
490.1347
 20
-101.71239999999999
 10
489.5387
 20
-101.71239999999999
  0
LWPOLYLINE
  5
816
330
17
100
AcDbEntity
  8
CORTE-TILE
100
AcDbPolyline
 90
4
 70
1
 10
490.5847
 20
-102.90639999999999
 10
491.1807
 20
-102.90639999999999
 10
491.1807
 20
-101.71239999999999
 10
490.5847
 20
-101.71239999999999
  0
TEXT
  5
817
330
17
100
AcDbEntity
  8
CORTE-TEXTO
100
AcDbText
 10
490.8827
 20
-101.57239999999999
 30
0.0
 40
0.06
  1
M-68
 72
1
 11
490.8827
 21
-101.57239999999999
 31
0.0
100
AcDbText
 73
2
  0
LWPOLYLINE
  5
818
330
17
100
AcDbEntity
  8
CORTE-RECORTE
100
AcDbPolyline
 90
4
 70
1
 10
490.5847
 20
-102.90639999999999
 10
490.8687
 20
-102.90639999999999
 10
490.8687
 20
-101.71239999999999
 10
490.5847
 20
-101.71239999999999
  0
TEXT
  5
819
330
17
100
AcDbEntity
  8
CORTE-TEXTO
100
AcDbText
 10
490.7267
 20
-102.3094
 30
0.0
 40
0.035
  1
PB-M-098
 72
1
 11
490.7267
 21
-102.3094
 31
0.0
100
AcDbText
 73
2
  0
LWPOLYLINE
  5
81A
330
17
100
AcDbEntity
  8
CORTE-RECORTE
100
AcDbPolyline
 90
4
 70
1
 10
490.8687
 20
-102.90639999999999
 10
491.1527
 20
-102.90639999999999
 10
491.1527
 20
-101.71239999999999
 10
490.8687
 20
-101.71239999999999
  0
TEXT
  5
81B
330
17
100
AcDbEntity
  8
CORTE-TEXTO
100
AcDbText
 10
491.0107
 20
-102.3094
 30
0.0
 40
0.035
  1
PB-M-113
 72
1
 11
491.0107
 21
-102.3094
 31
0.0
100
AcDbText
 73
2
  0
LWPOLYLINE
  5
81C
330
17
100
AcDbEntity
  8
CORTE-DESPERDICIO
100
AcDbPolyline
 90
4
 70
1
 10
491.1527
 20
-102.90639999999999
 10
491.1807
 20
-102.90639999999999
 10
491.1807
 20
-101.71239999999999
 10
491.1527
 20
-101.71239999999999
  0
LWPOLYLINE
  5
81D
330
17
100
AcDbEntity
  8
CORTE-TILE
100
AcDbPolyline
 90
4
 70
1
 10
491.6307
 20
-102.90639999999999
 10
492.2267
 20
-102.90639999999999
 10
492.2267
 20
-101.71239999999999
 10
491.6307
 20
-101.71239999999999
  0
TEXT
  5
81E
330
17
100
AcDbEntity
  8
CORTE-TEXTO
100
AcDbText
 10
491.9287
 20
-101.57239999999999
 30
0.0
 40
0.06
  1
M-69
 72
1
 11
491.9287
 21
-101.57239999999999
 31
0.0
100
AcDbText
 73
2
  0
LWPOLYLINE
  5
81F
330
17
100
AcDbEntity
  8
CORTE-RECORTE
100
AcDbPolyline
 90
4
 70
1
 10
491.6307
 20
-102.90639999999999
 10
492.1579
 20
-102.90639999999999
 10
492.1579
 20
-102.30839999999999
 10
491.6307
 20
-102.30839999999999
  0
TEXT
  5
820
330
17
100
AcDbEntity
  8
CORTE-TEXTO
100
AcDbText
 10
491.8943
 20
-102.60739999999998
 30
0.0
 40
0.035
  1
PA-M-001
 72
1
 11
491.8943
 21
-102.60739999999998
 31
0.0
100
AcDbText
 73
2
  0
LWPOLYLINE
  5
821
330
17
100
AcDbEntity
  8
CORTE-SOBRANTE
100
AcDbPolyline
 90
4
 70
1
 10
491.6307
 20
-102.30839999999999
 10
492.2267
 20
-102.30839999999999
 10
492.2267
 20
-101.71239999999999
 10
491.6307
 20
-101.71239999999999
  0
LWPOLYLINE
  5
822
330
17
100
AcDbEntity
  8
CORTE-DESPERDICIO
100
AcDbPolyline
 90
4
 70
1
 10
492.1579
 20
-102.90639999999999
 10
492.2267
 20
-102.90639999999999
 10
492.2267
 20
-102.30839999999999
 10
492.1579
 20
-102.30839999999999
  0
LWPOLYLINE
  5
823
330
17
100
AcDbEntity
  8
CORTE-TILE
100
AcDbPolyline
 90
4
 70
1
 10
492.6767
 20
-102.90639999999999
 10
493.2727
 20
-102.90639999999999
 10
493.2727
 20
-101.71239999999999
 10
492.6767
 20
-101.71239999999999
  0
TEXT
  5
824
330
17
100
AcDbEntity
  8
CORTE-TEXTO
100
AcDbText
 10
492.9747
 20
-101.57239999999999
 30
0.0
 40
0.06
  1
M-70
 72
1
 11
492.9747
 21
-101.57239999999999
 31
0.0
100
AcDbText
 73
2
  0
LWPOLYLINE
  5
825
330
17
100
AcDbEntity
  8
CORTE-RECORTE
100
AcDbPolyline
 90
4
 70
1
 10
492.6767
 20
-102.90639999999999
 10
493.19669999999996
 20
-102.90639999999999
 10
493.19669999999996
 20
-102.3064
 10
492.6767
 20
-102.3064
  0
TEXT
  5
826
330
17
100
AcDbEntity
  8
CORTE-TEXTO
100
AcDbText
 10
492.9367
 20
-102.6064
 30
0.0
 40
0.035
  1
PA-M-002
 72
1
 11
492.9367
 21
-102.6064
 31
0.0
100
AcDbText
 73
2
  0
LWPOLYLINE
  5
827
330
17
100
AcDbEntity
  8
CORTE-SOBRANTE
100
AcDbPolyline
 90
4
 70
1
 10
492.6767
 20
-102.3064
 10
493.2727
 20
-102.3064
 10
493.2727
 20
-101.7124
 10
492.6767
 20
-101.7124
  0
LWPOLYLINE
  5
828
330
17
100
AcDbEntity
  8
CORTE-DESPERDICIO
100
AcDbPolyline
 90
4
 70
1
 10
493.19669999999996
 20
-102.90639999999999
 10
493.2727
 20
-102.90639999999999
 10
493.2727
 20
-102.3064
 10
493.19669999999996
 20
-102.3064
  0
LWPOLYLINE
  5
829
330
17
100
AcDbEntity
  8
CORTE-TILE
100
AcDbPolyline
 90
4
 70
1
 10
493.72270000000003
 20
-102.90639999999999
 10
494.31870000000004
 20
-102.90639999999999
 10
494.31870000000004
 20
-101.71239999999999
 10
493.72270000000003
 20
-101.71239999999999
  0
TEXT
  5
82A
330
17
100
AcDbEntity
  8
CORTE-TEXTO
100
AcDbText
 10
494.02070000000003
 20
-101.57239999999999
 30
0.0
 40
0.06
  1
M-71
 72
1
 11
494.02070000000003
 21
-101.57239999999999
 31
0.0
100
AcDbText
 73
2
  0
LWPOLYLINE
  5
82B
330
17
100
AcDbEntity
  8
CORTE-RECORTE
100
AcDbPolyline
 90
4
 70
1
 10
493.72270000000003
 20
-102.90639999999999
 10
493.97470000000004
 20
-102.90639999999999
 10
493.97470000000004
 20
-101.71839999999999
 10
493.72270000000003
 20
-101.71839999999999
  0
TEXT
  5
82C
330
17
100
AcDbEntity
  8
CORTE-TEXTO
100
AcDbText
 10
493.8487
 20
-102.3124
 30
0.0
 40
0.035
  1
PB-M-149
 72
1
 11
493.8487
 21
-102.3124
 31
0.0
100
AcDbText
 73
2
  0
LWPOLYLINE
  5
82D
330
17
100
AcDbEntity
  8
CORTE-RECORTE
100
AcDbPolyline
 90
4
 70
1
 10
493.97470000000004
 20
-102.90639999999999
 10
494.18870000000004
 20
-102.90639999999999
 10
494.18870000000004
 20
-101.71239999999999
 10
493.97470000000004
 20
-101.71239999999999
  0
TEXT
  5
82E
330
17
100
AcDbEntity
  8
CORTE-TEXTO
100
AcDbText
 10
494.08170000000007
 20
-102.3094
 30
0.0
 40
0.035
  1
PB-M-070
 72
1
 11
494.08170000000007
 21
-102.3094
 31
0.0
100
AcDbText
 73
2
  0
LWPOLYLINE
  5
82F
330
17
100
AcDbEntity
  8
CORTE-RECORTE
100
AcDbPolyline
 90
4
 70
1
 10
494.18870000000004
 20
-102.90639999999999
 10
494.2787
 20
-102.90639999999999
 10
494.2787
 20
-102.00639999999999
 10
494.18870000000004
 20
-102.00639999999999
  0
TEXT
  5
830
330
17
100
AcDbEntity
  8
CORTE-TEXTO
100
AcDbText
 10
494.23370000000006
 20
-102.45639999999999
 30
0.0
 40
0.02
  1
PA-M-004
 72
1
 11
494.23370000000006
 21
-102.45639999999999
 31
0.0
100
AcDbText
 73
2
  0
LWPOLYLINE
  5
831
330
17
100
AcDbEntity
  8
CORTE-DESPERDICIO
100
AcDbPolyline
 90
4
 70
1
 10
494.2787
 20
-102.90639999999999
 10
494.31870000000004
 20
-102.90639999999999
 10
494.31870000000004
 20
-101.71239999999999
 10
494.2787
 20
-101.71239999999999
  0
LWPOLYLINE
  5
832
330
17
100
AcDbEntity
  8
CORTE-DESPERDICIO
100
AcDbPolyline
 90
4
 70
1
 10
494.18870000000004
 20
-102.00639999999999
 10
494.2787
 20
-102.00639999999999
 10
494.2787
 20
-101.71239999999999
 10
494.18870000000004
 20
-101.71239999999999
  0
LWPOLYLINE
  5
833
330
17
100
AcDbEntity
  8
CORTE-TILE
100
AcDbPolyline
 90
4
 70
1
 10
494.7687
 20
-102.90639999999999
 10
495.3647
 20
-102.90639999999999
 10
495.3647
 20
-101.71239999999999
 10
494.7687
 20
-101.71239999999999
  0
TEXT
  5
834
330
17
100
AcDbEntity
  8
CORTE-TEXTO
100
AcDbText
 10
495.0667
 20
-101.57239999999999
 30
0.0
 40
0.06
  1
M-72
 72
1
 11
495.0667
 21
-101.57239999999999
 31
0.0
100
AcDbText
 73
2
  0
LWPOLYLINE
  5
835
330
17
100
AcDbEntity
  8
CORTE-RECORTE
100
AcDbPolyline
 90
4
 70
1
 10
494.7687
 20
-102.90639999999999
 10
495.2397
 20
-102.90639999999999
 10
495.2397
 20
-102.3064
 10
494.7687
 20
-102.3064
  0
TEXT
  5
836
330
17
100
AcDbEntity
  8
CORTE-TEXTO
100
AcDbText
 10
495.0042
 20
-102.6064
 30
0.0
 40
0.035
  1
PB-M-086
 72
1
 11
495.0042
 21
-102.6064
 31
0.0
100
AcDbText
 73
2
  0
LWPOLYLINE
  5
837
330
17
100
AcDbEntity
  8
CORTE-SOBRANTE
100
AcDbPolyline
 90
4
 70
1
 10
494.7687
 20
-102.3064
 10
495.3647
 20
-102.3064
 10
495.3647
 20
-101.7124
 10
494.7687
 20
-101.7124
  0
LWPOLYLINE
  5
838
330
17
100
AcDbEntity
  8
CORTE-SOBRANTE
100
AcDbPolyline
 90
4
 70
1
 10
495.2397
 20
-102.90639999999999
 10
495.3647
 20
-102.90639999999999
 10
495.3647
 20
-102.3064
 10
495.2397
 20
-102.3064
  0
LWPOLYLINE
  5
839
330
17
100
AcDbEntity
  8
CORTE-TILE
100
AcDbPolyline
 90
4
 70
1
 10
495.8147
 20
-102.90639999999999
 10
496.4107
 20
-102.90639999999999
 10
496.4107
 20
-101.71239999999999
 10
495.8147
 20
-101.71239999999999
  0
TEXT
  5
83A
330
17
100
AcDbEntity
  8
CORTE-TEXTO
100
AcDbText
 10
496.1127
 20
-101.57239999999999
 30
0.0
 40
0.06
  1
M-73
 72
1
 11
496.1127
 21
-101.57239999999999
 31
0.0
100
AcDbText
 73
2
  0
LWPOLYLINE
  5
83B
330
17
100
AcDbEntity
  8
CORTE-RECORTE
100
AcDbPolyline
 90
4
 70
1
 10
495.8147
 20
-102.90639999999999
 10
496.25370000000004
 20
-102.90639999999999
 10
496.25370000000004
 20
-102.3064
 10
495.8147
 20
-102.3064
  0
TEXT
  5
83C
330
17
100
AcDbEntity
  8
CORTE-TEXTO
100
AcDbText
 10
496.0342
 20
-102.6064
 30
0.0
 40
0.035
  1
PB-M-118
 72
1
 11
496.0342
 21
-102.6064
 31
0.0
100
AcDbText
 73
2
  0
LWPOLYLINE
  5
83D
330
17
100
AcDbEntity
  8
CORTE-RECORTE
100
AcDbPolyline
 90
4
 70
1
 10
496.25370000000004
 20
-102.90639999999999
 10
496.4037
 20
-102.90639999999999
 10
496.4037
 20
-102.43539999999999
 10
496.25370000000004
 20
-102.43539999999999
  0
TEXT
  5
83E
330
17
100
AcDbEntity
  8
CORTE-TEXTO
100
AcDbText
 10
496.3287
 20
-102.67089999999999
 30
0.0
 40
0.03333333333333333
  1
PB-M-087
 72
1
 11
496.3287
 21
-102.67089999999999
 31
0.0
100
AcDbText
 73
2
  0
LWPOLYLINE
  5
83F
330
17
100
AcDbEntity
  8
CORTE-SOBRANTE
100
AcDbPolyline
 90
4
 70
1
 10
495.8147
 20
-102.3064
 10
496.4107
 20
-102.3064
 10
496.4107
 20
-101.7124
 10
495.8147
 20
-101.7124
  0
LWPOLYLINE
  5
840
330
17
100
AcDbEntity
  8
CORTE-SOBRANTE
100
AcDbPolyline
 90
4
 70
1
 10
496.25370000000004
 20
-102.43539999999999
 10
496.4107
 20
-102.43539999999999
 10
496.4107
 20
-102.30639999999998
 10
496.25370000000004
 20
-102.30639999999998
  0
LWPOLYLINE
  5
841
330
17
100
AcDbEntity
  8
CORTE-TILE
100
AcDbPolyline
 90
4
 70
1
 10
496.8607
 20
-102.90639999999999
 10
497.4567
 20
-102.90639999999999
 10
497.4567
 20
-101.71239999999999
 10
496.8607
 20
-101.71239999999999
  0
TEXT
  5
842
330
17
100
AcDbEntity
  8
CORTE-TEXTO
100
AcDbText
 10
497.1587
 20
-101.57239999999999
 30
0.0
 40
0.06
  1
M-74
 72
1
 11
497.1587
 21
-101.57239999999999
 31
0.0
100
AcDbText
 73
2
  0
LWPOLYLINE
  5
843
330
17
100
AcDbEntity
  8
CORTE-RECORTE
100
AcDbPolyline
 90
4
 70
1
 10
496.8607
 20
-102.90639999999999
 10
497.29970000000003
 20
-102.90639999999999
 10
497.29970000000003
 20
-102.3064
 10
496.8607
 20
-102.3064
  0
TEXT
  5
844
330
17
100
AcDbEntity
  8
CORTE-TEXTO
100
AcDbText
 10
497.0802
 20
-102.6064
 30
0.0
 40
0.035
  1
PB-M-117
 72
1
 11
497.0802
 21
-102.6064
 31
0.0
100
AcDbText
 73
2
  0
LWPOLYLINE
  5
845
330
17
100
AcDbEntity
  8
CORTE-SOBRANTE
100
AcDbPolyline
 90
4
 70
1
 10
496.8607
 20
-102.3064
 10
497.4567
 20
-102.3064
 10
497.4567
 20
-101.7124
 10
496.8607
 20
-101.7124
  0
LWPOLYLINE
  5
846
330
17
100
AcDbEntity
  8
CORTE-SOBRANTE
100
AcDbPolyline
 90
4
 70
1
 10
497.29970000000003
 20
-102.90639999999999
 10
497.4567
 20
-102.90639999999999
 10
497.4567
 20
-102.3064
 10
497.29970000000003
 20
-102.3064
  0
LWPOLYLINE
  5
847
330
17
100
AcDbEntity
  8
CORTE-TILE
100
AcDbPolyline
 90
4
 70
1
 10
497.9067
 20
-102.90639999999999
 10
498.5027
 20
-102.90639999999999
 10
498.5027
 20
-101.71239999999999
 10
497.9067
 20
-101.71239999999999
  0
TEXT
  5
848
330
17
100
AcDbEntity
  8
CORTE-TEXTO
100
AcDbText
 10
498.2047
 20
-101.57239999999999
 30
0.0
 40
0.06
  1
M-75
 72
1
 11
498.2047
 21
-101.57239999999999
 31
0.0
100
AcDbText
 73
2
  0
LWPOLYLINE
  5
849
330
17
100
AcDbEntity
  8
CORTE-RECORTE
100
AcDbPolyline
 90
4
 70
1
 10
497.9067
 20
-102.90639999999999
 10
498.3457
 20
-102.90639999999999
 10
498.3457
 20
-102.3064
 10
497.9067
 20
-102.3064
  0
TEXT
  5
84A
330
17
100
AcDbEntity
  8
CORTE-TEXTO
100
AcDbText
 10
498.1262
 20
-102.6064
 30
0.0
 40
0.035
  1
PB-M-116
 72
1
 11
498.1262
 21
-102.6064
 31
0.0
100
AcDbText
 73
2
  0
LWPOLYLINE
  5
84B
330
17
100
AcDbEntity
  8
CORTE-SOBRANTE
100
AcDbPolyline
 90
4
 70
1
 10
497.9067
 20
-102.3064
 10
498.5027
 20
-102.3064
 10
498.5027
 20
-101.7124
 10
497.9067
 20
-101.7124
  0
LWPOLYLINE
  5
84C
330
17
100
AcDbEntity
  8
CORTE-SOBRANTE
100
AcDbPolyline
 90
4
 70
1
 10
498.3457
 20
-102.90639999999999
 10
498.5027
 20
-102.90639999999999
 10
498.5027
 20
-102.3064
 10
498.3457
 20
-102.3064
  0
LWPOLYLINE
  5
84D
330
17
100
AcDbEntity
  8
CORTE-TILE
100
AcDbPolyline
 90
4
 70
1
 10
498.9527
 20
-102.90639999999999
 10
499.5487
 20
-102.90639999999999
 10
499.5487
 20
-101.71239999999999
 10
498.9527
 20
-101.71239999999999
  0
TEXT
  5
84E
330
17
100
AcDbEntity
  8
CORTE-TEXTO
100
AcDbText
 10
499.2507
 20
-101.57239999999999
 30
0.0
 40
0.06
  1
M-76
 72
1
 11
499.2507
 21
-101.57239999999999
 31
0.0
100
AcDbText
 73
2
  0
LWPOLYLINE
  5
84F
330
17
100
AcDbEntity
  8
CORTE-RECORTE
100
AcDbPolyline
 90
4
 70
1
 10
498.9527
 20
-102.90639999999999
 10
499.3917
 20
-102.90639999999999
 10
499.3917
 20
-102.3064
 10
498.9527
 20
-102.3064
  0
TEXT
  5
850
330
17
100
AcDbEntity
  8
CORTE-TEXTO
100
AcDbText
 10
499.1722
 20
-102.6064
 30
0.0
 40
0.035
  1
PB-M-115
 72
1
 11
499.1722
 21
-102.6064
 31
0.0
100
AcDbText
 73
2
  0
LWPOLYLINE
  5
851
330
17
100
AcDbEntity
  8
CORTE-SOBRANTE
100
AcDbPolyline
 90
4
 70
1
 10
498.9527
 20
-102.3064
 10
499.5487
 20
-102.3064
 10
499.5487
 20
-101.7124
 10
498.9527
 20
-101.7124
  0
LWPOLYLINE
  5
852
330
17
100
AcDbEntity
  8
CORTE-SOBRANTE
100
AcDbPolyline
 90
4
 70
1
 10
499.3917
 20
-102.90639999999999
 10
499.5487
 20
-102.90639999999999
 10
499.5487
 20
-102.3064
 10
499.3917
 20
-102.3064
  0
LWPOLYLINE
  5
853
330
17
100
AcDbEntity
  8
CORTE-TILE
100
AcDbPolyline
 90
4
 70
1
 10
499.9987
 20
-102.90639999999999
 10
500.5947
 20
-102.90639999999999
 10
500.5947
 20
-101.71239999999999
 10
499.9987
 20
-101.71239999999999
  0
TEXT
  5
854
330
17
100
AcDbEntity
  8
CORTE-TEXTO
100
AcDbText
 10
500.2967
 20
-101.57239999999999
 30
0.0
 40
0.06
  1
M-77
 72
1
 11
500.2967
 21
-101.57239999999999
 31
0.0
100
AcDbText
 73
2
  0
LWPOLYLINE
  5
855
330
17
100
AcDbEntity
  8
CORTE-RECORTE
100
AcDbPolyline
 90
4
 70
1
 10
499.9987
 20
-102.90639999999999
 10
500.2127
 20
-102.90639999999999
 10
500.2127
 20
-101.71239999999999
 10
499.9987
 20
-101.71239999999999
  0
TEXT
  5
856
330
17
100
AcDbEntity
  8
CORTE-TEXTO
100
AcDbText
 10
500.1057
 20
-102.3094
 30
0.0
 40
0.035
  1
PB-M-056
 72
1
 11
500.1057
 21
-102.3094
 31
0.0
100
AcDbText
 73
2
  0
LWPOLYLINE
  5
857
330
17
100
AcDbEntity
  8
CORTE-RECORTE
100
AcDbPolyline
 90
4
 70
1
 10
500.2127
 20
-102.90639999999999
 10
500.4267
 20
-102.90639999999999
 10
500.4267
 20
-101.78639999999999
 10
500.2127
 20
-101.78639999999999
  0
TEXT
  5
858
330
17
100
AcDbEntity
  8
CORTE-TEXTO
100
AcDbText
 10
500.3197
 20
-102.34639999999999
 30
0.0
 40
0.035
  1
PB-M-072
 72
1
 11
500.3197
 21
-102.34639999999999
 31
0.0
100
AcDbText
 73
2
  0
LWPOLYLINE
  5
859
330
17
100
AcDbEntity
  8
CORTE-RECORTE
100
AcDbPolyline
 90
4
 70
1
 10
500.4267
 20
-102.90639999999999
 10
500.5947
 20
-102.90639999999999
 10
500.5947
 20
-101.89599999999999
 10
500.4267
 20
-101.89599999999999
  0
TEXT
  5
85A
330
17
100
AcDbEntity
  8
CORTE-TEXTO
100
AcDbText
 10
500.5107
 20
-102.40119999999999
 30
0.0
 40
0.035
  1
PB-M-139
 72
1
 11
500.5107
 21
-102.40119999999999
 31
0.0
100
AcDbText
 73
2
  0
LWPOLYLINE
  5
85B
330
17
100
AcDbEntity
  8
CORTE-DESPERDICIO
100
AcDbPolyline
 90
4
 70
1
 10
500.2127
 20
-101.78639999999999
 10
500.4267
 20
-101.78639999999999
 10
500.4267
 20
-101.71239999999999
 10
500.2127
 20
-101.71239999999999
  0
LWPOLYLINE
  5
85C
330
17
100
AcDbEntity
  8
CORTE-SOBRANTE
100
AcDbPolyline
 90
4
 70
1
 10
500.4267
 20
-101.89599999999999
 10
500.5947
 20
-101.89599999999999
 10
500.5947
 20
-101.71239999999999
 10
500.4267
 20
-101.71239999999999
  0
LWPOLYLINE
  5
85D
330
17
100
AcDbEntity
  8
CORTE-TILE
100
AcDbPolyline
 90
4
 70
1
 10
501.04470000000003
 20
-102.90639999999999
 10
501.64070000000004
 20
-102.90639999999999
 10
501.64070000000004
 20
-101.71239999999999
 10
501.04470000000003
 20
-101.71239999999999
  0
TEXT
  5
85E
330
17
100
AcDbEntity
  8
CORTE-TEXTO
100
AcDbText
 10
501.34270000000004
 20
-101.57239999999999
 30
0.0
 40
0.06
  1
M-78
 72
1
 11
501.34270000000004
 21
-101.57239999999999
 31
0.0
100
AcDbText
 73
2
  0
LWPOLYLINE
  5
85F
330
17
100
AcDbEntity
  8
CORTE-RECORTE
100
AcDbPolyline
 90
4
 70
1
 10
501.04470000000003
 20
-102.90639999999999
 10
501.25870000000003
 20
-102.90639999999999
 10
501.25870000000003
 20
-101.78639999999999
 10
501.04470000000003
 20
-101.78639999999999
  0
TEXT
  5
860
330
17
100
AcDbEntity
  8
CORTE-TEXTO
100
AcDbText
 10
501.15170000000006
 20
-102.34639999999999
 30
0.0
 40
0.035
  1
PB-M-124
 72
1
 11
501.15170000000006
 21
-102.34639999999999
 31
0.0
100
AcDbText
 73
2
  0
LWPOLYLINE
  5
861
330
17
100
AcDbEntity
  8
CORTE-RECORTE
100
AcDbPolyline
 90
4
 70
1
 10
501.25870000000003
 20
-102.90639999999999
 10
501.47270000000003
 20
-102.90639999999999
 10
501.47270000000003
 20
-101.82039999999999
 10
501.25870000000003
 20
-101.82039999999999
  0
TEXT
  5
862
330
17
100
AcDbEntity
  8
CORTE-TEXTO
100
AcDbText
 10
501.36570000000006
 20
-102.36339999999998
 30
0.0
 40
0.035
  1
PB-M-042
 72
1
 11
501.36570000000006
 21
-102.36339999999998
 31
0.0
100
AcDbText
 73
2
  0
LWPOLYLINE
  5
863
330
17
100
AcDbEntity
  8
CORTE-RECORTE
100
AcDbPolyline
 90
4
 70
1
 10
501.47270000000003
 20
-102.90639999999999
 10
501.60870000000006
 20
-102.90639999999999
 10
501.60870000000006
 20
-101.71239999999999
 10
501.47270000000003
 20
-101.71239999999999
  0
TEXT
  5
864
330
17
100
AcDbEntity
  8
CORTE-TEXTO
100
AcDbText
 10
501.5407
 20
-102.3094
 30
0.0
 40
0.030222222222222223
  1
PB-M-099
 72
1
 11
501.5407
 21
-102.3094
 31
0.0
100
AcDbText
 73
2
  0
LWPOLYLINE
  5
865
330
17
100
AcDbEntity
  8
CORTE-DESPERDICIO
100
AcDbPolyline
 90
4
 70
1
 10
501.04470000000003
 20
-101.78639999999999
 10
501.25870000000003
 20
-101.78639999999999
 10
501.25870000000003
 20
-101.71239999999999
 10
501.04470000000003
 20
-101.71239999999999
  0
LWPOLYLINE
  5
866
330
17
100
AcDbEntity
  8
CORTE-SOBRANTE
100
AcDbPolyline
 90
4
 70
1
 10
501.25870000000003
 20
-101.82039999999999
 10
501.47270000000003
 20
-101.82039999999999
 10
501.47270000000003
 20
-101.71239999999999
 10
501.25870000000003
 20
-101.71239999999999
  0
LWPOLYLINE
  5
867
330
17
100
AcDbEntity
  8
CORTE-DESPERDICIO
100
AcDbPolyline
 90
4
 70
1
 10
501.60870000000006
 20
-102.90639999999999
 10
501.64070000000004
 20
-102.90639999999999
 10
501.64070000000004
 20
-101.71239999999999
 10
501.60870000000006
 20
-101.71239999999999
  0
LWPOLYLINE
  5
868
330
17
100
AcDbEntity
  8
CORTE-TILE
100
AcDbPolyline
 90
4
 70
1
 10
502.0907
 20
-102.90639999999999
 10
502.68670000000003
 20
-102.90639999999999
 10
502.68670000000003
 20
-101.71239999999999
 10
502.0907
 20
-101.71239999999999
  0
TEXT
  5
869
330
17
100
AcDbEntity
  8
CORTE-TEXTO
100
AcDbText
 10
502.38870000000003
 20
-101.57239999999999
 30
0.0
 40
0.06
  1
M-79
 72
1
 11
502.38870000000003
 21
-101.57239999999999
 31
0.0
100
AcDbText
 73
2
  0
LWPOLYLINE
  5
86A
330
17
100
AcDbEntity
  8
CORTE-RECORTE
100
AcDbPolyline
 90
4
 70
1
 10
502.0907
 20
-102.90639999999999
 10
502.3047
 20
-102.90639999999999
 10
502.3047
 20
-101.8384
 10
502.0907
 20
-101.8384
  0
TEXT
  5
86B
330
17
100
AcDbEntity
  8
CORTE-TEXTO
100
AcDbText
 10
502.19770000000005
 20
-102.37239999999998
 30
0.0
 40
0.035
  1
PB-M-138
 72
1
 11
502.19770000000005
 21
-102.37239999999998
 31
0.0
100
AcDbText
 73
2
  0
LWPOLYLINE
  5
86C
330
17
100
AcDbEntity
  8
CORTE-RECORTE
100
AcDbPolyline
 90
4
 70
1
 10
502.3047
 20
-102.90639999999999
 10
502.6087
 20
-102.90639999999999
 10
502.6087
 20
-102.30839999999999
 10
502.3047
 20
-102.30839999999999
  0
TEXT
  5
86D
330
17
100
AcDbEntity
  8
CORTE-TEXTO
100
AcDbText
 10
502.4567
 20
-102.60739999999998
 30
0.0
 40
0.035
  1
PA-M-013
 72
1
 11
502.4567
 21
-102.60739999999998
 31
0.0
100
AcDbText
 73
2
  0
LWPOLYLINE
  5
86E
330
17
100
AcDbEntity
  8
CORTE-RECORTE
100
AcDbPolyline
 90
4
 70
1
 10
502.3047
 20
-102.30839999999999
 10
502.6087
 20
-102.30839999999999
 10
502.6087
 20
-101.76839999999999
 10
502.3047
 20
-101.76839999999999
  0
TEXT
  5
86F
330
17
100
AcDbEntity
  8
CORTE-TEXTO
100
AcDbText
 10
502.4567
 20
-102.0384
 30
0.0
 40
0.035
  1
PA-M-012
 72
1
 11
502.4567
 21
-102.0384
 31
0.0
100
AcDbText
 73
2
  0
LWPOLYLINE
  5
870
330
17
100
AcDbEntity
  8
CORTE-SOBRANTE
100
AcDbPolyline
 90
4
 70
1
 10
502.0907
 20
-101.8384
 10
502.3047
 20
-101.8384
 10
502.3047
 20
-101.71239999999999
 10
502.0907
 20
-101.71239999999999
  0
LWPOLYLINE
  5
871
330
17
100
AcDbEntity
  8
CORTE-DESPERDICIO
100
AcDbPolyline
 90
4
 70
1
 10
502.6087
 20
-102.90639999999999
 10
502.6867
 20
-102.90639999999999
 10
502.6867
 20
-102.30839999999999
 10
502.6087
 20
-102.30839999999999
  0
LWPOLYLINE
  5
872
330
17
100
AcDbEntity
  8
CORTE-DESPERDICIO
100
AcDbPolyline
 90
4
 70
1
 10
502.6087
 20
-102.30839999999999
 10
502.6867
 20
-102.30839999999999
 10
502.6867
 20
-101.71239999999999
 10
502.6087
 20
-101.71239999999999
  0
LWPOLYLINE
  5
873
330
17
100
AcDbEntity
  8
CORTE-DESPERDICIO
100
AcDbPolyline
 90
4
 70
1
 10
502.3047
 20
-101.76839999999999
 10
502.6087
 20
-101.76839999999999
 10
502.6087
 20
-101.71239999999999
 10
502.3047
 20
-101.71239999999999
  0
LWPOLYLINE
  5
874
330
17
100
AcDbEntity
  8
CORTE-TILE
100
AcDbPolyline
 90
4
 70
1
 10
503.1367
 20
-102.90639999999999
 10
503.7327
 20
-102.90639999999999
 10
503.7327
 20
-101.71239999999999
 10
503.1367
 20
-101.71239999999999
  0
TEXT
  5
875
330
17
100
AcDbEntity
  8
CORTE-TEXTO
100
AcDbText
 10
503.4347
 20
-101.57239999999999
 30
0.0
 40
0.06
  1
M-80
 72
1
 11
503.4347
 21
-101.57239999999999
 31
0.0
100
AcDbText
 73
2
  0
LWPOLYLINE
  5
876
330
17
100
AcDbEntity
  8
CORTE-RECORTE
100
AcDbPolyline
 90
4
 70
1
 10
503.1367
 20
-102.90639999999999
 10
503.4407
 20
-102.90639999999999
 10
503.4407
 20
-102.30839999999999
 10
503.1367
 20
-102.30839999999999
  0
TEXT
  5
877
330
17
100
AcDbEntity
  8
CORTE-TEXTO
100
AcDbText
 10
503.2887
 20
-102.60739999999998
 30
0.0
 40
0.035
  1
PA-M-014
 72
1
 11
503.2887
 21
-102.60739999999998
 31
0.0
100
AcDbText
 73
2
  0
LWPOLYLINE
  5
878
330
17
100
AcDbEntity
  8
CORTE-RECORTE
100
AcDbPolyline
 90
4
 70
1
 10
503.4407
 20
-102.90639999999999
 10
503.7147
 20
-102.90639999999999
 10
503.7147
 20
-102.4674
 10
503.4407
 20
-102.4674
  0
TEXT
  5
879
330
17
100
AcDbEntity
  8
CORTE-TEXTO
100
AcDbText
 10
503.5777
 20
-102.6869
 30
0.0
 40
0.035
  1
PB-M-119
 72
1
 11
503.5777
 21
-102.6869
 31
0.0
100
AcDbText
 73
2
  0
LWPOLYLINE
  5
87A
330
17
100
AcDbEntity
  8
CORTE-SOBRANTE
100
AcDbPolyline
 90
4
 70
1
 10
503.1367
 20
-102.30839999999999
 10
503.7327
 20
-102.30839999999999
 10
503.7327
 20
-101.71239999999999
 10
503.1367
 20
-101.71239999999999
  0
LWPOLYLINE
  5
87B
330
17
100
AcDbEntity
  8
CORTE-SOBRANTE
100
AcDbPolyline
 90
4
 70
1
 10
503.4407
 20
-102.4674
 10
503.73269999999997
 20
-102.4674
 10
503.73269999999997
 20
-102.30839999999999
 10
503.4407
 20
-102.30839999999999
  0
LWPOLYLINE
  5
87C
330
17
100
AcDbEntity
  8
CORTE-DESPERDICIO
100
AcDbPolyline
 90
4
 70
1
 10
503.7147
 20
-102.90639999999999
 10
503.73269999999997
 20
-102.90639999999999
 10
503.73269999999997
 20
-102.4674
 10
503.7147
 20
-102.4674
  0
LWPOLYLINE
  5
87D
330
17
100
AcDbEntity
  8
CORTE-TILE
100
AcDbPolyline
 90
4
 70
1
 10
504.1827
 20
-102.90639999999999
 10
504.7787
 20
-102.90639999999999
 10
504.7787
 20
-101.71239999999999
 10
504.1827
 20
-101.71239999999999
  0
TEXT
  5
87E
330
17
100
AcDbEntity
  8
CORTE-TEXTO
100
AcDbText
 10
504.4807
 20
-101.57239999999999
 30
0.0
 40
0.06
  1
M-81
 72
1
 11
504.4807
 21
-101.57239999999999
 31
0.0
100
AcDbText
 73
2
  0
LWPOLYLINE
  5
87F
330
17
100
AcDbEntity
  8
CORTE-RECORTE
100
AcDbPolyline
 90
4
 70
1
 10
504.1827
 20
-102.90639999999999
 10
504.3969
 20
-102.90639999999999
 10
504.3969
 20
-102.21879999999999
 10
504.1827
 20
-102.21879999999999
  0
TEXT
  5
880
330
17
100
AcDbEntity
  8
CORTE-TEXTO
100
AcDbText
 10
504.2898
 20
-102.56259999999999
 30
0.0
 40
0.035
  1
PA-M-019
 72
1
 11
504.2898
 21
-102.56259999999999
 31
0.0
100
AcDbText
 73
2
  0
LWPOLYLINE
  5
881
330
17
100
AcDbEntity
  8
CORTE-SOBRANTE
100
AcDbPolyline
 90
4
 70
1
 10
504.3969
 20
-102.90639999999999
 10
504.7787
 20
-102.90639999999999
 10
504.7787
 20
-101.71239999999999
 10
504.3969
 20
-101.71239999999999
  0
LWPOLYLINE
  5
882
330
17
100
AcDbEntity
  8
CORTE-SOBRANTE
100
AcDbPolyline
 90
4
 70
1
 10
504.1827
 20
-102.21879999999999
 10
504.3969
 20
-102.21879999999999
 10
504.3969
 20
-101.71239999999999
 10
504.1827
 20
-101.71239999999999
  0
TEXT
  5
883
330
17
100
AcDbEntity
  8
CORTE-TEXTO
100
AcDbText
 10
492.5387
 20
-104.40639999999999
 30
0.0
 40
0.25
  1
PLAN DE CORTE - ROYAL WALNUT  (87 baldosas a abrir)
 72
1
 11
492.5387
 21
-104.40639999999999
 31
0.0
100
AcDbText
 73
2
  0
LWPOLYLINE
  5
884
330
17
100
AcDbEntity
  8
CORTE-TILE
100
AcDbPolyline
 90
4
 70
1
 10
489.5387
 20
-106.8064
 10
489.7387
 20
-106.8064
 10
489.7387
 20
-105.6064
 10
489.5387
 20
-105.6064
  0
TEXT
  5
885
330
17
100
AcDbEntity
  8
CORTE-TEXTO
100
AcDbText
 10
489.63870000000003
 20
-105.4664
 30
0.0
 40
0.06
  1
RW-01
 72
1
 11
489.63870000000003
 21
-105.4664
 31
0.0
100
AcDbText
 73
2
  0
LWPOLYLINE
  5
886
330
17
100
AcDbEntity
  8
CORTE-RECORTE
100
AcDbPolyline
 90
4
 70
1
 10
489.5387
 20
-106.8064
 10
489.7387
 20
-106.8064
 10
489.7387
 20
-105.69539999999999
 10
489.5387
 20
-105.69539999999999
  0
TEXT
  5
887
330
17
100
AcDbEntity
  8
CORTE-TEXTO
100
AcDbText
 10
489.63870000000003
 20
-106.2509
 30
0.0
 40
0.035
  1
PA-R-158
 72
1
 11
489.63870000000003
 21
-106.2509
 31
0.0
100
AcDbText
 73
2
  0
LWPOLYLINE
  5
888
330
17
100
AcDbEntity
  8
CORTE-DESPERDICIO
100
AcDbPolyline
 90
4
 70
1
 10
489.5387
 20
-105.69539999999999
 10
489.7387
 20
-105.69539999999999
 10
489.7387
 20
-105.6064
 10
489.5387
 20
-105.6064
  0
LWPOLYLINE
  5
889
330
17
100
AcDbEntity
  8
CORTE-TILE
100
AcDbPolyline
 90
4
 70
1
 10
490.1887
 20
-106.8064
 10
490.3887
 20
-106.8064
 10
490.3887
 20
-105.6064
 10
490.1887
 20
-105.6064
  0
TEXT
  5
88A
330
17
100
AcDbEntity
  8
CORTE-TEXTO
100
AcDbText
 10
490.2887
 20
-105.4664
 30
0.0
 40
0.06
  1
RW-02
 72
1
 11
490.2887
 21
-105.4664
 31
0.0
100
AcDbText
 73
2
  0
LWPOLYLINE
  5
88B
330
17
100
AcDbEntity
  8
CORTE-RECORTE
100
AcDbPolyline
 90
4
 70
1
 10
490.1887
 20
-106.8064
 10
490.3887
 20
-106.8064
 10
490.3887
 20
-105.69539999999999
 10
490.1887
 20
-105.69539999999999
  0
TEXT
  5
88C
330
17
100
AcDbEntity
  8
CORTE-TEXTO
100
AcDbText
 10
490.2887
 20
-106.2509
 30
0.0
 40
0.035
  1
PA-R-157
 72
1
 11
490.2887
 21
-106.2509
 31
0.0
100
AcDbText
 73
2
  0
LWPOLYLINE
  5
88D
330
17
100
AcDbEntity
  8
CORTE-DESPERDICIO
100
AcDbPolyline
 90
4
 70
1
 10
490.1887
 20
-105.69539999999999
 10
490.3887
 20
-105.69539999999999
 10
490.3887
 20
-105.6064
 10
490.1887
 20
-105.6064
  0
LWPOLYLINE
  5
88E
330
17
100
AcDbEntity
  8
CORTE-TILE
100
AcDbPolyline
 90
4
 70
1
 10
490.8387
 20
-106.8064
 10
491.0387
 20
-106.8064
 10
491.0387
 20
-105.6064
 10
490.8387
 20
-105.6064
  0
TEXT
  5
88F
330
17
100
AcDbEntity
  8
CORTE-TEXTO
100
AcDbText
 10
490.93870000000004
 20
-105.4664
 30
0.0
 40
0.06
  1
RW-03
 72
1
 11
490.93870000000004
 21
-105.4664
 31
0.0
100
AcDbText
 73
2
  0
LWPOLYLINE
  5
890
330
17
100
AcDbEntity
  8
CORTE-RECORTE
100
AcDbPolyline
 90
4
 70
1
 10
490.8387
 20
-106.8064
 10
491.0387
 20
-106.8064
 10
491.0387
 20
-105.69539999999999
 10
490.8387
 20
-105.69539999999999
  0
TEXT
  5
891
330
17
100
AcDbEntity
  8
CORTE-TEXTO
100
AcDbText
 10
490.93870000000004
 20
-106.2509
 30
0.0
 40
0.035
  1
PA-R-156
 72
1
 11
490.93870000000004
 21
-106.2509
 31
0.0
100
AcDbText
 73
2
  0
LWPOLYLINE
  5
892
330
17
100
AcDbEntity
  8
CORTE-DESPERDICIO
100
AcDbPolyline
 90
4
 70
1
 10
490.8387
 20
-105.69539999999999
 10
491.0387
 20
-105.69539999999999
 10
491.0387
 20
-105.6064
 10
490.8387
 20
-105.6064
  0
LWPOLYLINE
  5
893
330
17
100
AcDbEntity
  8
CORTE-TILE
100
AcDbPolyline
 90
4
 70
1
 10
491.4887
 20
-106.8064
 10
491.6887
 20
-106.8064
 10
491.6887
 20
-105.6064
 10
491.4887
 20
-105.6064
  0
TEXT
  5
894
330
17
100
AcDbEntity
  8
CORTE-TEXTO
100
AcDbText
 10
491.5887
 20
-105.4664
 30
0.0
 40
0.06
  1
RW-04
 72
1
 11
491.5887
 21
-105.4664
 31
0.0
100
AcDbText
 73
2
  0
LWPOLYLINE
  5
895
330
17
100
AcDbEntity
  8
CORTE-RECORTE
100
AcDbPolyline
 90
4
 70
1
 10
491.4887
 20
-106.8064
 10
491.6887
 20
-106.8064
 10
491.6887
 20
-105.69539999999999
 10
491.4887
 20
-105.69539999999999
  0
TEXT
  5
896
330
17
100
AcDbEntity
  8
CORTE-TEXTO
100
AcDbText
 10
491.5887
 20
-106.2509
 30
0.0
 40
0.035
  1
PA-R-155
 72
1
 11
491.5887
 21
-106.2509
 31
0.0
100
AcDbText
 73
2
  0
LWPOLYLINE
  5
897
330
17
100
AcDbEntity
  8
CORTE-DESPERDICIO
100
AcDbPolyline
 90
4
 70
1
 10
491.4887
 20
-105.69539999999999
 10
491.6887
 20
-105.69539999999999
 10
491.6887
 20
-105.6064
 10
491.4887
 20
-105.6064
  0
LWPOLYLINE
  5
898
330
17
100
AcDbEntity
  8
CORTE-TILE
100
AcDbPolyline
 90
4
 70
1
 10
492.13870000000003
 20
-106.8064
 10
492.3387
 20
-106.8064
 10
492.3387
 20
-105.6064
 10
492.13870000000003
 20
-105.6064
  0
TEXT
  5
899
330
17
100
AcDbEntity
  8
CORTE-TEXTO
100
AcDbText
 10
492.23870000000005
 20
-105.4664
 30
0.0
 40
0.06
  1
RW-05
 72
1
 11
492.23870000000005
 21
-105.4664
 31
0.0
100
AcDbText
 73
2
  0
LWPOLYLINE
  5
89A
330
17
100
AcDbEntity
  8
CORTE-RECORTE
100
AcDbPolyline
 90
4
 70
1
 10
492.13870000000003
 20
-106.8064
 10
492.3387
 20
-106.8064
 10
492.3387
 20
-105.69539999999999
 10
492.13870000000003
 20
-105.69539999999999
  0
TEXT
  5
89B
330
17
100
AcDbEntity
  8
CORTE-TEXTO
100
AcDbText
 10
492.23870000000005
 20
-106.2509
 30
0.0
 40
0.035
  1
PA-R-154
 72
1
 11
492.23870000000005
 21
-106.2509
 31
0.0
100
AcDbText
 73
2
  0
LWPOLYLINE
  5
89C
330
17
100
AcDbEntity
  8
CORTE-DESPERDICIO
100
AcDbPolyline
 90
4
 70
1
 10
492.13870000000003
 20
-105.69539999999999
 10
492.3387
 20
-105.69539999999999
 10
492.3387
 20
-105.6064
 10
492.13870000000003
 20
-105.6064
  0
LWPOLYLINE
  5
89D
330
17
100
AcDbEntity
  8
CORTE-TILE
100
AcDbPolyline
 90
4
 70
1
 10
492.7887
 20
-106.8064
 10
492.9887
 20
-106.8064
 10
492.9887
 20
-105.6064
 10
492.7887
 20
-105.6064
  0
TEXT
  5
89E
330
17
100
AcDbEntity
  8
CORTE-TEXTO
100
AcDbText
 10
492.88870000000003
 20
-105.4664
 30
0.0
 40
0.06
  1
RW-06
 72
1
 11
492.88870000000003
 21
-105.4664
 31
0.0
100
AcDbText
 73
2
  0
LWPOLYLINE
  5
89F
330
17
100
AcDbEntity
  8
CORTE-RECORTE
100
AcDbPolyline
 90
4
 70
1
 10
492.7887
 20
-106.8064
 10
492.9887
 20
-106.8064
 10
492.9887
 20
-105.69539999999999
 10
492.7887
 20
-105.69539999999999
  0
TEXT
  5
8A0
330
17
100
AcDbEntity
  8
CORTE-TEXTO
100
AcDbText
 10
492.88870000000003
 20
-106.2509
 30
0.0
 40
0.035
  1
PA-R-153
 72
1
 11
492.88870000000003
 21
-106.2509
 31
0.0
100
AcDbText
 73
2
  0
LWPOLYLINE
  5
8A1
330
17
100
AcDbEntity
  8
CORTE-DESPERDICIO
100
AcDbPolyline
 90
4
 70
1
 10
492.7887
 20
-105.69539999999999
 10
492.9887
 20
-105.69539999999999
 10
492.9887
 20
-105.6064
 10
492.7887
 20
-105.6064
  0
LWPOLYLINE
  5
8A2
330
17
100
AcDbEntity
  8
CORTE-TILE
100
AcDbPolyline
 90
4
 70
1
 10
493.4387
 20
-106.8064
 10
493.6387
 20
-106.8064
 10
493.6387
 20
-105.6064
 10
493.4387
 20
-105.6064
  0
TEXT
  5
8A3
330
17
100
AcDbEntity
  8
CORTE-TEXTO
100
AcDbText
 10
493.5387
 20
-105.4664
 30
0.0
 40
0.06
  1
RW-07
 72
1
 11
493.5387
 21
-105.4664
 31
0.0
100
AcDbText
 73
2
  0
LWPOLYLINE
  5
8A4
330
17
100
AcDbEntity
  8
CORTE-RECORTE
100
AcDbPolyline
 90
4
 70
1
 10
493.4387
 20
-106.8064
 10
493.6387
 20
-106.8064
 10
493.6387
 20
-105.69539999999999
 10
493.4387
 20
-105.69539999999999
  0
TEXT
  5
8A5
330
17
100
AcDbEntity
  8
CORTE-TEXTO
100
AcDbText
 10
493.5387
 20
-106.2509
 30
0.0
 40
0.035
  1
PA-R-152
 72
1
 11
493.5387
 21
-106.2509
 31
0.0
100
AcDbText
 73
2
  0
LWPOLYLINE
  5
8A6
330
17
100
AcDbEntity
  8
CORTE-DESPERDICIO
100
AcDbPolyline
 90
4
 70
1
 10
493.4387
 20
-105.69539999999999
 10
493.6387
 20
-105.69539999999999
 10
493.6387
 20
-105.6064
 10
493.4387
 20
-105.6064
  0
LWPOLYLINE
  5
8A7
330
17
100
AcDbEntity
  8
CORTE-TILE
100
AcDbPolyline
 90
4
 70
1
 10
494.0887
 20
-106.8064
 10
494.2887
 20
-106.8064
 10
494.2887
 20
-105.6064
 10
494.0887
 20
-105.6064
  0
TEXT
  5
8A8
330
17
100
AcDbEntity
  8
CORTE-TEXTO
100
AcDbText
 10
494.18870000000004
 20
-105.4664
 30
0.0
 40
0.06
  1
RW-08
 72
1
 11
494.18870000000004
 21
-105.4664
 31
0.0
100
AcDbText
 73
2
  0
LWPOLYLINE
  5
8A9
330
17
100
AcDbEntity
  8
CORTE-RECORTE
100
AcDbPolyline
 90
4
 70
1
 10
494.0887
 20
-106.8064
 10
494.2887
 20
-106.8064
 10
494.2887
 20
-105.6963
 10
494.0887
 20
-105.6963
  0
TEXT
  5
8AA
330
17
100
AcDbEntity
  8
CORTE-TEXTO
100
AcDbText
 10
494.18870000000004
 20
-106.25135
 30
0.0
 40
0.035
  1
PA-R-095
 72
1
 11
494.18870000000004
 21
-106.25135
 31
0.0
100
AcDbText
 73
2
  0
LWPOLYLINE
  5
8AB
330
17
100
AcDbEntity
  8
CORTE-DESPERDICIO
100
AcDbPolyline
 90
4
 70
1
 10
494.0887
 20
-105.6963
 10
494.2887
 20
-105.6963
 10
494.2887
 20
-105.6064
 10
494.0887
 20
-105.6064
  0
LWPOLYLINE
  5
8AC
330
17
100
AcDbEntity
  8
CORTE-TILE
100
AcDbPolyline
 90
4
 70
1
 10
494.7387
 20
-106.8064
 10
494.9387
 20
-106.8064
 10
494.9387
 20
-105.6064
 10
494.7387
 20
-105.6064
  0
TEXT
  5
8AD
330
17
100
AcDbEntity
  8
CORTE-TEXTO
100
AcDbText
 10
494.8387
 20
-105.4664
 30
0.0
 40
0.06
  1
RW-09
 72
1
 11
494.8387
 21
-105.4664
 31
0.0
100
AcDbText
 73
2
  0
LWPOLYLINE
  5
8AE
330
17
100
AcDbEntity
  8
CORTE-RECORTE
100
AcDbPolyline
 90
4
 70
1
 10
494.7387
 20
-106.8064
 10
494.9387
 20
-106.8064
 10
494.9387
 20
-105.6963
 10
494.7387
 20
-105.6963
  0
TEXT
  5
8AF
330
17
100
AcDbEntity
  8
CORTE-TEXTO
100
AcDbText
 10
494.8387
 20
-106.25135
 30
0.0
 40
0.035
  1
PA-R-094
 72
1
 11
494.8387
 21
-106.25135
 31
0.0
100
AcDbText
 73
2
  0
LWPOLYLINE
  5
8B0
330
17
100
AcDbEntity
  8
CORTE-DESPERDICIO
100
AcDbPolyline
 90
4
 70
1
 10
494.7387
 20
-105.6963
 10
494.9387
 20
-105.6963
 10
494.9387
 20
-105.6064
 10
494.7387
 20
-105.6064
  0
LWPOLYLINE
  5
8B1
330
17
100
AcDbEntity
  8
CORTE-TILE
100
AcDbPolyline
 90
4
 70
1
 10
495.38870000000003
 20
-106.8064
 10
495.5887
 20
-106.8064
 10
495.5887
 20
-105.6064
 10
495.38870000000003
 20
-105.6064
  0
TEXT
  5
8B2
330
17
100
AcDbEntity
  8
CORTE-TEXTO
100
AcDbText
 10
495.48870000000005
 20
-105.4664
 30
0.0
 40
0.06
  1
RW-10
 72
1
 11
495.48870000000005
 21
-105.4664
 31
0.0
100
AcDbText
 73
2
  0
LWPOLYLINE
  5
8B3
330
17
100
AcDbEntity
  8
CORTE-RECORTE
100
AcDbPolyline
 90
4
 70
1
 10
495.38870000000003
 20
-106.8064
 10
495.5887
 20
-106.8064
 10
495.5887
 20
-105.6963
 10
495.38870000000003
 20
-105.6963
  0
TEXT
  5
8B4
330
17
100
AcDbEntity
  8
CORTE-TEXTO
100
AcDbText
 10
495.48870000000005
 20
-106.25135
 30
0.0
 40
0.035
  1
PA-R-093
 72
1
 11
495.48870000000005
 21
-106.25135
 31
0.0
100
AcDbText
 73
2
  0
LWPOLYLINE
  5
8B5
330
17
100
AcDbEntity
  8
CORTE-DESPERDICIO
100
AcDbPolyline
 90
4
 70
1
 10
495.38870000000003
 20
-105.6963
 10
495.5887
 20
-105.6963
 10
495.5887
 20
-105.6064
 10
495.38870000000003
 20
-105.6064
  0
LWPOLYLINE
  5
8B6
330
17
100
AcDbEntity
  8
CORTE-TILE
100
AcDbPolyline
 90
4
 70
1
 10
496.0387
 20
-106.8064
 10
496.2387
 20
-106.8064
 10
496.2387
 20
-105.6064
 10
496.0387
 20
-105.6064
  0
TEXT
  5
8B7
330
17
100
AcDbEntity
  8
CORTE-TEXTO
100
AcDbText
 10
496.13870000000003
 20
-105.4664
 30
0.0
 40
0.06
  1
RW-11
 72
1
 11
496.13870000000003
 21
-105.4664
 31
0.0
100
AcDbText
 73
2
  0
LWPOLYLINE
  5
8B8
330
17
100
AcDbEntity
  8
CORTE-RECORTE
100
AcDbPolyline
 90
4
 70
1
 10
496.0387
 20
-106.8064
 10
496.2387
 20
-106.8064
 10
496.2387
 20
-105.6963
 10
496.0387
 20
-105.6963
  0
TEXT
  5
8B9
330
17
100
AcDbEntity
  8
CORTE-TEXTO
100
AcDbText
 10
496.13870000000003
 20
-106.25135
 30
0.0
 40
0.035
  1
PA-R-092
 72
1
 11
496.13870000000003
 21
-106.25135
 31
0.0
100
AcDbText
 73
2
  0
LWPOLYLINE
  5
8BA
330
17
100
AcDbEntity
  8
CORTE-DESPERDICIO
100
AcDbPolyline
 90
4
 70
1
 10
496.0387
 20
-105.6963
 10
496.2387
 20
-105.6963
 10
496.2387
 20
-105.6064
 10
496.0387
 20
-105.6064
  0
LWPOLYLINE
  5
8BB
330
17
100
AcDbEntity
  8
CORTE-TILE
100
AcDbPolyline
 90
4
 70
1
 10
496.6887
 20
-106.8064
 10
496.8887
 20
-106.8064
 10
496.8887
 20
-105.6064
 10
496.6887
 20
-105.6064
  0
TEXT
  5
8BC
330
17
100
AcDbEntity
  8
CORTE-TEXTO
100
AcDbText
 10
496.7887
 20
-105.4664
 30
0.0
 40
0.06
  1
RW-12
 72
1
 11
496.7887
 21
-105.4664
 31
0.0
100
AcDbText
 73
2
  0
LWPOLYLINE
  5
8BD
330
17
100
AcDbEntity
  8
CORTE-RECORTE
100
AcDbPolyline
 90
4
 70
1
 10
496.6887
 20
-106.8064
 10
496.8887
 20
-106.8064
 10
496.8887
 20
-105.6963
 10
496.6887
 20
-105.6963
  0
TEXT
  5
8BE
330
17
100
AcDbEntity
  8
CORTE-TEXTO
100
AcDbText
 10
496.7887
 20
-106.25135
 30
0.0
 40
0.035
  1
PA-R-091
 72
1
 11
496.7887
 21
-106.25135
 31
0.0
100
AcDbText
 73
2
  0
LWPOLYLINE
  5
8BF
330
17
100
AcDbEntity
  8
CORTE-DESPERDICIO
100
AcDbPolyline
 90
4
 70
1
 10
496.6887
 20
-105.6963
 10
496.8887
 20
-105.6963
 10
496.8887
 20
-105.6064
 10
496.6887
 20
-105.6064
  0
LWPOLYLINE
  5
8C0
330
17
100
AcDbEntity
  8
CORTE-TILE
100
AcDbPolyline
 90
4
 70
1
 10
497.3387
 20
-106.8064
 10
497.5387
 20
-106.8064
 10
497.5387
 20
-105.6064
 10
497.3387
 20
-105.6064
  0
TEXT
  5
8C1
330
17
100
AcDbEntity
  8
CORTE-TEXTO
100
AcDbText
 10
497.43870000000004
 20
-105.4664
 30
0.0
 40
0.06
  1
RW-13
 72
1
 11
497.43870000000004
 21
-105.4664
 31
0.0
100
AcDbText
 73
2
  0
LWPOLYLINE
  5
8C2
330
17
100
AcDbEntity
  8
CORTE-RECORTE
100
AcDbPolyline
 90
4
 70
1
 10
497.3387
 20
-106.8064
 10
497.5387
 20
-106.8064
 10
497.5387
 20
-105.6963
 10
497.3387
 20
-105.6963
  0
TEXT
  5
8C3
330
17
100
AcDbEntity
  8
CORTE-TEXTO
100
AcDbText
 10
497.43870000000004
 20
-106.25135
 30
0.0
 40
0.035
  1
PA-R-090
 72
1
 11
497.43870000000004
 21
-106.25135
 31
0.0
100
AcDbText
 73
2
  0
LWPOLYLINE
  5
8C4
330
17
100
AcDbEntity
  8
CORTE-DESPERDICIO
100
AcDbPolyline
 90
4
 70
1
 10
497.3387
 20
-105.6963
 10
497.5387
 20
-105.6963
 10
497.5387
 20
-105.6064
 10
497.3387
 20
-105.6064
  0
LWPOLYLINE
  5
8C5
330
17
100
AcDbEntity
  8
CORTE-TILE
100
AcDbPolyline
 90
4
 70
1
 10
497.9887
 20
-106.8064
 10
498.1887
 20
-106.8064
 10
498.1887
 20
-105.6064
 10
497.9887
 20
-105.6064
  0
TEXT
  5
8C6
330
17
100
AcDbEntity
  8
CORTE-TEXTO
100
AcDbText
 10
498.0887
 20
-105.4664
 30
0.0
 40
0.06
  1
RW-14
 72
1
 11
498.0887
 21
-105.4664
 31
0.0
100
AcDbText
 73
2
  0
LWPOLYLINE
  5
8C7
330
17
100
AcDbEntity
  8
CORTE-RECORTE
100
AcDbPolyline
 90
4
 70
1
 10
497.9887
 20
-106.8064
 10
498.1887
 20
-106.8064
 10
498.1887
 20
-105.6963
 10
497.9887
 20
-105.6963
  0
TEXT
  5
8C8
330
17
100
AcDbEntity
  8
CORTE-TEXTO
100
AcDbText
 10
498.0887
 20
-106.25135
 30
0.0
 40
0.035
  1
PA-R-089
 72
1
 11
498.0887
 21
-106.25135
 31
0.0
100
AcDbText
 73
2
  0
LWPOLYLINE
  5
8C9
330
17
100
AcDbEntity
  8
CORTE-DESPERDICIO
100
AcDbPolyline
 90
4
 70
1
 10
497.9887
 20
-105.6963
 10
498.1887
 20
-105.6963
 10
498.1887
 20
-105.6064
 10
497.9887
 20
-105.6064
  0
LWPOLYLINE
  5
8CA
330
17
100
AcDbEntity
  8
CORTE-TILE
100
AcDbPolyline
 90
4
 70
1
 10
498.63870000000003
 20
-106.8064
 10
498.8387
 20
-106.8064
 10
498.8387
 20
-105.6064
 10
498.63870000000003
 20
-105.6064
  0
TEXT
  5
8CB
330
17
100
AcDbEntity
  8
CORTE-TEXTO
100
AcDbText
 10
498.73870000000005
 20
-105.4664
 30
0.0
 40
0.06
  1
RW-15
 72
1
 11
498.73870000000005
 21
-105.4664
 31
0.0
100
AcDbText
 73
2
  0
LWPOLYLINE
  5
8CC
330
17
100
AcDbEntity
  8
CORTE-RECORTE
100
AcDbPolyline
 90
4
 70
1
 10
498.63870000000003
 20
-106.8064
 10
498.8387
 20
-106.8064
 10
498.8387
 20
-105.6963
 10
498.63870000000003
 20
-105.6963
  0
TEXT
  5
8CD
330
17
100
AcDbEntity
  8
CORTE-TEXTO
100
AcDbText
 10
498.73870000000005
 20
-106.25135
 30
0.0
 40
0.035
  1
PA-R-088
 72
1
 11
498.73870000000005
 21
-106.25135
 31
0.0
100
AcDbText
 73
2
  0
LWPOLYLINE
  5
8CE
330
17
100
AcDbEntity
  8
CORTE-DESPERDICIO
100
AcDbPolyline
 90
4
 70
1
 10
498.63870000000003
 20
-105.6963
 10
498.8387
 20
-105.6963
 10
498.8387
 20
-105.6064
 10
498.63870000000003
 20
-105.6064
  0
LWPOLYLINE
  5
8CF
330
17
100
AcDbEntity
  8
CORTE-TILE
100
AcDbPolyline
 90
4
 70
1
 10
499.2887
 20
-106.8064
 10
499.4887
 20
-106.8064
 10
499.4887
 20
-105.6064
 10
499.2887
 20
-105.6064
  0
TEXT
  5
8D0
330
17
100
AcDbEntity
  8
CORTE-TEXTO
100
AcDbText
 10
499.38870000000003
 20
-105.4664
 30
0.0
 40
0.06
  1
RW-16
 72
1
 11
499.38870000000003
 21
-105.4664
 31
0.0
100
AcDbText
 73
2
  0
LWPOLYLINE
  5
8D1
330
17
100
AcDbEntity
  8
CORTE-RECORTE
100
AcDbPolyline
 90
4
 70
1
 10
499.2887
 20
-106.8064
 10
499.4887
 20
-106.8064
 10
499.4887
 20
-105.6963
 10
499.2887
 20
-105.6963
  0
TEXT
  5
8D2
330
17
100
AcDbEntity
  8
CORTE-TEXTO
100
AcDbText
 10
499.38870000000003
 20
-106.25135
 30
0.0
 40
0.035
  1
PA-R-087
 72
1
 11
499.38870000000003
 21
-106.25135
 31
0.0
100
AcDbText
 73
2
  0
LWPOLYLINE
  5
8D3
330
17
100
AcDbEntity
  8
CORTE-DESPERDICIO
100
AcDbPolyline
 90
4
 70
1
 10
499.2887
 20
-105.6963
 10
499.4887
 20
-105.6963
 10
499.4887
 20
-105.6064
 10
499.2887
 20
-105.6064
  0
LWPOLYLINE
  5
8D4
330
17
100
AcDbEntity
  8
CORTE-TILE
100
AcDbPolyline
 90
4
 70
1
 10
499.9387
 20
-106.8064
 10
500.1387
 20
-106.8064
 10
500.1387
 20
-105.6064
 10
499.9387
 20
-105.6064
  0
TEXT
  5
8D5
330
17
100
AcDbEntity
  8
CORTE-TEXTO
100
AcDbText
 10
500.0387
 20
-105.4664
 30
0.0
 40
0.06
  1
RW-17
 72
1
 11
500.0387
 21
-105.4664
 31
0.0
100
AcDbText
 73
2
  0
LWPOLYLINE
  5
8D6
330
17
100
AcDbEntity
  8
CORTE-RECORTE
100
AcDbPolyline
 90
4
 70
1
 10
499.9387
 20
-106.8064
 10
500.1387
 20
-106.8064
 10
500.1387
 20
-105.6963
 10
499.9387
 20
-105.6963
  0
TEXT
  5
8D7
330
17
100
AcDbEntity
  8
CORTE-TEXTO
100
AcDbText
 10
500.0387
 20
-106.25135
 30
0.0
 40
0.035
  1
PA-R-086
 72
1
 11
500.0387
 21
-106.25135
 31
0.0
100
AcDbText
 73
2
  0
LWPOLYLINE
  5
8D8
330
17
100
AcDbEntity
  8
CORTE-DESPERDICIO
100
AcDbPolyline
 90
4
 70
1
 10
499.9387
 20
-105.6963
 10
500.1387
 20
-105.6963
 10
500.1387
 20
-105.6064
 10
499.9387
 20
-105.6064
  0
LWPOLYLINE
  5
8D9
330
17
100
AcDbEntity
  8
CORTE-TILE
100
AcDbPolyline
 90
4
 70
1
 10
500.5887
 20
-106.8064
 10
500.7887
 20
-106.8064
 10
500.7887
 20
-105.6064
 10
500.5887
 20
-105.6064
  0
TEXT
  5
8DA
330
17
100
AcDbEntity
  8
CORTE-TEXTO
100
AcDbText
 10
500.68870000000004
 20
-105.4664
 30
0.0
 40
0.06
  1
RW-18
 72
1
 11
500.68870000000004
 21
-105.4664
 31
0.0
100
AcDbText
 73
2
  0
LWPOLYLINE
  5
8DB
330
17
100
AcDbEntity
  8
CORTE-RECORTE
100
AcDbPolyline
 90
4
 70
1
 10
500.5887
 20
-106.8064
 10
500.7887
 20
-106.8064
 10
500.7887
 20
-105.6994
 10
500.5887
 20
-105.6994
  0
TEXT
  5
8DC
330
17
100
AcDbEntity
  8
CORTE-TEXTO
100
AcDbText
 10
500.68870000000004
 20
-106.2529
 30
0.0
 40
0.035
  1
PA-R-196
 72
1
 11
500.68870000000004
 21
-106.2529
 31
0.0
100
AcDbText
 73
2
  0
LWPOLYLINE
  5
8DD
330
17
100
AcDbEntity
  8
CORTE-DESPERDICIO
100
AcDbPolyline
 90
4
 70
1
 10
500.5887
 20
-105.6994
 10
500.7887
 20
-105.6994
 10
500.7887
 20
-105.6064
 10
500.5887
 20
-105.6064
  0
LWPOLYLINE
  5
8DE
330
17
100
AcDbEntity
  8
CORTE-TILE
100
AcDbPolyline
 90
4
 70
1
 10
501.2387
 20
-106.8064
 10
501.4387
 20
-106.8064
 10
501.4387
 20
-105.6064
 10
501.2387
 20
-105.6064
  0
TEXT
  5
8DF
330
17
100
AcDbEntity
  8
CORTE-TEXTO
100
AcDbText
 10
501.3387
 20
-105.4664
 30
0.0
 40
0.06
  1
RW-19
 72
1
 11
501.3387
 21
-105.4664
 31
0.0
100
AcDbText
 73
2
  0
LWPOLYLINE
  5
8E0
330
17
100
AcDbEntity
  8
CORTE-RECORTE
100
AcDbPolyline
 90
4
 70
1
 10
501.2387
 20
-106.8064
 10
501.4387
 20
-106.8064
 10
501.4387
 20
-105.6994
 10
501.2387
 20
-105.6994
  0
TEXT
  5
8E1
330
17
100
AcDbEntity
  8
CORTE-TEXTO
100
AcDbText
 10
501.3387
 20
-106.2529
 30
0.0
 40
0.035
  1
PA-R-195
 72
1
 11
501.3387
 21
-106.2529
 31
0.0
100
AcDbText
 73
2
  0
LWPOLYLINE
  5
8E2
330
17
100
AcDbEntity
  8
CORTE-DESPERDICIO
100
AcDbPolyline
 90
4
 70
1
 10
501.2387
 20
-105.6994
 10
501.4387
 20
-105.6994
 10
501.4387
 20
-105.6064
 10
501.2387
 20
-105.6064
  0
LWPOLYLINE
  5
8E3
330
17
100
AcDbEntity
  8
CORTE-TILE
100
AcDbPolyline
 90
4
 70
1
 10
501.88870000000003
 20
-106.8064
 10
502.0887
 20
-106.8064
 10
502.0887
 20
-105.6064
 10
501.88870000000003
 20
-105.6064
  0
TEXT
  5
8E4
330
17
100
AcDbEntity
  8
CORTE-TEXTO
100
AcDbText
 10
501.98870000000005
 20
-105.4664
 30
0.0
 40
0.06
  1
RW-20
 72
1
 11
501.98870000000005
 21
-105.4664
 31
0.0
100
AcDbText
 73
2
  0
LWPOLYLINE
  5
8E5
330
17
100
AcDbEntity
  8
CORTE-RECORTE
100
AcDbPolyline
 90
4
 70
1
 10
501.88870000000003
 20
-106.8064
 10
502.0887
 20
-106.8064
 10
502.0887
 20
-105.6994
 10
501.88870000000003
 20
-105.6994
  0
TEXT
  5
8E6
330
17
100
AcDbEntity
  8
CORTE-TEXTO
100
AcDbText
 10
501.98870000000005
 20
-106.2529
 30
0.0
 40
0.035
  1
PA-R-194
 72
1
 11
501.98870000000005
 21
-106.2529
 31
0.0
100
AcDbText
 73
2
  0
LWPOLYLINE
  5
8E7
330
17
100
AcDbEntity
  8
CORTE-DESPERDICIO
100
AcDbPolyline
 90
4
 70
1
 10
501.88870000000003
 20
-105.6994
 10
502.0887
 20
-105.6994
 10
502.0887
 20
-105.6064
 10
501.88870000000003
 20
-105.6064
  0
LWPOLYLINE
  5
8E8
330
17
100
AcDbEntity
  8
CORTE-TILE
100
AcDbPolyline
 90
4
 70
1
 10
502.5387
 20
-106.8064
 10
502.7387
 20
-106.8064
 10
502.7387
 20
-105.6064
 10
502.5387
 20
-105.6064
  0
TEXT
  5
8E9
330
17
100
AcDbEntity
  8
CORTE-TEXTO
100
AcDbText
 10
502.63870000000003
 20
-105.4664
 30
0.0
 40
0.06
  1
RW-21
 72
1
 11
502.63870000000003
 21
-105.4664
 31
0.0
100
AcDbText
 73
2
  0
LWPOLYLINE
  5
8EA
330
17
100
AcDbEntity
  8
CORTE-RECORTE
100
AcDbPolyline
 90
4
 70
1
 10
502.5387
 20
-106.8064
 10
502.7387
 20
-106.8064
 10
502.7387
 20
-105.6994
 10
502.5387
 20
-105.6994
  0
TEXT
  5
8EB
330
17
100
AcDbEntity
  8
CORTE-TEXTO
100
AcDbText
 10
502.63870000000003
 20
-106.2529
 30
0.0
 40
0.035
  1
PA-R-193
 72
1
 11
502.63870000000003
 21
-106.2529
 31
0.0
100
AcDbText
 73
2
  0
LWPOLYLINE
  5
8EC
330
17
100
AcDbEntity
  8
CORTE-DESPERDICIO
100
AcDbPolyline
 90
4
 70
1
 10
502.5387
 20
-105.6994
 10
502.7387
 20
-105.6994
 10
502.7387
 20
-105.6064
 10
502.5387
 20
-105.6064
  0
LWPOLYLINE
  5
8ED
330
17
100
AcDbEntity
  8
CORTE-TILE
100
AcDbPolyline
 90
4
 70
1
 10
503.1887
 20
-106.8064
 10
503.3887
 20
-106.8064
 10
503.3887
 20
-105.6064
 10
503.1887
 20
-105.6064
  0
TEXT
  5
8EE
330
17
100
AcDbEntity
  8
CORTE-TEXTO
100
AcDbText
 10
503.2887
 20
-105.4664
 30
0.0
 40
0.06
  1
RW-22
 72
1
 11
503.2887
 21
-105.4664
 31
0.0
100
AcDbText
 73
2
  0
LWPOLYLINE
  5
8EF
330
17
100
AcDbEntity
  8
CORTE-RECORTE
100
AcDbPolyline
 90
4
 70
1
 10
503.1887
 20
-106.8064
 10
503.3887
 20
-106.8064
 10
503.3887
 20
-105.6994
 10
503.1887
 20
-105.6994
  0
TEXT
  5
8F0
330
17
100
AcDbEntity
  8
CORTE-TEXTO
100
AcDbText
 10
503.2887
 20
-106.2529
 30
0.0
 40
0.035
  1
PA-R-192
 72
1
 11
503.2887
 21
-106.2529
 31
0.0
100
AcDbText
 73
2
  0
LWPOLYLINE
  5
8F1
330
17
100
AcDbEntity
  8
CORTE-DESPERDICIO
100
AcDbPolyline
 90
4
 70
1
 10
503.1887
 20
-105.6994
 10
503.3887
 20
-105.6994
 10
503.3887
 20
-105.6064
 10
503.1887
 20
-105.6064
  0
LWPOLYLINE
  5
8F2
330
17
100
AcDbEntity
  8
CORTE-TILE
100
AcDbPolyline
 90
4
 70
1
 10
489.5387
 20
-108.70639999999999
 10
489.7387
 20
-108.70639999999999
 10
489.7387
 20
-107.50639999999999
 10
489.5387
 20
-107.50639999999999
  0
TEXT
  5
8F3
330
17
100
AcDbEntity
  8
CORTE-TEXTO
100
AcDbText
 10
489.63870000000003
 20
-107.36639999999998
 30
0.0
 40
0.06
  1
RW-23
 72
1
 11
489.63870000000003
 21
-107.36639999999998
 31
0.0
100
AcDbText
 73
2
  0
LWPOLYLINE
  5
8F4
330
17
100
AcDbEntity
  8
CORTE-RECORTE
100
AcDbPolyline
 90
4
 70
1
 10
489.5387
 20
-108.70639999999999
 10
489.7387
 20
-108.70639999999999
 10
489.7387
 20
-107.59939999999999
 10
489.5387
 20
-107.59939999999999
  0
TEXT
  5
8F5
330
17
100
AcDbEntity
  8
CORTE-TEXTO
100
AcDbText
 10
489.63870000000003
 20
-108.15289999999999
 30
0.0
 40
0.035
  1
PA-R-191
 72
1
 11
489.63870000000003
 21
-108.15289999999999
 31
0.0
100
AcDbText
 73
2
  0
LWPOLYLINE
  5
8F6
330
17
100
AcDbEntity
  8
CORTE-DESPERDICIO
100
AcDbPolyline
 90
4
 70
1
 10
489.5387
 20
-107.59939999999999
 10
489.7387
 20
-107.59939999999999
 10
489.7387
 20
-107.50639999999999
 10
489.5387
 20
-107.50639999999999
  0
LWPOLYLINE
  5
8F7
330
17
100
AcDbEntity
  8
CORTE-TILE
100
AcDbPolyline
 90
4
 70
1
 10
490.1887
 20
-108.70639999999999
 10
490.3887
 20
-108.70639999999999
 10
490.3887
 20
-107.50639999999999
 10
490.1887
 20
-107.50639999999999
  0
TEXT
  5
8F8
330
17
100
AcDbEntity
  8
CORTE-TEXTO
100
AcDbText
 10
490.2887
 20
-107.36639999999998
 30
0.0
 40
0.06
  1
RW-24
 72
1
 11
490.2887
 21
-107.36639999999998
 31
0.0
100
AcDbText
 73
2
  0
LWPOLYLINE
  5
8F9
330
17
100
AcDbEntity
  8
CORTE-RECORTE
100
AcDbPolyline
 90
4
 70
1
 10
490.1887
 20
-108.70639999999999
 10
490.3887
 20
-108.70639999999999
 10
490.3887
 20
-107.59939999999999
 10
490.1887
 20
-107.59939999999999
  0
TEXT
  5
8FA
330
17
100
AcDbEntity
  8
CORTE-TEXTO
100
AcDbText
 10
490.2887
 20
-108.15289999999999
 30
0.0
 40
0.035
  1
PA-R-190
 72
1
 11
490.2887
 21
-108.15289999999999
 31
0.0
100
AcDbText
 73
2
  0
LWPOLYLINE
  5
8FB
330
17
100
AcDbEntity
  8
CORTE-DESPERDICIO
100
AcDbPolyline
 90
4
 70
1
 10
490.1887
 20
-107.59939999999999
 10
490.3887
 20
-107.59939999999999
 10
490.3887
 20
-107.50639999999999
 10
490.1887
 20
-107.50639999999999
  0
LWPOLYLINE
  5
8FC
330
17
100
AcDbEntity
  8
CORTE-TILE
100
AcDbPolyline
 90
4
 70
1
 10
490.8387
 20
-108.70639999999999
 10
491.0387
 20
-108.70639999999999
 10
491.0387
 20
-107.50639999999999
 10
490.8387
 20
-107.50639999999999
  0
TEXT
  5
8FD
330
17
100
AcDbEntity
  8
CORTE-TEXTO
100
AcDbText
 10
490.93870000000004
 20
-107.36639999999998
 30
0.0
 40
0.06
  1
RW-25
 72
1
 11
490.93870000000004
 21
-107.36639999999998
 31
0.0
100
AcDbText
 73
2
  0
LWPOLYLINE
  5
8FE
330
17
100
AcDbEntity
  8
CORTE-RECORTE
100
AcDbPolyline
 90
4
 70
1
 10
490.8387
 20
-108.70639999999999
 10
491.0387
 20
-108.70639999999999
 10
491.0387
 20
-107.59939999999999
 10
490.8387
 20
-107.59939999999999
  0
TEXT
  5
8FF
330
17
100
AcDbEntity
  8
CORTE-TEXTO
100
AcDbText
 10
490.93870000000004
 20
-108.15289999999999
 30
0.0
 40
0.035
  1
PA-R-189
 72
1
 11
490.93870000000004
 21
-108.15289999999999
 31
0.0
100
AcDbText
 73
2
  0
LWPOLYLINE
  5
900
330
17
100
AcDbEntity
  8
CORTE-DESPERDICIO
100
AcDbPolyline
 90
4
 70
1
 10
490.8387
 20
-107.59939999999999
 10
491.0387
 20
-107.59939999999999
 10
491.0387
 20
-107.50639999999999
 10
490.8387
 20
-107.50639999999999
  0
LWPOLYLINE
  5
901
330
17
100
AcDbEntity
  8
CORTE-TILE
100
AcDbPolyline
 90
4
 70
1
 10
491.4887
 20
-108.70639999999999
 10
491.6887
 20
-108.70639999999999
 10
491.6887
 20
-107.50639999999999
 10
491.4887
 20
-107.50639999999999
  0
TEXT
  5
902
330
17
100
AcDbEntity
  8
CORTE-TEXTO
100
AcDbText
 10
491.5887
 20
-107.36639999999998
 30
0.0
 40
0.06
  1
RW-26
 72
1
 11
491.5887
 21
-107.36639999999998
 31
0.0
100
AcDbText
 73
2
  0
LWPOLYLINE
  5
903
330
17
100
AcDbEntity
  8
CORTE-RECORTE
100
AcDbPolyline
 90
4
 70
1
 10
491.4887
 20
-108.70639999999999
 10
491.6887
 20
-108.70639999999999
 10
491.6887
 20
-107.59939999999999
 10
491.4887
 20
-107.59939999999999
  0
TEXT
  5
904
330
17
100
AcDbEntity
  8
CORTE-TEXTO
100
AcDbText
 10
491.5887
 20
-108.15289999999999
 30
0.0
 40
0.035
  1
PA-R-188
 72
1
 11
491.5887
 21
-108.15289999999999
 31
0.0
100
AcDbText
 73
2
  0
LWPOLYLINE
  5
905
330
17
100
AcDbEntity
  8
CORTE-DESPERDICIO
100
AcDbPolyline
 90
4
 70
1
 10
491.4887
 20
-107.59939999999999
 10
491.6887
 20
-107.59939999999999
 10
491.6887
 20
-107.50639999999999
 10
491.4887
 20
-107.50639999999999
  0
LWPOLYLINE
  5
906
330
17
100
AcDbEntity
  8
CORTE-TILE
100
AcDbPolyline
 90
4
 70
1
 10
492.13870000000003
 20
-108.70639999999999
 10
492.3387
 20
-108.70639999999999
 10
492.3387
 20
-107.50639999999999
 10
492.13870000000003
 20
-107.50639999999999
  0
TEXT
  5
907
330
17
100
AcDbEntity
  8
CORTE-TEXTO
100
AcDbText
 10
492.23870000000005
 20
-107.36639999999998
 30
0.0
 40
0.06
  1
RW-27
 72
1
 11
492.23870000000005
 21
-107.36639999999998
 31
0.0
100
AcDbText
 73
2
  0
LWPOLYLINE
  5
908
330
17
100
AcDbEntity
  8
CORTE-RECORTE
100
AcDbPolyline
 90
4
 70
1
 10
492.13870000000003
 20
-108.70639999999999
 10
492.3387
 20
-108.70639999999999
 10
492.3387
 20
-107.62799999999999
 10
492.13870000000003
 20
-107.62799999999999
  0
TEXT
  5
909
330
17
100
AcDbEntity
  8
CORTE-TEXTO
100
AcDbText
 10
492.23870000000005
 20
-108.1672
 30
0.0
 40
0.035
  1
PA-R-039
 72
1
 11
492.23870000000005
 21
-108.1672
 31
0.0
100
AcDbText
 73
2
  0
LWPOLYLINE
  5
90A
330
17
100
AcDbEntity
  8
CORTE-SOBRANTE
100
AcDbPolyline
 90
4
 70
1
 10
492.13870000000003
 20
-107.62799999999999
 10
492.3387
 20
-107.62799999999999
 10
492.3387
 20
-107.50639999999999
 10
492.13870000000003
 20
-107.50639999999999
  0
LWPOLYLINE
  5
90B
330
17
100
AcDbEntity
  8
CORTE-TILE
100
AcDbPolyline
 90
4
 70
1
 10
492.7887
 20
-108.70639999999999
 10
492.9887
 20
-108.70639999999999
 10
492.9887
 20
-107.50639999999999
 10
492.7887
 20
-107.50639999999999
  0
TEXT
  5
90C
330
17
100
AcDbEntity
  8
CORTE-TEXTO
100
AcDbText
 10
492.88870000000003
 20
-107.36639999999998
 30
0.0
 40
0.06
  1
RW-28
 72
1
 11
492.88870000000003
 21
-107.36639999999998
 31
0.0
100
AcDbText
 73
2
  0
LWPOLYLINE
  5
90D
330
17
100
AcDbEntity
  8
CORTE-RECORTE
100
AcDbPolyline
 90
4
 70
1
 10
492.7887
 20
-108.70639999999999
 10
492.9887
 20
-108.70639999999999
 10
492.9887
 20
-107.62799999999999
 10
492.7887
 20
-107.62799999999999
  0
TEXT
  5
90E
330
17
100
AcDbEntity
  8
CORTE-TEXTO
100
AcDbText
 10
492.88870000000003
 20
-108.1672
 30
0.0
 40
0.035
  1
PA-R-038
 72
1
 11
492.88870000000003
 21
-108.1672
 31
0.0
100
AcDbText
 73
2
  0
LWPOLYLINE
  5
90F
330
17
100
AcDbEntity
  8
CORTE-SOBRANTE
100
AcDbPolyline
 90
4
 70
1
 10
492.7887
 20
-107.62799999999999
 10
492.9887
 20
-107.62799999999999
 10
492.9887
 20
-107.50639999999999
 10
492.7887
 20
-107.50639999999999
  0
LWPOLYLINE
  5
910
330
17
100
AcDbEntity
  8
CORTE-TILE
100
AcDbPolyline
 90
4
 70
1
 10
493.4387
 20
-108.70639999999999
 10
493.6387
 20
-108.70639999999999
 10
493.6387
 20
-107.50639999999999
 10
493.4387
 20
-107.50639999999999
  0
TEXT
  5
911
330
17
100
AcDbEntity
  8
CORTE-TEXTO
100
AcDbText
 10
493.5387
 20
-107.36639999999998
 30
0.0
 40
0.06
  1
RW-29
 72
1
 11
493.5387
 21
-107.36639999999998
 31
0.0
100
AcDbText
 73
2
  0
LWPOLYLINE
  5
912
330
17
100
AcDbEntity
  8
CORTE-RECORTE
100
AcDbPolyline
 90
4
 70
1
 10
493.4387
 20
-108.70639999999999
 10
493.6387
 20
-108.70639999999999
 10
493.6387
 20
-107.62799999999999
 10
493.4387
 20
-107.62799999999999
  0
TEXT
  5
913
330
17
100
AcDbEntity
  8
CORTE-TEXTO
100
AcDbText
 10
493.5387
 20
-108.1672
 30
0.0
 40
0.035
  1
PA-R-037
 72
1
 11
493.5387
 21
-108.1672
 31
0.0
100
AcDbText
 73
2
  0
LWPOLYLINE
  5
914
330
17
100
AcDbEntity
  8
CORTE-SOBRANTE
100
AcDbPolyline
 90
4
 70
1
 10
493.4387
 20
-107.62799999999999
 10
493.6387
 20
-107.62799999999999
 10
493.6387
 20
-107.50639999999999
 10
493.4387
 20
-107.50639999999999
  0
LWPOLYLINE
  5
915
330
17
100
AcDbEntity
  8
CORTE-TILE
100
AcDbPolyline
 90
4
 70
1
 10
494.0887
 20
-108.70639999999999
 10
494.2887
 20
-108.70639999999999
 10
494.2887
 20
-107.50639999999999
 10
494.0887
 20
-107.50639999999999
  0
TEXT
  5
916
330
17
100
AcDbEntity
  8
CORTE-TEXTO
100
AcDbText
 10
494.18870000000004
 20
-107.36639999999998
 30
0.0
 40
0.06
  1
RW-30
 72
1
 11
494.18870000000004
 21
-107.36639999999998
 31
0.0
100
AcDbText
 73
2
  0
LWPOLYLINE
  5
917
330
17
100
AcDbEntity
  8
CORTE-RECORTE
100
AcDbPolyline
 90
4
 70
1
 10
494.0887
 20
-108.70639999999999
 10
494.2887
 20
-108.70639999999999
 10
494.2887
 20
-107.62799999999999
 10
494.0887
 20
-107.62799999999999
  0
TEXT
  5
918
330
17
100
AcDbEntity
  8
CORTE-TEXTO
100
AcDbText
 10
494.18870000000004
 20
-108.1672
 30
0.0
 40
0.035
  1
PA-R-036
 72
1
 11
494.18870000000004
 21
-108.1672
 31
0.0
100
AcDbText
 73
2
  0
LWPOLYLINE
  5
919
330
17
100
AcDbEntity
  8
CORTE-SOBRANTE
100
AcDbPolyline
 90
4
 70
1
 10
494.0887
 20
-107.62799999999999
 10
494.2887
 20
-107.62799999999999
 10
494.2887
 20
-107.50639999999999
 10
494.0887
 20
-107.50639999999999
  0
LWPOLYLINE
  5
91A
330
17
100
AcDbEntity
  8
CORTE-TILE
100
AcDbPolyline
 90
4
 70
1
 10
494.7387
 20
-108.70639999999999
 10
494.9387
 20
-108.70639999999999
 10
494.9387
 20
-107.50639999999999
 10
494.7387
 20
-107.50639999999999
  0
TEXT
  5
91B
330
17
100
AcDbEntity
  8
CORTE-TEXTO
100
AcDbText
 10
494.8387
 20
-107.36639999999998
 30
0.0
 40
0.06
  1
RW-31
 72
1
 11
494.8387
 21
-107.36639999999998
 31
0.0
100
AcDbText
 73
2
  0
LWPOLYLINE
  5
91C
330
17
100
AcDbEntity
  8
CORTE-RECORTE
100
AcDbPolyline
 90
4
 70
1
 10
494.7387
 20
-108.70639999999999
 10
494.9387
 20
-108.70639999999999
 10
494.9387
 20
-107.62799999999999
 10
494.7387
 20
-107.62799999999999
  0
TEXT
  5
91D
330
17
100
AcDbEntity
  8
CORTE-TEXTO
100
AcDbText
 10
494.8387
 20
-108.1672
 30
0.0
 40
0.035
  1
PA-R-035
 72
1
 11
494.8387
 21
-108.1672
 31
0.0
100
AcDbText
 73
2
  0
LWPOLYLINE
  5
91E
330
17
100
AcDbEntity
  8
CORTE-SOBRANTE
100
AcDbPolyline
 90
4
 70
1
 10
494.7387
 20
-107.62799999999999
 10
494.9387
 20
-107.62799999999999
 10
494.9387
 20
-107.50639999999999
 10
494.7387
 20
-107.50639999999999
  0
LWPOLYLINE
  5
91F
330
17
100
AcDbEntity
  8
CORTE-TILE
100
AcDbPolyline
 90
4
 70
1
 10
495.38870000000003
 20
-108.70639999999999
 10
495.5887
 20
-108.70639999999999
 10
495.5887
 20
-107.50639999999999
 10
495.38870000000003
 20
-107.50639999999999
  0
TEXT
  5
920
330
17
100
AcDbEntity
  8
CORTE-TEXTO
100
AcDbText
 10
495.48870000000005
 20
-107.36639999999998
 30
0.0
 40
0.06
  1
RW-32
 72
1
 11
495.48870000000005
 21
-107.36639999999998
 31
0.0
100
AcDbText
 73
2
  0
LWPOLYLINE
  5
921
330
17
100
AcDbEntity
  8
CORTE-RECORTE
100
AcDbPolyline
 90
4
 70
1
 10
495.38870000000003
 20
-108.70639999999999
 10
495.5887
 20
-108.70639999999999
 10
495.5887
 20
-107.62799999999999
 10
495.38870000000003
 20
-107.62799999999999
  0
TEXT
  5
922
330
17
100
AcDbEntity
  8
CORTE-TEXTO
100
AcDbText
 10
495.48870000000005
 20
-108.1672
 30
0.0
 40
0.035
  1
PA-R-034
 72
1
 11
495.48870000000005
 21
-108.1672
 31
0.0
100
AcDbText
 73
2
  0
LWPOLYLINE
  5
923
330
17
100
AcDbEntity
  8
CORTE-SOBRANTE
100
AcDbPolyline
 90
4
 70
1
 10
495.38870000000003
 20
-107.62799999999999
 10
495.5887
 20
-107.62799999999999
 10
495.5887
 20
-107.50639999999999
 10
495.38870000000003
 20
-107.50639999999999
  0
LWPOLYLINE
  5
924
330
17
100
AcDbEntity
  8
CORTE-TILE
100
AcDbPolyline
 90
4
 70
1
 10
496.0387
 20
-108.70639999999999
 10
496.2387
 20
-108.70639999999999
 10
496.2387
 20
-107.50639999999999
 10
496.0387
 20
-107.50639999999999
  0
TEXT
  5
925
330
17
100
AcDbEntity
  8
CORTE-TEXTO
100
AcDbText
 10
496.13870000000003
 20
-107.36639999999998
 30
0.0
 40
0.06
  1
RW-33
 72
1
 11
496.13870000000003
 21
-107.36639999999998
 31
0.0
100
AcDbText
 73
2
  0
LWPOLYLINE
  5
926
330
17
100
AcDbEntity
  8
CORTE-RECORTE
100
AcDbPolyline
 90
4
 70
1
 10
496.0387
 20
-108.70639999999999
 10
496.2387
 20
-108.70639999999999
 10
496.2387
 20
-107.62799999999999
 10
496.0387
 20
-107.62799999999999
  0
TEXT
  5
927
330
17
100
AcDbEntity
  8
CORTE-TEXTO
100
AcDbText
 10
496.13870000000003
 20
-108.1672
 30
0.0
 40
0.035
  1
PA-R-033
 72
1
 11
496.13870000000003
 21
-108.1672
 31
0.0
100
AcDbText
 73
2
  0
LWPOLYLINE
  5
928
330
17
100
AcDbEntity
  8
CORTE-SOBRANTE
100
AcDbPolyline
 90
4
 70
1
 10
496.0387
 20
-107.62799999999999
 10
496.2387
 20
-107.62799999999999
 10
496.2387
 20
-107.50639999999999
 10
496.0387
 20
-107.50639999999999
  0
LWPOLYLINE
  5
929
330
17
100
AcDbEntity
  8
CORTE-TILE
100
AcDbPolyline
 90
4
 70
1
 10
496.6887
 20
-108.70639999999999
 10
496.8887
 20
-108.70639999999999
 10
496.8887
 20
-107.50639999999999
 10
496.6887
 20
-107.50639999999999
  0
TEXT
  5
92A
330
17
100
AcDbEntity
  8
CORTE-TEXTO
100
AcDbText
 10
496.7887
 20
-107.36639999999998
 30
0.0
 40
0.06
  1
RW-34
 72
1
 11
496.7887
 21
-107.36639999999998
 31
0.0
100
AcDbText
 73
2
  0
LWPOLYLINE
  5
92B
330
17
100
AcDbEntity
  8
CORTE-RECORTE
100
AcDbPolyline
 90
4
 70
1
 10
496.6887
 20
-108.70639999999999
 10
496.8887
 20
-108.70639999999999
 10
496.8887
 20
-107.62799999999999
 10
496.6887
 20
-107.62799999999999
  0
TEXT
  5
92C
330
17
100
AcDbEntity
  8
CORTE-TEXTO
100
AcDbText
 10
496.7887
 20
-108.1672
 30
0.0
 40
0.035
  1
PA-R-032
 72
1
 11
496.7887
 21
-108.1672
 31
0.0
100
AcDbText
 73
2
  0
LWPOLYLINE
  5
92D
330
17
100
AcDbEntity
  8
CORTE-SOBRANTE
100
AcDbPolyline
 90
4
 70
1
 10
496.6887
 20
-107.62799999999999
 10
496.8887
 20
-107.62799999999999
 10
496.8887
 20
-107.50639999999999
 10
496.6887
 20
-107.50639999999999
  0
LWPOLYLINE
  5
92E
330
17
100
AcDbEntity
  8
CORTE-TILE
100
AcDbPolyline
 90
4
 70
1
 10
497.3387
 20
-108.70639999999999
 10
497.5387
 20
-108.70639999999999
 10
497.5387
 20
-107.50639999999999
 10
497.3387
 20
-107.50639999999999
  0
TEXT
  5
92F
330
17
100
AcDbEntity
  8
CORTE-TEXTO
100
AcDbText
 10
497.43870000000004
 20
-107.36639999999998
 30
0.0
 40
0.06
  1
RW-35
 72
1
 11
497.43870000000004
 21
-107.36639999999998
 31
0.0
100
AcDbText
 73
2
  0
LWPOLYLINE
  5
930
330
17
100
AcDbEntity
  8
CORTE-RECORTE
100
AcDbPolyline
 90
4
 70
1
 10
497.3387
 20
-108.70639999999999
 10
497.5387
 20
-108.70639999999999
 10
497.5387
 20
-107.62799999999999
 10
497.3387
 20
-107.62799999999999
  0
TEXT
  5
931
330
17
100
AcDbEntity
  8
CORTE-TEXTO
100
AcDbText
 10
497.43870000000004
 20
-108.1672
 30
0.0
 40
0.035
  1
PA-R-031
 72
1
 11
497.43870000000004
 21
-108.1672
 31
0.0
100
AcDbText
 73
2
  0
LWPOLYLINE
  5
932
330
17
100
AcDbEntity
  8
CORTE-SOBRANTE
100
AcDbPolyline
 90
4
 70
1
 10
497.3387
 20
-107.62799999999999
 10
497.5387
 20
-107.62799999999999
 10
497.5387
 20
-107.50639999999999
 10
497.3387
 20
-107.50639999999999
  0
LWPOLYLINE
  5
933
330
17
100
AcDbEntity
  8
CORTE-TILE
100
AcDbPolyline
 90
4
 70
1
 10
497.9887
 20
-108.70639999999999
 10
498.1887
 20
-108.70639999999999
 10
498.1887
 20
-107.50639999999999
 10
497.9887
 20
-107.50639999999999
  0
TEXT
  5
934
330
17
100
AcDbEntity
  8
CORTE-TEXTO
100
AcDbText
 10
498.0887
 20
-107.36639999999998
 30
0.0
 40
0.06
  1
RW-36
 72
1
 11
498.0887
 21
-107.36639999999998
 31
0.0
100
AcDbText
 73
2
  0
LWPOLYLINE
  5
935
330
17
100
AcDbEntity
  8
CORTE-RECORTE
100
AcDbPolyline
 90
4
 70
1
 10
497.9887
 20
-108.70639999999999
 10
498.1887
 20
-108.70639999999999
 10
498.1887
 20
-107.62799999999999
 10
497.9887
 20
-107.62799999999999
  0
TEXT
  5
936
330
17
100
AcDbEntity
  8
CORTE-TEXTO
100
AcDbText
 10
498.0887
 20
-108.1672
 30
0.0
 40
0.035
  1
PA-R-030
 72
1
 11
498.0887
 21
-108.1672
 31
0.0
100
AcDbText
 73
2
  0
LWPOLYLINE
  5
937
330
17
100
AcDbEntity
  8
CORTE-SOBRANTE
100
AcDbPolyline
 90
4
 70
1
 10
497.9887
 20
-107.62799999999999
 10
498.1887
 20
-107.62799999999999
 10
498.1887
 20
-107.50639999999999
 10
497.9887
 20
-107.50639999999999
  0
LWPOLYLINE
  5
938
330
17
100
AcDbEntity
  8
CORTE-TILE
100
AcDbPolyline
 90
4
 70
1
 10
498.63870000000003
 20
-108.70639999999999
 10
498.8387
 20
-108.70639999999999
 10
498.8387
 20
-107.50639999999999
 10
498.63870000000003
 20
-107.50639999999999
  0
TEXT
  5
939
330
17
100
AcDbEntity
  8
CORTE-TEXTO
100
AcDbText
 10
498.73870000000005
 20
-107.36639999999998
 30
0.0
 40
0.06
  1
RW-37
 72
1
 11
498.73870000000005
 21
-107.36639999999998
 31
0.0
100
AcDbText
 73
2
  0
LWPOLYLINE
  5
93A
330
17
100
AcDbEntity
  8
CORTE-RECORTE
100
AcDbPolyline
 90
4
 70
1
 10
498.63870000000003
 20
-108.70639999999999
 10
498.8387
 20
-108.70639999999999
 10
498.8387
 20
-107.62799999999999
 10
498.63870000000003
 20
-107.62799999999999
  0
TEXT
  5
93B
330
17
100
AcDbEntity
  8
CORTE-TEXTO
100
AcDbText
 10
498.73870000000005
 20
-108.1672
 30
0.0
 40
0.035
  1
PA-R-029
 72
1
 11
498.73870000000005
 21
-108.1672
 31
0.0
100
AcDbText
 73
2
  0
LWPOLYLINE
  5
93C
330
17
100
AcDbEntity
  8
CORTE-SOBRANTE
100
AcDbPolyline
 90
4
 70
1
 10
498.63870000000003
 20
-107.62799999999999
 10
498.8387
 20
-107.62799999999999
 10
498.8387
 20
-107.50639999999999
 10
498.63870000000003
 20
-107.50639999999999
  0
LWPOLYLINE
  5
93D
330
17
100
AcDbEntity
  8
CORTE-TILE
100
AcDbPolyline
 90
4
 70
1
 10
499.2887
 20
-108.70639999999999
 10
499.4887
 20
-108.70639999999999
 10
499.4887
 20
-107.50639999999999
 10
499.2887
 20
-107.50639999999999
  0
TEXT
  5
93E
330
17
100
AcDbEntity
  8
CORTE-TEXTO
100
AcDbText
 10
499.38870000000003
 20
-107.36639999999998
 30
0.0
 40
0.06
  1
RW-38
 72
1
 11
499.38870000000003
 21
-107.36639999999998
 31
0.0
100
AcDbText
 73
2
  0
LWPOLYLINE
  5
93F
330
17
100
AcDbEntity
  8
CORTE-RECORTE
100
AcDbPolyline
 90
4
 70
1
 10
499.2887
 20
-108.70639999999999
 10
499.4887
 20
-108.70639999999999
 10
499.4887
 20
-107.62799999999999
 10
499.2887
 20
-107.62799999999999
  0
TEXT
  5
940
330
17
100
AcDbEntity
  8
CORTE-TEXTO
100
AcDbText
 10
499.38870000000003
 20
-108.1672
 30
0.0
 40
0.035
  1
PA-R-028
 72
1
 11
499.38870000000003
 21
-108.1672
 31
0.0
100
AcDbText
 73
2
  0
LWPOLYLINE
  5
941
330
17
100
AcDbEntity
  8
CORTE-SOBRANTE
100
AcDbPolyline
 90
4
 70
1
 10
499.2887
 20
-107.62799999999999
 10
499.4887
 20
-107.62799999999999
 10
499.4887
 20
-107.50639999999999
 10
499.2887
 20
-107.50639999999999
  0
LWPOLYLINE
  5
942
330
17
100
AcDbEntity
  8
CORTE-TILE
100
AcDbPolyline
 90
4
 70
1
 10
499.9387
 20
-108.70639999999999
 10
500.1387
 20
-108.70639999999999
 10
500.1387
 20
-107.50639999999999
 10
499.9387
 20
-107.50639999999999
  0
TEXT
  5
943
330
17
100
AcDbEntity
  8
CORTE-TEXTO
100
AcDbText
 10
500.0387
 20
-107.36639999999998
 30
0.0
 40
0.06
  1
RW-39
 72
1
 11
500.0387
 21
-107.36639999999998
 31
0.0
100
AcDbText
 73
2
  0
LWPOLYLINE
  5
944
330
17
100
AcDbEntity
  8
CORTE-RECORTE
100
AcDbPolyline
 90
4
 70
1
 10
499.9387
 20
-108.70639999999999
 10
500.1387
 20
-108.70639999999999
 10
500.1387
 20
-107.62799999999999
 10
499.9387
 20
-107.62799999999999
  0
TEXT
  5
945
330
17
100
AcDbEntity
  8
CORTE-TEXTO
100
AcDbText
 10
500.0387
 20
-108.1672
 30
0.0
 40
0.035
  1
PA-R-027
 72
1
 11
500.0387
 21
-108.1672
 31
0.0
100
AcDbText
 73
2
  0
LWPOLYLINE
  5
946
330
17
100
AcDbEntity
  8
CORTE-SOBRANTE
100
AcDbPolyline
 90
4
 70
1
 10
499.9387
 20
-107.62799999999999
 10
500.1387
 20
-107.62799999999999
 10
500.1387
 20
-107.50639999999999
 10
499.9387
 20
-107.50639999999999
  0
LWPOLYLINE
  5
947
330
17
100
AcDbEntity
  8
CORTE-TILE
100
AcDbPolyline
 90
4
 70
1
 10
500.5887
 20
-108.70639999999999
 10
500.7887
 20
-108.70639999999999
 10
500.7887
 20
-107.50639999999999
 10
500.5887
 20
-107.50639999999999
  0
TEXT
  5
948
330
17
100
AcDbEntity
  8
CORTE-TEXTO
100
AcDbText
 10
500.68870000000004
 20
-107.36639999999998
 30
0.0
 40
0.06
  1
RW-40
 72
1
 11
500.68870000000004
 21
-107.36639999999998
 31
0.0
100
AcDbText
 73
2
  0
LWPOLYLINE
  5
949
330
17
100
AcDbEntity
  8
CORTE-RECORTE
100
AcDbPolyline
 90
4
 70
1
 10
500.5887
 20
-108.70639999999999
 10
500.76570000000004
 20
-108.70639999999999
 10
500.76570000000004
 20
-107.50639999999999
 10
500.5887
 20
-107.50639999999999
  0
TEXT
  5
94A
330
17
100
AcDbEntity
  8
CORTE-TEXTO
100
AcDbText
 10
500.6772
 20
-108.1064
 30
0.0
 40
0.035
  1
PA-R-111
 72
1
 11
500.6772
 21
-108.1064
 31
0.0
100
AcDbText
 73
2
  0
LWPOLYLINE
  5
94B
330
17
100
AcDbEntity
  8
CORTE-DESPERDICIO
100
AcDbPolyline
 90
4
 70
1
 10
500.76570000000004
 20
-108.70639999999999
 10
500.78870000000006
 20
-108.70639999999999
 10
500.78870000000006
 20
-107.50639999999999
 10
500.76570000000004
 20
-107.50639999999999
  0
LWPOLYLINE
  5
94C
330
17
100
AcDbEntity
  8
CORTE-TILE
100
AcDbPolyline
 90
4
 70
1
 10
501.2387
 20
-108.70639999999999
 10
501.4387
 20
-108.70639999999999
 10
501.4387
 20
-107.50639999999999
 10
501.2387
 20
-107.50639999999999
  0
TEXT
  5
94D
330
17
100
AcDbEntity
  8
CORTE-TEXTO
100
AcDbText
 10
501.3387
 20
-107.36639999999998
 30
0.0
 40
0.06
  1
RW-41
 72
1
 11
501.3387
 21
-107.36639999999998
 31
0.0
100
AcDbText
 73
2
  0
LWPOLYLINE
  5
94E
330
17
100
AcDbEntity
  8
CORTE-RECORTE
100
AcDbPolyline
 90
4
 70
1
 10
501.2387
 20
-108.70639999999999
 10
501.4157
 20
-108.70639999999999
 10
501.4157
 20
-107.50639999999999
 10
501.2387
 20
-107.50639999999999
  0
TEXT
  5
94F
330
17
100
AcDbEntity
  8
CORTE-TEXTO
100
AcDbText
 10
501.3272
 20
-108.1064
 30
0.0
 40
0.035
  1
PA-R-059
 72
1
 11
501.3272
 21
-108.1064
 31
0.0
100
AcDbText
 73
2
  0
LWPOLYLINE
  5
950
330
17
100
AcDbEntity
  8
CORTE-DESPERDICIO
100
AcDbPolyline
 90
4
 70
1
 10
501.4157
 20
-108.70639999999999
 10
501.43870000000004
 20
-108.70639999999999
 10
501.43870000000004
 20
-107.50639999999999
 10
501.4157
 20
-107.50639999999999
  0
LWPOLYLINE
  5
951
330
17
100
AcDbEntity
  8
CORTE-TILE
100
AcDbPolyline
 90
4
 70
1
 10
501.88870000000003
 20
-108.70639999999999
 10
502.0887
 20
-108.70639999999999
 10
502.0887
 20
-107.50639999999999
 10
501.88870000000003
 20
-107.50639999999999
  0
TEXT
  5
952
330
17
100
AcDbEntity
  8
CORTE-TEXTO
100
AcDbText
 10
501.98870000000005
 20
-107.36639999999998
 30
0.0
 40
0.06
  1
RW-42
 72
1
 11
501.98870000000005
 21
-107.36639999999998
 31
0.0
100
AcDbText
 73
2
  0
LWPOLYLINE
  5
953
330
17
100
AcDbEntity
  8
CORTE-RECORTE
100
AcDbPolyline
 90
4
 70
1
 10
501.88870000000003
 20
-108.70639999999999
 10
502.0887
 20
-108.70639999999999
 10
502.0887
 20
-107.6569
 10
501.88870000000003
 20
-107.6569
  0
TEXT
  5
954
330
17
100
AcDbEntity
  8
CORTE-TEXTO
100
AcDbText
 10
501.98870000000005
 20
-108.18164999999999
 30
0.0
 40
0.035
  1
PA-R-132
 72
1
 11
501.98870000000005
 21
-108.18164999999999
 31
0.0
100
AcDbText
 73
2
  0
LWPOLYLINE
  5
955
330
17
100
AcDbEntity
  8
CORTE-SOBRANTE
100
AcDbPolyline
 90
4
 70
1
 10
501.88870000000003
 20
-107.6569
 10
502.0887
 20
-107.6569
 10
502.0887
 20
-107.5064
 10
501.88870000000003
 20
-107.5064
  0
LWPOLYLINE
  5
956
330
17
100
AcDbEntity
  8
CORTE-TILE
100
AcDbPolyline
 90
4
 70
1
 10
502.5387
 20
-108.70639999999999
 10
502.7387
 20
-108.70639999999999
 10
502.7387
 20
-107.50639999999999
 10
502.5387
 20
-107.50639999999999
  0
TEXT
  5
957
330
17
100
AcDbEntity
  8
CORTE-TEXTO
100
AcDbText
 10
502.63870000000003
 20
-107.36639999999998
 30
0.0
 40
0.06
  1
RW-43
 72
1
 11
502.63870000000003
 21
-107.36639999999998
 31
0.0
100
AcDbText
 73
2
  0
LWPOLYLINE
  5
958
330
17
100
AcDbEntity
  8
CORTE-RECORTE
100
AcDbPolyline
 90
4
 70
1
 10
502.5387
 20
-108.70639999999999
 10
502.7387
 20
-108.70639999999999
 10
502.7387
 20
-107.6569
 10
502.5387
 20
-107.6569
  0
TEXT
  5
959
330
17
100
AcDbEntity
  8
CORTE-TEXTO
100
AcDbText
 10
502.63870000000003
 20
-108.18164999999999
 30
0.0
 40
0.035
  1
PA-R-131
 72
1
 11
502.63870000000003
 21
-108.18164999999999
 31
0.0
100
AcDbText
 73
2
  0
LWPOLYLINE
  5
95A
330
17
100
AcDbEntity
  8
CORTE-SOBRANTE
100
AcDbPolyline
 90
4
 70
1
 10
502.5387
 20
-107.6569
 10
502.7387
 20
-107.6569
 10
502.7387
 20
-107.5064
 10
502.5387
 20
-107.5064
  0
LWPOLYLINE
  5
95B
330
17
100
AcDbEntity
  8
CORTE-TILE
100
AcDbPolyline
 90
4
 70
1
 10
503.1887
 20
-108.70639999999999
 10
503.3887
 20
-108.70639999999999
 10
503.3887
 20
-107.50639999999999
 10
503.1887
 20
-107.50639999999999
  0
TEXT
  5
95C
330
17
100
AcDbEntity
  8
CORTE-TEXTO
100
AcDbText
 10
503.2887
 20
-107.36639999999998
 30
0.0
 40
0.06
  1
RW-44
 72
1
 11
503.2887
 21
-107.36639999999998
 31
0.0
100
AcDbText
 73
2
  0
LWPOLYLINE
  5
95D
330
17
100
AcDbEntity
  8
CORTE-RECORTE
100
AcDbPolyline
 90
4
 70
1
 10
503.1887
 20
-108.70639999999999
 10
503.3887
 20
-108.70639999999999
 10
503.3887
 20
-107.6569
 10
503.1887
 20
-107.6569
  0
TEXT
  5
95E
330
17
100
AcDbEntity
  8
CORTE-TEXTO
100
AcDbText
 10
503.2887
 20
-108.18164999999999
 30
0.0
 40
0.035
  1
PA-R-130
 72
1
 11
503.2887
 21
-108.18164999999999
 31
0.0
100
AcDbText
 73
2
  0
LWPOLYLINE
  5
95F
330
17
100
AcDbEntity
  8
CORTE-SOBRANTE
100
AcDbPolyline
 90
4
 70
1
 10
503.1887
 20
-107.6569
 10
503.3887
 20
-107.6569
 10
503.3887
 20
-107.5064
 10
503.1887
 20
-107.5064
  0
LWPOLYLINE
  5
960
330
17
100
AcDbEntity
  8
CORTE-TILE
100
AcDbPolyline
 90
4
 70
1
 10
489.5387
 20
-110.6064
 10
489.7387
 20
-110.6064
 10
489.7387
 20
-109.40639999999999
 10
489.5387
 20
-109.40639999999999
  0
TEXT
  5
961
330
17
100
AcDbEntity
  8
CORTE-TEXTO
100
AcDbText
 10
489.63870000000003
 20
-109.26639999999999
 30
0.0
 40
0.06
  1
RW-45
 72
1
 11
489.63870000000003
 21
-109.26639999999999
 31
0.0
100
AcDbText
 73
2
  0
LWPOLYLINE
  5
962
330
17
100
AcDbEntity
  8
CORTE-RECORTE
100
AcDbPolyline
 90
4
 70
1
 10
489.5387
 20
-110.6064
 10
489.7387
 20
-110.6064
 10
489.7387
 20
-109.5569
 10
489.5387
 20
-109.5569
  0
TEXT
  5
963
330
17
100
AcDbEntity
  8
CORTE-TEXTO
100
AcDbText
 10
489.63870000000003
 20
-110.08165
 30
0.0
 40
0.035
  1
PA-R-129
 72
1
 11
489.63870000000003
 21
-110.08165
 31
0.0
100
AcDbText
 73
2
  0
LWPOLYLINE
  5
964
330
17
100
AcDbEntity
  8
CORTE-SOBRANTE
100
AcDbPolyline
 90
4
 70
1
 10
489.5387
 20
-109.5569
 10
489.7387
 20
-109.5569
 10
489.7387
 20
-109.4064
 10
489.5387
 20
-109.4064
  0
LWPOLYLINE
  5
965
330
17
100
AcDbEntity
  8
CORTE-TILE
100
AcDbPolyline
 90
4
 70
1
 10
490.1887
 20
-110.6064
 10
490.3887
 20
-110.6064
 10
490.3887
 20
-109.40639999999999
 10
490.1887
 20
-109.40639999999999
  0
TEXT
  5
966
330
17
100
AcDbEntity
  8
CORTE-TEXTO
100
AcDbText
 10
490.2887
 20
-109.26639999999999
 30
0.0
 40
0.06
  1
RW-46
 72
1
 11
490.2887
 21
-109.26639999999999
 31
0.0
100
AcDbText
 73
2
  0
LWPOLYLINE
  5
967
330
17
100
AcDbEntity
  8
CORTE-RECORTE
100
AcDbPolyline
 90
4
 70
1
 10
490.1887
 20
-110.6064
 10
490.3887
 20
-110.6064
 10
490.3887
 20
-109.5569
 10
490.1887
 20
-109.5569
  0
TEXT
  5
968
330
17
100
AcDbEntity
  8
CORTE-TEXTO
100
AcDbText
 10
490.2887
 20
-110.08165
 30
0.0
 40
0.035
  1
PA-R-128
 72
1
 11
490.2887
 21
-110.08165
 31
0.0
100
AcDbText
 73
2
  0
LWPOLYLINE
  5
969
330
17
100
AcDbEntity
  8
CORTE-SOBRANTE
100
AcDbPolyline
 90
4
 70
1
 10
490.1887
 20
-109.5569
 10
490.3887
 20
-109.5569
 10
490.3887
 20
-109.4064
 10
490.1887
 20
-109.4064
  0
LWPOLYLINE
  5
96A
330
17
100
AcDbEntity
  8
CORTE-TILE
100
AcDbPolyline
 90
4
 70
1
 10
490.8387
 20
-110.6064
 10
491.0387
 20
-110.6064
 10
491.0387
 20
-109.40639999999999
 10
490.8387
 20
-109.40639999999999
  0
TEXT
  5
96B
330
17
100
AcDbEntity
  8
CORTE-TEXTO
100
AcDbText
 10
490.93870000000004
 20
-109.26639999999999
 30
0.0
 40
0.06
  1
RW-47
 72
1
 11
490.93870000000004
 21
-109.26639999999999
 31
0.0
100
AcDbText
 73
2
  0
LWPOLYLINE
  5
96C
330
17
100
AcDbEntity
  8
CORTE-RECORTE
100
AcDbPolyline
 90
4
 70
1
 10
490.8387
 20
-110.6064
 10
491.0387
 20
-110.6064
 10
491.0387
 20
-109.5569
 10
490.8387
 20
-109.5569
  0
TEXT
  5
96D
330
17
100
AcDbEntity
  8
CORTE-TEXTO
100
AcDbText
 10
490.93870000000004
 20
-110.08165
 30
0.0
 40
0.035
  1
PA-R-127
 72
1
 11
490.93870000000004
 21
-110.08165
 31
0.0
100
AcDbText
 73
2
  0
LWPOLYLINE
  5
96E
330
17
100
AcDbEntity
  8
CORTE-SOBRANTE
100
AcDbPolyline
 90
4
 70
1
 10
490.8387
 20
-109.5569
 10
491.0387
 20
-109.5569
 10
491.0387
 20
-109.4064
 10
490.8387
 20
-109.4064
  0
LWPOLYLINE
  5
96F
330
17
100
AcDbEntity
  8
CORTE-TILE
100
AcDbPolyline
 90
4
 70
1
 10
491.4887
 20
-110.6064
 10
491.6887
 20
-110.6064
 10
491.6887
 20
-109.40639999999999
 10
491.4887
 20
-109.40639999999999
  0
TEXT
  5
970
330
17
100
AcDbEntity
  8
CORTE-TEXTO
100
AcDbText
 10
491.5887
 20
-109.26639999999999
 30
0.0
 40
0.06
  1
RW-48
 72
1
 11
491.5887
 21
-109.26639999999999
 31
0.0
100
AcDbText
 73
2
  0
LWPOLYLINE
  5
971
330
17
100
AcDbEntity
  8
CORTE-RECORTE
100
AcDbPolyline
 90
4
 70
1
 10
491.4887
 20
-110.6064
 10
491.6887
 20
-110.6064
 10
491.6887
 20
-109.58919999999999
 10
491.4887
 20
-109.58919999999999
  0
TEXT
  5
972
330
17
100
AcDbEntity
  8
CORTE-TEXTO
100
AcDbText
 10
491.5887
 20
-110.09779999999999
 30
0.0
 40
0.035
  1
PA-R-021
 72
1
 11
491.5887
 21
-110.09779999999999
 31
0.0
100
AcDbText
 73
2
  0
LWPOLYLINE
  5
973
330
17
100
AcDbEntity
  8
CORTE-SOBRANTE
100
AcDbPolyline
 90
4
 70
1
 10
491.4887
 20
-109.58919999999999
 10
491.6887
 20
-109.58919999999999
 10
491.6887
 20
-109.40639999999999
 10
491.4887
 20
-109.40639999999999
  0
LWPOLYLINE
  5
974
330
17
100
AcDbEntity
  8
CORTE-TILE
100
AcDbPolyline
 90
4
 70
1
 10
492.13870000000003
 20
-110.6064
 10
492.3387
 20
-110.6064
 10
492.3387
 20
-109.40639999999999
 10
492.13870000000003
 20
-109.40639999999999
  0
TEXT
  5
975
330
17
100
AcDbEntity
  8
CORTE-TEXTO
100
AcDbText
 10
492.23870000000005
 20
-109.26639999999999
 30
0.0
 40
0.06
  1
RW-49
 72
1
 11
492.23870000000005
 21
-109.26639999999999
 31
0.0
100
AcDbText
 73
2
  0
LWPOLYLINE
  5
976
330
17
100
AcDbEntity
  8
CORTE-RECORTE
100
AcDbPolyline
 90
4
 70
1
 10
492.13870000000003
 20
-110.6064
 10
492.3387
 20
-110.6064
 10
492.3387
 20
-109.58949999999999
 10
492.13870000000003
 20
-109.58949999999999
  0
TEXT
  5
977
330
17
100
AcDbEntity
  8
CORTE-TEXTO
100
AcDbText
 10
492.23870000000005
 20
-110.09795
 30
0.0
 40
0.035
  1
PA-R-022
 72
1
 11
492.23870000000005
 21
-110.09795
 31
0.0
100
AcDbText
 73
2
  0
LWPOLYLINE
  5
978
330
17
100
AcDbEntity
  8
CORTE-SOBRANTE
100
AcDbPolyline
 90
4
 70
1
 10
492.13870000000003
 20
-109.58949999999999
 10
492.3387
 20
-109.58949999999999
 10
492.3387
 20
-109.40639999999999
 10
492.13870000000003
 20
-109.40639999999999
  0
LWPOLYLINE
  5
979
330
17
100
AcDbEntity
  8
CORTE-TILE
100
AcDbPolyline
 90
4
 70
1
 10
492.7887
 20
-110.6064
 10
492.9887
 20
-110.6064
 10
492.9887
 20
-109.40639999999999
 10
492.7887
 20
-109.40639999999999
  0
TEXT
  5
97A
330
17
100
AcDbEntity
  8
CORTE-TEXTO
100
AcDbText
 10
492.88870000000003
 20
-109.26639999999999
 30
0.0
 40
0.06
  1
RW-50
 72
1
 11
492.88870000000003
 21
-109.26639999999999
 31
0.0
100
AcDbText
 73
2
  0
LWPOLYLINE
  5
97B
330
17
100
AcDbEntity
  8
CORTE-RECORTE
100
AcDbPolyline
 90
4
 70
1
 10
492.7887
 20
-110.6064
 10
492.9887
 20
-110.6064
 10
492.9887
 20
-109.5898
 10
492.7887
 20
-109.5898
  0
TEXT
  5
97C
330
17
100
AcDbEntity
  8
CORTE-TEXTO
100
AcDbText
 10
492.88870000000003
 20
-110.09809999999999
 30
0.0
 40
0.035
  1
PA-R-023
 72
1
 11
492.88870000000003
 21
-110.09809999999999
 31
0.0
100
AcDbText
 73
2
  0
LWPOLYLINE
  5
97D
330
17
100
AcDbEntity
  8
CORTE-SOBRANTE
100
AcDbPolyline
 90
4
 70
1
 10
492.7887
 20
-109.5898
 10
492.9887
 20
-109.5898
 10
492.9887
 20
-109.40639999999999
 10
492.7887
 20
-109.40639999999999
  0
LWPOLYLINE
  5
97E
330
17
100
AcDbEntity
  8
CORTE-TILE
100
AcDbPolyline
 90
4
 70
1
 10
493.4387
 20
-110.6064
 10
493.6387
 20
-110.6064
 10
493.6387
 20
-109.40639999999999
 10
493.4387
 20
-109.40639999999999
  0
TEXT
  5
97F
330
17
100
AcDbEntity
  8
CORTE-TEXTO
100
AcDbText
 10
493.5387
 20
-109.26639999999999
 30
0.0
 40
0.06
  1
RW-51
 72
1
 11
493.5387
 21
-109.26639999999999
 31
0.0
100
AcDbText
 73
2
  0
LWPOLYLINE
  5
980
330
17
100
AcDbEntity
  8
CORTE-RECORTE
100
AcDbPolyline
 90
4
 70
1
 10
493.4387
 20
-110.6064
 10
493.6387
 20
-110.6064
 10
493.6387
 20
-109.59009999999999
 10
493.4387
 20
-109.59009999999999
  0
TEXT
  5
981
330
17
100
AcDbEntity
  8
CORTE-TEXTO
100
AcDbText
 10
493.5387
 20
-110.09825
 30
0.0
 40
0.035
  1
PA-R-024
 72
1
 11
493.5387
 21
-110.09825
 31
0.0
100
AcDbText
 73
2
  0
LWPOLYLINE
  5
982
330
17
100
AcDbEntity
  8
CORTE-SOBRANTE
100
AcDbPolyline
 90
4
 70
1
 10
493.4387
 20
-109.59009999999999
 10
493.6387
 20
-109.59009999999999
 10
493.6387
 20
-109.40639999999999
 10
493.4387
 20
-109.40639999999999
  0
LWPOLYLINE
  5
983
330
17
100
AcDbEntity
  8
CORTE-TILE
100
AcDbPolyline
 90
4
 70
1
 10
494.0887
 20
-110.6064
 10
494.2887
 20
-110.6064
 10
494.2887
 20
-109.40639999999999
 10
494.0887
 20
-109.40639999999999
  0
TEXT
  5
984
330
17
100
AcDbEntity
  8
CORTE-TEXTO
100
AcDbText
 10
494.18870000000004
 20
-109.26639999999999
 30
0.0
 40
0.06
  1
RW-52
 72
1
 11
494.18870000000004
 21
-109.26639999999999
 31
0.0
100
AcDbText
 73
2
  0
LWPOLYLINE
  5
985
330
17
100
AcDbEntity
  8
CORTE-RECORTE
100
AcDbPolyline
 90
4
 70
1
 10
494.0887
 20
-110.6064
 10
494.2887
 20
-110.6064
 10
494.2887
 20
-109.59039999999999
 10
494.0887
 20
-109.59039999999999
  0
TEXT
  5
986
330
17
100
AcDbEntity
  8
CORTE-TEXTO
100
AcDbText
 10
494.18870000000004
 20
-110.0984
 30
0.0
 40
0.035
  1
PA-R-025
 72
1
 11
494.18870000000004
 21
-110.0984
 31
0.0
100
AcDbText
 73
2
  0
LWPOLYLINE
  5
987
330
17
100
AcDbEntity
  8
CORTE-SOBRANTE
100
AcDbPolyline
 90
4
 70
1
 10
494.0887
 20
-109.59039999999999
 10
494.2887
 20
-109.59039999999999
 10
494.2887
 20
-109.40639999999999
 10
494.0887
 20
-109.40639999999999
  0
LWPOLYLINE
  5
988
330
17
100
AcDbEntity
  8
CORTE-TILE
100
AcDbPolyline
 90
4
 70
1
 10
494.7387
 20
-110.6064
 10
494.9387
 20
-110.6064
 10
494.9387
 20
-109.40639999999999
 10
494.7387
 20
-109.40639999999999
  0
TEXT
  5
989
330
17
100
AcDbEntity
  8
CORTE-TEXTO
100
AcDbText
 10
494.8387
 20
-109.26639999999999
 30
0.0
 40
0.06
  1
RW-53
 72
1
 11
494.8387
 21
-109.26639999999999
 31
0.0
100
AcDbText
 73
2
  0
LWPOLYLINE
  5
98A
330
17
100
AcDbEntity
  8
CORTE-RECORTE
100
AcDbPolyline
 90
4
 70
1
 10
494.7387
 20
-110.6064
 10
494.9387
 20
-110.6064
 10
494.9387
 20
-109.5907
 10
494.7387
 20
-109.5907
  0
TEXT
  5
98B
330
17
100
AcDbEntity
  8
CORTE-TEXTO
100
AcDbText
 10
494.8387
 20
-110.09854999999999
 30
0.0
 40
0.035
  1
PA-R-026
 72
1
 11
494.8387
 21
-110.09854999999999
 31
0.0
100
AcDbText
 73
2
  0
LWPOLYLINE
  5
98C
330
17
100
AcDbEntity
  8
CORTE-SOBRANTE
100
AcDbPolyline
 90
4
 70
1
 10
494.7387
 20
-109.5907
 10
494.9387
 20
-109.5907
 10
494.9387
 20
-109.4064
 10
494.7387
 20
-109.4064
  0
LWPOLYLINE
  5
98D
330
17
100
AcDbEntity
  8
CORTE-TILE
100
AcDbPolyline
 90
4
 70
1
 10
495.38870000000003
 20
-110.6064
 10
495.5887
 20
-110.6064
 10
495.5887
 20
-109.40639999999999
 10
495.38870000000003
 20
-109.40639999999999
  0
TEXT
  5
98E
330
17
100
AcDbEntity
  8
CORTE-TEXTO
100
AcDbText
 10
495.48870000000005
 20
-109.26639999999999
 30
0.0
 40
0.06
  1
RW-54
 72
1
 11
495.48870000000005
 21
-109.26639999999999
 31
0.0
100
AcDbText
 73
2
  0
LWPOLYLINE
  5
98F
330
17
100
AcDbEntity
  8
CORTE-RECORTE
100
AcDbPolyline
 90
4
 70
1
 10
495.38870000000003
 20
-110.6064
 10
495.56570000000005
 20
-110.6064
 10
495.56570000000005
 20
-109.5569
 10
495.38870000000003
 20
-109.5569
  0
TEXT
  5
990
330
17
100
AcDbEntity
  8
CORTE-TEXTO
100
AcDbText
 10
495.47720000000004
 20
-110.08165
 30
0.0
 40
0.035
  1
PA-R-126
 72
1
 11
495.47720000000004
 21
-110.08165
 31
0.0
100
AcDbText
 73
2
  0
LWPOLYLINE
  5
991
330
17
100
AcDbEntity
  8
CORTE-SOBRANTE
100
AcDbPolyline
 90
4
 70
1
 10
495.38870000000003
 20
-109.5569
 10
495.5887
 20
-109.5569
 10
495.5887
 20
-109.4064
 10
495.38870000000003
 20
-109.4064
  0
LWPOLYLINE
  5
992
330
17
100
AcDbEntity
  8
CORTE-DESPERDICIO
100
AcDbPolyline
 90
4
 70
1
 10
495.56570000000005
 20
-110.6064
 10
495.5887000000001
 20
-110.6064
 10
495.5887000000001
 20
-109.5569
 10
495.56570000000005
 20
-109.5569
  0
LWPOLYLINE
  5
993
330
17
100
AcDbEntity
  8
CORTE-TILE
100
AcDbPolyline
 90
4
 70
1
 10
496.0387
 20
-110.6064
 10
496.2387
 20
-110.6064
 10
496.2387
 20
-109.40639999999999
 10
496.0387
 20
-109.40639999999999
  0
TEXT
  5
994
330
17
100
AcDbEntity
  8
CORTE-TEXTO
100
AcDbText
 10
496.13870000000003
 20
-109.26639999999999
 30
0.0
 40
0.06
  1
RW-55
 72
1
 11
496.13870000000003
 21
-109.26639999999999
 31
0.0
100
AcDbText
 73
2
  0
LWPOLYLINE
  5
995
330
17
100
AcDbEntity
  8
CORTE-RECORTE
100
AcDbPolyline
 90
4
 70
1
 10
496.0387
 20
-110.6064
 10
496.2157
 20
-110.6064
 10
496.2157
 20
-109.58909999999999
 10
496.0387
 20
-109.58909999999999
  0
TEXT
  5
996
330
17
100
AcDbEntity
  8
CORTE-TEXTO
100
AcDbText
 10
496.1272
 20
-110.09774999999999
 30
0.0
 40
0.035
  1
PA-R-020
 72
1
 11
496.1272
 21
-110.09774999999999
 31
0.0
100
AcDbText
 73
2
  0
LWPOLYLINE
  5
997
330
17
100
AcDbEntity
  8
CORTE-SOBRANTE
100
AcDbPolyline
 90
4
 70
1
 10
496.0387
 20
-109.58909999999999
 10
496.2387
 20
-109.58909999999999
 10
496.2387
 20
-109.40639999999999
 10
496.0387
 20
-109.40639999999999
  0
LWPOLYLINE
  5
998
330
17
100
AcDbEntity
  8
CORTE-DESPERDICIO
100
AcDbPolyline
 90
4
 70
1
 10
496.2157
 20
-110.6064
 10
496.23870000000005
 20
-110.6064
 10
496.23870000000005
 20
-109.58909999999999
 10
496.2157
 20
-109.58909999999999
  0
LWPOLYLINE
  5
999
330
17
100
AcDbEntity
  8
CORTE-TILE
100
AcDbPolyline
 90
4
 70
1
 10
496.6887
 20
-110.6064
 10
496.8887
 20
-110.6064
 10
496.8887
 20
-109.40639999999999
 10
496.6887
 20
-109.40639999999999
  0
TEXT
  5
99A
330
17
100
AcDbEntity
  8
CORTE-TEXTO
100
AcDbText
 10
496.7887
 20
-109.26639999999999
 30
0.0
 40
0.06
  1
RW-56
 72
1
 11
496.7887
 21
-109.26639999999999
 31
0.0
100
AcDbText
 73
2
  0
LWPOLYLINE
  5
99B
330
17
100
AcDbEntity
  8
CORTE-RECORTE
100
AcDbPolyline
 90
4
 70
1
 10
496.6887
 20
-110.6064
 10
496.8887
 20
-110.6064
 10
496.8887
 20
-110.00689999999999
 10
496.6887
 20
-110.00689999999999
  0
TEXT
  5
99C
330
17
100
AcDbEntity
  8
CORTE-TEXTO
100
AcDbText
 10
496.7887
 20
-110.30664999999999
 30
0.0
 40
0.035
  1
PA-R-110
 72
1
 11
496.7887
 21
-110.30664999999999
 31
0.0
100
AcDbText
 73
2
  0
LWPOLYLINE
  5
99D
330
17
100
AcDbEntity
  8
CORTE-RECORTE
100
AcDbPolyline
 90
4
 70
1
 10
496.6887
 20
-110.00689999999999
 10
496.8887
 20
-110.00689999999999
 10
496.8887
 20
-109.40739999999998
 10
496.6887
 20
-109.40739999999998
  0
TEXT
  5
99E
330
17
100
AcDbEntity
  8
CORTE-TEXTO
100
AcDbText
 10
496.7887
 20
-109.70714999999998
 30
0.0
 40
0.035
  1
PA-R-109
 72
1
 11
496.7887
 21
-109.70714999999998
 31
0.0
100
AcDbText
 73
2
  0
LWPOLYLINE
  5
99F
330
17
100
AcDbEntity
  8
CORTE-TILE
100
AcDbPolyline
 90
4
 70
1
 10
497.3387
 20
-110.6064
 10
497.5387
 20
-110.6064
 10
497.5387
 20
-109.40639999999999
 10
497.3387
 20
-109.40639999999999
  0
TEXT
  5
9A0
330
17
100
AcDbEntity
  8
CORTE-TEXTO
100
AcDbText
 10
497.43870000000004
 20
-109.26639999999999
 30
0.0
 40
0.06
  1
RW-57
 72
1
 11
497.43870000000004
 21
-109.26639999999999
 31
0.0
100
AcDbText
 73
2
  0
LWPOLYLINE
  5
9A1
330
17
100
AcDbEntity
  8
CORTE-RECORTE
100
AcDbPolyline
 90
4
 70
1
 10
497.3387
 20
-110.6064
 10
497.5387
 20
-110.6064
 10
497.5387
 20
-110.00689999999999
 10
497.3387
 20
-110.00689999999999
  0
TEXT
  5
9A2
330
17
100
AcDbEntity
  8
CORTE-TEXTO
100
AcDbText
 10
497.43870000000004
 20
-110.30664999999999
 30
0.0
 40
0.035
  1
PA-R-142
 72
1
 11
497.43870000000004
 21
-110.30664999999999
 31
0.0
100
AcDbText
 73
2
  0
LWPOLYLINE
  5
9A3
330
17
100
AcDbEntity
  8
CORTE-RECORTE
100
AcDbPolyline
 90
4
 70
1
 10
497.3387
 20
-110.00689999999999
 10
497.5387
 20
-110.00689999999999
 10
497.5387
 20
-109.40739999999998
 10
497.3387
 20
-109.40739999999998
  0
TEXT
  5
9A4
330
17
100
AcDbEntity
  8
CORTE-TEXTO
100
AcDbText
 10
497.43870000000004
 20
-109.70714999999998
 30
0.0
 40
0.035
  1
PA-R-141
 72
1
 11
497.43870000000004
 21
-109.70714999999998
 31
0.0
100
AcDbText
 73
2
  0
LWPOLYLINE
  5
9A5
330
17
100
AcDbEntity
  8
CORTE-TILE
100
AcDbPolyline
 90
4
 70
1
 10
497.9887
 20
-110.6064
 10
498.1887
 20
-110.6064
 10
498.1887
 20
-109.40639999999999
 10
497.9887
 20
-109.40639999999999
  0
TEXT
  5
9A6
330
17
100
AcDbEntity
  8
CORTE-TEXTO
100
AcDbText
 10
498.0887
 20
-109.26639999999999
 30
0.0
 40
0.06
  1
RW-58
 72
1
 11
498.0887
 21
-109.26639999999999
 31
0.0
100
AcDbText
 73
2
  0
LWPOLYLINE
  5
9A7
330
17
100
AcDbEntity
  8
CORTE-RECORTE
100
AcDbPolyline
 90
4
 70
1
 10
497.9887
 20
-110.6064
 10
498.1887
 20
-110.6064
 10
498.1887
 20
-110.00689999999999
 10
497.9887
 20
-110.00689999999999
  0
TEXT
  5
9A8
330
17
100
AcDbEntity
  8
CORTE-TEXTO
100
AcDbText
 10
498.0887
 20
-110.30664999999999
 30
0.0
 40
0.035
  1
PA-R-140
 72
1
 11
498.0887
 21
-110.30664999999999
 31
0.0
100
AcDbText
 73
2
  0
LWPOLYLINE
  5
9A9
330
17
100
AcDbEntity
  8
CORTE-RECORTE
100
AcDbPolyline
 90
4
 70
1
 10
497.9887
 20
-110.00689999999999
 10
498.1887
 20
-110.00689999999999
 10
498.1887
 20
-109.40889999999999
 10
497.9887
 20
-109.40889999999999
  0
TEXT
  5
9AA
330
17
100
AcDbEntity
  8
CORTE-TEXTO
100
AcDbText
 10
498.0887
 20
-109.70789999999998
 30
0.0
 40
0.035
  1
PA-R-108
 72
1
 11
498.0887
 21
-109.70789999999998
 31
0.0
100
AcDbText
 73
2
  0
LWPOLYLINE
  5
9AB
330
17
100
AcDbEntity
  8
CORTE-TILE
100
AcDbPolyline
 90
4
 70
1
 10
498.63870000000003
 20
-110.6064
 10
498.8387
 20
-110.6064
 10
498.8387
 20
-109.40639999999999
 10
498.63870000000003
 20
-109.40639999999999
  0
TEXT
  5
9AC
330
17
100
AcDbEntity
  8
CORTE-TEXTO
100
AcDbText
 10
498.73870000000005
 20
-109.26639999999999
 30
0.0
 40
0.06
  1
RW-59
 72
1
 11
498.73870000000005
 21
-109.26639999999999
 31
0.0
100
AcDbText
 73
2
  0
LWPOLYLINE
  5
9AD
330
17
100
AcDbEntity
  8
CORTE-RECORTE
100
AcDbPolyline
 90
4
 70
1
 10
498.63870000000003
 20
-110.6064
 10
498.8387
 20
-110.6064
 10
498.8387
 20
-110.0959
 10
498.63870000000003
 20
-110.0959
  0
TEXT
  5
9AE
330
17
100
AcDbEntity
  8
CORTE-TEXTO
100
AcDbText
 10
498.73870000000005
 20
-110.35114999999999
 30
0.0
 40
0.035
  1
PA-R-148
 72
1
 11
498.73870000000005
 21
-110.35114999999999
 31
0.0
100
AcDbText
 73
2
  0
LWPOLYLINE
  5
9AF
330
17
100
AcDbEntity
  8
CORTE-RECORTE
100
AcDbPolyline
 90
4
 70
1
 10
498.63870000000003
 20
-110.0959
 10
498.8387
 20
-110.0959
 10
498.8387
 20
-109.5854
 10
498.63870000000003
 20
-109.5854
  0
TEXT
  5
9B0
330
17
100
AcDbEntity
  8
CORTE-TEXTO
100
AcDbText
 10
498.73870000000005
 20
-109.84065
 30
0.0
 40
0.035
  1
PA-R-147
 72
1
 11
498.73870000000005
 21
-109.84065
 31
0.0
100
AcDbText
 73
2
  0
LWPOLYLINE
  5
9B1
330
17
100
AcDbEntity
  8
CORTE-SOBRANTE
100
AcDbPolyline
 90
4
 70
1
 10
498.63870000000003
 20
-109.58539999999999
 10
498.8387
 20
-109.58539999999999
 10
498.8387
 20
-109.40639999999999
 10
498.63870000000003
 20
-109.40639999999999
  0
LWPOLYLINE
  5
9B2
330
17
100
AcDbEntity
  8
CORTE-TILE
100
AcDbPolyline
 90
4
 70
1
 10
499.2887
 20
-110.6064
 10
499.4887
 20
-110.6064
 10
499.4887
 20
-109.40639999999999
 10
499.2887
 20
-109.40639999999999
  0
TEXT
  5
9B3
330
17
100
AcDbEntity
  8
CORTE-TEXTO
100
AcDbText
 10
499.38870000000003
 20
-109.26639999999999
 30
0.0
 40
0.06
  1
RW-60
 72
1
 11
499.38870000000003
 21
-109.26639999999999
 31
0.0
100
AcDbText
 73
2
  0
LWPOLYLINE
  5
9B4
330
17
100
AcDbEntity
  8
CORTE-RECORTE
100
AcDbPolyline
 90
4
 70
1
 10
499.2887
 20
-110.6064
 10
499.4887
 20
-110.6064
 10
499.4887
 20
-110.0959
 10
499.2887
 20
-110.0959
  0
TEXT
  5
9B5
330
17
100
AcDbEntity
  8
CORTE-TEXTO
100
AcDbText
 10
499.38870000000003
 20
-110.35114999999999
 30
0.0
 40
0.035
  1
PA-R-146
 72
1
 11
499.38870000000003
 21
-110.35114999999999
 31
0.0
100
AcDbText
 73
2
  0
LWPOLYLINE
  5
9B6
330
17
100
AcDbEntity
  8
CORTE-RECORTE
100
AcDbPolyline
 90
4
 70
1
 10
499.2887
 20
-110.0959
 10
499.4887
 20
-110.0959
 10
499.4887
 20
-109.5854
 10
499.2887
 20
-109.5854
  0
TEXT
  5
9B7
330
17
100
AcDbEntity
  8
CORTE-TEXTO
100
AcDbText
 10
499.38870000000003
 20
-109.84065
 30
0.0
 40
0.035
  1
PA-R-145
 72
1
 11
499.38870000000003
 21
-109.84065
 31
0.0
100
AcDbText
 73
2
  0
LWPOLYLINE
  5
9B8
330
17
100
AcDbEntity
  8
CORTE-SOBRANTE
100
AcDbPolyline
 90
4
 70
1
 10
499.2887
 20
-109.58539999999999
 10
499.4887
 20
-109.58539999999999
 10
499.4887
 20
-109.40639999999999
 10
499.2887
 20
-109.40639999999999
  0
LWPOLYLINE
  5
9B9
330
17
100
AcDbEntity
  8
CORTE-TILE
100
AcDbPolyline
 90
4
 70
1
 10
499.9387
 20
-110.6064
 10
500.1387
 20
-110.6064
 10
500.1387
 20
-109.40639999999999
 10
499.9387
 20
-109.40639999999999
  0
TEXT
  5
9BA
330
17
100
AcDbEntity
  8
CORTE-TEXTO
100
AcDbText
 10
500.0387
 20
-109.26639999999999
 30
0.0
 40
0.06
  1
RW-61
 72
1
 11
500.0387
 21
-109.26639999999999
 31
0.0
100
AcDbText
 73
2
  0
LWPOLYLINE
  5
9BB
330
17
100
AcDbEntity
  8
CORTE-RECORTE
100
AcDbPolyline
 90
4
 70
1
 10
499.9387
 20
-110.6064
 10
500.1387
 20
-110.6064
 10
500.1387
 20
-110.0959
 10
499.9387
 20
-110.0959
  0
TEXT
  5
9BC
330
17
100
AcDbEntity
  8
CORTE-TEXTO
100
AcDbText
 10
500.0387
 20
-110.35114999999999
 30
0.0
 40
0.035
  1
PA-R-144
 72
1
 11
500.0387
 21
-110.35114999999999
 31
0.0
100
AcDbText
 73
2
  0
LWPOLYLINE
  5
9BD
330
17
100
AcDbEntity
  8
CORTE-RECORTE
100
AcDbPolyline
 90
4
 70
1
 10
499.9387
 20
-110.0959
 10
500.1387
 20
-110.0959
 10
500.1387
 20
-109.5854
 10
499.9387
 20
-109.5854
  0
TEXT
  5
9BE
330
17
100
AcDbEntity
  8
CORTE-TEXTO
100
AcDbText
 10
500.0387
 20
-109.84065
 30
0.0
 40
0.035
  1
PA-R-143
 72
1
 11
500.0387
 21
-109.84065
 31
0.0
100
AcDbText
 73
2
  0
LWPOLYLINE
  5
9BF
330
17
100
AcDbEntity
  8
CORTE-SOBRANTE
100
AcDbPolyline
 90
4
 70
1
 10
499.9387
 20
-109.58539999999999
 10
500.1387
 20
-109.58539999999999
 10
500.1387
 20
-109.40639999999999
 10
499.9387
 20
-109.40639999999999
  0
LWPOLYLINE
  5
9C0
330
17
100
AcDbEntity
  8
CORTE-TILE
100
AcDbPolyline
 90
4
 70
1
 10
500.5887
 20
-110.6064
 10
500.7887
 20
-110.6064
 10
500.7887
 20
-109.40639999999999
 10
500.5887
 20
-109.40639999999999
  0
TEXT
  5
9C1
330
17
100
AcDbEntity
  8
CORTE-TEXTO
100
AcDbText
 10
500.68870000000004
 20
-109.26639999999999
 30
0.0
 40
0.06
  1
RW-62
 72
1
 11
500.68870000000004
 21
-109.26639999999999
 31
0.0
100
AcDbText
 73
2
  0
LWPOLYLINE
  5
9C2
330
17
100
AcDbEntity
  8
CORTE-RECORTE
100
AcDbPolyline
 90
4
 70
1
 10
500.5887
 20
-110.6064
 10
500.7887
 20
-110.6064
 10
500.7887
 20
-110.09679999999999
 10
500.5887
 20
-110.09679999999999
  0
TEXT
  5
9C3
330
17
100
AcDbEntity
  8
CORTE-TEXTO
100
AcDbText
 10
500.68870000000004
 20
-110.35159999999999
 30
0.0
 40
0.035
  1
PA-R-107
 72
1
 11
500.68870000000004
 21
-110.35159999999999
 31
0.0
100
AcDbText
 73
2
  0
LWPOLYLINE
  5
9C4
330
17
100
AcDbEntity
  8
CORTE-RECORTE
100
AcDbPolyline
 90
4
 70
1
 10
500.5887
 20
-110.09679999999999
 10
500.7887
 20
-110.09679999999999
 10
500.7887
 20
-109.58719999999998
 10
500.5887
 20
-109.58719999999998
  0
TEXT
  5
9C5
330
17
100
AcDbEntity
  8
CORTE-TEXTO
100
AcDbText
 10
500.68870000000004
 20
-109.84199999999998
 30
0.0
 40
0.035
  1
PA-R-106
 72
1
 11
500.68870000000004
 21
-109.84199999999998
 31
0.0
100
AcDbText
 73
2
  0
LWPOLYLINE
  5
9C6
330
17
100
AcDbEntity
  8
CORTE-SOBRANTE
100
AcDbPolyline
 90
4
 70
1
 10
500.5887
 20
-109.5872
 10
500.7887
 20
-109.5872
 10
500.7887
 20
-109.40639999999999
 10
500.5887
 20
-109.40639999999999
  0
LWPOLYLINE
  5
9C7
330
17
100
AcDbEntity
  8
CORTE-TILE
100
AcDbPolyline
 90
4
 70
1
 10
501.2387
 20
-110.6064
 10
501.4387
 20
-110.6064
 10
501.4387
 20
-109.40639999999999
 10
501.2387
 20
-109.40639999999999
  0
TEXT
  5
9C8
330
17
100
AcDbEntity
  8
CORTE-TEXTO
100
AcDbText
 10
501.3387
 20
-109.26639999999999
 30
0.0
 40
0.06
  1
RW-63
 72
1
 11
501.3387
 21
-109.26639999999999
 31
0.0
100
AcDbText
 73
2
  0
LWPOLYLINE
  5
9C9
330
17
100
AcDbEntity
  8
CORTE-RECORTE
100
AcDbPolyline
 90
4
 70
1
 10
501.2387
 20
-110.6064
 10
501.4387
 20
-110.6064
 10
501.4387
 20
-110.09679999999999
 10
501.2387
 20
-110.09679999999999
  0
TEXT
  5
9CA
330
17
100
AcDbEntity
  8
CORTE-TEXTO
100
AcDbText
 10
501.3387
 20
-110.35159999999999
 30
0.0
 40
0.035
  1
PA-R-105
 72
1
 11
501.3387
 21
-110.35159999999999
 31
0.0
100
AcDbText
 73
2
  0
LWPOLYLINE
  5
9CB
330
17
100
AcDbEntity
  8
CORTE-RECORTE
100
AcDbPolyline
 90
4
 70
1
 10
501.2387
 20
-110.09679999999999
 10
501.4387
 20
-110.09679999999999
 10
501.4387
 20
-109.58719999999998
 10
501.2387
 20
-109.58719999999998
  0
TEXT
  5
9CC
330
17
100
AcDbEntity
  8
CORTE-TEXTO
100
AcDbText
 10
501.3387
 20
-109.84199999999998
 30
0.0
 40
0.035
  1
PA-R-104
 72
1
 11
501.3387
 21
-109.84199999999998
 31
0.0
100
AcDbText
 73
2
  0
LWPOLYLINE
  5
9CD
330
17
100
AcDbEntity
  8
CORTE-SOBRANTE
100
AcDbPolyline
 90
4
 70
1
 10
501.2387
 20
-109.5872
 10
501.4387
 20
-109.5872
 10
501.4387
 20
-109.40639999999999
 10
501.2387
 20
-109.40639999999999
  0
LWPOLYLINE
  5
9CE
330
17
100
AcDbEntity
  8
CORTE-TILE
100
AcDbPolyline
 90
4
 70
1
 10
501.88870000000003
 20
-110.6064
 10
502.0887
 20
-110.6064
 10
502.0887
 20
-109.40639999999999
 10
501.88870000000003
 20
-109.40639999999999
  0
TEXT
  5
9CF
330
17
100
AcDbEntity
  8
CORTE-TEXTO
100
AcDbText
 10
501.98870000000005
 20
-109.26639999999999
 30
0.0
 40
0.06
  1
RW-64
 72
1
 11
501.98870000000005
 21
-109.26639999999999
 31
0.0
100
AcDbText
 73
2
  0
LWPOLYLINE
  5
9D0
330
17
100
AcDbEntity
  8
CORTE-RECORTE
100
AcDbPolyline
 90
4
 70
1
 10
501.88870000000003
 20
-110.6064
 10
502.0887
 20
-110.6064
 10
502.0887
 20
-110.09679999999999
 10
501.88870000000003
 20
-110.09679999999999
  0
TEXT
  5
9D1
330
17
100
AcDbEntity
  8
CORTE-TEXTO
100
AcDbText
 10
501.98870000000005
 20
-110.35159999999999
 30
0.0
 40
0.035
  1
PA-R-103
 72
1
 11
501.98870000000005
 21
-110.35159999999999
 31
0.0
100
AcDbText
 73
2
  0
LWPOLYLINE
  5
9D2
330
17
100
AcDbEntity
  8
CORTE-RECORTE
100
AcDbPolyline
 90
4
 70
1
 10
501.88870000000003
 20
-110.09679999999999
 10
502.0887
 20
-110.09679999999999
 10
502.0887
 20
-109.58719999999998
 10
501.88870000000003
 20
-109.58719999999998
  0
TEXT
  5
9D3
330
17
100
AcDbEntity
  8
CORTE-TEXTO
100
AcDbText
 10
501.98870000000005
 20
-109.84199999999998
 30
0.0
 40
0.035
  1
PA-R-102
 72
1
 11
501.98870000000005
 21
-109.84199999999998
 31
0.0
100
AcDbText
 73
2
  0
LWPOLYLINE
  5
9D4
330
17
100
AcDbEntity
  8
CORTE-SOBRANTE
100
AcDbPolyline
 90
4
 70
1
 10
501.88870000000003
 20
-109.5872
 10
502.0887
 20
-109.5872
 10
502.0887
 20
-109.40639999999999
 10
501.88870000000003
 20
-109.40639999999999
  0
LWPOLYLINE
  5
9D5
330
17
100
AcDbEntity
  8
CORTE-TILE
100
AcDbPolyline
 90
4
 70
1
 10
502.5387
 20
-110.6064
 10
502.7387
 20
-110.6064
 10
502.7387
 20
-109.40639999999999
 10
502.5387
 20
-109.40639999999999
  0
TEXT
  5
9D6
330
17
100
AcDbEntity
  8
CORTE-TEXTO
100
AcDbText
 10
502.63870000000003
 20
-109.26639999999999
 30
0.0
 40
0.06
  1
RW-65
 72
1
 11
502.63870000000003
 21
-109.26639999999999
 31
0.0
100
AcDbText
 73
2
  0
LWPOLYLINE
  5
9D7
330
17
100
AcDbEntity
  8
CORTE-RECORTE
100
AcDbPolyline
 90
4
 70
1
 10
502.5387
 20
-110.6064
 10
502.7387
 20
-110.6064
 10
502.7387
 20
-110.09679999999999
 10
502.5387
 20
-110.09679999999999
  0
TEXT
  5
9D8
330
17
100
AcDbEntity
  8
CORTE-TEXTO
100
AcDbText
 10
502.63870000000003
 20
-110.35159999999999
 30
0.0
 40
0.035
  1
PA-R-101
 72
1
 11
502.63870000000003
 21
-110.35159999999999
 31
0.0
100
AcDbText
 73
2
  0
LWPOLYLINE
  5
9D9
330
17
100
AcDbEntity
  8
CORTE-RECORTE
100
AcDbPolyline
 90
4
 70
1
 10
502.5387
 20
-110.09679999999999
 10
502.7387
 20
-110.09679999999999
 10
502.7387
 20
-109.58719999999998
 10
502.5387
 20
-109.58719999999998
  0
TEXT
  5
9DA
330
17
100
AcDbEntity
  8
CORTE-TEXTO
100
AcDbText
 10
502.63870000000003
 20
-109.84199999999998
 30
0.0
 40
0.035
  1
PA-R-100
 72
1
 11
502.63870000000003
 21
-109.84199999999998
 31
0.0
100
AcDbText
 73
2
  0
LWPOLYLINE
  5
9DB
330
17
100
AcDbEntity
  8
CORTE-SOBRANTE
100
AcDbPolyline
 90
4
 70
1
 10
502.5387
 20
-109.5872
 10
502.7387
 20
-109.5872
 10
502.7387
 20
-109.40639999999999
 10
502.5387
 20
-109.40639999999999
  0
LWPOLYLINE
  5
9DC
330
17
100
AcDbEntity
  8
CORTE-TILE
100
AcDbPolyline
 90
4
 70
1
 10
503.1887
 20
-110.6064
 10
503.3887
 20
-110.6064
 10
503.3887
 20
-109.40639999999999
 10
503.1887
 20
-109.40639999999999
  0
TEXT
  5
9DD
330
17
100
AcDbEntity
  8
CORTE-TEXTO
100
AcDbText
 10
503.2887
 20
-109.26639999999999
 30
0.0
 40
0.06
  1
RW-66
 72
1
 11
503.2887
 21
-109.26639999999999
 31
0.0
100
AcDbText
 73
2
  0
LWPOLYLINE
  5
9DE
330
17
100
AcDbEntity
  8
CORTE-RECORTE
100
AcDbPolyline
 90
4
 70
1
 10
503.1887
 20
-110.6064
 10
503.3887
 20
-110.6064
 10
503.3887
 20
-110.09679999999999
 10
503.1887
 20
-110.09679999999999
  0
TEXT
  5
9DF
330
17
100
AcDbEntity
  8
CORTE-TEXTO
100
AcDbText
 10
503.2887
 20
-110.35159999999999
 30
0.0
 40
0.035
  1
PA-R-099
 72
1
 11
503.2887
 21
-110.35159999999999
 31
0.0
100
AcDbText
 73
2
  0
LWPOLYLINE
  5
9E0
330
17
100
AcDbEntity
  8
CORTE-RECORTE
100
AcDbPolyline
 90
4
 70
1
 10
503.1887
 20
-110.09679999999999
 10
503.3887
 20
-110.09679999999999
 10
503.3887
 20
-109.58719999999998
 10
503.1887
 20
-109.58719999999998
  0
TEXT
  5
9E1
330
17
100
AcDbEntity
  8
CORTE-TEXTO
100
AcDbText
 10
503.2887
 20
-109.84199999999998
 30
0.0
 40
0.035
  1
PA-R-098
 72
1
 11
503.2887
 21
-109.84199999999998
 31
0.0
100
AcDbText
 73
2
  0
LWPOLYLINE
  5
9E2
330
17
100
AcDbEntity
  8
CORTE-SOBRANTE
100
AcDbPolyline
 90
4
 70
1
 10
503.1887
 20
-109.5872
 10
503.3887
 20
-109.5872
 10
503.3887
 20
-109.40639999999999
 10
503.1887
 20
-109.40639999999999
  0
LWPOLYLINE
  5
9E3
330
17
100
AcDbEntity
  8
CORTE-TILE
100
AcDbPolyline
 90
4
 70
1
 10
489.5387
 20
-112.50639999999999
 10
489.7387
 20
-112.50639999999999
 10
489.7387
 20
-111.30639999999998
 10
489.5387
 20
-111.30639999999998
  0
TEXT
  5
9E4
330
17
100
AcDbEntity
  8
CORTE-TEXTO
100
AcDbText
 10
489.63870000000003
 20
-111.16639999999998
 30
0.0
 40
0.06
  1
RW-67
 72
1
 11
489.63870000000003
 21
-111.16639999999998
 31
0.0
100
AcDbText
 73
2
  0
LWPOLYLINE
  5
9E5
330
17
100
AcDbEntity
  8
CORTE-RECORTE
100
AcDbPolyline
 90
4
 70
1
 10
489.5387
 20
-112.50639999999999
 10
489.7387
 20
-112.50639999999999
 10
489.7387
 20
-111.99989999999998
 10
489.5387
 20
-111.99989999999998
  0
TEXT
  5
9E6
330
17
100
AcDbEntity
  8
CORTE-TEXTO
100
AcDbText
 10
489.63870000000003
 20
-112.25314999999999
 30
0.0
 40
0.035
  1
PA-R-206
 72
1
 11
489.63870000000003
 21
-112.25314999999999
 31
0.0
100
AcDbText
 73
2
  0
LWPOLYLINE
  5
9E7
330
17
100
AcDbEntity
  8
CORTE-RECORTE
100
AcDbPolyline
 90
4
 70
1
 10
489.5387
 20
-111.99989999999998
 10
489.7387
 20
-111.99989999999998
 10
489.7387
 20
-111.49339999999998
 10
489.5387
 20
-111.49339999999998
  0
TEXT
  5
9E8
330
17
100
AcDbEntity
  8
CORTE-TEXTO
100
AcDbText
 10
489.63870000000003
 20
-111.74664999999999
 30
0.0
 40
0.035
  1
PA-R-205
 72
1
 11
489.63870000000003
 21
-111.74664999999999
 31
0.0
100
AcDbText
 73
2
  0
LWPOLYLINE
  5
9E9
330
17
100
AcDbEntity
  8
CORTE-SOBRANTE
100
AcDbPolyline
 90
4
 70
1
 10
489.5387
 20
-111.49339999999998
 10
489.7387
 20
-111.49339999999998
 10
489.7387
 20
-111.30639999999998
 10
489.5387
 20
-111.30639999999998
  0
LWPOLYLINE
  5
9EA
330
17
100
AcDbEntity
  8
CORTE-TILE
100
AcDbPolyline
 90
4
 70
1
 10
490.1887
 20
-112.50639999999999
 10
490.3887
 20
-112.50639999999999
 10
490.3887
 20
-111.30639999999998
 10
490.1887
 20
-111.30639999999998
  0
TEXT
  5
9EB
330
17
100
AcDbEntity
  8
CORTE-TEXTO
100
AcDbText
 10
490.2887
 20
-111.16639999999998
 30
0.0
 40
0.06
  1
RW-68
 72
1
 11
490.2887
 21
-111.16639999999998
 31
0.0
100
AcDbText
 73
2
  0
LWPOLYLINE
  5
9EC
330
17
100
AcDbEntity
  8
CORTE-RECORTE
100
AcDbPolyline
 90
4
 70
1
 10
490.1887
 20
-112.50639999999999
 10
490.3887
 20
-112.50639999999999
 10
490.3887
 20
-111.99989999999998
 10
490.1887
 20
-111.99989999999998
  0
TEXT
  5
9ED
330
17
100
AcDbEntity
  8
CORTE-TEXTO
100
AcDbText
 10
490.2887
 20
-112.25314999999999
 30
0.0
 40
0.035
  1
PA-R-204
 72
1
 11
490.2887
 21
-112.25314999999999
 31
0.0
100
AcDbText
 73
2
  0
LWPOLYLINE
  5
9EE
330
17
100
AcDbEntity
  8
CORTE-RECORTE
100
AcDbPolyline
 90
4
 70
1
 10
490.1887
 20
-111.99989999999998
 10
490.3887
 20
-111.99989999999998
 10
490.3887
 20
-111.49339999999998
 10
490.1887
 20
-111.49339999999998
  0
TEXT
  5
9EF
330
17
100
AcDbEntity
  8
CORTE-TEXTO
100
AcDbText
 10
490.2887
 20
-111.74664999999999
 30
0.0
 40
0.035
  1
PA-R-203
 72
1
 11
490.2887
 21
-111.74664999999999
 31
0.0
100
AcDbText
 73
2
  0
LWPOLYLINE
  5
9F0
330
17
100
AcDbEntity
  8
CORTE-SOBRANTE
100
AcDbPolyline
 90
4
 70
1
 10
490.1887
 20
-111.49339999999998
 10
490.3887
 20
-111.49339999999998
 10
490.3887
 20
-111.30639999999998
 10
490.1887
 20
-111.30639999999998
  0
LWPOLYLINE
  5
9F1
330
17
100
AcDbEntity
  8
CORTE-TILE
100
AcDbPolyline
 90
4
 70
1
 10
490.8387
 20
-112.50639999999999
 10
491.0387
 20
-112.50639999999999
 10
491.0387
 20
-111.30639999999998
 10
490.8387
 20
-111.30639999999998
  0
TEXT
  5
9F2
330
17
100
AcDbEntity
  8
CORTE-TEXTO
100
AcDbText
 10
490.93870000000004
 20
-111.16639999999998
 30
0.0
 40
0.06
  1
RW-69
 72
1
 11
490.93870000000004
 21
-111.16639999999998
 31
0.0
100
AcDbText
 73
2
  0
LWPOLYLINE
  5
9F3
330
17
100
AcDbEntity
  8
CORTE-RECORTE
100
AcDbPolyline
 90
4
 70
1
 10
490.8387
 20
-112.50639999999999
 10
491.0387
 20
-112.50639999999999
 10
491.0387
 20
-111.99989999999998
 10
490.8387
 20
-111.99989999999998
  0
TEXT
  5
9F4
330
17
100
AcDbEntity
  8
CORTE-TEXTO
100
AcDbText
 10
490.93870000000004
 20
-112.25314999999999
 30
0.0
 40
0.035
  1
PA-R-202
 72
1
 11
490.93870000000004
 21
-112.25314999999999
 31
0.0
100
AcDbText
 73
2
  0
LWPOLYLINE
  5
9F5
330
17
100
AcDbEntity
  8
CORTE-RECORTE
100
AcDbPolyline
 90
4
 70
1
 10
490.8387
 20
-111.99989999999998
 10
491.0387
 20
-111.99989999999998
 10
491.0387
 20
-111.49339999999998
 10
490.8387
 20
-111.49339999999998
  0
TEXT
  5
9F6
330
17
100
AcDbEntity
  8
CORTE-TEXTO
100
AcDbText
 10
490.93870000000004
 20
-111.74664999999999
 30
0.0
 40
0.035
  1
PA-R-201
 72
1
 11
490.93870000000004
 21
-111.74664999999999
 31
0.0
100
AcDbText
 73
2
  0
LWPOLYLINE
  5
9F7
330
17
100
AcDbEntity
  8
CORTE-SOBRANTE
100
AcDbPolyline
 90
4
 70
1
 10
490.8387
 20
-111.49339999999998
 10
491.0387
 20
-111.49339999999998
 10
491.0387
 20
-111.30639999999998
 10
490.8387
 20
-111.30639999999998
  0
LWPOLYLINE
  5
9F8
330
17
100
AcDbEntity
  8
CORTE-TILE
100
AcDbPolyline
 90
4
 70
1
 10
491.4887
 20
-112.50639999999999
 10
491.6887
 20
-112.50639999999999
 10
491.6887
 20
-111.30639999999998
 10
491.4887
 20
-111.30639999999998
  0
TEXT
  5
9F9
330
17
100
AcDbEntity
  8
CORTE-TEXTO
100
AcDbText
 10
491.5887
 20
-111.16639999999998
 30
0.0
 40
0.06
  1
RW-70
 72
1
 11
491.5887
 21
-111.16639999999998
 31
0.0
100
AcDbText
 73
2
  0
LWPOLYLINE
  5
9FA
330
17
100
AcDbEntity
  8
CORTE-RECORTE
100
AcDbPolyline
 90
4
 70
1
 10
491.4887
 20
-112.50639999999999
 10
491.6887
 20
-112.50639999999999
 10
491.6887
 20
-111.99989999999998
 10
491.4887
 20
-111.99989999999998
  0
TEXT
  5
9FB
330
17
100
AcDbEntity
  8
CORTE-TEXTO
100
AcDbText
 10
491.5887
 20
-112.25314999999999
 30
0.0
 40
0.035
  1
PA-R-200
 72
1
 11
491.5887
 21
-112.25314999999999
 31
0.0
100
AcDbText
 73
2
  0
LWPOLYLINE
  5
9FC
330
17
100
AcDbEntity
  8
CORTE-RECORTE
100
AcDbPolyline
 90
4
 70
1
 10
491.4887
 20
-111.99989999999998
 10
491.6887
 20
-111.99989999999998
 10
491.6887
 20
-111.49339999999998
 10
491.4887
 20
-111.49339999999998
  0
TEXT
  5
9FD
330
17
100
AcDbEntity
  8
CORTE-TEXTO
100
AcDbText
 10
491.5887
 20
-111.74664999999999
 30
0.0
 40
0.035
  1
PA-R-199
 72
1
 11
491.5887
 21
-111.74664999999999
 31
0.0
100
AcDbText
 73
2
  0
LWPOLYLINE
  5
9FE
330
17
100
AcDbEntity
  8
CORTE-SOBRANTE
100
AcDbPolyline
 90
4
 70
1
 10
491.4887
 20
-111.49339999999998
 10
491.6887
 20
-111.49339999999998
 10
491.6887
 20
-111.30639999999998
 10
491.4887
 20
-111.30639999999998
  0
LWPOLYLINE
  5
9FF
330
17
100
AcDbEntity
  8
CORTE-TILE
100
AcDbPolyline
 90
4
 70
1
 10
492.13870000000003
 20
-112.50639999999999
 10
492.3387
 20
-112.50639999999999
 10
492.3387
 20
-111.30639999999998
 10
492.13870000000003
 20
-111.30639999999998
  0
TEXT
  5
A00
330
17
100
AcDbEntity
  8
CORTE-TEXTO
100
AcDbText
 10
492.23870000000005
 20
-111.16639999999998
 30
0.0
 40
0.06
  1
RW-71
 72
1
 11
492.23870000000005
 21
-111.16639999999998
 31
0.0
100
AcDbText
 73
2
  0
LWPOLYLINE
  5
A01
330
17
100
AcDbEntity
  8
CORTE-RECORTE
100
AcDbPolyline
 90
4
 70
1
 10
492.13870000000003
 20
-112.50639999999999
 10
492.3387
 20
-112.50639999999999
 10
492.3387
 20
-111.99989999999998
 10
492.13870000000003
 20
-111.99989999999998
  0
TEXT
  5
A02
330
17
100
AcDbEntity
  8
CORTE-TEXTO
100
AcDbText
 10
492.23870000000005
 20
-112.25314999999999
 30
0.0
 40
0.035
  1
PA-R-198
 72
1
 11
492.23870000000005
 21
-112.25314999999999
 31
0.0
100
AcDbText
 73
2
  0
LWPOLYLINE
  5
A03
330
17
100
AcDbEntity
  8
CORTE-RECORTE
100
AcDbPolyline
 90
4
 70
1
 10
492.13870000000003
 20
-111.99989999999998
 10
492.3387
 20
-111.99989999999998
 10
492.3387
 20
-111.52099999999999
 10
492.13870000000003
 20
-111.52099999999999
  0
TEXT
  5
A04
330
17
100
AcDbEntity
  8
CORTE-TEXTO
100
AcDbText
 10
492.23870000000005
 20
-111.76044999999998
 30
0.0
 40
0.035
  1
PA-R-019
 72
1
 11
492.23870000000005
 21
-111.76044999999998
 31
0.0
100
AcDbText
 73
2
  0
LWPOLYLINE
  5
A05
330
17
100
AcDbEntity
  8
CORTE-SOBRANTE
100
AcDbPolyline
 90
4
 70
1
 10
492.13870000000003
 20
-111.52099999999999
 10
492.3387
 20
-111.52099999999999
 10
492.3387
 20
-111.30639999999998
 10
492.13870000000003
 20
-111.30639999999998
  0
LWPOLYLINE
  5
A06
330
17
100
AcDbEntity
  8
CORTE-TILE
100
AcDbPolyline
 90
4
 70
1
 10
492.7887
 20
-112.50639999999999
 10
492.9887
 20
-112.50639999999999
 10
492.9887
 20
-111.30639999999998
 10
492.7887
 20
-111.30639999999998
  0
TEXT
  5
A07
330
17
100
AcDbEntity
  8
CORTE-TEXTO
100
AcDbText
 10
492.88870000000003
 20
-111.16639999999998
 30
0.0
 40
0.06
  1
RW-72
 72
1
 11
492.88870000000003
 21
-111.16639999999998
 31
0.0
100
AcDbText
 73
2
  0
LWPOLYLINE
  5
A08
330
17
100
AcDbEntity
  8
CORTE-RECORTE
100
AcDbPolyline
 90
4
 70
1
 10
492.7887
 20
-112.50639999999999
 10
492.9887
 20
-112.50639999999999
 10
492.9887
 20
-112.02749999999999
 10
492.7887
 20
-112.02749999999999
  0
TEXT
  5
A09
330
17
100
AcDbEntity
  8
CORTE-TEXTO
100
AcDbText
 10
492.88870000000003
 20
-112.26694999999998
 30
0.0
 40
0.035
  1
PA-R-018
 72
1
 11
492.88870000000003
 21
-112.26694999999998
 31
0.0
100
AcDbText
 73
2
  0
LWPOLYLINE
  5
A0A
330
17
100
AcDbEntity
  8
CORTE-RECORTE
100
AcDbPolyline
 90
4
 70
1
 10
492.7887
 20
-112.02749999999999
 10
492.9887
 20
-112.02749999999999
 10
492.9887
 20
-111.5486
 10
492.7887
 20
-111.5486
  0
TEXT
  5
A0B
330
17
100
AcDbEntity
  8
CORTE-TEXTO
100
AcDbText
 10
492.88870000000003
 20
-111.78804999999998
 30
0.0
 40
0.035
  1
PA-R-017
 72
1
 11
492.88870000000003
 21
-111.78804999999998
 31
0.0
100
AcDbText
 73
2
  0
LWPOLYLINE
  5
A0C
330
17
100
AcDbEntity
  8
CORTE-SOBRANTE
100
AcDbPolyline
 90
4
 70
1
 10
492.7887
 20
-111.54859999999998
 10
492.9887
 20
-111.54859999999998
 10
492.9887
 20
-111.30639999999998
 10
492.7887
 20
-111.30639999999998
  0
LWPOLYLINE
  5
A0D
330
17
100
AcDbEntity
  8
CORTE-TILE
100
AcDbPolyline
 90
4
 70
1
 10
493.4387
 20
-112.50639999999999
 10
493.6387
 20
-112.50639999999999
 10
493.6387
 20
-111.30639999999998
 10
493.4387
 20
-111.30639999999998
  0
TEXT
  5
A0E
330
17
100
AcDbEntity
  8
CORTE-TEXTO
100
AcDbText
 10
493.5387
 20
-111.16639999999998
 30
0.0
 40
0.06
  1
RW-73
 72
1
 11
493.5387
 21
-111.16639999999998
 31
0.0
100
AcDbText
 73
2
  0
LWPOLYLINE
  5
A0F
330
17
100
AcDbEntity
  8
CORTE-RECORTE
100
AcDbPolyline
 90
4
 70
1
 10
493.4387
 20
-112.50639999999999
 10
493.6387
 20
-112.50639999999999
 10
493.6387
 20
-112.02749999999999
 10
493.4387
 20
-112.02749999999999
  0
TEXT
  5
A10
330
17
100
AcDbEntity
  8
CORTE-TEXTO
100
AcDbText
 10
493.5387
 20
-112.26694999999998
 30
0.0
 40
0.035
  1
PA-R-016
 72
1
 11
493.5387
 21
-112.26694999999998
 31
0.0
100
AcDbText
 73
2
  0
LWPOLYLINE
  5
A11
330
17
100
AcDbEntity
  8
CORTE-RECORTE
100
AcDbPolyline
 90
4
 70
1
 10
493.4387
 20
-112.02749999999999
 10
493.6387
 20
-112.02749999999999
 10
493.6387
 20
-111.5486
 10
493.4387
 20
-111.5486
  0
TEXT
  5
A12
330
17
100
AcDbEntity
  8
CORTE-TEXTO
100
AcDbText
 10
493.5387
 20
-111.78804999999998
 30
0.0
 40
0.035
  1
PA-R-015
 72
1
 11
493.5387
 21
-111.78804999999998
 31
0.0
100
AcDbText
 73
2
  0
LWPOLYLINE
  5
A13
330
17
100
AcDbEntity
  8
CORTE-SOBRANTE
100
AcDbPolyline
 90
4
 70
1
 10
493.4387
 20
-111.54859999999998
 10
493.6387
 20
-111.54859999999998
 10
493.6387
 20
-111.30639999999998
 10
493.4387
 20
-111.30639999999998
  0
LWPOLYLINE
  5
A14
330
17
100
AcDbEntity
  8
CORTE-TILE
100
AcDbPolyline
 90
4
 70
1
 10
494.0887
 20
-112.50639999999999
 10
494.2887
 20
-112.50639999999999
 10
494.2887
 20
-111.30639999999998
 10
494.0887
 20
-111.30639999999998
  0
TEXT
  5
A15
330
17
100
AcDbEntity
  8
CORTE-TEXTO
100
AcDbText
 10
494.18870000000004
 20
-111.16639999999998
 30
0.0
 40
0.06
  1
RW-74
 72
1
 11
494.18870000000004
 21
-111.16639999999998
 31
0.0
100
AcDbText
 73
2
  0
LWPOLYLINE
  5
A16
330
17
100
AcDbEntity
  8
CORTE-RECORTE
100
AcDbPolyline
 90
4
 70
1
 10
494.0887
 20
-112.50639999999999
 10
494.2887
 20
-112.50639999999999
 10
494.2887
 20
-112.02749999999999
 10
494.0887
 20
-112.02749999999999
  0
TEXT
  5
A17
330
17
100
AcDbEntity
  8
CORTE-TEXTO
100
AcDbText
 10
494.18870000000004
 20
-112.26694999999998
 30
0.0
 40
0.035
  1
PA-R-014
 72
1
 11
494.18870000000004
 21
-112.26694999999998
 31
0.0
100
AcDbText
 73
2
  0
LWPOLYLINE
  5
A18
330
17
100
AcDbEntity
  8
CORTE-RECORTE
100
AcDbPolyline
 90
4
 70
1
 10
494.0887
 20
-112.02749999999999
 10
494.2887
 20
-112.02749999999999
 10
494.2887
 20
-111.5486
 10
494.0887
 20
-111.5486
  0
TEXT
  5
A19
330
17
100
AcDbEntity
  8
CORTE-TEXTO
100
AcDbText
 10
494.18870000000004
 20
-111.78804999999998
 30
0.0
 40
0.035
  1
PA-R-013
 72
1
 11
494.18870000000004
 21
-111.78804999999998
 31
0.0
100
AcDbText
 73
2
  0
LWPOLYLINE
  5
A1A
330
17
100
AcDbEntity
  8
CORTE-SOBRANTE
100
AcDbPolyline
 90
4
 70
1
 10
494.0887
 20
-111.54859999999998
 10
494.2887
 20
-111.54859999999998
 10
494.2887
 20
-111.30639999999998
 10
494.0887
 20
-111.30639999999998
  0
LWPOLYLINE
  5
A1B
330
17
100
AcDbEntity
  8
CORTE-TILE
100
AcDbPolyline
 90
4
 70
1
 10
494.7387
 20
-112.50639999999999
 10
494.9387
 20
-112.50639999999999
 10
494.9387
 20
-111.30639999999998
 10
494.7387
 20
-111.30639999999998
  0
TEXT
  5
A1C
330
17
100
AcDbEntity
  8
CORTE-TEXTO
100
AcDbText
 10
494.8387
 20
-111.16639999999998
 30
0.0
 40
0.06
  1
RW-75
 72
1
 11
494.8387
 21
-111.16639999999998
 31
0.0
100
AcDbText
 73
2
  0
LWPOLYLINE
  5
A1D
330
17
100
AcDbEntity
  8
CORTE-RECORTE
100
AcDbPolyline
 90
4
 70
1
 10
494.7387
 20
-112.50639999999999
 10
494.9387
 20
-112.50639999999999
 10
494.9387
 20
-112.02749999999999
 10
494.7387
 20
-112.02749999999999
  0
TEXT
  5
A1E
330
17
100
AcDbEntity
  8
CORTE-TEXTO
100
AcDbText
 10
494.8387
 20
-112.26694999999998
 30
0.0
 40
0.035
  1
PA-R-012
 72
1
 11
494.8387
 21
-112.26694999999998
 31
0.0
100
AcDbText
 73
2
  0
LWPOLYLINE
  5
A1F
330
17
100
AcDbEntity
  8
CORTE-RECORTE
100
AcDbPolyline
 90
4
 70
1
 10
494.7387
 20
-112.02749999999999
 10
494.9387
 20
-112.02749999999999
 10
494.9387
 20
-111.5486
 10
494.7387
 20
-111.5486
  0
TEXT
  5
A20
330
17
100
AcDbEntity
  8
CORTE-TEXTO
100
AcDbText
 10
494.8387
 20
-111.78804999999998
 30
0.0
 40
0.035
  1
PA-R-011
 72
1
 11
494.8387
 21
-111.78804999999998
 31
0.0
100
AcDbText
 73
2
  0
LWPOLYLINE
  5
A21
330
17
100
AcDbEntity
  8
CORTE-SOBRANTE
100
AcDbPolyline
 90
4
 70
1
 10
494.7387
 20
-111.54859999999998
 10
494.9387
 20
-111.54859999999998
 10
494.9387
 20
-111.30639999999998
 10
494.7387
 20
-111.30639999999998
  0
LWPOLYLINE
  5
A22
330
17
100
AcDbEntity
  8
CORTE-TILE
100
AcDbPolyline
 90
4
 70
1
 10
495.38870000000003
 20
-112.50639999999999
 10
495.5887
 20
-112.50639999999999
 10
495.5887
 20
-111.30639999999998
 10
495.38870000000003
 20
-111.30639999999998
  0
TEXT
  5
A23
330
17
100
AcDbEntity
  8
CORTE-TEXTO
100
AcDbText
 10
495.48870000000005
 20
-111.16639999999998
 30
0.0
 40
0.06
  1
RW-76
 72
1
 11
495.48870000000005
 21
-111.16639999999998
 31
0.0
100
AcDbText
 73
2
  0
LWPOLYLINE
  5
A24
330
17
100
AcDbEntity
  8
CORTE-RECORTE
100
AcDbPolyline
 90
4
 70
1
 10
495.38870000000003
 20
-112.50639999999999
 10
495.5887
 20
-112.50639999999999
 10
495.5887
 20
-112.02749999999999
 10
495.38870000000003
 20
-112.02749999999999
  0
TEXT
  5
A25
330
17
100
AcDbEntity
  8
CORTE-TEXTO
100
AcDbText
 10
495.48870000000005
 20
-112.26694999999998
 30
0.0
 40
0.035
  1
PA-R-010
 72
1
 11
495.48870000000005
 21
-112.26694999999998
 31
0.0
100
AcDbText
 73
2
  0
LWPOLYLINE
  5
A26
330
17
100
AcDbEntity
  8
CORTE-RECORTE
100
AcDbPolyline
 90
4
 70
1
 10
495.38870000000003
 20
-112.02749999999999
 10
495.5887
 20
-112.02749999999999
 10
495.5887
 20
-111.5486
 10
495.38870000000003
 20
-111.5486
  0
TEXT
  5
A27
330
17
100
AcDbEntity
  8
CORTE-TEXTO
100
AcDbText
 10
495.48870000000005
 20
-111.78804999999998
 30
0.0
 40
0.035
  1
PA-R-009
 72
1
 11
495.48870000000005
 21
-111.78804999999998
 31
0.0
100
AcDbText
 73
2
  0
LWPOLYLINE
  5
A28
330
17
100
AcDbEntity
  8
CORTE-SOBRANTE
100
AcDbPolyline
 90
4
 70
1
 10
495.38870000000003
 20
-111.54859999999998
 10
495.5887
 20
-111.54859999999998
 10
495.5887
 20
-111.30639999999998
 10
495.38870000000003
 20
-111.30639999999998
  0
LWPOLYLINE
  5
A29
330
17
100
AcDbEntity
  8
CORTE-TILE
100
AcDbPolyline
 90
4
 70
1
 10
496.0387
 20
-112.50639999999999
 10
496.2387
 20
-112.50639999999999
 10
496.2387
 20
-111.30639999999998
 10
496.0387
 20
-111.30639999999998
  0
TEXT
  5
A2A
330
17
100
AcDbEntity
  8
CORTE-TEXTO
100
AcDbText
 10
496.13870000000003
 20
-111.16639999999998
 30
0.0
 40
0.06
  1
RW-77
 72
1
 11
496.13870000000003
 21
-111.16639999999998
 31
0.0
100
AcDbText
 73
2
  0
LWPOLYLINE
  5
A2B
330
17
100
AcDbEntity
  8
CORTE-RECORTE
100
AcDbPolyline
 90
4
 70
1
 10
496.0387
 20
-112.50639999999999
 10
496.2387
 20
-112.50639999999999
 10
496.2387
 20
-112.02749999999999
 10
496.0387
 20
-112.02749999999999
  0
TEXT
  5
A2C
330
17
100
AcDbEntity
  8
CORTE-TEXTO
100
AcDbText
 10
496.13870000000003
 20
-112.26694999999998
 30
0.0
 40
0.035
  1
PA-R-008
 72
1
 11
496.13870000000003
 21
-112.26694999999998
 31
0.0
100
AcDbText
 73
2
  0
LWPOLYLINE
  5
A2D
330
17
100
AcDbEntity
  8
CORTE-RECORTE
100
AcDbPolyline
 90
4
 70
1
 10
496.0387
 20
-112.02749999999999
 10
496.2387
 20
-112.02749999999999
 10
496.2387
 20
-111.57849999999999
 10
496.0387
 20
-111.57849999999999
  0
TEXT
  5
A2E
330
17
100
AcDbEntity
  8
CORTE-TEXTO
100
AcDbText
 10
496.13870000000003
 20
-111.80299999999998
 30
0.0
 40
0.035
  1
PA-R-138
 72
1
 11
496.13870000000003
 21
-111.80299999999998
 31
0.0
100
AcDbText
 73
2
  0
LWPOLYLINE
  5
A2F
330
17
100
AcDbEntity
  8
CORTE-SOBRANTE
100
AcDbPolyline
 90
4
 70
1
 10
496.0387
 20
-111.57849999999999
 10
496.2387
 20
-111.57849999999999
 10
496.2387
 20
-111.3064
 10
496.0387
 20
-111.3064
  0
LWPOLYLINE
  5
A30
330
17
100
AcDbEntity
  8
CORTE-TILE
100
AcDbPolyline
 90
4
 70
1
 10
496.6887
 20
-112.50639999999999
 10
496.8887
 20
-112.50639999999999
 10
496.8887
 20
-111.30639999999998
 10
496.6887
 20
-111.30639999999998
  0
TEXT
  5
A31
330
17
100
AcDbEntity
  8
CORTE-TEXTO
100
AcDbText
 10
496.7887
 20
-111.16639999999998
 30
0.0
 40
0.06
  1
RW-78
 72
1
 11
496.7887
 21
-111.16639999999998
 31
0.0
100
AcDbText
 73
2
  0
LWPOLYLINE
  5
A32
330
17
100
AcDbEntity
  8
CORTE-RECORTE
100
AcDbPolyline
 90
4
 70
1
 10
496.6887
 20
-112.50639999999999
 10
496.8887
 20
-112.50639999999999
 10
496.8887
 20
-112.05739999999999
 10
496.6887
 20
-112.05739999999999
  0
TEXT
  5
A33
330
17
100
AcDbEntity
  8
CORTE-TEXTO
100
AcDbText
 10
496.7887
 20
-112.28189999999998
 30
0.0
 40
0.035
  1
PA-R-137
 72
1
 11
496.7887
 21
-112.28189999999998
 31
0.0
100
AcDbText
 73
2
  0
LWPOLYLINE
  5
A34
330
17
100
AcDbEntity
  8
CORTE-RECORTE
100
AcDbPolyline
 90
4
 70
1
 10
496.6887
 20
-112.05739999999999
 10
496.8887
 20
-112.05739999999999
 10
496.8887
 20
-111.60839999999999
 10
496.6887
 20
-111.60839999999999
  0
TEXT
  5
A35
330
17
100
AcDbEntity
  8
CORTE-TEXTO
100
AcDbText
 10
496.7887
 20
-111.83289999999998
 30
0.0
 40
0.035
  1
PA-R-136
 72
1
 11
496.7887
 21
-111.83289999999998
 31
0.0
100
AcDbText
 73
2
  0
LWPOLYLINE
  5
A36
330
17
100
AcDbEntity
  8
CORTE-SOBRANTE
100
AcDbPolyline
 90
4
 70
1
 10
496.6887
 20
-111.60839999999999
 10
496.8887
 20
-111.60839999999999
 10
496.8887
 20
-111.30639999999998
 10
496.6887
 20
-111.30639999999998
  0
LWPOLYLINE
  5
A37
330
17
100
AcDbEntity
  8
CORTE-TILE
100
AcDbPolyline
 90
4
 70
1
 10
497.3387
 20
-112.50639999999999
 10
497.5387
 20
-112.50639999999999
 10
497.5387
 20
-111.30639999999998
 10
497.3387
 20
-111.30639999999998
  0
TEXT
  5
A38
330
17
100
AcDbEntity
  8
CORTE-TEXTO
100
AcDbText
 10
497.43870000000004
 20
-111.16639999999998
 30
0.0
 40
0.06
  1
RW-79
 72
1
 11
497.43870000000004
 21
-111.16639999999998
 31
0.0
100
AcDbText
 73
2
  0
LWPOLYLINE
  5
A39
330
17
100
AcDbEntity
  8
CORTE-RECORTE
100
AcDbPolyline
 90
4
 70
1
 10
497.3387
 20
-112.50639999999999
 10
497.5387
 20
-112.50639999999999
 10
497.5387
 20
-112.05739999999999
 10
497.3387
 20
-112.05739999999999
  0
TEXT
  5
A3A
330
17
100
AcDbEntity
  8
CORTE-TEXTO
100
AcDbText
 10
497.43870000000004
 20
-112.28189999999998
 30
0.0
 40
0.035
  1
PA-R-135
 72
1
 11
497.43870000000004
 21
-112.28189999999998
 31
0.0
100
AcDbText
 73
2
  0
LWPOLYLINE
  5
A3B
330
17
100
AcDbEntity
  8
CORTE-RECORTE
100
AcDbPolyline
 90
4
 70
1
 10
497.3387
 20
-112.05739999999999
 10
497.5387
 20
-112.05739999999999
 10
497.5387
 20
-111.60839999999999
 10
497.3387
 20
-111.60839999999999
  0
TEXT
  5
A3C
330
17
100
AcDbEntity
  8
CORTE-TEXTO
100
AcDbText
 10
497.43870000000004
 20
-111.83289999999998
 30
0.0
 40
0.035
  1
PA-R-134
 72
1
 11
497.43870000000004
 21
-111.83289999999998
 31
0.0
100
AcDbText
 73
2
  0
LWPOLYLINE
  5
A3D
330
17
100
AcDbEntity
  8
CORTE-SOBRANTE
100
AcDbPolyline
 90
4
 70
1
 10
497.3387
 20
-111.60839999999999
 10
497.5387
 20
-111.60839999999999
 10
497.5387
 20
-111.30639999999998
 10
497.3387
 20
-111.30639999999998
  0
LWPOLYLINE
  5
A3E
330
17
100
AcDbEntity
  8
CORTE-TILE
100
AcDbPolyline
 90
4
 70
1
 10
497.9887
 20
-112.50639999999999
 10
498.1887
 20
-112.50639999999999
 10
498.1887
 20
-111.30639999999998
 10
497.9887
 20
-111.30639999999998
  0
TEXT
  5
A3F
330
17
100
AcDbEntity
  8
CORTE-TEXTO
100
AcDbText
 10
498.0887
 20
-111.16639999999998
 30
0.0
 40
0.06
  1
RW-80
 72
1
 11
498.0887
 21
-111.16639999999998
 31
0.0
100
AcDbText
 73
2
  0
LWPOLYLINE
  5
A40
330
17
100
AcDbEntity
  8
CORTE-RECORTE
100
AcDbPolyline
 90
4
 70
1
 10
497.9887
 20
-112.50639999999999
 10
498.1887
 20
-112.50639999999999
 10
498.1887
 20
-112.05739999999999
 10
497.9887
 20
-112.05739999999999
  0
TEXT
  5
A41
330
17
100
AcDbEntity
  8
CORTE-TEXTO
100
AcDbText
 10
498.0887
 20
-112.28189999999998
 30
0.0
 40
0.035
  1
PA-R-133
 72
1
 11
498.0887
 21
-112.28189999999998
 31
0.0
100
AcDbText
 73
2
  0
LWPOLYLINE
  5
A42
330
17
100
AcDbEntity
  8
CORTE-RECORTE
100
AcDbPolyline
 90
4
 70
1
 10
497.9887
 20
-112.05739999999999
 10
498.1887
 20
-112.05739999999999
 10
498.1887
 20
-111.60839999999999
 10
497.9887
 20
-111.60839999999999
  0
TEXT
  5
A43
330
17
100
AcDbEntity
  8
CORTE-TEXTO
100
AcDbText
 10
498.0887
 20
-111.83289999999998
 30
0.0
 40
0.035
  1
PA-R-139
 72
1
 11
498.0887
 21
-111.83289999999998
 31
0.0
100
AcDbText
 73
2
  0
LWPOLYLINE
  5
A44
330
17
100
AcDbEntity
  8
CORTE-SOBRANTE
100
AcDbPolyline
 90
4
 70
1
 10
497.9887
 20
-111.60839999999999
 10
498.1887
 20
-111.60839999999999
 10
498.1887
 20
-111.30639999999998
 10
497.9887
 20
-111.30639999999998
  0
LWPOLYLINE
  5
A45
330
17
100
AcDbEntity
  8
CORTE-TILE
100
AcDbPolyline
 90
4
 70
1
 10
498.63870000000003
 20
-112.50639999999999
 10
498.8387
 20
-112.50639999999999
 10
498.8387
 20
-111.30639999999998
 10
498.63870000000003
 20
-111.30639999999998
  0
TEXT
  5
A46
330
17
100
AcDbEntity
  8
CORTE-TEXTO
100
AcDbText
 10
498.73870000000005
 20
-111.16639999999998
 30
0.0
 40
0.06
  1
RW-81
 72
1
 11
498.73870000000005
 21
-111.16639999999998
 31
0.0
100
AcDbText
 73
2
  0
LWPOLYLINE
  5
A47
330
17
100
AcDbEntity
  8
CORTE-RECORTE
100
AcDbPolyline
 90
4
 70
1
 10
498.63870000000003
 20
-112.50639999999999
 10
498.71070000000003
 20
-112.50639999999999
 10
498.71070000000003
 20
-111.30639999999998
 10
498.63870000000003
 20
-111.30639999999998
  0
TEXT
  5
A48
330
17
100
AcDbEntity
  8
CORTE-TEXTO
100
AcDbText
 10
498.67470000000003
 20
-111.90639999999999
 30
0.0
 40
0.016
  1
PA-R-178
 72
1
 11
498.67470000000003
 21
-111.90639999999999
 31
0.0
100
AcDbText
 73
2
  0
LWPOLYLINE
  5
A49
330
17
100
AcDbEntity
  8
CORTE-RECORTE
100
AcDbPolyline
 90
4
 70
1
 10
498.71070000000003
 20
-112.50639999999999
 10
498.79970000000003
 20
-112.50639999999999
 10
498.79970000000003
 20
-111.60639999999998
 10
498.71070000000003
 20
-111.60639999999998
  0
TEXT
  5
A4A
330
17
100
AcDbEntity
  8
CORTE-TEXTO
100
AcDbText
 10
498.75520000000006
 20
-112.05639999999998
 30
0.0
 40
0.019777777777777776
  1
PA-R-124
 72
1
 11
498.75520000000006
 21
-112.05639999999998
 31
0.0
100
AcDbText
 73
2
  0
LWPOLYLINE
  5
A4B
330
17
100
AcDbEntity
  8
CORTE-DESPERDICIO
100
AcDbPolyline
 90
4
 70
1
 10
498.79970000000003
 20
-112.50639999999999
 10
498.8387
 20
-112.50639999999999
 10
498.8387
 20
-111.30639999999998
 10
498.79970000000003
 20
-111.30639999999998
  0
LWPOLYLINE
  5
A4C
330
17
100
AcDbEntity
  8
CORTE-DESPERDICIO
100
AcDbPolyline
 90
4
 70
1
 10
498.71070000000003
 20
-111.60639999999998
 10
498.79970000000003
 20
-111.60639999999998
 10
498.79970000000003
 20
-111.30639999999998
 10
498.71070000000003
 20
-111.30639999999998
  0
LWPOLYLINE
  5
A4D
330
17
100
AcDbEntity
  8
CORTE-TILE
100
AcDbPolyline
 90
4
 70
1
 10
499.2887
 20
-112.50639999999999
 10
499.4887
 20
-112.50639999999999
 10
499.4887
 20
-111.30639999999998
 10
499.2887
 20
-111.30639999999998
  0
TEXT
  5
A4E
330
17
100
AcDbEntity
  8
CORTE-TEXTO
100
AcDbText
 10
499.38870000000003
 20
-111.16639999999998
 30
0.0
 40
0.06
  1
RW-82
 72
1
 11
499.38870000000003
 21
-111.16639999999998
 31
0.0
100
AcDbText
 73
2
  0
LWPOLYLINE
  5
A4F
330
17
100
AcDbEntity
  8
CORTE-RECORTE
100
AcDbPolyline
 90
4
 70
1
 10
499.2887
 20
-112.50639999999999
 10
499.4887
 20
-112.50639999999999
 10
499.4887
 20
-112.08819999999999
 10
499.2887
 20
-112.08819999999999
  0
TEXT
  5
A50
330
17
100
AcDbEntity
  8
CORTE-TEXTO
100
AcDbText
 10
499.38870000000003
 20
-112.29729999999998
 30
0.0
 40
0.035
  1
PA-R-007
 72
1
 11
499.38870000000003
 21
-112.29729999999998
 31
0.0
100
AcDbText
 73
2
  0
LWPOLYLINE
  5
A51
330
17
100
AcDbEntity
  8
CORTE-RECORTE
100
AcDbPolyline
 90
4
 70
1
 10
499.2887
 20
-112.08819999999999
 10
499.4887
 20
-112.08819999999999
 10
499.4887
 20
-111.67139999999999
 10
499.2887
 20
-111.67139999999999
  0
TEXT
  5
A52
330
17
100
AcDbEntity
  8
CORTE-TEXTO
100
AcDbText
 10
499.38870000000003
 20
-111.87979999999999
 30
0.0
 40
0.035
  1
PA-R-001
 72
1
 11
499.38870000000003
 21
-111.87979999999999
 31
0.0
100
AcDbText
 73
2
  0
LWPOLYLINE
  5
A53
330
17
100
AcDbEntity
  8
CORTE-SOBRANTE
100
AcDbPolyline
 90
4
 70
1
 10
499.2887
 20
-111.67139999999999
 10
499.4887
 20
-111.67139999999999
 10
499.4887
 20
-111.3064
 10
499.2887
 20
-111.3064
  0
LWPOLYLINE
  5
A54
330
17
100
AcDbEntity
  8
CORTE-TILE
100
AcDbPolyline
 90
4
 70
1
 10
499.9387
 20
-112.50639999999999
 10
500.1387
 20
-112.50639999999999
 10
500.1387
 20
-111.30639999999998
 10
499.9387
 20
-111.30639999999998
  0
TEXT
  5
A55
330
17
100
AcDbEntity
  8
CORTE-TEXTO
100
AcDbText
 10
500.0387
 20
-111.16639999999998
 30
0.0
 40
0.06
  1
RW-83
 72
1
 11
500.0387
 21
-111.16639999999998
 31
0.0
100
AcDbText
 73
2
  0
LWPOLYLINE
  5
A56
330
17
100
AcDbEntity
  8
CORTE-RECORTE
100
AcDbPolyline
 90
4
 70
1
 10
499.9387
 20
-112.50639999999999
 10
500.1387
 20
-112.50639999999999
 10
500.1387
 20
-112.08989999999999
 10
499.9387
 20
-112.08989999999999
  0
TEXT
  5
A57
330
17
100
AcDbEntity
  8
CORTE-TEXTO
100
AcDbText
 10
500.0387
 20
-112.29814999999998
 30
0.0
 40
0.035
  1
PA-R-002
 72
1
 11
500.0387
 21
-112.29814999999998
 31
0.0
100
AcDbText
 73
2
  0
LWPOLYLINE
  5
A58
330
17
100
AcDbEntity
  8
CORTE-RECORTE
100
AcDbPolyline
 90
4
 70
1
 10
499.9387
 20
-112.08989999999999
 10
500.1387
 20
-112.08989999999999
 10
500.1387
 20
-111.67369999999998
 10
499.9387
 20
-111.67369999999998
  0
TEXT
  5
A59
330
17
100
AcDbEntity
  8
CORTE-TEXTO
100
AcDbText
 10
500.0387
 20
-111.88179999999998
 30
0.0
 40
0.035
  1
PA-R-003
 72
1
 11
500.0387
 21
-111.88179999999998
 31
0.0
100
AcDbText
 73
2
  0
LWPOLYLINE
  5
A5A
330
17
100
AcDbEntity
  8
CORTE-SOBRANTE
100
AcDbPolyline
 90
4
 70
1
 10
499.9387
 20
-111.67369999999998
 10
500.1387
 20
-111.67369999999998
 10
500.1387
 20
-111.30639999999998
 10
499.9387
 20
-111.30639999999998
  0
LWPOLYLINE
  5
A5B
330
17
100
AcDbEntity
  8
CORTE-TILE
100
AcDbPolyline
 90
4
 70
1
 10
500.5887
 20
-112.50639999999999
 10
500.7887
 20
-112.50639999999999
 10
500.7887
 20
-111.30639999999998
 10
500.5887
 20
-111.30639999999998
  0
TEXT
  5
A5C
330
17
100
AcDbEntity
  8
CORTE-TEXTO
100
AcDbText
 10
500.68870000000004
 20
-111.16639999999998
 30
0.0
 40
0.06
  1
RW-84
 72
1
 11
500.68870000000004
 21
-111.16639999999998
 31
0.0
100
AcDbText
 73
2
  0
LWPOLYLINE
  5
A5D
330
17
100
AcDbEntity
  8
CORTE-RECORTE
100
AcDbPolyline
 90
4
 70
1
 10
500.5887
 20
-112.50639999999999
 10
500.7887
 20
-112.50639999999999
 10
500.7887
 20
-112.09049999999999
 10
500.5887
 20
-112.09049999999999
  0
TEXT
  5
A5E
330
17
100
AcDbEntity
  8
CORTE-TEXTO
100
AcDbText
 10
500.68870000000004
 20
-112.29844999999999
 30
0.0
 40
0.035
  1
PA-R-004
 72
1
 11
500.68870000000004
 21
-112.29844999999999
 31
0.0
100
AcDbText
 73
2
  0
LWPOLYLINE
  5
A5F
330
17
100
AcDbEntity
  8
CORTE-RECORTE
100
AcDbPolyline
 90
4
 70
1
 10
500.5887
 20
-112.09049999999999
 10
500.7887
 20
-112.09049999999999
 10
500.7887
 20
-111.6749
 10
500.5887
 20
-111.6749
  0
TEXT
  5
A60
330
17
100
AcDbEntity
  8
CORTE-TEXTO
100
AcDbText
 10
500.68870000000004
 20
-111.88269999999999
 30
0.0
 40
0.035
  1
PA-R-005
 72
1
 11
500.68870000000004
 21
-111.88269999999999
 31
0.0
100
AcDbText
 73
2
  0
LWPOLYLINE
  5
A61
330
17
100
AcDbEntity
  8
CORTE-SOBRANTE
100
AcDbPolyline
 90
4
 70
1
 10
500.5887
 20
-111.67489999999998
 10
500.7887
 20
-111.67489999999998
 10
500.7887
 20
-111.30639999999998
 10
500.5887
 20
-111.30639999999998
  0
LWPOLYLINE
  5
A62
330
17
100
AcDbEntity
  8
CORTE-TILE
100
AcDbPolyline
 90
4
 70
1
 10
501.2387
 20
-112.50639999999999
 10
501.4387
 20
-112.50639999999999
 10
501.4387
 20
-111.30639999999998
 10
501.2387
 20
-111.30639999999998
  0
TEXT
  5
A63
330
17
100
AcDbEntity
  8
CORTE-TEXTO
100
AcDbText
 10
501.3387
 20
-111.16639999999998
 30
0.0
 40
0.06
  1
RW-85
 72
1
 11
501.3387
 21
-111.16639999999998
 31
0.0
100
AcDbText
 73
2
  0
LWPOLYLINE
  5
A64
330
17
100
AcDbEntity
  8
CORTE-RECORTE
100
AcDbPolyline
 90
4
 70
1
 10
501.2387
 20
-112.50639999999999
 10
501.4387
 20
-112.50639999999999
 10
501.4387
 20
-112.09109999999998
 10
501.2387
 20
-112.09109999999998
  0
TEXT
  5
A65
330
17
100
AcDbEntity
  8
CORTE-TEXTO
100
AcDbText
 10
501.3387
 20
-112.29874999999998
 30
0.0
 40
0.035
  1
PA-R-006
 72
1
 11
501.3387
 21
-112.29874999999998
 31
0.0
100
AcDbText
 73
2
  0
LWPOLYLINE
  5
A66
330
17
100
AcDbEntity
  8
CORTE-SOBRANTE
100
AcDbPolyline
 90
4
 70
1
 10
501.2387
 20
-112.09109999999998
 10
501.4387
 20
-112.09109999999998
 10
501.4387
 20
-111.30639999999998
 10
501.2387
 20
-111.30639999999998
  0
LWPOLYLINE
  5
A67
330
17
100
AcDbEntity
  8
CORTE-TILE
100
AcDbPolyline
 90
4
 70
1
 10
501.88870000000003
 20
-112.50639999999999
 10
502.0887
 20
-112.50639999999999
 10
502.0887
 20
-111.30639999999998
 10
501.88870000000003
 20
-111.30639999999998
  0
TEXT
  5
A68
330
17
100
AcDbEntity
  8
CORTE-TEXTO
100
AcDbText
 10
501.98870000000005
 20
-111.16639999999998
 30
0.0
 40
0.06
  1
RW-86
 72
1
 11
501.98870000000005
 21
-111.16639999999998
 31
0.0
100
AcDbText
 73
2
  0
LWPOLYLINE
  5
A69
330
17
100
AcDbEntity
  8
CORTE-RECORTE
100
AcDbPolyline
 90
4
 70
1
 10
501.88870000000003
 20
-112.50639999999999
 10
501.9777
 20
-112.50639999999999
 10
501.9777
 20
-111.60639999999998
 10
501.88870000000003
 20
-111.60639999999998
  0
TEXT
  5
A6A
330
17
100
AcDbEntity
  8
CORTE-TEXTO
100
AcDbText
 10
501.93320000000006
 20
-112.05639999999998
 30
0.0
 40
0.019777777777777776
  1
PA-R-149
 72
1
 11
501.93320000000006
 21
-112.05639999999998
 31
0.0
100
AcDbText
 73
2
  0
LWPOLYLINE
  5
A6B
330
17
100
AcDbEntity
  8
CORTE-RECORTE
100
AcDbPolyline
 90
4
 70
1
 10
501.9777
 20
-112.50639999999999
 10
502.04970000000003
 20
-112.50639999999999
 10
502.04970000000003
 20
-111.39439999999999
 10
501.9777
 20
-111.39439999999999
  0
TEXT
  5
A6C
330
17
100
AcDbEntity
  8
CORTE-TEXTO
100
AcDbText
 10
502.01370000000003
 20
-111.95039999999999
 30
0.0
 40
0.016
  1
PA-R-159
 72
1
 11
502.01370000000003
 21
-111.95039999999999
 31
0.0
100
AcDbText
 73
2
  0
LWPOLYLINE
  5
A6D
330
17
100
AcDbEntity
  8
CORTE-DESPERDICIO
100
AcDbPolyline
 90
4
 70
1
 10
501.88870000000003
 20
-111.60639999999998
 10
501.9777
 20
-111.60639999999998
 10
501.9777
 20
-111.30639999999998
 10
501.88870000000003
 20
-111.30639999999998
  0
LWPOLYLINE
  5
A6E
330
17
100
AcDbEntity
  8
CORTE-DESPERDICIO
100
AcDbPolyline
 90
4
 70
1
 10
502.04970000000003
 20
-112.50639999999999
 10
502.0887
 20
-112.50639999999999
 10
502.0887
 20
-111.30639999999998
 10
502.04970000000003
 20
-111.30639999999998
  0
LWPOLYLINE
  5
A6F
330
17
100
AcDbEntity
  8
CORTE-DESPERDICIO
100
AcDbPolyline
 90
4
 70
1
 10
501.9777
 20
-111.39439999999999
 10
502.04970000000003
 20
-111.39439999999999
 10
502.04970000000003
 20
-111.3064
 10
501.9777
 20
-111.3064
  0
LWPOLYLINE
  5
A70
330
17
100
AcDbEntity
  8
CORTE-TILE
100
AcDbPolyline
 90
4
 70
1
 10
502.5387
 20
-112.50639999999999
 10
502.7387
 20
-112.50639999999999
 10
502.7387
 20
-111.30639999999998
 10
502.5387
 20
-111.30639999999998
  0
TEXT
  5
A71
330
17
100
AcDbEntity
  8
CORTE-TEXTO
100
AcDbText
 10
502.63870000000003
 20
-111.16639999999998
 30
0.0
 40
0.06
  1
RW-87
 72
1
 11
502.63870000000003
 21
-111.16639999999998
 31
0.0
100
AcDbText
 73
2
  0
LWPOLYLINE
  5
A72
330
17
100
AcDbEntity
  8
CORTE-RECORTE
100
AcDbPolyline
 90
4
 70
1
 10
502.5387
 20
-112.50639999999999
 10
502.6107
 20
-112.50639999999999
 10
502.6107
 20
-111.39939999999999
 10
502.5387
 20
-111.39939999999999
  0
TEXT
  5
A73
330
17
100
AcDbEntity
  8
CORTE-TEXTO
100
AcDbText
 10
502.5747
 20
-111.95289999999999
 30
0.0
 40
0.016
  1
PA-R-197
 72
1
 11
502.5747
 21
-111.95289999999999
 31
0.0
100
AcDbText
 73
2
  0
LWPOLYLINE
  5
A74
330
17
100
AcDbEntity
  8
CORTE-SOBRANTE
100
AcDbPolyline
 90
4
 70
1
 10
502.6107
 20
-112.50639999999999
 10
502.7387
 20
-112.50639999999999
 10
502.7387
 20
-111.30639999999998
 10
502.6107
 20
-111.30639999999998
  0
LWPOLYLINE
  5
A75
330
17
100
AcDbEntity
  8
CORTE-DESPERDICIO
100
AcDbPolyline
 90
4
 70
1
 10
502.5387
 20
-111.39939999999999
 10
502.6107
 20
-111.39939999999999
 10
502.6107
 20
-111.30639999999998
 10
502.5387
 20
-111.30639999999998
  0
TEXT
  5
A76
330
17
100
AcDbEntity
  8
CORTE-TEXTO
100
AcDbText
 10
510.8142
 20
-80.3104
 30
0.0
 40
0.16
  1
DESPIECE ESCALERA (ancho 1.15, peralte 0.175, huella 0.27) - 14 escalones
 72
1
 11
510.8142
 21
-80.3104
 31
0.0
100
AcDbText
 73
2
  0
LWPOLYLINE
  5
A77
330
17
100
AcDbEntity
  8
CORTE-TILE
100
AcDbPolyline
 90
4
 70
1
 10
510.8142
 20
-82.0044
 10
511.41020000000003
 20
-82.0044
 10
511.41020000000003
 20
-80.8104
 10
510.8142
 20
-80.8104
  0
LWPOLYLINE
  5
A78
330
17
100
AcDbEntity
  8
CORTE-RECORTE
100
AcDbPolyline
 90
4
 70
1
 10
510.8142
 20
-82.0044
 10
511.41020000000003
 20
-82.0044
 10
511.41020000000003
 20
-81.3044
 10
510.8142
 20
-81.3044
  0
TEXT
  5
A79
330
17
100
AcDbEntity
  8
CORTE-TEXTO
100
AcDbText
 10
511.11220000000003
 20
-81.65440000000001
 30
0.0
 40
0.045
  1
D1-R1
 72
1
 11
511.11220000000003
 21
-81.65440000000001
 31
0.0
100
AcDbText
 73
2
  0
LWPOLYLINE
  5
A7A
330
17
100
AcDbEntity
  8
CORTE-SOBRANTE
100
AcDbPolyline
 90
4
 70
1
 10
510.8142
 20
-81.3044
 10
511.41020000000003
 20
-81.3044
 10
511.41020000000003
 20
-80.8104
 10
510.8142
 20
-80.8104
  0
TEXT
  5
A7B
330
17
100
AcDbEntity
  8
CORTE-TEXTO
100
AcDbText
 10
511.11220000000003
 20
-80.74040000000001
 30
0.0
 40
0.06
  1
B1
 72
1
 11
511.11220000000003
 21
-80.74040000000001
 31
0.0
100
AcDbText
 73
2
  0
LWPOLYLINE
  5
A7C
330
17
100
AcDbEntity
  8
CORTE-TILE
100
AcDbPolyline
 90
4
 70
1
 10
511.71020000000004
 20
-82.0044
 10
512.3062
 20
-82.0044
 10
512.3062
 20
-80.8104
 10
511.71020000000004
 20
-80.8104
  0
LWPOLYLINE
  5
A7D
330
17
100
AcDbEntity
  8
CORTE-RECORTE
100
AcDbPolyline
 90
4
 70
1
 10
511.71020000000004
 20
-82.0044
 10
512.3062
 20
-82.0044
 10
512.3062
 20
-81.3044
 10
511.71020000000004
 20
-81.3044
  0
TEXT
  5
A7E
330
17
100
AcDbEntity
  8
CORTE-TEXTO
100
AcDbText
 10
512.0082
 20
-81.65440000000001
 30
0.0
 40
0.045
  1
D1-R2
 72
1
 11
512.0082
 21
-81.65440000000001
 31
0.0
100
AcDbText
 73
2
  0
LWPOLYLINE
  5
A7F
330
17
100
AcDbEntity
  8
CORTE-SOBRANTE
100
AcDbPolyline
 90
4
 70
1
 10
511.71020000000004
 20
-81.3044
 10
512.3062
 20
-81.3044
 10
512.3062
 20
-80.8104
 10
511.71020000000004
 20
-80.8104
  0
TEXT
  5
A80
330
17
100
AcDbEntity
  8
CORTE-TEXTO
100
AcDbText
 10
512.0082
 20
-80.74040000000001
 30
0.0
 40
0.06
  1
B2
 72
1
 11
512.0082
 21
-80.74040000000001
 31
0.0
100
AcDbText
 73
2
  0
LWPOLYLINE
  5
A81
330
17
100
AcDbEntity
  8
CORTE-TILE
100
AcDbPolyline
 90
4
 70
1
 10
512.6062000000001
 20
-82.0044
 10
513.2022000000001
 20
-82.0044
 10
513.2022000000001
 20
-80.8104
 10
512.6062000000001
 20
-80.8104
  0
LWPOLYLINE
  5
A82
330
17
100
AcDbEntity
  8
CORTE-RECORTE
100
AcDbPolyline
 90
4
 70
1
 10
512.6062000000001
 20
-82.0044
 10
512.8762
 20
-82.0044
 10
512.8762
 20
-80.8544
 10
512.6062000000001
 20
-80.8544
  0
TEXT
  5
A83
330
17
100
AcDbEntity
  8
CORTE-TEXTO
100
AcDbText
 10
512.7412
 20
-81.4294
 30
0.0
 40
0.045
  1
H1
 72
1
 11
512.7412
 21
-81.4294
 31
0.0
100
AcDbText
 73
2
  0
LWPOLYLINE
  5
A84
330
17
100
AcDbEntity
  8
CORTE-RECORTE
100
AcDbPolyline
 90
4
 70
1
 10
512.8762
 20
-82.0044
 10
513.1462
 20
-82.0044
 10
513.1462
 20
-80.8544
 10
512.8762
 20
-80.8544
  0
TEXT
  5
A85
330
17
100
AcDbEntity
  8
CORTE-TEXTO
100
AcDbText
 10
513.0112
 20
-81.4294
 30
0.0
 40
0.045
  1
H2
 72
1
 11
513.0112
 21
-81.4294
 31
0.0
100
AcDbText
 73
2
  0
LWPOLYLINE
  5
A86
330
17
100
AcDbEntity
  8
CORTE-SOBRANTE
100
AcDbPolyline
 90
4
 70
1
 10
512.6062000000001
 20
-80.8544
 10
512.8762
 20
-80.8544
 10
512.8762
 20
-80.8104
 10
512.6062000000001
 20
-80.8104
  0
LWPOLYLINE
  5
A87
330
17
100
AcDbEntity
  8
CORTE-SOBRANTE
100
AcDbPolyline
 90
4
 70
1
 10
513.1462
 20
-82.0044
 10
513.2022000000001
 20
-82.0044
 10
513.2022000000001
 20
-80.8104
 10
513.1462
 20
-80.8104
  0
LWPOLYLINE
  5
A88
330
17
100
AcDbEntity
  8
CORTE-SOBRANTE
100
AcDbPolyline
 90
4
 70
1
 10
512.8762
 20
-80.8544
 10
513.1462
 20
-80.8544
 10
513.1462
 20
-80.8104
 10
512.8762
 20
-80.8104
  0
TEXT
  5
A89
330
17
100
AcDbEntity
  8
CORTE-TEXTO
100
AcDbText
 10
512.9042000000001
 20
-80.74040000000001
 30
0.0
 40
0.06
  1
B3
 72
1
 11
512.9042000000001
 21
-80.74040000000001
 31
0.0
100
AcDbText
 73
2
  0
LWPOLYLINE
  5
A8A
330
17
100
AcDbEntity
  8
CORTE-TILE
100
AcDbPolyline
 90
4
 70
1
 10
513.5022
 20
-82.0044
 10
514.0982
 20
-82.0044
 10
514.0982
 20
-80.8104
 10
513.5022
 20
-80.8104
  0
LWPOLYLINE
  5
A8B
330
17
100
AcDbEntity
  8
CORTE-RECORTE
100
AcDbPolyline
 90
4
 70
1
 10
513.5022
 20
-82.0044
 10
513.7722
 20
-82.0044
 10
513.7722
 20
-80.8544
 10
513.5022
 20
-80.8544
  0
TEXT
  5
A8C
330
17
100
AcDbEntity
  8
CORTE-TEXTO
100
AcDbText
 10
513.6372
 20
-81.4294
 30
0.0
 40
0.045
  1
H3
 72
1
 11
513.6372
 21
-81.4294
 31
0.0
100
AcDbText
 73
2
  0
LWPOLYLINE
  5
A8D
330
17
100
AcDbEntity
  8
CORTE-RECORTE
100
AcDbPolyline
 90
4
 70
1
 10
513.7722
 20
-82.0044
 10
514.0422
 20
-82.0044
 10
514.0422
 20
-80.8544
 10
513.7722
 20
-80.8544
  0
TEXT
  5
A8E
330
17
100
AcDbEntity
  8
CORTE-TEXTO
100
AcDbText
 10
513.9072
 20
-81.4294
 30
0.0
 40
0.045
  1
H4
 72
1
 11
513.9072
 21
-81.4294
 31
0.0
100
AcDbText
 73
2
  0
LWPOLYLINE
  5
A8F
330
17
100
AcDbEntity
  8
CORTE-SOBRANTE
100
AcDbPolyline
 90
4
 70
1
 10
513.5022
 20
-80.8544
 10
513.7722
 20
-80.8544
 10
513.7722
 20
-80.8104
 10
513.5022
 20
-80.8104
  0
LWPOLYLINE
  5
A90
330
17
100
AcDbEntity
  8
CORTE-SOBRANTE
100
AcDbPolyline
 90
4
 70
1
 10
514.0422
 20
-82.0044
 10
514.0982
 20
-82.0044
 10
514.0982
 20
-80.8104
 10
514.0422
 20
-80.8104
  0
LWPOLYLINE
  5
A91
330
17
100
AcDbEntity
  8
CORTE-SOBRANTE
100
AcDbPolyline
 90
4
 70
1
 10
513.7722
 20
-80.8544
 10
514.0422
 20
-80.8544
 10
514.0422
 20
-80.8104
 10
513.7722
 20
-80.8104
  0
TEXT
  5
A92
330
17
100
AcDbEntity
  8
CORTE-TEXTO
100
AcDbText
 10
513.8002
 20
-80.74040000000001
 30
0.0
 40
0.06
  1
B4
 72
1
 11
513.8002
 21
-80.74040000000001
 31
0.0
100
AcDbText
 73
2
  0
LWPOLYLINE
  5
A93
330
17
100
AcDbEntity
  8
CORTE-TILE
100
AcDbPolyline
 90
4
 70
1
 10
514.3982
 20
-82.0044
 10
514.9942
 20
-82.0044
 10
514.9942
 20
-80.8104
 10
514.3982
 20
-80.8104
  0
LWPOLYLINE
  5
A94
330
17
100
AcDbEntity
  8
CORTE-RECORTE
100
AcDbPolyline
 90
4
 70
1
 10
514.3982
 20
-82.0044
 10
514.6682
 20
-82.0044
 10
514.6682
 20
-80.8544
 10
514.3982
 20
-80.8544
  0
TEXT
  5
A95
330
17
100
AcDbEntity
  8
CORTE-TEXTO
100
AcDbText
 10
514.5332
 20
-81.4294
 30
0.0
 40
0.045
  1
H5
 72
1
 11
514.5332
 21
-81.4294
 31
0.0
100
AcDbText
 73
2
  0
LWPOLYLINE
  5
A96
330
17
100
AcDbEntity
  8
CORTE-RECORTE
100
AcDbPolyline
 90
4
 70
1
 10
514.6682
 20
-82.0044
 10
514.9381999999999
 20
-82.0044
 10
514.9381999999999
 20
-80.8544
 10
514.6682
 20
-80.8544
  0
TEXT
  5
A97
330
17
100
AcDbEntity
  8
CORTE-TEXTO
100
AcDbText
 10
514.8032
 20
-81.4294
 30
0.0
 40
0.045
  1
H6
 72
1
 11
514.8032
 21
-81.4294
 31
0.0
100
AcDbText
 73
2
  0
LWPOLYLINE
  5
A98
330
17
100
AcDbEntity
  8
CORTE-SOBRANTE
100
AcDbPolyline
 90
4
 70
1
 10
514.3982
 20
-80.8544
 10
514.6682
 20
-80.8544
 10
514.6682
 20
-80.8104
 10
514.3982
 20
-80.8104
  0
LWPOLYLINE
  5
A99
330
17
100
AcDbEntity
  8
CORTE-SOBRANTE
100
AcDbPolyline
 90
4
 70
1
 10
514.9381999999999
 20
-82.0044
 10
514.9942
 20
-82.0044
 10
514.9942
 20
-80.8104
 10
514.9381999999999
 20
-80.8104
  0
LWPOLYLINE
  5
A9A
330
17
100
AcDbEntity
  8
CORTE-SOBRANTE
100
AcDbPolyline
 90
4
 70
1
 10
514.6682
 20
-80.8544
 10
514.9381999999999
 20
-80.8544
 10
514.9381999999999
 20
-80.8104
 10
514.6682
 20
-80.8104
  0
TEXT
  5
A9B
330
17
100
AcDbEntity
  8
CORTE-TEXTO
100
AcDbText
 10
514.6962
 20
-80.74040000000001
 30
0.0
 40
0.06
  1
B5
 72
1
 11
514.6962
 21
-80.74040000000001
 31
0.0
100
AcDbText
 73
2
  0
LWPOLYLINE
  5
A9C
330
17
100
AcDbEntity
  8
CORTE-TILE
100
AcDbPolyline
 90
4
 70
1
 10
515.2942
 20
-82.0044
 10
515.8902
 20
-82.0044
 10
515.8902
 20
-80.8104
 10
515.2942
 20
-80.8104
  0
LWPOLYLINE
  5
A9D
330
17
100
AcDbEntity
  8
CORTE-RECORTE
100
AcDbPolyline
 90
4
 70
1
 10
515.2942
 20
-82.0044
 10
515.5642
 20
-82.0044
 10
515.5642
 20
-80.8544
 10
515.2942
 20
-80.8544
  0
TEXT
  5
A9E
330
17
100
AcDbEntity
  8
CORTE-TEXTO
100
AcDbText
 10
515.4292
 20
-81.4294
 30
0.0
 40
0.045
  1
H7
 72
1
 11
515.4292
 21
-81.4294
 31
0.0
100
AcDbText
 73
2
  0
LWPOLYLINE
  5
A9F
330
17
100
AcDbEntity
  8
CORTE-RECORTE
100
AcDbPolyline
 90
4
 70
1
 10
515.5642
 20
-82.0044
 10
515.8342
 20
-82.0044
 10
515.8342
 20
-80.8544
 10
515.5642
 20
-80.8544
  0
TEXT
  5
AA0
330
17
100
AcDbEntity
  8
CORTE-TEXTO
100
AcDbText
 10
515.6992
 20
-81.4294
 30
0.0
 40
0.045
  1
H8
 72
1
 11
515.6992
 21
-81.4294
 31
0.0
100
AcDbText
 73
2
  0
LWPOLYLINE
  5
AA1
330
17
100
AcDbEntity
  8
CORTE-SOBRANTE
100
AcDbPolyline
 90
4
 70
1
 10
515.2942
 20
-80.8544
 10
515.5642
 20
-80.8544
 10
515.5642
 20
-80.8104
 10
515.2942
 20
-80.8104
  0
LWPOLYLINE
  5
AA2
330
17
100
AcDbEntity
  8
CORTE-SOBRANTE
100
AcDbPolyline
 90
4
 70
1
 10
515.8342
 20
-82.0044
 10
515.8902
 20
-82.0044
 10
515.8902
 20
-80.8104
 10
515.8342
 20
-80.8104
  0
LWPOLYLINE
  5
AA3
330
17
100
AcDbEntity
  8
CORTE-SOBRANTE
100
AcDbPolyline
 90
4
 70
1
 10
515.5642
 20
-80.8544
 10
515.8342
 20
-80.8544
 10
515.8342
 20
-80.8104
 10
515.5642
 20
-80.8104
  0
TEXT
  5
AA4
330
17
100
AcDbEntity
  8
CORTE-TEXTO
100
AcDbText
 10
515.5922
 20
-80.74040000000001
 30
0.0
 40
0.06
  1
B6
 72
1
 11
515.5922
 21
-80.74040000000001
 31
0.0
100
AcDbText
 73
2
  0
LWPOLYLINE
  5
AA5
330
17
100
AcDbEntity
  8
CORTE-TILE
100
AcDbPolyline
 90
4
 70
1
 10
510.8142
 20
-83.7484
 10
511.41020000000003
 20
-83.7484
 10
511.41020000000003
 20
-82.5544
 10
510.8142
 20
-82.5544
  0
LWPOLYLINE
  5
AA6
330
17
100
AcDbEntity
  8
CORTE-RECORTE
100
AcDbPolyline
 90
4
 70
1
 10
510.8142
 20
-83.7484
 10
511.0842
 20
-83.7484
 10
511.0842
 20
-82.5984
 10
510.8142
 20
-82.5984
  0
TEXT
  5
AA7
330
17
100
AcDbEntity
  8
CORTE-TEXTO
100
AcDbText
 10
510.9492
 20
-83.1734
 30
0.0
 40
0.045
  1
H9
 72
1
 11
510.9492
 21
-83.1734
 31
0.0
100
AcDbText
 73
2
  0
LWPOLYLINE
  5
AA8
330
17
100
AcDbEntity
  8
CORTE-RECORTE
100
AcDbPolyline
 90
4
 70
1
 10
511.0842
 20
-83.7484
 10
511.3542
 20
-83.7484
 10
511.3542
 20
-82.5984
 10
511.0842
 20
-82.5984
  0
TEXT
  5
AA9
330
17
100
AcDbEntity
  8
CORTE-TEXTO
100
AcDbText
 10
511.2192
 20
-83.1734
 30
0.0
 40
0.045
  1
H10
 72
1
 11
511.2192
 21
-83.1734
 31
0.0
100
AcDbText
 73
2
  0
LWPOLYLINE
  5
AAA
330
17
100
AcDbEntity
  8
CORTE-SOBRANTE
100
AcDbPolyline
 90
4
 70
1
 10
510.8142
 20
-82.5984
 10
511.0842
 20
-82.5984
 10
511.0842
 20
-82.5544
 10
510.8142
 20
-82.5544
  0
LWPOLYLINE
  5
AAB
330
17
100
AcDbEntity
  8
CORTE-SOBRANTE
100
AcDbPolyline
 90
4
 70
1
 10
511.35420000000005
 20
-83.7484
 10
511.41020000000003
 20
-83.7484
 10
511.41020000000003
 20
-82.5544
 10
511.35420000000005
 20
-82.5544
  0
LWPOLYLINE
  5
AAC
330
17
100
AcDbEntity
  8
CORTE-SOBRANTE
100
AcDbPolyline
 90
4
 70
1
 10
511.0842
 20
-82.5984
 10
511.3542
 20
-82.5984
 10
511.3542
 20
-82.5544
 10
511.0842
 20
-82.5544
  0
TEXT
  5
AAD
330
17
100
AcDbEntity
  8
CORTE-TEXTO
100
AcDbText
 10
511.11220000000003
 20
-82.48440000000001
 30
0.0
 40
0.06
  1
B7
 72
1
 11
511.11220000000003
 21
-82.48440000000001
 31
0.0
100
AcDbText
 73
2
  0
LWPOLYLINE
  5
AAE
330
17
100
AcDbEntity
  8
CORTE-TILE
100
AcDbPolyline
 90
4
 70
1
 10
511.71020000000004
 20
-83.7484
 10
512.3062
 20
-83.7484
 10
512.3062
 20
-82.5544
 10
511.71020000000004
 20
-82.5544
  0
LWPOLYLINE
  5
AAF
330
17
100
AcDbEntity
  8
CORTE-RECORTE
100
AcDbPolyline
 90
4
 70
1
 10
511.71020000000004
 20
-83.7484
 10
511.9802
 20
-83.7484
 10
511.9802
 20
-82.5984
 10
511.71020000000004
 20
-82.5984
  0
TEXT
  5
AB0
330
17
100
AcDbEntity
  8
CORTE-TEXTO
100
AcDbText
 10
511.84520000000003
 20
-83.1734
 30
0.0
 40
0.045
  1
H11
 72
1
 11
511.84520000000003
 21
-83.1734
 31
0.0
100
AcDbText
 73
2
  0
LWPOLYLINE
  5
AB1
330
17
100
AcDbEntity
  8
CORTE-RECORTE
100
AcDbPolyline
 90
4
 70
1
 10
511.9802
 20
-83.7484
 10
512.2502000000001
 20
-83.7484
 10
512.2502000000001
 20
-82.5984
 10
511.9802
 20
-82.5984
  0
TEXT
  5
AB2
330
17
100
AcDbEntity
  8
CORTE-TEXTO
100
AcDbText
 10
512.1152000000001
 20
-83.1734
 30
0.0
 40
0.045
  1
H12
 72
1
 11
512.1152000000001
 21
-83.1734
 31
0.0
100
AcDbText
 73
2
  0
LWPOLYLINE
  5
AB3
330
17
100
AcDbEntity
  8
CORTE-SOBRANTE
100
AcDbPolyline
 90
4
 70
1
 10
511.71020000000004
 20
-82.5984
 10
511.9802
 20
-82.5984
 10
511.9802
 20
-82.5544
 10
511.71020000000004
 20
-82.5544
  0
LWPOLYLINE
  5
AB4
330
17
100
AcDbEntity
  8
CORTE-SOBRANTE
100
AcDbPolyline
 90
4
 70
1
 10
512.2502000000001
 20
-83.7484
 10
512.3062000000001
 20
-83.7484
 10
512.3062000000001
 20
-82.5544
 10
512.2502000000001
 20
-82.5544
  0
LWPOLYLINE
  5
AB5
330
17
100
AcDbEntity
  8
CORTE-SOBRANTE
100
AcDbPolyline
 90
4
 70
1
 10
511.9802
 20
-82.5984
 10
512.2502000000001
 20
-82.5984
 10
512.2502000000001
 20
-82.5544
 10
511.9802
 20
-82.5544
  0
TEXT
  5
AB6
330
17
100
AcDbEntity
  8
CORTE-TEXTO
100
AcDbText
 10
512.0082
 20
-82.48440000000001
 30
0.0
 40
0.06
  1
B8
 72
1
 11
512.0082
 21
-82.48440000000001
 31
0.0
100
AcDbText
 73
2
  0
LWPOLYLINE
  5
AB7
330
17
100
AcDbEntity
  8
CORTE-TILE
100
AcDbPolyline
 90
4
 70
1
 10
512.6062000000001
 20
-83.7484
 10
513.2022000000001
 20
-83.7484
 10
513.2022000000001
 20
-82.5544
 10
512.6062000000001
 20
-82.5544
  0
LWPOLYLINE
  5
AB8
330
17
100
AcDbEntity
  8
CORTE-RECORTE
100
AcDbPolyline
 90
4
 70
1
 10
512.6062000000001
 20
-83.7484
 10
512.8762
 20
-83.7484
 10
512.8762
 20
-82.5984
 10
512.6062000000001
 20
-82.5984
  0
TEXT
  5
AB9
330
17
100
AcDbEntity
  8
CORTE-TEXTO
100
AcDbText
 10
512.7412
 20
-83.1734
 30
0.0
 40
0.045
  1
H13
 72
1
 11
512.7412
 21
-83.1734
 31
0.0
100
AcDbText
 73
2
  0
LWPOLYLINE
  5
ABA
330
17
100
AcDbEntity
  8
CORTE-RECORTE
100
AcDbPolyline
 90
4
 70
1
 10
512.8762
 20
-83.7484
 10
513.1462
 20
-83.7484
 10
513.1462
 20
-82.5984
 10
512.8762
 20
-82.5984
  0
TEXT
  5
ABB
330
17
100
AcDbEntity
  8
CORTE-TEXTO
100
AcDbText
 10
513.0112
 20
-83.1734
 30
0.0
 40
0.045
  1
H14
 72
1
 11
513.0112
 21
-83.1734
 31
0.0
100
AcDbText
 73
2
  0
LWPOLYLINE
  5
ABC
330
17
100
AcDbEntity
  8
CORTE-SOBRANTE
100
AcDbPolyline
 90
4
 70
1
 10
512.6062000000001
 20
-82.5984
 10
512.8762
 20
-82.5984
 10
512.8762
 20
-82.5544
 10
512.6062000000001
 20
-82.5544
  0
LWPOLYLINE
  5
ABD
330
17
100
AcDbEntity
  8
CORTE-SOBRANTE
100
AcDbPolyline
 90
4
 70
1
 10
513.1462
 20
-83.7484
 10
513.2022000000001
 20
-83.7484
 10
513.2022000000001
 20
-82.5544
 10
513.1462
 20
-82.5544
  0
LWPOLYLINE
  5
ABE
330
17
100
AcDbEntity
  8
CORTE-SOBRANTE
100
AcDbPolyline
 90
4
 70
1
 10
512.8762
 20
-82.5984
 10
513.1462
 20
-82.5984
 10
513.1462
 20
-82.5544
 10
512.8762
 20
-82.5544
  0
TEXT
  5
ABF
330
17
100
AcDbEntity
  8
CORTE-TEXTO
100
AcDbText
 10
512.9042000000001
 20
-82.48440000000001
 30
0.0
 40
0.06
  1
B9
 72
1
 11
512.9042000000001
 21
-82.48440000000001
 31
0.0
100
AcDbText
 73
2
  0
LWPOLYLINE
  5
AC0
330
17
100
AcDbEntity
  8
CORTE-TILE
100
AcDbPolyline
 90
4
 70
1
 10
513.5022
 20
-83.7484
 10
514.0982
 20
-83.7484
 10
514.0982
 20
-82.5544
 10
513.5022
 20
-82.5544
  0
LWPOLYLINE
  5
AC1
330
17
100
AcDbEntity
  8
CORTE-RECORTE
100
AcDbPolyline
 90
4
 70
1
 10
513.5022
 20
-83.7484
 10
513.6772
 20
-83.7484
 10
513.6772
 20
-82.5984
 10
513.5022
 20
-82.5984
  0
TEXT
  5
AC2
330
17
100
AcDbEntity
  8
CORTE-TEXTO
100
AcDbText
 10
513.5897
 20
-83.1734
 30
0.0
 40
0.045
  1
P1
 72
1
 11
513.5897
 21
-83.1734
 31
0.0
100
AcDbText
 73
2
  0
LWPOLYLINE
  5
AC3
330
17
100
AcDbEntity
  8
CORTE-RECORTE
100
AcDbPolyline
 90
4
 70
1
 10
513.6772
 20
-83.7484
 10
513.8521999999999
 20
-83.7484
 10
513.8521999999999
 20
-82.5984
 10
513.6772
 20
-82.5984
  0
TEXT
  5
AC4
330
17
100
AcDbEntity
  8
CORTE-TEXTO
100
AcDbText
 10
513.7647
 20
-83.1734
 30
0.0
 40
0.045
  1
P2
 72
1
 11
513.7647
 21
-83.1734
 31
0.0
100
AcDbText
 73
2
  0
LWPOLYLINE
  5
AC5
330
17
100
AcDbEntity
  8
CORTE-RECORTE
100
AcDbPolyline
 90
4
 70
1
 10
513.8522
 20
-83.7484
 10
514.0272
 20
-83.7484
 10
514.0272
 20
-82.5984
 10
513.8522
 20
-82.5984
  0
TEXT
  5
AC6
330
17
100
AcDbEntity
  8
CORTE-TEXTO
100
AcDbText
 10
513.9397
 20
-83.1734
 30
0.0
 40
0.045
  1
P3
 72
1
 11
513.9397
 21
-83.1734
 31
0.0
100
AcDbText
 73
2
  0
LWPOLYLINE
  5
AC7
330
17
100
AcDbEntity
  8
CORTE-SOBRANTE
100
AcDbPolyline
 90
4
 70
1
 10
513.5022
 20
-82.5984
 10
513.6772
 20
-82.5984
 10
513.6772
 20
-82.5544
 10
513.5022
 20
-82.5544
  0
LWPOLYLINE
  5
AC8
330
17
100
AcDbEntity
  8
CORTE-SOBRANTE
100
AcDbPolyline
 90
4
 70
1
 10
513.6772
 20
-82.5984
 10
513.8521999999999
 20
-82.5984
 10
513.8521999999999
 20
-82.5544
 10
513.6772
 20
-82.5544
  0
LWPOLYLINE
  5
AC9
330
17
100
AcDbEntity
  8
CORTE-SOBRANTE
100
AcDbPolyline
 90
4
 70
1
 10
514.0272
 20
-83.7484
 10
514.0982
 20
-83.7484
 10
514.0982
 20
-82.5544
 10
514.0272
 20
-82.5544
  0
LWPOLYLINE
  5
ACA
330
17
100
AcDbEntity
  8
CORTE-SOBRANTE
100
AcDbPolyline
 90
4
 70
1
 10
513.8522
 20
-82.5984
 10
514.0272
 20
-82.5984
 10
514.0272
 20
-82.5544
 10
513.8522
 20
-82.5544
  0
TEXT
  5
ACB
330
17
100
AcDbEntity
  8
CORTE-TEXTO
100
AcDbText
 10
513.8002
 20
-82.48440000000001
 30
0.0
 40
0.06
  1
B10
 72
1
 11
513.8002
 21
-82.48440000000001
 31
0.0
100
AcDbText
 73
2
  0
LWPOLYLINE
  5
ACC
330
17
100
AcDbEntity
  8
CORTE-TILE
100
AcDbPolyline
 90
4
 70
1
 10
514.3982
 20
-83.7484
 10
514.9942
 20
-83.7484
 10
514.9942
 20
-82.5544
 10
514.3982
 20
-82.5544
  0
LWPOLYLINE
  5
ACD
330
17
100
AcDbEntity
  8
CORTE-RECORTE
100
AcDbPolyline
 90
4
 70
1
 10
514.3982
 20
-83.7484
 10
514.5731999999999
 20
-83.7484
 10
514.5731999999999
 20
-82.5984
 10
514.3982
 20
-82.5984
  0
TEXT
  5
ACE
330
17
100
AcDbEntity
  8
CORTE-TEXTO
100
AcDbText
 10
514.4857
 20
-83.1734
 30
0.0
 40
0.045
  1
P4
 72
1
 11
514.4857
 21
-83.1734
 31
0.0
100
AcDbText
 73
2
  0
LWPOLYLINE
  5
ACF
330
17
100
AcDbEntity
  8
CORTE-RECORTE
100
AcDbPolyline
 90
4
 70
1
 10
514.5731999999999
 20
-83.7484
 10
514.7481999999999
 20
-83.7484
 10
514.7481999999999
 20
-82.5984
 10
514.5731999999999
 20
-82.5984
  0
TEXT
  5
AD0
330
17
100
AcDbEntity
  8
CORTE-TEXTO
100
AcDbText
 10
514.6606999999999
 20
-83.1734
 30
0.0
 40
0.045
  1
P5
 72
1
 11
514.6606999999999
 21
-83.1734
 31
0.0
100
AcDbText
 73
2
  0
LWPOLYLINE
  5
AD1
330
17
100
AcDbEntity
  8
CORTE-RECORTE
100
AcDbPolyline
 90
4
 70
1
 10
514.7482
 20
-83.7484
 10
514.9232
 20
-83.7484
 10
514.9232
 20
-82.5984
 10
514.7482
 20
-82.5984
  0
TEXT
  5
AD2
330
17
100
AcDbEntity
  8
CORTE-TEXTO
100
AcDbText
 10
514.8357
 20
-83.1734
 30
0.0
 40
0.045
  1
P6
 72
1
 11
514.8357
 21
-83.1734
 31
0.0
100
AcDbText
 73
2
  0
LWPOLYLINE
  5
AD3
330
17
100
AcDbEntity
  8
CORTE-SOBRANTE
100
AcDbPolyline
 90
4
 70
1
 10
514.3982
 20
-82.5984
 10
514.5731999999999
 20
-82.5984
 10
514.5731999999999
 20
-82.5544
 10
514.3982
 20
-82.5544
  0
LWPOLYLINE
  5
AD4
330
17
100
AcDbEntity
  8
CORTE-SOBRANTE
100
AcDbPolyline
 90
4
 70
1
 10
514.5731999999999
 20
-82.5984
 10
514.7481999999999
 20
-82.5984
 10
514.7481999999999
 20
-82.5544
 10
514.5731999999999
 20
-82.5544
  0
LWPOLYLINE
  5
AD5
330
17
100
AcDbEntity
  8
CORTE-SOBRANTE
100
AcDbPolyline
 90
4
 70
1
 10
514.9232
 20
-83.7484
 10
514.9942
 20
-83.7484
 10
514.9942
 20
-82.5544
 10
514.9232
 20
-82.5544
  0
LWPOLYLINE
  5
AD6
330
17
100
AcDbEntity
  8
CORTE-SOBRANTE
100
AcDbPolyline
 90
4
 70
1
 10
514.7482
 20
-82.5984
 10
514.9232
 20
-82.5984
 10
514.9232
 20
-82.5544
 10
514.7482
 20
-82.5544
  0
TEXT
  5
AD7
330
17
100
AcDbEntity
  8
CORTE-TEXTO
100
AcDbText
 10
514.6962
 20
-82.48440000000001
 30
0.0
 40
0.06
  1
B11
 72
1
 11
514.6962
 21
-82.48440000000001
 31
0.0
100
AcDbText
 73
2
  0
LWPOLYLINE
  5
AD8
330
17
100
AcDbEntity
  8
CORTE-TILE
100
AcDbPolyline
 90
4
 70
1
 10
515.2942
 20
-83.7484
 10
515.8902
 20
-83.7484
 10
515.8902
 20
-82.5544
 10
515.2942
 20
-82.5544
  0
LWPOLYLINE
  5
AD9
330
17
100
AcDbEntity
  8
CORTE-RECORTE
100
AcDbPolyline
 90
4
 70
1
 10
515.2942
 20
-83.7484
 10
515.4692
 20
-83.7484
 10
515.4692
 20
-82.5984
 10
515.2942
 20
-82.5984
  0
TEXT
  5
ADA
330
17
100
AcDbEntity
  8
CORTE-TEXTO
100
AcDbText
 10
515.3817
 20
-83.1734
 30
0.0
 40
0.045
  1
P7
 72
1
 11
515.3817
 21
-83.1734
 31
0.0
100
AcDbText
 73
2
  0
LWPOLYLINE
  5
ADB
330
17
100
AcDbEntity
  8
CORTE-RECORTE
100
AcDbPolyline
 90
4
 70
1
 10
515.4692
 20
-83.7484
 10
515.6442
 20
-83.7484
 10
515.6442
 20
-82.5984
 10
515.4692
 20
-82.5984
  0
TEXT
  5
ADC
330
17
100
AcDbEntity
  8
CORTE-TEXTO
100
AcDbText
 10
515.5567
 20
-83.1734
 30
0.0
 40
0.045
  1
P8
 72
1
 11
515.5567
 21
-83.1734
 31
0.0
100
AcDbText
 73
2
  0
LWPOLYLINE
  5
ADD
330
17
100
AcDbEntity
  8
CORTE-RECORTE
100
AcDbPolyline
 90
4
 70
1
 10
515.6442000000001
 20
-83.7484
 10
515.8192
 20
-83.7484
 10
515.8192
 20
-82.5984
 10
515.6442000000001
 20
-82.5984
  0
TEXT
  5
ADE
330
17
100
AcDbEntity
  8
CORTE-TEXTO
100
AcDbText
 10
515.7317
 20
-83.1734
 30
0.0
 40
0.045
  1
P9
 72
1
 11
515.7317
 21
-83.1734
 31
0.0
100
AcDbText
 73
2
  0
LWPOLYLINE
  5
ADF
330
17
100
AcDbEntity
  8
CORTE-SOBRANTE
100
AcDbPolyline
 90
4
 70
1
 10
515.2942
 20
-82.5984
 10
515.4692
 20
-82.5984
 10
515.4692
 20
-82.5544
 10
515.2942
 20
-82.5544
  0
LWPOLYLINE
  5
AE0
330
17
100
AcDbEntity
  8
CORTE-SOBRANTE
100
AcDbPolyline
 90
4
 70
1
 10
515.4692
 20
-82.5984
 10
515.6442
 20
-82.5984
 10
515.6442
 20
-82.5544
 10
515.4692
 20
-82.5544
  0
LWPOLYLINE
  5
AE1
330
17
100
AcDbEntity
  8
CORTE-SOBRANTE
100
AcDbPolyline
 90
4
 70
1
 10
515.8192
 20
-83.7484
 10
515.8902
 20
-83.7484
 10
515.8902
 20
-82.5544
 10
515.8192
 20
-82.5544
  0
LWPOLYLINE
  5
AE2
330
17
100
AcDbEntity
  8
CORTE-SOBRANTE
100
AcDbPolyline
 90
4
 70
1
 10
515.6442000000001
 20
-82.5984
 10
515.8192
 20
-82.5984
 10
515.8192
 20
-82.5544
 10
515.6442000000001
 20
-82.5544
  0
TEXT
  5
AE3
330
17
100
AcDbEntity
  8
CORTE-TEXTO
100
AcDbText
 10
515.5922
 20
-82.48440000000001
 30
0.0
 40
0.06
  1
B12
 72
1
 11
515.5922
 21
-82.48440000000001
 31
0.0
100
AcDbText
 73
2
  0
LWPOLYLINE
  5
AE4
330
17
100
AcDbEntity
  8
CORTE-TILE
100
AcDbPolyline
 90
4
 70
1
 10
510.8142
 20
-85.4924
 10
511.41020000000003
 20
-85.4924
 10
511.41020000000003
 20
-84.2984
 10
510.8142
 20
-84.2984
  0
LWPOLYLINE
  5
AE5
330
17
100
AcDbEntity
  8
CORTE-RECORTE
100
AcDbPolyline
 90
4
 70
1
 10
510.8142
 20
-85.4924
 10
510.98920000000004
 20
-85.4924
 10
510.98920000000004
 20
-84.3424
 10
510.8142
 20
-84.3424
  0
TEXT
  5
AE6
330
17
100
AcDbEntity
  8
CORTE-TEXTO
100
AcDbText
 10
510.9017
 20
-84.9174
 30
0.0
 40
0.045
  1
P10
 72
1
 11
510.9017
 21
-84.9174
 31
0.0
100
AcDbText
 73
2
  0
LWPOLYLINE
  5
AE7
330
17
100
AcDbEntity
  8
CORTE-RECORTE
100
AcDbPolyline
 90
4
 70
1
 10
510.98920000000004
 20
-85.4924
 10
511.16420000000005
 20
-85.4924
 10
511.16420000000005
 20
-84.3424
 10
510.98920000000004
 20
-84.3424
  0
TEXT
  5
AE8
330
17
100
AcDbEntity
  8
CORTE-TEXTO
100
AcDbText
 10
511.0767
 20
-84.9174
 30
0.0
 40
0.045
  1
P11
 72
1
 11
511.0767
 21
-84.9174
 31
0.0
100
AcDbText
 73
2
  0
LWPOLYLINE
  5
AE9
330
17
100
AcDbEntity
  8
CORTE-RECORTE
100
AcDbPolyline
 90
4
 70
1
 10
511.16420000000005
 20
-85.4924
 10
511.33920000000006
 20
-85.4924
 10
511.33920000000006
 20
-84.3424
 10
511.16420000000005
 20
-84.3424
  0
TEXT
  5
AEA
330
17
100
AcDbEntity
  8
CORTE-TEXTO
100
AcDbText
 10
511.2517
 20
-84.9174
 30
0.0
 40
0.045
  1
P12
 72
1
 11
511.2517
 21
-84.9174
 31
0.0
100
AcDbText
 73
2
  0
LWPOLYLINE
  5
AEB
330
17
100
AcDbEntity
  8
CORTE-SOBRANTE
100
AcDbPolyline
 90
4
 70
1
 10
510.8142
 20
-84.3424
 10
510.98920000000004
 20
-84.3424
 10
510.98920000000004
 20
-84.2984
 10
510.8142
 20
-84.2984
  0
LWPOLYLINE
  5
AEC
330
17
100
AcDbEntity
  8
CORTE-SOBRANTE
100
AcDbPolyline
 90
4
 70
1
 10
510.98920000000004
 20
-84.3424
 10
511.16420000000005
 20
-84.3424
 10
511.16420000000005
 20
-84.2984
 10
510.98920000000004
 20
-84.2984
  0
LWPOLYLINE
  5
AED
330
17
100
AcDbEntity
  8
CORTE-SOBRANTE
100
AcDbPolyline
 90
4
 70
1
 10
511.3392
 20
-85.4924
 10
511.41020000000003
 20
-85.4924
 10
511.41020000000003
 20
-84.2984
 10
511.3392
 20
-84.2984
  0
LWPOLYLINE
  5
AEE
330
17
100
AcDbEntity
  8
CORTE-SOBRANTE
100
AcDbPolyline
 90
4
 70
1
 10
511.16420000000005
 20
-84.3424
 10
511.33920000000006
 20
-84.3424
 10
511.33920000000006
 20
-84.2984
 10
511.16420000000005
 20
-84.2984
  0
TEXT
  5
AEF
330
17
100
AcDbEntity
  8
CORTE-TEXTO
100
AcDbText
 10
511.11220000000003
 20
-84.22840000000001
 30
0.0
 40
0.06
  1
B13
 72
1
 11
511.11220000000003
 21
-84.22840000000001
 31
0.0
100
AcDbText
 73
2
  0
LWPOLYLINE
  5
AF0
330
17
100
AcDbEntity
  8
CORTE-TILE
100
AcDbPolyline
 90
4
 70
1
 10
511.71020000000004
 20
-85.4924
 10
512.3062
 20
-85.4924
 10
512.3062
 20
-84.2984
 10
511.71020000000004
 20
-84.2984
  0
LWPOLYLINE
  5
AF1
330
17
100
AcDbEntity
  8
CORTE-RECORTE
100
AcDbPolyline
 90
4
 70
1
 10
511.71020000000004
 20
-85.4924
 10
511.88520000000005
 20
-85.4924
 10
511.88520000000005
 20
-84.3424
 10
511.71020000000004
 20
-84.3424
  0
TEXT
  5
AF2
330
17
100
AcDbEntity
  8
CORTE-TEXTO
100
AcDbText
 10
511.7977
 20
-84.9174
 30
0.0
 40
0.045
  1
P13
 72
1
 11
511.7977
 21
-84.9174
 31
0.0
100
AcDbText
 73
2
  0
LWPOLYLINE
  5
AF3
330
17
100
AcDbEntity
  8
CORTE-RECORTE
100
AcDbPolyline
 90
4
 70
1
 10
511.88520000000005
 20
-85.4924
 10
512.0602
 20
-85.4924
 10
512.0602
 20
-84.3424
 10
511.88520000000005
 20
-84.3424
  0
TEXT
  5
AF4
330
17
100
AcDbEntity
  8
CORTE-TEXTO
100
AcDbText
 10
511.97270000000003
 20
-84.9174
 30
0.0
 40
0.045
  1
P14
 72
1
 11
511.97270000000003
 21
-84.9174
 31
0.0
100
AcDbText
 73
2
  0
LWPOLYLINE
  5
AF5
330
17
100
AcDbEntity
  8
CORTE-SOBRANTE
100
AcDbPolyline
 90
4
 70
1
 10
511.71020000000004
 20
-84.3424
 10
511.88520000000005
 20
-84.3424
 10
511.88520000000005
 20
-84.2984
 10
511.71020000000004
 20
-84.2984
  0
LWPOLYLINE
  5
AF6
330
17
100
AcDbEntity
  8
CORTE-SOBRANTE
100
AcDbPolyline
 90
4
 70
1
 10
512.0602
 20
-85.4924
 10
512.3062
 20
-85.4924
 10
512.3062
 20
-84.2984
 10
512.0602
 20
-84.2984
  0
LWPOLYLINE
  5
AF7
330
17
100
AcDbEntity
  8
CORTE-SOBRANTE
100
AcDbPolyline
 90
4
 70
1
 10
511.88520000000005
 20
-84.3424
 10
512.0602
 20
-84.3424
 10
512.0602
 20
-84.2984
 10
511.88520000000005
 20
-84.2984
  0
TEXT
  5
AF8
330
17
100
AcDbEntity
  8
CORTE-TEXTO
100
AcDbText
 10
512.0082
 20
-84.22840000000001
 30
0.0
 40
0.06
  1
B14
 72
1
 11
512.0082
 21
-84.22840000000001
 31
0.0
100
AcDbText
 73
2
  0
LWPOLYLINE
  5
AF9
330
17
100
AcDbEntity
  8
CORTE-TILE
100
AcDbPolyline
 90
4
 70
1
 10
512.6062000000001
 20
-85.4924
 10
513.2022000000001
 20
-85.4924
 10
513.2022000000001
 20
-84.2984
 10
512.6062000000001
 20
-84.2984
  0
TEXT
  5
AFA
330
17
100
AcDbEntity
  8
CORTE-TEXTO
100
AcDbText
 10
512.9042000000001
 20
-84.8954
 30
0.0
 40
0.06
  1
D1-E1
 72
1
 11
512.9042000000001
 21
-84.8954
 31
0.0
100
AcDbText
 73
2
  0
TEXT
  5
AFB
330
17
100
AcDbEntity
  8
CORTE-TEXTO
100
AcDbText
 10
512.9042000000001
 20
-84.22840000000001
 30
0.0
 40
0.06
  1
B15
 72
1
 11
512.9042000000001
 21
-84.22840000000001
 31
0.0
100
AcDbText
 73
2
  0
LWPOLYLINE
  5
AFC
330
17
100
AcDbEntity
  8
CORTE-TILE
100
AcDbPolyline
 90
4
 70
1
 10
513.5022
 20
-85.4924
 10
514.0982
 20
-85.4924
 10
514.0982
 20
-84.2984
 10
513.5022
 20
-84.2984
  0
TEXT
  5
AFD
330
17
100
AcDbEntity
  8
CORTE-TEXTO
100
AcDbText
 10
513.8002
 20
-84.8954
 30
0.0
 40
0.06
  1
D1-E2
 72
1
 11
513.8002
 21
-84.8954
 31
0.0
100
AcDbText
 73
2
  0
TEXT
  5
AFE
330
17
100
AcDbEntity
  8
CORTE-TEXTO
100
AcDbText
 10
513.8002
 20
-84.22840000000001
 30
0.0
 40
0.06
  1
B16
 72
1
 11
513.8002
 21
-84.22840000000001
 31
0.0
100
AcDbText
 73
2
  0
TEXT
  5
AFF
330
17
100
AcDbEntity
  8
CORTE-TEXTO
100
AcDbText
 10
510.8142
 20
-86.3424
 30
0.0
 40
0.16
  1
DESPIECE ZOCLO MORET (4 tiras de 0.149 x 1.194 por baldosa)
 72
1
 11
510.8142
 21
-86.3424
 31
0.0
100
AcDbText
 73
2
  0
LWPOLYLINE
  5
B00
330
17
100
AcDbEntity
  8
CORTE-TILE
100
AcDbPolyline
 90
4
 70
1
 10
510.8142
 20
-88.0364
 10
511.41020000000003
 20
-88.0364
 10
511.41020000000003
 20
-86.8424
 10
510.8142
 20
-86.8424
  0
LWPOLYLINE
  5
B01
330
17
100
AcDbEntity
  8
CORTE-RECORTE
100
AcDbPolyline
 90
4
 70
1
 10
510.8142
 20
-88.0364
 10
510.96320000000003
 20
-88.0364
 10
510.96320000000003
 20
-86.8424
 10
510.8142
 20
-86.8424
  0
TEXT
  5
B02
330
17
100
AcDbEntity
  8
CORTE-TEXTO
100
AcDbText
 10
510.8842
 20
-87.43939999999999
 30
0.0
 40
0.05
  1
Z1
 72
1
 11
510.8842
 21
-87.43939999999999
 31
0.0
100
AcDbText
 73
2
  0
LWPOLYLINE
  5
B03
330
17
100
AcDbEntity
  8
CORTE-RECORTE
100
AcDbPolyline
 90
4
 70
1
 10
510.96320000000003
 20
-88.0364
 10
511.11220000000003
 20
-88.0364
 10
511.11220000000003
 20
-86.8424
 10
510.96320000000003
 20
-86.8424
  0
TEXT
  5
B04
330
17
100
AcDbEntity
  8
CORTE-TEXTO
100
AcDbText
 10
511.0332
 20
-87.43939999999999
 30
0.0
 40
0.05
  1
Z2
 72
1
 11
511.0332
 21
-87.43939999999999
 31
0.0
100
AcDbText
 73
2
  0
LWPOLYLINE
  5
B05
330
17
100
AcDbEntity
  8
CORTE-RECORTE
100
AcDbPolyline
 90
4
 70
1
 10
511.11220000000003
 20
-88.0364
 10
511.26120000000003
 20
-88.0364
 10
511.26120000000003
 20
-86.8424
 10
511.11220000000003
 20
-86.8424
  0
TEXT
  5
B06
330
17
100
AcDbEntity
  8
CORTE-TEXTO
100
AcDbText
 10
511.1822
 20
-87.43939999999999
 30
0.0
 40
0.05
  1
Z3
 72
1
 11
511.1822
 21
-87.43939999999999
 31
0.0
100
AcDbText
 73
2
  0
LWPOLYLINE
  5
B07
330
17
100
AcDbEntity
  8
CORTE-RECORTE
100
AcDbPolyline
 90
4
 70
1
 10
511.26120000000003
 20
-88.0364
 10
511.41020000000003
 20
-88.0364
 10
511.41020000000003
 20
-86.8424
 10
511.26120000000003
 20
-86.8424
  0
TEXT
  5
B08
330
17
100
AcDbEntity
  8
CORTE-TEXTO
100
AcDbText
 10
511.3312
 20
-87.43939999999999
 30
0.0
 40
0.05
  1
Z4
 72
1
 11
511.3312
 21
-87.43939999999999
 31
0.0
100
AcDbText
 73
2
  0
ENDSEC
  0
SECTION
  2
OBJECTS
  0
DICTIONARY
  5
A
330
0
100
AcDbDictionary
281
1
  3
ACAD_COLOR
350
B
  3
ACAD_GROUP
350
C
  3
ACAD_LAYOUT
350
D
  3
ACAD_MATERIAL
350
E
  3
ACAD_MLEADERSTYLE
350
F
  3
ACAD_MLINESTYLE
350
10
  3
ACAD_PLOTSETTINGS
350
11
  3
ACAD_PLOTSTYLENAME
350
12
  3
ACAD_SCALELIST
350
14
  3
ACAD_TABLESTYLE
350
15
  3
ACAD_VISUALSTYLE
350
16
  3
EZDXF_META
350
2D
  0
DICTIONARY
  5
B
330
A
100
AcDbDictionary
281
1
  0
DICTIONARY
  5
C
330
A
100
AcDbDictionary
281
1
  0
DICTIONARY
  5
D
330
A
100
AcDbDictionary
281
1
  3
Model
350
1A
  3
Layout1
350
1E
  0
DICTIONARY
  5
E
330
A
100
AcDbDictionary
281
1
  3
ByBlock
350
1F
  3
ByLayer
350
20
  3
Global
350
21
  0
DICTIONARY
  5
F
330
A
100
AcDbDictionary
281
1
  3
Standard
350
2C
  0
DICTIONARY
  5
10
330
A
100
AcDbDictionary
281
1
  3
Standard
350
22
  0
DICTIONARY
  5
11
330
A
100
AcDbDictionary
281
1
  0
ACDBDICTIONARYWDFLT
  5
12
330
A
100
AcDbDictionary
281
1
  3
Normal
350
13
100
AcDbDictionaryWithDefault
340
13
  0
ACDBPLACEHOLDER
  5
13
330
12
  0
DICTIONARY
  5
14
330
A
100
AcDbDictionary
281
1
  0
DICTIONARY
  5
15
330
A
100
AcDbDictionary
281
1
  0
DICTIONARY
  5
16
330
A
100
AcDbDictionary
281
1
  3
2dWireframe
350
5A
  3
Basic
350
5B
  3
Brighten
350
5C
  3
ColorChange
350
5D
  3
Conceptual
350
5E
  3
Dim
350
5F
  3
EdgeColorOff
350
60
  3
Facepattern
350
61
  3
Flat
350
62
  3
FlatWithEdges
350
63
  3
Gouraud
350
64
  3
GouraudWithEdges
350
65
  3
Hidden
350
66
  3
JitterOff
350
67
  3
Linepattern
350
68
  3
Modeling
350
69
  3
OverhangOff
350
6A
  3
Realistic
350
6B
  3
Shaded
350
6C
  3
Shaded with edges
350
6D
  3
Shades of Gray
350
6E
  3
Sketchy
350
6F
  3
Thicken
350
70
  3
Wireframe
350
71
  3
X-Ray
350
72
  0
LAYOUT
  5
1A
330
D
100
AcDbPlotSettings
  1

  4
A3
  6

 40
7.5
 41
20.0
 42
7.5
 43
20.0
 44
420.0
 45
297.0
 46
0.0
 47
0.0
 48
0.0
 49
0.0
140
0.0
141
0.0
142
1.0
143
1.0
 70
1024
 72
1
 73
0
 74
5
  7

 75
16
 76
0
 77
2
 78
300
147
1.0
148
0.0
149
0.0
100
AcDbLayout
  1
Model
 70
1
 71
0
 10
0.0
 20
0.0
 11
420.0
 21
297.0
 12
0.0
 22
0.0
 32
0.0
 14
1e+20
 24
1e+20
 34
1e+20
 15
-1e+20
 25
-1e+20
 35
-1e+20
146
0.0
 13
0.0
 23
0.0
 33
0.0
 16
1.0
 26
0.0
 36
0.0
 17
0.0
 27
1.0
 37
0.0
 76
1
330
17
  0
LAYOUT
  5
1E
330
D
100
AcDbPlotSettings
  1

  4
A3
  6

 40
7.5
 41
20.0
 42
7.5
 43
20.0
 44
420.0
 45
297.0
 46
0.0
 47
0.0
 48
0.0
 49
0.0
140
0.0
141
0.0
142
1.0
143
1.0
 70
0
 72
1
 73
0
 74
5
  7

 75
16
 76
0
 77
2
 78
300
147
1.0
148
0.0
149
0.0
100
AcDbLayout
  1
Layout1
 70
1
 71
1
 10
0.0
 20
0.0
 11
420.0
 21
297.0
 12
0.0
 22
0.0
 32
0.0
 14
1e+20
 24
1e+20
 34
1e+20
 15
-1e+20
 25
-1e+20
 35
-1e+20
146
0.0
 13
0.0
 23
0.0
 33
0.0
 16
1.0
 26
0.0
 36
0.0
 17
0.0
 27
1.0
 37
0.0
 76
1
330
1B
  0
MATERIAL
  5
1F
102
{ACAD_REACTORS
330
E
102
}
330
E
100
AcDbMaterial
  1
ByBlock
  2

 70
0
 40
1.0
 71
1
 41
1.0
 91
-1023410177
 42
1.0
 72
1
  3

 73
1
 74
1
 75
1
 44
0.5
 73
0
 45
1.0
 46
1.0
 77
1
  4

 78
1
 79
1
170
1
 48
1.0
171
1
  6

172
1
173
1
174
1
140
1.0
141
1.0
175
1
  7

176
1
177
1
178
1
143
1.0
179
1
  8

270
1
271
1
272
1
145
1.0
146
1.0
273
1
  9

274
1
275
1
276
1
 42
1.0
 72
1
  3

 73
1
 74
1
 75
1
 94
63
  0
MATERIAL
  5
20
102
{ACAD_REACTORS
330
E
102
}
330
E
100
AcDbMaterial
  1
ByLayer
  2

 70
0
 40
1.0
 71
1
 41
1.0
 91
-1023410177
 42
1.0
 72
1
  3

 73
1
 74
1
 75
1
 44
0.5
 73
0
 45
1.0
 46
1.0
 77
1
  4

 78
1
 79
1
170
1
 48
1.0
171
1
  6

172
1
173
1
174
1
140
1.0
141
1.0
175
1
  7

176
1
177
1
178
1
143
1.0
179
1
  8

270
1
271
1
272
1
145
1.0
146
1.0
273
1
  9

274
1
275
1
276
1
 42
1.0
 72
1
  3

 73
1
 74
1
 75
1
 94
63
  0
MATERIAL
  5
21
102
{ACAD_REACTORS
330
E
102
}
330
E
100
AcDbMaterial
  1
Global
  2

 70
0
 40
1.0
 71
1
 41
1.0
 91
-1023410177
 42
1.0
 72
1
  3

 73
1
 74
1
 75
1
 44
0.5
 73
0
 45
1.0
 46
1.0
 77
1
  4

 78
1
 79
1
170
1
 48
1.0
171
1
  6

172
1
173
1
174
1
140
1.0
141
1.0
175
1
  7

176
1
177
1
178
1
143
1.0
179
1
  8

270
1
271
1
272
1
145
1.0
146
1.0
273
1
  9

274
1
275
1
276
1
 42
1.0
 72
1
  3

 73
1
 74
1
 75
1
 94
63
  0
MLINESTYLE
  5
22
102
{ACAD_REACTORS
330
10
102
}
330
10
100
AcDbMlineStyle
  2
Standard
 70
0
  3

 62
256
 51
90.0
 52
90.0
 71
2
 49
0.5
 62
256
  6
BYLAYER
 49
-0.5
 62
256
  6
BYLAYER
  0
MLEADERSTYLE
  5
2C
102
{ACAD_REACTORS
330
F
102
}
330
F
100
AcDbMLeaderStyle
179
2
170
2
171
1
172
0
 90
2
 40
0.0
 41
0.0
173
1
 91
-1056964608
 92
-2
290
1
 42
2.0
291
1
 43
8.0
  3
Standard
 44
4.0
300

342
29
174
1
175
1
176
0
178
1
 93
-1056964608
 45
4.0
292
0
297
0
 46
4.0
 94
-1056964608
 47
1.0
 49
1.0
140
1.0
294
1
141
0.0
177
0
142
1.0
295
0
296
0
143
3.75
271
0
272
9
273
9
  0
DICTIONARY
  5
2D
330
A
100
AcDbDictionary
280
1
281
1
  3
CREATED_BY_EZDXF
350
2E
  3
WRITTEN_BY_EZDXF
350
B0B
  0
DICTIONARYVAR
  5
2E
330
2D
100
DictionaryVariables
280
0
  1
1.4.4 @ 2026-06-25T18:28:29.200486+00:00
  0
VISUALSTYLE
  5
5A
102
{ACAD_REACTORS
330
16
102
}
330
16
100
AcDbVisualStyle
  2
2dWireframe
 70
4
 90
0
 40
0.6
 62
7
290
0
291
0
  0
VISUALSTYLE
  5
5B
102
{ACAD_REACTORS
330
16
102
}
330
16
100
AcDbVisualStyle
  2
Basic
 70
7
 90
1
 40
0.6
 62
7
290
0
291
1
  0
VISUALSTYLE
  5
5C
102
{ACAD_REACTORS
330
16
102
}
330
16
100
AcDbVisualStyle
  2
Brighten
 70
12
 90
2
 40
0.6
 62
7
290
0
291
1
  0
VISUALSTYLE
  5
5D
102
{ACAD_REACTORS
330
16
102
}
330
16
100
AcDbVisualStyle
  2
ColorChange
 70
16
 90
2
 40
0.6
 62
8
290
0
291
1
  0
VISUALSTYLE
  5
5E
102
{ACAD_REACTORS
330
16
102
}
330
16
100
AcDbVisualStyle
  2
Conceptual
 70
9
 90
3
 40
0.6
 62
7
290
0
291
0
  0
VISUALSTYLE
  5
5F
102
{ACAD_REACTORS
330
16
102
}
330
16
100
AcDbVisualStyle
  2
Dim
 70
11
 90
2
 40
0.6
 62
7
290
0
291
1
  0
VISUALSTYLE
  5
60
102
{ACAD_REACTORS
330
16
102
}
330
16
100
AcDbVisualStyle
  2
EdgeColorOff
 70
22
 90
2
 40
0.6
 62
7
290
0
291
1
  0
VISUALSTYLE
  5
61
102
{ACAD_REACTORS
330
16
102
}
330
16
100
AcDbVisualStyle
  2
Facepattern
 70
15
 90
2
 40
0.6
 62
7
290
0
291
1
  0
VISUALSTYLE
  5
62
102
{ACAD_REACTORS
330
16
102
}
330
16
100
AcDbVisualStyle
  2
Flat
 70
0
 90
2
 40
0.6
 62
7
290
0
291
1
  0
VISUALSTYLE
  5
63
102
{ACAD_REACTORS
330
16
102
}
330
16
100
AcDbVisualStyle
  2
FlatWithEdges
 70
1
 90
2
 40
0.6
 62
7
290
0
291
1
  0
VISUALSTYLE
  5
64
102
{ACAD_REACTORS
330
16
102
}
330
16
100
AcDbVisualStyle
  2
Gouraud
 70
2
 90
2
 40
0.6
 62
7
290
0
291
1
  0
VISUALSTYLE
  5
65
102
{ACAD_REACTORS
330
16
102
}
330
16
100
AcDbVisualStyle
  2
GouraudWithEdges
 70
3
 90
2
 40
0.6
 62
7
290
0
291
1
  0
VISUALSTYLE
  5
66
102
{ACAD_REACTORS
330
16
102
}
330
16
100
AcDbVisualStyle
  2
Hidden
 70
6
 90
1
 40
0.6
 62
7
290
0
291
0
  0
VISUALSTYLE
  5
67
102
{ACAD_REACTORS
330
16
102
}
330
16
100
AcDbVisualStyle
  2
JitterOff
 70
20
 90
2
 40
0.6
 62
7
290
0
291
1
  0
VISUALSTYLE
  5
68
102
{ACAD_REACTORS
330
16
102
}
330
16
100
AcDbVisualStyle
  2
Linepattern
 70
14
 90
2
 40
0.6
 62
7
290
0
291
1
  0
VISUALSTYLE
  5
69
102
{ACAD_REACTORS
330
16
102
}
330
16
100
AcDbVisualStyle
  2
Modeling
 70
10
 90
2
 40
0.6
 62
7
290
0
291
0
  0
VISUALSTYLE
  5
6A
102
{ACAD_REACTORS
330
16
102
}
330
16
100
AcDbVisualStyle
  2
OverhangOff
 70
21
 90
2
 40
0.6
 62
7
290
0
291
1
  0
VISUALSTYLE
  5
6B
102
{ACAD_REACTORS
330
16
102
}
330
16
100
AcDbVisualStyle
  2
Realistic
 70
8
 90
2
 40
0.6
 62
7
290
0
291
0
  0
VISUALSTYLE
  5
6C
102
{ACAD_REACTORS
330
16
102
}
330
16
100
AcDbVisualStyle
  2
Shaded
 70
27
 90
2
 40
0.6
 62
7
290
0
291
0
  0
VISUALSTYLE
  5
6D
102
{ACAD_REACTORS
330
16
102
}
330
16
100
AcDbVisualStyle
  2
Shaded with edges
 70
26
 90
2
 40
0.6
 62
7
290
0
291
0
  0
VISUALSTYLE
  5
6E
102
{ACAD_REACTORS
330
16
102
}
330
16
100
AcDbVisualStyle
  2
Shades of Gray
 70
23
 90
2
 40
0.6
 62
7
290
0
291
0
  0
VISUALSTYLE
  5
6F
102
{ACAD_REACTORS
330
16
102
}
330
16
100
AcDbVisualStyle
  2
Sketchy
 70
24
 90
1
 40
0.6
 62
7
290
0
291
0
  0
VISUALSTYLE
  5
70
102
{ACAD_REACTORS
330
16
102
}
330
16
100
AcDbVisualStyle
  2
Thicken
 70
13
 90
2
 40
0.6
 62
7
290
0
291
1
  0
VISUALSTYLE
  5
71
102
{ACAD_REACTORS
330
16
102
}
330
16
100
AcDbVisualStyle
  2
Wireframe
 70
5
 90
0
 40
0.6
 62
7
290
0
291
0
  0
VISUALSTYLE
  5
72
102
{ACAD_REACTORS
330
16
102
}
330
16
100
AcDbVisualStyle
  2
X-Ray
 70
25
 90
2
 40
0.5
 62
7
290
0
291
0
  0
DICTIONARYVAR
  5
B0B
330
2D
100
DictionaryVariables
280
0
  1
1.4.4 @ 2026-06-25T18:28:30.130100+00:00
  0
ENDSEC
  0
EOF
